zone_id,venue,date,final_shadow_decision,hybrid_decision,m4_thin_decision,target_hit,stop_hit,timeout,result,pnl_after_cost,MFE,MAE,hit_2pct,hit_2_5pct,hit_3pct,time_to_2pct_min,time_to_2_5pct_min,time_to_3pct_min
BTCUSDT-LONG-1779321652000-1,BINANCE_MAY,2026-05-21,REJECT,HYBRID_REJECT,M4_THIN_ONLY_REJECT,0,0,1,TIMEOUT,-0.2807,0.739,-1.173,0,0,0,,,
BTCUSDT-SHORT-1779323772000-3,BINANCE_MAY,2026-05-21,REJECT,HYBRID_REJECT,M4_THIN_ONLY_REJECT,0,0,1,TIMEOUT,0.1819,1.284,-0.625,0,0,0,,,
BTCUSDT-LONG-1779323426000-2,BINANCE_MAY,2026-05-21,REJECT,HYBRID_REJECT,M4_THIN_ONLY_REJECT,0,0,1,TIMEOUT,-0.4912,0.64,-1.27,0,0,0,,,
BTCUSDT-LONG-1779325402000-5,BINANCE_MAY,2026-05-21,REJECT,HYBRID_REJECT,M4_THIN_ONLY_REJECT,0,1,0,LOSS,-1.64,0.3,-1.603,0,0,0,,,
BTCUSDT-SHORT-1779325094000-4,BINANCE_MAY,2026-05-21,REJECT,HYBRID_REJECT,M4_THIN_ONLY_REJECT,0,0,1,TIMEOUT,0.6095,1.687,-0.214,0,0,0,,,
BTCUSDT-SHORT-1779326244000-6,BINANCE_MAY,2026-05-21,REJECT,HYBRID_REJECT,M4_THIN_ONLY_REJECT,0,0,1,TIMEOUT,0.371,1.461,-0.445,0,0,0,,,
BTCUSDT-SHORT-1779326363000-7,BINANCE_MAY,2026-05-21,REJECT,HYBRID_REJECT,M4_THIN_ONLY_REJECT,0,0,1,TIMEOUT,0.371,1.461,-0.445,0,0,0,,,
BTCUSDT-LONG-1779326696000-8,BINANCE_MAY,2026-05-21,REJECT,HYBRID_REJECT,M4_THIN_ONLY_REJECT,0,0,1,TIMEOUT,-0.7024,0.456,-1.45,0,0,0,,,
BTCUSDT-LONG-1779331245000-9,BINANCE_MAY,2026-05-21,REJECT,HYBRID_REJECT,M4_THIN_ONLY_REJECT,0,1,0,LOSS,-1.64,0.295,-1.608,0,0,0,,,
BTCUSDT-SHORT-1779342844000-10,BINANCE_MAY,2026-05-21,REJECT,HYBRID_REJECT,M4_THIN_ONLY_REJECT,0,0,1,TIMEOUT,0.1516,1.351,-0.556,0,0,0,,,
BTCUSDT-LONG-1779344451000-11,BINANCE_MAY,2026-05-21,REJECT,HYBRID_REJECT,M4_THIN_ONLY_REJECT,0,0,1,TIMEOUT,-0.3094,0.767,-1.144,0,0,0,,,
BTCUSDT-SHORT-1779346581000-12,BINANCE_MAY,2026-05-21,REJECT,HYBRID_REJECT,M4_THIN_ONLY_REJECT,0,0,1,TIMEOUT,0.1008,1.122,-0.79,0,0,0,,,
BTCUSDT-SHORT-1779357069000-14,BINANCE_MAY,2026-05-21,REJECT,HYBRID_REJECT,M4_THIN_ONLY_REJECT,0,0,1,TIMEOUT,0.2595,1.184,-0.577,0,0,0,,,
BTCUSDT-SHORT-1779359582000-16,BINANCE_MAY,2026-05-21,REJECT,HYBRID_REJECT,M4_THIN_ONLY_REJECT,0,0,1,TIMEOUT,-0.0617,0.84,-0.928,0,0,0,,,
BTCUSDT-SHORT-1779359514000-15,BINANCE_MAY,2026-05-21,REJECT,HYBRID_REJECT,M4_THIN_ONLY_REJECT,0,0,1,TIMEOUT,-0.0617,0.84,-0.928,0,0,0,,,
BTCUSDT-LONG-1779360866000-17,BINANCE_MAY,2026-05-21,REJECT,HYBRID_REJECT,M4_THIN_ONLY_REJECT,0,0,1,TIMEOUT,-0.0393,1.135,-0.636,0,0,0,,,
BTCUSDT-LONG-1779362883000-18,BINANCE_MAY,2026-05-21,REJECT,HYBRID_REJECT,M4_THIN_ONLY_REJECT,0,0,1,TIMEOUT,-0.0368,1.096,-0.674,0,0,0,,,
BTCUSDT-LONG-1779366351000-19,BINANCE_MAY,2026-05-21,REJECT,HYBRID_REJECT,M4_THIN_ONLY_REJECT,0,0,1,TIMEOUT,0.2031,1.227,-0.546,0,0,0,,,
BTCUSDT-LONG-1779371170000-20,BINANCE_MAY,2026-05-21,REJECT,HYBRID_REJECT,M4_THIN_ONLY_REJECT,0,0,1,TIMEOUT,0.2777,1.643,-0.076,0,0,0,,,
BTCUSDT-LONG-1779371350000-21,BINANCE_MAY,2026-05-21,REJECT,HYBRID_REJECT,M4_THIN_ONLY_REJECT,0,0,1,TIMEOUT,-0.026,1.226,-0.485,0,0,0,,,
BTCUSDT-SHORT-1779371412000-22,BINANCE_MAY,2026-05-21,REJECT,HYBRID_REJECT,M4_THIN_ONLY_REJECT,0,0,1,TIMEOUT,-0.1043,0.468,-1.243,0,0,0,,,
BTCUSDT-SHORT-1779372363000-23,BINANCE_MAY,2026-05-21,REJECT,HYBRID_REJECT,M4_THIN_ONLY_REJECT,0,0,1,TIMEOUT,0.086,0.305,-1.466,0,0,0,,,
BTCUSDT-LONG-1779378060000-24,BINANCE_MAY,2026-05-21,REJECT,HYBRID_REJECT,M4_THIN_ONLY_REJECT,0,0,1,TIMEOUT,-0.6031,1.117,-0.872,0,0,0,,,
BTCUSDT-SHORT-1779391977000-25,BINANCE_MAY,2026-05-21,REJECT,HYBRID_REJECT,M4_THIN_ONLY_REJECT,1,0,0,WIN,1.86,2.599,-0.289,1,1,0,1371.0,1415.8,
BTCUSDT-SHORT-1779409025000-1,BINANCE_MAY,2026-05-22,REJECT,HYBRID_REJECT,M4_THIN_ONLY_REJECT,1,0,0,WIN,1.86,2.745,-0.535,1,1,0,1150.1,1343.8,
BTCUSDT-SHORT-1779411938000-2,BINANCE_MAY,2026-05-22,REJECT,HYBRID_REJECT,M4_THIN_ONLY_REJECT,1,0,0,WIN,1.86,2.822,-0.64,1,1,0,1102.0,1359.4,
BTCUSDT-SHORT-1779414465000-3,BINANCE_MAY,2026-05-22,REJECT,HYBRID_REJECT,M4_THIN_ONLY_REJECT,1,0,0,WIN,1.86,3.146,-0.304,1,1,1,1015.2,1060.2,1362.2
BTCUSDT-SHORT-1779416443000-4,BINANCE_MAY,2026-05-22,REJECT,HYBRID_REJECT,M4_THIN_ONLY_REJECT,1,0,0,WIN,1.86,3.15,-0.299,1,1,1,982.3,1027.1,1329.2
BTCUSDT-SHORT-1779422839000-5,BINANCE_MAY,2026-05-22,REJECT,HYBRID_REJECT,M4_THIN_ONLY_REJECT,1,0,0,WIN,1.86,3.401,-0.04,1,1,1,875.2,920.2,1175.1
BTCUSDT-SHORT-1779440811000-6,BINANCE_MAY,2026-05-22,REJECT,HYBRID_REJECT,M4_THIN_ONLY_REJECT,1,0,0,WIN,1.86,3.889,-0.444,1,1,1,618.6,920.6,1357.9
BTCUSDT-LONG-1779456909000-9,BINANCE_MAY,2026-05-22,REJECT,HYBRID_REJECT,M4_THIN_ONLY_REJECT,0,1,0,LOSS,-1.64,0.16,-3.862,0,0,0,,,
BTCUSDT-SHORT-1779459206000-11,BINANCE_MAY,2026-05-22,REJECT,HYBRID_REJECT,M4_THIN_ONLY_REJECT,1,0,0,WIN,1.86,3.633,-0.089,1,1,1,567.6,1048.6,1052.6
BTCUSDT-LONG-1779458993000-10,BINANCE_MAY,2026-05-22,REJECT,HYBRID_REJECT,M4_THIN_ONLY_REJECT,0,1,0,LOSS,-1.64,0.291,-3.44,0,0,0,,,
BTCUSDT-SHORT-1779460506000-12,BINANCE_MAY,2026-05-22,REJECT,HYBRID_REJECT,M4_THIN_ONLY_REJECT,1,0,0,WIN,1.86,3.347,-0.387,1,1,1,594.9,1032.2,1032.5
BTCUSDT-SHORT-1779461413000-13,BINANCE_MAY,2026-05-22,REJECT,HYBRID_REJECT,M4_THIN_ONLY_REJECT,1,0,0,WIN,1.86,3.342,-0.392,1,1,1,579.8,1017.1,1017.4
BTCUSDT-LONG-1779464653000-14,BINANCE_MAY,2026-05-22,REJECT,HYBRID_REJECT,M4_THIN_ONLY_REJECT,0,1,0,LOSS,-1.64,0.402,-3.333,0,0,0,,,
BTCUSDT-SHORT-1779465008000-15,BINANCE_MAY,2026-05-22,REJECT,HYBRID_REJECT,M4_THIN_ONLY_REJECT,1,0,0,WIN,1.86,3.326,-0.409,1,1,1,513.0,950.3,950.6
BTCUSDT-SHORT-1779467230000-16,BINANCE_MAY,2026-05-22,REJECT,HYBRID_REJECT,M4_THIN_ONLY_REJECT,1,0,0,WIN,1.86,3.506,-0.221,1,1,1,429.3,907.8,911.8
BTCUSDT-LONG-1779476321000-17,BINANCE_MAY,2026-05-22,REJECT,HYBRID_REJECT,M4_THIN_ONLY_REJECT,0,1,0,LOSS,-1.64,0.016,-3.053,0,0,0,,,
BTCUSDT-LONG-1779476493000-18,BINANCE_MAY,2026-05-22,REJECT,HYBRID_REJECT,M4_THIN_ONLY_REJECT,0,1,0,LOSS,-1.64,0.226,-2.631,0,0,0,,,
BTCUSDT-LONG-1779477261000-19,BINANCE_MAY,2026-05-22,REJECT,HYBRID_REJECT,M4_THIN_ONLY_REJECT,0,1,0,LOSS,-1.64,0.19,-2.665,0,0,0,,,
BTCUSDT-SHORT-1779478080000-20,BINANCE_MAY,2026-05-22,REJECT,HYBRID_REJECT,M4_THIN_ONLY_REJECT,0,0,1,TIMEOUT,-0.4045,1.933,-0.512,0,0,0,,,
BTCUSDT-SHORT-1779478203000-21,BINANCE_MAY,2026-05-22,REJECT,HYBRID_REJECT,M4_THIN_ONLY_REJECT,0,0,1,TIMEOUT,-0.4045,1.933,-0.512,0,0,0,,,
BTCUSDT-LONG-1779479332000-22,BINANCE_MAY,2026-05-22,REJECT,HYBRID_REJECT,M4_THIN_ONLY_REJECT,0,1,0,LOSS,-1.64,0.191,-2.246,0,0,0,,,
BTCUSDT-LONG-1779480095000-23,BINANCE_MAY,2026-05-22,REJECT,HYBRID_REJECT,M4_THIN_ONLY_REJECT,0,1,0,LOSS,-1.64,0.285,-2.155,0,0,0,,,
BTCUSDT-LONG-1779483676000-24,BINANCE_MAY,2026-05-22,REJECT,HYBRID_REJECT,M4_THIN_ONLY_REJECT,0,1,0,LOSS,-1.64,1.913,-2.33,0,0,0,,,
BTCUSDT-SHORT-1779494198000-27,BINANCE_MAY,2026-05-22,ACCEPT,HYBRID_PASS,M4_THIN_ONLY_REJECT,0,1,0,LOSS,-1.64,1.728,-2.541,0,0,0,,,
BTCUSDT-LONG-1779494431000-1,BINANCE_MAY,2026-05-23,REJECT,HYBRID_REJECT,M4_THIN_ONLY_REJECT,0,1,0,LOSS,-1.64,2.556,-1.713,1,1,0,1248.1,1252.8,
BTCUSDT-LONG-1779496376000-2,BINANCE_MAY,2026-05-23,REJECT,HYBRID_REJECT,M4_THIN_ONLY_REJECT,0,1,0,LOSS,-1.64,2.774,-1.505,1,1,0,1205.2,1223.5,
BTCUSDT-LONG-1779496841000-3,BINANCE_MAY,2026-05-23,REJECT,HYBRID_REJECT,M4_THIN_ONLY_REJECT,1,0,0,WIN,1.86,2.911,-1.374,1,1,0,1194.5,1213.3,
BTCUSDT-LONG-1779522387000-4,BINANCE_MAY,2026-05-23,REJECT,HYBRID_REJECT,M4_THIN_ONLY_REJECT,1,0,0,WIN,1.86,3.127,-1.166,1,1,1,768.4,785.9,790.7
BTCUSDT-LONG-1779522735000-5,BINANCE_MAY,2026-05-23,REJECT,HYBRID_REJECT,M4_THIN_ONLY_REJECT,1,0,0,WIN,1.86,3.922,-0.265,1,1,1,683.3,761.6,762.9
BTCUSDT-LONG-1779522811000-6,BINANCE_MAY,2026-05-23,REJECT,HYBRID_REJECT,M4_THIN_ONLY_REJECT,1,0,0,WIN,1.86,3.908,-0.279,1,1,1,722.6,749.6,750.4
BTCUSDT-LONG-1779525537000-7,BINANCE_MAY,2026-05-23,REJECT,HYBRID_REJECT,M4_THIN_ONLY_REJECT,1,0,0,WIN,1.86,4.084,-0.027,1,1,1,578.5,709.8,715.9
BTCUSDT-LONG-1779531708000-8,BINANCE_MAY,2026-05-23,REJECT,HYBRID_REJECT,M4_THIN_ONLY_REJECT,1,0,0,WIN,1.86,3.646,-0.11,1,1,1,606.4,612.4,630.1
BTCUSDT-LONG-1779542022000-9,BINANCE_MAY,2026-05-23,REJECT,HYBRID_REJECT,M4_THIN_ONLY_REJECT,1,0,0,WIN,1.86,3.541,-0.14,1,1,1,430.4,432.3,450.7
BTCUSDT-LONG-1779547725000-10,BINANCE_MAY,2026-05-23,REJECT,HYBRID_REJECT,M4_THIN_ONLY_REJECT,1,0,0,WIN,1.86,2.911,-0.095,1,1,0,349.4,368.3,
BTCUSDT-LONG-1779549307000-11,BINANCE_MAY,2026-05-23,REJECT,HYBRID_REJECT,M4_THIN_ONLY_REJECT,1,0,0,WIN,1.86,2.681,-0.318,1,1,0,337.3,1149.0,
BTCUSDT-LONG-1779560787000-12,BINANCE_MAY,2026-05-23,REJECT,HYBRID_REJECT,M4_THIN_ONLY_REJECT,1,0,0,WIN,1.86,2.405,-0.072,1,0,0,141.1,,
BTCUSDT-LONG-1779567762000-13,BINANCE_MAY,2026-05-23,REJECT,HYBRID_REJECT,M4_THIN_ONLY_REJECT,1,0,0,WIN,1.86,2.095,-0.111,1,0,0,841.4,,
BTCUSDT-LONG-1779569432000-14,BINANCE_MAY,2026-05-23,REJECT,HYBRID_REJECT,M4_THIN_ONLY_REJECT,0,0,1,TIMEOUT,-0.3129,1.096,-0.728,0,0,0,,,
BTCUSDT-LONG-1779569504000-15,BINANCE_MAY,2026-05-23,REJECT,HYBRID_REJECT,M4_THIN_ONLY_REJECT,0,0,1,TIMEOUT,-0.3625,1.049,-0.775,0,0,0,,,
BTCUSDT-LONG-1779569722000-16,BINANCE_MAY,2026-05-23,REJECT,HYBRID_REJECT,M4_THIN_ONLY_REJECT,0,0,1,TIMEOUT,-0.9191,1.181,-0.79,0,0,0,,,
BTCUSDT-SHORT-1779572854000-17,BINANCE_MAY,2026-05-23,REJECT,HYBRID_REJECT,M4_THIN_ONLY_REJECT,0,0,1,TIMEOUT,0.4354,0.939,-1.072,0,0,0,,,
BTCUSDT-SHORT-1779573673000-18,BINANCE_MAY,2026-05-23,REJECT,HYBRID_REJECT,M4_THIN_ONLY_REJECT,0,0,1,TIMEOUT,0.0784,0.963,-1.047,0,0,0,,,
BTCUSDT-SHORT-1779575764000-19,BINANCE_MAY,2026-05-23,REJECT,HYBRID_REJECT,M4_THIN_ONLY_REJECT,0,0,1,TIMEOUT,-0.7435,0.529,-1.491,0,0,0,,,
BTCUSDT-SHORT-1779580831000-1,BINANCE_MAY,2026-05-24,REJECT,HYBRID_REJECT,M4_THIN_ONLY_REJECT,0,0,1,TIMEOUT,-0.76,0.774,-1.241,0,0,0,,,
BTCUSDT-SHORT-1779583671000-2,BINANCE_MAY,2026-05-24,REJECT,HYBRID_REJECT,M4_THIN_ONLY_REJECT,0,0,1,TIMEOUT,-0.6136,0.952,-1.059,0,0,0,,,
BTCUSDT-SHORT-1779605511000-3,BINANCE_MAY,2026-05-24,REJECT,HYBRID_REJECT,M4_THIN_ONLY_REJECT,0,0,1,TIMEOUT,-0.7215,1.193,-0.914,0,0,0,,,
BTCUSDT-SHORT-1779618423000-4,BINANCE_MAY,2026-05-24,REJECT,HYBRID_REJECT,M4_THIN_ONLY_REJECT,0,0,1,TIMEOUT,-0.555,1.464,-0.664,0,0,0,,,
BTCUSDT-SHORT-1779639657000-5,BINANCE_MAY,2026-05-24,REJECT,HYBRID_REJECT,M4_THIN_ONLY_REJECT,0,1,0,LOSS,-1.64,0.659,-1.734,0,0,0,,,
BTCUSDT-SHORT-1779658938000-6,BINANCE_MAY,2026-05-24,REJECT,HYBRID_REJECT,M4_THIN_ONLY_REJECT,0,1,0,LOSS,-1.64,0.172,-2.231,0,0,0,,,
BTCUSDT-SHORT-1779660202000-7,BINANCE_MAY,2026-05-24,REJECT,HYBRID_REJECT,M4_THIN_ONLY_REJECT,0,1,0,LOSS,-1.64,0.075,-1.59,0,0,0,,,
BTCUSDT-SHORT-1779667293000-1,BINANCE_MAY,2026-05-25,REJECT,HYBRID_REJECT,M4_THIN_ONLY_REJECT,0,0,1,TIMEOUT,-0.2715,0.345,-0.973,0,0,0,,,
BTCUSDT-SHORT-1779674777000-2,BINANCE_MAY,2026-05-25,REJECT,HYBRID_REJECT,M4_THIN_ONLY_REJECT,0,0,1,TIMEOUT,0.6451,1.057,-0.696,0,0,0,,,
BTCUSDT-SHORT-1779674841000-3,BINANCE_MAY,2026-05-25,REJECT,HYBRID_REJECT,M4_THIN_ONLY_REJECT,0,0,1,TIMEOUT,0.6531,1.098,-0.654,0,0,0,,,
BTCUSDT-SHORT-1779681883000-4,BINANCE_MAY,2026-05-25,REJECT,HYBRID_REJECT,M4_THIN_ONLY_REJECT,0,0,1,TIMEOUT,0.3698,0.723,-1.165,0,0,0,,,
BTCUSDT-SHORT-1779689347000-5,BINANCE_MAY,2026-05-25,REJECT,HYBRID_REJECT,M4_THIN_ONLY_REJECT,0,0,1,TIMEOUT,0.5513,1.201,-0.678,0,0,0,,,
BTCUSDT-SHORT-1779701657000-6,BINANCE_MAY,2026-05-25,REJECT,HYBRID_REJECT,M4_THIN_ONLY_REJECT,0,0,1,TIMEOUT,0.9749,1.436,-0.439,0,0,0,,,
BTCUSDT-SHORT-1779721856000-7,BINANCE_MAY,2026-05-25,REJECT,HYBRID_REJECT,M4_THIN_ONLY_REJECT,0,0,1,TIMEOUT,0.937,1.687,-0.427,0,0,0,,,
BTCUSDT-LONG-1779753631000-1,BINANCE_MAY,2026-05-26,REJECT,HYBRID_REJECT,M4_THIN_ONLY_REJECT,0,1,0,LOSS,-1.64,1.068,-2.086,0,0,0,,,
BTCUSDT-LONG-1779754519000-2,BINANCE_MAY,2026-05-26,REJECT,HYBRID_REJECT,M4_THIN_ONLY_REJECT,0,1,0,LOSS,-1.64,1.208,-1.949,0,0,0,,,
BTCUSDT-LONG-1779755026000-3,BINANCE_MAY,2026-05-26,REJECT,HYBRID_REJECT,M4_THIN_ONLY_REJECT,0,1,0,LOSS,-1.64,1.272,-1.888,0,0,0,,,
BTCUSDT-LONG-1779755920000-4,BINANCE_MAY,2026-05-26,REJECT,HYBRID_REJECT,M4_THIN_ONLY_REJECT,0,1,0,LOSS,-1.64,1.575,-1.594,0,0,0,,,
BTCUSDT-LONG-1779756245000-5,BINANCE_MAY,2026-05-26,REJECT,HYBRID_REJECT,M4_THIN_ONLY_REJECT,0,1,0,LOSS,-1.64,1.643,-1.529,0,0,0,,,
BTCUSDT-LONG-1779756719000-6,BINANCE_MAY,2026-05-26,REJECT,HYBRID_REJECT,M4_THIN_ONLY_REJECT,0,0,1,TIMEOUT,-1.0205,1.815,-1.362,0,0,0,,,
BTCUSDT-LONG-1779756783000-7,BINANCE_MAY,2026-05-26,REJECT,HYBRID_REJECT,M4_THIN_ONLY_REJECT,0,0,1,TIMEOUT,-1.0765,1.709,-1.464,0,0,0,,,
BTCUSDT-LONG-1779766077000-8,BINANCE_MAY,2026-05-26,REJECT,HYBRID_REJECT,M4_THIN_ONLY_REJECT,1,0,0,WIN,1.86,2.019,-1.164,1,0,0,655.1,,
BTCUSDT-LONG-1779792344000-9,BINANCE_MAY,2026-05-26,REJECT,HYBRID_REJECT,M4_THIN_ONLY_REJECT,0,1,0,LOSS,-1.64,0.715,-2.896,0,0,0,,,
BTCUSDT-LONG-1779793908000-10,BINANCE_MAY,2026-05-26,REJECT,HYBRID_REJECT,M4_THIN_ONLY_REJECT,0,1,0,LOSS,-1.64,1.087,-2.538,0,0,0,,,
BTCUSDT-SHORT-1779807366000-11,BINANCE_MAY,2026-05-26,REJECT,HYBRID_REJECT,M4_THIN_ONLY_REJECT,1,0,0,WIN,1.86,2.764,-0.045,1,1,0,794.8,1341.6,
BTCUSDT-LONG-1779809192000-13,BINANCE_MAY,2026-05-26,REJECT,HYBRID_REJECT,M4_THIN_ONLY_REJECT,0,1,0,LOSS,-1.64,0.353,-2.19,0,0,0,,,
BTCUSDT-SHORT-1779808598000-12,BINANCE_MAY,2026-05-26,REJECT,HYBRID_REJECT,M4_THIN_ONLY_REJECT,1,0,0,WIN,1.86,2.163,-0.381,1,0,0,1313.0,,
BTCUSDT-SHORT-1779810363000-14,BINANCE_MAY,2026-05-26,REJECT,HYBRID_REJECT,M4_THIN_ONLY_REJECT,1,0,0,WIN,1.86,2.189,-0.354,1,0,0,1309.2,,
BTCUSDT-SHORT-1779817241000-15,BINANCE_MAY,2026-05-26,REJECT,HYBRID_REJECT,M4_THIN_ONLY_REJECT,0,0,1,TIMEOUT,1.2959,1.636,-0.419,0,0,0,,,
BTCUSDT-SHORT-1779817255000-16,BINANCE_MAY,2026-05-26,REJECT,HYBRID_REJECT,M4_THIN_ONLY_REJECT,0,0,1,TIMEOUT,1.2664,1.621,-0.433,0,0,0,,,
BTCUSDT-SHORT-1779817422000-17,BINANCE_MAY,2026-05-26,REJECT,HYBRID_REJECT,M4_THIN_ONLY_REJECT,0,0,1,TIMEOUT,1.356,1.686,-0.368,0,0,0,,,
BTCUSDT-SHORT-1779820005000-18,BINANCE_MAY,2026-05-26,REJECT,HYBRID_REJECT,M4_THIN_ONLY_REJECT,0,0,1,TIMEOUT,1.1084,1.721,-0.288,0,0,0,,,
BTCUSDT-LONG-1779821244000-19,BINANCE_MAY,2026-05-26,REJECT,HYBRID_REJECT,M4_THIN_ONLY_REJECT,0,1,0,LOSS,-1.64,0.412,-1.599,0,0,0,,,
BTCUSDT-LONG-1779828003000-21,BINANCE_MAY,2026-05-26,REJECT,HYBRID_REJECT,M4_THIN_ONLY_REJECT,0,1,0,LOSS,-1.64,0.155,-1.849,0,0,0,,,
BTCUSDT-LONG-1779829295000-22,BINANCE_MAY,2026-05-26,REJECT,HYBRID_REJECT,M4_THIN_ONLY_REJECT,0,1,0,LOSS,-1.64,0.224,-1.781,0,0,0,,,
BTCUSDT-SHORT-1779834251000-23,BINANCE_MAY,2026-05-26,REJECT,HYBRID_REJECT,M4_THIN_ONLY_REJECT,1,0,0,WIN,1.86,2.042,-0.515,1,0,0,1428.4,,
BTCUSDT-LONG-1779840944000-1,BINANCE_MAY,2026-05-27,REJECT,HYBRID_REJECT,M4_THIN_ONLY_REJECT,0,1,0,LOSS,-1.64,0.373,-2.192,0,0,0,,,
BTCUSDT-LONG-1779843783000-2,BINANCE_MAY,2026-05-27,REJECT,HYBRID_REJECT,M4_THIN_ONLY_REJECT,0,1,0,LOSS,-1.64,0.218,-2.342,0,0,0,,,
BTCUSDT-LONG-1779847386000-3,BINANCE_MAY,2026-05-27,REJECT,HYBRID_REJECT,M4_THIN_ONLY_REJECT,0,1,0,LOSS,-1.64,0.476,-2.236,0,0,0,,,
BTCUSDT-LONG-1779848353000-4,BINANCE_MAY,2026-05-27,REJECT,HYBRID_REJECT,M4_THIN_ONLY_REJECT,0,1,0,LOSS,-1.64,0.575,-2.139,0,0,0,,,
BTCUSDT-LONG-1779855465000-5,BINANCE_MAY,2026-05-27,REJECT,HYBRID_REJECT,M4_THIN_ONLY_REJECT,0,1,0,LOSS,-1.64,0.872,-3.748,0,0,0,,,
BTCUSDT-LONG-1779856226000-6,BINANCE_MAY,2026-05-27,REJECT,HYBRID_REJECT,M4_THIN_ONLY_REJECT,0,1,0,LOSS,-1.64,1.134,-3.498,0,0,0,,,
BTCUSDT-LONG-1779856287000-7,BINANCE_MAY,2026-05-27,REJECT,HYBRID_REJECT,M4_THIN_ONLY_REJECT,0,1,0,LOSS,-1.64,1.089,-3.54,0,0,0,,,
BTCUSDT-LONG-1779888491000-8,BINANCE_MAY,2026-05-27,REJECT,HYBRID_REJECT,M4_THIN_ONLY_REJECT,0,1,0,LOSS,-1.64,0.458,-3.293,0,0,0,,,
BTCUSDT-LONG-1779889092000-9,BINANCE_MAY,2026-05-27,REJECT,HYBRID_REJECT,M4_THIN_ONLY_REJECT,0,1,0,LOSS,-1.64,0.784,-2.978,0,0,0,,,
BTCUSDT-LONG-1779889145000-10,BINANCE_MAY,2026-05-27,REJECT,HYBRID_REJECT,M4_THIN_ONLY_REJECT,0,1,0,LOSS,-1.64,0.756,-3.005,0,0,0,,,
BTCUSDT-LONG-1779892057000-11,BINANCE_MAY,2026-05-27,REJECT,HYBRID_REJECT,M4_THIN_ONLY_REJECT,0,1,0,LOSS,-1.64,0.739,-3.171,0,0,0,,,
BTCUSDT-LONG-1779904585000-12,BINANCE_MAY,2026-05-27,REJECT,HYBRID_REJECT,M4_THIN_ONLY_REJECT,0,1,0,LOSS,-1.64,0.739,-3.049,0,0,0,,,
BTCUSDT-LONG-1779918254000-13,BINANCE_MAY,2026-05-27,REJECT,HYBRID_REJECT,M4_THIN_ONLY_REJECT,0,1,0,LOSS,-1.64,0.551,-2.391,0,0,0,,,
BTCUSDT-LONG-1779918267000-14,BINANCE_MAY,2026-05-27,REJECT,HYBRID_REJECT,M4_THIN_ONLY_REJECT,0,1,0,LOSS,-1.64,0.394,-2.543,0,0,0,,,
BTCUSDT-LONG-1779920033000-15,BINANCE_MAY,2026-05-27,REJECT,HYBRID_REJECT,M4_THIN_ONLY_REJECT,0,1,0,LOSS,-1.64,0.284,-2.514,0,0,0,,,
BTCUSDT-LONG-1779926431000-1,BINANCE_MAY,2026-05-28,REJECT,HYBRID_REJECT,M4_THIN_ONLY_REJECT,0,1,0,LOSS,-1.64,0.089,-2.608,0,0,0,,,
BTCUSDT-LONG-1779931041000-3,BINANCE_MAY,2026-05-28,REJECT,HYBRID_REJECT,M4_THIN_ONLY_REJECT,0,1,0,LOSS,-1.64,0.287,-2.347,0,0,0,,,
BTCUSDT-LONG-1779938196000-4,BINANCE_MAY,2026-05-28,REJECT,HYBRID_REJECT,M4_THIN_ONLY_REJECT,0,1,0,LOSS,-1.64,0.33,-1.538,0,0,0,,,
BTCUSDT-LONG-1779938276000-5,BINANCE_MAY,2026-05-28,REJECT,HYBRID_REJECT,M4_THIN_ONLY_REJECT,0,1,0,LOSS,-1.64,0.328,-1.539,0,0,0,,,
BTCUSDT-LONG-1779939396000-6,BINANCE_MAY,2026-05-28,REJECT,HYBRID_REJECT,M4_THIN_ONLY_REJECT,0,0,1,TIMEOUT,-0.3158,0.695,-1.18,0,0,0,,,
BTCUSDT-LONG-1779940393000-7,BINANCE_MAY,2026-05-28,REJECT,HYBRID_REJECT,M4_THIN_ONLY_REJECT,0,0,1,TIMEOUT,0.1303,1.13,-0.752,0,0,0,,,
BTCUSDT-LONG-1779940611000-8,BINANCE_MAY,2026-05-28,REJECT,HYBRID_REJECT,M4_THIN_ONLY_REJECT,0,0,1,TIMEOUT,0.3179,1.324,-0.562,0,0,0,,,
BTCUSDT-LONG-1779941042000-9,BINANCE_MAY,2026-05-28,REJECT,HYBRID_REJECT,M4_THIN_ONLY_REJECT,0,0,1,TIMEOUT,0.0562,1.129,-0.753,0,0,0,,,
BTCUSDT-LONG-1779950053000-10,BINANCE_MAY,2026-05-28,REJECT,HYBRID_REJECT,M4_THIN_ONLY_REJECT,0,0,1,TIMEOUT,1.0839,1.598,-0.293,0,0,0,,,
BTCUSDT-LONG-1779961934000-11,BINANCE_MAY,2026-05-28,REJECT,HYBRID_REJECT,M4_THIN_ONLY_REJECT,0,0,1,TIMEOUT,0.1322,0.577,-1.295,0,0,0,,,
BTCUSDT-LONG-1779977136000-12,BINANCE_MAY,2026-05-28,REJECT,HYBRID_REJECT,M4_THIN_ONLY_REJECT,0,0,1,TIMEOUT,0.0396,1.57,-0.285,0,0,0,,,
BTCUSDT-LONG-1779987127000-13,BINANCE_MAY,2026-05-28,REJECT,HYBRID_REJECT,M4_THIN_ONLY_REJECT,0,0,1,TIMEOUT,0.6777,1.159,-1.216,0,0,0,,,
BTCUSDT-LONG-1779990653000-14,BINANCE_MAY,2026-05-28,REJECT,HYBRID_REJECT,M4_THIN_ONLY_REJECT,0,0,1,TIMEOUT,0.5101,1.069,-1.457,0,0,0,,,
BTCUSDT-LONG-1780004953000-15,BINANCE_MAY,2026-05-28,REJECT,HYBRID_REJECT,M4_THIN_ONLY_REJECT,0,1,0,LOSS,-1.64,0.635,-1.88,0,0,0,,,
BTCUSDT-LONG-1780013176000-1,BINANCE_MAY,2026-05-29,REJECT,HYBRID_REJECT,M4_THIN_ONLY_REJECT,0,1,0,LOSS,-1.64,0.814,-1.706,0,0,0,,,
BTCUSDT-LONG-1780014247000-2,BINANCE_MAY,2026-05-29,REJECT,HYBRID_REJECT,M4_THIN_ONLY_REJECT,0,1,0,LOSS,-1.64,0.693,-1.824,0,0,0,,,
BTCUSDT-LONG-1780018289000-3,BINANCE_MAY,2026-05-29,REJECT,HYBRID_REJECT,M4_THIN_ONLY_REJECT,0,0,1,TIMEOUT,0.0545,1.12,-1.407,0,0,0,,,
BTCUSDT-LONG-1780021639000-4,BINANCE_MAY,2026-05-29,REJECT,HYBRID_REJECT,M4_THIN_ONLY_REJECT,0,0,1,TIMEOUT,0.1527,1.245,-1.286,0,0,0,,,
BTCUSDT-LONG-1780023188000-5,BINANCE_MAY,2026-05-29,REJECT,HYBRID_REJECT,M4_THIN_ONLY_REJECT,0,0,1,TIMEOUT,0.5439,1.441,-1.095,0,0,0,,,
BTCUSDT-LONG-1780059725000-6,BINANCE_MAY,2026-05-29,REJECT,HYBRID_REJECT,M4_THIN_ONLY_REJECT,0,0,1,TIMEOUT,0.5137,1.481,-1.056,0,0,0,,,
BTCUSDT-LONG-1780061060000-7,BINANCE_MAY,2026-05-29,REJECT,HYBRID_REJECT,M4_THIN_ONLY_REJECT,0,0,1,TIMEOUT,0.8932,1.777,-0.767,0,0,0,,,
BTCUSDT-LONG-1780061599000-8,BINANCE_MAY,2026-05-29,REJECT,HYBRID_REJECT,M4_THIN_ONLY_REJECT,0,0,1,TIMEOUT,0.5817,1.514,-1.024,0,0,0,,,
BTCUSDT-LONG-1780064353000-9,BINANCE_MAY,2026-05-29,REJECT,HYBRID_REJECT,M4_THIN_ONLY_REJECT,1,0,0,WIN,1.86,2.068,-0.484,1,0,0,170.2,,
BTCUSDT-LONG-1780064716000-10,BINANCE_MAY,2026-05-29,REJECT,HYBRID_REJECT,M4_THIN_ONLY_REJECT,1,0,0,WIN,1.86,2.29,-0.129,1,0,0,67.4,,
BTCUSDT-LONG-1780064772000-11,BINANCE_MAY,2026-05-29,REJECT,HYBRID_REJECT,M4_THIN_ONLY_REJECT,1,0,0,WIN,1.86,2.238,-0.18,1,0,0,66.7,,
BTCUSDT-LONG-1780069270000-12,BINANCE_MAY,2026-05-29,REJECT,HYBRID_REJECT,M4_THIN_ONLY_REJECT,0,0,1,TIMEOUT,0.0289,0.787,-0.889,0,0,0,,,
BTCUSDT-LONG-1780069311000-13,BINANCE_MAY,2026-05-29,REJECT,HYBRID_REJECT,M4_THIN_ONLY_REJECT,0,0,1,TIMEOUT,-0.0694,0.691,-0.983,0,0,0,,,
BTCUSDT-LONG-1780069354000-14,BINANCE_MAY,2026-05-29,REJECT,HYBRID_REJECT,M4_THIN_ONLY_REJECT,0,0,1,TIMEOUT,0.0193,0.742,-0.933,0,0,0,,,
BTCUSDT-LONG-1780076265000-15,BINANCE_MAY,2026-05-29,REJECT,HYBRID_REJECT,M4_THIN_ONLY_REJECT,0,1,0,LOSS,-1.64,0.029,-1.595,0,0,0,,,
BTCUSDT-LONG-1780099356000-1,BINANCE_MAY,2026-05-30,REJECT,HYBRID_REJECT,M4_THIN_ONLY_REJECT,0,0,1,TIMEOUT,0.5053,0.956,-0.377,0,0,0,,,
BTCUSDT-LONG-1780105004000-2,BINANCE_MAY,2026-05-30,REJECT,HYBRID_REJECT,M4_THIN_ONLY_REJECT,0,0,1,TIMEOUT,0.2627,0.712,-0.618,0,0,0,,,
BTCUSDT-LONG-1780110455000-3,BINANCE_MAY,2026-05-30,REJECT,HYBRID_REJECT,M4_THIN_ONLY_REJECT,0,0,1,TIMEOUT,0.0702,0.519,-0.808,0,0,0,,,
BTCUSDT-LONG-1780115224000-4,BINANCE_MAY,2026-05-30,REJECT,HYBRID_REJECT,M4_THIN_ONLY_REJECT,0,0,1,TIMEOUT,0.6551,1.106,-0.229,0,0,0,,,
BTCUSDT-LONG-1780115682000-5,BINANCE_MAY,2026-05-30,REJECT,HYBRID_REJECT,M4_THIN_ONLY_REJECT,0,0,1,TIMEOUT,0.7902,1.242,0.0,0,0,0,,,
BTCUSDT-LONG-1780150665000-6,BINANCE_MAY,2026-05-30,REJECT,HYBRID_REJECT,M4_THIN_ONLY_REJECT,0,0,1,TIMEOUT,-0.209,0.239,-0.246,0,0,0,,,
BTCUSDT-LONG-1780165396000-7,BINANCE_MAY,2026-05-30,REJECT,HYBRID_REJECT,M4_THIN_ONLY_REJECT,0,0,1,TIMEOUT,-0.2499,0.198,-0.287,0,0,0,,,
BTC-USDT-SWAP-LONG-1772409634000-1,OKX_MARCH,2026-03-02,REJECT,HYBRID_REJECT,M4_THIN_ONLY_PASS,1,0,0,WIN,1.86,6.336,-1.05,1,1,1,881.6,888.4,890.5
BTC-USDT-SWAP-LONG-1772410803000-4,OKX_MARCH,2026-03-02,REJECT,HYBRID_REJECT,M4_THIN_ONLY_PASS,1,0,0,WIN,1.86,6.318,-1.067,1,1,1,874.0,881.0,883.1
BTC-USDT-SWAP-SHORT-1772410491000-2,OKX_MARCH,2026-03-02,REJECT,HYBRID_REJECT,M4_THIN_ONLY_PASS,0,1,0,LOSS,-1.64,1.185,-6.191,0,0,0,,,
BTC-USDT-SWAP-SHORT-1772410502000-3,OKX_MARCH,2026-03-02,REJECT,HYBRID_REJECT,M4_THIN_ONLY_PASS,0,1,0,LOSS,-1.64,1.185,-6.191,0,0,0,,,
BTC-USDT-SWAP-SHORT-1772412598000-5,OKX_MARCH,2026-03-02,REJECT,HYBRID_REJECT,M4_THIN_ONLY_PASS,0,1,0,LOSS,-1.64,1.902,-5.421,0,0,0,,,
BTC-USDT-SWAP-SHORT-1772412610000-6,OKX_MARCH,2026-03-02,REJECT,HYBRID_REJECT,M4_THIN_ONLY_PASS,0,1,0,LOSS,-1.64,1.902,-5.421,0,0,0,,,
BTC-USDT-SWAP-LONG-1772414212000-7,OKX_MARCH,2026-03-02,REJECT,HYBRID_REJECT,M4_THIN_ONLY_PASS,0,1,0,LOSS,-1.64,5.233,-2.077,1,1,1,803.7,805.8,813.8
BTC-USDT-SWAP-LONG-1772414223000-8,OKX_MARCH,2026-03-02,REJECT,HYBRID_REJECT,M4_THIN_ONLY_PASS,0,1,0,LOSS,-1.64,5.233,-2.077,1,1,1,803.7,805.8,813.8
BTC-USDT-SWAP-LONG-1772416021000-10,OKX_MARCH,2026-03-02,REJECT,HYBRID_REJECT,M4_THIN_ONLY_PASS,0,1,0,LOSS,-1.64,5.297,-2.018,1,1,1,798.1,800.1,802.8
BTC-USDT-SWAP-SHORT-1772415850000-9,OKX_MARCH,2026-03-02,REJECT,HYBRID_REJECT,M4_THIN_ONLY_PASS,0,1,0,LOSS,-1.64,1.954,-5.365,0,0,0,,,
BTC-USDT-SWAP-SHORT-1772418726000-11,OKX_MARCH,2026-03-02,REJECT,HYBRID_REJECT,M4_THIN_ONLY_PASS,0,1,0,LOSS,-1.64,1.635,-5.708,0,0,0,,,
BTC-USDT-SWAP-LONG-1772419889000-13,OKX_MARCH,2026-03-02,REJECT,HYBRID_REJECT,M4_THIN_ONLY_PASS,0,1,0,LOSS,-1.64,5.819,-1.532,1,1,1,733.5,735.6,737.9
BTC-USDT-SWAP-LONG-1772420096000-14,OKX_MARCH,2026-03-02,REJECT,HYBRID_REJECT,M4_THIN_ONLY_PASS,1,0,0,WIN,1.86,5.872,-1.482,1,1,1,720.6,723.8,726.1
BTC-USDT-SWAP-SHORT-1772419273000-12,OKX_MARCH,2026-03-02,REJECT,HYBRID_REJECT,M4_THIN_ONLY_PASS,0,1,0,LOSS,-1.64,1.889,-5.435,0,0,0,,,
BTC-USDT-SWAP-SHORT-1772421927000-16,OKX_MARCH,2026-03-02,REJECT,HYBRID_REJECT,M4_THIN_ONLY_PASS,1,0,0,WIN,1.86,2.302,-4.991,1,0,0,620.9,,
BTC-USDT-SWAP-LONG-1772420976000-15,OKX_MARCH,2026-03-02,REJECT,HYBRID_REJECT,M4_THIN_ONLY_PASS,0,1,0,LOSS,-1.64,4.971,-2.321,1,1,1,698.4,700.6,710.8
BTC-USDT-SWAP-SHORT-1772422168000-17,OKX_MARCH,2026-03-02,REJECT,HYBRID_REJECT,M4_THIN_ONLY_PASS,1,0,0,WIN,1.86,2.466,-4.815,1,0,0,210.2,,
BTC-USDT-SWAP-LONG-1772423133000-18,OKX_MARCH,2026-03-02,REJECT,HYBRID_REJECT,M4_THIN_ONLY_PASS,0,1,0,LOSS,-1.64,4.806,-2.475,1,1,1,676.8,679.4,698.6
BTC-USDT-SWAP-SHORT-1772434429000-19,OKX_MARCH,2026-03-02,REJECT,HYBRID_REJECT,M4_THIN_ONLY_PASS,0,1,0,LOSS,-1.64,1.434,-5.924,0,0,0,,,
BTC-USDT-SWAP-SHORT-1772436154000-20,OKX_MARCH,2026-03-02,REJECT,HYBRID_REJECT,M4_THIN_ONLY_PASS,0,1,0,LOSS,-1.64,0.841,-6.561,0,0,0,,,
BTC-USDT-SWAP-SHORT-1772436650000-21,OKX_MARCH,2026-03-02,REJECT,HYBRID_REJECT,M4_THIN_ONLY_PASS,0,1,0,LOSS,-1.64,1.058,-6.328,0,0,0,,,
BTC-USDT-SWAP-SHORT-1772454967000-22,OKX_MARCH,2026-03-02,REJECT,HYBRID_REJECT,M4_THIN_ONLY_PASS,0,1,0,LOSS,-1.64,1.185,-6.191,0,0,0,,,
BTC-USDT-SWAP-SHORT-1772459757000-24,OKX_MARCH,2026-03-02,REJECT,HYBRID_REJECT,M4_THIN_ONLY_PASS,0,1,0,LOSS,-1.64,0.281,-7.163,0,0,0,,,
BTC-USDT-SWAP-SHORT-1772460162000-25,OKX_MARCH,2026-03-02,REJECT,HYBRID_REJECT,M4_THIN_ONLY_PASS,0,1,0,LOSS,-1.64,0.228,-7.011,0,0,0,,,
BTC-USDT-SWAP-LONG-1772459159000-23,OKX_MARCH,2026-03-02,REJECT,HYBRID_REJECT,M4_THIN_ONLY_PASS,1,0,0,WIN,1.86,7.115,-0.099,1,1,1,22.9,25.7,37.4
BTC-USDT-SWAP-LONG-1772461492000-27,OKX_MARCH,2026-03-02,REJECT,HYBRID_REJECT,M4_THIN_ONLY_PASS,1,0,0,WIN,1.86,7.033,-0.026,1,1,1,19.8,22.6,39.1
BTC-USDT-SWAP-SHORT-1772461132000-26,OKX_MARCH,2026-03-02,REJECT,HYBRID_REJECT,M4_THIN_ONLY_PASS,0,1,0,LOSS,-1.64,0.053,-6.009,0,0,0,,,
BTC-USDT-SWAP-LONG-1772464005000-28,OKX_MARCH,2026-03-02,REJECT,HYBRID_REJECT,M4_THIN_ONLY_PASS,1,0,0,WIN,1.86,2.247,-3.595,1,0,0,85.1,,
BTC-USDT-SWAP-LONG-1772464013000-29,OKX_MARCH,2026-03-02,REJECT,HYBRID_REJECT,M4_THIN_ONLY_PASS,1,0,0,WIN,1.86,2.247,-3.595,1,0,0,85.1,,
BTC-USDT-SWAP-LONG-1772465497000-30,OKX_MARCH,2026-03-02,REJECT,HYBRID_REJECT,M4_THIN_ONLY_PASS,0,1,0,LOSS,-1.64,0.944,-4.823,0,0,0,,,
BTC-USDT-SWAP-SHORT-1772468028000-31,OKX_MARCH,2026-03-02,REJECT,HYBRID_REJECT,M4_THIN_ONLY_PASS,1,0,0,WIN,1.86,4.871,-0.893,1,1,1,742.0,959.4,974.7
BTC-USDT-SWAP-LONG-1772468544000-32,OKX_MARCH,2026-03-02,REJECT,HYBRID_REJECT,M4_THIN_ONLY_PASS,0,1,0,LOSS,-1.64,1.049,-4.724,0,0,0,,,
BTC-USDT-SWAP-LONG-1772470363000-33,OKX_MARCH,2026-03-02,REJECT,HYBRID_REJECT,M4_THIN_ONLY_PASS,0,1,0,LOSS,-1.64,0.111,-4.887,0,0,0,,,
BTC-USDT-SWAP-SHORT-1772471902000-34,OKX_MARCH,2026-03-02,REJECT,HYBRID_REJECT,M4_THIN_ONLY_PASS,1,0,0,WIN,1.86,4.801,-0.13,1,1,1,690.4,904.5,920.7
BTC-USDT-SWAP-SHORT-1772471938000-35,OKX_MARCH,2026-03-02,REJECT,HYBRID_REJECT,M4_THIN_ONLY_PASS,1,0,0,WIN,1.86,4.732,-0.203,1,1,1,741.8,905.2,919.2
BTC-USDT-SWAP-SHORT-1772472002000-36,OKX_MARCH,2026-03-02,REJECT,HYBRID_REJECT,M4_THIN_ONLY_PASS,1,0,0,WIN,1.86,4.732,-0.203,1,1,1,741.8,905.2,919.2
BTC-USDT-SWAP-SHORT-1772474203000-37,OKX_MARCH,2026-03-02,REJECT,HYBRID_REJECT,M4_THIN_ONLY_PASS,1,0,0,WIN,1.86,4.256,-0.703,1,1,1,858.5,872.4,883.9
BTC-USDT-SWAP-SHORT-1772496035000-1,OKX_MARCH,2026-03-03,REJECT,HYBRID_REJECT,M4_THIN_ONLY_PASS,1,0,0,WIN,1.86,4.049,-0.552,1,1,1,510.4,519.6,557.8
BTC-USDT-SWAP-SHORT-1772496525000-2,OKX_MARCH,2026-03-03,REJECT,HYBRID_REJECT,M4_THIN_ONLY_PASS,1,0,0,WIN,1.86,4.015,-0.587,1,1,1,507.4,517.6,554.8
BTC-USDT-SWAP-LONG-1772496994000-4,OKX_MARCH,2026-03-03,REJECT,HYBRID_REJECT,M4_THIN_ONLY_PASS,0,1,0,LOSS,-1.64,0.732,-3.877,0,0,0,,,
BTC-USDT-SWAP-SHORT-1772496865000-3,OKX_MARCH,2026-03-03,REJECT,HYBRID_REJECT,M4_THIN_ONLY_PASS,1,0,0,WIN,1.86,3.801,-0.812,1,1,1,493.7,506.8,539.7
BTC-USDT-SWAP-LONG-1772499219000-6,OKX_MARCH,2026-03-03,REJECT,HYBRID_REJECT,M4_THIN_ONLY_PASS,0,1,0,LOSS,-1.64,0.484,-4.114,0,0,0,,,
BTC-USDT-SWAP-SHORT-1772498676000-5,OKX_MARCH,2026-03-03,REJECT,HYBRID_REJECT,M4_THIN_ONLY_PASS,1,0,0,WIN,1.86,4.076,-0.524,1,1,1,461.5,469.1,508.9
BTC-USDT-SWAP-LONG-1772499903000-7,OKX_MARCH,2026-03-03,REJECT,HYBRID_REJECT,M4_THIN_ONLY_PASS,0,1,0,LOSS,-1.64,0.044,-4.227,0,0,0,,,
BTC-USDT-SWAP-SHORT-1772504097000-10,OKX_MARCH,2026-03-03,REJECT,HYBRID_REJECT,M4_THIN_ONLY_PASS,1,0,0,WIN,1.86,3.402,-0.807,1,1,1,381.3,412.8,418.1
BTC-USDT-SWAP-SHORT-1772504005000-9,OKX_MARCH,2026-03-03,REJECT,HYBRID_REJECT,M4_THIN_ONLY_PASS,1,0,0,WIN,1.86,3.402,-0.807,1,1,1,381.3,412.8,418.1
BTC-USDT-SWAP-SHORT-1772505226000-11,OKX_MARCH,2026-03-03,REJECT,HYBRID_REJECT,M4_THIN_ONLY_PASS,1,0,0,WIN,1.86,3.371,-0.84,1,1,1,378.3,410.9,415.2
BTC-USDT-SWAP-LONG-1772503614000-8,OKX_MARCH,2026-03-03,REJECT,HYBRID_REJECT,M4_THIN_ONLY_PASS,0,1,0,LOSS,-1.64,0.797,-3.411,0,0,0,,,
BTC-USDT-SWAP-LONG-1772505728000-12,OKX_MARCH,2026-03-03,REJECT,HYBRID_REJECT,M4_THIN_ONLY_PASS,0,1,0,LOSS,-1.64,0.691,-3.513,0,0,0,,,
BTC-USDT-SWAP-LONG-1772513128000-13,OKX_MARCH,2026-03-03,REJECT,HYBRID_REJECT,M4_THIN_ONLY_PASS,0,1,0,LOSS,-1.64,1.223,-3.003,0,0,0,,,
BTC-USDT-SWAP-LONG-1772513606000-14,OKX_MARCH,2026-03-03,REJECT,HYBRID_REJECT,M4_THIN_ONLY_PASS,0,1,0,LOSS,-1.64,1.261,-2.967,0,0,0,,,
BTC-USDT-SWAP-SHORT-1772514107000-15,OKX_MARCH,2026-03-03,REJECT,HYBRID_REJECT,M4_THIN_ONLY_PASS,1,0,0,WIN,1.86,2.949,-1.279,1,1,0,261.5,266.5,
BTC-USDT-SWAP-SHORT-1772517366000-17,OKX_MARCH,2026-03-03,REJECT,HYBRID_REJECT,M4_THIN_ONLY_PASS,1,0,0,WIN,1.86,2.726,-1.513,1,1,0,208.4,529.4,
BTC-USDT-SWAP-SHORT-1772517425000-18,OKX_MARCH,2026-03-03,REJECT,HYBRID_REJECT,M4_THIN_ONLY_PASS,1,0,0,WIN,1.86,2.677,-1.563,1,1,0,206.7,524.9,
BTC-USDT-SWAP-LONG-1772517197000-16,OKX_MARCH,2026-03-03,REJECT,HYBRID_REJECT,M4_THIN_ONLY_PASS,0,1,0,LOSS,-1.64,1.509,-2.729,0,0,0,,,
BTC-USDT-SWAP-SHORT-1772521223000-19,OKX_MARCH,2026-03-03,REJECT,HYBRID_REJECT,M4_THIN_ONLY_PASS,1,0,0,WIN,1.86,2.878,-1.353,1,1,0,141.6,145.9,
BTC-USDT-SWAP-SHORT-1772522407000-20,OKX_MARCH,2026-03-03,REJECT,HYBRID_REJECT,M4_THIN_ONLY_PASS,1,0,0,WIN,1.86,2.958,-1.27,1,1,0,105.2,110.1,
BTC-USDT-SWAP-SHORT-1772527118000-21,OKX_MARCH,2026-03-03,REJECT,HYBRID_REJECT,M4_THIN_ONLY_PASS,0,1,0,LOSS,-1.64,1.487,-5.485,0,0,0,,,
BTC-USDT-SWAP-SHORT-1772528107000-22,OKX_MARCH,2026-03-03,REJECT,HYBRID_REJECT,M4_THIN_ONLY_PASS,0,1,0,LOSS,-1.64,1.353,-6.269,0,0,0,,,
BTC-USDT-SWAP-SHORT-1772528433000-23,OKX_MARCH,2026-03-03,REJECT,HYBRID_REJECT,M4_THIN_ONLY_PASS,0,1,0,LOSS,-1.64,1.335,-6.288,0,0,0,,,
BTC-USDT-SWAP-SHORT-1772530692000-25,OKX_MARCH,2026-03-03,REJECT,HYBRID_REJECT,M4_THIN_ONLY_PASS,0,1,0,LOSS,-1.64,0.673,-8.028,0,0,0,,,
BTC-USDT-SWAP-SHORT-1772531394000-26,OKX_MARCH,2026-03-03,REJECT,HYBRID_REJECT,M4_THIN_ONLY_PASS,0,1,0,LOSS,-1.64,0.703,-8.019,0,0,0,,,
BTC-USDT-SWAP-SHORT-1772531452000-27,OKX_MARCH,2026-03-03,REJECT,HYBRID_REJECT,M4_THIN_ONLY_PASS,0,1,0,LOSS,-1.64,0.703,-8.019,0,0,0,,,
BTC-USDT-SWAP-SHORT-1772535110000-28,OKX_MARCH,2026-03-03,REJECT,HYBRID_REJECT,M4_THIN_ONLY_PASS,0,1,0,LOSS,-1.64,1.134,-7.551,0,0,0,,,
BTC-USDT-SWAP-SHORT-1772535134000-29,OKX_MARCH,2026-03-03,REJECT,HYBRID_REJECT,M4_THIN_ONLY_PASS,0,1,0,LOSS,-1.64,1.134,-7.551,0,0,0,,,
BTC-USDT-SWAP-LONG-1772535551000-30,OKX_MARCH,2026-03-03,REJECT,HYBRID_REJECT,M4_THIN_ONLY_PASS,1,0,0,WIN,1.86,7.545,-1.139,1,1,1,284.4,288.2,303.1
BTC-USDT-SWAP-LONG-1772536899000-31,OKX_MARCH,2026-03-03,REJECT,HYBRID_REJECT,M4_THIN_ONLY_PASS,1,0,0,WIN,1.86,7.493,-1.187,1,1,1,275.9,278.9,293.9
BTC-USDT-SWAP-LONG-1772541712000-33,OKX_MARCH,2026-03-03,REJECT,HYBRID_REJECT,M4_THIN_ONLY_PASS,0,1,0,LOSS,-1.64,6.721,-1.897,1,1,1,217.3,1139.8,1140.5
BTC-USDT-SWAP-LONG-1772541572000-32,OKX_MARCH,2026-03-03,REJECT,HYBRID_REJECT,M4_THIN_ONLY_PASS,0,1,0,LOSS,-1.64,6.721,-1.897,1,1,1,217.3,1139.8,1140.5
BTC-USDT-SWAP-LONG-1772543243000-34,OKX_MARCH,2026-03-03,REJECT,HYBRID_REJECT,M4_THIN_ONLY_PASS,0,1,0,LOSS,-1.64,7.142,-1.51,1,1,1,167.3,182.6,1105.0
BTC-USDT-SWAP-LONG-1772544123000-35,OKX_MARCH,2026-03-03,REJECT,HYBRID_REJECT,M4_THIN_ONLY_PASS,0,1,0,LOSS,-1.64,7.126,-1.524,1,1,1,161.8,177.1,1099.5
BTC-USDT-SWAP-SHORT-1772546176000-36,OKX_MARCH,2026-03-03,REJECT,HYBRID_REJECT,M4_THIN_ONLY_PASS,0,1,0,LOSS,-1.64,1.132,-7.553,0,0,0,,,
BTC-USDT-SWAP-SHORT-1772551037000-37,OKX_MARCH,2026-03-03,REJECT,HYBRID_REJECT,M4_THIN_ONLY_PASS,0,1,0,LOSS,-1.64,0.191,-8.292,0,0,0,,,
BTC-USDT-SWAP-LONG-1772553323000-38,OKX_MARCH,2026-03-03,REJECT,HYBRID_REJECT,M4_THIN_ONLY_PASS,1,0,0,WIN,1.86,8.572,-0.353,1,1,1,27.8,948.7,962.3
BTC-USDT-SWAP-LONG-1772553506000-39,OKX_MARCH,2026-03-03,REJECT,HYBRID_REJECT,M4_THIN_ONLY_PASS,1,0,0,WIN,1.86,8.529,-0.476,1,1,1,944.7,945.4,999.1
BTC-USDT-SWAP-LONG-1772553549000-40,OKX_MARCH,2026-03-03,REJECT,HYBRID_REJECT,M4_THIN_ONLY_PASS,1,0,0,WIN,1.86,8.45,-0.549,1,1,1,944.9,945.6,999.2
BTC-USDT-SWAP-LONG-1772554627000-41,OKX_MARCH,2026-03-03,REJECT,HYBRID_REJECT,M4_THIN_ONLY_PASS,0,1,0,LOSS,-1.64,6.832,-2.069,1,1,1,976.5,976.8,986.3
BTC-USDT-SWAP-LONG-1772558132000-42,OKX_MARCH,2026-03-03,REJECT,HYBRID_REJECT,M4_THIN_ONLY_PASS,1,0,0,WIN,1.86,8.32,-1.022,1,1,1,841.4,895.0,899.8
BTC-USDT-SWAP-LONG-1772560656000-43,OKX_MARCH,2026-03-03,REJECT,HYBRID_REJECT,M4_THIN_ONLY_PASS,1,0,0,WIN,1.86,7.846,-1.455,1,1,1,879.3,884.2,884.5
BTC-USDT-SWAP-LONG-1772563749000-45,OKX_MARCH,2026-03-03,REJECT,HYBRID_REJECT,M4_THIN_ONLY_PASS,0,1,0,LOSS,-1.64,7.309,-1.946,1,1,1,834.0,834.3,843.1
BTC-USDT-SWAP-SHORT-1772563179000-44,OKX_MARCH,2026-03-03,REJECT,HYBRID_REJECT,M4_THIN_ONLY_PASS,0,1,0,LOSS,-1.64,1.712,-7.735,0,0,0,,,
BTC-USDT-SWAP-LONG-1772564438000-46,OKX_MARCH,2026-03-03,REJECT,HYBRID_REJECT,M4_THIN_ONLY_PASS,0,1,0,LOSS,-1.64,7.883,-1.602,1,1,1,809.5,814.0,814.3
BTC-USDT-SWAP-SHORT-1772582934000-2,OKX_MARCH,2026-03-04,REJECT,HYBRID_REJECT,M4_THIN_ONLY_PASS,0,1,0,LOSS,-1.64,1.077,-8.721,0,0,0,,,
BTC-USDT-SWAP-SHORT-1772582797000-1,OKX_MARCH,2026-03-04,REJECT,HYBRID_REJECT,M4_THIN_ONLY_PASS,0,1,0,LOSS,-1.64,1.077,-8.721,0,0,0,,,
BTC-USDT-SWAP-LONG-1772584188000-4,OKX_MARCH,2026-03-04,REJECT,HYBRID_REJECT,M4_THIN_ONLY_PASS,1,0,0,WIN,1.86,8.948,-0.871,1,1,1,426.4,440.2,485.2
BTC-USDT-SWAP-LONG-1772584858000-5,OKX_MARCH,2026-03-04,REJECT,HYBRID_REJECT,M4_THIN_ONLY_PASS,1,0,0,WIN,1.86,9.032,-0.794,1,1,1,423.2,434.7,481.7
BTC-USDT-SWAP-SHORT-1772583941000-3,OKX_MARCH,2026-03-04,REJECT,HYBRID_REJECT,M4_THIN_ONLY_PASS,0,1,0,LOSS,-1.64,1.114,-8.681,0,0,0,,,
BTC-USDT-SWAP-SHORT-1772588463000-6,OKX_MARCH,2026-03-04,REJECT,HYBRID_REJECT,M4_THIN_ONLY_PASS,0,1,0,LOSS,-1.64,1.832,-7.891,0,0,0,,,
BTC-USDT-SWAP-LONG-1772589121000-7,OKX_MARCH,2026-03-04,REJECT,HYBRID_REJECT,M4_THIN_ONLY_PASS,0,1,0,LOSS,-1.64,8.198,-1.553,1,1,1,406.1,410.6,410.9
BTC-USDT-SWAP-SHORT-1772589606000-9,OKX_MARCH,2026-03-04,REJECT,HYBRID_REJECT,M4_THIN_ONLY_PASS,0,1,0,LOSS,-1.64,1.394,-8.373,0,0,0,,,
BTC-USDT-SWAP-LONG-1772589296000-8,OKX_MARCH,2026-03-04,REJECT,HYBRID_REJECT,M4_THIN_ONLY_PASS,1,0,0,WIN,1.86,8.547,-1.236,1,1,1,339.0,385.5,386.6
BTC-USDT-SWAP-SHORT-1772591636000-10,OKX_MARCH,2026-03-04,REJECT,HYBRID_REJECT,M4_THIN_ONLY_PASS,0,1,0,LOSS,-1.64,1.075,-8.724,0,0,0,,,
BTC-USDT-SWAP-LONG-1772595707000-11,OKX_MARCH,2026-03-04,REJECT,HYBRID_REJECT,M4_THIN_ONLY_PASS,1,0,0,WIN,1.86,9.472,-0.305,1,1,1,233.8,234.4,248.2
BTC-USDT-SWAP-LONG-1772596380000-13,OKX_MARCH,2026-03-04,REJECT,HYBRID_REJECT,M4_THIN_ONLY_PASS,1,0,0,WIN,1.86,9.566,-0.219,1,1,1,228.5,231.2,242.6
BTC-USDT-SWAP-SHORT-1772596014000-12,OKX_MARCH,2026-03-04,REJECT,HYBRID_REJECT,M4_THIN_ONLY_PASS,0,1,0,LOSS,-1.64,0.222,-9.562,0,0,0,,,
BTC-USDT-SWAP-SHORT-1772597735000-15,OKX_MARCH,2026-03-04,REJECT,HYBRID_REJECT,M4_THIN_ONLY_PASS,0,1,0,LOSS,-1.64,0.235,-9.548,0,0,0,,,
BTC-USDT-SWAP-SHORT-1772601616000-16,OKX_MARCH,2026-03-04,REJECT,HYBRID_REJECT,M4_THIN_ONLY_PASS,0,1,0,LOSS,-1.64,0.219,-9.205,0,0,0,,,
BTC-USDT-SWAP-LONG-1772602176000-17,OKX_MARCH,2026-03-04,REJECT,HYBRID_REJECT,M4_THIN_ONLY_PASS,1,0,0,WIN,1.86,9.173,0.0,1,1,1,129.4,140.9,185.1
BTC-USDT-SWAP-LONG-1772606412000-18,OKX_MARCH,2026-03-04,REJECT,HYBRID_REJECT,M4_THIN_ONLY_PASS,1,0,0,WIN,1.86,8.024,-0.322,1,1,1,120.5,121.6,124.6
BTC-USDT-SWAP-LONG-1772606902000-19,OKX_MARCH,2026-03-04,REJECT,HYBRID_REJECT,M4_THIN_ONLY_PASS,1,0,0,WIN,1.86,8.091,-0.261,1,1,1,111.6,114.7,117.1
BTC-USDT-SWAP-LONG-1772608667000-20,OKX_MARCH,2026-03-04,REJECT,HYBRID_REJECT,M4_THIN_ONLY_PASS,1,0,0,WIN,1.86,7.773,-0.037,1,1,1,68.6,68.9,77.7
BTC-USDT-SWAP-SHORT-1772611107000-21,OKX_MARCH,2026-03-04,REJECT,HYBRID_REJECT,M4_THIN_ONLY_PASS,0,1,0,LOSS,-1.64,0.432,-6.672,0,0,0,,,
BTC-USDT-SWAP-LONG-1772611621000-23,OKX_MARCH,2026-03-04,REJECT,HYBRID_REJECT,M4_THIN_ONLY_PASS,1,0,0,WIN,1.86,6.745,0.0,1,1,1,18.1,24.6,44.5
BTC-USDT-SWAP-LONG-1772611599000-22,OKX_MARCH,2026-03-04,REJECT,HYBRID_REJECT,M4_THIN_ONLY_PASS,1,0,0,WIN,1.86,6.745,0.0,1,1,1,18.1,24.6,44.5
BTC-USDT-SWAP-SHORT-1772612635000-24,OKX_MARCH,2026-03-04,REJECT,HYBRID_REJECT,M4_THIN_ONLY_PASS,0,1,0,LOSS,-1.64,0.02,-6.536,0,0,0,,,
BTC-USDT-SWAP-LONG-1772613179000-25,OKX_MARCH,2026-03-04,REJECT,HYBRID_REJECT,M4_THIN_ONLY_PASS,1,0,0,WIN,1.86,4.297,-0.586,1,1,1,326.1,380.8,408.4
BTC-USDT-SWAP-LONG-1772616258000-27,OKX_MARCH,2026-03-04,REJECT,HYBRID_REJECT,M4_THIN_ONLY_PASS,1,0,0,WIN,1.86,3.824,-1.037,1,1,1,359.1,386.8,391.6
BTC-USDT-SWAP-LONG-1772616423000-28,OKX_MARCH,2026-03-04,REJECT,HYBRID_REJECT,M4_THIN_ONLY_PASS,1,0,0,WIN,1.86,3.851,-1.011,1,1,1,356.4,361.3,388.6
BTC-USDT-SWAP-SHORT-1772616143000-26,OKX_MARCH,2026-03-04,REJECT,HYBRID_REJECT,M4_THIN_ONLY_PASS,0,1,0,LOSS,-1.64,1.049,-3.811,0,0,0,,,
BTC-USDT-SWAP-LONG-1772616656000-29,OKX_MARCH,2026-03-04,REJECT,HYBRID_REJECT,M4_THIN_ONLY_PASS,0,1,0,LOSS,-1.64,3.117,-1.711,1,1,1,368.9,444.0,563.7
BTC-USDT-SWAP-LONG-1772617742000-30,OKX_MARCH,2026-03-04,REJECT,HYBRID_REJECT,M4_THIN_ONLY_PASS,1,0,0,WIN,1.86,3.575,-1.274,1,1,1,330.9,359.2,434.3
BTC-USDT-SWAP-SHORT-1772621703000-31,OKX_MARCH,2026-03-04,REJECT,HYBRID_REJECT,M4_THIN_ONLY_PASS,0,1,0,LOSS,-1.64,1.212,-3.64,0,0,0,,,
BTC-USDT-SWAP-SHORT-1772623278000-32,OKX_MARCH,2026-03-04,REJECT,HYBRID_REJECT,M4_THIN_ONLY_PASS,0,1,0,LOSS,-1.64,0.893,-3.974,0,0,0,,,
BTC-USDT-SWAP-SHORT-1772624824000-33,OKX_MARCH,2026-03-04,REJECT,HYBRID_REJECT,M4_THIN_ONLY_PASS,0,1,0,LOSS,-1.64,0.401,-4.491,0,0,0,,,
BTC-USDT-SWAP-SHORT-1772626585000-34,OKX_MARCH,2026-03-04,REJECT,HYBRID_REJECT,M4_THIN_ONLY_PASS,0,1,0,LOSS,-1.64,0.242,-4.658,0,0,0,,,
BTC-USDT-SWAP-SHORT-1772626670000-35,OKX_MARCH,2026-03-04,REJECT,HYBRID_REJECT,M4_THIN_ONLY_PASS,0,1,0,LOSS,-1.64,0.255,-4.644,0,0,0,,,
BTC-USDT-SWAP-SHORT-1772626743000-36,OKX_MARCH,2026-03-04,REJECT,HYBRID_REJECT,M4_THIN_ONLY_PASS,0,1,0,LOSS,-1.64,0.277,-4.621,0,0,0,,,
BTC-USDT-SWAP-LONG-1772631907000-37,OKX_MARCH,2026-03-04,REJECT,HYBRID_REJECT,M4_THIN_ONLY_PASS,1,0,0,WIN,1.86,3.754,-0.13,1,1,1,91.4,119.0,197.9
BTC-USDT-SWAP-LONG-1772632793000-38,OKX_MARCH,2026-03-04,REJECT,HYBRID_REJECT,M4_THIN_ONLY_PASS,1,0,0,WIN,1.86,3.243,-0.621,1,1,1,94.9,173.8,293.2
BTC-USDT-SWAP-SHORT-1772633530000-39,OKX_MARCH,2026-03-04,REJECT,HYBRID_REJECT,M4_THIN_ONLY_PASS,0,1,0,LOSS,-1.64,1.164,-2.68,0,0,0,,,
BTC-USDT-SWAP-LONG-1772637425000-40,OKX_MARCH,2026-03-04,REJECT,HYBRID_REJECT,M4_THIN_ONLY_PASS,1,0,0,WIN,1.86,2.159,-1.523,1,0,0,226.4,,
BTC-USDT-SWAP-SHORT-1772638974000-41,OKX_MARCH,2026-03-04,REJECT,HYBRID_REJECT,M4_THIN_ONLY_PASS,0,1,0,LOSS,-1.64,2.794,-1.705,1,1,0,1387.5,1427.3,
BTC-USDT-SWAP-SHORT-1772639088000-42,OKX_MARCH,2026-03-04,REJECT,HYBRID_REJECT,M4_THIN_ONLY_PASS,0,1,0,LOSS,-1.64,2.794,-1.705,1,1,0,1387.5,1427.3,
BTC-USDT-SWAP-LONG-1772642212000-44,OKX_MARCH,2026-03-04,REJECT,HYBRID_REJECT,M4_THIN_ONLY_PASS,0,1,0,LOSS,-1.64,1.214,-3.264,0,0,0,,,
BTC-USDT-SWAP-LONG-1772642290000-45,OKX_MARCH,2026-03-04,REJECT,HYBRID_REJECT,M4_THIN_ONLY_PASS,0,1,0,LOSS,-1.64,1.075,-3.396,0,0,0,,,
BTC-USDT-SWAP-LONG-1772642329000-46,OKX_MARCH,2026-03-04,REJECT,HYBRID_REJECT,M4_THIN_ONLY_PASS,0,1,0,LOSS,-1.64,1.137,-3.337,0,0,0,,,
BTC-USDT-SWAP-SHORT-1772641162000-43,OKX_MARCH,2026-03-04,REJECT,HYBRID_REJECT,M4_THIN_ONLY_PASS,1,0,0,WIN,1.86,3.343,-1.13,1,1,1,931.2,1349.9,1389.8
BTC-USDT-SWAP-LONG-1772648681000-47,OKX_MARCH,2026-03-04,REJECT,HYBRID_REJECT,M4_THIN_ONLY_PASS,0,1,0,LOSS,-1.64,1.166,-3.507,0,0,0,,,
BTC-USDT-SWAP-SHORT-1772650521000-48,OKX_MARCH,2026-03-04,REJECT,HYBRID_REJECT,M4_THIN_ONLY_PASS,1,0,0,WIN,1.86,4.028,-0.619,1,1,1,657.3,802.7,1221.4
BTC-USDT-SWAP-SHORT-1772651819000-51,OKX_MARCH,2026-03-04,REJECT,HYBRID_REJECT,M4_THIN_ONLY_PASS,1,0,0,WIN,1.86,4.284,-0.089,1,1,1,251.2,748.5,1190.0
BTC-USDT-SWAP-LONG-1772650765000-49,OKX_MARCH,2026-03-04,REJECT,HYBRID_REJECT,M4_THIN_ONLY_PASS,0,1,0,LOSS,-1.64,0.36,-4.026,0,0,0,,,
BTC-USDT-SWAP-LONG-1772650789000-50,OKX_MARCH,2026-03-04,REJECT,HYBRID_REJECT,M4_THIN_ONLY_PASS,0,1,0,LOSS,-1.64,0.36,-4.026,0,0,0,,,
BTC-USDT-SWAP-LONG-1772655497000-52,OKX_MARCH,2026-03-04,REJECT,HYBRID_REJECT,M4_THIN_ONLY_PASS,0,1,0,LOSS,-1.64,0.123,-3.847,0,0,0,,,
BTC-USDT-SWAP-LONG-1772664633000-53,OKX_MARCH,2026-03-04,REJECT,HYBRID_REJECT,M4_THIN_ONLY_PASS,0,1,0,LOSS,-1.64,1.025,-2.98,0,0,0,,,
BTC-USDT-SWAP-LONG-1772666739000-54,OKX_MARCH,2026-03-04,REJECT,HYBRID_REJECT,M4_THIN_ONLY_PASS,0,1,0,LOSS,-1.64,1.145,-2.864,0,0,0,,,
BTC-USDT-SWAP-SHORT-1772669164000-1,OKX_MARCH,2026-03-05,REJECT,HYBRID_REJECT,M4_THIN_ONLY_PASS,1,0,0,WIN,1.86,3.116,-0.883,1,1,1,900.5,940.9,1027.3
BTC-USDT-SWAP-LONG-1772670368000-3,OKX_MARCH,2026-03-05,REJECT,HYBRID_REJECT,M4_THIN_ONLY_PASS,0,1,0,LOSS,-1.64,1.042,-2.964,0,0,0,,,
BTC-USDT-SWAP-SHORT-1772670314000-2,OKX_MARCH,2026-03-05,REJECT,HYBRID_REJECT,M4_THIN_ONLY_PASS,1,0,0,WIN,1.86,3.063,-0.938,1,1,1,880.1,920.0,1023.8
BTC-USDT-SWAP-SHORT-1772673503000-4,OKX_MARCH,2026-03-05,REJECT,HYBRID_REJECT,M4_THIN_ONLY_PASS,1,0,0,WIN,1.86,3.04,-0.962,1,1,1,844.5,884.4,988.8
BTC-USDT-SWAP-LONG-1772674125000-5,OKX_MARCH,2026-03-05,REJECT,HYBRID_REJECT,M4_THIN_ONLY_PASS,0,1,0,LOSS,-1.64,0.896,-3.472,0,0,0,,,
BTC-USDT-SWAP-LONG-1772674326000-6,OKX_MARCH,2026-03-05,REJECT,HYBRID_REJECT,M4_THIN_ONLY_PASS,0,1,0,LOSS,-1.64,0.955,-3.415,0,0,0,,,
BTC-USDT-SWAP-LONG-1772675238000-7,OKX_MARCH,2026-03-05,REJECT,HYBRID_REJECT,M4_THIN_ONLY_PASS,0,1,0,LOSS,-1.64,1.319,-3.067,0,0,0,,,
BTC-USDT-SWAP-LONG-1772675664000-8,OKX_MARCH,2026-03-05,REJECT,HYBRID_REJECT,M4_THIN_ONLY_PASS,0,1,0,LOSS,-1.64,1.261,-3.123,0,0,0,,,
BTC-USDT-SWAP-SHORT-1772679264000-9,OKX_MARCH,2026-03-05,REJECT,HYBRID_REJECT,M4_THIN_ONLY_PASS,1,0,0,WIN,1.86,3.148,-1.235,1,1,1,741.7,781.1,1338.2
BTC-USDT-SWAP-LONG-1772686945000-10,OKX_MARCH,2026-03-05,REJECT,HYBRID_REJECT,M4_THIN_ONLY_PASS,0,1,0,LOSS,-1.64,1.046,-3.504,0,0,0,,,
BTC-USDT-SWAP-SHORT-1772689407000-11,OKX_MARCH,2026-03-05,REJECT,HYBRID_REJECT,M4_THIN_ONLY_PASS,0,1,0,LOSS,-1.64,3.145,-1.573,1,1,1,613.4,1171.8,1366.5
BTC-USDT-SWAP-SHORT-1772690822000-12,OKX_MARCH,2026-03-05,REJECT,HYBRID_REJECT,M4_THIN_ONLY_PASS,0,1,0,LOSS,-1.64,2.773,-1.963,1,1,0,694.7,1346.0,
BTC-USDT-SWAP-LONG-1772691247000-13,OKX_MARCH,2026-03-05,REJECT,HYBRID_REJECT,M4_THIN_ONLY_PASS,0,1,0,LOSS,-1.64,1.655,-3.066,0,0,0,,,
BTC-USDT-SWAP-SHORT-1772691308000-14,OKX_MARCH,2026-03-05,REJECT,HYBRID_REJECT,M4_THIN_ONLY_PASS,0,1,0,LOSS,-1.64,3.083,-1.638,1,1,1,572.8,1130.5,1384.8
BTC-USDT-SWAP-LONG-1772692402000-15,OKX_MARCH,2026-03-05,REJECT,HYBRID_REJECT,M4_THIN_ONLY_PASS,0,1,0,LOSS,-1.64,1.62,-3.1,0,0,0,,,
BTC-USDT-SWAP-LONG-1772697409000-16,OKX_MARCH,2026-03-05,REJECT,HYBRID_REJECT,M4_THIN_ONLY_PASS,1,0,0,WIN,1.86,2.196,-2.551,1,0,0,138.5,,
BTC-USDT-SWAP-SHORT-1772698247000-17,OKX_MARCH,2026-03-05,REJECT,HYBRID_REJECT,M4_THIN_ONLY_PASS,0,1,0,LOSS,-1.64,2.557,-2.189,1,1,0,1025.0,1279.8,
BTC-USDT-SWAP-LONG-1772706691000-18,OKX_MARCH,2026-03-05,REJECT,HYBRID_REJECT,M4_THIN_ONLY_PASS,0,1,0,LOSS,-1.64,0.364,-4.297,0,0,0,,,
BTC-USDT-SWAP-LONG-1772706721000-19,OKX_MARCH,2026-03-05,REJECT,HYBRID_REJECT,M4_THIN_ONLY_PASS,0,1,0,LOSS,-1.64,0.364,-4.297,0,0,0,,,
BTC-USDT-SWAP-LONG-1772709083000-20,OKX_MARCH,2026-03-05,REJECT,HYBRID_REJECT,M4_THIN_ONLY_PASS,0,1,0,LOSS,-1.64,0.001,-4.195,0,0,0,,,
BTC-USDT-SWAP-LONG-1772710207000-21,OKX_MARCH,2026-03-05,REJECT,HYBRID_REJECT,M4_THIN_ONLY_PASS,0,1,0,LOSS,-1.64,0.035,-3.993,0,0,0,,,
BTC-USDT-SWAP-LONG-1772711263000-22,OKX_MARCH,2026-03-05,REJECT,HYBRID_REJECT,M4_THIN_ONLY_PASS,0,1,0,LOSS,-1.64,0.32,-3.72,0,0,0,,,
BTC-USDT-SWAP-LONG-1772725319000-24,OKX_MARCH,2026-03-05,REJECT,HYBRID_REJECT,M4_THIN_ONLY_PASS,0,1,0,LOSS,-1.64,0.427,-4.706,0,0,0,,,
BTC-USDT-SWAP-LONG-1772725364000-25,OKX_MARCH,2026-03-05,REJECT,HYBRID_REJECT,M4_THIN_ONLY_PASS,0,1,0,LOSS,-1.64,0.431,-4.702,0,0,0,,,
BTC-USDT-SWAP-SHORT-1772725116000-23,OKX_MARCH,2026-03-05,ACCEPT,HYBRID_PASS,M4_THIN_ONLY_PASS,1,0,0,WIN,1.86,3.93,-0.97,1,1,1,1297.4,1302.2,1310.9
BTC-USDT-SWAP-LONG-1772726417000-26,OKX_MARCH,2026-03-05,REJECT,HYBRID_REJECT,M4_THIN_ONLY_PASS,0,1,0,LOSS,-1.64,0.945,-3.954,0,0,0,,,
BTC-USDT-SWAP-LONG-1772727700000-27,OKX_MARCH,2026-03-05,REJECT,HYBRID_REJECT,M4_THIN_ONLY_PASS,0,1,0,LOSS,-1.64,0.312,-4.52,0,0,0,,,
BTC-USDT-SWAP-SHORT-1772733604000-28,OKX_MARCH,2026-03-05,ACCEPT,HYBRID_PASS,M4_THIN_ONLY_PASS,1,0,0,WIN,1.86,4.262,-1.197,1,1,1,1194.3,1197.5,1208.6
BTC-USDT-SWAP-SHORT-1772733612000-29,OKX_MARCH,2026-03-05,REJECT,HYBRID_PASS,M4_THIN_ONLY_PASS,1,0,0,WIN,1.86,4.322,-1.133,1,1,1,1193.2,1197.4,1206.7
BTC-USDT-SWAP-SHORT-1772755231000-1,OKX_MARCH,2026-03-06,REJECT,HYBRID_REJECT,M4_THIN_ONLY_PASS,1,0,0,WIN,1.86,4.405,-0.805,1,1,1,832.4,837.1,846.0
BTC-USDT-SWAP-SHORT-1772755356000-2,OKX_MARCH,2026-03-06,REJECT,HYBRID_REJECT,M4_THIN_ONLY_PASS,1,0,0,WIN,1.86,4.43,-0.779,1,1,1,830.1,834.8,843.7
BTC-USDT-SWAP-SHORT-1772756173000-3,OKX_MARCH,2026-03-06,REJECT,HYBRID_REJECT,M4_THIN_ONLY_PASS,1,0,0,WIN,1.86,4.561,-0.641,1,1,1,816.5,821.0,821.5
BTC-USDT-SWAP-LONG-1772756699000-4,OKX_MARCH,2026-03-06,REJECT,HYBRID_REJECT,M4_THIN_ONLY_PASS,0,1,0,LOSS,-1.64,0.728,-4.478,0,0,0,,,
BTC-USDT-SWAP-LONG-1772757101000-5,OKX_MARCH,2026-03-06,REJECT,HYBRID_REJECT,M4_THIN_ONLY_PASS,0,1,0,LOSS,-1.64,0.653,-4.549,0,0,0,,,
BTC-USDT-SWAP-LONG-1772759770000-6,OKX_MARCH,2026-03-06,REJECT,HYBRID_REJECT,M4_THIN_ONLY_PASS,0,1,0,LOSS,-1.64,0.768,-4.44,0,0,0,,,
BTC-USDT-SWAP-SHORT-1772760332000-7,OKX_MARCH,2026-03-06,REJECT,HYBRID_REJECT,M4_THIN_ONLY_PASS,1,0,0,WIN,1.86,4.749,-0.443,1,1,1,650.3,731.2,734.5
BTC-USDT-SWAP-SHORT-1772761567000-8,OKX_MARCH,2026-03-06,REJECT,HYBRID_REJECT,M4_THIN_ONLY_PASS,1,0,0,WIN,1.86,4.728,-0.465,1,1,1,658.4,728.7,731.5
BTC-USDT-SWAP-SHORT-1772762906000-9,OKX_MARCH,2026-03-06,REJECT,HYBRID_REJECT,M4_THIN_ONLY_PASS,1,0,0,WIN,1.86,4.948,-0.232,1,1,1,592.2,698.4,703.1
BTC-USDT-SWAP-LONG-1772764396000-10,OKX_MARCH,2026-03-06,REJECT,HYBRID_REJECT,M4_THIN_ONLY_PASS,0,1,0,LOSS,-1.64,0.098,-4.899,0,0,0,,,
BTC-USDT-SWAP-LONG-1772767072000-11,OKX_MARCH,2026-03-06,REJECT,HYBRID_REJECT,M4_THIN_ONLY_PASS,0,1,0,LOSS,-1.64,0.123,-4.81,0,0,0,,,
BTC-USDT-SWAP-LONG-1772770545000-12,OKX_MARCH,2026-03-06,REJECT,HYBRID_REJECT,M4_THIN_ONLY_PASS,0,1,0,LOSS,-1.64,0.354,-4.513,0,0,0,,,
BTC-USDT-SWAP-LONG-1772772339000-13,OKX_MARCH,2026-03-06,REJECT,HYBRID_REJECT,M4_THIN_ONLY_PASS,0,1,0,LOSS,-1.64,0.865,-4.026,0,0,0,,,
BTC-USDT-SWAP-SHORT-1772775022000-15,OKX_MARCH,2026-03-06,REJECT,HYBRID_REJECT,M4_THIN_ONLY_PASS,1,0,0,WIN,1.86,3.777,-1.127,1,1,1,506.0,517.0,564.3
BTC-USDT-SWAP-SHORT-1772775639000-16,OKX_MARCH,2026-03-06,ACCEPT,HYBRID_PASS,M4_THIN_ONLY_PASS,1,0,0,WIN,1.86,3.575,-1.339,1,1,1,496.5,532.4,708.5
BTC-USDT-SWAP-LONG-1772773475000-14,OKX_MARCH,2026-03-06,REJECT,HYBRID_REJECT,M4_THIN_ONLY_PASS,0,1,0,LOSS,-1.64,1.368,-3.548,0,0,0,,,
BTC-USDT-SWAP-SHORT-1772775732000-17,OKX_MARCH,2026-03-06,REJECT,HYBRID_REJECT,M4_THIN_ONLY_PASS,1,0,0,WIN,1.86,3.811,-1.091,1,1,1,478.8,488.1,528.4
BTC-USDT-SWAP-SHORT-1772775754000-18,OKX_MARCH,2026-03-06,REJECT,HYBRID_REJECT,M4_THIN_ONLY_PASS,1,0,0,WIN,1.86,3.811,-1.091,1,1,1,478.8,488.1,528.4
BTC-USDT-SWAP-LONG-1772776333000-19,OKX_MARCH,2026-03-06,REJECT,HYBRID_REJECT,M4_THIN_ONLY_PASS,0,1,0,LOSS,-1.64,1.077,-3.825,0,0,0,,,
BTC-USDT-SWAP-LONG-1772780826000-20,OKX_MARCH,2026-03-06,REJECT,HYBRID_REJECT,M4_THIN_ONLY_PASS,0,1,0,LOSS,-1.64,0.9,-4.42,0,0,0,,,
BTC-USDT-SWAP-LONG-1772782005000-21,OKX_MARCH,2026-03-06,REJECT,HYBRID_REJECT,M4_THIN_ONLY_PASS,0,1,0,LOSS,-1.64,0.016,-5.18,0,0,0,,,
BTC-USDT-SWAP-LONG-1772783534000-22,OKX_MARCH,2026-03-06,REJECT,HYBRID_REJECT,M4_THIN_ONLY_PASS,0,1,0,LOSS,-1.64,0.014,-5.125,0,0,0,,,
BTC-USDT-SWAP-LONG-1772792968000-23,OKX_MARCH,2026-03-06,REJECT,HYBRID_REJECT,M4_THIN_ONLY_PASS,0,1,0,LOSS,-1.64,0.093,-4.462,0,0,0,,,
BTC-USDT-SWAP-SHORT-1772798800000-24,OKX_MARCH,2026-03-06,ACCEPT,HYBRID_PASS,M4_THIN_ONLY_PASS,1,0,0,WIN,1.86,3.813,-0.346,1,1,1,105.9,146.4,312.6
BTC-USDT-SWAP-LONG-1772799229000-25,OKX_MARCH,2026-03-06,REJECT,HYBRID_REJECT,M4_THIN_ONLY_PASS,0,1,0,LOSS,-1.64,0.83,-3.349,0,0,0,,,
BTC-USDT-SWAP-LONG-1772800868000-26,OKX_MARCH,2026-03-06,REJECT,HYBRID_REJECT,M4_THIN_ONLY_PASS,0,1,0,LOSS,-1.64,0.857,-3.323,0,0,0,,,
BTC-USDT-SWAP-SHORT-1772806000000-27,OKX_MARCH,2026-03-06,REJECT,HYBRID_PASS,M4_THIN_ONLY_PASS,0,0,1,TIMEOUT,1.3064,1.911,-0.507,0,0,0,,,
BTC-USDT-SWAP-LONG-1772806967000-29,OKX_MARCH,2026-03-06,REJECT,HYBRID_REJECT,M4_THIN_ONLY_PASS,0,1,0,LOSS,-1.64,0.172,-2.238,0,0,0,,,
BTC-USDT-SWAP-SHORT-1772806627000-28,OKX_MARCH,2026-03-06,REJECT,HYBRID_PASS,M4_THIN_ONLY_PASS,0,0,1,TIMEOUT,0.9664,1.936,-0.479,0,0,0,,,
BTC-USDT-SWAP-SHORT-1772808809000-30,OKX_MARCH,2026-03-06,REJECT,HYBRID_PASS,M4_THIN_ONLY_PASS,0,0,1,TIMEOUT,0.4551,1.447,-0.98,0,0,0,,,
BTC-USDT-SWAP-SHORT-1772808921000-31,OKX_MARCH,2026-03-06,REJECT,HYBRID_PASS,M4_THIN_ONLY_PASS,0,0,1,TIMEOUT,0.2513,1.276,-1.156,0,0,0,,,
BTC-USDT-SWAP-LONG-1772811186000-32,OKX_MARCH,2026-03-06,REJECT,HYBRID_REJECT,M4_THIN_ONLY_PASS,0,1,0,LOSS,-1.64,0.349,-1.62,0,0,0,,,
BTC-USDT-SWAP-LONG-1772811246000-33,OKX_MARCH,2026-03-06,REJECT,HYBRID_REJECT,M4_THIN_ONLY_PASS,0,1,0,LOSS,-1.64,0.349,-1.62,0,0,0,,,
BTC-USDT-SWAP-LONG-1772812900000-34,OKX_MARCH,2026-03-06,REJECT,HYBRID_REJECT,M4_THIN_ONLY_PASS,0,1,0,LOSS,-1.64,0.057,-1.797,0,0,0,,,
BTC-USDT-SWAP-SHORT-1772813847000-35,OKX_MARCH,2026-03-06,REJECT,HYBRID_PASS,M4_THIN_ONLY_PASS,0,0,1,TIMEOUT,0.7285,1.389,-0.472,0,0,0,,,
BTC-USDT-SWAP-SHORT-1772819110000-38,OKX_MARCH,2026-03-06,REJECT,HYBRID_PASS,M4_THIN_ONLY_PASS,0,0,1,TIMEOUT,-0.0624,0.696,-0.952,0,0,0,,,
BTC-USDT-SWAP-LONG-1772818299000-37,OKX_MARCH,2026-03-06,REJECT,HYBRID_REJECT,M4_THIN_ONLY_PASS,0,0,1,TIMEOUT,-0.3799,0.777,-0.868,0,0,0,,,
BTC-USDT-SWAP-LONG-1772818252000-36,OKX_MARCH,2026-03-06,REJECT,HYBRID_REJECT,M4_THIN_ONLY_PASS,0,0,1,TIMEOUT,-0.3799,0.777,-0.868,0,0,0,,,
BTC-USDT-SWAP-SHORT-1772819528000-39,OKX_MARCH,2026-03-06,REJECT,HYBRID_REJECT,M4_THIN_ONLY_PASS,0,0,1,TIMEOUT,0.7373,1.243,-0.395,0,0,0,,,
BTC-USDT-SWAP-LONG-1772821141000-40,OKX_MARCH,2026-03-06,REJECT,HYBRID_REJECT,M4_THIN_ONLY_PASS,0,0,1,TIMEOUT,-1.2436,0.266,-1.37,0,0,0,,,
BTC-USDT-SWAP-SHORT-1772829513000-41,OKX_MARCH,2026-03-06,REJECT,HYBRID_REJECT,M4_THIN_ONLY_PASS,0,0,1,TIMEOUT,0.7581,1.633,-0.786,0,0,0,,,
BTC-USDT-SWAP-LONG-1772834507000-42,OKX_MARCH,2026-03-06,REJECT,HYBRID_REJECT,M4_THIN_ONLY_PASS,0,1,0,LOSS,-1.64,0.305,-2.102,0,0,0,,,
BTC-USDT-SWAP-LONG-1772837456000-43,OKX_MARCH,2026-03-06,REJECT,HYBRID_REJECT,M4_THIN_ONLY_PASS,0,1,0,LOSS,-1.64,0.187,-2.217,0,0,0,,,
BTC-USDT-SWAP-LONG-1772842451000-1,OKX_MARCH,2026-03-07,REJECT,HYBRID_REJECT,M4_THIN_ONLY_PASS,0,1,0,LOSS,-1.64,0.504,-1.908,0,0,0,,,
BTC-USDT-SWAP-SHORT-1772842770000-2,OKX_MARCH,2026-03-07,ACCEPT,HYBRID_PASS,M4_THIN_ONLY_PASS,0,0,1,TIMEOUT,1.1304,1.901,-0.511,0,0,0,,,
BTC-USDT-SWAP-SHORT-1772843979000-3,OKX_MARCH,2026-03-07,REJECT,HYBRID_REJECT,M4_THIN_ONLY_PASS,1,0,0,WIN,1.86,2.082,-0.325,1,0,0,1137.3,,
BTC-USDT-SWAP-LONG-1772844248000-4,OKX_MARCH,2026-03-07,REJECT,HYBRID_REJECT,M4_THIN_ONLY_PASS,0,1,0,LOSS,-1.64,0.307,-2.101,0,0,0,,,
BTC-USDT-SWAP-SHORT-1772850673000-5,OKX_MARCH,2026-03-07,ACCEPT,HYBRID_PASS,M4_THIN_ONLY_PASS,0,0,1,TIMEOUT,1.2009,1.745,-0.671,0,0,0,,,
BTC-USDT-SWAP-LONG-1772852776000-6,OKX_MARCH,2026-03-07,REJECT,HYBRID_REJECT,M4_THIN_ONLY_PASS,0,1,0,LOSS,-1.64,0.277,-2.247,0,0,0,,,
BTC-USDT-SWAP-SHORT-1772856582000-8,OKX_MARCH,2026-03-07,REJECT,HYBRID_REJECT,M4_THIN_ONLY_PASS,0,0,1,TIMEOUT,1.1946,1.707,-0.412,0,0,0,,,
BTC-USDT-SWAP-SHORT-1772857253000-9,OKX_MARCH,2026-03-07,REJECT,HYBRID_REJECT,M4_THIN_ONLY_PASS,0,0,1,TIMEOUT,1.3691,1.774,-0.343,0,0,0,,,
BTC-USDT-SWAP-LONG-1772856498000-7,OKX_MARCH,2026-03-07,REJECT,HYBRID_REJECT,M4_THIN_ONLY_PASS,0,1,0,LOSS,-1.64,0.235,-1.941,0,0,0,,,
BTC-USDT-SWAP-SHORT-1772860169000-10,OKX_MARCH,2026-03-07,REJECT,HYBRID_PASS,M4_THIN_ONLY_PASS,1,0,0,WIN,1.86,2.082,-0.464,1,0,0,1414.3,,
BTC-USDT-SWAP-LONG-1772866698000-11,OKX_MARCH,2026-03-07,REJECT,HYBRID_REJECT,M4_THIN_ONLY_PASS,0,0,1,TIMEOUT,-0.3682,1.126,-1.437,0,0,0,,,
BTC-USDT-SWAP-SHORT-1772867910000-12,OKX_MARCH,2026-03-07,REJECT,HYBRID_REJECT,M4_THIN_ONLY_PASS,0,0,1,TIMEOUT,0.2405,1.601,-0.957,0,0,0,,,
BTC-USDT-SWAP-SHORT-1772868613000-13,OKX_MARCH,2026-03-07,REJECT,HYBRID_REJECT,M4_THIN_ONLY_PASS,0,0,1,TIMEOUT,0.4361,1.722,-0.833,0,0,0,,,
BTC-USDT-SWAP-SHORT-1772869703000-14,OKX_MARCH,2026-03-07,REJECT,HYBRID_REJECT,M4_THIN_ONLY_PASS,0,0,1,TIMEOUT,0.6214,1.873,-0.679,0,0,0,,,
BTC-USDT-SWAP-LONG-1772869985000-15,OKX_MARCH,2026-03-07,REJECT,HYBRID_REJECT,M4_THIN_ONLY_PASS,0,1,0,LOSS,-1.64,0.696,-1.856,0,0,0,,,
BTC-USDT-SWAP-LONG-1772870125000-16,OKX_MARCH,2026-03-07,REJECT,HYBRID_REJECT,M4_THIN_ONLY_PASS,0,1,0,LOSS,-1.64,0.705,-1.848,0,0,0,,,
BTC-USDT-SWAP-LONG-1772872211000-17,OKX_MARCH,2026-03-07,REJECT,HYBRID_REJECT,M4_THIN_ONLY_PASS,0,1,0,LOSS,-1.64,0.449,-2.097,0,0,0,,,
BTC-USDT-SWAP-LONG-1772872987000-18,OKX_MARCH,2026-03-07,REJECT,HYBRID_REJECT,M4_THIN_ONLY_PASS,0,1,0,LOSS,-1.64,0.542,-2.006,0,0,0,,,
BTC-USDT-SWAP-LONG-1772877219000-19,OKX_MARCH,2026-03-07,REJECT,HYBRID_REJECT,M4_THIN_ONLY_PASS,0,1,0,LOSS,-1.64,0.353,-2.19,0,0,0,,,
BTC-USDT-SWAP-SHORT-1772892481000-20,OKX_MARCH,2026-03-07,REJECT,HYBRID_REJECT,M4_THIN_ONLY_PASS,0,0,1,TIMEOUT,0.4761,1.786,-0.661,0,0,0,,,
BTC-USDT-SWAP-SHORT-1772906920000-21,OKX_MARCH,2026-03-07,REJECT,HYBRID_REJECT,M4_THIN_ONLY_PASS,0,0,1,TIMEOUT,0.8638,1.597,-0.854,0,0,0,,,
BTC-USDT-SWAP-SHORT-1772910598000-22,OKX_MARCH,2026-03-07,REJECT,HYBRID_REJECT,M4_THIN_ONLY_PASS,0,0,1,TIMEOUT,0.0636,1.242,-1.218,0,0,0,,,
BTC-USDT-SWAP-SHORT-1772911480000-23,OKX_MARCH,2026-03-07,REJECT,HYBRID_REJECT,M4_THIN_ONLY_PASS,0,0,1,TIMEOUT,-0.2084,1.129,-1.334,0,0,0,,,
BTC-USDT-SWAP-LONG-1772913422000-24,OKX_MARCH,2026-03-07,REJECT,HYBRID_REJECT,M4_THIN_ONLY_PASS,0,0,1,TIMEOUT,0.2435,1.693,-0.779,0,0,0,,,
BTC-USDT-SWAP-LONG-1772913488000-25,OKX_MARCH,2026-03-07,REJECT,HYBRID_REJECT,M4_THIN_ONLY_PASS,0,0,1,TIMEOUT,-0.3158,1.375,-1.089,0,0,0,,,
BTC-USDT-SWAP-LONG-1772916785000-26,OKX_MARCH,2026-03-07,REJECT,HYBRID_REJECT,M4_THIN_ONLY_PASS,0,0,1,TIMEOUT,-0.3516,1.227,-1.233,0,0,0,,,
BTC-USDT-SWAP-LONG-1772919621000-27,OKX_MARCH,2026-03-07,REJECT,HYBRID_REJECT,M4_THIN_ONLY_PASS,0,0,1,TIMEOUT,-0.8148,1.149,-1.309,0,0,0,,,
BTC-USDT-SWAP-SHORT-1772928898000-2,OKX_MARCH,2026-03-08,REJECT,HYBRID_REJECT,M4_THIN_ONLY_PASS,1,0,0,WIN,1.86,2.708,-1.151,1,1,0,1305.6,1307.0,
BTC-USDT-SWAP-LONG-1772928031000-1,OKX_MARCH,2026-03-08,REJECT,HYBRID_REJECT,M4_THIN_ONLY_PASS,0,1,0,LOSS,-1.64,1.242,-2.62,0,0,0,,,
BTC-USDT-SWAP-LONG-1772929845000-3,OKX_MARCH,2026-03-08,REJECT,HYBRID_REJECT,M4_THIN_ONLY_PASS,0,1,0,LOSS,-1.64,1.319,-2.546,0,0,0,,,
BTC-USDT-SWAP-SHORT-1772930593000-4,OKX_MARCH,2026-03-08,REJECT,HYBRID_REJECT,M4_THIN_ONLY_PASS,1,0,0,WIN,1.86,2.495,-1.373,1,0,0,1277.9,,
BTC-USDT-SWAP-LONG-1772931158000-5,OKX_MARCH,2026-03-08,REJECT,HYBRID_REJECT,M4_THIN_ONLY_PASS,0,1,0,LOSS,-1.64,1.505,-2.367,0,0,0,,,
BTC-USDT-SWAP-SHORT-1772932298000-6,OKX_MARCH,2026-03-08,REJECT,HYBRID_REJECT,M4_THIN_ONLY_PASS,1,0,0,WIN,1.86,2.496,-1.372,1,0,0,1249.2,,
BTC-USDT-SWAP-SHORT-1772937050000-7,OKX_MARCH,2026-03-08,REJECT,HYBRID_REJECT,M4_THIN_ONLY_PASS,0,1,0,LOSS,-1.64,2.327,-1.547,1,0,0,1171.1,,
BTC-USDT-SWAP-SHORT-1772937086000-8,OKX_MARCH,2026-03-08,REJECT,HYBRID_REJECT,M4_THIN_ONLY_PASS,1,0,0,WIN,1.86,2.373,-1.499,1,0,0,1169.8,,
BTC-USDT-SWAP-LONG-1772938557000-9,OKX_MARCH,2026-03-08,REJECT,HYBRID_REJECT,M4_THIN_ONLY_PASS,0,1,0,LOSS,-1.64,1.835,-2.05,0,0,0,,,
BTC-USDT-SWAP-SHORT-1772938604000-10,OKX_MARCH,2026-03-08,REJECT,HYBRID_REJECT,M4_THIN_ONLY_PASS,0,1,0,LOSS,-1.64,2.054,-1.831,1,0,0,1152.1,,
BTC-USDT-SWAP-SHORT-1772942112000-11,OKX_MARCH,2026-03-08,REJECT,HYBRID_REJECT,M4_THIN_ONLY_PASS,0,1,0,LOSS,-1.64,2.11,-1.772,1,0,0,1095.4,,
BTC-USDT-SWAP-SHORT-1772945605000-12,OKX_MARCH,2026-03-08,REJECT,HYBRID_REJECT,M4_THIN_ONLY_PASS,0,1,0,LOSS,-1.64,1.988,-1.9,0,0,0,,,
BTC-USDT-SWAP-LONG-1772945971000-13,OKX_MARCH,2026-03-08,REJECT,HYBRID_REJECT,M4_THIN_ONLY_PASS,0,1,0,LOSS,-1.64,1.526,-2.348,0,0,0,,,
BTC-USDT-SWAP-LONG-1772954182000-14,OKX_MARCH,2026-03-08,REJECT,HYBRID_REJECT,M4_THIN_ONLY_PASS,0,1,0,LOSS,-1.64,1.214,-2.648,0,0,0,,,
BTC-USDT-SWAP-SHORT-1772955851000-15,OKX_MARCH,2026-03-08,REJECT,HYBRID_REJECT,M4_THIN_ONLY_PASS,1,0,0,WIN,1.86,2.503,-1.365,1,1,0,841.0,861.7,
BTC-USDT-SWAP-LONG-1772956387000-16,OKX_MARCH,2026-03-08,REJECT,HYBRID_REJECT,M4_THIN_ONLY_PASS,0,1,0,LOSS,-1.64,1.334,-2.532,0,0,0,,,
BTC-USDT-SWAP-SHORT-1772959740000-17,OKX_MARCH,2026-03-08,REJECT,HYBRID_REJECT,M4_THIN_ONLY_PASS,1,0,0,WIN,1.86,2.834,-1.02,1,1,0,783.3,784.7,
BTC-USDT-SWAP-LONG-1772960006000-18,OKX_MARCH,2026-03-08,REJECT,HYBRID_REJECT,M4_THIN_ONLY_PASS,0,1,0,LOSS,-1.64,0.982,-2.87,0,0,0,,,
BTC-USDT-SWAP-LONG-1772960711000-20,OKX_MARCH,2026-03-08,REJECT,HYBRID_REJECT,M4_THIN_ONLY_PASS,0,1,0,LOSS,-1.64,1.05,-2.805,0,0,0,,,
BTC-USDT-SWAP-SHORT-1772960413000-19,OKX_MARCH,2026-03-08,REJECT,HYBRID_REJECT,M4_THIN_ONLY_PASS,1,0,0,WIN,1.86,3.217,-0.622,1,1,1,763.6,764.0,765.4
BTC-USDT-SWAP-SHORT-1772961574000-21,OKX_MARCH,2026-03-08,REJECT,HYBRID_REJECT,M4_THIN_ONLY_PASS,1,0,0,WIN,1.86,3.171,-0.669,1,1,1,751.4,751.8,753.2
BTC-USDT-SWAP-LONG-1772961897000-22,OKX_MARCH,2026-03-08,REJECT,HYBRID_REJECT,M4_THIN_ONLY_PASS,0,1,0,LOSS,-1.64,0.918,-3.19,0,0,0,,,
BTC-USDT-SWAP-SHORT-1772965735000-23,OKX_MARCH,2026-03-08,REJECT,HYBRID_REJECT,M4_THIN_ONLY_PASS,1,0,0,WIN,1.86,3.578,-0.626,1,1,1,685.7,687.7,688.1
BTC-USDT-SWAP-SHORT-1772966351000-24,OKX_MARCH,2026-03-08,REJECT,HYBRID_REJECT,M4_THIN_ONLY_PASS,1,0,0,WIN,1.86,3.496,-0.711,1,1,1,681.0,681.3,681.4
BTC-USDT-SWAP-LONG-1772966741000-25,OKX_MARCH,2026-03-08,REJECT,HYBRID_REJECT,M4_THIN_ONLY_PASS,0,1,0,LOSS,-1.64,1.313,-2.92,0,0,0,,,
BTC-USDT-SWAP-SHORT-1773008368000-26,OKX_MARCH,2026-03-08,REJECT,HYBRID_REJECT,M4_THIN_ONLY_PASS,0,1,0,LOSS,-1.64,0.074,-5.797,0,0,0,,,
BTC-USDT-SWAP-SHORT-1773008374000-27,OKX_MARCH,2026-03-08,REJECT,HYBRID_REJECT,M4_THIN_ONLY_PASS,0,1,0,LOSS,-1.64,0.074,-5.797,0,0,0,,,
BTC-USDT-SWAP-LONG-1773009806000-28,OKX_MARCH,2026-03-08,REJECT,HYBRID_REJECT,M4_THIN_ONLY_PASS,1,0,0,WIN,1.86,5.193,-0.503,1,1,1,268.6,416.3,646.2
BTC-USDT-SWAP-SHORT-1773010345000-30,OKX_MARCH,2026-03-08,REJECT,HYBRID_REJECT,M4_THIN_ONLY_PASS,0,1,0,LOSS,-1.64,0.629,-5.06,0,0,0,,,
BTC-USDT-SWAP-LONG-1773009907000-29,OKX_MARCH,2026-03-08,REJECT,HYBRID_REJECT,M4_THIN_ONLY_PASS,1,0,0,WIN,1.86,5.034,-0.653,1,1,1,247.0,394.9,625.4
BTC-USDT-SWAP-SHORT-1773012685000-31,OKX_MARCH,2026-03-08,REJECT,HYBRID_REJECT,M4_THIN_ONLY_PASS,0,1,0,LOSS,-1.64,0.416,-5.285,0,0,0,,,
BTC-USDT-SWAP-SHORT-1773012754000-32,OKX_MARCH,2026-03-08,REJECT,HYBRID_REJECT,M4_THIN_ONLY_PASS,0,1,0,LOSS,-1.64,0.416,-5.285,0,0,0,,,
BTC-USDT-SWAP-SHORT-1773013924000-33,OKX_MARCH,2026-03-08,REJECT,HYBRID_REJECT,M4_THIN_ONLY_PASS,0,1,0,LOSS,-1.64,0.338,-5.367,0,0,0,,,
BTC-USDT-SWAP-SHORT-1773014431000-1,OKX_MARCH,2026-03-09,REJECT,HYBRID_REJECT,M4_THIN_ONLY_PASS,0,1,0,LOSS,-1.64,0.701,-4.984,0,0,0,,,
BTC-USDT-SWAP-SHORT-1773015207000-2,OKX_MARCH,2026-03-09,REJECT,HYBRID_REJECT,M4_THIN_ONLY_PASS,0,1,0,LOSS,-1.64,0.799,-4.648,0,0,0,,,
BTC-USDT-SWAP-LONG-1773016156000-3,OKX_MARCH,2026-03-09,REJECT,HYBRID_REJECT,M4_THIN_ONLY_PASS,1,0,0,WIN,1.86,4.712,-0.737,1,1,1,291.0,520.9,531.7
BTC-USDT-SWAP-LONG-1773017505000-4,OKX_MARCH,2026-03-09,REJECT,HYBRID_REJECT,M4_THIN_ONLY_PASS,1,0,0,WIN,1.86,4.877,-0.581,1,1,1,139.4,289.7,515.4
BTC-USDT-SWAP-SHORT-1773025639000-5,OKX_MARCH,2026-03-09,REJECT,HYBRID_REJECT,M4_THIN_ONLY_PASS,0,1,0,LOSS,-1.64,0.775,-4.743,0,0,0,,,
BTC-USDT-SWAP-LONG-1773026901000-6,OKX_MARCH,2026-03-09,REJECT,HYBRID_REJECT,M4_THIN_ONLY_PASS,1,0,0,WIN,1.86,5.011,-0.521,1,1,1,579.9,603.2,613.5
BTC-USDT-SWAP-LONG-1773027138000-7,OKX_MARCH,2026-03-09,REJECT,HYBRID_REJECT,M4_THIN_ONLY_PASS,1,0,0,WIN,1.86,4.911,-0.616,1,1,1,590.9,599.6,612.7
BTC-USDT-SWAP-LONG-1773027249000-8,OKX_MARCH,2026-03-09,REJECT,HYBRID_REJECT,M4_THIN_ONLY_PASS,1,0,0,WIN,1.86,5.15,-0.389,1,1,1,555.0,574.6,588.3
BTC-USDT-SWAP-LONG-1773028538000-9,OKX_MARCH,2026-03-09,REJECT,HYBRID_REJECT,M4_THIN_ONLY_PASS,1,0,0,WIN,1.86,5.037,-0.497,1,1,1,552.4,574.3,585.1
BTC-USDT-SWAP-LONG-1773031454000-10,OKX_MARCH,2026-03-09,REJECT,HYBRID_REJECT,M4_THIN_ONLY_PASS,1,0,0,WIN,1.86,4.615,-0.897,1,1,1,519.0,532.6,879.0
BTC-USDT-SWAP-SHORT-1773035272000-11,OKX_MARCH,2026-03-09,REJECT,HYBRID_REJECT,M4_THIN_ONLY_PASS,0,1,0,LOSS,-1.64,1.486,-3.993,0,0,0,,,
BTC-USDT-SWAP-SHORT-1773035662000-12,OKX_MARCH,2026-03-09,REJECT,HYBRID_REJECT,M4_THIN_ONLY_PASS,0,1,0,LOSS,-1.64,1.426,-4.056,0,0,0,,,
BTC-USDT-SWAP-SHORT-1773037195000-15,OKX_MARCH,2026-03-09,REJECT,HYBRID_REJECT,M4_THIN_ONLY_PASS,0,1,0,LOSS,-1.64,1.025,-4.48,0,0,0,,,
BTC-USDT-SWAP-SHORT-1773037247000-16,OKX_MARCH,2026-03-09,REJECT,HYBRID_REJECT,M4_THIN_ONLY_PASS,0,1,0,LOSS,-1.64,1.046,-4.457,0,0,0,,,
BTC-USDT-SWAP-SHORT-1773038614000-17,OKX_MARCH,2026-03-09,REJECT,HYBRID_REJECT,M4_THIN_ONLY_PASS,0,1,0,LOSS,-1.64,0.649,-4.876,0,0,0,,,
BTC-USDT-SWAP-LONG-1773036656000-13,OKX_MARCH,2026-03-09,REJECT,HYBRID_REJECT,M4_THIN_ONLY_PASS,1,0,0,WIN,1.86,4.798,-0.723,1,1,1,397.5,414.2,467.1
BTC-USDT-SWAP-LONG-1773036806000-14,OKX_MARCH,2026-03-09,REJECT,HYBRID_REJECT,M4_THIN_ONLY_PASS,1,0,0,WIN,1.86,4.798,-0.723,1,1,1,397.5,414.2,467.1
BTC-USDT-SWAP-SHORT-1773038772000-18,OKX_MARCH,2026-03-09,REJECT,HYBRID_REJECT,M4_THIN_ONLY_PASS,0,1,0,LOSS,-1.64,0.609,-4.918,0,0,0,,,
BTC-USDT-SWAP-SHORT-1773040375000-19,OKX_MARCH,2026-03-09,REJECT,HYBRID_REJECT,M4_THIN_ONLY_PASS,0,1,0,LOSS,-1.64,0.026,-4.998,0,0,0,,,
BTC-USDT-SWAP-SHORT-1773042144000-20,OKX_MARCH,2026-03-09,REJECT,HYBRID_REJECT,M4_THIN_ONLY_PASS,0,1,0,LOSS,-1.64,0.087,-4.759,0,0,0,,,
BTC-USDT-SWAP-SHORT-1773045071000-21,OKX_MARCH,2026-03-09,REJECT,HYBRID_REJECT,M4_THIN_ONLY_PASS,0,1,0,LOSS,-1.64,0.64,-4.912,0,0,0,,,
BTC-USDT-SWAP-LONG-1773045274000-22,OKX_MARCH,2026-03-09,REJECT,HYBRID_REJECT,M4_THIN_ONLY_PASS,1,0,0,WIN,1.86,4.921,-0.632,1,1,1,294.1,347.0,1061.0
BTC-USDT-SWAP-LONG-1773053059000-25,OKX_MARCH,2026-03-09,REJECT,HYBRID_REJECT,M4_THIN_ONLY_PASS,1,0,0,WIN,1.86,5.338,-0.54,1,1,1,175.7,228.6,942.3
BTC-USDT-SWAP-SHORT-1773052725000-24,OKX_MARCH,2026-03-09,REJECT,HYBRID_REJECT,M4_THIN_ONLY_PASS,0,1,0,LOSS,-1.64,0.611,-5.262,0,0,0,,,
BTC-USDT-SWAP-LONG-1773059253000-26,OKX_MARCH,2026-03-09,REJECT,HYBRID_REJECT,M4_THIN_ONLY_PASS,1,0,0,WIN,1.86,4.682,-0.1,1,1,1,109.9,819.0,824.2
BTC-USDT-SWAP-LONG-1773059276000-27,OKX_MARCH,2026-03-09,REJECT,HYBRID_REJECT,M4_THIN_ONLY_PASS,1,0,0,WIN,1.86,4.682,-0.1,1,1,1,109.9,819.0,824.2
BTC-USDT-SWAP-SHORT-1773060141000-28,OKX_MARCH,2026-03-09,REJECT,HYBRID_REJECT,M4_THIN_ONLY_PASS,0,1,0,LOSS,-1.64,0.0,-4.695,0,0,0,,,
BTC-USDT-SWAP-SHORT-1773060996000-29,OKX_MARCH,2026-03-09,REJECT,HYBRID_REJECT,M4_THIN_ONLY_PASS,0,1,0,LOSS,-1.64,0.053,-4.524,0,0,0,,,
BTC-USDT-SWAP-LONG-1773063517000-30,OKX_MARCH,2026-03-09,REJECT,HYBRID_REJECT,M4_THIN_ONLY_PASS,1,0,0,WIN,1.86,3.543,-0.892,1,1,1,781.1,788.2,1107.3
BTC-USDT-SWAP-LONG-1773063532000-31,OKX_MARCH,2026-03-09,REJECT,HYBRID_REJECT,M4_THIN_ONLY_PASS,1,0,0,WIN,1.86,3.662,-0.778,1,1,1,774.0,787.5,1106.5
BTC-USDT-SWAP-LONG-1773064671000-32,OKX_MARCH,2026-03-09,REJECT,HYBRID_REJECT,M4_THIN_ONLY_PASS,1,0,0,WIN,1.86,3.321,-1.105,1,1,1,760.7,1085.8,1120.8
BTC-USDT-SWAP-LONG-1773064788000-33,OKX_MARCH,2026-03-09,REJECT,HYBRID_REJECT,M4_THIN_ONLY_PASS,1,0,0,WIN,1.86,3.137,-1.28,1,1,1,766.6,1085.5,1162.0
BTC-USDT-SWAP-LONG-1773066205000-36,OKX_MARCH,2026-03-09,REJECT,HYBRID_REJECT,M4_THIN_ONLY_PASS,1,0,0,WIN,1.86,3.104,-1.312,1,1,1,741.1,1059.8,1136.2
BTC-USDT-SWAP-SHORT-1773066123000-34,OKX_MARCH,2026-03-09,REJECT,HYBRID_REJECT,M4_THIN_ONLY_PASS,0,1,0,LOSS,-1.64,1.487,-2.922,0,0,0,,,
BTC-USDT-SWAP-SHORT-1773066127000-35,OKX_MARCH,2026-03-09,REJECT,HYBRID_REJECT,M4_THIN_ONLY_PASS,0,1,0,LOSS,-1.64,1.487,-2.922,0,0,0,,,
BTC-USDT-SWAP-SHORT-1773070714000-37,OKX_MARCH,2026-03-09,REJECT,HYBRID_REJECT,M4_THIN_ONLY_PASS,0,1,0,LOSS,-1.64,0.846,-4.307,0,0,0,,,
BTC-USDT-SWAP-SHORT-1773070746000-38,OKX_MARCH,2026-03-09,REJECT,HYBRID_REJECT,M4_THIN_ONLY_PASS,0,1,0,LOSS,-1.64,0.846,-4.307,0,0,0,,,
BTC-USDT-SWAP-SHORT-1773072008000-39,OKX_MARCH,2026-03-09,REJECT,HYBRID_REJECT,M4_THIN_ONLY_PASS,0,1,0,LOSS,-1.64,0.83,-4.325,0,0,0,,,
BTC-USDT-SWAP-LONG-1773077548000-40,OKX_MARCH,2026-03-09,REJECT,HYBRID_REJECT,M4_THIN_ONLY_PASS,1,0,0,WIN,1.86,4.547,-0.619,1,1,1,539.5,547.3,872.4
BTC-USDT-SWAP-SHORT-1773079208000-41,OKX_MARCH,2026-03-09,REJECT,HYBRID_REJECT,M4_THIN_ONLY_PASS,0,1,0,LOSS,-1.64,0.142,-4.926,0,0,0,,,
BTC-USDT-SWAP-SHORT-1773080165000-43,OKX_MARCH,2026-03-09,REJECT,HYBRID_REJECT,M4_THIN_ONLY_PASS,0,1,0,LOSS,-1.64,0.233,-4.829,0,0,0,,,
BTC-USDT-SWAP-LONG-1773079906000-42,OKX_MARCH,2026-03-09,REJECT,HYBRID_REJECT,M4_THIN_ONLY_PASS,1,0,0,WIN,1.86,4.715,-0.342,1,1,1,489.0,497.3,820.1
BTC-USDT-SWAP-LONG-1773080726000-44,OKX_MARCH,2026-03-09,REJECT,HYBRID_REJECT,M4_THIN_ONLY_PASS,1,0,0,WIN,1.86,4.72,-0.338,1,1,1,485.6,493.9,816.7
BTC-USDT-SWAP-SHORT-1773094256000-45,OKX_MARCH,2026-03-09,REJECT,HYBRID_REJECT,M4_THIN_ONLY_PASS,0,1,0,LOSS,-1.64,0.547,-4.436,0,0,0,,,
BTC-USDT-SWAP-SHORT-1773094321000-46,OKX_MARCH,2026-03-09,REJECT,HYBRID_REJECT,M4_THIN_ONLY_PASS,0,1,0,LOSS,-1.64,0.529,-4.455,0,0,0,,,
BTC-USDT-SWAP-LONG-1773096154000-47,OKX_MARCH,2026-03-09,REJECT,HYBRID_REJECT,M4_THIN_ONLY_PASS,1,0,0,WIN,1.86,4.561,-0.428,1,1,1,219.2,227.3,550.1
BTC-USDT-SWAP-SHORT-1773097331000-48,OKX_MARCH,2026-03-09,REJECT,HYBRID_REJECT,M4_THIN_ONLY_PASS,0,1,0,LOSS,-1.64,0.37,-4.622,0,0,0,,,
BTC-USDT-SWAP-LONG-1773100831000-1,OKX_MARCH,2026-03-10,REJECT,HYBRID_REJECT,M4_THIN_ONLY_PASS,1,0,0,WIN,1.86,4.864,-0.092,1,1,1,141.3,146.7,160.1
BTC-USDT-SWAP-SHORT-1773101678000-2,OKX_MARCH,2026-03-10,REJECT,HYBRID_REJECT,M4_THIN_ONLY_PASS,0,1,0,LOSS,-1.64,0.176,-4.202,0,0,0,,,
BTC-USDT-SWAP-SHORT-1773101724000-3,OKX_MARCH,2026-03-10,REJECT,HYBRID_REJECT,M4_THIN_ONLY_PASS,0,1,0,LOSS,-1.64,0.176,-4.202,0,0,0,,,
BTC-USDT-SWAP-SHORT-1773102785000-4,OKX_MARCH,2026-03-10,REJECT,HYBRID_REJECT,M4_THIN_ONLY_PASS,0,1,0,LOSS,-1.64,0.465,-3.9,0,0,0,,,
BTC-USDT-SWAP-SHORT-1773103324000-5,OKX_MARCH,2026-03-10,REJECT,HYBRID_REJECT,M4_THIN_ONLY_PASS,0,1,0,LOSS,-1.64,0.543,-3.819,0,0,0,,,
BTC-USDT-SWAP-LONG-1773104310000-6,OKX_MARCH,2026-03-10,REJECT,HYBRID_REJECT,M4_THIN_ONLY_PASS,1,0,0,WIN,1.86,3.742,-0.616,1,1,1,424.0,427.4,506.6
BTC-USDT-SWAP-LONG-1773104480000-7,OKX_MARCH,2026-03-10,REJECT,HYBRID_REJECT,M4_THIN_ONLY_PASS,1,0,0,WIN,1.86,3.826,-0.535,1,1,1,105.2,424.2,500.6
BTC-USDT-SWAP-LONG-1773104532000-8,OKX_MARCH,2026-03-10,REJECT,HYBRID_REJECT,M4_THIN_ONLY_PASS,1,0,0,WIN,1.86,3.746,-0.613,1,1,1,102.4,421.5,500.6
BTC-USDT-SWAP-LONG-1773106071000-9,OKX_MARCH,2026-03-10,REJECT,HYBRID_REJECT,M4_THIN_ONLY_PASS,1,0,0,WIN,1.86,4.201,-0.028,1,1,1,59.6,382.4,392.3
BTC-USDT-SWAP-LONG-1773106990000-10,OKX_MARCH,2026-03-10,REJECT,HYBRID_REJECT,M4_THIN_ONLY_PASS,1,0,0,WIN,1.86,3.78,-0.066,1,1,1,37.0,356.0,435.1
BTC-USDT-SWAP-LONG-1773111721000-11,OKX_MARCH,2026-03-10,REJECT,HYBRID_REJECT,M4_THIN_ONLY_PASS,1,0,0,WIN,1.86,2.266,-1.304,1,0,0,714.5,,
BTC-USDT-SWAP-SHORT-1773113999000-12,OKX_MARCH,2026-03-10,REJECT,HYBRID_REJECT,M4_THIN_ONLY_PASS,0,1,0,LOSS,-1.64,1.013,-2.568,0,0,0,,,
BTC-USDT-SWAP-SHORT-1773114143000-13,OKX_MARCH,2026-03-10,REJECT,HYBRID_REJECT,M4_THIN_ONLY_PASS,0,1,0,LOSS,-1.64,0.229,-3.38,0,0,0,,,
BTC-USDT-SWAP-LONG-1773114910000-14,OKX_MARCH,2026-03-10,REJECT,HYBRID_REJECT,M4_THIN_ONLY_PASS,1,0,0,WIN,1.86,3.126,-0.474,1,1,1,266.2,647.7,656.2
BTC-USDT-SWAP-SHORT-1773115229000-15,OKX_MARCH,2026-03-10,REJECT,HYBRID_REJECT,M4_THIN_ONLY_PASS,0,1,0,LOSS,-1.64,0.457,-3.145,0,0,0,,,
BTC-USDT-SWAP-LONG-1773115703000-16,OKX_MARCH,2026-03-10,REJECT,HYBRID_REJECT,M4_THIN_ONLY_PASS,1,0,0,WIN,1.86,2.986,-0.61,1,1,0,303.0,634.5,
BTC-USDT-SWAP-LONG-1773116500000-17,OKX_MARCH,2026-03-10,REJECT,HYBRID_REJECT,M4_THIN_ONLY_PASS,1,0,0,WIN,1.86,2.762,-0.826,1,1,0,293.9,630.5,
BTC-USDT-SWAP-LONG-1773116566000-18,OKX_MARCH,2026-03-10,REJECT,HYBRID_REJECT,M4_THIN_ONLY_PASS,1,0,0,WIN,1.86,2.762,-0.826,1,1,0,293.9,630.5,
BTC-USDT-SWAP-LONG-1773118368000-19,OKX_MARCH,2026-03-10,REJECT,HYBRID_REJECT,M4_THIN_ONLY_PASS,1,0,0,WIN,1.86,2.675,-0.91,1,1,0,600.3,608.8,
BTC-USDT-SWAP-SHORT-1773119667000-21,OKX_MARCH,2026-03-10,REJECT,HYBRID_REJECT,M4_THIN_ONLY_PASS,0,1,0,LOSS,-1.64,1.321,-2.249,0,0,0,,,
BTC-USDT-SWAP-SHORT-1773119784000-22,OKX_MARCH,2026-03-10,REJECT,HYBRID_REJECT,M4_THIN_ONLY_PASS,0,1,0,LOSS,-1.64,1.232,-2.341,0,0,0,,,
BTC-USDT-SWAP-LONG-1773119418000-20,OKX_MARCH,2026-03-10,REJECT,HYBRID_REJECT,M4_THIN_ONLY_PASS,1,0,0,WIN,1.86,2.435,-1.141,1,0,0,565.4,,
BTC-USDT-SWAP-LONG-1773120716000-23,OKX_MARCH,2026-03-10,REJECT,HYBRID_REJECT,M4_THIN_ONLY_PASS,1,0,0,WIN,1.86,2.64,-0.944,1,1,0,552.9,561.4,
BTC-USDT-SWAP-LONG-1773127382000-24,OKX_MARCH,2026-03-10,REJECT,HYBRID_REJECT,M4_THIN_ONLY_PASS,1,0,0,WIN,1.86,2.091,-1.473,1,0,0,451.8,,
BTC-USDT-SWAP-LONG-1773127409000-25,OKX_MARCH,2026-03-10,REJECT,HYBRID_REJECT,M4_THIN_ONLY_PASS,1,0,0,WIN,1.86,2.091,-1.473,1,0,0,451.8,,
BTC-USDT-SWAP-SHORT-1773129222000-26,OKX_MARCH,2026-03-10,REJECT,HYBRID_REJECT,M4_THIN_ONLY_PASS,0,1,0,LOSS,-1.64,1.701,-1.855,0,0,0,,,
BTC-USDT-SWAP-LONG-1773130875000-28,OKX_MARCH,2026-03-10,REJECT,HYBRID_REJECT,M4_THIN_ONLY_PASS,0,1,0,LOSS,-1.64,1.326,-2.211,0,0,0,,,
BTC-USDT-SWAP-SHORT-1773130383000-27,OKX_MARCH,2026-03-10,REJECT,HYBRID_REJECT,M4_THIN_ONLY_PASS,1,0,0,WIN,1.86,2.371,-1.161,1,0,0,325.1,,
BTC-USDT-SWAP-LONG-1773132119000-29,OKX_MARCH,2026-03-10,REJECT,HYBRID_REJECT,M4_THIN_ONLY_PASS,0,1,0,LOSS,-1.64,1.317,-2.22,0,0,0,,,
BTC-USDT-SWAP-SHORT-1773132250000-30,OKX_MARCH,2026-03-10,REJECT,HYBRID_REJECT,M4_THIN_ONLY_PASS,1,0,0,WIN,1.86,2.095,-1.447,1,0,0,324.1,,
BTC-USDT-SWAP-LONG-1773133047000-31,OKX_MARCH,2026-03-10,REJECT,HYBRID_REJECT,M4_THIN_ONLY_PASS,0,1,0,LOSS,-1.64,1.569,-1.978,0,0,0,,,
BTC-USDT-SWAP-SHORT-1773135384000-32,OKX_MARCH,2026-03-10,REJECT,HYBRID_REJECT,M4_THIN_ONLY_PASS,1,0,0,WIN,1.86,2.553,-0.973,1,1,0,260.4,275.2,
BTC-USDT-SWAP-LONG-1773139318000-33,OKX_MARCH,2026-03-10,REJECT,HYBRID_REJECT,M4_THIN_ONLY_PASS,0,1,0,LOSS,-1.64,1.542,-2.003,0,0,0,,,
BTC-USDT-SWAP-SHORT-1773140970000-34,OKX_MARCH,2026-03-10,REJECT,HYBRID_REJECT,M4_THIN_ONLY_PASS,0,1,0,LOSS,-1.64,1.95,-1.597,0,0,0,,,
BTC-USDT-SWAP-SHORT-1773141284000-35,OKX_MARCH,2026-03-10,REJECT,HYBRID_REJECT,M4_THIN_ONLY_PASS,0,1,0,LOSS,-1.64,1.904,-1.645,0,0,0,,,
BTC-USDT-SWAP-SHORT-1773144098000-36,OKX_MARCH,2026-03-10,REJECT,HYBRID_REJECT,M4_THIN_ONLY_PASS,0,1,0,LOSS,-1.64,2.006,-1.989,1,0,0,1431.1,,
BTC-USDT-SWAP-LONG-1773148718000-37,OKX_MARCH,2026-03-10,REJECT,HYBRID_REJECT,M4_THIN_ONLY_PASS,0,1,0,LOSS,-1.64,1.326,-2.643,0,0,0,,,
BTC-USDT-SWAP-SHORT-1773150917000-38,OKX_MARCH,2026-03-10,REJECT,HYBRID_REJECT,M4_THIN_ONLY_PASS,0,1,0,LOSS,-1.64,1.199,-2.829,0,0,0,,,
BTC-USDT-SWAP-LONG-1773154908000-39,OKX_MARCH,2026-03-10,REJECT,HYBRID_REJECT,M4_THIN_ONLY_PASS,0,1,0,LOSS,-1.64,0.595,-3.231,0,0,0,,,
BTC-USDT-SWAP-LONG-1773154921000-40,OKX_MARCH,2026-03-10,REJECT,HYBRID_REJECT,M4_THIN_ONLY_PASS,0,1,0,LOSS,-1.64,0.595,-3.231,0,0,0,,,
BTC-USDT-SWAP-LONG-1773155511000-41,OKX_MARCH,2026-03-10,REJECT,HYBRID_REJECT,M4_THIN_ONLY_PASS,0,1,0,LOSS,-1.64,0.678,-3.151,0,0,0,,,
BTC-USDT-SWAP-SHORT-1773160125000-43,OKX_MARCH,2026-03-10,REJECT,HYBRID_REJECT,M4_THIN_ONLY_PASS,1,0,0,WIN,1.86,3.279,-0.196,1,1,1,113.4,294.1,1145.1
BTC-USDT-SWAP-SHORT-1773160082000-42,OKX_MARCH,2026-03-10,REJECT,HYBRID_REJECT,M4_THIN_ONLY_PASS,1,0,0,WIN,1.86,3.279,-0.196,1,1,1,113.4,294.1,1145.1
BTC-USDT-SWAP-SHORT-1773161500000-44,OKX_MARCH,2026-03-10,REJECT,HYBRID_REJECT,M4_THIN_ONLY_PASS,1,0,0,WIN,1.86,3.212,-0.265,1,1,1,159.0,315.6,1148.2
BTC-USDT-SWAP-SHORT-1773167137000-45,OKX_MARCH,2026-03-10,REJECT,HYBRID_REJECT,M4_THIN_ONLY_PASS,0,0,1,TIMEOUT,-0.663,1.995,-1.351,0,0,0,,,
BTC-USDT-SWAP-SHORT-1773181308000-46,OKX_MARCH,2026-03-10,REJECT,HYBRID_REJECT,M4_THIN_ONLY_PASS,0,1,0,LOSS,-1.64,0.932,-2.449,0,0,0,,,
BTC-USDT-SWAP-SHORT-1773188193000-2,OKX_MARCH,2026-03-11,REJECT,HYBRID_REJECT,M4_THIN_ONLY_PASS,0,1,0,LOSS,-1.64,1.438,-1.927,0,0,0,,,
BTC-USDT-SWAP-SHORT-1773188301000-3,OKX_MARCH,2026-03-11,REJECT,HYBRID_REJECT,M4_THIN_ONLY_PASS,0,1,0,LOSS,-1.64,1.443,-1.922,0,0,0,,,
BTC-USDT-SWAP-SHORT-1773188323000-4,OKX_MARCH,2026-03-11,REJECT,HYBRID_REJECT,M4_THIN_ONLY_PASS,0,1,0,LOSS,-1.64,1.437,-1.927,0,0,0,,,
BTC-USDT-SWAP-LONG-1773187573000-1,OKX_MARCH,2026-03-11,REJECT,HYBRID_REJECT,M4_THIN_ONLY_PASS,1,0,0,WIN,1.86,2.029,-1.339,1,0,0,1005.8,,
BTC-USDT-SWAP-SHORT-1773188983000-5,OKX_MARCH,2026-03-11,REJECT,HYBRID_REJECT,M4_THIN_ONLY_PASS,0,1,0,LOSS,-1.64,1.613,-1.746,0,0,0,,,
BTC-USDT-SWAP-SHORT-1773197989000-7,OKX_MARCH,2026-03-11,REJECT,HYBRID_REJECT,M4_THIN_ONLY_PASS,0,1,0,LOSS,-1.64,1.128,-2.247,0,0,0,,,
BTC-USDT-SWAP-LONG-1773196970000-6,OKX_MARCH,2026-03-11,REJECT,HYBRID_REJECT,M4_THIN_ONLY_PASS,1,0,0,WIN,1.86,2.281,-1.095,1,0,0,856.0,,
BTC-USDT-SWAP-SHORT-1773198237000-8,OKX_MARCH,2026-03-11,REJECT,HYBRID_REJECT,M4_THIN_ONLY_PASS,0,1,0,LOSS,-1.64,0.834,-2.55,0,0,0,,,
BTC-USDT-SWAP-SHORT-1773199659000-9,OKX_MARCH,2026-03-11,REJECT,HYBRID_REJECT,M4_THIN_ONLY_PASS,0,1,0,LOSS,-1.64,0.784,-2.602,0,0,0,,,
BTC-USDT-SWAP-LONG-1773200852000-10,OKX_MARCH,2026-03-11,REJECT,HYBRID_REJECT,M4_THIN_ONLY_PASS,1,0,0,WIN,1.86,2.552,-0.833,1,1,0,578.4,805.1,
BTC-USDT-SWAP-SHORT-1773205204000-11,OKX_MARCH,2026-03-11,REJECT,HYBRID_REJECT,M4_THIN_ONLY_PASS,0,1,0,LOSS,-1.64,1.633,-1.725,0,0,0,,,
BTC-USDT-SWAP-SHORT-1773208151000-12,OKX_MARCH,2026-03-11,REJECT,HYBRID_REJECT,M4_THIN_ONLY_PASS,0,1,0,LOSS,-1.64,0.794,-2.593,0,0,0,,,
BTC-USDT-SWAP-SHORT-1773215155000-13,OKX_MARCH,2026-03-11,REJECT,HYBRID_REJECT,M4_THIN_ONLY_PASS,0,1,0,LOSS,-1.64,0.973,-2.407,0,0,0,,,
BTC-USDT-SWAP-SHORT-1773215694000-14,OKX_MARCH,2026-03-11,REJECT,HYBRID_REJECT,M4_THIN_ONLY_PASS,0,1,0,LOSS,-1.64,1.027,-2.351,0,0,0,,,
BTC-USDT-SWAP-LONG-1773223325000-15,OKX_MARCH,2026-03-11,REJECT,HYBRID_REJECT,M4_THIN_ONLY_PASS,1,0,0,WIN,1.86,2.737,-0.654,1,1,0,211.2,437.6,
BTC-USDT-SWAP-SHORT-1773224449000-16,OKX_MARCH,2026-03-11,REJECT,HYBRID_REJECT,M4_THIN_ONLY_PASS,0,1,0,LOSS,-1.64,0.735,-2.653,0,0,0,,,
BTC-USDT-SWAP-SHORT-1773229823000-17,OKX_MARCH,2026-03-11,REJECT,HYBRID_REJECT,M4_THIN_ONLY_PASS,0,1,0,LOSS,-1.64,0.345,-3.057,0,0,0,,,
BTC-USDT-SWAP-SHORT-1773230558000-18,OKX_MARCH,2026-03-11,REJECT,HYBRID_REJECT,M4_THIN_ONLY_PASS,0,1,0,LOSS,-1.64,0.082,-3.085,0,0,0,,,
BTC-USDT-SWAP-SHORT-1773230703000-19,OKX_MARCH,2026-03-11,REJECT,HYBRID_REJECT,M4_THIN_ONLY_PASS,0,1,0,LOSS,-1.64,0.082,-3.085,0,0,0,,,
BTC-USDT-SWAP-LONG-1773231035000-20,OKX_MARCH,2026-03-11,REJECT,HYBRID_REJECT,M4_THIN_ONLY_PASS,1,0,0,WIN,1.86,3.076,-0.09,1,1,1,71.1,77.4,304.1
BTC-USDT-SWAP-LONG-1773231661000-21,OKX_MARCH,2026-03-11,REJECT,HYBRID_REJECT,M4_THIN_ONLY_PASS,1,0,0,WIN,1.86,2.926,-0.236,1,1,0,55.2,61.5,
BTC-USDT-SWAP-LONG-1773231710000-22,OKX_MARCH,2026-03-11,REJECT,HYBRID_REJECT,M4_THIN_ONLY_PASS,1,0,0,WIN,1.86,2.926,-0.236,1,1,0,55.2,61.5,
BTC-USDT-SWAP-LONG-1773235815000-23,OKX_MARCH,2026-03-11,REJECT,HYBRID_REJECT,M4_THIN_ONLY_PASS,0,1,0,LOSS,-1.64,0.868,-2.162,0,0,0,,,
BTC-USDT-SWAP-LONG-1773240262000-26,OKX_MARCH,2026-03-11,REJECT,HYBRID_REJECT,M4_THIN_ONLY_PASS,0,1,0,LOSS,-1.64,0.827,-2.201,0,0,0,,,
BTC-USDT-SWAP-SHORT-1773240148000-25,OKX_MARCH,2026-03-11,REJECT,HYBRID_REJECT,M4_THIN_ONLY_PASS,0,1,0,LOSS,-1.64,1.267,-1.791,0,0,0,,,
BTC-USDT-SWAP-SHORT-1773240074000-24,OKX_MARCH,2026-03-11,REJECT,HYBRID_REJECT,M4_THIN_ONLY_PASS,0,1,0,LOSS,-1.64,1.267,-1.791,0,0,0,,,
BTC-USDT-SWAP-LONG-1773244374000-27,OKX_MARCH,2026-03-11,REJECT,HYBRID_REJECT,M4_THIN_ONLY_PASS,0,1,0,LOSS,-1.64,1.484,-1.564,0,0,0,,,
BTC-USDT-SWAP-LONG-1773248977000-28,OKX_MARCH,2026-03-11,REJECT,HYBRID_REJECT,M4_THIN_ONLY_PASS,0,1,0,LOSS,-1.64,0.0,-2.936,0,0,0,,,
BTC-USDT-SWAP-LONG-1773249090000-29,OKX_MARCH,2026-03-11,REJECT,HYBRID_REJECT,M4_THIN_ONLY_PASS,0,1,0,LOSS,-1.64,0.0,-2.936,0,0,0,,,
BTC-USDT-SWAP-LONG-1773250265000-30,OKX_MARCH,2026-03-11,REJECT,HYBRID_REJECT,M4_THIN_ONLY_PASS,0,1,0,LOSS,-1.64,0.235,-2.277,0,0,0,,,
BTC-USDT-SWAP-SHORT-1773273641000-1,OKX_MARCH,2026-03-12,REJECT,HYBRID_REJECT,M4_THIN_ONLY_PASS,0,0,1,TIMEOUT,-0.6895,1.373,-0.942,0,0,0,,,
BTC-USDT-SWAP-SHORT-1773274473000-2,OKX_MARCH,2026-03-12,REJECT,HYBRID_REJECT,M4_THIN_ONLY_PASS,0,1,0,LOSS,-1.64,1.58,-1.978,0,0,0,,,
BTC-USDT-SWAP-LONG-1773274846000-3,OKX_MARCH,2026-03-12,REJECT,HYBRID_REJECT,M4_THIN_ONLY_PASS,0,1,0,LOSS,-1.64,2.118,-1.567,1,0,0,1437.5,,
BTC-USDT-SWAP-LONG-1773275033000-4,OKX_MARCH,2026-03-12,REJECT,HYBRID_REJECT,M4_THIN_ONLY_PASS,1,0,0,WIN,1.86,2.592,-1.444,1,1,0,1421.8,1436.4,
BTC-USDT-SWAP-SHORT-1773277918000-6,OKX_MARCH,2026-03-12,REJECT,HYBRID_REJECT,M4_THIN_ONLY_PASS,0,1,0,LOSS,-1.64,1.031,-3.022,0,0,0,,,
BTC-USDT-SWAP-SHORT-1773278670000-7,OKX_MARCH,2026-03-12,REJECT,HYBRID_REJECT,M4_THIN_ONLY_PASS,0,1,0,LOSS,-1.64,1.097,-2.953,0,0,0,,,
BTC-USDT-SWAP-SHORT-1773279543000-8,OKX_MARCH,2026-03-12,REJECT,HYBRID_REJECT,M4_THIN_ONLY_PASS,0,1,0,LOSS,-1.64,0.967,-3.089,0,0,0,,,
BTC-USDT-SWAP-LONG-1773277743000-5,OKX_MARCH,2026-03-12,REJECT,HYBRID_REJECT,M4_THIN_ONLY_PASS,1,0,0,WIN,1.86,3.136,-0.921,1,1,1,1335.2,1336.3,1351.1
BTC-USDT-SWAP-LONG-1773280802000-9,OKX_MARCH,2026-03-12,REJECT,HYBRID_REJECT,M4_THIN_ONLY_PASS,1,0,0,WIN,1.86,3.148,-0.91,1,1,1,1332.1,1333.2,1347.9
BTC-USDT-SWAP-SHORT-1773281619000-10,OKX_MARCH,2026-03-12,REJECT,HYBRID_REJECT,M4_THIN_ONLY_PASS,0,1,0,LOSS,-1.64,0.869,-3.19,0,0,0,,,
BTC-USDT-SWAP-SHORT-1773282318000-11,OKX_MARCH,2026-03-12,REJECT,HYBRID_REJECT,M4_THIN_ONLY_PASS,0,1,0,LOSS,-1.64,0.576,-3.496,0,0,0,,,
BTC-USDT-SWAP-SHORT-1773283301000-12,OKX_MARCH,2026-03-12,REJECT,HYBRID_REJECT,M4_THIN_ONLY_PASS,0,1,0,LOSS,-1.64,0.32,-3.762,0,0,0,,,
BTC-USDT-SWAP-LONG-1773284182000-14,OKX_MARCH,2026-03-12,REJECT,HYBRID_REJECT,M4_THIN_ONLY_PASS,1,0,0,WIN,1.86,3.909,-0.179,1,1,1,520.2,1272.5,1274.5
BTC-USDT-SWAP-SHORT-1773283808000-13,OKX_MARCH,2026-03-12,REJECT,HYBRID_REJECT,M4_THIN_ONLY_PASS,0,1,0,LOSS,-1.64,0.181,-3.907,0,0,0,,,
BTC-USDT-SWAP-SHORT-1773284771000-15,OKX_MARCH,2026-03-12,REJECT,HYBRID_REJECT,M4_THIN_ONLY_PASS,0,1,0,LOSS,-1.64,0.183,-3.904,0,0,0,,,
BTC-USDT-SWAP-LONG-1773289183000-16,OKX_MARCH,2026-03-12,REJECT,HYBRID_REJECT,M4_THIN_ONLY_PASS,1,0,0,WIN,1.86,3.863,-0.223,1,1,1,409.8,1161.7,1163.7
BTC-USDT-SWAP-SHORT-1773301094000-17,OKX_MARCH,2026-03-12,REJECT,HYBRID_REJECT,M4_THIN_ONLY_PASS,0,1,0,LOSS,-1.64,0.511,-3.341,0,0,0,,,
BTC-USDT-SWAP-LONG-1773302140000-18,OKX_MARCH,2026-03-12,REJECT,HYBRID_REJECT,M4_THIN_ONLY_PASS,1,0,0,WIN,1.86,3.176,-0.67,1,1,1,975.3,976.4,991.1
BTC-USDT-SWAP-LONG-1773303167000-19,OKX_MARCH,2026-03-12,REJECT,HYBRID_REJECT,M4_THIN_ONLY_PASS,1,0,0,WIN,1.86,3.258,-0.591,1,1,1,959.2,959.9,975.2
BTC-USDT-SWAP-LONG-1773306306000-20,OKX_MARCH,2026-03-12,REJECT,HYBRID_REJECT,M4_THIN_ONLY_PASS,1,0,0,WIN,1.86,3.385,-0.737,1,1,1,907.2,909.0,923.0
BTC-USDT-SWAP-LONG-1773307320000-21,OKX_MARCH,2026-03-12,REJECT,HYBRID_REJECT,M4_THIN_ONLY_PASS,1,0,0,WIN,1.86,3.623,-0.509,1,1,1,883.6,885.6,901.0
BTC-USDT-SWAP-LONG-1773309139000-22,OKX_MARCH,2026-03-12,REJECT,HYBRID_REJECT,M4_THIN_ONLY_PASS,1,0,0,WIN,1.86,3.185,-0.929,1,1,1,856.2,863.0,1358.0
BTC-USDT-SWAP-SHORT-1773309951000-23,OKX_MARCH,2026-03-12,REJECT,HYBRID_REJECT,M4_THIN_ONLY_PASS,0,1,0,LOSS,-1.64,0.868,-3.534,0,0,0,,,
BTC-USDT-SWAP-LONG-1773312405000-25,OKX_MARCH,2026-03-12,REJECT,HYBRID_REJECT,M4_THIN_ONLY_PASS,1,0,0,WIN,1.86,3.155,-1.467,1,1,1,807.8,1302.5,1403.5
BTC-USDT-SWAP-LONG-1773312889000-26,OKX_MARCH,2026-03-12,REJECT,HYBRID_REJECT,M4_THIN_ONLY_PASS,0,1,0,LOSS,-1.64,3.09,-1.529,1,1,1,811.3,1297.6,1417.5
BTC-USDT-SWAP-SHORT-1773311218000-24,OKX_MARCH,2026-03-12,REJECT,HYBRID_REJECT,M4_THIN_ONLY_PASS,0,1,0,LOSS,-1.64,1.669,-2.944,0,0,0,,,
BTC-USDT-SWAP-LONG-1773314440000-27,OKX_MARCH,2026-03-12,REJECT,HYBRID_REJECT,M4_THIN_ONLY_PASS,0,1,0,LOSS,-1.64,2.916,-1.695,1,1,0,781.2,1351.8,
BTC-USDT-SWAP-SHORT-1773314627000-28,OKX_MARCH,2026-03-12,REJECT,HYBRID_REJECT,M4_THIN_ONLY_PASS,0,1,0,LOSS,-1.64,1.886,-2.717,0,0,0,,,
BTC-USDT-SWAP-SHORT-1773322220000-29,OKX_MARCH,2026-03-12,REJECT,HYBRID_REJECT,M4_THIN_ONLY_PASS,0,1,0,LOSS,-1.64,1.297,-4.393,0,0,0,,,
BTC-USDT-SWAP-LONG-1773324378000-30,OKX_MARCH,2026-03-12,REJECT,HYBRID_REJECT,M4_THIN_ONLY_PASS,1,0,0,WIN,1.86,6.36,-0.088,1,1,1,558.5,561.1,562.2
BTC-USDT-SWAP-SHORT-1773327022000-31,OKX_MARCH,2026-03-12,REJECT,HYBRID_REJECT,M4_THIN_ONLY_PASS,0,1,0,LOSS,-1.64,0.042,-6.408,0,0,0,,,
BTC-USDT-SWAP-SHORT-1773327051000-32,OKX_MARCH,2026-03-12,REJECT,HYBRID_REJECT,M4_THIN_ONLY_PASS,0,1,0,LOSS,-1.64,0.042,-6.408,0,0,0,,,
BTC-USDT-SWAP-LONG-1773360301000-1,OKX_MARCH,2026-03-13,REJECT,HYBRID_REJECT,M4_THIN_ONLY_PASS,1,0,0,WIN,1.86,3.238,-1.444,1,1,1,775.9,803.8,841.1
BTC-USDT-SWAP-LONG-1773360324000-2,OKX_MARCH,2026-03-13,REJECT,HYBRID_REJECT,M4_THIN_ONLY_PASS,1,0,0,WIN,1.86,3.238,-1.444,1,1,1,775.9,803.8,841.1
BTC-USDT-SWAP-LONG-1773362170000-4,OKX_MARCH,2026-03-13,REJECT,HYBRID_REJECT,M4_THIN_ONLY_PASS,1,0,0,WIN,1.86,3.498,-1.196,1,1,1,716.6,746.8,783.4
BTC-USDT-SWAP-LONG-1773362182000-5,OKX_MARCH,2026-03-13,REJECT,HYBRID_REJECT,M4_THIN_ONLY_PASS,1,0,0,WIN,1.86,3.498,-1.196,1,1,1,716.6,746.8,783.4
BTC-USDT-SWAP-SHORT-1773361797000-3,OKX_MARCH,2026-03-13,REJECT,HYBRID_REJECT,M4_THIN_ONLY_PASS,0,1,0,LOSS,-1.64,1.543,-3.134,0,0,0,,,
BTC-USDT-SWAP-SHORT-1773364676000-6,OKX_MARCH,2026-03-13,REJECT,HYBRID_REJECT,M4_THIN_ONLY_PASS,0,1,0,LOSS,-1.64,1.371,-3.314,0,0,0,,,
BTC-USDT-SWAP-SHORT-1773369857000-7,OKX_MARCH,2026-03-13,REJECT,HYBRID_REJECT,M4_THIN_ONLY_PASS,0,1,0,LOSS,-1.64,1.055,-3.818,0,0,0,,,
BTC-USDT-SWAP-SHORT-1773373019000-8,OKX_MARCH,2026-03-13,REJECT,HYBRID_REJECT,M4_THIN_ONLY_PASS,0,1,0,LOSS,-1.64,0.915,-3.964,0,0,0,,,
BTC-USDT-SWAP-LONG-1773395617000-9,OKX_MARCH,2026-03-13,REJECT,HYBRID_REJECT,M4_THIN_ONLY_PASS,1,0,0,WIN,1.86,2.58,-2.442,1,1,0,233.3,269.9,
BTC-USDT-SWAP-LONG-1773396407000-11,OKX_MARCH,2026-03-13,REJECT,HYBRID_REJECT,M4_THIN_ONLY_PASS,1,0,0,WIN,1.86,2.384,-2.629,1,0,0,249.8,,
BTC-USDT-SWAP-SHORT-1773396389000-10,OKX_MARCH,2026-03-13,REJECT,HYBRID_REJECT,M4_THIN_ONLY_PASS,0,1,0,LOSS,-1.64,2.885,-2.115,1,1,0,457.4,733.4,
BTC-USDT-SWAP-LONG-1773396646000-12,OKX_MARCH,2026-03-13,REJECT,HYBRID_REJECT,M4_THIN_ONLY_PASS,1,0,0,WIN,1.86,2.189,-2.814,1,0,0,235.1,,
BTC-USDT-SWAP-LONG-1773397689000-13,OKX_MARCH,2026-03-13,REJECT,HYBRID_REJECT,M4_THIN_ONLY_PASS,1,0,0,WIN,1.86,2.137,-2.863,1,0,0,233.1,,
BTC-USDT-SWAP-LONG-1773398532000-14,OKX_MARCH,2026-03-13,REJECT,HYBRID_REJECT,M4_THIN_ONLY_PASS,0,1,0,LOSS,-1.64,1.93,-3.06,0,0,0,,,
BTC-USDT-SWAP-SHORT-1773398894000-15,OKX_MARCH,2026-03-13,REJECT,HYBRID_REJECT,M4_THIN_ONLY_PASS,0,1,0,LOSS,-1.64,2.819,-2.184,1,1,0,417.6,857.0,
BTC-USDT-SWAP-SHORT-1773406290000-16,OKX_MARCH,2026-03-13,REJECT,HYBRID_REJECT,M4_THIN_ONLY_PASS,0,1,0,LOSS,-1.64,3.37,-1.604,1,1,1,205.6,301.7,577.7
BTC-USDT-SWAP-LONG-1773406851000-17,OKX_MARCH,2026-03-13,REJECT,HYBRID_REJECT,M4_THIN_ONLY_PASS,0,1,0,LOSS,-1.64,1.543,-3.428,0,0,0,,,
BTC-USDT-SWAP-LONG-1773406983000-18,OKX_MARCH,2026-03-13,REJECT,HYBRID_REJECT,M4_THIN_ONLY_PASS,0,1,0,LOSS,-1.64,1.447,-3.52,0,0,0,,,
BTC-USDT-SWAP-SHORT-1773407290000-19,OKX_MARCH,2026-03-13,REJECT,HYBRID_REJECT,M4_THIN_ONLY_PASS,0,1,0,LOSS,-1.64,3.382,-1.592,1,1,1,184.8,280.9,556.9
BTC-USDT-SWAP-SHORT-1773408172000-20,OKX_MARCH,2026-03-13,REJECT,HYBRID_REJECT,M4_THIN_ONLY_PASS,1,0,0,WIN,1.86,3.807,-1.145,1,1,1,160.2,180.4,293.3
BTC-USDT-SWAP-SHORT-1773408336000-22,OKX_MARCH,2026-03-13,REJECT,HYBRID_REJECT,M4_THIN_ONLY_PASS,1,0,0,WIN,1.86,3.781,-1.172,1,1,1,151.1,171.2,284.1
BTC-USDT-SWAP-SHORT-1773408283000-21,OKX_MARCH,2026-03-13,REJECT,HYBRID_REJECT,M4_THIN_ONLY_PASS,1,0,0,WIN,1.86,3.781,-1.172,1,1,1,151.1,171.2,284.1
BTC-USDT-SWAP-LONG-1773410785000-23,OKX_MARCH,2026-03-13,REJECT,HYBRID_REJECT,M4_THIN_ONLY_PASS,0,1,0,LOSS,-1.64,0.641,-4.286,0,0,0,,,
BTC-USDT-SWAP-SHORT-1773413760000-24,OKX_MARCH,2026-03-13,REJECT,HYBRID_REJECT,M4_THIN_ONLY_PASS,1,0,0,WIN,1.86,3.023,-0.494,1,1,1,168.7,422.0,939.0
BTC-USDT-SWAP-SHORT-1773417139000-25,OKX_MARCH,2026-03-13,REJECT,HYBRID_REJECT,M4_THIN_ONLY_PASS,1,0,0,WIN,1.86,2.074,-0.668,1,0,0,867.5,,
BTC-USDT-SWAP-SHORT-1773418383000-26,OKX_MARCH,2026-03-13,REJECT,HYBRID_REJECT,M4_THIN_ONLY_PASS,0,0,1,TIMEOUT,1.3607,1.919,-0.826,0,0,0,,,
BTC-USDT-SWAP-SHORT-1773419298000-27,OKX_MARCH,2026-03-13,REJECT,HYBRID_REJECT,M4_THIN_ONLY_PASS,1,0,0,WIN,1.86,2.332,-0.403,1,0,0,522.4,,
BTC-USDT-SWAP-SHORT-1773419322000-28,OKX_MARCH,2026-03-13,REJECT,HYBRID_REJECT,M4_THIN_ONLY_PASS,1,0,0,WIN,1.86,2.332,-0.403,1,0,0,522.4,,
BTC-USDT-SWAP-SHORT-1773424644000-29,OKX_MARCH,2026-03-13,REJECT,HYBRID_REJECT,M4_THIN_ONLY_PASS,0,0,1,TIMEOUT,0.479,1.057,-0.648,0,0,0,,,
BTC-USDT-SWAP-SHORT-1773425887000-30,OKX_MARCH,2026-03-13,REJECT,HYBRID_REJECT,M4_THIN_ONLY_PASS,0,0,1,TIMEOUT,0.7049,1.334,-0.366,0,0,0,,,
BTC-USDT-SWAP-SHORT-1773426956000-31,OKX_MARCH,2026-03-13,REJECT,HYBRID_REJECT,M4_THIN_ONLY_PASS,0,0,1,TIMEOUT,0.7022,1.345,-0.354,0,0,0,,,
BTC-USDT-SWAP-SHORT-1773441907000-32,OKX_MARCH,2026-03-13,REJECT,HYBRID_REJECT,M4_THIN_ONLY_PASS,0,0,1,TIMEOUT,-0.1332,0.616,-0.835,0,0,0,,,
BTC-USDT-SWAP-SHORT-1773446937000-1,OKX_MARCH,2026-03-14,REJECT,HYBRID_REJECT,M4_THIN_ONLY_PASS,0,0,1,TIMEOUT,-0.4648,0.793,-0.654,0,0,0,,,
BTC-USDT-SWAP-LONG-1773448191000-2,OKX_MARCH,2026-03-14,REJECT,HYBRID_REJECT,M4_THIN_ONLY_PASS,0,0,1,TIMEOUT,0.1241,0.606,-0.841,0,0,0,,,
BTC-USDT-SWAP-LONG-1773448333000-3,OKX_MARCH,2026-03-14,REJECT,HYBRID_REJECT,M4_THIN_ONLY_PASS,0,0,1,TIMEOUT,0.2995,0.891,-0.559,0,0,0,,,
BTC-USDT-SWAP-SHORT-1773449958000-4,OKX_MARCH,2026-03-14,REJECT,HYBRID_REJECT,M4_THIN_ONLY_PASS,0,0,1,TIMEOUT,-0.4972,0.628,-0.822,0,0,0,,,
BTC-USDT-SWAP-SHORT-1773450492000-5,OKX_MARCH,2026-03-14,REJECT,HYBRID_REJECT,M4_THIN_ONLY_PASS,0,0,1,TIMEOUT,-0.368,0.7,-0.749,0,0,0,,,
BTC-USDT-SWAP-SHORT-1773458412000-7,OKX_MARCH,2026-03-14,REJECT,HYBRID_REJECT,M4_THIN_ONLY_PASS,0,0,1,TIMEOUT,-0.5852,1.034,-0.866,0,0,0,,,
BTC-USDT-SWAP-SHORT-1773459395000-8,OKX_MARCH,2026-03-14,REJECT,HYBRID_REJECT,M4_THIN_ONLY_PASS,0,0,1,TIMEOUT,-0.4127,1.213,-0.683,0,0,0,,,
BTC-USDT-SWAP-LONG-1773457959000-6,OKX_MARCH,2026-03-14,REJECT,HYBRID_REJECT,M4_THIN_ONLY_PASS,0,0,1,TIMEOUT,0.1939,0.785,-1.113,0,0,0,,,
BTC-USDT-SWAP-LONG-1773460634000-10,OKX_MARCH,2026-03-14,REJECT,HYBRID_REJECT,M4_THIN_ONLY_PASS,0,0,1,TIMEOUT,0.3304,0.783,-1.115,0,0,0,,,
BTC-USDT-SWAP-SHORT-1773459882000-9,OKX_MARCH,2026-03-14,REJECT,HYBRID_REJECT,M4_THIN_ONLY_PASS,0,0,1,TIMEOUT,-0.7715,1.244,-0.652,0,0,0,,,
BTC-USDT-SWAP-LONG-1773462947000-11,OKX_MARCH,2026-03-14,REJECT,HYBRID_REJECT,M4_THIN_ONLY_PASS,0,0,1,TIMEOUT,0.181,0.549,-1.408,0,0,0,,,
BTC-USDT-SWAP-LONG-1773463426000-12,OKX_MARCH,2026-03-14,REJECT,HYBRID_REJECT,M4_THIN_ONLY_PASS,0,0,1,TIMEOUT,0.5441,0.894,-1.07,0,0,0,,,
BTC-USDT-SWAP-SHORT-1773463737000-13,OKX_MARCH,2026-03-14,REJECT,HYBRID_REJECT,M4_THIN_ONLY_PASS,0,0,1,TIMEOUT,-1.0592,1.001,-1.163,0,0,0,,,
BTC-USDT-SWAP-SHORT-1773470742000-14,OKX_MARCH,2026-03-14,REJECT,HYBRID_REJECT,M4_THIN_ONLY_PASS,0,1,0,LOSS,-1.64,0.396,-1.666,0,0,0,,,
BTC-USDT-SWAP-LONG-1773474129000-15,OKX_MARCH,2026-03-14,REJECT,HYBRID_REJECT,M4_THIN_ONLY_PASS,0,0,1,TIMEOUT,1.1436,1.861,-0.204,0,0,0,,,
BTC-USDT-SWAP-LONG-1773484455000-16,OKX_MARCH,2026-03-14,REJECT,HYBRID_REJECT,M4_THIN_ONLY_PASS,1,0,0,WIN,1.86,2.086,-0.054,1,0,0,1346.7,,
BTC-USDT-SWAP-LONG-1773533193000-1,OKX_MARCH,2026-03-15,REJECT,HYBRID_REJECT,M4_THIN_ONLY_PASS,1,0,0,WIN,1.86,3.07,-0.267,1,1,1,1346.5,1358.6,1372.5
BTC-USDT-SWAP-LONG-1773533645000-2,OKX_MARCH,2026-03-15,REJECT,HYBRID_REJECT,M4_THIN_ONLY_PASS,1,0,0,WIN,1.86,3.006,-0.328,1,1,1,1346.2,1355.6,1369.5
BTC-USDT-SWAP-SHORT-1773534590000-3,OKX_MARCH,2026-03-15,REJECT,HYBRID_REJECT,M4_THIN_ONLY_PASS,0,1,0,LOSS,-1.64,0.314,-3.021,0,0,0,,,
BTC-USDT-SWAP-SHORT-1773535598000-4,OKX_MARCH,2026-03-15,REJECT,HYBRID_REJECT,M4_THIN_ONLY_PASS,0,1,0,LOSS,-1.64,0.214,-3.124,0,0,0,,,
BTC-USDT-SWAP-LONG-1773537312000-5,OKX_MARCH,2026-03-15,REJECT,HYBRID_REJECT,M4_THIN_ONLY_PASS,1,0,0,WIN,1.86,3.152,-0.187,1,1,1,1282.1,1294.5,1294.6
BTC-USDT-SWAP-SHORT-1773538202000-6,OKX_MARCH,2026-03-15,REJECT,HYBRID_REJECT,M4_THIN_ONLY_PASS,0,1,0,LOSS,-1.64,0.023,-3.264,0,0,0,,,
BTC-USDT-SWAP-LONG-1773538526000-7,OKX_MARCH,2026-03-15,REJECT,HYBRID_REJECT,M4_THIN_ONLY_PASS,1,0,0,WIN,1.86,3.215,-0.014,1,1,1,1251.2,1263.4,1263.7
BTC-USDT-SWAP-SHORT-1773540407000-8,OKX_MARCH,2026-03-15,REJECT,HYBRID_REJECT,M4_THIN_ONLY_PASS,0,1,0,LOSS,-1.64,0.226,-2.661,0,0,0,,,
BTC-USDT-SWAP-LONG-1773540489000-9,OKX_MARCH,2026-03-15,REJECT,HYBRID_REJECT,M4_THIN_ONLY_PASS,1,0,0,WIN,1.86,2.717,-0.172,1,1,0,1233.7,1233.9,
BTC-USDT-SWAP-SHORT-1773540790000-10,OKX_MARCH,2026-03-15,REJECT,HYBRID_REJECT,M4_THIN_ONLY_PASS,0,1,0,LOSS,-1.64,0.076,-2.717,0,0,0,,,
BTC-USDT-SWAP-LONG-1773542181000-11,OKX_MARCH,2026-03-15,REJECT,HYBRID_REJECT,M4_THIN_ONLY_PASS,1,0,0,WIN,1.86,2.366,-0.418,1,0,0,1191.4,,
BTC-USDT-SWAP-LONG-1773543685000-13,OKX_MARCH,2026-03-15,REJECT,HYBRID_REJECT,M4_THIN_ONLY_PASS,1,0,0,WIN,1.86,2.464,-0.323,1,0,0,1187.9,,
BTC-USDT-SWAP-SHORT-1773543427000-12,OKX_MARCH,2026-03-15,REJECT,HYBRID_REJECT,M4_THIN_ONLY_PASS,0,1,0,LOSS,-1.64,0.309,-2.478,0,0,0,,,
BTC-USDT-SWAP-SHORT-1773548297000-14,OKX_MARCH,2026-03-15,REJECT,HYBRID_REJECT,M4_THIN_ONLY_PASS,0,1,0,LOSS,-1.64,0.361,-3.966,0,0,0,,,
BTC-USDT-SWAP-SHORT-1773552125000-15,OKX_MARCH,2026-03-15,REJECT,HYBRID_REJECT,M4_THIN_ONLY_PASS,0,1,0,LOSS,-1.64,0.61,-3.893,0,0,0,,,
BTC-USDT-SWAP-LONG-1773553188000-16,OKX_MARCH,2026-03-15,REJECT,HYBRID_REJECT,M4_THIN_ONLY_PASS,1,0,0,WIN,1.86,4.0,-0.507,1,1,1,1028.5,1308.9,1310.2
BTC-USDT-SWAP-LONG-1773565926000-17,OKX_MARCH,2026-03-15,REJECT,HYBRID_REJECT,M4_THIN_ONLY_PASS,1,0,0,WIN,1.86,3.72,-0.775,1,1,1,1079.7,1082.2,1085.7
BTC-USDT-SWAP-SHORT-1773566226000-18,OKX_MARCH,2026-03-15,REJECT,HYBRID_REJECT,M4_THIN_ONLY_PASS,0,1,0,LOSS,-1.64,0.826,-3.667,0,0,0,,,
BTC-USDT-SWAP-SHORT-1773567808000-19,OKX_MARCH,2026-03-15,REJECT,HYBRID_REJECT,M4_THIN_ONLY_PASS,0,1,0,LOSS,-1.64,0.778,-3.717,0,0,0,,,
BTC-USDT-SWAP-LONG-1773569420000-20,OKX_MARCH,2026-03-15,REJECT,HYBRID_REJECT,M4_THIN_ONLY_PASS,1,0,0,WIN,1.86,3.686,-0.808,1,1,1,1024.2,1026.7,1031.0
BTC-USDT-SWAP-SHORT-1773580674000-21,OKX_MARCH,2026-03-15,REJECT,HYBRID_REJECT,M4_THIN_ONLY_PASS,0,1,0,LOSS,-1.64,0.122,-4.382,0,0,0,,,
BTC-USDT-SWAP-SHORT-1773581522000-22,OKX_MARCH,2026-03-15,REJECT,HYBRID_REJECT,M4_THIN_ONLY_PASS,0,1,0,LOSS,-1.64,0.08,-4.496,0,0,0,,,
BTC-USDT-SWAP-LONG-1773598649000-23,OKX_MARCH,2026-03-15,REJECT,HYBRID_REJECT,M4_THIN_ONLY_PASS,1,0,0,WIN,1.86,3.905,-0.575,1,1,1,286.1,553.3,556.8
BTC-USDT-SWAP-SHORT-1773601559000-24,OKX_MARCH,2026-03-15,REJECT,HYBRID_REJECT,M4_THIN_ONLY_PASS,0,1,0,LOSS,-1.64,0.034,-4.321,0,0,0,,,
BTC-USDT-SWAP-SHORT-1773601709000-25,OKX_MARCH,2026-03-15,REJECT,HYBRID_REJECT,M4_THIN_ONLY_PASS,0,1,0,LOSS,-1.64,0.034,-4.321,0,0,0,,,
BTC-USDT-SWAP-LONG-1773607034000-26,OKX_MARCH,2026-03-15,REJECT,HYBRID_REJECT,M4_THIN_ONLY_PASS,1,0,0,WIN,1.86,3.848,-0.201,1,1,1,135.7,402.9,406.4
BTC-USDT-SWAP-LONG-1773610605000-27,OKX_MARCH,2026-03-15,REJECT,HYBRID_REJECT,M4_THIN_ONLY_PASS,1,0,0,WIN,1.86,3.756,-0.562,1,1,1,349.0,352.5,355.4
BTC-USDT-SWAP-LONG-1773611089000-28,OKX_MARCH,2026-03-15,REJECT,HYBRID_REJECT,M4_THIN_ONLY_PASS,1,0,0,WIN,1.86,3.855,-0.467,1,1,1,336.6,338.3,343.4
BTC-USDT-SWAP-SHORT-1773612485000-30,OKX_MARCH,2026-03-15,REJECT,HYBRID_REJECT,M4_THIN_ONLY_PASS,0,1,0,LOSS,-1.64,0.044,-4.171,0,0,0,,,
BTC-USDT-SWAP-SHORT-1773612430000-29,OKX_MARCH,2026-03-15,REJECT,HYBRID_REJECT,M4_THIN_ONLY_PASS,0,1,0,LOSS,-1.64,0.044,-4.171,0,0,0,,,
BTC-USDT-SWAP-SHORT-1773614233000-31,OKX_MARCH,2026-03-15,REJECT,HYBRID_REJECT,M4_THIN_ONLY_PASS,0,1,0,LOSS,-1.64,0.318,-3.362,0,0,0,,,
BTC-USDT-SWAP-SHORT-1773614896000-32,OKX_MARCH,2026-03-15,REJECT,HYBRID_REJECT,M4_THIN_ONLY_PASS,0,1,0,LOSS,-1.64,0.601,-3.07,0,0,0,,,
BTC-USDT-SWAP-SHORT-1773615446000-33,OKX_MARCH,2026-03-15,REJECT,HYBRID_REJECT,M4_THIN_ONLY_PASS,0,1,0,LOSS,-1.64,0.909,-2.749,0,0,0,,,
BTC-USDT-SWAP-LONG-1773616458000-34,OKX_MARCH,2026-03-15,REJECT,HYBRID_REJECT,M4_THIN_ONLY_PASS,1,0,0,WIN,1.86,2.832,-0.83,1,1,0,262.0,1338.0,
BTC-USDT-SWAP-LONG-1773616501000-35,OKX_MARCH,2026-03-15,REJECT,HYBRID_REJECT,M4_THIN_ONLY_PASS,1,0,0,WIN,1.86,2.832,-0.83,1,1,0,262.0,1338.0,
BTC-USDT-SWAP-LONG-1773618551000-36,OKX_MARCH,2026-03-15,REJECT,HYBRID_REJECT,M4_THIN_ONLY_PASS,1,0,0,WIN,1.86,3.113,-0.558,1,1,1,225.1,301.6,1333.8
BTC-USDT-SWAP-LONG-1773619553000-1,OKX_MARCH,2026-03-16,REJECT,HYBRID_REJECT,M4_THIN_ONLY_PASS,1,0,0,WIN,1.86,2.758,-0.901,1,1,0,285.8,1287.2,
BTC-USDT-SWAP-LONG-1773620182000-2,OKX_MARCH,2026-03-16,REJECT,HYBRID_REJECT,M4_THIN_ONLY_PASS,1,0,0,WIN,1.86,3.215,-0.46,1,1,1,180.8,257.4,1258.8
BTC-USDT-SWAP-LONG-1773620204000-3,OKX_MARCH,2026-03-16,REJECT,HYBRID_REJECT,M4_THIN_ONLY_PASS,1,0,0,WIN,1.86,3.215,-0.46,1,1,1,180.8,257.4,1258.8
BTC-USDT-SWAP-SHORT-1773620946000-4,OKX_MARCH,2026-03-16,REJECT,HYBRID_REJECT,M4_THIN_ONLY_PASS,0,1,0,LOSS,-1.64,0.42,-3.257,0,0,0,,,
BTC-USDT-SWAP-SHORT-1773623053000-5,OKX_MARCH,2026-03-16,REJECT,HYBRID_REJECT,M4_THIN_ONLY_PASS,0,1,0,LOSS,-1.64,0.261,-3.421,0,0,0,,,
BTC-USDT-SWAP-LONG-1773623888000-6,OKX_MARCH,2026-03-16,REJECT,HYBRID_REJECT,M4_THIN_ONLY_PASS,1,0,0,WIN,1.86,2.9,-0.608,1,1,0,103.2,1179.2,
BTC-USDT-SWAP-SHORT-1773626785000-7,OKX_MARCH,2026-03-16,REJECT,HYBRID_REJECT,M4_THIN_ONLY_PASS,0,1,0,LOSS,-1.64,0.547,-2.963,0,0,0,,,
BTC-USDT-SWAP-SHORT-1773628369000-8,OKX_MARCH,2026-03-16,REJECT,HYBRID_REJECT,M4_THIN_ONLY_PASS,0,1,0,LOSS,-1.64,0.028,-3.454,0,0,0,,,
BTC-USDT-SWAP-SHORT-1773633161000-9,OKX_MARCH,2026-03-16,REJECT,HYBRID_REJECT,M4_THIN_ONLY_PASS,0,1,0,LOSS,-1.64,1.05,-1.737,0,0,0,,,
BTC-USDT-SWAP-SHORT-1773634922000-11,OKX_MARCH,2026-03-16,REJECT,HYBRID_REJECT,M4_THIN_ONLY_PASS,0,1,0,LOSS,-1.64,1.027,-1.76,0,0,0,,,
BTC-USDT-SWAP-SHORT-1773638712000-12,OKX_MARCH,2026-03-16,REJECT,HYBRID_REJECT,M4_THIN_ONLY_PASS,0,0,1,TIMEOUT,-1.458,1.408,-1.369,0,0,0,,,
BTC-USDT-SWAP-SHORT-1773639024000-13,OKX_MARCH,2026-03-16,REJECT,HYBRID_REJECT,M4_THIN_ONLY_PASS,0,0,1,TIMEOUT,-1.5387,1.329,-1.45,0,0,0,,,
BTC-USDT-SWAP-SHORT-1773640454000-15,OKX_MARCH,2026-03-16,REJECT,HYBRID_REJECT,M4_THIN_ONLY_PASS,0,0,1,TIMEOUT,-1.112,1.744,-1.023,0,0,0,,,
BTC-USDT-SWAP-LONG-1773640084000-14,OKX_MARCH,2026-03-16,REJECT,HYBRID_REJECT,M4_THIN_ONLY_PASS,0,0,1,TIMEOUT,1.4033,1.594,-1.189,0,0,0,,,
BTC-USDT-SWAP-SHORT-1773640886000-16,OKX_MARCH,2026-03-16,REJECT,HYBRID_REJECT,M4_THIN_ONLY_PASS,0,1,0,LOSS,-1.64,1.18,-1.603,0,0,0,,,
BTC-USDT-SWAP-LONG-1773641764000-17,OKX_MARCH,2026-03-16,REJECT,HYBRID_REJECT,M4_THIN_ONLY_PASS,0,0,1,TIMEOUT,1.2936,1.485,-1.295,0,0,0,,,
BTC-USDT-SWAP-SHORT-1773647103000-18,OKX_MARCH,2026-03-16,REJECT,HYBRID_REJECT,M4_THIN_ONLY_PASS,0,1,0,LOSS,-1.64,0.828,-1.965,0,0,0,,,
BTC-USDT-SWAP-LONG-1773647666000-19,OKX_MARCH,2026-03-16,REJECT,HYBRID_REJECT,M4_THIN_ONLY_PASS,0,0,1,TIMEOUT,1.755,1.946,-0.846,0,0,0,,,
BTC-USDT-SWAP-LONG-1773647793000-20,OKX_MARCH,2026-03-16,REJECT,HYBRID_REJECT,M4_THIN_ONLY_PASS,0,0,1,TIMEOUT,1.755,1.946,-0.846,0,0,0,,,
BTC-USDT-SWAP-LONG-1773650421000-22,OKX_MARCH,2026-03-16,REJECT,HYBRID_REJECT,M4_THIN_ONLY_PASS,1,0,0,WIN,1.86,2.449,-0.297,1,0,0,769.7,,
BTC-USDT-SWAP-SHORT-1773650318000-21,OKX_MARCH,2026-03-16,REJECT,HYBRID_REJECT,M4_THIN_ONLY_PASS,0,1,0,LOSS,-1.64,0.244,-2.504,0,0,0,,,
BTC-USDT-SWAP-SHORT-1773651038000-24,OKX_MARCH,2026-03-16,REJECT,HYBRID_REJECT,M4_THIN_ONLY_PASS,0,1,0,LOSS,-1.64,0.215,-2.425,0,0,0,,,
BTC-USDT-SWAP-LONG-1773650790000-23,OKX_MARCH,2026-03-16,REJECT,HYBRID_REJECT,M4_THIN_ONLY_PASS,1,0,0,WIN,1.86,2.389,-0.25,1,0,0,754.1,,
BTC-USDT-SWAP-LONG-1773655882000-26,OKX_MARCH,2026-03-16,REJECT,HYBRID_REJECT,M4_THIN_ONLY_PASS,1,0,0,WIN,1.86,2.097,-0.534,1,0,0,711.1,,
BTC-USDT-SWAP-SHORT-1773655581000-25,OKX_MARCH,2026-03-16,REJECT,HYBRID_REJECT,M4_THIN_ONLY_PASS,0,1,0,LOSS,-1.64,0.642,-1.986,0,0,0,,,
BTC-USDT-SWAP-LONG-1773656977000-27,OKX_MARCH,2026-03-16,REJECT,HYBRID_REJECT,M4_THIN_ONLY_PASS,1,0,0,WIN,1.86,2.237,-0.398,1,0,0,656.1,,
BTC-USDT-SWAP-LONG-1773659225000-28,OKX_MARCH,2026-03-16,REJECT,HYBRID_REJECT,M4_THIN_ONLY_PASS,0,0,1,TIMEOUT,1.4239,1.615,-1.004,0,0,0,,,
BTC-USDT-SWAP-SHORT-1773660536000-29,OKX_MARCH,2026-03-16,REJECT,HYBRID_REJECT,M4_THIN_ONLY_PASS,0,1,0,LOSS,-1.64,0.791,-1.834,0,0,0,,,
BTC-USDT-SWAP-LONG-1773660808000-30,OKX_MARCH,2026-03-16,REJECT,HYBRID_REJECT,M4_THIN_ONLY_PASS,0,0,1,TIMEOUT,1.5695,1.761,-0.862,0,0,0,,,
BTC-USDT-SWAP-LONG-1773664875000-31,OKX_MARCH,2026-03-16,REJECT,HYBRID_REJECT,M4_THIN_ONLY_PASS,0,0,1,TIMEOUT,1.2888,1.48,-1.135,0,0,0,,,
BTC-USDT-SWAP-LONG-1773665169000-32,OKX_MARCH,2026-03-16,REJECT,HYBRID_REJECT,M4_THIN_ONLY_PASS,0,0,1,TIMEOUT,1.3433,1.534,-1.082,0,0,0,,,
BTC-USDT-SWAP-LONG-1773666805000-33,OKX_MARCH,2026-03-16,REJECT,HYBRID_REJECT,M4_THIN_ONLY_PASS,0,0,1,TIMEOUT,1.1277,1.319,-1.292,0,0,0,,,
BTC-USDT-SWAP-LONG-1773670854000-35,OKX_MARCH,2026-03-16,REJECT,HYBRID_REJECT,M4_THIN_ONLY_PASS,0,1,0,LOSS,-1.64,1.016,-1.587,0,0,0,,,
BTC-USDT-SWAP-SHORT-1773670410000-34,OKX_MARCH,2026-03-16,REJECT,HYBRID_REJECT,M4_THIN_ONLY_PASS,0,1,0,LOSS,-1.64,0.162,-2.463,0,0,0,,,
BTC-USDT-SWAP-LONG-1773671719000-36,OKX_MARCH,2026-03-16,REJECT,HYBRID_REJECT,M4_THIN_ONLY_PASS,0,0,1,TIMEOUT,1.7829,1.974,-0.447,0,0,0,,,
BTC-USDT-SWAP-SHORT-1773672598000-37,OKX_MARCH,2026-03-16,REJECT,HYBRID_REJECT,M4_THIN_ONLY_PASS,0,1,0,LOSS,-1.64,0.521,-1.898,0,0,0,,,
BTC-USDT-SWAP-LONG-1773684454000-38,OKX_MARCH,2026-03-16,REJECT,HYBRID_REJECT,M4_THIN_ONLY_PASS,0,0,1,TIMEOUT,0.7016,0.892,-0.662,0,0,0,,,
BTC-USDT-SWAP-LONG-1773685469000-39,OKX_MARCH,2026-03-16,REJECT,HYBRID_REJECT,M4_THIN_ONLY_PASS,0,0,1,TIMEOUT,1.1019,1.293,-0.268,0,0,0,,,
BTC-USDT-SWAP-LONG-1773695990000-40,OKX_MARCH,2026-03-16,REJECT,HYBRID_REJECT,M4_THIN_ONLY_PASS,0,0,1,TIMEOUT,0.6966,0.887,-0.02,0,0,0,,,
BTC-USDT-SWAP-SHORT-1773697184000-41,OKX_MARCH,2026-03-16,REJECT,HYBRID_REJECT,M4_THIN_ONLY_PASS,0,0,1,TIMEOUT,-0.6264,0.367,-0.537,0,0,0,,,
BTC-USDT-SWAP-LONG-1773698589000-42,OKX_MARCH,2026-03-16,REJECT,HYBRID_REJECT,M4_THIN_ONLY_PASS,0,0,1,TIMEOUT,-0.0686,0.119,-0.779,0,0,0,,,
BTC-USDT-SWAP-LONG-1773699232000-43,OKX_MARCH,2026-03-16,REJECT,HYBRID_REJECT,M4_THIN_ONLY_PASS,0,0,1,TIMEOUT,0.1121,0.3,-0.599,0,0,0,,,
BTC-USDT-SWAP-SHORT-1773700604000-44,OKX_MARCH,2026-03-16,REJECT,HYBRID_REJECT,M4_THIN_ONLY_PASS,0,0,1,TIMEOUT,-0.3791,0.612,-0.287,0,0,0,,,
BTC-USDT-SWAP-SHORT-1773701464000-45,OKX_MARCH,2026-03-16,REJECT,HYBRID_REJECT,M4_THIN_ONLY_PASS,0,0,1,TIMEOUT,-0.6592,0.063,-0.567,0,0,0,,,
BTC-USDT-SWAP-SHORT-1773792030000-1,OKX_MARCH,2026-03-18,REJECT,HYBRID_REJECT,M4_THIN_ONLY_PASS,1,0,0,WIN,1.86,4.774,-0.891,1,1,1,737.9,768.4,855.3
BTC-USDT-SWAP-LONG-1773793270000-3,OKX_MARCH,2026-03-18,REJECT,HYBRID_REJECT,M4_THIN_ONLY_PASS,0,1,0,LOSS,-1.64,1.227,-4.458,0,0,0,,,
BTC-USDT-SWAP-LONG-1773793754000-4,OKX_MARCH,2026-03-18,REJECT,HYBRID_REJECT,M4_THIN_ONLY_PASS,0,1,0,LOSS,-1.64,1.323,-4.367,0,0,0,,,
BTC-USDT-SWAP-SHORT-1773792781000-2,OKX_MARCH,2026-03-18,REJECT,HYBRID_REJECT,M4_THIN_ONLY_PASS,1,0,0,WIN,1.86,4.461,-1.223,1,1,1,698.2,788.8,817.4
BTC-USDT-SWAP-SHORT-1773795295000-6,OKX_MARCH,2026-03-18,REJECT,HYBRID_REJECT,M4_THIN_ONLY_PASS,1,0,0,WIN,1.86,4.553,-1.126,1,1,1,695.1,778.4,810.9
BTC-USDT-SWAP-LONG-1773794558000-5,OKX_MARCH,2026-03-18,REJECT,HYBRID_REJECT,M4_THIN_ONLY_PASS,0,1,0,LOSS,-1.64,1.145,-4.535,0,0,0,,,
BTC-USDT-SWAP-LONG-1773796201000-7,OKX_MARCH,2026-03-18,REJECT,HYBRID_REJECT,M4_THIN_ONLY_PASS,0,1,0,LOSS,-1.64,1.058,-4.617,0,0,0,,,
BTC-USDT-SWAP-SHORT-1773797761000-8,OKX_MARCH,2026-03-18,REJECT,HYBRID_REJECT,M4_THIN_ONLY_PASS,1,0,0,WIN,1.86,4.973,-0.68,1,1,1,627.7,650.1,740.6
BTC-USDT-SWAP-LONG-1773798977000-9,OKX_MARCH,2026-03-18,REJECT,HYBRID_REJECT,M4_THIN_ONLY_PASS,0,1,0,LOSS,-1.64,0.854,-4.81,0,0,0,,,
BTC-USDT-SWAP-LONG-1773799629000-10,OKX_MARCH,2026-03-18,REJECT,HYBRID_REJECT,M4_THIN_ONLY_PASS,0,1,0,LOSS,-1.64,0.545,-5.101,0,0,0,,,
BTC-USDT-SWAP-SHORT-1773800297000-12,OKX_MARCH,2026-03-18,REJECT,HYBRID_REJECT,M4_THIN_ONLY_PASS,1,0,0,WIN,1.86,5.089,-0.558,1,1,1,586.7,610.8,694.5
BTC-USDT-SWAP-LONG-1773800100000-11,OKX_MARCH,2026-03-18,REJECT,HYBRID_REJECT,M4_THIN_ONLY_PASS,0,1,0,LOSS,-1.64,0.496,-5.147,0,0,0,,,
BTC-USDT-SWAP-SHORT-1773802038000-13,OKX_MARCH,2026-03-18,REJECT,HYBRID_REJECT,M4_THIN_ONLY_PASS,1,0,0,WIN,1.86,5.172,-0.47,1,1,1,512.7,566.6,650.3
BTC-USDT-SWAP-SHORT-1773804588000-14,OKX_MARCH,2026-03-18,REJECT,HYBRID_REJECT,M4_THIN_ONLY_PASS,1,0,0,WIN,1.86,5.439,-0.187,1,1,1,476.7,515.7,538.0
BTC-USDT-SWAP-LONG-1773804825000-15,OKX_MARCH,2026-03-18,REJECT,HYBRID_REJECT,M4_THIN_ONLY_PASS,0,1,0,LOSS,-1.64,0.055,-5.362,0,0,0,,,
BTC-USDT-SWAP-LONG-1773805473000-16,OKX_MARCH,2026-03-18,REJECT,HYBRID_REJECT,M4_THIN_ONLY_PASS,0,1,0,LOSS,-1.64,0.076,-5.343,0,0,0,,,
BTC-USDT-SWAP-LONG-1773807129000-18,OKX_MARCH,2026-03-18,REJECT,HYBRID_REJECT,M4_THIN_ONLY_PASS,0,1,0,LOSS,-1.64,0.041,-5.274,0,0,0,,,
BTC-USDT-SWAP-SHORT-1773806704000-17,OKX_MARCH,2026-03-18,REJECT,HYBRID_REJECT,M4_THIN_ONLY_PASS,1,0,0,WIN,1.86,4.981,-0.172,1,1,1,453.1,475.5,566.0
BTC-USDT-SWAP-SHORT-1773808660000-19,OKX_MARCH,2026-03-18,REJECT,HYBRID_REJECT,M4_THIN_ONLY_PASS,1,0,0,WIN,1.86,5.016,-0.136,1,1,1,447.8,472.2,555.5
BTC-USDT-SWAP-SHORT-1773814999000-20,OKX_MARCH,2026-03-18,REJECT,HYBRID_REJECT,M4_THIN_ONLY_PASS,1,0,0,WIN,1.86,5.012,-0.106,1,1,1,337.1,361.6,444.8
BTC-USDT-SWAP-SHORT-1773819697000-21,OKX_MARCH,2026-03-18,REJECT,HYBRID_REJECT,M4_THIN_ONLY_PASS,1,0,0,WIN,1.86,5.779,-0.749,1,1,1,306.1,381.4,418.7
BTC-USDT-SWAP-SHORT-1773819792000-22,OKX_MARCH,2026-03-18,REJECT,HYBRID_REJECT,M4_THIN_ONLY_PASS,1,0,0,WIN,1.86,5.783,-0.745,1,1,1,303.6,376.7,416.2
BTC-USDT-SWAP-SHORT-1773834370000-25,OKX_MARCH,2026-03-18,REJECT,HYBRID_REJECT,M4_THIN_ONLY_PASS,1,0,0,WIN,1.86,4.916,-0.101,1,1,1,163.0,189.0,193.3
BTC-USDT-SWAP-SHORT-1773834431000-26,OKX_MARCH,2026-03-18,REJECT,HYBRID_REJECT,M4_THIN_ONLY_PASS,1,0,0,WIN,1.86,4.875,-0.05,1,1,1,159.7,187.2,493.4
BTC-USDT-SWAP-LONG-1773834114000-23,OKX_MARCH,2026-03-18,REJECT,HYBRID_REJECT,M4_THIN_ONLY_PASS,0,1,0,LOSS,-1.64,0.01,-4.803,0,0,0,,,
BTC-USDT-SWAP-LONG-1773834139000-24,OKX_MARCH,2026-03-18,REJECT,HYBRID_REJECT,M4_THIN_ONLY_PASS,0,1,0,LOSS,-1.64,0.01,-4.803,0,0,0,,,
BTC-USDT-SWAP-SHORT-1773835688000-27,OKX_MARCH,2026-03-18,REJECT,HYBRID_REJECT,M4_THIN_ONLY_PASS,1,0,0,WIN,1.86,4.542,-0.144,1,1,1,157.6,165.7,474.8
BTC-USDT-SWAP-SHORT-1773836170000-28,OKX_MARCH,2026-03-18,REJECT,HYBRID_REJECT,M4_THIN_ONLY_PASS,1,0,0,WIN,1.86,4.586,-0.081,1,1,1,145.9,153.2,461.5
BTC-USDT-SWAP-SHORT-1773837656000-30,OKX_MARCH,2026-03-18,REJECT,HYBRID_REJECT,M4_THIN_ONLY_PASS,1,0,0,WIN,1.86,3.994,-0.275,1,1,1,136.9,445.7,1105.0
BTC-USDT-SWAP-SHORT-1773837926000-31,OKX_MARCH,2026-03-18,REJECT,HYBRID_REJECT,M4_THIN_ONLY_PASS,1,0,0,WIN,1.86,3.985,-0.284,1,1,1,133.9,442.7,1102.1
BTC-USDT-SWAP-LONG-1773836450000-29,OKX_MARCH,2026-03-18,REJECT,HYBRID_REJECT,M4_THIN_ONLY_PASS,0,1,0,LOSS,-1.64,0.265,-4.53,0,0,0,,,
BTC-USDT-SWAP-SHORT-1773842088000-33,OKX_MARCH,2026-03-18,ACCEPT,HYBRID_PASS,M4_THIN_ONLY_PASS,1,0,0,WIN,1.86,4.07,-0.037,1,1,1,359.3,1018.6,1024.1
BTC-USDT-SWAP-SHORT-1773842025000-32,OKX_MARCH,2026-03-18,REJECT,HYBRID_PASS,M4_THIN_ONLY_PASS,1,0,0,WIN,1.86,4.07,-0.037,1,1,1,359.3,1018.6,1024.1
BTC-USDT-SWAP-LONG-1773842911000-34,OKX_MARCH,2026-03-18,REJECT,HYBRID_REJECT,M4_THIN_ONLY_PASS,0,1,0,LOSS,-1.64,0.137,-3.972,0,0,0,,,
BTC-USDT-SWAP-LONG-1773843528000-35,OKX_MARCH,2026-03-18,REJECT,HYBRID_REJECT,M4_THIN_ONLY_PASS,0,1,0,LOSS,-1.64,0.166,-3.944,0,0,0,,,
BTC-USDT-SWAP-SHORT-1773844698000-36,OKX_MARCH,2026-03-18,REJECT,HYBRID_PASS,M4_THIN_ONLY_PASS,1,0,0,WIN,1.86,3.603,-0.487,1,1,1,988.4,994.6,1002.4
BTC-USDT-SWAP-SHORT-1773844720000-37,OKX_MARCH,2026-03-18,ACCEPT,HYBRID_PASS,M4_THIN_ONLY_PASS,1,0,0,WIN,1.86,3.612,-0.477,1,1,1,988.0,994.3,1002.0
BTC-USDT-SWAP-SHORT-1773844837000-39,OKX_MARCH,2026-03-18,REJECT,HYBRID_REJECT,M4_THIN_ONLY_PASS,1,0,0,WIN,1.86,3.495,-0.599,1,1,1,980.2,985.6,1320.1
BTC-USDT-SWAP-SHORT-1773844787000-38,OKX_MARCH,2026-03-18,REJECT,HYBRID_PASS,M4_THIN_ONLY_PASS,1,0,0,WIN,1.86,3.495,-0.599,1,1,1,980.2,985.6,1320.1
BTC-USDT-SWAP-SHORT-1773846814000-40,OKX_MARCH,2026-03-18,REJECT,HYBRID_PASS,M4_THIN_ONLY_PASS,1,0,0,WIN,1.86,2.878,-1.243,1,1,0,964.6,1294.5,
BTC-USDT-SWAP-SHORT-1773846823000-41,OKX_MARCH,2026-03-18,REJECT,HYBRID_PASS,M4_THIN_ONLY_PASS,1,0,0,WIN,1.86,2.907,-1.212,1,1,0,963.7,1294.3,
BTC-USDT-SWAP-LONG-1773848497000-43,OKX_MARCH,2026-03-18,REJECT,HYBRID_REJECT,M4_THIN_ONLY_PASS,0,1,0,LOSS,-1.64,0.975,-3.528,0,0,0,,,
BTC-USDT-SWAP-SHORT-1773847388000-42,OKX_MARCH,2026-03-18,REJECT,HYBRID_PASS,M4_THIN_ONLY_PASS,1,0,0,WIN,1.86,3.686,-0.811,1,1,1,917.4,926.7,1255.8
BTC-USDT-SWAP-SHORT-1773849364000-44,OKX_MARCH,2026-03-18,REJECT,HYBRID_REJECT,M4_THIN_ONLY_PASS,1,0,0,WIN,1.86,3.704,-0.791,1,1,1,913.4,921.6,1251.7
BTC-USDT-SWAP-LONG-1773854692000-45,OKX_MARCH,2026-03-18,REJECT,HYBRID_REJECT,M4_THIN_ONLY_PASS,0,1,0,LOSS,-1.64,0.725,-3.768,0,0,0,,,
BTC-USDT-SWAP-LONG-1773856508000-46,OKX_MARCH,2026-03-18,REJECT,HYBRID_REJECT,M4_THIN_ONLY_PASS,0,1,0,LOSS,-1.64,0.033,-4.28,0,0,0,,,
BTC-USDT-SWAP-SHORT-1773857396000-47,OKX_MARCH,2026-03-18,REJECT,HYBRID_REJECT,M4_THIN_ONLY_PASS,1,0,0,WIN,1.86,4.094,-0.18,1,1,1,771.0,774.9,784.3
BTC-USDT-SWAP-LONG-1773857693000-48,OKX_MARCH,2026-03-18,REJECT,HYBRID_REJECT,M4_THIN_ONLY_PASS,0,1,0,LOSS,-1.64,0.343,-3.938,0,0,0,,,
BTC-USDT-SWAP-SHORT-1773861038000-49,OKX_MARCH,2026-03-18,REJECT,HYBRID_REJECT,M4_THIN_ONLY_PASS,1,0,0,WIN,1.86,3.559,-0.407,1,1,1,721.5,729.2,1058.6
BTC-USDT-SWAP-SHORT-1773861090000-50,OKX_MARCH,2026-03-18,REJECT,HYBRID_REJECT,M4_THIN_ONLY_PASS,1,0,0,WIN,1.86,3.575,-0.391,1,1,1,719.0,729.1,1058.6
BTC-USDT-SWAP-SHORT-1773862102000-51,OKX_MARCH,2026-03-18,REJECT,HYBRID_REJECT,M4_THIN_ONLY_PASS,1,0,0,WIN,1.86,3.431,-0.541,1,1,1,704.6,1039.1,1042.3
BTC-USDT-SWAP-SHORT-1773863194000-52,OKX_MARCH,2026-03-18,REJECT,HYBRID_PASS,M4_THIN_ONLY_PASS,1,0,0,WIN,1.86,3.13,-0.855,1,1,1,693.3,1023.4,1195.8
BTC-USDT-SWAP-SHORT-1773863225000-53,OKX_MARCH,2026-03-18,REJECT,HYBRID_PASS,M4_THIN_ONLY_PASS,1,0,0,WIN,1.86,2.844,-1.152,1,1,0,990.2,1161.3,
BTC-USDT-SWAP-SHORT-1773865224000-55,OKX_MARCH,2026-03-18,REJECT,HYBRID_PASS,M4_THIN_ONLY_PASS,1,0,0,WIN,1.86,2.883,-1.112,1,1,0,987.1,1158.2,
BTC-USDT-SWAP-SHORT-1773866301000-56,OKX_MARCH,2026-03-18,REJECT,HYBRID_REJECT,M4_THIN_ONLY_PASS,1,0,0,WIN,1.86,3.355,-0.62,1,1,1,638.7,969.3,1140.3
BTC-USDT-SWAP-LONG-1773864839000-54,OKX_MARCH,2026-03-18,REJECT,HYBRID_REJECT,M4_THIN_ONLY_PASS,0,1,0,LOSS,-1.64,0.613,-3.362,0,0,0,,,
BTC-USDT-SWAP-LONG-1773866763000-57,OKX_MARCH,2026-03-18,REJECT,HYBRID_REJECT,M4_THIN_ONLY_PASS,0,1,0,LOSS,-1.64,0.625,-3.35,0,0,0,,,
BTC-USDT-SWAP-LONG-1773878683000-1,OKX_MARCH,2026-03-19,REJECT,HYBRID_REJECT,M4_THIN_ONLY_PASS,0,1,0,LOSS,-1.64,0.59,-3.384,0,0,0,,,
BTC-USDT-SWAP-SHORT-1773879450000-2,OKX_MARCH,2026-03-19,REJECT,HYBRID_REJECT,M4_THIN_ONLY_PASS,1,0,0,WIN,1.86,3.285,-0.693,1,1,1,419.9,750.6,922.1
BTC-USDT-SWAP-LONG-1773881185000-3,OKX_MARCH,2026-03-19,REJECT,HYBRID_REJECT,M4_THIN_ONLY_PASS,0,1,0,LOSS,-1.64,0.751,-3.229,0,0,0,,,
BTC-USDT-SWAP-SHORT-1773882002000-4,OKX_MARCH,2026-03-19,REJECT,HYBRID_REJECT,M4_THIN_ONLY_PASS,1,0,0,WIN,1.86,3.128,-0.857,1,1,1,378.5,708.6,881.0
BTC-USDT-SWAP-SHORT-1773882324000-5,OKX_MARCH,2026-03-19,REJECT,HYBRID_REJECT,M4_THIN_ONLY_PASS,1,0,0,WIN,1.86,3.23,-0.75,1,1,1,372.8,703.0,874.4
BTC-USDT-SWAP-LONG-1773883030000-6,OKX_MARCH,2026-03-19,REJECT,HYBRID_REJECT,M4_THIN_ONLY_PASS,0,1,0,LOSS,-1.64,0.818,-3.165,0,0,0,,,
BTC-USDT-SWAP-SHORT-1773886593000-7,OKX_MARCH,2026-03-19,REJECT,HYBRID_REJECT,M4_THIN_ONLY_PASS,1,0,0,WIN,1.86,3.396,-0.577,1,1,1,293.3,627.8,651.8
BTC-USDT-SWAP-LONG-1773890712000-8,OKX_MARCH,2026-03-19,REJECT,HYBRID_REJECT,M4_THIN_ONLY_PASS,0,1,0,LOSS,-1.64,0.047,-3.847,0,0,0,,,
BTC-USDT-SWAP-SHORT-1773891003000-9,OKX_MARCH,2026-03-19,REJECT,HYBRID_REJECT,M4_THIN_ONLY_PASS,1,0,0,WIN,1.86,3.541,-0.011,1,1,1,215.8,223.5,553.0
BTC-USDT-SWAP-SHORT-1773891095000-10,OKX_MARCH,2026-03-19,REJECT,HYBRID_REJECT,M4_THIN_ONLY_PASS,1,0,0,WIN,1.86,3.541,-0.011,1,1,1,215.8,223.5,553.0
BTC-USDT-SWAP-SHORT-1773891608000-11,OKX_MARCH,2026-03-19,REJECT,HYBRID_REJECT,M4_THIN_ONLY_PASS,1,0,0,WIN,1.86,3.46,-0.046,1,1,1,203.0,210.9,540.8
BTC-USDT-SWAP-SHORT-1773893807000-13,OKX_MARCH,2026-03-19,ACCEPT,HYBRID_PASS,M4_THIN_ONLY_PASS,1,0,0,WIN,1.86,2.912,-0.163,1,1,0,510.9,534.8,
BTC-USDT-SWAP-LONG-1773893554000-12,OKX_MARCH,2026-03-19,REJECT,HYBRID_REJECT,M4_THIN_ONLY_PASS,0,1,0,LOSS,-1.64,0.376,-2.706,0,0,0,,,
BTC-USDT-SWAP-SHORT-1773894114000-14,OKX_MARCH,2026-03-19,REJECT,HYBRID_PASS,M4_THIN_ONLY_PASS,1,0,0,WIN,1.86,2.838,-0.24,1,1,0,492.6,663.6,
BTC-USDT-SWAP-LONG-1773894697000-15,OKX_MARCH,2026-03-19,REJECT,HYBRID_REJECT,M4_THIN_ONLY_PASS,0,1,0,LOSS,-1.64,0.226,-2.851,0,0,0,,,
BTC-USDT-SWAP-LONG-1773902340000-16,OKX_MARCH,2026-03-19,REJECT,HYBRID_REJECT,M4_THIN_ONLY_PASS,0,1,0,LOSS,-1.64,0.564,-2.52,0,0,0,,,
BTC-USDT-SWAP-LONG-1773903689000-17,OKX_MARCH,2026-03-19,REJECT,HYBRID_REJECT,M4_THIN_ONLY_PASS,0,1,0,LOSS,-1.64,0.665,-2.422,0,0,0,,,
BTC-USDT-SWAP-LONG-1773907331000-19,OKX_MARCH,2026-03-19,REJECT,HYBRID_REJECT,M4_THIN_ONLY_PASS,0,1,0,LOSS,-1.64,1.693,-1.936,0,0,0,,,
BTC-USDT-SWAP-LONG-1773907866000-20,OKX_MARCH,2026-03-19,REJECT,HYBRID_REJECT,M4_THIN_ONLY_PASS,0,1,0,LOSS,-1.64,1.713,-1.977,0,0,0,,,
BTC-USDT-SWAP-LONG-1773909084000-21,OKX_MARCH,2026-03-19,REJECT,HYBRID_REJECT,M4_THIN_ONLY_PASS,0,1,0,LOSS,-1.64,1.878,-1.818,0,0,0,,,
BTC-USDT-SWAP-LONG-1773910669000-22,OKX_MARCH,2026-03-19,REJECT,HYBRID_REJECT,M4_THIN_ONLY_PASS,0,1,0,LOSS,-1.64,1.869,-1.827,0,0,0,,,
BTC-USDT-SWAP-LONG-1773910814000-23,OKX_MARCH,2026-03-19,REJECT,HYBRID_REJECT,M4_THIN_ONLY_PASS,0,1,0,LOSS,-1.64,1.923,-1.775,0,0,0,,,
BTC-USDT-SWAP-SHORT-1773912406000-24,OKX_MARCH,2026-03-19,REJECT,HYBRID_REJECT,M4_THIN_ONLY_PASS,1,0,0,WIN,1.86,2.141,-1.544,1,0,0,375.2,,
BTC-USDT-SWAP-SHORT-1773913555000-25,OKX_MARCH,2026-03-19,REJECT,HYBRID_REJECT,M4_THIN_ONLY_PASS,1,0,0,WIN,1.86,2.37,-1.306,1,0,0,348.1,,
BTC-USDT-SWAP-LONG-1773913788000-26,OKX_MARCH,2026-03-19,REJECT,HYBRID_REJECT,M4_THIN_ONLY_PASS,0,1,0,LOSS,-1.64,1.319,-2.358,0,0,0,,,
BTC-USDT-SWAP-SHORT-1773918340000-27,OKX_MARCH,2026-03-19,ACCEPT,HYBRID_PASS,M4_THIN_ONLY_PASS,0,1,0,LOSS,-1.64,1.925,-1.768,0,0,0,,,
BTC-USDT-SWAP-SHORT-1773922559000-28,OKX_MARCH,2026-03-19,REJECT,HYBRID_PASS,M4_THIN_ONLY_PASS,0,1,0,LOSS,-1.64,1.326,-2.39,0,0,0,,,
BTC-USDT-SWAP-SHORT-1773925165000-29,OKX_MARCH,2026-03-19,REJECT,HYBRID_PASS,M4_THIN_ONLY_PASS,0,1,0,LOSS,-1.64,0.787,-2.949,0,0,0,,,
BTC-USDT-SWAP-LONG-1773926911000-30,OKX_MARCH,2026-03-19,REJECT,HYBRID_REJECT,M4_THIN_ONLY_PASS,1,0,0,WIN,1.86,2.876,-0.857,1,1,0,829.9,1109.2,
BTC-USDT-SWAP-SHORT-1773929685000-31,OKX_MARCH,2026-03-19,REJECT,HYBRID_REJECT,M4_THIN_ONLY_PASS,0,1,0,LOSS,-1.64,0.975,-2.753,0,0,0,,,
BTC-USDT-SWAP-SHORT-1773931024000-32,OKX_MARCH,2026-03-19,REJECT,HYBRID_REJECT,M4_THIN_ONLY_PASS,0,1,0,LOSS,-1.64,0.751,-2.986,0,0,0,,,
BTC-USDT-SWAP-SHORT-1773931043000-33,OKX_MARCH,2026-03-19,REJECT,HYBRID_REJECT,M4_THIN_ONLY_PASS,0,1,0,LOSS,-1.64,0.751,-2.986,0,0,0,,,
BTC-USDT-SWAP-LONG-1773932209000-34,OKX_MARCH,2026-03-19,REJECT,HYBRID_REJECT,M4_THIN_ONLY_PASS,1,0,0,WIN,1.86,2.672,-1.053,1,1,0,788.1,1030.8,
BTC-USDT-SWAP-LONG-1773932261000-35,OKX_MARCH,2026-03-19,REJECT,HYBRID_REJECT,M4_THIN_ONLY_PASS,1,0,0,WIN,1.86,2.706,-1.021,1,1,0,786.6,1029.9,
BTC-USDT-SWAP-LONG-1773933216000-36,OKX_MARCH,2026-03-19,REJECT,HYBRID_REJECT,M4_THIN_ONLY_PASS,1,0,0,WIN,1.86,2.385,-1.33,1,0,0,1012.8,,
BTC-USDT-SWAP-LONG-1773933416000-37,OKX_MARCH,2026-03-19,REJECT,HYBRID_REJECT,M4_THIN_ONLY_PASS,1,0,0,WIN,1.86,3.075,-0.665,1,1,1,300.4,987.4,991.0
BTC-USDT-SWAP-SHORT-1773938165000-38,OKX_MARCH,2026-03-19,REJECT,HYBRID_REJECT,M4_THIN_ONLY_PASS,0,1,0,LOSS,-1.64,0.396,-2.852,0,0,0,,,
BTC-USDT-SWAP-SHORT-1773940442000-39,OKX_MARCH,2026-03-19,REJECT,HYBRID_REJECT,M4_THIN_ONLY_PASS,0,1,0,LOSS,-1.64,0.0,-3.11,0,0,0,,,
BTC-USDT-SWAP-LONG-1773941032000-40,OKX_MARCH,2026-03-19,REJECT,HYBRID_REJECT,M4_THIN_ONLY_PASS,1,0,0,WIN,1.86,2.591,-0.27,1,1,0,867.0,870.5,
BTC-USDT-SWAP-SHORT-1773943061000-41,OKX_MARCH,2026-03-19,REJECT,HYBRID_REJECT,M4_THIN_ONLY_PASS,0,1,0,LOSS,-1.64,0.591,-2.26,0,0,0,,,
BTC-USDT-SWAP-SHORT-1773943299000-42,OKX_MARCH,2026-03-19,REJECT,HYBRID_REJECT,M4_THIN_ONLY_PASS,0,1,0,LOSS,-1.64,0.603,-2.248,0,0,0,,,
BTC-USDT-SWAP-LONG-1773943584000-43,OKX_MARCH,2026-03-19,REJECT,HYBRID_REJECT,M4_THIN_ONLY_PASS,1,0,0,WIN,1.86,2.157,-0.691,1,0,0,837.8,,
BTC-USDT-SWAP-LONG-1773944006000-44,OKX_MARCH,2026-03-19,REJECT,HYBRID_REJECT,M4_THIN_ONLY_PASS,1,0,0,WIN,1.86,2.27,-0.581,1,0,0,826.6,,
BTC-USDT-SWAP-LONG-1773947883000-46,OKX_MARCH,2026-03-19,REJECT,HYBRID_REJECT,M4_THIN_ONLY_PASS,0,1,0,LOSS,-1.64,1.197,-1.625,0,0,0,,,
BTC-USDT-SWAP-SHORT-1773947762000-45,OKX_MARCH,2026-03-19,REJECT,HYBRID_REJECT,M4_THIN_ONLY_PASS,0,1,0,LOSS,-1.64,1.162,-1.673,0,0,0,,,
BTC-USDT-SWAP-LONG-1773950934000-47,OKX_MARCH,2026-03-19,REJECT,HYBRID_REJECT,M4_THIN_ONLY_PASS,0,0,1,TIMEOUT,-0.7625,1.391,-1.436,0,0,0,,,
BTC-USDT-SWAP-LONG-1773954597000-48,OKX_MARCH,2026-03-19,REJECT,HYBRID_REJECT,M4_THIN_ONLY_PASS,0,1,0,LOSS,-1.64,1.125,-1.694,0,0,0,,,
BTC-USDT-SWAP-SHORT-1773960400000-49,OKX_MARCH,2026-03-19,REJECT,HYBRID_REJECT,M4_THIN_ONLY_PASS,0,1,0,LOSS,-1.64,1.044,-1.794,0,0,0,,,
BTC-USDT-SWAP-SHORT-1773964059000-50,OKX_MARCH,2026-03-19,REJECT,HYBRID_REJECT,M4_THIN_ONLY_PASS,0,1,0,LOSS,-1.64,0.64,-2.21,0,0,0,,,
BTC-USDT-SWAP-SHORT-1773964831000-1,OKX_MARCH,2026-03-20,REJECT,HYBRID_REJECT,M4_THIN_ONLY_PASS,0,1,0,LOSS,-1.64,0.985,-1.855,0,0,0,,,
BTC-USDT-SWAP-LONG-1773965776000-2,OKX_MARCH,2026-03-20,REJECT,HYBRID_REJECT,M4_THIN_ONLY_PASS,0,0,1,TIMEOUT,0.636,1.822,-1.017,0,0,0,,,
BTC-USDT-SWAP-SHORT-1773966081000-3,OKX_MARCH,2026-03-20,REJECT,HYBRID_REJECT,M4_THIN_ONLY_PASS,0,1,0,LOSS,-1.64,1.161,-1.673,0,0,0,,,
BTC-USDT-SWAP-LONG-1773967549000-4,OKX_MARCH,2026-03-20,REJECT,HYBRID_REJECT,M4_THIN_ONLY_PASS,0,0,1,TIMEOUT,0.4116,1.582,-1.25,0,0,0,,,
BTC-USDT-SWAP-LONG-1773967888000-5,OKX_MARCH,2026-03-20,REJECT,HYBRID_REJECT,M4_THIN_ONLY_PASS,0,0,1,TIMEOUT,0.5057,1.607,-1.226,0,0,0,,,
BTC-USDT-SWAP-SHORT-1773968838000-6,OKX_MARCH,2026-03-20,REJECT,HYBRID_REJECT,M4_THIN_ONLY_PASS,0,0,1,TIMEOUT,-0.6671,1.402,-1.426,0,0,0,,,
BTC-USDT-SWAP-LONG-1773970205000-7,OKX_MARCH,2026-03-20,REJECT,HYBRID_REJECT,M4_THIN_ONLY_PASS,0,1,0,LOSS,-1.64,1.228,-1.594,0,0,0,,,
BTC-USDT-SWAP-LONG-1773970724000-8,OKX_MARCH,2026-03-20,REJECT,HYBRID_REJECT,M4_THIN_ONLY_PASS,0,1,0,LOSS,-1.64,1.173,-1.648,0,0,0,,,
BTC-USDT-SWAP-SHORT-1773973332000-9,OKX_MARCH,2026-03-20,REJECT,HYBRID_REJECT,M4_THIN_ONLY_PASS,0,1,0,LOSS,-1.64,1.049,-1.789,0,0,0,,,
BTC-USDT-SWAP-SHORT-1773976730000-10,OKX_MARCH,2026-03-20,REJECT,HYBRID_REJECT,M4_THIN_ONLY_PASS,0,0,1,TIMEOUT,-0.435,1.596,-1.226,0,0,0,,,
BTC-USDT-SWAP-SHORT-1773977273000-11,OKX_MARCH,2026-03-20,REJECT,HYBRID_REJECT,M4_THIN_ONLY_PASS,0,0,1,TIMEOUT,-0.0571,1.873,-0.941,0,0,0,,,
BTC-USDT-SWAP-LONG-1773978036000-13,OKX_MARCH,2026-03-20,REJECT,HYBRID_REJECT,M4_THIN_ONLY_PASS,0,1,0,LOSS,-1.64,1.06,-1.758,0,0,0,,,
BTC-USDT-SWAP-SHORT-1773977703000-12,OKX_MARCH,2026-03-20,REJECT,HYBRID_REJECT,M4_THIN_ONLY_PASS,0,0,1,TIMEOUT,-0.065,1.886,-0.927,0,0,0,,,
BTC-USDT-SWAP-LONG-1773978485000-14,OKX_MARCH,2026-03-20,REJECT,HYBRID_REJECT,M4_THIN_ONLY_PASS,0,1,0,LOSS,-1.64,0.919,-1.895,0,0,0,,,
BTC-USDT-SWAP-LONG-1773980008000-15,OKX_MARCH,2026-03-20,REJECT,HYBRID_REJECT,M4_THIN_ONLY_PASS,0,1,0,LOSS,-1.64,0.716,-2.092,0,0,0,,,
BTC-USDT-SWAP-SHORT-1773980106000-16,OKX_MARCH,2026-03-20,REJECT,HYBRID_REJECT,M4_THIN_ONLY_PASS,1,0,0,WIN,1.86,2.068,-0.741,1,0,0,785.7,,
BTC-USDT-SWAP-LONG-1773988237000-17,OKX_MARCH,2026-03-20,REJECT,HYBRID_REJECT,M4_THIN_ONLY_PASS,0,1,0,LOSS,-1.64,1.312,-1.513,0,0,0,,,
BTC-USDT-SWAP-SHORT-1773990723000-18,OKX_MARCH,2026-03-20,REJECT,HYBRID_REJECT,M4_THIN_ONLY_PASS,0,0,1,TIMEOUT,-0.7337,1.335,-1.494,0,0,0,,,
BTC-USDT-SWAP-LONG-1773993061000-19,OKX_MARCH,2026-03-20,REJECT,HYBRID_REJECT,M4_THIN_ONLY_PASS,0,1,0,LOSS,-1.64,0.677,-2.13,0,0,0,,,
BTC-USDT-SWAP-LONG-1773994722000-20,OKX_MARCH,2026-03-20,REJECT,HYBRID_REJECT,M4_THIN_ONLY_PASS,0,1,0,LOSS,-1.64,0.037,-2.544,0,0,0,,,
BTC-USDT-SWAP-SHORT-1773995341000-21,OKX_MARCH,2026-03-20,REJECT,HYBRID_REJECT,M4_THIN_ONLY_PASS,1,0,0,WIN,1.86,2.166,-0.103,1,0,0,359.0,,
BTC-USDT-SWAP-LONG-1773997017000-22,OKX_MARCH,2026-03-20,REJECT,HYBRID_REJECT,M4_THIN_ONLY_PASS,0,1,0,LOSS,-1.64,0.595,-1.613,0,0,0,,,
BTC-USDT-SWAP-SHORT-1774008086000-23,OKX_MARCH,2026-03-20,REJECT,HYBRID_REJECT,M4_THIN_ONLY_PASS,0,0,1,TIMEOUT,-0.2723,1.759,-0.446,0,0,0,,,
BTC-USDT-SWAP-SHORT-1774010892000-24,OKX_MARCH,2026-03-20,REJECT,HYBRID_REJECT,M4_THIN_ONLY_PASS,0,0,1,TIMEOUT,-0.7481,1.301,-0.914,0,0,0,,,
BTC-USDT-SWAP-SHORT-1774014989000-25,OKX_MARCH,2026-03-20,REJECT,HYBRID_REJECT,M4_THIN_ONLY_PASS,0,0,1,TIMEOUT,-1.2899,0.866,-1.358,0,0,0,,,
BTC-USDT-SWAP-LONG-1774015493000-26,OKX_MARCH,2026-03-20,REJECT,HYBRID_REJECT,M4_THIN_ONLY_PASS,0,0,1,TIMEOUT,1.5911,1.971,-0.515,0,0,0,,,
BTC-USDT-SWAP-SHORT-1774019927000-27,OKX_MARCH,2026-03-20,REJECT,HYBRID_REJECT,M4_THIN_ONLY_PASS,0,1,0,LOSS,-1.64,0.333,-2.158,0,0,0,,,
BTC-USDT-SWAP-SHORT-1774019946000-28,OKX_MARCH,2026-03-20,REJECT,HYBRID_REJECT,M4_THIN_ONLY_PASS,0,1,0,LOSS,-1.64,0.329,-2.162,0,0,0,,,
BTC-USDT-SWAP-LONG-1774028344000-29,OKX_MARCH,2026-03-20,REJECT,HYBRID_REJECT,M4_THIN_ONLY_PASS,1,0,0,WIN,1.86,2.115,-0.197,1,0,0,1225.3,,
BTC-USDT-SWAP-SHORT-1774031763000-30,OKX_MARCH,2026-03-20,REJECT,HYBRID_REJECT,M4_THIN_ONLY_PASS,0,1,0,LOSS,-1.64,0.029,-2.095,0,0,0,,,
BTC-USDT-SWAP-SHORT-1774031844000-31,OKX_MARCH,2026-03-20,REJECT,HYBRID_REJECT,M4_THIN_ONLY_PASS,0,1,0,LOSS,-1.64,0.091,-1.998,0,0,0,,,
BTC-USDT-SWAP-SHORT-1774036783000-32,OKX_MARCH,2026-03-20,REJECT,HYBRID_REJECT,M4_THIN_ONLY_PASS,0,0,1,TIMEOUT,-0.5608,0.513,-1.439,0,0,0,,,
BTC-USDT-SWAP-SHORT-1774036822000-33,OKX_MARCH,2026-03-20,REJECT,HYBRID_REJECT,M4_THIN_ONLY_PASS,0,0,1,TIMEOUT,-0.4961,0.543,-1.408,0,0,0,,,
BTC-USDT-SWAP-SHORT-1774040190000-34,OKX_MARCH,2026-03-20,REJECT,HYBRID_REJECT,M4_THIN_ONLY_PASS,0,1,0,LOSS,-1.64,0.147,-1.536,0,0,0,,,
BTC-USDT-SWAP-LONG-1774051508000-1,OKX_MARCH,2026-03-21,REJECT,HYBRID_REJECT,M4_THIN_ONLY_PASS,0,1,0,LOSS,-1.64,0.762,-3.348,0,0,0,,,
BTC-USDT-SWAP-SHORT-1774052542000-2,OKX_MARCH,2026-03-21,REJECT,HYBRID_REJECT,M4_THIN_ONLY_PASS,1,0,0,WIN,1.86,3.525,-0.578,1,1,1,1406.6,1406.9,1412.3
BTC-USDT-SWAP-LONG-1774053309000-3,OKX_MARCH,2026-03-21,REJECT,HYBRID_REJECT,M4_THIN_ONLY_PASS,0,1,0,LOSS,-1.64,0.737,-3.372,0,0,0,,,
BTC-USDT-SWAP-SHORT-1774053604000-4,OKX_MARCH,2026-03-21,REJECT,HYBRID_REJECT,M4_THIN_ONLY_PASS,1,0,0,WIN,1.86,3.49,-0.614,1,1,1,1372.0,1372.5,1377.9
BTC-USDT-SWAP-SHORT-1774057799000-5,OKX_MARCH,2026-03-21,REJECT,HYBRID_REJECT,M4_THIN_ONLY_PASS,1,0,0,WIN,1.86,3.238,-0.877,1,1,1,1318.0,1323.5,1327.5
BTC-USDT-SWAP-LONG-1774058261000-6,OKX_MARCH,2026-03-21,REJECT,HYBRID_REJECT,M4_THIN_ONLY_PASS,0,1,0,LOSS,-1.64,0.891,-3.225,0,0,0,,,
BTC-USDT-SWAP-LONG-1774061201000-7,OKX_MARCH,2026-03-21,REJECT,HYBRID_REJECT,M4_THIN_ONLY_PASS,0,1,0,LOSS,-1.64,0.529,-3.572,0,0,0,,,
BTC-USDT-SWAP-SHORT-1774071458000-8,OKX_MARCH,2026-03-21,REJECT,HYBRID_REJECT,M4_THIN_ONLY_PASS,1,0,0,WIN,1.86,3.557,-0.544,1,1,1,1084.1,1084.4,1089.9
BTC-USDT-SWAP-SHORT-1774078231000-9,OKX_MARCH,2026-03-21,REJECT,HYBRID_REJECT,M4_THIN_ONLY_PASS,1,0,0,WIN,1.86,3.621,-0.477,1,1,1,969.4,969.6,975.1
BTC-USDT-SWAP-LONG-1774102049000-10,OKX_MARCH,2026-03-21,REJECT,HYBRID_REJECT,M4_THIN_ONLY_PASS,0,1,0,LOSS,-1.64,0.079,-4.12,0,0,0,,,
BTC-USDT-SWAP-LONG-1774102920000-12,OKX_MARCH,2026-03-21,REJECT,HYBRID_REJECT,M4_THIN_ONLY_PASS,0,1,0,LOSS,-1.64,0.087,-4.112,0,0,0,,,
BTC-USDT-SWAP-SHORT-1774102622000-11,OKX_MARCH,2026-03-21,REJECT,HYBRID_REJECT,M4_THIN_ONLY_PASS,1,0,0,WIN,1.86,4.088,-0.113,1,1,1,558.6,559.0,564.7
BTC-USDT-SWAP-SHORT-1774110303000-13,OKX_MARCH,2026-03-21,REJECT,HYBRID_REJECT,M4_THIN_ONLY_PASS,1,0,0,WIN,1.86,3.537,-0.009,1,1,1,444.1,449.6,453.6
BTC-USDT-SWAP-SHORT-1774110996000-14,OKX_MARCH,2026-03-21,REJECT,HYBRID_REJECT,M4_THIN_ONLY_PASS,1,0,0,WIN,1.86,3.456,-0.09,1,1,1,432.6,438.1,442.2
BTC-USDT-SWAP-SHORT-1774111884000-15,OKX_MARCH,2026-03-21,REJECT,HYBRID_REJECT,M4_THIN_ONLY_PASS,1,0,0,WIN,1.86,3.32,-0.23,1,1,1,417.8,423.3,427.9
BTC-USDT-SWAP-LONG-1774112479000-16,OKX_MARCH,2026-03-21,REJECT,HYBRID_REJECT,M4_THIN_ONLY_PASS,0,1,0,LOSS,-1.64,0.354,-3.201,0,0,0,,,
BTC-USDT-SWAP-SHORT-1774112836000-17,OKX_MARCH,2026-03-21,REJECT,HYBRID_REJECT,M4_THIN_ONLY_PASS,1,0,0,WIN,1.86,3.16,-0.397,1,1,1,401.1,406.0,1116.9
BTC-USDT-SWAP-SHORT-1774112945000-18,OKX_MARCH,2026-03-21,REJECT,HYBRID_REJECT,M4_THIN_ONLY_PASS,1,0,0,WIN,1.86,3.16,-0.397,1,1,1,401.1,406.0,1116.9
BTC-USDT-SWAP-LONG-1774117994000-19,OKX_MARCH,2026-03-21,REJECT,HYBRID_REJECT,M4_THIN_ONLY_PASS,0,1,0,LOSS,-1.64,0.129,-3.383,0,0,0,,,
BTC-USDT-SWAP-LONG-1774135026000-20,OKX_MARCH,2026-03-21,REJECT,HYBRID_REJECT,M4_THIN_ONLY_PASS,0,1,0,LOSS,-1.64,0.077,-4.031,0,0,0,,,
BTC-USDT-SWAP-SHORT-1774135368000-21,OKX_MARCH,2026-03-21,REJECT,HYBRID_REJECT,M4_THIN_ONLY_PASS,1,0,0,WIN,1.86,4.007,-0.074,1,1,1,31.9,35.9,746.5
BTC-USDT-SWAP-LONG-1774139310000-1,OKX_MARCH,2026-03-22,REJECT,HYBRID_REJECT,M4_THIN_ONLY_PASS,0,1,0,LOSS,-1.64,0.744,-2.542,0,0,0,,,
BTC-USDT-SWAP-SHORT-1774139842000-3,OKX_MARCH,2026-03-22,REJECT,HYBRID_REJECT,M4_THIN_ONLY_PASS,1,0,0,WIN,1.86,2.505,-0.782,1,1,0,1215.8,1230.7,
BTC-USDT-SWAP-SHORT-1774139822000-2,OKX_MARCH,2026-03-22,REJECT,HYBRID_REJECT,M4_THIN_ONLY_PASS,1,0,0,WIN,1.86,2.505,-0.782,1,1,0,1215.8,1230.7,
BTC-USDT-SWAP-SHORT-1774140972000-4,OKX_MARCH,2026-03-22,REJECT,HYBRID_REJECT,M4_THIN_ONLY_PASS,1,0,0,WIN,1.86,2.262,-1.034,1,0,0,1202.2,,
BTC-USDT-SWAP-SHORT-1774142237000-5,OKX_MARCH,2026-03-22,REJECT,HYBRID_REJECT,M4_THIN_ONLY_PASS,1,0,0,WIN,1.86,2.439,-0.85,1,0,0,1172.8,,
BTC-USDT-SWAP-SHORT-1774146977000-6,OKX_MARCH,2026-03-22,REJECT,HYBRID_REJECT,M4_THIN_ONLY_PASS,1,0,0,WIN,1.86,2.735,-0.545,1,1,0,1103.4,1117.7,
BTC-USDT-SWAP-LONG-1774147456000-7,OKX_MARCH,2026-03-22,REJECT,HYBRID_REJECT,M4_THIN_ONLY_PASS,0,1,0,LOSS,-1.64,0.573,-2.707,0,0,0,,,
BTC-USDT-SWAP-SHORT-1774149904000-8,OKX_MARCH,2026-03-22,REJECT,HYBRID_REJECT,M4_THIN_ONLY_PASS,1,0,0,WIN,1.86,2.923,-0.217,1,1,0,1045.8,1046.0,
BTC-USDT-SWAP-LONG-1774151423000-9,OKX_MARCH,2026-03-22,REJECT,HYBRID_REJECT,M4_THIN_ONLY_PASS,0,1,0,LOSS,-1.64,0.22,-2.755,0,0,0,,,
BTC-USDT-SWAP-LONG-1774157350000-10,OKX_MARCH,2026-03-22,REJECT,HYBRID_REJECT,M4_THIN_ONLY_PASS,0,1,0,LOSS,-1.64,0.094,-2.675,0,0,0,,,
BTC-USDT-SWAP-SHORT-1774158125000-11,OKX_MARCH,2026-03-22,REJECT,HYBRID_REJECT,M4_THIN_ONLY_PASS,1,0,0,WIN,1.86,2.698,-0.071,1,1,0,919.4,933.6,
BTC-USDT-SWAP-SHORT-1774168425000-13,OKX_MARCH,2026-03-22,ACCEPT,HYBRID_PASS,M4_THIN_ONLY_PASS,0,0,1,TIMEOUT,-0.0249,1.926,-0.513,0,0,0,,,
BTC-USDT-SWAP-SHORT-1774168475000-14,OKX_MARCH,2026-03-22,REJECT,HYBRID_PASS,M4_THIN_ONLY_PASS,0,0,1,TIMEOUT,0.0338,1.962,-0.476,0,0,0,,,
BTC-USDT-SWAP-SHORT-1774168517000-15,OKX_MARCH,2026-03-22,REJECT,HYBRID_PASS,M4_THIN_ONLY_PASS,0,0,1,TIMEOUT,0.0696,1.964,-0.474,0,0,0,,,
BTC-USDT-SWAP-LONG-1774168383000-12,OKX_MARCH,2026-03-22,REJECT,HYBRID_REJECT,M4_THIN_ONLY_PASS,0,1,0,LOSS,-1.64,0.339,-2.095,0,0,0,,,
BTC-USDT-SWAP-SHORT-1774169697000-17,OKX_MARCH,2026-03-22,REJECT,HYBRID_REJECT,M4_THIN_ONLY_PASS,1,0,0,WIN,1.86,2.146,-0.287,1,0,0,732.1,,
BTC-USDT-SWAP-LONG-1774169205000-16,OKX_MARCH,2026-03-22,REJECT,HYBRID_REJECT,M4_THIN_ONLY_PASS,0,1,0,LOSS,-1.64,0.334,-2.101,0,0,0,,,
BTC-USDT-SWAP-SHORT-1774179056000-18,OKX_MARCH,2026-03-22,ACCEPT,HYBRID_PASS,M4_THIN_ONLY_PASS,0,1,0,LOSS,-1.64,1.655,-4.452,0,0,0,,,
BTC-USDT-SWAP-LONG-1774179961000-19,OKX_MARCH,2026-03-22,REJECT,HYBRID_REJECT,M4_THIN_ONLY_PASS,1,0,0,WIN,1.86,4.694,-1.427,1,1,1,1391.3,1391.5,1391.7
BTC-USDT-SWAP-SHORT-1774180005000-20,OKX_MARCH,2026-03-22,REJECT,HYBRID_PASS,M4_THIN_ONLY_PASS,0,1,0,LOSS,-1.64,1.309,-4.82,0,0,0,,,
BTC-USDT-SWAP-SHORT-1774180644000-22,OKX_MARCH,2026-03-22,REJECT,HYBRID_PASS,M4_THIN_ONLY_PASS,0,1,0,LOSS,-1.64,1.333,-4.793,0,0,0,,,
BTC-USDT-SWAP-LONG-1774180468000-21,OKX_MARCH,2026-03-22,REJECT,HYBRID_REJECT,M4_THIN_ONLY_PASS,1,0,0,WIN,1.86,4.791,-1.335,1,1,1,1376.9,1377.0,1377.2
BTC-USDT-SWAP-LONG-1774183232000-23,OKX_MARCH,2026-03-22,REJECT,HYBRID_REJECT,M4_THIN_ONLY_PASS,0,1,0,LOSS,-1.64,4.234,-1.86,1,1,1,1338.1,1338.2,1338.4
BTC-USDT-SWAP-LONG-1774185495000-24,OKX_MARCH,2026-03-22,REJECT,HYBRID_REJECT,M4_THIN_ONLY_PASS,0,1,0,LOSS,-1.64,4.149,-1.94,1,1,1,1286.8,1287.0,1287.1
BTC-USDT-SWAP-LONG-1774186750000-25,OKX_MARCH,2026-03-22,REJECT,HYBRID_REJECT,M4_THIN_ONLY_PASS,0,1,0,LOSS,-1.64,4.22,-1.874,1,1,1,1283.8,1284.0,1284.1
BTC-USDT-SWAP-LONG-1774204867000-26,OKX_MARCH,2026-03-22,REJECT,HYBRID_REJECT,M4_THIN_ONLY_PASS,0,1,0,LOSS,-1.64,4.73,-1.791,1,1,1,967.1,967.3,967.5
BTC-USDT-SWAP-SHORT-1774207344000-27,OKX_MARCH,2026-03-22,REJECT,HYBRID_PASS,M4_THIN_ONLY_PASS,0,1,0,LOSS,-1.64,1.507,-5.033,0,0,0,,,
BTC-USDT-SWAP-SHORT-1774208087000-28,OKX_MARCH,2026-03-22,REJECT,HYBRID_REJECT,M4_THIN_ONLY_PASS,0,1,0,LOSS,-1.64,1.496,-5.045,0,0,0,,,
BTC-USDT-SWAP-SHORT-1774209401000-29,OKX_MARCH,2026-03-22,REJECT,HYBRID_PASS,M4_THIN_ONLY_PASS,0,1,0,LOSS,-1.64,1.247,-5.31,0,0,0,,,
BTC-USDT-SWAP-SHORT-1774213405000-30,OKX_MARCH,2026-03-22,REJECT,HYBRID_PASS,M4_THIN_ONLY_PASS,0,1,0,LOSS,-1.64,0.41,-6.203,0,0,0,,,
BTC-USDT-SWAP-SHORT-1774213492000-31,OKX_MARCH,2026-03-22,REJECT,HYBRID_REJECT,M4_THIN_ONLY_PASS,0,1,0,LOSS,-1.64,0.41,-6.203,0,0,0,,,
BTC-USDT-SWAP-LONG-1774214168000-32,OKX_MARCH,2026-03-22,REJECT,HYBRID_REJECT,M4_THIN_ONLY_PASS,1,0,0,WIN,1.86,5.851,-0.579,1,1,1,781.5,781.7,781.9
BTC-USDT-SWAP-LONG-1774224466000-3,OKX_MARCH,2026-03-23,REJECT,HYBRID_REJECT,M4_THIN_ONLY_PASS,1,0,0,WIN,1.86,5.703,-0.717,1,1,1,654.7,655.0,655.2
BTC-USDT-SWAP-SHORT-1774224201000-1,OKX_MARCH,2026-03-23,REJECT,HYBRID_REJECT,M4_THIN_ONLY_PASS,0,1,0,LOSS,-1.64,0.754,-5.665,0,0,0,,,
BTC-USDT-SWAP-SHORT-1774224316000-2,OKX_MARCH,2026-03-23,REJECT,HYBRID_REJECT,M4_THIN_ONLY_PASS,0,1,0,LOSS,-1.64,0.754,-5.665,0,0,0,,,
BTC-USDT-SWAP-LONG-1774224518000-4,OKX_MARCH,2026-03-23,REJECT,HYBRID_REJECT,M4_THIN_ONLY_PASS,1,0,0,WIN,1.86,5.683,-0.736,1,1,1,643.5,643.8,643.9
BTC-USDT-SWAP-LONG-1774226586000-5,OKX_MARCH,2026-03-23,REJECT,HYBRID_REJECT,M4_THIN_ONLY_PASS,1,0,0,WIN,1.86,6.064,-0.301,1,1,1,607.7,607.8,608.1
BTC-USDT-SWAP-LONG-1774226641000-6,OKX_MARCH,2026-03-23,REJECT,HYBRID_REJECT,M4_THIN_ONLY_PASS,1,0,0,WIN,1.86,6.064,-0.301,1,1,1,607.7,607.8,608.1
BTC-USDT-SWAP-LONG-1774228686000-7,OKX_MARCH,2026-03-23,REJECT,HYBRID_REJECT,M4_THIN_ONLY_PASS,1,0,0,WIN,1.86,5.644,-0.695,1,1,1,584.4,584.7,584.9
BTC-USDT-SWAP-LONG-1774228797000-8,OKX_MARCH,2026-03-23,REJECT,HYBRID_REJECT,M4_THIN_ONLY_PASS,1,0,0,WIN,1.86,5.554,-0.78,1,1,1,582.6,582.9,583.0
BTC-USDT-SWAP-LONG-1774230340000-9,OKX_MARCH,2026-03-23,REJECT,HYBRID_REJECT,M4_THIN_ONLY_PASS,1,0,0,WIN,1.86,5.602,-0.735,1,1,1,552.1,552.4,552.6
BTC-USDT-SWAP-SHORT-1774233098000-10,OKX_MARCH,2026-03-23,REJECT,HYBRID_REJECT,M4_THIN_ONLY_PASS,0,1,0,LOSS,-1.64,1.11,-5.203,0,0,0,,,
BTC-USDT-SWAP-LONG-1774233261000-11,OKX_MARCH,2026-03-23,REJECT,HYBRID_REJECT,M4_THIN_ONLY_PASS,1,0,0,WIN,1.86,5.202,-1.111,1,1,1,505.3,505.4,505.6
BTC-USDT-SWAP-SHORT-1774235188000-12,OKX_MARCH,2026-03-23,REJECT,HYBRID_REJECT,M4_THIN_ONLY_PASS,0,1,0,LOSS,-1.64,1.006,-5.314,0,0,0,,,
BTC-USDT-SWAP-SHORT-1774236610000-13,OKX_MARCH,2026-03-23,REJECT,HYBRID_REJECT,M4_THIN_ONLY_PASS,0,1,0,LOSS,-1.64,0.965,-5.357,0,0,0,,,
BTC-USDT-SWAP-LONG-1774237251000-14,OKX_MARCH,2026-03-23,REJECT,HYBRID_REJECT,M4_THIN_ONLY_PASS,1,0,0,WIN,1.86,5.334,-0.987,1,1,1,441.5,441.7,441.8
BTC-USDT-SWAP-LONG-1774240874000-15,OKX_MARCH,2026-03-23,REJECT,HYBRID_REJECT,M4_THIN_ONLY_PASS,0,1,0,LOSS,-1.64,4.42,-1.846,1,1,1,352.0,352.1,352.2
BTC-USDT-SWAP-SHORT-1774242344000-16,OKX_MARCH,2026-03-23,REJECT,HYBRID_REJECT,M4_THIN_ONLY_PASS,0,1,0,LOSS,-1.64,1.795,-4.474,0,0,0,,,
BTC-USDT-SWAP-LONG-1774242845000-17,OKX_MARCH,2026-03-23,REJECT,HYBRID_REJECT,M4_THIN_ONLY_PASS,0,1,0,LOSS,-1.64,4.434,-1.833,1,1,1,342.9,343.0,343.2
BTC-USDT-SWAP-SHORT-1774244879000-18,OKX_MARCH,2026-03-23,REJECT,HYBRID_REJECT,M4_THIN_ONLY_PASS,0,1,0,LOSS,-1.64,1.719,-4.555,0,0,0,,,
BTC-USDT-SWAP-SHORT-1774247388000-19,OKX_MARCH,2026-03-23,REJECT,HYBRID_REJECT,M4_THIN_ONLY_PASS,0,1,0,LOSS,-1.64,0.553,-5.795,0,0,0,,,
BTC-USDT-SWAP-SHORT-1774265760000-20,OKX_MARCH,2026-03-23,REJECT,HYBRID_REJECT,M4_THIN_ONLY_PASS,0,1,0,LOSS,-1.64,1.409,-1.593,0,0,0,,,
BTC-USDT-SWAP-LONG-1774268722000-22,OKX_MARCH,2026-03-23,REJECT,HYBRID_REJECT,M4_THIN_ONLY_PASS,1,0,0,WIN,1.86,2.158,-0.272,1,0,0,90.4,,
BTC-USDT-SWAP-SHORT-1774267628000-21,OKX_MARCH,2026-03-23,REJECT,HYBRID_REJECT,M4_THIN_ONLY_PASS,0,1,0,LOSS,-1.64,0.356,-2.072,0,0,0,,,
BTC-USDT-SWAP-SHORT-1774269563000-23,OKX_MARCH,2026-03-23,REJECT,HYBRID_REJECT,M4_THIN_ONLY_PASS,0,1,0,LOSS,-1.64,0.849,-1.566,0,0,0,,,
BTC-USDT-SWAP-LONG-1774270395000-24,OKX_MARCH,2026-03-23,REJECT,HYBRID_REJECT,M4_THIN_ONLY_PASS,0,0,1,TIMEOUT,0.1019,1.58,-0.836,0,0,0,,,
BTC-USDT-SWAP-LONG-1774270406000-25,OKX_MARCH,2026-03-23,REJECT,HYBRID_REJECT,M4_THIN_ONLY_PASS,0,0,1,TIMEOUT,0.1019,1.58,-0.836,0,0,0,,,
BTC-USDT-SWAP-LONG-1774270541000-26,OKX_MARCH,2026-03-23,REJECT,HYBRID_REJECT,M4_THIN_ONLY_PASS,0,0,1,TIMEOUT,0.1019,1.58,-0.836,0,0,0,,,
BTC-USDT-SWAP-SHORT-1774273649000-27,OKX_MARCH,2026-03-23,REJECT,HYBRID_REJECT,M4_THIN_ONLY_PASS,0,0,1,TIMEOUT,1.4147,1.673,-0.723,0,0,0,,,
BTC-USDT-SWAP-LONG-1774275378000-30,OKX_MARCH,2026-03-23,REJECT,HYBRID_REJECT,M4_THIN_ONLY_PASS,0,1,0,LOSS,-1.64,0.073,-2.616,0,0,0,,,
BTC-USDT-SWAP-LONG-1774276640000-31,OKX_MARCH,2026-03-23,REJECT,HYBRID_REJECT,M4_THIN_ONLY_PASS,0,1,0,LOSS,-1.64,0.423,-2.274,0,0,0,,,
BTC-USDT-SWAP-SHORT-1774275173000-28,OKX_MARCH,2026-03-23,REJECT,HYBRID_REJECT,M4_THIN_ONLY_PASS,1,0,0,WIN,1.86,2.83,-0.05,1,1,0,1365.5,1419.1,
BTC-USDT-SWAP-SHORT-1774275219000-29,OKX_MARCH,2026-03-23,REJECT,HYBRID_REJECT,M4_THIN_ONLY_PASS,1,0,0,WIN,1.86,2.83,-0.05,1,1,0,1365.5,1419.1,
BTC-USDT-SWAP-SHORT-1774279570000-32,OKX_MARCH,2026-03-23,REJECT,HYBRID_REJECT,M4_THIN_ONLY_PASS,1,0,0,WIN,1.86,2.016,-0.686,1,0,0,1398.2,,
BTC-USDT-SWAP-SHORT-1774281621000-33,OKX_MARCH,2026-03-23,REJECT,HYBRID_REJECT,M4_THIN_ONLY_PASS,0,0,1,TIMEOUT,0.6333,1.322,-1.398,0,0,0,,,
BTC-USDT-SWAP-SHORT-1774281629000-34,OKX_MARCH,2026-03-23,REJECT,HYBRID_REJECT,M4_THIN_ONLY_PASS,0,0,1,TIMEOUT,0.6333,1.322,-1.398,0,0,0,,,
BTC-USDT-SWAP-LONG-1774288091000-35,OKX_MARCH,2026-03-23,REJECT,HYBRID_REJECT,M4_THIN_ONLY_PASS,0,1,0,LOSS,-1.64,0.484,-3.045,0,0,0,,,
BTC-USDT-SWAP-LONG-1774289043000-37,OKX_MARCH,2026-03-23,REJECT,HYBRID_REJECT,M4_THIN_ONLY_PASS,0,1,0,LOSS,-1.64,0.454,-3.074,0,0,0,,,
BTC-USDT-SWAP-SHORT-1774288765000-36,OKX_MARCH,2026-03-23,REJECT,HYBRID_REJECT,M4_THIN_ONLY_PASS,1,0,0,WIN,1.86,2.936,-0.598,1,1,0,1230.2,1365.0,
BTC-USDT-SWAP-LONG-1774310440000-1,OKX_MARCH,2026-03-24,REJECT,HYBRID_REJECT,M4_THIN_ONLY_PASS,0,1,0,LOSS,-1.64,0.629,-2.906,0,0,0,,,
BTC-USDT-SWAP-LONG-1774310514000-2,OKX_MARCH,2026-03-24,REJECT,HYBRID_REJECT,M4_THIN_ONLY_PASS,0,1,0,LOSS,-1.64,0.697,-2.84,0,0,0,,,
BTC-USDT-SWAP-LONG-1774310581000-3,OKX_MARCH,2026-03-24,REJECT,HYBRID_REJECT,M4_THIN_ONLY_PASS,0,1,0,LOSS,-1.64,0.67,-2.866,0,0,0,,,
BTC-USDT-SWAP-SHORT-1774311662000-4,OKX_MARCH,2026-03-24,REJECT,HYBRID_REJECT,M4_THIN_ONLY_PASS,1,0,0,WIN,1.86,2.655,-0.888,1,1,0,974.5,1039.5,
BTC-USDT-SWAP-SHORT-1774311890000-5,OKX_MARCH,2026-03-24,REJECT,HYBRID_REJECT,M4_THIN_ONLY_PASS,1,0,0,WIN,1.86,2.599,-0.947,1,1,0,971.5,1036.5,
BTC-USDT-SWAP-SHORT-1774312736000-6,OKX_MARCH,2026-03-24,REJECT,HYBRID_REJECT,M4_THIN_ONLY_PASS,1,0,0,WIN,1.86,2.443,-1.108,1,0,0,979.1,,
BTC-USDT-SWAP-LONG-1774313004000-7,OKX_MARCH,2026-03-24,REJECT,HYBRID_REJECT,M4_THIN_ONLY_PASS,0,1,0,LOSS,-1.64,1.037,-2.512,0,0,0,,,
BTC-USDT-SWAP-LONG-1774315073000-8,OKX_MARCH,2026-03-24,REJECT,HYBRID_REJECT,M4_THIN_ONLY_PASS,0,1,0,LOSS,-1.64,1.403,-2.159,0,0,0,,,
BTC-USDT-SWAP-LONG-1774316785000-9,OKX_MARCH,2026-03-24,REJECT,HYBRID_REJECT,M4_THIN_ONLY_PASS,0,1,0,LOSS,-1.64,1.356,-2.204,0,0,0,,,
BTC-USDT-SWAP-SHORT-1774327507000-10,OKX_MARCH,2026-03-24,REJECT,HYBRID_REJECT,M4_THIN_ONLY_PASS,0,1,0,LOSS,-1.64,2.025,-1.541,1,0,0,776.2,,
BTC-USDT-SWAP-SHORT-1774329160000-12,OKX_MARCH,2026-03-24,REJECT,HYBRID_REJECT,M4_THIN_ONLY_PASS,0,1,0,LOSS,-1.64,1.87,-1.702,0,0,0,,,
BTC-USDT-SWAP-SHORT-1774329743000-13,OKX_MARCH,2026-03-24,REJECT,HYBRID_REJECT,M4_THIN_ONLY_PASS,0,1,0,LOSS,-1.64,1.815,-1.759,0,0,0,,,
BTC-USDT-SWAP-LONG-1774328942000-11,OKX_MARCH,2026-03-24,REJECT,HYBRID_REJECT,M4_THIN_ONLY_PASS,0,1,0,LOSS,-1.64,1.492,-2.073,0,0,0,,,
BTC-USDT-SWAP-SHORT-1774331704000-14,OKX_MARCH,2026-03-24,REJECT,HYBRID_REJECT,M4_THIN_ONLY_PASS,1,0,0,WIN,1.86,2.079,-1.485,1,0,0,696.6,,
BTC-USDT-SWAP-LONG-1774337368000-16,OKX_MARCH,2026-03-24,REJECT,HYBRID_REJECT,M4_THIN_ONLY_PASS,0,1,0,LOSS,-1.64,0.697,-2.84,0,0,0,,,
BTC-USDT-SWAP-SHORT-1774336685000-15,OKX_MARCH,2026-03-24,REJECT,HYBRID_REJECT,M4_THIN_ONLY_PASS,1,0,0,WIN,1.86,3.013,-0.518,1,1,1,409.0,522.6,587.6
BTC-USDT-SWAP-SHORT-1774339003000-17,OKX_MARCH,2026-03-24,REJECT,HYBRID_REJECT,M4_THIN_ONLY_PASS,1,0,0,WIN,1.86,3.172,-0.303,1,1,1,393.1,506.8,571.8
BTC-USDT-SWAP-LONG-1774339604000-18,OKX_MARCH,2026-03-24,REJECT,HYBRID_REJECT,M4_THIN_ONLY_PASS,0,1,0,LOSS,-1.64,0.399,-3.079,0,0,0,,,
BTC-USDT-SWAP-LONG-1774340147000-19,OKX_MARCH,2026-03-24,REJECT,HYBRID_REJECT,M4_THIN_ONLY_PASS,0,1,0,LOSS,-1.64,0.629,-2.858,0,0,0,,,
BTC-USDT-SWAP-LONG-1774346043000-20,OKX_MARCH,2026-03-24,REJECT,HYBRID_REJECT,M4_THIN_ONLY_PASS,0,1,0,LOSS,-1.64,0.272,-3.411,0,0,0,,,
BTC-USDT-SWAP-LONG-1774346346000-21,OKX_MARCH,2026-03-24,REJECT,HYBRID_REJECT,M4_THIN_ONLY_PASS,0,1,0,LOSS,-1.64,0.353,-3.332,0,0,0,,,
BTC-USDT-SWAP-LONG-1774361880000-22,OKX_MARCH,2026-03-24,REJECT,HYBRID_REJECT,M4_THIN_ONLY_PASS,1,0,0,WIN,1.86,3.01,-1.456,1,1,1,886.8,1224.1,1271.5
BTC-USDT-SWAP-SHORT-1774362129000-23,OKX_MARCH,2026-03-24,REJECT,HYBRID_REJECT,M4_THIN_ONLY_PASS,0,1,0,LOSS,-1.64,1.545,-2.917,0,0,0,,,
BTC-USDT-SWAP-SHORT-1774362766000-24,OKX_MARCH,2026-03-24,REJECT,HYBRID_REJECT,M4_THIN_ONLY_PASS,0,1,0,LOSS,-1.64,1.683,-2.772,0,0,0,,,
BTC-USDT-SWAP-LONG-1774363528000-25,OKX_MARCH,2026-03-24,REJECT,HYBRID_REJECT,M4_THIN_ONLY_PASS,1,0,0,WIN,1.86,3.21,-1.265,1,1,1,858.8,1065.1,1241.2
BTC-USDT-SWAP-SHORT-1774369947000-26,OKX_MARCH,2026-03-24,REJECT,HYBRID_REJECT,M4_THIN_ONLY_PASS,0,1,0,LOSS,-1.64,1.116,-3.365,0,0,0,,,
BTC-USDT-SWAP-SHORT-1774370927000-28,OKX_MARCH,2026-03-24,REJECT,HYBRID_REJECT,M4_THIN_ONLY_PASS,0,1,0,LOSS,-1.64,1.003,-3.483,0,0,0,,,
BTC-USDT-SWAP-SHORT-1774371172000-29,OKX_MARCH,2026-03-24,REJECT,HYBRID_REJECT,M4_THIN_ONLY_PASS,0,1,0,LOSS,-1.64,0.804,-3.691,0,0,0,,,
BTC-USDT-SWAP-SHORT-1774372202000-30,OKX_MARCH,2026-03-24,REJECT,HYBRID_REJECT,M4_THIN_ONLY_PASS,0,1,0,LOSS,-1.64,0.467,-4.043,0,0,0,,,
BTC-USDT-SWAP-LONG-1774370647000-27,OKX_MARCH,2026-03-24,REJECT,HYBRID_REJECT,M4_THIN_ONLY_PASS,1,0,0,WIN,1.86,3.977,-0.531,1,1,1,366.4,447.4,717.0
BTC-USDT-SWAP-SHORT-1774372444000-31,OKX_MARCH,2026-03-24,REJECT,HYBRID_REJECT,M4_THIN_ONLY_PASS,0,1,0,LOSS,-1.64,0.417,-4.096,0,0,0,,,
BTC-USDT-SWAP-SHORT-1774374739000-32,OKX_MARCH,2026-03-24,ACCEPT,HYBRID_PASS,M4_THIN_ONLY_PASS,0,1,0,LOSS,-1.64,0.013,-4.331,0,0,0,,,
BTC-USDT-SWAP-SHORT-1774381867000-33,OKX_MARCH,2026-03-24,REJECT,HYBRID_REJECT,M4_THIN_ONLY_PASS,0,1,0,LOSS,-1.64,0.065,-3.885,0,0,0,,,
BTC-USDT-SWAP-LONG-1774385370000-34,OKX_MARCH,2026-03-24,REJECT,HYBRID_REJECT,M4_THIN_ONLY_PASS,1,0,0,WIN,1.86,2.751,-0.282,1,1,0,692.4,868.5,
BTC-USDT-SWAP-SHORT-1774389025000-35,OKX_MARCH,2026-03-24,REJECT,HYBRID_REJECT,M4_THIN_ONLY_PASS,0,1,0,LOSS,-1.64,0.239,-2.477,0,0,0,,,
BTC-USDT-SWAP-SHORT-1774389074000-36,OKX_MARCH,2026-03-24,REJECT,HYBRID_REJECT,M4_THIN_ONLY_PASS,0,1,0,LOSS,-1.64,0.058,-2.46,0,0,0,,,
BTC-USDT-SWAP-LONG-1774397341000-2,OKX_MARCH,2026-03-25,REJECT,HYBRID_REJECT,M4_THIN_ONLY_PASS,0,0,1,TIMEOUT,0.5746,1.849,-0.452,0,0,0,,,
BTC-USDT-SWAP-LONG-1774397404000-3,OKX_MARCH,2026-03-25,REJECT,HYBRID_REJECT,M4_THIN_ONLY_PASS,0,0,1,TIMEOUT,0.5438,1.83,-0.471,0,0,0,,,
BTC-USDT-SWAP-SHORT-1774396839000-1,OKX_MARCH,2026-03-25,REJECT,HYBRID_REJECT,M4_THIN_ONLY_PASS,0,1,0,LOSS,-1.64,0.393,-1.91,0,0,0,,,
BTC-USDT-SWAP-SHORT-1774397648000-4,OKX_MARCH,2026-03-25,REJECT,HYBRID_REJECT,M4_THIN_ONLY_PASS,0,1,0,LOSS,-1.64,0.263,-2.043,0,0,0,,,
BTC-USDT-SWAP-LONG-1774400096000-6,OKX_MARCH,2026-03-25,REJECT,HYBRID_REJECT,M4_THIN_ONLY_PASS,0,0,1,TIMEOUT,0.3574,1.579,-0.717,0,0,0,,,
BTC-USDT-SWAP-SHORT-1774399490000-5,OKX_MARCH,2026-03-25,REJECT,HYBRID_REJECT,M4_THIN_ONLY_PASS,0,1,0,LOSS,-1.64,0.637,-1.66,0,0,0,,,
BTC-USDT-SWAP-LONG-1774401634000-7,OKX_MARCH,2026-03-25,REJECT,HYBRID_REJECT,M4_THIN_ONLY_PASS,0,0,1,TIMEOUT,0.6674,1.823,-0.478,0,0,0,,,
BTC-USDT-SWAP-LONG-1774405086000-8,OKX_MARCH,2026-03-25,REJECT,HYBRID_REJECT,M4_THIN_ONLY_PASS,1,0,0,WIN,1.86,2.02,-0.286,1,0,0,553.9,,
BTC-USDT-SWAP-LONG-1774407695000-9,OKX_MARCH,2026-03-25,REJECT,HYBRID_REJECT,M4_THIN_ONLY_PASS,1,0,0,WIN,1.86,2.182,-0.127,1,0,0,495.9,,
BTC-USDT-SWAP-SHORT-1774408213000-10,OKX_MARCH,2026-03-25,REJECT,HYBRID_REJECT,M4_THIN_ONLY_PASS,0,1,0,LOSS,-1.64,0.24,-1.795,0,0,0,,,
BTC-USDT-SWAP-LONG-1774415629000-11,OKX_MARCH,2026-03-25,REJECT,HYBRID_REJECT,M4_THIN_ONLY_PASS,0,0,1,TIMEOUT,-1.014,1.167,-1.005,0,0,0,,,
BTC-USDT-SWAP-LONG-1774416472000-13,OKX_MARCH,2026-03-25,REJECT,HYBRID_REJECT,M4_THIN_ONLY_PASS,0,0,1,TIMEOUT,-1.1207,1.099,-1.072,0,0,0,,,
BTC-USDT-SWAP-SHORT-1774416093000-12,OKX_MARCH,2026-03-25,REJECT,HYBRID_REJECT,M4_THIN_ONLY_PASS,0,0,1,TIMEOUT,1.4025,1.753,-1.279,0,0,0,,,
BTC-USDT-SWAP-LONG-1774419017000-14,OKX_MARCH,2026-03-25,REJECT,HYBRID_REJECT,M4_THIN_ONLY_PASS,0,1,0,LOSS,-1.64,1.293,-1.74,0,0,0,,,
BTC-USDT-SWAP-LONG-1774425909000-16,OKX_MARCH,2026-03-25,REJECT,HYBRID_REJECT,M4_THIN_ONLY_PASS,0,1,0,LOSS,-1.64,1.316,-1.833,0,0,0,,,
BTC-USDT-SWAP-SHORT-1774427887000-17,OKX_MARCH,2026-03-25,REJECT,HYBRID_REJECT,M4_THIN_ONLY_PASS,1,0,0,WIN,1.86,2.041,-1.102,1,0,0,1351.7,,
BTC-USDT-SWAP-LONG-1774432966000-18,OKX_MARCH,2026-03-25,REJECT,HYBRID_REJECT,M4_THIN_ONLY_PASS,0,1,0,LOSS,-1.64,0.943,-2.734,0,0,0,,,
BTC-USDT-SWAP-LONG-1774433029000-19,OKX_MARCH,2026-03-25,REJECT,HYBRID_REJECT,M4_THIN_ONLY_PASS,0,1,0,LOSS,-1.64,0.918,-2.759,0,0,0,,,
BTC-USDT-SWAP-SHORT-1774435972000-20,OKX_MARCH,2026-03-25,REJECT,HYBRID_REJECT,M4_THIN_ONLY_PASS,1,0,0,WIN,1.86,3.016,-0.651,1,1,1,1137.8,1355.3,1373.8
BTC-USDT-SWAP-LONG-1774436211000-21,OKX_MARCH,2026-03-25,REJECT,HYBRID_REJECT,M4_THIN_ONLY_PASS,0,1,0,LOSS,-1.64,0.749,-2.922,0,0,0,,,
BTC-USDT-SWAP-LONG-1774437718000-22,OKX_MARCH,2026-03-25,REJECT,HYBRID_REJECT,M4_THIN_ONLY_PASS,0,1,0,LOSS,-1.64,0.468,-3.321,0,0,0,,,
BTC-USDT-SWAP-LONG-1774437958000-23,OKX_MARCH,2026-03-25,REJECT,HYBRID_REJECT,M4_THIN_ONLY_PASS,0,1,0,LOSS,-1.64,0.109,-3.831,0,0,0,,,
BTC-USDT-SWAP-SHORT-1774439218000-24,OKX_MARCH,2026-03-25,REJECT,HYBRID_REJECT,M4_THIN_ONLY_PASS,1,0,0,WIN,1.86,3.387,-0.541,1,1,1,1079.0,1179.7,1301.8
BTC-USDT-SWAP-SHORT-1774439561000-25,OKX_MARCH,2026-03-25,REJECT,HYBRID_REJECT,M4_THIN_ONLY_PASS,1,0,0,WIN,1.86,2.882,-1.067,1,1,0,1143.6,1265.7,
BTC-USDT-SWAP-LONG-1774445278000-26,OKX_MARCH,2026-03-25,REJECT,HYBRID_REJECT,M4_THIN_ONLY_PASS,0,1,0,LOSS,-1.64,0.023,-3.816,0,0,0,,,
BTC-USDT-SWAP-SHORT-1774446087000-27,OKX_MARCH,2026-03-25,REJECT,HYBRID_REJECT,M4_THIN_ONLY_PASS,1,0,0,WIN,1.86,3.243,-0.345,1,1,1,947.3,1163.6,1277.0
BTC-USDT-SWAP-LONG-1774448158000-28,OKX_MARCH,2026-03-25,REJECT,HYBRID_REJECT,M4_THIN_ONLY_PASS,0,1,0,LOSS,-1.64,0.524,-3.071,0,0,0,,,
BTC-USDT-SWAP-SHORT-1774452639000-29,OKX_MARCH,2026-03-25,REJECT,HYBRID_REJECT,M4_THIN_ONLY_PASS,1,0,0,WIN,1.86,3.345,-1.207,1,1,1,1073.4,1408.7,1414.7
BTC-USDT-SWAP-SHORT-1774459290000-30,OKX_MARCH,2026-03-25,REJECT,HYBRID_REJECT,M4_THIN_ONLY_PASS,1,0,0,WIN,1.86,3.559,-0.879,1,1,1,966.8,1081.2,1310.2
BTC-USDT-SWAP-SHORT-1774460558000-31,OKX_MARCH,2026-03-25,REJECT,HYBRID_REJECT,M4_THIN_ONLY_PASS,1,0,0,WIN,1.86,3.354,-1.094,1,1,1,948.3,1283.7,1289.7
BTC-USDT-SWAP-SHORT-1774461630000-32,OKX_MARCH,2026-03-25,REJECT,HYBRID_REJECT,M4_THIN_ONLY_PASS,1,0,0,WIN,1.86,3.473,-1.258,1,1,1,1041.2,1271.2,1271.8
BTC-USDT-SWAP-LONG-1774480244000-33,OKX_MARCH,2026-03-25,REJECT,HYBRID_REJECT,M4_THIN_ONLY_PASS,0,1,0,LOSS,-1.64,0.216,-4.416,0,0,0,,,
BTC-USDT-SWAP-LONG-1774483234000-1,OKX_MARCH,2026-03-26,REJECT,HYBRID_REJECT,M4_THIN_ONLY_PASS,0,1,0,LOSS,-1.64,0.278,-4.356,0,0,0,,,
BTC-USDT-SWAP-LONG-1774484096000-2,OKX_MARCH,2026-03-26,REJECT,HYBRID_REJECT,M4_THIN_ONLY_PASS,0,1,0,LOSS,-1.64,0.209,-4.423,0,0,0,,,
BTC-USDT-SWAP-SHORT-1774484401000-3,OKX_MARCH,2026-03-26,REJECT,HYBRID_REJECT,M4_THIN_ONLY_PASS,1,0,0,WIN,1.86,4.479,-0.149,1,1,1,319.9,533.2,646.8
BTC-USDT-SWAP-SHORT-1774485627000-4,OKX_MARCH,2026-03-26,REJECT,HYBRID_REJECT,M4_THIN_ONLY_PASS,1,0,0,WIN,1.86,4.525,-0.03,1,1,1,304.9,520.8,636.5
BTC-USDT-SWAP-LONG-1774486088000-5,OKX_MARCH,2026-03-26,REJECT,HYBRID_REJECT,M4_THIN_ONLY_PASS,0,1,0,LOSS,-1.64,0.179,-4.375,0,0,0,,,
BTC-USDT-SWAP-SHORT-1774487843000-6,OKX_MARCH,2026-03-26,REJECT,HYBRID_REJECT,M4_THIN_ONLY_PASS,1,0,0,WIN,1.86,4.343,-0.197,1,1,1,372.0,494.1,828.9
BTC-USDT-SWAP-LONG-1774491706000-7,OKX_MARCH,2026-03-26,REJECT,HYBRID_REJECT,M4_THIN_ONLY_PASS,0,1,0,LOSS,-1.64,0.322,-3.688,0,0,0,,,
BTC-USDT-SWAP-LONG-1774492706000-9,OKX_MARCH,2026-03-26,REJECT,HYBRID_REJECT,M4_THIN_ONLY_PASS,0,1,0,LOSS,-1.64,0.214,-3.791,0,0,0,,,
BTC-USDT-SWAP-SHORT-1774492655000-8,OKX_MARCH,2026-03-26,REJECT,HYBRID_REJECT,M4_THIN_ONLY_PASS,1,0,0,WIN,1.86,3.879,-0.122,1,1,1,402.2,737.5,743.6
BTC-USDT-SWAP-SHORT-1774493504000-10,OKX_MARCH,2026-03-26,REJECT,HYBRID_REJECT,M4_THIN_ONLY_PASS,1,0,0,WIN,1.86,3.862,-0.141,1,1,1,399.6,734.4,740.5
BTC-USDT-SWAP-SHORT-1774495702000-11,OKX_MARCH,2026-03-26,REJECT,HYBRID_REJECT,M4_THIN_ONLY_PASS,1,0,0,WIN,1.86,3.7,-0.219,1,1,1,473.4,703.4,704.0
BTC-USDT-SWAP-SHORT-1774502716000-13,OKX_MARCH,2026-03-26,REJECT,HYBRID_REJECT,M4_THIN_ONLY_PASS,1,0,0,WIN,1.86,3.393,-0.142,1,1,1,577.5,583.6,745.3
BTC-USDT-SWAP-SHORT-1774503105000-14,OKX_MARCH,2026-03-26,REJECT,HYBRID_REJECT,M4_THIN_ONLY_PASS,1,0,0,WIN,1.86,3.441,-0.024,1,1,1,571.1,577.1,738.8
BTC-USDT-SWAP-LONG-1774501901000-12,OKX_MARCH,2026-03-26,REJECT,HYBRID_REJECT,M4_THIN_ONLY_PASS,0,1,0,LOSS,-1.64,0.259,-2.653,0,0,0,,,
BTC-USDT-SWAP-SHORT-1774504288000-15,OKX_MARCH,2026-03-26,REJECT,HYBRID_REJECT,M4_THIN_ONLY_PASS,1,0,0,WIN,1.86,2.553,-0.363,1,1,0,549.8,734.6,
BTC-USDT-SWAP-SHORT-1774505134000-16,OKX_MARCH,2026-03-26,REJECT,HYBRID_REJECT,M4_THIN_ONLY_PASS,1,0,0,WIN,1.86,2.699,-0.212,1,1,0,542.8,727.5,
BTC-USDT-SWAP-SHORT-1774513471000-17,OKX_MARCH,2026-03-26,REJECT,HYBRID_REJECT,M4_THIN_ONLY_PASS,1,0,0,WIN,1.86,2.406,-0.466,1,0,0,567.5,,
BTC-USDT-SWAP-SHORT-1774518188000-19,OKX_MARCH,2026-03-26,REJECT,HYBRID_REJECT,M4_THIN_ONLY_PASS,1,0,0,WIN,1.86,2.794,-0.561,1,1,0,1369.7,1370.2,
BTC-USDT-SWAP-LONG-1774517981000-18,OKX_MARCH,2026-03-26,REJECT,HYBRID_REJECT,M4_THIN_ONLY_PASS,0,1,0,LOSS,-1.64,0.529,-2.825,0,0,0,,,
BTC-USDT-SWAP-LONG-1774518751000-21,OKX_MARCH,2026-03-26,REJECT,HYBRID_REJECT,M4_THIN_ONLY_PASS,0,1,0,LOSS,-1.64,0.433,-2.918,0,0,0,,,
BTC-USDT-SWAP-SHORT-1774518380000-20,OKX_MARCH,2026-03-26,ACCEPT,HYBRID_PASS,M4_THIN_ONLY_PASS,1,0,0,WIN,1.86,2.831,-0.523,1,1,0,1346.8,1347.3,
BTC-USDT-SWAP-LONG-1774520436000-22,OKX_MARCH,2026-03-26,REJECT,HYBRID_REJECT,M4_THIN_ONLY_PASS,0,1,0,LOSS,-1.64,0.276,-3.07,0,0,0,,,
BTC-USDT-SWAP-LONG-1774520499000-23,OKX_MARCH,2026-03-26,REJECT,HYBRID_REJECT,M4_THIN_ONLY_PASS,0,1,0,LOSS,-1.64,0.269,-3.076,0,0,0,,,
BTC-USDT-SWAP-LONG-1774524970000-24,OKX_MARCH,2026-03-26,REJECT,HYBRID_REJECT,M4_THIN_ONLY_PASS,0,1,0,LOSS,-1.64,0.668,-4.626,0,0,0,,,
BTC-USDT-SWAP-LONG-1774526555000-25,OKX_MARCH,2026-03-26,REJECT,HYBRID_REJECT,M4_THIN_ONLY_PASS,0,1,0,LOSS,-1.64,0.761,-4.538,0,0,0,,,
BTC-USDT-SWAP-SHORT-1774526799000-26,OKX_MARCH,2026-03-26,REJECT,HYBRID_REJECT,M4_THIN_ONLY_PASS,1,0,0,WIN,1.86,4.572,-0.725,1,1,1,1222.3,1225.0,1344.0
BTC-USDT-SWAP-SHORT-1774527206000-27,OKX_MARCH,2026-03-26,REJECT,HYBRID_REJECT,M4_THIN_ONLY_PASS,1,0,0,WIN,1.86,4.6,-0.695,1,1,1,1219.3,1222.0,1341.0
BTC-USDT-SWAP-SHORT-1774533389000-29,OKX_MARCH,2026-03-26,REJECT,HYBRID_REJECT,M4_THIN_ONLY_PASS,1,0,0,WIN,1.86,5.275,-0.265,1,1,1,257.9,1113.6,1149.2
BTC-USDT-SWAP-LONG-1774533115000-28,OKX_MARCH,2026-03-26,REJECT,HYBRID_REJECT,M4_THIN_ONLY_PASS,0,1,0,LOSS,-1.64,0.193,-5.342,0,0,0,,,
BTC-USDT-SWAP-SHORT-1774538608000-32,OKX_MARCH,2026-03-26,ACCEPT,HYBRID_PASS,M4_THIN_ONLY_PASS,1,0,0,WIN,1.86,4.76,-0.711,1,1,1,1028.5,1147.5,1148.6
BTC-USDT-SWAP-LONG-1774538419000-30,OKX_MARCH,2026-03-26,REJECT,HYBRID_REJECT,M4_THIN_ONLY_PASS,0,1,0,LOSS,-1.64,0.616,-4.85,0,0,0,,,
BTC-USDT-SWAP-LONG-1774538541000-31,OKX_MARCH,2026-03-26,REJECT,HYBRID_REJECT,M4_THIN_ONLY_PASS,0,1,0,LOSS,-1.64,0.616,-4.85,0,0,0,,,
BTC-USDT-SWAP-SHORT-1774539002000-33,OKX_MARCH,2026-03-26,REJECT,HYBRID_PASS,M4_THIN_ONLY_PASS,1,0,0,WIN,1.86,4.885,-0.579,1,1,1,1006.5,1125.8,1127.0
BTC-USDT-SWAP-LONG-1774540527000-34,OKX_MARCH,2026-03-26,REJECT,HYBRID_REJECT,M4_THIN_ONLY_PASS,0,1,0,LOSS,-1.64,0.661,-4.808,0,0,0,,,
BTC-USDT-SWAP-LONG-1774547784000-35,OKX_MARCH,2026-03-26,REJECT,HYBRID_REJECT,M4_THIN_ONLY_PASS,0,1,0,LOSS,-1.64,1.365,-4.363,0,0,0,,,
BTC-USDT-SWAP-SHORT-1774548203000-37,OKX_MARCH,2026-03-26,REJECT,HYBRID_PASS,M4_THIN_ONLY_PASS,0,1,0,LOSS,-1.64,4.178,-1.562,1,1,1,987.9,1003.3,1004.6
BTC-USDT-SWAP-SHORT-1774548280000-38,OKX_MARCH,2026-03-26,REJECT,HYBRID_PASS,M4_THIN_ONLY_PASS,0,1,0,LOSS,-1.64,4.178,-1.562,1,1,1,987.9,1003.3,1004.6
BTC-USDT-SWAP-SHORT-1774548303000-39,OKX_MARCH,2026-03-26,REJECT,HYBRID_PASS,M4_THIN_ONLY_PASS,0,1,0,LOSS,-1.64,4.178,-1.562,1,1,1,987.9,1003.3,1004.6
BTC-USDT-SWAP-LONG-1774548123000-36,OKX_MARCH,2026-03-26,REJECT,HYBRID_REJECT,M4_THIN_ONLY_PASS,0,1,0,LOSS,-1.64,1.599,-4.142,0,0,0,,,
BTC-USDT-SWAP-SHORT-1774549562000-40,OKX_MARCH,2026-03-26,REJECT,HYBRID_REJECT,M4_THIN_ONLY_PASS,0,1,0,LOSS,-1.64,4.183,-1.586,1,1,1,946.3,961.8,963.1
BTC-USDT-SWAP-LONG-1774550123000-41,OKX_MARCH,2026-03-26,REJECT,HYBRID_REJECT,M4_THIN_ONLY_PASS,0,1,0,LOSS,-1.64,1.533,-4.233,0,0,0,,,
BTC-USDT-SWAP-SHORT-1774554260000-42,OKX_MARCH,2026-03-26,REJECT,HYBRID_REJECT,M4_THIN_ONLY_PASS,1,0,0,WIN,1.86,4.528,-1.221,1,1,1,890.1,891.3,907.0
BTC-USDT-SWAP-SHORT-1774556212000-43,OKX_MARCH,2026-03-26,REJECT,HYBRID_REJECT,M4_THIN_ONLY_PASS,1,0,0,WIN,1.86,5.241,-0.266,1,1,1,736.4,857.5,858.8
BTC-USDT-SWAP-SHORT-1774556314000-44,OKX_MARCH,2026-03-26,REJECT,HYBRID_REJECT,M4_THIN_ONLY_PASS,1,0,0,WIN,1.86,5.139,-0.374,1,1,1,736.6,855.9,857.1
BTC-USDT-SWAP-LONG-1774557042000-45,OKX_MARCH,2026-03-26,REJECT,HYBRID_REJECT,M4_THIN_ONLY_PASS,0,1,0,LOSS,-1.64,0.065,-5.234,0,0,0,,,
BTC-USDT-SWAP-LONG-1774558729000-46,OKX_MARCH,2026-03-26,REJECT,HYBRID_REJECT,M4_THIN_ONLY_PASS,0,1,0,LOSS,-1.64,0.253,-5.041,0,0,0,,,
BTC-USDT-SWAP-LONG-1774564434000-47,OKX_MARCH,2026-03-26,REJECT,HYBRID_REJECT,M4_THIN_ONLY_PASS,0,1,0,LOSS,-1.64,0.59,-4.722,0,0,0,,,
BTC-USDT-SWAP-SHORT-1774564730000-48,OKX_MARCH,2026-03-26,REJECT,HYBRID_PASS,M4_THIN_ONLY_PASS,1,0,0,WIN,1.86,4.717,-0.595,1,1,1,715.5,716.7,732.2
BTC-USDT-SWAP-LONG-1774565554000-49,OKX_MARCH,2026-03-26,REJECT,HYBRID_REJECT,M4_THIN_ONLY_PASS,0,1,0,LOSS,-1.64,0.529,-4.78,0,0,0,,,
BTC-USDT-SWAP-SHORT-1774570637000-2,OKX_MARCH,2026-03-27,REJECT,HYBRID_REJECT,M4_THIN_ONLY_PASS,1,0,0,WIN,1.86,4.858,-0.446,1,1,1,616.8,618.3,618.5
BTC-USDT-SWAP-LONG-1774570334000-1,OKX_MARCH,2026-03-27,REJECT,HYBRID_REJECT,M4_THIN_ONLY_PASS,0,1,0,LOSS,-1.64,0.609,-4.704,0,0,0,,,
BTC-USDT-SWAP-LONG-1774571281000-3,OKX_MARCH,2026-03-27,REJECT,HYBRID_REJECT,M4_THIN_ONLY_PASS,0,1,0,LOSS,-1.64,0.638,-4.677,0,0,0,,,
BTC-USDT-SWAP-SHORT-1774572338000-4,OKX_MARCH,2026-03-27,REJECT,HYBRID_REJECT,M4_THIN_ONLY_PASS,1,0,0,WIN,1.86,4.702,-0.611,1,1,1,575.7,577.0,592.4
BTC-USDT-SWAP-SHORT-1774573301000-5,OKX_MARCH,2026-03-27,ACCEPT,HYBRID_PASS,M4_THIN_ONLY_PASS,1,0,0,WIN,1.86,4.82,-0.487,1,1,1,561.8,563.0,565.7
BTC-USDT-SWAP-LONG-1774576895000-6,OKX_MARCH,2026-03-27,REJECT,HYBRID_REJECT,M4_THIN_ONLY_PASS,0,1,0,LOSS,-1.64,0.112,-5.174,0,0,0,,,
BTC-USDT-SWAP-SHORT-1774577539000-8,OKX_MARCH,2026-03-27,REJECT,HYBRID_REJECT,M4_THIN_ONLY_PASS,1,0,0,WIN,1.86,5.096,-0.026,1,1,1,382.9,502.2,503.3
BTC-USDT-SWAP-LONG-1774576961000-7,OKX_MARCH,2026-03-27,REJECT,HYBRID_REJECT,M4_THIN_ONLY_PASS,0,1,0,LOSS,-1.64,0.098,-5.027,0,0,0,,,
BTC-USDT-SWAP-SHORT-1774578177000-9,OKX_MARCH,2026-03-27,REJECT,HYBRID_REJECT,M4_THIN_ONLY_PASS,1,0,0,WIN,1.86,5.028,-0.028,1,1,1,363.8,482.7,483.9
BTC-USDT-SWAP-LONG-1774585514000-10,OKX_MARCH,2026-03-27,REJECT,HYBRID_REJECT,M4_THIN_ONLY_PASS,0,1,0,LOSS,-1.64,0.61,-4.379,0,0,0,,,
BTC-USDT-SWAP-SHORT-1774585870000-11,OKX_MARCH,2026-03-27,REJECT,HYBRID_REJECT,M4_THIN_ONLY_PASS,1,0,0,WIN,1.86,4.45,-0.536,1,1,1,358.1,359.3,376.0
BTC-USDT-SWAP-LONG-1774587127000-12,OKX_MARCH,2026-03-27,REJECT,HYBRID_REJECT,M4_THIN_ONLY_PASS,0,1,0,LOSS,-1.64,0.538,-4.448,0,0,0,,,
BTC-USDT-SWAP-LONG-1774594419000-13,OKX_MARCH,2026-03-27,REJECT,HYBRID_REJECT,M4_THIN_ONLY_PASS,0,1,0,LOSS,-1.64,0.368,-4.609,0,0,0,,,
BTC-USDT-SWAP-SHORT-1774598331000-14,OKX_MARCH,2026-03-27,REJECT,HYBRID_REJECT,M4_THIN_ONLY_PASS,1,0,0,WIN,1.86,4.315,-0.027,1,1,1,145.8,148.4,162.5
BTC-USDT-SWAP-SHORT-1774600484000-17,OKX_MARCH,2026-03-27,ACCEPT,HYBRID_PASS,M4_THIN_ONLY_PASS,1,0,0,WIN,1.86,3.285,-0.428,1,1,1,132.4,313.8,345.4
BTC-USDT-SWAP-SHORT-1774600392000-16,OKX_MARCH,2026-03-27,REJECT,HYBRID_REJECT,M4_THIN_ONLY_PASS,1,0,0,WIN,1.86,3.285,-0.428,1,1,1,132.4,313.8,345.4
BTC-USDT-SWAP-LONG-1774599878000-15,OKX_MARCH,2026-03-27,REJECT,HYBRID_REJECT,M4_THIN_ONLY_PASS,0,1,0,LOSS,-1.64,0.308,-3.4,0,0,0,,,
BTC-USDT-SWAP-SHORT-1774608293000-18,OKX_MARCH,2026-03-27,REJECT,HYBRID_PASS,M4_THIN_ONLY_PASS,0,0,1,TIMEOUT,0.1168,1.279,-0.685,0,0,0,,,
BTC-USDT-SWAP-LONG-1774609222000-19,OKX_MARCH,2026-03-27,REJECT,HYBRID_REJECT,M4_THIN_ONLY_PASS,0,1,0,LOSS,-1.64,0.234,-1.721,0,0,0,,,
BTC-USDT-SWAP-LONG-1774610486000-20,OKX_MARCH,2026-03-27,REJECT,HYBRID_REJECT,M4_THIN_ONLY_PASS,0,1,0,LOSS,-1.64,0.265,-1.691,0,0,0,,,
BTC-USDT-SWAP-LONG-1774612561000-21,OKX_MARCH,2026-03-27,REJECT,HYBRID_REJECT,M4_THIN_ONLY_PASS,0,1,0,LOSS,-1.64,0.154,-1.693,0,0,0,,,
BTC-USDT-SWAP-LONG-1774620007000-22,OKX_MARCH,2026-03-27,REJECT,HYBRID_REJECT,M4_THIN_ONLY_PASS,0,0,1,TIMEOUT,0.6469,1.441,-1.03,0,0,0,,,
BTC-USDT-SWAP-SHORT-1774620613000-23,OKX_MARCH,2026-03-27,REJECT,HYBRID_PASS,M4_THIN_ONLY_PASS,0,1,0,LOSS,-1.64,0.417,-2.07,0,0,0,,,
BTC-USDT-SWAP-LONG-1774623813000-24,OKX_MARCH,2026-03-27,REJECT,HYBRID_REJECT,M4_THIN_ONLY_PASS,0,0,1,TIMEOUT,0.682,1.419,-1.052,0,0,0,,,
BTC-USDT-SWAP-LONG-1774626472000-26,OKX_MARCH,2026-03-27,REJECT,HYBRID_REJECT,M4_THIN_ONLY_PASS,0,0,1,TIMEOUT,0.788,1.473,-1.215,0,0,0,,,
BTC-USDT-SWAP-LONG-1774626322000-25,OKX_MARCH,2026-03-27,REJECT,HYBRID_REJECT,M4_THIN_ONLY_PASS,0,0,1,TIMEOUT,0.788,1.473,-1.215,0,0,0,,,
BTC-USDT-SWAP-LONG-1774628406000-28,OKX_MARCH,2026-03-27,REJECT,HYBRID_REJECT,M4_THIN_ONLY_PASS,1,0,0,WIN,1.86,2.069,-0.635,1,0,0,1372.2,,
BTC-USDT-SWAP-LONG-1774628331000-27,OKX_MARCH,2026-03-27,REJECT,HYBRID_REJECT,M4_THIN_ONLY_PASS,1,0,0,WIN,1.86,2.069,-0.635,1,0,0,1372.2,,
BTC-USDT-SWAP-LONG-1774633774000-29,OKX_MARCH,2026-03-27,REJECT,HYBRID_REJECT,M4_THIN_ONLY_PASS,1,0,0,WIN,1.86,2.509,-0.207,1,1,0,1187.4,1287.5,
BTC-USDT-SWAP-SHORT-1774634948000-30,OKX_MARCH,2026-03-27,REJECT,HYBRID_REJECT,M4_THIN_ONLY_PASS,0,1,0,LOSS,-1.64,0.287,-2.427,0,0,0,,,
BTC-USDT-SWAP-LONG-1774635434000-32,OKX_MARCH,2026-03-27,REJECT,HYBRID_REJECT,M4_THIN_ONLY_PASS,1,0,0,WIN,1.86,2.416,-0.073,1,0,0,1146.3,,
BTC-USDT-SWAP-SHORT-1774635234000-31,OKX_MARCH,2026-03-27,REJECT,HYBRID_REJECT,M4_THIN_ONLY_PASS,0,1,0,LOSS,-1.64,0.212,-2.273,0,0,0,,,
BTC-USDT-SWAP-LONG-1774655103000-33,OKX_MARCH,2026-03-27,REJECT,HYBRID_REJECT,M4_THIN_ONLY_PASS,0,0,1,TIMEOUT,-0.0374,1.529,-0.573,0,0,0,,,
BTC-USDT-SWAP-LONG-1774657037000-3,OKX_MARCH,2026-03-28,REJECT,HYBRID_REJECT,M4_THIN_ONLY_PASS,0,0,1,TIMEOUT,0.0282,1.498,-0.603,0,0,0,,,
BTC-USDT-SWAP-SHORT-1774656577000-2,OKX_MARCH,2026-03-28,REJECT,HYBRID_REJECT,M4_THIN_ONLY_PASS,0,0,1,TIMEOUT,-0.0832,0.79,-1.308,0,0,0,,,
BTC-USDT-SWAP-SHORT-1774656525000-1,OKX_MARCH,2026-03-28,REJECT,HYBRID_REJECT,M4_THIN_ONLY_PASS,0,0,1,TIMEOUT,-0.0832,0.79,-1.308,0,0,0,,,
BTC-USDT-SWAP-LONG-1774659275000-4,OKX_MARCH,2026-03-28,REJECT,HYBRID_REJECT,M4_THIN_ONLY_PASS,0,0,1,TIMEOUT,0.12,1.419,-0.681,0,0,0,,,
BTC-USDT-SWAP-LONG-1774660665000-6,OKX_MARCH,2026-03-28,REJECT,HYBRID_REJECT,M4_THIN_ONLY_PASS,0,0,1,TIMEOUT,0.2886,1.597,-0.506,0,0,0,,,
BTC-USDT-SWAP-LONG-1774660589000-5,OKX_MARCH,2026-03-28,REJECT,HYBRID_REJECT,M4_THIN_ONLY_PASS,0,0,1,TIMEOUT,0.2886,1.597,-0.506,0,0,0,,,
BTC-USDT-SWAP-LONG-1774662071000-7,OKX_MARCH,2026-03-28,REJECT,HYBRID_REJECT,M4_THIN_ONLY_PASS,0,0,1,TIMEOUT,0.235,1.745,-0.361,0,0,0,,,
BTC-USDT-SWAP-SHORT-1774662687000-8,OKX_MARCH,2026-03-28,REJECT,HYBRID_REJECT,M4_THIN_ONLY_PASS,0,1,0,LOSS,-1.64,0.348,-1.759,0,0,0,,,
BTC-USDT-SWAP-LONG-1774664758000-10,OKX_MARCH,2026-03-28,REJECT,HYBRID_REJECT,M4_THIN_ONLY_PASS,0,0,1,TIMEOUT,0.6923,1.964,-0.097,0,0,0,,,
BTC-USDT-SWAP-SHORT-1774663765000-9,OKX_MARCH,2026-03-28,ACCEPT,HYBRID_PASS,M4_THIN_ONLY_PASS,0,1,0,LOSS,-1.64,0.039,-2.002,0,0,0,,,
BTC-USDT-SWAP-SHORT-1774665979000-11,OKX_MARCH,2026-03-28,REJECT,HYBRID_REJECT,M4_THIN_ONLY_PASS,0,1,0,LOSS,-1.64,0.047,-1.811,0,0,0,,,
BTC-USDT-SWAP-SHORT-1774672561000-12,OKX_MARCH,2026-03-28,REJECT,HYBRID_REJECT,M4_THIN_ONLY_PASS,0,1,0,LOSS,-1.64,0.228,-1.59,0,0,0,,,
BTC-USDT-SWAP-LONG-1774679676000-13,OKX_MARCH,2026-03-28,REJECT,HYBRID_REJECT,M4_THIN_ONLY_PASS,0,0,1,TIMEOUT,0.2273,1.328,-0.485,0,0,0,,,
BTC-USDT-SWAP-LONG-1774685109000-14,OKX_MARCH,2026-03-28,REJECT,HYBRID_REJECT,M4_THIN_ONLY_PASS,0,0,1,TIMEOUT,0.0941,1.259,-0.553,0,0,0,,,
BTC-USDT-SWAP-SHORT-1774686604000-15,OKX_MARCH,2026-03-28,REJECT,HYBRID_REJECT,M4_THIN_ONLY_PASS,0,0,1,TIMEOUT,-0.3795,0.636,-1.175,0,0,0,,,
BTC-USDT-SWAP-LONG-1774690718000-16,OKX_MARCH,2026-03-28,REJECT,HYBRID_REJECT,M4_THIN_ONLY_PASS,0,0,1,TIMEOUT,0.3117,1.557,-0.261,0,0,0,,,
BTC-USDT-SWAP-LONG-1774706252000-18,OKX_MARCH,2026-03-28,REJECT,HYBRID_REJECT,M4_THIN_ONLY_PASS,0,0,1,TIMEOUT,-0.5726,0.774,-0.831,0,0,0,,,
BTC-USDT-SWAP-LONG-1774706385000-19,OKX_MARCH,2026-03-28,REJECT,HYBRID_REJECT,M4_THIN_ONLY_PASS,0,0,1,TIMEOUT,-0.619,0.773,-0.832,0,0,0,,,
BTC-USDT-SWAP-SHORT-1774705080000-17,OKX_MARCH,2026-03-28,REJECT,HYBRID_REJECT,M4_THIN_ONLY_PASS,0,0,1,TIMEOUT,0.2757,0.821,-0.784,0,0,0,,,
BTC-USDT-SWAP-LONG-1774712731000-20,OKX_MARCH,2026-03-28,REJECT,HYBRID_REJECT,M4_THIN_ONLY_PASS,0,0,1,TIMEOUT,-0.8775,0.192,-1.139,0,0,0,,,
BTC-USDT-SWAP-LONG-1774716427000-21,OKX_MARCH,2026-03-28,REJECT,HYBRID_REJECT,M4_THIN_ONLY_PASS,0,0,1,TIMEOUT,-0.6454,0.38,-0.953,0,0,0,,,
BTC-USDT-SWAP-LONG-1774735104000-22,OKX_MARCH,2026-03-28,REJECT,HYBRID_REJECT,M4_THIN_ONLY_PASS,0,0,1,TIMEOUT,-0.6139,0.782,-0.706,0,0,0,,,
BTC-USDT-SWAP-LONG-1774736087000-23,OKX_MARCH,2026-03-28,REJECT,HYBRID_REJECT,M4_THIN_ONLY_PASS,0,0,1,TIMEOUT,-0.7175,0.567,-0.918,0,0,0,,,
BTC-USDT-SWAP-SHORT-1774742430000-1,OKX_MARCH,2026-03-29,REJECT,HYBRID_REJECT,M4_THIN_ONLY_PASS,1,0,0,WIN,1.86,2.22,-1.068,1,0,0,1358.7,,
BTC-USDT-SWAP-SHORT-1774742801000-2,OKX_MARCH,2026-03-29,REJECT,HYBRID_REJECT,M4_THIN_ONLY_PASS,1,0,0,WIN,1.86,2.249,-1.038,1,0,0,1354.1,,
BTC-USDT-SWAP-LONG-1774742870000-3,OKX_MARCH,2026-03-29,REJECT,HYBRID_REJECT,M4_THIN_ONLY_PASS,0,1,0,LOSS,-1.64,1.202,-2.09,0,0,0,,,
BTC-USDT-SWAP-LONG-1774743999000-4,OKX_MARCH,2026-03-29,REJECT,HYBRID_REJECT,M4_THIN_ONLY_PASS,0,1,0,LOSS,-1.64,1.113,-2.176,0,0,0,,,
BTC-USDT-SWAP-SHORT-1774746731000-5,OKX_MARCH,2026-03-29,REJECT,HYBRID_REJECT,M4_THIN_ONLY_PASS,1,0,0,WIN,1.86,2.372,-0.911,1,0,0,1286.6,,
BTC-USDT-SWAP-SHORT-1774750254000-6,OKX_MARCH,2026-03-29,REJECT,HYBRID_REJECT,M4_THIN_ONLY_PASS,1,0,0,WIN,1.86,2.568,-0.709,1,1,0,1217.0,1217.2,
BTC-USDT-SWAP-SHORT-1774751295000-7,OKX_MARCH,2026-03-29,REJECT,HYBRID_REJECT,M4_THIN_ONLY_PASS,1,0,0,WIN,1.86,2.434,-0.847,1,0,0,1208.3,,
BTC-USDT-SWAP-SHORT-1774752923000-8,OKX_MARCH,2026-03-29,REJECT,HYBRID_REJECT,M4_THIN_ONLY_PASS,1,0,0,WIN,1.86,2.704,-1.141,1,1,0,1186.8,1187.0,
BTC-USDT-SWAP-LONG-1774753216000-9,OKX_MARCH,2026-03-29,REJECT,HYBRID_REJECT,M4_THIN_ONLY_PASS,0,1,0,LOSS,-1.64,1.1,-2.742,0,0,0,,,
BTC-USDT-SWAP-LONG-1774754966000-10,OKX_MARCH,2026-03-29,REJECT,HYBRID_REJECT,M4_THIN_ONLY_PASS,0,1,0,LOSS,-1.64,0.813,-3.019,0,0,0,,,
BTC-USDT-SWAP-LONG-1774755666000-11,OKX_MARCH,2026-03-29,REJECT,HYBRID_REJECT,M4_THIN_ONLY_PASS,0,1,0,LOSS,-1.64,0.926,-2.91,0,0,0,,,
BTC-USDT-SWAP-SHORT-1774757504000-12,OKX_MARCH,2026-03-29,REJECT,HYBRID_REJECT,M4_THIN_ONLY_PASS,1,0,0,WIN,1.86,2.745,-1.286,1,1,0,1085.8,1086.0,
BTC-USDT-SWAP-LONG-1774760584000-13,OKX_MARCH,2026-03-29,REJECT,HYBRID_REJECT,M4_THIN_ONLY_PASS,0,1,0,LOSS,-1.64,1.653,-2.631,0,0,0,,,
BTC-USDT-SWAP-SHORT-1774760707000-14,OKX_MARCH,2026-03-29,REJECT,HYBRID_REJECT,M4_THIN_ONLY_PASS,1,0,0,WIN,1.86,2.59,-1.697,1,1,0,1050.8,1051.0,
BTC-USDT-SWAP-LONG-1774762457000-15,OKX_MARCH,2026-03-29,REJECT,HYBRID_REJECT,M4_THIN_ONLY_PASS,0,1,0,LOSS,-1.64,1.77,-2.52,0,0,0,,,
BTC-USDT-SWAP-SHORT-1774763331000-16,OKX_MARCH,2026-03-29,REJECT,HYBRID_REJECT,M4_THIN_ONLY_PASS,1,0,0,WIN,1.86,2.739,-1.541,1,1,0,1007.0,1007.1,
BTC-USDT-SWAP-SHORT-1774768706000-17,OKX_MARCH,2026-03-29,REJECT,HYBRID_REJECT,M4_THIN_ONLY_PASS,1,0,0,WIN,1.86,2.519,-1.771,1,1,0,910.3,914.6,
BTC-USDT-SWAP-LONG-1774777150000-18,OKX_MARCH,2026-03-29,REJECT,HYBRID_REJECT,M4_THIN_ONLY_PASS,0,1,0,LOSS,-1.64,2.062,-2.443,1,0,0,1341.3,,
BTC-USDT-SWAP-SHORT-1774779062000-19,OKX_MARCH,2026-03-29,REJECT,HYBRID_REJECT,M4_THIN_ONLY_PASS,1,0,0,WIN,1.86,2.323,-2.187,1,0,0,751.3,,
BTC-USDT-SWAP-LONG-1774780706000-20,OKX_MARCH,2026-03-29,REJECT,HYBRID_REJECT,M4_THIN_ONLY_PASS,0,1,0,LOSS,-1.64,2.114,-2.393,1,0,0,1272.6,,
BTC-USDT-SWAP-LONG-1774783251000-21,OKX_MARCH,2026-03-29,REJECT,HYBRID_REJECT,M4_THIN_ONLY_PASS,0,1,0,LOSS,-1.64,1.775,-2.717,0,0,0,,,
BTC-USDT-SWAP-LONG-1774784312000-22,OKX_MARCH,2026-03-29,REJECT,HYBRID_REJECT,M4_THIN_ONLY_PASS,0,1,0,LOSS,-1.64,1.759,-2.812,0,0,0,,,
BTC-USDT-SWAP-SHORT-1774805237000-23,OKX_MARCH,2026-03-29,REJECT,HYBRID_REJECT,M4_THIN_ONLY_PASS,0,1,0,LOSS,-1.64,1.937,-2.999,0,0,0,,,
BTC-USDT-SWAP-SHORT-1774826131000-24,OKX_MARCH,2026-03-29,REJECT,HYBRID_REJECT,M4_THIN_ONLY_PASS,0,1,0,LOSS,-1.64,0.254,-3.442,0,0,0,,,
BTC-USDT-SWAP-LONG-1774829268000-2,OKX_MARCH,2026-03-30,REJECT,HYBRID_REJECT,M4_THIN_ONLY_PASS,1,0,0,WIN,1.86,3.551,-0.149,1,1,1,155.0,258.1,474.5
BTC-USDT-SWAP-LONG-1774829318000-3,OKX_MARCH,2026-03-30,REJECT,HYBRID_REJECT,M4_THIN_ONLY_PASS,1,0,0,WIN,1.86,3.57,-0.131,1,1,1,153.6,154.3,473.4
BTC-USDT-SWAP-LONG-1774829392000-4,OKX_MARCH,2026-03-30,REJECT,HYBRID_REJECT,M4_THIN_ONLY_PASS,1,0,0,WIN,1.86,3.567,-0.133,1,1,1,151.6,247.7,471.3
BTC-USDT-SWAP-SHORT-1774828839000-1,OKX_MARCH,2026-03-30,REJECT,HYBRID_REJECT,M4_THIN_ONLY_PASS,0,1,0,LOSS,-1.64,0.737,-2.447,0,0,0,,,
BTC-USDT-SWAP-SHORT-1774830283000-5,OKX_MARCH,2026-03-30,REJECT,HYBRID_REJECT,M4_THIN_ONLY_PASS,0,1,0,LOSS,-1.64,0.282,-2.917,0,0,0,,,
BTC-USDT-SWAP-LONG-1774834220000-6,OKX_MARCH,2026-03-30,REJECT,HYBRID_REJECT,M4_THIN_ONLY_PASS,1,0,0,WIN,1.86,2.46,-0.527,1,0,0,424.8,,
BTC-USDT-SWAP-LONG-1774834280000-7,OKX_MARCH,2026-03-30,REJECT,HYBRID_REJECT,M4_THIN_ONLY_PASS,1,0,0,WIN,1.86,2.718,-0.547,1,1,0,423.8,1439.7,
BTC-USDT-SWAP-LONG-1774836861000-8,OKX_MARCH,2026-03-30,REJECT,HYBRID_REJECT,M4_THIN_ONLY_PASS,1,0,0,WIN,1.86,2.522,-0.744,1,1,0,656.8,1389.2,
BTC-USDT-SWAP-LONG-1774836898000-9,OKX_MARCH,2026-03-30,REJECT,HYBRID_REJECT,M4_THIN_ONLY_PASS,1,0,0,WIN,1.86,2.522,-0.744,1,1,0,656.8,1389.2,
BTC-USDT-SWAP-LONG-1774840912000-11,OKX_MARCH,2026-03-30,REJECT,HYBRID_REJECT,M4_THIN_ONLY_PASS,0,0,1,TIMEOUT,0.7201,1.769,-1.472,0,0,0,,,
BTC-USDT-SWAP-LONG-1774841502000-12,OKX_MARCH,2026-03-30,REJECT,HYBRID_REJECT,M4_THIN_ONLY_PASS,0,0,1,TIMEOUT,0.8272,1.743,-1.498,0,0,0,,,
BTC-USDT-SWAP-SHORT-1774840595000-10,OKX_MARCH,2026-03-30,REJECT,HYBRID_REJECT,M4_THIN_ONLY_PASS,0,1,0,LOSS,-1.64,1.418,-1.825,0,0,0,,,
BTC-USDT-SWAP-SHORT-1774842906000-13,OKX_MARCH,2026-03-30,REJECT,HYBRID_REJECT,M4_THIN_ONLY_PASS,0,1,0,LOSS,-1.64,1.349,-1.897,0,0,0,,,
BTC-USDT-SWAP-LONG-1774843669000-14,OKX_MARCH,2026-03-30,REJECT,HYBRID_REJECT,M4_THIN_ONLY_PASS,0,1,0,LOSS,-1.64,1.497,-1.735,0,0,0,,,
BTC-USDT-SWAP-SHORT-1774844011000-15,OKX_MARCH,2026-03-30,REJECT,HYBRID_REJECT,M4_THIN_ONLY_PASS,0,1,0,LOSS,-1.64,1.69,-1.544,0,0,0,,,
BTC-USDT-SWAP-SHORT-1774846621000-17,OKX_MARCH,2026-03-30,REJECT,HYBRID_REJECT,M4_THIN_ONLY_PASS,1,0,0,WIN,1.86,2.038,-1.185,1,0,0,864.6,,
BTC-USDT-SWAP-SHORT-1774846778000-18,OKX_MARCH,2026-03-30,REJECT,HYBRID_REJECT,M4_THIN_ONLY_PASS,1,0,0,WIN,1.86,2.029,-1.194,1,0,0,860.8,,
BTC-USDT-SWAP-LONG-1774846274000-16,OKX_MARCH,2026-03-30,REJECT,HYBRID_REJECT,M4_THIN_ONLY_PASS,0,1,0,LOSS,-1.64,1.134,-2.087,0,0,0,,,
BTC-USDT-SWAP-LONG-1774847323000-19,OKX_MARCH,2026-03-30,REJECT,HYBRID_REJECT,M4_THIN_ONLY_PASS,0,1,0,LOSS,-1.64,1.098,-2.122,0,0,0,,,
BTC-USDT-SWAP-SHORT-1774852538000-20,OKX_MARCH,2026-03-30,REJECT,HYBRID_REJECT,M4_THIN_ONLY_PASS,0,1,0,LOSS,-1.64,1.587,-1.65,0,0,0,,,
BTC-USDT-SWAP-SHORT-1774858134000-21,OKX_MARCH,2026-03-30,REJECT,HYBRID_REJECT,M4_THIN_ONLY_PASS,1,0,0,WIN,1.86,2.249,-0.967,1,0,0,639.7,,
BTC-USDT-SWAP-LONG-1774858984000-22,OKX_MARCH,2026-03-30,REJECT,HYBRID_REJECT,M4_THIN_ONLY_PASS,0,1,0,LOSS,-1.64,0.968,-2.248,0,0,0,,,
BTC-USDT-SWAP-LONG-1774872672000-23,OKX_MARCH,2026-03-30,REJECT,HYBRID_REJECT,M4_THIN_ONLY_PASS,0,1,0,LOSS,-1.64,0.833,-2.769,0,0,0,,,
BTC-USDT-SWAP-LONG-1774873140000-24,OKX_MARCH,2026-03-30,REJECT,HYBRID_REJECT,M4_THIN_ONLY_PASS,0,1,0,LOSS,-1.64,0.738,-2.861,0,0,0,,,
BTC-USDT-SWAP-SHORT-1774874303000-25,OKX_MARCH,2026-03-30,REJECT,HYBRID_REJECT,M4_THIN_ONLY_PASS,1,0,0,WIN,1.86,2.77,-0.832,1,1,0,369.3,1274.2,
BTC-USDT-SWAP-LONG-1774878475000-26,OKX_MARCH,2026-03-30,REJECT,HYBRID_REJECT,M4_THIN_ONLY_PASS,0,1,0,LOSS,-1.64,0.975,-2.632,0,0,0,,,
BTC-USDT-SWAP-LONG-1774882904000-27,OKX_MARCH,2026-03-30,REJECT,HYBRID_REJECT,M4_THIN_ONLY_PASS,0,1,0,LOSS,-1.64,0.881,-2.723,0,0,0,,,
BTC-USDT-SWAP-SHORT-1774891237000-28,OKX_MARCH,2026-03-30,REJECT,HYBRID_REJECT,M4_THIN_ONLY_PASS,0,1,0,LOSS,-1.64,1.238,-2.699,0,0,0,,,
BTC-USDT-SWAP-LONG-1774891865000-29,OKX_MARCH,2026-03-30,REJECT,HYBRID_REJECT,M4_THIN_ONLY_PASS,1,0,0,WIN,1.86,2.619,-1.315,1,1,0,460.7,1401.5,
BTC-USDT-SWAP-SHORT-1774896600000-30,OKX_MARCH,2026-03-30,REJECT,HYBRID_REJECT,M4_THIN_ONLY_PASS,0,1,0,LOSS,-1.64,0.924,-3.026,0,0,0,,,
BTC-USDT-SWAP-SHORT-1774897033000-31,OKX_MARCH,2026-03-30,REJECT,HYBRID_REJECT,M4_THIN_ONLY_PASS,0,1,0,LOSS,-1.64,0.887,-3.064,0,0,0,,,
BTC-USDT-SWAP-SHORT-1774898345000-34,OKX_MARCH,2026-03-30,REJECT,HYBRID_REJECT,M4_THIN_ONLY_PASS,0,1,0,LOSS,-1.64,0.519,-3.447,0,0,0,,,
BTC-USDT-SWAP-SHORT-1774898653000-35,OKX_MARCH,2026-03-30,REJECT,HYBRID_REJECT,M4_THIN_ONLY_PASS,0,1,0,LOSS,-1.64,0.558,-3.407,0,0,0,,,
BTC-USDT-SWAP-LONG-1774898021000-32,OKX_MARCH,2026-03-30,REJECT,HYBRID_REJECT,M4_THIN_ONLY_PASS,1,0,0,WIN,1.86,3.383,-0.581,1,1,1,343.6,353.3,354.0
BTC-USDT-SWAP-LONG-1774898078000-33,OKX_MARCH,2026-03-30,REJECT,HYBRID_REJECT,M4_THIN_ONLY_PASS,1,0,0,WIN,1.86,3.383,-0.581,1,1,1,343.6,353.3,354.0
BTC-USDT-SWAP-LONG-1774900481000-36,OKX_MARCH,2026-03-30,REJECT,HYBRID_REJECT,M4_THIN_ONLY_PASS,1,0,0,WIN,1.86,3.105,-0.848,1,1,1,322.3,329.8,1270.8
BTC-USDT-SWAP-SHORT-1774900746000-37,OKX_MARCH,2026-03-30,REJECT,HYBRID_REJECT,M4_THIN_ONLY_PASS,0,1,0,LOSS,-1.64,1.018,-2.928,0,0,0,,,
BTC-USDT-SWAP-LONG-1774906773000-38,OKX_MARCH,2026-03-30,REJECT,HYBRID_REJECT,M4_THIN_ONLY_PASS,1,0,0,WIN,1.86,2.535,-1.397,1,1,0,223.3,1164.6,
BTC-USDT-SWAP-LONG-1774915354000-1,OKX_MARCH,2026-03-31,REJECT,HYBRID_REJECT,M4_THIN_ONLY_PASS,1,0,0,WIN,1.86,2.768,-1.172,1,1,0,88.0,1029.2,
BTC-USDT-SWAP-SHORT-1774916222000-2,OKX_MARCH,2026-03-31,REJECT,HYBRID_REJECT,M4_THIN_ONLY_PASS,0,1,0,LOSS,-1.64,1.187,-2.752,0,0,0,,,
BTC-USDT-SWAP-SHORT-1774917130000-4,OKX_MARCH,2026-03-31,REJECT,HYBRID_REJECT,M4_THIN_ONLY_PASS,0,1,0,LOSS,-1.64,1.305,-2.63,0,0,0,,,
BTC-USDT-SWAP-LONG-1774916501000-3,OKX_MARCH,2026-03-31,REJECT,HYBRID_REJECT,M4_THIN_ONLY_PASS,1,0,0,WIN,1.86,2.581,-1.352,1,1,0,50.0,991.3,
BTC-USDT-SWAP-SHORT-1774918719000-6,OKX_MARCH,2026-03-31,REJECT,HYBRID_REJECT,M4_THIN_ONLY_PASS,1,0,0,WIN,1.86,2.617,-1.266,1,1,0,477.6,507.4,
BTC-USDT-SWAP-LONG-1774917842000-5,OKX_MARCH,2026-03-31,REJECT,HYBRID_REJECT,M4_THIN_ONLY_PASS,0,1,0,LOSS,-1.64,1.144,-2.734,0,0,0,,,
BTC-USDT-SWAP-LONG-1774920704000-8,OKX_MARCH,2026-03-31,REJECT,HYBRID_REJECT,M4_THIN_ONLY_PASS,0,1,0,LOSS,-1.64,1.009,-2.864,0,0,0,,,
BTC-USDT-SWAP-SHORT-1774920546000-7,OKX_MARCH,2026-03-31,REJECT,HYBRID_REJECT,M4_THIN_ONLY_PASS,1,0,0,WIN,1.86,2.907,-0.964,1,1,0,439.2,480.1,
BTC-USDT-SWAP-SHORT-1774922015000-9,OKX_MARCH,2026-03-31,REJECT,HYBRID_REJECT,M4_THIN_ONLY_PASS,1,0,0,WIN,1.86,2.967,-0.901,1,1,0,434.6,476.4,
BTC-USDT-SWAP-SHORT-1774928879000-10,OKX_MARCH,2026-03-31,REJECT,HYBRID_REJECT,M4_THIN_ONLY_PASS,1,0,0,WIN,1.86,2.642,-1.239,1,1,0,301.4,330.8,
BTC-USDT-SWAP-SHORT-1774933202000-11,OKX_MARCH,2026-03-31,REJECT,HYBRID_REJECT,M4_THIN_ONLY_PASS,1,0,0,WIN,1.86,2.307,-1.587,1,0,0,287.0,,
BTC-USDT-SWAP-SHORT-1774933245000-12,OKX_MARCH,2026-03-31,REJECT,HYBRID_REJECT,M4_THIN_ONLY_PASS,1,0,0,WIN,1.86,2.307,-1.587,1,0,0,287.0,,
BTC-USDT-SWAP-SHORT-1774938806000-13,OKX_MARCH,2026-03-31,REJECT,HYBRID_REJECT,M4_THIN_ONLY_PASS,1,0,0,WIN,1.86,2.087,-1.817,1,0,0,197.8,,
BTC-USDT-SWAP-SHORT-1774942358000-14,OKX_MARCH,2026-03-31,REJECT,HYBRID_REJECT,M4_THIN_ONLY_PASS,1,0,0,WIN,1.86,2.014,-1.892,1,0,0,131.7,,
BTC-USDT-SWAP-SHORT-1774943101000-15,OKX_MARCH,2026-03-31,REJECT,HYBRID_REJECT,M4_THIN_ONLY_PASS,1,0,0,WIN,1.86,2.048,-1.857,1,0,0,126.0,,
BTC-USDT-SWAP-SHORT-1774946279000-16,OKX_MARCH,2026-03-31,REJECT,HYBRID_REJECT,M4_THIN_ONLY_PASS,0,1,0,LOSS,-1.64,1.269,-2.667,0,0,0,,,
BTC-USDT-SWAP-SHORT-1774946349000-17,OKX_MARCH,2026-03-31,REJECT,HYBRID_REJECT,M4_THIN_ONLY_PASS,0,1,0,LOSS,-1.64,1.269,-2.667,0,0,0,,,
BTC-USDT-SWAP-SHORT-1774947138000-18,OKX_MARCH,2026-03-31,REJECT,HYBRID_REJECT,M4_THIN_ONLY_PASS,0,1,0,LOSS,-1.64,1.19,-2.75,0,0,0,,,
BTC-USDT-SWAP-SHORT-1774948614000-19,OKX_MARCH,2026-03-31,REJECT,HYBRID_REJECT,M4_THIN_ONLY_PASS,0,1,0,LOSS,-1.64,0.691,-3.268,0,0,0,,,
BTC-USDT-SWAP-SHORT-1774948669000-20,OKX_MARCH,2026-03-31,REJECT,HYBRID_REJECT,M4_THIN_ONLY_PASS,0,1,0,LOSS,-1.64,0.691,-3.268,0,0,0,,,
BTC-USDT-SWAP-LONG-1774948954000-21,OKX_MARCH,2026-03-31,REJECT,HYBRID_REJECT,M4_THIN_ONLY_PASS,1,0,0,WIN,1.86,3.345,-0.618,1,1,1,266.2,438.9,441.8
BTC-USDT-SWAP-SHORT-1774951968000-23,OKX_MARCH,2026-03-31,REJECT,HYBRID_REJECT,M4_THIN_ONLY_PASS,0,1,0,LOSS,-1.64,0.269,-3.362,0,0,0,,,
BTC-USDT-SWAP-LONG-1774950763000-22,OKX_MARCH,2026-03-31,REJECT,HYBRID_REJECT,M4_THIN_ONLY_PASS,1,0,0,WIN,1.86,3.322,-0.307,1,1,1,236.0,408.7,411.7
BTC-USDT-SWAP-LONG-1774977794000-24,OKX_MARCH,2026-03-31,REJECT,HYBRID_REJECT,M4_THIN_ONLY_PASS,0,0,1,TIMEOUT,0.0903,0.438,-1.044,0,0,0,,,
BTC-USDT-SWAP-LONG-1774983035000-25,OKX_MARCH,2026-03-31,REJECT,HYBRID_REJECT,M4_THIN_ONLY_PASS,0,0,1,TIMEOUT,0.495,0.844,-0.218,0,0,0,,,
BTC-USDT-SWAP-LONG-1774984071000-26,OKX_MARCH,2026-03-31,REJECT,HYBRID_REJECT,M4_THIN_ONLY_PASS,0,0,1,TIMEOUT,0.3307,0.679,-0.381,0,0,0,,,
BTC-USDT-SWAP-LONG-1774988188000-27,OKX_MARCH,2026-03-31,REJECT,HYBRID_REJECT,M4_THIN_ONLY_PASS,0,0,1,TIMEOUT,0.2874,0.636,-0.161,0,0,0,,,
BTC-USDT-SWAP-LONG-1774990827000-28,OKX_MARCH,2026-03-31,REJECT,HYBRID_REJECT,M4_THIN_ONLY_PASS,0,0,1,TIMEOUT,0.0851,0.433,-0.362,0,0,0,,,
BTC-USDT-SWAP-SHORT-1779408570000-2,OKX_MAY,2026-05-22,REJECT,HYBRID_REJECT,M4_THIN_ONLY_REJECT,1,0,0,WIN,1.86,2.785,-0.528,1,1,0,1152.8,1346.5,
BTC-USDT-SWAP-LONG-1779408364000-1,OKX_MAY,2026-05-22,REJECT,HYBRID_REJECT,M4_THIN_ONLY_REJECT,0,1,0,LOSS,-1.64,0.494,-2.818,0,0,0,,,
BTC-USDT-SWAP-SHORT-1779411930000-3,OKX_MAY,2026-05-22,REJECT,HYBRID_REJECT,M4_THIN_ONLY_REJECT,1,0,0,WIN,1.86,2.882,-0.589,1,1,0,1092.0,1285.7,
BTC-USDT-SWAP-LONG-1779415195000-4,OKX_MAY,2026-05-22,REJECT,HYBRID_REJECT,M4_THIN_ONLY_REJECT,0,1,0,LOSS,-1.64,0.27,-3.19,0,0,0,,,
BTC-USDT-SWAP-LONG-1779416443000-6,OKX_MAY,2026-05-22,REJECT,HYBRID_REJECT,M4_THIN_ONLY_REJECT,0,1,0,LOSS,-1.64,0.31,-3.151,0,0,0,,,
BTC-USDT-SWAP-SHORT-1779415546000-5,OKX_MAY,2026-05-22,REJECT,HYBRID_REJECT,M4_THIN_ONLY_REJECT,1,0,0,WIN,1.86,3.14,-0.322,1,1,1,972.3,1017.3,1319.2
BTC-USDT-SWAP-SHORT-1779421196000-8,OKX_MAY,2026-05-22,REJECT,HYBRID_REJECT,M4_THIN_ONLY_REJECT,1,0,0,WIN,1.86,3.3,-0.156,1,1,1,902.3,947.0,1204.4
BTC-USDT-SWAP-LONG-1779420889000-7,OKX_MAY,2026-05-22,REJECT,HYBRID_REJECT,M4_THIN_ONLY_REJECT,0,1,0,LOSS,-1.64,0.154,-3.302,0,0,0,,,
BTC-USDT-SWAP-SHORT-1779423246000-9,OKX_MAY,2026-05-22,REJECT,HYBRID_REJECT,M4_THIN_ONLY_REJECT,1,0,0,WIN,1.86,3.351,-0.006,1,1,1,862.6,907.3,1101.0
BTC-USDT-SWAP-LONG-1779433591000-10,OKX_MAY,2026-05-22,REJECT,HYBRID_REJECT,M4_THIN_ONLY_REJECT,0,1,0,LOSS,-1.64,0.258,-2.806,0,0,0,,,
BTC-USDT-SWAP-SHORT-1779439235000-11,OKX_MAY,2026-05-22,REJECT,HYBRID_REJECT,M4_THIN_ONLY_REJECT,1,0,0,WIN,1.86,3.998,-0.336,1,1,1,633.0,890.3,1368.8
BTC-USDT-SWAP-SHORT-1779441426000-13,OKX_MAY,2026-05-22,REJECT,HYBRID_REJECT,M4_THIN_ONLY_REJECT,1,0,0,WIN,1.86,3.951,-0.385,1,1,1,606.4,863.6,1342.1
BTC-USDT-SWAP-LONG-1779448856000-14,OKX_MAY,2026-05-22,REJECT,HYBRID_REJECT,M4_THIN_ONLY_REJECT,0,1,0,LOSS,-1.64,0.427,-3.911,0,0,0,,,
BTC-USDT-SWAP-SHORT-1779457879000-15,OKX_MAY,2026-05-22,REJECT,HYBRID_REJECT,M4_THIN_ONLY_REJECT,1,0,0,WIN,1.86,3.863,-0.089,1,1,1,346.6,638.3,1075.6
BTC-USDT-SWAP-SHORT-1779459081000-16,OKX_MAY,2026-05-22,REJECT,HYBRID_REJECT,M4_THIN_ONLY_REJECT,1,0,0,WIN,1.86,3.691,-0.062,1,1,1,508.3,1050.5,1054.5
BTC-USDT-SWAP-SHORT-1779459495000-17,OKX_MAY,2026-05-22,REJECT,HYBRID_REJECT,M4_THIN_ONLY_REJECT,1,0,0,WIN,1.86,3.36,-0.405,1,1,1,602.7,1040.0,1040.3
BTC-USDT-SWAP-SHORT-1779459508000-18,OKX_MAY,2026-05-22,REJECT,HYBRID_REJECT,M4_THIN_ONLY_REJECT,1,0,0,WIN,1.86,3.36,-0.405,1,1,1,602.7,1040.0,1040.3
BTC-USDT-SWAP-SHORT-1779460217000-19,OKX_MAY,2026-05-22,REJECT,HYBRID_REJECT,M4_THIN_ONLY_REJECT,1,0,0,WIN,1.86,3.393,-0.372,1,1,1,599.0,1036.3,1036.6
BTC-USDT-SWAP-LONG-1779460984000-20,OKX_MAY,2026-05-22,REJECT,HYBRID_REJECT,M4_THIN_ONLY_REJECT,0,1,0,LOSS,-1.64,0.425,-3.341,0,0,0,,,
BTC-USDT-SWAP-SHORT-1779464926000-22,OKX_MAY,2026-05-22,REJECT,HYBRID_REJECT,M4_THIN_ONLY_REJECT,1,0,0,WIN,1.86,3.341,-0.425,1,1,1,521.3,952.8,953.1
BTC-USDT-SWAP-LONG-1779464654000-21,OKX_MAY,2026-05-22,REJECT,HYBRID_REJECT,M4_THIN_ONLY_REJECT,0,1,0,LOSS,-1.64,0.299,-3.463,0,0,0,,,
BTC-USDT-SWAP-SHORT-1779494401000-1,OKX_MAY,2026-05-23,REJECT,HYBRID_REJECT,M4_THIN_ONLY_REJECT,0,1,0,LOSS,-1.64,1.731,-2.479,0,0,0,,,
BTC-USDT-SWAP-SHORT-1779494481000-2,OKX_MAY,2026-05-23,REJECT,HYBRID_REJECT,M4_THIN_ONLY_REJECT,0,1,0,LOSS,-1.64,1.731,-2.479,0,0,0,,,
BTC-USDT-SWAP-LONG-1779495107000-3,OKX_MAY,2026-05-23,REJECT,HYBRID_REJECT,M4_THIN_ONLY_REJECT,0,1,0,LOSS,-1.64,2.633,-1.583,1,1,0,1221.6,1240.4,
BTC-USDT-SWAP-LONG-1779495574000-4,OKX_MAY,2026-05-23,REJECT,HYBRID_REJECT,M4_THIN_ONLY_REJECT,0,1,0,LOSS,-1.64,2.565,-1.648,1,1,0,1231.5,1236.2,
BTC-USDT-SWAP-SHORT-1779496099000-5,OKX_MAY,2026-05-23,ACCEPT,HYBRID_PASS,M4_THIN_ONLY_REJECT,0,1,0,LOSS,-1.64,1.579,-2.638,0,0,0,,,
BTC-USDT-SWAP-LONG-1779496998000-6,OKX_MAY,2026-05-23,REJECT,HYBRID_REJECT,M4_THIN_ONLY_REJECT,0,1,0,LOSS,-1.64,2.672,-1.546,1,1,0,1184.8,1203.2,
BTC-USDT-SWAP-SHORT-1779497203000-7,OKX_MAY,2026-05-23,REJECT,HYBRID_REJECT,M4_THIN_ONLY_REJECT,0,1,0,LOSS,-1.64,1.514,-2.705,0,0,0,,,
BTC-USDT-SWAP-LONG-1779507581000-8,OKX_MAY,2026-05-23,REJECT,HYBRID_REJECT,M4_THIN_ONLY_REJECT,0,1,0,LOSS,-1.64,2.326,-1.878,1,0,0,1032.9,,
BTC-USDT-SWAP-SHORT-1779507906000-9,OKX_MAY,2026-05-23,REJECT,HYBRID_REJECT,M4_THIN_ONLY_REJECT,0,1,0,LOSS,-1.64,1.869,-2.335,0,0,0,,,
BTC-USDT-SWAP-SHORT-1779522337000-10,OKX_MAY,2026-05-23,ACCEPT,HYBRID_PASS,M4_THIN_ONLY_REJECT,0,1,0,LOSS,-1.64,0.282,-3.849,0,0,0,,,
BTC-USDT-SWAP-LONG-1779528501000-12,OKX_MAY,2026-05-23,REJECT,HYBRID_REJECT,M4_THIN_ONLY_REJECT,1,0,0,WIN,1.86,3.631,-0.07,1,1,1,635.6,662.3,665.9
BTC-USDT-SWAP-LONG-1779532902000-13,OKX_MAY,2026-05-23,REJECT,HYBRID_REJECT,M4_THIN_ONLY_REJECT,1,0,0,WIN,1.86,3.733,-0.156,1,1,1,586.9,592.9,610.5
BTC-USDT-SWAP-LONG-1779537311000-14,OKX_MAY,2026-05-23,REJECT,HYBRID_REJECT,M4_THIN_ONLY_REJECT,1,0,0,WIN,1.86,3.697,-0.191,1,1,1,513.6,519.9,537.3
BTC-USDT-SWAP-LONG-1779542109000-15,OKX_MAY,2026-05-23,REJECT,HYBRID_REJECT,M4_THIN_ONLY_REJECT,1,0,0,WIN,1.86,3.448,-0.15,1,1,1,428.8,430.6,448.9
BTC-USDT-SWAP-LONG-1779544826000-16,OKX_MAY,2026-05-23,REJECT,HYBRID_REJECT,M4_THIN_ONLY_REJECT,1,0,0,WIN,1.86,3.098,-0.107,1,1,1,391.1,408.5,1220.1
BTC-USDT-SWAP-LONG-1779546968000-17,OKX_MAY,2026-05-23,REJECT,HYBRID_REJECT,M4_THIN_ONLY_REJECT,1,0,0,WIN,1.86,2.777,-0.143,1,1,0,368.6,373.4,
BTC-USDT-SWAP-LONG-1779548601000-18,OKX_MAY,2026-05-23,REJECT,HYBRID_REJECT,M4_THIN_ONLY_REJECT,1,0,0,WIN,1.86,2.567,-0.346,1,1,0,342.3,1153.9,
BTC-USDT-SWAP-LONG-1779549554000-19,OKX_MAY,2026-05-23,REJECT,HYBRID_REJECT,M4_THIN_ONLY_REJECT,1,0,0,WIN,1.86,2.57,-0.343,1,1,0,333.2,1144.8,
BTC-USDT-SWAP-LONG-1779581256000-2,OKX_MAY,2026-05-24,REJECT,HYBRID_REJECT,M4_THIN_ONLY_REJECT,0,0,1,TIMEOUT,0.508,1.183,-0.746,0,0,0,,,
BTC-USDT-SWAP-SHORT-1779580801000-1,OKX_MAY,2026-05-24,REJECT,HYBRID_REJECT,M4_THIN_ONLY_REJECT,0,0,1,TIMEOUT,-0.7807,0.783,-1.146,0,0,0,,,
BTC-USDT-SWAP-SHORT-1779581938000-3,OKX_MAY,2026-05-24,REJECT,HYBRID_REJECT,M4_THIN_ONLY_REJECT,0,0,1,TIMEOUT,-0.6822,0.878,-1.049,0,0,0,,,
BTC-USDT-SWAP-SHORT-1779583950000-4,OKX_MAY,2026-05-24,REJECT,HYBRID_REJECT,M4_THIN_ONLY_REJECT,0,0,1,TIMEOUT,-0.5784,0.951,-0.975,0,0,0,,,
BTC-USDT-SWAP-LONG-1779584281000-5,OKX_MAY,2026-05-24,REJECT,HYBRID_REJECT,M4_THIN_ONLY_REJECT,0,0,1,TIMEOUT,0.2058,0.909,-1.015,0,0,0,,,
BTC-USDT-SWAP-LONG-1779585058000-6,OKX_MAY,2026-05-24,REJECT,HYBRID_REJECT,M4_THIN_ONLY_REJECT,0,0,1,TIMEOUT,0.355,1.014,-0.912,0,0,0,,,
BTC-USDT-SWAP-SHORT-1779586063000-7,OKX_MAY,2026-05-24,REJECT,HYBRID_REJECT,M4_THIN_ONLY_REJECT,0,0,1,TIMEOUT,-0.4615,1.047,-0.876,0,0,0,,,
BTC-USDT-SWAP-LONG-1779588023000-8,OKX_MAY,2026-05-24,REJECT,HYBRID_REJECT,M4_THIN_ONLY_REJECT,0,0,1,TIMEOUT,0.4006,0.851,-1.072,0,0,0,,,
BTC-USDT-SWAP-SHORT-1779592392000-9,OKX_MAY,2026-05-24,REJECT,HYBRID_REJECT,M4_THIN_ONLY_REJECT,0,0,1,TIMEOUT,-0.4103,1.028,-0.896,0,0,0,,,
BTC-USDT-SWAP-LONG-1779605778000-10,OKX_MAY,2026-05-24,REJECT,HYBRID_REJECT,M4_THIN_ONLY_REJECT,0,0,1,TIMEOUT,0.3951,0.884,-1.201,0,0,0,,,
BTC-USDT-SWAP-LONG-1779618866000-12,OKX_MAY,2026-05-24,REJECT,HYBRID_REJECT,M4_THIN_ONLY_REJECT,0,0,1,TIMEOUT,0.3644,0.771,-1.41,0,0,0,,,
BTC-USDT-SWAP-LONG-1779618938000-13,OKX_MAY,2026-05-24,REJECT,HYBRID_REJECT,M4_THIN_ONLY_REJECT,0,0,1,TIMEOUT,0.3541,0.775,-1.406,0,0,0,,,
BTC-USDT-SWAP-SHORT-1779618722000-11,OKX_MAY,2026-05-24,REJECT,HYBRID_REJECT,M4_THIN_ONLY_REJECT,0,0,1,TIMEOUT,-0.5626,1.426,-0.756,0,0,0,,,
BTC-USDT-SWAP-SHORT-1779619397000-14,OKX_MAY,2026-05-24,REJECT,HYBRID_REJECT,M4_THIN_ONLY_REJECT,0,0,1,TIMEOUT,-0.6137,1.414,-0.767,0,0,0,,,
BTC-USDT-SWAP-SHORT-1779620871000-15,OKX_MAY,2026-05-24,REJECT,HYBRID_REJECT,M4_THIN_ONLY_REJECT,0,0,1,TIMEOUT,-0.3349,1.571,-0.607,0,0,0,,,
BTC-USDT-SWAP-LONG-1779621611000-16,OKX_MAY,2026-05-24,REJECT,HYBRID_REJECT,M4_THIN_ONLY_REJECT,0,1,0,LOSS,-1.64,0.614,-1.565,0,0,0,,,
BTC-USDT-SWAP-LONG-1779625522000-17,OKX_MAY,2026-05-24,REJECT,HYBRID_REJECT,M4_THIN_ONLY_REJECT,0,0,1,TIMEOUT,0.2729,0.897,-1.287,0,0,0,,,
BTC-USDT-SWAP-SHORT-1779629292000-18,OKX_MAY,2026-05-24,REJECT,HYBRID_REJECT,M4_THIN_ONLY_REJECT,0,0,1,TIMEOUT,-0.6058,1.131,-1.057,0,0,0,,,
BTC-USDT-SWAP-SHORT-1779630050000-19,OKX_MAY,2026-05-24,REJECT,HYBRID_REJECT,M4_THIN_ONLY_REJECT,0,0,1,TIMEOUT,-0.707,1.075,-1.114,0,0,0,,,
BTC-USDT-SWAP-SHORT-1779631417000-20,OKX_MAY,2026-05-24,REJECT,HYBRID_REJECT,M4_THIN_ONLY_REJECT,0,0,1,TIMEOUT,-1.0804,0.866,-1.328,0,0,0,,,
BTC-USDT-SWAP-LONG-1779633027000-22,OKX_MAY,2026-05-24,REJECT,HYBRID_REJECT,M4_THIN_ONLY_REJECT,0,0,1,TIMEOUT,1.255,1.649,-0.552,0,0,0,,,
BTC-USDT-SWAP-LONG-1779633195000-23,OKX_MAY,2026-05-24,REJECT,HYBRID_REJECT,M4_THIN_ONLY_REJECT,0,0,1,TIMEOUT,1.2975,1.678,-0.523,0,0,0,,,
BTC-USDT-SWAP-SHORT-1779632815000-21,OKX_MAY,2026-05-24,REJECT,HYBRID_REJECT,M4_THIN_ONLY_REJECT,0,1,0,LOSS,-1.64,0.544,-1.656,0,0,0,,,
BTC-USDT-SWAP-SHORT-1779633615000-24,OKX_MAY,2026-05-24,REJECT,HYBRID_REJECT,M4_THIN_ONLY_REJECT,0,1,0,LOSS,-1.64,0.516,-1.685,0,0,0,,,
BTC-USDT-SWAP-LONG-1779638451000-25,OKX_MAY,2026-05-24,REJECT,HYBRID_REJECT,M4_THIN_ONLY_REJECT,0,0,1,TIMEOUT,1.3246,1.882,-0.507,0,0,0,,,
BTC-USDT-SWAP-SHORT-1779667741000-2,OKX_MAY,2026-05-25,REJECT,HYBRID_REJECT,M4_THIN_ONLY_REJECT,0,0,1,TIMEOUT,-0.2326,0.349,-0.988,0,0,0,,,
BTC-USDT-SWAP-LONG-1779667627000-1,OKX_MAY,2026-05-25,REJECT,HYBRID_REJECT,M4_THIN_ONLY_REJECT,0,0,1,TIMEOUT,-0.224,0.981,-0.356,0,0,0,,,
BTC-USDT-SWAP-LONG-1779669015000-3,OKX_MAY,2026-05-25,REJECT,HYBRID_REJECT,M4_THIN_ONLY_REJECT,0,0,1,TIMEOUT,-0.2889,0.952,-0.385,0,0,0,,,
BTC-USDT-SWAP-SHORT-1779672105000-4,OKX_MAY,2026-05-25,REJECT,HYBRID_REJECT,M4_THIN_ONLY_REJECT,0,0,1,TIMEOUT,0.4125,0.861,-0.885,0,0,0,,,
BTC-USDT-SWAP-SHORT-1779675125000-6,OKX_MAY,2026-05-25,REJECT,HYBRID_REJECT,M4_THIN_ONLY_REJECT,0,0,1,TIMEOUT,0.4183,0.715,-1.033,0,0,0,,,
BTC-USDT-SWAP-LONG-1779674564000-5,OKX_MAY,2026-05-25,REJECT,HYBRID_REJECT,M4_THIN_ONLY_REJECT,0,0,1,TIMEOUT,-0.6785,0.998,-0.749,0,0,0,,,
BTC-USDT-SWAP-SHORT-1779681560000-7,OKX_MAY,2026-05-25,REJECT,HYBRID_REJECT,M4_THIN_ONLY_REJECT,0,0,1,TIMEOUT,0.4,0.746,-1.133,0,0,0,,,
BTC-USDT-SWAP-SHORT-1779701431000-8,OKX_MAY,2026-05-25,REJECT,HYBRID_REJECT,M4_THIN_ONLY_REJECT,0,0,1,TIMEOUT,0.9686,1.45,-0.415,0,0,0,,,
BTC-USDT-SWAP-SHORT-1779701826000-9,OKX_MAY,2026-05-25,REJECT,HYBRID_REJECT,M4_THIN_ONLY_REJECT,0,0,1,TIMEOUT,1.0269,1.439,-0.427,0,0,0,,,
BTC-USDT-SWAP-LONG-1779702378000-10,OKX_MAY,2026-05-25,REJECT,HYBRID_REJECT,M4_THIN_ONLY_REJECT,0,0,1,TIMEOUT,-1.3651,0.398,-1.467,0,0,0,,,
BTC-USDT-SWAP-LONG-1779703109000-11,OKX_MAY,2026-05-25,REJECT,HYBRID_REJECT,M4_THIN_ONLY_REJECT,0,0,1,TIMEOUT,-1.3979,0.414,-1.451,0,0,0,,,
BTC-USDT-SWAP-LONG-1779718645000-12,OKX_MAY,2026-05-25,REJECT,HYBRID_REJECT,M4_THIN_ONLY_REJECT,0,0,1,TIMEOUT,0.478,0.704,-1.407,0,0,0,,,
BTC-USDT-SWAP-LONG-1779720864000-13,OKX_MAY,2026-05-25,REJECT,HYBRID_REJECT,M4_THIN_ONLY_REJECT,0,1,0,LOSS,-1.64,0.516,-1.592,0,0,0,,,
BTC-USDT-SWAP-SHORT-1779721805000-14,OKX_MAY,2026-05-25,REJECT,HYBRID_REJECT,M4_THIN_ONLY_REJECT,0,0,1,TIMEOUT,0.905,1.635,-0.472,0,0,0,,,
BTC-USDT-SWAP-SHORT-1779753601000-1,OKX_MAY,2026-05-26,REJECT,HYBRID_REJECT,M4_THIN_ONLY_REJECT,1,0,0,WIN,1.86,2.069,-1.091,1,0,0,1326.0,,
BTC-USDT-SWAP-SHORT-1779754025000-2,OKX_MAY,2026-05-26,REJECT,HYBRID_REJECT,M4_THIN_ONLY_REJECT,0,0,1,TIMEOUT,1.4249,1.867,-1.3,0,0,0,,,
BTC-USDT-SWAP-LONG-1779754460000-3,OKX_MAY,2026-05-26,REJECT,HYBRID_REJECT,M4_THIN_ONLY_REJECT,0,1,0,LOSS,-1.64,1.541,-1.634,0,0,0,,,
BTC-USDT-SWAP-LONG-1779756353000-4,OKX_MAY,2026-05-26,REJECT,HYBRID_REJECT,M4_THIN_ONLY_REJECT,0,0,1,TIMEOUT,-1.1076,1.682,-1.497,0,0,0,,,
BTC-USDT-SWAP-SHORT-1779756601000-5,OKX_MAY,2026-05-26,REJECT,HYBRID_REJECT,M4_THIN_ONLY_REJECT,0,1,0,LOSS,-1.64,1.279,-1.907,0,0,0,,,
BTC-USDT-SWAP-SHORT-1779757505000-6,OKX_MAY,2026-05-26,REJECT,HYBRID_REJECT,M4_THIN_ONLY_REJECT,0,1,0,LOSS,-1.64,1.35,-1.833,0,0,0,,,
BTC-USDT-SWAP-SHORT-1779777777000-7,OKX_MAY,2026-05-26,REJECT,HYBRID_REJECT,M4_THIN_ONLY_REJECT,0,1,0,LOSS,-1.64,2.099,-1.542,1,0,0,1292.4,,
BTC-USDT-SWAP-LONG-1779792268000-8,OKX_MAY,2026-05-26,REJECT,HYBRID_REJECT,M4_THIN_ONLY_REJECT,0,1,0,LOSS,-1.64,0.793,-2.821,0,0,0,,,
BTC-USDT-SWAP-LONG-1779792512000-9,OKX_MAY,2026-05-26,REJECT,HYBRID_REJECT,M4_THIN_ONLY_REJECT,0,1,0,LOSS,-1.64,0.77,-2.843,0,0,0,,,
BTC-USDT-SWAP-SHORT-1779792782000-10,OKX_MAY,2026-05-26,REJECT,HYBRID_REJECT,M4_THIN_ONLY_REJECT,1,0,0,WIN,1.86,2.749,-0.867,1,1,0,383.4,1032.0,
BTC-USDT-SWAP-SHORT-1779793605000-11,OKX_MAY,2026-05-26,REJECT,HYBRID_REJECT,M4_THIN_ONLY_REJECT,1,0,0,WIN,1.86,2.486,-1.14,1,0,0,674.3,,
BTC-USDT-SWAP-SHORT-1779797901000-12,OKX_MAY,2026-05-26,REJECT,HYBRID_REJECT,M4_THIN_ONLY_REJECT,1,0,0,WIN,1.86,2.223,-1.413,1,0,0,966.2,,
BTC-USDT-SWAP-LONG-1779804795000-13,OKX_MAY,2026-05-26,REJECT,HYBRID_REJECT,M4_THIN_ONLY_REJECT,0,1,0,LOSS,-1.64,0.474,-3.685,0,0,0,,,
BTC-USDT-SWAP-LONG-1779805408000-14,OKX_MAY,2026-05-26,REJECT,HYBRID_REJECT,M4_THIN_ONLY_REJECT,0,1,0,LOSS,-1.64,0.005,-2.957,0,0,0,,,
BTC-USDT-SWAP-SHORT-1779809777000-15,OKX_MAY,2026-05-26,REJECT,HYBRID_REJECT,M4_THIN_ONLY_REJECT,1,0,0,WIN,1.86,2.144,-0.449,1,0,0,1368.3,,
BTC-USDT-SWAP-SHORT-1779809793000-16,OKX_MAY,2026-05-26,REJECT,HYBRID_REJECT,M4_THIN_ONLY_REJECT,1,0,0,WIN,1.86,2.2,-0.392,1,0,0,1324.3,,
BTC-USDT-SWAP-SHORT-1779810306000-17,OKX_MAY,2026-05-26,REJECT,HYBRID_REJECT,M4_THIN_ONLY_REJECT,1,0,0,WIN,1.86,2.228,-0.363,1,0,0,1311.0,,
BTC-USDT-SWAP-LONG-1779840003000-1,OKX_MAY,2026-05-27,REJECT,HYBRID_REJECT,M4_THIN_ONLY_REJECT,0,1,0,LOSS,-1.64,0.347,-2.218,0,0,0,,,
BTC-USDT-SWAP-SHORT-1779840687000-2,OKX_MAY,2026-05-27,REJECT,HYBRID_REJECT,M4_THIN_ONLY_REJECT,1,0,0,WIN,1.86,2.291,-0.273,1,0,0,1289.9,,
BTC-USDT-SWAP-SHORT-1779840959000-3,OKX_MAY,2026-05-27,REJECT,HYBRID_REJECT,M4_THIN_ONLY_REJECT,1,0,0,WIN,1.86,2.18,-0.386,1,0,0,1280.5,,
BTC-USDT-SWAP-SHORT-1779843621000-4,OKX_MAY,2026-05-27,REJECT,HYBRID_REJECT,M4_THIN_ONLY_REJECT,1,0,0,WIN,1.86,2.404,-0.157,1,0,0,1225.6,,
BTC-USDT-SWAP-LONG-1779844155000-5,OKX_MAY,2026-05-27,REJECT,HYBRID_REJECT,M4_THIN_ONLY_REJECT,0,1,0,LOSS,-1.64,0.157,-2.404,0,0,0,,,
BTC-USDT-SWAP-SHORT-1779845486000-7,OKX_MAY,2026-05-27,REJECT,HYBRID_REJECT,M4_THIN_ONLY_REJECT,1,0,0,WIN,1.86,2.26,-0.431,1,0,0,1221.9,,
BTC-USDT-SWAP-LONG-1779845157000-6,OKX_MAY,2026-05-27,REJECT,HYBRID_REJECT,M4_THIN_ONLY_REJECT,0,1,0,LOSS,-1.64,0.44,-2.251,0,0,0,,,
BTC-USDT-SWAP-SHORT-1779847691000-8,OKX_MAY,2026-05-27,REJECT,HYBRID_REJECT,M4_THIN_ONLY_REJECT,1,0,0,WIN,1.86,2.195,-0.498,1,0,0,1198.2,,
BTC-USDT-SWAP-LONG-1779848605000-9,OKX_MAY,2026-05-27,REJECT,HYBRID_REJECT,M4_THIN_ONLY_REJECT,0,1,0,LOSS,-1.64,0.547,-2.147,0,0,0,,,
BTC-USDT-SWAP-SHORT-1779854135000-10,OKX_MAY,2026-05-27,REJECT,HYBRID_REJECT,M4_THIN_ONLY_REJECT,1,0,0,WIN,1.86,3.421,-0.712,1,1,1,1357.3,1399.5,1425.3
BTC-USDT-SWAP-SHORT-1779855973000-11,OKX_MAY,2026-05-27,REJECT,HYBRID_REJECT,M4_THIN_ONLY_REJECT,1,0,0,WIN,1.86,3.517,-1.102,1,1,1,1358.5,1358.9,1397.4
BTC-USDT-SWAP-SHORT-1779856771000-12,OKX_MAY,2026-05-27,REJECT,HYBRID_REJECT,M4_THIN_ONLY_REJECT,1,0,0,WIN,1.86,3.459,-1.162,1,1,1,1355.5,1355.9,1400.0
BTC-USDT-SWAP-LONG-1779858405000-14,OKX_MAY,2026-05-27,REJECT,HYBRID_REJECT,M4_THIN_ONLY_REJECT,0,1,0,LOSS,-1.64,0.74,-3.862,0,0,0,,,
BTC-USDT-SWAP-SHORT-1779857966000-13,OKX_MAY,2026-05-27,REJECT,HYBRID_REJECT,M4_THIN_ONLY_REJECT,1,0,0,WIN,1.86,3.813,-0.792,1,1,1,1322.3,1323.9,1359.0
BTC-USDT-SWAP-LONG-1779860217000-15,OKX_MAY,2026-05-27,REJECT,HYBRID_REJECT,M4_THIN_ONLY_REJECT,0,1,0,LOSS,-1.64,0.656,-3.942,0,0,0,,,
BTC-USDT-SWAP-SHORT-1779884288000-16,OKX_MAY,2026-05-27,REJECT,HYBRID_REJECT,M4_THIN_ONLY_REJECT,1,0,0,WIN,1.86,4.109,-0.235,1,1,1,591.1,893.8,894.1
BTC-USDT-SWAP-SHORT-1779888061000-18,OKX_MAY,2026-05-27,REJECT,HYBRID_REJECT,M4_THIN_ONLY_REJECT,1,0,0,WIN,1.86,3.542,-0.169,1,1,1,834.0,834.4,872.2
BTC-USDT-SWAP-LONG-1779887924000-17,OKX_MAY,2026-05-27,REJECT,HYBRID_REJECT,M4_THIN_ONLY_REJECT,0,1,0,LOSS,-1.64,0.316,-3.4,0,0,0,,,
BTC-USDT-SWAP-SHORT-1779889073000-21,OKX_MAY,2026-05-27,ACCEPT,HYBRID_PASS,M4_THIN_ONLY_REJECT,1,0,0,WIN,1.86,2.894,-0.842,1,1,0,840.0,858.7,
BTC-USDT-SWAP-SHORT-1779888965000-20,OKX_MAY,2026-05-27,REJECT,HYBRID_REJECT,M4_THIN_ONLY_REJECT,1,0,0,WIN,1.86,2.894,-0.842,1,1,0,840.0,858.7,
BTC-USDT-SWAP-SHORT-1779888951000-19,OKX_MAY,2026-05-27,REJECT,HYBRID_PASS,M4_THIN_ONLY_REJECT,1,0,0,WIN,1.86,2.894,-0.842,1,1,0,840.0,858.7,
BTC-USDT-SWAP-LONG-1779891187000-22,OKX_MAY,2026-05-27,REJECT,HYBRID_REJECT,M4_THIN_ONLY_REJECT,0,1,0,LOSS,-1.64,0.811,-3.089,0,0,0,,,
BTC-USDT-SWAP-LONG-1779892193000-23,OKX_MAY,2026-05-27,REJECT,HYBRID_REJECT,M4_THIN_ONLY_REJECT,0,1,0,LOSS,-1.64,0.772,-3.126,0,0,0,,,
BTC-USDT-SWAP-SHORT-1779926422000-1,OKX_MAY,2026-05-28,REJECT,HYBRID_REJECT,M4_THIN_ONLY_REJECT,1,0,0,WIN,1.86,2.614,-0.078,1,1,0,236.1,839.1,
BTC-USDT-SWAP-LONG-1779927010000-3,OKX_MAY,2026-05-28,REJECT,HYBRID_REJECT,M4_THIN_ONLY_REJECT,0,1,0,LOSS,-1.64,0.161,-2.534,0,0,0,,,
BTC-USDT-SWAP-SHORT-1779926787000-2,OKX_MAY,2026-05-28,REJECT,HYBRID_REJECT,M4_THIN_ONLY_REJECT,1,0,0,WIN,1.86,2.626,-0.066,1,1,0,219.5,822.5,
BTC-USDT-SWAP-LONG-1779927360000-4,OKX_MAY,2026-05-28,REJECT,HYBRID_REJECT,M4_THIN_ONLY_REJECT,0,1,0,LOSS,-1.64,0.159,-2.535,0,0,0,,,
BTC-USDT-SWAP-LONG-1779931935000-5,OKX_MAY,2026-05-28,REJECT,HYBRID_REJECT,M4_THIN_ONLY_REJECT,0,1,0,LOSS,-1.64,0.059,-2.381,0,0,0,,,
BTC-USDT-SWAP-SHORT-1779933054000-6,OKX_MAY,2026-05-28,REJECT,HYBRID_REJECT,M4_THIN_ONLY_REJECT,1,0,0,WIN,1.86,2.343,-0.098,1,0,0,128.9,,
BTC-USDT-SWAP-SHORT-1779933152000-7,OKX_MAY,2026-05-28,REJECT,HYBRID_REJECT,M4_THIN_ONLY_REJECT,1,0,0,WIN,1.86,2.346,-0.071,1,0,0,110.8,,
BTC-USDT-SWAP-LONG-1779935403000-9,OKX_MAY,2026-05-28,REJECT,HYBRID_REJECT,M4_THIN_ONLY_REJECT,0,1,0,LOSS,-1.64,0.243,-2.179,0,0,0,,,
BTC-USDT-SWAP-SHORT-1779935203000-8,OKX_MAY,2026-05-28,REJECT,HYBRID_REJECT,M4_THIN_ONLY_REJECT,1,0,0,WIN,1.86,2.258,-0.162,1,0,0,78.2,,
BTC-USDT-SWAP-LONG-1779938585000-10,OKX_MAY,2026-05-28,REJECT,HYBRID_REJECT,M4_THIN_ONLY_REJECT,0,0,1,TIMEOUT,-0.2998,0.722,-1.145,0,0,0,,,
BTC-USDT-SWAP-LONG-1779940367000-11,OKX_MAY,2026-05-28,REJECT,HYBRID_REJECT,M4_THIN_ONLY_REJECT,0,0,1,TIMEOUT,-0.1071,0.93,-0.941,0,0,0,,,
BTC-USDT-SWAP-SHORT-1779941576000-12,OKX_MAY,2026-05-28,ACCEPT,HYBRID_PASS,M4_THIN_ONLY_REJECT,0,0,1,TIMEOUT,-0.3587,0.72,-1.154,0,0,0,,,
BTC-USDT-SWAP-SHORT-1779941772000-13,OKX_MAY,2026-05-28,REJECT,HYBRID_REJECT,M4_THIN_ONLY_REJECT,0,0,1,TIMEOUT,-0.4569,0.608,-1.268,0,0,0,,,
BTC-USDT-SWAP-SHORT-1779942066000-14,OKX_MAY,2026-05-28,REJECT,HYBRID_REJECT,M4_THIN_ONLY_REJECT,0,0,1,TIMEOUT,-0.6889,0.459,-1.42,0,0,0,,,
BTC-USDT-SWAP-SHORT-1779943598000-15,OKX_MAY,2026-05-28,REJECT,HYBRID_REJECT,M4_THIN_ONLY_REJECT,0,0,1,TIMEOUT,-0.484,0.814,-1.059,0,0,0,,,
BTC-USDT-SWAP-LONG-1779945761000-16,OKX_MAY,2026-05-28,REJECT,HYBRID_REJECT,M4_THIN_ONLY_REJECT,0,0,1,TIMEOUT,0.5752,1.299,-0.578,0,0,0,,,
BTC-USDT-SWAP-SHORT-1779949651000-17,OKX_MAY,2026-05-28,REJECT,HYBRID_REJECT,M4_THIN_ONLY_REJECT,0,0,1,TIMEOUT,-1.2582,0.479,-1.4,0,0,0,,,
BTC-USDT-SWAP-LONG-1779949974000-18,OKX_MAY,2026-05-28,REJECT,HYBRID_REJECT,M4_THIN_ONLY_REJECT,0,0,1,TIMEOUT,0.9774,1.519,-0.362,0,0,0,,,
BTC-USDT-SWAP-LONG-1779950324000-19,OKX_MAY,2026-05-28,REJECT,HYBRID_REJECT,M4_THIN_ONLY_REJECT,0,0,1,TIMEOUT,0.5222,0.906,-0.964,0,0,0,,,
BTC-USDT-SWAP-SHORT-1779954041000-20,OKX_MAY,2026-05-28,REJECT,HYBRID_REJECT,M4_THIN_ONLY_REJECT,0,0,1,TIMEOUT,-0.0584,1.17,-0.696,0,0,0,,,
BTC-USDT-SWAP-SHORT-1779957586000-21,OKX_MAY,2026-05-28,REJECT,HYBRID_REJECT,M4_THIN_ONLY_REJECT,0,0,1,TIMEOUT,-0.66,1.001,-0.868,0,0,0,,,
BTC-USDT-SWAP-LONG-1779961345000-22,OKX_MAY,2026-05-28,REJECT,HYBRID_REJECT,M4_THIN_ONLY_REJECT,0,0,1,TIMEOUT,0.0929,0.584,-1.28,0,0,0,,,
BTC-USDT-SWAP-SHORT-1779963338000-23,OKX_MAY,2026-05-28,ACCEPT,HYBRID_PASS,M4_THIN_ONLY_REJECT,0,0,1,TIMEOUT,-0.5057,1.061,-0.808,0,0,0,,,
BTC-USDT-SWAP-LONG-1779965291000-24,OKX_MAY,2026-05-28,REJECT,HYBRID_REJECT,M4_THIN_ONLY_REJECT,0,0,1,TIMEOUT,0.1809,0.764,-1.104,0,0,0,,,
BTC-USDT-SWAP-SHORT-1779975793000-25,OKX_MAY,2026-05-28,REJECT,HYBRID_PASS,M4_THIN_ONLY_REJECT,0,1,0,LOSS,-1.64,0.348,-1.533,0,0,0,,,
BTC-USDT-SWAP-SHORT-1779975857000-26,OKX_MAY,2026-05-28,REJECT,HYBRID_REJECT,M4_THIN_ONLY_REJECT,0,1,0,LOSS,-1.64,0.352,-1.53,0,0,0,,,
BTC-USDT-SWAP-SHORT-1779978734000-27,OKX_MAY,2026-05-28,REJECT,HYBRID_PASS,M4_THIN_ONLY_REJECT,0,0,1,TIMEOUT,-0.1012,0.584,-1.457,0,0,0,,,
BTC-USDT-SWAP-SHORT-1780013020000-1,OKX_MAY,2026-05-29,REJECT,HYBRID_REJECT,M4_THIN_ONLY_REJECT,0,0,1,TIMEOUT,0.1806,1.728,-0.798,0,0,0,,,
BTC-USDT-SWAP-LONG-1780013302000-2,OKX_MAY,2026-05-29,REJECT,HYBRID_REJECT,M4_THIN_ONLY_REJECT,0,1,0,LOSS,-1.64,0.645,-1.877,0,0,0,,,
BTC-USDT-SWAP-SHORT-1780014427000-3,OKX_MAY,2026-05-29,REJECT,HYBRID_REJECT,M4_THIN_ONLY_REJECT,0,0,1,TIMEOUT,0.2531,1.818,-0.706,0,0,0,,,
BTC-USDT-SWAP-SHORT-1780019349000-5,OKX_MAY,2026-05-29,REJECT,HYBRID_REJECT,M4_THIN_ONLY_REJECT,0,0,1,TIMEOUT,-0.2198,1.529,-1.003,0,0,0,,,
BTC-USDT-SWAP-LONG-1780018507000-4,OKX_MAY,2026-05-29,REJECT,HYBRID_REJECT,M4_THIN_ONLY_REJECT,0,1,0,LOSS,-1.64,0.989,-1.542,0,0,0,,,
BTC-USDT-SWAP-LONG-1780022015000-6,OKX_MAY,2026-05-29,REJECT,HYBRID_REJECT,M4_THIN_ONLY_REJECT,0,0,1,TIMEOUT,0.1789,1.18,-1.356,0,0,0,,,
BTC-USDT-SWAP-LONG-1780022845000-7,OKX_MAY,2026-05-29,REJECT,HYBRID_REJECT,M4_THIN_ONLY_REJECT,0,0,1,TIMEOUT,0.2451,1.213,-1.324,0,0,0,,,
BTC-USDT-SWAP-SHORT-1780023007000-8,OKX_MAY,2026-05-29,REJECT,HYBRID_REJECT,M4_THIN_ONLY_REJECT,0,0,1,TIMEOUT,-0.5707,1.312,-1.225,0,0,0,,,
BTC-USDT-SWAP-SHORT-1780024864000-9,OKX_MAY,2026-05-29,REJECT,HYBRID_REJECT,M4_THIN_ONLY_REJECT,0,0,1,TIMEOUT,-0.5438,1.294,-1.243,0,0,0,,,
BTC-USDT-SWAP-LONG-1780039523000-11,OKX_MAY,2026-05-29,REJECT,HYBRID_REJECT,M4_THIN_ONLY_REJECT,0,0,1,TIMEOUT,0.0233,1.265,-1.273,0,0,0,,,
BTC-USDT-SWAP-LONG-1780047102000-12,OKX_MAY,2026-05-29,REJECT,HYBRID_REJECT,M4_THIN_ONLY_REJECT,0,1,0,LOSS,-1.64,0.671,-1.852,0,0,0,,,
BTC-USDT-SWAP-SHORT-1780056402000-13,OKX_MAY,2026-05-29,REJECT,HYBRID_REJECT,M4_THIN_ONLY_REJECT,0,0,1,TIMEOUT,-0.4281,1.245,-1.294,0,0,0,,,
BTC-USDT-SWAP-SHORT-1780058765000-14,OKX_MAY,2026-05-29,REJECT,HYBRID_REJECT,M4_THIN_ONLY_REJECT,0,0,1,TIMEOUT,-0.6628,1.09,-1.453,0,0,0,,,
BTC-USDT-SWAP-SHORT-1780058779000-15,OKX_MAY,2026-05-29,REJECT,HYBRID_REJECT,M4_THIN_ONLY_REJECT,0,0,1,TIMEOUT,-0.6239,1.145,-1.397,0,0,0,,,
BTC-USDT-SWAP-SHORT-1780060692000-16,OKX_MAY,2026-05-29,REJECT,HYBRID_REJECT,M4_THIN_ONLY_REJECT,0,1,0,LOSS,-1.64,0.896,-1.652,0,0,0,,,
BTC-USDT-SWAP-SHORT-1780060924000-17,OKX_MAY,2026-05-29,REJECT,HYBRID_REJECT,M4_THIN_ONLY_REJECT,0,1,0,LOSS,-1.64,0.777,-1.774,0,0,0,,,
BTC-USDT-SWAP-SHORT-1780061526000-19,OKX_MAY,2026-05-29,REJECT,HYBRID_REJECT,M4_THIN_ONLY_REJECT,0,1,0,LOSS,-1.64,0.918,-1.629,0,0,0,,,
BTC-USDT-SWAP-LONG-1780061263000-18,OKX_MAY,2026-05-29,REJECT,HYBRID_REJECT,M4_THIN_ONLY_REJECT,0,0,1,TIMEOUT,0.7221,1.561,-0.985,0,0,0,,,
BTC-USDT-SWAP-LONG-1780064970000-20,OKX_MAY,2026-05-29,REJECT,HYBRID_REJECT,M4_THIN_ONLY_REJECT,1,0,0,WIN,1.86,2.26,-0.038,1,0,0,49.6,,
BTC-USDT-SWAP-LONG-1780066592000-21,OKX_MAY,2026-05-29,REJECT,HYBRID_REJECT,M4_THIN_ONLY_REJECT,0,0,1,TIMEOUT,0.3076,0.875,-0.708,0,0,0,,,
BTC-USDT-SWAP-LONG-1780069108000-22,OKX_MAY,2026-05-29,REJECT,HYBRID_REJECT,M4_THIN_ONLY_REJECT,0,0,1,TIMEOUT,-0.0191,0.702,-0.878,0,0,0,,,
BTC-USDT-SWAP-LONG-1780069154000-23,OKX_MAY,2026-05-29,REJECT,HYBRID_REJECT,M4_THIN_ONLY_REJECT,0,0,1,TIMEOUT,-0.0191,0.702,-0.878,0,0,0,,,
BTC-USDT-SWAP-LONG-1780069269000-24,OKX_MAY,2026-05-29,REJECT,HYBRID_REJECT,M4_THIN_ONLY_REJECT,0,0,1,TIMEOUT,-0.0191,0.702,-0.878,0,0,0,,,
BTC-USDT-SWAP-SHORT-1780099258000-1,OKX_MAY,2026-05-30,REJECT,HYBRID_REJECT,M4_THIN_ONLY_REJECT,0,0,1,TIMEOUT,-0.7063,0.433,-0.811,0,0,0,,,
BTC-USDT-SWAP-LONG-1780099651000-2,OKX_MAY,2026-05-30,REJECT,HYBRID_REJECT,M4_THIN_ONLY_REJECT,0,0,1,TIMEOUT,0.4411,0.826,-0.419,0,0,0,,,
BTC-USDT-SWAP-LONG-1780103688000-3,OKX_MAY,2026-05-30,REJECT,HYBRID_REJECT,M4_THIN_ONLY_REJECT,0,0,1,TIMEOUT,0.3376,0.722,-0.521,0,0,0,,,
BTC-USDT-SWAP-SHORT-1780103833000-4,OKX_MAY,2026-05-30,REJECT,HYBRID_REJECT,M4_THIN_ONLY_REJECT,0,0,1,TIMEOUT,-0.5468,0.591,-0.651,0,0,0,,,
BTC-USDT-SWAP-LONG-1780104761000-5,OKX_MAY,2026-05-30,REJECT,HYBRID_REJECT,M4_THIN_ONLY_REJECT,0,0,1,TIMEOUT,0.2289,0.613,-0.629,0,0,0,,,
BTC-USDT-SWAP-SHORT-1780106792000-6,OKX_MAY,2026-05-30,REJECT,HYBRID_REJECT,M4_THIN_ONLY_REJECT,0,0,1,TIMEOUT,-0.5002,0.637,-0.604,0,0,0,,,
BTC-USDT-SWAP-LONG-1780108960000-7,OKX_MAY,2026-05-30,REJECT,HYBRID_REJECT,M4_THIN_ONLY_REJECT,0,0,1,TIMEOUT,0.157,0.541,-0.7,0,0,0,,,
BTC-USDT-SWAP-SHORT-1780109964000-8,OKX_MAY,2026-05-30,REJECT,HYBRID_REJECT,M4_THIN_ONLY_REJECT,0,0,1,TIMEOUT,-0.3537,0.782,-0.457,0,0,0,,,
BTC-USDT-SWAP-SHORT-1780114672000-9,OKX_MAY,2026-05-30,REJECT,HYBRID_REJECT,M4_THIN_ONLY_REJECT,0,0,1,TIMEOUT,-0.8239,0.317,-0.929,0,0,0,,,
BTC-USDT-SWAP-SHORT-1780116018000-11,OKX_MAY,2026-05-30,REJECT,HYBRID_REJECT,M4_THIN_ONLY_REJECT,0,0,1,TIMEOUT,-1.0433,0.006,-1.149,0,0,0,,,
BTC-USDT-SWAP-LONG-1780115944000-10,OKX_MAY,2026-05-30,REJECT,HYBRID_REJECT,M4_THIN_ONLY_REJECT,0,0,1,TIMEOUT,0.6191,1.004,-0.036,0,0,0,,,
BTC-USDT-SWAP-LONG-1780117082000-13,OKX_MAY,2026-05-30,REJECT,HYBRID_REJECT,M4_THIN_ONLY_REJECT,0,0,1,TIMEOUT,0.5955,0.981,-0.059,0,0,0,,,
BTC-USDT-SWAP-SHORT-1780116898000-12,OKX_MAY,2026-05-30,REJECT,HYBRID_REJECT,M4_THIN_ONLY_REJECT,0,0,1,TIMEOUT,-0.8989,0.036,-1.004,0,0,0,,,
BTC-USDT-SWAP-LONG-1780123074000-14,OKX_MAY,2026-05-30,REJECT,HYBRID_REJECT,M4_THIN_ONLY_REJECT,0,0,1,TIMEOUT,0.2296,0.614,-0.239,0,0,0,,,
BTC-USDT-SWAP-LONG-1780147156000-15,OKX_MAY,2026-05-30,REJECT,HYBRID_REJECT,M4_THIN_ONLY_REJECT,0,0,1,TIMEOUT,0.1879,0.572,-0.0,0,0,0,,,
BTC-USDT-SWAP-LONG-1780150128000-17,OKX_MAY,2026-05-30,REJECT,HYBRID_REJECT,M4_THIN_ONLY_REJECT,0,0,1,TIMEOUT,-0.1987,0.184,-0.194,0,0,0,,,
BTC-USDT-SWAP-SHORT-1780149688000-16,OKX_MAY,2026-05-30,REJECT,HYBRID_REJECT,M4_THIN_ONLY_REJECT,0,0,1,TIMEOUT,-0.0105,0.265,-0.062,0,0,0,,,
BTC-USDT-SWAP-LONG-1780151979000-19,OKX_MAY,2026-05-30,REJECT,HYBRID_REJECT,M4_THIN_ONLY_REJECT,0,0,1,TIMEOUT,-0.3021,0.0,-0.298,0,0,0,,,
BTC-USDT-SWAP-SHORT-1780151563000-18,OKX_MAY,2026-05-30,REJECT,HYBRID_REJECT,M4_THIN_ONLY_REJECT,0,0,1,TIMEOUT,-0.1422,0.134,-0.162,0,0,0,,,
