regime,window_id,ts_iso,outcome,ret_30m,ret_60m,ret_180m,ret_360m,price_vs_vwap180_pct,cvd_60m,cvd_180m,net_taker_60m,up_from_recent_low_pct,range_180m_pct,buy_recovery,downside_progress,weak_bounce,bounce_danger,chop,uptrend_danger,downtrend_perm,seller_ctrl_strict
TREND_DOWN,DOWN_NOV,2025-11-19T08:02:00+00:00,WIN,0.524,0.833,0.738,-0.642,1.019,16117.8,68880.19,22470.29,0.833,2.145,False,False,False,False,False,True,False,False
TREND_DOWN,DOWN_NOV,2025-11-19T08:03:00+00:00,WIN,0.331,0.8,0.734,-0.609,1.007,14330.92,69488.81,16117.8,0.8,2.145,False,False,False,False,False,True,False,False
TREND_DOWN,DOWN_NOV,2025-11-19T08:04:00+00:00,WIN,0.348,0.742,0.741,-0.645,1.029,12789.0,68030.96,14330.92,0.742,2.145,False,False,False,False,False,True,False,False
TREND_DOWN,DOWN_NOV,2025-11-19T08:05:00+00:00,WIN,0.364,0.677,0.775,-0.861,1.008,4010.43,66855.98,12789.0,0.68,2.145,False,False,False,False,False,True,False,False
TREND_DOWN,DOWN_NOV,2025-11-19T08:06:00+00:00,WIN,0.254,0.534,0.614,-0.916,0.927,-2155.57,58644.59,4010.43,0.6,2.145,False,False,False,False,False,True,False,False
TREND_DOWN,DOWN_NOV,2025-11-19T08:09:00+00:00,WIN,0.028,0.525,0.797,-1.008,0.939,-20310.35,73390.4,-14056.88,0.622,2.145,False,False,False,False,False,True,False,False
TREND_DOWN,DOWN_NOV,2025-11-19T08:11:00+00:00,WIN,0.028,0.586,0.772,-1.057,0.926,-19616.33,69847.95,-16376.62,0.612,2.145,False,False,False,False,False,True,False,False
TREND_DOWN,DOWN_NOV,2025-11-19T08:12:00+00:00,WIN,0.051,0.476,0.768,-1.086,0.902,-26449.37,66548.68,-19616.33,0.59,2.145,False,False,True,False,False,True,False,True
TREND_DOWN,DOWN_NOV,2025-11-19T08:13:00+00:00,WIN,0.014,0.465,0.801,-1.068,0.934,-34759.61,63442.83,-26449.37,0.624,2.145,False,False,False,False,False,True,False,False
TREND_DOWN,DOWN_NOV,2025-11-19T08:15:00+00:00,WIN,-0.02,0.533,0.805,-1.075,0.935,-39241.93,60994.48,-37000.7,0.628,2.145,False,False,False,False,False,True,False,False
TREND_DOWN,DOWN_NOV,2025-11-19T08:16:00+00:00,WIN,-0.193,0.565,0.781,-1.13,0.933,-39664.63,55326.77,-39241.93,0.628,2.145,False,False,False,False,False,True,False,False
TREND_DOWN,DOWN_NOV,2025-11-19T08:17:00+00:00,TIMEOUT,-0.307,0.515,0.728,-1.092,0.89,-41760.99,48529.44,-39664.63,0.586,2.145,False,False,True,False,False,True,False,True
TREND_DOWN,DOWN_NOV,2025-11-19T08:18:00+00:00,TIMEOUT,-0.251,0.509,0.71,-1.056,0.861,-46847.05,40335.47,-41760.99,0.558,2.145,False,False,True,False,False,True,False,True
TREND_DOWN,DOWN_NOV,2025-11-19T08:19:00+00:00,TIMEOUT,-0.346,0.527,0.648,-1.019,0.834,-52052.42,33675.36,-46847.05,0.535,2.145,False,False,True,False,False,True,False,True
TREND_DOWN,DOWN_NOV,2025-11-19T08:20:00+00:00,WIN,-0.284,0.496,0.602,-0.976,0.819,-60419.27,22949.83,-52052.42,0.522,2.145,False,False,True,False,False,True,False,True
TREND_DOWN,DOWN_NOV,2025-11-19T08:22:00+00:00,WIN,-0.201,0.446,0.702,-0.815,0.863,-66230.02,21812.61,-65063.48,0.577,2.145,False,False,True,False,False,True,False,True
TREND_DOWN,DOWN_NOV,2025-11-19T08:40:00+00:00,WIN,-0.247,-0.14,1.179,-1.354,0.614,-82311.76,46545.42,-75681.45,0.0,2.145,False,True,True,False,False,True,False,True
TREND_DOWN,DOWN_NOV,2025-11-19T08:41:00+00:00,WIN,-0.205,-0.177,1.224,-1.251,0.604,-84350.66,49358.03,-82311.76,0.0,2.145,False,True,True,False,False,True,False,True
TREND_DOWN,DOWN_NOV,2025-11-19T08:42:00+00:00,WIN,-0.14,-0.089,1.286,-1.128,0.638,-81083.17,46672.34,-84350.66,0.044,2.145,False,True,True,False,False,True,False,True
TREND_DOWN,DOWN_NOV,2025-11-19T08:43:00+00:00,WIN,-0.181,-0.168,1.234,-1.11,0.62,-84646.93,45843.42,-81083.17,0.036,2.145,False,True,True,False,False,True,False,True
TREND_DOWN,DOWN_NOV,2025-11-19T08:44:00+00:00,WIN,-0.208,-0.164,1.368,-1.124,0.633,-84890.8,48032.71,-84646.93,0.053,2.145,False,True,True,False,False,True,False,True
TREND_DOWN,DOWN_NOV,2025-11-19T08:45:00+00:00,WIN,-0.211,-0.23,1.263,-1.21,0.584,-82550.56,39819.51,-84890.8,0.011,2.145,False,True,True,False,False,True,False,True
TREND_DOWN,DOWN_NOV,2025-11-19T08:46:00+00:00,WIN,-0.282,-0.474,1.391,-1.28,0.502,-93153.34,44590.35,-82550.56,0.0,2.145,False,True,True,False,False,True,False,True
TREND_DOWN,DOWN_NOV,2025-11-19T08:47:00+00:00,WIN,-0.297,-0.603,1.48,-1.317,0.427,-99133.94,41859.33,-93153.34,0.0,2.145,False,True,True,False,False,True,False,True
TREND_DOWN,DOWN_NOV,2025-11-19T08:48:00+00:00,WIN,-0.282,-0.532,1.369,-1.336,0.38,-94114.13,28105.52,-99133.94,0.0,2.145,False,True,True,False,False,True,False,True
TREND_DOWN,DOWN_NOV,2025-11-19T08:49:00+00:00,WIN,-0.28,-0.625,1.455,-1.412,0.34,-81640.14,42085.1,-94114.13,0.0,2.145,False,True,True,False,False,True,False,True
TREND_DOWN,DOWN_NOV,2025-11-19T08:50:00+00:00,WIN,-0.334,-0.618,1.427,-1.446,0.241,-83578.83,49341.51,-81640.14,0.0,2.145,False,True,True,False,False,True,False,True
TREND_DOWN,DOWN_NOV,2025-11-19T08:51:00+00:00,WIN,-0.332,-0.595,1.401,-1.37,0.292,-79416.06,39897.48,-83578.83,0.077,2.041,False,True,True,False,False,True,False,True
TREND_DOWN,DOWN_NOV,2025-11-19T08:52:00+00:00,WIN,-0.323,-0.523,1.365,-1.382,0.266,-73466.36,35188.21,-79416.06,0.066,2.016,False,True,True,False,False,True,False,True
TREND_DOWN,DOWN_NOV,2025-11-19T08:53:00+00:00,WIN,-0.378,-0.467,1.22,-1.324,0.245,-69061.11,22496.2,-73466.36,0.058,1.878,False,True,True,False,False,True,False,True
TREND_DOWN,DOWN_NOV,2025-11-19T08:54:00+00:00,WIN,-0.369,-0.463,1.137,-1.473,0.222,-68516.89,6184.23,-69061.11,0.055,1.87,False,True,True,False,False,True,False,True
TREND_DOWN,DOWN_NOV,2025-11-19T08:57:00+00:00,WIN,-0.455,-0.456,1.306,-1.297,0.275,-71894.9,-3430.24,-72490.59,0.15,1.87,False,False,True,False,False,True,False,True
TREND_DOWN,DOWN_NOV,2025-11-19T08:58:00+00:00,WIN,-0.49,-0.502,1.265,-1.244,0.238,-72466.42,-6864.46,-71894.9,0.121,1.859,False,False,True,False,False,True,False,True
TREND_DOWN,DOWN_NOV,2025-11-19T08:59:00+00:00,WIN,-0.486,-0.416,1.103,-1.199,0.25,-70383.67,-10300.61,-72466.42,0.139,1.818,False,False,True,False,False,True,False,True
TREND_DOWN,DOWN_NOV,2025-11-19T09:01:00+00:00,WIN,-0.544,-0.523,1.107,-1.274,0.126,-79524.27,-8827.75,-70069.04,0.032,1.806,False,True,True,False,False,True,False,True
TREND_DOWN,DOWN_NOV,2025-11-19T09:02:00+00:00,TIMEOUT,-0.587,-0.562,1.027,-1.408,0.02,-80922.71,-15970.78,-79524.27,0.0,1.806,False,True,True,False,False,True,False,True
TREND_DOWN,DOWN_NOV,2025-11-19T09:03:00+00:00,WIN,-0.556,-0.513,0.985,-1.42,0.052,-80581.7,-21763.85,-80922.71,0.037,1.774,False,True,True,False,False,True,False,True
TREND_DOWN,DOWN_NOV,2025-11-19T09:04:00+00:00,TIMEOUT,-0.708,-0.674,0.735,-1.526,-0.096,-85143.77,-28390.59,-80581.7,0.0,1.774,False,True,True,False,False,True,False,True
TREND_DOWN,DOWN_NOV,2025-11-19T09:05:00+00:00,TIMEOUT,-0.789,-0.76,0.695,-1.54,-0.207,-87685.49,-32724.81,-85143.77,0.0,1.774,False,True,True,False,False,True,False,True
TREND_DOWN,DOWN_NOV,2025-11-19T09:06:00+00:00,TIMEOUT,-0.703,-0.688,0.779,-1.488,-0.216,-80909.25,-32257.61,-87685.49,0.0,1.774,False,True,True,False,False,True,False,True
TREND_DOWN,DOWN_NOV,2025-11-19T09:07:00+00:00,TIMEOUT,-0.59,-0.715,0.776,-1.341,-0.117,-80788.14,-34228.26,-80909.25,0.104,1.728,False,False,True,False,False,True,False,True
TREND_DOWN,DOWN_NOV,2025-11-19T09:08:00+00:00,TIMEOUT,-0.527,-0.629,0.691,-1.311,-0.071,-78749.16,-40278.39,-80788.14,0.151,1.728,False,False,True,False,False,True,False,True
TREND_DOWN,DOWN_NOV,2025-11-19T09:09:00+00:00,TIMEOUT,-0.438,-0.531,0.75,-1.263,-0.055,-75863.36,-66570.78,-78749.16,0.179,1.728,False,False,True,False,False,True,False,True
TREND_DOWN,DOWN_NOV,2025-11-19T09:10:00+00:00,WIN,-0.257,-0.503,0.975,-1.207,-0.02,-73815.45,-54786.67,-75863.36,0.24,1.728,False,False,True,False,False,True,False,True
TREND_DOWN,DOWN_NOV,2025-11-19T09:11:00+00:00,TIMEOUT,-0.297,-0.501,0.805,-1.225,-0.088,-71249.66,-57262.1,-73815.45,0.199,1.631,False,False,True,False,False,True,False,True
TREND_DOWN,DOWN_NOV,2025-11-19T09:12:00+00:00,WIN,-0.243,-0.382,0.826,-1.129,0.007,-67438.22,-58302.35,-71249.66,0.297,1.631,False,False,True,False,False,True,False,True
TREND_DOWN,DOWN_NOV,2025-11-19T09:13:00+00:00,WIN,-0.267,-0.448,0.784,-1.179,-0.028,-66006.96,-57938.44,-67438.22,0.265,1.631,False,False,True,False,False,True,False,True
TREND_DOWN,DOWN_NOV,2025-11-19T09:14:00+00:00,WIN,-0.271,-0.478,0.749,-1.084,-0.02,-66355.58,-59487.5,-66006.96,0.279,1.631,False,False,True,False,False,True,False,True
TREND_DOWN,DOWN_NOV,2025-11-19T09:15:00+00:00,WIN,-0.275,-0.484,0.649,-1.092,-0.069,-65657.99,-66980.46,-66355.58,0.232,1.631,False,False,True,False,False,True,False,True
TREND_DOWN,DOWN_NOV,2025-11-19T09:18:00+00:00,WIN,-0.189,-0.47,0.72,-1.103,-0.161,-64134.38,-60803.46,-63780.39,0.177,1.631,False,False,True,False,False,True,False,True
TREND_DOWN,DOWN_NOV,2025-11-19T09:21:00+00:00,WIN,-0.221,-0.552,0.717,-1.117,-0.212,-50182.94,-61832.3,-49991.1,0.133,1.588,False,False,True,False,False,True,False,False
TREND_DOWN,DOWN_NOV,2025-11-19T09:23:00+00:00,TIMEOUT,-0.263,-0.64,0.664,-1.224,-0.275,-52453.6,-63034.01,-50847.01,0.072,1.585,False,True,True,False,False,True,False,True
TREND_DOWN,DOWN_NOV,2025-11-19T09:25:00+00:00,WIN,-0.271,-0.578,0.508,-1.146,-0.221,-54331.47,-75260.17,-54904.74,0.128,1.437,False,False,True,False,False,True,False,True
TREND_DOWN,DOWN_NOV,2025-11-19T09:27:00+00:00,WIN,-0.3,-0.754,0.537,-1.196,-0.235,-58633.49,-74374.59,-56975.59,0.127,1.401,False,False,True,False,False,True,False,True
TREND_DOWN,DOWN_NOV,2025-11-19T10:21:00+00:00,WIN,0.127,0.236,0.218,-0.315,-0.154,22780.85,-92465.57,22790.35,0.297,0.988,False,False,True,False,False,True,False,False
TREND_DOWN,DOWN_NOV,2025-11-19T10:22:00+00:00,WIN,0.052,0.154,0.122,-0.357,-0.18,18141.23,-98935.8,22780.85,0.272,0.988,False,False,True,False,False,True,False,False
TREND_DOWN,DOWN_NOV,2025-11-19T10:23:00+00:00,WIN,0.047,0.253,0.022,-0.393,-0.2,19307.09,-102357.49,18141.23,0.253,0.988,False,False,True,False,False,True,False,False
TREND_DOWN,DOWN_NOV,2025-11-19T10:24:00+00:00,WIN,-0.032,0.262,0.098,-0.4,-0.168,16878.92,-105409.55,19307.09,0.262,0.988,False,False,True,False,False,True,False,False
TREND_DOWN,DOWN_NOV,2025-11-19T10:25:00+00:00,WIN,-0.076,0.195,0.104,-0.354,-0.206,16209.78,-105546.09,16878.92,0.196,0.988,False,False,True,False,False,True,False,False
TREND_DOWN,DOWN_NOV,2025-11-19T10:26:00+00:00,WIN,0.017,0.256,0.154,-0.334,-0.149,14770.56,-104764.98,16209.78,0.256,0.988,False,False,True,False,False,True,False,False
TREND_DOWN,DOWN_NOV,2025-11-19T10:31:00+00:00,WIN,-0.075,0.042,0.262,-0.159,-0.144,13491.55,-94691.86,13696.1,0.169,0.988,False,False,True,False,False,True,False,False
TREND_DOWN,DOWN_NOV,2025-11-19T10:32:00+00:00,WIN,-0.122,0.034,0.131,-0.094,-0.15,14440.74,-96244.59,13491.55,0.164,0.988,False,False,True,False,False,True,False,False
TREND_DOWN,DOWN_NOV,2025-11-19T10:46:00+00:00,WIN,-0.222,0.011,-0.62,-0.082,-0.235,11264.2,-120682.47,10674.06,0.065,0.988,False,False,True,False,False,True,False,False
TREND_DOWN,DOWN_NOV,2025-11-19T10:48:00+00:00,WIN,-0.21,0.01,-0.664,-0.101,-0.271,6251.01,-117986.47,8031.7,0.01,0.976,False,False,True,False,False,True,False,False
TREND_DOWN,DOWN_NOV,2025-11-19T10:49:00+00:00,WIN,-0.147,-0.11,-0.749,-0.143,-0.276,5030.1,-104841.01,6251.01,0.0,0.976,False,True,True,False,False,True,True,False
TREND_DOWN,DOWN_NOV,2025-11-19T10:50:00+00:00,WIN,-0.189,-0.205,-0.722,-0.172,-0.309,705.14,-106030.22,5030.1,0.0,0.955,False,True,True,False,False,True,True,False
TREND_DOWN,DOWN_NOV,2025-11-19T10:51:00+00:00,WIN,-0.139,-0.012,-0.719,-0.192,-0.246,4605.16,-101968.38,705.14,0.058,0.955,False,True,True,False,False,True,True,False
TREND_DOWN,DOWN_NOV,2025-11-19T10:52:00+00:00,WIN,-0.094,-0.042,-0.616,-0.186,-0.222,2145.69,-94903.08,4605.16,0.078,0.909,False,True,True,False,False,True,True,False
TREND_DOWN,DOWN_NOV,2025-11-19T10:53:00+00:00,WIN,-0.09,-0.043,-0.568,-0.211,-0.229,-577.22,-93147.32,2145.69,0.063,0.909,False,True,True,False,False,False,True,False
TREND_DOWN,DOWN_NOV,2025-11-19T10:54:00+00:00,WIN,-0.118,-0.15,-0.554,-0.177,-0.219,-737.51,-92651.12,-577.22,0.069,0.909,False,True,True,False,False,False,True,True
TREND_DOWN,DOWN_NOV,2025-11-19T10:55:00+00:00,WIN,-0.09,-0.166,-0.594,-0.126,-0.225,-3287.62,-93174.54,-737.51,0.062,0.909,False,True,True,False,False,False,True,True
TREND_DOWN,DOWN_NOV,2025-11-19T10:56:00+00:00,WIN,-0.113,-0.097,-0.633,-0.078,-0.187,-1413.46,-95799.33,-3287.62,0.097,0.909,False,True,True,False,False,False,True,True
TREND_DOWN,DOWN_NOV,2025-11-19T10:57:00+00:00,WIN,-0.206,-0.15,-0.633,-0.08,-0.201,-1478.66,-95844.67,-1413.46,0.078,0.908,False,True,True,False,False,False,True,True
TREND_DOWN,DOWN_NOV,2025-11-19T10:58:00+00:00,WIN,-0.209,-0.176,-0.64,0.065,-0.19,-1862.06,-95480.81,-1478.66,0.087,0.908,False,True,True,False,False,True,True,True
TREND_DOWN,DOWN_NOV,2025-11-19T10:59:00+00:00,WIN,-0.199,-0.235,-0.598,0.153,-0.214,-3440.38,-92967.02,-1862.06,0.062,0.908,False,True,True,False,False,True,True,True
TREND_DOWN,DOWN_NOV,2025-11-19T11:31:00+00:00,WIN,0.152,0.017,-0.445,0.711,0.028,-3695.33,-51294.26,-1688.46,0.238,0.859,False,False,True,False,False,True,False,True
TREND_DOWN,DOWN_NOV,2025-11-19T11:32:00+00:00,WIN,0.184,0.082,-0.334,0.872,0.09,-3595.89,-51221.51,-3695.33,0.297,0.827,False,False,True,False,False,True,False,True
TREND_DOWN,DOWN_NOV,2025-11-19T11:34:00+00:00,WIN,0.28,0.172,-0.291,1.015,0.155,-2080.57,-48989.41,-3500.03,0.36,0.827,False,False,True,False,False,True,False,True
TREND_DOWN,DOWN_NOV,2025-11-19T11:35:00+00:00,WIN,0.243,0.112,-0.287,1.021,0.136,196.34,-48940.33,-2080.57,0.34,0.802,False,False,True,False,False,True,False,False
TREND_DOWN,DOWN_NOV,2025-11-19T11:36:00+00:00,WIN,0.097,0.114,-0.222,1.0,0.108,-325.98,-47468.31,196.34,0.312,0.708,False,False,True,False,False,True,False,False
TREND_DOWN,DOWN_NOV,2025-11-19T11:37:00+00:00,WIN,-0.0,0.029,-0.239,1.104,0.081,99.73,-47754.13,-325.98,0.284,0.698,False,False,True,False,False,True,False,False
TREND_DOWN,DOWN_NOV,2025-11-19T11:54:00+00:00,WIN,-0.183,0.095,0.003,1.141,-0.033,14591.8,-9542.43,15797.91,0.102,0.68,False,False,True,False,False,True,False,False
TREND_DOWN,DOWN_NOV,2025-11-19T11:55:00+00:00,WIN,-0.227,0.059,-0.107,1.071,-0.076,10747.28,-14602.07,14591.8,0.059,0.68,False,False,True,False,False,True,False,False
TREND_DOWN,DOWN_NOV,2025-11-19T11:56:00+00:00,WIN,-0.219,0.071,-0.064,1.13,-0.028,9043.33,-14265.41,10747.28,0.106,0.68,False,False,True,False,False,True,False,False
TREND_DOWN,DOWN_NOV,2025-11-19T11:57:00+00:00,WIN,-0.207,0.1,-0.078,1.227,-0.018,8831.82,-15117.95,9043.33,0.116,0.68,False,False,True,False,False,True,False,False
TREND_DOWN,DOWN_NOV,2025-11-19T11:58:00+00:00,WIN,-0.192,0.106,-0.033,1.231,-0.002,9289.47,-13724.92,8831.82,0.131,0.68,False,False,True,False,False,True,False,False
TREND_DOWN,DOWN_NOV,2025-11-19T11:59:00+00:00,WIN,-0.152,0.101,-0.082,1.02,-0.032,9981.41,-12601.94,9289.47,0.101,0.68,False,False,True,False,False,True,False,False
TREND_DOWN,DOWN_NOV,2025-11-19T12:00:00+00:00,WIN,-0.11,0.111,-0.062,1.193,0.001,8559.01,-12435.12,9981.41,0.116,0.68,False,False,True,False,False,True,False,False
TREND_DOWN,DOWN_NOV,2025-11-19T12:02:00+00:00,WIN,-0.094,0.09,0.16,1.189,0.007,3612.79,-4074.64,7132.6,0.123,0.68,False,False,True,False,False,True,False,False
TREND_DOWN,DOWN_NOV,2025-11-19T12:03:00+00:00,WIN,-0.167,0.059,0.093,1.078,-0.027,3779.5,-3235.66,3612.79,0.092,0.68,False,False,True,False,False,True,False,False
TREND_DOWN,DOWN_NOV,2025-11-19T12:19:00+00:00,WIN,-0.235,-0.417,0.0,0.834,-0.178,-15465.6,5694.65,-12568.76,0.0,0.607,False,True,True,False,False,True,False,True
TREND_DOWN,DOWN_NOV,2025-11-19T12:20:00+00:00,WIN,-0.321,-0.454,-0.127,0.825,-0.219,-20635.7,3730.32,-15465.6,0.0,0.607,False,True,True,False,False,True,False,True
TREND_DOWN,DOWN_NOV,2025-11-19T12:21:00+00:00,WIN,-0.154,-0.362,0.131,0.849,-0.141,-20379.86,6452.68,-20635.7,0.077,0.607,False,True,True,False,False,True,False,True
TREND_DOWN,DOWN_NOV,2025-11-19T12:22:00+00:00,WIN,-0.05,-0.268,0.162,0.948,-0.054,-18437.95,7610.28,-20379.86,0.165,0.607,False,False,True,False,False,True,False,True
TREND_DOWN,DOWN_NOV,2025-11-19T12:23:00+00:00,WIN,-0.041,-0.215,0.268,0.934,-0.069,-17817.71,9056.35,-18437.95,0.153,0.607,False,False,True,False,False,True,False,True
TREND_DOWN,DOWN_NOV,2025-11-19T12:24:00+00:00,WIN,0.062,-0.121,0.301,0.906,-0.017,-13756.34,13296.65,-17817.71,0.211,0.583,False,False,True,False,False,True,False,True
TREND_DOWN,DOWN_NOV,2025-11-19T12:29:00+00:00,WIN,-0.042,-0.194,0.074,0.613,-0.128,-13065.43,7473.4,-15891.88,0.106,0.507,False,False,True,False,False,True,False,True
TREND_DOWN,DOWN_NOV,2025-11-19T12:35:00+00:00,WIN,-0.026,-0.124,0.069,0.614,-0.035,-18348.4,-5552.26,-15758.58,0.201,0.507,False,False,True,False,False,True,False,False
TREND_DOWN,DOWN_NOV,2025-11-19T12:36:00+00:00,WIN,-0.166,-0.14,0.02,0.591,-0.078,-18578.92,-5912.78,-18348.4,0.158,0.507,False,False,True,False,False,True,False,False
TREND_DOWN,DOWN_NOV,2025-11-19T12:39:00+00:00,WIN,-0.225,-0.256,-0.07,0.527,-0.126,-19393.07,-3478.96,-18931.67,0.108,0.507,False,False,True,False,False,True,False,True
TREND_DOWN,DOWN_NOV,2025-11-19T13:06:00+00:00,WIN,0.18,0.014,-0.054,0.368,0.06,-13285.95,-28403.84,-11598.5,0.338,0.654,False,False,True,False,False,True,False,True
TREND_DOWN,DOWN_NOV,2025-11-19T13:12:00+00:00,WIN,0.251,0.277,0.118,0.409,0.153,-14098.6,-29320.55,-14768.81,0.426,0.654,False,False,True,False,False,True,False,True
TREND_DOWN,DOWN_NOV,2025-11-19T13:13:00+00:00,WIN,0.264,0.275,0.099,0.357,0.147,-12366.37,-28376.07,-14098.6,0.42,0.654,False,False,True,False,False,True,False,True
TREND_DOWN,DOWN_NOV,2025-11-19T13:14:00+00:00,WIN,0.166,0.194,0.101,0.32,0.098,-13652.25,-28032.21,-12366.37,0.372,0.654,False,False,True,False,False,True,False,True
TREND_DOWN,DOWN_NOV,2025-11-19T13:33:00+00:00,WIN,-0.015,0.216,0.269,0.208,0.15,-4121.95,-22728.56,-1855.01,0.377,0.695,False,False,True,False,False,True,False,True
TREND_DOWN,DOWN_NOV,2025-11-19T13:34:00+00:00,WIN,-0.025,0.165,0.209,0.127,0.074,-6681.81,-24520.96,-4121.95,0.302,0.695,False,False,True,False,False,True,False,True
TREND_DOWN,DOWN_NOV,2025-11-19T13:35:00+00:00,WIN,-0.072,0.092,0.08,0.073,-0.015,-8925.23,-27077.29,-6681.81,0.213,0.695,False,False,True,False,False,True,False,True
TREND_DOWN,DOWN_NOV,2025-11-19T13:36:00+00:00,WIN,-0.114,0.066,0.04,-0.026,-0.085,-14655.72,-33560.62,-8925.23,0.144,0.695,False,False,True,False,False,True,False,True
TREND_DOWN,DOWN_NOV,2025-11-19T13:38:00+00:00,WIN,-0.133,0.166,0.011,-0.185,-0.057,-17837.92,-33717.36,-18733.92,0.166,0.695,False,False,True,False,False,True,False,True
TREND_DOWN,DOWN_NOV,2025-11-19T13:39:00+00:00,WIN,-0.325,0.033,-0.083,-0.355,-0.164,-20525.13,-35167.71,-17837.92,0.033,0.695,False,False,True,False,False,True,False,True
TREND_DOWN,DOWN_NOV,2025-11-19T13:40:00+00:00,WIN,-0.241,0.094,0.03,-0.225,-0.078,-2912.23,-16906.82,-20525.13,0.102,0.695,False,False,True,False,False,True,False,True
TREND_DOWN,DOWN_NOV,2025-11-19T13:41:00+00:00,WIN,-0.169,0.143,0.009,-0.22,-0.034,-1848.63,-15215.37,-2912.23,0.143,0.695,False,False,True,False,False,True,False,True
TREND_DOWN,DOWN_NOV,2025-11-19T13:42:00+00:00,WIN,-0.232,0.018,-0.051,-0.249,-0.108,-3803.12,-16980.56,-1848.63,0.052,0.695,False,False,True,False,False,True,False,True
TREND_DOWN,DOWN_NOV,2025-11-19T13:43:00+00:00,WIN,-0.218,0.046,-0.042,-0.312,-0.099,-3011.51,-20075.95,-3803.12,0.06,0.695,False,False,True,False,False,True,False,True
TREND_DOWN,DOWN_NOV,2025-11-19T13:44:00+00:00,WIN,-0.129,0.036,-0.011,-0.284,-0.058,-3341.31,-19747.72,-3011.51,0.101,0.695,False,False,True,False,False,True,False,True
TREND_DOWN,DOWN_NOV,2025-11-19T13:45:00+00:00,WIN,-0.234,-0.018,0.082,-0.323,-0.073,-4758.16,-17398.44,-3341.31,0.087,0.695,False,True,True,False,False,True,False,True
TREND_DOWN,DOWN_NOV,2025-11-19T13:46:00+00:00,WIN,-0.261,0.005,0.203,-0.418,0.003,-7775.1,-16372.34,-4758.16,0.163,0.695,False,False,True,False,False,True,False,True
TREND_DOWN,DOWN_NOV,2025-11-19T13:47:00+00:00,WIN,-0.3,-0.039,0.15,-0.533,-0.04,-5860.98,-12295.62,-7775.1,0.121,0.695,False,False,True,False,False,True,False,True
TREND_DOWN,DOWN_NOV,2025-11-19T13:48:00+00:00,WIN,-0.326,-0.137,0.165,-0.501,-0.092,-7866.45,-10705.7,-5860.98,0.07,0.695,False,True,True,False,False,True,False,True
TREND_DOWN,DOWN_NOV,2025-11-19T13:53:00+00:00,WIN,-0.274,-0.282,0.096,-0.472,-0.153,-27053.36,-20212.3,-30174.33,0.07,0.681,False,True,True,False,False,True,False,True
TREND_DOWN,DOWN_NOV,2025-11-19T13:58:00+00:00,WIN,-0.422,-0.519,0.044,-0.597,-0.181,-37684.35,-23453.16,-32878.78,0.042,0.681,False,True,True,False,False,True,False,True
TREND_DOWN,DOWN_NOV,2025-11-19T14:02:00+00:00,WIN,-0.437,-0.404,-0.022,-0.514,-0.221,-28978.99,-29599.11,-25065.24,0.002,0.681,False,True,True,False,False,False,True,True
TREND_DOWN,DOWN_NOV,2025-11-19T14:03:00+00:00,WIN,-0.346,-0.361,0.011,-0.468,-0.187,-28228.04,-29418.01,-28978.99,0.035,0.681,False,True,True,False,False,True,False,True
TREND_DOWN,DOWN_NOV,2025-11-19T14:04:00+00:00,WIN,-0.385,-0.41,-0.069,-0.605,-0.3,-28076.76,-32164.36,-28228.04,0.0,0.685,False,True,True,False,False,False,True,True
TREND_DOWN,DOWN_NOV,2025-11-19T14:05:00+00:00,WIN,-0.287,-0.359,-0.077,-0.576,-0.289,-25215.93,-32591.49,-28076.76,0.01,0.685,False,True,True,False,False,False,True,True
TREND_DOWN,DOWN_NOV,2025-11-19T14:06:00+00:00,WIN,-0.24,-0.354,-0.217,-0.519,-0.31,-25211.02,-36362.44,-25215.93,0.0,0.698,False,True,True,False,False,False,True,True
TREND_DOWN,DOWN_NOV,2025-11-19T14:08:00+00:00,WIN,-0.262,-0.395,-0.317,-0.607,-0.298,-26724.26,-40873.91,-32042.95,0.003,0.698,False,True,True,False,False,False,True,True
TREND_DOWN,DOWN_NOV,2025-11-19T14:09:00+00:00,WIN,-0.215,-0.539,-0.356,-0.597,-0.352,-33612.55,-46663.79,-26724.26,0.0,0.755,False,True,True,False,False,False,True,True
TREND_DOWN,DOWN_NOV,2025-11-19T14:10:00+00:00,WIN,-0.219,-0.459,-0.346,-0.55,-0.265,-33723.99,-46236.84,-33612.55,0.08,0.755,False,True,True,False,False,False,True,True
TREND_DOWN,DOWN_NOV,2025-11-19T14:11:00+00:00,WIN,-0.204,-0.373,-0.235,-0.452,-0.209,-34428.22,-46965.92,-33723.99,0.136,0.755,False,False,True,False,False,False,False,True
TREND_DOWN,DOWN_NOV,2025-11-19T14:12:00+00:00,WIN,-0.113,-0.345,-0.254,-0.412,-0.19,-35486.6,-48338.02,-34428.22,0.154,0.755,False,False,True,False,False,False,False,True
TREND_DOWN,DOWN_NOV,2025-11-19T14:21:00+00:00,WIN,-0.098,-0.458,-0.436,-0.496,-0.25,-33134.92,-60653.28,-30488.59,0.077,0.755,False,True,True,False,False,False,True,False
TREND_DOWN,DOWN_NOV,2025-11-19T14:25:00+00:00,WIN,-0.289,-0.67,-0.492,-0.679,-0.403,-42798.95,-67445.41,-29074.96,0.0,0.842,False,True,True,False,False,False,True,True
TREND_DOWN,DOWN_NOV,2025-11-19T14:26:00+00:00,WIN,-0.335,-0.695,-0.525,-0.795,-0.384,-41953.05,-65481.59,-42798.95,0.006,0.842,False,True,True,False,False,False,True,True
TREND_DOWN,DOWN_NOV,2025-11-19T14:27:00+00:00,WIN,-0.357,-0.72,-0.545,-0.87,-0.401,-44538.11,-67693.03,-41953.05,0.0,0.858,False,True,True,False,False,False,True,True
TREND_DOWN,DOWN_NOV,2025-11-19T14:28:00+00:00,WIN,-0.228,-0.649,-0.481,-0.811,-0.331,-43395.89,-66170.28,-44538.11,0.065,0.858,False,True,True,False,False,False,True,True
TREND_DOWN,DOWN_NOV,2025-11-19T14:29:00+00:00,WIN,-0.299,-0.725,-0.455,-0.87,-0.373,-44139.2,-63920.0,-43395.89,0.021,0.858,False,True,True,False,False,False,True,True
TREND_DOWN,DOWN_NOV,2025-11-19T14:30:00+00:00,WIN,-0.303,-0.688,-0.374,-0.731,-0.298,-42242.57,-62163.74,-44139.2,0.094,0.858,False,True,True,False,False,False,True,True
TREND_DOWN,DOWN_NOV,2025-11-19T14:31:00+00:00,WIN,-0.141,-0.611,-0.158,-0.602,-0.147,-42961.96,-57205.83,-42242.57,0.242,0.858,False,False,True,False,False,False,False,True
TREND_DOWN,DOWN_NOV,2025-11-19T14:32:00+00:00,WIN,-0.04,-0.477,-0.246,-0.578,-0.174,-39616.15,-57424.9,-42961.96,0.213,0.858,False,False,True,False,False,False,False,True
TREND_DOWN,DOWN_NOV,2025-11-19T14:50:00+00:00,WIN,0.321,0.214,0.044,0.275,0.126,-39965.76,-69547.21,-34344.18,0.544,0.858,False,False,True,False,False,True,False,False
TREND_DOWN,DOWN_NOV,2025-11-19T14:54:00+00:00,WIN,0.49,0.304,0.246,0.249,0.149,-30997.32,-66020.51,-28350.17,0.572,0.858,False,False,True,False,False,True,False,False
TREND_DOWN,DOWN_NOV,2025-11-19T14:55:00+00:00,WIN,0.466,0.175,0.199,0.091,0.058,-34374.72,-64886.53,-30997.32,0.482,0.858,False,False,True,False,False,True,False,False
TREND_DOWN,DOWN_NOV,2025-11-19T14:58:00+00:00,WIN,0.503,0.274,0.212,0.179,0.142,-30879.83,-63622.46,-32263.89,0.568,0.858,False,False,True,False,False,True,False,True
TREND_DOWN,DOWN_NOV,2025-11-19T15:21:00+00:00,WIN,0.165,0.543,0.469,0.601,0.138,11714.45,-28558.97,11309.16,0.724,1.365,True,False,False,False,False,True,False,False
TREND_DOWN,DOWN_NOV,2025-11-19T15:22:00+00:00,WIN,-0.13,0.251,0.147,0.309,-0.099,-1740.56,-37998.97,11714.45,0.489,1.365,False,False,True,False,False,True,False,False
TREND_DOWN,DOWN_NOV,2025-11-19T15:23:00+00:00,WIN,-0.255,0.165,0.07,0.338,-0.186,-6472.06,-42019.08,-1740.56,0.4,1.365,False,False,True,False,False,True,False,True
TREND_DOWN,DOWN_NOV,2025-11-19T15:24:00+00:00,WIN,-0.148,0.341,0.035,0.336,-0.16,-2142.61,-43059.54,-6472.06,0.423,1.365,False,False,True,False,False,True,False,True
TREND_DOWN,DOWN_NOV,2025-11-19T15:25:00+00:00,WIN,-0.402,0.062,-0.26,-0.04,-0.502,4677.94,-49675.47,-2142.61,0.078,1.365,False,False,True,False,False,True,False,False
TREND_DOWN,DOWN_NOV,2025-11-19T15:26:00+00:00,WIN,-0.315,0.153,-0.149,0.059,-0.397,4214.45,-47403.43,4677.94,0.176,1.365,False,False,True,False,False,True,False,False
TREND_DOWN,DOWN_NOV,2025-11-19T15:27:00+00:00,WIN,-0.295,0.244,-0.088,0.127,-0.325,7605.77,-45361.49,4214.45,0.244,1.365,False,False,True,False,False,True,False,False
TREND_DOWN,DOWN_NOV,2025-11-19T15:28:00+00:00,WIN,-0.443,0.058,-0.185,-0.068,-0.444,-4676.4,-54954.8,7605.77,0.102,1.365,False,False,True,False,False,True,False,False
TREND_DOWN,DOWN_NOV,2025-11-19T15:29:00+00:00,WIN,-0.519,0.131,-0.131,-0.058,-0.41,-4370.95,-55225.52,-4676.4,0.131,1.365,False,False,True,False,False,True,False,True
TREND_DOWN,DOWN_NOV,2025-11-19T15:30:00+00:00,WIN,-0.93,-0.211,-0.509,-0.508,-0.674,-33124.37,-84880.08,-4370.95,0.0,1.484,False,True,True,False,False,False,True,True
TREND_DOWN,DOWN_NOV,2025-11-19T15:31:00+00:00,WIN,-0.948,-0.488,-0.65,-0.585,-0.775,-67144.3,-116343.6,-33124.37,0.0,1.616,False,True,True,False,False,False,True,True
TREND_DOWN,DOWN_NOV,2025-11-19T15:32:00+00:00,WIN,-1.01,-0.424,-0.581,-0.554,-0.709,-62777.29,-104248.45,-67144.3,0.034,1.616,False,True,True,False,False,False,True,True
TREND_DOWN,DOWN_NOV,2025-11-19T15:33:00+00:00,WIN,-1.143,-0.754,-0.696,-0.584,-0.769,-65885.85,-107228.1,-62777.29,0.0,1.651,False,True,True,False,False,False,True,True
TREND_DOWN,DOWN_NOV,2025-11-19T15:34:00+00:00,WIN,-1.276,-0.827,-0.812,-0.708,-0.898,-70485.42,-111965.06,-65885.85,0.0,1.793,False,True,True,False,False,False,True,True
TREND_DOWN,DOWN_NOV,2025-11-19T15:35:00+00:00,WIN,-1.207,-0.881,-0.738,-0.67,-0.828,-63666.77,-103873.61,-70485.42,0.058,1.793,False,True,True,False,False,False,True,True
TREND_DOWN,DOWN_NOV,2025-11-19T15:36:00+00:00,WIN,-1.32,-0.903,-0.729,-0.709,-0.852,-63223.47,-98704.9,-63666.77,0.024,1.793,False,True,True,False,False,False,True,True
TREND_DOWN,DOWN_NOV,2025-11-19T15:37:00+00:00,WIN,-1.385,-0.831,-0.588,-0.635,-0.782,-51862.39,-91599.58,-63223.47,0.088,1.793,False,True,True,False,False,False,True,True
TREND_DOWN,DOWN_NOV,2025-11-19T15:38:00+00:00,WIN,-1.651,-0.82,-0.712,-0.773,-0.886,-48708.22,-91686.73,-51862.39,0.0,1.827,False,True,True,False,False,False,True,True
TREND_DOWN,DOWN_NOV,2025-11-19T15:39:00+00:00,WIN,-1.702,-0.923,-0.777,-0.847,-0.919,-55124.82,-100852.72,-48708.22,0.0,1.869,False,True,True,False,False,False,True,True
TREND_DOWN,DOWN_NOV,2025-11-19T15:40:00+00:00,WIN,-1.537,-0.845,-0.825,-0.842,-0.931,-59946.22,-101803.3,-55124.82,0.0,1.893,False,True,True,False,False,False,True,True
TREND_DOWN,DOWN_NOV,2025-11-19T15:41:00+00:00,WIN,-1.475,-0.787,-0.648,-0.678,-0.752,-58394.02,-94179.47,-59946.22,0.171,1.893,False,False,True,False,False,False,False,True
TREND_DOWN,DOWN_NOV,2025-11-19T15:42:00+00:00,WIN,-1.46,-1.024,-0.783,-0.808,-0.828,-58560.41,-94343.84,-58394.02,0.085,1.893,False,True,True,False,False,False,True,True
TREND_DOWN,DOWN_NOV,2025-11-19T15:43:00+00:00,WIN,-1.529,-1.123,-0.777,-0.79,-0.837,-56824.99,-91080.22,-58560.41,0.072,1.893,False,True,True,False,False,False,True,True
TREND_DOWN,DOWN_NOV,2025-11-19T15:44:00+00:00,WIN,-1.446,-1.178,-0.818,-0.817,-0.823,-56256.34,-89588.66,-56824.99,0.081,1.893,False,True,True,False,False,False,True,True
TREND_DOWN,DOWN_NOV,2025-11-19T15:45:00+00:00,WIN,-1.789,-1.39,-1.087,-0.994,-1.05,-65006.66,-99809.14,-56256.34,0.0,2.047,False,True,True,False,False,False,True,True
TREND_DOWN,DOWN_NOV,2025-11-19T15:46:00+00:00,TIMEOUT,-2.067,-1.343,-1.247,-1.041,-1.138,-68920.24,-107688.69,-65006.66,0.0,2.157,False,True,True,False,False,False,True,True
TREND_DOWN,DOWN_NOV,2025-11-19T15:51:00+00:00,TIMEOUT,-1.645,-1.482,-1.609,-1.162,-1.238,-49114.11,-108357.94,-57804.84,0.0,2.319,False,True,True,False,False,False,True,True
TREND_DOWN,DOWN_NOV,2025-11-19T15:53:00+00:00,LOSS,-1.482,-1.733,-1.683,-1.352,-1.354,-89623.15,-145026.68,-51613.22,0.0,2.479,False,True,True,False,False,False,True,True
TREND_DOWN,DOWN_NOV,2025-11-19T15:54:00+00:00,LOSS,-1.418,-1.564,-1.631,-1.378,-1.224,-80376.59,-140934.51,-89623.15,0.087,2.479,False,True,True,False,False,False,True,True
TREND_DOWN,DOWN_NOV,2025-11-19T15:55:00+00:00,LOSS,-1.32,-1.716,-1.913,-1.626,-1.437,-83003.08,-146754.21,-80376.59,0.0,2.64,False,True,True,False,False,False,True,True
TREND_DOWN,DOWN_NOV,2025-11-19T15:56:00+00:00,LOSS,-1.473,-1.784,-1.98,-1.65,-1.471,-83236.03,-146696.31,-83003.08,0.0,2.7,False,True,True,False,False,False,True,True
TREND_DOWN,DOWN_NOV,2025-11-19T15:57:00+00:00,LOSS,-1.57,-1.86,-2.061,-1.713,-1.441,-81693.43,-146836.1,-83236.03,0.0,2.731,False,True,True,False,False,False,True,True
TREND_DOWN,DOWN_NOV,2025-11-19T15:58:00+00:00,LOSS,-1.467,-1.903,-2.145,-1.765,-1.443,-78749.85,-147314.03,-81693.43,0.0,2.747,False,True,True,False,False,False,True,True
TREND_DOWN,DOWN_NOV,2025-11-19T15:59:00+00:00,LOSS,-1.424,-1.936,-2.0,-1.727,-1.357,-75350.33,-131376.3,-78749.85,0.072,2.747,False,True,True,False,False,False,True,True
TREND_DOWN,DOWN_NOV,2025-11-19T16:00:00+00:00,LOSS,-1.003,-1.923,-1.823,-1.625,-1.186,-71576.13,-119462.88,-75350.33,0.23,2.747,False,False,True,False,False,False,False,True
TREND_DOWN,DOWN_NOV,2025-11-19T16:01:00+00:00,LOSS,-0.768,-1.708,-1.647,-1.464,-1.066,-60122.13,-105648.62,-71576.13,0.337,2.747,False,False,True,False,False,False,False,True
TREND_DOWN,DOWN_NOV,2025-11-19T16:05:00+00:00,LOSS,-0.929,-2.125,-1.821,-1.857,-1.305,-79767.63,-108222.85,-71844.59,0.058,2.747,False,True,True,False,False,False,True,True
TREND_DOWN,DOWN_NOV,2025-11-19T16:24:00+00:00,LOSS,-0.508,-1.919,-2.141,-1.847,-1.362,-59494.12,-90711.69,-61172.22,0.006,2.918,False,True,True,False,False,False,True,True
TREND_DOWN,DOWN_NOV,2025-11-19T16:26:00+00:00,LOSS,-0.333,-1.802,-2.335,-1.995,-1.46,-62048.13,-99786.73,-58701.4,0.0,3.043,False,True,True,False,False,False,True,True
TREND_DOWN,DOWN_NOV,2025-11-19T16:27:00+00:00,LOSS,-0.279,-1.845,-2.314,-2.042,-1.424,-59539.06,-96471.4,-62048.13,0.024,3.043,False,True,True,False,False,False,True,True
TREND_DOWN,DOWN_NOV,2025-11-19T16:28:00+00:00,LOSS,-0.156,-1.621,-2.203,-1.95,-1.307,-43639.04,-91711.33,-59539.06,0.131,3.043,False,False,True,False,False,False,False,True
TREND_DOWN,DOWN_NOV,2025-11-19T16:29:00+00:00,LOSS,-0.268,-1.688,-2.273,-1.955,-1.34,-40481.93,-88992.08,-43639.04,0.091,3.043,False,True,True,False,False,False,True,True
TREND_DOWN,DOWN_NOV,2025-11-19T16:30:00+00:00,LOSS,-0.286,-1.286,-2.171,-1.8,-1.196,-7400.63,-82767.57,-40481.93,0.231,3.043,False,False,True,False,False,False,False,True
TREND_DOWN,DOWN_NOV,2025-11-19T16:31:00+00:00,LOSS,-0.432,-1.197,-2.279,-1.816,-1.227,20973.77,-89132.49,-7400.63,0.191,3.043,False,False,True,False,False,True,False,False
TREND_DOWN,DOWN_NOV,2025-11-19T16:32:00+00:00,LOSS,-0.469,-1.28,-2.168,-1.86,-1.267,20338.77,-82054.67,20973.77,0.142,3.043,False,False,True,False,False,True,False,False
TREND_DOWN,DOWN_NOV,2025-11-19T16:33:00+00:00,LOSS,-0.558,-1.306,-2.205,-1.942,-1.356,27283.28,-75822.87,20338.77,0.045,3.043,False,True,True,False,False,True,True,False
TREND_DOWN,DOWN_NOV,2025-11-19T16:34:00+00:00,LOSS,-0.442,-1.218,-2.181,-1.976,-1.397,30231.28,-75051.97,27283.28,0.0,3.048,False,True,True,False,False,True,True,False
TREND_DOWN,DOWN_NOV,2025-11-19T17:13:00+00:00,LOSS,-0.445,-0.76,-2.337,-2.361,-1.333,15049.31,-47991.83,12829.75,0.0,3.288,False,True,True,False,False,True,True,False
TREND_DOWN,DOWN_NOV,2025-11-19T17:14:00+00:00,LOSS,-0.395,-0.837,-2.321,-2.474,-1.363,2207.81,-51026.39,15049.31,0.0,3.331,False,True,True,False,False,True,True,False
TREND_DOWN,DOWN_NOV,2025-11-19T17:15:00+00:00,LOSS,-0.247,-0.755,-2.232,-2.403,-1.265,7432.2,-37671.06,2207.81,0.091,3.331,False,True,True,False,False,True,True,False
TREND_DOWN,DOWN_NOV,2025-11-19T17:16:00+00:00,LOSS,-0.416,-0.696,-2.212,-2.498,-1.279,12908.02,-31342.46,7432.2,0.059,3.331,False,True,True,False,False,True,True,False
TREND_DOWN,DOWN_NOV,2025-11-19T17:17:00+00:00,LOSS,-0.465,-0.711,-2.253,-2.516,-1.339,15990.48,-28552.94,12908.02,0.0,3.34,False,True,True,False,False,True,True,False
TREND_DOWN,DOWN_NOV,2025-11-19T17:18:00+00:00,LOSS,-0.143,-0.588,-2.07,-2.418,-1.27,17983.91,-25047.92,15990.48,0.065,3.34,False,True,True,False,False,True,True,False
TREND_DOWN,DOWN_NOV,2025-11-19T17:19:00+00:00,LOSS,-0.247,-0.423,-2.129,-2.548,-1.345,44872.57,-23932.24,17983.91,0.0,3.356,False,True,True,False,False,True,True,False
TREND_DOWN,DOWN_NOV,2025-11-19T17:20:00+00:00,LOSS,-0.273,-0.486,-2.145,-2.545,-1.34,41123.51,-26281.1,44872.57,0.0,3.357,False,True,True,False,False,True,True,False
TREND_DOWN,DOWN_NOV,2025-11-19T17:21:00+00:00,LOSS,-0.155,-0.49,-1.929,-2.357,-1.159,42140.27,-21370.31,41123.51,0.178,3.357,False,False,True,False,False,True,False,False
TREND_DOWN,DOWN_NOV,2025-11-19T17:22:00+00:00,LOSS,-0.019,-0.549,-1.942,-2.306,-1.11,37618.7,-26991.91,42140.27,0.223,3.357,False,False,True,False,False,True,False,False
TREND_DOWN,DOWN_NOV,2025-11-19T17:23:00+00:00,LOSS,-0.08,-0.306,-1.954,-2.258,-1.12,40277.72,-27366.56,37618.7,0.208,3.357,False,False,True,False,False,True,False,False
TREND_DOWN,DOWN_NOV,2025-11-19T17:25:00+00:00,LOSS,-0.174,-0.261,-1.807,-2.291,-1.18,44651.19,-9372.27,37711.31,0.139,3.357,False,False,True,False,False,True,False,False
TREND_DOWN,DOWN_NOV,2025-11-19T17:33:00+00:00,LOSS,-0.763,-0.556,-2.596,-2.621,-1.485,-36383.77,-74986.34,31041.53,0.0,3.573,False,True,True,False,False,False,True,False
TREND_DOWN,DOWN_NOV,2025-11-19T17:34:00+00:00,LOSS,-0.528,-0.489,-2.513,-2.623,-1.41,-36813.74,-77067.88,-36383.77,0.018,3.573,False,True,True,False,False,False,True,True
TREND_DOWN,DOWN_NOV,2025-11-19T17:35:00+00:00,LOSS,-0.551,-0.453,-2.672,-2.653,-1.44,-16153.88,-68519.44,-36813.74,0.0,3.606,False,True,True,False,False,False,True,True
TREND_DOWN,DOWN_NOV,2025-11-19T17:36:00+00:00,LOSS,-0.616,-0.431,-2.696,-2.662,-1.464,-27599.88,-84206.11,-16153.88,0.0,3.645,False,True,True,False,False,False,True,True
TREND_DOWN,DOWN_NOV,2025-11-19T17:37:00+00:00,LOSS,-0.827,-0.699,-2.906,-2.853,-1.639,-63993.35,-115807.99,-27599.88,0.0,3.878,False,True,True,False,False,False,True,True
TREND_DOWN,DOWN_NOV,2025-11-19T17:38:00+00:00,LOSS,-0.72,-0.537,-2.659,-2.816,-1.485,-62013.13,-108571.47,-63993.35,0.122,3.878,False,False,True,False,False,False,False,True
TREND_DOWN,DOWN_NOV,2025-11-19T17:39:00+00:00,LOSS,-0.571,-0.57,-2.645,-2.752,-1.397,-71937.65,-103290.33,-62013.13,0.2,3.878,False,False,True,False,False,False,False,True
TREND_DOWN,DOWN_NOV,2025-11-19T17:40:00+00:00,LOSS,-0.582,-0.476,-2.529,-2.71,-1.36,-64794.38,-99943.96,-71937.65,0.216,3.878,False,False,True,False,False,False,False,True
TREND_DOWN,DOWN_NOV,2025-11-19T17:41:00+00:00,LOSS,-0.346,-0.567,-2.469,-2.514,-1.17,-61276.85,-96982.69,-64794.38,0.39,3.878,False,False,True,False,False,False,False,True
TREND_DOWN,DOWN_NOV,2025-11-19T17:43:00+00:00,LOSS,0.009,-0.436,-2.521,-2.331,-0.95,-51336.45,-77907.02,-55207.95,0.579,3.878,False,False,True,False,False,False,False,True
TREND_DOWN,DOWN_NOV,2025-11-19T17:44:00+00:00,LOSS,-0.041,-0.436,-2.672,-2.444,-1.026,-57330.29,-88017.79,-51336.45,0.488,3.878,False,False,True,False,False,False,False,True
TREND_DOWN,DOWN_NOV,2025-11-19T17:45:00+00:00,LOSS,-0.336,-0.582,-2.854,-2.665,-1.218,-61631.87,-91953.9,-57330.29,0.282,3.878,False,False,True,False,False,False,False,True
TREND_DOWN,DOWN_NOV,2025-11-19T17:46:00+00:00,LOSS,-0.289,-0.703,-2.687,-2.571,-1.184,-63621.48,-90090.72,-61631.87,0.299,3.878,False,False,True,False,False,False,False,True
TREND_DOWN,DOWN_NOV,2025-11-19T17:47:00+00:00,LOSS,-0.143,-0.608,-2.714,-2.508,-1.099,-56677.05,-80517.24,-63621.48,0.376,3.878,False,False,True,False,False,False,False,True
TREND_DOWN,DOWN_NOV,2025-11-19T18:25:00+00:00,LOSS,-0.197,-0.391,-2.252,-2.506,-0.8,-56973.61,-71023.82,-53564.48,0.25,2.73,False,False,True,False,False,False,False,True
TREND_DOWN,DOWN_NOV,2025-11-19T18:26:00+00:00,LOSS,-0.308,-0.472,-2.473,-2.618,-0.914,-66295.96,-82229.85,-56973.61,0.121,2.73,False,False,True,False,False,False,False,True
TREND_DOWN,DOWN_NOV,2025-11-19T18:27:00+00:00,LOSS,-0.526,-0.572,-2.627,-2.713,-0.989,-69045.39,-85559.56,-66295.96,0.031,2.73,False,True,True,False,False,False,True,True
TREND_DOWN,DOWN_NOV,2025-11-19T18:28:00+00:00,LOSS,-0.54,-0.64,-2.452,-2.633,-0.92,-61923.88,-66336.77,-69045.39,0.09,2.634,False,True,True,False,False,False,True,True
TREND_DOWN,DOWN_NOV,2025-11-19T18:29:00+00:00,LOSS,-0.488,-0.526,-2.381,-2.509,-0.788,-59277.99,-62823.26,-61923.88,0.191,2.634,False,False,True,False,False,False,False,True
TREND_DOWN,DOWN_NOV,2025-11-19T18:30:00+00:00,LOSS,-0.445,-0.524,-2.132,-2.63,-0.792,-50679.09,-26089.38,-59277.99,0.177,2.359,False,False,True,False,False,False,False,True
TREND_DOWN,DOWN_NOV,2025-11-19T18:31:00+00:00,LOSS,-0.514,-0.453,-2.055,-2.691,-0.809,-53853.27,2637.0,-50679.09,0.126,2.261,False,False,True,False,False,False,False,True
TREND_DOWN,DOWN_NOV,2025-11-19T18:32:00+00:00,LOSS,-0.583,-0.468,-2.144,-2.712,-0.833,-53846.27,-2465.97,-53853.27,0.069,2.261,False,True,True,False,False,False,True,True
TREND_DOWN,DOWN_NOV,2025-11-19T18:33:00+00:00,LOSS,-0.61,-0.224,-2.075,-2.757,-0.821,8346.46,-754.03,-53846.27,0.07,2.191,False,True,True,False,False,True,True,False
TREND_DOWN,DOWN_NOV,2025-11-19T18:34:00+00:00,LOSS,-0.545,-0.112,-1.811,-2.608,-0.68,10345.97,3763.51,8346.46,0.201,2.138,False,False,True,False,False,True,False,False
TREND_DOWN,DOWN_NOV,2025-11-19T18:35:00+00:00,LOSS,-0.475,-0.032,-1.839,-2.563,-0.639,2945.54,-1907.13,10345.97,0.23,2.138,False,False,True,False,False,True,False,False
TREND_DOWN,DOWN_NOV,2025-11-19T18:36:00+00:00,LOSS,-0.325,0.034,-1.777,-2.493,-0.601,17038.86,-3943.78,2945.54,0.259,2.138,False,False,True,False,False,True,False,False
TREND_DOWN,DOWN_NOV,2025-11-19T18:37:00+00:00,LOSS,-0.287,0.263,-1.836,-2.413,-0.589,50379.23,-13566.37,17038.86,0.263,2.138,False,False,True,False,False,True,False,False
TREND_DOWN,DOWN_NOV,2025-11-19T18:40:00+00:00,LOSS,-0.536,-0.087,-1.783,-2.593,-0.681,30071.4,-9926.34,39579.24,0.099,2.121,False,True,True,False,False,True,True,False
TREND_DOWN,DOWN_NOV,2025-11-19T19:11:00+00:00,LOSS,0.102,-0.536,-1.108,-2.805,-0.348,-3141.69,-8552.15,2990.36,0.229,1.399,False,False,True,False,False,False,False,False
TREND_DOWN,DOWN_NOV,2025-11-19T19:12:00+00:00,LOSS,0.076,-0.548,-1.093,-2.851,-0.401,-5433.89,-8075.55,-3141.69,0.171,1.399,False,False,True,False,False,False,False,True
TREND_DOWN,DOWN_NOV,2025-11-19T19:13:00+00:00,LOSS,0.167,-0.665,-1.159,-2.838,-0.388,-7487.11,-9534.72,-5433.89,0.179,1.399,False,False,True,False,False,False,False,True
TREND_DOWN,DOWN_NOV,2025-11-19T19:38:00+00:00,LOSS,-0.52,-0.478,-0.789,-2.962,-0.583,-22134.73,-38705.0,17971.88,0.0,1.452,False,True,True,False,False,False,True,False
TREND_DOWN,DOWN_NOV,2025-11-19T19:39:00+00:00,LOSS,-0.715,-0.41,-0.953,-2.91,-0.621,-20670.04,-53028.45,-22134.73,0.0,1.508,False,True,True,False,False,False,True,True
TREND_DOWN,DOWN_NOV,2025-11-19T19:40:00+00:00,LOSS,-0.461,-0.229,-0.791,-2.908,-0.529,-18982.92,-53705.9,-20670.04,0.087,1.508,False,True,True,False,False,False,True,True
TREND_DOWN,DOWN_NOV,2025-11-19T19:41:00+00:00,LOSS,-0.335,-0.234,-1.072,-2.967,-0.546,-19756.03,-60530.73,-18982.92,0.067,1.508,False,True,True,False,False,False,True,True
TREND_DOWN,DOWN_NOV,2025-11-19T19:42:00+00:00,LOSS,-0.301,-0.225,-1.197,-2.918,-0.564,-22821.22,-71866.71,-19756.03,0.044,1.508,False,True,True,False,False,False,True,True
TREND_DOWN,DOWN_NOV,2025-11-19T19:43:00+00:00,LOSS,-0.369,-0.203,-1.211,-2.985,-0.616,-27969.9,-70293.65,-22821.22,0.0,1.525,False,True,True,False,False,False,True,True
TREND_DOWN,DOWN_NOV,2025-11-19T19:44:00+00:00,LOSS,-0.487,-0.207,-1.108,-3.012,-0.599,-36793.24,-67816.95,-27969.9,0.013,1.525,False,True,True,False,False,False,True,True
TREND_DOWN,DOWN_NOV,2025-11-19T19:45:00+00:00,LOSS,-0.313,-0.108,-0.968,-2.917,-0.512,-33604.53,-66294.33,-36793.24,0.097,1.525,False,True,True,False,False,False,True,True
TREND_DOWN,DOWN_NOV,2025-11-19T19:46:00+00:00,LOSS,-0.456,-0.211,-1.214,-3.099,-0.62,-33761.84,-70501.66,-33604.53,0.0,1.539,False,True,True,False,False,False,True,True
TREND_DOWN,DOWN_NOV,2025-11-19T19:47:00+00:00,LOSS,-0.452,-0.246,-1.201,-3.062,-0.621,-46378.49,-78902.91,-33761.84,0.0,1.544,False,True,True,False,False,False,True,True
TREND_DOWN,DOWN_NOV,2025-11-19T19:48:00+00:00,LOSS,-0.466,-0.15,-0.886,-2.955,-0.55,-43925.7,-72346.78,-46378.49,0.06,1.544,False,True,True,False,False,False,True,True
TREND_DOWN,DOWN_NOV,2025-11-19T19:50:00+00:00,LOSS,-0.248,-0.273,-0.834,-2.799,-0.442,-43630.1,-72560.62,-30137.47,0.162,1.544,False,False,True,False,False,False,False,True
TREND_DOWN,DOWN_NOV,2025-11-19T20:42:00+00:00,LOSS,0.491,0.417,-0.358,-2.732,0.026,60633.9,43975.14,57796.66,0.572,1.153,False,False,True,False,False,True,False,False
TREND_DOWN,DOWN_NOV,2025-11-19T20:43:00+00:00,LOSS,0.483,0.496,-0.287,-2.8,0.052,60230.06,41272.86,60633.9,0.59,1.153,False,False,True,False,False,True,False,False
TREND_DOWN,DOWN_NOV,2025-11-19T20:44:00+00:00,LOSS,0.532,0.534,-0.145,-2.813,0.108,60205.93,49719.27,60230.06,0.641,1.153,False,False,False,False,False,True,False,False
TREND_DOWN,DOWN_NOV,2025-11-19T20:45:00+00:00,LOSS,0.349,0.35,-0.04,-2.893,0.012,58352.3,53689.84,60205.93,0.542,1.153,False,False,True,False,False,True,False,False
TREND_DOWN,DOWN_NOV,2025-11-19T20:49:00+00:00,LOSS,0.256,0.451,0.038,-2.744,0.146,62391.59,45357.73,64818.34,0.675,1.153,False,False,False,False,False,True,False,False
TREND_DOWN,DOWN_NOV,2025-11-19T20:50:00+00:00,LOSS,0.254,0.576,0.244,-2.448,0.285,61719.98,46560.0,62391.59,0.814,1.153,False,False,False,False,False,True,False,False
TREND_DOWN,DOWN_NOV,2025-11-19T21:28:00+00:00,LOSS,0.571,0.966,1.328,-1.156,0.87,31204.44,75519.47,35317.69,1.174,2.238,True,False,False,False,False,True,False,False
TREND_DOWN,DOWN_NOV,2025-11-19T21:38:00+00:00,LOSS,0.636,1.21,1.399,-0.256,1.089,10945.75,47940.6,3306.47,1.506,2.24,False,False,False,False,False,True,False,False
TREND_DOWN,DOWN_NOV,2025-11-19T21:40:00+00:00,LOSS,0.698,1.104,1.423,-0.385,0.874,16942.96,55185.58,19755.74,1.309,2.24,False,False,False,False,False,True,False,False
TREND_DOWN,DOWN_NOV,2025-11-19T22:00:00+00:00,LOSS,0.418,0.974,1.459,0.425,0.928,-8504.43,34276.69,-2822.78,1.071,2.391,False,False,False,False,False,True,False,False
TREND_DOWN,DOWN_NOV,2025-11-19T22:02:00+00:00,LOSS,0.083,0.978,1.392,0.28,0.859,-9617.48,28973.02,-8006.34,0.978,2.391,False,False,False,False,False,True,False,False
TREND_DOWN,DOWN_NOV,2025-11-19T22:03:00+00:00,LOSS,-0.032,0.971,1.4,0.306,0.875,-8812.01,28764.14,-9617.48,0.971,2.391,False,False,False,False,False,True,False,False
TREND_DOWN,DOWN_NOV,2025-11-19T22:10:00+00:00,LOSS,0.186,0.886,1.375,0.404,0.851,-3389.65,38292.18,-3769.36,0.894,2.391,False,False,False,False,False,True,False,False
TREND_DOWN,DOWN_NOV,2025-11-19T22:11:00+00:00,LOSS,0.089,0.829,1.459,0.335,0.782,-3554.69,37418.25,-3389.65,0.829,2.391,False,False,False,False,False,True,False,False
TREND_DOWN,DOWN_NOV,2025-11-19T22:12:00+00:00,LOSS,0.034,0.825,1.549,0.439,0.809,-2651.55,38032.04,-3554.69,0.825,2.391,False,False,False,False,False,True,False,False
TREND_DOWN,DOWN_NOV,2025-11-19T22:13:00+00:00,LOSS,-0.026,0.796,1.518,0.341,0.782,-3986.02,37188.43,-2651.55,0.796,2.391,False,False,False,False,False,True,False,False
TREND_DOWN,DOWN_NOV,2025-11-19T22:14:00+00:00,LOSS,-0.179,0.739,1.338,0.258,0.733,-3030.54,34047.36,-3986.02,0.739,2.391,False,False,False,False,False,True,False,False
TREND_DOWN,DOWN_NOV,2025-11-19T22:15:00+00:00,LOSS,-0.273,0.721,1.437,0.257,0.737,-3107.02,33948.06,-3030.54,0.721,2.391,False,False,False,False,False,True,False,False
TREND_DOWN,DOWN_NOV,2025-11-19T22:21:00+00:00,LOSS,-0.444,-0.432,1.183,0.217,0.469,-43354.77,21322.67,-30273.59,0.058,2.391,False,True,True,False,False,True,False,True
TREND_DOWN,DOWN_NOV,2025-11-19T22:22:00+00:00,LOSS,-0.501,-0.473,1.312,0.165,0.518,-44590.25,22577.31,-43354.77,0.11,2.391,False,False,True,False,False,True,False,True
TREND_DOWN,DOWN_NOV,2025-11-19T22:23:00+00:00,LOSS,-0.449,-0.409,1.408,0.469,0.558,-47447.4,23663.92,-44590.25,0.153,2.391,False,False,True,False,False,True,False,True
TREND_DOWN,DOWN_NOV,2025-11-19T22:24:00+00:00,LOSS,-0.522,-0.288,1.329,0.52,0.521,-43006.92,23852.78,-47447.4,0.121,2.391,False,False,True,False,False,True,False,True
TREND_DOWN,DOWN_NOV,2025-11-19T22:25:00+00:00,LOSS,-0.539,-0.255,1.43,0.616,0.585,-35718.02,27450.47,-43006.92,0.186,2.391,False,False,True,False,False,True,False,True
TREND_DOWN,DOWN_NOV,2025-11-19T22:44:00+00:00,LOSS,0.177,-0.002,2.014,0.883,0.725,-7772.03,71919.38,-5770.55,0.414,2.391,False,False,True,False,False,True,False,True
TREND_DOWN,DOWN_NOV,2025-11-19T22:45:00+00:00,LOSS,0.101,-0.172,1.858,0.872,0.652,-8391.62,70749.88,-7772.03,0.346,2.391,False,False,True,False,False,True,False,True
TREND_DOWN,DOWN_NOV,2025-11-19T22:46:00+00:00,LOSS,0.124,-0.196,1.887,0.65,0.565,-7089.68,69815.55,-8391.62,0.263,2.391,False,False,True,False,False,True,False,True
TREND_DOWN,DOWN_NOV,2025-11-19T22:47:00+00:00,LOSS,0.13,-0.169,1.943,0.719,0.609,2225.68,80147.81,-7089.68,0.313,2.391,False,False,True,False,False,True,False,False
TREND_DOWN,DOWN_NOV,2025-11-19T22:48:00+00:00,LOSS,0.183,-0.05,1.952,1.049,0.659,6229.29,78816.32,2225.68,0.383,2.391,False,False,True,False,False,True,False,False
TREND_DOWN,DOWN_NOV,2025-11-19T22:57:00+00:00,LOSS,-0.002,-0.361,1.649,0.628,0.522,-2301.53,65174.04,-2717.91,0.302,2.391,False,False,True,False,False,True,False,True
TREND_DOWN,DOWN_NOV,2025-11-19T23:40:00+00:00,LOSS,0.169,1.045,2.362,2.596,0.923,72661.22,81499.85,77837.91,1.134,2.73,False,False,False,False,False,True,False,False
TREND_DOWN,DOWN_NOV,2025-11-19T23:41:00+00:00,LOSS,0.096,0.938,2.487,2.401,0.897,67604.81,82797.74,72661.22,1.116,2.73,False,False,False,False,False,True,False,False
TREND_DOWN,DOWN_NOV,2025-11-19T23:43:00+00:00,LOSS,0.036,0.791,2.393,2.1,0.777,65504.44,79226.02,68235.67,1.009,2.73,False,False,False,False,False,True,False,False
TREND_DOWN,DOWN_NOV,2025-11-19T23:44:00+00:00,LOSS,-0.053,0.858,2.343,2.194,0.774,69747.62,81461.07,65504.44,1.01,2.73,False,False,False,False,False,True,False,False
TREND_DOWN,DOWN_NOV,2025-11-19T23:46:00+00:00,LOSS,-0.081,0.992,2.333,2.368,0.745,67703.5,80118.6,68920.05,0.992,2.637,False,False,False,False,False,True,False,False
TREND_DOWN,DOWN_NOV,2025-11-19T23:47:00+00:00,LOSS,-0.099,1.038,2.358,2.386,0.835,65618.3,79606.73,67703.5,1.053,2.594,False,False,False,False,False,True,False,False
TREND_DOWN,DOWN_NOV,2025-11-19T23:50:00+00:00,LOSS,-0.149,0.9,2.188,2.438,0.767,62554.34,74641.76,63380.59,0.996,2.452,False,False,False,False,False,True,False,False
TREND_DOWN,DOWN_NOV,2025-11-19T23:51:00+00:00,LOSS,-0.155,0.995,2.037,2.379,0.788,66856.72,70799.67,62554.34,1.028,2.304,False,False,False,False,False,True,False,False
TREND_DOWN,DOWN_NOV,2025-11-19T23:52:00+00:00,LOSS,-0.181,0.996,2.073,2.247,0.775,66687.34,71146.71,66856.72,1.027,2.304,False,False,False,False,False,True,False,False
TREND_DOWN,DOWN_NOV,2025-11-19T23:53:00+00:00,LOSS,-0.113,0.977,2.087,2.305,0.802,66612.67,70823.49,66687.34,1.062,2.284,False,False,False,False,False,True,False,False
TREND_DOWN,DOWN_NOV,2025-11-20T00:09:00+00:00,LOSS,-0.146,0.0,1.741,2.145,0.627,4605.77,53188.91,13582.14,0.17,2.161,False,False,True,False,False,True,False,False
TREND_DOWN,DOWN_NOV,2025-11-20T00:10:00+00:00,LOSS,-0.063,0.106,1.887,2.07,0.6,6577.27,52372.73,4605.77,0.151,2.161,False,False,True,False,False,True,False,False
TREND_DOWN,DOWN_NOV,2025-11-20T00:11:00+00:00,LOSS,0.015,0.11,1.957,2.044,0.642,15652.14,54347.54,6577.27,0.211,2.161,False,False,True,False,False,True,False,False
TREND_DOWN,DOWN_NOV,2025-11-20T00:12:00+00:00,LOSS,0.025,0.208,1.919,2.087,0.634,19468.11,53198.11,15652.14,0.208,2.126,False,False,True,False,False,True,False,False
TREND_DOWN,DOWN_NOV,2025-11-20T00:13:00+00:00,LOSS,0.186,0.221,1.98,2.028,0.697,22504.21,52523.97,19468.11,0.229,2.119,False,False,True,False,False,True,False,False
TREND_DOWN,DOWN_NOV,2025-11-20T00:50:00+00:00,TIMEOUT,0.239,0.712,1.671,3.225,0.745,7378.96,77403.13,18951.4,0.778,2.378,False,False,False,False,False,True,False,False
TREND_DOWN,DOWN_NOV,2025-11-20T00:51:00+00:00,TIMEOUT,0.25,0.652,1.538,3.126,0.699,-14866.29,55084.96,7378.96,0.751,2.378,False,False,False,False,False,True,False,False
TREND_DOWN,DOWN_NOV,2025-11-20T00:52:00+00:00,TIMEOUT,0.233,0.62,1.394,3.165,0.648,-15438.07,52879.4,-14866.29,0.717,2.378,False,False,False,False,False,True,False,False
TREND_DOWN,DOWN_NOV,2025-11-20T00:53:00+00:00,TIMEOUT,0.141,0.63,1.448,3.303,0.683,-19639.18,48463.26,-15438.07,0.762,2.378,False,False,False,False,False,True,False,False
TREND_DOWN,DOWN_NOV,2025-11-20T00:54:00+00:00,TIMEOUT,0.124,0.461,1.369,3.165,0.64,-21481.75,47448.75,-19639.18,0.725,2.378,False,False,False,False,False,True,False,False
TREND_DOWN,DOWN_NOV,2025-11-20T00:55:00+00:00,TIMEOUT,0.121,0.364,1.291,3.15,0.642,-27043.25,44841.73,-21481.75,0.73,2.378,False,False,False,False,False,True,False,False
TREND_DOWN,DOWN_NOV,2025-11-20T00:56:00+00:00,TIMEOUT,0.076,0.38,1.267,2.948,0.621,-26734.7,41953.0,-27043.25,0.715,2.378,False,False,False,False,False,True,False,False
TREND_DOWN,DOWN_NOV,2025-11-20T00:57:00+00:00,TIMEOUT,0.092,0.441,1.311,2.975,0.646,-27440.6,43381.01,-26734.7,0.745,2.378,False,False,False,False,False,True,False,False
TREND_DOWN,DOWN_NOV,2025-11-20T00:58:00+00:00,TIMEOUT,-0.003,0.351,1.354,2.941,0.608,-28199.34,44144.2,-27440.6,0.709,2.378,False,False,False,False,False,True,False,False
TREND_DOWN,DOWN_NOV,2025-11-20T00:59:00+00:00,TIMEOUT,0.039,0.368,1.423,2.979,0.605,-28059.29,46167.43,-28199.34,0.715,2.378,False,False,False,False,False,True,False,False
TREND_DOWN,DOWN_NOV,2025-11-20T01:00:00+00:00,TIMEOUT,-0.156,0.418,1.607,3.089,0.618,-26456.81,49904.22,-28059.29,0.732,2.378,False,False,False,False,False,True,False,False
TREND_DOWN,DOWN_NOV,2025-11-20T01:01:00+00:00,TIMEOUT,-0.178,0.471,1.434,2.953,0.552,-19352.89,49370.09,-26456.81,0.677,2.378,False,False,False,False,False,True,False,False
TREND_DOWN,DOWN_NOV,2025-11-20T01:02:00+00:00,TIMEOUT,-0.186,0.496,1.619,3.033,0.562,-19216.24,49925.7,-19352.89,0.694,2.378,False,False,False,False,False,True,False,False
TREND_DOWN,DOWN_NOV,2025-11-20T01:03:00+00:00,TIMEOUT,-0.2,0.476,1.601,3.024,0.56,-19609.6,48653.59,-19216.24,0.696,2.378,False,False,False,False,False,True,False,False
TREND_DOWN,DOWN_NOV,2025-11-20T01:04:00+00:00,TIMEOUT,-0.167,0.444,1.597,2.979,0.575,-20744.39,49221.11,-19609.6,0.714,2.378,False,False,False,False,False,True,False,False
TREND_DOWN,DOWN_NOV,2025-11-20T01:14:00+00:00,TIMEOUT,-0.019,0.801,2.084,3.449,0.83,-25631.95,34209.96,-1026.78,0.825,2.452,False,False,False,False,False,True,False,False
TREND_DOWN,DOWN_NOV,2025-11-20T01:26:00+00:00,TIMEOUT,0.384,0.46,2.12,3.798,0.703,-29238.19,37340.34,-27886.66,0.46,2.367,False,False,True,False,False,True,False,True
TREND_DOWN,DOWN_NOV,2025-11-20T01:27:00+00:00,TIMEOUT,0.244,0.336,1.924,3.633,0.581,-37539.49,25981.07,-29238.19,0.336,2.325,False,False,True,False,False,True,False,True
TREND_DOWN,DOWN_NOV,2025-11-20T01:28:00+00:00,TIMEOUT,0.317,0.313,1.829,3.65,0.609,-37228.62,25688.23,-37539.49,0.35,2.325,False,False,True,False,False,True,False,True
TREND_DOWN,DOWN_NOV,2025-11-20T01:49:00+00:00,TIMEOUT,0.066,0.425,2.258,4.173,0.826,-55431.98,26900.01,-59661.77,0.728,2.487,False,False,False,False,False,True,False,False
TREND_DOWN,DOWN_NOV,2025-11-20T01:50:00+00:00,TIMEOUT,0.084,0.642,2.27,4.172,0.835,-43225.92,26707.38,-55431.98,0.742,2.487,False,False,False,False,False,True,False,False
TREND_DOWN,DOWN_NOV,2025-11-20T01:51:00+00:00,TIMEOUT,0.042,0.634,2.298,3.988,0.797,-24992.84,26997.59,-43225.92,0.707,2.487,False,False,False,False,False,True,False,False
TREND_DOWN,DOWN_NOV,2025-11-20T01:58:00+00:00,TIMEOUT,0.369,0.687,2.218,4.129,0.782,-23760.43,20618.24,-20243.47,0.719,2.396,False,False,False,False,False,True,False,False
TREND_DOWN,DOWN_NOV,2025-11-20T02:02:00+00:00,TIMEOUT,0.105,0.693,1.957,4.179,0.736,-37968.77,-10435.68,-19773.57,0.693,2.11,False,False,False,False,False,True,False,False
TREND_DOWN,DOWN_NOV,2025-11-20T02:08:00+00:00,TIMEOUT,-0.04,0.308,1.448,4.324,0.658,-43742.29,-28812.04,-38346.4,0.409,1.752,False,False,True,False,False,True,False,True
TREND_DOWN,DOWN_NOV,2025-11-20T02:09:00+00:00,TIMEOUT,-0.131,0.217,1.195,4.292,0.559,-47907.41,-42661.65,-43742.29,0.325,1.752,False,False,True,False,False,True,False,True
TREND_DOWN,DOWN_NOV,2025-11-20T02:24:00+00:00,TIMEOUT,-0.171,0.208,1.114,3.687,0.432,-40286.62,-92397.82,-26473.55,0.362,1.705,False,False,True,False,False,True,False,False
TREND_DOWN,DOWN_NOV,2025-11-20T02:29:00+00:00,TIMEOUT,-0.114,0.287,1.195,3.477,0.402,-32945.37,-87168.79,-32222.34,0.287,1.705,False,False,True,False,False,True,False,True
TREND_DOWN,DOWN_NOV,2025-11-20T02:30:00+00:00,TIMEOUT,-0.038,0.265,1.342,3.655,0.443,-34427.96,-86872.65,-32945.37,0.265,1.705,False,False,True,False,False,True,False,True
TREND_DOWN,DOWN_NOV,2025-11-20T02:32:00+00:00,TIMEOUT,-0.022,0.083,1.144,3.66,0.374,-35907.55,-88859.84,-33981.36,0.083,1.705,False,False,True,False,False,True,False,True
TREND_DOWN,DOWN_NOV,2025-11-20T02:42:00+00:00,TIMEOUT,-0.137,-0.092,1.185,3.722,0.288,-42714.76,-77384.51,-37763.53,0.005,1.705,False,True,True,False,False,True,False,True
TREND_DOWN,DOWN_NOV,2025-11-20T02:43:00+00:00,TIMEOUT,-0.182,-0.166,1.248,3.671,0.253,-40545.43,-78936.79,-42714.76,0.0,1.705,False,True,True,False,False,True,False,True
TREND_DOWN,DOWN_NOV,2025-11-20T02:45:00+00:00,TIMEOUT,-0.29,-0.229,1.192,3.695,0.217,-42482.95,-81587.94,-41745.4,0.0,1.705,False,True,True,False,False,True,False,True
TREND_DOWN,DOWN_NOV,2025-11-20T02:46:00+00:00,TIMEOUT,-0.294,-0.255,1.205,3.567,0.179,-46097.72,-82190.76,-42482.95,0.0,1.705,False,True,True,False,False,True,False,True
TREND_DOWN,DOWN_NOV,2025-11-20T02:59:00+00:00,TIMEOUT,0.115,0.002,1.148,3.44,0.38,-51320.49,-101375.92,-32819.17,0.263,1.705,False,False,True,False,False,True,False,False
TREND_DOWN,DOWN_NOV,2025-11-20T03:08:00+00:00,TIMEOUT,0.024,0.002,1.306,2.948,0.246,-51237.45,-93631.63,-44267.64,0.171,1.605,False,False,True,False,False,True,False,True
TREND_DOWN,DOWN_NOV,2025-11-20T03:09:00+00:00,TIMEOUT,-0.036,0.05,1.245,3.008,0.207,-46546.95,-93814.37,-51237.45,0.136,1.599,False,False,True,False,False,True,False,True
TREND_DOWN,DOWN_NOV,2025-11-20T03:10:00+00:00,TIMEOUT,-0.113,-0.085,1.227,3.137,0.168,-56872.64,-94675.23,-46546.95,0.099,1.599,False,True,True,False,False,True,False,True
TREND_DOWN,DOWN_NOV,2025-11-20T03:11:00+00:00,TIMEOUT,-0.148,-0.037,1.155,3.134,0.156,-55811.48,-95542.01,-56872.64,0.088,1.541,False,True,True,False,False,True,False,True
TREND_DOWN,DOWN_NOV,2025-11-20T03:12:00+00:00,TIMEOUT,0.032,-0.105,1.193,3.135,0.188,-63198.86,-95765.26,-55811.48,0.123,1.541,False,False,True,False,False,True,False,True
TREND_DOWN,DOWN_NOV,2025-11-20T03:13:00+00:00,TIMEOUT,0.103,-0.079,1.164,3.168,0.225,-61007.12,-94878.22,-63198.86,0.162,1.472,False,False,True,False,False,True,False,True
TREND_DOWN,DOWN_NOV,2025-11-20T03:14:00+00:00,TIMEOUT,0.034,-0.249,1.047,3.09,0.157,-63367.68,-97141.0,-61007.12,0.096,1.446,False,True,True,False,False,True,False,True
TREND_DOWN,DOWN_NOV,2025-11-20T03:15:00+00:00,TIMEOUT,0.096,-0.194,1.106,3.099,0.189,-63358.09,-96059.52,-63367.68,0.13,1.446,False,False,True,False,False,True,False,True
TREND_DOWN,DOWN_NOV,2025-11-20T03:16:00+00:00,TIMEOUT,0.132,-0.162,1.039,2.922,0.187,-60320.96,-96647.35,-63358.09,0.132,1.377,False,False,True,False,False,True,False,True
TREND_DOWN,DOWN_NOV,2025-11-20T03:17:00+00:00,TIMEOUT,0.139,-0.192,0.962,3.01,0.236,-59710.67,-102210.76,-60320.96,0.183,1.248,False,False,True,False,False,True,False,True
TREND_DOWN,DOWN_NOV,2025-11-20T03:26:00+00:00,TIMEOUT,-0.105,0.01,0.851,2.458,0.248,-48933.71,-115306.78,-47238.79,0.26,1.059,False,False,True,False,False,True,False,False
TREND_DOWN,DOWN_NOV,2025-11-20T03:36:00+00:00,TIMEOUT,-0.062,-0.117,0.235,2.214,0.081,-27269.03,-129094.63,-30666.96,0.137,1.02,False,False,True,False,False,True,False,True
TREND_DOWN,DOWN_NOV,2025-11-20T03:46:00+00:00,TIMEOUT,-0.047,0.085,0.353,2.095,0.009,-27182.4,-130333.74,-30419.56,0.085,1.02,False,False,True,False,False,True,False,True
TREND_DOWN,DOWN_NOV,2025-11-20T03:49:00+00:00,TIMEOUT,-0.135,0.023,0.402,2.327,0.074,-33197.58,-126867.8,-29312.43,0.122,1.02,False,False,True,False,False,True,False,True
TREND_DOWN,DOWN_NOV,2025-11-20T03:55:00+00:00,TIMEOUT,-0.226,-0.321,0.579,1.877,-0.038,-18066.95,-76702.24,-14146.01,0.05,1.02,False,True,True,False,False,True,False,True
TREND_DOWN,DOWN_NOV,2025-11-20T03:56:00+00:00,TIMEOUT,-0.091,-0.195,0.684,1.959,0.049,-17391.56,-73964.33,-18066.95,0.139,1.02,False,False,True,False,False,True,False,True
TREND_DOWN,DOWN_NOV,2025-11-20T04:08:00+00:00,TIMEOUT,-0.082,-0.129,0.181,2.083,-0.103,-5983.0,-100962.74,-14546.29,0.012,0.707,False,True,True,False,False,True,False,True
TREND_DOWN,DOWN_NOV,2025-11-20T04:16:00+00:00,TIMEOUT,-0.052,-0.099,0.091,2.369,-0.137,-13752.36,-102224.63,-10634.76,0.002,0.707,False,True,True,False,False,True,False,True
TREND_DOWN,DOWN_NOV,2025-11-20T04:17:00+00:00,TIMEOUT,-0.256,-0.249,-0.019,2.223,-0.237,-17778.89,-105239.16,-13752.36,0.0,0.707,False,True,True,False,False,True,True,True
TREND_DOWN,DOWN_NOV,2025-11-20T04:18:00+00:00,TIMEOUT,-0.294,-0.347,-0.061,2.182,-0.26,-27908.6,-109278.25,-17778.89,0.0,0.707,False,True,True,False,False,True,True,True
TREND_DOWN,DOWN_NOV,2025-11-20T04:19:00+00:00,TIMEOUT,-0.38,-0.515,-0.338,2.093,-0.395,-34667.18,-122785.11,-27908.6,0.0,0.707,False,True,True,False,False,True,True,True
TREND_DOWN,DOWN_NOV,2025-11-20T04:20:00+00:00,TIMEOUT,-0.282,-0.48,-0.233,2.272,-0.29,-42523.59,-122946.91,-34667.18,0.101,0.707,False,False,True,False,False,True,False,True
TREND_DOWN,DOWN_NOV,2025-11-20T04:21:00+00:00,TIMEOUT,-0.24,-0.438,-0.222,2.366,-0.268,-25613.61,-122913.48,-42523.59,0.119,0.707,False,False,True,False,False,True,False,True
TREND_DOWN,DOWN_NOV,2025-11-20T04:22:00+00:00,TIMEOUT,-0.218,-0.414,-0.018,2.345,-0.237,-25245.06,-117302.0,-25613.61,0.151,0.707,False,False,True,False,False,True,False,True
TREND_DOWN,DOWN_NOV,2025-11-20T04:23:00+00:00,TIMEOUT,-0.232,-0.42,-0.014,2.315,-0.227,-25195.17,-113778.58,-25245.06,0.164,0.707,False,False,True,False,False,True,False,True
TREND_DOWN,DOWN_NOV,2025-11-20T04:24:00+00:00,TIMEOUT,-0.221,-0.482,-0.032,2.294,-0.28,-23463.59,-110477.39,-25195.17,0.111,0.707,False,False,True,False,False,True,False,True
TREND_DOWN,DOWN_NOV,2025-11-20T04:26:00+00:00,TIMEOUT,-0.246,-0.337,0.051,2.172,-0.24,-22555.13,-108623.72,-22092.64,0.151,0.707,False,False,True,False,False,True,False,True
TREND_DOWN,DOWN_NOV,2025-11-20T04:27:00+00:00,TIMEOUT,-0.174,-0.267,0.223,2.151,-0.18,-20802.17,-98778.39,-22555.13,0.213,0.707,False,False,True,False,False,True,False,True
TREND_DOWN,DOWN_NOV,2025-11-20T04:28:00+00:00,TIMEOUT,-0.252,-0.183,0.133,1.964,-0.236,-35563.21,-99543.25,-20802.17,0.16,0.696,False,False,True,False,False,True,False,True
TREND_DOWN,DOWN_NOV,2025-11-20T04:29:00+00:00,TIMEOUT,-0.153,-0.088,0.082,1.894,-0.226,-32227.09,-99173.56,-35563.21,0.171,0.696,False,False,True,False,False,True,False,True
TREND_DOWN,DOWN_NOV,2025-11-20T05:14:00+00:00,TIMEOUT,0.604,0.43,0.212,1.699,0.302,-1479.55,-73068.79,-7627.26,0.789,1.077,False,False,False,False,False,True,False,False
TREND_DOWN,DOWN_NOV,2025-11-20T05:16:00+00:00,TIMEOUT,0.405,0.475,0.213,1.637,0.248,-5533.26,-79606.58,-3290.05,0.737,1.077,False,False,False,False,False,True,False,False
TREND_DOWN,DOWN_NOV,2025-11-20T05:18:00+00:00,TIMEOUT,0.318,0.594,0.231,1.508,0.242,105.29,-80018.75,-2742.61,0.733,1.077,False,False,False,False,False,True,False,False
TREND_DOWN,DOWN_NOV,2025-11-20T05:19:00+00:00,TIMEOUT,0.306,0.734,0.273,1.526,0.24,5381.63,-78202.68,105.29,0.734,1.077,False,False,False,False,False,True,False,False
TREND_DOWN,DOWN_NOV,2025-11-20T05:20:00+00:00,TIMEOUT,0.192,0.579,0.237,1.47,0.186,14075.98,-76143.92,5381.63,0.627,1.077,False,False,False,False,False,True,False,False
TREND_DOWN,DOWN_NOV,2025-11-20T05:21:00+00:00,TIMEOUT,0.176,0.553,0.245,1.425,0.178,12995.12,-76905.83,14075.98,0.62,1.077,False,False,False,False,False,True,False,False
TREND_DOWN,DOWN_NOV,2025-11-20T05:22:00+00:00,TIMEOUT,0.197,0.533,0.26,1.411,0.189,13654.2,-75744.94,12995.12,0.632,1.077,False,False,False,False,False,True,False,False
TREND_DOWN,DOWN_NOV,2025-11-20T05:23:00+00:00,TIMEOUT,0.137,0.497,0.284,1.422,0.165,13079.41,-74225.62,13654.2,0.609,1.077,False,False,False,False,False,True,False,False
TREND_DOWN,DOWN_NOV,2025-11-20T05:24:00+00:00,TIMEOUT,0.102,0.55,0.309,1.427,0.165,10079.7,-60111.07,13079.41,0.609,1.077,False,False,False,False,False,True,False,False
TREND_DOWN,DOWN_NOV,2025-11-20T05:25:00+00:00,TIMEOUT,0.14,0.512,0.295,1.387,0.207,9237.55,-60093.88,10079.7,0.654,1.077,False,False,False,False,False,True,False,False
TREND_DOWN,DOWN_NOV,2025-11-20T05:26:00+00:00,TIMEOUT,-0.023,0.436,0.107,1.267,0.087,10484.19,-61004.65,9237.55,0.534,1.077,False,False,True,False,False,True,False,False
TREND_DOWN,DOWN_NOV,2025-11-20T05:27:00+00:00,TIMEOUT,-0.103,0.35,0.096,1.341,0.063,7827.31,-61115.49,10484.19,0.511,1.077,False,False,True,False,False,True,False,False
TREND_DOWN,DOWN_NOV,2025-11-20T05:28:00+00:00,TIMEOUT,-0.193,0.417,0.169,1.355,0.076,8626.62,-58694.29,7827.31,0.524,1.077,False,False,True,False,False,True,False,False
TREND_DOWN,DOWN_NOV,2025-11-20T05:29:00+00:00,TIMEOUT,-0.318,0.398,0.193,1.39,0.068,9190.72,-57037.47,8626.62,0.517,1.077,False,False,True,False,False,True,False,False
TREND_DOWN,DOWN_NOV,2025-11-20T05:30:00+00:00,TIMEOUT,-0.291,0.265,0.102,1.445,0.022,8365.11,-55701.91,9190.72,0.471,1.077,False,False,True,False,False,True,False,False
TREND_DOWN,DOWN_NOV,2025-11-20T05:31:00+00:00,TIMEOUT,-0.353,0.244,0.054,1.38,0.021,6499.65,-58656.16,8365.11,0.47,1.077,False,False,True,False,False,True,False,False
TREND_DOWN,DOWN_NOV,2025-11-20T05:32:00+00:00,TIMEOUT,-0.276,0.29,0.176,1.322,0.039,7069.07,-56530.54,6499.65,0.488,1.077,False,False,True,False,False,True,False,False
TREND_DOWN,DOWN_NOV,2025-11-20T05:33:00+00:00,TIMEOUT,-0.378,0.292,0.098,1.31,-0.0,9648.61,-58039.24,7069.07,0.45,1.077,False,False,True,False,False,True,False,False
TREND_DOWN,DOWN_NOV,2025-11-20T05:34:00+00:00,TIMEOUT,-0.387,0.302,0.098,1.396,0.023,10694.35,-56071.57,9648.61,0.473,1.077,False,False,True,False,False,True,False,False
TREND_DOWN,DOWN_NOV,2025-11-20T05:35:00+00:00,TIMEOUT,-0.422,0.375,0.086,1.274,0.036,10611.86,-55935.23,10694.35,0.486,1.077,False,False,True,False,False,True,False,False
TREND_DOWN,DOWN_NOV,2025-11-20T05:36:00+00:00,TIMEOUT,-0.443,0.239,-0.021,1.255,-0.041,9018.99,-56429.46,10611.86,0.409,1.077,False,False,True,False,False,True,False,False
TREND_DOWN,DOWN_NOV,2025-11-20T05:37:00+00:00,TIMEOUT,-0.616,0.198,0.019,1.222,-0.048,7555.36,-55177.43,9018.99,0.402,1.077,False,False,True,False,False,True,False,False
TREND_DOWN,DOWN_NOV,2025-11-20T05:38:00+00:00,TIMEOUT,-0.501,0.305,0.102,1.243,-0.025,8402.26,-55238.72,7555.36,0.425,1.077,False,False,True,False,False,True,False,False
TREND_DOWN,DOWN_NOV,2025-11-20T05:39:00+00:00,TIMEOUT,-0.337,0.353,0.101,1.236,-0.001,7240.55,-56219.93,8402.26,0.45,1.077,False,False,True,False,False,True,False,False
TREND_DOWN,DOWN_NOV,2025-11-20T06:21:00+00:00,WIN,-0.171,-0.302,-0.19,0.871,-0.153,-8620.3,-21238.79,7017.7,0.0,1.077,False,True,True,False,False,True,True,False
TREND_DOWN,DOWN_NOV,2025-11-20T06:22:00+00:00,WIN,-0.173,-0.324,-0.207,0.877,-0.16,-11526.93,-23117.79,-8620.3,0.0,1.077,False,True,True,False,False,True,True,True
TREND_DOWN,DOWN_NOV,2025-11-20T06:23:00+00:00,TIMEOUT,-0.237,-0.351,-0.276,0.688,-0.208,-12945.55,-25061.31,-11526.93,0.0,1.077,False,True,True,False,False,True,True,True
TREND_DOWN,DOWN_NOV,2025-11-20T06:24:00+00:00,TIMEOUT,-0.308,-0.386,-0.321,0.674,-0.242,-16045.98,-29429.87,-12945.55,0.0,1.077,False,True,True,False,False,True,True,True
TREND_DOWN,DOWN_NOV,2025-11-20T06:25:00+00:00,TIMEOUT,-0.296,-0.416,-0.247,0.679,-0.227,-17227.69,-30082.78,-16045.98,0.014,1.077,False,True,True,False,False,True,True,True
TREND_DOWN,DOWN_NOV,2025-11-20T06:26:00+00:00,WIN,-0.191,-0.238,-0.141,0.709,-0.166,-18072.85,-30143.79,-17227.69,0.074,1.077,False,True,True,False,False,True,True,True
TREND_DOWN,DOWN_NOV,2025-11-20T06:27:00+00:00,TIMEOUT,-0.164,-0.246,-0.165,0.664,-0.196,-18474.48,-31449.34,-18072.85,0.042,1.077,False,True,True,False,False,True,True,True
TREND_DOWN,DOWN_NOV,2025-11-20T06:28:00+00:00,WIN,-0.13,-0.237,-0.005,0.626,-0.174,-18532.79,-45469.38,-18474.48,0.065,1.077,False,True,True,False,False,True,True,True
TREND_DOWN,DOWN_NOV,2025-11-20T06:29:00+00:00,WIN,-0.161,-0.231,0.078,0.662,-0.178,-19445.27,-42481.64,-18532.79,0.064,1.077,False,True,True,False,False,True,False,True
TREND_DOWN,DOWN_NOV,2025-11-20T06:30:00+00:00,WIN,-0.141,-0.154,0.043,0.48,-0.148,-19495.95,-45844.68,-19445.27,0.095,1.077,False,True,True,False,False,True,False,True
TREND_DOWN,DOWN_NOV,2025-11-20T06:31:00+00:00,TIMEOUT,-0.259,-0.194,-0.098,0.471,-0.191,-16328.99,-50862.07,-19495.95,0.054,1.077,False,True,True,False,False,True,True,True
TREND_DOWN,DOWN_NOV,2025-11-20T06:32:00+00:00,TIMEOUT,-0.251,-0.279,-0.139,0.38,-0.258,-18305.94,-52758.29,-16328.99,0.0,1.077,False,True,True,False,False,True,True,True
TREND_DOWN,DOWN_NOV,2025-11-20T06:33:00+00:00,TIMEOUT,-0.371,-0.288,-0.183,0.316,-0.305,-21408.78,-56742.12,-18305.94,0.0,1.077,False,True,True,False,False,True,True,True
TREND_DOWN,DOWN_NOV,2025-11-20T06:34:00+00:00,TIMEOUT,-0.399,-0.397,-0.412,0.245,-0.389,-24459.27,-65804.98,-21408.78,0.0,1.077,False,True,True,False,False,True,True,True
TREND_DOWN,DOWN_NOV,2025-11-20T06:35:00+00:00,TIMEOUT,-0.506,-0.444,-0.302,0.023,-0.419,-25264.98,-50533.25,-24459.27,0.0,1.077,False,True,True,False,False,True,True,True
TREND_DOWN,DOWN_NOV,2025-11-20T06:36:00+00:00,TIMEOUT,-0.474,-0.311,-0.215,0.019,-0.358,-29640.52,-58800.95,-25264.98,0.057,1.077,False,True,True,False,False,True,True,True
TREND_DOWN,DOWN_NOV,2025-11-20T06:37:00+00:00,TIMEOUT,-0.573,-0.307,-0.158,0.034,-0.357,-30009.37,-55973.0,-29640.52,0.054,1.077,False,True,True,False,False,True,True,True
TREND_DOWN,DOWN_NOV,2025-11-20T06:38:00+00:00,TIMEOUT,-0.608,-0.368,-0.244,0.188,-0.396,-31297.18,-72447.62,-30009.37,0.016,1.077,False,True,True,False,False,True,True,True
TREND_DOWN,DOWN_NOV,2025-11-20T06:39:00+00:00,TIMEOUT,-0.566,-0.393,-0.295,0.171,-0.399,-33035.65,-73100.39,-31297.18,0.014,1.077,False,True,True,False,False,True,True,True
TREND_DOWN,DOWN_NOV,2025-11-20T06:40:00+00:00,TIMEOUT,-0.696,-0.441,-0.466,0.129,-0.478,-36998.05,-76646.46,-33035.65,0.0,1.077,False,True,True,False,False,True,True,True
TREND_DOWN,DOWN_NOV,2025-11-20T06:41:00+00:00,TIMEOUT,-0.745,-0.535,-0.571,-0.071,-0.573,-47905.39,-86651.27,-36998.05,0.0,1.152,False,True,True,False,False,False,True,True
TREND_DOWN,DOWN_NOV,2025-11-20T06:42:00+00:00,TIMEOUT,-0.829,-0.616,-0.561,-0.124,-0.649,-55368.26,-75287.36,-47905.39,0.0,1.239,False,True,True,False,False,False,True,True
TREND_DOWN,DOWN_NOV,2025-11-20T06:43:00+00:00,TIMEOUT,-0.895,-0.751,-0.747,-0.34,-0.755,-58706.9,-78306.63,-55368.26,0.0,1.361,False,True,True,False,False,False,True,True
TREND_DOWN,DOWN_NOV,2025-11-20T06:44:00+00:00,TIMEOUT,-0.919,-0.786,-0.702,-0.434,-0.793,-77270.77,-94993.22,-58706.9,0.0,1.417,False,True,True,False,False,False,True,True
TREND_DOWN,DOWN_NOV,2025-11-20T06:45:00+00:00,TIMEOUT,-0.771,-0.744,-0.54,-0.285,-0.639,-69856.04,-85124.36,-77270.77,0.13,1.417,False,False,True,False,False,False,False,True
TREND_DOWN,DOWN_NOV,2025-11-20T06:46:00+00:00,TIMEOUT,-0.761,-0.864,-0.54,-0.189,-0.651,-74000.46,-86761.87,-69856.04,0.107,1.417,False,False,True,False,False,False,False,True
TREND_DOWN,DOWN_NOV,2025-11-20T06:47:00+00:00,TIMEOUT,-0.695,-0.795,-0.605,-0.237,-0.604,-73211.12,-85141.45,-74000.46,0.146,1.417,False,False,True,False,False,False,False,True
TREND_DOWN,DOWN_NOV,2025-11-20T06:48:00+00:00,TIMEOUT,-0.655,-0.701,-0.602,-0.196,-0.583,-73368.19,-85037.56,-73211.12,0.164,1.417,False,False,True,False,False,False,False,True
TREND_DOWN,DOWN_NOV,2025-11-20T06:49:00+00:00,TIMEOUT,-0.723,-0.838,-0.635,-0.236,-0.665,-78353.34,-88679.11,-73368.19,0.08,1.417,False,True,True,False,False,False,True,True
TREND_DOWN,DOWN_NOV,2025-11-20T06:50:00+00:00,TIMEOUT,-0.858,-0.988,-0.781,-0.179,-0.805,-87267.58,-97333.18,-78353.34,0.0,1.483,False,True,True,False,False,False,True,True
TREND_DOWN,DOWN_NOV,2025-11-20T06:51:00+00:00,TIMEOUT,-0.827,-0.997,-0.818,-0.213,-0.857,-95353.68,-107834.73,-87267.58,0.0,1.545,False,True,True,False,False,False,True,True
TREND_DOWN,DOWN_NOV,2025-11-20T06:52:00+00:00,TIMEOUT,-0.847,-1.018,-0.857,-0.21,-0.867,-100612.13,-128840.75,-95353.68,0.0,1.576,False,True,True,False,False,False,True,True
TREND_DOWN,DOWN_NOV,2025-11-20T06:53:00+00:00,TIMEOUT,-0.729,-0.964,-0.815,-0.185,-0.791,-97428.75,-127183.58,-100612.13,0.069,1.576,False,True,True,False,False,False,True,True
TREND_DOWN,DOWN_NOV,2025-11-20T06:54:00+00:00,TIMEOUT,-0.61,-0.916,-0.668,-0.065,-0.702,-96830.55,-122117.89,-97428.75,0.154,1.576,False,False,True,False,False,False,False,True
TREND_DOWN,DOWN_NOV,2025-11-20T06:55:00+00:00,TIMEOUT,-0.544,-0.838,-0.564,0.011,-0.616,-88574.83,-111481.96,-96830.55,0.234,1.576,False,False,True,False,False,True,False,True
TREND_DOWN,DOWN_NOV,2025-11-20T06:56:00+00:00,TIMEOUT,-0.634,-0.823,-0.684,-0.005,-0.639,-89117.5,-113489.17,-88574.83,0.203,1.576,False,False,True,False,False,False,False,True
TREND_DOWN,DOWN_NOV,2025-11-20T06:57:00+00:00,TIMEOUT,-0.589,-0.752,-0.66,-0.022,-0.622,-87806.96,-116366.46,-89117.5,0.216,1.576,False,False,True,False,False,False,False,True
TREND_DOWN,DOWN_NOV,2025-11-20T07:02:00+00:00,TIMEOUT,-0.576,-0.826,-0.636,-0.013,-0.65,-80068.65,-103526.02,-78797.39,0.174,1.576,False,False,True,False,False,False,False,True
TREND_DOWN,DOWN_NOV,2025-11-20T07:03:00+00:00,TIMEOUT,-0.55,-0.919,-0.682,-0.036,-0.669,-81763.55,-105163.46,-80068.65,0.153,1.576,False,False,True,False,False,False,False,True
TREND_DOWN,DOWN_NOV,2025-11-20T08:50:00+00:00,WIN,-0.082,-0.126,-0.557,-0.461,0.009,35273.84,1236.18,36229.49,0.081,1.224,False,True,True,False,False,True,False,False
TREND_DOWN,DOWN_NOV,2025-11-20T08:51:00+00:00,WIN,-0.112,-0.218,-0.545,-0.496,-0.031,29278.23,4266.33,35273.84,0.04,1.224,False,True,True,False,False,True,False,False
TREND_DOWN,DOWN_NOV,2025-11-20T08:52:00+00:00,WIN,-0.151,-0.212,-0.539,-0.459,-0.031,26297.86,4441.22,29278.23,0.037,1.224,False,True,True,False,False,True,False,False
TREND_DOWN,DOWN_NOV,2025-11-20T08:53:00+00:00,WIN,-0.031,-0.215,-0.532,-0.508,-0.01,24592.37,6631.61,26297.86,0.058,1.224,False,True,True,False,False,True,False,False
TREND_DOWN,DOWN_NOV,2025-11-20T08:54:00+00:00,WIN,-0.054,-0.238,-0.599,-0.558,-0.04,21667.34,-1962.91,24592.37,0.027,1.224,False,True,True,False,False,True,True,False
TREND_DOWN,DOWN_NOV,2025-11-20T08:55:00+00:00,WIN,-0.12,-0.341,-0.661,-0.706,-0.096,18191.49,-3840.58,21667.34,0.0,1.224,False,True,True,False,False,True,True,False
TREND_DOWN,DOWN_NOV,2025-11-20T08:56:00+00:00,WIN,-0.111,-0.402,-0.622,-0.676,-0.101,14469.0,-5010.29,18191.49,0.0,1.224,False,True,True,False,False,True,True,False
TREND_DOWN,DOWN_NOV,2025-11-20T08:57:00+00:00,WIN,-0.075,-0.292,-0.519,-0.629,-0.054,19353.25,-498.56,14469.0,0.045,1.224,False,True,True,False,False,True,True,False
TREND_DOWN,DOWN_NOV,2025-11-20T08:58:00+00:00,WIN,-0.165,-0.241,-0.519,-0.62,-0.064,22184.24,958.81,19353.25,0.033,1.224,False,True,True,False,False,True,False,False
TREND_DOWN,DOWN_NOV,2025-11-20T08:59:00+00:00,WIN,-0.18,-0.212,-0.524,-0.517,-0.039,7180.83,1167.16,22184.24,0.058,1.224,False,True,True,False,False,True,False,False
TREND_DOWN,DOWN_NOV,2025-11-20T09:00:00+00:00,WIN,-0.195,-0.152,-0.561,-0.579,-0.063,7703.12,-1503.11,7180.83,0.033,1.224,False,True,True,False,False,True,True,False
TREND_DOWN,DOWN_NOV,2025-11-20T09:01:00+00:00,WIN,-0.147,-0.131,-0.646,-0.585,-0.071,7991.21,-2740.89,7703.12,0.024,1.224,False,True,True,False,False,True,True,False
TREND_DOWN,DOWN_NOV,2025-11-20T09:02:00+00:00,WIN,-0.168,-0.174,-0.597,-0.596,-0.094,6438.65,-3757.75,7991.21,0.0,1.224,False,True,True,False,False,True,True,False
TREND_DOWN,DOWN_NOV,2025-11-20T09:03:00+00:00,WIN,-0.282,-0.19,-0.753,-0.682,-0.177,-3315.76,-14814.38,6438.65,0.0,1.224,False,True,True,False,False,False,True,False
TREND_DOWN,DOWN_NOV,2025-11-20T09:04:00+00:00,WIN,-0.352,-0.224,-0.693,-0.659,-0.171,-3540.03,-20049.5,-3315.76,0.002,1.224,False,True,True,False,False,False,True,True
TREND_DOWN,DOWN_NOV,2025-11-20T09:05:00+00:00,WIN,-0.357,-0.291,-0.761,-0.612,-0.162,-8353.0,-21741.39,-3540.03,0.008,1.224,False,True,True,False,False,False,True,True
TREND_DOWN,DOWN_NOV,2025-11-20T09:06:00+00:00,WIN,-0.336,-0.413,-0.777,-0.581,-0.153,-30145.62,-18851.16,-8353.0,0.016,1.224,False,True,True,False,False,False,True,True
TREND_DOWN,DOWN_NOV,2025-11-20T09:07:00+00:00,WIN,-0.305,-0.363,-0.833,-0.545,-0.109,-30115.42,-22140.21,-30145.62,0.057,1.224,False,True,True,False,False,False,True,True
TREND_DOWN,DOWN_NOV,2025-11-20T09:08:00+00:00,WIN,-0.302,-0.352,-0.83,-0.513,-0.106,-22866.19,-19990.19,-30115.42,0.056,1.224,False,True,True,False,False,False,True,True
TREND_DOWN,DOWN_NOV,2025-11-20T09:24:00+00:00,WIN,-0.191,-0.245,-0.482,-0.801,-0.165,-29215.85,4546.46,-28410.3,0.107,0.864,False,False,True,False,False,False,False,True
TREND_DOWN,DOWN_NOV,2025-11-20T09:25:00+00:00,WIN,-0.166,-0.286,-0.531,-0.777,-0.198,-31347.92,3303.53,-29215.85,0.071,0.864,False,True,True,False,False,False,False,True
TREND_DOWN,DOWN_NOV,2025-11-20T09:26:00+00:00,WIN,-0.184,-0.295,-0.615,-0.755,-0.22,-36710.27,-1441.37,-31347.92,0.047,0.864,False,True,True,False,False,False,True,True
TREND_DOWN,DOWN_NOV,2025-11-20T09:27:00+00:00,WIN,-0.294,-0.369,-0.649,-0.812,-0.282,-39253.46,-2247.2,-36710.27,0.0,0.864,False,True,True,False,False,False,True,True
TREND_DOWN,DOWN_NOV,2025-11-20T09:28:00+00:00,WIN,-0.294,-0.459,-0.683,-0.688,-0.292,-41359.01,-3589.93,-39253.46,0.0,0.864,False,True,True,False,False,False,True,True
TREND_DOWN,DOWN_NOV,2025-11-20T09:29:00+00:00,WIN,-0.326,-0.506,-0.689,-0.611,-0.298,-48376.89,-10589.73,-41359.01,0.0,0.864,False,True,True,False,False,False,True,True
TREND_DOWN,DOWN_NOV,2025-11-20T09:30:00+00:00,WIN,-0.316,-0.51,-0.735,-0.693,-0.307,-48007.17,-12211.5,-48376.89,0.0,0.864,False,True,True,False,False,False,True,True
TREND_DOWN,DOWN_NOV,2025-11-20T09:31:00+00:00,WIN,-0.253,-0.4,-0.64,-0.737,-0.251,-42007.14,-12568.01,-48007.17,0.054,0.822,False,True,True,False,False,False,True,True
TREND_DOWN,DOWN_NOV,2025-11-20T09:32:00+00:00,WIN,-0.198,-0.366,-0.543,-0.682,-0.219,-41056.49,-10601.41,-42007.14,0.085,0.812,False,True,True,False,False,False,True,True
TREND_DOWN,DOWN_NOV,2025-11-20T09:39:00+00:00,WIN,-0.233,-0.446,-0.43,-0.724,-0.241,-28355.85,16329.94,-29221.43,0.046,0.812,False,True,True,False,False,False,False,True
TREND_DOWN,DOWN_NOV,2025-11-20T09:40:00+00:00,WIN,-0.343,-0.552,-0.451,-0.915,-0.342,-27668.52,20394.33,-28355.85,0.0,0.812,False,True,True,False,False,False,False,True
TREND_DOWN,DOWN_NOV,2025-11-20T09:41:00+00:00,WIN,-0.375,-0.553,-0.349,-0.918,-0.337,-30923.12,28295.07,-27668.52,0.003,0.812,False,True,True,False,False,False,False,True
TREND_DOWN,DOWN_NOV,2025-11-20T09:44:00+00:00,WIN,-0.429,-0.629,-0.164,-0.865,-0.414,-39732.53,46574.34,-31279.2,0.0,0.82,False,True,True,False,False,False,False,True
TREND_DOWN,DOWN_NOV,2025-11-20T09:45:00+00:00,WIN,-0.376,-0.652,-0.306,-0.844,-0.43,-48945.42,27891.98,-39732.53,0.0,0.833,False,True,True,False,False,False,False,True
TREND_DOWN,DOWN_NOV,2025-11-20T09:46:00+00:00,WIN,-0.586,-0.823,-0.426,-0.964,-0.566,-66227.26,12902.39,-48945.42,0.0,0.978,False,True,True,False,False,False,False,True
TREND_DOWN,DOWN_NOV,2025-11-20T09:47:00+00:00,WIN,-0.525,-0.775,-0.428,-1.031,-0.514,-60906.15,12253.64,-66227.26,0.037,0.978,False,True,True,False,False,False,False,True
TREND_DOWN,DOWN_NOV,2025-11-20T09:48:00+00:00,WIN,-0.434,-0.748,-0.489,-1.088,-0.551,-66539.92,6962.63,-60906.15,0.0,0.984,False,True,True,False,False,False,False,True
TREND_DOWN,DOWN_NOV,2025-11-20T09:49:00+00:00,WIN,-0.479,-0.83,-0.46,-1.092,-0.601,-71871.56,8592.67,-66539.92,0.0,1.04,False,True,True,False,False,False,False,True
TREND_DOWN,DOWN_NOV,2025-11-20T09:50:00+00:00,WIN,-0.483,-0.718,-0.285,-1.064,-0.562,-72487.16,16016.6,-71871.56,0.031,1.04,False,True,True,False,False,False,False,True
TREND_DOWN,DOWN_NOV,2025-11-20T09:51:00+00:00,WIN,-0.269,-0.578,-0.124,-0.941,-0.461,-67777.78,31842.23,-72487.16,0.131,1.04,False,False,True,False,False,False,False,True
TREND_DOWN,DOWN_NOV,2025-11-20T09:52:00+00:00,WIN,-0.319,-0.584,-0.102,-0.958,-0.473,-68507.41,36545.94,-67777.78,0.123,1.04,False,False,True,False,False,False,False,True
TREND_DOWN,DOWN_NOV,2025-11-20T10:41:00+00:00,WIN,0.14,-0.013,-0.448,-0.537,-0.269,31294.83,89534.87,34992.65,0.281,1.04,False,False,True,False,False,True,False,False
TREND_DOWN,DOWN_NOV,2025-11-20T10:43:00+00:00,WIN,0.181,0.063,-0.289,-0.521,-0.195,36130.22,91587.14,35152.17,0.352,1.04,False,False,True,False,False,True,False,False
TREND_DOWN,DOWN_NOV,2025-11-20T10:44:00+00:00,WIN,0.184,0.122,-0.372,-0.561,-0.207,43913.98,87943.28,36130.22,0.34,1.04,False,False,True,False,False,True,False,False
TREND_DOWN,DOWN_NOV,2025-11-20T10:45:00+00:00,WIN,0.128,0.07,-0.493,-0.627,-0.27,44754.2,71823.0,43913.98,0.275,1.04,False,False,True,False,False,True,False,False
TREND_DOWN,DOWN_NOV,2025-11-20T10:46:00+00:00,WIN,0.069,0.251,-0.505,-0.733,-0.228,62528.92,51875.24,44754.2,0.313,1.04,False,False,True,False,False,True,False,False
TREND_DOWN,DOWN_NOV,2025-11-20T10:47:00+00:00,WIN,0.064,0.183,-0.566,-0.748,-0.243,62030.41,46890.03,62528.92,0.282,1.04,False,False,True,False,False,True,False,False
TREND_DOWN,DOWN_NOV,2025-11-20T10:48:00+00:00,WIN,0.028,0.262,-0.541,-0.811,-0.204,67548.96,38885.6,62030.41,0.317,1.04,False,False,True,False,False,True,False,False
TREND_DOWN,DOWN_NOV,2025-11-20T11:16:00+00:00,WIN,-0.088,-0.019,-0.519,-1.22,-0.197,-1937.09,18853.05,3429.22,0.037,0.915,False,True,True,False,False,False,False,False
TREND_DOWN,DOWN_NOV,2025-11-20T11:17:00+00:00,WIN,-0.072,-0.008,-0.61,-1.219,-0.211,-1449.0,3112.37,-1937.09,0.021,0.915,False,True,True,False,False,False,False,True
TREND_DOWN,DOWN_NOV,2025-11-20T11:24:00+00:00,WIN,-0.192,-0.177,-0.607,-1.225,-0.256,-12501.88,-8541.61,-6470.01,0.0,0.915,False,True,True,False,False,False,True,True
TREND_DOWN,DOWN_NOV,2025-11-20T11:25:00+00:00,WIN,-0.239,-0.3,-0.633,-1.29,-0.274,-13855.24,-8058.53,-12501.88,0.0,0.915,False,True,True,False,False,False,True,True
TREND_DOWN,DOWN_NOV,2025-11-20T11:26:00+00:00,WIN,-0.244,-0.417,-0.645,-1.2,-0.301,-2774.9,-8509.66,-13855.24,0.0,0.915,False,True,True,False,False,False,True,True
TREND_DOWN,DOWN_NOV,2025-11-20T11:27:00+00:00,WIN,-0.317,-0.5,-0.741,-1.263,-0.386,-11942.4,-13942.16,-2774.9,0.0,0.915,False,True,True,False,False,False,True,True
TREND_DOWN,DOWN_NOV,2025-11-20T11:28:00+00:00,WIN,-0.34,-0.47,-0.808,-1.267,-0.371,-9248.11,-12330.69,-11942.4,0.01,0.915,False,True,True,False,False,False,True,True
TREND_DOWN,DOWN_NOV,2025-11-20T11:29:00+00:00,WIN,-0.258,-0.451,-0.793,-1.204,-0.311,-6199.56,-6936.51,-9248.11,0.066,0.915,False,True,True,False,False,False,True,True
TREND_DOWN,DOWN_NOV,2025-11-20T11:30:00+00:00,WIN,-0.242,-0.471,-0.74,-1.117,-0.265,-7488.51,-3124.72,-6199.56,0.108,0.915,False,False,True,False,False,False,False,True
TREND_DOWN,DOWN_NOV,2025-11-20T12:13:00+00:00,WIN,-0.038,0.018,-0.333,-1.028,-0.026,4358.59,30056.07,7600.73,0.295,0.652,False,False,True,False,False,True,False,False
TREND_DOWN,DOWN_NOV,2025-11-20T12:14:00+00:00,WIN,-0.114,-0.071,-0.439,-1.091,-0.12,502.75,25588.83,4358.59,0.2,0.652,False,False,True,False,False,True,False,False
TREND_DOWN,DOWN_NOV,2025-11-20T12:15:00+00:00,WIN,-0.064,0.022,-0.341,-1.039,-0.086,5099.63,26478.06,502.75,0.233,0.652,False,False,True,False,False,True,False,False
TREND_DOWN,DOWN_NOV,2025-11-20T12:16:00+00:00,WIN,-0.045,0.068,-0.356,-0.955,-0.033,6229.97,26479.51,5099.63,0.285,0.652,False,False,True,False,False,True,False,False
TREND_DOWN,DOWN_NOV,2025-11-20T12:17:00+00:00,WIN,-0.034,0.099,-0.317,-0.913,-0.016,6322.59,26892.92,6229.97,0.301,0.627,False,False,True,False,False,True,False,False
TREND_DOWN,DOWN_NOV,2025-11-20T12:19:00+00:00,WIN,0.028,0.024,-0.129,-0.832,0.028,9795.11,35129.09,8204.46,0.344,0.59,False,False,True,False,False,True,False,False
TREND_DOWN,DOWN_NOV,2025-11-20T12:22:00+00:00,WIN,0.008,0.08,-0.109,-0.739,0.013,12457.74,36825.4,13503.08,0.327,0.59,False,False,True,False,False,True,False,False
TREND_DOWN,DOWN_NOV,2025-11-20T12:23:00+00:00,WIN,-0.178,0.167,-0.156,-0.692,0.011,12057.87,35482.23,12457.74,0.324,0.59,False,False,True,False,False,True,False,False
TREND_DOWN,DOWN_NOV,2025-11-20T12:24:00+00:00,WIN,-0.227,0.173,-0.191,-0.671,-0.003,15439.47,36113.71,12057.87,0.309,0.59,False,False,True,False,False,True,False,False
TREND_DOWN,DOWN_NOV,2025-11-20T12:25:00+00:00,WIN,-0.242,0.115,-0.234,-0.764,-0.081,15611.62,38901.01,15439.47,0.23,0.59,False,False,True,False,False,True,False,False
TREND_DOWN,DOWN_NOV,2025-11-20T12:26:00+00:00,WIN,-0.247,0.124,-0.228,-0.841,-0.099,15184.91,43385.52,15611.62,0.212,0.59,False,False,True,False,False,True,False,False
TREND_DOWN,DOWN_NOV,2025-11-20T12:27:00+00:00,WIN,-0.247,0.258,-0.116,-0.764,-0.051,20479.76,45791.06,15184.91,0.258,0.59,False,False,True,False,False,True,False,False
TREND_DOWN,DOWN_NOV,2025-11-20T13:04:00+00:00,WIN,-0.15,-0.194,-0.114,-0.153,-0.072,-6338.43,33081.72,-5088.65,0.054,0.583,False,True,True,False,False,False,False,True
TREND_DOWN,DOWN_NOV,2025-11-20T13:28:00+00:00,WIN,-0.106,0.022,-0.195,-0.196,-0.064,6864.85,15047.83,8842.02,0.052,0.583,False,False,True,False,False,True,False,False
TREND_DOWN,DOWN_NOV,2025-11-20T13:29:00+00:00,WIN,0.083,0.19,-0.078,-0.044,0.093,50161.22,56575.27,6864.85,0.206,0.583,False,False,True,False,False,True,False,False
TREND_DOWN,DOWN_NOV,2025-11-20T13:44:00+00:00,WIN,-0.416,-0.155,-0.201,-0.572,-0.307,68787.06,82650.01,77280.51,0.0,0.756,True,True,True,False,False,True,False,False
TREND_DOWN,DOWN_NOV,2025-11-20T13:46:00+00:00,WIN,-0.184,-0.122,-0.072,-0.576,-0.19,54875.84,77567.23,61214.18,0.103,0.756,False,False,True,False,False,True,False,False
TREND_DOWN,DOWN_NOV,2025-11-20T13:47:00+00:00,WIN,-0.301,-0.128,-0.04,-0.606,-0.186,52812.87,76210.2,54875.84,0.103,0.756,False,False,True,False,False,True,False,False
TREND_DOWN,DOWN_NOV,2025-11-20T13:48:00+00:00,WIN,-0.33,-0.269,-0.182,-0.722,-0.292,44055.57,67264.42,52812.87,0.0,0.756,False,True,True,False,False,True,False,False
TREND_DOWN,DOWN_NOV,2025-11-20T13:49:00+00:00,WIN,-0.07,-0.237,-0.091,-0.692,-0.18,42997.22,71075.05,44055.57,0.107,0.756,False,False,True,False,False,True,False,False
TREND_DOWN,DOWN_NOV,2025-11-20T13:53:00+00:00,WIN,0.069,-0.014,0.094,-0.523,-0.005,52882.76,57556.89,54346.42,0.286,0.756,False,False,True,False,False,True,False,False
TREND_DOWN,DOWN_NOV,2025-11-20T13:54:00+00:00,WIN,-0.014,-0.054,0.043,-0.556,-0.046,55445.84,59202.72,52882.76,0.245,0.756,False,False,True,False,False,True,False,False
TREND_DOWN,DOWN_NOV,2025-11-20T13:55:00+00:00,WIN,-0.133,-0.116,-0.072,-0.686,-0.134,55275.85,59608.99,55445.84,0.157,0.756,False,False,True,False,False,True,False,False
TREND_DOWN,DOWN_NOV,2025-11-20T13:56:00+00:00,WIN,-0.221,-0.207,-0.127,-0.818,-0.211,54998.88,60458.05,55275.85,0.079,0.756,False,True,True,False,False,True,False,False
TREND_DOWN,DOWN_NOV,2025-11-20T13:57:00+00:00,WIN,-0.163,-0.191,-0.139,-0.779,-0.237,55600.55,63155.26,54998.88,0.052,0.756,False,True,True,False,False,True,False,False
TREND_DOWN,DOWN_NOV,2025-11-20T13:58:00+00:00,WIN,-0.183,-0.289,-0.248,-0.792,-0.312,56661.96,62831.65,55600.55,0.0,0.756,False,True,True,False,False,True,False,False
TREND_DOWN,DOWN_NOV,2025-11-20T13:59:00+00:00,WIN,-0.413,-0.331,-0.298,-0.864,-0.387,52601.24,58762.35,56661.96,0.0,0.756,False,True,True,False,False,True,False,False
TREND_DOWN,DOWN_NOV,2025-11-20T14:00:00+00:00,WIN,-0.971,-0.553,-0.587,-1.042,-0.646,27772.17,32897.27,52601.24,0.0,0.997,False,True,True,False,False,True,False,False
TREND_DOWN,DOWN_NOV,2025-11-20T14:01:00+00:00,WIN,-0.91,-0.461,-0.514,-0.935,-0.535,30924.91,34671.34,27772.17,0.077,0.997,False,True,True,False,False,True,False,False
TREND_DOWN,DOWN_NOV,2025-11-20T14:02:00+00:00,WIN,-0.943,-0.608,-0.616,-1.089,-0.665,18125.45,21917.94,30924.91,0.0,1.058,False,True,True,False,False,True,False,False
TREND_DOWN,DOWN_NOV,2025-11-20T14:03:00+00:00,WIN,-0.971,-0.721,-0.719,-1.136,-0.763,14097.04,18493.09,18125.45,0.0,1.175,False,True,True,False,False,True,False,False
TREND_DOWN,DOWN_NOV,2025-11-20T14:04:00+00:00,WIN,-0.994,-0.749,-0.775,-1.255,-0.829,10132.88,13691.95,14097.04,0.0,1.26,False,True,True,False,False,True,False,False
TREND_DOWN,DOWN_NOV,2025-11-20T14:05:00+00:00,WIN,-0.93,-0.955,-0.778,-1.399,-0.889,-9368.42,9059.31,10132.88,0.0,1.335,False,True,True,False,False,False,False,False
TREND_DOWN,DOWN_NOV,2025-11-20T14:06:00+00:00,WIN,-0.722,-0.717,-0.552,-1.332,-0.667,18956.49,38593.09,-9368.42,0.199,1.335,False,False,True,False,False,True,False,False
TREND_DOWN,DOWN_NOV,2025-11-20T14:07:00+00:00,WIN,-1.32,-1.103,-1.048,-1.719,-1.043,4591.42,24711.29,18956.49,0.0,1.54,False,True,True,False,False,True,False,False
TREND_DOWN,DOWN_NOV,2025-11-20T14:08:00+00:00,WIN,-1.395,-1.099,-1.023,-1.741,-1.056,-4926.29,15607.3,4591.42,0.0,1.575,False,True,True,False,False,False,False,False
TREND_DOWN,DOWN_NOV,2025-11-20T14:09:00+00:00,WIN,-1.589,-1.244,-1.265,-1.931,-1.2,-19273.15,269.42,-4926.29,0.0,1.748,False,True,True,False,False,False,False,True
TREND_DOWN,DOWN_NOV,2025-11-20T14:10:00+00:00,WIN,-1.32,-1.17,-1.13,-1.702,-1.047,-29758.73,-9207.49,-19273.15,0.109,1.748,False,False,True,False,False,False,False,True
TREND_DOWN,DOWN_NOV,2025-11-20T14:11:00+00:00,WIN,-1.159,-1.038,-1.081,-1.526,-0.894,-19621.98,830.35,-29758.73,0.214,1.748,False,False,True,False,False,False,False,True
TREND_DOWN,DOWN_NOV,2025-11-20T14:12:00+00:00,WIN,-1.092,-1.084,-1.058,-1.475,-0.879,-13284.57,5815.75,-19621.98,0.207,1.748,False,False,True,False,False,False,False,True
TREND_DOWN,DOWN_NOV,2025-11-20T14:13:00+00:00,WIN,-1.133,-1.296,-1.05,-1.431,-0.878,-18635.64,5034.13,-13284.57,0.201,1.748,False,False,True,False,False,False,False,True
TREND_DOWN,DOWN_NOV,2025-11-20T14:14:00+00:00,WIN,-0.999,-1.411,-1.139,-1.561,-0.964,-20555.28,17708.13,-18635.64,0.104,1.748,False,False,True,False,False,False,False,True
TREND_DOWN,DOWN_NOV,2025-11-20T14:15:00+00:00,WIN,-0.884,-1.197,-0.917,-1.379,-0.781,-11950.02,30981.16,-20555.28,0.269,1.748,False,False,True,False,False,False,False,True
TREND_DOWN,DOWN_NOV,2025-11-20T14:16:00+00:00,WIN,-1.004,-1.187,-0.988,-1.501,-0.836,-14684.62,27966.41,-11950.02,0.203,1.748,False,False,True,False,False,False,False,True
TREND_DOWN,DOWN_NOV,2025-11-20T14:17:00+00:00,WIN,-0.865,-1.163,-0.834,-1.439,-0.692,-11226.38,35001.63,-14684.62,0.344,1.748,False,False,True,False,False,False,False,True
TREND_DOWN,DOWN_NOV,2025-11-20T14:40:00+00:00,WIN,0.359,-0.966,-0.818,-1.34,-0.517,-44937.84,45744.92,-47580.36,0.468,1.748,False,False,True,False,False,False,False,True
TREND_DOWN,DOWN_NOV,2025-11-20T14:41:00+00:00,WIN,0.095,-1.066,-0.963,-1.499,-0.67,-43007.87,38917.83,-44937.84,0.309,1.748,False,False,True,False,False,False,False,True
TREND_DOWN,DOWN_NOV,2025-11-20T14:42:00+00:00,WIN,0.083,-1.01,-1.034,-1.555,-0.679,-36731.3,40630.83,-43007.87,0.29,1.748,False,False,True,False,False,False,False,True
TREND_DOWN,DOWN_NOV,2025-11-20T14:43:00+00:00,WIN,0.331,-0.806,-0.777,-1.26,-0.431,-36960.1,38927.95,-36731.3,0.533,1.748,False,False,True,False,False,False,False,True
TREND_DOWN,DOWN_NOV,2025-11-20T14:44:00+00:00,WIN,0.352,-0.651,-0.834,-1.354,-0.501,-28506.12,41976.94,-36960.1,0.457,1.748,False,False,True,False,False,False,False,True
TREND_DOWN,DOWN_NOV,2025-11-20T14:45:00+00:00,WIN,0.014,-0.87,-0.987,-1.535,-0.67,-36711.79,27100.96,-28506.12,0.284,1.748,False,False,True,False,False,False,False,True
TREND_DOWN,DOWN_NOV,2025-11-20T14:46:00+00:00,WIN,0.124,-0.881,-0.977,-1.521,-0.618,-33270.85,22437.79,-36711.79,0.328,1.748,False,False,True,False,False,False,False,True
TREND_DOWN,DOWN_NOV,2025-11-20T14:47:00+00:00,WIN,0.213,-0.655,-0.755,-1.284,-0.383,-28452.35,24620.34,-33270.85,0.557,1.748,False,False,True,False,False,False,False,True
TREND_DOWN,DOWN_NOV,2025-11-20T14:48:00+00:00,WIN,-0.376,-0.707,-0.925,-1.371,-0.538,-20304.18,22955.95,-28452.35,0.397,1.748,False,False,True,False,False,False,False,True
TREND_DOWN,DOWN_NOV,2025-11-20T14:49:00+00:00,WIN,-0.46,-1.036,-1.117,-1.621,-0.76,-31958.82,21763.3,-20304.18,0.171,1.748,False,False,True,False,False,False,False,True
TREND_DOWN,DOWN_NOV,2025-11-20T14:50:00+00:00,WIN,-0.554,-1.138,-1.087,-1.471,-0.683,-34525.05,20819.27,-31958.82,0.241,1.748,False,False,True,False,False,False,False,True
TREND_DOWN,DOWN_NOV,2025-11-20T14:51:00+00:00,WIN,-0.328,-1.07,-0.891,-1.258,-0.502,-27023.2,27455.11,-34525.05,0.417,1.748,False,False,True,False,False,False,False,True
TREND_DOWN,DOWN_NOV,2025-11-20T14:52:00+00:00,WIN,-0.467,-1.15,-0.948,-1.327,-0.568,-32755.33,21706.11,-27023.2,0.344,1.748,False,False,True,False,False,False,False,True
TREND_DOWN,DOWN_NOV,2025-11-20T14:53:00+00:00,WIN,-0.311,-1.0,-1.089,-1.306,-0.522,-30645.15,15675.52,-32755.33,0.387,1.748,False,False,True,False,False,False,False,True
TREND_DOWN,DOWN_NOV,2025-11-20T14:54:00+00:00,WIN,-0.336,-0.906,-1.069,-1.222,-0.465,-32765.5,10460.86,-30645.15,0.441,1.748,False,False,True,False,False,False,False,True
TREND_DOWN,DOWN_NOV,2025-11-20T15:02:00+00:00,WIN,-0.722,-0.432,-1.155,-1.345,-0.639,-1538.53,10866.69,-12565.2,0.247,1.748,False,False,True,False,False,False,False,True
TREND_DOWN,DOWN_NOV,2025-11-20T15:06:00+00:00,WIN,-0.939,-0.684,-1.523,-1.601,-0.954,-43392.7,-17434.46,8087.21,0.0,1.83,False,True,True,False,False,False,True,False
TREND_DOWN,DOWN_NOV,2025-11-20T15:07:00+00:00,WIN,-0.656,0.025,-1.235,-1.336,-0.622,-16372.83,-4679.34,-43392.7,0.31,1.83,False,False,True,False,False,True,False,True
TREND_DOWN,DOWN_NOV,2025-11-20T15:08:00+00:00,WIN,-0.661,-0.014,-1.277,-1.408,-0.684,-4589.91,-2535.11,-16372.83,0.237,1.83,False,False,True,False,False,False,False,True
TREND_DOWN,DOWN_NOV,2025-11-20T15:09:00+00:00,WIN,-0.534,0.086,-1.356,-1.5,-0.748,-1499.41,-12761.9,-4589.91,0.167,1.83,False,False,True,False,False,True,False,True
TREND_DOWN,DOWN_NOV,2025-11-20T15:10:00+00:00,WIN,-0.362,-0.005,-1.387,-1.49,-0.722,6512.61,-14360.74,-1499.41,0.185,1.83,False,False,True,False,False,True,False,False
TREND_DOWN,DOWN_NOV,2025-11-20T15:11:00+00:00,WIN,-0.303,-0.209,-1.465,-1.623,-0.818,-7537.37,-15171.88,6512.61,0.085,1.83,False,True,True,False,False,False,True,False
TREND_DOWN,DOWN_NOV,2025-11-20T15:12:00+00:00,WIN,-0.389,-0.307,-1.552,-1.721,-0.917,-16501.38,-18286.36,-7537.37,0.0,1.85,False,True,True,False,False,False,True,True
TREND_DOWN,DOWN_NOV,2025-11-20T15:13:00+00:00,WIN,-0.725,-0.396,-1.459,-1.788,-1.008,-43969.1,-43293.56,-16501.38,0.0,1.948,False,True,True,False,False,False,True,True
TREND_DOWN,DOWN_NOV,2025-11-20T15:14:00+00:00,WIN,-0.69,-0.34,-1.405,-1.838,-1.029,-56619.43,-39414.05,-43969.1,0.0,1.988,False,True,True,False,False,False,True,True
TREND_DOWN,DOWN_NOV,2025-11-20T15:15:00+00:00,WIN,-0.618,-0.604,-1.536,-1.871,-1.122,-72325.96,-46444.43,-56619.43,0.0,2.091,False,True,True,False,False,False,True,True
TREND_DOWN,DOWN_NOV,2025-11-20T15:16:00+00:00,WIN,-0.624,-0.5,-1.55,-1.901,-1.075,-62423.99,-40687.55,-72325.96,0.038,2.091,False,True,True,False,False,False,True,True
TREND_DOWN,DOWN_NOV,2025-11-20T15:17:00+00:00,WIN,-0.747,-0.536,-1.463,-1.775,-0.966,-66499.72,-37820.68,-62423.99,0.142,2.091,False,False,True,False,False,False,False,True
TREND_DOWN,DOWN_NOV,2025-11-20T15:18:00+00:00,WIN,-0.515,-0.89,-1.486,-1.569,-0.887,-84688.35,-37901.65,-66499.72,0.216,2.091,False,False,True,False,False,False,False,True
TREND_DOWN,DOWN_NOV,2025-11-20T15:19:00+00:00,WIN,-0.246,-0.704,-1.388,-1.515,-0.836,-78616.18,-42761.24,-84688.35,0.262,2.091,False,False,True,False,False,False,False,True
TREND_DOWN,DOWN_NOV,2025-11-20T15:20:00+00:00,WIN,-0.25,-0.803,-1.302,-1.485,-0.768,-90969.39,-41745.19,-78616.18,0.327,2.091,False,False,True,False,False,False,False,True
TREND_DOWN,DOWN_NOV,2025-11-20T15:22:00+00:00,WIN,-0.349,-0.815,-1.302,-1.41,-0.758,-86946.67,-37072.3,-90608.55,0.331,2.091,False,False,True,False,False,False,False,True
TREND_DOWN,DOWN_NOV,2025-11-20T15:30:00+00:00,WIN,-0.658,-1.12,-1.454,-1.55,-0.974,-114937.58,-54366.34,-94579.02,0.093,2.091,False,True,True,False,False,False,True,False
TREND_DOWN,DOWN_NOV,2025-11-20T15:33:00+00:00,WIN,-0.659,-1.01,-1.658,-1.717,-0.998,-134229.93,-78231.49,-136032.81,0.042,2.091,False,True,True,False,False,False,True,True
TREND_DOWN,DOWN_NOV,2025-11-20T15:34:00+00:00,WIN,-0.687,-1.095,-1.707,-1.762,-1.039,-134369.5,-78922.58,-134229.93,0.0,2.094,False,True,True,False,False,False,True,True
TREND_DOWN,DOWN_NOV,2025-11-20T15:35:00+00:00,WIN,-0.499,-1.149,-1.613,-1.673,-0.928,-130144.85,-75572.11,-134369.5,0.105,2.094,False,False,True,False,False,False,False,True
TREND_DOWN,DOWN_NOV,2025-11-20T15:38:00+00:00,WIN,-0.126,-0.786,-1.359,-1.327,-0.651,-126246.16,-74056.58,-126719.72,0.37,2.094,False,False,True,False,False,False,False,True
TREND_DOWN,DOWN_NOV,2025-11-20T15:39:00+00:00,WIN,-0.176,-0.71,-1.507,-1.444,-0.769,-116797.31,-76901.07,-126246.16,0.249,2.094,False,False,True,False,False,False,False,True
TREND_DOWN,DOWN_NOV,2025-11-20T15:40:00+00:00,WIN,-0.355,-0.716,-1.588,-1.502,-0.924,-111176.3,-76541.1,-116797.31,0.088,2.094,False,True,True,False,False,False,True,True
TREND_DOWN,DOWN_NOV,2025-11-20T15:41:00+00:00,WIN,-0.209,-0.512,-1.497,-1.459,-0.876,-103849.24,-74691.13,-111176.3,0.134,2.094,False,False,True,False,False,False,False,True
TREND_DOWN,DOWN_NOV,2025-11-20T15:42:00+00:00,WIN,-0.087,-0.476,-1.39,-1.416,-0.856,-105182.98,-69534.7,-103849.24,0.153,2.094,False,False,True,False,False,False,False,True
TREND_DOWN,DOWN_NOV,2025-11-20T15:43:00+00:00,WIN,0.119,-0.607,-1.313,-1.328,-0.745,-107808.72,-67488.31,-105182.98,0.262,2.094,False,False,True,False,False,False,False,True
TREND_DOWN,DOWN_NOV,2025-11-20T15:53:00+00:00,WIN,-0.603,-0.818,-1.823,-1.744,-1.065,-91478.68,-69241.07,-89561.11,0.044,2.236,False,True,True,False,False,False,True,True
TREND_DOWN,DOWN_NOV,2025-11-20T15:54:00+00:00,WIN,-0.654,-0.907,-1.858,-1.778,-1.095,-89608.55,-66928.21,-91478.68,0.008,2.236,False,True,True,False,False,False,True,True
TREND_DOWN,DOWN_NOV,2025-11-20T15:57:00+00:00,WIN,-0.417,-1.018,-1.798,-1.811,-1.078,-89599.61,-67795.44,-97194.8,0.131,2.357,False,False,True,False,False,False,False,True
TREND_DOWN,DOWN_NOV,2025-11-20T15:58:00+00:00,WIN,-0.706,-1.197,-2.017,-2.046,-1.27,-100740.68,-77183.68,-89599.61,0.0,2.429,False,True,True,False,False,False,True,True
TREND_DOWN,DOWN_NOV,2025-11-20T15:59:00+00:00,WIN,-0.849,-1.375,-2.154,-2.233,-1.429,-102634.56,-80049.72,-100740.68,0.0,2.607,False,True,True,False,False,False,True,True
TREND_DOWN,DOWN_NOV,2025-11-20T16:00:00+00:00,WIN,-0.632,-1.286,-2.15,-2.324,-1.436,-95421.11,-77158.96,-102634.56,0.0,2.645,False,True,True,False,False,False,True,True
TREND_DOWN,DOWN_NOV,2025-11-20T16:01:00+00:00,WIN,-0.732,-1.216,-2.109,-2.308,-1.399,-94888.19,-76528.48,-95421.11,0.026,2.645,False,True,True,False,False,False,True,True
TREND_DOWN,DOWN_NOV,2025-11-20T16:02:00+00:00,WIN,-0.864,-1.222,-2.247,-2.467,-1.514,-93354.87,-76767.95,-94888.19,0.0,2.752,False,True,True,False,False,False,True,True
TREND_DOWN,DOWN_NOV,2025-11-20T16:03:00+00:00,WIN,-0.876,-1.53,-2.432,-2.49,-1.692,-127274.22,-110505.2,-93354.87,0.0,2.949,False,True,True,False,False,False,True,True
TREND_DOWN,DOWN_NOV,2025-11-20T16:04:00+00:00,WIN,-1.035,-1.715,-2.579,-2.691,-1.856,-186561.92,-175652.7,-127274.22,0.0,3.162,False,True,True,False,False,False,True,True
TREND_DOWN,DOWN_NOV,2025-11-20T16:05:00+00:00,WIN,-1.436,-1.928,-3.001,-2.926,-2.07,-239413.28,-240694.49,-186561.92,0.0,3.473,False,True,True,False,False,False,True,True
TREND_DOWN,DOWN_NOV,2025-11-20T16:06:00+00:00,WIN,-1.466,-1.49,-2.864,-2.772,-1.847,-199075.51,-223511.72,-239413.28,0.1,3.473,False,True,True,False,False,False,True,True
TREND_DOWN,DOWN_NOV,2025-11-20T16:07:00+00:00,WIN,-1.888,-2.064,-3.119,-3.029,-2.087,-222150.81,-233932.22,-199075.51,0.0,3.654,False,True,True,False,False,False,True,True
TREND_DOWN,DOWN_NOV,2025-11-20T16:08:00+00:00,WIN,-1.746,-1.869,-2.961,-2.956,-1.925,-211520.45,-221036.65,-222150.81,0.126,3.654,False,False,True,False,False,False,False,True
TREND_DOWN,DOWN_NOV,2025-11-20T16:09:00+00:00,WIN,-1.755,-1.928,-3.065,-2.991,-2.03,-198855.9,-219628.46,-211520.45,0.0,3.659,False,True,True,False,False,False,True,True
TREND_DOWN,DOWN_NOV,2025-11-20T16:10:00+00:00,WIN,-1.589,-1.939,-3.091,-2.934,-2.007,-204304.43,-227550.55,-198855.9,0.008,3.659,False,True,True,False,False,False,True,True
TREND_DOWN,DOWN_NOV,2025-11-20T16:11:00+00:00,WIN,-1.886,-2.091,-3.31,-3.169,-2.233,-211255.47,-238414.82,-204304.43,0.0,3.916,False,True,True,False,False,False,True,True
TREND_DOWN,DOWN_NOV,2025-11-20T16:12:00+00:00,WIN,-2.038,-2.122,-3.481,-3.352,-2.334,-268888.02,-298673.97,-211255.47,0.0,4.058,False,True,True,False,False,False,True,True
TREND_DOWN,DOWN_NOV,2025-11-20T16:13:00+00:00,WIN,-1.894,-1.777,-3.434,-3.083,-1.999,-230326.21,-292930.95,-268888.02,0.257,4.058,False,False,True,False,False,False,False,True
TREND_DOWN,DOWN_NOV,2025-11-20T16:14:00+00:00,WIN,-2.089,-1.877,-3.591,-3.205,-2.12,-223498.95,-300673.66,-230326.21,0.114,4.058,False,False,True,False,False,False,False,True
TREND_DOWN,DOWN_NOV,2025-11-20T16:15:00+00:00,WIN,-2.011,-1.763,-3.525,-3.182,-2.076,-213226.84,-297502.82,-223498.95,0.13,4.058,False,False,True,False,False,False,False,True
TREND_DOWN,DOWN_NOV,2025-11-20T16:16:00+00:00,WIN,-1.989,-1.858,-3.508,-3.332,-2.097,-215765.88,-292874.49,-213226.84,0.072,4.058,False,True,True,False,False,False,True,True
TREND_DOWN,DOWN_NOV,2025-11-20T16:17:00+00:00,WIN,-1.885,-1.923,-3.583,-3.27,-2.043,-215193.67,-292919.77,-215765.88,0.11,4.058,False,False,True,False,False,False,False,True
TREND_DOWN,DOWN_NOV,2025-11-20T16:18:00+00:00,WIN,-1.871,-2.065,-3.578,-3.407,-2.097,-205413.18,-270129.47,-215193.67,0.039,4.058,False,True,True,False,False,False,True,True
TREND_DOWN,DOWN_NOV,2025-11-20T16:19:00+00:00,WIN,-1.862,-2.019,-3.341,-3.348,-1.985,-199623.81,-257798.11,-205413.18,0.131,4.058,False,False,True,False,False,False,False,True
TREND_DOWN,DOWN_NOV,2025-11-20T16:20:00+00:00,WIN,-1.86,-2.172,-3.431,-3.5,-2.056,-198701.53,-257026.67,-199623.81,0.04,4.058,False,True,True,False,False,False,True,True
TREND_DOWN,DOWN_NOV,2025-11-20T16:21:00+00:00,WIN,-1.747,-2.194,-3.503,-3.499,-2.079,-198979.32,-257774.39,-198701.53,0.004,4.058,False,True,True,False,False,False,True,True
TREND_DOWN,DOWN_NOV,2025-11-20T16:22:00+00:00,WIN,-2.111,-2.572,-3.903,-3.8,-2.428,-249038.3,-304500.11,-198979.32,0.0,4.44,False,True,True,False,False,False,True,True
TREND_DOWN,DOWN_NOV,2025-11-20T16:23:00+00:00,WIN,-1.908,-2.499,-3.616,-3.589,-2.132,-240643.4,-283360.26,-249038.3,0.25,4.44,False,False,True,False,False,False,False,True
TREND_DOWN,DOWN_NOV,2025-11-20T16:24:00+00:00,WIN,-1.695,-2.337,-3.483,-3.413,-1.924,-226756.93,-273364.87,-240643.4,0.432,4.44,False,False,True,False,False,False,False,True
TREND_DOWN,DOWN_NOV,2025-11-20T16:25:00+00:00,WIN,-1.471,-2.072,-3.326,-3.327,-1.717,-207330.61,-250387.86,-226756.93,0.625,4.44,False,False,False,False,False,False,False,False
TREND_DOWN,DOWN_NOV,2025-11-20T16:43:00+00:00,WIN,-0.589,-2.471,-3.845,-3.828,-1.905,-164789.83,-309558.65,-170033.29,0.22,4.394,False,False,True,False,False,False,False,True
TREND_DOWN,DOWN_NOV,2025-11-20T16:44:00+00:00,WIN,-0.545,-2.623,-3.716,-3.909,-1.987,-160616.02,-295287.47,-164789.83,0.122,4.394,False,False,True,False,False,False,False,True
TREND_DOWN,DOWN_NOV,2025-11-20T16:46:00+00:00,WIN,-0.623,-2.599,-3.931,-4.0,-2.06,-154102.76,-285865.54,-154974.68,0.001,4.394,False,True,True,False,False,False,True,True
TREND_DOWN,DOWN_NOV,2025-11-20T16:47:00+00:00,WIN,-0.549,-2.423,-3.823,-3.862,-1.936,-208936.75,-339559.91,-154102.76,0.113,4.394,False,False,True,False,False,False,False,True
TREND_DOWN,DOWN_NOV,2025-11-20T16:48:00+00:00,WIN,-0.483,-2.345,-3.726,-3.901,-1.89,-207407.38,-326898.55,-208936.75,0.108,4.394,False,False,True,False,False,False,False,True
TREND_DOWN,DOWN_NOV,2025-11-20T16:49:00+00:00,WIN,-0.763,-2.61,-4.011,-4.098,-2.048,-211417.83,-332133.34,-207407.38,0.0,4.479,False,True,True,False,False,False,True,True
TREND_DOWN,DOWN_NOV,2025-11-20T16:50:00+00:00,WIN,-0.508,-2.358,-4.017,-3.964,-1.869,-191160.54,-315378.42,-211417.83,0.166,4.479,False,False,True,False,False,False,False,True
TREND_DOWN,DOWN_NOV,2025-11-20T16:52:00+00:00,WIN,-0.171,-2.278,-4.193,-4.033,-1.889,-183644.78,-305961.22,-182687.14,0.098,4.479,False,True,True,False,False,False,True,True
TREND_DOWN,DOWN_NOV,2025-11-20T16:53:00+00:00,WIN,-0.377,-2.278,-4.047,-3.956,-1.829,-184028.29,-306152.12,-183644.78,0.141,4.364,False,False,True,False,False,False,False,True
TREND_DOWN,DOWN_NOV,2025-11-20T16:54:00+00:00,WIN,-0.826,-2.506,-4.267,-4.226,-2.086,-193702.65,-316076.7,-184028.29,0.0,4.457,False,True,True,False,False,False,True,True
TREND_DOWN,DOWN_NOV,2025-11-20T16:55:00+00:00,WIN,-1.009,-2.466,-4.175,-4.244,-2.059,-202547.51,-326399.5,-193702.65,0.007,4.364,False,True,True,False,False,False,True,True
TREND_DOWN,DOWN_NOV,2025-11-20T16:56:00+00:00,TIMEOUT,-1.105,-2.499,-4.22,-4.341,-2.16,-204859.32,-330738.76,-202547.51,0.0,4.406,False,True,True,False,False,False,True,True
TREND_DOWN,DOWN_NOV,2025-11-20T16:57:00+00:00,TIMEOUT,-1.359,-2.708,-4.275,-4.408,-2.227,-214617.98,-338013.97,-204859.32,0.0,4.466,False,True,True,False,False,False,True,True
TREND_DOWN,DOWN_NOV,2025-11-20T16:58:00+00:00,TIMEOUT,-1.202,-2.472,-4.163,-4.4,-2.153,-195314.71,-329160.35,-214617.98,0.041,4.386,False,True,True,False,False,False,True,True
TREND_DOWN,DOWN_NOV,2025-11-20T16:59:00+00:00,TIMEOUT,-0.929,-2.213,-4.002,-4.288,-2.041,-220370.64,-353021.6,-195314.71,0.132,4.366,False,False,True,False,False,False,False,True
TREND_DOWN,DOWN_NOV,2025-11-20T17:00:00+00:00,TIMEOUT,-1.08,-2.203,-3.773,-4.338,-2.023,-214452.55,-319383.68,-220370.64,0.106,4.366,False,False,True,False,False,False,False,True
TREND_DOWN,DOWN_NOV,2025-11-20T17:02:00+00:00,TIMEOUT,-1.004,-2.262,-3.874,-4.466,-2.118,-221745.97,-316639.37,-209863.11,0.0,4.428,False,True,True,False,False,False,True,True
TREND_DOWN,DOWN_NOV,2025-11-20T17:03:00+00:00,TIMEOUT,-1.127,-2.103,-3.79,-4.483,-2.122,-183999.48,-308601.72,-221745.97,0.0,4.458,False,True,True,False,False,False,True,True
TREND_DOWN,DOWN_NOV,2025-11-20T17:04:00+00:00,TIMEOUT,-1.057,-1.932,-3.74,-4.486,-2.132,-128839.15,-314624.73,-183999.48,0.0,4.491,False,True,True,False,False,False,True,True
TREND_DOWN,DOWN_NOV,2025-11-20T17:05:00+00:00,TIMEOUT,-1.132,-1.823,-3.852,-4.6,-2.299,-79733.65,-311059.72,-128839.15,0.0,4.691,False,True,True,False,False,False,True,True
TREND_DOWN,DOWN_NOV,2025-11-20T17:06:00+00:00,TIMEOUT,-1.211,-2.033,-4.152,-4.681,-2.38,-106957.33,-349425.54,-79733.65,0.0,4.809,False,True,True,False,False,False,True,True
TREND_DOWN,DOWN_NOV,2025-11-20T17:07:00+00:00,TIMEOUT,-1.233,-1.808,-3.81,-4.818,-2.379,-140280.47,-378804.11,-106957.33,0.0,4.857,False,True,True,False,False,False,True,True
TREND_DOWN,DOWN_NOV,2025-11-20T17:08:00+00:00,TIMEOUT,-0.83,-1.68,-3.531,-4.517,-2.063,-134369.05,-350479.41,-140280.47,0.256,4.857,False,False,True,False,False,False,False,True
TREND_DOWN,DOWN_NOV,2025-11-20T17:09:00+00:00,TIMEOUT,-1.308,-1.8,-3.611,-4.831,-2.283,-140812.99,-341168.3,-134369.05,0.002,4.857,False,True,True,False,False,False,True,True
TREND_DOWN,DOWN_NOV,2025-11-20T17:10:00+00:00,TIMEOUT,-1.147,-1.896,-3.802,-4.889,-2.34,-137543.4,-335335.22,-140812.99,0.0,4.948,False,True,True,False,False,False,True,True
TREND_DOWN,DOWN_NOV,2025-11-20T17:11:00+00:00,TIMEOUT,-1.392,-1.972,-4.223,-5.258,-2.631,-174639.96,-393432.8,-137543.4,0.0,5.299,False,True,True,False,False,False,True,True
TREND_DOWN,DOWN_NOV,2025-11-20T17:12:00+00:00,TIMEOUT,-1.16,-1.706,-4.087,-5.102,-2.437,-107722.73,-393112.13,-174639.96,0.135,5.299,False,False,True,False,False,False,False,True
TREND_DOWN,DOWN_NOV,2025-11-20T17:13:00+00:00,LOSS,-1.721,-2.3,-4.416,-5.419,-2.743,-135781.49,-410076.8,-107722.73,0.0,5.526,False,True,True,False,False,False,True,True
TREND_DOWN,DOWN_NOV,2025-11-20T17:14:00+00:00,TIMEOUT,-1.328,-1.865,-4.035,-5.128,-2.406,-130963.36,-411081.74,-135781.49,0.302,5.526,False,False,True,False,False,False,False,True
TREND_DOWN,DOWN_NOV,2025-11-20T17:15:00+00:00,TIMEOUT,-1.275,-1.801,-4.115,-4.994,-2.293,-129393.91,-414946.71,-130963.36,0.383,5.526,False,False,True,False,False,False,False,True
TREND_DOWN,DOWN_NOV,2025-11-20T17:16:00+00:00,TIMEOUT,-1.267,-1.882,-4.187,-5.133,-2.409,-121509.06,-399698.93,-129393.91,0.242,5.526,False,False,True,False,False,False,False,True
TREND_DOWN,DOWN_NOV,2025-11-20T17:17:00+00:00,LOSS,-1.493,-2.034,-4.432,-5.229,-2.504,-122391.49,-404084.88,-121509.06,0.126,5.526,False,False,True,False,False,False,False,True
TREND_DOWN,DOWN_NOV,2025-11-20T17:18:00+00:00,TIMEOUT,-1.345,-1.821,-4.704,-5.11,-2.346,-129860.0,-419961.53,-122391.49,0.271,5.526,False,False,True,False,False,False,False,True
TREND_DOWN,DOWN_NOV,2025-11-20T17:19:00+00:00,TIMEOUT,-1.241,-1.994,-4.649,-5.283,-2.392,-131227.06,-409467.05,-129860.0,0.187,5.526,False,False,True,False,False,False,False,True
TREND_DOWN,DOWN_NOV,2025-11-20T17:20:00+00:00,TIMEOUT,-1.386,-1.887,-4.788,-5.267,-2.356,-130583.38,-420254.3,-131227.06,0.206,5.526,False,False,True,False,False,False,False,True
TREND_DOWN,DOWN_NOV,2025-11-20T17:21:00+00:00,TIMEOUT,-1.299,-1.559,-4.455,-4.968,-2.031,-125209.12,-414796.99,-130583.38,0.504,5.526,False,False,True,False,False,False,False,True
TREND_DOWN,DOWN_NOV,2025-11-20T17:22:00+00:00,TIMEOUT,-1.099,-1.268,-4.592,-4.985,-2.078,-82273.8,-418258.77,-125209.12,0.428,5.526,False,False,True,False,False,False,False,True
TREND_DOWN,DOWN_NOV,2025-11-20T17:23:00+00:00,TIMEOUT,-1.069,-1.443,-4.413,-4.83,-1.984,-93342.8,-418365.38,-82273.8,0.502,5.526,False,False,True,False,False,False,False,True
TREND_DOWN,DOWN_NOV,2025-11-20T17:24:00+00:00,TIMEOUT,-0.988,-1.805,-4.667,-4.989,-2.152,-109065.2,-423046.89,-93342.8,0.314,5.526,False,False,True,False,False,False,False,True
TREND_DOWN,DOWN_NOV,2025-11-20T17:25:00+00:00,LOSS,-1.182,-2.179,-4.807,-5.149,-2.326,-131182.96,-425567.26,-109065.2,0.124,5.526,False,False,True,False,False,False,False,True
TREND_DOWN,DOWN_NOV,2025-11-20T17:33:00+00:00,LOSS,-0.949,-2.064,-4.852,-5.232,-2.239,-175878.02,-447569.93,-171887.07,0.063,5.376,False,True,True,False,False,False,True,True
TREND_DOWN,DOWN_NOV,2025-11-20T17:34:00+00:00,LOSS,-0.961,-2.008,-4.933,-5.257,-2.257,-175460.91,-446849.13,-175878.02,0.019,5.376,False,True,True,False,False,False,True,True
TREND_DOWN,DOWN_NOV,2025-11-20T17:35:00+00:00,LOSS,-0.913,-2.035,-5.219,-5.504,-2.376,-211820.77,-484288.33,-175460.91,0.0,5.506,False,True,True,False,False,False,True,True
TREND_DOWN,DOWN_NOV,2025-11-20T17:36:00+00:00,LOSS,-0.91,-2.111,-5.269,-5.58,-2.41,-210396.46,-486537.71,-211820.77,0.0,5.587,False,True,True,False,False,False,True,True
TREND_DOWN,DOWN_NOV,2025-11-20T17:37:00+00:00,LOSS,-0.854,-2.077,-5.282,-5.573,-2.376,-211381.45,-484170.37,-210396.46,0.01,5.587,False,True,True,False,False,False,True,True
TREND_DOWN,DOWN_NOV,2025-11-20T17:38:00+00:00,TIMEOUT,-0.745,-1.569,-4.87,-5.225,-1.997,-192769.52,-473338.34,-211381.45,0.377,5.515,False,False,True,False,False,False,False,True
TREND_DOWN,DOWN_NOV,2025-11-20T17:39:00+00:00,LOSS,-0.501,-1.803,-4.689,-5.301,-1.987,-202091.95,-461772.1,-192769.52,0.369,5.355,False,False,True,False,False,False,False,True
TREND_DOWN,DOWN_NOV,2025-11-20T17:41:00+00:00,LOSS,-0.155,-1.546,-4.462,-5.382,-2.023,-189431.28,-450136.14,-203797.37,0.293,5.355,False,False,True,False,False,False,False,True
TREND_DOWN,DOWN_NOV,2025-11-20T17:42:00+00:00,LOSS,-0.369,-1.524,-4.52,-5.507,-2.078,-180508.0,-455724.27,-189431.28,0.214,5.355,False,False,True,False,False,False,False,True
TREND_DOWN,DOWN_NOV,2025-11-20T17:43:00+00:00,LOSS,-0.062,-1.782,-4.791,-5.53,-2.107,-185576.48,-458175.03,-180508.0,0.171,5.355,False,False,True,False,False,False,False,True
TREND_DOWN,DOWN_NOV,2025-11-20T17:44:00+00:00,LOSS,-0.35,-1.674,-4.707,-5.502,-2.084,-188778.83,-455560.18,-185576.48,0.184,5.355,False,False,True,False,False,False,False,True
TREND_DOWN,DOWN_NOV,2025-11-20T17:45:00+00:00,LOSS,-0.507,-1.776,-4.616,-5.558,-2.15,-188992.29,-443334.35,-188778.83,0.107,5.355,False,False,True,False,False,False,False,True
TREND_DOWN,DOWN_NOV,2025-11-20T17:46:00+00:00,LOSS,-0.296,-1.559,-4.589,-5.521,-2.06,-190158.98,-442753.67,-188992.29,0.179,5.355,False,False,True,False,False,False,False,True
TREND_DOWN,DOWN_NOV,2025-11-20T17:47:00+00:00,LOSS,-0.197,-1.687,-4.823,-5.541,-2.06,-135269.99,-446377.55,-190158.98,0.162,5.355,False,False,True,False,False,False,False,True
TREND_DOWN,DOWN_NOV,2025-11-20T18:23:00+00:00,TIMEOUT,0.305,-0.105,-4.007,-5.089,-1.165,-22034.51,-356020.71,-14270.93,0.631,4.847,False,False,False,True,False,False,False,False
TREND_DOWN,DOWN_NOV,2025-11-20T18:24:00+00:00,TIMEOUT,0.003,-0.142,-4.236,-5.287,-1.374,-22835.27,-358657.4,-22034.51,0.406,4.847,False,False,True,False,False,False,False,True
TREND_DOWN,DOWN_NOV,2025-11-20T18:25:00+00:00,TIMEOUT,-0.174,0.119,-4.092,-5.145,-1.297,-18369.53,-356883.1,-22835.27,0.477,4.786,False,False,True,False,False,True,False,True
TREND_DOWN,DOWN_NOV,2025-11-20T18:26:00+00:00,TIMEOUT,-0.236,-0.114,-4.168,-5.183,-1.345,-16273.8,-353425.81,-18369.53,0.418,4.786,False,False,True,False,False,False,False,True
TREND_DOWN,DOWN_NOV,2025-11-20T18:27:00+00:00,TIMEOUT,-0.299,-0.1,-4.028,-5.254,-1.367,-9532.91,-351659.9,-16273.8,0.39,4.706,False,False,True,False,False,False,False,True
TREND_DOWN,DOWN_NOV,2025-11-20T18:28:00+00:00,TIMEOUT,-0.302,-0.169,-4.109,-5.255,-1.354,-663.97,-342205.96,-9532.91,0.396,4.706,False,False,True,False,False,False,False,True
TREND_DOWN,DOWN_NOV,2025-11-20T18:29:00+00:00,TIMEOUT,-0.307,-0.199,-4.056,-5.218,-1.324,-4822.62,-342738.2,-663.97,0.42,4.706,False,False,True,False,False,False,False,True
TREND_DOWN,DOWN_NOV,2025-11-20T18:30:00+00:00,TIMEOUT,-0.108,-0.449,-3.83,-5.229,-1.338,-10401.52,-325012.76,-4822.62,0.401,4.706,False,False,True,False,False,False,False,True
TREND_DOWN,DOWN_NOV,2025-11-20T18:31:00+00:00,TIMEOUT,-0.045,-0.053,-3.929,-5.226,-1.298,-8610.53,-305033.39,-10401.52,0.425,4.706,False,False,True,False,False,False,False,True
TREND_DOWN,DOWN_NOV,2025-11-20T18:32:00+00:00,LOSS,-0.253,-0.084,-4.091,-5.457,-1.441,4866.24,-307654.1,-8610.53,0.258,4.706,False,False,True,False,False,True,False,False
TREND_DOWN,DOWN_NOV,2025-11-20T18:33:00+00:00,LOSS,-0.408,-0.108,-3.985,-5.577,-1.502,-5724.43,-319064.43,4866.24,0.189,4.706,False,False,True,False,False,False,False,False
TREND_DOWN,DOWN_NOV,2025-11-20T18:34:00+00:00,TIMEOUT,-0.211,0.148,-3.738,-5.381,-1.277,-1921.88,-314401.51,-5724.43,0.401,4.706,False,False,True,False,False,True,False,True
TREND_DOWN,DOWN_NOV,2025-11-20T18:35:00+00:00,LOSS,-0.361,0.217,-3.91,-5.46,-1.339,37197.89,-316945.59,-1921.88,0.327,4.706,False,False,True,False,False,True,False,False
TREND_DOWN,DOWN_NOV,2025-11-20T18:36:00+00:00,LOSS,-0.79,0.198,-4.157,-5.591,-1.453,34048.93,-323946.36,37197.89,0.198,4.706,False,False,True,False,False,True,False,False
TREND_DOWN,DOWN_NOV,2025-11-20T18:37:00+00:00,LOSS,-0.556,0.199,-4.294,-5.549,-1.435,32676.11,-324774.54,34048.93,0.199,4.706,False,False,True,False,False,True,False,False
TREND_DOWN,DOWN_NOV,2025-11-20T18:38:00+00:00,LOSS,-0.717,-0.177,-4.286,-5.587,-1.436,17981.96,-329110.22,32676.11,0.092,4.686,False,True,True,False,False,True,True,False
TREND_DOWN,DOWN_NOV,2025-11-20T18:39:00+00:00,LOSS,-0.871,-0.223,-4.222,-5.666,-1.481,18856.0,-326118.79,17981.96,0.038,4.634,False,True,True,False,False,True,True,False
TREND_DOWN,DOWN_NOV,2025-11-20T18:40:00+00:00,LOSS,-0.809,-0.211,-4.107,-5.63,-1.511,18161.73,-328471.83,18856.0,0.0,4.634,False,True,True,False,False,True,True,False
TREND_DOWN,DOWN_NOV,2025-11-20T18:41:00+00:00,LOSS,-0.869,-0.132,-4.098,-5.533,-1.451,11720.16,-334566.74,18161.73,0.055,4.634,False,True,True,False,False,True,True,False
TREND_DOWN,DOWN_NOV,2025-11-20T18:42:00+00:00,LOSS,-0.92,-0.022,-4.084,-5.418,-1.412,11923.03,-338618.26,11720.16,0.088,4.634,False,True,True,False,False,True,True,False
TREND_DOWN,DOWN_NOV,2025-11-20T18:43:00+00:00,LOSS,-0.97,0.001,-4.208,-5.466,-1.426,10236.94,-340129.37,11923.03,0.068,4.634,False,False,True,False,False,True,False,False
TREND_DOWN,DOWN_NOV,2025-11-20T18:44:00+00:00,LOSS,-1.045,0.027,-4.227,-5.448,-1.384,8639.1,-340755.75,10236.94,0.106,4.634,False,False,True,False,False,True,False,False
TREND_DOWN,DOWN_NOV,2025-11-20T18:45:00+00:00,LOSS,-1.042,0.013,-4.252,-5.545,-1.47,6843.17,-337123.8,8639.1,0.015,4.566,False,False,True,False,False,True,False,False
TREND_DOWN,DOWN_NOV,2025-11-20T18:46:00+00:00,LOSS,-0.896,-0.075,-4.19,-5.616,-1.477,9921.81,-334339.93,6843.17,0.0,4.482,False,True,True,False,False,True,True,False
TREND_DOWN,DOWN_NOV,2025-11-20T18:47:00+00:00,LOSS,-0.892,-0.056,-4.123,-5.62,-1.472,9221.97,-334984.77,9921.81,0.002,4.411,False,True,True,False,False,True,True,False
TREND_DOWN,DOWN_NOV,2025-11-20T18:48:00+00:00,LOSS,-0.71,-0.205,-4.1,-5.71,-1.528,-3180.3,-348379.25,9221.97,0.0,4.408,False,True,True,False,False,False,True,False
TREND_DOWN,DOWN_NOV,2025-11-20T18:49:00+00:00,LOSS,-0.75,-0.072,-4.133,-5.735,-1.47,-192.34,-347995.42,-3180.3,0.048,4.408,False,True,True,False,False,False,True,True
TREND_DOWN,DOWN_NOV,2025-11-20T18:50:00+00:00,LOSS,-0.908,-0.452,-4.178,-5.827,-1.603,-2055.49,-353067.81,-192.34,0.0,4.36,False,True,True,False,False,False,True,True
TREND_DOWN,DOWN_NOV,2025-11-20T18:51:00+00:00,LOSS,-0.726,-0.543,-4.05,-5.776,-1.612,-16157.01,-353111.75,-2055.49,0.0,4.267,False,True,True,False,False,False,True,True
TREND_DOWN,DOWN_NOV,2025-11-20T18:52:00+00:00,LOSS,-0.809,-0.623,-4.106,-5.872,-1.656,-23896.13,-360434.51,-16157.01,0.0,4.326,False,True,True,False,False,False,True,True
TREND_DOWN,DOWN_NOV,2025-11-20T18:53:00+00:00,LOSS,-0.924,-0.622,-4.317,-6.062,-1.818,-32146.26,-363524.72,-23896.13,0.0,4.512,False,True,True,False,False,False,True,True
TREND_DOWN,DOWN_NOV,2025-11-20T18:54:00+00:00,LOSS,-0.583,-0.58,-4.168,-5.948,-1.681,-30656.5,-362324.98,-32146.26,0.12,4.48,False,False,True,False,False,False,False,True
TREND_DOWN,DOWN_NOV,2025-11-20T18:55:00+00:00,LOSS,-0.681,-0.854,-4.16,-5.949,-1.701,-52746.51,-376334.32,-30656.5,0.093,4.48,False,True,True,False,False,False,True,True
TREND_DOWN,DOWN_NOV,2025-11-20T18:56:00+00:00,LOSS,-0.641,-0.875,-4.092,-5.98,-1.705,-57134.6,-373812.79,-52746.51,0.074,4.48,False,True,True,False,False,False,True,True
TREND_DOWN,DOWN_NOV,2025-11-20T18:57:00+00:00,LOSS,-0.623,-0.921,-4.227,-5.95,-1.705,-58965.23,-374964.37,-57134.6,0.063,4.48,False,True,True,False,False,False,True,True
TREND_DOWN,DOWN_NOV,2025-11-20T18:58:00+00:00,LOSS,-0.503,-0.803,-3.913,-5.851,-1.569,-66474.91,-364302.08,-58965.23,0.19,4.27,False,False,True,False,False,False,False,True
TREND_DOWN,DOWN_NOV,2025-11-20T18:59:00+00:00,LOSS,-0.543,-0.848,-3.76,-5.833,-1.567,-67029.06,-360983.15,-66474.91,0.175,4.089,False,False,True,False,False,False,False,True
TREND_DOWN,DOWN_NOV,2025-11-20T19:00:00+00:00,LOSS,-0.614,-0.721,-3.813,-5.881,-1.629,-62843.03,-364341.21,-67029.06,0.084,4.078,False,True,True,False,False,False,True,True
TREND_DOWN,DOWN_NOV,2025-11-20T19:01:00+00:00,LOSS,-0.657,-0.702,-3.856,-5.884,-1.634,-62273.8,-363428.8,-62843.03,0.064,4.078,False,True,True,False,False,False,True,True
TREND_DOWN,DOWN_NOV,2025-11-20T19:02:00+00:00,LOSS,-0.743,-0.994,-3.973,-6.13,-1.868,-85653.65,-384018.23,-62273.8,0.0,4.138,False,True,True,False,False,False,True,True
TREND_DOWN,DOWN_NOV,2025-11-20T19:03:00+00:00,LOSS,-0.613,-1.018,-3.731,-6.072,-1.785,-67092.93,-332478.41,-85653.65,0.061,3.938,False,True,True,False,False,False,True,True
TREND_DOWN,DOWN_NOV,2025-11-20T19:04:00+00:00,LOSS,-0.917,-1.126,-3.622,-6.108,-1.834,-76862.45,-277777.95,-67092.93,0.0,3.759,False,True,True,False,False,False,True,True
TREND_DOWN,DOWN_NOV,2025-11-20T19:05:00+00:00,LOSS,-0.662,-1.02,-3.155,-6.062,-1.593,-66558.95,-213227.15,-76862.45,0.183,3.55,False,False,True,False,False,False,False,True
TREND_DOWN,DOWN_NOV,2025-11-20T19:06:00+00:00,LOSS,-0.598,-1.384,-3.313,-6.083,-1.582,-76864.77,-232612.25,-66558.95,0.119,3.55,False,False,True,False,False,False,False,True
TREND_DOWN,DOWN_NOV,2025-11-20T19:07:00+00:00,LOSS,-0.636,-1.188,-3.073,-6.097,-1.585,-69482.81,-217854.34,-76864.77,0.092,3.396,False,True,True,False,False,False,True,True
TREND_DOWN,DOWN_NOV,2025-11-20T19:08:00+00:00,LOSS,-0.706,-1.418,-3.273,-6.137,-1.639,-65324.07,-229080.39,-69482.81,0.011,3.396,False,True,True,False,False,False,True,True
TREND_DOWN,DOWN_NOV,2025-11-20T19:09:00+00:00,LOSS,-0.43,-1.297,-2.93,-5.905,-1.398,-61960.42,-226793.61,-65324.07,0.235,3.28,False,False,True,False,False,False,False,True
TREND_DOWN,DOWN_NOV,2025-11-20T19:38:00+00:00,LOSS,0.404,-0.304,-2.042,-6.04,-0.793,-9376.52,-184164.08,-7135.53,0.416,2.745,False,False,True,False,False,False,False,True
TREND_DOWN,DOWN_NOV,2025-11-20T19:39:00+00:00,LOSS,0.218,-0.212,-2.23,-6.029,-0.743,-13140.82,-196376.77,-9376.52,0.454,2.745,False,False,True,False,False,False,False,True
TREND_DOWN,DOWN_NOV,2025-11-20T19:40:00+00:00,LOSS,0.136,-0.226,-2.035,-5.926,-0.785,-25571.31,-211206.95,-13140.82,0.4,2.598,False,False,True,False,False,False,False,True
TREND_DOWN,DOWN_NOV,2025-11-20T19:41:00+00:00,LOSS,0.094,-0.206,-1.879,-5.8,-0.7,-17962.49,-195673.61,-25571.31,0.476,2.598,False,False,True,False,False,False,False,True
TREND_DOWN,DOWN_NOV,2025-11-20T19:42:00+00:00,LOSS,0.192,-0.109,-1.652,-5.608,-0.561,-17507.28,-186092.25,-17962.49,0.606,2.598,False,False,False,False,False,False,False,False
TREND_DOWN,DOWN_NOV,2025-11-20T19:43:00+00:00,LOSS,0.226,-0.21,-1.987,-5.755,-0.673,-17741.61,-193081.15,-17507.28,0.484,2.598,False,False,True,False,False,False,False,True
TREND_DOWN,DOWN_NOV,2025-11-20T19:44:00+00:00,LOSS,0.308,-0.098,-1.743,-5.394,-0.515,-2408.21,-182547.94,-17741.61,0.636,2.598,False,False,False,True,False,False,False,False
TREND_DOWN,DOWN_NOV,2025-11-20T20:11:00+00:00,LOSS,-0.059,0.035,-0.552,-4.751,-0.415,40386.81,1939.31,36846.1,0.159,1.798,False,False,True,False,False,True,False,False
TREND_DOWN,DOWN_NOV,2025-11-20T20:12:00+00:00,LOSS,-0.186,0.006,-0.683,-4.742,-0.408,19821.05,-7630.61,40386.81,0.161,1.798,False,False,True,False,False,True,False,False
TREND_DOWN,DOWN_NOV,2025-11-20T20:13:00+00:00,LOSS,-0.168,0.057,-0.439,-4.835,-0.504,25022.13,7197.4,19821.05,0.057,1.798,False,False,True,False,True,True,False,False
TREND_DOWN,DOWN_NOV,2025-11-20T20:14:00+00:00,LOSS,-0.401,-0.094,-0.821,-4.823,-0.587,15568.59,-12988.85,25022.13,0.0,1.798,False,True,True,False,False,True,True,False
TREND_DOWN,DOWN_NOV,2025-11-20T20:15:00+00:00,LOSS,-0.175,0.09,-0.679,-4.767,-0.357,16696.54,-15408.89,15568.59,0.224,1.798,False,False,True,False,False,True,False,False
TREND_DOWN,DOWN_NOV,2025-11-20T20:16:00+00:00,LOSS,0.077,0.294,-0.444,-4.612,-0.257,16329.43,-28632.13,16696.54,0.32,1.798,False,False,True,False,True,True,False,False
TREND_DOWN,DOWN_NOV,2025-11-20T20:18:00+00:00,LOSS,0.078,0.047,-0.467,-5.149,-0.247,16306.45,-29247.14,18606.43,0.325,1.798,False,False,True,False,True,True,False,False
TREND_DOWN,DOWN_NOV,2025-11-20T20:46:00+00:00,LOSS,-0.113,-0.035,-0.262,-4.838,-0.34,22137.07,42138.05,24260.19,0.207,1.798,False,False,True,False,True,True,False,False
TREND_DOWN,DOWN_NOV,2025-11-20T20:47:00+00:00,LOSS,-0.101,-0.05,-0.217,-5.03,-0.312,23544.3,44120.87,22137.07,0.234,1.798,False,False,True,False,True,True,False,False
TREND_DOWN,DOWN_NOV,2025-11-20T20:49:00+00:00,LOSS,-0.076,0.119,-0.17,-4.616,-0.262,20496.06,41286.59,23064.29,0.284,1.798,False,False,True,False,True,True,False,False
TREND_DOWN,DOWN_NOV,2025-11-20T20:59:00+00:00,LOSS,-0.653,-0.514,-0.857,-5.091,-0.363,6334.29,-4051.46,8455.65,0.156,1.798,False,False,True,False,False,True,False,False
TREND_DOWN,DOWN_NOV,2025-11-20T21:28:00+00:00,TIMEOUT,0.802,0.18,0.24,-3.879,0.547,-5960.44,-13992.24,2272.28,0.802,1.458,False,False,False,False,False,True,False,False
TREND_DOWN,DOWN_NOV,2025-11-20T21:30:00+00:00,TIMEOUT,0.537,0.019,0.152,-3.684,0.464,-29427.94,-16671.18,-12197.35,0.719,1.458,False,False,False,False,False,True,False,False
TREND_DOWN,DOWN_NOV,2025-11-20T21:38:00+00:00,WIN,0.518,0.741,0.584,-3.727,0.688,-18289.25,4484.86,-15422.26,0.949,1.458,False,False,False,False,False,True,False,False
TREND_DOWN,DOWN_NOV,2025-11-20T21:39:00+00:00,WIN,0.555,0.792,0.673,-3.577,0.722,-19278.64,3287.7,-18289.25,0.984,1.458,False,False,False,False,False,True,False,False
TREND_DOWN,DOWN_NOV,2025-11-20T21:58:00+00:00,WIN,0.184,0.987,0.932,-3.018,0.64,-19126.95,47082.89,-21710.2,0.987,1.774,False,False,False,False,False,True,False,False
TREND_DOWN,DOWN_NOV,2025-11-20T21:59:00+00:00,WIN,0.146,0.932,0.923,-2.872,0.61,-15066.15,47911.45,-19126.95,0.932,1.774,False,False,False,False,False,True,False,False
TREND_DOWN,DOWN_NOV,2025-11-20T22:00:00+00:00,WIN,0.173,0.71,0.945,-2.904,0.537,-17239.96,46662.07,-15066.15,0.71,1.774,False,False,False,False,False,True,False,False
TREND_DOWN,DOWN_NOV,2025-11-20T22:01:00+00:00,WIN,0.11,0.672,1.001,-2.894,0.567,-15749.22,47833.57,-17239.96,0.675,1.774,False,False,False,False,False,True,False,False
TREND_DOWN,DOWN_NOV,2025-11-20T22:02:00+00:00,WIN,0.097,0.788,1.388,-2.64,0.695,-13317.3,68765.55,-15749.22,0.806,1.774,False,False,False,False,False,True,False,False
TREND_DOWN,DOWN_NOV,2025-11-20T22:03:00+00:00,WIN,0.081,0.872,1.393,-2.389,0.743,-17320.74,47526.94,-13317.3,0.872,1.774,False,False,False,False,False,True,False,False
TREND_DOWN,DOWN_NOV,2025-11-20T22:04:00+00:00,WIN,0.178,0.912,1.55,-2.129,0.782,-16420.67,59510.95,-17320.74,0.912,1.774,False,False,False,False,False,True,False,False
TREND_DOWN,DOWN_NOV,2025-11-20T22:05:00+00:00,WIN,0.196,0.723,1.347,-1.851,0.753,-14174.46,48129.5,-16420.67,0.838,1.763,False,False,False,False,False,True,False,False
TREND_DOWN,DOWN_NOV,2025-11-20T22:38:00+00:00,WIN,0.168,0.565,1.46,-0.612,0.791,1334.25,15195.63,-1781.17,0.621,2.173,False,False,False,False,False,True,False,False
TREND_DOWN,DOWN_NOV,2025-11-20T22:39:00+00:00,WIN,0.163,0.578,1.47,-0.793,0.824,966.49,17395.01,1334.25,0.669,2.173,False,False,False,False,False,True,False,False
TREND_DOWN,DOWN_NOV,2025-11-20T22:40:00+00:00,WIN,0.06,0.469,1.486,-0.58,0.777,788.2,32674.67,966.49,0.63,2.173,False,False,False,False,False,True,False,False
TREND_DOWN,DOWN_NOV,2025-11-20T22:50:00+00:00,WIN,0.157,0.526,1.582,-0.205,0.971,-8757.78,-1481.6,-5007.48,0.909,2.173,False,False,False,False,False,True,False,False
TREND_DOWN,DOWN_NOV,2025-11-20T22:51:00+00:00,WIN,0.086,0.451,1.466,-0.505,0.871,-11816.6,-4940.04,-8757.78,0.815,2.173,False,False,False,False,False,True,False,False
TREND_DOWN,DOWN_NOV,2025-11-20T22:54:00+00:00,WIN,0.009,0.477,1.577,0.044,0.904,-12611.6,-4013.43,-11553.22,0.862,2.173,False,False,False,False,False,True,False,False
TREND_DOWN,DOWN_NOV,2025-11-20T23:01:00+00:00,WIN,-0.155,0.945,1.547,0.038,0.979,-7709.83,-7768.16,-5321.0,0.945,2.173,False,False,False,False,False,True,False,False
TREND_DOWN,DOWN_NOV,2025-11-20T23:02:00+00:00,WIN,-0.404,0.567,1.351,0.178,0.722,-11643.61,-12180.92,-7709.83,0.567,2.173,False,False,True,False,False,True,False,True
TREND_DOWN,DOWN_NOV,2025-11-20T23:03:00+00:00,WIN,-0.203,0.57,1.393,0.276,0.785,-6223.24,-9823.03,-11643.61,0.57,2.173,False,False,True,False,False,True,False,True
TREND_DOWN,DOWN_NOV,2025-11-20T23:05:00+00:00,WIN,0.139,0.468,1.371,0.441,0.71,-8004.42,-6415.49,-4498.77,0.468,2.173,False,False,True,False,False,True,False,True
TREND_DOWN,DOWN_NOV,2025-11-20T23:06:00+00:00,WIN,-0.08,0.221,1.211,0.464,0.613,-12000.18,-7110.64,-8004.42,0.221,2.173,False,False,True,False,False,True,False,True
TREND_DOWN,DOWN_NOV,2025-11-20T23:07:00+00:00,WIN,-0.053,0.04,1.171,0.379,0.478,-19250.08,-10787.48,-12000.18,0.071,2.173,False,False,True,False,False,True,False,True
TREND_DOWN,DOWN_NOV,2025-11-20T23:08:00+00:00,WIN,-0.115,0.053,1.175,0.105,0.454,-20306.32,-13446.27,-19250.08,0.053,2.173,False,False,True,False,False,True,False,True
TREND_DOWN,DOWN_NOV,2025-11-20T23:09:00+00:00,WIN,-0.173,-0.01,1.203,0.348,0.437,-20878.4,-12848.1,-20306.32,0.0,2.173,False,True,True,False,False,True,False,True
TREND_DOWN,DOWN_NOV,2025-11-20T23:10:00+00:00,WIN,-0.202,-0.142,1.155,0.37,0.367,-14156.18,-8068.72,-20878.4,0.0,2.173,False,True,True,False,False,True,False,True
TREND_DOWN,DOWN_NOV,2025-11-20T23:11:00+00:00,WIN,-0.578,-0.418,1.082,0.524,0.181,-26993.6,-15057.79,-14156.18,0.0,2.173,False,True,True,False,False,True,False,True
TREND_DOWN,DOWN_NOV,2025-11-20T23:12:00+00:00,WIN,-0.594,-0.446,1.164,0.473,0.26,-36524.74,-15702.71,-26993.6,0.084,2.173,False,True,True,False,False,True,False,True
TREND_DOWN,DOWN_NOV,2025-11-20T23:13:00+00:00,WIN,-0.609,-0.25,1.379,0.935,0.359,-32186.05,-11038.03,-36524.74,0.193,2.173,False,False,True,False,False,True,False,True
TREND_DOWN,DOWN_NOV,2025-11-20T23:14:00+00:00,WIN,-0.636,-0.373,1.418,0.585,0.307,-39475.37,-5349.31,-32186.05,0.148,2.173,False,False,True,False,False,True,False,True
TREND_DOWN,DOWN_NOV,2025-11-20T23:15:00+00:00,WIN,-0.554,-0.341,1.298,0.61,0.393,-43490.85,-8079.7,-39475.37,0.253,2.045,False,False,True,False,False,True,False,True
TREND_DOWN,DOWN_NOV,2025-11-20T23:16:00+00:00,WIN,-0.546,-0.238,1.27,0.82,0.45,-40127.37,-4249.31,-43490.85,0.322,2.045,False,False,True,False,False,True,False,True
TREND_DOWN,DOWN_NOV,2025-11-20T23:17:00+00:00,WIN,-0.507,-0.249,1.286,0.968,0.473,-39401.96,-8753.99,-40127.37,0.352,2.045,False,False,True,False,False,True,False,True
TREND_DOWN,DOWN_NOV,2025-11-20T23:18:00+00:00,WIN,-0.767,-0.373,1.049,0.577,0.22,-42678.65,-13452.02,-39401.96,0.108,2.045,False,False,True,False,False,True,False,True
TREND_DOWN,DOWN_NOV,2025-11-20T23:19:00+00:00,WIN,-0.533,-0.349,1.068,0.715,0.268,-39999.2,-11571.88,-42678.65,0.161,2.045,False,False,True,False,False,True,False,True
TREND_DOWN,DOWN_NOV,2025-11-20T23:20:00+00:00,WIN,-0.75,-0.594,0.697,0.439,0.008,-48347.14,-20817.45,-39999.2,0.0,2.045,False,True,True,False,False,True,False,True
TREND_DOWN,DOWN_NOV,2025-11-20T23:21:00+00:00,WIN,-0.769,-0.683,0.431,0.029,-0.106,-52341.05,-27653.19,-48347.14,0.0,2.045,False,True,True,False,True,True,False,True
TREND_DOWN,DOWN_NOV,2025-11-20T23:22:00+00:00,WIN,-0.64,-0.467,0.494,0.267,0.052,-38481.4,-23402.53,-52341.05,0.162,2.045,False,False,True,False,True,True,False,True
TREND_DOWN,DOWN_NOV,2025-11-20T23:23:00+00:00,WIN,-0.754,-0.582,0.515,0.175,0.027,-37212.84,-18799.64,-38481.4,0.144,2.045,False,False,True,False,False,True,False,True
TREND_DOWN,DOWN_NOV,2025-11-20T23:24:00+00:00,WIN,-0.564,-0.555,0.914,0.472,0.126,-39170.04,-13440.14,-37212.84,0.252,2.045,False,False,True,False,False,True,False,True
TREND_DOWN,DOWN_NOV,2025-11-20T23:25:00+00:00,WIN,-0.723,-0.631,0.828,0.613,0.072,-40195.82,-16031.12,-39170.04,0.203,2.045,False,False,True,False,False,True,False,True
TREND_DOWN,DOWN_NOV,2025-11-20T23:29:00+00:00,WIN,-0.903,-0.981,0.267,0.169,-0.131,-48325.81,-34193.18,-50095.14,0.075,2.045,False,True,True,False,True,True,False,True
TREND_DOWN,DOWN_NOV,2025-11-20T23:36:00+00:00,WIN,-1.002,-1.081,0.194,0.371,-0.579,-43377.29,-57658.09,-23102.71,0.0,2.045,False,True,True,False,True,True,False,True
TREND_DOWN,DOWN_NOV,2025-11-20T23:37:00+00:00,WIN,-0.986,-1.038,0.184,0.246,-0.678,-45300.38,-62503.81,-43377.29,0.0,2.045,False,True,True,False,True,True,False,True
TREND_DOWN,DOWN_NOV,2025-11-20T23:38:00+00:00,WIN,-0.878,-0.991,0.306,-0.029,-0.583,-45241.63,-62196.63,-45300.38,0.091,2.045,False,True,True,False,True,True,False,True
TREND_DOWN,DOWN_NOV,2025-11-20T23:39:00+00:00,WIN,-0.948,-1.119,0.24,-0.102,-0.659,-46495.02,-64807.17,-45241.63,0.01,2.045,False,True,True,False,True,True,False,True
TREND_DOWN,DOWN_NOV,2025-11-20T23:40:00+00:00,WIN,-0.678,-0.879,0.499,0.155,-0.454,-42803.52,-59231.37,-46495.02,0.215,2.045,False,False,True,False,True,True,False,True
TREND_DOWN,DOWN_NOV,2025-11-20T23:41:00+00:00,WIN,-0.426,-1.001,0.547,0.251,-0.391,-42295.0,-54596.26,-42803.52,0.288,2.045,False,False,True,False,False,True,False,True
TREND_DOWN,DOWN_NOV,2025-11-20T23:42:00+00:00,WIN,-0.539,-1.13,0.65,0.301,-0.422,-42131.51,-52964.7,-42295.0,0.258,2.045,False,False,True,False,False,True,False,True
TREND_DOWN,DOWN_NOV,2025-11-20T23:43:00+00:00,WIN,-0.627,-1.232,0.605,0.364,-0.409,-42164.85,-56492.53,-42131.51,0.279,2.045,False,False,True,False,False,True,False,True
TREND_DOWN,DOWN_NOV,2025-11-20T23:44:00+00:00,WIN,-0.581,-1.214,0.536,0.352,-0.41,-40869.49,-57334.17,-42164.85,0.28,2.045,False,False,True,False,False,True,False,True
TREND_DOWN,DOWN_NOV,2025-11-20T23:45:00+00:00,WIN,-0.827,-1.376,0.392,0.287,-0.556,-40959.97,-59878.4,-40869.49,0.137,2.045,False,False,True,False,True,True,False,True
TREND_DOWN,DOWN_NOV,2025-11-20T23:46:00+00:00,WIN,-0.836,-1.378,0.537,0.274,-0.499,-42165.38,-59848.32,-40959.97,0.197,2.045,False,False,True,False,False,True,False,True
TREND_DOWN,DOWN_NOV,2025-11-20T23:47:00+00:00,WIN,-0.805,-1.309,0.571,0.353,-0.439,-40445.39,-60985.67,-42165.38,0.258,2.045,False,False,True,False,False,True,False,True
TREND_DOWN,DOWN_NOV,2025-11-20T23:48:00+00:00,WIN,-0.65,-1.411,0.459,0.178,-0.53,-42961.43,-61336.81,-40445.39,0.172,2.045,False,False,True,False,True,True,False,True
TREND_DOWN,DOWN_NOV,2025-11-20T23:49:00+00:00,WIN,-0.83,-1.358,0.305,0.135,-0.658,-42556.35,-62958.38,-42961.43,0.043,2.045,False,True,True,False,True,True,False,True
TREND_DOWN,DOWN_NOV,2025-11-20T23:50:00+00:00,WIN,-0.598,-1.344,0.155,-0.13,-0.678,-40913.49,-65202.84,-42556.35,0.021,2.045,False,True,True,False,True,True,False,True
TREND_DOWN,DOWN_NOV,2025-11-20T23:51:00+00:00,WIN,-0.576,-1.341,0.173,-0.293,-0.771,-40292.31,-67033.06,-40913.49,0.0,2.045,False,True,True,False,True,True,False,True
TREND_DOWN,DOWN_NOV,2025-11-20T23:52:00+00:00,WIN,-0.831,-1.466,0.057,-0.41,-0.864,-44563.89,-71258.46,-40292.31,0.0,2.045,False,True,True,False,True,True,False,True
TREND_DOWN,DOWN_NOV,2025-11-20T23:53:00+00:00,WIN,-0.747,-1.495,0.164,-0.165,-0.792,-42677.98,-70548.0,-44563.89,0.067,2.045,False,True,True,False,True,True,False,True
TREND_DOWN,DOWN_NOV,2025-11-21T00:32:00+00:00,WIN,0.224,-0.102,-0.209,0.328,-0.345,15409.47,-3971.59,17809.74,0.601,1.893,False,False,False,False,True,True,False,False
TREND_DOWN,DOWN_NOV,2025-11-21T00:33:00+00:00,WIN,0.31,-0.148,-0.22,0.468,-0.273,13595.67,-3483.14,15409.47,0.672,1.893,False,False,False,False,True,True,False,False
TREND_DOWN,DOWN_NOV,2025-11-21T00:57:00+00:00,WIN,0.08,0.575,-0.167,1.034,-0.122,30385.67,1819.33,30444.44,0.809,1.893,False,False,False,False,True,True,False,False
TREND_DOWN,DOWN_NOV,2025-11-21T01:02:00+00:00,WIN,0.204,0.429,-0.102,1.285,-0.126,33262.89,3612.63,40069.73,0.645,1.893,False,False,False,False,True,True,False,False
TREND_DOWN,DOWN_NOV,2025-11-21T01:03:00+00:00,WIN,0.098,0.409,-0.203,1.188,-0.161,40414.02,16425.82,33262.89,0.609,1.893,False,False,False,False,True,True,False,False
TREND_DOWN,DOWN_NOV,2025-11-21T01:20:00+00:00,WIN,-0.526,-0.386,-1.062,0.305,-0.451,-22698.78,-9665.14,-21422.55,0.0,1.893,False,True,True,False,False,True,True,True
TREND_DOWN,DOWN_NOV,2025-11-21T01:21:00+00:00,WIN,-0.37,-0.033,-0.902,0.42,-0.306,7158.77,-10138.35,-22698.78,0.139,1.893,False,False,True,False,False,True,False,False
TREND_DOWN,DOWN_NOV,2025-11-21T01:22:00+00:00,WIN,-0.236,0.057,-0.643,0.579,-0.097,9061.51,-7158.85,7158.77,0.345,1.893,False,False,True,False,False,True,False,False
TREND_DOWN,DOWN_NOV,2025-11-21T01:28:00+00:00,WIN,-0.024,-0.081,-1.022,0.192,-0.097,-28072.26,-54550.52,-23031.65,0.322,1.893,False,False,True,False,False,True,False,False
TREND_DOWN,DOWN_NOV,2025-11-21T01:37:00+00:00,WIN,-0.404,-0.437,-0.802,0.31,-0.269,-15534.16,-17538.48,-12068.67,0.089,1.881,False,True,True,False,False,True,True,True
TREND_DOWN,DOWN_NOV,2025-11-21T01:38:00+00:00,WIN,-0.283,-0.44,-0.749,0.7,-0.168,-18126.36,-18230.93,-15534.16,0.187,1.881,False,False,True,False,False,True,False,True
TREND_DOWN,DOWN_NOV,2025-11-21T02:03:00+00:00,WIN,-0.155,-0.285,-1.051,0.328,-0.206,-25336.94,-2687.88,-16523.76,0.098,1.626,False,True,True,False,False,True,True,True
TREND_DOWN,DOWN_NOV,2025-11-21T02:04:00+00:00,WIN,-0.157,-0.438,-1.176,0.366,-0.25,-26213.12,-5290.49,-25336.94,0.044,1.626,False,True,True,False,False,True,True,True
TREND_DOWN,DOWN_NOV,2025-11-21T02:05:00+00:00,WIN,-0.254,-0.754,-1.282,0.072,-0.484,-48984.41,-25380.3,-26213.12,0.0,1.493,False,True,True,False,False,True,True,True
TREND_DOWN,DOWN_NOV,2025-11-21T02:06:00+00:00,WIN,-0.385,-0.872,-1.236,-0.04,-0.511,-67212.63,-39141.11,-48984.41,0.0,1.402,False,True,True,False,False,False,True,True
TREND_DOWN,DOWN_NOV,2025-11-21T02:07:00+00:00,WIN,-0.203,-0.606,-0.951,0.208,-0.339,-65313.92,-34914.13,-67212.63,0.157,1.346,False,False,True,False,False,True,False,True
TREND_DOWN,DOWN_NOV,2025-11-21T02:08:00+00:00,WIN,-0.281,-0.563,-0.915,0.25,-0.314,-61348.59,-29327.27,-65313.92,0.177,1.346,False,False,True,False,False,True,False,True
TREND_DOWN,DOWN_NOV,2025-11-21T02:09:00+00:00,WIN,-0.498,-0.608,-1.103,0.087,-0.509,-66806.03,-35723.44,-61348.59,0.0,1.346,False,True,True,False,False,True,True,True
TREND_DOWN,DOWN_NOV,2025-11-21T02:10:00+00:00,WIN,-0.415,-0.6,-0.978,0.166,-0.443,-63864.42,-38097.62,-66806.03,0.059,1.346,False,True,True,False,False,True,True,True
TREND_DOWN,DOWN_NOV,2025-11-21T02:11:00+00:00,WIN,-0.571,-0.687,-0.885,0.187,-0.521,-68536.91,-33135.35,-63864.42,0.0,1.346,False,True,True,False,False,True,True,True
TREND_DOWN,DOWN_NOV,2025-11-21T02:12:00+00:00,WIN,-0.832,-0.803,-1.137,0.013,-0.682,-87293.77,-49067.78,-68536.91,0.0,1.422,False,True,True,False,False,True,True,True
TREND_DOWN,DOWN_NOV,2025-11-21T02:13:00+00:00,WIN,-0.908,-0.835,-1.291,0.071,-0.702,-89565.37,-52977.32,-87293.77,0.0,1.469,False,True,True,False,False,True,True,True
TREND_DOWN,DOWN_NOV,2025-11-21T02:14:00+00:00,WIN,-0.921,-0.816,-1.275,0.125,-0.72,-91880.35,-53895.3,-89565.37,0.0,1.498,False,True,True,False,False,True,True,True
TREND_DOWN,DOWN_NOV,2025-11-21T02:15:00+00:00,WIN,-0.918,-0.796,-1.264,0.017,-0.593,-95730.27,-54595.18,-91880.35,0.116,1.498,False,False,True,False,False,True,False,True
TREND_DOWN,DOWN_NOV,2025-11-21T02:16:00+00:00,WIN,-0.775,-0.716,-1.329,-0.075,-0.581,-98041.17,-57306.57,-95730.27,0.119,1.498,False,False,True,False,False,False,False,True
TREND_DOWN,DOWN_NOV,2025-11-21T02:17:00+00:00,WIN,-0.975,-0.692,-1.5,-0.234,-0.718,-96292.85,-58462.81,-98041.17,0.0,1.523,False,True,True,False,False,False,True,True
TREND_DOWN,DOWN_NOV,2025-11-21T02:18:00+00:00,WIN,-1.21,-1.023,-1.525,-0.492,-0.979,-111477.98,-70532.98,-96292.85,0.0,1.602,False,True,True,False,False,False,True,True
TREND_DOWN,DOWN_NOV,2025-11-21T02:19:00+00:00,WIN,-0.85,-0.607,-1.324,-0.271,-0.692,-101466.02,-67351.4,-111477.98,0.257,1.602,False,False,True,False,False,False,False,True
TREND_DOWN,DOWN_NOV,2025-11-21T02:20:00+00:00,WIN,-0.794,-0.466,-0.935,-0.245,-0.546,-105118.91,-66436.91,-101466.02,0.396,1.502,False,False,True,False,False,False,False,True
TREND_DOWN,DOWN_NOV,2025-11-21T02:22:00+00:00,WIN,-0.524,-0.699,-0.875,-0.385,-0.411,-96735.93,-65413.38,-90052.02,0.508,1.502,False,False,True,False,False,False,False,True
TREND_DOWN,DOWN_NOV,2025-11-21T02:23:00+00:00,WIN,-0.282,-0.652,-0.712,-0.2,-0.257,-98787.02,-66455.32,-96735.93,0.654,1.502,False,False,False,False,False,False,False,False
TREND_DOWN,DOWN_NOV,2025-11-21T02:30:00+00:00,WIN,-0.752,-1.062,-0.943,-0.75,-0.645,-75473.43,-77160.36,-71158.21,0.238,1.502,False,False,True,False,False,False,False,True
TREND_DOWN,DOWN_NOV,2025-11-21T02:37:00+00:00,WIN,-0.487,-0.689,-0.452,-0.269,-0.592,-74466.97,-46705.07,-72828.74,0.261,1.502,False,False,True,False,True,False,False,True
TREND_DOWN,DOWN_NOV,2025-11-21T02:38:00+00:00,WIN,-0.428,-0.708,-0.465,-0.161,-0.513,-74966.97,-47956.27,-74466.97,0.339,1.502,False,False,True,False,True,False,False,True
TREND_DOWN,DOWN_NOV,2025-11-21T02:39:00+00:00,WIN,-0.369,-0.865,-0.525,-0.287,-0.653,-77979.48,-49018.06,-74966.97,0.197,1.502,False,False,True,False,False,False,False,True
TREND_DOWN,DOWN_NOV,2025-11-21T02:40:00+00:00,WIN,-0.286,-0.7,-0.588,-0.092,-0.51,-77598.81,-53504.89,-77979.48,0.339,1.502,False,False,True,False,False,False,False,True
TREND_DOWN,DOWN_NOV,2025-11-21T02:41:00+00:00,WIN,-0.248,-0.818,-0.708,-0.165,-0.555,-80318.58,-60793.68,-77598.81,0.291,1.502,False,False,True,False,False,False,False,True
TREND_DOWN,DOWN_NOV,2025-11-21T02:42:00+00:00,WIN,-0.078,-0.909,-0.679,-0.033,-0.552,-80411.35,-61517.02,-80318.58,0.291,1.502,False,False,True,False,False,False,False,True
TREND_DOWN,DOWN_NOV,2025-11-21T02:43:00+00:00,WIN,-0.149,-1.056,-0.816,-0.216,-0.665,-83498.0,-61297.86,-80411.35,0.173,1.502,False,False,True,False,False,False,False,True
TREND_DOWN,DOWN_NOV,2025-11-21T02:44:00+00:00,WIN,-0.637,-1.553,-1.33,-0.801,-1.175,-173814.24,-150687.15,-83498.0,0.0,1.854,False,True,True,False,False,False,True,True
TREND_DOWN,DOWN_NOV,2025-11-21T02:45:00+00:00,WIN,-0.615,-1.527,-1.053,-0.666,-0.893,-172776.45,-145994.68,-173814.24,0.139,1.854,False,False,True,False,False,False,False,True
TREND_DOWN,DOWN_NOV,2025-11-21T02:46:00+00:00,WIN,-0.404,-1.176,-0.899,-0.367,-0.648,-170401.99,-142789.31,-172776.45,0.354,1.854,False,False,True,False,False,False,False,True
TREND_DOWN,DOWN_NOV,2025-11-21T02:47:00+00:00,WIN,-0.298,-1.271,-0.997,-0.431,-0.677,-169039.67,-141787.54,-170401.99,0.316,1.854,False,False,True,False,False,False,False,True
TREND_DOWN,DOWN_NOV,2025-11-21T02:48:00+00:00,WIN,0.03,-1.18,-0.851,-0.396,-0.607,-169032.03,-139832.0,-169039.67,0.377,1.854,False,False,True,False,False,False,False,True
TREND_DOWN,DOWN_NOV,2025-11-21T02:49:00+00:00,WIN,-0.284,-1.131,-0.781,-0.478,-0.661,-172391.45,-139696.69,-169032.03,0.319,1.854,False,False,True,False,False,False,False,True
TREND_DOWN,DOWN_NOV,2025-11-21T02:50:00+00:00,WIN,-0.417,-1.208,-0.754,-0.6,-0.653,-172889.87,-138992.73,-172391.45,0.324,1.854,False,False,True,False,False,False,False,True
TREND_DOWN,DOWN_NOV,2025-11-21T02:51:00+00:00,WIN,-0.822,-1.372,-0.822,-0.65,-0.804,-178884.74,-143002.75,-172889.87,0.166,1.854,False,False,True,False,False,False,False,True
TREND_DOWN,DOWN_NOV,2025-11-21T02:52:00+00:00,WIN,-1.061,-1.579,-1.104,-1.048,-1.169,-223737.84,-184219.14,-178884.74,0.0,2.072,False,True,True,False,False,False,True,True
TREND_DOWN,DOWN_NOV,2025-11-21T02:53:00+00:00,WIN,-1.149,-1.427,-1.114,-0.952,-1.057,-212599.52,-176596.42,-223737.84,0.056,2.072,False,True,True,False,False,False,True,True
TREND_DOWN,DOWN_NOV,2025-11-21T02:54:00+00:00,WIN,-1.014,-1.395,-1.084,-0.752,-0.949,-217846.86,-197237.52,-212599.52,0.15,2.072,False,False,True,False,False,False,False,True
TREND_DOWN,DOWN_NOV,2025-11-21T02:55:00+00:00,WIN,-1.173,-1.563,-1.304,-0.921,-1.083,-226817.23,-207894.24,-217846.86,0.004,2.072,False,True,True,False,False,False,True,True
TREND_DOWN,DOWN_NOV,2025-11-21T02:56:00+00:00,WIN,-1.209,-1.629,-1.333,-0.962,-1.136,-228758.79,-210949.55,-226817.23,0.0,2.154,False,True,True,False,False,False,True,True
TREND_DOWN,DOWN_NOV,2025-11-21T02:57:00+00:00,WIN,-1.163,-1.79,-1.384,-1.045,-1.195,-242671.9,-222227.4,-228758.79,0.0,2.232,False,True,True,False,False,False,True,True
TREND_DOWN,DOWN_NOV,2025-11-21T02:58:00+00:00,WIN,-1.206,-1.805,-1.201,-1.053,-1.226,-271406.79,-242902.5,-242671.9,0.0,2.282,False,True,True,False,False,False,True,True
TREND_DOWN,DOWN_NOV,2025-11-21T02:59:00+00:00,WIN,-1.227,-1.862,-1.38,-1.194,-1.3,-283055.22,-255473.53,-271406.79,0.0,2.396,False,True,True,False,False,False,True,True
TREND_DOWN,DOWN_NOV,2025-11-21T03:00:00+00:00,WIN,-0.873,-1.618,-1.223,-1.107,-1.034,-280010.58,-251232.1,-283055.22,0.239,2.396,False,False,True,False,False,False,False,True
TREND_DOWN,DOWN_NOV,2025-11-21T03:01:00+00:00,WIN,-0.976,-1.517,-1.257,-1.12,-0.963,-276136.37,-248806.47,-280010.58,0.3,2.396,False,False,True,False,False,False,False,True
TREND_DOWN,DOWN_NOV,2025-11-21T03:02:00+00:00,WIN,-0.86,-1.469,-1.459,-1.208,-1.026,-273101.66,-256362.53,-276136.37,0.227,2.396,False,False,True,False,False,False,False,True
TREND_DOWN,DOWN_NOV,2025-11-21T03:03:00+00:00,WIN,-0.962,-1.6,-1.479,-1.225,-1.053,-274001.53,-258924.45,-273101.66,0.191,2.396,False,False,True,False,False,False,False,True
TREND_DOWN,DOWN_NOV,2025-11-21T03:04:00+00:00,WIN,-0.956,-1.434,-1.169,-1.131,-0.93,-270778.56,-255331.59,-274001.53,0.307,2.396,False,False,True,False,False,False,False,True
TREND_DOWN,DOWN_NOV,2025-11-21T03:05:00+00:00,WIN,-0.739,-0.913,-1.212,-1.015,-0.637,-237259.47,-249451.24,-270778.56,0.596,2.396,False,False,True,False,False,False,False,True
TREND_DOWN,DOWN_NOV,2025-11-21T03:21:00+00:00,WIN,-0.33,-1.149,-1.534,-1.875,-0.719,-198934.9,-281828.15,-183803.61,0.368,2.396,False,False,True,False,False,False,False,True
TREND_DOWN,DOWN_NOV,2025-11-21T03:22:00+00:00,WIN,0.094,-0.967,-1.604,-1.805,-0.659,-198180.13,-285854.55,-198934.9,0.413,2.396,False,False,True,False,False,False,False,True
TREND_DOWN,DOWN_NOV,2025-11-21T03:23:00+00:00,WIN,-0.1,-1.248,-1.654,-1.952,-0.79,-197742.64,-282334.71,-198180.13,0.274,2.396,False,False,True,False,False,False,False,True
TREND_DOWN,DOWN_NOV,2025-11-21T03:24:00+00:00,WIN,-0.343,-1.354,-1.864,-2.116,-0.932,-196484.1,-281871.08,-197742.64,0.123,2.396,False,False,True,False,False,False,False,True
TREND_DOWN,DOWN_NOV,2025-11-21T03:25:00+00:00,WIN,-0.277,-1.447,-2.058,-1.997,-1.005,-200274.09,-282282.86,-196484.1,0.044,2.396,False,True,True,False,False,False,True,True
TREND_DOWN,DOWN_NOV,2025-11-21T03:26:00+00:00,WIN,-0.114,-1.321,-1.965,-1.99,-0.919,-199815.37,-282053.27,-200274.09,0.124,2.396,False,False,True,False,False,False,False,True
TREND_DOWN,DOWN_NOV,2025-11-21T03:27:00+00:00,WIN,-0.092,-1.254,-1.959,-1.973,-0.966,-192929.58,-280519.38,-199815.37,0.068,2.396,False,True,True,False,False,False,True,True
TREND_DOWN,DOWN_NOV,2025-11-21T03:28:00+00:00,WIN,0.102,-1.105,-1.91,-1.74,-0.815,-188749.16,-278596.96,-192929.58,0.215,2.396,False,False,True,False,False,False,False,True
TREND_DOWN,DOWN_NOV,2025-11-21T03:29:00+00:00,WIN,0.302,-0.929,-1.818,-1.668,-0.722,-181799.16,-275552.54,-188749.16,0.302,2.396,False,False,True,False,False,False,False,True
TREND_DOWN,DOWN_NOV,2025-11-21T03:58:00+00:00,WIN,0.412,0.514,-1.45,-1.516,-0.271,37707.3,-243054.37,9644.92,0.627,2.372,False,False,False,True,False,True,False,False
TREND_DOWN,DOWN_NOV,2025-11-21T03:59:00+00:00,WIN,0.154,0.457,-1.679,-1.659,-0.437,46905.57,-246099.79,37707.3,0.457,2.372,False,False,True,False,False,True,False,False
TREND_DOWN,DOWN_NOV,2025-11-21T04:00:00+00:00,WIN,0.069,0.271,-1.666,-1.538,-0.381,45290.12,-245642.49,46905.57,0.466,2.372,False,False,True,False,False,True,False,False
TREND_DOWN,DOWN_NOV,2025-11-21T04:01:00+00:00,WIN,0.111,0.134,-1.789,-1.649,-0.454,40317.08,-248559.12,45290.12,0.39,2.372,False,False,True,False,False,True,False,False
TREND_DOWN,DOWN_NOV,2025-11-21T04:02:00+00:00,WIN,0.064,0.215,-1.669,-1.769,-0.444,40161.81,-249463.61,40317.08,0.398,2.372,False,False,True,False,False,True,False,False
TREND_DOWN,DOWN_NOV,2025-11-21T04:03:00+00:00,WIN,0.186,0.274,-1.612,-1.811,-0.418,41163.56,-258174.91,40161.81,0.421,2.372,False,False,True,False,False,True,False,False
TREND_DOWN,DOWN_NOV,2025-11-21T04:04:00+00:00,WIN,0.23,0.152,-1.716,-1.876,-0.415,37926.33,-259065.35,41163.56,0.414,2.372,False,False,True,False,False,True,False,False
TREND_DOWN,DOWN_NOV,2025-11-21T04:05:00+00:00,WIN,0.058,-0.286,-1.942,-2.007,-0.563,32881.46,-253362.42,37926.33,0.263,2.372,False,False,True,False,False,True,False,False
TREND_DOWN,DOWN_NOV,2025-11-21T04:06:00+00:00,WIN,-0.196,-0.267,-1.928,-2.072,-0.466,25587.05,-257651.49,32881.46,0.355,2.372,False,False,True,False,False,True,False,False
TREND_DOWN,DOWN_NOV,2025-11-21T04:07:00+00:00,WIN,-0.109,-0.276,-1.888,-2.19,-0.532,27985.84,-256863.94,25587.05,0.283,2.276,False,False,True,False,False,True,False,False
TREND_DOWN,DOWN_NOV,2025-11-21T04:08:00+00:00,WIN,-0.263,-0.46,-1.955,-2.25,-0.62,28158.35,-256328.69,27985.84,0.191,2.276,False,False,True,False,False,True,False,False
TREND_DOWN,DOWN_NOV,2025-11-21T04:09:00+00:00,WIN,-0.268,-0.226,-1.794,-2.293,-0.609,33862.58,-256772.69,28158.35,0.199,2.276,False,False,True,False,False,True,False,False
TREND_DOWN,DOWN_NOV,2025-11-21T04:10:00+00:00,WIN,-0.422,-0.346,-1.848,-2.361,-0.61,31202.55,-257486.64,33862.58,0.195,2.276,False,False,True,False,False,True,False,False
TREND_DOWN,DOWN_NOV,2025-11-21T04:11:00+00:00,WIN,-0.399,-0.211,-1.756,-2.362,-0.512,34775.41,-256635.26,31202.55,0.291,2.276,False,False,True,False,False,True,False,False
TREND_DOWN,DOWN_NOV,2025-11-21T04:33:00+00:00,WIN,-0.382,-0.197,-1.86,-2.938,-0.636,25727.03,-225069.15,25555.18,0.033,2.233,False,True,True,False,False,True,True,False
TREND_DOWN,DOWN_NOV,2025-11-21T04:34:00+00:00,WIN,-0.282,-0.052,-1.717,-2.724,-0.537,27198.61,-224126.56,25727.03,0.127,2.233,False,False,True,False,False,True,False,False
TREND_DOWN,DOWN_NOV,2025-11-21T04:35:00+00:00,WIN,-0.233,-0.175,-1.677,-2.556,-0.634,21074.07,-229379.45,27198.61,0.026,2.233,False,True,True,False,False,True,True,False
TREND_DOWN,DOWN_NOV,2025-11-21T04:36:00+00:00,WIN,-0.258,-0.453,-1.7,-2.617,-0.559,19371.84,-228721.97,21074.07,0.092,2.233,False,True,True,False,False,True,True,False
TREND_DOWN,DOWN_NOV,2025-11-21T04:37:00+00:00,WIN,-0.266,-0.375,-1.753,-2.541,-0.634,16874.15,-231232.76,19371.84,0.012,2.233,False,True,True,False,False,True,True,False
TREND_DOWN,DOWN_NOV,2025-11-21T04:38:00+00:00,WIN,-0.197,-0.459,-1.871,-2.606,-0.652,13673.07,-231551.42,16874.15,0.0,2.233,False,True,True,False,False,True,True,False
TREND_DOWN,DOWN_NOV,2025-11-21T04:39:00+00:00,WIN,-0.233,-0.501,-1.914,-2.68,-0.674,3881.29,-231296.21,13673.07,0.0,2.233,False,True,True,False,False,True,True,False
TREND_DOWN,DOWN_NOV,2025-11-21T04:40:00+00:00,WIN,-0.145,-0.566,-1.808,-2.56,-0.585,-3437.37,-227699.77,3881.29,0.085,2.233,False,True,True,False,False,False,True,False
TREND_DOWN,DOWN_NOV,2025-11-21T04:41:00+00:00,WIN,-0.19,-0.588,-1.828,-2.703,-0.532,-8374.74,-228974.44,-3437.37,0.135,2.233,False,False,True,False,False,False,False,True
TREND_DOWN,DOWN_NOV,2025-11-21T04:42:00+00:00,WIN,-0.08,-0.474,-1.806,-2.69,-0.414,-6925.47,-226258.32,-8374.74,0.249,2.233,False,False,True,False,False,False,False,True
TREND_DOWN,DOWN_NOV,2025-11-21T05:37:00+00:00,WIN,-0.154,0.524,-0.553,-1.003,0.098,46686.96,-110078.83,50207.3,0.574,1.224,False,False,True,False,False,True,False,False
TREND_DOWN,DOWN_NOV,2025-11-21T05:38:00+00:00,WIN,-0.137,0.506,-0.671,-1.133,0.059,45326.3,-111258.15,46686.96,0.534,1.224,False,False,True,False,False,True,False,False
TREND_DOWN,DOWN_NOV,2025-11-21T05:39:00+00:00,WIN,-0.311,0.48,-0.583,-1.106,0.007,43449.56,-109867.17,45326.3,0.48,1.224,False,False,True,False,False,True,False,False
TREND_DOWN,DOWN_NOV,2025-11-21T05:40:00+00:00,WIN,-0.276,0.399,-0.721,-1.304,0.013,40855.62,-109245.34,43449.56,0.399,1.224,False,False,True,False,False,True,False,False
TREND_DOWN,DOWN_NOV,2025-11-21T05:41:00+00:00,WIN,-0.186,0.426,-0.597,-1.3,0.091,47276.75,-101379.11,40855.62,0.426,1.175,False,False,True,False,False,True,False,False
TREND_DOWN,DOWN_NOV,2025-11-21T05:42:00+00:00,WIN,-0.138,0.325,-0.583,-1.258,0.107,44945.8,-100901.17,47276.75,0.325,1.175,False,False,True,False,False,True,False,False
TREND_DOWN,DOWN_NOV,2025-11-21T05:43:00+00:00,WIN,-0.048,0.195,-0.29,-1.103,0.287,47859.47,-88700.72,44945.8,0.404,1.068,False,False,True,False,False,True,False,False
TREND_DOWN,DOWN_NOV,2025-11-21T06:07:00+00:00,WIN,0.027,-0.127,0.006,-1.231,0.079,32134.72,83042.87,41514.73,0.12,1.057,False,False,True,False,False,True,False,False
TREND_DOWN,DOWN_NOV,2025-11-21T06:08:00+00:00,WIN,-0.043,-0.18,-0.196,-1.358,-0.03,33702.96,80495.17,32134.72,0.011,1.057,False,True,True,False,False,True,False,False
TREND_DOWN,DOWN_NOV,2025-11-21T06:09:00+00:00,WIN,0.123,-0.188,0.143,-1.264,0.084,30097.78,88863.05,33702.96,0.123,1.057,False,False,True,False,False,True,False,False
TREND_DOWN,DOWN_NOV,2025-11-21T06:10:00+00:00,WIN,0.096,-0.181,0.003,-1.38,0.059,27549.71,86022.12,30097.78,0.099,1.057,False,True,True,False,False,True,False,False
TREND_DOWN,DOWN_NOV,2025-11-21T06:11:00+00:00,WIN,-0.028,-0.214,-0.004,-1.43,0.013,26597.67,87651.05,27549.71,0.053,1.057,False,True,True,False,False,True,False,False
TREND_DOWN,DOWN_NOV,2025-11-21T06:12:00+00:00,WIN,0.075,-0.064,0.098,-1.276,0.129,29984.13,89322.89,26597.67,0.169,1.057,False,False,True,False,False,True,False,False
TREND_DOWN,DOWN_NOV,2025-11-21T06:13:00+00:00,WIN,-0.148,-0.195,0.145,-1.344,0.083,28600.61,88845.6,29984.13,0.123,1.057,False,False,True,False,False,True,False,False
TREND_DOWN,DOWN_NOV,2025-11-21T06:14:00+00:00,WIN,-0.103,-0.283,0.204,-1.512,0.087,25530.38,90462.25,28600.61,0.128,1.057,False,False,True,False,False,True,False,False
TREND_DOWN,DOWN_NOV,2025-11-21T06:15:00+00:00,WIN,-0.087,-0.351,-0.057,-1.582,0.001,22256.75,86032.41,25530.38,0.042,1.057,False,True,True,False,False,True,False,False
TREND_DOWN,DOWN_NOV,2025-11-21T06:16:00+00:00,WIN,-0.229,-0.379,0.164,-1.601,-0.033,30266.46,93396.95,22256.75,0.008,1.057,False,True,True,False,False,True,False,False
TREND_DOWN,DOWN_NOV,2025-11-21T06:19:00+00:00,WIN,-0.384,-0.597,0.267,-1.672,-0.177,8542.26,90530.03,10536.47,0.0,1.057,False,True,True,False,False,True,False,False
TREND_DOWN,DOWN_NOV,2025-11-21T06:20:00+00:00,WIN,-0.539,-0.706,0.071,-1.805,-0.236,4312.15,88359.38,8542.26,0.0,1.057,False,True,True,False,False,True,False,False
TREND_DOWN,DOWN_NOV,2025-11-21T06:21:00+00:00,WIN,-0.425,-0.622,0.027,-1.507,-0.149,5212.17,88421.3,4312.15,0.089,1.057,False,True,True,False,False,True,False,False
TREND_DOWN,DOWN_NOV,2025-11-21T06:22:00+00:00,WIN,-0.342,-0.588,0.045,-1.559,-0.087,610.77,92044.74,5212.17,0.152,1.057,False,False,True,False,False,True,False,False
TREND_DOWN,DOWN_NOV,2025-11-21T06:23:00+00:00,WIN,-0.388,-0.603,0.119,-1.538,-0.153,-1158.41,89693.45,610.77,0.087,1.057,False,True,True,False,False,True,False,False
TREND_DOWN,DOWN_NOV,2025-11-21T06:24:00+00:00,WIN,-0.404,-0.686,0.213,-1.655,-0.212,-1718.12,88180.99,-1158.41,0.031,1.057,False,True,True,False,False,True,False,True
TREND_DOWN,DOWN_NOV,2025-11-21T06:25:00+00:00,WIN,-0.518,-0.755,0.26,-1.804,-0.247,1529.89,90177.1,-1718.12,0.0,1.057,False,True,True,False,False,True,False,False
TREND_DOWN,DOWN_NOV,2025-11-21T06:26:00+00:00,WIN,-0.396,-0.641,0.282,-1.688,-0.149,4236.01,90659.95,1529.89,0.101,1.057,False,False,True,False,False,True,False,False
TREND_DOWN,DOWN_NOV,2025-11-21T06:27:00+00:00,WIN,-0.603,-0.67,0.231,-1.733,-0.258,4868.19,90962.15,4236.01,0.0,1.057,False,True,True,False,False,True,False,False
TREND_DOWN,DOWN_NOV,2025-11-21T06:28:00+00:00,WIN,-0.543,-0.693,0.051,-1.86,-0.292,4675.72,86699.33,4868.19,0.0,1.057,False,True,True,False,False,True,False,False
TREND_DOWN,DOWN_NOV,2025-11-21T06:29:00+00:00,WIN,-0.658,-0.676,-0.076,-1.893,-0.333,-2164.45,80969.67,4675.72,0.0,1.057,False,True,True,False,False,False,False,False
TREND_DOWN,DOWN_NOV,2025-11-21T06:30:00+00:00,WIN,-0.706,-0.777,-0.244,-1.877,-0.361,-930.7,71164.77,-2164.45,0.0,1.057,False,True,True,False,False,False,False,True
TREND_DOWN,DOWN_NOV,2025-11-21T06:31:00+00:00,WIN,-0.552,-0.682,-0.074,-1.851,-0.308,1354.1,72080.27,-930.7,0.053,1.057,False,True,True,False,False,True,False,False
TREND_DOWN,DOWN_NOV,2025-11-21T06:32:00+00:00,WIN,-0.501,-0.704,-0.18,-1.708,-0.36,14.5,74739.78,1354.1,0.002,1.057,False,True,True,False,False,True,False,False
TREND_DOWN,DOWN_NOV,2025-11-21T07:06:00+00:00,WIN,-0.145,-0.465,-0.21,-2.134,-0.299,-12884.45,43013.62,-8279.09,0.039,1.057,False,True,True,False,False,False,False,True
TREND_DOWN,DOWN_NOV,2025-11-21T07:07:00+00:00,WIN,-0.206,-0.512,-0.231,-2.115,-0.389,-14519.96,40537.07,-12884.45,0.0,1.057,False,True,True,False,False,False,False,True
TREND_DOWN,DOWN_NOV,2025-11-21T07:08:00+00:00,WIN,-0.176,-0.464,-0.2,-2.151,-0.447,-13102.17,39234.65,-14519.96,0.0,1.057,False,True,True,False,False,False,False,True
TREND_DOWN,DOWN_NOV,2025-11-21T07:09:00+00:00,WIN,-0.202,-0.533,-0.165,-1.957,-0.402,-11678.17,43322.3,-13102.17,0.043,1.057,False,True,True,False,False,False,False,True
TREND_DOWN,DOWN_NOV,2025-11-21T07:10:00+00:00,WIN,-0.16,-0.522,-0.174,-2.018,-0.414,-9492.69,45326.88,-11678.17,0.03,1.057,False,True,True,False,False,False,False,True
TREND_DOWN,DOWN_NOV,2025-11-21T07:11:00+00:00,WIN,-0.164,-0.471,-0.265,-2.016,-0.409,-8244.62,44631.02,-9492.69,0.035,1.057,False,True,True,False,False,False,False,True
TREND_DOWN,DOWN_NOV,2025-11-21T07:13:00+00:00,WIN,-0.188,-0.525,-0.294,-1.933,-0.391,-8745.96,43512.79,-9088.76,0.051,1.057,False,True,True,False,False,False,False,True
TREND_DOWN,DOWN_NOV,2025-11-21T07:15:00+00:00,WIN,-0.137,-0.457,-0.172,-1.992,-0.397,-16755.3,36663.39,-16745.68,0.039,1.057,False,True,True,False,False,False,False,True
TREND_DOWN,DOWN_NOV,2025-11-21T07:16:00+00:00,WIN,-0.214,-0.486,-0.363,-1.978,-0.46,-31184.29,30303.17,-16755.3,0.0,1.057,False,True,True,False,False,False,False,True
TREND_DOWN,DOWN_NOV,2025-11-21T07:17:00+00:00,WIN,-0.303,-0.513,-0.372,-1.845,-0.485,-29107.82,29135.96,-31184.29,0.0,1.09,False,True,True,False,False,False,False,True
TREND_DOWN,DOWN_NOV,2025-11-21T07:18:00+00:00,WIN,-0.287,-0.353,-0.238,-1.85,-0.423,-17816.93,30735.61,-29107.82,0.06,1.09,False,True,True,False,False,False,False,True
TREND_DOWN,DOWN_NOV,2025-11-21T07:19:00+00:00,WIN,-0.301,-0.393,-0.309,-1.759,-0.491,-17287.93,29607.2,-17816.93,0.0,1.1,False,True,True,False,False,False,False,True
TREND_DOWN,DOWN_NOV,2025-11-21T07:20:00+00:00,WIN,-0.615,-0.638,-0.748,-2.053,-0.788,-48692.88,-3402.91,-17287.93,0.0,1.406,False,True,True,False,False,False,True,True
TREND_DOWN,DOWN_NOV,2025-11-21T07:21:00+00:00,WIN,-0.617,-0.705,-0.588,-2.168,-0.729,-55719.77,-8694.82,-48692.88,0.021,1.406,False,True,True,False,False,False,True,True
TREND_DOWN,DOWN_NOV,2025-11-21T07:22:00+00:00,WIN,-0.45,-0.694,-0.573,-2.297,-0.632,-58472.46,-10844.03,-55719.77,0.096,1.406,False,True,True,False,False,False,True,True
TREND_DOWN,DOWN_NOV,2025-11-21T07:23:00+00:00,WIN,-0.314,-0.556,-0.446,-2.322,-0.552,-56568.9,-9339.88,-58472.46,0.17,1.406,False,False,True,False,False,False,False,True
TREND_DOWN,DOWN_NOV,2025-11-21T07:24:00+00:00,WIN,-0.344,-0.476,-0.44,-2.126,-0.522,-55714.8,-8408.82,-56568.9,0.194,1.406,False,False,True,False,False,False,False,True
TREND_DOWN,DOWN_NOV,2025-11-21T07:25:00+00:00,WIN,-0.373,-0.426,-0.503,-2.13,-0.502,-57523.74,-7021.92,-55714.8,0.212,1.406,False,False,True,False,False,False,False,True
TREND_DOWN,DOWN_NOV,2025-11-21T07:26:00+00:00,WIN,-0.363,-0.592,-0.689,-2.41,-0.563,-57487.43,-7490.07,-57523.74,0.146,1.406,False,False,True,False,False,False,False,True
TREND_DOWN,DOWN_NOV,2025-11-21T07:27:00+00:00,WIN,-0.284,-0.435,-0.609,-2.249,-0.509,-54367.91,-5485.1,-57487.43,0.198,1.406,False,False,True,False,False,False,False,True
TREND_DOWN,DOWN_NOV,2025-11-21T07:28:00+00:00,WIN,-0.368,-0.426,-0.696,-2.198,-0.53,-53928.91,-5854.94,-54367.91,0.174,1.406,False,False,True,False,False,False,False,True
TREND_DOWN,DOWN_NOV,2025-11-21T07:29:00+00:00,WIN,-0.428,-0.498,-0.77,-2.388,-0.639,-53030.24,-11880.23,-53928.91,0.061,1.406,False,True,True,False,False,False,True,True
TREND_DOWN,DOWN_NOV,2025-11-21T07:30:00+00:00,WIN,-0.458,-0.44,-0.76,-2.399,-0.607,-46255.8,-4698.1,-53030.24,0.089,1.406,False,True,True,False,False,False,True,True
TREND_DOWN,DOWN_NOV,2025-11-21T07:31:00+00:00,WIN,-0.527,-0.584,-0.643,-2.369,-0.683,-57346.73,-13218.94,-46255.8,0.0,1.409,False,True,True,False,False,False,True,True
TREND_DOWN,DOWN_NOV,2025-11-21T07:32:00+00:00,WIN,-0.919,-0.936,-0.788,-2.646,-1.073,-141357.09,-92172.49,-57346.73,0.0,1.821,False,True,True,False,False,False,True,True
TREND_DOWN,DOWN_NOV,2025-11-21T07:33:00+00:00,LOSS,-2.947,-3.013,-2.809,-4.617,-2.868,-359708.73,-303855.78,-141357.09,0.0,3.904,False,True,True,False,False,False,True,True
TREND_DOWN,DOWN_NOV,2025-11-21T07:34:00+00:00,LOSS,-2.715,-2.755,-2.607,-4.279,-1.654,-403421.99,-349635.99,-359708.73,0.301,3.904,False,False,True,False,False,False,False,True
TREND_DOWN,DOWN_NOV,2025-11-21T07:35:00+00:00,WIN,-2.18,-2.329,-2.032,-3.676,-0.781,-336340.8,-268838.35,-403421.99,0.791,3.904,False,False,False,False,False,False,False,False
TREND_DOWN,DOWN_NOV,2025-11-21T07:36:00+00:00,WIN,-2.458,-2.599,-2.411,-4.07,-1.046,-329568.41,-261397.85,-336340.8,0.468,3.904,False,False,True,False,False,False,False,True
TREND_DOWN,DOWN_NOV,2025-11-21T07:37:00+00:00,WIN,-1.817,-2.019,-1.782,-3.504,-0.44,-299525.23,-229463.83,-329568.41,1.035,3.904,False,False,False,False,False,False,False,False
TREND_DOWN,DOWN_NOV,2025-11-21T07:38:00+00:00,WIN,-1.73,-1.903,-1.733,-3.572,-0.393,-302420.93,-240361.41,-299525.23,1.063,3.904,False,False,False,False,False,False,False,False
TREND_DOWN,DOWN_NOV,2025-11-21T07:39:00+00:00,WIN,-1.694,-1.893,-1.627,-3.51,-0.301,-288183.12,-230772.05,-302420.93,1.144,3.904,False,False,False,False,False,False,False,False
TREND_DOWN,DOWN_NOV,2025-11-21T07:40:00+00:00,WIN,-1.423,-1.581,-1.452,-3.233,-0.029,-297482.73,-235969.5,-288183.12,1.41,3.904,False,False,False,False,False,False,False,False
TREND_DOWN,DOWN_NOV,2025-11-21T07:41:00+00:00,WIN,-1.31,-1.471,-1.384,-3.186,0.093,-291403.51,-227655.75,-297482.73,1.531,3.904,False,False,False,False,False,True,False,False
TREND_DOWN,DOWN_NOV,2025-11-21T07:42:00+00:00,WIN,-1.49,-1.648,-1.655,-3.431,-0.066,-284801.19,-223869.38,-291403.51,1.367,3.904,False,False,False,False,False,False,False,False
TREND_DOWN,DOWN_NOV,2025-11-21T07:43:00+00:00,WIN,-1.29,-1.475,-1.762,-3.269,0.137,-294378.12,-238990.8,-284801.19,1.568,3.904,False,False,False,False,False,True,False,False
TREND_DOWN,DOWN_NOV,2025-11-21T07:44:00+00:00,WIN,-1.358,-1.542,-1.785,-3.314,0.08,-298917.11,-244004.04,-294378.12,1.504,3.904,False,False,False,False,False,True,False,False
TREND_DOWN,DOWN_NOV,2025-11-21T07:45:00+00:00,WIN,-1.638,-1.773,-2.173,-3.716,-0.217,-311224.42,-258354.68,-298917.11,1.196,3.904,False,False,False,False,False,False,False,False
TREND_DOWN,DOWN_NOV,2025-11-21T07:46:00+00:00,WIN,-1.708,-1.919,-2.207,-3.71,-0.344,-320445.53,-272012.53,-311224.42,1.06,3.904,False,False,False,False,False,False,False,False
TREND_DOWN,DOWN_NOV,2025-11-21T07:47:00+00:00,WIN,-1.643,-1.941,-2.015,-3.733,-0.302,-330608.51,-279173.08,-320445.53,1.095,3.904,False,False,False,False,False,False,False,False
TREND_DOWN,DOWN_NOV,2025-11-21T07:48:00+00:00,WIN,-1.771,-2.053,-2.113,-3.77,-0.364,-327046.32,-277143.25,-330608.51,1.024,3.904,False,False,False,False,False,False,False,False
TREND_DOWN,DOWN_NOV,2025-11-21T07:49:00+00:00,WIN,-1.728,-2.024,-2.159,-3.693,-0.387,-324587.14,-274114.25,-327046.32,0.997,3.904,True,False,False,False,False,True,False,False
TREND_DOWN,DOWN_NOV,2025-11-21T07:54:00+00:00,WIN,-1.67,-2.008,-2.493,-3.63,-0.422,-335568.95,-288266.2,-328178.04,0.947,3.904,False,False,False,False,False,False,False,False
TREND_DOWN,DOWN_NOV,2025-11-21T07:55:00+00:00,WIN,-1.636,-2.002,-2.466,-3.603,-0.362,-332841.72,-286774.05,-335568.95,1.0,3.904,False,False,False,False,False,False,False,False
TREND_DOWN,DOWN_NOV,2025-11-21T07:56:00+00:00,WIN,-1.383,-1.741,-2.299,-3.401,-0.164,-322437.32,-280710.63,-332841.72,1.193,3.904,False,False,False,False,False,False,False,False
TREND_DOWN,DOWN_NOV,2025-11-21T07:57:00+00:00,WIN,-1.673,-1.952,-2.522,-3.718,-0.401,-323665.17,-279776.78,-322437.32,0.949,3.904,False,False,False,False,False,False,False,False
TREND_DOWN,DOWN_NOV,2025-11-21T07:58:00+00:00,WIN,-1.519,-1.881,-2.354,-3.561,-0.266,-325022.23,-272927.39,-323665.17,1.082,3.904,False,False,False,False,False,False,False,False
TREND_DOWN,DOWN_NOV,2025-11-21T07:59:00+00:00,WIN,-1.37,-1.793,-2.354,-3.471,-0.223,-321483.42,-270099.6,-325022.23,1.121,3.904,False,False,False,False,False,False,False,False
TREND_DOWN,DOWN_NOV,2025-11-21T08:00:00+00:00,WIN,-1.482,-1.934,-2.461,-3.544,-0.307,-324095.51,-272024.59,-321483.42,1.034,3.904,False,False,False,False,False,False,False,False
TREND_DOWN,DOWN_NOV,2025-11-21T08:04:00+00:00,WIN,0.484,-2.244,-2.658,-3.665,-0.536,-325862.0,-284863.22,-328588.64,0.787,3.904,False,False,False,True,False,False,False,False
TREND_DOWN,DOWN_NOV,2025-11-21T08:05:00+00:00,WIN,0.488,-1.703,-2.105,-2.96,-0.039,-317658.96,-280635.22,-325862.0,1.283,3.904,False,False,False,True,False,False,False,False
TREND_DOWN,DOWN_NOV,2025-11-21T08:28:00+00:00,WIN,0.349,-1.175,-2.278,-2.633,0.163,-270208.32,-319461.51,-269271.41,1.434,3.814,False,False,False,False,False,True,False,False
TREND_DOWN,DOWN_NOV,2025-11-21T08:29:00+00:00,WIN,0.231,-1.143,-2.3,-2.623,0.086,-271130.5,-326325.19,-270208.32,1.354,3.814,False,False,False,False,False,True,False,False
TREND_DOWN,DOWN_NOV,2025-11-21T08:30:00+00:00,WIN,0.349,-1.138,-2.338,-2.474,0.122,-280554.54,-327741.04,-271130.5,1.387,3.814,False,False,False,False,False,True,False,False
TREND_DOWN,DOWN_NOV,2025-11-21T08:31:00+00:00,WIN,0.348,-0.914,-2.164,-2.504,0.259,-270227.69,-326220.32,-280554.54,1.524,3.77,False,False,False,False,False,True,False,False
TREND_DOWN,DOWN_NOV,2025-11-21T08:32:00+00:00,WIN,0.557,-0.449,-2.075,-2.256,0.324,-187618.81,-328961.4,-270227.69,1.587,3.763,False,False,False,False,False,True,False,False
TREND_DOWN,DOWN_NOV,2025-11-21T08:33:00+00:00,WIN,0.484,1.368,-2.308,-2.534,0.108,25444.14,-327741.99,-187618.81,1.368,3.763,False,False,False,False,False,True,False,False
TREND_DOWN,DOWN_NOV,2025-11-21T08:34:00+00:00,WIN,0.406,0.892,-2.444,-2.805,-0.06,62896.9,-334833.76,25444.14,0.892,3.74,False,False,False,False,False,True,False,False
TREND_DOWN,DOWN_NOV,2025-11-21T08:35:00+00:00,WIN,-0.107,0.381,-2.301,-2.892,-0.08,-15783.45,-335498.98,62896.9,0.704,3.74,False,False,False,False,False,True,False,False
TREND_DOWN,DOWN_NOV,2025-11-21T08:36:00+00:00,WIN,-0.324,0.568,-2.41,-2.996,-0.21,-22766.07,-334371.22,-15783.45,0.568,3.74,False,False,True,False,False,True,False,True
TREND_DOWN,DOWN_NOV,2025-11-21T08:37:00+00:00,WIN,-0.296,0.043,-2.252,-2.793,-0.166,-51418.55,-327569.34,-22766.07,0.289,3.74,False,False,True,False,False,True,False,True
TREND_DOWN,DOWN_NOV,2025-11-21T08:38:00+00:00,WIN,-0.22,0.067,-2.162,-2.819,-0.11,-36548.22,-322235.93,-51418.55,0.341,3.74,False,False,True,False,False,True,False,True
TREND_DOWN,DOWN_NOV,2025-11-21T08:39:00+00:00,WIN,-0.345,-0.06,-2.156,-2.726,-0.152,-46559.91,-320781.52,-36548.22,0.294,3.74,False,False,True,False,False,False,False,True
TREND_DOWN,DOWN_NOV,2025-11-21T08:40:00+00:00,WIN,-0.411,-0.482,-2.317,-3.021,-0.309,-49321.46,-326146.58,-46559.91,0.132,3.74,False,False,True,False,False,False,False,True
TREND_DOWN,DOWN_NOV,2025-11-21T08:41:00+00:00,WIN,-0.569,-0.517,-2.309,-2.892,-0.221,-53536.94,-328469.44,-49321.46,0.217,3.74,False,False,True,False,False,False,False,True
TREND_DOWN,DOWN_NOV,2025-11-21T08:42:00+00:00,WIN,-0.867,-0.536,-2.499,-3.068,-0.397,-63509.81,-332324.99,-53536.94,0.036,3.74,False,True,True,False,False,False,True,True
TREND_DOWN,DOWN_NOV,2025-11-21T08:43:00+00:00,WIN,-0.983,-0.722,-2.661,-2.943,-0.383,-45554.17,-332404.44,-63509.81,0.046,3.74,False,True,True,False,False,False,True,True
TREND_DOWN,DOWN_NOV,2025-11-21T08:44:00+00:00,WIN,-0.803,-0.648,-2.61,-2.426,-0.361,-36290.37,-331809.87,-45554.17,0.059,3.74,False,True,True,False,False,False,True,True
TREND_DOWN,DOWN_NOV,2025-11-21T09:21:00+00:00,WIN,-0.391,-1.303,-2.804,-2.777,-0.758,-5510.67,-323452.02,-5282.39,0.0,3.277,False,True,True,False,False,False,True,True
TREND_DOWN,DOWN_NOV,2025-11-21T09:22:00+00:00,WIN,-0.331,-1.245,-2.797,-2.753,-0.683,-12808.2,-330170.57,-5510.67,0.07,3.277,False,True,True,False,False,False,True,True
TREND_DOWN,DOWN_NOV,2025-11-21T09:23:00+00:00,WIN,-0.488,-1.407,-2.796,-2.681,-0.742,-14018.4,-332523.24,-12808.2,0.006,3.223,False,True,True,False,False,False,True,True
TREND_DOWN,DOWN_NOV,2025-11-21T09:24:00+00:00,WIN,-0.446,-1.387,-2.793,-2.586,-0.792,-17503.59,-333423.96,-14018.4,0.0,3.223,False,True,True,False,False,False,True,True
TREND_DOWN,DOWN_NOV,2025-11-21T09:25:00+00:00,WIN,-0.542,-1.235,-2.746,-2.493,-0.772,4660.35,-316335.6,-17503.59,0.017,3.223,False,True,True,False,False,True,True,False
TREND_DOWN,DOWN_NOV,2025-11-21T09:27:00+00:00,WIN,-0.698,-1.325,-2.883,-2.658,-0.898,-11605.88,-335245.2,-21749.62,0.042,3.195,False,True,True,False,False,False,True,True
TREND_DOWN,DOWN_NOV,2025-11-21T09:28:00+00:00,WIN,-0.787,-1.454,-3.027,-2.977,-1.073,-24499.72,-348636.95,-11605.88,0.0,3.237,False,True,True,False,False,False,True,True
TREND_DOWN,DOWN_NOV,2025-11-21T09:29:00+00:00,WIN,-0.675,-1.366,-2.978,-3.052,-1.055,-22923.11,-347083.85,-24499.72,0.01,3.237,False,True,True,False,False,False,True,True
TREND_DOWN,DOWN_NOV,2025-11-21T09:30:00+00:00,WIN,-0.868,-1.416,-2.967,-3.203,-1.063,-4213.67,-331024.01,-22923.11,0.0,3.244,False,True,True,False,False,False,True,True
TREND_DOWN,DOWN_NOV,2025-11-21T09:31:00+00:00,WIN,-1.012,-1.583,-3.052,-3.123,-1.089,-24118.27,-351692.69,-4213.67,0.0,3.28,False,True,True,False,False,False,True,True
TREND_DOWN,DOWN_NOV,2025-11-21T09:32:00+00:00,WIN,-1.312,-1.933,-3.287,-3.46,-1.359,-31750.85,-360726.75,-24118.27,0.0,3.584,False,True,True,False,False,False,True,True
TREND_DOWN,DOWN_NOV,2025-11-21T09:33:00+00:00,WIN,-1.272,-1.626,-3.285,-3.272,-1.251,-31129.23,-365393.82,-31750.85,0.096,3.584,False,True,True,False,False,False,True,True
TREND_DOWN,DOWN_NOV,2025-11-21T09:34:00+00:00,WIN,-1.249,-1.447,-3.307,-3.211,-1.227,-15311.94,-355837.03,-31129.23,0.109,3.584,False,False,True,False,False,False,False,True
TREND_DOWN,DOWN_NOV,2025-11-21T09:35:00+00:00,WIN,-1.024,-1.305,-3.237,-3.113,-1.099,11664.03,-340460.22,-15311.94,0.231,3.584,False,False,True,False,False,True,False,False
TREND_DOWN,DOWN_NOV,2025-11-21T09:36:00+00:00,WIN,-1.221,-1.334,-3.353,-3.606,-1.247,14300.62,-338033.86,11664.03,0.067,3.538,False,True,True,False,False,True,True,False
TREND_DOWN,DOWN_NOV,2025-11-21T09:37:00+00:00,WIN,-0.912,-1.245,-3.197,-3.326,-1.115,10221.92,-340721.86,14300.62,0.197,3.531,False,False,True,False,False,True,False,False
TREND_DOWN,DOWN_NOV,2025-11-21T09:39:00+00:00,WIN,-1.157,-1.553,-3.474,-3.698,-1.408,-9916.57,-344659.6,2125.72,0.0,3.646,False,True,True,False,False,False,True,False
TREND_DOWN,DOWN_NOV,2025-11-21T09:40:00+00:00,WIN,-1.256,-1.402,-3.429,-3.85,-1.406,-4094.77,-350898.96,-9916.57,0.0,3.654,False,True,True,False,False,False,True,True
TREND_DOWN,DOWN_NOV,2025-11-21T09:41:00+00:00,WIN,-1.56,-1.66,-3.607,-4.089,-1.567,-15084.34,-360024.79,-4094.77,0.0,3.838,False,True,True,False,False,False,True,True
TREND_DOWN,DOWN_NOV,2025-11-21T09:42:00+00:00,WIN,-1.43,-1.432,-3.576,-4.04,-1.508,-4497.05,-352808.05,-15084.34,0.05,3.838,False,True,True,False,False,False,True,True
TREND_DOWN,DOWN_NOV,2025-11-21T09:43:00+00:00,WIN,-1.434,-1.542,-3.695,-4.146,-1.599,-19428.06,-359360.35,-4497.05,0.0,3.891,False,True,True,False,False,False,True,True
TREND_DOWN,DOWN_NOV,2025-11-21T09:44:00+00:00,WIN,-1.268,-1.378,-3.528,-3.958,-1.415,-15613.6,-350821.08,-19428.06,0.179,3.891,False,False,True,False,False,False,False,True
TREND_DOWN,DOWN_NOV,2025-11-21T10:04:00+00:00,LOSS,-1.128,-2.364,-4.359,-4.523,-2.059,-17999.35,-337442.21,-12439.84,0.0,4.557,False,True,True,False,False,False,True,True
TREND_DOWN,DOWN_NOV,2025-11-21T10:05:00+00:00,LOSS,-1.122,-2.135,-4.177,-4.256,-1.911,16850.61,-297633.47,-17999.35,0.128,4.493,False,False,True,False,False,True,False,False
TREND_DOWN,DOWN_NOV,2025-11-21T10:12:00+00:00,LOSS,-0.333,-1.758,-3.742,-3.981,-1.496,14779.99,-287222.93,13171.24,0.533,4.444,False,False,True,False,False,True,False,False
TREND_DOWN,DOWN_NOV,2025-11-21T10:13:00+00:00,LOSS,-0.404,-1.833,-3.904,-4.187,-1.658,9426.35,-290083.61,14779.99,0.359,4.444,False,False,True,False,False,True,False,False
TREND_DOWN,DOWN_NOV,2025-11-21T10:14:00+00:00,LOSS,-0.648,-1.907,-3.974,-4.199,-1.716,13454.25,-278217.32,9426.35,0.293,4.444,False,False,True,False,False,True,False,False
TREND_DOWN,DOWN_NOV,2025-11-21T10:27:00+00:00,LOSS,-0.402,-1.309,-3.736,-4.322,-1.553,42735.24,-238142.05,46981.9,0.311,4.204,False,False,True,False,False,True,False,False
TREND_DOWN,DOWN_NOV,2025-11-21T10:50:00+00:00,WIN,0.58,-0.093,-2.184,-3.944,-0.79,72073.84,64599.24,56890.48,0.688,3.417,False,False,False,True,False,True,False,False
TREND_DOWN,DOWN_NOV,2025-11-21T11:24:00+00:00,WIN,0.422,1.049,-1.697,-3.764,0.27,84560.68,112755.78,85887.66,1.265,3.204,False,False,False,True,False,True,False,False
TREND_DOWN,DOWN_NOV,2025-11-21T11:25:00+00:00,WIN,0.449,0.968,-1.506,-3.745,0.333,82940.9,113857.59,84560.68,1.323,3.109,False,False,False,True,False,True,False,False
TREND_DOWN,DOWN_NOV,2025-11-21T11:26:00+00:00,WIN,0.46,0.884,-1.477,-3.824,0.241,88109.19,113341.47,82940.9,1.226,3.109,False,False,False,True,False,True,False,False
TREND_DOWN,DOWN_NOV,2025-11-21T11:38:00+00:00,WIN,-0.781,-0.248,-1.668,-3.794,-0.165,27437.69,122156.82,37409.25,0.244,2.646,False,False,True,False,False,True,False,False
TREND_DOWN,DOWN_NOV,2025-11-21T11:39:00+00:00,WIN,-0.747,-0.15,-1.648,-3.768,-0.183,28857.08,121345.65,27437.69,0.218,2.598,False,False,True,False,False,True,False,False
TREND_DOWN,DOWN_NOV,2025-11-21T11:40:00+00:00,WIN,-0.888,-0.416,-1.628,-3.907,-0.321,20158.95,121016.81,28857.08,0.076,2.554,False,True,True,False,False,True,False,False
TREND_DOWN,DOWN_NOV,2025-11-21T11:41:00+00:00,WIN,-0.772,-0.209,-1.737,-4.007,-0.34,22175.65,114944.93,20158.95,0.05,2.554,False,True,True,False,False,True,False,False
TREND_DOWN,DOWN_NOV,2025-11-21T11:42:00+00:00,WIN,-0.614,-0.198,-1.61,-4.069,-0.383,18923.8,114026.32,22175.65,0.0,2.554,False,True,True,False,False,True,False,False
TREND_DOWN,DOWN_NOV,2025-11-21T11:43:00+00:00,WIN,-0.587,-0.094,-1.529,-4.149,-0.284,33219.08,106544.52,18923.8,0.093,2.554,False,True,True,False,False,True,False,False
TREND_DOWN,DOWN_NOV,2025-11-21T11:44:00+00:00,WIN,-0.678,-0.048,-1.532,-4.101,-0.266,36079.29,101127.09,33219.08,0.103,2.554,False,False,True,False,False,True,False,False
TREND_DOWN,DOWN_NOV,2025-11-21T11:45:00+00:00,WIN,-0.725,-0.137,-1.541,-4.087,-0.34,37303.21,99841.31,36079.29,0.016,2.554,False,True,True,False,False,True,False,False
TREND_DOWN,DOWN_NOV,2025-11-21T11:46:00+00:00,WIN,-0.746,-0.064,-1.631,-4.233,-0.371,38005.34,95017.74,37303.21,0.0,2.554,False,True,True,False,False,True,False,False
TREND_DOWN,DOWN_NOV,2025-11-21T11:47:00+00:00,LOSS,-0.849,-0.248,-1.951,-4.386,-0.472,27067.92,77434.5,38005.34,0.0,2.554,False,True,True,False,False,True,False,False
TREND_DOWN,DOWN_NOV,2025-11-21T11:48:00+00:00,LOSS,-0.862,-0.331,-1.907,-4.411,-0.533,30601.93,80472.55,27067.92,0.0,2.517,False,True,True,False,False,True,False,False
TREND_DOWN,DOWN_NOV,2025-11-21T11:49:00+00:00,LOSS,-0.7,-0.177,-1.708,-4.381,-0.487,33767.49,93455.22,30601.93,0.041,2.517,False,True,True,False,False,True,False,False
TREND_DOWN,DOWN_NOV,2025-11-21T11:50:00+00:00,LOSS,-0.807,-0.095,-1.572,-4.409,-0.409,17993.4,98711.6,33767.49,0.112,2.517,False,False,True,False,False,True,False,False
TREND_DOWN,DOWN_NOV,2025-11-21T11:51:00+00:00,LOSS,-1.035,-0.331,-1.698,-4.486,-0.508,25101.75,105157.82,17993.4,0.005,2.517,False,True,True,False,False,True,False,False
TREND_DOWN,DOWN_NOV,2025-11-21T11:52:00+00:00,LOSS,-0.781,-0.44,-1.611,-4.373,-0.402,20891.85,110434.87,25101.75,0.104,2.517,False,False,True,False,False,True,False,False
TREND_DOWN,DOWN_NOV,2025-11-21T11:53:00+00:00,LOSS,-1.048,-0.557,-1.788,-4.438,-0.482,19066.74,107206.12,20891.85,0.017,2.517,False,True,True,False,False,True,False,False
TREND_DOWN,DOWN_NOV,2025-11-21T11:54:00+00:00,LOSS,-0.964,-0.546,-1.715,-4.421,-0.5,30733.25,119262.8,19066.74,0.0,2.517,False,True,True,False,False,True,False,False
TREND_DOWN,DOWN_NOV,2025-11-21T12:07:00+00:00,LOSS,-0.573,-1.024,-1.815,-4.374,-0.505,-2549.92,97957.65,6356.04,0.115,2.415,False,False,True,False,False,False,False,False
TREND_DOWN,DOWN_NOV,2025-11-21T12:08:00+00:00,LOSS,-0.758,-1.533,-2.054,-4.483,-0.722,-41976.28,90243.9,-2549.92,0.0,2.415,False,True,True,False,False,False,False,True
TREND_DOWN,DOWN_NOV,2025-11-21T12:09:00+00:00,LOSS,-0.66,-1.402,-1.903,-4.52,-0.641,-40382.77,99608.55,-41976.28,0.073,2.415,False,True,True,False,False,False,False,True
TREND_DOWN,DOWN_NOV,2025-11-21T12:10:00+00:00,LOSS,-0.576,-1.459,-2.05,-4.552,-0.69,-47735.62,102668.62,-40382.77,0.016,2.415,False,True,True,False,False,False,False,True
TREND_DOWN,DOWN_NOV,2025-11-21T12:11:00+00:00,LOSS,-0.427,-1.196,-2.058,-4.39,-0.561,4029.17,90853.9,-47735.62,0.139,2.415,False,False,True,False,False,True,False,False
TREND_DOWN,DOWN_NOV,2025-11-21T12:12:00+00:00,LOSS,-0.47,-1.081,-2.071,-4.591,-0.64,10327.5,95733.62,4029.17,0.044,2.332,False,True,True,False,False,True,False,False
TREND_DOWN,DOWN_NOV,2025-11-21T12:22:00+00:00,LOSS,-0.982,-1.756,-2.254,-4.987,-1.139,-18205.32,104656.81,-30217.77,0.13,2.439,False,False,True,False,False,False,False,True
TREND_DOWN,DOWN_NOV,2025-11-21T12:23:00+00:00,LOSS,-1.376,-2.409,-2.664,-5.386,-1.587,-85635.51,42688.0,-18205.32,0.0,2.737,False,True,True,False,False,False,False,True
TREND_DOWN,DOWN_NOV,2025-11-21T12:24:00+00:00,LOSS,-1.421,-2.371,-2.678,-5.397,-1.546,-76084.81,54174.56,-85635.51,0.0,2.769,False,True,True,False,False,False,False,True
TREND_DOWN,DOWN_NOV,2025-11-21T12:25:00+00:00,LOSS,-1.2,-2.149,-2.417,-5.096,-1.232,-57620.66,51576.58,-76084.81,0.286,2.769,False,False,True,False,False,False,False,True
TREND_DOWN,DOWN_NOV,2025-11-21T12:26:00+00:00,LOSS,-1.305,-2.275,-2.454,-5.406,-1.427,-68393.12,66697.97,-57620.66,0.06,2.706,False,True,True,False,False,False,False,True
TREND_DOWN,DOWN_NOV,2025-11-21T12:27:00+00:00,LOSS,-1.619,-2.36,-2.632,-5.439,-1.535,-75093.0,52296.41,-68393.12,0.0,2.79,False,True,True,False,False,False,False,True
TREND_DOWN,DOWN_NOV,2025-11-21T12:28:00+00:00,LOSS,-1.926,-2.705,-2.82,-5.762,-1.886,-90012.8,48820.88,-75093.0,0.0,3.177,False,True,True,False,False,False,False,True
TREND_DOWN,DOWN_NOV,2025-11-21T12:29:00+00:00,LOSS,-1.651,-2.368,-2.55,-5.452,-1.562,-79731.97,62130.76,-90012.8,0.289,3.177,False,False,True,False,False,False,False,True
TREND_DOWN,DOWN_NOV,2025-11-21T12:30:00+00:00,LOSS,-1.019,-1.728,-1.924,-4.833,-0.917,-67706.03,54324.68,-79731.97,0.915,3.177,False,False,False,False,False,False,False,False
TREND_DOWN,DOWN_NOV,2025-11-21T12:31:00+00:00,LOSS,-0.691,-1.466,-1.6,-4.603,-0.588,-53198.99,85748.56,-67706.03,1.213,3.177,False,False,False,False,False,False,False,False
TREND_DOWN,DOWN_NOV,2025-11-21T12:32:00+00:00,LOSS,-0.873,-1.787,-1.44,-4.679,-0.685,-79116.74,94804.36,-53198.99,1.081,3.177,False,False,False,False,False,False,False,False
TREND_DOWN,DOWN_NOV,2025-11-21T12:33:00+00:00,LOSS,-0.928,-1.63,-1.537,-4.771,-0.669,-73009.91,99036.96,-79116.74,1.078,3.177,False,False,False,False,False,False,False,False
TREND_DOWN,DOWN_NOV,2025-11-21T12:34:00+00:00,LOSS,-0.632,-1.313,-1.419,-4.679,-0.527,-61950.08,94959.71,-73009.91,1.212,3.177,False,False,False,False,False,False,False,False
TREND_DOWN,DOWN_NOV,2025-11-21T13:05:00+00:00,LOSS,1.916,1.557,1.635,-2.611,1.334,-22546.27,53992.9,-27698.85,3.302,3.505,False,False,False,False,False,True,False,False
TREND_DOWN,DOWN_NOV,2025-11-21T13:29:00+00:00,LOSS,0.199,3.043,1.652,-2.088,1.11,46006.3,45706.05,55734.72,3.043,4.31,False,False,False,False,False,True,False,False
TREND_DOWN,DOWN_NOV,2025-11-21T13:30:00+00:00,LOSS,0.206,2.585,1.608,-1.942,1.285,37887.63,38441.8,46006.3,2.585,4.31,False,False,False,False,False,True,False,False
TREND_DOWN,DOWN_NOV,2025-11-21T13:31:00+00:00,LOSS,0.491,2.273,1.518,-1.862,1.269,29100.95,44818.56,37887.63,2.409,4.31,False,False,False,False,False,True,False,False
TREND_DOWN,DOWN_NOV,2025-11-21T13:32:00+00:00,LOSS,0.09,2.257,1.209,-1.607,1.118,34430.39,43443.67,29100.95,2.259,4.31,False,False,False,False,False,True,False,False
TREND_DOWN,DOWN_NOV,2025-11-21T13:33:00+00:00,LOSS,0.202,2.265,1.066,0.411,1.119,25634.95,33147.86,34430.39,2.265,4.31,False,False,False,False,False,True,False,False
TREND_DOWN,DOWN_NOV,2025-11-21T13:34:00+00:00,LOSS,0.344,2.214,1.283,0.192,1.2,22937.94,24929.09,25634.95,2.214,4.31,False,False,False,False,False,True,False,False
TREND_DOWN,DOWN_NOV,2025-11-21T13:35:00+00:00,LOSS,0.439,2.364,1.484,-0.003,1.493,22502.7,31130.9,22937.94,2.364,4.31,False,False,False,False,False,True,False,False
TREND_DOWN,DOWN_NOV,2025-11-21T13:36:00+00:00,LOSS,0.373,2.139,1.581,0.442,1.612,20356.15,22588.4,22502.7,2.139,4.31,False,False,False,False,False,True,False,False
TREND_DOWN,DOWN_NOV,2025-11-21T14:01:00+00:00,LOSS,0.367,0.859,1.149,-0.248,1.494,9446.77,6456.12,18538.02,0.859,4.505,False,False,False,False,False,True,False,False
TREND_DOWN,DOWN_NOV,2025-11-21T14:02:00+00:00,LOSS,0.617,0.708,1.304,-0.0,1.588,14764.64,8710.33,9446.77,0.874,4.505,False,False,False,False,False,True,False,False
TREND_DOWN,DOWN_NOV,2025-11-21T14:03:00+00:00,LOSS,0.558,0.762,1.235,0.091,1.529,21386.97,8663.25,14764.64,0.82,4.505,False,False,False,False,False,True,False,False
TREND_DOWN,DOWN_NOV,2025-11-21T14:04:00+00:00,LOSS,0.392,0.737,1.073,0.1,1.442,23481.83,7842.69,21386.97,0.737,4.505,False,False,False,False,False,True,False,False
TREND_DOWN,DOWN_NOV,2025-11-21T14:05:00+00:00,LOSS,-0.001,0.438,1.024,-0.49,1.339,15975.6,2946.47,23481.83,0.438,4.505,False,False,True,False,False,True,False,False
TREND_DOWN,DOWN_NOV,2025-11-21T14:06:00+00:00,LOSS,0.135,0.509,1.376,-0.314,1.598,8408.27,4490.79,15975.6,0.678,4.505,False,False,False,False,False,True,False,False
TREND_DOWN,DOWN_NOV,2025-11-21T14:07:00+00:00,LOSS,0.069,0.642,1.125,-0.317,1.604,13341.47,-5571.83,8408.27,0.687,4.505,False,False,False,False,False,True,False,False
TREND_DOWN,DOWN_NOV,2025-11-21T14:08:00+00:00,LOSS,0.178,0.499,0.94,-0.182,1.717,7611.2,-37474.89,13341.47,0.798,4.505,False,False,False,False,False,True,False,False
TREND_DOWN,DOWN_NOV,2025-11-21T14:10:00+00:00,LOSS,0.12,0.644,0.954,-0.213,1.676,9188.01,-52519.65,14079.64,0.751,4.505,False,False,False,False,False,True,False,False
TREND_DOWN,DOWN_NOV,2025-11-21T14:11:00+00:00,LOSS,-0.14,0.405,1.021,-0.531,1.598,5858.13,-8056.92,9188.01,0.674,4.505,False,False,False,False,False,True,False,False
TREND_DOWN,DOWN_NOV,2025-11-21T14:12:00+00:00,LOSS,-0.165,0.413,1.241,-0.643,1.611,3319.9,-9401.17,5858.13,0.681,4.505,False,False,False,False,False,True,False,False
TREND_DOWN,DOWN_NOV,2025-11-21T14:13:00+00:00,LOSS,-0.323,0.132,1.022,-0.919,1.457,-4117.34,-10071.91,3319.9,0.53,4.505,False,False,True,False,False,True,False,False
TREND_DOWN,DOWN_NOV,2025-11-21T14:14:00+00:00,LOSS,-0.381,0.013,0.882,-0.788,1.419,-13615.56,-17704.2,-4117.34,0.492,4.505,False,False,True,False,False,True,False,True
TREND_DOWN,DOWN_NOV,2025-11-21T14:15:00+00:00,LOSS,-0.667,-0.266,0.75,-1.178,1.24,-16193.83,-15570.79,-13615.56,0.321,4.505,False,False,True,False,False,True,False,True
TREND_DOWN,DOWN_NOV,2025-11-21T14:16:00+00:00,LOSS,-0.452,-0.304,0.837,-0.967,1.298,-25057.66,-18050.12,-16193.83,0.385,4.505,False,False,True,False,False,True,False,True
TREND_DOWN,DOWN_NOV,2025-11-21T14:17:00+00:00,LOSS,-0.645,-0.689,0.713,-1.123,1.17,-50675.62,-29258.55,-25057.66,0.26,4.505,False,False,True,False,False,True,False,True
TREND_DOWN,DOWN_NOV,2025-11-21T14:18:00+00:00,LOSS,-0.873,-0.55,0.749,-0.983,1.141,-50864.54,-29161.72,-50675.62,0.238,4.505,False,False,True,False,False,True,False,True
TREND_DOWN,DOWN_NOV,2025-11-21T14:19:00+00:00,LOSS,-0.544,-0.627,0.881,-0.869,1.148,-47127.58,-24456.58,-50864.54,0.247,4.505,False,False,True,False,False,True,False,True
TREND_DOWN,DOWN_NOV,2025-11-21T14:21:00+00:00,LOSS,-0.688,-0.269,0.779,-0.812,1.351,-43510.69,-45672.79,-43059.75,0.448,4.505,False,False,True,False,False,True,False,True
TREND_DOWN,DOWN_NOV,2025-11-21T14:22:00+00:00,LOSS,-0.539,-0.095,0.897,-0.864,1.306,-23392.49,-38294.4,-43510.69,0.406,4.505,False,False,True,False,False,True,False,True
TREND_DOWN,DOWN_NOV,2025-11-21T14:23:00+00:00,LOSS,-0.476,0.088,0.8,-0.877,1.392,-21193.79,-39451.37,-23392.49,0.494,4.505,False,False,True,False,False,True,False,True
TREND_DOWN,DOWN_NOV,2025-11-21T14:24:00+00:00,LOSS,-0.603,0.163,0.82,-0.89,1.303,-18912.63,-43394.15,-21193.79,0.406,4.505,False,False,True,False,False,True,False,True
TREND_DOWN,DOWN_NOV,2025-11-21T14:25:00+00:00,LOSS,-0.629,0.002,0.663,-0.853,1.202,-23331.36,-41975.91,-18912.63,0.307,4.505,False,False,True,False,False,True,False,True
TREND_DOWN,DOWN_NOV,2025-11-21T14:26:00+00:00,LOSS,-0.647,-0.09,0.703,-0.784,1.144,-18988.15,-41988.87,-23331.36,0.251,4.505,False,False,True,False,False,True,False,True
TREND_DOWN,DOWN_NOV,2025-11-21T14:27:00+00:00,LOSS,-0.722,0.034,0.712,-0.899,1.098,-20789.08,-43296.17,-18988.15,0.205,4.505,False,False,True,False,False,True,False,True
TREND_DOWN,DOWN_NOV,2025-11-21T14:28:00+00:00,LOSS,-0.729,0.184,0.713,-0.869,1.076,-7895.9,-42173.98,-20789.08,0.184,4.505,False,False,True,False,False,True,False,True
TREND_DOWN,DOWN_NOV,2025-11-21T14:29:00+00:00,LOSS,-0.491,0.31,0.915,-0.649,1.22,-8192.33,-41918.0,-7895.9,0.31,4.505,False,False,True,False,False,True,False,True
TREND_DOWN,DOWN_NOV,2025-11-21T14:50:00+00:00,WIN,1.114,0.595,2.766,1.15,1.931,15852.51,40968.18,18513.03,1.289,5.507,False,False,False,False,False,True,False,False
TREND_DOWN,DOWN_NOV,2025-11-21T14:56:00+00:00,WIN,1.727,1.068,3.46,1.467,2.334,5497.08,11306.48,9119.58,1.794,5.797,False,False,False,False,False,True,False,False
TREND_DOWN,DOWN_NOV,2025-11-21T15:06:00+00:00,WIN,-0.358,0.817,3.115,0.943,1.744,27784.43,25919.18,26056.57,1.314,5.797,False,False,False,False,False,True,False,False
TREND_DOWN,DOWN_NOV,2025-11-21T15:07:00+00:00,WIN,-0.396,0.646,2.831,0.964,1.572,26213.04,23191.13,27784.43,1.151,5.797,False,False,False,False,False,True,False,False
TREND_DOWN,DOWN_NOV,2025-11-21T15:08:00+00:00,WIN,-0.412,0.434,2.957,0.842,1.465,22270.25,26771.64,26213.04,1.049,5.797,False,False,False,False,False,True,False,False
TREND_DOWN,DOWN_NOV,2025-11-21T15:09:00+00:00,WIN,-0.479,0.299,2.898,0.94,1.47,15190.87,15622.87,22270.25,1.066,5.797,False,False,False,False,False,True,False,False
TREND_DOWN,DOWN_NOV,2025-11-21T15:10:00+00:00,WIN,-0.682,0.461,2.92,0.81,1.423,12631.04,7847.01,15190.87,1.029,5.797,False,False,False,False,False,True,False,False
TREND_DOWN,DOWN_NOV,2025-11-21T15:11:00+00:00,WIN,-0.87,0.549,2.804,0.689,1.426,9817.42,-2268.67,12631.04,1.04,5.797,False,False,False,False,False,True,False,False
TREND_DOWN,DOWN_NOV,2025-11-21T15:12:00+00:00,WIN,-0.822,0.413,2.77,0.642,1.288,15754.63,-3974.04,9817.42,0.911,5.797,False,False,False,False,False,True,False,False
TREND_DOWN,DOWN_NOV,2025-11-21T15:13:00+00:00,WIN,-0.77,0.368,2.295,0.543,1.083,12261.02,-15838.62,15754.63,0.714,5.797,False,False,False,False,False,True,False,False
TREND_DOWN,DOWN_NOV,2025-11-21T15:14:00+00:00,WIN,-0.871,0.425,2.265,0.552,1.093,17637.76,-51469.16,12261.02,0.734,5.797,False,False,False,False,False,True,False,False
TREND_DOWN,DOWN_NOV,2025-11-21T15:15:00+00:00,WIN,-0.548,0.607,2.503,0.522,1.089,16063.55,-49652.1,17637.76,0.744,5.797,False,False,False,False,False,True,False,False
TREND_DOWN,DOWN_NOV,2025-11-21T15:16:00+00:00,LOSS,-0.368,0.47,2.563,0.585,1.008,19860.97,-49659.4,16063.55,0.671,5.797,False,False,False,False,False,True,False,False
TREND_DOWN,DOWN_NOV,2025-11-21T15:17:00+00:00,LOSS,-0.377,0.389,2.329,0.269,0.796,21297.71,-58052.19,19860.97,0.465,5.797,False,False,True,False,False,True,False,False
TREND_DOWN,DOWN_NOV,2025-11-21T15:18:00+00:00,LOSS,-0.669,0.553,2.59,0.521,0.93,23750.81,-45887.4,21297.71,0.607,5.797,False,False,False,False,False,True,False,False
TREND_DOWN,DOWN_NOV,2025-11-21T15:19:00+00:00,WIN,-0.413,0.688,2.692,0.638,1.062,29765.4,-35613.5,23750.81,0.75,5.797,False,False,False,False,False,True,False,False
TREND_DOWN,DOWN_NOV,2025-11-21T15:20:00+00:00,LOSS,-0.924,0.18,2.433,0.4,0.656,19197.27,-37923.08,29765.4,0.353,5.797,False,False,True,False,False,True,False,False
TREND_DOWN,DOWN_NOV,2025-11-21T15:21:00+00:00,LOSS,-1.279,0.033,2.91,0.53,0.589,20305.7,4850.68,19197.27,0.296,5.797,False,False,True,False,False,True,False,False
TREND_DOWN,DOWN_NOV,2025-11-21T15:22:00+00:00,LOSS,-1.419,0.22,2.926,0.606,0.679,3022.33,-17066.75,20305.7,0.442,5.797,False,False,True,False,False,True,False,False
TREND_DOWN,DOWN_NOV,2025-11-21T15:23:00+00:00,LOSS,-1.302,0.285,3.583,0.824,0.797,-3366.97,42817.17,3022.33,0.595,5.797,False,False,True,False,False,True,False,False
TREND_DOWN,DOWN_NOV,2025-11-21T15:24:00+00:00,LOSS,-1.571,0.369,3.65,0.874,0.635,-2430.94,30259.72,-3366.97,0.591,5.797,False,False,True,False,False,True,False,True
TREND_DOWN,DOWN_NOV,2025-11-21T15:25:00+00:00,LOSS,-1.489,0.561,3.451,0.95,0.678,-9369.62,6275.13,-2430.94,0.684,5.797,False,False,False,False,False,True,False,False
TREND_DOWN,DOWN_NOV,2025-11-21T15:26:00+00:00,LOSS,-1.357,0.347,3.405,0.868,0.366,-7657.22,18747.03,-9369.62,0.413,5.797,False,False,True,False,False,True,False,True
TREND_DOWN,DOWN_NOV,2025-11-21T15:27:00+00:00,LOSS,-1.521,0.217,3.37,0.65,0.162,-14791.74,17005.09,-7657.22,0.238,5.797,False,False,True,False,False,True,False,True
TREND_DOWN,DOWN_NOV,2025-11-21T15:28:00+00:00,LOSS,-1.682,0.15,3.669,0.745,0.051,-14738.57,33100.25,-14791.74,0.15,5.797,False,False,True,False,False,True,False,True
TREND_DOWN,DOWN_NOV,2025-11-21T15:29:00+00:00,LOSS,-1.433,-0.072,3.288,0.654,-0.086,-14560.5,23253.47,-14738.57,0.0,5.492,False,True,True,False,False,True,False,True
TREND_DOWN,DOWN_NOV,2025-11-21T15:30:00+00:00,LOSS,-1.393,-0.555,2.661,0.686,-0.116,-32412.18,11129.48,-14560.5,0.014,4.837,False,True,True,False,False,True,False,True
TREND_DOWN,DOWN_NOV,2025-11-21T15:31:00+00:00,LOSS,-0.892,-0.089,2.588,0.947,0.022,-19651.89,12022.07,-32412.18,0.238,4.668,False,False,True,False,False,True,False,True
TREND_DOWN,DOWN_NOV,2025-11-21T15:32:00+00:00,LOSS,-0.798,-0.541,2.692,1.214,-0.048,-11633.11,10714.03,-19651.89,0.208,4.668,False,False,True,False,False,True,False,True
TREND_DOWN,DOWN_NOV,2025-11-21T15:33:00+00:00,LOSS,-1.196,-0.853,2.39,0.817,-0.379,-18288.6,-6374.27,-11633.11,0.0,4.668,False,True,True,False,False,True,False,True
TREND_DOWN,DOWN_NOV,2025-11-21T15:34:00+00:00,LOSS,-1.376,-1.62,2.047,0.599,-0.599,-95184.45,-18111.35,-18288.6,0.0,4.53,False,True,True,False,False,True,False,True
TREND_DOWN,DOWN_NOV,2025-11-21T15:35:00+00:00,LOSS,-1.523,-1.82,1.849,0.429,-0.662,-115864.14,-25256.01,-95184.45,0.0,4.377,False,True,True,False,False,True,False,True
TREND_DOWN,DOWN_NOV,2025-11-21T15:36:00+00:00,LOSS,-1.703,-2.055,1.357,0.451,-0.818,-105117.24,-28969.1,-115864.14,0.0,4.021,False,True,True,False,False,True,False,True
TREND_DOWN,DOWN_NOV,2025-11-21T15:37:00+00:00,LOSS,-1.504,-1.894,0.899,0.36,-0.809,-86379.72,-8990.07,-105117.24,0.041,3.508,False,True,True,False,False,True,False,True
TREND_DOWN,DOWN_NOV,2025-11-21T15:38:00+00:00,LOSS,-1.486,-1.891,0.502,0.524,-0.92,-87098.07,-10939.82,-86379.72,0.0,3.228,False,True,True,False,False,True,False,True
TREND_DOWN,DOWN_NOV,2025-11-21T15:40:00+00:00,LOSS,-1.817,-2.487,0.185,0.237,-1.302,-98049.94,-33088.93,-101627.58,0.0,3.228,False,True,True,False,True,True,False,True
TREND_DOWN,DOWN_NOV,2025-11-21T15:53:00+00:00,LOSS,-1.403,-2.687,-0.808,0.759,-1.37,-55835.38,-22642.68,-60665.26,0.029,3.077,False,True,True,False,False,True,True,True
TREND_DOWN,DOWN_NOV,2025-11-21T16:05:00+00:00,LOSS,-1.037,-2.544,-1.101,0.516,-1.808,-57975.86,-15943.69,-62044.73,0.0,3.555,False,True,True,False,False,True,True,True
TREND_DOWN,DOWN_NOV,2025-11-21T16:06:00+00:00,LOSS,-0.858,-2.546,-1.249,0.538,-1.748,-59146.39,-22953.69,-57975.86,0.038,3.555,False,True,True,False,False,True,True,True
TREND_DOWN,DOWN_NOV,2025-11-21T16:07:00+00:00,LOSS,-0.682,-2.176,-0.912,0.988,-1.526,-50601.48,-11046.97,-59146.39,0.256,3.555,False,False,True,False,False,True,False,True
TREND_DOWN,DOWN_NOV,2025-11-21T16:12:00+00:00,LOSS,-0.189,-1.893,-1.08,0.504,-1.451,-25594.4,-6519.87,-22152.17,0.307,3.555,False,False,True,False,False,True,False,True
TREND_DOWN,DOWN_NOV,2025-11-21T16:18:00+00:00,LOSS,-0.701,-1.738,-1.738,0.887,-1.562,-17137.89,-44251.62,-11458.79,0.163,3.555,False,False,True,False,False,True,False,True
TREND_DOWN,DOWN_NOV,2025-11-21T17:22:00+00:00,WIN,0.848,2.654,1.718,2.63,1.38,28460.1,26671.67,21974.75,2.678,3.555,False,False,False,False,False,True,False,False
TREND_DOWN,DOWN_NOV,2025-11-21T17:38:00+00:00,WIN,-0.196,1.644,0.411,3.02,1.344,-8741.8,-72200.41,7959.02,2.262,3.622,False,False,False,False,True,True,False,False
TREND_DOWN,DOWN_NOV,2025-11-21T17:39:00+00:00,WIN,-0.229,1.928,0.368,3.09,1.39,-8762.44,-75157.48,-8741.8,2.305,3.622,False,False,False,False,True,True,False,False
TREND_DOWN,DOWN_NOV,2025-11-21T17:40:00+00:00,WIN,-0.154,1.68,0.094,3.127,1.284,-16834.48,-76706.22,-8762.44,2.197,3.622,False,False,False,False,True,True,False,False
TREND_DOWN,DOWN_NOV,2025-11-21T17:41:00+00:00,WIN,-0.044,1.944,0.035,3.299,1.427,-25192.11,-91072.13,-16834.48,2.341,3.622,False,False,False,False,True,True,False,False
TREND_DOWN,DOWN_NOV,2025-11-21T17:44:00+00:00,WIN,0.06,2.151,0.301,3.208,1.41,-9412.82,-79517.99,-18065.5,2.303,3.622,False,False,False,False,True,True,False,False
TREND_DOWN,DOWN_NOV,2025-11-21T17:46:00+00:00,WIN,0.029,2.139,0.877,3.349,1.417,-2633.77,-57888.35,846.77,2.139,3.622,False,False,False,False,False,True,False,False
TREND_DOWN,DOWN_NOV,2025-11-21T17:47:00+00:00,WIN,0.109,1.939,1.132,3.515,1.477,-10804.3,-52542.73,-2633.77,1.939,3.622,False,False,False,False,False,True,False,False
TREND_DOWN,DOWN_NOV,2025-11-21T17:48:00+00:00,WIN,-0.084,1.79,0.766,3.665,1.552,-15399.75,-60735.56,-10804.3,1.79,3.622,False,False,False,False,False,True,False,False
TREND_DOWN,DOWN_NOV,2025-11-21T17:49:00+00:00,WIN,0.229,1.747,0.92,3.66,1.596,-20610.23,-55743.24,-15399.75,1.747,3.622,False,False,False,False,False,True,False,False
TREND_DOWN,DOWN_NOV,2025-11-21T17:50:00+00:00,WIN,0.188,1.509,0.649,3.433,1.446,-22855.29,-50487.37,-20610.23,1.509,3.622,False,False,False,False,False,True,False,False
TREND_DOWN,DOWN_NOV,2025-11-21T17:51:00+00:00,WIN,0.19,1.345,0.387,3.586,1.491,-33572.72,-55701.23,-22855.29,1.345,3.622,False,False,False,False,True,True,False,False
TREND_DOWN,DOWN_NOV,2025-11-21T17:52:00+00:00,TIMEOUT,-0.217,0.628,-0.163,3.213,1.231,-70540.55,-65850.39,-33572.72,0.721,3.622,False,False,False,False,True,True,False,False
TREND_DOWN,DOWN_NOV,2025-11-21T17:53:00+00:00,TIMEOUT,-0.517,0.527,-0.31,3.185,1.122,-89342.49,-67253.83,-70540.55,0.606,3.622,False,False,False,False,True,True,False,False
TREND_DOWN,DOWN_NOV,2025-11-21T17:54:00+00:00,TIMEOUT,-0.632,0.547,-0.636,3.147,1.066,-87211.77,-77566.8,-89342.49,0.547,3.622,False,False,True,False,False,True,False,True
TREND_DOWN,DOWN_NOV,2025-11-21T17:55:00+00:00,TIMEOUT,-0.512,0.537,-0.493,3.242,1.231,-88302.24,-67650.94,-87211.77,0.537,3.622,False,False,True,False,True,True,False,True
TREND_DOWN,DOWN_NOV,2025-11-21T17:56:00+00:00,TIMEOUT,-0.451,0.22,-0.175,3.278,1.158,-91662.02,-66021.05,-88302.24,0.312,3.622,False,False,True,False,True,True,False,True
TREND_DOWN,DOWN_NOV,2025-11-21T17:57:00+00:00,TIMEOUT,-0.226,0.367,-0.112,3.151,1.218,-86987.78,-69886.42,-91662.02,0.367,3.622,False,False,True,False,True,True,False,True
TREND_DOWN,DOWN_NOV,2025-11-21T17:58:00+00:00,TIMEOUT,-0.224,0.113,-0.264,3.139,1.142,-90509.2,-68469.87,-86987.78,0.288,3.622,False,False,True,False,True,True,False,True
TREND_DOWN,DOWN_NOV,2025-11-21T17:59:00+00:00,TIMEOUT,-0.38,-0.06,0.032,3.092,1.109,-82212.28,-54025.46,-90509.2,0.251,3.622,False,False,True,False,True,True,False,True
TREND_DOWN,DOWN_NOV,2025-11-21T18:00:00+00:00,TIMEOUT,-0.615,-0.045,-0.03,3.02,1.022,-79229.07,-65058.63,-82212.28,0.163,3.622,False,False,True,False,True,True,False,True
TREND_DOWN,DOWN_NOV,2025-11-21T18:01:00+00:00,TIMEOUT,-0.618,0.113,0.204,3.006,0.976,-64096.61,-56283.4,-79229.07,0.113,3.622,False,False,True,False,True,True,False,True
TREND_DOWN,DOWN_NOV,2025-11-21T18:02:00+00:00,TIMEOUT,-0.852,-0.126,0.164,2.783,0.812,-73594.42,-55316.33,-64096.61,0.0,3.622,False,True,True,False,True,True,False,True
TREND_DOWN,DOWN_NOV,2025-11-21T18:03:00+00:00,TIMEOUT,-1.158,-0.594,-0.165,2.498,0.587,-90836.65,-69591.54,-73594.42,0.0,3.622,False,True,True,False,True,True,False,True
TREND_DOWN,DOWN_NOV,2025-11-21T18:04:00+00:00,LOSS,-1.383,-0.871,-0.363,2.444,0.366,-93548.75,-77562.76,-90836.65,0.0,3.622,False,True,True,False,True,True,False,True
TREND_DOWN,DOWN_NOV,2025-11-21T18:05:00+00:00,LOSS,-1.591,-1.138,-0.713,2.325,0.115,-104007.87,-88965.58,-93548.75,0.0,3.622,False,True,True,False,False,True,False,True
TREND_DOWN,DOWN_NOV,2025-11-21T18:06:00+00:00,LOSS,-1.536,-1.152,-0.605,2.491,0.27,-109331.62,-90252.7,-104007.87,0.149,3.622,False,False,True,False,False,True,False,True
TREND_DOWN,DOWN_NOV,2025-11-21T18:07:00+00:00,LOSS,-1.462,-1.646,-0.622,2.192,0.092,-140610.88,-105327.69,-109331.62,0.0,3.622,False,True,True,False,False,True,False,True
TREND_DOWN,DOWN_NOV,2025-11-21T18:08:00+00:00,LOSS,-1.441,-1.634,-0.627,2.311,-0.014,-136100.58,-106161.26,-140610.88,0.0,3.622,False,True,True,False,False,True,True,True
TREND_DOWN,DOWN_NOV,2025-11-21T18:09:00+00:00,LOSS,-1.245,-1.471,-0.404,2.482,0.23,-139271.07,-96733.65,-136100.58,0.241,3.622,False,False,True,False,True,True,False,True
TREND_DOWN,DOWN_NOV,2025-11-21T18:10:00+00:00,LOSS,-1.329,-1.481,-0.558,2.345,0.038,-138238.39,-92918.71,-139271.07,0.049,3.622,False,True,True,False,False,True,False,True
TREND_DOWN,DOWN_NOV,2025-11-21T18:11:00+00:00,LOSS,-1.496,-1.539,-0.597,2.191,0.012,-139259.69,-88018.77,-138238.39,0.021,3.622,False,True,True,False,False,True,False,True
TREND_DOWN,DOWN_NOV,2025-11-21T18:12:00+00:00,LOSS,-1.707,-1.606,-0.636,2.116,-0.153,-133343.98,-98550.63,-139259.69,0.0,3.622,False,True,True,False,False,True,True,True
TREND_DOWN,DOWN_NOV,2025-11-21T18:13:00+00:00,LOSS,-1.844,-1.8,-0.642,1.639,-0.352,-141908.33,-110472.28,-133343.98,0.0,3.622,False,True,True,False,False,True,True,True
TREND_DOWN,DOWN_NOV,2025-11-21T18:14:00+00:00,LOSS,-1.77,-1.712,-0.609,1.642,-0.293,-136003.97,-112621.96,-141908.33,0.052,3.622,False,True,True,False,False,True,True,True
TREND_DOWN,DOWN_NOV,2025-11-21T18:15:00+00:00,LOSS,-1.937,-1.773,-0.601,1.887,-0.272,-135949.51,-113462.34,-136003.97,0.071,3.622,False,True,True,False,False,True,True,True
TREND_DOWN,DOWN_NOV,2025-11-21T18:16:00+00:00,LOSS,-1.707,-1.679,-0.478,2.072,-0.219,-120411.25,-102200.21,-135949.51,0.122,3.622,False,False,True,False,True,True,False,True
TREND_DOWN,DOWN_NOV,2025-11-21T18:17:00+00:00,LOSS,-2.103,-1.996,-0.62,1.695,-0.563,-125261.72,-105363.96,-120411.25,0.0,3.622,False,True,True,False,False,True,True,True
TREND_DOWN,DOWN_NOV,2025-11-21T18:18:00+00:00,LOSS,-2.111,-2.194,-0.697,1.875,-0.493,-126848.19,-106860.81,-125261.72,0.064,3.622,False,True,True,False,False,True,True,True
TREND_DOWN,DOWN_NOV,2025-11-21T18:19:00+00:00,LOSS,-2.171,-1.947,-0.861,1.807,-0.514,-129566.61,-112030.55,-126848.19,0.04,3.622,False,True,True,False,False,True,True,True
TREND_DOWN,DOWN_NOV,2025-11-21T18:20:00+00:00,LOSS,-2.177,-1.993,-0.624,1.794,-0.666,-143695.87,-119911.34,-129566.61,0.0,3.622,False,True,True,False,False,True,True,True
TREND_DOWN,DOWN_NOV,2025-11-21T18:21:00+00:00,LOSS,-1.928,-1.742,-0.273,2.629,-0.367,-119644.48,-106380.59,-143695.87,0.296,3.622,False,False,True,False,True,True,False,True
TREND_DOWN,DOWN_NOV,2025-11-21T18:22:00+00:00,LOSS,-1.774,-1.988,-0.523,2.388,-0.47,-122344.27,-98694.93,-119644.48,0.191,3.622,False,False,True,False,False,True,False,True
TREND_DOWN,DOWN_NOV,2025-11-21T18:23:00+00:00,LOSS,-1.634,-2.142,-0.645,2.915,-0.439,-123309.67,-91034.58,-122344.27,0.22,3.622,False,False,True,False,False,True,False,True
TREND_DOWN,DOWN_NOV,2025-11-21T18:24:00+00:00,LOSS,-1.453,-2.076,-0.517,3.114,-0.313,-116506.39,-82310.91,-123309.67,0.345,3.622,False,False,True,False,False,True,False,True
TREND_DOWN,DOWN_NOV,2025-11-21T19:08:00+00:00,TIMEOUT,0.11,0.833,2.12,1.137,0.426,39157.18,-31784.08,38094.32,1.529,3.453,False,False,False,False,False,True,False,False
TREND_DOWN,DOWN_NOV,2025-11-21T19:35:00+00:00,TIMEOUT,0.072,0.467,1.901,1.165,0.282,10203.92,-32741.6,14452.33,0.47,2.775,False,False,True,False,False,True,False,False
TREND_DOWN,DOWN_NOV,2025-11-21T19:36:00+00:00,TIMEOUT,0.193,0.33,1.627,1.074,0.309,5571.12,-39365.35,10203.92,0.502,2.653,False,False,True,False,False,True,False,False
TREND_DOWN,DOWN_NOV,2025-11-21T19:39:00+00:00,TIMEOUT,-0.085,0.26,1.409,1.055,0.248,12693.19,-53831.72,13051.11,0.475,2.653,False,False,True,False,False,True,False,False
TREND_DOWN,DOWN_NOV,2025-11-21T19:40:00+00:00,TIMEOUT,-0.081,0.349,1.199,0.888,0.173,20703.55,-61646.18,12693.19,0.405,2.653,False,False,True,False,False,True,False,False
TREND_DOWN,DOWN_NOV,2025-11-21T19:41:00+00:00,TIMEOUT,-0.074,0.38,1.314,0.697,0.16,32263.34,-63107.95,20703.55,0.399,2.653,False,False,True,False,False,True,False,False
TREND_DOWN,DOWN_NOV,2025-11-21T19:42:00+00:00,TIMEOUT,0.061,0.387,1.387,0.653,0.143,31774.53,-54855.5,32263.34,0.387,2.653,False,False,True,False,False,True,False,False
TREND_DOWN,DOWN_NOV,2025-11-21T19:43:00+00:00,TIMEOUT,-0.068,-0.014,1.217,0.391,-0.116,28331.45,-56240.21,31774.53,0.029,2.653,False,True,True,False,False,True,False,False
TREND_DOWN,DOWN_NOV,2025-11-21T19:44:00+00:00,TIMEOUT,-0.12,-0.089,1.287,0.369,-0.121,24719.24,-47464.74,28331.45,0.027,2.653,False,True,True,False,False,True,False,False
TREND_DOWN,DOWN_NOV,2025-11-21T19:45:00+00:00,TIMEOUT,-0.2,-0.057,1.364,0.178,-0.205,23800.97,-48540.91,24719.24,0.0,2.653,False,True,True,False,False,True,False,False
TREND_DOWN,DOWN_NOV,2025-11-21T19:46:00+00:00,TIMEOUT,-0.483,-0.185,1.056,0.193,-0.349,13179.79,-55549.45,23800.97,0.0,2.552,False,True,True,False,False,True,False,False
TREND_DOWN,DOWN_NOV,2025-11-21T19:47:00+00:00,TIMEOUT,-0.399,-0.217,0.91,0.231,-0.245,12756.9,-60899.25,13179.79,0.108,2.552,False,False,True,False,False,True,False,False
TREND_DOWN,DOWN_NOV,2025-11-21T19:48:00+00:00,TIMEOUT,-0.212,-0.635,0.718,0.052,-0.22,-6422.93,-63933.91,12756.9,0.137,2.552,False,False,True,False,False,True,False,False
TREND_DOWN,DOWN_NOV,2025-11-21T19:49:00+00:00,TIMEOUT,-0.461,-0.513,0.615,0.351,-0.249,-10383.32,-67264.68,-6422.93,0.113,2.552,False,False,True,False,False,True,False,True
TREND_DOWN,DOWN_NOV,2025-11-21T19:50:00+00:00,TIMEOUT,-0.675,-0.643,0.481,0.222,-0.303,-11183.66,-65800.02,-10383.32,0.065,2.552,False,True,True,False,True,True,False,True
TREND_DOWN,DOWN_NOV,2025-11-21T19:51:00+00:00,TIMEOUT,-0.825,-0.702,0.192,-0.128,-0.391,-19510.07,-77592.02,-11183.66,0.0,2.552,False,True,True,False,True,True,False,True
TREND_DOWN,DOWN_NOV,2025-11-21T19:52:00+00:00,TIMEOUT,-0.723,-0.552,-0.266,0.052,-0.41,-20349.78,-106522.6,-19510.07,0.0,2.552,False,True,True,False,True,True,True,True
TREND_DOWN,DOWN_NOV,2025-11-21T19:53:00+00:00,LOSS,-0.889,-0.768,-0.396,-0.115,-0.556,-24467.25,-124898.33,-20349.78,0.0,2.552,False,True,True,False,True,False,True,True
TREND_DOWN,DOWN_NOV,2025-11-21T19:54:00+00:00,LOSS,-0.849,-0.586,-0.25,-0.087,-0.491,-18339.43,-114302.23,-24467.25,0.068,2.552,False,True,True,False,True,False,True,True
TREND_DOWN,DOWN_NOV,2025-11-21T19:55:00+00:00,TIMEOUT,-0.728,-0.415,-0.214,0.185,-0.293,-13717.14,-109553.98,-18339.43,0.267,2.552,False,False,True,False,True,True,False,True
TREND_DOWN,DOWN_NOV,2025-11-21T19:56:00+00:00,TIMEOUT,-0.834,-0.441,-0.546,0.119,-0.395,-12304.03,-110745.39,-13717.14,0.165,2.552,False,False,True,False,False,True,False,True
TREND_DOWN,DOWN_NOV,2025-11-21T19:57:00+00:00,LOSS,-0.826,-0.419,-0.494,0.051,-0.433,-9376.75,-102824.74,-12304.03,0.125,2.552,False,False,True,False,True,True,False,True
TREND_DOWN,DOWN_NOV,2025-11-21T19:58:00+00:00,LOSS,-0.819,-0.494,-0.718,0.017,-0.478,-11047.43,-104936.26,-9376.75,0.078,2.552,False,True,True,False,False,True,True,True
TREND_DOWN,DOWN_NOV,2025-11-21T19:59:00+00:00,LOSS,-0.814,-0.436,-0.835,0.132,-0.457,-11442.58,-105672.45,-11047.43,0.097,2.552,False,True,True,False,False,True,True,True
TREND_DOWN,DOWN_NOV,2025-11-21T20:00:00+00:00,LOSS,-0.762,-0.424,-0.699,0.263,-0.421,-12989.39,-102158.84,-11442.58,0.131,2.552,False,False,True,False,False,True,False,True
TREND_DOWN,DOWN_NOV,2025-11-21T20:04:00+00:00,LOSS,-0.534,-0.648,-0.915,0.425,-0.45,-32177.44,-107346.04,-21788.39,0.086,2.552,False,True,True,False,False,True,True,True
TREND_DOWN,DOWN_NOV,2025-11-21T20:05:00+00:00,LOSS,-0.786,-0.715,-1.085,0.372,-0.597,-29082.92,-107674.72,-32177.44,0.0,2.552,False,True,True,False,False,True,True,True
TREND_DOWN,DOWN_NOV,2025-11-21T20:06:00+00:00,LOSS,-0.886,-0.694,-1.313,0.043,-0.659,-34008.35,-118754.48,-29082.92,0.0,2.552,False,True,True,False,False,True,True,True
TREND_DOWN,DOWN_NOV,2025-11-21T20:07:00+00:00,LOSS,-1.068,-0.775,-1.74,-0.075,-0.76,-31765.78,-134282.34,-34008.35,0.0,2.552,False,True,True,False,False,False,True,True
TREND_DOWN,DOWN_NOV,2025-11-21T20:08:00+00:00,LOSS,-1.075,-0.796,-1.605,-0.167,-0.714,-33107.92,-130051.32,-31765.78,0.019,2.552,False,True,True,False,False,False,True,True
TREND_DOWN,DOWN_NOV,2025-11-21T20:09:00+00:00,LOSS,-0.95,-1.035,-1.68,-0.318,-0.698,-33203.44,-137677.86,-33107.92,0.018,2.552,False,True,True,False,False,False,True,True
TREND_DOWN,DOWN_NOV,2025-11-21T20:10:00+00:00,LOSS,-0.781,-0.861,-1.402,-0.02,-0.583,-33214.99,-133694.27,-33203.44,0.119,2.552,False,False,True,False,False,False,False,True
TREND_DOWN,DOWN_NOV,2025-11-21T20:11:00+00:00,LOSS,-0.686,-0.759,-1.344,0.147,-0.483,-31532.26,-132705.6,-33214.99,0.209,2.552,False,False,True,False,False,True,False,True
TREND_DOWN,DOWN_NOV,2025-11-21T20:15:00+00:00,LOSS,-0.461,-0.66,-1.397,0.386,-0.563,-24865.62,-100905.31,-26049.56,0.096,2.552,False,True,True,False,False,True,True,True
TREND_DOWN,DOWN_NOV,2025-11-21T20:16:00+00:00,LOSS,-0.364,-0.845,-1.392,0.281,-0.596,-22963.62,-93457.91,-24865.62,0.055,2.552,False,True,True,False,False,True,True,True
TREND_DOWN,DOWN_NOV,2025-11-21T20:17:00+00:00,LOSS,-0.518,-0.915,-1.416,0.358,-0.636,-29686.7,-93739.8,-22963.62,0.008,2.552,False,True,True,False,False,True,True,True
TREND_DOWN,DOWN_NOV,2025-11-21T20:18:00+00:00,LOSS,-0.633,-0.843,-1.761,0.294,-0.709,-29076.24,-96037.19,-29686.7,0.0,2.552,False,True,True,False,False,True,True,True
TREND_DOWN,DOWN_NOV,2025-11-21T20:19:00+00:00,LOSS,-0.642,-1.1,-1.523,0.252,-0.731,-35382.13,-101656.53,-29076.24,0.0,2.552,False,True,True,False,False,True,True,True
TREND_DOWN,DOWN_NOV,2025-11-21T20:20:00+00:00,LOSS,-0.596,-1.267,-1.418,0.139,-0.723,-35171.67,-96612.75,-35382.13,0.0,2.552,False,True,True,False,False,True,True,True
TREND_DOWN,DOWN_NOV,2025-11-21T20:21:00+00:00,LOSS,-0.509,-1.33,-1.455,0.051,-0.712,-36773.68,-84319.03,-35171.67,0.003,2.552,False,True,True,False,False,True,True,True
TREND_DOWN,DOWN_NOV,2025-11-21T20:23:00+00:00,LOSS,-0.485,-1.37,-1.909,-0.124,-0.823,-29624.62,-87204.16,-30942.27,0.0,2.552,False,True,True,False,False,False,True,True
TREND_DOWN,DOWN_NOV,2025-11-21T20:24:00+00:00,LOSS,-0.563,-1.407,-1.976,-0.048,-0.827,-31443.39,-87909.84,-29624.62,0.0,2.552,False,True,True,False,False,False,True,True
TREND_DOWN,DOWN_NOV,2025-11-21T20:25:00+00:00,LOSS,-0.572,-1.295,-1.82,0.242,-0.626,-38003.49,-95115.02,-31443.39,0.191,2.552,False,False,True,False,False,True,False,True
TREND_DOWN,DOWN_NOV,2025-11-21T20:26:00+00:00,LOSS,-0.461,-1.292,-1.668,0.307,-0.599,-38574.23,-94137.73,-38003.49,0.2,2.552,False,False,True,False,False,True,False,True
TREND_DOWN,DOWN_NOV,2025-11-21T20:27:00+00:00,LOSS,-0.687,-1.507,-1.762,0.086,-0.856,-38728.91,-91599.97,-38574.23,0.0,2.552,False,True,True,False,False,True,True,True
TREND_DOWN,DOWN_NOV,2025-11-21T20:28:00+00:00,LOSS,-0.644,-1.458,-1.689,0.103,-0.852,-37063.7,-84415.88,-38728.91,0.0,2.552,False,True,True,False,False,True,True,True
TREND_DOWN,DOWN_NOV,2025-11-21T20:29:00+00:00,LOSS,-0.796,-1.604,-1.939,-0.174,-0.978,-39591.36,-83141.29,-37063.7,0.0,2.552,False,True,True,False,False,False,True,True
TREND_DOWN,DOWN_NOV,2025-11-21T20:30:00+00:00,LOSS,-0.859,-1.614,-2.114,-0.7,-0.999,-35468.53,-78360.7,-39591.36,0.0,2.552,False,True,True,False,False,False,True,True
TREND_DOWN,DOWN_NOV,2025-11-21T20:31:00+00:00,LOSS,-0.943,-1.386,-2.012,-0.402,-0.935,-28401.34,-76519.64,-35468.53,0.056,2.552,False,True,True,False,False,False,True,True
TREND_DOWN,DOWN_NOV,2025-11-21T20:32:00+00:00,LOSS,-0.918,-1.507,-2.185,-0.927,-1.03,-30255.27,-77793.37,-28401.34,0.0,2.552,False,True,True,False,False,False,True,True
TREND_DOWN,DOWN_NOV,2025-11-21T20:33:00+00:00,LOSS,-0.755,-1.121,-2.002,-0.674,-0.75,-25711.59,-73815.03,-30255.27,0.273,2.552,False,False,True,False,False,False,False,True
TREND_DOWN,DOWN_NOV,2025-11-21T21:03:00+00:00,TIMEOUT,0.918,0.156,0.056,-0.109,0.306,14539.15,-3270.17,15115.46,1.193,1.965,False,False,False,False,True,True,False,False
TREND_DOWN,DOWN_NOV,2025-11-21T21:12:00+00:00,TIMEOUT,0.553,0.37,0.882,0.24,0.351,3847.64,21453.35,9223.35,1.265,1.965,False,False,False,False,False,True,False,False
TREND_DOWN,DOWN_NOV,2025-11-21T21:15:00+00:00,TIMEOUT,0.252,0.591,0.976,0.369,0.281,4862.02,39906.22,5503.63,1.228,1.965,False,False,False,False,False,True,False,False
TREND_DOWN,DOWN_NOV,2025-11-21T21:16:00+00:00,TIMEOUT,-0.036,0.557,0.85,0.368,0.202,881.63,27834.97,4862.02,1.153,1.965,False,False,False,False,False,True,False,False
TREND_DOWN,DOWN_NOV,2025-11-21T21:57:00+00:00,TIMEOUT,0.289,0.655,0.713,2.714,0.8,4921.49,9626.36,18295.7,0.894,2.296,False,False,False,False,False,True,False,False
TREND_DOWN,DOWN_NOV,2025-11-21T21:58:00+00:00,TIMEOUT,0.247,0.733,0.64,2.618,0.753,7398.96,5352.37,4921.49,0.849,2.296,False,False,False,False,False,True,False,False
TREND_DOWN,DOWN_NOV,2025-11-21T22:07:00+00:00,TIMEOUT,0.193,0.828,0.833,3.136,0.886,14031.52,-572.05,12976.28,1.002,2.296,False,False,False,False,False,True,False,False
TREND_DOWN,DOWN_NOV,2025-11-21T22:11:00+00:00,TIMEOUT,-0.166,0.736,0.471,2.784,0.715,16210.9,-6098.01,15135.3,0.834,2.296,False,False,False,False,True,True,False,False
TREND_DOWN,DOWN_NOV,2025-11-21T22:16:00+00:00,TIMEOUT,0.026,0.857,0.562,2.683,0.721,14979.48,-7102.51,14995.79,0.857,2.296,False,False,False,False,False,True,False,False
TREND_DOWN,DOWN_NOV,2025-11-21T22:17:00+00:00,TIMEOUT,-0.038,0.707,0.575,2.759,0.757,13364.23,-8073.5,14979.48,0.878,2.296,False,False,False,False,False,True,False,False
TREND_DOWN,DOWN_NOV,2025-11-21T22:18:00+00:00,TIMEOUT,-0.214,0.793,0.65,3.036,0.67,11764.29,-8299.69,13364.23,0.793,2.296,False,False,False,False,False,True,False,False
TREND_DOWN,DOWN_NOV,2025-11-21T22:19:00+00:00,TIMEOUT,-0.156,0.733,0.438,2.882,0.683,11253.69,-13100.76,11764.29,0.733,2.296,False,False,False,False,True,True,False,False
TREND_DOWN,DOWN_NOV,2025-11-21T22:20:00+00:00,TIMEOUT,-0.208,0.478,0.219,2.582,0.631,9711.4,-15695.6,11253.69,0.478,2.296,False,False,True,False,True,True,False,False
TREND_DOWN,DOWN_NOV,2025-11-21T22:21:00+00:00,TIMEOUT,-0.343,0.428,0.164,2.306,0.644,6663.43,-20265.4,9711.4,0.428,2.296,False,False,True,False,True,True,False,False
TREND_DOWN,DOWN_NOV,2025-11-21T22:22:00+00:00,TIMEOUT,-0.433,0.229,0.167,2.431,0.532,-6633.58,-26009.18,6663.43,0.314,2.296,False,False,True,False,True,True,False,False
TREND_DOWN,DOWN_NOV,2025-11-21T22:23:00+00:00,TIMEOUT,-0.635,-0.093,-0.103,2.202,0.283,-15449.3,-29354.96,-6633.58,0.067,2.296,False,True,True,False,True,True,False,True
TREND_DOWN,DOWN_NOV,2025-11-21T22:24:00+00:00,TIMEOUT,-0.528,0.055,-0.142,2.038,0.268,-20089.45,-34404.95,-15449.3,0.055,2.296,False,False,True,False,True,True,False,True
TREND_DOWN,DOWN_NOV,2025-11-21T22:25:00+00:00,TIMEOUT,-0.421,-0.146,-0.199,1.938,0.289,-26481.49,-39890.2,-20089.45,0.02,2.296,False,True,True,False,True,True,False,True
TREND_DOWN,DOWN_NOV,2025-11-21T22:26:00+00:00,TIMEOUT,-0.388,-0.019,-0.083,2.125,0.413,-28379.69,-41950.02,-26481.49,0.141,2.296,False,False,True,False,True,True,False,True
TREND_DOWN,DOWN_NOV,2025-11-21T22:27:00+00:00,TIMEOUT,-0.276,0.012,0.024,2.136,0.473,-30909.37,-42973.01,-28379.69,0.201,2.296,False,False,True,False,True,True,False,True
TREND_DOWN,DOWN_NOV,2025-11-21T22:28:00+00:00,TIMEOUT,-0.304,-0.057,0.006,2.048,0.4,-30210.88,-42163.39,-30909.37,0.129,2.296,False,False,True,False,True,True,False,True
TREND_DOWN,DOWN_NOV,2025-11-21T22:29:00+00:00,TIMEOUT,-0.394,-0.122,-0.074,1.866,0.334,-29798.97,-43123.4,-30210.88,0.062,2.296,False,True,True,False,True,True,False,True
TREND_DOWN,DOWN_NOV,2025-11-21T22:30:00+00:00,TIMEOUT,-0.694,-0.467,-0.348,1.699,0.04,-33959.8,-46022.04,-29798.97,0.0,2.296,False,True,True,False,True,True,False,True
TREND_DOWN,DOWN_NOV,2025-11-21T22:31:00+00:00,TIMEOUT,-0.849,-0.559,-0.219,1.783,-0.005,-36772.95,-41066.24,-33959.8,0.0,2.296,False,True,True,False,True,True,True,True
TREND_DOWN,DOWN_NOV,2025-11-21T22:32:00+00:00,TIMEOUT,-0.914,-0.586,-0.229,1.737,0.005,-48427.04,-39837.76,-36772.95,0.008,2.296,False,True,True,False,True,True,False,True
TREND_DOWN,DOWN_NOV,2025-11-21T22:33:00+00:00,TIMEOUT,-1.082,-0.647,-0.243,1.522,-0.126,-46749.0,-39394.06,-48427.04,0.0,2.296,False,True,True,False,True,True,True,True
TREND_DOWN,DOWN_NOV,2025-11-21T22:34:00+00:00,TIMEOUT,-1.024,-0.636,-0.249,1.583,-0.129,-45311.62,-37713.29,-46749.0,0.0,2.296,False,True,True,False,True,True,True,True
TREND_DOWN,DOWN_NOV,2025-11-21T22:35:00+00:00,TIMEOUT,-1.003,-0.88,-0.481,1.412,-0.259,-48976.88,-39460.71,-45311.62,0.0,2.296,False,True,True,False,True,True,True,True
TREND_DOWN,DOWN_NOV,2025-11-21T22:36:00+00:00,TIMEOUT,-0.905,-0.773,-0.252,1.371,0.003,-50865.76,-33866.48,-48976.88,0.262,2.296,False,False,True,False,True,True,False,True
TREND_DOWN,DOWN_NOV,2025-11-21T22:37:00+00:00,TIMEOUT,-0.835,-0.644,-0.305,1.135,0.025,-42936.1,-27560.85,-50865.76,0.283,2.296,False,False,True,False,True,True,False,True
TREND_DOWN,DOWN_NOV,2025-11-21T22:38:00+00:00,TIMEOUT,-0.988,-0.891,-0.49,0.802,-0.134,-43220.09,-28774.66,-42936.1,0.123,2.296,False,False,True,False,True,True,False,True
TREND_DOWN,DOWN_NOV,2025-11-21T22:39:00+00:00,TIMEOUT,-0.92,-0.894,-0.29,1.115,-0.06,-45119.68,-27727.96,-43220.09,0.196,2.296,False,False,True,False,True,True,False,True
TREND_DOWN,DOWN_NOV,2025-11-21T22:57:00+00:00,TIMEOUT,-0.64,-0.914,0.213,-0.283,-0.182,-34143.59,-15140.48,-39832.72,0.097,2.296,False,True,True,False,True,True,False,True
TREND_DOWN,DOWN_NOV,2025-11-21T22:59:00+00:00,TIMEOUT,-0.66,-1.052,0.081,-0.754,-0.342,-34430.29,-18107.37,-32667.9,0.0,2.296,False,True,True,False,True,True,False,True
TREND_DOWN,DOWN_NOV,2025-11-21T23:00:00+00:00,TIMEOUT,-0.364,-1.055,0.051,-0.649,-0.338,-34131.5,-18918.41,-34430.29,0.003,2.296,False,True,True,False,True,True,False,True
TREND_DOWN,DOWN_NOV,2025-11-21T23:01:00+00:00,LOSS,-0.411,-1.257,-0.183,-0.535,-0.431,-38634.3,-17418.28,-34131.5,0.0,2.296,False,True,True,False,True,False,True,True
TREND_DOWN,DOWN_NOV,2025-11-21T23:02:00+00:00,LOSS,-0.441,-1.351,-0.075,-0.631,-0.452,-39660.58,-10686.18,-38634.3,0.0,2.296,False,True,True,False,True,False,True,True
TREND_DOWN,DOWN_NOV,2025-11-21T23:03:00+00:00,LOSS,-0.271,-1.35,-0.144,-0.837,-0.416,-38683.54,-9105.27,-39660.58,0.039,2.296,False,True,True,False,True,False,True,True
TREND_DOWN,DOWN_NOV,2025-11-21T23:04:00+00:00,TIMEOUT,-0.165,-1.187,0.122,-0.794,-0.313,-37619.06,-7443.34,-38683.54,0.142,2.296,False,False,True,False,True,True,False,True
TREND_DOWN,DOWN_NOV,2025-11-21T23:05:00+00:00,LOSS,-0.145,-1.147,0.162,-0.925,-0.425,-33254.45,-7937.79,-37619.06,0.029,2.296,False,True,True,False,True,True,False,True
TREND_DOWN,DOWN_NOV,2025-11-21T23:06:00+00:00,LOSS,-0.436,-1.337,0.201,-1.115,-0.458,-33958.22,-2526.96,-33254.45,0.0,2.296,False,True,True,False,True,True,False,True
TREND_DOWN,DOWN_NOV,2025-11-21T23:07:00+00:00,LOSS,-0.539,-1.37,0.229,-1.516,-0.545,-38595.89,-7402.16,-33958.22,0.0,2.296,False,True,True,False,True,True,False,True
TREND_DOWN,DOWN_NOV,2025-11-21T23:08:00+00:00,LOSS,-0.264,-1.249,0.326,-1.284,-0.431,-35510.8,-4528.36,-38595.89,0.116,2.296,False,False,True,False,True,True,False,True
TREND_DOWN,DOWN_NOV,2025-11-21T23:09:00+00:00,TIMEOUT,-0.276,-1.194,0.389,-1.298,-0.38,-35023.27,-6242.32,-35510.8,0.177,2.296,False,False,True,False,True,True,False,True
TREND_DOWN,DOWN_NOV,2025-11-21T23:10:00+00:00,LOSS,-0.322,-1.224,0.241,-1.165,-0.429,-36264.21,-6932.12,-35023.27,0.131,2.296,False,False,True,False,True,True,False,True
TREND_DOWN,DOWN_NOV,2025-11-21T23:11:00+00:00,TIMEOUT,-0.166,-0.947,0.281,-1.066,-0.3,-32871.48,-7437.23,-36264.21,0.262,2.296,False,False,True,False,True,True,False,True
TREND_DOWN,DOWN_NOV,2025-11-21T23:36:00+00:00,TIMEOUT,0.868,0.429,1.409,-0.644,0.224,-659.69,-8343.92,9534.18,0.951,1.978,False,False,False,False,False,True,False,False
TREND_DOWN,DOWN_NOV,2025-11-21T23:37:00+00:00,TIMEOUT,0.951,0.407,1.215,-0.392,0.214,-8844.83,-9506.5,-659.69,0.951,1.782,False,False,False,False,False,True,False,False
TREND_DOWN,DOWN_NOV,2025-11-21T23:59:00+00:00,TIMEOUT,0.12,1.005,0.67,0.303,0.317,3303.61,-19696.84,2685.56,1.202,1.518,False,False,False,False,False,True,False,False
TREND_DOWN,DOWN_NOV,2025-11-22T00:00:00+00:00,TIMEOUT,0.172,1.008,0.611,0.397,0.313,3776.74,-22422.21,3303.61,1.208,1.518,False,False,False,False,False,True,False,False
TREND_DOWN,DOWN_NOV,2025-11-22T00:01:00+00:00,TIMEOUT,0.032,1.085,0.562,0.431,0.292,2575.16,-22615.7,3776.74,1.191,1.518,False,False,False,False,False,True,False,False
TREND_DOWN,DOWN_NOV,2025-11-22T00:24:00+00:00,TIMEOUT,0.097,0.466,0.525,1.863,0.25,34503.99,20813.94,27739.5,0.478,1.653,False,False,True,False,False,True,False,False
TREND_DOWN,DOWN_NOV,2025-11-22T00:25:00+00:00,TIMEOUT,0.102,0.386,0.248,1.493,0.194,37434.0,12318.96,34503.99,0.424,1.653,False,False,True,False,True,True,False,False
TREND_DOWN,DOWN_NOV,2025-11-22T00:26:00+00:00,TIMEOUT,-0.04,0.325,0.156,1.514,0.093,32332.59,7923.84,37434.0,0.325,1.653,False,False,True,False,True,True,False,False
TREND_DOWN,DOWN_NOV,2025-11-22T00:27:00+00:00,TIMEOUT,-0.11,0.235,0.132,1.408,0.098,31432.05,6073.45,32332.59,0.235,1.653,False,False,True,False,True,True,False,False
TREND_DOWN,DOWN_NOV,2025-11-22T00:28:00+00:00,TIMEOUT,-0.228,-0.012,0.018,1.057,-0.02,29740.08,6742.56,31432.05,0.052,1.653,False,True,True,False,True,True,False,False
TREND_DOWN,DOWN_NOV,2025-11-22T00:29:00+00:00,TIMEOUT,-0.281,-0.161,-0.066,0.984,-0.105,21115.29,-55.61,29740.08,0.0,1.653,False,True,True,False,True,True,True,False
TREND_DOWN,DOWN_NOV,2025-11-22T00:30:00+00:00,TIMEOUT,-0.148,0.023,0.021,1.04,0.035,29891.38,7542.37,21115.29,0.139,1.653,False,False,True,False,True,True,False,False
TREND_DOWN,DOWN_NOV,2025-11-22T00:31:00+00:00,TIMEOUT,0.001,0.034,0.108,1.022,0.168,30454.77,7368.22,29891.38,0.272,1.653,False,False,True,False,True,True,False,False
TREND_DOWN,DOWN_NOV,2025-11-22T00:32:00+00:00,TIMEOUT,-0.097,0.138,0.059,0.837,0.154,32959.72,-7513.56,30454.77,0.259,1.653,False,False,True,False,True,True,False,False
TREND_DOWN,DOWN_NOV,2025-11-22T00:34:00+00:00,TIMEOUT,-0.265,0.026,0.115,0.933,0.124,29951.24,-4273.97,33585.36,0.229,1.653,False,False,True,False,True,True,False,False
TREND_DOWN,DOWN_NOV,2025-11-22T00:35:00+00:00,TIMEOUT,-0.152,0.059,-0.038,0.834,0.085,31968.59,-7474.11,29951.24,0.19,1.653,False,False,True,False,True,True,False,False
TREND_DOWN,DOWN_NOV,2025-11-22T00:46:00+00:00,TIMEOUT,-0.591,-0.495,-0.342,0.492,-0.131,-4858.14,-38219.51,2867.72,0.0,1.653,False,True,True,False,True,True,True,False
TREND_DOWN,DOWN_NOV,2025-11-22T00:47:00+00:00,TIMEOUT,-0.629,-0.372,-0.479,0.315,-0.164,-14083.95,-50298.19,-4858.14,0.0,1.653,False,True,True,False,True,True,True,True
TREND_DOWN,DOWN_NOV,2025-11-22T00:48:00+00:00,TIMEOUT,-0.392,-0.361,-0.555,-0.119,-0.142,-12533.01,-47969.97,-14083.95,0.016,1.653,False,True,True,False,False,False,True,True
TREND_DOWN,DOWN_NOV,2025-11-22T00:49:00+00:00,TIMEOUT,-0.494,-0.435,-0.538,0.002,-0.166,-8812.87,-42256.93,-12533.01,0.0,1.653,False,True,True,False,False,True,True,True
TREND_DOWN,DOWN_NOV,2025-11-22T00:50:00+00:00,TIMEOUT,-0.565,-0.322,-0.599,-0.142,-0.224,-6417.39,-41363.31,-8812.87,0.0,1.653,False,True,True,False,False,False,True,True
TREND_DOWN,DOWN_NOV,2025-11-22T00:51:00+00:00,TIMEOUT,-0.441,-0.271,-0.624,0.005,-0.101,-3967.75,-45640.87,-6417.39,0.122,1.653,False,False,True,False,False,True,False,True
TREND_DOWN,DOWN_NOV,2025-11-22T00:52:00+00:00,TIMEOUT,-0.527,-0.362,-0.65,0.12,-0.145,-4474.76,-45373.35,-3967.75,0.075,1.653,False,True,True,False,False,True,True,True
TREND_DOWN,DOWN_NOV,2025-11-22T00:53:00+00:00,TIMEOUT,-0.531,-0.503,-0.713,-0.06,-0.247,-6084.1,-46300.92,-4474.76,0.0,1.653,False,True,True,False,False,False,True,True
TREND_DOWN,DOWN_NOV,2025-11-22T00:54:00+00:00,TIMEOUT,-0.637,-0.541,-0.698,-0.048,-0.349,-8783.08,-46526.13,-6084.1,0.0,1.653,False,True,True,False,False,False,True,True
TREND_DOWN,DOWN_NOV,2025-11-22T00:55:00+00:00,TIMEOUT,-0.472,-0.371,-0.499,0.037,-0.232,-1455.56,-34426.91,-8783.08,0.112,1.653,False,False,True,False,True,True,False,True
TREND_DOWN,DOWN_NOV,2025-11-22T00:56:00+00:00,TIMEOUT,-0.328,-0.368,-0.542,0.158,-0.181,324.19,-33068.81,-1455.56,0.158,1.653,False,False,True,False,False,True,False,False
TREND_DOWN,DOWN_NOV,2025-11-22T00:57:00+00:00,TIMEOUT,-0.381,-0.49,-0.536,0.173,-0.225,-655.82,-32944.87,324.19,0.111,1.653,False,False,True,False,False,True,False,False
TREND_DOWN,DOWN_NOV,2025-11-22T00:58:00+00:00,TIMEOUT,-0.246,-0.473,-0.474,0.162,-0.205,1349.96,-28632.38,-655.82,0.129,1.653,False,False,True,False,True,True,False,False
TREND_DOWN,DOWN_NOV,2025-11-22T00:59:00+00:00,TIMEOUT,-0.183,-0.464,-0.521,0.179,-0.226,1913.36,-29213.32,1349.96,0.106,1.653,False,False,True,False,False,True,False,False
TREND_DOWN,DOWN_NOV,2025-11-22T01:00:00+00:00,TIMEOUT,-0.456,-0.603,-0.661,0.023,-0.358,853.52,-29501.24,1913.36,0.0,1.653,False,True,True,False,False,True,True,False
TREND_DOWN,DOWN_NOV,2025-11-22T01:01:00+00:00,TIMEOUT,-0.472,-0.471,-0.655,0.323,-0.237,2511.78,-33547.36,853.52,0.117,1.653,False,False,True,False,False,True,False,False
TREND_DOWN,DOWN_NOV,2025-11-22T01:50:00+00:00,TIMEOUT,0.214,0.365,0.553,0.871,0.151,27640.16,20195.98,25140.87,0.537,1.653,False,False,True,False,False,True,False,False
TREND_DOWN,DOWN_NOV,2025-11-22T02:06:00+00:00,TIMEOUT,-0.31,0.117,0.788,0.99,-0.177,10480.51,21374.48,14597.1,0.279,1.653,False,False,True,False,False,True,False,False
TREND_DOWN,DOWN_NOV,2025-11-22T02:07:00+00:00,TIMEOUT,-0.171,0.21,0.93,1.16,-0.119,8751.09,24975.15,10480.51,0.338,1.653,False,False,True,False,False,True,False,False
TREND_DOWN,DOWN_NOV,2025-11-22T02:08:00+00:00,TIMEOUT,-0.053,0.324,0.87,1.199,-0.069,11816.07,26684.59,8751.09,0.395,1.535,False,False,True,False,False,True,False,False
TREND_DOWN,DOWN_NOV,2025-11-22T02:09:00+00:00,TIMEOUT,-0.127,0.356,0.789,1.181,-0.091,8419.5,22155.44,11816.07,0.376,1.52,False,False,True,False,False,True,False,False
TREND_DOWN,DOWN_NOV,2025-11-22T02:10:00+00:00,TIMEOUT,-0.292,0.211,0.67,0.912,-0.258,8660.79,19821.65,8419.5,0.211,1.52,False,False,True,False,False,True,False,False
TREND_DOWN,DOWN_NOV,2025-11-22T02:11:00+00:00,TIMEOUT,-0.284,0.047,0.449,0.732,-0.347,-11870.59,-1393.3,8660.79,0.047,1.387,False,False,True,False,False,True,False,False
TREND_DOWN,DOWN_NOV,2025-11-22T02:12:00+00:00,TIMEOUT,-0.206,0.031,0.423,0.625,-0.299,-12803.64,-3156.63,-11870.59,0.078,1.323,False,False,True,False,False,True,False,True
TREND_DOWN,DOWN_NOV,2025-11-22T02:13:00+00:00,TIMEOUT,-0.162,0.092,0.388,0.749,-0.285,-19067.17,-9821.3,-12803.64,0.092,1.273,False,False,True,False,False,True,False,True
TREND_DOWN,DOWN_NOV,2025-11-22T02:14:00+00:00,TIMEOUT,-0.2,-0.022,0.341,0.611,-0.323,-20510.06,-11719.59,-19067.17,0.052,1.265,False,True,True,False,False,True,False,True
TREND_DOWN,DOWN_NOV,2025-11-22T02:15:00+00:00,TIMEOUT,-0.37,0.069,0.255,0.875,-0.307,-18267.53,-9496.77,-20510.06,0.069,1.161,False,False,True,False,False,True,False,True
TREND_DOWN,DOWN_NOV,2025-11-22T02:16:00+00:00,TIMEOUT,-0.373,0.046,0.248,0.953,-0.27,-14509.99,-8129.25,-18267.53,0.066,1.119,False,False,True,False,False,True,False,True
TREND_DOWN,DOWN_NOV,2025-11-22T02:17:00+00:00,TIMEOUT,-0.323,-0.061,0.165,0.979,-0.29,-15561.66,-12530.14,-14509.99,0.045,1.063,False,True,True,False,False,True,False,True
TREND_DOWN,DOWN_NOV,2025-11-22T02:18:00+00:00,TIMEOUT,-0.418,-0.263,0.101,0.993,-0.365,-22225.57,-12737.9,-15561.66,0.0,1.063,False,True,True,False,False,True,False,True
TREND_DOWN,DOWN_NOV,2025-11-22T02:19:00+00:00,TIMEOUT,-0.43,-0.25,0.003,1.026,-0.367,-23694.07,-14285.36,-22225.57,0.0,1.057,False,True,True,False,False,True,False,True
TREND_DOWN,DOWN_NOV,2025-11-22T02:20:00+00:00,TIMEOUT,-0.514,-0.301,-0.14,0.954,-0.439,-24416.15,-18793.64,-23694.07,0.0,1.057,False,True,True,False,False,True,True,True
TREND_DOWN,DOWN_NOV,2025-11-22T02:21:00+00:00,TIMEOUT,-0.536,-0.286,-0.271,0.971,-0.42,-26937.33,-20227.89,-24416.15,0.02,1.057,False,True,True,False,False,True,True,True
TREND_DOWN,DOWN_NOV,2025-11-22T02:22:00+00:00,TIMEOUT,-0.574,-0.231,-0.173,0.896,-0.459,-27404.3,-13429.73,-26937.33,0.0,1.057,False,True,True,False,False,True,True,True
TREND_DOWN,DOWN_NOV,2025-11-22T02:23:00+00:00,TIMEOUT,-0.605,-0.231,-0.304,1.064,-0.46,-28610.1,-15664.58,-27404.3,0.002,1.057,False,True,True,False,False,True,True,True
TREND_DOWN,DOWN_NOV,2025-11-22T02:24:00+00:00,TIMEOUT,-0.624,-0.321,-0.215,1.069,-0.466,-29111.67,-7411.08,-28610.1,0.0,1.062,False,True,True,False,False,True,True,True
TREND_DOWN,DOWN_NOV,2025-11-22T02:25:00+00:00,TIMEOUT,-0.519,-0.274,-0.155,0.964,-0.383,-29041.41,-2514.9,-29111.67,0.086,1.062,False,True,True,False,False,True,True,True
TREND_DOWN,DOWN_NOV,2025-11-22T02:32:00+00:00,TIMEOUT,-0.657,-0.504,-0.49,1.316,-0.503,-32750.98,-2883.96,-42010.97,0.0,1.102,False,True,True,False,False,True,True,True
TREND_DOWN,DOWN_NOV,2025-11-22T02:33:00+00:00,TIMEOUT,-0.63,-0.536,-0.528,1.052,-0.49,-36310.95,-3991.11,-32750.98,0.012,1.102,False,True,True,False,False,True,True,True
TREND_DOWN,DOWN_NOV,2025-11-22T02:34:00+00:00,TIMEOUT,-0.768,-0.746,-0.749,1.014,-0.677,-57518.56,-26218.35,-36310.95,0.0,1.283,False,True,True,False,False,True,True,True
TREND_DOWN,DOWN_NOV,2025-11-22T02:35:00+00:00,TIMEOUT,-0.613,-0.843,-0.634,0.835,-0.612,-59106.55,-20555.37,-57518.56,0.044,1.283,False,True,True,False,False,True,True,True
TREND_DOWN,DOWN_NOV,2025-11-22T02:36:00+00:00,TIMEOUT,-0.517,-0.825,-0.596,0.804,-0.667,-59448.49,-15444.06,-59106.55,0.0,1.299,False,True,True,False,False,True,True,True
TREND_DOWN,DOWN_NOV,2025-11-22T02:37:00+00:00,TIMEOUT,-0.571,-0.742,-0.593,0.615,-0.661,-58824.39,-15041.53,-59448.49,0.004,1.299,False,True,True,False,False,True,True,True
TREND_DOWN,DOWN_NOV,2025-11-22T02:38:00+00:00,TIMEOUT,-0.744,-0.797,-0.775,0.162,-0.775,-60389.46,-19221.03,-58824.39,0.0,1.414,False,True,True,False,False,True,True,True
TREND_DOWN,DOWN_NOV,2025-11-22T02:39:00+00:00,TIMEOUT,-0.676,-0.802,-0.744,0.43,-0.716,-46830.22,-6117.06,-60389.46,0.05,1.414,False,True,True,False,False,True,True,True
TREND_DOWN,DOWN_NOV,2025-11-22T02:40:00+00:00,TIMEOUT,-0.474,-0.765,-0.806,0.353,-0.664,-43850.93,-4506.12,-46830.22,0.088,1.414,False,True,True,False,False,True,True,True
TREND_DOWN,DOWN_NOV,2025-11-22T02:41:00+00:00,TIMEOUT,-0.352,-0.636,-0.909,0.378,-0.627,-41959.08,-6728.31,-43850.93,0.121,1.414,False,False,True,False,False,True,False,True
TREND_DOWN,DOWN_NOV,2025-11-22T02:42:00+00:00,TIMEOUT,-0.435,-0.64,-1.012,0.371,-0.668,-41528.87,-14473.79,-41959.08,0.076,1.414,False,True,True,False,False,True,True,True
TREND_DOWN,DOWN_NOV,2025-11-22T02:43:00+00:00,TIMEOUT,-0.417,-0.579,-0.92,0.262,-0.63,-40310.86,-17844.55,-41528.87,0.107,1.414,False,False,True,False,False,True,False,True
TREND_DOWN,DOWN_NOV,2025-11-22T02:44:00+00:00,TIMEOUT,-0.438,-0.638,-1.039,0.135,-0.685,-40432.25,-18746.39,-40310.86,0.048,1.414,False,True,True,False,False,True,True,True
TREND_DOWN,DOWN_NOV,2025-11-22T02:45:00+00:00,TIMEOUT,-0.354,-0.723,-1.024,0.18,-0.581,-40792.99,-21668.98,-40432.25,0.149,1.414,False,False,True,False,False,True,False,True
TREND_DOWN,DOWN_NOV,2025-11-22T02:46:00+00:00,TIMEOUT,-0.406,-0.777,-0.99,-0.05,-0.589,-33712.08,-18274.9,-40792.99,0.133,1.414,False,False,True,False,False,False,False,True
TREND_DOWN,DOWN_NOV,2025-11-22T03:26:00+00:00,TIMEOUT,-0.115,-0.424,-0.817,-0.663,-0.474,13952.02,-21129.04,13580.39,0.087,1.159,False,True,True,False,False,True,True,False
TREND_DOWN,DOWN_NOV,2025-11-22T03:27:00+00:00,TIMEOUT,-0.155,-0.367,-0.807,-0.676,-0.453,15706.05,-20048.22,13952.02,0.103,1.159,False,False,True,False,False,True,False,False
TREND_DOWN,DOWN_NOV,2025-11-22T03:28:00+00:00,TIMEOUT,-0.103,-0.313,-0.636,-0.619,-0.395,21466.79,-14302.19,15706.05,0.157,1.159,False,False,True,False,False,True,False,False
TREND_DOWN,DOWN_NOV,2025-11-22T04:13:00+00:00,TIMEOUT,-0.325,-0.583,-0.673,-1.219,-0.618,7332.46,12389.67,10606.98,0.0,1.298,False,True,True,False,False,True,False,False
TREND_DOWN,DOWN_NOV,2025-11-22T04:14:00+00:00,TIMEOUT,-0.298,-0.548,-0.73,-1.21,-0.589,9270.59,13701.25,7332.46,0.019,1.298,False,True,True,False,False,True,False,False
TREND_DOWN,DOWN_NOV,2025-11-22T04:15:00+00:00,TIMEOUT,-0.364,-0.521,-0.696,-1.21,-0.624,8867.44,11930.19,9270.59,0.0,1.32,False,True,True,False,False,True,False,False
TREND_DOWN,DOWN_NOV,2025-11-22T04:16:00+00:00,TIMEOUT,-0.369,-0.527,-0.793,-1.295,-0.658,6294.9,9004.27,8867.44,0.0,1.36,False,True,True,False,False,True,False,False
TREND_DOWN,DOWN_NOV,2025-11-22T04:17:00+00:00,TIMEOUT,-0.463,-0.661,-0.983,-1.435,-0.757,170.47,2672.76,6294.9,0.0,1.467,False,True,True,False,False,True,False,False
TREND_DOWN,DOWN_NOV,2025-11-22T04:18:00+00:00,TIMEOUT,-0.374,-0.685,-1.135,-1.375,-0.767,-3436.14,-6893.68,170.47,0.0,1.49,False,True,True,False,False,False,True,False
TREND_DOWN,DOWN_NOV,2025-11-22T04:19:00+00:00,TIMEOUT,-0.339,-0.647,-1.098,-1.368,-0.733,-2477.57,-8069.71,-3436.14,0.022,1.49,False,True,True,False,False,False,True,True
TREND_DOWN,DOWN_NOV,2025-11-22T04:20:00+00:00,TIMEOUT,-0.232,-0.452,-0.921,-1.161,-0.571,929.1,-4942.94,-2477.57,0.18,1.49,False,False,True,False,False,True,False,False
TREND_DOWN,DOWN_NOV,2025-11-22T04:22:00+00:00,TIMEOUT,-0.192,-0.324,-0.841,-1.073,-0.565,1403.59,-6218.24,5273.94,0.17,1.49,False,False,True,False,False,True,False,False
TREND_DOWN,DOWN_NOV,2025-11-22T04:23:00+00:00,TIMEOUT,-0.427,-0.378,-0.977,-0.963,-0.692,2777.15,-8060.04,1403.59,0.035,1.49,False,True,True,False,False,True,True,False
TREND_DOWN,DOWN_NOV,2025-11-22T04:24:00+00:00,TIMEOUT,-0.489,-0.462,-1.063,-0.955,-0.693,2947.69,-7914.61,2777.15,0.031,1.49,False,True,True,False,False,True,True,False
TREND_DOWN,DOWN_NOV,2025-11-22T04:26:00+00:00,TIMEOUT,-0.401,-0.297,-0.884,-0.939,-0.524,7758.37,-6864.22,7902.6,0.188,1.49,False,False,True,False,False,True,False,False
TREND_DOWN,DOWN_NOV,2025-11-22T04:29:00+00:00,TIMEOUT,-0.525,-0.497,-1.035,-0.988,-0.636,-4776.6,-15227.3,-4834.9,0.061,1.49,False,True,True,False,False,False,True,True
TREND_DOWN,DOWN_NOV,2025-11-22T04:37:00+00:00,TIMEOUT,-0.416,-0.425,-1.35,-0.8,-0.679,-2222.91,-19473.32,-3204.46,0.038,1.596,False,True,True,False,False,False,True,True
TREND_DOWN,DOWN_NOV,2025-11-22T04:40:00+00:00,TIMEOUT,-0.392,-0.471,-1.273,-0.642,-0.595,-8432.94,-21785.73,-4560.25,0.11,1.596,False,False,True,False,False,False,False,True
TREND_DOWN,DOWN_NOV,2025-11-22T04:41:00+00:00,TIMEOUT,-0.329,-0.534,-1.185,-0.624,-0.596,-9324.64,-21664.08,-8432.94,0.102,1.596,False,False,True,False,False,False,False,True
TREND_DOWN,DOWN_NOV,2025-11-22T04:42:00+00:00,TIMEOUT,-0.276,-0.547,-1.174,-0.732,-0.621,-9902.4,-22705.87,-9324.64,0.073,1.596,False,True,True,False,False,False,True,True
TREND_DOWN,DOWN_NOV,2025-11-22T04:43:00+00:00,TIMEOUT,-0.204,-0.528,-1.127,-0.757,-0.601,-9744.75,-22015.55,-9902.4,0.09,1.596,False,True,True,False,False,False,True,True
TREND_DOWN,DOWN_NOV,2025-11-22T04:46:00+00:00,TIMEOUT,-0.103,-0.472,-1.311,-0.872,-0.551,-5829.09,-15351.64,-4973.85,0.129,1.596,False,False,True,False,False,False,False,True
TREND_DOWN,DOWN_NOV,2025-11-22T05:16:00+00:00,TIMEOUT,0.036,-0.068,-0.906,-0.66,-0.343,-7309.26,16205.0,-8581.94,0.165,1.081,False,False,True,False,False,False,False,True
TREND_DOWN,DOWN_NOV,2025-11-22T05:17:00+00:00,TIMEOUT,0.009,0.049,-0.873,-0.71,-0.321,1736.06,19970.48,-7309.26,0.177,1.06,False,False,True,False,False,True,False,False
TREND_DOWN,DOWN_NOV,2025-11-22T05:18:00+00:00,TIMEOUT,0.035,0.127,-0.748,-0.648,-0.263,4828.76,20160.65,1736.06,0.232,1.02,False,False,True,False,False,True,False,False
TREND_DOWN,DOWN_NOV,2025-11-22T05:19:00+00:00,TIMEOUT,0.019,0.102,-0.749,-0.747,-0.264,3629.82,19254.18,4828.76,0.229,1.02,False,False,True,False,False,True,False,False
TREND_DOWN,DOWN_NOV,2025-11-22T05:20:00+00:00,TIMEOUT,0.036,-0.074,-0.696,-0.835,-0.279,-3358.7,16114.51,3629.82,0.21,1.02,False,False,True,False,False,False,False,False
TREND_DOWN,DOWN_NOV,2025-11-22T05:21:00+00:00,TIMEOUT,-0.245,-0.318,-0.854,-1.123,-0.415,-9392.14,15669.6,-3358.7,0.07,1.02,False,True,True,False,False,False,False,True
TREND_DOWN,DOWN_NOV,2025-11-22T05:22:00+00:00,TIMEOUT,-0.27,-0.124,-0.734,-0.906,-0.328,-5813.5,15372.56,-9392.14,0.151,1.02,False,False,True,False,False,False,False,True
TREND_DOWN,DOWN_NOV,2025-11-22T05:23:00+00:00,TIMEOUT,-0.335,-0.066,-0.813,-1.115,-0.403,-4815.35,15734.71,-5813.5,0.073,1.02,False,True,True,False,False,False,False,True
TREND_DOWN,DOWN_NOV,2025-11-22T05:24:00+00:00,TIMEOUT,-0.296,-0.023,-0.767,-0.981,-0.361,-6452.36,14744.7,-4815.35,0.113,1.02,False,False,True,False,False,False,False,True
TREND_DOWN,DOWN_NOV,2025-11-22T05:25:00+00:00,TIMEOUT,-0.349,-0.317,-0.843,-0.997,-0.348,-7819.96,13663.03,-6452.36,0.123,1.02,False,False,True,False,False,False,False,True
TREND_DOWN,DOWN_NOV,2025-11-22T05:26:00+00:00,TIMEOUT,-0.175,-0.107,-0.826,-0.897,-0.283,-8489.83,13220.56,-7819.96,0.186,1.02,False,False,True,False,False,False,False,True
TREND_DOWN,DOWN_NOV,2025-11-22T05:27:00+00:00,TIMEOUT,-0.186,-0.055,-0.765,-0.972,-0.26,-7821.33,14851.47,-8489.83,0.206,0.995,False,False,True,False,False,False,False,True
TREND_DOWN,DOWN_NOV,2025-11-22T05:28:00+00:00,TIMEOUT,-0.199,0.045,-0.725,-1.059,-0.217,-919.9,15711.99,-7821.33,0.247,0.995,False,False,True,False,False,True,False,True
TREND_DOWN,DOWN_NOV,2025-11-22T05:29:00+00:00,TIMEOUT,-0.19,0.092,-0.73,-1.111,-0.205,-860.72,16132.07,-919.9,0.258,0.995,False,False,True,False,False,True,False,True
TREND_DOWN,DOWN_NOV,2025-11-22T05:33:00+00:00,TIMEOUT,-0.372,-0.129,-0.756,-1.28,-0.351,-7098.82,20678.18,-7963.51,0.097,0.883,False,True,True,False,False,False,False,True
TREND_DOWN,DOWN_NOV,2025-11-22T06:09:00+00:00,TIMEOUT,0.196,-0.19,-0.53,-1.508,-0.086,-6813.01,8789.35,-2180.47,0.252,0.883,False,False,True,False,False,False,False,True
TREND_DOWN,DOWN_NOV,2025-11-22T06:10:00+00:00,TIMEOUT,0.275,-0.151,-0.461,-1.383,-0.029,-7291.91,4025.77,-6813.01,0.305,0.883,False,False,True,False,False,False,False,True
TREND_DOWN,DOWN_NOV,2025-11-22T06:50:00+00:00,TIMEOUT,0.198,0.478,0.284,-0.258,0.368,3095.96,2576.31,3440.47,0.557,1.099,False,False,True,False,False,True,False,False
TREND_DOWN,DOWN_NOV,2025-11-22T07:02:00+00:00,TIMEOUT,-0.125,0.352,0.115,-0.28,0.355,6275.44,2109.75,6373.16,0.533,1.099,False,False,True,False,False,True,False,False
TREND_DOWN,DOWN_NOV,2025-11-22T07:07:00+00:00,TIMEOUT,-0.173,0.375,0.332,-0.23,0.325,4012.45,-8557.24,4610.57,0.507,1.099,False,False,True,False,False,True,False,False
TREND_DOWN,DOWN_NOV,2025-11-22T07:08:00+00:00,TIMEOUT,-0.101,0.404,0.254,-0.193,0.304,3582.19,-8859.68,4012.45,0.487,1.099,False,False,True,False,False,True,False,False
TREND_DOWN,DOWN_NOV,2025-11-22T07:09:00+00:00,TIMEOUT,-0.15,0.503,0.299,-0.125,0.319,8393.91,-10832.89,3582.19,0.503,1.099,False,False,True,False,False,True,False,False
TREND_DOWN,DOWN_NOV,2025-11-22T07:10:00+00:00,TIMEOUT,-0.13,0.428,0.258,-0.128,0.296,7489.28,-10434.8,8393.91,0.428,1.099,False,False,True,False,False,True,False,False
TREND_DOWN,DOWN_NOV,2025-11-22T07:11:00+00:00,TIMEOUT,-0.185,0.198,0.26,-0.271,0.226,5784.92,-6212.0,7489.28,0.233,1.099,False,False,True,False,False,True,False,False
TREND_DOWN,DOWN_NOV,2025-11-22T07:12:00+00:00,TIMEOUT,-0.171,0.238,0.359,-0.308,0.241,7007.88,-1255.34,5784.92,0.249,1.099,False,False,True,False,False,True,False,False
TREND_DOWN,DOWN_NOV,2025-11-22T07:13:00+00:00,TIMEOUT,-0.183,0.22,0.386,-0.29,0.21,7735.37,-133.81,7007.88,0.22,1.099,False,False,True,False,False,True,False,False
TREND_DOWN,DOWN_NOV,2025-11-22T07:14:00+00:00,TIMEOUT,-0.185,0.223,0.412,-0.321,0.252,12814.78,3208.91,7735.37,0.223,1.099,False,False,True,False,False,True,False,False
TREND_DOWN,DOWN_NOV,2025-11-22T07:16:00+00:00,TIMEOUT,-0.179,0.18,0.476,-0.321,0.227,14486.47,5515.4,15831.54,0.18,1.099,False,False,True,False,False,True,False,False
TREND_DOWN,DOWN_NOV,2025-11-22T07:17:00+00:00,TIMEOUT,-0.258,0.113,0.541,-0.447,0.183,13280.91,10754.24,14486.47,0.136,1.099,False,False,True,False,False,True,False,False
TREND_DOWN,DOWN_NOV,2025-11-22T07:18:00+00:00,TIMEOUT,-0.281,0.128,0.556,-0.585,0.169,11865.3,13558.33,13280.91,0.128,1.099,False,False,True,False,False,True,False,False
TREND_DOWN,DOWN_NOV,2025-11-22T07:36:00+00:00,TIMEOUT,-0.172,-0.318,0.648,-0.828,0.1,-10842.21,10231.64,-8783.05,0.0,1.099,False,True,True,False,False,True,False,True
TREND_DOWN,DOWN_NOV,2025-11-22T08:02:00+00:00,TIMEOUT,-0.045,-0.051,0.405,-0.739,0.133,-7533.6,-1682.11,98.06,0.116,1.07,False,False,True,False,False,True,False,False
TREND_DOWN,DOWN_NOV,2025-11-22T08:03:00+00:00,TIMEOUT,-0.135,-0.115,0.263,-0.752,0.101,-8591.82,-2673.82,-7533.6,0.087,1.07,False,True,True,False,False,True,False,True
TREND_DOWN,DOWN_NOV,2025-11-22T08:04:00+00:00,TIMEOUT,-0.085,-0.08,0.331,-0.712,0.089,-8215.03,-2556.32,-8591.82,0.076,1.07,False,True,True,False,False,True,False,True
TREND_DOWN,DOWN_NOV,2025-11-22T08:05:00+00:00,TIMEOUT,-0.005,-0.08,0.22,-0.635,0.053,-7683.04,-3423.69,-8215.03,0.041,1.07,False,True,True,False,False,True,False,True
TREND_DOWN,DOWN_NOV,2025-11-22T08:06:00+00:00,TIMEOUT,0.041,-0.131,0.262,-0.479,0.053,-4864.21,-4469.88,-7683.04,0.041,1.07,False,True,True,False,False,True,False,True
TREND_DOWN,DOWN_NOV,2025-11-22T08:07:00+00:00,TIMEOUT,0.008,-0.059,0.388,-0.498,0.092,-6911.06,-5719.99,-4864.21,0.081,1.07,False,True,True,False,False,True,False,True
TREND_DOWN,DOWN_NOV,2025-11-22T08:09:00+00:00,TIMEOUT,-0.106,-0.053,0.26,-0.533,0.091,-8218.88,-6637.98,-7029.59,0.084,1.07,False,True,True,False,False,True,False,True
TREND_DOWN,DOWN_NOV,2025-11-22T08:11:00+00:00,TIMEOUT,-0.056,0.039,0.33,-0.279,0.09,-8199.51,-8430.09,-7364.96,0.085,1.07,False,False,True,False,False,True,False,True
TREND_DOWN,DOWN_NOV,2025-11-22T08:13:00+00:00,TIMEOUT,-0.15,0.062,0.304,-0.32,0.098,-9833.3,-12571.53,-8743.91,0.095,1.07,False,False,True,False,False,True,False,True
TREND_DOWN,DOWN_NOV,2025-11-22T08:17:00+00:00,TIMEOUT,-0.225,0.001,0.492,-0.386,0.01,-15869.88,-6851.7,-15761.86,0.022,1.07,False,False,True,False,False,True,False,True
TREND_DOWN,DOWN_NOV,2025-11-22T08:18:00+00:00,TIMEOUT,-0.387,-0.159,0.269,-0.481,-0.162,-18827.75,-10098.18,-15869.88,0.0,1.07,False,True,True,False,False,True,False,True
TREND_DOWN,DOWN_NOV,2025-11-22T08:19:00+00:00,TIMEOUT,-0.277,-0.212,0.266,-0.485,-0.167,-25126.99,-14262.75,-18827.75,0.0,1.07,False,True,True,False,False,True,False,True
TREND_DOWN,DOWN_NOV,2025-11-22T08:20:00+00:00,TIMEOUT,-0.317,-0.341,0.252,-0.445,-0.197,-30658.76,-16083.12,-25126.99,0.0,1.07,False,True,True,False,False,True,False,True
TREND_DOWN,DOWN_NOV,2025-11-22T08:21:00+00:00,TIMEOUT,-0.373,-0.347,0.405,-0.452,-0.185,-34796.31,-18203.62,-30658.76,0.012,1.07,False,True,True,False,False,True,False,True
TREND_DOWN,DOWN_NOV,2025-11-22T08:22:00+00:00,TIMEOUT,-0.373,-0.291,0.339,-0.398,-0.172,-34644.68,-17533.5,-34796.31,0.027,1.07,False,True,True,False,False,True,False,True
TREND_DOWN,DOWN_NOV,2025-11-22T08:23:00+00:00,TIMEOUT,-0.313,-0.29,0.441,-0.375,-0.149,-34305.64,-16930.13,-34644.68,0.051,1.07,False,True,True,False,False,True,False,True
TREND_DOWN,DOWN_NOV,2025-11-22T08:24:00+00:00,TIMEOUT,-0.332,-0.214,0.422,-0.349,-0.129,-33342.98,-15643.53,-34305.64,0.072,1.07,False,True,True,False,False,True,False,True
TREND_DOWN,DOWN_NOV,2025-11-22T08:25:00+00:00,TIMEOUT,-0.327,-0.166,0.367,-0.479,-0.176,-31484.73,-14227.93,-33342.98,0.027,1.07,False,True,True,False,False,True,False,True
TREND_DOWN,DOWN_NOV,2025-11-22T08:26:00+00:00,TIMEOUT,-0.336,-0.189,0.309,-0.52,-0.174,-33692.16,-15794.64,-31484.73,0.032,1.07,False,True,True,False,False,True,False,True
TREND_DOWN,DOWN_NOV,2025-11-22T08:27:00+00:00,TIMEOUT,-0.447,-0.326,0.211,-0.556,-0.251,-33779.18,-15823.35,-33692.16,0.0,1.07,False,True,True,False,False,True,False,True
TREND_DOWN,DOWN_NOV,2025-11-22T08:28:00+00:00,TIMEOUT,-0.436,-0.292,0.18,-0.546,-0.241,-28631.81,-12567.71,-33779.18,0.01,1.07,False,True,True,False,False,True,False,True
TREND_DOWN,DOWN_NOV,2025-11-22T08:29:00+00:00,TIMEOUT,-0.441,-0.324,0.161,-0.571,-0.249,-28287.59,-12515.98,-28631.81,0.001,1.07,False,True,True,False,False,True,False,True
TREND_DOWN,DOWN_NOV,2025-11-22T08:30:00+00:00,TIMEOUT,-0.375,-0.461,0.254,-0.527,-0.263,-30294.94,-16049.56,-28287.59,0.0,1.07,False,True,True,False,False,True,False,True
TREND_DOWN,DOWN_NOV,2025-11-22T08:31:00+00:00,TIMEOUT,-0.468,-0.473,0.252,-0.533,-0.315,-31222.16,-18077.66,-30294.94,0.0,1.07,False,True,True,False,False,True,False,True
TREND_DOWN,DOWN_NOV,2025-11-22T08:32:00+00:00,TIMEOUT,-0.489,-0.535,0.134,-0.571,-0.404,-32487.64,-18787.82,-31222.16,0.0,1.07,False,True,True,False,False,True,False,True
TREND_DOWN,DOWN_NOV,2025-11-22T08:33:00+00:00,TIMEOUT,-0.499,-0.633,0.136,-0.621,-0.441,-33022.74,-18780.48,-32487.64,0.0,1.07,False,True,True,False,False,True,False,True
TREND_DOWN,DOWN_NOV,2025-11-22T08:34:00+00:00,TIMEOUT,-0.482,-0.567,0.092,-0.426,-0.435,-31719.16,-19069.19,-33022.74,0.006,1.07,False,True,True,False,False,True,False,True
TREND_DOWN,DOWN_NOV,2025-11-22T08:35:00+00:00,TIMEOUT,-0.401,-0.405,0.117,-0.423,-0.381,-25331.53,-9916.1,-31719.16,0.052,1.07,False,True,True,False,False,True,False,True
TREND_DOWN,DOWN_NOV,2025-11-22T08:44:00+00:00,TIMEOUT,-0.539,-0.601,0.158,-0.33,-0.392,-30614.77,-16164.96,-30671.14,0.158,1.002,False,False,True,False,False,True,False,True
TREND_DOWN,DOWN_NOV,2025-11-22T08:45:00+00:00,TIMEOUT,-0.669,-0.772,-0.147,-0.59,-0.55,-34977.39,-25256.43,-30614.77,0.0,1.005,False,True,True,False,False,False,True,True
TREND_DOWN,DOWN_NOV,2025-11-22T08:46:00+00:00,TIMEOUT,-0.653,-0.794,-0.075,-0.52,-0.496,-33820.94,-22811.61,-34977.39,0.055,1.005,False,True,True,False,False,False,True,True
TREND_DOWN,DOWN_NOV,2025-11-22T09:27:00+00:00,TIMEOUT,0.035,-0.124,-0.441,-0.314,-0.282,25636.77,-5539.83,25988.44,0.199,1.005,False,False,True,False,False,True,False,False
TREND_DOWN,DOWN_NOV,2025-11-22T09:28:00+00:00,TIMEOUT,0.098,-0.134,-0.42,-0.368,-0.28,21166.22,-5460.13,25636.77,0.199,1.005,False,False,True,False,False,True,False,False
TREND_DOWN,DOWN_NOV,2025-11-22T09:29:00+00:00,TIMEOUT,0.121,-0.11,-0.445,-0.355,-0.263,21055.96,-5060.96,21166.22,0.215,1.005,False,False,True,False,False,True,False,False
TREND_DOWN,DOWN_NOV,2025-11-22T09:30:00+00:00,TIMEOUT,0.088,-0.141,-0.561,-0.448,-0.307,25194.02,-1326.66,21055.96,0.17,1.005,False,False,True,False,False,True,False,False
TREND_DOWN,DOWN_NOV,2025-11-22T09:31:00+00:00,TIMEOUT,-0.011,-0.219,-0.737,-0.54,-0.427,24719.54,-4801.9,25194.02,0.045,1.005,False,True,True,False,False,True,True,False
TREND_DOWN,DOWN_NOV,2025-11-22T09:32:00+00:00,TIMEOUT,0.164,0.076,-0.589,-0.335,-0.214,27520.55,-5766.77,24719.54,0.254,1.005,False,False,True,False,False,True,False,False
TREND_DOWN,DOWN_NOV,2025-11-22T09:42:00+00:00,TIMEOUT,-0.477,-0.062,-0.787,-0.531,-0.405,4594.06,-28434.62,11509.81,0.0,0.944,False,True,True,False,False,True,True,False
TREND_DOWN,DOWN_NOV,2025-11-22T09:43:00+00:00,TIMEOUT,-0.507,-0.212,-0.795,-0.554,-0.413,-195.64,-32754.52,4594.06,0.0,0.969,False,True,True,False,False,False,True,False
TREND_DOWN,DOWN_NOV,2025-11-22T09:44:00+00:00,TIMEOUT,-0.416,-0.14,-0.792,-0.496,-0.355,5200.68,-28703.39,-195.64,0.05,0.969,False,True,True,False,False,True,True,False
TREND_DOWN,DOWN_NOV,2025-11-22T09:45:00+00:00,TIMEOUT,-0.399,0.038,-0.816,-0.505,-0.334,11588.15,-27583.54,5200.68,0.067,0.969,False,False,True,False,False,True,False,False
TREND_DOWN,DOWN_NOV,2025-11-22T09:50:00+00:00,TIMEOUT,-0.142,-0.031,-0.666,-0.383,-0.313,6121.02,-24107.53,7586.26,0.069,0.969,False,True,True,False,False,True,True,False
TREND_DOWN,DOWN_NOV,2025-11-22T09:51:00+00:00,TIMEOUT,-0.057,-0.132,-0.792,-0.386,-0.361,3551.82,-24650.06,6121.02,0.017,0.969,False,True,True,False,False,True,True,False
TREND_DOWN,DOWN_NOV,2025-11-22T09:52:00+00:00,TIMEOUT,-0.116,-0.065,-0.81,-0.303,-0.275,6658.74,-24954.37,3551.82,0.1,0.969,False,True,True,False,False,True,True,False
TREND_DOWN,DOWN_NOV,2025-11-22T09:53:00+00:00,TIMEOUT,-0.035,-0.081,-0.747,-0.381,-0.244,5792.9,-23003.43,6658.74,0.122,0.969,False,False,True,False,False,True,False,False
TREND_DOWN,DOWN_NOV,2025-11-22T09:54:00+00:00,TIMEOUT,-0.095,-0.159,-0.8,-0.467,-0.27,-1534.43,-23192.63,5792.9,0.093,0.969,False,True,True,False,False,False,True,False
TREND_DOWN,DOWN_NOV,2025-11-22T09:55:00+00:00,TIMEOUT,-0.19,-0.228,-0.862,-0.567,-0.32,-7747.19,-27992.31,-1534.43,0.041,0.969,False,True,True,False,False,False,True,True
TREND_DOWN,DOWN_NOV,2025-11-22T09:56:00+00:00,TIMEOUT,-0.187,-0.226,-0.945,-0.613,-0.342,-5892.34,-27124.43,-7747.19,0.015,0.969,False,True,True,False,False,False,True,True
TREND_DOWN,DOWN_NOV,2025-11-22T10:18:00+00:00,TIMEOUT,-0.236,-0.291,-0.575,-0.021,-0.277,-8452.54,-11030.77,-9255.77,0.047,0.914,False,True,True,False,False,False,True,True
TREND_DOWN,DOWN_NOV,2025-11-22T10:19:00+00:00,TIMEOUT,-0.153,-0.256,-0.637,-0.059,-0.288,-10216.58,-14728.18,-8452.54,0.032,0.914,False,True,True,False,False,False,True,True
TREND_DOWN,DOWN_NOV,2025-11-22T10:21:00+00:00,TIMEOUT,-0.05,-0.107,-0.788,-0.356,-0.319,-9750.33,-15395.84,-10176.86,0.0,0.918,False,True,True,False,False,False,True,True
TREND_DOWN,DOWN_NOV,2025-11-22T10:24:00+00:00,TIMEOUT,-0.188,-0.283,-0.776,-0.167,-0.373,-13300.72,-18127.76,-9006.06,0.0,0.981,False,True,True,False,False,False,True,True
TREND_DOWN,DOWN_NOV,2025-11-22T10:25:00+00:00,TIMEOUT,-0.337,-0.527,-0.884,-0.671,-0.568,-28774.86,-35386.05,-13300.72,0.0,1.185,False,True,True,False,False,False,True,True
TREND_DOWN,DOWN_NOV,2025-11-22T10:26:00+00:00,TIMEOUT,-0.27,-0.457,-0.871,-0.483,-0.497,-22279.53,-29983.25,-28774.86,0.041,1.185,False,True,True,False,False,False,True,True
TREND_DOWN,DOWN_NOV,2025-11-22T10:27:00+00:00,TIMEOUT,-0.181,-0.416,-0.865,-0.385,-0.42,-21896.29,-30038.7,-22279.53,0.108,1.185,False,False,True,False,False,False,False,True
TREND_DOWN,DOWN_NOV,2025-11-22T10:28:00+00:00,TIMEOUT,-0.231,-0.487,-0.91,-0.397,-0.488,-22753.68,-30219.27,-21896.29,0.037,1.185,False,True,True,False,False,False,True,True
TREND_DOWN,DOWN_NOV,2025-11-22T10:29:00+00:00,TIMEOUT,-0.291,-0.507,-0.939,-0.365,-0.488,-11322.71,-18554.34,-22753.68,0.032,1.185,False,True,True,False,False,False,True,True
TREND_DOWN,DOWN_NOV,2025-11-22T10:30:00+00:00,TIMEOUT,-0.322,-0.43,-1.029,-0.407,-0.444,-14700.29,-19801.21,-11322.71,0.064,1.185,False,True,True,False,False,False,True,True
TREND_DOWN,DOWN_NOV,2025-11-22T10:31:00+00:00,TIMEOUT,-0.375,-0.339,-1.027,-0.505,-0.468,-13992.34,-20494.96,-14700.29,0.031,1.185,False,True,True,False,False,False,True,True
TREND_DOWN,DOWN_NOV,2025-11-22T10:32:00+00:00,TIMEOUT,-0.413,-0.543,-0.999,-0.456,-0.46,-16153.66,-21120.75,-13992.34,0.035,1.185,False,True,True,False,False,False,True,True
TREND_DOWN,DOWN_NOV,2025-11-22T10:33:00+00:00,TIMEOUT,-0.362,-0.438,-1.035,-0.397,-0.432,-14379.78,-20007.59,-16153.66,0.06,1.185,False,True,True,False,False,False,True,True
TREND_DOWN,DOWN_NOV,2025-11-22T10:34:00+00:00,TIMEOUT,-0.333,-0.419,-0.967,-0.375,-0.421,-14601.0,-18862.33,-14379.78,0.067,1.185,False,True,True,False,False,False,True,True
TREND_DOWN,DOWN_NOV,2025-11-22T10:35:00+00:00,TIMEOUT,-0.262,-0.499,-0.8,-0.158,-0.366,-14840.58,-16775.76,-14601.0,0.12,1.185,False,False,True,False,False,False,False,True
TREND_DOWN,DOWN_NOV,2025-11-22T10:36:00+00:00,TIMEOUT,-0.291,-0.58,-0.776,-0.134,-0.385,-15261.99,-16998.99,-14840.58,0.099,1.185,False,True,True,False,False,False,True,True
TREND_DOWN,DOWN_NOV,2025-11-22T10:37:00+00:00,TIMEOUT,-0.388,-0.574,-0.914,-0.237,-0.448,-16007.01,-18443.19,-15261.99,0.033,1.185,False,True,True,False,False,False,True,True
TREND_DOWN,DOWN_NOV,2025-11-22T10:38:00+00:00,TIMEOUT,-0.336,-0.525,-0.89,-0.207,-0.396,-15153.58,-17427.28,-16007.01,0.081,1.185,False,True,True,False,False,False,True,True
TREND_DOWN,DOWN_NOV,2025-11-22T10:39:00+00:00,TIMEOUT,-0.407,-0.634,-1.081,-0.338,-0.493,-14717.34,-17925.15,-15153.58,0.0,1.204,False,True,True,False,False,False,True,True
TREND_DOWN,DOWN_NOV,2025-11-22T10:48:00+00:00,TIMEOUT,-0.409,-0.644,-1.208,-0.522,-0.528,-1270.8,-22768.14,-1258.1,0.0,1.223,False,True,True,False,False,False,True,True
TREND_DOWN,DOWN_NOV,2025-11-22T10:49:00+00:00,LOSS,-0.436,-0.589,-1.136,-0.578,-0.567,-4123.61,-24161.88,-1270.8,0.0,1.244,False,True,True,False,False,False,True,True
TREND_DOWN,DOWN_NOV,2025-11-22T10:50:00+00:00,TIMEOUT,-0.331,-0.399,-1.042,-0.441,-0.458,-1293.0,-24057.47,-4123.61,0.102,1.244,False,False,True,False,False,False,False,True
TREND_DOWN,DOWN_NOV,2025-11-22T10:51:00+00:00,TIMEOUT,-0.301,-0.351,-1.112,-0.584,-0.456,181.49,-23562.17,-1293.0,0.1,1.244,False,True,True,False,False,True,True,False
TREND_DOWN,DOWN_NOV,2025-11-22T10:52:00+00:00,TIMEOUT,-0.49,-0.479,-1.172,-0.735,-0.5,-1342.3,-22939.45,181.49,0.054,1.244,False,True,True,False,False,False,True,False
TREND_DOWN,DOWN_NOV,2025-11-22T10:53:00+00:00,TIMEOUT,-0.447,-0.518,-1.154,-0.74,-0.514,-2430.23,-22938.45,-1342.3,0.037,1.244,False,True,True,False,False,False,True,True
TREND_DOWN,DOWN_NOV,2025-11-22T11:52:00+00:00,TIMEOUT,0.287,0.711,0.164,0.058,0.268,24297.52,29613.96,25813.77,0.728,0.947,False,False,False,False,False,True,False,False
TREND_DOWN,DOWN_NOV,2025-11-22T11:54:00+00:00,TIMEOUT,0.165,0.67,0.022,-0.118,0.215,26577.98,18511.1,24405.78,0.67,0.947,False,False,False,False,False,True,False,False
TREND_DOWN,DOWN_NOV,2025-11-22T11:58:00+00:00,TIMEOUT,-0.048,0.561,0.197,-0.111,0.269,8613.22,19073.53,17067.91,0.61,0.947,False,False,False,False,False,True,False,False
TREND_DOWN,DOWN_NOV,2025-11-22T11:59:00+00:00,TIMEOUT,-0.152,0.477,0.094,-0.213,0.159,5972.9,15640.36,8613.22,0.499,0.947,False,False,True,False,False,True,False,False
TREND_DOWN,DOWN_NOV,2025-11-22T12:00:00+00:00,TIMEOUT,-0.009,0.469,0.16,-0.107,0.213,6356.49,17076.84,5972.9,0.553,0.947,False,False,True,False,False,True,False,False
TREND_DOWN,DOWN_NOV,2025-11-22T12:01:00+00:00,TIMEOUT,-0.034,0.447,0.143,-0.17,0.17,4467.68,13723.86,6356.49,0.51,0.947,False,False,True,False,False,True,False,False
TREND_DOWN,DOWN_NOV,2025-11-22T12:02:00+00:00,TIMEOUT,-0.048,0.396,0.111,-0.167,0.171,-1547.17,5643.42,4467.68,0.512,0.947,False,False,True,False,False,True,False,False
TREND_DOWN,DOWN_NOV,2025-11-22T12:03:00+00:00,TIMEOUT,-0.108,0.413,0.011,-0.236,0.166,-1094.32,4950.63,-1547.17,0.507,0.947,False,False,True,False,False,True,False,True
TREND_DOWN,DOWN_NOV,2025-11-22T12:04:00+00:00,TIMEOUT,-0.196,0.381,-0.047,-0.322,0.041,-4271.8,2449.92,-1094.32,0.381,0.947,False,False,True,False,False,True,False,True
TREND_DOWN,DOWN_NOV,2025-11-22T12:05:00+00:00,TIMEOUT,-0.348,0.327,-0.147,-0.222,0.032,-5841.58,-542.04,-4271.8,0.327,0.947,False,False,True,False,False,True,False,True
TREND_DOWN,DOWN_NOV,2025-11-22T12:06:00+00:00,TIMEOUT,-0.419,0.165,-0.156,-0.272,0.009,-12039.52,-4584.71,-5841.58,0.165,0.947,False,False,True,False,False,True,False,True
TREND_DOWN,DOWN_NOV,2025-11-22T12:07:00+00:00,TIMEOUT,-0.434,0.138,-0.167,-0.298,-0.008,-9131.86,-8083.46,-12039.52,0.138,0.947,False,False,True,False,False,True,False,True
TREND_DOWN,DOWN_NOV,2025-11-22T12:08:00+00:00,TIMEOUT,-0.532,-0.2,-0.392,-0.421,-0.179,-15965.02,-10283.07,-9131.86,0.0,0.947,False,True,True,False,False,False,True,True
TREND_DOWN,DOWN_NOV,2025-11-22T12:09:00+00:00,TIMEOUT,-0.59,-0.261,-0.509,-0.41,-0.247,-19089.48,-10142.97,-15965.02,0.0,0.947,False,True,True,False,False,False,True,True
TREND_DOWN,DOWN_NOV,2025-11-22T12:10:00+00:00,TIMEOUT,-0.538,-0.253,-0.503,-0.429,-0.21,-16126.11,-10179.08,-19089.48,0.033,0.947,False,True,True,False,False,False,True,True
TREND_DOWN,DOWN_NOV,2025-11-22T12:11:00+00:00,TIMEOUT,-0.557,-0.289,-0.641,-0.64,-0.258,-13038.49,-15914.39,-16126.11,0.0,0.947,False,True,True,False,False,False,True,True
TREND_DOWN,DOWN_NOV,2025-11-22T12:12:00+00:00,TIMEOUT,-0.622,-0.429,-0.748,-0.652,-0.29,-12500.34,-17519.32,-13038.49,0.0,0.947,False,True,True,False,False,False,True,True
TREND_DOWN,DOWN_NOV,2025-11-22T12:13:00+00:00,TIMEOUT,-0.697,-0.341,-0.739,-0.626,-0.268,-12665.71,-19276.75,-12500.34,0.016,0.947,False,True,True,False,False,False,True,True
TREND_DOWN,DOWN_NOV,2025-11-22T12:14:00+00:00,TIMEOUT,-0.702,-0.391,-0.73,-0.7,-0.296,-14472.15,-17849.68,-12665.71,0.0,0.926,False,True,True,False,False,False,True,True
TREND_DOWN,DOWN_NOV,2025-11-22T12:15:00+00:00,TIMEOUT,-0.619,-0.382,-0.647,-0.635,-0.212,-13885.42,-16509.32,-14472.15,0.083,0.926,False,True,True,False,False,False,True,True
TREND_DOWN,DOWN_NOV,2025-11-22T12:16:00+00:00,TIMEOUT,-0.499,-0.279,-0.537,-0.633,-0.197,-9611.58,-11819.7,-13885.42,0.094,0.926,False,True,True,False,False,False,True,True
TREND_DOWN,DOWN_NOV,2025-11-22T12:17:00+00:00,TIMEOUT,-0.462,-0.205,-0.52,-0.613,-0.148,-5264.77,-8002.78,-9611.58,0.14,0.926,False,False,True,False,False,False,False,True
TREND_DOWN,DOWN_NOV,2025-11-22T12:34:00+00:00,TIMEOUT,-0.326,-0.522,-0.418,-1.248,-0.219,-4185.1,-8521.68,-5181.74,0.114,0.926,False,False,True,False,False,False,False,True
TREND_DOWN,DOWN_NOV,2025-11-22T12:35:00+00:00,TIMEOUT,-0.304,-0.651,-0.537,-1.109,-0.205,-5615.91,-8996.72,-4185.1,0.128,0.926,False,False,True,False,False,False,False,True
TREND_DOWN,DOWN_NOV,2025-11-22T13:25:00+00:00,TIMEOUT,-0.049,0.203,0.178,-0.708,-0.071,1504.87,23039.8,-2518.86,0.223,0.926,False,False,True,False,False,True,False,False
TREND_DOWN,DOWN_NOV,2025-11-22T13:26:00+00:00,TIMEOUT,-0.045,0.248,0.162,-0.711,-0.059,4873.38,18927.4,1504.87,0.248,0.926,False,False,True,False,False,True,False,False
TREND_DOWN,DOWN_NOV,2025-11-22T13:27:00+00:00,TIMEOUT,-0.018,0.26,0.139,-0.727,-0.019,1118.07,18759.62,4873.38,0.284,0.926,False,False,True,False,False,True,False,False
TREND_DOWN,DOWN_NOV,2025-11-22T13:28:00+00:00,TIMEOUT,-0.013,0.3,0.227,-0.686,-0.003,4080.26,20024.5,1118.07,0.301,0.926,False,False,True,False,False,True,False,False
TREND_DOWN,DOWN_NOV,2025-11-22T13:29:00+00:00,TIMEOUT,0.011,0.271,0.227,-0.713,-0.009,3252.88,8281.76,4080.26,0.297,0.926,False,False,True,False,False,True,False,False
TREND_DOWN,DOWN_NOV,2025-11-22T13:30:00+00:00,TIMEOUT,0.026,0.18,0.196,-0.835,-0.016,2268.19,7128.67,3252.88,0.297,0.926,False,False,True,False,False,True,False,False
TREND_DOWN,DOWN_NOV,2025-11-22T13:31:00+00:00,TIMEOUT,0.039,0.109,0.178,-0.851,-0.069,1319.5,7708.12,2268.19,0.246,0.926,False,False,True,False,False,True,False,False
TREND_DOWN,DOWN_NOV,2025-11-22T13:32:00+00:00,TIMEOUT,0.186,0.178,0.189,-0.812,-0.057,225.78,7622.67,1319.5,0.261,0.926,False,False,True,False,False,True,False,False
TREND_DOWN,DOWN_NOV,2025-11-22T13:33:00+00:00,TIMEOUT,0.109,0.04,0.097,-0.939,-0.125,-13763.94,-7718.5,225.78,0.194,0.926,False,False,True,False,False,True,False,False
TREND_DOWN,DOWN_NOV,2025-11-22T13:34:00+00:00,TIMEOUT,0.223,0.183,0.184,-0.784,-0.028,-15783.68,-9704.36,-13763.94,0.289,0.926,False,False,True,False,False,True,False,True
TREND_DOWN,DOWN_NOV,2025-11-22T13:35:00+00:00,TIMEOUT,0.121,0.115,0.077,-0.724,-0.083,-16824.23,-10980.37,-15783.68,0.234,0.926,False,False,True,False,False,True,False,True
TREND_DOWN,DOWN_NOV,2025-11-22T13:36:00+00:00,TIMEOUT,-0.076,-0.064,0.001,-0.775,-0.18,-16900.89,-10161.02,-16824.23,0.137,0.926,False,False,True,False,False,True,False,True
TREND_DOWN,DOWN_NOV,2025-11-22T13:37:00+00:00,TIMEOUT,-0.093,-0.056,0.047,-0.867,-0.2,-15705.72,-7671.33,-16900.89,0.117,0.926,False,False,True,False,False,True,False,True
TREND_DOWN,DOWN_NOV,2025-11-22T13:38:00+00:00,TIMEOUT,-0.195,-0.063,0.003,-0.886,-0.196,-15202.01,-8450.09,-15705.72,0.122,0.926,False,False,True,False,False,True,False,True
TREND_DOWN,DOWN_NOV,2025-11-22T13:39:00+00:00,TIMEOUT,-0.189,-0.043,0.134,-0.949,-0.168,-14811.41,-7263.66,-15202.01,0.152,0.926,False,False,True,False,False,True,False,True
TREND_DOWN,DOWN_NOV,2025-11-22T13:57:00+00:00,TIMEOUT,0.076,0.057,0.263,-0.772,0.001,-29907.7,-7099.86,-29155.45,0.293,0.833,False,False,True,False,False,True,False,False
TREND_DOWN,DOWN_NOV,2025-11-22T14:10:00+00:00,TIMEOUT,0.447,0.063,0.167,-0.422,0.191,-46040.35,-39867.93,-37695.82,0.477,0.833,False,False,True,False,False,True,False,False
TREND_DOWN,DOWN_NOV,2025-11-22T14:30:00+00:00,TIMEOUT,0.587,0.754,0.436,0.375,0.503,-42445.25,-45577.65,-39001.72,0.936,1.197,False,False,False,False,False,True,False,False
TREND_DOWN,DOWN_NOV,2025-11-22T14:31:00+00:00,TIMEOUT,0.435,0.782,0.431,0.399,0.478,-43088.49,-46810.92,-42445.25,0.912,1.197,False,False,False,False,False,True,False,False
TREND_DOWN,DOWN_NOV,2025-11-22T14:33:00+00:00,TIMEOUT,0.476,0.891,0.416,0.58,0.528,-29651.79,-48597.47,-41780.29,0.968,1.197,False,False,False,False,False,True,False,False
TREND_DOWN,DOWN_NOV,2025-11-22T14:34:00+00:00,TIMEOUT,0.379,0.739,0.397,0.519,0.47,-28755.33,-48724.11,-29651.79,0.913,1.197,False,False,False,False,False,True,False,False
TREND_DOWN,DOWN_NOV,2025-11-22T14:35:00+00:00,TIMEOUT,0.248,0.714,0.173,0.392,0.388,-28334.78,-50774.92,-28755.33,0.833,1.197,False,False,False,False,False,True,False,False
TREND_DOWN,DOWN_NOV,2025-11-22T14:40:00+00:00,TIMEOUT,0.375,0.823,0.255,0.558,0.402,-28014.49,-58493.96,-25890.17,0.823,1.197,False,False,False,False,False,True,False,False
TREND_DOWN,DOWN_NOV,2025-11-22T14:41:00+00:00,TIMEOUT,0.305,0.85,0.328,0.568,0.443,-27685.79,-56890.94,-28014.49,0.85,1.197,False,False,False,False,False,True,False,False
TREND_DOWN,DOWN_NOV,2025-11-22T14:42:00+00:00,TIMEOUT,0.238,0.68,0.241,0.531,0.384,-29668.16,-56498.04,-27685.79,0.686,1.197,False,False,False,False,False,True,False,False
TREND_DOWN,DOWN_NOV,2025-11-22T14:43:00+00:00,TIMEOUT,0.107,0.627,0.102,0.356,0.336,-29571.13,-56820.4,-29668.16,0.638,1.197,False,False,False,False,False,True,False,False
TREND_DOWN,DOWN_NOV,2025-11-22T14:44:00+00:00,TIMEOUT,-0.078,0.562,0.104,0.353,0.309,-30543.97,-56855.12,-29571.13,0.612,1.197,False,False,False,False,False,True,False,False
TREND_DOWN,DOWN_NOV,2025-11-22T14:45:00+00:00,TIMEOUT,-0.276,0.549,0.091,0.502,0.296,-30905.65,-57798.51,-30543.97,0.599,1.197,False,False,True,False,False,True,False,True
TREND_DOWN,DOWN_NOV,2025-11-22T14:46:00+00:00,TIMEOUT,-0.305,0.388,0.079,0.324,0.174,-40445.82,-66697.09,-30905.65,0.477,1.197,False,False,True,False,False,True,False,True
TREND_DOWN,DOWN_NOV,2025-11-22T14:47:00+00:00,TIMEOUT,-0.122,0.321,0.069,0.266,0.171,-41606.53,-67302.99,-40445.82,0.477,1.197,False,False,True,False,False,True,False,True
TREND_DOWN,DOWN_NOV,2025-11-22T14:48:00+00:00,TIMEOUT,-0.002,0.427,0.221,0.396,0.319,-41948.8,-67820.63,-41606.53,0.626,1.197,False,False,False,False,False,True,False,False
TREND_DOWN,DOWN_NOV,2025-11-22T15:01:00+00:00,TIMEOUT,-0.109,0.326,0.356,0.5,0.329,-38108.19,-56217.25,-34779.92,0.326,1.197,False,False,True,False,False,True,False,False
TREND_DOWN,DOWN_NOV,2025-11-22T15:03:00+00:00,TIMEOUT,-0.238,0.237,0.285,0.296,0.251,-27723.42,-55285.48,-28113.08,0.25,1.197,False,False,True,False,False,True,False,True
TREND_DOWN,DOWN_NOV,2025-11-22T15:05:00+00:00,TIMEOUT,-0.067,0.181,0.456,0.309,0.285,-30732.18,-51979.38,-25905.25,0.287,1.197,False,False,True,False,False,True,False,True
TREND_DOWN,DOWN_NOV,2025-11-22T15:07:00+00:00,TIMEOUT,-0.128,0.195,0.526,0.358,0.309,-29181.59,-49999.48,-29258.18,0.316,1.197,False,False,True,False,False,True,False,True
TREND_DOWN,DOWN_NOV,2025-11-22T15:08:00+00:00,TIMEOUT,-0.26,0.213,0.662,0.268,0.269,-29974.87,-47423.35,-29181.59,0.279,1.197,False,False,True,False,False,True,False,True
TREND_DOWN,DOWN_NOV,2025-11-22T15:09:00+00:00,TIMEOUT,-0.169,0.213,0.734,0.221,0.263,-29687.8,-47747.09,-29974.87,0.278,1.197,False,False,True,False,False,True,False,True
TREND_DOWN,DOWN_NOV,2025-11-22T15:10:00+00:00,TIMEOUT,-0.131,0.243,0.665,0.158,0.22,-26751.46,-50493.28,-29687.8,0.243,1.197,False,False,True,False,False,True,False,True
TREND_DOWN,DOWN_NOV,2025-11-22T15:11:00+00:00,TIMEOUT,-0.163,0.141,0.725,0.079,0.224,-26077.19,-49350.56,-26751.46,0.141,1.197,False,False,True,False,False,True,False,True
TREND_DOWN,DOWN_NOV,2025-11-22T15:12:00+00:00,TIMEOUT,-0.123,0.114,0.744,-0.009,0.205,-23880.52,-48704.62,-26077.19,0.114,1.197,False,False,True,False,False,True,False,True
TREND_DOWN,DOWN_NOV,2025-11-22T15:13:00+00:00,TIMEOUT,-0.046,0.061,0.758,0.014,0.23,-26137.82,-47787.02,-23880.52,0.115,1.197,False,False,True,False,False,True,False,True
TREND_DOWN,DOWN_NOV,2025-11-22T15:14:00+00:00,TIMEOUT,0.007,-0.071,0.818,0.082,0.253,-29115.09,-46461.72,-26137.82,0.141,1.197,False,False,True,False,False,True,False,True
TREND_DOWN,DOWN_NOV,2025-11-22T15:30:00+00:00,TIMEOUT,-0.127,-0.19,0.743,0.325,0.151,-21487.99,-61665.05,-23303.38,0.116,1.188,False,False,True,False,False,True,False,True
TREND_DOWN,DOWN_NOV,2025-11-22T15:34:00+00:00,TIMEOUT,0.034,-0.098,0.825,0.404,0.212,-18133.67,-62672.68,-18659.77,0.187,1.188,False,False,True,False,False,True,False,False
TREND_DOWN,DOWN_NOV,2025-11-22T15:39:00+00:00,TIMEOUT,-0.173,-0.341,0.504,0.044,-0.028,-22885.97,-63587.55,-22028.94,0.0,1.188,False,True,True,False,False,True,False,True
TREND_DOWN,DOWN_NOV,2025-11-22T15:40:00+00:00,TIMEOUT,-0.331,-0.462,0.302,-0.039,-0.222,-49705.21,-91247.06,-22885.97,0.0,1.188,False,True,True,False,False,True,False,True
TREND_DOWN,DOWN_NOV,2025-11-22T15:41:00+00:00,TIMEOUT,-0.305,-0.468,0.468,0.064,-0.176,-48612.93,-88791.64,-49705.21,0.035,1.188,False,True,True,False,False,True,False,True
TREND_DOWN,DOWN_NOV,2025-11-22T15:42:00+00:00,TIMEOUT,-0.319,-0.442,0.36,0.149,-0.206,-48201.71,-89383.62,-48612.93,0.004,1.188,False,True,True,False,False,True,False,True
TREND_DOWN,DOWN_NOV,2025-11-22T15:43:00+00:00,TIMEOUT,-0.281,-0.327,0.428,0.241,-0.138,-48938.17,-90789.95,-48201.71,0.071,1.188,False,True,True,False,False,True,False,True
TREND_DOWN,DOWN_NOV,2025-11-22T15:44:00+00:00,TIMEOUT,-0.307,-0.3,0.468,0.192,-0.139,-47546.77,-90257.69,-48938.17,0.072,1.188,False,True,True,False,False,True,False,True
TREND_DOWN,DOWN_NOV,2025-11-22T15:45:00+00:00,TIMEOUT,-0.391,-0.324,0.411,0.139,-0.174,-46952.66,-89972.75,-47546.77,0.036,1.188,False,True,True,False,False,True,False,True
TREND_DOWN,DOWN_NOV,2025-11-22T15:46:00+00:00,TIMEOUT,-0.414,-0.21,0.391,0.054,-0.183,-37924.61,-90966.12,-46952.66,0.027,1.188,False,True,True,False,False,True,False,True
TREND_DOWN,DOWN_NOV,2025-11-22T15:47:00+00:00,TIMEOUT,-0.533,-0.274,0.298,-0.132,-0.248,-37079.68,-91210.75,-37924.61,0.0,1.188,False,True,True,False,False,True,False,True
TREND_DOWN,DOWN_NOV,2025-11-22T15:48:00+00:00,TIMEOUT,-0.366,-0.365,0.402,-0.066,-0.191,-36231.86,-90141.11,-37079.68,0.057,1.188,False,True,True,False,False,True,False,True
TREND_DOWN,DOWN_NOV,2025-11-22T15:49:00+00:00,TIMEOUT,-0.335,-0.409,0.525,0.034,-0.19,-34428.54,-87723.83,-36231.86,0.058,1.188,False,True,True,False,False,True,False,True
TREND_DOWN,DOWN_NOV,2025-11-22T15:50:00+00:00,TIMEOUT,-0.262,-0.352,0.47,0.181,-0.133,-33316.59,-87822.16,-34428.54,0.117,1.121,False,False,True,False,False,True,False,True
TREND_DOWN,DOWN_NOV,2025-11-22T15:51:00+00:00,TIMEOUT,-0.269,-0.36,0.357,0.267,-0.1,-31043.62,-88265.35,-33316.59,0.151,1.121,False,False,True,False,False,True,False,True
TREND_DOWN,DOWN_NOV,2025-11-22T15:52:00+00:00,TIMEOUT,-0.356,-0.437,0.233,0.119,-0.168,-31281.12,-89864.05,-31043.62,0.086,1.121,False,True,True,False,False,True,False,True
TREND_DOWN,DOWN_NOV,2025-11-22T15:53:00+00:00,TIMEOUT,-0.327,-0.468,0.356,0.131,-0.137,-31563.43,-87161.55,-31281.12,0.12,1.121,False,False,True,False,False,True,False,True
TREND_DOWN,DOWN_NOV,2025-11-22T16:32:00+00:00,TIMEOUT,0.356,0.176,0.819,1.01,0.255,-12018.79,-74625.63,-11424.1,0.612,1.07,False,False,False,False,False,True,False,False
TREND_DOWN,DOWN_NOV,2025-11-22T17:01:00+00:00,TIMEOUT,0.007,0.407,0.56,1.039,0.205,-1273.4,-56074.52,5748.73,0.453,0.951,False,False,True,False,False,True,False,False
TREND_DOWN,DOWN_NOV,2025-11-22T17:03:00+00:00,TIMEOUT,-0.086,0.281,0.434,0.896,0.081,767.72,-45818.4,99.3,0.341,0.951,False,False,True,False,False,True,False,False
TREND_DOWN,DOWN_NOV,2025-11-22T17:04:00+00:00,TIMEOUT,-0.049,0.339,0.389,0.988,0.076,632.04,-44516.59,767.72,0.339,0.951,False,False,True,False,False,True,False,False
TREND_DOWN,DOWN_NOV,2025-11-22T17:05:00+00:00,TIMEOUT,-0.059,0.272,0.313,0.916,0.048,-684.58,-48118.55,632.04,0.272,0.951,False,False,True,False,False,True,False,False
TREND_DOWN,DOWN_NOV,2025-11-22T17:06:00+00:00,TIMEOUT,-0.086,0.27,0.376,0.801,0.069,891.46,-44485.26,-684.58,0.27,0.951,False,False,True,False,False,True,False,False
TREND_DOWN,DOWN_NOV,2025-11-22T17:10:00+00:00,TIMEOUT,0.123,0.155,0.585,0.753,0.204,774.26,-38446.87,-1841.87,0.186,0.951,False,False,True,False,False,True,False,False
TREND_DOWN,DOWN_NOV,2025-11-22T17:11:00+00:00,TIMEOUT,-0.102,-0.017,0.309,0.602,0.036,-4200.08,-43492.93,774.26,0.021,0.951,False,True,True,False,False,True,False,False
TREND_DOWN,DOWN_NOV,2025-11-22T17:12:00+00:00,TIMEOUT,-0.217,-0.1,0.267,0.465,0.002,-5831.55,-43312.38,-4200.08,0.0,0.951,False,True,True,False,False,True,False,True
TREND_DOWN,DOWN_NOV,2025-11-22T17:13:00+00:00,TIMEOUT,-0.229,-0.099,0.212,0.566,0.028,-2872.12,-44381.02,-5831.55,0.027,0.951,False,True,True,False,False,True,False,True
TREND_DOWN,DOWN_NOV,2025-11-22T17:14:00+00:00,TIMEOUT,-0.333,-0.044,0.127,0.622,0.1,-1989.97,-48721.64,-2872.12,0.101,0.951,False,False,True,False,False,True,False,True
TREND_DOWN,DOWN_NOV,2025-11-22T17:41:00+00:00,TIMEOUT,0.126,0.024,0.13,0.458,0.172,6146.32,-31088.03,5542.46,0.158,0.951,False,False,True,False,False,True,False,False
TREND_DOWN,DOWN_NOV,2025-11-22T17:42:00+00:00,TIMEOUT,0.063,-0.154,0.092,0.333,0.076,3352.34,-30509.84,6146.32,0.063,0.951,False,True,True,False,False,True,False,False
TREND_DOWN,DOWN_NOV,2025-11-22T17:43:00+00:00,TIMEOUT,0.085,-0.144,0.19,0.291,0.125,5430.22,-28087.3,3352.34,0.112,0.951,False,False,True,False,False,True,False,False
TREND_DOWN,DOWN_NOV,2025-11-22T17:48:00+00:00,TIMEOUT,0.002,-0.285,0.148,0.369,0.062,-18695.35,-18258.69,-16355.53,0.058,0.951,False,True,True,False,False,True,False,True
TREND_DOWN,DOWN_NOV,2025-11-22T17:49:00+00:00,TIMEOUT,-0.009,-0.249,0.083,0.367,0.04,-17389.29,-17970.65,-18695.35,0.037,0.951,False,True,True,False,False,True,False,True
TREND_DOWN,DOWN_NOV,2025-11-22T17:50:00+00:00,TIMEOUT,-0.03,-0.275,0.081,0.351,0.039,-18695.54,-17926.19,-17389.29,0.037,0.951,False,True,True,False,False,True,False,True
TREND_DOWN,DOWN_NOV,2025-11-22T17:56:00+00:00,TIMEOUT,-0.238,-0.298,0.027,0.33,0.046,-19436.32,-23633.64,-19512.09,0.044,0.951,False,True,True,False,False,True,False,True
TREND_DOWN,DOWN_NOV,2025-11-22T18:26:00+00:00,TIMEOUT,0.089,-0.149,0.172,1.126,0.115,-4549.67,-16957.39,-3945.64,0.095,0.951,False,True,True,False,False,True,False,True
TREND_DOWN,DOWN_NOV,2025-11-22T18:31:00+00:00,TIMEOUT,-0.044,-0.171,0.082,0.88,0.014,-4588.23,-11774.36,-3317.57,0.0,0.951,False,True,True,False,False,True,False,True
TREND_DOWN,DOWN_NOV,2025-11-22T18:34:00+00:00,TIMEOUT,-0.027,-0.116,0.097,0.923,0.024,-4645.81,-12348.14,-4756.47,0.011,0.951,False,True,True,False,False,True,False,True
TREND_DOWN,DOWN_NOV,2025-11-22T18:37:00+00:00,TIMEOUT,-0.005,-0.076,0.158,0.864,0.03,-1794.29,-15643.29,-2782.14,0.019,0.951,False,True,True,False,False,True,False,True
TREND_DOWN,DOWN_NOV,2025-11-22T18:39:00+00:00,TIMEOUT,-0.136,-0.109,0.338,0.844,0.033,-2649.81,-12053.1,-2996.93,0.022,0.951,False,True,True,False,False,True,False,True
TREND_DOWN,DOWN_NOV,2025-11-22T19:24:00+00:00,TIMEOUT,0.03,0.036,0.1,0.92,0.02,7935.25,8612.75,8752.58,0.169,0.435,False,False,True,False,False,True,False,False
TREND_DOWN,DOWN_NOV,2025-11-22T19:29:00+00:00,TIMEOUT,-0.047,0.022,0.009,0.867,-0.005,7798.58,7575.56,7759.85,0.146,0.435,False,False,True,False,False,True,False,False
TREND_DOWN,DOWN_NOV,2025-11-22T19:30:00+00:00,TIMEOUT,-0.074,-0.023,0.004,0.806,-0.065,8262.87,8695.53,7798.58,0.086,0.435,False,True,True,False,False,True,False,False
TREND_DOWN,DOWN_NOV,2025-11-22T19:31:00+00:00,TIMEOUT,-0.02,0.149,0.021,0.921,-0.002,11517.38,11167.12,8262.87,0.149,0.435,False,False,True,False,False,True,False,False
TREND_DOWN,DOWN_NOV,2025-11-22T19:38:00+00:00,TIMEOUT,-0.193,0.079,0.015,1.008,-0.042,11346.41,11867.92,10128.29,0.09,0.435,False,False,True,False,False,True,False,False
TREND_DOWN,DOWN_NOV,2025-11-22T20:19:00+00:00,TIMEOUT,0.062,-0.08,0.222,0.294,0.083,6363.46,14739.15,7814.46,0.228,0.36,False,False,True,False,False,True,False,False
TREND_DOWN,DOWN_NOV,2025-11-22T20:31:00+00:00,TIMEOUT,-0.054,0.017,-0.005,0.155,0.008,6623.83,13552.98,9346.51,0.16,0.36,False,False,True,False,False,True,False,False
TREND_DOWN,DOWN_NOV,2025-11-22T20:32:00+00:00,TIMEOUT,-0.103,0.026,0.032,0.049,0.002,6066.5,13687.0,6623.83,0.154,0.36,False,False,True,False,False,True,False,False
TREND_DOWN,DOWN_NOV,2025-11-22T20:37:00+00:00,TIMEOUT,-0.155,-0.034,-0.049,0.024,-0.114,7527.61,15861.61,5654.66,0.04,0.36,False,True,True,False,False,True,False,False
TREND_DOWN,DOWN_NOV,2025-11-22T20:38:00+00:00,TIMEOUT,-0.078,0.008,-0.007,0.001,-0.038,7749.95,16099.43,7527.61,0.113,0.36,False,False,True,False,False,True,False,False
TREND_DOWN,DOWN_NOV,2025-11-22T20:39:00+00:00,TIMEOUT,-0.08,-0.015,-0.02,0.084,-0.047,7496.32,16115.9,7749.95,0.104,0.36,False,False,True,False,False,True,False,False
TREND_DOWN,DOWN_NOV,2025-11-22T20:40:00+00:00,TIMEOUT,-0.155,-0.066,-0.071,0.11,-0.095,8485.65,16692.69,7496.32,0.056,0.36,False,True,True,False,False,True,False,False
TREND_DOWN,DOWN_NOV,2025-11-22T20:44:00+00:00,TIMEOUT,-0.38,-0.175,-0.138,0.062,-0.232,5612.37,11986.67,7113.26,0.0,0.436,False,True,True,False,False,True,False,False
TREND_DOWN,DOWN_NOV,2025-11-22T20:45:00+00:00,TIMEOUT,-0.309,-0.153,-0.043,0.115,-0.189,2569.72,10722.24,5612.37,0.04,0.436,False,True,True,False,False,True,False,False
TREND_DOWN,DOWN_NOV,2025-11-22T20:46:00+00:00,TIMEOUT,-0.372,-0.188,-0.119,0.208,-0.216,2978.72,12622.8,2569.72,0.011,0.436,False,True,True,False,False,True,False,False
TREND_DOWN,DOWN_NOV,2025-11-22T20:47:00+00:00,TIMEOUT,-0.313,-0.178,-0.082,0.222,-0.202,3172.0,12978.25,2978.72,0.025,0.436,False,True,True,False,False,True,False,False
TREND_DOWN,DOWN_NOV,2025-11-22T20:48:00+00:00,TIMEOUT,-0.311,-0.21,-0.111,0.038,-0.237,2902.9,12888.9,3172.0,0.0,0.447,False,True,True,False,False,True,False,False
TREND_DOWN,DOWN_NOV,2025-11-22T20:49:00+00:00,TIMEOUT,-0.439,-0.378,-0.208,-0.126,-0.355,1118.96,11398.79,2902.9,0.0,0.567,False,True,True,False,False,True,False,False
TREND_DOWN,DOWN_NOV,2025-11-22T20:50:00+00:00,TIMEOUT,-0.373,-0.413,-0.172,-0.091,-0.305,2055.57,12819.14,1118.96,0.037,0.567,False,True,True,False,False,True,False,False
TREND_DOWN,DOWN_NOV,2025-11-22T20:51:00+00:00,TIMEOUT,-0.418,-0.388,-0.236,-0.141,-0.31,2267.54,12118.97,2055.57,0.03,0.567,False,True,True,False,False,True,False,False
TREND_DOWN,DOWN_NOV,2025-11-22T20:52:00+00:00,TIMEOUT,-0.481,-0.415,-0.226,-0.143,-0.3,3049.48,12946.64,2267.54,0.039,0.567,False,True,True,False,False,True,False,False
TREND_DOWN,DOWN_NOV,2025-11-22T20:53:00+00:00,TIMEOUT,-0.518,-0.486,-0.331,-0.306,-0.396,-559.69,9812.54,3049.48,0.0,0.626,False,True,True,False,False,False,False,False
TREND_DOWN,DOWN_NOV,2025-11-22T20:54:00+00:00,TIMEOUT,-0.506,-0.44,-0.295,-0.241,-0.373,-950.82,9718.41,-559.69,0.015,0.626,False,True,True,False,False,False,False,True
TREND_DOWN,DOWN_NOV,2025-11-22T20:55:00+00:00,TIMEOUT,-0.486,-0.416,-0.277,-0.238,-0.359,-1062.09,11900.92,-950.82,0.02,0.626,False,True,True,False,False,False,False,True
TREND_DOWN,DOWN_NOV,2025-11-22T20:56:00+00:00,TIMEOUT,-0.455,-0.387,-0.187,-0.16,-0.286,-709.17,12214.96,-1062.09,0.087,0.626,False,True,True,False,False,False,False,True
TREND_DOWN,DOWN_NOV,2025-11-22T20:57:00+00:00,TIMEOUT,-0.36,-0.273,-0.191,-0.105,-0.221,7793.81,18104.51,-709.17,0.152,0.626,False,False,True,False,False,True,False,False
TREND_DOWN,DOWN_NOV,2025-11-22T21:13:00+00:00,TIMEOUT,-0.259,-0.565,-0.401,-0.08,-0.317,-4380.24,12762.7,-4563.98,0.037,0.637,False,True,True,False,False,False,False,True
TREND_DOWN,DOWN_NOV,2025-11-22T21:14:00+00:00,TIMEOUT,-0.161,-0.54,-0.371,-0.105,-0.315,-2629.69,13715.38,-4380.24,0.039,0.637,False,True,True,False,False,False,False,True
TREND_DOWN,DOWN_NOV,2025-11-22T21:15:00+00:00,TIMEOUT,-0.163,-0.471,-0.328,-0.115,-0.275,-1808.16,14459.13,-2629.69,0.078,0.637,False,True,True,False,False,False,False,True
TREND_DOWN,DOWN_NOV,2025-11-22T21:19:00+00:00,TIMEOUT,0.054,-0.385,-0.27,0.003,-0.226,1773.59,17365.72,1485.77,0.124,0.637,False,False,True,False,False,True,False,False
TREND_DOWN,DOWN_NOV,2025-11-22T21:57:00+00:00,TIMEOUT,0.109,0.019,-0.216,0.33,-0.129,-7145.9,7103.73,1884.42,0.181,0.637,False,False,True,False,False,True,False,False
TREND_DOWN,DOWN_NOV,2025-11-22T21:59:00+00:00,TIMEOUT,0.124,-0.058,-0.284,0.162,-0.122,-10747.62,1856.6,-10394.48,0.183,0.637,False,False,True,False,False,True,False,False
TREND_DOWN,DOWN_NOV,2025-11-22T22:03:00+00:00,TIMEOUT,0.024,-0.09,-0.29,0.101,-0.181,-9512.31,679.49,-7871.87,0.12,0.637,False,False,True,False,False,True,False,True
TREND_DOWN,DOWN_NOV,2025-11-22T22:05:00+00:00,TIMEOUT,-0.056,-0.225,-0.36,0.032,-0.263,-9952.35,-32.28,-8797.04,0.033,0.637,False,True,True,False,False,True,True,True
TREND_DOWN,DOWN_NOV,2025-11-22T22:07:00+00:00,TIMEOUT,-0.043,-0.192,-0.433,-0.043,-0.239,-9529.99,-905.34,-9490.21,0.055,0.637,False,True,True,False,False,False,True,True
TREND_DOWN,DOWN_NOV,2025-11-22T22:08:00+00:00,TIMEOUT,-0.037,-0.227,-0.549,-0.175,-0.263,-8430.11,244.38,-9529.99,0.029,0.637,False,True,True,False,False,False,False,True
TREND_DOWN,DOWN_NOV,2025-11-22T22:09:00+00:00,TIMEOUT,-0.007,-0.042,-0.508,-0.138,-0.22,-8027.24,-173.23,-8430.11,0.066,0.637,False,True,True,False,False,False,True,True
TREND_DOWN,DOWN_NOV,2025-11-22T23:09:00+00:00,TIMEOUT,0.251,0.702,0.299,0.335,0.246,57621.82,48029.48,57308.6,0.702,1.098,False,False,False,False,False,True,False,False
TREND_DOWN,DOWN_NOV,2025-11-22T23:10:00+00:00,TIMEOUT,0.265,0.634,0.241,0.296,0.213,52572.28,43846.0,57621.82,0.634,1.098,False,False,False,False,False,True,False,False
TREND_DOWN,DOWN_NOV,2025-11-22T23:11:00+00:00,TIMEOUT,0.207,0.603,0.205,0.46,0.208,52159.03,43549.71,52572.28,0.603,1.098,False,False,False,False,False,True,False,False
TREND_DOWN,DOWN_NOV,2025-11-22T23:12:00+00:00,TIMEOUT,0.154,0.527,0.185,0.486,0.201,49726.67,44028.11,52159.03,0.527,1.098,False,False,True,False,False,True,False,False
TREND_DOWN,DOWN_NOV,2025-11-22T23:13:00+00:00,TIMEOUT,0.209,0.487,0.176,0.513,0.255,51899.42,44982.06,49726.67,0.487,1.098,False,False,True,False,False,True,False,False
TREND_DOWN,DOWN_NOV,2025-11-22T23:15:00+00:00,TIMEOUT,0.199,0.325,0.276,0.447,0.288,47666.41,49510.98,52502.35,0.511,1.098,False,False,True,False,False,True,False,False
TREND_DOWN,DOWN_NOV,2025-11-22T23:16:00+00:00,TIMEOUT,0.066,0.306,0.071,0.307,0.115,44705.63,46956.24,47666.41,0.34,1.098,False,False,True,False,False,True,False,False
TREND_DOWN,DOWN_NOV,2025-11-22T23:17:00+00:00,TIMEOUT,0.05,0.323,0.138,0.324,0.135,44238.85,47494.82,44705.63,0.362,1.098,False,False,True,False,False,True,False,False
TREND_DOWN,DOWN_NOV,2025-11-22T23:18:00+00:00,TIMEOUT,0.068,0.376,0.2,0.403,0.159,43079.85,47429.3,44238.85,0.386,1.098,False,False,True,False,False,True,False,False
TREND_DOWN,DOWN_NOV,2025-11-22T23:19:00+00:00,TIMEOUT,0.06,0.36,0.165,0.388,0.132,43489.97,47020.58,43079.85,0.36,1.098,False,False,True,False,False,True,False,False
TREND_DOWN,DOWN_NOV,2025-11-22T23:20:00+00:00,TIMEOUT,0.006,0.31,0.153,0.326,0.09,36883.82,42771.59,43489.97,0.31,1.098,False,False,True,False,False,True,False,False
TREND_DOWN,DOWN_NOV,2025-11-22T23:21:00+00:00,TIMEOUT,-0.195,0.303,0.141,0.335,0.115,36201.73,42525.34,36883.82,0.329,1.098,False,False,True,False,False,True,False,False
TREND_DOWN,DOWN_NOV,2025-11-22T23:22:00+00:00,TIMEOUT,-0.127,0.293,0.12,0.351,0.167,36746.52,42812.98,36201.73,0.381,1.098,False,False,True,False,False,True,False,False
TREND_DOWN,DOWN_NOV,2025-11-22T23:29:00+00:00,TIMEOUT,-0.237,0.314,0.141,0.191,0.169,38625.19,41469.46,39823.69,0.314,1.098,False,False,True,False,False,True,False,False
TREND_DOWN,DOWN_NOV,2025-11-22T23:43:00+00:00,TIMEOUT,-0.152,0.057,0.332,0.276,0.058,33974.3,38387.2,36148.16,0.057,1.098,False,False,True,False,False,True,False,False
TREND_DOWN,DOWN_NOV,2025-11-22T23:45:00+00:00,TIMEOUT,-0.193,0.006,0.392,0.349,0.057,30623.66,39883.44,33467.38,0.043,1.098,False,False,True,False,False,True,False,False
TREND_DOWN,DOWN_NOV,2025-11-22T23:47:00+00:00,TIMEOUT,-0.01,0.04,0.442,0.36,0.087,34585.47,38847.99,34561.29,0.071,1.098,False,False,True,False,False,True,False,False
TREND_DOWN,DOWN_NOV,2025-11-22T23:48:00+00:00,TIMEOUT,-0.047,0.021,0.465,0.354,0.073,28935.28,38454.91,34585.47,0.058,1.098,False,False,True,False,False,True,False,False
TREND_DOWN,DOWN_NOV,2025-11-22T23:49:00+00:00,TIMEOUT,-0.046,0.015,0.561,0.351,0.048,30605.2,40411.29,28935.28,0.034,1.098,False,False,True,False,False,True,False,False
TREND_DOWN,DOWN_NOV,2025-11-22T23:50:00+00:00,TIMEOUT,-0.021,-0.015,0.507,0.335,0.022,29894.69,39053.46,30605.2,0.018,1.098,False,True,True,False,False,True,False,False
TREND_DOWN,DOWN_NOV,2025-11-22T23:51:00+00:00,TIMEOUT,-0.085,-0.28,0.476,0.24,-0.019,8305.99,38856.94,29894.69,0.0,1.098,False,True,True,False,False,True,False,False
TREND_DOWN,DOWN_NOV,2025-11-22T23:52:00+00:00,TIMEOUT,-0.168,-0.295,0.436,0.209,-0.051,2337.48,37906.47,8305.99,0.0,1.098,False,True,True,False,False,True,False,False
TREND_DOWN,DOWN_NOV,2025-11-22T23:53:00+00:00,TIMEOUT,-0.193,-0.533,0.545,0.212,-0.041,-17373.54,42069.94,2337.48,0.011,1.098,False,True,True,False,False,True,False,False
TREND_DOWN,DOWN_NOV,2025-11-22T23:54:00+00:00,TIMEOUT,-0.2,-0.548,0.519,0.222,-0.059,-20007.9,42901.94,-17373.54,0.0,1.098,False,True,True,False,False,True,False,True
TREND_DOWN,DOWN_JAN,2026-01-28T06:41:00+00:00,TIMEOUT,-0.096,0.143,0.04,-0.044,0.11,-9980.97,-14060.82,-7838.72,0.275,0.522,False,False,True,False,False,True,False,True
TREND_DOWN,DOWN_JAN,2026-01-28T06:45:00+00:00,TIMEOUT,-0.147,0.14,0.028,-0.088,0.118,-4096.51,-14255.83,1495.63,0.201,0.522,False,False,True,False,False,True,False,False
TREND_DOWN,DOWN_JAN,2026-01-28T06:46:00+00:00,TIMEOUT,-0.074,0.135,0.043,-0.049,0.145,-4516.72,-14719.64,-4096.51,0.228,0.522,False,False,True,False,False,True,False,True
TREND_DOWN,DOWN_JAN,2026-01-28T06:47:00+00:00,TIMEOUT,-0.032,0.22,0.019,-0.05,0.143,-1812.08,-15793.23,-4516.72,0.227,0.522,False,False,True,False,False,True,False,True
TREND_DOWN,DOWN_JAN,2026-01-28T06:48:00+00:00,TIMEOUT,-0.025,0.221,0.039,-0.044,0.163,-1489.04,-16126.85,-1812.08,0.246,0.522,False,False,True,False,False,True,False,True
TREND_DOWN,DOWN_JAN,2026-01-28T06:49:00+00:00,TIMEOUT,-0.067,0.243,0.084,-0.129,0.186,-1936.49,-16078.86,-1489.04,0.27,0.522,False,False,True,False,False,True,False,True
TREND_DOWN,DOWN_JAN,2026-01-28T07:03:00+00:00,TIMEOUT,-0.033,0.074,0.18,-0.134,0.255,-4668.17,-15051.4,-1708.14,0.167,0.575,False,False,True,False,False,True,False,False
TREND_DOWN,DOWN_JAN,2026-01-28T07:05:00+00:00,TIMEOUT,-0.063,0.028,0.14,-0.253,0.193,-6227.77,-16304.58,-5520.33,0.106,0.575,False,False,True,False,False,True,False,True
TREND_DOWN,DOWN_JAN,2026-01-28T07:06:00+00:00,TIMEOUT,-0.074,0.057,0.196,-0.215,0.208,-4687.51,-13604.58,-6227.77,0.122,0.575,False,False,True,False,False,True,False,True
TREND_DOWN,DOWN_JAN,2026-01-28T07:10:00+00:00,TIMEOUT,0.029,-0.019,0.233,-0.178,0.144,-8756.79,-9563.3,-6835.65,0.062,0.575,False,True,True,False,False,True,False,True
TREND_DOWN,DOWN_JAN,2026-01-28T07:11:00+00:00,TIMEOUT,0.084,-0.012,0.255,-0.179,0.166,-8055.82,-9658.39,-8756.79,0.084,0.575,False,True,True,False,False,True,False,True
TREND_DOWN,DOWN_JAN,2026-01-28T07:12:00+00:00,TIMEOUT,0.044,-0.008,0.31,-0.147,0.183,-9356.58,-8229.85,-8055.82,0.103,0.575,False,False,True,False,False,True,False,True
TREND_DOWN,DOWN_JAN,2026-01-28T07:13:00+00:00,TIMEOUT,0.071,-0.051,0.295,-0.154,0.174,-11113.58,-10775.48,-9356.58,0.095,0.575,False,True,True,False,False,True,False,True
TREND_DOWN,DOWN_JAN,2026-01-28T07:14:00+00:00,TIMEOUT,0.038,-0.022,0.302,-0.186,0.161,-10639.24,-5658.9,-11113.58,0.084,0.575,False,True,True,False,False,True,False,True
TREND_DOWN,DOWN_JAN,2026-01-28T07:15:00+00:00,TIMEOUT,0.054,-0.094,0.284,-0.231,0.137,-12863.23,-3899.87,-10639.24,0.064,0.575,False,True,True,False,False,True,False,True
TREND_DOWN,DOWN_JAN,2026-01-28T07:17:00+00:00,TIMEOUT,0.051,0.019,0.389,-0.258,0.155,-11548.43,-1681.4,-12271.81,0.087,0.575,False,False,True,False,False,True,False,True
TREND_DOWN,DOWN_JAN,2026-01-28T07:18:00+00:00,TIMEOUT,0.025,-0.001,0.39,-0.306,0.144,-11595.55,7138.98,-11548.43,0.08,0.575,False,True,True,False,False,True,False,True
TREND_DOWN,DOWN_JAN,2026-01-28T07:22:00+00:00,TIMEOUT,-0.162,-0.078,0.336,-0.139,0.116,-10901.0,-204.08,-10100.34,0.071,0.575,False,True,True,False,False,True,False,True
TREND_DOWN,DOWN_JAN,2026-01-28T07:24:00+00:00,TIMEOUT,-0.139,-0.042,0.403,-0.177,0.131,-10836.8,186.37,-10080.27,0.09,0.575,False,True,True,False,False,True,False,True
TREND_DOWN,DOWN_JAN,2026-01-28T07:35:00+00:00,TIMEOUT,-0.06,-0.123,0.183,-0.116,0.062,-13769.71,-16693.41,-15513.16,0.046,0.574,False,True,True,False,False,True,False,True
TREND_DOWN,DOWN_JAN,2026-01-28T07:37:00+00:00,TIMEOUT,-0.112,-0.049,0.189,-0.092,0.064,-10912.94,-18486.07,-13945.79,0.05,0.574,False,True,True,False,False,True,False,True
TREND_DOWN,DOWN_JAN,2026-01-28T07:59:00+00:00,TIMEOUT,-0.158,-0.209,0.17,-0.293,-0.008,-10646.2,-13741.58,-10752.29,0.003,0.574,False,True,True,False,False,True,False,True
TREND_DOWN,DOWN_JAN,2026-01-28T08:01:00+00:00,TIMEOUT,-0.069,-0.137,0.14,-0.261,0.012,-6638.24,-16777.43,-9458.48,0.024,0.574,False,True,True,False,False,True,False,True
TREND_DOWN,DOWN_JAN,2026-01-28T08:03:00+00:00,TIMEOUT,-0.053,-0.151,0.119,-0.298,0.012,-4898.73,-16636.43,-6184.99,0.026,0.574,False,True,True,False,False,True,False,True
TREND_DOWN,DOWN_JAN,2026-01-28T08:05:00+00:00,TIMEOUT,-0.002,-0.062,0.174,-0.299,0.038,-528.71,-11888.27,-3093.65,0.054,0.574,False,True,True,False,False,True,False,True
TREND_DOWN,DOWN_JAN,2026-01-28T08:19:00+00:00,TIMEOUT,-0.204,-0.164,0.203,-0.242,-0.077,-2091.2,-13956.08,-2731.23,0.027,0.574,False,True,True,False,False,True,False,True
TREND_DOWN,DOWN_JAN,2026-01-28T08:26:00+00:00,TIMEOUT,-0.062,-0.201,0.259,-0.313,-0.073,-1553.58,-14420.63,1119.31,0.037,0.574,False,True,True,False,False,True,False,False
TREND_DOWN,DOWN_JAN,2026-01-28T08:27:00+00:00,LOSS,-0.156,-0.28,0.175,-0.351,-0.17,-11477.58,-19585.47,-1553.58,0.0,0.574,False,True,True,False,False,True,False,True
TREND_DOWN,DOWN_JAN,2026-01-28T08:28:00+00:00,LOSS,-0.111,-0.254,0.169,-0.34,-0.145,-11821.9,-18930.13,-11477.58,0.026,0.541,False,True,True,False,False,True,False,True
TREND_DOWN,DOWN_JAN,2026-01-28T08:29:00+00:00,LOSS,-0.119,-0.277,0.153,-0.341,-0.153,-12320.08,-19769.6,-11821.9,0.017,0.534,False,True,True,False,False,True,False,True
TREND_DOWN,DOWN_JAN,2026-01-28T08:30:00+00:00,LOSS,-0.133,-0.191,0.096,-0.357,-0.144,-9817.1,-20794.58,-12320.08,0.026,0.529,False,True,True,False,False,True,False,True
TREND_DOWN,DOWN_JAN,2026-01-28T08:31:00+00:00,LOSS,-0.132,-0.201,0.135,-0.364,-0.145,-9165.92,-20588.76,-9817.1,0.026,0.529,False,True,True,False,False,True,False,True
TREND_DOWN,DOWN_JAN,2026-01-28T08:33:00+00:00,LOSS,-0.143,-0.195,0.079,-0.25,-0.153,-10627.31,-22544.08,-10059.61,0.018,0.529,False,True,True,False,False,True,False,True
TREND_DOWN,DOWN_JAN,2026-01-28T08:35:00+00:00,LOSS,-0.201,-0.204,0.027,-0.23,-0.184,-9552.06,-24005.62,-8721.22,0.0,0.529,False,True,True,False,False,True,False,True
TREND_DOWN,DOWN_JAN,2026-01-28T08:54:00+00:00,LOSS,-0.181,-0.201,-0.019,-0.213,-0.246,-12348.46,-23343.7,-11525.74,0.0,0.447,False,True,True,False,False,False,True,True
TREND_DOWN,DOWN_JAN,2026-01-28T08:55:00+00:00,LOSS,-0.248,-0.244,-0.089,-0.298,-0.31,-13810.51,-25660.58,-12348.46,0.0,0.508,False,True,True,False,False,False,True,True
TREND_DOWN,DOWN_JAN,2026-01-28T08:56:00+00:00,LOSS,-0.226,-0.288,-0.155,-0.341,-0.323,-17392.23,-29298.45,-13810.51,0.0,0.528,False,True,True,False,False,False,True,True
TREND_DOWN,DOWN_JAN,2026-01-28T08:57:00+00:00,LOSS,-0.115,-0.271,-0.141,-0.345,-0.302,-16944.53,-27563.48,-17392.23,0.014,0.528,False,True,True,False,False,False,True,True
TREND_DOWN,DOWN_JAN,2026-01-28T08:58:00+00:00,LOSS,-0.127,-0.238,-0.205,-0.366,-0.287,-16398.38,-28105.18,-16944.53,0.028,0.528,False,True,True,False,False,False,True,True
TREND_DOWN,DOWN_JAN,2026-01-28T08:59:00+00:00,LOSS,-0.111,-0.231,-0.173,-0.4,-0.279,-16482.22,-27700.0,-16398.38,0.035,0.528,False,True,True,False,False,False,True,True
TREND_DOWN,DOWN_JAN,2026-01-28T09:02:00+00:00,LOSS,-0.146,-0.298,-0.301,-0.367,-0.276,-17169.53,-25062.66,-16508.98,0.033,0.528,False,True,True,False,False,False,True,True
TREND_DOWN,DOWN_JAN,2026-01-28T09:04:00+00:00,LOSS,-0.157,-0.361,-0.386,-0.347,-0.299,-18685.46,-27299.44,-16862.61,0.006,0.528,False,True,True,False,False,False,True,True
TREND_DOWN,DOWN_JAN,2026-01-28T09:05:00+00:00,LOSS,-0.101,-0.303,-0.336,-0.351,-0.288,-20242.75,-26999.23,-18685.46,0.014,0.528,False,True,True,False,False,False,True,True
TREND_DOWN,DOWN_JAN,2026-01-28T09:06:00+00:00,LOSS,-0.163,-0.291,-0.336,-0.371,-0.299,-22310.99,-27333.51,-20242.75,0.002,0.528,False,True,True,False,False,False,True,True
TREND_DOWN,DOWN_JAN,2026-01-28T10:21:00+00:00,TIMEOUT,-0.057,0.534,0.157,0.597,0.113,60360.81,48133.76,60184.9,0.534,0.816,False,False,True,False,False,True,False,False
TREND_DOWN,DOWN_JAN,2026-01-28T10:22:00+00:00,TIMEOUT,-0.06,0.465,0.175,0.511,0.083,56841.64,47055.05,60360.81,0.477,0.816,False,False,True,False,False,True,False,False
TREND_DOWN,DOWN_JAN,2026-01-28T10:23:00+00:00,TIMEOUT,-0.005,0.483,0.158,0.552,0.088,53833.83,45142.31,56841.64,0.483,0.816,False,False,True,False,False,True,False,False
TREND_DOWN,DOWN_JAN,2026-01-28T10:24:00+00:00,TIMEOUT,0.014,0.445,0.16,0.564,0.086,51806.75,44795.98,53833.83,0.474,0.816,False,False,True,False,False,True,False,False
TREND_DOWN,DOWN_JAN,2026-01-28T10:25:00+00:00,TIMEOUT,-0.0,0.465,0.112,0.562,0.076,51410.86,44170.17,51806.75,0.465,0.816,False,False,True,False,False,True,False,False
TREND_DOWN,DOWN_JAN,2026-01-28T10:27:00+00:00,TIMEOUT,-0.054,0.452,0.128,0.584,0.099,52211.2,45348.01,52762.42,0.452,0.816,False,False,True,False,False,True,False,False
TREND_DOWN,DOWN_JAN,2026-01-28T10:28:00+00:00,TIMEOUT,-0.103,0.367,0.086,0.52,0.056,51365.64,43377.39,52211.2,0.39,0.816,False,False,True,False,False,True,False,False
TREND_DOWN,DOWN_JAN,2026-01-28T10:29:00+00:00,TIMEOUT,-0.265,0.395,0.077,0.454,0.061,50618.36,42663.36,51365.64,0.395,0.816,False,False,True,False,False,True,False,False
TREND_DOWN,DOWN_JAN,2026-01-28T10:57:00+00:00,TIMEOUT,0.043,-0.012,0.295,0.449,0.116,26592.23,38808.69,26913.67,0.085,0.816,False,True,True,False,False,True,False,False
TREND_DOWN,DOWN_JAN,2026-01-28T10:59:00+00:00,TIMEOUT,0.07,-0.195,0.305,0.475,0.106,-17631.32,35075.19,27079.74,0.076,0.816,False,True,True,False,False,True,False,False
TREND_DOWN,DOWN_JAN,2026-01-28T11:03:00+00:00,TIMEOUT,-0.089,-0.203,0.245,0.364,0.065,-25189.32,29889.5,-25448.35,0.039,0.816,False,True,True,False,False,True,False,True
TREND_DOWN,DOWN_JAN,2026-01-28T11:04:00+00:00,TIMEOUT,-0.095,-0.178,0.178,0.368,0.076,-24118.44,27672.01,-25189.32,0.05,0.816,False,True,True,False,False,True,False,True
TREND_DOWN,DOWN_JAN,2026-01-28T11:05:00+00:00,TIMEOUT,-0.124,-0.158,0.215,0.389,0.062,-22822.18,25433.94,-24118.44,0.038,0.816,False,True,True,False,False,True,False,True
TREND_DOWN,DOWN_JAN,2026-01-28T11:06:00+00:00,TIMEOUT,-0.145,-0.192,0.207,0.357,0.029,-22672.65,24669.51,-22822.18,0.006,0.816,False,True,True,False,False,True,False,True
TREND_DOWN,DOWN_JAN,2026-01-28T11:07:00+00:00,TIMEOUT,-0.075,-0.098,0.262,0.368,0.062,-22322.62,27359.04,-22672.65,0.039,0.816,False,True,True,False,False,True,False,True
TREND_DOWN,DOWN_JAN,2026-01-28T11:08:00+00:00,TIMEOUT,-0.145,-0.201,0.211,0.355,0.04,-21417.68,27008.16,-22322.62,0.019,0.816,False,True,True,False,False,True,False,True
TREND_DOWN,DOWN_JAN,2026-01-28T11:09:00+00:00,TIMEOUT,-0.1,-0.178,0.213,0.36,0.054,-21553.61,26702.94,-21417.68,0.033,0.816,False,True,True,False,False,True,False,True
TREND_DOWN,DOWN_JAN,2026-01-28T11:11:00+00:00,TIMEOUT,-0.149,-0.118,0.16,0.348,0.029,-20538.91,25926.37,-21292.55,0.009,0.816,False,True,True,False,False,True,False,True
TREND_DOWN,DOWN_JAN,2026-01-28T11:12:00+00:00,TIMEOUT,-0.187,-0.195,0.203,0.359,0.019,-21292.41,26024.76,-20538.91,0.0,0.816,False,True,True,False,False,True,False,True
TREND_DOWN,DOWN_JAN,2026-01-28T11:13:00+00:00,TIMEOUT,-0.181,-0.187,0.198,0.457,0.013,-20861.7,27911.9,-21292.41,0.0,0.816,False,True,True,False,False,True,False,True
TREND_DOWN,DOWN_JAN,2026-01-28T11:16:00+00:00,TIMEOUT,-0.131,-0.141,0.194,0.454,-0.001,-29178.87,28650.22,-31044.53,0.0,0.816,False,True,True,False,False,True,False,True
TREND_DOWN,DOWN_JAN,2026-01-28T11:34:00+00:00,TIMEOUT,0.021,-0.074,0.405,0.496,0.065,-14184.68,38898.25,-9419.72,0.09,0.816,False,True,True,False,False,True,False,True
TREND_DOWN,DOWN_JAN,2026-01-28T11:36:00+00:00,TIMEOUT,0.058,-0.087,0.395,0.455,0.053,-21083.34,34389.94,-16486.02,0.082,0.816,False,True,True,False,False,True,False,False
TREND_DOWN,DOWN_JAN,2026-01-28T11:37:00+00:00,TIMEOUT,-0.018,-0.094,0.352,0.422,0.008,-20125.21,34028.49,-21083.34,0.039,0.816,False,True,True,False,False,True,False,False
TREND_DOWN,DOWN_JAN,2026-01-28T12:26:00+00:00,TIMEOUT,-0.174,0.56,1.031,0.687,0.206,46949.84,83398.83,46324.96,0.566,1.329,False,False,True,False,False,True,False,False
TREND_DOWN,DOWN_JAN,2026-01-28T12:27:00+00:00,TIMEOUT,-0.265,0.5,0.988,0.71,0.194,43480.48,81807.79,46949.84,0.555,1.297,False,False,True,False,False,True,False,False
TREND_DOWN,DOWN_JAN,2026-01-28T12:28:00+00:00,TIMEOUT,-0.225,0.512,0.966,0.767,0.213,41833.82,81259.08,43480.48,0.575,1.277,False,False,True,False,False,True,False,False
TREND_DOWN,DOWN_JAN,2026-01-28T12:32:00+00:00,TIMEOUT,-0.123,0.468,0.799,0.622,0.179,45537.33,82452.96,39699.01,0.556,1.134,False,False,True,False,False,True,False,False
TREND_DOWN,DOWN_JAN,2026-01-28T13:27:00+00:00,TIMEOUT,0.156,0.337,0.872,1.001,0.286,31321.03,60917.62,29555.39,0.386,1.109,False,False,True,False,False,True,False,False
TREND_DOWN,DOWN_JAN,2026-01-28T13:28:00+00:00,TIMEOUT,0.128,0.239,0.836,0.923,0.206,30362.93,60256.37,31321.03,0.308,1.109,False,False,True,False,False,True,False,False
TREND_DOWN,DOWN_JAN,2026-01-28T14:00:00+00:00,TIMEOUT,0.079,0.277,0.887,1.192,0.232,40282.25,74006.19,41033.37,0.284,1.21,False,False,True,False,False,True,False,False
TREND_DOWN,DOWN_JAN,2026-01-28T14:01:00+00:00,TIMEOUT,0.026,0.232,0.875,1.186,0.225,40214.88,73794.1,40282.25,0.279,1.21,False,False,True,False,False,True,False,False
TREND_DOWN,DOWN_JAN,2026-01-28T14:02:00+00:00,TIMEOUT,0.098,0.198,0.89,1.145,0.227,31457.98,77310.79,40214.88,0.282,1.21,False,False,True,False,False,True,False,False
TREND_DOWN,DOWN_JAN,2026-01-28T14:03:00+00:00,TIMEOUT,0.057,0.176,0.905,1.152,0.189,31381.45,77041.81,31457.98,0.247,1.21,False,False,True,False,False,True,False,False
TREND_DOWN,DOWN_JAN,2026-01-28T14:04:00+00:00,TIMEOUT,0.027,0.3,0.947,1.127,0.241,30522.12,78334.95,31381.45,0.3,1.21,False,False,True,False,False,True,False,False
TREND_DOWN,DOWN_JAN,2026-01-28T14:05:00+00:00,TIMEOUT,-0.051,0.223,0.923,1.141,0.203,29921.01,78557.84,30522.12,0.223,1.21,False,False,True,False,False,True,False,False
TREND_DOWN,DOWN_JAN,2026-01-28T14:06:00+00:00,TIMEOUT,-0.192,0.175,0.921,1.13,0.167,30186.83,78711.24,29921.01,0.175,1.21,False,False,True,False,False,True,False,False
TREND_DOWN,DOWN_JAN,2026-01-28T14:07:00+00:00,TIMEOUT,-0.136,0.098,0.843,1.108,0.121,25696.13,76312.37,30186.83,0.106,1.21,False,False,True,False,False,True,False,False
TREND_DOWN,DOWN_JAN,2026-01-28T14:08:00+00:00,TIMEOUT,-0.072,0.187,0.945,1.159,0.201,27263.46,78798.98,25696.13,0.187,1.21,False,False,True,False,False,True,False,False
TREND_DOWN,DOWN_JAN,2026-01-28T14:09:00+00:00,TIMEOUT,-0.078,0.186,0.93,1.145,0.199,24917.31,79469.48,27263.46,0.186,1.21,False,False,True,False,False,True,False,False
TREND_DOWN,DOWN_JAN,2026-01-28T14:14:00+00:00,TIMEOUT,-0.285,-0.028,0.898,1.123,0.122,-12784.0,75606.0,-14137.57,0.111,1.21,False,False,True,False,False,True,False,True
TREND_DOWN,DOWN_JAN,2026-01-28T14:18:00+00:00,TIMEOUT,-0.283,-0.008,0.721,1.139,0.055,-8918.83,73319.6,-8179.99,0.049,1.179,False,True,True,False,False,True,False,True
TREND_DOWN,DOWN_JAN,2026-01-28T14:19:00+00:00,TIMEOUT,-0.314,-0.071,0.691,1.083,0.025,-13799.39,67167.68,-8918.83,0.02,1.179,False,True,True,False,False,True,False,True
TREND_DOWN,DOWN_JAN,2026-01-28T14:20:00+00:00,TIMEOUT,-0.352,-0.052,0.729,1.028,-0.014,-11411.62,66358.75,-13799.39,0.0,1.179,False,True,True,False,False,True,False,True
TREND_DOWN,DOWN_JAN,2026-01-28T14:21:00+00:00,TIMEOUT,-0.36,-0.069,0.736,1.05,-0.001,-13435.94,64659.56,-11411.62,0.015,1.179,False,True,True,False,False,True,False,True
TREND_DOWN,DOWN_JAN,2026-01-28T14:22:00+00:00,TIMEOUT,-0.303,-0.067,0.768,1.03,0.001,-12599.56,65223.16,-13435.94,0.018,1.179,False,True,True,False,False,True,False,True
TREND_DOWN,DOWN_JAN,2026-01-28T14:23:00+00:00,TIMEOUT,-0.324,-0.05,0.742,1.009,0.012,-10233.93,65178.03,-12599.56,0.03,1.171,False,True,True,False,False,True,False,True
TREND_DOWN,DOWN_JAN,2026-01-28T14:24:00+00:00,TIMEOUT,-0.321,-0.078,0.705,0.994,-0.023,-9274.98,66249.45,-10233.93,0.0,1.171,False,True,True,False,False,True,False,True
TREND_DOWN,DOWN_JAN,2026-01-28T14:25:00+00:00,TIMEOUT,-0.28,-0.013,0.741,0.998,-0.013,-7730.26,67801.26,-9274.98,0.01,1.171,False,True,True,False,False,True,False,True
TREND_DOWN,DOWN_JAN,2026-01-28T14:26:00+00:00,TIMEOUT,-0.231,-0.123,0.71,1.008,-0.045,-9379.53,67125.7,-7730.26,0.0,1.171,False,True,True,False,False,True,False,True
TREND_DOWN,DOWN_JAN,2026-01-28T14:27:00+00:00,TIMEOUT,-0.268,-0.212,0.625,1.07,-0.081,-15158.37,59643.14,-9379.53,0.0,1.171,False,True,True,False,False,True,False,True
TREND_DOWN,DOWN_JAN,2026-01-28T14:28:00+00:00,TIMEOUT,-0.184,-0.051,0.7,1.128,0.001,-12200.84,59995.91,-15158.37,0.084,1.171,False,True,True,False,False,True,False,True
TREND_DOWN,DOWN_JAN,2026-01-28T14:29:00+00:00,TIMEOUT,-0.292,-0.157,0.596,1.078,-0.058,-10976.57,59255.74,-12200.84,0.026,1.171,False,True,True,False,False,True,False,True
TREND_DOWN,DOWN_JAN,2026-01-28T14:30:00+00:00,TIMEOUT,-0.215,-0.137,0.652,1.108,-0.022,-6322.34,63963.85,-10976.57,0.063,1.171,False,True,True,False,False,True,False,True
TREND_DOWN,DOWN_JAN,2026-01-28T14:31:00+00:00,TIMEOUT,-0.139,-0.113,0.682,1.179,0.049,-6887.23,62231.03,-6322.34,0.135,1.171,False,False,True,False,False,True,False,True
TREND_DOWN,DOWN_JAN,2026-01-28T14:32:00+00:00,TIMEOUT,-0.188,-0.09,0.68,1.109,0.001,-5480.09,62186.46,-6887.23,0.089,1.171,False,True,True,False,False,True,False,True
TREND_DOWN,DOWN_JAN,2026-01-28T14:38:00+00:00,TIMEOUT,-0.371,-0.443,0.537,0.893,-0.2,-4211.39,71259.82,-5226.16,0.049,1.138,False,True,True,False,False,True,False,True
TREND_DOWN,DOWN_JAN,2026-01-28T14:39:00+00:00,TIMEOUT,-0.447,-0.524,0.402,0.77,-0.276,-9282.7,64699.3,-4211.39,0.0,1.08,False,True,True,False,False,True,False,True
TREND_DOWN,DOWN_JAN,2026-01-28T14:40:00+00:00,TIMEOUT,-0.538,-0.583,0.188,0.717,-0.366,-17558.79,48093.8,-9282.7,0.0,0.959,False,True,True,False,False,True,False,True
TREND_DOWN,DOWN_JAN,2026-01-28T14:41:00+00:00,TIMEOUT,-0.583,-0.743,0.09,0.64,-0.407,-35044.3,28153.16,-17558.79,0.0,0.923,False,True,True,False,False,True,False,True
TREND_DOWN,DOWN_JAN,2026-01-28T14:42:00+00:00,TIMEOUT,-0.531,-0.666,0.169,0.714,-0.343,-36519.34,27866.62,-35044.3,0.059,0.923,False,True,True,False,False,True,False,True
TREND_DOWN,DOWN_JAN,2026-01-28T14:43:00+00:00,TIMEOUT,-0.546,-0.823,0.066,0.63,-0.426,-38462.42,29697.93,-36519.34,0.0,0.905,False,True,True,False,False,True,False,True
TREND_DOWN,DOWN_JAN,2026-01-28T14:44:00+00:00,TIMEOUT,-0.481,-0.764,0.045,0.687,-0.368,-59895.35,27816.77,-38462.42,0.057,0.872,False,True,True,False,False,True,False,True
TREND_DOWN,DOWN_JAN,2026-01-28T14:45:00+00:00,TIMEOUT,-0.498,-0.765,0.002,0.76,-0.358,-54750.79,18756.86,-59895.35,0.067,0.872,False,True,True,False,False,True,False,True
TREND_DOWN,DOWN_JAN,2026-01-28T14:46:00+00:00,TIMEOUT,-0.712,-0.928,-0.096,0.592,-0.56,-58521.97,21358.08,-54750.79,0.0,0.969,False,True,True,False,False,True,False,True
TREND_DOWN,DOWN_JAN,2026-01-28T14:47:00+00:00,TIMEOUT,-0.763,-0.972,-0.235,0.482,-0.63,-67236.51,11633.59,-58521.97,0.0,1.047,False,True,True,False,False,True,False,True
TREND_DOWN,DOWN_JAN,2026-01-28T14:48:00+00:00,TIMEOUT,-0.66,-0.941,-0.293,0.521,-0.602,-59210.58,9403.01,-67236.51,0.021,1.047,False,True,True,False,False,True,False,True
TREND_DOWN,DOWN_JAN,2026-01-28T14:49:00+00:00,TIMEOUT,-0.506,-0.819,-0.251,0.63,-0.475,-57292.19,11823.44,-59210.58,0.146,1.047,False,False,True,False,False,True,False,True
TREND_DOWN,DOWN_JAN,2026-01-28T14:50:00+00:00,TIMEOUT,-0.44,-0.79,-0.183,0.653,-0.444,-59003.88,10203.51,-57292.19,0.175,1.047,False,False,True,False,False,True,False,True
TREND_DOWN,DOWN_JAN,2026-01-28T14:51:00+00:00,TIMEOUT,-0.419,-0.777,-0.212,0.667,-0.411,-54319.07,14494.24,-59003.88,0.211,1.047,False,False,True,False,False,True,False,True
TREND_DOWN,DOWN_JAN,2026-01-28T14:52:00+00:00,TIMEOUT,-0.482,-0.784,-0.358,0.687,-0.47,-51278.55,13061.05,-54319.07,0.15,1.047,False,False,True,False,False,True,False,True
TREND_DOWN,DOWN_JAN,2026-01-28T14:53:00+00:00,TIMEOUT,-0.523,-0.845,-0.381,0.651,-0.497,-48543.48,8946.78,-51278.55,0.121,1.047,False,False,True,False,False,True,False,True
TREND_DOWN,DOWN_JAN,2026-01-28T14:59:00+00:00,TIMEOUT,-0.425,-0.716,-0.514,0.761,-0.451,-47865.51,-17121.2,-48427.67,0.154,1.047,False,False,True,False,False,True,False,True
TREND_DOWN,DOWN_JAN,2026-01-28T15:08:00+00:00,TIMEOUT,-0.467,-0.836,-0.652,0.578,-0.614,-52655.15,-9669.1,-47880.93,0.0,1.07,False,True,True,False,False,True,True,True
TREND_DOWN,DOWN_JAN,2026-01-28T15:09:00+00:00,TIMEOUT,-0.438,-0.883,-0.694,0.47,-0.655,-58743.26,-13738.92,-52655.15,0.0,1.118,False,True,True,False,False,True,True,True
TREND_DOWN,DOWN_JAN,2026-01-28T15:10:00+00:00,TIMEOUT,-0.523,-1.058,-0.955,0.307,-0.825,-71012.45,-45722.66,-58743.26,0.0,1.3,False,True,True,False,False,True,True,True
TREND_DOWN,DOWN_JAN,2026-01-28T15:11:00+00:00,TIMEOUT,-0.475,-1.055,-0.974,0.289,-0.795,-66629.24,-44998.94,-71012.45,0.007,1.3,False,True,True,False,False,True,True,True
TREND_DOWN,DOWN_JAN,2026-01-28T15:12:00+00:00,TIMEOUT,-0.582,-1.11,-0.982,0.256,-0.834,-69071.77,-49855.83,-66629.24,0.0,1.342,False,True,True,False,False,True,True,True
TREND_DOWN,DOWN_JAN,2026-01-28T15:13:00+00:00,TIMEOUT,-0.484,-1.028,-0.886,0.295,-0.811,-66304.02,-47191.4,-69071.77,0.013,1.342,False,True,True,False,False,True,True,True
TREND_DOWN,DOWN_JAN,2026-01-28T15:14:00+00:00,LOSS,-0.696,-1.173,-0.944,0.161,-0.956,-74408.68,-52326.56,-66304.02,0.0,1.488,False,True,True,False,False,True,True,True
TREND_DOWN,DOWN_JAN,2026-01-28T15:15:00+00:00,LOSS,-0.898,-1.391,-1.128,-0.047,-1.127,-92118.69,-68760.27,-74408.68,0.0,1.684,False,True,True,False,False,False,True,True
TREND_DOWN,DOWN_JAN,2026-01-28T15:16:00+00:00,LOSS,-0.44,-1.148,-0.84,0.175,-0.818,-86391.84,-60035.73,-92118.69,0.265,1.684,False,False,True,False,False,True,False,True
TREND_DOWN,DOWN_JAN,2026-01-28T15:17:00+00:00,LOSS,-0.354,-1.114,-0.9,0.218,-0.794,-73898.27,-46134.12,-86391.84,0.274,1.684,False,False,True,False,False,True,False,True
TREND_DOWN,DOWN_JAN,2026-01-28T15:18:00+00:00,TIMEOUT,-0.331,-0.988,-0.818,0.25,-0.729,-70741.66,-46810.12,-73898.27,0.319,1.684,False,False,True,False,False,True,False,True
TREND_DOWN,DOWN_JAN,2026-01-28T15:19:00+00:00,TIMEOUT,-0.471,-0.975,-0.757,0.3,-0.739,-65833.13,-44619.64,-70741.66,0.303,1.684,False,False,True,False,False,True,False,True
TREND_DOWN,DOWN_JAN,2026-01-28T15:20:00+00:00,TIMEOUT,-0.38,-0.818,-0.627,0.481,-0.611,-61574.83,-31824.9,-65833.13,0.424,1.684,False,False,True,False,False,True,False,True
TREND_DOWN,DOWN_JAN,2026-01-28T15:21:00+00:00,TIMEOUT,-0.494,-0.911,-0.804,0.339,-0.683,-58609.24,-43755.87,-61574.83,0.344,1.684,False,False,True,False,False,True,False,True
TREND_DOWN,DOWN_JAN,2026-01-28T15:22:00+00:00,TIMEOUT,-0.436,-0.917,-0.772,0.297,-0.681,-57196.53,-41957.83,-58609.24,0.342,1.684,False,False,True,False,False,True,False,True
TREND_DOWN,DOWN_JAN,2026-01-28T15:23:00+00:00,TIMEOUT,-0.427,-0.948,-0.671,0.29,-0.698,-58215.85,-40013.89,-57196.53,0.323,1.684,False,False,True,False,False,True,False,True
TREND_DOWN,DOWN_JAN,2026-01-28T15:24:00+00:00,TIMEOUT,-0.595,-0.92,-0.705,0.247,-0.7,-57628.78,-36771.46,-58215.85,0.316,1.684,False,False,True,False,False,True,False,True
TREND_DOWN,DOWN_JAN,2026-01-28T16:01:00+00:00,TIMEOUT,0.161,-0.228,-0.57,-0.026,-0.285,9640.24,2891.63,10385.52,0.655,1.684,False,False,False,False,False,True,False,False
TREND_DOWN,DOWN_JAN,2026-01-28T16:03:00+00:00,TIMEOUT,-0.043,-0.558,-0.826,-0.307,-0.513,1687.22,-9847.11,7951.77,0.421,1.684,False,False,True,False,False,True,False,False
TREND_DOWN,DOWN_JAN,2026-01-28T16:09:00+00:00,TIMEOUT,-0.039,-0.021,-0.719,-0.16,-0.386,19023.7,-14802.25,13681.78,0.538,1.684,False,False,True,False,False,True,False,False
TREND_DOWN,DOWN_JAN,2026-01-28T16:10:00+00:00,TIMEOUT,-0.007,0.187,-0.864,-0.096,-0.355,29712.21,-50996.29,19023.7,0.567,1.684,False,False,True,False,False,True,False,False
TREND_DOWN,DOWN_JAN,2026-01-28T16:11:00+00:00,TIMEOUT,-0.032,0.158,-0.885,-0.068,-0.353,25985.0,-45020.63,29712.21,0.545,1.684,False,False,True,False,False,True,False,False
TREND_DOWN,DOWN_JAN,2026-01-28T16:12:00+00:00,TIMEOUT,-0.165,0.148,-1.08,-0.196,-0.407,30028.91,-54334.12,25985.0,0.485,1.684,False,False,True,False,False,True,False,False
TREND_DOWN,DOWN_JAN,2026-01-28T16:13:00+00:00,TIMEOUT,-0.188,0.104,-1.017,-0.213,-0.427,28782.02,-51659.57,30028.91,0.454,1.684,False,False,True,False,False,True,False,False
TREND_DOWN,DOWN_JAN,2026-01-28T16:14:00+00:00,TIMEOUT,-0.263,0.21,-0.993,-0.352,-0.471,36696.01,-50496.67,28782.02,0.404,1.684,False,False,True,False,False,True,False,False
TREND_DOWN,DOWN_JAN,2026-01-28T16:15:00+00:00,TIMEOUT,-0.257,0.52,-0.91,-0.139,-0.352,54596.57,-48531.98,36696.01,0.52,1.684,False,False,True,False,False,True,False,False
TREND_DOWN,DOWN_JAN,2026-01-28T16:16:00+00:00,TIMEOUT,-0.296,0.207,-1.023,-0.137,-0.396,47880.19,-52225.09,54596.57,0.207,1.684,False,False,True,False,False,True,False,False
TREND_DOWN,DOWN_JAN,2026-01-28T16:42:00+00:00,TIMEOUT,0.15,-0.015,-0.95,-0.037,-0.172,-8742.24,-37065.1,-6469.67,0.231,1.684,False,False,True,False,False,False,False,True
TREND_DOWN,DOWN_JAN,2026-01-28T16:43:00+00:00,TIMEOUT,0.228,0.039,-0.976,0.02,-0.12,-8526.14,-40215.18,-8742.24,0.278,1.684,False,False,True,False,False,True,False,True
TREND_DOWN,DOWN_JAN,2026-01-28T16:44:00+00:00,TIMEOUT,0.313,0.05,-0.938,0.056,-0.076,-12466.84,-61913.73,-8526.14,0.313,1.684,False,False,True,False,False,True,False,True
TREND_DOWN,DOWN_JAN,2026-01-28T16:45:00+00:00,TIMEOUT,0.299,0.041,-0.849,0.175,0.06,-34160.7,-58673.39,-12466.84,0.414,1.684,False,False,True,False,False,True,False,True
TREND_DOWN,DOWN_JAN,2026-01-28T16:51:00+00:00,TIMEOUT,0.044,0.127,-0.937,0.041,-0.05,-18544.77,-54078.66,-16293.82,0.275,1.633,False,False,True,False,False,True,False,True
TREND_DOWN,DOWN_JAN,2026-01-28T16:52:00+00:00,TIMEOUT,0.131,0.127,-0.841,0.095,-0.006,-20479.24,-53112.61,-18544.77,0.319,1.611,False,False,True,False,False,True,False,True
TREND_DOWN,DOWN_JAN,2026-01-28T17:00:00+00:00,TIMEOUT,-0.198,0.142,-0.667,0.215,0.079,-14287.59,-52423.18,-15220.81,0.391,1.489,False,False,True,False,False,True,False,True
TREND_DOWN,DOWN_JAN,2026-01-28T17:08:00+00:00,TIMEOUT,-0.09,0.246,-0.672,0.267,0.067,-14688.97,-53662.34,-12649.92,0.368,1.463,False,False,True,False,False,True,False,True
TREND_DOWN,DOWN_JAN,2026-01-28T17:17:00+00:00,TIMEOUT,-0.007,0.273,-0.583,0.273,0.119,-15189.72,-54511.94,-12693.24,0.278,1.404,False,False,True,False,False,True,False,True
TREND_DOWN,DOWN_JAN,2026-01-28T17:21:00+00:00,TIMEOUT,0.125,0.169,-0.455,0.278,0.125,-19742.95,-42411.65,-17873.91,0.213,1.351,False,False,True,False,False,True,False,True
TREND_DOWN,DOWN_JAN,2026-01-28T17:24:00+00:00,TIMEOUT,-0.115,0.097,-0.442,0.261,0.126,-19161.84,-44364.22,-17348.34,0.163,1.351,False,False,True,False,False,True,False,True
TREND_DOWN,DOWN_JAN,2026-01-28T17:27:00+00:00,TIMEOUT,-0.083,0.005,-0.401,0.221,0.113,-33906.64,-42841.75,-31125.14,0.147,1.351,False,False,True,False,False,True,False,True
TREND_DOWN,DOWN_JAN,2026-01-28T17:28:00+00:00,TIMEOUT,-0.085,-0.204,-0.527,0.169,0.072,-40025.54,-44540.88,-33906.64,0.104,1.351,False,False,True,False,False,True,False,True
TREND_DOWN,DOWN_JAN,2026-01-28T17:29:00+00:00,TIMEOUT,-0.045,-0.187,-0.444,0.149,0.099,-37232.61,-45124.96,-40025.54,0.129,1.351,False,False,True,False,False,True,False,True
TREND_DOWN,DOWN_JAN,2026-01-28T17:30:00+00:00,TIMEOUT,-0.256,-0.454,-0.707,-0.06,-0.126,-27302.38,-52622.64,-37232.61,0.0,1.351,False,True,True,False,False,False,True,True
TREND_DOWN,DOWN_JAN,2026-01-28T17:31:00+00:00,TIMEOUT,-0.379,-0.236,-0.77,-0.093,-0.112,-8316.1,-47606.41,-27302.38,0.008,1.351,False,True,True,False,False,False,True,True
TREND_DOWN,DOWN_JAN,2026-01-28T17:32:00+00:00,TIMEOUT,-0.311,-0.242,-0.679,-0.003,-0.057,-6217.64,-44886.14,-8316.1,0.054,1.351,False,True,True,False,False,False,True,True
TREND_DOWN,DOWN_JAN,2026-01-28T17:33:00+00:00,TIMEOUT,-0.225,-0.211,-0.618,0.057,0.001,-1148.82,-38150.44,-6217.64,0.105,1.351,False,False,True,False,False,True,False,True
TREND_DOWN,DOWN_JAN,2026-01-28T18:01:00+00:00,TIMEOUT,0.169,-0.21,-0.168,-0.504,-0.146,70678.64,65728.34,122166.22,0.177,1.779,False,False,True,False,True,True,False,False
TREND_DOWN,DOWN_JAN,2026-01-28T18:02:00+00:00,TIMEOUT,0.174,-0.137,-0.217,-0.418,-0.086,52978.86,45605.98,70678.64,0.228,1.779,False,False,True,False,True,True,False,False
TREND_DOWN,DOWN_JAN,2026-01-28T18:03:00+00:00,TIMEOUT,0.208,-0.018,-0.13,-0.386,0.002,45634.8,38039.58,52978.86,0.313,1.779,False,False,True,False,True,True,False,False
TREND_DOWN,DOWN_JAN,2026-01-28T18:04:00+00:00,TIMEOUT,0.377,0.093,0.024,-0.182,0.122,50977.44,44523.88,45634.8,0.433,1.779,False,False,True,False,True,True,False,False
TREND_DOWN,DOWN_JAN,2026-01-28T18:05:00+00:00,TIMEOUT,0.204,-0.006,-0.129,-0.264,0.038,50940.35,43945.5,50977.44,0.35,1.779,False,False,True,False,True,True,False,False
TREND_DOWN,DOWN_JAN,2026-01-28T18:06:00+00:00,TIMEOUT,0.275,0.042,0.047,-0.248,0.115,53799.77,47931.75,50940.35,0.427,1.779,False,False,True,False,True,True,False,False
TREND_DOWN,DOWN_JAN,2026-01-28T18:07:00+00:00,TIMEOUT,0.325,0.185,0.328,-0.191,0.189,67876.06,66066.22,53799.77,0.501,1.779,False,False,True,False,True,True,False,False
TREND_DOWN,DOWN_JAN,2026-01-28T18:08:00+00:00,TIMEOUT,0.128,0.083,0.249,-0.405,0.003,67096.19,66089.0,67876.06,0.317,1.779,False,False,True,False,True,True,False,False
TREND_DOWN,DOWN_JAN,2026-01-28T18:09:00+00:00,TIMEOUT,0.103,0.077,0.366,-0.33,0.071,66762.11,73285.64,67096.19,0.387,1.779,False,False,True,False,True,True,False,False
TREND_DOWN,DOWN_JAN,2026-01-28T18:10:00+00:00,TIMEOUT,0.098,0.037,0.547,-0.413,0.069,67427.6,87908.47,66762.11,0.387,1.779,False,False,True,False,False,True,False,False
TREND_DOWN,DOWN_JAN,2026-01-28T18:11:00+00:00,TIMEOUT,0.129,0.039,0.561,-0.419,0.08,71976.07,85062.38,67427.6,0.409,1.779,False,False,True,False,False,True,False,False
TREND_DOWN,DOWN_JAN,2026-01-28T18:12:00+00:00,TIMEOUT,0.147,0.073,0.659,-0.33,0.124,72929.4,90894.01,71976.07,0.457,1.779,False,False,True,False,False,True,False,False
TREND_DOWN,DOWN_JAN,2026-01-28T18:13:00+00:00,TIMEOUT,-0.089,0.089,0.693,-0.199,0.167,73315.38,90120.56,72929.4,0.504,1.779,False,False,True,False,False,True,False,False
TREND_DOWN,DOWN_JAN,2026-01-28T18:14:00+00:00,TIMEOUT,-0.038,0.102,0.832,-0.12,0.144,74431.56,99223.17,73315.38,0.486,1.779,False,False,True,False,False,True,False,False
TREND_DOWN,DOWN_JAN,2026-01-28T18:28:00+00:00,TIMEOUT,-0.518,0.193,0.536,-0.149,-0.061,74885.88,78886.38,74785.18,0.394,1.426,False,False,True,False,False,True,False,False
TREND_DOWN,DOWN_JAN,2026-01-28T18:30:00+00:00,TIMEOUT,-0.216,0.353,0.377,-0.237,-0.107,75108.79,67825.83,74467.67,0.353,1.426,False,False,True,False,False,True,False,False
TREND_DOWN,DOWN_JAN,2026-01-28T18:31:00+00:00,TIMEOUT,0.265,0.435,0.487,-0.146,-0.021,71134.55,62671.1,75108.79,0.435,1.426,False,False,True,False,False,True,False,False
TREND_DOWN,DOWN_JAN,2026-01-28T18:35:00+00:00,TIMEOUT,0.011,0.215,0.45,-0.142,-0.11,55691.81,58541.93,63168.14,0.215,1.37,False,False,True,False,False,True,False,False
TREND_DOWN,DOWN_JAN,2026-01-28T18:36:00+00:00,TIMEOUT,-0.146,0.13,0.239,-0.252,-0.191,51682.96,44354.48,55691.81,0.13,1.37,False,False,True,False,False,True,False,False
TREND_DOWN,DOWN_JAN,2026-01-28T18:37:00+00:00,TIMEOUT,-0.229,0.095,0.224,-0.32,-0.205,53317.07,44256.45,51682.96,0.095,1.37,False,False,True,False,False,True,False,False
TREND_DOWN,DOWN_JAN,2026-01-28T18:38:00+00:00,TIMEOUT,-0.047,0.081,0.206,-0.309,-0.206,51972.05,43347.87,53317.07,0.093,1.37,False,False,True,False,False,True,False,False
TREND_DOWN,DOWN_JAN,2026-01-28T18:39:00+00:00,TIMEOUT,-0.102,0.001,0.246,-0.349,-0.192,46557.61,44314.48,51972.05,0.108,1.37,False,False,True,False,False,True,False,False
TREND_DOWN,DOWN_JAN,2026-01-28T18:40:00+00:00,TIMEOUT,-0.13,-0.032,0.222,-0.427,-0.221,46320.34,46996.98,46557.61,0.08,1.37,False,True,True,False,False,True,False,False
TREND_DOWN,DOWN_JAN,2026-01-28T18:41:00+00:00,TIMEOUT,-0.179,-0.051,0.19,-0.414,-0.249,45134.81,45994.67,46320.34,0.052,1.37,False,True,True,False,False,True,False,False
TREND_DOWN,DOWN_JAN,2026-01-28T18:42:00+00:00,TIMEOUT,-0.224,-0.078,0.119,-0.407,-0.247,47168.63,44651.66,45134.81,0.055,1.37,False,True,True,False,False,True,False,False
TREND_DOWN,DOWN_JAN,2026-01-28T18:43:00+00:00,TIMEOUT,-0.215,-0.304,0.183,-0.236,-0.191,25205.15,44428.91,47168.63,0.111,1.37,False,False,True,False,False,True,False,False
TREND_DOWN,DOWN_JAN,2026-01-28T18:44:00+00:00,TIMEOUT,-0.207,-0.245,0.149,-0.302,-0.202,-10252.55,40329.78,25205.15,0.101,1.37,False,False,True,False,False,True,False,False
TREND_DOWN,DOWN_JAN,2026-01-28T18:45:00+00:00,TIMEOUT,-0.303,-0.403,-0.03,-0.418,-0.273,-30930.31,16608.74,-10252.55,0.033,1.37,False,True,True,False,False,False,False,True
TREND_DOWN,DOWN_JAN,2026-01-28T18:46:00+00:00,TIMEOUT,-0.368,-0.454,-0.049,-0.525,-0.306,-31015.71,17154.13,-30930.31,0.005,1.37,False,True,True,False,False,False,False,True
TREND_DOWN,DOWN_JAN,2026-01-28T18:47:00+00:00,TIMEOUT,-0.217,-0.343,0.264,-0.489,-0.278,-27265.97,37371.15,-31015.71,0.034,1.37,False,True,True,False,False,True,False,True
TREND_DOWN,DOWN_JAN,2026-01-28T18:48:00+00:00,TIMEOUT,-0.225,-0.305,0.238,-0.438,-0.266,-26400.51,34938.38,-27265.97,0.058,1.37,False,True,True,False,False,True,False,True
TREND_DOWN,DOWN_JAN,2026-01-28T18:49:00+00:00,TIMEOUT,-0.255,-0.359,0.212,-0.383,-0.287,-25580.54,37280.81,-26400.51,0.038,1.37,False,True,True,False,False,True,False,True
TREND_DOWN,DOWN_JAN,2026-01-28T18:50:00+00:00,TIMEOUT,-0.321,-0.468,0.195,-0.245,-0.266,-49784.64,39630.54,-25580.54,0.06,1.37,False,True,True,False,False,True,False,True
TREND_DOWN,DOWN_JAN,2026-01-28T18:52:00+00:00,TIMEOUT,-0.501,-1.019,0.007,-0.457,-0.437,-95688.81,32996.11,-55531.46,0.0,1.37,False,True,True,False,False,True,False,True
TREND_DOWN,DOWN_JAN,2026-01-28T18:53:00+00:00,TIMEOUT,-0.518,-0.96,0.023,-0.508,-0.409,-108749.24,17122.75,-95688.81,0.028,1.37,False,True,True,False,False,True,False,True
TREND_DOWN,DOWN_JAN,2026-01-28T18:54:00+00:00,TIMEOUT,-0.487,-1.112,-0.085,-0.554,-0.386,-154850.96,18179.59,-108749.24,0.043,1.37,False,True,True,False,False,False,False,True
TREND_DOWN,DOWN_JAN,2026-01-28T18:55:00+00:00,TIMEOUT,-0.483,-0.93,-0.088,-0.589,-0.415,-148462.63,17133.07,-154850.96,0.013,1.37,False,True,True,False,False,False,False,True
TREND_DOWN,DOWN_JAN,2026-01-28T18:56:00+00:00,TIMEOUT,-0.342,-0.92,-0.073,-0.626,-0.447,-145372.63,16611.34,-148462.63,0.0,1.37,False,True,True,False,False,False,False,True
TREND_DOWN,DOWN_JAN,2026-01-28T18:59:00+00:00,TIMEOUT,-0.265,-0.711,0.058,-0.5,-0.323,-134471.85,24818.4,-142010.29,0.123,1.37,False,False,True,False,False,True,False,True
TREND_DOWN,DOWN_JAN,2026-01-28T19:01:00+00:00,TIMEOUT,-0.418,-0.154,-0.094,-0.663,-0.466,-14975.91,41112.19,-68518.6,0.0,1.37,False,True,True,False,False,False,False,True
TREND_DOWN,DOWN_JAN,2026-01-28T19:02:00+00:00,TIMEOUT,-0.706,-0.497,-0.359,-0.991,-0.753,-18627.85,19026.36,-14975.91,0.0,1.509,False,True,True,False,True,False,False,True
TREND_DOWN,DOWN_JAN,2026-01-28T19:03:00+00:00,TIMEOUT,-0.604,-0.46,-0.031,-0.857,-0.61,-10910.04,25442.32,-18627.85,0.122,1.509,False,False,True,False,True,False,False,True
TREND_DOWN,DOWN_JAN,2026-01-28T19:05:00+00:00,TIMEOUT,-0.475,-0.464,-0.124,-0.794,-0.569,-11323.15,27507.78,-9866.87,0.155,1.509,False,False,True,False,True,False,False,True
TREND_DOWN,DOWN_JAN,2026-01-28T19:06:00+00:00,TIMEOUT,-0.286,-0.432,0.04,-0.7,-0.458,-13422.65,28448.74,-11323.15,0.264,1.509,False,False,True,False,True,True,False,True
TREND_DOWN,DOWN_JAN,2026-01-28T19:08:00+00:00,TIMEOUT,-0.315,-0.362,-0.033,-0.764,-0.495,-22110.12,30297.1,-26929.3,0.225,1.509,False,False,True,False,True,False,False,True
TREND_DOWN,DOWN_JAN,2026-01-28T19:15:00+00:00,TIMEOUT,-0.167,-0.47,0.06,-0.85,-0.402,-30410.59,31530.5,-31143.66,0.313,1.509,False,False,True,False,True,True,False,True
TREND_DOWN,DOWN_JAN,2026-01-28T19:31:00+00:00,TIMEOUT,-0.072,-0.49,-0.293,-0.94,-0.49,-32594.74,30223.71,-30491.63,0.221,1.509,False,False,True,False,True,False,False,True
TREND_DOWN,DOWN_JAN,2026-01-28T19:33:00+00:00,TIMEOUT,0.092,-0.512,-0.371,-0.883,-0.495,-32573.54,29784.46,-32575.08,0.215,1.509,False,False,True,False,True,False,False,True
TREND_DOWN,DOWN_JAN,2026-01-28T19:37:00+00:00,TIMEOUT,-0.084,-0.337,-0.386,-1.025,-0.503,-28677.81,24129.57,-28112.4,0.203,1.509,False,False,True,False,True,False,False,True
TREND_DOWN,DOWN_JAN,2026-01-28T19:38:00+00:00,TIMEOUT,0.004,-0.311,-0.365,-1.017,-0.476,-29959.72,22456.08,-28677.81,0.229,1.509,False,False,True,False,True,False,False,True
TREND_DOWN,DOWN_JAN,2026-01-28T19:39:00+00:00,TIMEOUT,-0.11,-0.398,-0.487,-1.094,-0.548,-30639.24,21491.81,-29959.72,0.156,1.509,False,False,True,False,True,False,False,True
TREND_DOWN,DOWN_JAN,2026-01-28T19:40:00+00:00,TIMEOUT,-0.203,-0.356,-0.369,-1.046,-0.532,-32900.05,20062.06,-30639.24,0.17,1.509,False,False,True,False,True,False,False,True
TREND_DOWN,DOWN_JAN,2026-01-28T19:41:00+00:00,TIMEOUT,-0.284,-0.466,-0.462,-1.3,-0.668,-32613.78,19850.56,-32900.05,0.032,1.509,False,True,True,False,True,False,False,True
TREND_DOWN,DOWN_JAN,2026-01-28T19:42:00+00:00,TIMEOUT,-0.409,-0.529,-0.395,-1.341,-0.722,-31922.27,21471.63,-32613.78,0.0,1.537,False,True,True,False,True,False,False,True
TREND_DOWN,DOWN_JAN,2026-01-28T19:43:00+00:00,TIMEOUT,-0.298,-0.656,-0.513,-1.484,-0.791,-37583.29,15371.76,-31922.27,0.0,1.61,False,True,True,False,False,False,False,True
TREND_DOWN,DOWN_JAN,2026-01-28T19:44:00+00:00,TIMEOUT,-0.37,-0.655,-0.557,-1.49,-0.794,-36542.79,16253.83,-37583.29,0.0,1.619,False,True,True,False,False,False,False,True
TREND_DOWN,DOWN_JAN,2026-01-28T19:45:00+00:00,TIMEOUT,-0.321,-0.488,-0.558,-1.403,-0.693,-33384.12,17385.32,-36542.79,0.1,1.619,False,True,True,False,False,False,False,True
TREND_DOWN,DOWN_JAN,2026-01-28T19:46:00+00:00,TIMEOUT,-0.254,-0.377,-0.514,-1.288,-0.608,-32549.63,19947.92,-33384.12,0.184,1.619,False,False,True,False,False,False,False,True
TREND_DOWN,DOWN_JAN,2026-01-28T19:47:00+00:00,TIMEOUT,-0.189,-0.318,-0.387,-1.169,-0.518,-26131.15,28152.1,-32549.63,0.272,1.619,False,False,True,False,True,False,False,True
TREND_DOWN,DOWN_JAN,2026-01-28T20:40:00+00:00,TIMEOUT,-0.333,-0.009,-0.397,-0.474,-0.499,8123.65,21543.94,5924.71,0.271,1.619,False,False,True,False,True,True,False,False
TREND_DOWN,DOWN_JAN,2026-01-28T20:41:00+00:00,TIMEOUT,-0.228,0.18,-0.337,-0.382,-0.449,8333.38,20854.41,8123.65,0.321,1.619,False,False,True,False,True,True,False,False
TREND_DOWN,DOWN_JAN,2026-01-28T20:42:00+00:00,TIMEOUT,-0.198,0.252,-0.355,-0.429,-0.436,7798.54,23044.9,8333.38,0.333,1.619,False,False,True,False,True,True,False,False
TREND_DOWN,DOWN_JAN,2026-01-28T20:43:00+00:00,TIMEOUT,-0.294,0.198,-0.761,-0.469,-0.561,15193.0,2814.86,7798.54,0.208,1.619,False,False,True,False,False,True,False,False
TREND_DOWN,DOWN_JAN,2026-01-28T20:44:00+00:00,TIMEOUT,-0.382,0.21,-0.69,-0.522,-0.553,14807.79,-31987.55,15193.0,0.21,1.619,False,False,True,False,False,True,False,False
TREND_DOWN,DOWN_JAN,2026-01-28T20:45:00+00:00,TIMEOUT,-0.461,0.112,-0.778,-0.532,-0.545,13439.82,-50874.61,14807.79,0.112,1.619,False,False,True,False,False,True,False,False
TREND_DOWN,DOWN_JAN,2026-01-28T20:46:00+00:00,TIMEOUT,-0.438,-0.018,-0.846,-0.381,-0.585,10718.55,-52846.79,13439.82,0.0,1.619,False,True,True,False,False,True,True,False
TREND_DOWN,DOWN_JAN,2026-01-28T20:47:00+00:00,TIMEOUT,-0.554,-0.167,-0.826,-0.366,-0.644,482.79,-52914.33,10718.55,0.0,1.619,False,True,True,False,False,True,True,False
TREND_DOWN,DOWN_JAN,2026-01-28T20:48:00+00:00,TIMEOUT,-0.46,-0.322,-0.826,-0.402,-0.654,-3693.43,-53551.59,482.79,0.0,1.619,False,True,True,False,False,False,True,False
TREND_DOWN,DOWN_JAN,2026-01-28T20:49:00+00:00,TIMEOUT,-0.631,-0.419,-0.959,-0.625,-0.751,-5998.86,-55930.06,-3693.43,0.0,1.63,False,True,True,False,False,False,True,True
TREND_DOWN,DOWN_JAN,2026-01-28T20:50:00+00:00,TIMEOUT,-0.649,-0.443,-1.117,-0.682,-0.773,-5977.55,-82448.06,-5998.86,0.0,1.658,False,True,True,False,False,False,True,True
TREND_DOWN,DOWN_JAN,2026-01-28T20:51:00+00:00,TIMEOUT,-0.64,-0.453,-1.145,-0.711,-0.751,-6495.12,-84813.83,-5977.55,0.007,1.658,False,True,True,False,False,False,True,True
TREND_DOWN,DOWN_JAN,2026-01-28T20:52:00+00:00,TIMEOUT,-0.619,-0.437,-1.437,-0.597,-0.695,-6932.29,-123593.64,-6495.12,0.061,1.658,False,True,True,False,False,False,True,True
TREND_DOWN,DOWN_JAN,2026-01-28T20:53:00+00:00,TIMEOUT,-0.594,-0.443,-1.372,-0.535,-0.612,-5374.17,-120260.08,-6932.29,0.094,1.658,False,True,True,False,False,False,True,True
TREND_DOWN,DOWN_JAN,2026-01-28T20:54:00+00:00,TIMEOUT,-0.603,-0.448,-1.48,-0.637,-0.536,-5825.79,-166066.67,-5374.17,0.154,1.658,False,False,True,False,False,False,False,True
TREND_DOWN,DOWN_JAN,2026-01-28T20:55:00+00:00,TIMEOUT,-0.553,-0.427,-1.289,-0.561,-0.473,-4753.47,-157666.74,-5825.79,0.134,1.441,False,False,True,False,False,False,False,True
TREND_DOWN,DOWN_JAN,2026-01-28T20:56:00+00:00,TIMEOUT,-0.538,-0.356,-1.204,-0.47,-0.418,-4059.42,-152654.17,-4753.47,0.177,1.397,False,False,True,False,False,False,False,True
TREND_DOWN,DOWN_JAN,2026-01-28T20:59:00+00:00,TIMEOUT,-0.738,-0.292,-1.156,-0.525,-0.437,-6751.75,-146717.54,-7890.38,0.137,1.308,False,False,True,False,False,False,False,True
TREND_DOWN,DOWN_JAN,2026-01-28T21:00:00+00:00,TIMEOUT,-0.665,-0.472,-0.948,-0.66,-0.529,-5637.67,-91451.17,-6751.75,0.034,1.036,False,True,True,False,False,False,True,True
TREND_DOWN,DOWN_JAN,2026-01-28T21:01:00+00:00,TIMEOUT,-0.537,-0.627,-0.587,-0.754,-0.508,-8622.48,-41606.57,-5637.67,0.006,1.036,False,True,True,False,False,False,True,True
TREND_DOWN,DOWN_JAN,2026-01-28T21:02:00+00:00,TIMEOUT,-0.535,-0.698,-0.754,-0.969,-0.612,-25953.89,-39377.79,-8622.48,0.0,1.148,False,True,True,False,False,False,True,True
TREND_DOWN,DOWN_JAN,2026-01-28T21:03:00+00:00,TIMEOUT,-0.508,-0.653,-0.847,-0.977,-0.602,-25513.84,-32098.03,-25953.89,0.0,1.158,False,True,True,False,False,False,True,True
TREND_DOWN,DOWN_JAN,2026-01-28T21:05:00+00:00,TIMEOUT,-0.521,-0.716,-0.882,-1.01,-0.583,-26741.77,-40342.11,-23503.19,0.001,1.158,False,True,True,False,False,False,True,True
TREND_DOWN,DOWN_JAN,2026-01-28T21:08:00+00:00,TIMEOUT,-0.306,-0.591,-0.753,-0.507,-0.46,-18446.43,-46181.31,-21854.96,0.099,1.158,False,True,True,False,False,False,True,True
TREND_DOWN,DOWN_JAN,2026-01-28T21:09:00+00:00,TIMEOUT,-0.286,-0.577,-0.752,-0.388,-0.386,-17990.6,-46925.01,-18446.43,0.17,1.158,False,False,True,False,False,False,False,True
TREND_DOWN,DOWN_JAN,2026-01-28T21:11:00+00:00,TIMEOUT,-0.335,-0.563,-0.799,-0.243,-0.408,-18692.99,-48508.45,-17430.0,0.144,1.158,False,False,True,False,False,False,False,True
TREND_DOWN,DOWN_JAN,2026-01-28T21:12:00+00:00,TIMEOUT,-0.309,-0.507,-0.81,-0.156,-0.368,-18477.54,-48337.35,-18692.99,0.182,1.158,False,False,True,False,False,False,False,True
TREND_DOWN,DOWN_JAN,2026-01-28T21:13:00+00:00,TIMEOUT,-0.121,-0.415,-0.793,-0.106,-0.304,-17750.75,-48333.02,-18477.54,0.245,1.158,False,False,True,False,False,False,False,True
TREND_DOWN,DOWN_JAN,2026-01-28T21:34:00+00:00,TIMEOUT,0.101,-0.379,-0.721,-0.161,-0.315,-20273.51,-37933.74,-20196.82,0.188,1.004,False,False,True,False,False,False,False,True
TREND_DOWN,DOWN_JAN,2026-01-28T21:35:00+00:00,TIMEOUT,0.171,-0.35,-0.724,-0.277,-0.33,-18617.92,-33125.21,-20273.51,0.173,1.004,False,False,True,False,False,False,False,True
TREND_DOWN,DOWN_JAN,2026-01-28T21:36:00+00:00,TIMEOUT,0.179,-0.249,-0.569,-0.332,-0.251,-15349.52,-29794.81,-18617.92,0.248,1.004,False,False,True,False,False,False,False,True
TREND_DOWN,DOWN_JAN,2026-01-28T22:12:00+00:00,TIMEOUT,-0.204,0.241,-0.227,-0.063,-0.047,243.63,-22639.61,3393.84,0.25,1.004,False,False,True,False,False,True,False,False
TREND_DOWN,DOWN_JAN,2026-01-28T22:13:00+00:00,TIMEOUT,-0.169,0.181,-0.04,-0.029,-0.043,-778.52,-19532.93,243.63,0.254,1.004,False,False,True,False,False,True,False,False
TREND_DOWN,DOWN_JAN,2026-01-28T22:14:00+00:00,TIMEOUT,-0.159,0.077,-0.115,0.011,-0.053,-5671.56,-18834.83,-778.52,0.243,1.004,False,False,True,False,False,True,False,True
TREND_DOWN,DOWN_JAN,2026-01-28T22:15:00+00:00,TIMEOUT,-0.099,0.05,-0.203,-0.144,-0.092,-6815.77,-20812.0,-5671.56,0.204,1.004,False,False,True,False,False,True,False,True
TREND_DOWN,DOWN_JAN,2026-01-28T22:16:00+00:00,TIMEOUT,-0.185,0.041,-0.236,-0.112,-0.106,-6619.57,-19781.83,-6815.77,0.189,1.004,False,False,True,False,False,True,False,True
TREND_DOWN,DOWN_JAN,2026-01-28T22:17:00+00:00,TIMEOUT,-0.237,-0.038,-0.317,-0.236,-0.165,-6192.86,-18976.35,-6619.57,0.129,1.004,False,False,True,False,False,False,False,True
TREND_DOWN,DOWN_JAN,2026-01-28T22:18:00+00:00,TIMEOUT,-0.204,0.046,-0.282,-0.198,-0.13,-3304.39,-16507.58,-6192.86,0.163,1.004,False,False,True,False,False,True,False,True
TREND_DOWN,DOWN_JAN,2026-01-28T22:20:00+00:00,TIMEOUT,-0.297,-0.108,-0.399,-0.426,-0.194,-11282.23,-25960.31,-3947.17,0.097,1.004,False,True,True,False,False,False,True,True
TREND_DOWN,DOWN_JAN,2026-01-28T22:21:00+00:00,TIMEOUT,-0.22,-0.067,-0.286,-0.325,-0.15,-10636.54,-23810.81,-11282.23,0.138,1.004,False,False,True,False,False,False,False,True
TREND_DOWN,DOWN_JAN,2026-01-28T22:22:00+00:00,TIMEOUT,-0.286,-0.13,-0.281,-0.331,-0.199,-10603.09,-22225.01,-10636.54,0.088,1.004,False,True,True,False,False,False,True,True
TREND_DOWN,DOWN_JAN,2026-01-28T22:23:00+00:00,TIMEOUT,-0.318,-0.104,-0.418,-0.387,-0.183,-12581.61,-22759.5,-10603.09,0.104,1.004,False,False,True,False,False,False,False,True
TREND_DOWN,DOWN_JAN,2026-01-28T22:24:00+00:00,TIMEOUT,-0.308,0.009,-0.377,-0.398,-0.155,-11515.58,-21282.15,-12581.61,0.131,1.004,False,False,True,False,False,True,False,True
TREND_DOWN,DOWN_JAN,2026-01-28T22:25:00+00:00,TIMEOUT,-0.265,-0.012,-0.332,-0.338,-0.118,-12077.93,-21209.28,-11515.58,0.166,1.004,False,False,True,False,False,False,False,True
TREND_DOWN,DOWN_JAN,2026-01-28T22:26:00+00:00,TIMEOUT,-0.27,0.012,-0.341,-0.381,-0.117,-11687.05,-20937.78,-12077.93,0.166,1.004,False,False,True,False,False,True,False,True
TREND_DOWN,DOWN_JAN,2026-01-28T23:28:00+00:00,TIMEOUT,-0.124,0.065,-0.441,-0.324,0.017,6949.14,-13276.52,8050.45,0.08,1.004,False,False,True,False,False,True,False,False
TREND_DOWN,DOWN_JAN,2026-01-28T23:31:00+00:00,TIMEOUT,-0.104,0.037,-0.222,-0.103,0.094,5499.25,-22904.08,4823.93,0.108,0.667,False,False,True,False,False,True,False,False
TREND_DOWN,DOWN_JAN,2026-01-28T23:32:00+00:00,TIMEOUT,-0.188,0.003,-0.138,-0.183,0.062,5226.53,-17952.0,5499.25,0.073,0.629,False,False,True,False,False,True,False,False
TREND_DOWN,DOWN_JAN,2026-01-28T23:33:00+00:00,TIMEOUT,-0.176,-0.017,-0.12,-0.255,0.046,5433.47,-19475.3,5226.53,0.053,0.629,False,True,True,False,False,True,False,False
TREND_DOWN,DOWN_JAN,2026-01-28T23:34:00+00:00,TIMEOUT,-0.194,0.016,-0.178,-0.206,0.047,5765.56,-19034.89,5433.47,0.054,0.629,False,False,True,False,False,True,False,False
TREND_DOWN,DOWN_JAN,2026-01-28T23:35:00+00:00,TIMEOUT,-0.159,0.046,-0.136,-0.296,0.047,6370.07,-17296.57,5765.56,0.052,0.629,False,False,True,False,False,True,False,False
TREND_DOWN,DOWN_JAN,2026-01-28T23:37:00+00:00,TIMEOUT,-0.169,0.045,-0.03,-0.316,0.061,5265.86,-16314.59,3653.99,0.062,0.629,False,False,True,False,False,True,False,False
TREND_DOWN,DOWN_JAN,2026-01-28T23:38:00+00:00,TIMEOUT,-0.168,0.06,0.002,-0.319,0.072,5348.53,-15737.75,5265.86,0.072,0.629,False,False,True,False,False,True,False,False
TREND_DOWN,DOWN_JAN,2026-01-28T23:39:00+00:00,TIMEOUT,-0.204,0.001,-0.107,-0.471,0.015,4440.94,-7073.87,5348.53,0.014,0.629,False,False,True,False,False,True,False,False
TREND_DOWN,DOWN_JAN,2026-01-28T23:40:00+00:00,TIMEOUT,-0.165,0.004,-0.066,-0.462,0.034,5792.19,-6790.83,4440.94,0.028,0.629,False,False,True,False,False,True,False,False
TREND_DOWN,DOWN_JAN,2026-01-28T23:41:00+00:00,TIMEOUT,-0.136,0.041,-0.079,-0.416,0.071,7501.67,-5174.34,5792.19,0.065,0.629,False,False,True,False,False,True,False,False
TREND_DOWN,DOWN_JAN,2026-01-29T00:05:00+00:00,TIMEOUT,-0.111,-0.27,0.276,-0.609,-0.124,-354.26,16906.37,36.07,0.004,0.628,False,True,True,False,False,True,False,False
TREND_DOWN,DOWN_JAN,2026-01-29T00:06:00+00:00,TIMEOUT,-0.111,-0.271,0.205,-0.688,-0.149,1109.96,14925.5,-354.26,0.001,0.56,False,True,True,False,False,True,False,False
TREND_DOWN,DOWN_JAN,2026-01-29T00:07:00+00:00,TIMEOUT,-0.147,-0.315,0.137,-0.785,-0.175,1479.44,12521.19,1109.96,0.0,0.53,False,True,True,False,False,True,False,False
TREND_DOWN,DOWN_JAN,2026-01-29T00:08:00+00:00,TIMEOUT,-0.152,-0.32,0.157,-0.598,-0.172,1275.04,10682.85,1479.44,0.006,0.53,False,True,True,False,False,True,False,False
TREND_DOWN,DOWN_JAN,2026-01-29T00:09:00+00:00,TIMEOUT,-0.091,-0.294,0.089,-0.664,-0.172,1564.28,10011.7,1275.04,0.009,0.485,False,True,True,False,False,True,False,False
TREND_DOWN,DOWN_JAN,2026-01-29T00:10:00+00:00,TIMEOUT,-0.09,-0.254,0.119,-0.649,-0.158,2274.36,9533.31,1564.28,0.024,0.485,False,True,True,False,False,True,False,False
TREND_DOWN,DOWN_JAN,2026-01-29T00:11:00+00:00,TIMEOUT,-0.121,-0.257,0.136,-0.665,-0.153,2946.42,11495.58,2274.36,0.029,0.485,False,True,True,False,False,True,False,False
TREND_DOWN,DOWN_JAN,2026-01-29T00:14:00+00:00,TIMEOUT,-0.248,-0.29,-0.131,-0.813,-0.225,1377.74,2347.41,1319.48,0.0,0.456,False,True,True,False,False,True,False,False
TREND_DOWN,DOWN_JAN,2026-01-29T00:15:00+00:00,TIMEOUT,-0.295,-0.359,-0.141,-0.863,-0.248,-565.12,644.81,1377.74,0.0,0.456,False,True,True,False,False,False,False,False
TREND_DOWN,DOWN_JAN,2026-01-29T00:16:00+00:00,TIMEOUT,-0.247,-0.406,-0.102,-0.866,-0.21,155.24,123.91,-565.12,0.034,0.456,False,True,True,False,False,True,False,False
TREND_DOWN,DOWN_JAN,2026-01-29T00:17:00+00:00,TIMEOUT,-0.343,-0.426,-0.167,-0.791,-0.255,1118.97,278.48,155.24,0.0,0.456,False,True,True,False,False,True,False,False
TREND_DOWN,DOWN_JAN,2026-01-29T00:18:00+00:00,TIMEOUT,-0.28,-0.405,-0.101,-0.806,-0.238,1102.39,1187.46,1118.97,0.017,0.456,False,True,True,False,False,True,False,False
TREND_DOWN,DOWN_JAN,2026-01-29T00:29:00+00:00,TIMEOUT,-0.298,-0.29,-0.151,-0.824,-0.272,-4391.35,-7697.67,-2777.46,0.0,0.483,False,True,True,False,False,False,True,True
TREND_DOWN,DOWN_JAN,2026-01-29T00:46:00+00:00,TIMEOUT,-0.184,-0.431,-0.511,-0.684,-0.341,-9160.96,-11506.78,-7318.61,0.0,0.595,False,True,True,False,False,False,True,True
TREND_DOWN,DOWN_JAN,2026-01-29T00:47:00+00:00,TIMEOUT,-0.111,-0.454,-0.477,-0.686,-0.309,-15075.42,-16437.56,-9160.96,0.027,0.595,False,True,True,False,False,False,True,True
TREND_DOWN,DOWN_JAN,2026-01-29T01:17:00+00:00,TIMEOUT,0.069,-0.043,-0.172,-0.488,-0.182,-5634.9,836.44,-5185.3,0.096,0.595,False,True,True,False,False,False,False,True
TREND_DOWN,DOWN_JAN,2026-01-29T01:25:00+00:00,TIMEOUT,-0.282,-0.432,-0.506,-0.836,-0.476,-37933.38,-32681.51,-2062.48,0.0,0.799,False,True,True,False,False,False,True,True
TREND_DOWN,DOWN_JAN,2026-01-29T01:26:00+00:00,TIMEOUT,-0.336,-0.425,-0.502,-0.841,-0.41,-36351.72,-31403.74,-37933.38,0.004,0.799,False,True,True,False,False,False,True,True
TREND_DOWN,DOWN_JAN,2026-01-29T01:27:00+00:00,TIMEOUT,-0.387,-0.426,-0.529,-0.848,-0.415,-48480.92,-43785.72,-36351.72,0.0,0.81,False,True,True,False,False,False,True,True
TREND_DOWN,DOWN_JAN,2026-01-29T01:28:00+00:00,TIMEOUT,-0.395,-0.384,-0.511,-0.919,-0.367,-45742.74,-41571.06,-48480.92,0.018,0.81,False,True,True,False,False,False,True,True
TREND_DOWN,DOWN_JAN,2026-01-29T01:29:00+00:00,TIMEOUT,-0.366,-0.235,-0.515,-0.65,-0.291,-43307.93,-41253.84,-45742.74,0.09,0.81,False,True,True,False,False,False,True,True
TREND_DOWN,DOWN_JAN,2026-01-29T01:30:00+00:00,TIMEOUT,-0.354,-0.347,-0.516,-0.761,-0.306,-47759.1,-43318.3,-43307.93,0.072,0.81,False,True,True,False,False,False,True,True
TREND_DOWN,DOWN_JAN,2026-01-29T01:31:00+00:00,TIMEOUT,-0.373,-0.327,-0.545,-0.627,-0.334,-47586.15,-43517.63,-47759.1,0.039,0.81,False,True,True,False,False,False,True,True
TREND_DOWN,DOWN_JAN,2026-01-29T01:32:00+00:00,TIMEOUT,-0.396,-0.319,-0.532,-0.696,-0.319,-46423.24,-42293.96,-47586.15,0.052,0.81,False,True,True,False,False,False,True,True
TREND_DOWN,DOWN_JAN,2026-01-29T01:33:00+00:00,TIMEOUT,-0.311,-0.305,-0.494,-0.571,-0.279,-45766.98,-41133.16,-46423.24,0.09,0.81,False,True,True,False,False,False,True,True
TREND_DOWN,DOWN_JAN,2026-01-29T01:34:00+00:00,TIMEOUT,-0.393,-0.417,-0.518,-0.664,-0.333,-44273.46,-37670.01,-45766.98,0.034,0.81,False,True,True,False,False,False,True,True
TREND_DOWN,DOWN_JAN,2026-01-29T01:35:00+00:00,TIMEOUT,-0.258,-0.185,-0.375,-0.648,-0.216,-37860.03,-31584.84,-44273.46,0.145,0.81,False,False,True,False,False,False,False,True
TREND_DOWN,DOWN_JAN,2026-01-29T01:36:00+00:00,TIMEOUT,-0.359,-0.285,-0.511,-0.741,-0.32,-36328.11,-30431.09,-37860.03,0.037,0.81,False,True,True,False,False,False,True,True
TREND_DOWN,DOWN_JAN,2026-01-29T01:37:00+00:00,TIMEOUT,-0.398,-0.364,-0.514,-0.632,-0.337,-36910.5,-28901.4,-36328.11,0.017,0.81,False,True,True,False,False,False,True,True
TREND_DOWN,DOWN_JAN,2026-01-29T01:38:00+00:00,TIMEOUT,-0.246,-0.285,-0.425,-0.573,-0.249,-36656.06,-27829.65,-36910.5,0.101,0.81,False,False,True,False,False,False,False,True
TREND_DOWN,DOWN_JAN,2026-01-29T01:39:00+00:00,TIMEOUT,-0.228,-0.315,-0.425,-0.501,-0.246,-36787.68,-27989.04,-36656.06,0.101,0.81,False,False,True,False,False,False,False,True
TREND_DOWN,DOWN_JAN,2026-01-29T01:51:00+00:00,TIMEOUT,-0.47,-0.482,-0.708,-0.871,-0.408,-37027.74,-40548.48,-39556.15,0.013,0.938,False,True,True,False,False,False,True,True
TREND_DOWN,DOWN_JAN,2026-01-29T01:52:00+00:00,TIMEOUT,-0.538,-0.58,-0.811,-1.003,-0.496,-38256.74,-41572.35,-37027.74,0.0,1.021,False,True,True,False,False,False,True,True
TREND_DOWN,DOWN_JAN,2026-01-29T01:53:00+00:00,TIMEOUT,-0.578,-0.534,-0.813,-1.043,-0.489,-37009.99,-40786.48,-38256.74,0.0,1.022,False,True,True,False,False,False,True,True
TREND_DOWN,DOWN_JAN,2026-01-29T01:54:00+00:00,TIMEOUT,-0.49,-0.559,-0.892,-1.117,-0.492,-36113.14,-39316.48,-37009.99,0.0,1.033,False,True,True,False,False,False,True,True
TREND_DOWN,DOWN_JAN,2026-01-29T01:55:00+00:00,TIMEOUT,-0.195,-0.476,-0.899,-1.04,-0.448,-35125.18,-42330.19,-36113.14,0.037,1.033,False,True,True,False,False,False,True,True
TREND_DOWN,DOWN_JAN,2026-01-29T01:56:00+00:00,TIMEOUT,-0.199,-0.534,-0.91,-1.012,-0.438,-36558.02,-41971.58,-35125.18,0.037,1.033,False,True,True,False,False,False,True,True
TREND_DOWN,DOWN_JAN,2026-01-29T01:57:00+00:00,TIMEOUT,-0.172,-0.558,-0.874,-1.044,-0.422,-36057.92,-39686.5,-36558.02,0.049,1.033,False,True,True,False,False,False,True,True
TREND_DOWN,DOWN_JAN,2026-01-29T01:58:00+00:00,TIMEOUT,-0.154,-0.549,-0.851,-1.037,-0.378,-33308.66,-37305.28,-36057.92,0.085,1.033,False,True,True,False,False,False,True,True
TREND_DOWN,DOWN_JAN,2026-01-29T01:59:00+00:00,TIMEOUT,-0.25,-0.615,-0.866,-0.886,-0.398,-36283.82,-37834.89,-33308.66,0.06,1.033,False,True,True,False,False,False,True,True
TREND_DOWN,DOWN_JAN,2026-01-29T02:00:00+00:00,TIMEOUT,-0.286,-0.639,-0.961,-1.016,-0.448,-46020.8,-47866.27,-36283.82,0.007,1.033,False,True,True,False,False,False,True,True
TREND_DOWN,DOWN_JAN,2026-01-29T02:01:00+00:00,TIMEOUT,-0.215,-0.587,-0.899,-1.104,-0.39,-47748.07,-51458.74,-46020.8,0.045,1.033,False,True,True,False,False,False,True,True
TREND_DOWN,DOWN_JAN,2026-01-29T02:02:00+00:00,TIMEOUT,-0.226,-0.621,-0.946,-1.059,-0.358,-44577.68,-47656.9,-47748.07,0.046,1.033,False,True,True,False,False,False,True,True
TREND_DOWN,DOWN_JAN,2026-01-29T02:30:00+00:00,TIMEOUT,-0.029,-0.315,-0.898,-1.237,-0.356,4930.07,-43212.16,5004.19,0.0,0.944,False,True,True,False,False,True,True,False
TREND_DOWN,DOWN_JAN,2026-01-29T02:31:00+00:00,TIMEOUT,-0.386,-0.6,-1.179,-1.398,-0.669,-45461.99,-94478.87,4930.07,0.0,1.267,False,True,True,False,False,False,True,False
TREND_DOWN,DOWN_JAN,2026-01-29T02:32:00+00:00,TIMEOUT,-0.451,-0.676,-1.207,-1.344,-0.625,-35324.77,-82845.26,-45461.99,0.0,1.332,False,True,True,False,False,False,True,True
TREND_DOWN,DOWN_JAN,2026-01-29T02:33:00+00:00,TIMEOUT,-0.37,-0.608,-1.082,-1.201,-0.48,-33447.26,-80013.89,-35324.77,0.107,1.332,False,False,True,False,False,False,False,True
TREND_DOWN,DOWN_JAN,2026-01-29T02:34:00+00:00,TIMEOUT,-0.372,-0.544,-1.075,-1.251,-0.465,-37857.59,-81293.16,-33447.26,0.115,1.332,False,False,True,False,False,False,False,True
TREND_DOWN,DOWN_JAN,2026-01-29T02:35:00+00:00,TIMEOUT,-0.407,-0.703,-1.121,-1.256,-0.508,-56017.96,-93972.87,-37857.59,0.066,1.332,False,True,True,False,False,False,True,True
TREND_DOWN,DOWN_JAN,2026-01-29T02:36:00+00:00,TIMEOUT,-0.511,-0.607,-1.129,-1.24,-0.504,-55218.64,-89303.72,-56017.96,0.055,1.332,False,True,True,False,False,False,True,True
TREND_DOWN,DOWN_JAN,2026-01-29T02:37:00+00:00,TIMEOUT,-0.375,-0.473,-1.029,-1.059,-0.385,-52899.79,-87067.05,-55218.64,0.169,1.332,False,False,True,False,False,False,False,True
TREND_DOWN,DOWN_JAN,2026-01-29T02:38:00+00:00,TIMEOUT,-0.474,-0.653,-1.135,-1.133,-0.477,-56409.81,-89587.99,-52899.79,0.073,1.332,False,True,True,False,False,False,True,True
TREND_DOWN,DOWN_JAN,2026-01-29T02:39:00+00:00,TIMEOUT,-0.456,-0.631,-1.055,-1.161,-0.451,-55470.42,-87900.4,-56409.81,0.095,1.332,False,True,True,False,False,False,True,True
TREND_DOWN,DOWN_JAN,2026-01-29T02:40:00+00:00,TIMEOUT,-0.62,-0.69,-1.17,-1.235,-0.551,-54055.13,-87856.47,-55470.42,0.0,1.339,False,True,True,False,False,False,True,True
TREND_DOWN,DOWN_JAN,2026-01-29T02:41:00+00:00,TIMEOUT,-0.599,-0.709,-1.207,-1.285,-0.543,-54608.01,-89565.99,-54055.13,0.0,1.339,False,True,True,False,False,False,True,True
TREND_DOWN,DOWN_JAN,2026-01-29T02:42:00+00:00,TIMEOUT,-0.586,-0.709,-1.199,-1.276,-0.515,-51249.28,-85907.96,-54608.01,0.021,1.339,False,True,True,False,False,False,True,True
TREND_DOWN,DOWN_JAN,2026-01-29T02:43:00+00:00,TIMEOUT,-0.516,-0.768,-1.24,-1.206,-0.564,-51685.33,-87467.22,-51249.28,0.0,1.373,False,True,True,False,False,False,True,True
TREND_DOWN,DOWN_JAN,2026-01-29T02:44:00+00:00,TIMEOUT,-0.609,-0.778,-1.305,-1.22,-0.571,-47937.79,-85094.37,-51685.33,0.0,1.384,False,True,True,False,False,False,True,True
TREND_DOWN,DOWN_JAN,2026-01-29T02:45:00+00:00,TIMEOUT,-0.632,-0.823,-1.372,-1.263,-0.604,-53146.0,-89938.17,-47937.79,0.0,1.428,False,True,True,False,False,False,True,True
TREND_DOWN,DOWN_JAN,2026-01-29T02:46:00+00:00,TIMEOUT,-0.872,-1.11,-1.591,-1.452,-0.831,-68587.98,-104589.38,-53146.0,0.0,1.668,False,True,True,False,False,False,True,True
TREND_DOWN,DOWN_JAN,2026-01-29T02:47:00+00:00,TIMEOUT,-0.778,-0.973,-1.647,-1.398,-0.799,-69850.04,-108270.38,-68587.98,0.0,1.674,False,True,True,False,False,False,True,True
TREND_DOWN,DOWN_JAN,2026-01-29T02:48:00+00:00,TIMEOUT,-0.862,-0.871,-1.598,-1.38,-0.778,-54812.02,-93970.37,-69850.04,0.003,1.64,False,True,True,False,False,False,True,True
TREND_DOWN,DOWN_JAN,2026-01-29T02:49:00+00:00,TIMEOUT,-0.96,-0.897,-1.654,-1.345,-0.82,-64039.66,-107183.42,-54812.02,0.0,1.703,False,True,True,False,False,False,True,True
TREND_DOWN,DOWN_JAN,2026-01-29T02:50:00+00:00,TIMEOUT,-0.937,-0.895,-1.628,-1.317,-0.794,-78865.67,-128203.28,-64039.66,0.0,1.703,False,True,True,False,False,False,True,True
TREND_DOWN,DOWN_JAN,2026-01-29T02:51:00+00:00,TIMEOUT,-0.989,-1.015,-1.728,-1.431,-0.866,-83032.82,-130178.48,-78865.67,0.0,1.813,False,True,True,False,False,False,True,True
TREND_DOWN,DOWN_JAN,2026-01-29T02:52:00+00:00,TIMEOUT,-0.967,-0.855,-1.665,-1.419,-0.785,-80740.92,-128830.99,-83032.82,0.066,1.813,False,True,True,False,False,False,True,True
TREND_DOWN,DOWN_JAN,2026-01-29T02:53:00+00:00,TIMEOUT,-1.004,-0.852,-1.632,-1.449,-0.773,-81152.02,-128108.88,-80740.92,0.068,1.813,False,True,True,False,False,False,True,True
TREND_DOWN,DOWN_JAN,2026-01-29T02:54:00+00:00,TIMEOUT,-1.022,-0.861,-1.657,-1.528,-0.786,-80853.3,-125803.02,-81152.02,0.048,1.813,False,True,True,False,False,False,True,True
TREND_DOWN,DOWN_JAN,2026-01-29T02:55:00+00:00,TIMEOUT,-1.041,-0.897,-1.684,-1.507,-0.779,-86224.05,-131388.26,-80853.3,0.05,1.813,False,True,True,False,False,False,True,True
TREND_DOWN,DOWN_JAN,2026-01-29T02:56:00+00:00,TIMEOUT,-0.977,-0.83,-1.644,-1.482,-0.698,-71463.03,-114881.38,-86224.05,0.117,1.813,False,False,True,False,False,False,False,True
TREND_DOWN,DOWN_JAN,2026-01-29T02:57:00+00:00,TIMEOUT,-0.926,-0.797,-1.595,-1.547,-0.637,-66616.17,-109254.21,-71463.03,0.162,1.813,False,False,True,False,False,False,False,True
TREND_DOWN,DOWN_JAN,2026-01-29T02:58:00+00:00,TIMEOUT,-0.831,-0.846,-1.537,-1.506,-0.645,-65725.36,-108068.48,-66616.17,0.148,1.813,False,False,True,False,False,False,False,True
TREND_DOWN,DOWN_JAN,2026-01-29T02:59:00+00:00,TIMEOUT,-0.804,-0.796,-1.57,-1.387,-0.611,-64508.3,-108270.05,-65725.36,0.174,1.813,False,False,True,False,False,False,False,True
TREND_DOWN,DOWN_JAN,2026-01-29T03:00:00+00:00,TIMEOUT,-0.785,-0.814,-1.659,-1.356,-0.678,-69450.82,-125242.9,-64508.3,0.103,1.813,False,False,True,False,False,False,False,True
TREND_DOWN,DOWN_JAN,2026-01-29T03:01:00+00:00,TIMEOUT,-0.552,-0.936,-1.764,-1.413,-0.745,-67691.83,-126106.94,-69450.82,0.017,1.813,False,True,True,False,False,False,True,True
TREND_DOWN,DOWN_JAN,2026-01-29T03:28:00+00:00,TIMEOUT,0.212,-0.621,-1.169,-1.21,-0.285,-51183.34,-89907.24,-54174.45,0.361,1.603,False,False,True,False,False,False,False,True
TREND_DOWN,DOWN_JAN,2026-01-29T03:30:00+00:00,TIMEOUT,0.206,-0.58,-1.238,-1.307,-0.331,-49332.22,-92161.25,-47903.04,0.309,1.603,False,False,True,False,False,False,False,True
TREND_DOWN,DOWN_JAN,2026-01-29T03:31:00+00:00,TIMEOUT,0.234,-0.319,-1.242,-1.284,-0.384,753.1,-92295.04,-49332.22,0.251,1.603,False,False,True,False,False,True,False,False
TREND_DOWN,DOWN_JAN,2026-01-29T03:32:00+00:00,TIMEOUT,0.003,-0.266,-1.257,-1.273,-0.391,-10565.45,-92313.46,753.1,0.241,1.603,False,False,True,False,False,False,False,False
TREND_DOWN,DOWN_JAN,2026-01-29T03:33:00+00:00,TIMEOUT,-0.014,-0.381,-1.288,-1.297,-0.397,-14929.28,-94143.52,-10565.45,0.233,1.603,False,False,True,False,False,False,False,True
TREND_DOWN,DOWN_JAN,2026-01-29T03:53:00+00:00,TIMEOUT,-0.171,0.191,-1.193,-1.635,-0.323,26681.83,-91480.18,29523.96,0.243,1.603,False,False,True,False,False,True,False,False
TREND_DOWN,DOWN_JAN,2026-01-29T03:55:00+00:00,TIMEOUT,-0.016,0.245,-1.127,-1.609,-0.286,30033.62,-91315.61,25095.61,0.278,1.603,False,False,True,False,False,True,False,False
TREND_DOWN,DOWN_JAN,2026-01-29T04:12:00+00:00,TIMEOUT,-0.174,-0.182,-1.268,-1.483,-0.311,-13396.83,-92322.6,-2374.02,0.01,1.57,False,True,True,False,False,False,True,True
TREND_DOWN,DOWN_JAN,2026-01-29T04:14:00+00:00,TIMEOUT,-0.16,-0.107,-1.271,-1.455,-0.286,-15137.0,-98256.91,-17278.21,0.031,1.554,False,True,True,False,False,False,True,True
TREND_DOWN,DOWN_JAN,2026-01-29T04:22:00+00:00,TIMEOUT,-0.123,-0.297,-1.264,-1.373,-0.346,-21543.03,-105501.51,-11964.27,0.0,1.515,False,True,True,False,False,False,True,True
TREND_DOWN,DOWN_JAN,2026-01-29T04:23:00+00:00,TIMEOUT,-0.055,-0.225,-1.29,-1.375,-0.33,-22867.53,-107498.03,-21543.03,0.013,1.515,False,True,True,False,False,False,True,True
TREND_DOWN,DOWN_JAN,2026-01-29T05:19:00+00:00,TIMEOUT,0.054,0.328,-0.476,-1.307,0.218,7675.7,-59722.08,8130.7,0.405,1.105,False,False,True,False,False,True,False,False
TREND_DOWN,DOWN_JAN,2026-01-29T05:29:00+00:00,TIMEOUT,-0.112,0.161,-0.463,-1.224,0.152,7970.04,-56704.21,9170.54,0.161,0.986,False,False,True,False,False,True,False,False
TREND_DOWN,DOWN_JAN,2026-01-29T05:30:00+00:00,TIMEOUT,-0.106,0.093,-0.365,-1.261,0.16,7232.33,-55661.98,7970.04,0.093,0.894,False,False,True,False,False,True,False,False
TREND_DOWN,DOWN_JAN,2026-01-29T05:57:00+00:00,TIMEOUT,-0.066,-0.187,0.288,-1.311,0.055,-7106.59,13836.27,-1148.24,0.0,0.712,False,True,True,False,False,True,False,True
TREND_DOWN,DOWN_JAN,2026-01-29T05:58:00+00:00,TIMEOUT,-0.039,-0.2,0.307,-1.235,0.057,-7638.72,10064.22,-7106.59,0.005,0.712,False,True,True,False,False,True,False,True
TREND_DOWN,DOWN_JAN,2026-01-29T05:59:00+00:00,TIMEOUT,-0.026,-0.138,0.318,-1.257,0.092,-6041.48,11150.04,-7638.72,0.043,0.712,False,True,True,False,False,True,False,True
TREND_DOWN,DOWN_JAN,2026-01-29T06:00:00+00:00,TIMEOUT,-0.015,-0.121,0.407,-1.258,0.107,-7389.65,24975.92,-6041.48,0.06,0.712,False,True,True,False,False,True,False,True
TREND_DOWN,DOWN_JAN,2026-01-29T06:21:00+00:00,TIMEOUT,-0.018,-0.036,0.095,-1.038,0.046,4774.36,266.74,4258.82,0.063,0.537,False,True,True,False,False,True,False,False
TREND_DOWN,DOWN_JAN,2026-01-29T07:11:00+00:00,WIN,0.012,0.094,0.361,-0.861,0.107,-3385.53,-1960.35,-1805.53,0.154,0.537,False,False,True,False,False,True,False,False
TREND_DOWN,DOWN_JAN,2026-01-29T07:17:00+00:00,WIN,0.028,-0.002,0.246,-0.844,0.035,-8983.5,5584.44,-4260.58,0.098,0.537,False,True,True,False,False,True,False,True
TREND_DOWN,DOWN_JAN,2026-01-29T07:18:00+00:00,WIN,-0.003,0.026,0.311,-0.864,0.029,-8602.78,5113.07,-8983.5,0.093,0.537,False,False,True,False,False,True,False,True
TREND_DOWN,DOWN_JAN,2026-01-29T07:28:00+00:00,WIN,-0.036,0.073,0.306,-0.543,0.017,-9225.51,10506.6,-7779.34,0.073,0.426,False,False,True,False,False,True,False,True
TREND_DOWN,DOWN_JAN,2026-01-29T07:29:00+00:00,WIN,-0.052,-0.021,0.223,-0.642,-0.011,-11656.99,9119.91,-9225.51,0.011,0.371,False,True,True,False,False,True,False,True
TREND_DOWN,DOWN_JAN,2026-01-29T07:31:00+00:00,WIN,-0.047,-0.055,0.108,-0.576,0.002,-15534.14,5850.35,-13626.4,0.027,0.278,False,True,True,False,False,True,False,True
TREND_DOWN,DOWN_JAN,2026-01-29T07:32:00+00:00,WIN,-0.078,-0.055,0.101,-0.6,-0.011,-16177.18,5057.33,-15534.14,0.016,0.278,False,True,True,False,False,True,False,True
TREND_DOWN,DOWN_JAN,2026-01-29T07:33:00+00:00,WIN,-0.133,-0.075,0.067,-0.652,-0.028,-16987.19,3709.49,-16177.18,0.001,0.278,False,True,True,False,False,True,False,True
TREND_DOWN,DOWN_JAN,2026-01-29T07:39:00+00:00,WIN,-0.076,-0.049,0.098,-0.633,-0.002,-16098.93,-5245.97,-14535.88,0.032,0.278,False,True,True,False,False,True,False,True
TREND_DOWN,DOWN_JAN,2026-01-29T07:41:00+00:00,WIN,-0.079,-0.067,0.113,-0.638,-0.031,-21653.16,-9453.58,-17051.22,0.004,0.278,False,True,True,False,False,True,False,True
TREND_DOWN,DOWN_JAN,2026-01-29T08:00:00+00:00,WIN,-0.011,-0.063,-0.043,-0.333,-0.036,-13613.01,-21337.67,-10602.47,0.017,0.309,False,True,True,False,False,False,True,True
TREND_DOWN,DOWN_JAN,2026-01-29T08:04:00+00:00,WIN,-0.056,-0.125,-0.152,-0.419,-0.045,-10211.43,-20718.13,-8664.85,0.005,0.309,False,True,True,False,False,False,True,True
TREND_DOWN,DOWN_JAN,2026-01-29T08:05:00+00:00,WIN,-0.132,-0.182,-0.182,-0.483,-0.12,-12239.29,-21765.98,-10211.43,0.0,0.309,False,True,True,False,False,False,True,True
TREND_DOWN,DOWN_JAN,2026-01-29T08:06:00+00:00,WIN,-0.185,-0.256,-0.174,-0.617,-0.158,-19337.8,-26091.27,-12239.29,0.0,0.309,False,True,True,False,False,False,True,True
TREND_DOWN,DOWN_JAN,2026-01-29T08:07:00+00:00,WIN,-0.207,-0.272,-0.212,-0.638,-0.199,-21207.14,-26622.13,-19337.8,0.0,0.346,False,True,True,False,False,False,True,True
TREND_DOWN,DOWN_JAN,2026-01-29T08:08:00+00:00,WIN,-0.219,-0.326,-0.198,-0.667,-0.217,-20823.18,-25295.75,-21207.14,0.0,0.373,False,True,True,False,False,False,True,True
TREND_DOWN,DOWN_JAN,2026-01-29T08:09:00+00:00,WIN,-0.313,-0.388,-0.317,-0.769,-0.312,-32875.85,-34982.95,-20823.18,0.0,0.471,False,True,True,False,False,False,True,True
TREND_DOWN,DOWN_JAN,2026-01-29T08:10:00+00:00,WIN,-0.345,-0.4,-0.369,-0.849,-0.315,-31421.05,-34712.74,-32875.85,0.0,0.489,False,True,True,False,False,False,True,True
TREND_DOWN,DOWN_JAN,2026-01-29T08:11:00+00:00,WIN,-0.296,-0.375,-0.31,-0.822,-0.305,-29556.22,-32810.94,-31421.05,0.006,0.489,False,True,True,False,False,False,True,True
TREND_DOWN,DOWN_JAN,2026-01-29T08:12:00+00:00,WIN,-0.26,-0.35,-0.261,-0.784,-0.255,-32516.64,-30919.79,-29556.22,0.052,0.489,False,True,True,False,False,False,True,True
TREND_DOWN,DOWN_JAN,2026-01-29T08:13:00+00:00,WIN,-0.329,-0.373,-0.303,-0.704,-0.297,-31427.66,-30662.17,-32516.64,0.007,0.489,False,True,True,False,False,False,True,True
TREND_DOWN,DOWN_JAN,2026-01-29T08:14:00+00:00,WIN,-0.433,-0.417,-0.399,-0.832,-0.342,-31905.55,-31238.37,-31427.66,0.0,0.529,False,True,True,False,False,False,True,True
TREND_DOWN,DOWN_JAN,2026-01-29T08:15:00+00:00,WIN,-0.375,-0.383,-0.43,-0.804,-0.328,-31223.53,-31252.77,-31905.55,0.009,0.529,False,True,True,False,False,False,True,True
TREND_DOWN,DOWN_JAN,2026-01-29T08:16:00+00:00,WIN,-0.484,-0.443,-0.447,-0.87,-0.387,-35640.57,-33315.18,-31223.53,0.0,0.582,False,True,True,False,False,False,True,True
TREND_DOWN,DOWN_JAN,2026-01-29T08:17:00+00:00,WIN,-0.454,-0.397,-0.437,-0.75,-0.362,-30274.74,-33444.37,-35640.57,0.021,0.582,False,True,True,False,False,False,True,True
TREND_DOWN,DOWN_JAN,2026-01-29T08:18:00+00:00,WIN,-0.415,-0.316,-0.353,-0.76,-0.283,-27096.84,-30114.47,-30274.74,0.097,0.582,False,True,True,False,False,False,True,True
TREND_DOWN,DOWN_JAN,2026-01-29T08:19:00+00:00,WIN,-0.453,-0.339,-0.321,-0.795,-0.279,-26243.49,-28666.14,-27096.84,0.097,0.582,False,True,True,False,False,False,True,True
TREND_DOWN,DOWN_JAN,2026-01-29T08:20:00+00:00,WIN,-0.393,-0.376,-0.308,-0.772,-0.276,-27230.56,-28517.05,-26243.49,0.097,0.582,False,True,True,False,False,False,True,True
TREND_DOWN,DOWN_JAN,2026-01-29T08:21:00+00:00,WIN,-0.343,-0.359,-0.266,-0.709,-0.267,-25881.61,-27128.64,-27230.56,0.104,0.582,False,False,True,False,False,False,False,True
TREND_DOWN,DOWN_JAN,2026-01-29T08:44:00+00:00,WIN,0.196,-0.238,-0.204,-0.029,-0.144,-3247.34,-16558.13,-3388.79,0.248,0.617,False,False,True,False,False,False,False,True
TREND_DOWN,DOWN_JAN,2026-01-29T08:45:00+00:00,WIN,0.256,-0.12,-0.133,0.083,-0.073,2868.13,-12827.32,-3247.34,0.318,0.617,False,False,True,False,False,True,False,False
TREND_DOWN,DOWN_JAN,2026-01-29T08:46:00+00:00,WIN,0.306,-0.179,-0.081,0.309,-0.083,2140.29,-12627.52,2868.13,0.306,0.617,False,False,True,False,False,True,False,False
TREND_DOWN,DOWN_JAN,2026-01-29T08:47:00+00:00,WIN,0.21,-0.245,-0.17,0.239,-0.158,-36.82,-14514.49,2140.29,0.23,0.617,False,False,True,False,False,True,False,False
TREND_DOWN,DOWN_JAN,2026-01-29T08:48:00+00:00,WIN,0.132,-0.284,-0.139,0.234,-0.157,-2605.1,-12998.95,-36.82,0.229,0.617,False,False,True,False,False,True,False,True
TREND_DOWN,DOWN_JAN,2026-01-29T08:49:00+00:00,WIN,0.038,-0.414,-0.228,0.205,-0.249,-5572.13,-15797.08,-2605.1,0.135,0.617,False,False,True,False,False,True,False,True
TREND_DOWN,DOWN_JAN,2026-01-29T08:50:00+00:00,WIN,-0.008,-0.401,-0.286,0.159,-0.292,-4099.22,-18501.01,-5572.13,0.089,0.617,False,True,True,False,False,True,True,True
TREND_DOWN,DOWN_JAN,2026-01-29T08:51:00+00:00,WIN,-0.015,-0.358,-0.262,0.267,-0.286,-3211.55,-16882.58,-4099.22,0.089,0.617,False,True,True,False,False,True,True,True
TREND_DOWN,DOWN_JAN,2026-01-29T08:52:00+00:00,WIN,-0.051,-0.432,-0.264,0.206,-0.28,-4087.25,-16169.87,-3211.55,0.094,0.617,False,True,True,False,False,True,True,True
TREND_DOWN,DOWN_JAN,2026-01-29T08:53:00+00:00,WIN,-0.062,-0.436,-0.233,0.211,-0.273,-4238.21,-16489.37,-4087.25,0.101,0.617,False,False,True,False,False,True,False,True
TREND_DOWN,DOWN_JAN,2026-01-29T08:54:00+00:00,WIN,-0.083,-0.45,-0.201,0.234,-0.269,-3737.85,-17852.18,-4238.21,0.104,0.617,False,False,True,False,False,True,False,True
TREND_DOWN,DOWN_JAN,2026-01-29T08:55:00+00:00,WIN,-0.093,-0.46,-0.178,0.248,-0.254,-6858.64,-18043.19,-3737.85,0.119,0.617,False,False,True,False,False,True,False,True
TREND_DOWN,DOWN_JAN,2026-01-29T08:56:00+00:00,WIN,-0.092,-0.441,-0.144,0.194,-0.239,-7354.71,-15539.56,-6858.64,0.133,0.617,False,False,True,False,False,True,False,True
TREND_DOWN,DOWN_JAN,2026-01-29T08:57:00+00:00,WIN,-0.174,-0.388,-0.098,0.19,-0.199,-5390.21,-12832.18,-7354.71,0.173,0.617,False,False,True,False,False,True,False,True
TREND_DOWN,DOWN_JAN,2026-01-29T09:13:00+00:00,WIN,-0.123,-0.01,-0.245,-0.195,-0.271,5926.28,-25311.1,6223.14,0.089,0.617,False,True,True,False,False,True,True,False
TREND_DOWN,DOWN_JAN,2026-01-29T09:16:00+00:00,WIN,-0.198,0.108,-0.344,-0.187,-0.25,10094.06,-29807.09,7135.82,0.108,0.617,False,False,True,False,False,True,False,False
TREND_DOWN,DOWN_JAN,2026-01-29T09:18:00+00:00,WIN,-0.092,0.039,-0.251,-0.13,-0.219,7651.99,-28047.63,11503.43,0.048,0.617,False,False,True,False,False,True,False,False
TREND_DOWN,DOWN_JAN,2026-01-29T09:19:00+00:00,WIN,0.017,0.056,-0.227,-0.002,-0.203,6275.69,-28274.86,7651.99,0.064,0.617,False,False,True,False,False,True,False,False
TREND_DOWN,DOWN_JAN,2026-01-29T09:28:00+00:00,WIN,-0.058,-0.336,-0.211,-0.037,-0.207,-20630.92,-29576.86,-9909.27,0.057,0.617,False,True,True,False,False,False,True,False
TREND_DOWN,DOWN_JAN,2026-01-29T09:29:00+00:00,WIN,-0.042,-0.485,-0.293,-0.024,-0.222,-54147.18,-32707.4,-20630.92,0.041,0.617,False,True,True,False,False,False,True,False
TREND_DOWN,DOWN_JAN,2026-01-29T09:30:00+00:00,WIN,-0.014,-0.491,-0.314,-0.008,-0.228,-57009.99,-34548.75,-54147.18,0.034,0.617,False,True,True,False,False,False,True,True
TREND_DOWN,DOWN_JAN,2026-01-29T09:31:00+00:00,WIN,-0.155,-0.424,-0.389,0.01,-0.266,-46134.08,-38553.12,-57009.99,0.0,0.617,False,True,True,False,False,True,True,True
TREND_DOWN,DOWN_JAN,2026-01-29T09:32:00+00:00,WIN,-0.176,-0.455,-0.394,0.004,-0.281,-38903.29,-39070.73,-46134.08,0.0,0.617,False,True,True,False,False,True,True,True
TREND_DOWN,DOWN_JAN,2026-01-29T09:41:00+00:00,WIN,-0.012,-0.246,-0.356,-0.123,-0.235,-20803.94,-39813.77,-12437.08,0.038,0.617,False,True,True,False,False,False,True,True
TREND_DOWN,DOWN_JAN,2026-01-29T09:50:00+00:00,WIN,-0.082,-0.041,-0.386,-0.048,-0.282,-18389.21,-42050.1,-17132.12,0.0,0.617,False,True,True,False,False,False,True,True
TREND_DOWN,DOWN_JAN,2026-01-29T09:53:00+00:00,WIN,-0.178,-0.12,-0.435,-0.1,-0.344,-23120.88,-39734.02,-19475.78,0.0,0.636,False,True,True,False,False,False,True,True
TREND_DOWN,DOWN_JAN,2026-01-29T09:54:00+00:00,WIN,-0.165,-0.099,-0.437,-0.129,-0.317,-22763.72,-38620.87,-23120.88,0.023,0.636,False,True,True,False,False,False,True,True
TREND_DOWN,DOWN_JAN,2026-01-29T09:55:00+00:00,WIN,-0.161,-0.11,-0.428,-0.108,-0.311,-21377.37,-36511.47,-22763.72,0.027,0.636,False,True,True,False,False,False,True,True
TREND_DOWN,DOWN_JAN,2026-01-29T09:57:00+00:00,WIN,-0.177,-0.186,-0.473,-0.167,-0.33,-24971.45,-36874.07,-22634.1,0.006,0.636,False,True,True,False,False,False,True,True
TREND_DOWN,DOWN_JAN,2026-01-29T09:58:00+00:00,WIN,-0.149,-0.207,-0.468,-0.184,-0.32,-27378.49,-36358.53,-24971.45,0.015,0.636,False,True,True,False,False,False,True,True
TREND_DOWN,DOWN_JAN,2026-01-29T09:59:00+00:00,WIN,-0.155,-0.197,-0.478,-0.189,-0.34,-28725.22,-36414.64,-27378.49,0.0,0.643,False,True,True,False,False,False,True,True
TREND_DOWN,DOWN_JAN,2026-01-29T10:00:00+00:00,WIN,-0.154,-0.168,-0.503,-0.234,-0.346,-26628.44,-36927.5,-28725.22,0.0,0.649,False,True,True,False,False,False,True,True
TREND_DOWN,DOWN_JAN,2026-01-29T10:01:00+00:00,WIN,-0.13,-0.285,-0.511,-0.21,-0.359,-30892.33,-38625.57,-26628.44,0.0,0.664,False,True,True,False,False,False,True,True
TREND_DOWN,DOWN_JAN,2026-01-29T10:02:00+00:00,WIN,-0.119,-0.295,-0.536,-0.171,-0.362,-31533.8,-39128.43,-30892.33,0.0,0.67,False,True,True,False,False,False,True,True
TREND_DOWN,DOWN_JAN,2026-01-29T10:03:00+00:00,WIN,-0.127,-0.33,-0.578,-0.183,-0.363,-31262.85,-38797.45,-31533.8,0.0,0.672,False,True,True,False,False,False,True,True
TREND_DOWN,DOWN_JAN,2026-01-29T10:04:00+00:00,WIN,-0.181,-0.341,-0.606,-0.239,-0.392,-33060.81,-41851.66,-31262.85,0.0,0.703,False,True,True,False,False,False,True,True
TREND_DOWN,DOWN_JAN,2026-01-29T11:23:00+00:00,WIN,-0.048,-0.07,-0.179,-0.331,-0.23,8057.98,4835.3,10596.63,0.053,0.703,False,True,True,False,False,True,False,False
TREND_DOWN,DOWN_JAN,2026-01-29T11:24:00+00:00,WIN,-0.16,-0.122,-0.264,-0.426,-0.292,4768.68,-15.11,8057.98,0.0,0.703,False,True,True,False,False,True,True,False
TREND_DOWN,DOWN_JAN,2026-01-29T11:25:00+00:00,WIN,-0.156,-0.07,-0.287,-0.445,-0.286,6128.7,-3274.98,4768.68,0.003,0.703,False,True,True,False,False,True,True,False
TREND_DOWN,DOWN_JAN,2026-01-29T11:26:00+00:00,WIN,-0.146,-0.096,-0.323,-0.501,-0.304,4708.41,-5409.15,6128.7,0.0,0.716,False,True,True,False,False,True,True,False
TREND_DOWN,DOWN_JAN,2026-01-29T11:27:00+00:00,WIN,-0.171,-0.124,-0.481,-0.471,-0.338,-283.47,-14043.98,4708.41,0.0,0.753,False,True,True,False,False,False,True,False
TREND_DOWN,DOWN_JAN,2026-01-29T11:28:00+00:00,WIN,-0.157,-0.163,-0.601,-0.436,-0.316,171.8,-23599.28,-283.47,0.014,0.753,False,True,True,False,False,True,True,False
TREND_DOWN,DOWN_JAN,2026-01-29T11:29:00+00:00,WIN,-0.181,-0.181,-0.743,-0.469,-0.316,-1277.21,-57541.82,171.8,0.004,0.753,False,True,True,False,False,False,True,False
TREND_DOWN,DOWN_JAN,2026-01-29T11:30:00+00:00,WIN,-0.155,-0.142,-0.728,-0.462,-0.265,-17500.87,-75322.89,-1277.21,0.019,0.752,False,True,True,False,False,False,True,True
TREND_DOWN,DOWN_JAN,2026-01-29T11:31:00+00:00,WIN,-0.111,-0.079,-0.58,-0.441,-0.198,-16601.67,-60892.65,-17500.87,0.061,0.691,False,True,True,False,False,False,True,True
TREND_DOWN,DOWN_JAN,2026-01-29T11:32:00+00:00,WIN,-0.07,-0.065,-0.582,-0.43,-0.171,-15735.33,-52296.69,-16601.67,0.074,0.691,False,True,True,False,False,False,True,True
TREND_DOWN,DOWN_JAN,2026-01-29T11:34:00+00:00,WIN,-0.161,-0.093,-0.515,-0.537,-0.173,-16828.52,-48252.26,-16293.17,0.055,0.573,False,True,True,False,False,False,True,True
TREND_DOWN,DOWN_JAN,2026-01-29T11:36:00+00:00,WIN,-0.183,-0.167,-0.488,-0.614,-0.199,-14094.49,-31739.58,-15706.93,0.013,0.528,False,True,True,False,False,False,True,True
TREND_DOWN,DOWN_JAN,2026-01-29T11:37:00+00:00,WIN,-0.225,-0.154,-0.514,-0.614,-0.196,-13803.88,-31946.43,-14094.49,0.011,0.528,False,True,True,False,False,False,True,True
TREND_DOWN,DOWN_JAN,2026-01-29T11:38:00+00:00,WIN,-0.24,-0.155,-0.498,-0.605,-0.188,-14082.24,-31554.35,-13803.88,0.018,0.518,False,True,True,False,False,False,True,True
TREND_DOWN,DOWN_JAN,2026-01-29T11:53:00+00:00,WIN,-0.148,-0.195,-0.264,-0.496,-0.191,-25807.7,-31808.21,-19886.44,0.014,0.454,False,True,True,False,False,False,True,True
TREND_DOWN,DOWN_JAN,2026-01-29T12:30:00+00:00,WIN,0.07,0.143,-0.096,-0.41,0.014,14110.74,-4202.16,-1339.07,0.204,0.405,False,False,True,False,False,True,False,False
TREND_DOWN,DOWN_JAN,2026-01-29T12:39:00+00:00,WIN,-0.195,0.029,-0.27,-0.514,-0.057,10447.33,-5364.21,12882.94,0.134,0.405,False,False,True,False,False,True,False,False
TREND_DOWN,DOWN_JAN,2026-01-29T12:40:00+00:00,WIN,-0.152,0.058,-0.214,-0.502,-0.028,8514.47,-6862.04,10447.33,0.157,0.372,False,False,True,False,False,True,False,False
TREND_DOWN,DOWN_JAN,2026-01-29T13:50:00+00:00,WIN,-0.041,0.061,0.2,-0.322,0.113,-1733.95,1018.62,1107.66,0.061,0.47,False,False,True,False,False,True,False,False
TREND_DOWN,DOWN_JAN,2026-01-29T13:51:00+00:00,WIN,-0.047,0.044,0.114,-0.285,0.107,-2800.44,-406.11,-1733.95,0.055,0.47,False,False,True,False,False,True,False,True
TREND_DOWN,DOWN_JAN,2026-01-29T13:53:00+00:00,WIN,-0.178,-0.075,0.008,-0.496,-0.016,-12147.79,-13848.83,-2697.45,0.0,0.47,False,True,True,False,False,True,False,True
TREND_DOWN,DOWN_JAN,2026-01-29T13:55:00+00:00,WIN,-0.158,-0.048,-0.011,-0.508,0.016,-14235.06,-20758.29,-14076.58,0.03,0.47,False,True,True,False,False,True,False,True
TREND_DOWN,DOWN_JAN,2026-01-29T13:56:00+00:00,WIN,-0.137,-0.099,0.032,-0.493,0.025,-16776.42,-20988.9,-14235.06,0.04,0.47,False,True,True,False,False,True,False,True
TREND_DOWN,DOWN_JAN,2026-01-29T13:58:00+00:00,WIN,-0.117,-0.134,0.067,-0.418,0.048,-19514.03,-22471.7,-17508.29,0.063,0.47,False,True,True,False,False,True,False,True
TREND_DOWN,DOWN_JAN,2026-01-29T14:03:00+00:00,WIN,-0.169,-0.179,0.05,-0.372,0.001,-28646.81,-21338.33,-25586.76,0.018,0.47,False,True,True,False,False,True,False,True
TREND_DOWN,DOWN_JAN,2026-01-29T14:04:00+00:00,WIN,-0.161,-0.186,-0.015,-0.33,0.009,-27797.41,-24873.56,-28646.81,0.027,0.47,False,True,True,False,False,True,False,True
TREND_DOWN,DOWN_JAN,2026-01-29T14:05:00+00:00,WIN,-0.169,-0.186,0.01,-0.258,0.004,-28083.9,-24498.67,-27797.41,0.021,0.47,False,True,True,False,False,True,False,True
TREND_DOWN,DOWN_JAN,2026-01-29T14:31:00+00:00,WIN,-0.247,-0.336,-0.019,-0.6,-0.172,-15900.83,11752.86,-16938.95,0.007,0.47,False,True,True,False,False,False,False,True
TREND_DOWN,DOWN_JAN,2026-01-29T14:32:00+00:00,WIN,-0.208,-0.343,-0.044,-0.626,-0.181,-11758.42,14053.57,-15900.83,0.0,0.47,False,True,True,False,False,False,False,True
TREND_DOWN,DOWN_JAN,2026-01-29T14:33:00+00:00,WIN,-0.26,-0.429,-0.159,-0.753,-0.276,-29265.12,-3652.94,-11758.42,0.0,0.495,False,True,True,False,False,False,True,True
TREND_DOWN,DOWN_JAN,2026-01-29T14:34:00+00:00,WIN,-0.283,-0.443,-0.137,-0.651,-0.261,-28688.39,-3334.89,-29265.12,0.0,0.51,False,True,True,False,False,False,True,True
TREND_DOWN,DOWN_JAN,2026-01-29T14:35:00+00:00,WIN,-0.302,-0.471,-0.196,-0.568,-0.28,-25273.06,-1416.29,-28688.39,0.0,0.535,False,True,True,False,False,False,True,True
TREND_DOWN,DOWN_JAN,2026-01-29T14:36:00+00:00,WIN,-0.399,-0.516,-0.181,-0.668,-0.337,-26524.25,-6480.39,-25273.06,0.0,0.597,False,True,True,False,False,False,True,True
TREND_DOWN,DOWN_JAN,2026-01-29T14:37:00+00:00,WIN,-0.264,-0.332,-0.026,-0.54,-0.179,-34231.01,-15074.01,-26524.25,0.154,0.597,False,False,True,False,False,False,False,True
TREND_DOWN,DOWN_JAN,2026-01-29T14:38:00+00:00,WIN,-0.125,-0.167,0.14,-0.358,0.006,-25063.07,-6384.62,-34231.01,0.326,0.597,False,False,True,False,False,True,False,True
TREND_DOWN,DOWN_JAN,2026-01-29T14:39:00+00:00,WIN,-0.273,-0.287,-0.04,-0.482,-0.129,-23921.16,-7106.02,-25063.07,0.191,0.597,False,False,True,False,False,False,False,True
TREND_DOWN,DOWN_JAN,2026-01-29T14:40:00+00:00,WIN,-0.34,-0.358,-0.095,-0.535,-0.188,-21935.04,-5211.4,-23921.16,0.131,0.597,False,False,True,False,False,False,False,True
TREND_DOWN,DOWN_JAN,2026-01-29T14:41:00+00:00,WIN,-0.38,-0.405,-0.133,-0.564,-0.227,-20781.77,-5033.38,-21935.04,0.089,0.597,False,True,True,False,False,False,True,True
TREND_DOWN,DOWN_JAN,2026-01-29T14:42:00+00:00,WIN,-0.473,-0.524,-0.262,-0.685,-0.346,-22884.94,-5683.32,-20781.77,0.0,0.63,False,True,True,False,False,False,True,True
TREND_DOWN,DOWN_JAN,2026-01-29T14:43:00+00:00,WIN,-0.414,-0.532,-0.242,-0.53,-0.324,-27790.98,-11075.52,-22884.94,0.017,0.63,False,True,True,False,False,False,True,True
TREND_DOWN,DOWN_JAN,2026-01-29T14:44:00+00:00,WIN,-0.357,-0.458,-0.132,-0.511,-0.259,-26481.96,-9270.38,-27790.98,0.073,0.63,False,True,True,False,False,False,True,True
TREND_DOWN,DOWN_JAN,2026-01-29T14:45:00+00:00,WIN,-0.37,-0.454,-0.128,-0.576,-0.254,-23821.39,-6325.04,-26481.96,0.077,0.63,False,True,True,False,False,False,True,True
TREND_DOWN,DOWN_JAN,2026-01-29T14:46:00+00:00,WIN,-0.436,-0.48,-0.129,-0.58,-0.267,-21937.65,-5176.61,-23821.39,0.061,0.63,False,True,True,False,False,False,True,True
TREND_DOWN,DOWN_JAN,2026-01-29T14:53:00+00:00,WIN,-0.699,-0.601,-0.398,-0.661,-0.525,-10882.89,1075.98,-17127.43,0.0,0.858,True,True,True,False,False,True,False,True
TREND_DOWN,DOWN_JAN,2026-01-29T14:57:00+00:00,WIN,-0.783,-0.92,-0.733,-0.991,-0.735,-21261.78,-14618.21,-14254.09,0.0,1.121,False,True,True,False,False,False,True,True
TREND_DOWN,DOWN_JAN,2026-01-29T14:58:00+00:00,WIN,-0.945,-1.116,-0.945,-1.216,-0.871,-37050.89,-30924.96,-21261.78,0.0,1.32,False,True,True,False,False,False,True,True
TREND_DOWN,DOWN_JAN,2026-01-29T14:59:00+00:00,WIN,-0.913,-1.161,-0.92,-1.182,-0.809,-26474.15,-18949.0,-37050.89,0.002,1.32,False,True,True,False,False,False,True,True
TREND_DOWN,DOWN_JAN,2026-01-29T15:00:00+00:00,WIN,-1.162,-1.402,-1.178,-1.356,-0.989,-62190.29,-55995.61,-26474.15,0.0,1.532,False,True,True,False,False,False,True,True
TREND_DOWN,DOWN_JAN,2026-01-29T15:01:00+00:00,WIN,-1.228,-1.472,-1.288,-1.556,-0.963,-55575.81,-51411.5,-62190.29,0.0,1.634,False,True,True,False,False,False,True,True
TREND_DOWN,DOWN_JAN,2026-01-29T15:02:00+00:00,WIN,-1.348,-1.553,-1.428,-1.691,-1.066,-57786.36,-56626.66,-55575.81,0.0,1.769,False,True,True,False,False,False,True,True
TREND_DOWN,DOWN_JAN,2026-01-29T15:03:00+00:00,WIN,-1.449,-1.705,-1.66,-1.919,-1.228,-80105.87,-84773.16,-57786.36,0.0,1.973,False,True,True,False,False,False,True,True
TREND_DOWN,DOWN_JAN,2026-01-29T15:04:00+00:00,WIN,-1.327,-1.606,-1.529,-1.792,-1.05,-80704.98,-81897.21,-80105.87,0.11,1.973,False,False,True,False,False,False,False,True
TREND_DOWN,DOWN_JAN,2026-01-29T15:05:00+00:00,WIN,-1.402,-1.701,-1.704,-1.833,-1.11,-91996.21,-96524.79,-80704.98,0.008,1.973,False,True,True,False,False,False,True,True
TREND_DOWN,DOWN_JAN,2026-01-29T15:06:00+00:00,WIN,-1.516,-1.909,-1.941,-2.023,-1.233,-97081.42,-105561.84,-91996.21,0.0,2.145,False,True,True,False,False,False,True,True
TREND_DOWN,DOWN_JAN,2026-01-29T15:07:00+00:00,WIN,-1.68,-1.939,-1.975,-2.009,-1.204,-98207.21,-113078.15,-97081.42,0.0,2.158,False,True,True,False,False,False,True,True
TREND_DOWN,DOWN_JAN,2026-01-29T15:08:00+00:00,WIN,-1.855,-1.978,-1.962,-2.053,-1.168,-87493.26,-102218.1,-98207.21,0.0,2.165,False,True,True,False,False,False,True,True
TREND_DOWN,DOWN_JAN,2026-01-29T15:09:00+00:00,WIN,-1.924,-2.192,-2.183,-2.191,-1.341,-105007.57,-119890.11,-87493.26,0.0,2.375,False,True,True,False,False,False,True,True
TREND_DOWN,DOWN_JAN,2026-01-29T15:10:00+00:00,WIN,-1.95,-2.283,-2.248,-2.246,-1.356,-118019.64,-134060.78,-105007.57,0.0,2.463,False,True,True,False,False,False,True,True
TREND_DOWN,DOWN_JAN,2026-01-29T15:11:00+00:00,WIN,-1.939,-2.312,-2.272,-2.264,-1.255,-113512.27,-129168.45,-118019.64,0.0,2.495,False,True,True,False,False,False,True,True
TREND_DOWN,DOWN_JAN,2026-01-29T15:12:00+00:00,WIN,-2.064,-2.527,-2.505,-2.512,-1.473,-168160.85,-183183.88,-113512.27,0.0,2.751,False,True,True,False,False,False,True,True
TREND_DOWN,DOWN_JAN,2026-01-29T15:13:00+00:00,WIN,-2.334,-2.738,-2.75,-2.732,-1.581,-159329.37,-173762.04,-168160.85,0.0,3.018,False,True,True,False,False,False,True,True
TREND_DOWN,DOWN_JAN,2026-01-29T15:14:00+00:00,WIN,-2.664,-3.012,-3.028,-3.018,-1.81,-180035.99,-195291.82,-159329.37,0.0,3.31,False,True,True,False,False,False,True,True
TREND_DOWN,DOWN_JAN,2026-01-29T15:15:00+00:00,WIN,-2.363,-2.724,-2.751,-2.759,-1.407,-170484.29,-176421.55,-180035.99,0.313,3.31,False,False,True,False,False,False,False,True
TREND_DOWN,DOWN_JAN,2026-01-29T15:16:00+00:00,WIN,-2.498,-2.923,-2.906,-2.871,-1.505,-180043.07,-180381.06,-170484.29,0.159,3.31,False,False,True,False,False,False,False,True
TREND_DOWN,DOWN_JAN,2026-01-29T15:17:00+00:00,WIN,-2.869,-3.149,-3.139,-3.147,-1.713,-208841.25,-210395.77,-180043.07,0.0,3.401,False,True,True,False,False,False,True,True
TREND_DOWN,DOWN_JAN,2026-01-29T15:18:00+00:00,WIN,-2.484,-2.728,-2.729,-2.715,-1.214,-189073.19,-190833.2,-208841.25,0.438,3.401,False,False,True,False,False,False,False,True
TREND_DOWN,DOWN_JAN,2026-01-29T15:19:00+00:00,WIN,-2.542,-2.786,-2.804,-2.824,-1.268,-186279.69,-188330.9,-189073.19,0.341,3.401,False,False,True,False,False,False,False,True
TREND_DOWN,DOWN_JAN,2026-01-29T15:20:00+00:00,WIN,-2.271,-2.654,-2.651,-2.659,-1.102,-172303.93,-173700.65,-186279.69,0.489,3.401,False,False,True,False,False,False,False,True
TREND_DOWN,DOWN_JAN,2026-01-29T15:21:00+00:00,WIN,-2.234,-2.709,-2.673,-2.736,-1.115,-163327.88,-163136.38,-172303.93,0.454,3.401,False,False,True,False,False,False,False,True
TREND_DOWN,DOWN_JAN,2026-01-29T15:22:00+00:00,WIN,-2.228,-2.814,-2.729,-2.843,-1.19,-170291.76,-167290.12,-163327.88,0.348,3.401,False,False,True,False,False,False,False,True
TREND_DOWN,DOWN_JAN,2026-01-29T15:23:00+00:00,WIN,-2.159,-2.842,-2.813,-2.863,-1.215,-168761.82,-165014.77,-170291.76,0.309,3.401,False,False,True,False,False,False,False,True
TREND_DOWN,DOWN_JAN,2026-01-29T15:24:00+00:00,WIN,-2.152,-2.745,-2.748,-2.815,-1.147,-169851.84,-165219.88,-168761.82,0.368,3.401,False,False,True,False,False,False,False,True
TREND_DOWN,DOWN_JAN,2026-01-29T15:25:00+00:00,WIN,-2.217,-2.778,-2.815,-2.883,-1.206,-161720.0,-157004.71,-169851.84,0.298,3.401,False,False,True,False,False,False,False,True
TREND_DOWN,DOWN_JAN,2026-01-29T15:26:00+00:00,WIN,-2.043,-2.686,-2.8,-2.856,-1.177,-150352.32,-148927.55,-161720.0,0.313,3.401,False,False,True,False,False,False,False,True
TREND_DOWN,DOWN_JAN,2026-01-29T15:27:00+00:00,WIN,-1.964,-2.732,-2.839,-2.928,-1.223,-152719.42,-151630.75,-150352.32,0.246,3.401,False,False,True,False,False,False,False,True
TREND_DOWN,DOWN_JAN,2026-01-29T15:40:00+00:00,TIMEOUT,-1.52,-3.44,-3.587,-3.793,-1.89,-244691.06,-258416.93,-141834.53,0.0,4.045,False,True,True,False,False,False,True,True
TREND_DOWN,DOWN_JAN,2026-01-29T15:41:00+00:00,TIMEOUT,-1.584,-3.493,-3.745,-3.801,-1.857,-250112.36,-263172.84,-244691.06,0.0,4.145,False,True,True,False,False,False,True,True
TREND_DOWN,DOWN_JAN,2026-01-29T15:42:00+00:00,TIMEOUT,-1.372,-3.408,-3.822,-3.824,-1.83,-241285.47,-255132.08,-250112.36,0.0,4.18,False,True,True,False,False,False,True,True
TREND_DOWN,DOWN_JAN,2026-01-29T15:43:00+00:00,TIMEOUT,-1.344,-3.646,-4.05,-4.069,-2.029,-271112.21,-290155.32,-241285.47,0.0,4.421,False,True,True,False,False,False,True,True
TREND_DOWN,DOWN_JAN,2026-01-29T15:44:00+00:00,TIMEOUT,-0.842,-3.484,-3.826,-3.859,-1.759,-251612.79,-269549.59,-271112.21,0.224,4.421,False,False,True,False,False,False,False,True
TREND_DOWN,DOWN_JAN,2026-01-29T15:45:00+00:00,TIMEOUT,-1.065,-3.402,-3.763,-3.762,-1.647,-255435.85,-271603.58,-251612.79,0.313,4.421,False,False,True,False,False,False,False,True
TREND_DOWN,DOWN_JAN,2026-01-29T15:46:00+00:00,TIMEOUT,-0.937,-3.411,-3.801,-3.782,-1.644,-258789.53,-274078.23,-255435.85,0.288,4.421,False,False,True,False,False,False,False,True
TREND_DOWN,DOWN_JAN,2026-01-29T15:47:00+00:00,TIMEOUT,-0.754,-3.601,-3.862,-3.826,-1.689,-256626.34,-272254.67,-258789.53,0.224,4.421,False,False,True,False,False,False,False,True
TREND_DOWN,DOWN_JAN,2026-01-29T15:48:00+00:00,TIMEOUT,-1.324,-3.775,-3.993,-3.96,-1.813,-272284.68,-284517.67,-256626.34,0.085,4.421,False,True,True,False,False,False,True,True
TREND_DOWN,DOWN_JAN,2026-01-29T15:49:00+00:00,TIMEOUT,-1.233,-3.743,-3.983,-3.94,-1.8,-268309.25,-281567.33,-272284.68,0.081,4.421,False,True,True,False,False,False,True,True
TREND_DOWN,DOWN_JAN,2026-01-29T15:50:00+00:00,TIMEOUT,-1.335,-3.575,-3.936,-3.879,-1.743,-271494.44,-286528.63,-268309.25,0.126,4.421,False,False,True,False,False,False,False,True
TREND_DOWN,DOWN_JAN,2026-01-29T15:51:00+00:00,TIMEOUT,-0.956,-3.169,-3.612,-3.548,-1.371,-261624.25,-273642.77,-271494.44,0.475,4.421,False,False,True,False,False,False,False,True
TREND_DOWN,DOWN_JAN,2026-01-29T15:52:00+00:00,TIMEOUT,-0.836,-3.045,-3.586,-3.531,-1.344,-246669.82,-266494.7,-261624.25,0.491,4.421,False,False,True,False,False,False,False,True
TREND_DOWN,DOWN_JAN,2026-01-29T15:53:00+00:00,TIMEOUT,-0.92,-3.058,-3.712,-3.584,-1.456,-243042.29,-266072.97,-246669.82,0.366,4.421,False,False,True,False,False,False,False,True
TREND_DOWN,DOWN_JAN,2026-01-29T15:54:00+00:00,TIMEOUT,-0.885,-3.018,-3.623,-3.515,-1.357,-245012.44,-264515.64,-243042.29,0.461,4.421,False,False,True,False,False,False,False,True
TREND_DOWN,DOWN_JAN,2026-01-29T16:08:00+00:00,TIMEOUT,-0.822,-1.996,-3.983,-3.806,-1.51,-165421.43,-279607.42,-156863.41,0.168,4.421,False,False,True,False,False,False,False,True
TREND_DOWN,DOWN_JAN,2026-01-29T16:09:00+00:00,TIMEOUT,-0.617,-1.786,-3.979,-3.788,-1.489,-143710.85,-273517.24,-165421.43,0.177,4.421,False,False,True,False,False,False,False,True
TREND_DOWN,DOWN_JAN,2026-01-29T16:11:00+00:00,TIMEOUT,-0.007,-1.591,-3.918,-3.743,-1.395,-135110.3,-272785.35,-131213.39,0.258,4.421,False,False,True,False,False,False,False,True
TREND_DOWN,DOWN_JAN,2026-01-29T16:12:00+00:00,TIMEOUT,-0.046,-1.418,-3.995,-3.811,-1.462,-90276.32,-282354.66,-135110.3,0.185,4.421,False,False,True,False,False,False,False,True
TREND_DOWN,DOWN_JAN,2026-01-29T16:13:00+00:00,TIMEOUT,0.312,-1.036,-3.862,-3.691,-1.329,-95504.96,-278276.75,-90276.32,0.312,4.421,False,False,True,False,False,False,False,True
TREND_DOWN,DOWN_JAN,2026-01-29T16:14:00+00:00,TIMEOUT,0.202,-0.642,-3.778,-3.567,-1.211,-68565.6,-273554.87,-95504.96,0.426,4.421,False,False,True,False,False,False,False,True
TREND_DOWN,DOWN_JAN,2026-01-29T16:18:00+00:00,TIMEOUT,0.363,-0.966,-3.709,-3.586,-1.166,-89451.31,-285834.45,-66366.32,0.448,4.421,False,False,True,False,False,False,False,True
TREND_DOWN,DOWN_JAN,2026-01-29T16:28:00+00:00,TIMEOUT,-0.442,-1.134,-4.054,-3.883,-1.451,-131637.18,-290107.75,-120330.5,0.116,4.421,False,False,True,False,False,False,False,True
TREND_DOWN,DOWN_JAN,2026-01-29T16:29:00+00:00,TIMEOUT,-0.496,-1.119,-4.133,-3.902,-1.456,-129868.88,-289503.64,-131637.18,0.105,4.421,False,False,True,False,False,False,False,True
TREND_DOWN,DOWN_JAN,2026-01-29T16:30:00+00:00,TIMEOUT,-0.424,-1.072,-4.001,-3.847,-1.417,-137085.61,-282734.86,-129868.88,0.137,4.37,False,False,True,False,False,False,False,True
TREND_DOWN,DOWN_JAN,2026-01-29T16:31:00+00:00,TIMEOUT,-0.34,-1.046,-4.087,-3.858,-1.442,-139562.03,-283594.66,-137085.61,0.104,4.37,False,False,True,False,False,False,False,True
TREND_DOWN,DOWN_JAN,2026-01-29T16:32:00+00:00,TIMEOUT,-0.351,-0.736,-4.035,-3.81,-1.39,-110097.96,-272321.49,-139562.03,0.154,4.366,False,False,True,False,False,False,False,True
TREND_DOWN,DOWN_JAN,2026-01-29T16:35:00+00:00,TIMEOUT,-0.345,-1.021,-4.122,-3.916,-1.443,-164312.21,-298647.93,-163707.69,0.07,4.373,False,True,True,False,False,False,True,True
TREND_DOWN,DOWN_JAN,2026-01-29T16:36:00+00:00,TIMEOUT,-0.237,-0.913,-4.107,-3.944,-1.435,-152058.95,-291908.53,-164312.21,0.07,4.355,False,True,True,False,False,False,True,True
TREND_DOWN,DOWN_JAN,2026-01-29T16:37:00+00:00,TIMEOUT,0.032,-0.955,-4.024,-3.878,-1.376,-148162.69,-292023.15,-152058.95,0.124,4.355,False,False,True,False,False,False,False,True
TREND_DOWN,DOWN_JAN,2026-01-29T16:38:00+00:00,TIMEOUT,-0.053,-0.875,-4.027,-3.881,-1.368,-139979.11,-289768.69,-148162.69,0.129,4.355,False,False,True,False,False,False,False,True
TREND_DOWN,DOWN_JAN,2026-01-29T17:16:00+00:00,TIMEOUT,0.541,0.277,-3.294,-3.219,-0.508,-4022.51,-263040.62,-1348.43,0.864,4.3,False,False,False,True,False,True,False,False
TREND_DOWN,DOWN_JAN,2026-01-29T17:26:00+00:00,TIMEOUT,-0.136,0.562,-3.153,-3.075,-0.518,11603.69,-262537.61,14760.33,0.831,4.156,False,False,False,False,False,True,False,False
TREND_DOWN,DOWN_JAN,2026-01-29T17:29:00+00:00,TIMEOUT,-0.252,0.649,-3.132,-3.103,-0.569,14432.52,-257329.16,21554.8,0.769,4.156,False,False,False,False,False,True,False,False
TREND_DOWN,DOWN_JAN,2026-01-29T17:30:00+00:00,TIMEOUT,-0.446,0.569,-3.218,-3.163,-0.613,8060.7,-257735.21,14432.52,0.721,4.156,False,False,False,False,False,True,False,False
TREND_DOWN,DOWN_JAN,2026-01-29T17:31:00+00:00,TIMEOUT,-0.479,0.606,-3.181,-3.2,-0.6,22695.65,-244998.18,8060.7,0.726,4.156,False,False,False,False,False,True,False,False
TREND_DOWN,DOWN_JAN,2026-01-29T17:35:00+00:00,TIMEOUT,-0.064,0.733,-2.962,-3.152,-0.472,46675.08,-226699.79,50942.81,0.733,4.156,False,False,False,True,False,True,False,False
TREND_DOWN,DOWN_JAN,2026-01-29T17:36:00+00:00,TIMEOUT,-0.016,0.719,-2.916,-3.092,-0.482,42207.59,-223176.69,46675.08,0.719,4.156,False,False,False,True,False,True,False,False
TREND_DOWN,DOWN_JAN,2026-01-29T17:47:00+00:00,WIN,-0.876,-0.336,-3.623,-3.607,-0.95,-7449.4,-266713.44,36488.54,0.0,4.026,False,True,True,False,False,False,True,False
TREND_DOWN,DOWN_JAN,2026-01-29T17:48:00+00:00,WIN,-1.003,-0.272,-3.656,-3.602,-0.929,-9739.94,-265794.3,-7449.4,0.007,4.026,False,True,True,False,False,False,True,True
TREND_DOWN,DOWN_JAN,2026-01-29T17:49:00+00:00,WIN,-1.135,-0.327,-3.662,-3.624,-0.962,-8270.32,-266202.72,-9739.94,0.0,3.989,False,True,True,False,False,False,True,True
TREND_DOWN,DOWN_JAN,2026-01-29T17:50:00+00:00,WIN,-1.121,-0.24,-3.436,-3.544,-0.851,-7327.18,-266753.45,-8270.32,0.104,3.854,False,False,True,False,False,False,False,True
TREND_DOWN,DOWN_JAN,2026-01-29T17:51:00+00:00,WIN,-1.198,-0.406,-3.519,-3.71,-1.0,-8746.59,-273027.27,-7327.18,0.0,3.778,False,True,True,False,False,False,True,True
TREND_DOWN,DOWN_JAN,2026-01-29T17:52:00+00:00,WIN,-0.952,-0.434,-3.446,-3.779,-1.027,-12795.4,-269887.39,-8746.59,0.0,3.663,False,True,True,False,False,False,True,True
TREND_DOWN,DOWN_JAN,2026-01-29T17:53:00+00:00,WIN,-1.017,-0.478,-3.361,-3.746,-1.029,-15131.1,-269978.03,-12795.4,0.0,3.602,False,True,True,False,False,False,True,True
TREND_DOWN,DOWN_JAN,2026-01-29T17:54:00+00:00,WIN,-1.153,-0.855,-3.625,-3.974,-1.236,-29414.9,-281657.05,-15131.1,0.0,3.762,False,True,True,False,False,False,True,True
TREND_DOWN,DOWN_JAN,2026-01-29T17:55:00+00:00,WIN,-0.977,-0.831,-3.571,-3.943,-1.171,-32426.78,-283679.11,-29414.9,0.053,3.758,False,True,True,False,False,False,True,True
TREND_DOWN,DOWN_JAN,2026-01-29T17:56:00+00:00,WIN,-1.043,-1.178,-3.529,-4.1,-1.278,-68388.19,-300057.6,-32426.78,0.0,3.658,False,True,True,False,False,False,True,True
TREND_DOWN,DOWN_JAN,2026-01-29T17:57:00+00:00,WIN,-1.254,-1.267,-3.495,-4.203,-1.351,-63328.6,-297200.92,-68388.19,0.0,3.622,False,True,True,False,False,False,True,True
TREND_DOWN,DOWN_JAN,2026-01-29T17:58:00+00:00,WIN,-1.134,-1.225,-3.193,-4.108,-1.2,-81814.88,-293971.35,-63328.6,0.116,3.42,False,False,True,False,False,False,False,True
TREND_DOWN,DOWN_JAN,2026-01-29T17:59:00+00:00,WIN,-0.945,-1.194,-3.163,-4.054,-1.128,-81330.95,-302477.72,-81814.88,0.149,3.42,False,False,True,False,False,False,False,True
TREND_DOWN,DOWN_JAN,2026-01-29T18:00:00+00:00,WIN,-0.864,-1.307,-2.927,-4.07,-1.077,-89793.25,-263159.03,-81330.95,0.182,3.202,False,False,True,False,False,False,False,True
TREND_DOWN,DOWN_JAN,2026-01-29T18:01:00+00:00,WIN,-0.83,-1.304,-2.79,-4.043,-0.979,-84789.75,-265653.49,-89793.25,0.222,3.099,False,False,True,False,False,False,False,True
TREND_DOWN,DOWN_JAN,2026-01-29T18:02:00+00:00,WIN,-0.708,-1.122,-2.58,-3.971,-0.882,-74725.7,-256806.46,-84789.75,0.305,2.961,False,False,True,False,False,False,False,True
TREND_DOWN,DOWN_JAN,2026-01-29T18:03:00+00:00,WIN,-0.608,-0.888,-2.319,-3.94,-0.798,-61679.63,-233138.51,-74725.7,0.373,2.869,False,False,True,False,False,False,False,True
TREND_DOWN,DOWN_JAN,2026-01-29T18:05:00+00:00,WIN,-0.729,-0.792,-2.299,-3.964,-0.727,-61604.06,-218657.7,-65996.1,0.402,2.764,False,False,True,False,False,False,False,True
TREND_DOWN,DOWN_JAN,2026-01-29T18:06:00+00:00,WIN,-0.77,-0.786,-2.181,-4.08,-0.761,-60833.48,-214985.12,-61604.06,0.346,2.583,False,False,True,False,False,False,False,True
TREND_DOWN,DOWN_JAN,2026-01-29T18:19:00+00:00,WIN,-0.408,-1.538,-1.552,-4.313,-0.754,-100649.11,-157419.15,-85963.77,0.104,1.832,False,False,True,False,False,False,False,True
TREND_DOWN,DOWN_JAN,2026-01-29T18:20:00+00:00,WIN,-0.615,-1.729,-1.799,-4.402,-0.847,-101329.47,-171358.02,-100649.11,0.0,1.832,False,True,True,False,False,False,True,True
TREND_DOWN,DOWN_JAN,2026-01-29T18:21:00+00:00,WIN,-0.501,-1.693,-1.808,-4.433,-0.877,-99330.73,-183954.63,-101329.47,0.0,1.842,False,True,True,False,False,False,True,True
TREND_DOWN,DOWN_JAN,2026-01-29T18:22:00+00:00,WIN,-0.565,-1.511,-1.803,-4.482,-0.951,-91147.13,-181951.35,-99330.73,0.0,1.906,False,True,True,False,False,False,True,True
TREND_DOWN,DOWN_JAN,2026-01-29T18:23:00+00:00,WIN,-0.486,-1.498,-1.709,-4.475,-0.875,-88891.88,-179349.41,-91147.13,0.056,1.906,False,True,True,False,False,False,True,True
TREND_DOWN,DOWN_JAN,2026-01-29T18:24:00+00:00,WIN,-0.318,-1.467,-1.819,-4.517,-0.919,-88649.46,-179008.17,-88891.88,0.003,1.906,False,True,True,False,False,False,True,True
TREND_DOWN,DOWN_JAN,2026-01-29T18:25:00+00:00,WIN,-0.425,-1.398,-1.804,-4.568,-0.967,-75781.33,-177038.6,-88649.46,0.0,1.959,False,True,True,False,False,False,True,True
TREND_DOWN,DOWN_JAN,2026-01-29T18:26:00+00:00,WIN,-0.548,-1.586,-2.057,-4.8,-1.197,-116662.03,-228847.32,-75781.33,0.0,2.207,False,True,True,False,False,False,True,True
TREND_DOWN,DOWN_JAN,2026-01-29T18:27:00+00:00,WIN,-0.416,-1.665,-1.971,-4.754,-1.143,-117063.85,-224170.23,-116662.03,0.022,2.207,False,True,True,False,False,False,True,True
TREND_DOWN,DOWN_JAN,2026-01-29T18:28:00+00:00,WIN,-0.466,-1.594,-1.934,-4.691,-1.067,-114087.39,-224169.77,-117063.85,0.089,2.207,False,True,True,False,False,False,True,True
TREND_DOWN,DOWN_JAN,2026-01-29T18:29:00+00:00,WIN,-0.466,-1.407,-1.877,-4.619,-1.027,-110309.42,-225745.78,-114087.39,0.12,2.207,False,False,True,False,False,False,False,True
TREND_DOWN,DOWN_JAN,2026-01-29T18:30:00+00:00,WIN,-0.791,-1.648,-2.149,-4.896,-1.303,-133107.36,-262132.27,-110309.42,0.0,2.384,False,True,True,False,False,False,True,True
TREND_DOWN,DOWN_JAN,2026-01-29T18:31:00+00:00,WIN,-0.669,-1.493,-1.933,-4.76,-1.118,-156350.93,-273217.31,-133107.36,0.162,2.384,False,False,True,False,False,False,False,True
TREND_DOWN,DOWN_JAN,2026-01-29T18:32:00+00:00,WIN,-0.733,-1.435,-1.655,-4.775,-1.077,-163253.3,-261160.31,-156350.93,0.182,2.384,False,False,True,False,False,False,False,True
TREND_DOWN,DOWN_JAN,2026-01-29T18:33:00+00:00,WIN,-0.73,-1.333,-1.636,-4.726,-0.994,-162753.59,-264272.06,-163253.3,0.252,2.384,False,False,True,False,False,False,False,True
TREND_DOWN,DOWN_JAN,2026-01-29T18:34:00+00:00,WIN,-0.738,-1.424,-1.731,-4.695,-0.942,-162362.7,-275127.58,-162753.59,0.294,2.384,False,False,True,False,False,False,False,True
TREND_DOWN,DOWN_JAN,2026-01-29T18:35:00+00:00,WIN,-0.512,-1.238,-1.529,-4.53,-0.73,-159001.55,-276638.68,-162362.7,0.5,2.384,False,False,True,False,False,False,False,True
TREND_DOWN,DOWN_JAN,2026-01-29T18:36:00+00:00,WIN,-0.549,-1.314,-1.512,-4.648,-0.813,-159545.66,-269397.02,-159001.55,0.407,2.384,False,False,True,False,False,False,False,True
TREND_DOWN,DOWN_JAN,2026-01-29T18:38:00+00:00,WIN,-0.543,-1.256,-1.553,-4.567,-0.823,-155521.07,-253901.84,-157740.35,0.387,2.384,False,False,True,False,False,False,False,True
TREND_DOWN,DOWN_JAN,2026-01-29T18:39:00+00:00,WIN,-0.7,-1.217,-1.426,-4.526,-0.885,-154982.82,-239186.8,-155521.07,0.318,2.384,False,False,True,False,False,False,False,True
TREND_DOWN,DOWN_JAN,2026-01-29T18:48:00+00:00,WIN,-0.423,-0.846,-0.724,-4.687,-0.862,-138702.25,-132211.87,-131963.04,0.317,2.384,False,False,True,False,False,False,False,False
TREND_DOWN,DOWN_JAN,2026-01-29T18:50:00+00:00,WIN,-0.341,-0.954,-0.81,-4.715,-0.908,-134764.47,-130023.48,-135792.12,0.271,2.384,False,False,True,False,False,False,False,True
TREND_DOWN,DOWN_JAN,2026-01-29T18:51:00+00:00,WIN,-0.428,-0.926,-1.285,-4.851,-1.038,-136770.14,-148173.16,-134764.47,0.139,2.384,False,False,True,False,False,False,False,True
TREND_DOWN,DOWN_JAN,2026-01-29T18:52:00+00:00,WIN,-0.476,-1.038,-1.446,-4.98,-1.178,-155790.8,-179008.37,-136770.14,0.0,2.393,False,True,True,False,False,False,True,True
TREND_DOWN,DOWN_JAN,2026-01-29T18:53:00+00:00,WIN,-0.534,-1.017,-1.326,-4.99,-1.136,-156022.18,-182957.92,-155790.8,0.0,2.396,False,True,True,False,False,False,True,True
TREND_DOWN,DOWN_JAN,2026-01-29T18:54:00+00:00,WIN,-0.536,-0.853,-1.474,-5.043,-1.183,-165541.99,-202186.6,-156022.18,0.0,2.452,False,True,True,False,False,False,True,True
TREND_DOWN,DOWN_JAN,2026-01-29T18:55:00+00:00,WIN,-0.341,-0.765,-1.587,-4.911,-1.02,-161247.16,-212173.0,-165541.99,0.142,2.452,False,False,True,False,False,False,False,True
TREND_DOWN,DOWN_JAN,2026-01-29T18:56:00+00:00,WIN,-0.168,-0.715,-1.719,-5.035,-1.079,-132568.61,-215072.25,-161247.16,0.072,2.452,False,True,True,False,False,False,True,True
TREND_DOWN,DOWN_JAN,2026-01-29T18:57:00+00:00,WIN,-0.204,-0.619,-1.538,-5.04,-1.082,-127389.67,-213447.36,-132568.61,0.057,2.452,False,True,True,False,False,False,True,True
TREND_DOWN,DOWN_JAN,2026-01-29T18:58:00+00:00,WIN,-0.346,-0.81,-1.589,-5.176,-1.152,-118003.19,-215085.76,-127389.67,0.0,2.471,False,True,True,False,False,False,True,True
TREND_DOWN,DOWN_JAN,2026-01-29T18:59:00+00:00,LOSS,-0.475,-0.939,-1.729,-5.258,-1.244,-122793.38,-219093.27,-118003.19,0.0,2.572,False,True,True,False,False,False,True,True
TREND_DOWN,DOWN_JAN,2026-01-29T19:00:00+00:00,LOSS,-0.205,-0.994,-1.711,-5.271,-1.261,-136986.44,-201250.83,-122793.38,0.0,2.595,False,True,True,False,False,False,True,True
TREND_DOWN,DOWN_JAN,2026-01-29T19:01:00+00:00,WIN,-0.281,-0.948,-1.511,-5.19,-1.152,-139970.42,-202246.55,-136986.44,0.086,2.595,False,True,True,False,False,False,True,True
TREND_DOWN,DOWN_JAN,2026-01-29T19:02:00+00:00,WIN,-0.296,-1.027,-1.567,-5.213,-1.14,-146691.49,-208697.86,-139970.42,0.09,2.595,False,True,True,False,False,False,True,True
TREND_DOWN,DOWN_JAN,2026-01-29T19:03:00+00:00,LOSS,-0.46,-1.187,-1.711,-5.294,-1.228,-148520.4,-218706.97,-146691.49,0.0,2.599,False,True,True,False,False,False,True,True
TREND_DOWN,DOWN_JAN,2026-01-29T19:04:00+00:00,WIN,-0.365,-1.1,-1.346,-5.178,-1.086,-148585.37,-215598.14,-148520.4,0.137,2.599,False,False,True,False,False,False,False,True
TREND_DOWN,DOWN_JAN,2026-01-29T19:05:00+00:00,WIN,-0.536,-1.046,-1.389,-5.141,-1.048,-150063.4,-214855.35,-148585.37,0.171,2.599,False,False,True,False,False,False,False,True
TREND_DOWN,DOWN_JAN,2026-01-29T19:06:00+00:00,WIN,-0.404,-0.951,-1.241,-5.089,-1.004,-145544.72,-211262.47,-150063.4,0.212,2.599,False,False,True,False,False,False,False,True
TREND_DOWN,DOWN_JAN,2026-01-29T19:10:00+00:00,WIN,-0.63,-1.223,-1.28,-5.22,-1.147,-148060.93,-208965.77,-145609.14,0.054,2.599,False,True,True,False,False,False,True,True
TREND_DOWN,DOWN_JAN,2026-01-29T19:52:00+00:00,WIN,0.411,0.457,-1.018,-4.599,-0.419,29303.19,-139283.01,9031.33,0.659,2.599,False,False,False,True,False,True,False,False
TREND_DOWN,DOWN_JAN,2026-01-29T19:56:00+00:00,WIN,0.438,0.524,-1.371,-4.443,-0.319,46139.52,-154817.28,48157.91,0.74,2.599,False,False,False,True,False,True,False,False
TREND_DOWN,DOWN_JAN,2026-01-29T19:57:00+00:00,WIN,0.387,0.478,-1.409,-4.52,-0.369,45317.59,-145400.68,46139.52,0.68,2.599,False,False,False,True,False,True,False,False
TREND_DOWN,DOWN_JAN,2026-01-29T19:58:00+00:00,WIN,0.396,0.551,-1.484,-4.525,-0.359,48146.68,-151671.39,45317.59,0.677,2.599,False,False,False,True,False,True,False,False
TREND_DOWN,DOWN_JAN,2026-01-29T19:59:00+00:00,WIN,0.254,0.64,-1.496,-4.579,-0.357,50831.56,-153292.77,48146.68,0.667,2.599,False,False,False,True,False,True,False,False
TREND_DOWN,DOWN_JAN,2026-01-29T20:00:00+00:00,WIN,-0.077,0.589,-1.712,-4.681,-0.415,54660.5,-172119.19,50831.56,0.594,2.599,False,False,True,False,False,True,False,False
TREND_DOWN,DOWN_JAN,2026-01-29T20:01:00+00:00,WIN,-0.117,0.555,-1.697,-4.603,-0.343,52000.43,-172759.74,54660.5,0.646,2.599,False,False,False,False,False,True,False,False
TREND_DOWN,DOWN_JAN,2026-01-29T20:02:00+00:00,WIN,-0.111,0.496,-1.652,-4.607,-0.387,53814.27,-167602.92,52000.43,0.591,2.599,False,False,True,False,False,True,False,False
TREND_DOWN,DOWN_JAN,2026-01-29T20:03:00+00:00,WIN,-0.388,0.554,-1.522,-4.599,-0.413,54812.31,-155387.72,53814.27,0.554,2.599,False,False,True,False,False,True,False,False
TREND_DOWN,DOWN_JAN,2026-01-29T20:04:00+00:00,WIN,-0.178,0.438,-1.491,-4.586,-0.378,54700.8,-159880.67,54812.31,0.521,2.599,False,False,True,False,False,True,False,False
TREND_DOWN,DOWN_JAN,2026-01-29T20:05:00+00:00,WIN,-0.184,0.445,-1.393,-4.542,-0.328,53619.95,-158047.51,54700.8,0.562,2.599,False,False,True,False,False,True,False,False
TREND_DOWN,DOWN_JAN,2026-01-29T20:06:00+00:00,WIN,-0.105,0.521,-1.217,-4.465,-0.206,53226.62,-153151.58,53619.95,0.679,2.599,False,False,False,False,False,True,False,False
TREND_DOWN,DOWN_JAN,2026-01-29T20:09:00+00:00,WIN,-0.1,0.457,-1.351,-4.622,-0.292,53326.86,-152079.57,53024.55,0.578,2.599,False,False,True,False,False,True,False,False
TREND_DOWN,DOWN_JAN,2026-01-29T20:10:00+00:00,WIN,-0.111,0.585,-1.535,-4.622,-0.283,55426.22,-157191.01,53326.86,0.585,2.599,False,False,True,False,False,True,False,False
TREND_DOWN,DOWN_JAN,2026-01-29T20:11:00+00:00,WIN,-0.272,0.407,-1.565,-4.683,-0.34,54638.07,-156842.06,55426.22,0.457,2.599,False,False,True,False,False,True,False,False
TREND_DOWN,DOWN_JAN,2026-01-29T20:12:00+00:00,WIN,-0.292,0.345,-1.553,-4.661,-0.341,52450.99,-159755.23,54638.07,0.452,2.599,False,False,True,False,False,True,False,False
TREND_DOWN,DOWN_JAN,2026-01-29T20:14:00+00:00,WIN,-0.283,0.295,-1.552,-4.636,-0.35,48746.79,-157046.37,50658.76,0.435,2.599,False,False,True,False,False,True,False,False
TREND_DOWN,DOWN_JAN,2026-01-29T20:33:00+00:00,WIN,0.044,-0.345,-1.201,-4.308,-0.135,-18420.82,-164568.61,4414.5,0.046,1.973,False,True,True,False,False,False,True,False
TREND_DOWN,DOWN_JAN,2026-01-29T20:34:00+00:00,WIN,0.033,-0.146,-1.321,-4.284,-0.12,-13302.51,-166800.77,-18420.82,0.057,1.973,False,True,True,False,False,False,True,True
TREND_DOWN,DOWN_JAN,2026-01-29T20:35:00+00:00,WIN,-0.058,-0.242,-1.387,-4.308,-0.165,-12411.0,-168333.57,-13302.51,0.007,1.973,False,True,True,False,False,False,True,True
TREND_DOWN,DOWN_JAN,2026-01-29T20:36:00+00:00,WIN,-0.209,-0.313,-1.407,-4.283,-0.197,-12226.94,-170418.65,-12411.0,0.0,1.959,False,True,True,False,False,False,True,True
TREND_DOWN,DOWN_JAN,2026-01-29T20:37:00+00:00,WIN,-0.237,-0.427,-1.471,-4.49,-0.257,-19673.26,-174905.35,-12226.94,0.0,1.959,False,True,True,False,False,False,True,True
TREND_DOWN,DOWN_JAN,2026-01-29T20:38:00+00:00,WIN,-0.121,-0.218,-1.293,-4.56,-0.155,-13630.53,-170784.91,-19673.26,0.1,1.877,False,False,True,False,False,False,False,True
TREND_DOWN,DOWN_JAN,2026-01-29T20:39:00+00:00,WIN,-0.088,-0.188,-1.202,-4.445,-0.168,-9182.32,-167660.11,-13630.53,0.085,1.767,False,True,True,False,False,False,True,True
TREND_DOWN,DOWN_JAN,2026-01-29T20:40:00+00:00,WIN,-0.064,-0.175,-1.055,-4.358,-0.134,-4081.52,-161394.32,-9182.32,0.116,1.72,False,False,True,False,False,False,False,True
TREND_DOWN,DOWN_JAN,2026-01-29T20:41:00+00:00,WIN,-0.01,-0.282,-1.099,-4.329,-0.133,-1154.53,-158515.85,-4081.52,0.104,1.72,False,False,True,False,False,False,False,True
TREND_DOWN,DOWN_JAN,2026-01-29T21:24:00+00:00,WIN,0.039,0.108,0.269,-1.554,0.43,8974.33,-54829.26,9648.62,0.493,1.203,False,False,True,False,False,True,False,False
TREND_DOWN,DOWN_JAN,2026-01-29T21:25:00+00:00,WIN,-0.017,0.121,0.298,-1.511,0.402,10970.26,-63851.4,8974.33,0.467,1.203,False,False,True,False,False,True,False,False
TREND_DOWN,DOWN_JAN,2026-01-29T21:26:00+00:00,WIN,0.128,0.156,0.631,-1.439,0.492,11744.79,-17875.65,10970.26,0.555,1.203,False,False,True,False,False,True,False,False
TREND_DOWN,DOWN_JAN,2026-01-29T22:13:00+00:00,WIN,-0.121,-0.12,0.838,-0.442,0.231,884.55,71200.12,6591.25,0.112,1.294,False,False,True,False,False,True,False,False
TREND_DOWN,DOWN_JAN,2026-01-29T22:14:00+00:00,WIN,-0.119,-0.09,0.814,-0.526,0.252,-1105.81,67145.11,884.55,0.142,1.294,False,False,True,False,False,True,False,False
TREND_DOWN,DOWN_JAN,2026-01-29T22:15:00+00:00,WIN,-0.053,0.024,0.853,-0.554,0.319,-328.77,63705.39,-1105.81,0.214,1.294,False,False,True,False,False,True,False,True
TREND_DOWN,DOWN_JAN,2026-01-29T22:16:00+00:00,WIN,-0.117,0.027,0.603,-0.628,0.284,-102.55,50003.42,-328.77,0.184,1.294,False,False,True,False,False,True,False,True
TREND_DOWN,DOWN_JAN,2026-01-29T22:17:00+00:00,WIN,-0.118,0.046,0.647,-0.583,0.286,-372.44,47230.24,-102.55,0.193,1.294,False,False,True,False,False,True,False,True
TREND_DOWN,DOWN_JAN,2026-01-29T22:18:00+00:00,WIN,-0.177,0.06,0.632,-0.495,0.283,451.95,43994.14,-372.44,0.195,1.294,False,False,True,False,False,True,False,False
TREND_DOWN,DOWN_JAN,2026-01-29T22:19:00+00:00,WIN,-0.24,0.047,0.758,-0.405,0.323,125.75,40813.21,451.95,0.239,1.294,False,False,True,False,False,True,False,False
TREND_DOWN,DOWN_JAN,2026-01-29T22:20:00+00:00,WIN,-0.082,0.065,0.755,-0.574,0.303,-439.73,40623.33,125.75,0.226,1.294,False,False,True,False,False,True,False,False
TREND_DOWN,DOWN_JAN,2026-01-29T22:21:00+00:00,WIN,-0.082,0.09,0.821,-0.543,0.313,1649.68,41978.02,-439.73,0.239,1.294,False,False,True,False,False,True,False,False
TREND_DOWN,DOWN_JAN,2026-01-29T22:22:00+00:00,WIN,-0.14,0.148,0.949,-0.341,0.34,3262.84,42897.92,1649.68,0.268,1.294,False,False,True,False,False,True,False,False
TREND_DOWN,DOWN_JAN,2026-01-29T22:23:00+00:00,WIN,-0.15,0.184,1.045,-0.216,0.316,5527.79,52761.52,3262.84,0.248,1.294,False,False,True,False,False,True,False,False
TREND_DOWN,DOWN_JAN,2026-01-29T22:24:00+00:00,WIN,-0.153,0.228,1.067,-0.185,0.308,6264.36,50556.04,5527.79,0.254,1.294,False,False,True,False,False,True,False,False
TREND_DOWN,DOWN_JAN,2026-01-29T22:25:00+00:00,WIN,-0.094,0.246,0.947,-0.253,0.293,5130.21,48446.1,6264.36,0.246,1.183,False,False,True,False,False,True,False,False
TREND_DOWN,DOWN_JAN,2026-01-29T22:26:00+00:00,WIN,-0.067,0.167,0.882,-0.241,0.299,3017.29,43655.1,5130.21,0.167,1.13,False,False,True,False,False,True,False,False
TREND_DOWN,DOWN_JAN,2026-01-30T00:13:00+00:00,WIN,-0.137,0.061,0.14,-0.048,0.001,15673.3,20143.04,18837.34,0.074,0.594,False,False,True,False,False,True,False,False
TREND_DOWN,DOWN_JAN,2026-01-30T00:14:00+00:00,WIN,-0.179,0.06,0.126,-0.002,-0.014,14936.49,19512.68,15673.3,0.06,0.594,False,False,True,False,False,True,False,False
TREND_DOWN,DOWN_JAN,2026-01-30T00:15:00+00:00,WIN,-0.184,0.021,0.149,0.003,-0.034,14261.6,19462.35,14936.49,0.021,0.594,False,False,True,False,False,True,False,False
TREND_DOWN,DOWN_JAN,2026-01-30T00:16:00+00:00,WIN,-0.129,0.041,0.213,-0.015,-0.003,12910.71,20386.64,14261.6,0.041,0.594,False,False,True,False,False,True,False,False
TREND_DOWN,DOWN_JAN,2026-01-30T00:17:00+00:00,WIN,-0.165,-0.033,0.193,0.121,-0.034,10589.49,19374.13,12910.71,0.001,0.594,False,True,True,False,False,True,False,False
TREND_DOWN,DOWN_JAN,2026-01-30T00:18:00+00:00,WIN,-0.174,-0.017,0.232,0.34,-0.007,11241.77,20079.72,10589.49,0.028,0.594,False,True,True,False,False,True,False,False
TREND_DOWN,DOWN_JAN,2026-01-30T00:19:00+00:00,WIN,-0.221,0.005,0.177,0.366,-0.007,12779.91,19464.49,11241.77,0.029,0.594,False,False,True,False,False,True,False,False
TREND_DOWN,DOWN_JAN,2026-01-30T00:20:00+00:00,WIN,-0.272,-0.057,0.135,0.398,-0.079,13636.79,18019.07,12779.91,0.0,0.594,False,True,True,False,False,True,False,False
TREND_DOWN,DOWN_JAN,2026-01-30T00:21:00+00:00,WIN,-0.304,-0.109,0.105,0.401,-0.121,13942.38,19108.43,13636.79,0.0,0.594,False,True,True,False,False,True,False,False
TREND_DOWN,DOWN_JAN,2026-01-30T00:22:00+00:00,WIN,-0.297,-0.11,0.131,0.497,-0.124,12416.49,18063.01,13942.38,0.0,0.594,False,True,True,False,False,True,False,False
TREND_DOWN,DOWN_JAN,2026-01-30T00:23:00+00:00,WIN,-0.284,-0.114,0.186,0.442,-0.125,12101.49,19480.03,12416.49,0.0,0.594,False,True,True,False,False,True,False,False
TREND_DOWN,DOWN_JAN,2026-01-30T00:24:00+00:00,WIN,-0.328,-0.194,0.214,0.483,-0.137,2749.89,18071.81,12101.49,0.0,0.594,False,True,True,False,False,True,False,False
TREND_DOWN,DOWN_JAN,2026-01-30T00:25:00+00:00,WIN,-0.357,-0.272,0.204,0.503,-0.176,643.69,16894.71,2749.89,0.0,0.594,False,True,True,False,False,True,False,False
TREND_DOWN,DOWN_JAN,2026-01-30T00:26:00+00:00,WIN,-0.323,-0.285,0.14,0.772,-0.152,-586.05,14962.61,643.69,0.023,0.506,False,True,True,False,False,True,False,False
TREND_DOWN,DOWN_JAN,2026-01-30T00:27:00+00:00,WIN,-0.411,-0.364,-0.027,0.659,-0.243,-2509.77,11231.25,-586.05,0.0,0.482,False,True,True,False,False,True,False,True
TREND_DOWN,DOWN_JAN,2026-01-30T00:28:00+00:00,WIN,-0.453,-0.414,-0.049,0.557,-0.276,-8188.64,5222.35,-2509.77,0.0,0.491,False,True,True,False,False,True,False,True
TREND_DOWN,DOWN_JAN,2026-01-30T00:29:00+00:00,WIN,-0.322,-0.237,0.006,0.595,-0.201,-5836.26,6218.95,-8188.64,0.07,0.491,False,True,True,False,False,True,False,True
TREND_DOWN,DOWN_JAN,2026-01-30T00:30:00+00:00,WIN,-0.468,-0.444,-0.129,0.806,-0.283,-30755.03,2514.53,-5836.26,0.0,0.505,False,True,True,False,False,True,False,True
TREND_DOWN,DOWN_JAN,2026-01-30T00:31:00+00:00,WIN,-0.46,-0.348,-0.111,0.681,-0.244,-27576.64,-1916.01,-30755.03,0.038,0.505,False,True,True,False,False,True,True,True
TREND_DOWN,DOWN_JAN,2026-01-30T00:32:00+00:00,WIN,-0.405,-0.317,-0.081,0.708,-0.193,-25218.39,-461.66,-27576.64,0.084,0.505,False,True,True,False,False,True,True,True
TREND_DOWN,DOWN_JAN,2026-01-30T00:33:00+00:00,WIN,-0.454,-0.409,-0.025,0.599,-0.23,-22486.4,4147.78,-25218.39,0.046,0.505,False,True,True,False,False,True,False,True
TREND_DOWN,DOWN_JAN,2026-01-30T00:34:00+00:00,WIN,-0.447,-0.412,-0.013,0.559,-0.227,-21558.43,5532.9,-22486.4,0.047,0.505,False,True,True,False,False,True,False,True
TREND_DOWN,DOWN_JAN,2026-01-30T00:35:00+00:00,WIN,-0.394,-0.389,0.05,0.379,-0.199,-20414.35,7968.77,-21558.43,0.074,0.505,False,True,True,False,False,True,False,True
TREND_DOWN,DOWN_JAN,2026-01-30T00:54:00+00:00,WIN,-0.282,-0.609,-0.449,0.74,-0.37,-20992.86,-7659.1,-23680.31,0.033,0.671,False,True,True,False,False,True,True,True
TREND_DOWN,DOWN_JAN,2026-01-30T00:55:00+00:00,WIN,-0.222,-0.578,-0.357,0.623,-0.34,-21557.75,-5045.93,-20992.86,0.058,0.671,False,True,True,False,False,True,True,True
TREND_DOWN,DOWN_JAN,2026-01-30T00:56:00+00:00,WIN,-0.211,-0.533,-0.304,0.728,-0.304,-19562.45,-3575.32,-21557.75,0.093,0.671,False,True,True,False,False,True,True,True
TREND_DOWN,DOWN_JAN,2026-01-30T00:57:00+00:00,WIN,-0.129,-0.54,-0.339,0.735,-0.31,-20918.77,-5497.27,-19562.45,0.085,0.671,False,True,True,False,False,True,True,True
TREND_DOWN,DOWN_JAN,2026-01-30T00:58:00+00:00,WIN,-0.087,-0.539,-0.313,0.818,-0.3,-20554.47,-4993.54,-20918.77,0.092,0.671,False,True,True,False,False,True,True,True
TREND_DOWN,DOWN_JAN,2026-01-30T00:59:00+00:00,WIN,-0.221,-0.542,-0.402,0.852,-0.364,-20501.78,-6296.27,-20554.47,0.027,0.671,False,True,True,False,False,True,True,True
TREND_DOWN,DOWN_JAN,2026-01-30T01:00:00+00:00,WIN,-0.184,-0.651,-0.438,0.828,-0.409,-23292.33,-8374.55,-20501.78,0.0,0.69,False,True,True,False,False,True,True,True
TREND_DOWN,DOWN_JAN,2026-01-30T01:01:00+00:00,WIN,-0.343,-0.802,-0.546,0.618,-0.526,-31061.2,-14778.29,-23292.33,0.0,0.813,False,True,True,False,False,True,True,True
TREND_DOWN,DOWN_JAN,2026-01-30T01:02:00+00:00,WIN,-0.362,-0.766,-0.521,0.641,-0.482,-28606.02,-12522.02,-31061.2,0.027,0.813,False,True,True,False,False,True,True,True
TREND_DOWN,DOWN_JAN,2026-01-30T01:03:00+00:00,WIN,-0.307,-0.76,-0.53,0.755,-0.459,-28917.6,-12000.5,-28606.02,0.046,0.813,False,True,True,False,False,True,True,True
TREND_DOWN,DOWN_JAN,2026-01-30T01:04:00+00:00,WIN,-0.305,-0.75,-0.616,0.619,-0.454,-38221.42,-27043.14,-28917.6,0.049,0.813,False,True,True,False,False,True,True,True
TREND_DOWN,DOWN_JAN,2026-01-30T01:05:00+00:00,WIN,-0.286,-0.679,-0.574,0.631,-0.392,-37750.76,-27196.59,-38221.42,0.095,0.813,False,True,True,False,False,True,True,True
TREND_DOWN,DOWN_JAN,2026-01-30T01:06:00+00:00,WIN,-0.274,-0.643,-0.535,0.619,-0.361,-35570.13,-24847.76,-37750.76,0.122,0.813,False,False,True,False,False,True,False,True
TREND_DOWN,DOWN_JAN,2026-01-30T01:11:00+00:00,WIN,-0.341,-0.586,-0.495,0.637,-0.377,-34221.07,-22092.22,-32693.67,0.095,0.813,False,True,True,False,False,True,True,True
TREND_DOWN,DOWN_JAN,2026-01-30T01:12:00+00:00,WIN,-0.357,-0.533,-0.433,0.56,-0.393,-33273.56,-17344.39,-34221.07,0.075,0.813,False,True,True,False,False,True,True,True
TREND_DOWN,DOWN_JAN,2026-01-30T01:13:00+00:00,WIN,-0.322,-0.479,-0.22,0.616,-0.358,-29668.25,-10409.76,-33273.56,0.11,0.813,False,False,True,False,False,True,False,True
TREND_DOWN,DOWN_JAN,2026-01-30T01:19:00+00:00,WIN,-0.566,-0.645,-0.517,0.237,-0.508,-33382.39,-14043.65,-25601.36,0.0,0.876,False,True,True,False,False,True,True,True
TREND_DOWN,DOWN_JAN,2026-01-30T01:21:00+00:00,WIN,-0.525,-0.706,-0.691,0.124,-0.663,-43187.72,-25728.97,-32848.62,0.0,1.053,False,True,True,False,False,True,True,True
TREND_DOWN,DOWN_JAN,2026-01-30T01:22:00+00:00,WIN,-0.733,-1.013,-1.03,-0.09,-0.948,-76909.1,-62108.93,-43187.72,0.0,1.37,False,True,True,False,False,False,True,True
TREND_DOWN,DOWN_JAN,2026-01-30T01:23:00+00:00,WIN,-0.658,-0.982,-0.979,0.055,-0.828,-71288.71,-57336.47,-76909.1,0.031,1.37,False,True,True,False,False,True,True,True
TREND_DOWN,DOWN_JAN,2026-01-30T01:24:00+00:00,WIN,-0.414,-0.695,-0.709,0.35,-0.521,-65736.42,-53928.97,-71288.71,0.311,1.37,False,False,True,False,False,True,False,True
TREND_DOWN,DOWN_JAN,2026-01-30T01:25:00+00:00,WIN,-0.439,-0.659,-0.701,0.24,-0.512,-64734.69,-52970.19,-65736.42,0.311,1.37,False,False,True,False,False,True,False,True
TREND_DOWN,DOWN_JAN,2026-01-30T01:26:00+00:00,WIN,-0.515,-0.725,-0.752,0.123,-0.545,-63416.48,-51471.16,-64734.69,0.268,1.37,False,False,True,False,False,True,False,True
TREND_DOWN,DOWN_JAN,2026-01-30T01:27:00+00:00,WIN,-0.511,-0.64,-0.746,0.129,-0.542,-60928.84,-51503.02,-63416.48,0.264,1.37,False,False,True,False,False,True,False,True
TREND_DOWN,DOWN_JAN,2026-01-30T01:28:00+00:00,WIN,-0.517,-0.603,-0.763,0.142,-0.537,-55161.26,-51779.57,-60928.84,0.266,1.37,False,False,True,False,False,True,False,True
TREND_DOWN,DOWN_JAN,2026-01-30T01:29:00+00:00,WIN,-0.49,-0.71,-0.786,-0.028,-0.573,-56388.82,-50730.94,-55161.26,0.228,1.37,False,False,True,False,False,False,False,True
TREND_DOWN,DOWN_JAN,2026-01-30T01:30:00+00:00,WIN,-0.549,-0.732,-0.918,-0.39,-0.674,-56035.61,-53248.62,-56388.82,0.122,1.37,False,False,True,False,False,False,False,True
TREND_DOWN,DOWN_JAN,2026-01-30T01:31:00+00:00,WIN,-0.176,-0.519,-0.683,-0.231,-0.413,-46254.52,-49292.43,-56035.61,0.374,1.37,False,False,True,False,False,False,False,True
TREND_DOWN,DOWN_JAN,2026-01-30T01:32:00+00:00,WIN,-0.295,-0.656,-0.771,-0.262,-0.498,-50086.12,-52081.85,-46254.52,0.283,1.37,False,False,True,False,False,False,False,True
TREND_DOWN,DOWN_JAN,2026-01-30T01:33:00+00:00,WIN,-0.296,-0.601,-0.681,-0.484,-0.475,-51581.49,-49887.91,-50086.12,0.3,1.37,False,False,True,False,False,False,False,True
TREND_DOWN,DOWN_JAN,2026-01-30T01:34:00+00:00,WIN,-0.384,-0.688,-0.779,-0.382,-0.557,-49839.89,-46574.24,-51581.49,0.214,1.37,False,False,True,False,False,False,False,True
TREND_DOWN,DOWN_JAN,2026-01-30T01:35:00+00:00,WIN,-0.554,-0.839,-0.896,-0.553,-0.677,-52690.57,-47470.89,-49839.89,0.089,1.37,False,True,True,False,False,False,True,True
TREND_DOWN,DOWN_JAN,2026-01-30T01:36:00+00:00,WIN,-0.655,-0.927,-0.969,-0.662,-0.742,-50921.42,-44739.33,-52690.57,0.015,1.37,False,True,True,False,False,False,True,True
TREND_DOWN,DOWN_JAN,2026-01-30T01:37:00+00:00,WIN,-1.141,-1.402,-1.387,-1.158,-1.177,-101780.1,-93715.68,-50921.42,0.0,1.812,False,True,True,False,False,False,True,True
TREND_DOWN,DOWN_JAN,2026-01-30T01:38:00+00:00,WIN,-0.979,-1.269,-1.276,-0.938,-0.95,-103439.57,-95544.37,-101780.1,0.113,1.812,False,False,True,False,False,False,False,True
TREND_DOWN,DOWN_JAN,2026-01-30T01:39:00+00:00,WIN,-1.497,-1.749,-1.796,-1.414,-1.435,-205077.99,-197598.85,-103439.57,0.0,2.235,False,True,True,False,False,False,True,True
TREND_DOWN,DOWN_JAN,2026-01-30T01:40:00+00:00,WIN,-1.594,-1.865,-1.847,-1.483,-1.096,-184437.33,-174078.64,-205077.99,0.0,2.288,False,True,True,False,False,False,True,True
TREND_DOWN,DOWN_JAN,2026-01-30T01:41:00+00:00,TIMEOUT,-2.252,-2.585,-2.569,-2.295,-1.748,-234656.88,-222621.4,-184437.33,0.0,3.039,False,True,True,False,False,False,True,True
TREND_DOWN,DOWN_JAN,2026-01-30T01:42:00+00:00,LOSS,-3.531,-3.876,-3.86,-3.607,-2.827,-300391.26,-288490.32,-234656.88,0.0,4.425,False,True,True,False,False,False,True,True
TREND_DOWN,DOWN_JAN,2026-01-30T01:43:00+00:00,LOSS,-2.61,-2.924,-2.907,-2.674,-1.315,-328084.26,-315208.6,-300391.26,0.989,4.425,False,False,False,False,False,False,False,False
TREND_DOWN,DOWN_JAN,2026-01-30T01:44:00+00:00,LOSS,-2.518,-2.806,-2.874,-2.536,-1.065,-311499.94,-299079.86,-328084.26,1.084,4.425,False,False,False,False,False,False,False,False
TREND_DOWN,DOWN_JAN,2026-01-30T01:45:00+00:00,LOSS,-2.655,-2.983,-2.895,-2.667,-1.087,-329157.14,-308264.38,-311499.94,0.999,4.425,False,False,False,False,False,False,False,False
TREND_DOWN,DOWN_JAN,2026-01-30T01:46:00+00:00,LOSS,-2.765,-3.113,-3.01,-2.758,-1.156,-332643.28,-311407.24,-329157.14,0.879,4.425,False,False,False,False,False,False,False,False
TREND_DOWN,DOWN_JAN,2026-01-30T01:47:00+00:00,LOSS,-2.555,-2.946,-2.876,-2.545,-0.962,-325218.81,-305347.65,-332643.28,1.052,4.425,False,False,False,False,False,False,False,False
TREND_DOWN,DOWN_JAN,2026-01-30T01:48:00+00:00,LOSS,-2.503,-3.033,-2.931,-2.599,-1.015,-325952.13,-306148.9,-325218.81,0.981,4.425,False,False,False,False,False,False,False,False
TREND_DOWN,DOWN_JAN,2026-01-30T01:49:00+00:00,LOSS,-2.341,-2.893,-2.866,-2.47,-0.891,-312051.74,-298362.02,-325952.13,1.095,4.425,False,False,False,False,False,False,False,False
TREND_DOWN,DOWN_JAN,2026-01-30T01:50:00+00:00,TIMEOUT,-2.19,-2.711,-2.823,-2.445,-0.781,-312089.03,-301596.99,-312051.74,1.19,4.425,False,False,False,False,False,False,False,False
TREND_DOWN,DOWN_JAN,2026-01-30T01:51:00+00:00,TIMEOUT,-1.969,-2.483,-2.7,-2.337,-0.662,-307703.45,-298119.78,-312089.03,1.302,4.425,False,False,False,False,False,False,False,False
TREND_DOWN,DOWN_JAN,2026-01-30T01:52:00+00:00,TIMEOUT,-1.669,-2.39,-2.72,-2.16,-0.663,-292038.49,-285582.65,-307703.45,1.295,4.425,False,False,False,False,False,False,False,False
TREND_DOWN,DOWN_JAN,2026-01-30T01:53:00+00:00,TIMEOUT,-1.458,-2.106,-2.492,-1.953,-0.413,-291237.28,-293163.24,-292038.49,1.544,4.425,False,False,False,False,False,False,False,False
TREND_DOWN,DOWN_JAN,2026-01-30T01:54:00+00:00,TIMEOUT,-1.657,-2.064,-2.49,-1.949,-0.329,-285781.01,-285127.42,-291237.28,1.621,4.425,False,False,False,False,False,False,False,False
TREND_DOWN,DOWN_JAN,2026-01-30T01:55:00+00:00,TIMEOUT,-1.594,-2.025,-2.437,-1.985,-0.261,-299139.48,-298722.38,-285781.01,1.687,4.425,False,False,False,False,False,False,False,False
TREND_DOWN,DOWN_JAN,2026-01-30T02:08:00+00:00,TIMEOUT,-1.391,-2.356,-2.754,-2.221,-0.64,-294532.28,-311055.05,-292696.75,1.254,4.425,False,False,False,False,False,False,False,False
TREND_DOWN,DOWN_JAN,2026-01-30T02:09:00+00:00,LOSS,-1.001,-2.483,-2.871,-2.304,-0.77,-297687.35,-311898.66,-294532.28,1.119,4.425,False,False,False,False,False,False,False,False
TREND_DOWN,DOWN_JAN,2026-01-30T02:10:00+00:00,TIMEOUT,-0.866,-2.446,-2.77,-2.228,-0.681,-296746.0,-308973.0,-297687.35,1.205,4.425,False,False,False,False,False,False,False,False
TREND_DOWN,DOWN_JAN,2026-01-30T02:11:00+00:00,TIMEOUT,-0.06,-2.311,-2.687,-2.088,-0.598,-294327.16,-308243.46,-296746.0,1.284,4.425,False,False,False,False,False,False,False,False
TREND_DOWN,DOWN_JAN,2026-01-30T02:12:00+00:00,LOSS,1.143,-2.428,-2.837,-2.219,-0.732,-297200.93,-311637.15,-294327.16,1.143,4.425,False,False,False,False,False,False,False,False
TREND_DOWN,DOWN_JAN,2026-01-30T02:13:00+00:00,TIMEOUT,0.277,-2.34,-2.748,-2.132,-0.602,-297611.36,-311606.31,-297200.93,1.269,4.425,False,False,False,True,False,False,False,False
TREND_DOWN,DOWN_JAN,2026-01-30T02:14:00+00:00,LOSS,-0.154,-2.669,-3.064,-2.41,-0.934,-317768.16,-328045.55,-297611.36,0.928,4.425,False,False,False,False,False,False,False,False
TREND_DOWN,DOWN_JAN,2026-01-30T02:15:00+00:00,LOSS,0.143,-2.516,-2.875,-2.247,-0.711,-307778.66,-316840.06,-317768.16,1.143,4.425,False,False,False,False,False,False,False,False
TREND_DOWN,DOWN_JAN,2026-01-30T02:16:00+00:00,LOSS,0.053,-2.713,-3.089,-2.513,-0.911,-319997.09,-332034.21,-307778.66,0.933,4.425,False,False,False,False,False,False,False,False
TREND_DOWN,DOWN_JAN,2026-01-30T02:17:00+00:00,LOSS,-0.257,-2.806,-3.266,-2.659,-1.038,-317942.57,-332644.85,-319997.09,0.792,4.425,False,False,False,False,False,False,False,False
TREND_DOWN,DOWN_JAN,2026-01-30T02:18:00+00:00,LOSS,-0.115,-2.615,-3.207,-2.81,-0.951,-319431.72,-333791.31,-317942.57,0.865,4.425,False,False,False,False,False,False,False,False
TREND_DOWN,DOWN_JAN,2026-01-30T02:19:00+00:00,LOSS,-0.282,-2.616,-3.239,-2.838,-1.0,-316573.76,-337176.24,-319431.72,0.81,4.425,False,False,False,False,False,False,False,False
TREND_DOWN,DOWN_JAN,2026-01-30T02:20:00+00:00,LOSS,-0.468,-2.648,-3.319,-2.891,-1.084,-320436.19,-339648.02,-316573.76,0.717,4.425,False,False,False,False,False,False,False,False
TREND_DOWN,DOWN_JAN,2026-01-30T02:21:00+00:00,LOSS,-0.692,-2.647,-3.44,-2.993,-1.19,-313875.6,-343120.94,-320436.19,0.601,4.425,False,False,False,False,False,False,False,False
TREND_DOWN,DOWN_JAN,2026-01-30T02:22:00+00:00,LOSS,-0.725,-2.382,-3.477,-3.058,-1.217,-276180.73,-340673.34,-313875.6,0.56,4.425,False,False,True,False,False,False,False,True
TREND_DOWN,DOWN_JAN,2026-01-30T02:23:00+00:00,LOSS,-0.961,-2.404,-3.472,-3.032,-1.203,-280841.22,-340028.44,-276180.73,0.568,4.425,False,False,True,False,False,False,False,True
TREND_DOWN,DOWN_JAN,2026-01-30T02:24:00+00:00,LOSS,-1.178,-2.815,-3.678,-3.18,-1.332,-274627.57,-337614.1,-280841.22,0.425,4.425,False,False,True,False,False,False,False,True
TREND_DOWN,DOWN_JAN,2026-01-30T02:25:00+00:00,LOSS,-1.159,-2.735,-3.639,-3.061,-1.229,-270795.32,-334886.32,-274627.57,0.508,4.425,False,False,True,False,False,False,False,True
TREND_DOWN,DOWN_JAN,2026-01-30T02:26:00+00:00,LOSS,-1.298,-2.904,-3.883,-3.323,-1.435,-277904.79,-341907.32,-270795.32,0.29,4.425,False,False,True,False,False,False,False,True
TREND_DOWN,DOWN_JAN,2026-01-30T02:27:00+00:00,LOSS,-1.281,-2.981,-3.953,-3.311,-1.504,-275857.25,-339295.86,-277904.79,0.206,4.425,False,False,True,False,False,False,False,True
TREND_DOWN,DOWN_JAN,2026-01-30T02:28:00+00:00,LOSS,-1.309,-2.885,-3.871,-3.146,-1.391,-274097.13,-337447.03,-275857.25,0.308,4.425,False,False,True,False,False,False,False,True
TREND_DOWN,DOWN_JAN,2026-01-30T02:29:00+00:00,LOSS,-1.2,-2.74,-3.66,-2.997,-1.273,-278195.25,-340420.33,-274097.13,0.419,4.425,False,False,True,False,False,False,False,True
TREND_DOWN,DOWN_JAN,2026-01-30T02:30:00+00:00,LOSS,-1.104,-2.622,-3.764,-2.955,-1.242,-279562.57,-366353.21,-278195.25,0.435,4.425,False,False,True,False,False,False,False,True
TREND_DOWN,DOWN_JAN,2026-01-30T02:31:00+00:00,LOSS,-1.461,-3.232,-4.069,-3.337,-1.582,-301717.02,-375548.18,-279562.57,0.058,4.425,False,True,True,False,False,False,True,True
TREND_DOWN,DOWN_JAN,2026-01-30T02:32:00+00:00,LOSS,-1.375,-2.951,-3.892,-3.165,-1.354,-293624.79,-368929.3,-301717.02,0.257,4.425,False,False,True,False,False,False,False,True
TREND_DOWN,DOWN_JAN,2026-01-30T02:33:00+00:00,LOSS,-1.186,-2.869,-3.848,-3.005,-1.24,-284650.3,-358718.19,-293624.79,0.359,4.425,False,False,True,False,False,False,False,True
TREND_DOWN,DOWN_JAN,2026-01-30T02:34:00+00:00,LOSS,-0.827,-2.552,-3.621,-2.783,-0.993,-289082.57,-360480.89,-284650.3,0.6,4.425,False,False,True,False,False,False,False,True
TREND_DOWN,DOWN_JAN,2026-01-30T04:37:00+00:00,TIMEOUT,0.276,0.686,-0.183,-1.567,1.117,5101.86,-163146.41,10625.37,0.758,2.683,False,False,False,False,True,True,False,False
TREND_DOWN,DOWN_JAN,2026-01-30T04:38:00+00:00,TIMEOUT,0.101,0.496,-0.46,-1.731,0.981,-3095.83,-167207.91,5101.86,0.591,2.683,False,False,True,False,True,True,False,False
TREND_DOWN,DOWN_JAN,2026-01-30T04:39:00+00:00,TIMEOUT,0.076,0.456,0.03,-1.767,0.955,-4138.24,-67307.19,-3095.83,0.555,2.634,False,False,True,False,True,True,False,True
TREND_DOWN,DOWN_JAN,2026-01-30T04:40:00+00:00,TIMEOUT,0.05,0.443,0.069,-1.779,1.042,-3696.48,-91010.11,-4138.24,0.542,2.634,False,False,True,False,True,True,False,True
TREND_DOWN,DOWN_JAN,2026-01-30T04:41:00+00:00,TIMEOUT,0.089,0.558,0.865,-1.726,1.125,-1661.34,-39078.38,-3696.48,0.603,2.634,False,False,False,False,False,True,False,False
TREND_DOWN,DOWN_JAN,2026-01-30T04:43:00+00:00,TIMEOUT,-0.023,0.484,1.183,-1.758,0.944,1432.24,53454.1,-1070.88,0.565,2.575,False,False,True,False,False,True,False,False
TREND_DOWN,DOWN_JAN,2026-01-30T04:44:00+00:00,TIMEOUT,-0.138,0.511,1.083,-1.822,0.91,2066.19,34153.85,1432.24,0.561,2.575,False,False,True,False,False,True,False,False
TREND_DOWN,DOWN_JAN,2026-01-30T04:47:00+00:00,TIMEOUT,-0.021,0.529,1.181,-1.729,0.938,1637.48,42661.0,4709.29,0.577,2.575,False,False,True,False,False,True,False,False
TREND_DOWN,DOWN_JAN,2026-01-30T04:48:00+00:00,TIMEOUT,-0.205,0.554,1.229,-1.738,0.907,5045.64,43774.2,1637.48,0.554,2.575,False,False,True,False,False,True,False,False
TREND_DOWN,DOWN_JAN,2026-01-30T04:49:00+00:00,TIMEOUT,-0.244,0.544,1.14,-1.759,0.926,8819.2,36846.42,5045.64,0.544,2.575,False,False,True,False,False,True,False,False
TREND_DOWN,DOWN_JAN,2026-01-30T04:50:00+00:00,TIMEOUT,-0.167,0.481,1.037,-1.815,0.914,-3585.17,36374.19,8819.2,0.481,2.575,False,False,True,False,False,True,False,False
TREND_DOWN,DOWN_JAN,2026-01-30T04:51:00+00:00,TIMEOUT,-0.247,0.468,0.914,-1.81,0.898,-4920.0,32789.91,-3585.17,0.468,2.575,False,False,True,False,False,True,False,True
TREND_DOWN,DOWN_JAN,2026-01-30T05:39:00+00:00,TIMEOUT,0.153,0.278,1.541,-1.884,0.638,-1113.68,44662.63,-901.47,0.29,1.772,False,False,True,False,False,True,False,False
TREND_DOWN,DOWN_JAN,2026-01-30T05:40:00+00:00,TIMEOUT,0.163,0.272,1.271,-1.845,0.607,-36.82,26925.02,-1113.68,0.272,1.735,False,False,True,False,False,True,False,False
TREND_DOWN,DOWN_JAN,2026-01-30T05:41:00+00:00,TIMEOUT,0.144,0.201,1.206,-1.79,0.574,-5336.97,24519.0,-36.82,0.255,1.735,False,False,True,False,False,True,False,True
TREND_DOWN,DOWN_JAN,2026-01-30T05:43:00+00:00,TIMEOUT,0.235,0.255,1.357,-1.815,0.559,-8015.18,37210.22,-4618.35,0.272,1.735,False,False,True,False,False,True,False,True
TREND_DOWN,DOWN_JAN,2026-01-30T05:44:00+00:00,TIMEOUT,0.16,0.233,1.359,-1.868,0.523,-5550.22,38329.19,-8015.18,0.245,1.735,False,False,True,False,False,True,False,True
TREND_DOWN,DOWN_JAN,2026-01-30T05:45:00+00:00,TIMEOUT,0.055,0.128,1.157,-1.939,0.432,-8484.73,32940.83,-5550.22,0.158,1.735,False,False,True,False,False,True,False,True
TREND_DOWN,DOWN_JAN,2026-01-30T05:46:00+00:00,TIMEOUT,0.094,0.114,1.172,-1.909,0.432,-9032.79,34947.02,-8484.73,0.165,1.735,False,False,True,False,False,True,False,True
TREND_DOWN,DOWN_JAN,2026-01-30T05:47:00+00:00,TIMEOUT,0.14,0.11,1.191,-1.893,0.445,-10442.26,35756.01,-9032.79,0.186,1.735,False,False,True,False,False,True,False,True
TREND_DOWN,DOWN_JAN,2026-01-30T05:48:00+00:00,TIMEOUT,0.113,0.126,1.156,-1.935,0.435,-10493.26,35363.03,-10442.26,0.18,1.735,False,False,True,False,False,True,False,True
TREND_DOWN,DOWN_JAN,2026-01-30T05:49:00+00:00,TIMEOUT,0.087,0.084,1.25,-1.999,0.415,-13442.33,27273.46,-10493.26,0.163,1.735,False,False,True,False,False,True,False,True
TREND_DOWN,DOWN_JAN,2026-01-30T05:50:00+00:00,TIMEOUT,-0.013,0.064,1.354,-2.004,0.373,-10255.65,33527.94,-13442.33,0.136,1.735,False,False,True,False,False,True,False,True
TREND_DOWN,DOWN_JAN,2026-01-30T05:51:00+00:00,TIMEOUT,-0.027,0.094,1.199,-1.978,0.376,-10526.47,31815.81,-10255.65,0.154,1.629,False,False,True,False,False,True,False,True
TREND_DOWN,DOWN_JAN,2026-01-30T05:53:00+00:00,TIMEOUT,0.041,0.152,1.281,-1.898,0.42,-8638.92,30921.75,-8626.23,0.212,1.588,False,False,True,False,False,True,False,True
TREND_DOWN,DOWN_JAN,2026-01-30T05:56:00+00:00,TIMEOUT,-0.161,0.076,1.082,-2.003,0.315,-7944.75,23193.76,-13547.66,0.121,1.562,False,False,True,False,False,True,False,True
TREND_DOWN,DOWN_JAN,2026-01-30T05:57:00+00:00,TIMEOUT,-0.198,0.1,1.116,-1.963,0.35,-8599.32,22244.1,-7944.75,0.161,1.562,False,False,True,False,False,True,False,True
TREND_DOWN,DOWN_JAN,2026-01-30T05:58:00+00:00,TIMEOUT,-0.464,0.036,1.091,-2.082,0.229,-9874.28,13794.47,-8599.32,0.046,1.562,False,False,True,False,False,True,False,True
TREND_DOWN,DOWN_JAN,2026-01-30T05:59:00+00:00,TIMEOUT,-0.422,-0.035,0.9,-2.059,0.176,-11502.63,11323.86,-9874.28,0.008,1.548,False,True,True,False,False,True,False,True
TREND_DOWN,DOWN_JAN,2026-01-30T06:00:00+00:00,TIMEOUT,-0.537,-0.055,0.916,-2.182,0.108,-13052.1,10158.75,-11502.63,0.0,1.548,False,True,True,False,False,True,False,True
TREND_DOWN,DOWN_JAN,2026-01-30T06:01:00+00:00,TIMEOUT,-0.537,-0.173,0.957,-2.228,0.078,-28715.85,-1057.26,-13052.1,0.0,1.548,False,True,True,False,False,True,False,True
TREND_DOWN,DOWN_JAN,2026-01-30T06:02:00+00:00,TIMEOUT,-0.458,-0.137,0.878,-2.176,0.113,-25760.59,1416.98,-28715.85,0.045,1.525,False,True,True,False,False,True,False,True
TREND_DOWN,DOWN_JAN,2026-01-30T06:03:00+00:00,TIMEOUT,-0.489,-0.15,0.806,-2.202,0.094,-25944.51,-1792.54,-25760.59,0.03,1.525,False,True,True,False,False,True,False,True
TREND_DOWN,DOWN_JAN,2026-01-30T06:04:00+00:00,TIMEOUT,-0.423,-0.097,0.999,-2.161,0.12,-22187.31,-343.57,-25944.51,0.065,1.525,False,True,True,False,False,True,False,True
TREND_DOWN,DOWN_JAN,2026-01-30T06:05:00+00:00,TIMEOUT,-0.434,-0.156,0.795,-2.2,0.05,-22549.24,-2568.95,-22187.31,0.0,1.487,False,True,True,False,False,True,False,True
TREND_DOWN,DOWN_JAN,2026-01-30T06:06:00+00:00,TIMEOUT,-0.481,-0.092,0.872,-2.197,0.041,-23873.23,1420.81,-22549.24,0.0,1.487,False,True,True,False,False,True,False,True
TREND_DOWN,DOWN_JAN,2026-01-30T06:07:00+00:00,TIMEOUT,-0.375,-0.092,0.962,-2.082,0.097,-21771.7,3219.19,-23873.23,0.071,1.487,False,True,True,False,False,True,False,True
TREND_DOWN,DOWN_JAN,2026-01-30T06:08:00+00:00,TIMEOUT,-0.367,-0.219,0.798,-2.128,0.052,-21727.14,-985.71,-21771.7,0.029,1.401,False,True,True,False,False,True,False,True
TREND_DOWN,DOWN_JAN,2026-01-30T06:09:00+00:00,TIMEOUT,-0.298,-0.145,0.869,-2.115,0.081,-22557.96,616.33,-21727.14,0.063,1.401,False,True,True,False,False,True,False,True
TREND_DOWN,DOWN_JAN,2026-01-30T06:10:00+00:00,TIMEOUT,-0.31,-0.147,0.747,-2.144,0.049,-35947.57,-13391.48,-22557.96,0.033,1.336,False,True,True,False,False,True,False,True
TREND_DOWN,DOWN_JAN,2026-01-30T06:11:00+00:00,TIMEOUT,-0.324,-0.18,0.749,-2.106,0.018,-35183.04,-17755.87,-35947.57,0.008,1.336,False,True,True,False,False,True,False,True
TREND_DOWN,DOWN_JAN,2026-01-30T06:12:00+00:00,TIMEOUT,-0.411,-0.21,0.542,-2.111,-0.067,-34580.21,-23469.72,-35183.04,0.0,1.283,False,True,True,False,False,True,False,True
TREND_DOWN,DOWN_JAN,2026-01-30T06:13:00+00:00,TIMEOUT,-0.417,-0.183,0.452,-2.09,-0.072,-34433.02,-26858.58,-34580.21,0.002,1.283,False,True,True,False,False,True,False,True
TREND_DOWN,DOWN_JAN,2026-01-30T06:14:00+00:00,TIMEOUT,-0.392,-0.232,0.471,-2.077,-0.079,-40943.98,-30294.1,-34433.02,0.0,1.283,False,True,True,False,False,True,False,True
TREND_DOWN,DOWN_JAN,2026-01-30T06:16:00+00:00,TIMEOUT,-0.401,-0.308,0.508,-2.177,-0.175,-43101.57,-36558.24,-42585.56,0.0,1.283,False,True,True,False,False,True,False,True
TREND_DOWN,DOWN_JAN,2026-01-30T06:17:00+00:00,TIMEOUT,-0.436,-0.296,0.399,-2.159,-0.189,-43742.98,-37005.35,-43101.57,0.0,1.283,False,True,True,False,False,True,False,True
TREND_DOWN,DOWN_JAN,2026-01-30T06:18:00+00:00,TIMEOUT,-0.407,-0.295,0.437,-2.163,-0.167,-41937.39,-36636.19,-43742.98,0.023,1.283,False,True,True,False,False,True,False,True
TREND_DOWN,DOWN_JAN,2026-01-30T06:19:00+00:00,TIMEOUT,-0.433,-0.347,0.354,-2.207,-0.213,-41464.75,-35729.97,-41937.39,0.0,1.283,False,True,True,False,False,True,False,True
TREND_DOWN,DOWN_JAN,2026-01-30T06:20:00+00:00,TIMEOUT,-0.413,-0.427,0.401,-2.144,-0.222,-47426.71,-36863.3,-41464.75,0.0,1.283,False,True,True,False,False,True,False,True
TREND_DOWN,DOWN_JAN,2026-01-30T06:21:00+00:00,TIMEOUT,-0.476,-0.502,0.387,-2.146,-0.269,-50857.77,-38238.7,-47426.71,0.0,1.283,False,True,True,False,False,True,False,True
TREND_DOWN,DOWN_JAN,2026-01-30T06:22:00+00:00,TIMEOUT,-0.532,-0.398,0.494,-2.082,-0.206,-55944.45,-35396.78,-50857.77,0.063,1.283,False,True,True,False,False,True,False,True
TREND_DOWN,DOWN_JAN,2026-01-30T06:23:00+00:00,TIMEOUT,-0.54,-0.499,0.431,-2.15,-0.28,-55856.53,-34781.16,-55944.45,0.0,1.283,False,True,True,False,False,True,False,True
TREND_DOWN,DOWN_JAN,2026-01-30T06:24:00+00:00,TIMEOUT,-0.602,-0.524,0.32,-2.192,-0.34,-55743.41,-36107.25,-55856.53,0.0,1.283,False,True,True,False,False,True,False,True
TREND_DOWN,DOWN_JAN,2026-01-30T06:25:00+00:00,TIMEOUT,-0.5,-0.472,0.456,-2.084,-0.268,-45645.39,-26642.84,-55743.41,0.075,1.283,False,True,True,False,False,True,False,True
TREND_DOWN,DOWN_JAN,2026-01-30T06:26:00+00:00,TIMEOUT,-0.587,-0.747,0.27,-2.263,-0.431,-51865.51,-33824.55,-45645.39,0.0,1.257,False,True,True,False,False,True,False,True
TREND_DOWN,DOWN_JAN,2026-01-30T06:27:00+00:00,TIMEOUT,-0.7,-0.896,0.144,-2.247,-0.502,-54222.35,-37976.57,-51865.51,0.0,1.204,False,True,True,False,False,True,False,True
TREND_DOWN,DOWN_JAN,2026-01-30T06:28:00+00:00,TIMEOUT,-0.691,-1.152,-0.023,-2.316,-0.599,-61130.33,-38407.66,-54222.35,0.0,1.167,False,True,True,False,False,False,True,True
TREND_DOWN,DOWN_JAN,2026-01-30T06:29:00+00:00,TIMEOUT,-0.597,-1.017,0.059,-2.329,-0.536,-62552.84,-39495.9,-61130.33,0.057,1.167,False,True,True,False,False,True,False,True
TREND_DOWN,DOWN_JAN,2026-01-30T06:30:00+00:00,TIMEOUT,-0.574,-1.108,-0.051,-2.286,-0.574,-65177.13,-40504.74,-62552.84,0.017,1.165,False,True,True,False,False,False,True,True
TREND_DOWN,DOWN_JAN,2026-01-30T06:31:00+00:00,TIMEOUT,-0.458,-0.993,0.047,-2.227,-0.476,-64909.1,-40589.98,-65177.13,0.115,1.165,False,False,True,False,False,True,False,True
TREND_DOWN,DOWN_JAN,2026-01-30T06:32:00+00:00,TIMEOUT,-0.47,-0.926,0.031,-2.239,-0.439,-53915.07,-44250.24,-64909.1,0.149,1.165,False,False,True,False,False,True,False,True
TREND_DOWN,DOWN_JAN,2026-01-30T06:33:00+00:00,TIMEOUT,-0.544,-1.03,-0.003,-2.29,-0.528,-52783.29,-44002.34,-53915.07,0.06,1.165,False,True,True,False,False,False,True,True
TREND_DOWN,DOWN_JAN,2026-01-30T06:34:00+00:00,TIMEOUT,-0.502,-0.922,0.04,-2.216,-0.45,-45916.52,-38580.87,-52783.29,0.137,1.165,False,False,True,False,False,True,False,True
TREND_DOWN,DOWN_JAN,2026-01-30T06:41:00+00:00,TIMEOUT,-0.628,-0.95,-0.198,-2.481,-0.623,-37031.97,-44030.28,-42143.44,0.03,1.25,False,True,True,False,False,False,True,True
TREND_DOWN,DOWN_JAN,2026-01-30T06:43:00+00:00,LOSS,-0.68,-1.095,-0.362,-2.603,-0.741,-46114.33,-52697.27,-47718.75,0.0,1.349,False,True,True,False,False,False,True,True
TREND_DOWN,DOWN_JAN,2026-01-30T06:44:00+00:00,LOSS,-0.747,-1.135,-0.399,-2.643,-0.802,-49123.39,-52607.42,-46114.33,0.0,1.419,False,True,True,False,False,False,True,True
TREND_DOWN,DOWN_JAN,2026-01-30T06:45:00+00:00,LOSS,-0.693,-1.002,-0.406,-2.691,-0.751,-47185.55,-55186.79,-49123.39,0.048,1.419,False,True,True,False,False,False,True,True
TREND_DOWN,DOWN_JAN,2026-01-30T06:46:00+00:00,LOSS,-0.763,-1.162,-0.455,-2.856,-0.9,-61960.83,-66284.33,-47185.55,0.0,1.526,False,True,True,False,True,False,True,True
TREND_DOWN,DOWN_JAN,2026-01-30T06:47:00+00:00,LOSS,-0.607,-1.04,-0.407,-2.714,-0.739,-58153.01,-66957.79,-61960.83,0.145,1.526,False,False,True,False,True,False,False,True
TREND_DOWN,DOWN_JAN,2026-01-30T06:48:00+00:00,LOSS,-0.469,-0.874,-0.199,-2.577,-0.576,-49408.03,-54855.65,-58153.01,0.307,1.526,False,False,True,False,True,False,False,True
TREND_DOWN,DOWN_JAN,2026-01-30T06:49:00+00:00,LOSS,-0.36,-0.792,-0.168,-2.482,-0.501,-48366.79,-52989.92,-49408.03,0.373,1.526,False,False,True,False,True,False,False,True
TREND_DOWN,DOWN_JAN,2026-01-30T07:27:00+00:00,TIMEOUT,0.228,0.325,-0.348,-1.297,-0.055,65474.84,4440.44,64180.08,0.79,1.526,False,False,False,False,True,True,False,False
TREND_DOWN,DOWN_JAN,2026-01-30T07:28:00+00:00,TIMEOUT,0.155,0.398,-0.407,-1.332,-0.086,64464.36,5606.19,65474.84,0.756,1.526,False,False,False,False,True,True,False,False
TREND_DOWN,DOWN_JAN,2026-01-30T07:29:00+00:00,TIMEOUT,0.071,0.301,-0.453,-1.334,-0.125,67971.18,6274.2,64464.36,0.716,1.526,False,False,False,False,True,True,False,False
TREND_DOWN,DOWN_JAN,2026-01-30T07:30:00+00:00,TIMEOUT,-0.053,0.275,-0.469,-1.294,-0.189,72769.69,12065.62,67971.18,0.65,1.526,False,False,False,False,True,True,False,False
TREND_DOWN,DOWN_JAN,2026-01-30T07:32:00+00:00,TIMEOUT,-0.147,0.108,-0.623,-1.487,-0.216,59425.98,4305.0,64189.41,0.615,1.526,False,False,False,False,False,True,False,False
TREND_DOWN,DOWN_JAN,2026-01-30T07:33:00+00:00,TIMEOUT,0.016,0.337,-0.551,-1.367,-0.074,62513.37,7606.87,59425.98,0.756,1.526,False,False,False,False,False,True,False,False
TREND_DOWN,DOWN_JAN,2026-01-30T07:34:00+00:00,TIMEOUT,0.0,0.265,-0.552,-1.278,-0.067,56526.47,7570.92,62513.37,0.76,1.526,False,False,False,False,False,True,False,False
TREND_DOWN,DOWN_JAN,2026-01-30T07:35:00+00:00,TIMEOUT,0.043,0.317,-0.597,-1.146,-0.057,58393.44,7493.26,56526.47,0.769,1.526,False,False,False,False,False,True,False,False
TREND_DOWN,DOWN_JAN,2026-01-30T07:39:00+00:00,TIMEOUT,-0.266,0.262,-0.387,-0.356,-0.192,56789.56,15473.38,56162.83,0.624,1.526,False,False,False,False,True,True,False,False
TREND_DOWN,DOWN_JAN,2026-01-30T07:40:00+00:00,TIMEOUT,-0.25,0.341,-0.384,-0.314,-0.198,59254.68,17074.42,56789.56,0.615,1.526,False,False,False,False,True,True,False,False
TREND_DOWN,DOWN_JAN,2026-01-30T07:41:00+00:00,TIMEOUT,-0.658,0.284,-0.469,0.392,-0.222,57687.08,15318.14,59254.68,0.589,1.526,False,False,True,False,True,True,False,False
TREND_DOWN,DOWN_JAN,2026-01-30T07:43:00+00:00,TIMEOUT,-0.561,0.421,-0.425,0.753,-0.209,69587.01,15457.5,65338.65,0.596,1.526,False,False,True,False,True,True,False,False
TREND_DOWN,DOWN_JAN,2026-01-30T08:06:00+00:00,TIMEOUT,0.039,-0.001,-0.235,0.599,-0.005,67996.27,31756.9,69380.42,0.292,1.526,False,False,True,False,True,True,False,False
TREND_DOWN,DOWN_JAN,2026-01-30T08:29:00+00:00,TIMEOUT,-0.124,0.046,-0.673,1.492,-0.001,19031.01,24449.35,21958.14,0.269,1.499,False,False,True,False,False,True,False,False
TREND_DOWN,DOWN_JAN,2026-01-30T08:30:00+00:00,TIMEOUT,-0.16,-0.01,-0.846,1.353,-0.119,12253.13,19845.69,19031.01,0.147,1.499,False,False,True,False,False,True,False,False
TREND_DOWN,DOWN_JAN,2026-01-30T08:31:00+00:00,TIMEOUT,-0.074,0.052,-0.873,1.689,-0.161,20086.19,19366.5,12253.13,0.102,1.48,False,False,True,False,False,True,False,False
TREND_DOWN,DOWN_JAN,2026-01-30T08:32:00+00:00,TIMEOUT,-0.234,-0.022,-0.84,1.485,-0.159,20137.75,25648.66,20086.19,0.1,1.462,False,False,True,False,False,True,False,False
TREND_DOWN,DOWN_JAN,2026-01-30T08:33:00+00:00,TIMEOUT,-0.175,-0.221,-0.915,1.322,-0.214,12612.42,22342.5,20137.75,0.041,1.462,False,True,True,False,False,True,False,False
TREND_DOWN,DOWN_JAN,2026-01-30T08:34:00+00:00,TIMEOUT,-0.328,-0.212,-0.87,1.093,-0.197,10824.55,21434.5,12612.42,0.054,1.43,False,True,True,False,False,True,False,False
TREND_DOWN,DOWN_JAN,2026-01-30T08:35:00+00:00,TIMEOUT,-0.229,-0.246,-0.842,0.943,-0.219,-368.71,13102.78,10824.55,0.029,1.418,False,True,True,False,False,True,False,False
TREND_DOWN,DOWN_JAN,2026-01-30T08:36:00+00:00,TIMEOUT,-0.285,-0.245,-0.906,1.07,-0.237,-3123.74,10563.08,-368.71,0.007,1.418,False,True,True,False,False,True,False,True
TREND_DOWN,DOWN_JAN,2026-01-30T08:37:00+00:00,TIMEOUT,-0.368,-0.229,-0.898,0.741,-0.261,8.44,13798.57,-3123.74,0.0,1.383,False,True,True,False,False,True,False,False
TREND_DOWN,DOWN_JAN,2026-01-30T08:38:00+00:00,TIMEOUT,-0.123,-0.066,-0.746,0.804,-0.156,2792.66,17164.83,8.44,0.103,1.331,False,False,True,False,False,True,False,False
TREND_DOWN,DOWN_JAN,2026-01-30T08:39:00+00:00,TIMEOUT,-0.178,-0.036,-0.699,0.831,-0.141,4160.21,20747.27,2792.66,0.115,1.296,False,False,True,False,False,True,False,False
TREND_DOWN,DOWN_JAN,2026-01-30T08:40:00+00:00,TIMEOUT,-0.285,-0.024,-0.678,0.585,-0.135,2267.9,19379.14,4160.21,0.118,1.285,False,False,True,False,False,True,False,False
TREND_DOWN,DOWN_JAN,2026-01-30T08:41:00+00:00,TIMEOUT,-0.329,-0.081,-0.749,0.448,-0.217,306.95,20962.06,2267.9,0.035,1.285,False,True,True,False,False,True,False,False
TREND_DOWN,DOWN_JAN,2026-01-30T08:42:00+00:00,TIMEOUT,-0.31,0.043,-0.73,0.556,-0.187,4508.76,22128.66,306.95,0.063,1.285,False,False,True,False,False,True,False,False
TREND_DOWN,DOWN_JAN,2026-01-30T08:43:00+00:00,TIMEOUT,-0.394,-0.03,-0.709,0.639,-0.156,1760.24,25232.92,4508.76,0.093,1.285,False,True,True,False,False,True,False,False
TREND_DOWN,DOWN_JAN,2026-01-30T08:44:00+00:00,TIMEOUT,-0.354,0.045,-0.613,0.737,-0.084,1101.07,24470.44,1760.24,0.163,1.285,False,False,True,False,False,True,False,False
TREND_DOWN,DOWN_JAN,2026-01-30T09:16:00+00:00,TIMEOUT,-0.109,-0.498,-0.282,0.225,-0.193,-29953.46,52953.83,-20931.53,0.013,1.255,False,True,True,False,False,True,False,True
TREND_DOWN,DOWN_JAN,2026-01-30T09:17:00+00:00,TIMEOUT,-0.053,-0.268,-0.16,0.238,-0.081,-30134.1,52399.99,-29953.46,0.122,1.255,False,False,True,False,False,True,False,True
TREND_DOWN,DOWN_JAN,2026-01-30T09:18:00+00:00,TIMEOUT,-0.084,-0.315,-0.227,0.209,-0.124,-30533.42,50162.77,-30134.1,0.079,1.255,False,True,True,False,False,True,False,True
TREND_DOWN,DOWN_JAN,2026-01-30T09:19:00+00:00,TIMEOUT,-0.13,-0.384,-0.147,0.206,-0.088,-25311.14,55182.02,-30533.42,0.114,1.255,False,False,True,False,False,True,False,True
TREND_DOWN,DOWN_JAN,2026-01-30T09:20:00+00:00,TIMEOUT,-0.079,-0.459,-0.169,0.231,-0.115,-25797.93,58161.38,-25311.14,0.086,1.255,False,True,True,False,False,True,False,True
TREND_DOWN,DOWN_JAN,2026-01-30T09:21:00+00:00,TIMEOUT,0.064,-0.417,-0.102,0.285,-0.093,-22102.62,63199.93,-25797.93,0.107,1.255,False,False,True,False,False,True,False,True
TREND_DOWN,DOWN_JAN,2026-01-30T09:22:00+00:00,TIMEOUT,0.035,-0.267,-0.123,0.371,-0.051,-19083.66,70254.24,-22102.62,0.15,1.255,False,False,True,False,False,True,False,True
TREND_DOWN,DOWN_JAN,2026-01-30T09:23:00+00:00,TIMEOUT,-0.071,-0.371,-0.146,0.285,-0.142,-19097.58,71134.25,-19083.66,0.057,1.255,False,True,True,False,False,True,False,True
TREND_DOWN,DOWN_JAN,2026-01-30T09:24:00+00:00,TIMEOUT,-0.122,-0.337,-0.062,0.258,-0.111,-17868.87,73180.23,-19097.58,0.087,1.255,False,True,True,False,False,True,False,True
TREND_DOWN,DOWN_JAN,2026-01-30T09:25:00+00:00,LOSS,-0.406,-0.662,-0.446,0.008,-0.421,-40489.99,39766.22,-17868.87,0.0,1.255,False,True,True,False,False,True,False,True
TREND_DOWN,DOWN_JAN,2026-01-30T09:26:00+00:00,TIMEOUT,-0.247,-0.411,-0.077,0.193,-0.197,-38197.47,47208.91,-40489.99,0.211,1.255,False,False,True,False,False,True,False,True
TREND_DOWN,DOWN_JAN,2026-01-30T09:27:00+00:00,TIMEOUT,-0.173,-0.353,0.057,0.202,-0.135,-38076.45,48205.6,-38197.47,0.272,1.255,False,False,True,False,False,True,False,True
TREND_DOWN,DOWN_JAN,2026-01-30T09:28:00+00:00,TIMEOUT,-0.279,-0.446,0.059,0.036,-0.243,-38066.73,48355.77,-38076.45,0.168,1.255,False,False,True,False,False,True,False,True
TREND_DOWN,DOWN_JAN,2026-01-30T09:29:00+00:00,LOSS,-0.313,-0.348,-0.003,0.056,-0.251,-37770.07,49232.12,-38066.73,0.162,1.255,False,False,True,False,False,True,False,True
TREND_DOWN,DOWN_JAN,2026-01-30T09:30:00+00:00,TIMEOUT,-0.346,-0.155,0.109,0.058,-0.18,-34809.32,50213.5,-37770.07,0.235,1.255,False,False,True,False,False,True,False,True
TREND_DOWN,DOWN_JAN,2026-01-30T09:42:00+00:00,TIMEOUT,-0.156,0.019,0.342,0.049,-0.13,-26595.05,43252.36,-21470.69,0.305,1.255,False,False,True,False,False,True,False,False
TREND_DOWN,DOWN_JAN,2026-01-30T09:43:00+00:00,TIMEOUT,-0.2,-0.071,0.32,-0.044,-0.195,-29087.18,42260.07,-26595.05,0.246,1.255,False,False,True,False,False,True,False,False
TREND_DOWN,DOWN_JAN,2026-01-30T09:45:00+00:00,LOSS,-0.401,-0.303,0.156,-0.25,-0.384,-32291.59,39055.27,-30670.45,0.063,1.255,False,True,True,False,False,True,False,True
TREND_DOWN,DOWN_JAN,2026-01-30T09:46:00+00:00,LOSS,-0.122,-0.231,0.362,-0.095,-0.335,-33197.04,54906.29,-32291.59,0.114,1.255,False,False,True,False,False,True,False,True
TREND_DOWN,DOWN_JAN,2026-01-30T09:47:00+00:00,LOSS,-0.247,-0.3,0.202,-0.206,-0.364,-33455.93,50846.13,-33197.04,0.098,1.108,False,True,True,False,False,True,False,True
TREND_DOWN,DOWN_JAN,2026-01-30T09:48:00+00:00,LOSS,-0.233,-0.317,0.011,-0.189,-0.397,-33788.04,41857.84,-33455.93,0.069,1.004,False,True,True,False,False,True,False,True
TREND_DOWN,DOWN_JAN,2026-01-30T09:49:00+00:00,LOSS,-0.323,-0.453,-0.111,-0.278,-0.459,-36167.38,41647.79,-33788.04,0.013,1.004,False,True,True,False,False,False,False,True
TREND_DOWN,DOWN_JAN,2026-01-30T09:50:00+00:00,LOSS,-0.303,-0.381,-0.168,-0.342,-0.469,-35260.83,39940.26,-36167.38,0.005,1.004,False,True,True,False,False,False,False,True
TREND_DOWN,DOWN_JAN,2026-01-30T09:51:00+00:00,LOSS,-0.402,-0.338,-0.337,-0.421,-0.548,-37523.75,31739.98,-35260.83,0.0,1.077,False,True,True,False,False,False,False,True
TREND_DOWN,DOWN_JAN,2026-01-30T09:52:00+00:00,LOSS,-0.319,-0.285,-0.357,-0.347,-0.417,-38371.07,27630.51,-37523.75,0.125,1.077,False,False,True,False,False,False,False,True
TREND_DOWN,DOWN_JAN,2026-01-30T09:53:00+00:00,LOSS,-0.155,-0.225,-0.287,-0.263,-0.341,-35501.17,27702.09,-38371.07,0.198,1.077,False,False,True,False,False,False,False,True
TREND_DOWN,DOWN_JAN,2026-01-30T09:54:00+00:00,LOSS,-0.203,-0.325,-0.329,-0.294,-0.357,-35627.37,25497.98,-35501.17,0.18,1.077,False,False,True,False,False,False,False,True
TREND_DOWN,DOWN_JAN,2026-01-30T09:55:00+00:00,LOSS,0.032,-0.374,-0.363,-0.385,-0.431,-39402.82,27562.92,-35627.37,0.105,1.077,False,False,True,False,False,False,False,True
TREND_DOWN,DOWN_JAN,2026-01-30T09:56:00+00:00,LOSS,-0.085,-0.331,-0.24,-0.347,-0.338,-38361.34,28502.95,-39402.82,0.198,1.077,False,False,True,False,False,False,False,True
TREND_DOWN,DOWN_JAN,2026-01-30T09:57:00+00:00,LOSS,-0.105,-0.277,-0.144,-0.341,-0.296,-33625.74,35020.69,-38361.34,0.24,1.077,False,False,True,False,False,False,False,True
TREND_DOWN,DOWN_JAN,2026-01-30T09:58:00+00:00,LOSS,-0.106,-0.384,-0.288,-0.455,-0.4,-34644.91,30882.54,-33625.74,0.135,1.077,False,False,True,False,False,False,False,True
TREND_DOWN,DOWN_JAN,2026-01-30T09:59:00+00:00,LOSS,-0.065,-0.377,-0.296,-0.387,-0.364,-34747.03,30558.43,-34644.91,0.17,1.077,False,False,True,False,False,False,False,True
TREND_DOWN,DOWN_JAN,2026-01-30T11:28:00+00:00,LOSS,-0.095,0.204,-0.099,-0.748,0.194,-7447.46,-44654.15,-7196.13,0.235,0.845,False,False,True,False,False,True,False,True
TREND_DOWN,DOWN_JAN,2026-01-30T11:29:00+00:00,LOSS,-0.111,0.259,0.042,-0.631,0.232,-6866.06,-41701.69,-7447.46,0.273,0.845,False,False,True,False,False,True,False,True
TREND_DOWN,DOWN_JAN,2026-01-30T11:30:00+00:00,LOSS,-0.082,0.22,0.156,-0.691,0.226,-6993.2,-38751.0,-6866.06,0.265,0.845,False,False,True,False,False,True,False,True
TREND_DOWN,DOWN_JAN,2026-01-30T11:31:00+00:00,LOSS,-0.067,0.231,0.236,-0.639,0.261,-5168.71,-36725.79,-6993.2,0.3,0.845,False,False,True,False,False,True,False,True
TREND_DOWN,DOWN_JAN,2026-01-30T11:32:00+00:00,LOSS,-0.058,0.259,0.253,-0.59,0.276,-5595.73,-38441.09,-5168.71,0.315,0.845,False,False,True,False,False,True,False,True
TREND_DOWN,DOWN_JAN,2026-01-30T11:38:00+00:00,LOSS,-0.038,0.291,0.246,-0.502,0.244,-11140.08,-31270.93,-6278.33,0.291,0.845,False,False,True,False,False,True,False,True
TREND_DOWN,DOWN_JAN,2026-01-30T11:49:00+00:00,LOSS,-0.123,-0.066,0.035,-0.416,0.154,-3569.46,-29506.21,-1108.58,0.0,0.879,False,True,True,False,False,True,False,True
TREND_DOWN,DOWN_JAN,2026-01-30T12:10:00+00:00,LOSS,0.226,0.287,0.443,0.194,0.408,17201.75,-12960.91,17857.6,0.404,1.309,False,False,True,False,False,True,False,False
TREND_DOWN,DOWN_JAN,2026-01-30T12:11:00+00:00,LOSS,0.095,0.252,0.403,0.203,0.389,17655.81,-12496.43,17201.75,0.387,1.309,False,False,True,False,False,True,False,False
TREND_DOWN,DOWN_JAN,2026-01-30T12:12:00+00:00,LOSS,0.052,0.188,0.387,0.24,0.345,16990.63,-12817.06,17655.81,0.346,1.309,False,False,True,False,False,True,False,False
TREND_DOWN,DOWN_JAN,2026-01-30T12:13:00+00:00,LOSS,0.152,0.196,0.438,0.274,0.38,16147.8,-11149.61,16990.63,0.382,1.309,False,False,True,False,False,True,False,False
TREND_DOWN,DOWN_JAN,2026-01-30T12:14:00+00:00,LOSS,0.17,0.072,0.352,0.176,0.278,14411.4,-11618.58,16147.8,0.283,1.309,False,False,True,False,False,True,False,False
TREND_DOWN,DOWN_JAN,2026-01-30T12:15:00+00:00,LOSS,0.191,0.085,0.31,0.173,0.267,14739.48,-11028.06,14411.4,0.273,1.309,False,False,True,False,False,True,False,False
TREND_DOWN,DOWN_JAN,2026-01-30T12:16:00+00:00,LOSS,0.163,0.064,0.552,0.269,0.278,15567.26,-692.12,14739.48,0.286,1.309,False,False,True,False,False,True,False,False
TREND_DOWN,DOWN_JAN,2026-01-30T12:17:00+00:00,LOSS,0.153,0.03,0.447,0.286,0.277,12739.86,708.47,15567.26,0.29,1.309,False,False,True,False,False,True,False,False
TREND_DOWN,DOWN_JAN,2026-01-30T12:18:00+00:00,LOSS,0.144,0.078,0.46,0.232,0.245,13746.43,3319.0,12739.86,0.26,1.309,False,False,True,False,False,True,False,False
TREND_DOWN,DOWN_JAN,2026-01-30T12:19:00+00:00,LOSS,0.232,0.109,0.397,0.249,0.215,13159.88,-2941.23,13746.43,0.232,1.309,False,False,True,False,False,True,False,False
TREND_DOWN,DOWN_JAN,2026-01-30T12:20:00+00:00,LOSS,0.09,0.125,0.399,0.23,0.184,14032.78,-2534.52,13159.88,0.205,1.309,False,False,True,False,False,True,False,False
TREND_DOWN,DOWN_JAN,2026-01-30T12:21:00+00:00,LOSS,-0.105,0.056,0.378,0.276,0.184,14293.85,-5528.55,14032.78,0.206,1.309,False,False,True,False,False,True,False,False
TREND_DOWN,DOWN_JAN,2026-01-30T12:22:00+00:00,LOSS,-0.268,0.057,0.291,0.168,0.138,15054.03,-6347.88,14293.85,0.162,1.309,False,False,True,False,False,True,False,False
TREND_DOWN,DOWN_JAN,2026-01-30T12:23:00+00:00,LOSS,-0.312,0.081,0.408,0.261,0.16,14153.46,-7075.96,15054.03,0.185,1.309,False,False,True,False,False,True,False,False
TREND_DOWN,DOWN_JAN,2026-01-30T12:24:00+00:00,LOSS,-0.614,-0.138,0.216,0.154,-0.002,14773.95,-7324.65,14153.46,0.025,1.309,False,True,True,False,False,True,False,False
TREND_DOWN,DOWN_JAN,2026-01-30T13:05:00+00:00,LOSS,-0.121,-0.671,0.336,-0.08,-0.265,6073.1,37353.31,8507.16,0.0,1.309,False,True,True,False,False,True,False,False
TREND_DOWN,DOWN_JAN,2026-01-30T13:06:00+00:00,LOSS,-0.221,-0.664,0.354,-0.145,-0.267,7554.64,37105.63,6073.1,0.0,1.309,False,True,True,False,False,True,False,False
TREND_DOWN,DOWN_JAN,2026-01-30T13:07:00+00:00,LOSS,-0.177,-0.597,0.395,-0.13,-0.275,8908.88,36838.75,7554.64,0.0,1.309,False,True,True,False,False,True,False,False
TREND_DOWN,DOWN_JAN,2026-01-30T13:08:00+00:00,LOSS,-0.184,-0.528,0.501,-0.086,-0.223,5895.93,33583.07,8908.88,0.053,1.309,False,True,True,False,False,True,False,False
TREND_DOWN,DOWN_JAN,2026-01-30T13:17:00+00:00,LOSS,-0.163,-0.266,0.518,-0.266,-0.167,11007.28,30598.35,11879.17,0.142,1.22,False,False,True,False,False,True,False,False
TREND_DOWN,DOWN_JAN,2026-01-30T13:59:00+00:00,LOSS,0.03,-0.051,-0.098,-0.069,-0.14,3198.4,30518.94,2795.09,0.184,0.841,False,False,True,False,False,True,False,False
TREND_DOWN,DOWN_JAN,2026-01-30T14:52:00+00:00,LOSS,0.19,0.58,0.155,0.752,0.141,37488.15,64223.77,45265.73,0.655,1.282,True,False,False,False,False,True,False,False
TREND_DOWN,DOWN_JAN,2026-01-30T14:53:00+00:00,LOSS,0.155,0.567,0.0,0.651,0.05,39824.23,63967.49,37488.15,0.567,1.282,True,False,True,False,False,True,False,False
TREND_DOWN,DOWN_JAN,2026-01-30T14:54:00+00:00,LOSS,0.123,0.483,-0.106,0.606,0.087,38698.47,48388.83,39824.23,0.524,1.282,True,False,True,False,False,True,False,False
TREND_DOWN,DOWN_JAN,2026-01-30T14:56:00+00:00,LOSS,0.105,0.456,-0.111,0.519,0.027,44330.65,53652.57,44058.57,0.462,1.282,True,False,True,False,False,True,False,False
TREND_DOWN,DOWN_JAN,2026-01-30T14:58:00+00:00,LOSS,-0.057,0.323,-0.254,0.39,-0.106,21840.21,34147.25,20442.23,0.323,1.282,False,False,True,False,False,True,False,False
TREND_DOWN,DOWN_JAN,2026-01-30T14:59:00+00:00,LOSS,0.141,0.442,-0.042,0.533,0.066,22554.96,35198.67,21840.21,0.442,1.282,False,False,True,False,False,True,False,False
TREND_DOWN,DOWN_JAN,2026-01-30T15:00:00+00:00,LOSS,0.028,0.324,-0.117,0.394,0.033,19827.3,38632.57,22554.96,0.324,1.282,False,False,True,False,False,True,False,False
TREND_DOWN,DOWN_JAN,2026-01-30T15:01:00+00:00,LOSS,0.442,0.415,-0.041,0.458,0.18,19951.36,35515.58,19827.3,0.465,1.282,False,False,True,False,False,True,False,False
TREND_DOWN,DOWN_JAN,2026-01-30T15:02:00+00:00,LOSS,0.081,0.409,-0.156,0.559,0.125,19270.61,31835.04,19951.36,0.409,1.282,False,False,True,False,False,True,False,False
TREND_DOWN,DOWN_JAN,2026-01-30T15:03:00+00:00,LOSS,0.041,0.526,0.149,0.7,0.293,15852.79,30496.34,19270.61,0.553,1.282,False,False,True,False,False,True,False,False
TREND_DOWN,DOWN_JAN,2026-01-30T15:04:00+00:00,LOSS,0.102,0.407,-0.01,0.585,0.219,14546.52,30380.53,15852.79,0.482,1.282,False,False,True,False,False,True,False,False
TREND_DOWN,DOWN_JAN,2026-01-30T15:12:00+00:00,TIMEOUT,0.037,0.525,0.619,1.008,0.479,-15895.0,27245.75,-12538.64,0.787,1.282,False,False,False,False,False,True,False,False
TREND_DOWN,DOWN_JAN,2026-01-30T15:18:00+00:00,LOSS,-0.256,0.338,0.447,0.909,0.201,-12587.94,23592.31,-9317.9,0.529,1.282,False,False,True,False,False,True,False,True
TREND_DOWN,DOWN_JAN,2026-01-30T15:20:00+00:00,LOSS,-0.25,0.273,0.416,0.816,0.111,-10076.62,27178.52,-11369.7,0.443,1.282,False,False,True,False,False,True,False,True
TREND_DOWN,DOWN_JAN,2026-01-30T15:21:00+00:00,LOSS,-0.572,-0.005,0.207,0.586,-0.098,-12386.07,24983.33,-10076.62,0.235,1.282,False,False,True,False,False,True,False,True
TREND_DOWN,DOWN_JAN,2026-01-30T15:22:00+00:00,LOSS,0.019,0.209,0.443,0.736,0.094,-22823.66,21979.37,-12386.07,0.427,1.282,False,False,True,False,False,True,False,True
TREND_DOWN,DOWN_JAN,2026-01-30T15:23:00+00:00,LOSS,0.251,0.407,0.565,0.975,0.237,-23898.03,21683.72,-22823.66,0.572,1.282,False,False,True,False,False,True,False,True
TREND_DOWN,DOWN_JAN,2026-01-30T15:24:00+00:00,LOSS,-0.026,0.096,0.485,0.703,-0.005,-28595.61,16157.11,-23898.03,0.332,1.282,False,False,True,False,False,True,False,True
TREND_DOWN,DOWN_JAN,2026-01-30T15:25:00+00:00,LOSS,-0.269,0.024,0.442,0.913,-0.114,-29180.9,9292.9,-28595.61,0.229,1.282,False,False,True,False,False,True,False,True
TREND_DOWN,DOWN_JAN,2026-01-30T15:26:00+00:00,LOSS,-0.338,-0.234,0.118,0.427,-0.393,-42741.93,-4698.24,-29180.9,0.0,1.282,False,True,True,False,False,True,False,True
TREND_DOWN,DOWN_JAN,2026-01-30T15:27:00+00:00,LOSS,-0.303,-0.245,0.019,0.287,-0.463,-49868.84,-13594.57,-42741.93,0.0,1.282,False,True,True,False,False,True,False,True
TREND_DOWN,DOWN_JAN,2026-01-30T15:28:00+00:00,LOSS,-0.339,-0.397,-0.062,0.329,-0.519,-51412.79,-14292.37,-49868.84,0.0,1.282,False,True,True,False,False,True,True,True
TREND_DOWN,DOWN_JAN,2026-01-30T15:29:00+00:00,LOSS,-0.57,-0.43,-0.12,0.274,-0.576,-52965.0,-15912.84,-51412.79,0.0,1.282,False,True,True,False,False,True,True,True
TREND_DOWN,DOWN_JAN,2026-01-30T15:30:00+00:00,LOSS,-0.561,-0.533,-0.187,0.177,-0.597,-55883.51,-18215.2,-52965.0,0.0,1.282,False,True,True,False,False,True,True,True
TREND_DOWN,DOWN_JAN,2026-01-30T15:31:00+00:00,LOSS,-0.868,-0.43,-0.355,0.026,-0.753,-47151.96,-12999.84,-55883.51,0.0,1.418,False,True,True,False,False,True,True,True
TREND_DOWN,DOWN_JAN,2026-01-30T15:32:00+00:00,LOSS,-0.785,-0.705,-0.339,-0.046,-0.712,-53793.77,-18616.28,-47151.96,0.027,1.418,False,True,True,False,False,False,True,True
TREND_DOWN,DOWN_JAN,2026-01-30T15:33:00+00:00,LOSS,-0.743,-0.703,0.011,0.19,-0.493,-64659.53,-24174.61,-53793.77,0.237,1.418,False,False,True,False,False,True,False,True
TREND_DOWN,DOWN_JAN,2026-01-30T15:34:00+00:00,LOSS,-0.417,-0.316,0.236,0.416,-0.23,-59849.93,-21007.66,-64659.53,0.495,1.418,False,False,True,False,False,True,False,True
TREND_DOWN,DOWN_JAN,2026-01-30T15:38:00+00:00,LOSS,-0.378,-0.24,0.432,0.733,0.078,-54091.71,-15534.84,-41763.97,0.805,1.418,False,False,False,False,False,True,False,False
TREND_DOWN,DOWN_JAN,2026-01-30T15:53:00+00:00,LOSS,-0.287,-0.037,0.372,0.841,-0.031,-75019.68,-33789.95,-73505.9,0.717,1.418,False,False,False,False,False,True,False,False
TREND_DOWN,DOWN_JAN,2026-01-30T15:54:00+00:00,LOSS,-0.06,-0.087,0.367,0.846,-0.044,-77418.63,-36923.85,-75019.68,0.704,1.418,False,False,False,False,False,True,False,False
TREND_DOWN,DOWN_JAN,2026-01-30T15:55:00+00:00,LOSS,0.05,-0.219,0.361,0.931,-0.035,-83460.64,-36861.07,-77418.63,0.713,1.418,False,False,False,False,False,True,False,False
TREND_DOWN,DOWN_JAN,2026-01-30T15:56:00+00:00,LOSS,0.204,-0.135,0.259,0.717,-0.154,-85754.08,-40000.15,-83460.64,0.593,1.418,False,False,True,False,False,True,False,True
TREND_DOWN,DOWN_JAN,2026-01-30T15:57:00+00:00,LOSS,0.245,-0.058,0.234,0.638,-0.191,-62466.62,-39256.43,-85754.08,0.557,1.418,False,False,True,False,False,True,False,True
TREND_DOWN,DOWN_JAN,2026-01-30T15:58:00+00:00,LOSS,0.253,-0.087,0.161,0.69,-0.244,-63859.88,-39224.58,-62466.62,0.502,1.418,False,False,True,False,False,True,False,True
TREND_DOWN,DOWN_JAN,2026-01-30T15:59:00+00:00,LOSS,0.324,-0.248,0.142,0.664,-0.234,-63946.79,-38193.43,-63859.88,0.512,1.418,False,False,True,False,False,True,False,True
TREND_DOWN,DOWN_JAN,2026-01-30T16:00:00+00:00,LOSS,0.347,-0.216,0.139,0.633,-0.235,-64468.04,-38895.0,-63946.79,0.511,1.418,False,False,True,False,False,True,False,True
TREND_DOWN,DOWN_JAN,2026-01-30T16:01:00+00:00,LOSS,0.503,-0.369,0.169,0.652,-0.242,-65202.27,-42638.68,-64468.04,0.503,1.418,False,False,True,False,False,True,False,True
TREND_DOWN,DOWN_JAN,2026-01-30T16:02:00+00:00,LOSS,0.582,-0.207,0.226,0.772,-0.136,-61108.42,-38917.15,-65202.27,0.61,1.418,False,False,False,False,False,True,False,False
TREND_DOWN,DOWN_JAN,2026-01-30T16:03:00+00:00,LOSS,0.315,-0.431,0.221,0.718,-0.194,-59435.88,-39050.56,-61108.42,0.552,1.418,False,False,True,False,False,True,False,True
TREND_DOWN,DOWN_JAN,2026-01-30T16:04:00+00:00,LOSS,-0.174,-0.591,0.092,0.574,-0.424,-60856.69,-38983.32,-59435.88,0.32,1.418,False,False,True,False,False,True,False,True
TREND_DOWN,DOWN_JAN,2026-01-30T16:05:00+00:00,LOSS,-0.531,-0.833,0.219,0.556,-0.38,-63226.41,-36490.43,-60856.69,0.365,1.418,False,False,True,False,False,True,False,True
TREND_DOWN,DOWN_JAN,2026-01-30T16:10:00+00:00,LOSS,-0.44,-0.654,0.255,0.908,-0.177,-49851.58,-32227.57,-52175.52,0.577,1.418,False,False,True,False,False,True,False,True
TREND_DOWN,DOWN_JAN,2026-01-30T16:18:00+00:00,LOSS,-0.193,-0.359,0.284,0.749,-0.157,-50663.69,-38492.56,-52905.37,0.601,1.418,False,False,False,False,False,True,False,False
TREND_DOWN,DOWN_JAN,2026-01-30T16:20:00+00:00,LOSS,-0.195,-0.251,0.351,0.585,-0.135,-56309.0,-41972.17,-51280.6,0.623,1.418,False,False,False,False,False,True,False,False
TREND_DOWN,DOWN_JAN,2026-01-30T16:21:00+00:00,LOSS,-0.256,-0.206,0.133,0.413,-0.297,-55232.08,-43353.99,-56309.0,0.461,1.418,False,False,True,False,False,True,False,True
TREND_DOWN,DOWN_JAN,2026-01-30T16:22:00+00:00,LOSS,-0.269,-0.334,0.2,0.564,-0.234,-52647.6,-43144.89,-55232.08,0.524,1.418,False,False,True,False,False,True,False,True
TREND_DOWN,DOWN_JAN,2026-01-30T16:23:00+00:00,LOSS,-0.309,-0.595,0.102,0.393,-0.351,-55010.32,-46956.43,-52647.6,0.406,1.418,False,False,True,False,False,True,False,True
TREND_DOWN,DOWN_JAN,2026-01-30T16:24:00+00:00,LOSS,-0.481,-0.541,-0.038,0.141,-0.535,-55993.66,-52766.25,-55010.32,0.219,1.418,False,False,True,False,False,True,False,True
TREND_DOWN,DOWN_JAN,2026-01-30T16:25:00+00:00,LOSS,-0.416,-0.366,0.094,0.251,-0.456,-57143.68,-54484.24,-55993.66,0.294,1.418,False,False,True,False,False,True,False,True
TREND_DOWN,DOWN_JAN,2026-01-30T16:26:00+00:00,LOSS,-0.265,-0.062,0.123,0.228,-0.419,-42353.03,-53533.69,-57143.68,0.327,1.418,False,False,True,False,False,True,False,True
TREND_DOWN,DOWN_JAN,2026-01-30T16:45:00+00:00,LOSS,0.285,0.127,0.532,0.873,0.183,-42389.74,-66250.09,-34247.59,0.761,1.418,False,False,False,False,False,True,False,False
TREND_DOWN,DOWN_JAN,2026-01-30T16:46:00+00:00,LOSS,0.361,0.185,0.485,0.742,0.164,-39944.93,-69335.48,-42389.74,0.743,1.418,False,False,False,False,False,True,False,False
TREND_DOWN,DOWN_JAN,2026-01-30T16:48:00+00:00,LOSS,0.312,0.118,0.556,0.639,0.112,-38204.99,-69215.13,-38134.7,0.693,1.418,False,False,False,False,False,True,False,False
TREND_DOWN,DOWN_JAN,2026-01-30T16:49:00+00:00,LOSS,0.113,0.135,0.525,0.508,0.027,-36132.28,-70516.58,-38204.99,0.609,1.418,False,False,False,False,False,True,False,False
TREND_DOWN,DOWN_JAN,2026-01-30T16:50:00+00:00,LOSS,0.186,-0.009,0.525,0.448,0.008,-43648.58,-77493.45,-36132.28,0.59,1.418,False,False,True,False,False,True,False,True
TREND_DOWN,DOWN_JAN,2026-01-30T16:51:00+00:00,LOSS,0.288,0.031,0.43,0.472,-0.053,-42987.81,-77079.24,-43648.58,0.529,1.418,False,False,True,False,False,True,False,True
TREND_DOWN,DOWN_JAN,2026-01-30T16:52:00+00:00,LOSS,0.272,0.003,0.536,0.413,-0.007,-36843.56,-72861.31,-42987.81,0.577,1.418,False,False,True,False,False,True,False,True
TREND_DOWN,DOWN_JAN,2026-01-30T16:53:00+00:00,LOSS,0.466,0.156,0.687,0.383,0.068,-34588.74,-69784.19,-36843.56,0.653,1.418,False,False,False,False,False,True,False,False
TREND_DOWN,DOWN_JAN,2026-01-30T16:54:00+00:00,LOSS,0.574,0.09,0.486,0.382,-0.012,-36720.55,-75440.71,-34588.74,0.574,1.418,False,False,True,False,False,True,False,True
TREND_DOWN,DOWN_JAN,2026-01-30T16:55:00+00:00,LOSS,0.543,0.125,0.538,0.523,0.031,-34957.38,-74359.45,-36720.55,0.618,1.418,False,False,False,False,False,True,False,False
TREND_DOWN,DOWN_JAN,2026-01-30T16:56:00+00:00,LOSS,0.496,0.229,0.551,0.45,0.015,-30146.34,-71569.77,-34957.38,0.603,1.418,False,False,False,False,False,True,False,False
TREND_DOWN,DOWN_JAN,2026-01-30T16:57:00+00:00,LOSS,0.034,0.228,0.513,0.398,-0.023,-31990.45,-74014.84,-30146.34,0.565,1.418,False,False,True,False,False,True,False,True
TREND_DOWN,DOWN_JAN,2026-01-30T16:58:00+00:00,LOSS,-0.027,0.275,0.511,0.414,-0.032,-31510.02,-73529.69,-31990.45,0.558,1.418,False,False,True,False,False,True,False,True
TREND_DOWN,DOWN_JAN,2026-01-30T16:59:00+00:00,LOSS,-0.013,0.31,0.504,0.405,0.013,-32379.65,-73771.48,-31510.02,0.603,1.418,False,False,False,False,False,True,False,False
TREND_DOWN,DOWN_JAN,2026-01-30T17:00:00+00:00,LOSS,-0.219,0.135,0.243,0.265,-0.163,-34494.2,-79134.94,-32379.65,0.426,1.418,False,False,True,False,False,True,False,True
TREND_DOWN,DOWN_JAN,2026-01-30T17:01:00+00:00,LOSS,-0.251,0.049,0.093,0.153,-0.257,-39206.41,-84457.32,-34494.2,0.332,1.418,False,False,True,False,False,True,False,True
TREND_DOWN,DOWN_JAN,2026-01-30T17:02:00+00:00,LOSS,-0.399,-0.083,0.118,0.121,-0.282,-44363.98,-86201.79,-39206.41,0.307,1.418,False,False,True,False,False,True,False,True
TREND_DOWN,DOWN_JAN,2026-01-30T17:03:00+00:00,LOSS,-0.356,-0.145,-0.053,0.005,-0.4,-46272.69,-89855.78,-44363.98,0.186,1.418,False,False,True,False,False,True,False,True
TREND_DOWN,DOWN_JAN,2026-01-30T17:04:00+00:00,LOSS,-0.408,0.0,-0.186,-0.092,-0.483,-44645.69,-90955.86,-46272.69,0.101,1.418,False,False,True,False,False,False,False,True
TREND_DOWN,DOWN_JAN,2026-01-30T17:05:00+00:00,LOSS,-0.548,-0.002,-0.245,-0.025,-0.438,-41590.85,-93852.45,-44645.69,0.144,1.418,False,False,True,False,False,False,False,True
TREND_DOWN,DOWN_JAN,2026-01-30T17:06:00+00:00,LOSS,-0.625,-0.416,-0.314,-0.211,-0.561,-47001.22,-99377.09,-41590.85,0.017,1.418,False,True,True,False,False,False,True,True
TREND_DOWN,DOWN_JAN,2026-01-30T17:07:00+00:00,LOSS,-0.836,-0.523,-0.256,-0.098,-0.551,-50185.11,-95882.92,-47001.22,0.025,1.418,False,True,True,False,False,False,True,True
TREND_DOWN,DOWN_JAN,2026-01-30T17:08:00+00:00,LOSS,-0.809,-0.474,-0.196,-0.081,-0.513,-44388.04,-94445.79,-50185.11,0.061,1.418,False,True,True,False,False,False,True,True
TREND_DOWN,DOWN_JAN,2026-01-30T17:09:00+00:00,LOSS,-0.559,-0.25,-0.092,0.098,-0.383,-39851.66,-92093.02,-44388.04,0.19,1.418,False,False,True,False,False,True,False,True
TREND_DOWN,DOWN_JAN,2026-01-30T17:10:00+00:00,LOSS,-0.567,-0.047,-0.144,0.158,-0.263,-36962.08,-97619.2,-39851.66,0.309,1.418,False,False,True,False,False,True,False,True
TREND_DOWN,DOWN_JAN,2026-01-30T17:11:00+00:00,LOSS,-0.629,-0.217,-0.314,0.063,-0.34,-38072.86,-102884.72,-36962.08,0.232,1.418,False,False,True,False,False,True,False,True
TREND_DOWN,DOWN_JAN,2026-01-30T17:12:00+00:00,LOSS,-0.621,-0.232,-0.22,0.062,-0.318,-38561.73,-104499.19,-38072.86,0.253,1.418,False,False,True,False,False,True,False,True
TREND_DOWN,DOWN_JAN,2026-01-30T17:13:00+00:00,LOSS,-0.826,-0.392,-0.339,-0.094,-0.446,-39839.66,-105810.71,-38561.73,0.125,1.418,False,False,True,False,False,False,False,True
TREND_DOWN,DOWN_JAN,2026-01-30T17:14:00+00:00,LOSS,-0.77,-0.403,-0.26,-0.126,-0.452,-37616.36,-104474.46,-39839.66,0.118,1.418,False,False,True,False,False,False,False,True
TREND_DOWN,DOWN_JAN,2026-01-30T17:15:00+00:00,LOSS,-0.63,-0.346,-0.203,-0.095,-0.442,-41561.86,-102473.13,-37616.36,0.127,1.418,False,False,True,False,False,False,False,True
TREND_DOWN,DOWN_JAN,2026-01-30T17:16:00+00:00,LOSS,-0.585,-0.226,-0.282,-0.102,-0.413,-39405.47,-100957.37,-41561.86,0.154,1.418,False,False,True,False,False,False,False,True
TREND_DOWN,DOWN_JAN,2026-01-30T17:31:00+00:00,LOSS,0.377,0.125,0.498,0.598,0.128,-38946.45,-119834.94,-38027.75,0.693,1.418,False,False,False,False,False,True,False,False
TREND_DOWN,DOWN_JAN,2026-01-30T17:33:00+00:00,LOSS,0.181,-0.175,-0.355,0.196,-0.217,-44472.35,-134477.93,-37081.86,0.35,1.418,False,False,True,False,False,True,False,False
TREND_DOWN,DOWN_JAN,2026-01-30T17:35:00+00:00,LOSS,0.199,-0.35,-0.318,0.215,-0.238,-44944.48,-131709.58,-42780.19,0.325,1.418,False,False,True,False,False,True,False,True
TREND_DOWN,DOWN_JAN,2026-01-30T17:38:00+00:00,LOSS,0.519,-0.294,-0.244,0.476,0.001,-43996.98,-127806.23,-41831.15,0.563,1.418,False,False,True,False,False,True,False,True
TREND_DOWN,DOWN_JAN,2026-01-30T17:39:00+00:00,LOSS,0.289,-0.272,-0.477,0.291,-0.095,-43963.05,-130087.29,-43996.98,0.462,1.418,False,False,True,False,False,True,False,True
TREND_DOWN,DOWN_JAN,2026-01-30T17:40:00+00:00,LOSS,0.234,-0.334,-0.28,0.332,-0.027,-43837.28,-131516.81,-43963.05,0.527,1.418,False,False,True,False,False,True,False,True
TREND_DOWN,DOWN_JAN,2026-01-30T17:41:00+00:00,LOSS,0.293,-0.337,-0.278,0.2,-0.042,-43073.75,-133099.75,-43837.28,0.509,1.418,False,False,True,False,False,True,False,True
TREND_DOWN,DOWN_JAN,2026-01-30T17:42:00+00:00,LOSS,0.266,-0.357,-0.44,0.191,-0.047,-45779.01,-136728.5,-43073.75,0.502,1.418,False,False,True,False,False,True,False,True
TREND_DOWN,DOWN_JAN,2026-01-30T17:43:00+00:00,LOSS,0.393,-0.437,-0.64,0.254,-0.045,-47608.33,-146721.04,-45779.01,0.501,1.418,False,False,True,False,False,True,False,True
TREND_DOWN,DOWN_JAN,2026-01-30T17:44:00+00:00,LOSS,0.487,-0.286,-0.572,0.459,0.051,-44380.46,-149922.43,-47608.33,0.589,1.418,False,False,True,False,False,True,False,True
TREND_DOWN,DOWN_JAN,2026-01-30T17:45:00+00:00,LOSS,0.489,-0.144,-0.573,0.5,0.068,-37543.99,-153617.4,-44380.46,0.599,1.418,False,False,True,False,False,True,False,True
TREND_DOWN,DOWN_JAN,2026-01-30T17:47:00+00:00,LOSS,0.265,-0.174,-0.552,0.376,0.02,-36938.97,-149042.04,-34196.35,0.53,1.359,False,False,True,False,False,True,False,True
TREND_DOWN,DOWN_JAN,2026-01-30T17:50:00+00:00,LOSS,0.051,-0.07,-0.384,0.371,0.004,-30768.02,-152911.03,-35762.07,0.503,1.359,False,False,True,False,False,True,False,False
TREND_DOWN,DOWN_JAN,2026-01-30T17:52:00+00:00,LOSS,-0.215,-0.097,-0.141,0.014,-0.033,-34987.01,-145336.47,-30381.53,0.462,1.359,False,False,True,False,False,True,False,True
TREND_DOWN,DOWN_JAN,2026-01-30T17:53:00+00:00,LOSS,-0.287,-0.205,-0.086,-0.085,-0.063,-36828.26,-146436.68,-34987.01,0.429,1.359,False,False,True,False,False,False,False,True
TREND_DOWN,DOWN_JAN,2026-01-30T17:59:00+00:00,LOSS,-0.522,-0.254,-0.192,-0.234,-0.164,-36087.77,-132414.21,-31773.89,0.33,1.359,False,False,True,False,False,False,False,True
TREND_DOWN,DOWN_JAN,2026-01-30T18:00:00+00:00,LOSS,-0.366,-0.021,-0.102,-0.219,-0.105,-31366.72,-130328.96,-36087.77,0.388,1.359,False,False,True,False,False,False,False,True
TREND_DOWN,DOWN_JAN,2026-01-30T18:01:00+00:00,LOSS,-0.249,0.127,-0.194,-0.235,-0.051,-23655.17,-128063.85,-31366.72,0.442,1.359,False,False,True,False,False,True,False,True
TREND_DOWN,DOWN_JAN,2026-01-30T18:08:00+00:00,LOSS,-0.163,0.356,-0.545,-0.082,-0.07,-23749.88,-119373.56,-18456.49,0.356,1.359,False,False,True,False,False,True,False,True
TREND_DOWN,DOWN_JAN,2026-01-30T18:09:00+00:00,LOSS,-0.183,0.106,-0.752,-0.14,-0.185,-27164.3,-119191.48,-23749.88,0.178,1.359,False,False,True,False,False,True,False,True
TREND_DOWN,DOWN_JAN,2026-01-30T18:10:00+00:00,LOSS,-0.356,-0.122,-0.822,-0.251,-0.292,-29476.06,-116289.72,-27164.3,0.069,1.359,False,True,True,False,False,False,True,True
TREND_DOWN,DOWN_JAN,2026-01-30T18:11:00+00:00,LOSS,-0.339,-0.047,-0.942,-0.235,-0.289,-25353.34,-115699.42,-29476.06,0.067,1.359,False,True,True,False,False,False,True,True
TREND_DOWN,DOWN_JAN,2026-01-30T18:12:00+00:00,LOSS,-0.36,-0.095,-0.835,-0.222,-0.306,-27113.67,-115717.86,-25353.34,0.039,1.223,False,True,True,False,False,False,True,True
TREND_DOWN,DOWN_JAN,2026-01-30T18:13:00+00:00,LOSS,-0.335,0.056,-0.664,-0.233,-0.278,-24866.3,-119966.14,-27113.67,0.063,1.181,False,False,True,False,False,True,False,True
TREND_DOWN,DOWN_JAN,2026-01-30T18:15:00+00:00,LOSS,-0.585,-0.099,-0.781,-0.279,-0.422,-29903.72,-123084.31,-26152.7,0.0,1.181,False,True,True,False,False,False,True,True
TREND_DOWN,DOWN_JAN,2026-01-30T18:16:00+00:00,LOSS,-0.72,-0.264,-1.056,-0.429,-0.553,-35507.83,-129022.96,-29903.72,0.0,1.181,False,True,True,False,False,False,True,True
TREND_DOWN,DOWN_JAN,2026-01-30T18:17:00+00:00,LOSS,-0.698,-0.435,-0.955,-0.477,-0.585,-39406.94,-129248.64,-35507.83,0.0,1.181,False,True,True,False,False,False,True,True
TREND_DOWN,DOWN_JAN,2026-01-30T18:18:00+00:00,LOSS,-1.055,-0.68,-1.159,-0.717,-0.849,-55244.09,-146490.06,-39406.94,0.0,1.391,False,True,True,False,False,False,True,True
TREND_DOWN,DOWN_JAN,2026-01-30T18:19:00+00:00,LOSS,-1.175,-0.94,-1.192,-0.783,-0.919,-65501.41,-152492.36,-55244.09,0.0,1.486,False,True,True,False,False,False,True,True
TREND_DOWN,DOWN_JAN,2026-01-30T18:20:00+00:00,LOSS,-1.182,-1.132,-1.315,-0.905,-1.048,-67686.6,-156158.67,-65501.41,0.0,1.638,False,True,True,False,False,False,True,True
TREND_DOWN,DOWN_JAN,2026-01-30T18:21:00+00:00,LOSS,-1.293,-1.238,-1.104,-0.899,-1.024,-77739.51,-165512.92,-67686.6,0.007,1.638,False,True,True,False,False,False,True,True
TREND_DOWN,DOWN_JAN,2026-01-30T18:22:00+00:00,LOSS,-1.351,-1.563,-1.508,-1.072,-1.222,-101597.02,-185484.39,-77739.51,0.0,1.854,False,True,True,False,False,False,True,True
TREND_DOWN,DOWN_JAN,2026-01-30T18:23:00+00:00,LOSS,-1.285,-1.568,-1.616,-1.06,-1.154,-92487.4,-181970.36,-101597.02,0.035,1.854,False,True,True,False,False,False,True,True
TREND_DOWN,DOWN_JAN,2026-01-30T18:24:00+00:00,LOSS,-1.181,-1.503,-1.294,-0.815,-1.046,-85747.4,-171293.55,-92487.4,0.123,1.854,False,False,True,False,False,False,False,True
TREND_DOWN,DOWN_JAN,2026-01-30T18:25:00+00:00,LOSS,-1.192,-1.572,-1.141,-0.704,-0.981,-75810.96,-164031.22,-85747.4,0.175,1.854,False,False,True,False,False,False,False,True
TREND_DOWN,DOWN_JAN,2026-01-30T18:26:00+00:00,LOSS,-0.747,-1.166,-0.411,-0.294,-0.51,-69635.37,-143032.77,-75810.96,0.641,1.854,False,False,False,False,True,False,False,False
TREND_DOWN,DOWN_JAN,2026-01-30T18:27:00+00:00,LOSS,-0.803,-1.03,-0.349,-0.33,-0.52,-70497.88,-139718.72,-69635.37,0.625,1.854,False,False,False,False,True,False,False,False
TREND_DOWN,DOWN_JAN,2026-01-30T18:28:00+00:00,LOSS,-0.833,-1.278,-0.416,-0.478,-0.646,-77588.49,-139721.72,-70497.88,0.495,1.854,False,False,True,False,True,False,False,True
TREND_DOWN,DOWN_JAN,2026-01-30T18:29:00+00:00,LOSS,-0.526,-1.046,-0.149,-0.269,-0.438,-75201.55,-138505.31,-77588.49,0.704,1.854,False,False,False,False,True,False,False,False
TREND_DOWN,DOWN_JAN,2026-01-30T18:30:00+00:00,LOSS,-0.708,-1.071,-0.249,-0.435,-0.562,-73459.91,-139554.38,-75201.55,0.578,1.854,False,False,True,False,True,False,False,True
TREND_DOWN,DOWN_JAN,2026-01-30T18:31:00+00:00,LOSS,-0.733,-0.98,-0.058,-0.413,-0.532,-72859.42,-145542.4,-73459.91,0.607,1.854,False,False,False,False,True,False,False,False
TREND_DOWN,DOWN_JAN,2026-01-30T18:32:00+00:00,LOSS,-1.04,-1.082,-0.242,-0.58,-0.693,-68729.96,-136387.68,-72859.42,0.449,1.854,False,False,True,False,True,False,False,True
TREND_DOWN,DOWN_JAN,2026-01-30T19:41:00+00:00,TIMEOUT,0.2,2.113,1.002,1.644,1.067,61134.25,-55469.69,62122.52,2.113,3.218,False,False,False,False,False,True,False,False
TREND_DOWN,DOWN_JAN,2026-01-30T19:42:00+00:00,TIMEOUT,0.345,2.087,1.083,1.821,1.158,59592.63,-55702.26,61134.25,2.087,3.218,False,False,False,False,False,True,False,False
TREND_DOWN,DOWN_JAN,2026-01-30T19:43:00+00:00,TIMEOUT,0.153,1.613,0.996,1.72,1.146,50376.06,-60034.76,59592.63,1.613,3.218,False,False,False,False,False,True,False,False
TREND_DOWN,DOWN_JAN,2026-01-30T19:45:00+00:00,TIMEOUT,-0.063,1.223,1.046,1.584,0.993,51204.41,-48762.6,42836.47,1.302,3.218,False,False,False,False,False,True,False,False
TREND_DOWN,DOWN_JAN,2026-01-30T19:46:00+00:00,TIMEOUT,-0.086,1.368,1.131,1.622,1.056,48878.53,-48415.35,51204.41,1.368,3.218,False,False,False,False,False,True,False,False
TREND_DOWN,DOWN_JAN,2026-01-30T19:47:00+00:00,TIMEOUT,0.017,0.861,1.236,1.824,1.137,30330.76,-47976.88,48878.53,1.013,3.218,False,False,False,False,False,True,False,False
TREND_DOWN,DOWN_JAN,2026-01-30T19:48:00+00:00,TIMEOUT,-0.025,0.859,1.226,1.79,1.095,29088.14,-46896.74,30330.76,0.974,3.218,False,False,False,False,False,True,False,False
TREND_DOWN,DOWN_JAN,2026-01-30T19:49:00+00:00,TIMEOUT,-0.019,0.9,1.414,1.946,1.194,32137.61,-43842.08,29088.14,1.076,3.218,False,False,False,False,False,True,False,False
TREND_DOWN,DOWN_JAN,2026-01-30T19:51:00+00:00,TIMEOUT,-0.147,1.13,1.548,1.985,1.237,33592.27,-41433.98,33058.42,1.13,3.218,False,False,False,False,False,True,False,False
TREND_DOWN,DOWN_JAN,2026-01-30T20:01:00+00:00,TIMEOUT,-0.256,0.162,1.441,1.536,0.866,-277.63,-34084.27,-2862.01,0.162,3.218,False,False,True,False,False,True,False,True
TREND_DOWN,DOWN_JAN,2026-01-30T20:03:00+00:00,TIMEOUT,-0.443,-0.095,1.577,1.523,0.842,-2329.26,-28465.12,3330.92,0.141,3.218,False,False,True,False,False,True,False,False
TREND_DOWN,DOWN_JAN,2026-01-30T20:04:00+00:00,TIMEOUT,-0.518,-0.25,1.608,1.419,0.778,-18976.92,-26315.47,-2329.26,0.087,3.218,False,True,True,False,False,True,False,True
TREND_DOWN,DOWN_JAN,2026-01-30T20:05:00+00:00,TIMEOUT,-0.705,-0.36,1.444,1.195,0.652,-21658.92,-30324.86,-18976.92,0.0,3.218,False,True,True,False,False,True,False,True
TREND_DOWN,DOWN_JAN,2026-01-30T20:06:00+00:00,TIMEOUT,-0.93,-0.716,1.225,0.907,0.3,-42516.13,-40748.66,-21658.92,0.0,3.218,False,True,True,False,False,True,False,True
TREND_DOWN,DOWN_JAN,2026-01-30T20:07:00+00:00,TIMEOUT,-0.814,-0.362,1.336,1.076,0.409,-32596.02,-43112.36,-42516.13,0.117,3.218,False,False,True,False,False,True,False,True
TREND_DOWN,DOWN_JAN,2026-01-30T20:08:00+00:00,TIMEOUT,-0.568,-0.343,1.456,1.257,0.556,-30126.68,-41096.49,-32596.02,0.272,3.218,False,False,True,False,False,True,False,True
TREND_DOWN,DOWN_JAN,2026-01-30T20:09:00+00:00,TIMEOUT,-0.574,-0.233,1.283,1.19,0.51,-22380.02,-41911.63,-30126.68,0.231,3.218,False,False,True,False,False,True,False,True
TREND_DOWN,DOWN_JAN,2026-01-30T20:10:00+00:00,TIMEOUT,-0.637,-0.346,1.011,0.866,0.354,-22824.56,-46607.3,-22380.02,0.08,3.218,False,True,True,False,False,True,False,True
TREND_DOWN,DOWN_JAN,2026-01-30T20:11:00+00:00,TIMEOUT,-0.444,-0.245,1.19,0.872,0.452,-16744.13,-45617.0,-22824.56,0.18,3.218,False,False,True,False,False,True,False,True
TREND_DOWN,DOWN_JAN,2026-01-30T20:12:00+00:00,TIMEOUT,-0.58,-0.238,1.125,0.902,0.405,-11818.41,-45444.4,-16744.13,0.137,3.218,False,False,True,False,False,True,False,True
TREND_DOWN,DOWN_JAN,2026-01-30T20:13:00+00:00,TIMEOUT,-0.442,-0.289,1.388,1.044,0.535,-9996.43,-41257.06,-11818.41,0.269,3.218,False,False,True,False,False,True,False,True
TREND_DOWN,DOWN_JAN,2026-01-30T20:14:00+00:00,TIMEOUT,-0.397,-0.273,1.402,1.138,0.539,-8969.65,-42113.38,-9996.43,0.276,3.218,False,False,True,False,False,True,False,True
TREND_DOWN,DOWN_JAN,2026-01-30T20:15:00+00:00,TIMEOUT,-0.349,-0.411,1.332,1.126,0.474,-9594.14,-40049.63,-8969.65,0.215,3.218,False,False,True,False,False,True,False,True
TREND_DOWN,DOWN_JAN,2026-01-30T20:16:00+00:00,TIMEOUT,-0.323,-0.408,1.398,1.112,0.56,-9243.21,-39832.49,-9594.14,0.307,3.218,False,False,True,False,False,True,False,True
TREND_DOWN,DOWN_JAN,2026-01-30T20:17:00+00:00,TIMEOUT,-0.464,-0.447,1.21,1.081,0.498,-9827.59,-41812.46,-9243.21,0.249,3.218,False,False,True,False,False,True,False,True
TREND_DOWN,DOWN_JAN,2026-01-30T20:18:00+00:00,TIMEOUT,-0.444,-0.468,1.218,1.069,0.477,-12115.0,-37108.4,-9827.59,0.231,3.218,False,False,True,False,False,True,False,True
TREND_DOWN,DOWN_JAN,2026-01-30T20:19:00+00:00,TIMEOUT,-0.552,-0.572,1.038,1.066,0.464,-11722.77,-42837.81,-12115.0,0.222,3.218,False,False,True,False,False,True,False,True
TREND_DOWN,DOWN_JAN,2026-01-30T20:20:00+00:00,TIMEOUT,-0.708,-0.833,0.902,0.989,0.368,-17552.53,-44759.2,-11722.77,0.131,3.218,False,False,True,False,False,True,False,True
TREND_DOWN,DOWN_JAN,2026-01-30T20:21:00+00:00,TIMEOUT,-0.945,-1.09,0.534,0.666,0.114,-19097.02,-47727.04,-17552.53,0.0,3.218,False,True,True,False,False,True,False,True
TREND_DOWN,DOWN_JAN,2026-01-30T21:02:00+00:00,TIMEOUT,-0.306,-0.36,0.794,0.81,0.237,31315.27,18381.9,31125.49,0.304,3.218,False,False,True,False,False,True,False,False
TREND_DOWN,DOWN_JAN,2026-01-30T21:03:00+00:00,TIMEOUT,-0.357,-0.276,0.913,0.714,0.307,31416.1,19844.15,31315.27,0.376,3.218,False,False,True,False,False,True,False,False
TREND_DOWN,DOWN_JAN,2026-01-30T21:04:00+00:00,TIMEOUT,-0.344,-0.25,0.845,0.756,0.277,29748.63,19654.03,31416.1,0.347,3.218,False,False,True,False,False,True,False,False
TREND_DOWN,DOWN_JAN,2026-01-30T21:38:00+00:00,TIMEOUT,0.275,0.47,2.045,1.103,0.088,47658.93,114490.82,47991.1,0.47,2.664,False,False,True,False,False,True,False,False
TREND_DOWN,DOWN_JAN,2026-01-30T21:39:00+00:00,TIMEOUT,0.325,0.375,1.981,1.12,0.127,47778.78,115382.79,47658.93,0.453,2.555,False,False,True,False,False,True,False,False
TREND_DOWN,DOWN_JAN,2026-01-30T21:40:00+00:00,TIMEOUT,0.268,0.35,1.976,0.948,0.142,46745.12,114474.36,47778.78,0.471,2.548,False,False,True,False,False,True,False,False
TREND_DOWN,DOWN_JAN,2026-01-30T21:41:00+00:00,TIMEOUT,0.2,0.459,1.979,1.043,0.124,48414.38,115260.21,46745.12,0.459,2.548,False,False,True,False,False,True,False,False
TREND_DOWN,DOWN_JAN,2026-01-30T21:42:00+00:00,TIMEOUT,0.184,0.3,1.884,1.056,0.146,42688.73,115009.2,48414.38,0.43,2.425,False,False,True,False,False,True,False,False
TREND_DOWN,DOWN_JAN,2026-01-30T22:04:00+00:00,TIMEOUT,-0.289,0.356,-0.145,1.715,0.028,29633.17,40404.88,29553.78,0.404,1.192,False,False,True,False,False,True,False,False
TREND_DOWN,DOWN_JAN,2026-01-30T22:06:00+00:00,TIMEOUT,-0.056,0.168,-0.233,1.295,-0.047,29608.35,34735.5,29234.41,0.323,1.192,False,False,True,False,False,True,False,False
TREND_DOWN,DOWN_JAN,2026-01-30T22:07:00+00:00,TIMEOUT,0.07,0.301,0.099,1.273,0.049,29722.33,44037.65,29608.35,0.417,1.192,False,False,True,False,False,True,False,False
TREND_DOWN,DOWN_JAN,2026-01-30T22:08:00+00:00,TIMEOUT,0.155,0.43,-0.015,1.308,0.069,29157.19,42968.07,29722.33,0.438,1.192,False,False,True,False,False,True,False,False
TREND_DOWN,DOWN_JAN,2026-01-30T22:09:00+00:00,TIMEOUT,0.115,0.441,0.139,1.407,0.073,29128.12,49160.01,29157.19,0.441,1.192,False,False,True,False,False,True,False,False
TREND_DOWN,DOWN_JAN,2026-01-30T22:10:00+00:00,TIMEOUT,0.101,0.369,0.18,1.496,0.075,29095.27,49976.98,29128.12,0.369,1.192,False,False,True,False,False,True,False,False
TREND_DOWN,DOWN_JAN,2026-01-30T22:11:00+00:00,TIMEOUT,0.042,0.242,0.111,1.33,0.004,29951.26,57101.2,29095.27,0.242,1.192,False,False,True,False,False,True,False,False
TREND_DOWN,DOWN_JAN,2026-01-30T22:12:00+00:00,TIMEOUT,-0.013,0.171,0.132,1.264,-0.026,30706.18,63217.04,29951.26,0.171,1.192,False,False,True,False,False,True,False,False
TREND_DOWN,DOWN_JAN,2026-01-30T22:13:00+00:00,TIMEOUT,-0.201,-0.012,-0.111,1.171,-0.087,30982.57,60720.22,30706.18,0.002,1.192,False,True,True,False,False,True,False,False
TREND_DOWN,DOWN_JAN,2026-01-30T22:14:00+00:00,TIMEOUT,-0.256,-0.054,-0.157,1.11,-0.142,30801.37,60820.55,30982.57,0.0,1.192,False,True,True,False,False,True,False,False
TREND_DOWN,DOWN_JAN,2026-01-30T22:15:00+00:00,TIMEOUT,-0.124,0.022,-0.113,1.283,-0.02,31823.95,63040.1,30801.37,0.123,1.192,False,False,True,False,False,True,False,False
TREND_DOWN,DOWN_JAN,2026-01-30T22:17:00+00:00,TIMEOUT,-0.22,-0.473,-0.369,1.134,-0.204,6482.44,57432.85,16274.97,0.006,1.192,False,True,True,False,False,True,False,False
TREND_DOWN,DOWN_JAN,2026-01-30T22:18:00+00:00,TIMEOUT,-0.308,-0.439,-0.315,1.247,-0.144,3563.36,55236.38,6482.44,0.063,1.192,False,True,True,False,False,True,False,False
TREND_DOWN,DOWN_JAN,2026-01-30T22:19:00+00:00,TIMEOUT,-0.395,-0.361,-0.422,1.119,-0.155,7069.2,58833.36,3563.36,0.05,1.192,False,True,True,False,False,True,False,False
TREND_DOWN,DOWN_JAN,2026-01-30T23:12:00+00:00,TIMEOUT,-0.136,-0.158,0.213,1.34,-0.073,7494.57,82530.02,8156.02,0.043,1.131,False,True,True,False,False,True,False,False
TREND_DOWN,DOWN_JAN,2026-01-30T23:13:00+00:00,TIMEOUT,0.009,-0.072,0.107,1.496,-0.049,8919.49,79636.14,7494.57,0.069,1.131,False,True,True,False,False,True,False,False
TREND_DOWN,DOWN_JAN,2026-01-30T23:14:00+00:00,TIMEOUT,0.022,0.007,0.122,1.526,-0.027,8320.82,78111.02,8919.49,0.092,1.131,False,False,True,False,False,True,False,False
TREND_DOWN,DOWN_JAN,2026-01-30T23:15:00+00:00,TIMEOUT,0.039,-0.082,0.217,1.552,0.006,6947.52,79581.76,8320.82,0.125,1.131,False,False,True,False,False,True,False,False
TREND_DOWN,DOWN_JAN,2026-01-30T23:16:00+00:00,TIMEOUT,0.125,0.128,0.142,1.542,0.023,8178.25,77880.23,6947.52,0.143,1.131,False,False,True,False,False,True,False,False
TREND_DOWN,DOWN_JAN,2026-01-30T23:33:00+00:00,TIMEOUT,-0.101,-0.026,-0.152,1.322,-0.021,5431.28,51137.09,5652.45,0.128,1.018,False,False,True,False,False,True,False,False
TREND_DOWN,DOWN_JAN,2026-01-30T23:34:00+00:00,TIMEOUT,-0.125,-0.005,-0.159,1.219,-0.067,4749.47,46627.19,5431.28,0.079,1.018,False,True,True,False,False,True,False,False
TREND_DOWN,DOWN_JAN,2026-01-30T23:35:00+00:00,TIMEOUT,-0.143,-0.008,0.012,1.297,-0.066,1570.79,53234.3,4749.47,0.078,1.018,False,True,True,False,False,True,False,False
TREND_DOWN,DOWN_JAN,2026-01-30T23:36:00+00:00,TIMEOUT,-0.184,-0.092,0.239,1.02,-0.093,1074.16,50562.44,1570.79,0.053,1.018,False,True,True,False,False,True,False,False
TREND_DOWN,DOWN_JAN,2026-01-30T23:37:00+00:00,TIMEOUT,-0.133,0.037,0.355,1.058,-0.046,1409.31,51382.7,1074.16,0.107,1.018,False,False,True,False,False,True,False,False
TREND_DOWN,DOWN_JAN,2026-01-30T23:38:00+00:00,TIMEOUT,-0.042,-0.042,0.449,1.086,-0.055,1353.94,52196.83,1409.31,0.107,1.018,False,False,True,False,False,True,False,False
TREND_DOWN,DOWN_JAN,2026-01-30T23:40:00+00:00,TIMEOUT,0.049,0.013,0.295,1.149,-0.046,1375.27,51133.46,1931.4,0.133,0.958,False,False,True,False,False,True,False,False
TREND_DOWN,DOWN_JAN,2026-01-31T00:01:00+00:00,TIMEOUT,0.126,-0.025,0.18,1.318,-0.062,-4937.03,36997.65,-3329.74,0.215,0.829,False,False,True,False,False,True,False,True
TREND_DOWN,DOWN_JAN,2026-01-31T00:03:00+00:00,TIMEOUT,0.089,-0.012,0.295,1.211,-0.063,-5222.04,37068.79,-4272.29,0.216,0.829,False,False,True,False,False,True,False,True
TREND_DOWN,DOWN_JAN,2026-01-31T00:04:00+00:00,TIMEOUT,0.164,0.039,0.35,1.198,-0.036,-5368.39,37434.78,-5222.04,0.243,0.829,False,False,True,False,False,True,False,True
TREND_DOWN,DOWN_JAN,2026-01-31T00:09:00+00:00,TIMEOUT,0.102,0.159,0.383,1.495,-0.058,-4400.03,38187.49,-6259.65,0.228,0.829,False,False,True,False,False,True,False,True
TREND_DOWN,DOWN_JAN,2026-01-31T00:10:00+00:00,TIMEOUT,0.108,0.157,0.321,1.62,-0.048,-4179.11,38879.85,-4400.03,0.241,0.754,False,False,True,False,False,True,False,True
TREND_DOWN,DOWN_JAN,2026-01-31T00:11:00+00:00,TIMEOUT,0.033,0.201,0.225,1.581,-0.089,690.1,38797.38,-4179.11,0.201,0.697,False,False,True,False,False,True,False,False
TREND_DOWN,DOWN_JAN,2026-01-31T00:13:00+00:00,TIMEOUT,0.017,0.194,0.11,1.635,-0.041,-206.05,39696.01,317.59,0.215,0.685,False,False,True,False,False,True,False,False
TREND_DOWN,DOWN_JAN,2026-01-31T00:14:00+00:00,TIMEOUT,-0.071,0.18,0.132,1.564,-0.034,1490.78,40612.97,-206.05,0.224,0.685,False,False,True,False,False,True,False,False
TREND_DOWN,DOWN_JAN,2026-01-31T00:52:00+00:00,TIMEOUT,-0.131,-0.251,-0.325,0.582,-0.129,-7958.63,-323.31,-1493.55,0.0,0.543,False,True,True,False,False,True,True,True
TREND_DOWN,DOWN_JAN,2026-01-31T00:53:00+00:00,TIMEOUT,-0.164,-0.263,-0.386,0.29,-0.124,-8270.95,-1413.03,-7958.63,0.0,0.543,False,True,True,False,False,True,True,True
TREND_DOWN,DOWN_JAN,2026-01-31T00:54:00+00:00,TIMEOUT,-0.084,-0.256,-0.368,0.204,-0.084,-7651.67,480.2,-8270.95,0.038,0.543,False,True,True,False,False,True,False,True
TREND_DOWN,DOWN_JAN,2026-01-31T00:55:00+00:00,TIMEOUT,-0.166,-0.274,-0.368,0.122,-0.12,-8089.31,465.05,-7651.67,0.0,0.543,False,True,True,False,False,True,False,True
TREND_DOWN,DOWN_JAN,2026-01-31T00:56:00+00:00,TIMEOUT,-0.127,-0.217,-0.346,0.171,-0.073,-5745.87,2268.72,-8089.31,0.045,0.543,False,True,True,False,False,True,False,True
TREND_DOWN,DOWN_JAN,2026-01-31T00:57:00+00:00,TIMEOUT,-0.114,-0.209,-0.386,0.349,-0.063,-5696.51,176.56,-5745.87,0.053,0.543,False,True,True,False,False,True,False,True
TREND_DOWN,DOWN_JAN,2026-01-31T00:58:00+00:00,TIMEOUT,-0.151,-0.243,-0.395,0.105,-0.073,-6455.55,-497.19,-5696.51,0.041,0.54,False,True,True,False,False,True,True,True
TREND_DOWN,DOWN_JAN,2026-01-31T00:59:00+00:00,TIMEOUT,-0.118,-0.218,-0.246,0.164,-0.059,-6835.91,123.64,-6455.55,0.051,0.441,False,True,True,False,False,True,False,True
TREND_DOWN,DOWN_JAN,2026-01-31T01:00:00+00:00,TIMEOUT,-0.1,-0.168,-0.232,0.185,-0.035,-7352.86,2221.83,-6835.91,0.074,0.441,False,True,True,False,False,True,False,True
TREND_DOWN,DOWN_JAN,2026-01-31T01:01:00+00:00,TIMEOUT,-0.073,-0.04,-0.253,0.127,-0.023,-4033.12,1810.9,-7352.86,0.085,0.441,False,True,True,False,False,True,False,True
TREND_DOWN,DOWN_JAN,2026-01-31T01:30:00+00:00,TIMEOUT,-0.051,-0.151,0.016,-0.258,-0.104,-10387.49,-4166.38,-5454.02,0.023,0.405,False,True,True,False,False,True,False,True
TREND_DOWN,DOWN_JAN,2026-01-31T01:31:00+00:00,TIMEOUT,-0.079,-0.152,0.007,-0.37,-0.121,-10608.7,-4165.43,-10387.49,0.005,0.405,False,True,True,False,False,True,False,True
TREND_DOWN,DOWN_JAN,2026-01-31T01:32:00+00:00,TIMEOUT,-0.154,-0.147,0.035,-0.507,-0.131,-10440.22,-3975.63,-10608.7,0.0,0.405,False,True,True,False,False,True,False,True
TREND_DOWN,DOWN_JAN,2026-01-31T01:33:00+00:00,TIMEOUT,-0.182,-0.188,-0.106,-0.592,-0.168,-7754.74,-2723.67,-10440.22,0.0,0.405,False,True,True,False,False,False,True,True
TREND_DOWN,DOWN_JAN,2026-01-31T01:34:00+00:00,TIMEOUT,-0.189,-0.191,-0.011,-0.588,-0.141,-9163.45,-3777.69,-7754.74,0.025,0.405,False,True,True,False,False,False,True,True
TREND_DOWN,DOWN_JAN,2026-01-31T01:35:00+00:00,TIMEOUT,-0.294,-0.212,-0.033,-0.677,-0.16,-9518.13,-4174.89,-9163.45,0.005,0.405,False,True,True,False,False,False,True,True
TREND_DOWN,DOWN_JAN,2026-01-31T01:36:00+00:00,TIMEOUT,-0.315,-0.325,-0.144,-0.613,-0.21,-10986.34,-6022.45,-9518.13,0.0,0.405,False,True,True,False,False,False,True,True
TREND_DOWN,DOWN_JAN,2026-01-31T01:37:00+00:00,TIMEOUT,-0.324,-0.393,-0.116,-0.661,-0.256,-19424.55,-14564.58,-10986.34,0.0,0.452,False,True,True,False,False,False,True,True
TREND_DOWN,DOWN_JAN,2026-01-31T01:38:00+00:00,TIMEOUT,-0.325,-0.328,-0.154,-0.527,-0.206,-19700.35,-15363.96,-19424.55,0.04,0.452,False,True,True,False,False,False,True,True
TREND_DOWN,DOWN_JAN,2026-01-31T01:39:00+00:00,TIMEOUT,-0.256,-0.284,0.009,-0.439,-0.151,-16808.73,-11196.02,-19700.35,0.094,0.452,False,True,True,False,False,True,False,True
TREND_DOWN,DOWN_JAN,2026-01-31T01:40:00+00:00,TIMEOUT,-0.242,-0.311,-0.069,-0.35,-0.147,-21125.33,-15437.48,-16808.73,0.097,0.452,False,True,True,False,False,False,True,True
TREND_DOWN,DOWN_JAN,2026-01-31T01:41:00+00:00,TIMEOUT,-0.272,-0.301,-0.078,-0.252,-0.142,-22701.23,-15713.27,-21125.33,0.101,0.452,False,False,True,False,False,False,False,True
TREND_DOWN,DOWN_JAN,2026-01-31T01:42:00+00:00,TIMEOUT,-0.188,-0.214,-0.035,-0.269,-0.065,-23276.24,-16105.04,-22701.23,0.177,0.452,False,False,True,False,False,False,False,True
TREND_DOWN,DOWN_JAN,2026-01-31T02:09:00+00:00,TIMEOUT,-0.056,-0.312,-0.076,0.08,-0.187,-16098.98,-25288.96,-15520.89,0.038,0.452,False,True,True,False,False,True,True,True
TREND_DOWN,DOWN_JAN,2026-01-31T02:18:00+00:00,TIMEOUT,-0.049,-0.257,-0.306,0.066,-0.199,-14717.24,-20759.92,-16004.62,0.072,0.499,False,True,True,False,False,True,True,True
TREND_DOWN,DOWN_JAN,2026-01-31T02:24:00+00:00,TIMEOUT,-0.211,-0.388,-0.328,-0.107,-0.274,-19242.56,-24791.43,-13865.09,0.0,0.512,False,True,True,False,False,False,True,True
TREND_DOWN,DOWN_JAN,2026-01-31T02:25:00+00:00,TIMEOUT,-0.191,-0.392,-0.341,-0.3,-0.266,-24013.47,-30539.08,-19242.56,0.005,0.512,False,True,True,False,False,False,True,True
TREND_DOWN,DOWN_JAN,2026-01-31T02:26:00+00:00,TIMEOUT,-0.203,-0.329,-0.279,-0.018,-0.237,-20300.4,-30513.34,-24013.47,0.024,0.512,False,True,True,False,False,False,True,True
TREND_DOWN,DOWN_JAN,2026-01-31T02:27:00+00:00,TIMEOUT,-0.186,-0.367,-0.183,-0.158,-0.249,-21371.04,-29461.11,-20300.4,0.01,0.512,False,True,True,False,False,False,True,True
TREND_DOWN,DOWN_JAN,2026-01-31T02:28:00+00:00,TIMEOUT,-0.106,-0.31,-0.089,-0.116,-0.206,-21796.52,-28019.72,-21371.04,0.052,0.512,False,True,True,False,False,False,True,True
TREND_DOWN,DOWN_JAN,2026-01-31T02:29:00+00:00,TIMEOUT,-0.147,-0.293,-0.185,-0.104,-0.23,-21315.04,-28248.42,-21796.52,0.028,0.512,False,True,True,False,False,False,True,True
TREND_DOWN,DOWN_JAN,2026-01-31T02:30:00+00:00,TIMEOUT,-0.167,-0.226,-0.21,-0.151,-0.264,-18386.21,-29699.06,-21315.04,0.0,0.519,False,True,True,False,False,False,True,True
TREND_DOWN,DOWN_JAN,2026-01-31T02:31:00+00:00,TIMEOUT,-0.194,-0.216,-0.21,-0.218,-0.271,-18152.57,-29954.0,-18386.21,0.0,0.527,False,True,True,False,False,False,True,True
TREND_DOWN,DOWN_JAN,2026-01-31T02:32:00+00:00,TIMEOUT,-0.212,-0.233,-0.239,-0.304,-0.297,-19727.57,-29355.65,-18152.57,0.0,0.554,False,True,True,False,False,False,True,True
TREND_DOWN,DOWN_JAN,2026-01-31T03:34:00+00:00,TIMEOUT,-0.015,0.234,-0.052,-0.325,0.086,10155.05,-13108.05,17415.76,0.234,0.514,False,False,True,False,False,True,False,False
TREND_DOWN,DOWN_JAN,2026-01-31T03:35:00+00:00,TIMEOUT,-0.021,0.1,-0.053,-0.135,0.087,4507.62,-13433.74,10155.05,0.138,0.514,False,False,True,False,False,True,False,False
TREND_DOWN,DOWN_JAN,2026-01-31T03:36:00+00:00,TIMEOUT,-0.045,0.088,-0.139,-0.037,0.062,3537.52,-13737.75,4507.62,0.114,0.514,False,False,True,False,False,True,False,False
TREND_DOWN,DOWN_JAN,2026-01-31T03:37:00+00:00,TIMEOUT,-0.082,0.038,-0.199,-0.043,0.024,2068.58,-14304.2,3537.52,0.075,0.514,False,False,True,False,False,True,False,False
TREND_DOWN,DOWN_JAN,2026-01-31T03:38:00+00:00,TIMEOUT,-0.106,0.021,-0.203,-0.007,-0.002,2521.34,-14229.71,2068.58,0.047,0.514,False,False,True,False,False,True,False,False
TREND_DOWN,DOWN_JAN,2026-01-31T03:39:00+00:00,TIMEOUT,-0.081,0.083,-0.176,-0.014,0.034,300.34,-14421.45,2521.34,0.083,0.514,False,False,True,False,False,True,False,False
TREND_DOWN,DOWN_JAN,2026-01-31T03:46:00+00:00,TIMEOUT,-0.16,-0.125,-0.159,-0.268,0.002,-2241.61,-17661.84,-787.72,0.0,0.497,False,True,True,False,False,True,False,True
TREND_DOWN,DOWN_JAN,2026-01-31T03:47:00+00:00,TIMEOUT,-0.15,-0.13,-0.098,-0.106,0.006,-2345.25,-17245.13,-2241.61,0.003,0.497,False,True,True,False,False,True,False,True
TREND_DOWN,DOWN_JAN,2026-01-31T03:55:00+00:00,TIMEOUT,-0.197,-0.157,0.012,-0.356,-0.012,-2442.92,-10729.82,-1809.13,0.007,0.497,False,True,True,False,False,True,False,True
TREND_DOWN,DOWN_JAN,2026-01-31T04:50:00+00:00,TIMEOUT,-0.031,-0.102,-0.01,-0.104,-0.073,4538.41,7150.26,4027.03,0.0,0.471,False,True,True,False,False,True,False,False
TREND_DOWN,DOWN_JAN,2026-01-31T04:51:00+00:00,TIMEOUT,-0.065,-0.063,-0.047,-0.154,-0.06,7996.48,8336.57,4538.41,0.013,0.471,False,True,True,False,False,True,False,False
TREND_DOWN,DOWN_JAN,2026-01-31T04:55:00+00:00,TIMEOUT,-0.147,-0.037,-0.024,-0.193,-0.046,6702.23,9694.77,6289.96,0.056,0.471,False,True,True,False,False,True,False,False
TREND_DOWN,DOWN_JAN,2026-01-31T04:57:00+00:00,TIMEOUT,-0.153,-0.053,-0.03,-0.114,-0.051,5868.79,8232.37,6065.22,0.05,0.471,False,True,True,False,False,True,False,False
TREND_DOWN,DOWN_JAN,2026-01-31T04:58:00+00:00,TIMEOUT,-0.173,-0.04,-0.005,-0.201,-0.063,5914.62,7549.34,5868.79,0.038,0.471,False,True,True,False,False,True,False,False
TREND_DOWN,DOWN_JAN,2026-01-31T05:01:00+00:00,TIMEOUT,-0.193,-0.137,-0.064,-0.23,-0.103,4797.13,7480.17,6581.98,0.0,0.471,False,True,True,False,False,True,False,False
TREND_DOWN,DOWN_JAN,2026-01-31T05:02:00+00:00,TIMEOUT,-0.211,-0.151,-0.073,-0.234,-0.121,2516.28,6301.36,4797.13,0.0,0.471,False,True,True,False,False,True,False,False
TREND_DOWN,DOWN_JAN,2026-01-31T05:22:00+00:00,TIMEOUT,-0.005,-0.152,0.037,-0.246,-0.102,-5782.47,-4140.86,3470.33,0.054,0.471,False,True,True,False,False,True,False,False
TREND_DOWN,DOWN_JAN,2026-01-31T05:23:00+00:00,TIMEOUT,-0.047,-0.205,0.021,-0.274,-0.147,-16054.92,-14705.4,-5782.47,0.007,0.471,False,True,True,False,False,True,False,True
TREND_DOWN,DOWN_JAN,2026-01-31T05:26:00+00:00,TIMEOUT,-0.048,-0.182,0.095,-0.184,-0.111,-19199.72,-5654.49,-18584.69,0.05,0.471,False,True,True,False,False,True,False,True
TREND_DOWN,DOWN_JAN,2026-01-31T06:05:00+00:00,TIMEOUT,-0.106,-0.023,-0.279,-0.32,-0.168,-22007.91,-19796.24,-17483.04,0.0,0.369,False,True,True,False,False,False,True,True
TREND_DOWN,DOWN_JAN,2026-01-31T06:24:00+00:00,WIN,-0.169,-0.09,-0.377,-0.274,-0.148,-6461.49,-26432.22,-4419.4,0.0,0.378,False,True,True,False,False,False,True,True
TREND_DOWN,DOWN_JAN,2026-01-31T06:25:00+00:00,WIN,-0.316,-0.211,-0.497,-0.453,-0.283,-9369.35,-30095.5,-6461.49,0.0,0.499,False,True,True,False,False,False,True,True
TREND_DOWN,DOWN_JAN,2026-01-31T06:26:00+00:00,WIN,-0.345,-0.287,-0.554,-0.535,-0.345,-5787.38,-26011.33,-9369.35,0.0,0.557,False,True,True,False,False,False,True,True
TREND_DOWN,DOWN_JAN,2026-01-31T06:27:00+00:00,WIN,-0.394,-0.392,-0.579,-0.599,-0.389,-13155.02,-32858.88,-5787.38,0.0,0.616,False,True,True,False,False,False,True,True
TREND_DOWN,DOWN_JAN,2026-01-31T06:28:00+00:00,WIN,-0.367,-0.331,-0.55,-0.606,-0.349,-10155.69,-30202.79,-13155.02,0.017,0.616,False,True,True,False,False,False,True,True
TREND_DOWN,DOWN_JAN,2026-01-31T06:29:00+00:00,WIN,-0.402,-0.394,-0.58,-0.604,-0.359,-12243.4,-30672.26,-10155.69,0.0,0.62,False,True,True,False,False,False,True,True
TREND_DOWN,DOWN_JAN,2026-01-31T06:30:00+00:00,WIN,-0.285,-0.295,-0.503,-0.502,-0.239,-8804.42,-26693.44,-12243.4,0.108,0.62,False,False,True,False,False,False,False,True
TREND_DOWN,DOWN_JAN,2026-01-31T06:31:00+00:00,WIN,-0.368,-0.4,-0.572,-0.548,-0.295,-10491.8,-28341.97,-8804.42,0.045,0.62,False,True,True,False,False,False,True,True
TREND_DOWN,DOWN_JAN,2026-01-31T06:32:00+00:00,WIN,-0.378,-0.404,-0.51,-0.517,-0.275,-11332.75,-26967.92,-10491.8,0.06,0.573,False,True,True,False,False,False,True,True
TREND_DOWN,DOWN_JAN,2026-01-31T06:33:00+00:00,WIN,-0.296,-0.319,-0.443,-0.479,-0.229,-9163.24,-24922.44,-11332.75,0.103,0.57,False,False,True,False,False,False,False,True
TREND_DOWN,DOWN_JAN,2026-01-31T06:34:00+00:00,WIN,-0.287,-0.38,-0.486,-0.538,-0.259,-10523.2,-24792.9,-9163.24,0.071,0.57,False,True,True,False,False,False,True,True
TREND_DOWN,DOWN_JAN,2026-01-31T06:35:00+00:00,WIN,-0.208,-0.313,-0.465,-0.518,-0.235,-5780.21,-24073.42,-10523.2,0.092,0.57,False,True,True,False,False,False,True,True
TREND_DOWN,DOWN_JAN,2026-01-31T06:36:00+00:00,WIN,-0.246,-0.305,-0.407,-0.546,-0.2,-5566.18,-22100.23,-5780.21,0.125,0.57,False,False,True,False,False,False,False,True
TREND_DOWN,DOWN_JAN,2026-01-31T06:37:00+00:00,WIN,-0.254,-0.328,-0.379,-0.577,-0.208,-5820.28,-21097.72,-5566.18,0.115,0.57,False,False,True,False,False,False,False,True
TREND_DOWN,DOWN_JAN,2026-01-31T06:38:00+00:00,WIN,-0.325,-0.412,-0.394,-0.596,-0.249,-6706.02,-21052.36,-5820.28,0.072,0.57,False,True,True,False,False,False,True,True
TREND_DOWN,DOWN_JAN,2026-01-31T06:39:00+00:00,WIN,-0.327,-0.429,-0.431,-0.606,-0.249,-6503.38,-21270.61,-6706.02,0.071,0.57,False,True,True,False,False,False,True,True
TREND_DOWN,DOWN_JAN,2026-01-31T07:19:00+00:00,WIN,-0.017,-0.354,-0.424,-0.612,-0.236,3491.62,-16185.66,4922.95,0.02,0.57,False,True,True,False,False,True,True,False
TREND_DOWN,DOWN_JAN,2026-01-31T07:20:00+00:00,WIN,-0.07,-0.338,-0.381,-0.645,-0.216,3258.75,-15983.3,3491.62,0.036,0.57,False,True,True,False,False,True,True,False
TREND_DOWN,DOWN_JAN,2026-01-31T07:31:00+00:00,WIN,-0.227,-0.116,-0.618,-0.512,-0.28,3185.33,-26324.44,467.8,0.022,0.644,False,True,True,False,False,True,True,False
TREND_DOWN,DOWN_JAN,2026-01-31T07:32:00+00:00,WIN,-0.225,-0.167,-0.653,-0.537,-0.307,2565.39,-26848.96,3185.33,0.0,0.657,False,True,True,False,False,True,True,False
TREND_DOWN,DOWN_JAN,2026-01-31T07:33:00+00:00,WIN,-0.187,-0.186,-0.592,-0.477,-0.279,-485.27,-28111.26,2565.39,0.024,0.652,False,True,True,False,False,False,True,False
TREND_DOWN,DOWN_JAN,2026-01-31T07:34:00+00:00,WIN,-0.263,-0.206,-0.676,-0.553,-0.317,-1890.67,-30375.16,-485.27,0.0,0.681,False,True,True,False,False,False,True,True
TREND_DOWN,DOWN_JAN,2026-01-31T07:35:00+00:00,WIN,-0.283,-0.215,-0.651,-0.521,-0.3,-352.89,-27910.86,-1890.67,0.012,0.669,False,True,True,False,False,False,True,True
TREND_DOWN,DOWN_JAN,2026-01-31T07:36:00+00:00,WIN,-0.168,-0.249,-0.629,-0.471,-0.297,-1074.4,-27127.94,-352.89,0.012,0.669,False,True,True,False,False,False,True,True
TREND_DOWN,DOWN_JAN,2026-01-31T07:37:00+00:00,WIN,-0.258,-0.316,-0.73,-0.501,-0.373,-3855.52,-30118.41,-1074.4,0.0,0.736,False,True,True,False,False,False,True,True
TREND_DOWN,DOWN_JAN,2026-01-31T07:38:00+00:00,WIN,-0.303,-0.319,-0.773,-0.586,-0.41,-6639.94,-33046.87,-3855.52,0.0,0.781,False,True,True,False,False,False,True,True
TREND_DOWN,DOWN_JAN,2026-01-31T07:39:00+00:00,WIN,-0.288,-0.303,-0.761,-0.625,-0.387,-11511.17,-38630.94,-6639.94,0.014,0.781,False,True,True,False,False,False,True,True
TREND_DOWN,DOWN_JAN,2026-01-31T07:40:00+00:00,WIN,-0.374,-0.322,-0.798,-0.683,-0.425,-13406.18,-41483.33,-11511.17,0.0,0.823,False,True,True,False,False,False,True,True
TREND_DOWN,DOWN_JAN,2026-01-31T07:41:00+00:00,WIN,-0.397,-0.399,-0.8,-0.702,-0.429,-16014.05,-41199.77,-13406.18,0.0,0.838,False,True,True,False,False,False,True,True
TREND_DOWN,DOWN_JAN,2026-01-31T07:42:00+00:00,WIN,-0.331,-0.351,-0.773,-0.72,-0.367,-11676.51,-37156.67,-16014.05,0.059,0.838,False,True,True,False,False,False,True,True
TREND_DOWN,DOWN_JAN,2026-01-31T07:43:00+00:00,WIN,-0.352,-0.324,-0.758,-0.735,-0.345,-10536.38,-35808.5,-11676.51,0.074,0.838,False,True,True,False,False,False,True,True
TREND_DOWN,DOWN_JAN,2026-01-31T07:44:00+00:00,WIN,-0.327,-0.349,-0.693,-0.678,-0.326,-9388.86,-33170.15,-10536.38,0.088,0.807,False,True,True,False,False,False,True,True
TREND_DOWN,DOWN_JAN,2026-01-31T07:46:00+00:00,WIN,-0.267,-0.39,-0.668,-0.553,-0.298,-10932.46,-34205.7,-10547.85,0.108,0.807,False,False,True,False,False,False,False,True
TREND_DOWN,DOWN_JAN,2026-01-31T08:11:00+00:00,WIN,-0.082,-0.479,-0.744,-0.756,-0.431,-35554.6,-51625.35,-8537.94,0.0,0.89,False,True,True,False,False,False,True,True
TREND_DOWN,DOWN_JAN,2026-01-31T08:12:00+00:00,WIN,-0.29,-0.62,-0.907,-0.907,-0.541,-41654.56,-58434.56,-35554.6,0.0,1.041,False,True,True,False,False,False,True,True
TREND_DOWN,DOWN_JAN,2026-01-31T08:13:00+00:00,WIN,-0.314,-0.665,-0.958,-0.947,-0.518,-45548.49,-61003.22,-41654.56,0.0,1.05,False,True,True,False,False,False,True,True
TREND_DOWN,DOWN_JAN,2026-01-31T08:14:00+00:00,WIN,-0.14,-0.467,-0.792,-0.785,-0.307,-43495.98,-59519.17,-45548.49,0.189,1.05,False,False,True,False,False,False,False,True
TREND_DOWN,DOWN_JAN,2026-01-31T08:15:00+00:00,WIN,-0.364,-0.611,-0.93,-0.95,-0.469,-46604.37,-63520.96,-43495.98,0.022,1.05,False,True,True,False,False,False,True,True
TREND_DOWN,DOWN_JAN,2026-01-31T08:16:00+00:00,WIN,-0.364,-0.629,-0.949,-0.933,-0.497,-45100.29,-61599.77,-46604.37,0.0,1.066,False,True,True,False,False,False,True,True
TREND_DOWN,DOWN_JAN,2026-01-31T08:17:00+00:00,WIN,-0.437,-0.632,-0.952,-0.814,-0.494,-52676.92,-69812.44,-45100.29,0.0,1.069,False,True,True,False,False,False,True,True
TREND_DOWN,DOWN_JAN,2026-01-31T08:18:00+00:00,WIN,-0.383,-0.555,-0.915,-0.823,-0.409,-48699.18,-67181.52,-52676.92,0.062,1.069,False,True,True,False,False,False,True,True
TREND_DOWN,DOWN_JAN,2026-01-31T08:19:00+00:00,WIN,-0.314,-0.497,-0.906,-0.787,-0.381,-46630.19,-67448.45,-48699.18,0.085,1.069,False,True,True,False,False,False,True,True
TREND_DOWN,DOWN_JAN,2026-01-31T08:20:00+00:00,WIN,-0.289,-0.503,-0.864,-0.8,-0.368,-41788.18,-62782.8,-46630.19,0.095,1.069,False,True,True,False,False,False,True,True
TREND_DOWN,DOWN_JAN,2026-01-31T08:21:00+00:00,WIN,-0.302,-0.493,-0.843,-0.794,-0.348,-43059.5,-61076.35,-41788.18,0.111,1.069,False,False,True,False,False,False,False,True
TREND_DOWN,DOWN_JAN,2026-01-31T08:22:00+00:00,WIN,-0.371,-0.576,-0.866,-0.829,-0.399,-43656.6,-51837.11,-43059.5,0.057,1.069,False,True,True,False,False,False,True,True
TREND_DOWN,DOWN_JAN,2026-01-31T08:23:00+00:00,WIN,-0.366,-0.585,-0.816,-0.795,-0.387,-43868.35,-41036.56,-43656.6,0.06,1.069,False,True,True,False,False,False,True,True
TREND_DOWN,DOWN_JAN,2026-01-31T08:24:00+00:00,WIN,-0.388,-0.625,-0.889,-0.755,-0.39,-45059.45,-42107.72,-43868.35,0.046,1.069,False,True,True,False,False,False,True,True
TREND_DOWN,DOWN_JAN,2026-01-31T08:25:00+00:00,WIN,-0.434,-0.666,-0.904,-0.79,-0.419,-47259.27,-38472.24,-45059.45,0.015,1.069,False,True,True,False,False,False,True,True
TREND_DOWN,DOWN_JAN,2026-01-31T08:26:00+00:00,WIN,-0.423,-0.714,-0.931,-0.836,-0.441,-53395.02,-42593.4,-47259.27,0.0,1.081,False,True,True,False,False,False,True,True
TREND_DOWN,DOWN_JAN,2026-01-31T08:27:00+00:00,WIN,-0.515,-0.731,-1.03,-0.884,-0.496,-54583.09,-46896.74,-53395.02,0.0,1.144,False,True,True,False,False,False,True,True
TREND_DOWN,DOWN_JAN,2026-01-31T08:28:00+00:00,WIN,-0.568,-0.747,-1.043,-0.983,-0.547,-54593.0,-47879.72,-54583.09,0.0,1.203,False,True,True,False,False,False,True,True
TREND_DOWN,DOWN_JAN,2026-01-31T08:29:00+00:00,WIN,-0.536,-0.701,-1.055,-0.93,-0.509,-52202.27,-47473.17,-54593.0,0.03,1.203,False,True,True,False,False,False,True,True
TREND_DOWN,DOWN_JAN,2026-01-31T08:30:00+00:00,WIN,-0.589,-0.61,-1.102,-0.934,-0.543,-40345.1,-48681.72,-52202.27,0.0,1.213,False,True,True,False,False,False,True,True
TREND_DOWN,DOWN_JAN,2026-01-31T08:31:00+00:00,WIN,-0.724,-0.712,-1.224,-1.006,-0.618,-56965.21,-64271.68,-40345.1,0.0,1.294,False,True,True,False,False,False,True,True
TREND_DOWN,DOWN_JAN,2026-01-31T08:32:00+00:00,WIN,-0.672,-0.647,-1.214,-0.95,-0.57,-56587.39,-65354.75,-56965.21,0.029,1.294,False,True,True,False,False,False,True,True
TREND_DOWN,DOWN_JAN,2026-01-31T08:33:00+00:00,WIN,-0.72,-0.756,-1.256,-1.075,-0.643,-56942.97,-66591.48,-56587.39,0.0,1.351,False,True,True,False,False,False,True,True
TREND_DOWN,DOWN_JAN,2026-01-31T08:34:00+00:00,WIN,-0.641,-0.696,-1.277,-1.152,-0.616,-59340.87,-71754.74,-56942.97,0.008,1.351,False,True,True,False,False,False,True,True
TREND_DOWN,DOWN_JAN,2026-01-31T08:35:00+00:00,WIN,-0.811,-0.83,-1.353,-1.405,-0.718,-64224.63,-70357.73,-59340.87,0.0,1.468,False,True,True,False,False,False,True,True
TREND_DOWN,DOWN_JAN,2026-01-31T08:36:00+00:00,WIN,-0.882,-0.871,-1.419,-1.434,-0.741,-66746.37,-73386.95,-64224.63,0.0,1.51,False,True,True,False,False,False,True,True
TREND_DOWN,DOWN_JAN,2026-01-31T08:37:00+00:00,WIN,-0.61,-0.604,-1.244,-1.256,-0.53,-62303.8,-71979.6,-66746.37,0.191,1.51,False,False,True,False,False,False,False,True
TREND_DOWN,DOWN_JAN,2026-01-31T08:38:00+00:00,WIN,-0.539,-0.516,-1.242,-1.203,-0.463,-59530.3,-72876.26,-62303.8,0.234,1.51,False,False,True,False,False,False,False,True
TREND_DOWN,DOWN_JAN,2026-01-31T08:39:00+00:00,WIN,-0.659,-0.653,-1.379,-1.3,-0.574,-63085.33,-81099.88,-59530.3,0.11,1.51,False,False,True,False,False,False,False,True
TREND_DOWN,DOWN_JAN,2026-01-31T08:40:00+00:00,WIN,-0.865,-0.839,-1.585,-1.705,-0.804,-64154.56,-83505.24,-63085.33,0.0,1.631,False,True,True,False,False,False,True,True
TREND_DOWN,DOWN_JAN,2026-01-31T08:41:00+00:00,WIN,-0.635,-0.717,-1.499,-1.569,-0.666,-62022.8,-81618.94,-64154.56,0.108,1.631,False,False,True,False,False,False,False,True
TREND_DOWN,DOWN_JAN,2026-01-31T08:42:00+00:00,WIN,-0.642,-0.93,-1.632,-1.714,-0.808,-67279.83,-82592.57,-62022.8,0.0,1.66,False,True,True,False,False,False,True,True
TREND_DOWN,DOWN_JAN,2026-01-31T08:43:00+00:00,WIN,-0.572,-0.884,-1.541,-1.681,-0.731,-72721.6,-86702.75,-67279.83,0.062,1.658,False,True,True,False,False,False,True,True
TREND_DOWN,DOWN_JAN,2026-01-31T08:44:00+00:00,WIN,-0.676,-0.815,-1.435,-1.59,-0.627,-69411.31,-81174.42,-72721.6,0.146,1.658,False,False,True,False,False,False,False,True
TREND_DOWN,DOWN_JAN,2026-01-31T08:45:00+00:00,WIN,-0.512,-0.874,-1.412,-1.573,-0.619,-66807.69,-78155.28,-69411.31,0.144,1.658,False,False,True,False,False,False,False,True
TREND_DOWN,DOWN_JAN,2026-01-31T08:46:00+00:00,WIN,-0.417,-0.78,-1.365,-1.558,-0.552,-59574.28,-71532.15,-66807.69,0.201,1.658,False,False,True,False,False,False,False,True
TREND_DOWN,DOWN_JAN,2026-01-31T08:47:00+00:00,WIN,-0.498,-0.933,-1.468,-1.649,-0.627,-58505.08,-69526.37,-59574.28,0.117,1.658,False,False,True,False,False,False,False,True
TREND_DOWN,DOWN_JAN,2026-01-31T08:48:00+00:00,WIN,-0.518,-0.899,-1.406,-1.543,-0.579,-60389.9,-70420.51,-58505.08,0.159,1.658,False,False,True,False,False,False,False,True
TREND_DOWN,DOWN_JAN,2026-01-31T08:49:00+00:00,WIN,-0.515,-0.827,-1.381,-1.531,-0.549,-57518.23,-70989.39,-60389.9,0.186,1.658,False,False,True,False,False,False,False,True
TREND_DOWN,DOWN_JAN,2026-01-31T09:19:00+00:00,WIN,0.311,-0.205,-1.053,-1.342,-0.173,-4639.85,-47778.42,-4966.01,0.497,1.566,False,False,True,False,False,False,False,True
TREND_DOWN,DOWN_JAN,2026-01-31T09:20:00+00:00,WIN,0.247,-0.239,-1.076,-1.362,-0.196,-9078.93,-47608.36,-4639.85,0.474,1.566,False,False,True,False,False,False,False,True
TREND_DOWN,DOWN_JAN,2026-01-31T09:22:00+00:00,WIN,0.044,-0.269,-1.09,-1.43,-0.26,-15446.34,-52604.71,-13481.04,0.405,1.518,False,False,True,False,False,False,False,True
TREND_DOWN,DOWN_JAN,2026-01-31T09:23:00+00:00,WIN,-0.096,-0.316,-1.141,-1.457,-0.302,-20250.17,-56867.33,-15446.34,0.36,1.518,False,False,True,False,False,False,False,True
TREND_DOWN,DOWN_JAN,2026-01-31T09:24:00+00:00,WIN,-0.164,-0.38,-1.176,-1.548,-0.376,-23926.03,-59572.26,-20250.17,0.282,1.475,False,False,True,False,False,False,False,True
TREND_DOWN,DOWN_JAN,2026-01-31T09:25:00+00:00,WIN,-0.221,-0.306,-0.998,-1.49,-0.329,-28515.68,-57618.57,-23926.03,0.325,1.384,False,False,True,False,False,False,False,True
TREND_DOWN,DOWN_JAN,2026-01-31T09:26:00+00:00,WIN,-0.289,-0.286,-0.93,-1.478,-0.327,-24356.22,-61162.24,-28515.68,0.318,1.384,False,False,True,False,False,False,False,True
TREND_DOWN,DOWN_JAN,2026-01-31T09:27:00+00:00,WIN,-0.262,-0.205,-0.843,-1.417,-0.299,-17994.4,-51736.12,-24356.22,0.337,1.384,False,False,True,False,False,False,False,True
TREND_DOWN,DOWN_JAN,2026-01-31T09:28:00+00:00,WIN,-0.15,-0.122,-0.835,-1.381,-0.265,-15976.81,-53700.84,-17994.4,0.362,1.384,False,False,True,False,False,False,False,True
TREND_DOWN,DOWN_JAN,2026-01-31T09:29:00+00:00,WIN,-0.043,-0.091,-0.754,-1.329,-0.2,-16361.32,-51591.09,-15976.81,0.424,1.384,False,False,True,False,False,False,False,True
TREND_DOWN,DOWN_JAN,2026-01-31T09:50:00+00:00,WIN,0.085,0.332,-0.725,-1.105,-0.038,8332.38,-58528.27,18710.02,0.332,1.355,False,False,True,False,False,True,False,False
TREND_DOWN,DOWN_JAN,2026-01-31T09:51:00+00:00,WIN,0.112,0.174,-0.769,-1.084,-0.042,5711.41,-57583.05,8332.38,0.271,1.355,False,False,True,False,False,True,False,False
TREND_DOWN,DOWN_JAN,2026-01-31T09:53:00+00:00,WIN,0.157,0.061,-0.81,-1.107,-0.077,-2969.57,-58798.01,2596.11,0.235,1.355,False,False,True,False,False,True,False,False
TREND_DOWN,DOWN_JAN,2026-01-31T09:58:00+00:00,WIN,0.18,0.03,-0.781,-1.067,-0.047,-6295.98,-60807.69,-13941.7,0.261,1.355,False,False,True,False,False,True,False,True
TREND_DOWN,DOWN_JAN,2026-01-31T09:59:00+00:00,WIN,0.106,0.063,-0.796,-1.069,-0.06,642.4,-60525.43,-6295.98,0.248,1.355,False,False,True,False,False,True,False,False
TREND_DOWN,DOWN_JAN,2026-01-31T10:08:00+00:00,WIN,-0.253,-0.189,-0.854,-1.266,-0.2,-14420.53,-65647.94,-8976.53,0.097,1.33,False,True,True,False,False,False,True,True
TREND_DOWN,DOWN_JAN,2026-01-31T10:09:00+00:00,WIN,-0.262,-0.188,-0.856,-1.294,-0.2,-14342.84,-67259.04,-14420.53,0.094,1.33,False,True,True,False,False,False,True,True
TREND_DOWN,DOWN_JAN,2026-01-31T10:10:00+00:00,WIN,-0.253,-0.203,-0.837,-1.253,-0.149,-13618.94,-65182.08,-14342.84,0.145,1.33,False,False,True,False,False,False,False,True
TREND_DOWN,DOWN_JAN,2026-01-31T10:11:00+00:00,WIN,-0.198,-0.12,-0.793,-1.201,-0.097,-12050.98,-64200.07,-13618.94,0.197,1.33,False,False,True,False,False,False,False,True
TREND_DOWN,DOWN_JAN,2026-01-31T10:12:00+00:00,WIN,-0.266,-0.191,-0.836,-1.252,-0.147,-13647.26,-66219.95,-12050.98,0.145,1.33,False,False,True,False,False,False,False,True
TREND_DOWN,DOWN_JAN,2026-01-31T10:13:00+00:00,WIN,-0.265,-0.23,-0.897,-1.273,-0.171,-15443.65,-67962.6,-13647.26,0.12,1.33,False,False,True,False,False,False,False,True
TREND_DOWN,DOWN_JAN,2026-01-31T10:14:00+00:00,WIN,-0.267,-0.175,-0.9,-1.291,-0.184,-13735.69,-67871.24,-15443.65,0.106,1.33,False,False,True,False,False,False,False,True
TREND_DOWN,DOWN_JAN,2026-01-31T10:15:00+00:00,WIN,-0.208,-0.157,-0.859,-1.271,-0.163,-11819.48,-65478.48,-13735.69,0.127,1.33,False,False,True,False,False,False,False,True
TREND_DOWN,DOWN_JAN,2026-01-31T10:16:00+00:00,WIN,-0.253,-0.162,-0.863,-1.304,-0.186,-11550.75,-66048.93,-11819.48,0.102,1.33,False,False,True,False,False,False,False,True
TREND_DOWN,DOWN_JAN,2026-01-31T10:17:00+00:00,WIN,-0.165,-0.191,-0.846,-1.294,-0.168,-11285.63,-65926.88,-11550.75,0.119,1.33,False,False,True,False,False,False,False,True
TREND_DOWN,DOWN_JAN,2026-01-31T10:18:00+00:00,WIN,-0.256,-0.274,-0.927,-1.377,-0.264,-11827.5,-65492.69,-11285.63,0.022,1.33,False,True,True,False,False,False,True,True
TREND_DOWN,DOWN_JAN,2026-01-31T10:19:00+00:00,WIN,-0.223,-0.171,-0.871,-1.291,-0.241,-9643.85,-60913.89,-11827.5,0.043,1.33,False,True,True,False,False,False,True,True
TREND_DOWN,DOWN_JAN,2026-01-31T10:20:00+00:00,WIN,-0.182,-0.097,-0.837,-1.215,-0.189,-8459.03,-59326.14,-9643.85,0.094,1.33,False,True,True,False,False,False,True,True
TREND_DOWN,DOWN_JAN,2026-01-31T10:21:00+00:00,WIN,-0.138,-0.027,-0.804,-1.223,-0.148,-4914.62,-61455.16,-8459.03,0.133,1.33,False,False,True,False,False,False,False,True
TREND_DOWN,DOWN_JAN,2026-01-31T11:05:00+00:00,WIN,-0.033,-0.078,-0.597,-1.059,-0.036,14337.25,-40166.4,15069.46,0.135,1.073,False,False,True,False,False,True,False,False
TREND_DOWN,DOWN_JAN,2026-01-31T11:09:00+00:00,WIN,-0.024,0.117,-0.458,-0.991,0.024,19089.95,-41723.53,17204.5,0.19,0.957,False,False,True,False,False,True,False,False
TREND_DOWN,DOWN_JAN,2026-01-31T11:10:00+00:00,WIN,-0.057,0.027,-0.465,-1.065,-0.016,16454.53,-40189.61,19089.95,0.15,0.923,False,False,True,False,False,True,False,False
TREND_DOWN,DOWN_JAN,2026-01-31T11:11:00+00:00,WIN,-0.104,-0.017,-0.332,-1.074,-0.005,16171.35,-12474.12,16454.53,0.158,0.827,False,False,True,False,False,True,False,False
TREND_DOWN,DOWN_JAN,2026-01-31T11:12:00+00:00,WIN,-0.135,0.011,-0.206,-1.111,-0.016,18177.55,-6387.84,16171.35,0.134,0.827,False,False,True,False,False,True,False,False
TREND_DOWN,DOWN_JAN,2026-01-31T11:13:00+00:00,WIN,-0.188,-0.002,-0.236,-1.191,-0.048,17120.69,-5293.42,18177.55,0.096,0.827,False,True,True,False,False,True,True,False
TREND_DOWN,DOWN_JAN,2026-01-31T11:14:00+00:00,WIN,-0.192,0.024,-0.412,-1.2,-0.032,16892.36,-7482.9,17120.69,0.109,0.827,False,False,True,False,False,True,False,False
TREND_DOWN,DOWN_JAN,2026-01-31T11:28:00+00:00,WIN,-0.161,-0.063,-0.093,-1.135,-0.032,-2979.97,-6137.93,4288.64,0.006,0.759,False,True,True,False,False,False,True,False
TREND_DOWN,DOWN_JAN,2026-01-31T11:39:00+00:00,WIN,-0.086,-0.11,0.116,-1.265,-0.031,-16899.79,22351.59,-13894.94,0.021,0.759,False,True,True,False,False,True,False,True
TREND_DOWN,DOWN_JAN,2026-01-31T11:44:00+00:00,WIN,-0.05,-0.242,0.216,-1.222,-0.12,-22357.28,21980.09,-17960.73,0.0,0.641,False,True,True,False,False,True,False,True
TREND_DOWN,DOWN_JAN,2026-01-31T11:46:00+00:00,WIN,-0.11,-0.217,0.146,-1.221,-0.146,-20919.91,11327.1,-19902.12,0.0,0.641,False,True,True,False,False,True,False,True
TREND_DOWN,DOWN_JAN,2026-01-31T11:48:00+00:00,WIN,-0.054,-0.161,0.199,-1.21,-0.144,-20117.72,9956.13,-21357.48,0.011,0.599,False,True,True,False,False,True,False,True
TREND_DOWN,DOWN_JAN,2026-01-31T11:51:00+00:00,WIN,-0.1,-0.122,-0.041,-1.248,-0.174,-19800.35,-93.65,-20298.82,0.0,0.476,False,True,True,False,False,False,True,True
TREND_DOWN,DOWN_JAN,2026-01-31T11:52:00+00:00,WIN,-0.195,-0.282,-0.125,-1.358,-0.276,-25401.39,-7433.11,-19800.35,0.0,0.521,False,True,True,False,False,False,True,True
TREND_DOWN,DOWN_JAN,2026-01-31T11:53:00+00:00,WIN,-0.151,-0.233,-0.149,-1.288,-0.204,-23950.96,-11752.92,-25401.39,0.07,0.521,False,True,True,False,False,False,True,True
TREND_DOWN,DOWN_JAN,2026-01-31T12:13:00+00:00,WIN,-0.247,-0.241,-0.472,-1.39,-0.322,-20966.43,-19289.39,-14761.51,0.0,0.599,False,True,True,False,False,False,True,True
TREND_DOWN,DOWN_JAN,2026-01-31T12:14:00+00:00,WIN,-0.158,-0.207,-0.358,-1.353,-0.269,-19271.44,-16114.77,-20966.43,0.046,0.599,False,True,True,False,False,False,True,True
TREND_DOWN,DOWN_JAN,2026-01-31T12:15:00+00:00,WIN,-0.167,-0.215,-0.344,-1.337,-0.25,-18500.92,-14857.77,-19271.44,0.063,0.599,False,True,True,False,False,False,True,True
TREND_DOWN,DOWN_JAN,2026-01-31T12:21:00+00:00,WIN,-0.008,-0.108,-0.111,-1.201,-0.136,-12543.8,-6665.39,-12054.64,0.171,0.599,False,False,True,False,False,False,False,True
TREND_DOWN,DOWN_JAN,2026-01-31T12:22:00+00:00,WIN,0.115,-0.08,-0.053,-1.143,-0.114,-13238.47,-6149.23,-12543.8,0.193,0.599,False,False,True,False,False,False,False,True
TREND_DOWN,DOWN_JAN,2026-01-31T12:23:00+00:00,WIN,0.079,-0.072,0.026,-1.116,-0.08,-11575.99,149.87,-13238.47,0.227,0.599,False,False,True,False,False,True,False,True
TREND_DOWN,DOWN_JAN,2026-01-31T12:24:00+00:00,WIN,0.066,-0.06,0.128,-1.049,-0.057,-10910.9,4621.0,-11575.99,0.252,0.599,False,False,True,False,False,True,False,True
TREND_DOWN,DOWN_JAN,2026-01-31T12:48:00+00:00,WIN,-0.196,-0.203,-0.404,-1.139,-0.27,-4658.44,-13823.68,-2436.44,0.0,0.472,False,True,True,False,False,False,True,True
TREND_DOWN,DOWN_JAN,2026-01-31T12:49:00+00:00,WIN,-0.227,-0.216,-0.37,-1.033,-0.244,-4186.77,-13493.21,-4658.44,0.022,0.472,False,True,True,False,False,False,True,True
TREND_DOWN,DOWN_JAN,2026-01-31T12:50:00+00:00,WIN,-0.277,-0.295,-0.44,-1.162,-0.302,-7916.8,-10233.98,-4186.77,0.0,0.511,False,True,True,False,False,False,True,True
TREND_DOWN,DOWN_JAN,2026-01-31T12:51:00+00:00,WIN,-0.207,-0.216,-0.43,-1.196,-0.289,-5893.38,-11698.44,-7916.8,0.005,0.511,False,True,True,False,False,False,True,True
TREND_DOWN,DOWN_JAN,2026-01-31T12:52:00+00:00,WIN,-0.278,-0.163,-0.453,-1.247,-0.336,-11165.95,-21195.17,-5893.38,0.0,0.554,False,True,True,False,False,False,True,True
TREND_DOWN,DOWN_JAN,2026-01-31T12:53:00+00:00,WIN,-0.239,-0.16,-0.37,-1.177,-0.253,-11987.01,-20770.36,-11165.95,0.073,0.554,False,True,True,False,False,False,True,True
TREND_DOWN,DOWN_JAN,2026-01-31T12:54:00+00:00,WIN,-0.245,-0.18,-0.412,-1.169,-0.233,-13546.93,-20283.88,-11987.01,0.091,0.554,False,True,True,False,False,False,True,True
TREND_DOWN,DOWN_JAN,2026-01-31T12:55:00+00:00,WIN,-0.238,-0.211,-0.46,-1.172,-0.241,-15691.44,-23444.62,-13546.93,0.08,0.554,False,True,True,False,False,False,True,True
TREND_DOWN,DOWN_JAN,2026-01-31T12:56:00+00:00,WIN,-0.18,-0.166,-0.372,-1.074,-0.175,-17465.05,-20283.59,-15691.44,0.144,0.554,False,False,True,False,False,False,False,True
TREND_DOWN,DOWN_JAN,2026-01-31T12:57:00+00:00,WIN,-0.263,-0.256,-0.459,-1.151,-0.252,-20522.28,-22500.78,-17465.05,0.063,0.554,False,True,True,False,False,False,True,True
TREND_DOWN,DOWN_JAN,2026-01-31T12:58:00+00:00,WIN,-0.256,-0.22,-0.427,-1.205,-0.272,-22838.06,-25245.06,-20522.28,0.041,0.554,False,True,True,False,False,False,True,True
TREND_DOWN,DOWN_JAN,2026-01-31T12:59:00+00:00,WIN,-0.265,-0.294,-0.409,-1.202,-0.264,-26947.34,-26547.17,-22838.06,0.046,0.554,False,True,True,False,False,False,True,True
TREND_DOWN,DOWN_JAN,2026-01-31T13:00:00+00:00,WIN,-0.305,-0.355,-0.514,-1.28,-0.323,-29503.05,-30421.24,-26947.34,0.0,0.57,False,True,True,False,False,False,True,True
TREND_DOWN,DOWN_JAN,2026-01-31T13:01:00+00:00,WIN,-0.26,-0.345,-0.504,-1.285,-0.334,-29925.08,-30757.72,-29503.05,0.0,0.585,False,True,True,False,False,False,True,True
TREND_DOWN,DOWN_JAN,2026-01-31T13:31:00+00:00,WIN,0.099,-0.161,-0.437,-0.962,-0.2,-24223.06,-39452.74,-22805.53,0.099,0.585,False,True,True,False,False,False,True,True
TREND_DOWN,DOWN_JAN,2026-01-31T13:32:00+00:00,WIN,-0.222,-0.372,-0.646,-1.088,-0.357,-30236.34,-45380.96,-24223.06,0.0,0.65,False,True,True,False,False,False,True,True
TREND_DOWN,DOWN_JAN,2026-01-31T13:33:00+00:00,WIN,-0.199,-0.356,-0.633,-1.135,-0.372,-31021.08,-47338.21,-30236.34,0.0,0.663,False,True,True,False,False,False,True,True
TREND_DOWN,DOWN_JAN,2026-01-31T13:34:00+00:00,WIN,-0.33,-0.469,-0.673,-1.203,-0.485,-43429.36,-56378.99,-31021.08,0.0,0.785,False,True,True,False,False,False,True,True
TREND_DOWN,DOWN_JAN,2026-01-31T13:35:00+00:00,WIN,-0.182,-0.335,-0.502,-1.083,-0.329,-41124.74,-54096.36,-43429.36,0.134,0.785,False,False,True,False,False,False,False,True
TREND_DOWN,DOWN_JAN,2026-01-31T13:36:00+00:00,WIN,-0.361,-0.478,-0.734,-1.24,-0.483,-45596.62,-61166.03,-41124.74,0.0,0.812,False,True,True,False,False,False,True,True
TREND_DOWN,DOWN_JAN,2026-01-31T13:37:00+00:00,WIN,-0.323,-0.349,-0.686,-1.112,-0.419,-43791.68,-62799.37,-45596.62,0.052,0.812,False,True,True,False,False,False,True,True
TREND_DOWN,DOWN_JAN,2026-01-31T13:38:00+00:00,WIN,-0.449,-0.473,-0.68,-1.127,-0.469,-47501.94,-64197.46,-43791.68,0.0,0.821,False,True,True,False,False,False,True,True
TREND_DOWN,DOWN_JAN,2026-01-31T13:39:00+00:00,WIN,-0.435,-0.432,-0.674,-1.1,-0.423,-50134.2,-67726.67,-47501.94,0.041,0.821,False,True,True,False,False,False,True,True
TREND_DOWN,DOWN_JAN,2026-01-31T13:40:00+00:00,WIN,-0.298,-0.422,-0.594,-0.972,-0.342,-44935.59,-62351.75,-50134.2,0.116,0.821,False,False,True,False,False,False,False,True
TREND_DOWN,DOWN_JAN,2026-01-31T13:41:00+00:00,WIN,-0.299,-0.427,-0.634,-0.943,-0.322,-41057.81,-63059.06,-44935.59,0.13,0.821,False,False,True,False,False,False,False,True
TREND_DOWN,DOWN_JAN,2026-01-31T13:42:00+00:00,WIN,-0.263,-0.391,-0.649,-1.008,-0.328,-39043.1,-62111.54,-41057.81,0.123,0.821,False,False,True,False,False,False,False,True
TREND_DOWN,DOWN_JAN,2026-01-31T13:43:00+00:00,WIN,-0.248,-0.399,-0.672,-1.031,-0.331,-37976.04,-61845.2,-39043.1,0.115,0.821,False,False,True,False,False,False,False,True
TREND_DOWN,DOWN_JAN,2026-01-31T13:44:00+00:00,WIN,-0.172,-0.319,-0.621,-0.978,-0.259,-35743.39,-61188.85,-37976.04,0.182,0.821,False,False,True,False,False,False,False,True
TREND_DOWN,DOWN_JAN,2026-01-31T13:45:00+00:00,WIN,-0.244,-0.363,-0.593,-1.059,-0.28,-36464.38,-58796.15,-35743.39,0.158,0.821,False,False,True,False,False,False,False,True
TREND_DOWN,DOWN_JAN,2026-01-31T13:46:00+00:00,WIN,-0.3,-0.351,-0.604,-1.021,-0.276,-32417.36,-55438.71,-36464.38,0.159,0.821,False,False,True,False,False,False,False,True
TREND_DOWN,DOWN_JAN,2026-01-31T14:11:00+00:00,WIN,-0.104,-0.403,-0.634,-0.964,-0.329,-2017.11,-40703.65,-1852.59,0.089,0.805,True,True,True,False,False,True,True,True
TREND_DOWN,DOWN_JAN,2026-01-31T14:12:00+00:00,WIN,-0.167,-0.43,-0.681,-0.886,-0.394,-4197.32,-42609.87,-2017.11,0.018,0.805,True,True,True,False,False,True,True,True
TREND_DOWN,DOWN_JAN,2026-01-31T14:15:00+00:00,WIN,-0.28,-0.523,-0.756,-0.976,-0.447,-15692.36,-48398.74,-13775.45,0.0,0.865,False,True,True,False,False,False,True,True
TREND_DOWN,DOWN_JAN,2026-01-31T14:16:00+00:00,WIN,-0.144,-0.444,-0.642,-0.803,-0.296,-14469.63,-47433.01,-15692.36,0.136,0.865,False,False,True,False,False,False,False,True
TREND_DOWN,DOWN_JAN,2026-01-31T14:17:00+00:00,WIN,-0.281,-0.607,-0.705,-0.933,-0.427,-16732.68,-48502.16,-14469.63,0.001,0.865,False,True,True,False,False,False,True,True
TREND_DOWN,DOWN_JAN,2026-01-31T14:18:00+00:00,WIN,-0.449,-0.735,-0.866,-1.129,-0.558,-18355.94,-50211.37,-16732.68,0.0,1.0,False,True,True,False,False,False,True,True
TREND_DOWN,DOWN_JAN,2026-01-31T14:19:00+00:00,WIN,-0.492,-0.663,-0.925,-1.179,-0.579,-19244.84,-49932.8,-18355.94,0.0,1.028,False,True,True,False,False,False,True,True
TREND_DOWN,DOWN_JAN,2026-01-31T14:20:00+00:00,WIN,-0.505,-0.684,-0.937,-1.196,-0.572,-19180.02,-49912.81,-19244.84,0.0,1.035,False,True,True,False,False,False,True,True
TREND_DOWN,DOWN_JAN,2026-01-31T14:21:00+00:00,WIN,-0.403,-0.657,-0.885,-1.171,-0.519,-18174.94,-49379.96,-19180.02,0.041,1.035,False,True,True,False,False,False,True,True
TREND_DOWN,DOWN_JAN,2026-01-31T14:22:00+00:00,WIN,-0.574,-0.813,-1.048,-1.288,-0.684,-22137.0,-52691.52,-18174.94,0.0,1.167,False,True,True,False,False,False,True,True
TREND_DOWN,DOWN_JAN,2026-01-31T14:23:00+00:00,WIN,-0.749,-0.975,-1.212,-1.429,-0.807,-49408.0,-79626.39,-22137.0,0.0,1.309,False,True,True,False,False,False,True,True
TREND_DOWN,DOWN_JAN,2026-01-31T14:24:00+00:00,WIN,-0.849,-1.029,-1.3,-1.49,-0.824,-59115.03,-89222.48,-49408.0,0.0,1.387,False,True,True,False,False,False,True,True
TREND_DOWN,DOWN_JAN,2026-01-31T14:25:00+00:00,WIN,-0.842,-1.004,-1.284,-1.457,-0.789,-57673.88,-88873.21,-59115.03,0.002,1.387,False,True,True,False,False,False,True,True
TREND_DOWN,DOWN_JAN,2026-01-31T14:26:00+00:00,WIN,-1.344,-1.485,-1.79,-1.919,-1.26,-126865.39,-159508.93,-57673.88,0.0,1.889,False,True,True,False,False,False,True,True
TREND_DOWN,DOWN_JAN,2026-01-31T14:27:00+00:00,WIN,-1.391,-1.506,-1.816,-1.892,-1.047,-116710.66,-149614.09,-126865.39,0.0,1.925,False,True,True,False,False,False,True,True
TREND_DOWN,DOWN_JAN,2026-01-31T14:28:00+00:00,WIN,-1.404,-1.491,-1.7,-1.791,-0.914,-104291.42,-131961.55,-116710.66,0.044,1.925,False,True,True,False,False,False,True,True
TREND_DOWN,DOWN_JAN,2026-01-31T14:29:00+00:00,WIN,-1.428,-1.496,-1.69,-1.81,-0.864,-99536.95,-125894.88,-104291.42,0.055,1.925,False,True,True,False,False,False,True,True
TREND_DOWN,DOWN_JAN,2026-01-31T14:30:00+00:00,WIN,-1.655,-1.668,-1.908,-1.956,-1.03,-95768.46,-123589.1,-99536.95,0.0,2.06,False,True,True,False,False,False,True,True
TREND_DOWN,DOWN_JAN,2026-01-31T14:31:00+00:00,WIN,-2.026,-1.988,-2.307,-2.236,-1.359,-110583.83,-138897.31,-95768.46,0.0,2.434,False,True,True,False,False,False,True,True
TREND_DOWN,DOWN_JAN,2026-01-31T14:32:00+00:00,WIN,-1.616,-1.5,-1.953,-1.937,-0.945,-97721.16,-130558.95,-110583.83,0.335,2.434,False,False,True,False,False,False,False,True
TREND_DOWN,DOWN_JAN,2026-01-31T14:33:00+00:00,WIN,-1.711,-1.532,-2.005,-1.908,-0.966,-91504.71,-126404.86,-97721.16,0.278,2.434,False,False,True,False,False,False,False,True
TREND_DOWN,DOWN_JAN,2026-01-31T14:34:00+00:00,WIN,-1.708,-1.299,-1.886,-1.803,-0.829,-78873.64,-123949.32,-91504.71,0.394,2.434,False,False,True,False,False,False,False,True
TREND_DOWN,DOWN_JAN,2026-01-31T14:35:00+00:00,WIN,-1.601,-1.353,-1.837,-1.604,-0.74,-71457.8,-114800.14,-78873.64,0.474,2.434,False,False,True,False,False,False,False,True
TREND_DOWN,DOWN_JAN,2026-01-31T14:36:00+00:00,WIN,-2.057,-1.561,-2.183,-1.928,-1.095,-87783.41,-135843.46,-71457.8,0.102,2.434,False,False,True,False,False,False,False,True
TREND_DOWN,DOWN_JAN,2026-01-31T14:37:00+00:00,WIN,-1.99,-1.671,-2.22,-2.173,-1.114,-94779.13,-143568.49,-87783.41,0.042,2.434,False,True,True,False,False,False,True,True
TREND_DOWN,DOWN_JAN,2026-01-31T14:38:00+00:00,WIN,-1.764,-1.611,-2.231,-2.215,-1.079,-87934.39,-138236.91,-94779.13,0.042,2.434,False,True,True,False,False,False,True,True
TREND_DOWN,DOWN_JAN,2026-01-31T14:39:00+00:00,WIN,-1.881,-1.814,-2.369,-2.256,-1.14,-88226.1,-139052.98,-87934.39,0.0,2.561,False,True,True,False,False,False,True,True
TREND_DOWN,DOWN_JAN,2026-01-31T14:40:00+00:00,WIN,-1.765,-1.94,-2.426,-2.072,-1.165,-98506.97,-144244.42,-88226.1,0.0,2.616,False,True,True,False,False,False,True,True
TREND_DOWN,DOWN_JAN,2026-01-31T14:41:00+00:00,WIN,-1.855,-1.957,-2.429,-2.181,-1.151,-102205.59,-146776.96,-98506.97,0.0,2.62,False,True,True,False,False,False,True,True
TREND_DOWN,DOWN_JAN,2026-01-31T14:42:00+00:00,WIN,-1.799,-1.963,-2.448,-2.04,-1.15,-107703.23,-152233.18,-102205.59,0.0,2.634,False,True,True,False,False,False,True,True
TREND_DOWN,DOWN_JAN,2026-01-31T14:43:00+00:00,WIN,-1.803,-1.921,-2.403,-2.066,-1.102,-103128.5,-147012.97,-107703.23,0.035,2.634,False,True,True,False,False,False,True,True
TREND_DOWN,DOWN_JAN,2026-01-31T14:44:00+00:00,WIN,-1.77,-2.012,-2.385,-2.173,-1.114,-105059.35,-143890.92,-103128.5,0.01,2.634,False,True,True,False,False,False,True,True
TREND_DOWN,DOWN_JAN,2026-01-31T14:45:00+00:00,WIN,-1.659,-1.934,-2.356,-2.118,-1.048,-99916.16,-138810.19,-105059.35,0.065,2.634,False,True,True,False,False,False,True,True
TREND_DOWN,DOWN_JAN,2026-01-31T15:21:00+00:00,WIN,-0.019,-1.317,-2.084,-2.193,-0.579,-9439.0,-46275.16,-5915.83,0.285,2.502,False,False,True,False,False,False,False,True
TREND_DOWN,DOWN_JAN,2026-01-31T15:22:00+00:00,WIN,-0.036,-1.158,-2.116,-2.168,-0.584,-4482.04,-43935.09,-9439.0,0.274,2.502,False,False,True,False,False,False,False,True
TREND_DOWN,DOWN_JAN,2026-01-31T15:23:00+00:00,WIN,-0.115,-1.084,-2.213,-2.188,-0.645,20233.36,-47817.04,-4482.04,0.209,2.502,False,False,True,False,False,True,False,False
TREND_DOWN,DOWN_JAN,2026-01-31T15:24:00+00:00,WIN,-0.331,-1.01,-2.239,-2.113,-0.643,31504.24,-46807.34,20233.36,0.207,2.502,False,False,True,False,False,True,False,False
TREND_DOWN,DOWN_JAN,2026-01-31T15:25:00+00:00,WIN,-0.407,-0.959,-2.169,-2.102,-0.586,34933.61,-42131.57,31504.24,0.261,2.492,False,False,True,False,False,True,False,False
TREND_DOWN,DOWN_JAN,2026-01-31T15:26:00+00:00,WIN,-0.283,-0.448,-2.156,-2.079,-0.565,106893.03,-42084.04,34933.61,0.279,2.492,False,False,True,False,False,True,False,False
TREND_DOWN,DOWN_JAN,2026-01-31T16:03:00+00:00,WIN,0.069,0.163,-1.716,-2.08,-0.238,-11578.84,-43656.93,2054.15,0.332,2.403,False,False,True,False,False,True,False,False
TREND_DOWN,DOWN_JAN,2026-01-31T16:04:00+00:00,WIN,0.011,0.031,-1.777,-2.102,-0.289,-18015.86,-46545.15,-11578.84,0.279,2.403,False,False,True,False,False,True,False,True
TREND_DOWN,DOWN_JAN,2026-01-31T16:05:00+00:00,WIN,0.074,-0.421,-1.764,-2.122,-0.287,-31925.08,-47256.63,-18015.86,0.279,2.403,False,False,True,False,False,False,False,True
TREND_DOWN,DOWN_JAN,2026-01-31T16:06:00+00:00,WIN,0.113,-0.424,-1.843,-2.188,-0.347,-40270.31,-49166.91,-31925.08,0.217,2.403,False,False,True,False,False,False,False,True
TREND_DOWN,DOWN_JAN,2026-01-31T16:07:00+00:00,WIN,-0.182,-0.63,-2.119,-2.378,-0.612,-52350.08,-62963.32,-40270.31,0.0,2.403,False,True,True,False,False,False,True,True
TREND_DOWN,DOWN_JAN,2026-01-31T16:08:00+00:00,WIN,-0.308,-0.576,-2.281,-2.409,-0.702,-53257.75,-62712.04,-52350.08,0.0,2.403,False,True,True,False,False,False,True,True
TREND_DOWN,DOWN_JAN,2026-01-31T16:09:00+00:00,WIN,-0.667,-0.835,-2.623,-2.72,-1.016,-75985.9,-92188.82,-53257.75,0.0,2.732,False,True,True,False,False,False,True,True
TREND_DOWN,DOWN_JAN,2026-01-31T16:10:00+00:00,WIN,-0.305,-0.589,-2.288,-2.496,-0.716,-67043.31,-79252.36,-75985.9,0.281,2.732,False,False,True,False,False,False,False,True
TREND_DOWN,DOWN_JAN,2026-01-31T16:11:00+00:00,WIN,-0.214,-0.365,-2.213,-2.457,-0.611,-56658.09,-72252.0,-67043.31,0.373,2.732,False,False,True,False,False,False,False,True
TREND_DOWN,DOWN_JAN,2026-01-31T16:12:00+00:00,WIN,-0.204,-0.261,-2.14,-2.376,-0.577,-45668.11,-61442.31,-56658.09,0.404,2.732,False,False,True,False,False,False,False,True
TREND_DOWN,DOWN_JAN,2026-01-31T16:13:00+00:00,WIN,-0.287,-0.339,-2.179,-2.412,-0.632,-49932.93,-69218.89,-45668.11,0.342,2.732,False,False,True,False,False,False,False,True
TREND_DOWN,DOWN_JAN,2026-01-31T16:14:00+00:00,WIN,-0.427,-0.343,-2.195,-2.423,-0.65,-38164.44,-67524.59,-49932.93,0.317,2.732,False,False,True,False,False,False,False,True
TREND_DOWN,DOWN_JAN,2026-01-31T16:15:00+00:00,WIN,-0.425,-0.167,-2.214,-2.416,-0.62,-35019.82,-66123.32,-38164.44,0.345,2.732,False,False,True,False,False,False,False,True
TREND_DOWN,DOWN_JAN,2026-01-31T16:16:00+00:00,WIN,-0.812,-0.604,-2.733,-2.855,-1.09,-67100.76,-100600.02,-35019.82,0.0,2.866,False,True,True,False,False,False,True,True
TREND_DOWN,DOWN_JAN,2026-01-31T16:17:00+00:00,WIN,-0.256,-0.145,-2.188,-2.298,-0.482,-82945.8,-109153.43,-67100.76,0.591,2.866,False,False,True,False,False,False,False,True
TREND_DOWN,DOWN_JAN,2026-01-31T16:27:00+00:00,WIN,-0.041,0.09,-1.854,-2.163,-0.254,6459.15,-13947.54,15424.61,0.795,2.866,True,False,False,True,False,True,False,False
TREND_DOWN,DOWN_JAN,2026-01-31T16:28:00+00:00,WIN,-0.145,-0.135,-2.038,-2.307,-0.409,-4628.58,-23720.17,6459.15,0.635,2.866,True,False,False,True,False,True,False,False
TREND_DOWN,DOWN_JAN,2026-01-31T16:29:00+00:00,WIN,-0.225,-0.237,-2.082,-2.342,-0.431,-3461.62,-23594.37,-4628.58,0.606,2.866,True,False,False,True,False,True,False,False
TREND_DOWN,DOWN_JAN,2026-01-31T16:30:00+00:00,WIN,-0.337,-0.234,-2.092,-2.397,-0.453,-4813.5,-25459.12,-3461.62,0.581,2.866,True,False,True,False,False,True,False,False
TREND_DOWN,DOWN_JAN,2026-01-31T16:36:00+00:00,WIN,-0.258,-0.145,-1.741,-2.462,-0.439,7906.57,3957.01,9690.36,0.566,2.866,False,False,True,False,False,True,False,False
TREND_DOWN,DOWN_JAN,2026-01-31T16:37:00+00:00,WIN,0.067,-0.116,-1.736,-2.411,-0.377,15438.53,8237.98,7906.57,0.623,2.866,False,False,False,True,False,True,False,False
TREND_DOWN,DOWN_JAN,2026-01-31T16:38:00+00:00,WIN,0.023,-0.285,-1.819,-2.487,-0.515,13027.11,7749.08,15438.53,0.478,2.866,False,False,True,False,False,True,False,False
TREND_DOWN,DOWN_JAN,2026-01-31T16:39:00+00:00,WIN,0.37,-0.3,-1.836,-2.498,-0.488,12144.12,9639.48,13027.11,0.501,2.866,False,False,True,False,False,True,False,False
TREND_DOWN,DOWN_JAN,2026-01-31T16:40:00+00:00,WIN,-0.0,-0.305,-1.997,-2.578,-0.572,11545.57,2334.47,12144.12,0.412,2.866,False,False,True,False,False,True,False,False
TREND_DOWN,DOWN_JAN,2026-01-31T16:41:00+00:00,WIN,-0.074,-0.287,-1.992,-2.614,-0.548,13697.87,2462.3,11545.57,0.431,2.866,False,False,True,False,False,True,False,False
TREND_DOWN,DOWN_JAN,2026-01-31T16:42:00+00:00,WIN,-0.016,-0.22,-1.898,-2.535,-0.457,13563.79,3120.96,13697.87,0.52,2.866,False,False,True,False,False,True,False,False
TREND_DOWN,DOWN_JAN,2026-01-31T16:43:00+00:00,WIN,-0.062,-0.349,-1.996,-2.654,-0.562,9637.9,-2599.24,13563.79,0.412,2.866,False,False,True,False,False,True,False,False
TREND_DOWN,DOWN_JAN,2026-01-31T16:47:00+00:00,WIN,-1.007,-1.26,-2.855,-3.422,-1.372,-52155.81,-72012.61,-5442.66,0.0,3.303,False,True,True,False,False,False,True,True
TREND_DOWN,DOWN_JAN,2026-01-31T16:48:00+00:00,WIN,-1.194,-1.253,-2.669,-3.18,-1.1,-37214.38,-58540.79,-52155.81,0.225,3.303,False,False,True,False,False,False,False,True
TREND_DOWN,DOWN_JAN,2026-01-31T16:49:00+00:00,WIN,-1.197,-1.246,-2.695,-3.202,-1.097,-37371.47,-57032.58,-37214.38,0.214,3.303,False,False,True,False,False,False,False,True
TREND_DOWN,DOWN_JAN,2026-01-31T16:50:00+00:00,WIN,-1.672,-1.272,-2.767,-3.292,-1.159,-43035.43,-62447.4,-37371.47,0.145,3.303,False,False,True,False,False,False,False,True
TREND_DOWN,DOWN_JAN,2026-01-31T16:51:00+00:00,WIN,-1.947,-1.463,-2.93,-3.421,-1.38,-42654.8,-63561.69,-43035.43,0.0,3.39,False,True,True,False,False,False,True,True
TREND_DOWN,DOWN_JAN,2026-01-31T16:52:00+00:00,WIN,-1.699,-1.313,-2.763,-3.313,-1.2,-32599.17,-54868.66,-42654.8,0.171,3.39,False,False,True,False,False,False,False,True
TREND_DOWN,DOWN_JAN,2026-01-31T16:53:00+00:00,WIN,-2.058,-1.609,-3.092,-3.624,-1.49,-47248.27,-71679.93,-32599.17,0.0,3.525,False,True,True,False,False,False,True,True
TREND_DOWN,DOWN_JAN,2026-01-31T16:54:00+00:00,WIN,-1.954,-1.539,-3.071,-3.633,-1.43,-34662.14,-59123.67,-47248.27,0.045,3.525,False,True,True,False,False,False,True,True
TREND_DOWN,DOWN_JAN,2026-01-31T16:55:00+00:00,WIN,-1.695,-1.611,-3.053,-3.641,-1.401,-36155.52,-60695.26,-34662.14,0.059,3.525,False,True,True,False,False,False,True,True
TREND_DOWN,DOWN_JAN,2026-01-31T16:56:00+00:00,WIN,-1.482,-1.46,-2.953,-3.501,-1.269,-30729.74,-55541.78,-36155.52,0.174,3.525,False,False,True,False,False,False,False,True
TREND_DOWN,DOWN_JAN,2026-01-31T16:57:00+00:00,WIN,-1.344,-1.385,-3.059,-3.6,-1.354,-24347.48,-60378.17,-30729.74,0.078,3.525,False,True,True,False,False,False,True,True
TREND_DOWN,DOWN_JAN,2026-01-31T16:58:00+00:00,WIN,-1.073,-1.216,-3.002,-3.45,-1.234,-23189.45,-59755.59,-24347.48,0.193,3.525,False,False,True,False,False,False,False,True
TREND_DOWN,DOWN_JAN,2026-01-31T16:59:00+00:00,WIN,-0.941,-1.163,-2.936,-3.382,-1.126,-17444.56,-55946.8,-23189.45,0.297,3.525,False,False,True,False,False,False,False,True
TREND_DOWN,DOWN_JAN,2026-01-31T17:00:00+00:00,WIN,-0.714,-1.049,-2.779,-3.093,-0.917,-13146.83,-52736.32,-17444.56,0.502,3.525,False,False,True,False,False,False,False,True
TREND_DOWN,DOWN_JAN,2026-01-31T17:01:00+00:00,WIN,-1.084,-1.163,-3.005,-3.326,-1.131,-14387.21,-56795.39,-13146.83,0.281,3.525,False,False,True,False,False,False,False,True
TREND_DOWN,DOWN_JAN,2026-01-31T17:08:00+00:00,WIN,-1.943,-1.921,-3.876,-4.356,-2.189,-127476.12,-196076.45,-1369.55,0.0,4.032,False,True,True,False,False,False,True,True
TREND_DOWN,DOWN_JAN,2026-01-31T17:09:00+00:00,WIN,-1.887,-1.524,-3.755,-4.315,-1.953,-87875.02,-186533.24,-127476.12,0.08,3.985,False,True,True,False,False,False,True,True
TREND_DOWN,DOWN_JAN,2026-01-31T17:10:00+00:00,WIN,-1.907,-1.907,-3.694,-4.382,-2.028,-141959.3,-219359.07,-87875.02,0.0,3.928,False,True,True,False,False,False,True,True
TREND_DOWN,DOWN_JAN,2026-01-31T17:11:00+00:00,WIN,-2.634,-2.705,-4.474,-5.08,-2.652,-204153.36,-274388.25,-141959.3,0.0,4.683,False,True,True,False,False,False,True,True
TREND_DOWN,DOWN_JAN,2026-01-31T17:12:00+00:00,WIN,-2.781,-2.796,-4.466,-5.117,-2.557,-293893.51,-351138.5,-204153.36,0.0,4.737,False,True,True,False,False,False,True,True
TREND_DOWN,DOWN_JAN,2026-01-31T17:13:00+00:00,WIN,-2.057,-2.117,-3.896,-4.477,-1.751,-265925.88,-327488.91,-293893.51,0.636,4.737,False,False,False,False,False,False,False,False
TREND_DOWN,DOWN_JAN,2026-01-31T17:14:00+00:00,WIN,-2.628,-2.642,-4.379,-5.024,-2.263,-268826.94,-322576.08,-265925.88,0.072,4.737,False,True,True,False,False,False,True,True
TREND_DOWN,DOWN_JAN,2026-01-31T17:15:00+00:00,WIN,-2.388,-2.384,-4.043,-4.768,-1.939,-263064.19,-313495.15,-268826.94,0.366,4.737,False,False,True,False,False,False,False,True
TREND_DOWN,DOWN_JAN,2026-01-31T17:16:00+00:00,WIN,-2.108,-1.905,-4.161,-4.776,-1.901,-226208.02,-312338.41,-263064.19,0.379,4.737,False,False,True,False,False,False,False,True
TREND_DOWN,DOWN_JAN,2026-01-31T17:17:00+00:00,WIN,-1.375,-2.368,-3.921,-4.598,-1.773,-218862.15,-311282.9,-226208.02,0.495,4.596,False,False,True,False,False,False,False,True
TREND_DOWN,DOWN_JAN,2026-01-31T17:18:00+00:00,WIN,-1.538,-2.714,-3.734,-4.567,-1.7,-263756.79,-309672.87,-218862.15,0.555,4.461,False,False,True,False,False,False,False,True
TREND_DOWN,DOWN_JAN,2026-01-31T17:19:00+00:00,WIN,-1.728,-2.905,-3.903,-4.792,-1.889,-296813.51,-309076.04,-263756.79,0.349,4.461,False,False,True,False,False,False,False,True
TREND_DOWN,DOWN_JAN,2026-01-31T17:20:00+00:00,WIN,-1.851,-3.491,-4.082,-4.981,-2.064,-323207.53,-309121.82,-296813.51,0.156,4.461,False,False,True,False,False,False,False,True
TREND_DOWN,DOWN_JAN,2026-01-31T17:21:00+00:00,WIN,-1.55,-3.466,-4.048,-4.897,-1.963,-350157.7,-304735.14,-323207.53,0.232,4.461,False,False,True,False,False,False,False,True
TREND_DOWN,DOWN_JAN,2026-01-31T17:22:00+00:00,WIN,-1.624,-3.295,-3.791,-4.799,-1.857,-350631.7,-303038.95,-350157.7,0.328,4.282,False,False,True,False,False,False,False,True
TREND_DOWN,DOWN_JAN,2026-01-31T17:23:00+00:00,WIN,-1.454,-3.482,-3.781,-4.947,-1.971,-353674.28,-279813.06,-350631.7,0.199,4.136,False,False,True,False,False,False,False,True
TREND_DOWN,DOWN_JAN,2026-01-31T17:24:00+00:00,WIN,-1.416,-3.342,-3.625,-4.878,-1.864,-351026.39,-268465.8,-353674.28,0.284,4.058,False,False,True,False,False,False,False,True
TREND_DOWN,DOWN_JAN,2026-01-31T17:25:00+00:00,WIN,-1.361,-3.032,-3.56,-4.799,-1.781,-327933.66,-267512.59,-351026.39,0.353,4.058,False,False,True,False,False,False,False,True
TREND_DOWN,DOWN_JAN,2026-01-31T17:32:00+00:00,WIN,-1.871,-2.734,-3.045,-4.938,-1.79,-314991.08,-228085.52,-308847.02,0.19,3.832,False,False,True,False,False,False,False,True
TREND_DOWN,DOWN_JAN,2026-01-31T17:33:00+00:00,WIN,-2.469,-3.337,-3.503,-5.438,-2.293,-335448.9,-248806.25,-314991.08,0.0,4.186,False,True,True,False,False,False,True,True
TREND_DOWN,DOWN_JAN,2026-01-31T17:34:00+00:00,WIN,-2.164,-3.188,-3.533,-5.353,-2.179,-321682.05,-237111.27,-335448.9,0.085,4.186,False,True,True,False,False,False,True,True
TREND_DOWN,DOWN_JAN,2026-01-31T17:35:00+00:00,WIN,-1.701,-2.93,-3.44,-5.213,-1.991,-309293.67,-236857.71,-321682.05,0.261,4.186,False,False,True,False,False,False,False,True
TREND_DOWN,DOWN_JAN,2026-01-31T18:07:00+00:00,WIN,-0.302,-1.76,-3.471,-5.188,-1.607,-254573.55,-308293.18,-249888.31,0.297,4.186,False,False,True,False,False,False,False,True
TREND_DOWN,DOWN_JAN,2026-01-31T18:08:00+00:00,WIN,-0.218,-0.953,-3.415,-5.346,-1.691,-131359.78,-312093.65,-254573.55,0.199,4.186,False,False,True,False,False,False,False,True
TREND_DOWN,DOWN_JAN,2026-01-31T18:09:00+00:00,WIN,0.043,-0.836,-3.163,-5.148,-1.486,-141027.31,-304888.23,-131359.78,0.398,4.186,False,False,True,False,False,False,False,True
TREND_DOWN,DOWN_JAN,2026-01-31T18:10:00+00:00,WIN,0.149,-0.786,-3.251,-5.059,-1.535,-98521.73,-307524.34,-141027.31,0.34,4.186,False,False,True,False,False,False,False,True
TREND_DOWN,DOWN_JAN,2026-01-31T18:11:00+00:00,WIN,0.269,-0.057,-3.116,-4.952,-1.522,-42426.73,-303238.18,-98521.73,0.347,4.186,False,False,True,False,False,False,False,True
TREND_DOWN,DOWN_JAN,2026-01-31T18:12:00+00:00,WIN,0.144,0.009,-3.042,-4.959,-1.513,39236.81,-300324.81,-42426.73,0.35,4.186,False,False,True,False,False,True,False,False
TREND_DOWN,DOWN_JAN,2026-01-31T18:17:00+00:00,WIN,-0.298,-0.829,-3.318,-5.357,-1.811,-4430.63,-306238.58,-4006.01,0.129,4.319,False,False,True,False,False,False,False,True
TREND_DOWN,DOWN_JAN,2026-01-31T18:18:00+00:00,WIN,-0.513,-1.091,-3.504,-5.55,-2.003,-11006.59,-312955.31,-4430.63,0.0,4.398,False,True,True,False,False,False,True,True
TREND_DOWN,DOWN_JAN,2026-01-31T18:19:00+00:00,WIN,-0.496,-0.884,-3.412,-5.596,-1.982,-11009.26,-312689.27,-11006.59,0.005,4.398,False,True,True,False,False,False,True,True
TREND_DOWN,DOWN_JAN,2026-01-31T18:20:00+00:00,WIN,-0.627,-0.818,-3.531,-5.705,-2.099,-20183.14,-323389.13,-11009.26,0.0,4.525,False,True,True,False,False,False,True,True
TREND_DOWN,DOWN_JAN,2026-01-31T18:21:00+00:00,WIN,-0.928,-1.005,-3.745,-5.751,-2.198,-59741.77,-355037.91,-20183.14,0.0,4.643,False,True,True,False,False,False,True,True
TREND_DOWN,DOWN_JAN,2026-01-31T18:22:00+00:00,WIN,-0.785,-0.807,-3.449,-5.493,-1.867,-34854.13,-333411.04,-59741.77,0.296,4.643,False,False,True,False,False,False,False,True
TREND_DOWN,DOWN_JAN,2026-01-31T18:23:00+00:00,WIN,-0.759,-0.701,-3.408,-5.546,-1.869,-30602.12,-330648.54,-34854.13,0.273,4.643,False,False,True,False,False,False,False,True
TREND_DOWN,DOWN_JAN,2026-01-31T18:24:00+00:00,WIN,-0.825,-0.921,-3.539,-5.698,-1.998,-31931.98,-331902.02,-30602.12,0.136,4.643,False,False,True,False,False,False,False,True
TREND_DOWN,DOWN_JAN,2026-01-31T18:25:00+00:00,WIN,-0.659,-0.803,-3.408,-5.503,-1.806,-30227.55,-332673.75,-31931.98,0.325,4.643,False,False,True,False,False,False,False,True
TREND_DOWN,DOWN_JAN,2026-01-31T18:26:00+00:00,WIN,-0.891,-0.98,-3.621,-5.699,-1.999,-30032.17,-335263.89,-30227.55,0.122,4.643,False,False,True,False,False,False,False,True
TREND_DOWN,DOWN_JAN,2026-01-31T18:27:00+00:00,WIN,-0.693,-0.976,-3.494,-5.604,-1.89,-24688.19,-332896.53,-30032.17,0.226,4.643,False,False,True,False,False,False,False,True
TREND_DOWN,DOWN_JAN,2026-01-31T18:28:00+00:00,WIN,-0.5,-0.829,-3.467,-5.487,-1.794,-22661.52,-331343.13,-24688.19,0.321,4.643,False,False,True,False,False,False,False,True
TREND_DOWN,DOWN_JAN,2026-01-31T18:29:00+00:00,WIN,-0.574,-0.868,-3.533,-5.496,-1.784,-26088.6,-332388.09,-22661.52,0.325,4.643,False,False,True,False,False,False,False,True
TREND_DOWN,DOWN_JAN,2026-01-31T18:32:00+00:00,WIN,-0.658,-0.646,-3.573,-5.469,-1.763,-19194.78,-327484.43,-16936.04,0.32,4.643,False,False,True,False,False,False,False,True
TREND_DOWN,DOWN_JAN,2026-01-31T18:37:00+00:00,WIN,-1.294,-1.592,-4.29,-6.172,-2.604,-68303.62,-357121.44,-37960.52,0.0,5.239,False,True,True,False,False,False,True,True
TREND_DOWN,DOWN_JAN,2026-01-31T18:38:00+00:00,WIN,-1.098,-1.313,-4.218,-6.137,-2.452,-73873.03,-366224.59,-68303.62,0.101,5.239,False,False,True,False,False,False,False,True
TREND_DOWN,DOWN_JAN,2026-01-31T18:39:00+00:00,WIN,-1.633,-1.591,-4.584,-6.459,-2.734,-69289.14,-364093.29,-73873.03,0.0,5.496,False,True,True,False,False,False,True,True
TREND_DOWN,DOWN_JAN,2026-01-31T18:40:00+00:00,LOSS,-2.035,-1.889,-4.95,-6.956,-3.156,-98153.63,-391740.43,-69289.14,0.0,5.99,False,True,True,False,False,False,True,True
TREND_DOWN,DOWN_JAN,2026-01-31T18:41:00+00:00,WIN,-1.65,-1.385,-4.57,-6.602,-2.703,-97961.95,-386573.03,-98153.63,0.401,5.99,False,False,True,False,False,False,False,True
TREND_DOWN,DOWN_JAN,2026-01-31T18:42:00+00:00,WIN,-1.787,-1.646,-4.72,-6.688,-2.799,-91370.16,-379124.21,-97961.95,0.263,5.99,False,False,True,False,False,False,False,True
TREND_DOWN,DOWN_JAN,2026-01-31T18:43:00+00:00,LOSS,-3.781,-3.918,-6.767,-8.674,-4.84,-285404.37,-565562.28,-91370.16,0.0,8.009,False,True,True,False,False,False,True,True
TREND_DOWN,DOWN_JAN,2026-01-31T18:44:00+00:00,LOSS,-1.339,-1.695,-4.621,-6.452,-2.075,-215866.91,-506335.41,-285404.37,2.42,8.009,False,False,False,False,False,False,False,False
TREND_DOWN,DOWN_JAN,2026-01-31T18:45:00+00:00,LOSS,-0.885,-1.451,-4.244,-6.077,-1.558,-205016.59,-498582.58,-215866.91,2.851,8.009,False,False,False,False,False,False,False,False
TREND_DOWN,DOWN_JAN,2026-01-31T18:46:00+00:00,LOSS,-0.689,-1.229,-4.186,-6.091,-1.536,-202429.16,-496691.37,-205016.59,2.824,8.009,False,False,False,False,False,False,False,False
TREND_DOWN,DOWN_JAN,2026-01-31T18:47:00+00:00,TIMEOUT,-0.528,-0.824,-3.935,-5.779,-1.217,-200262.09,-493751.11,-202429.16,3.125,8.009,False,False,False,False,False,False,False,False
TREND_DOWN,DOWN_JAN,2026-01-31T18:48:00+00:00,LOSS,-0.447,-0.958,-4.263,-5.788,-1.327,-205757.34,-497933.33,-200262.09,2.996,8.009,False,False,False,False,False,False,False,False
TREND_DOWN,DOWN_JAN,2026-01-31T18:49:00+00:00,LOSS,-0.45,-0.943,-4.242,-5.806,-1.315,-209865.23,-503546.31,-205757.34,2.999,8.009,False,False,False,False,False,False,False,False
TREND_DOWN,DOWN_JAN,2026-01-31T18:50:00+00:00,LOSS,-0.338,-0.962,-4.216,-5.763,-1.316,-216478.03,-509343.83,-209865.23,2.985,8.009,False,False,False,False,False,False,False,False
TREND_DOWN,DOWN_JAN,2026-01-31T18:51:00+00:00,LOSS,-0.399,-1.324,-4.348,-5.932,-1.481,-224846.07,-513461.01,-216478.03,2.805,8.009,False,False,False,False,False,False,False,False
TREND_DOWN,DOWN_JAN,2026-01-31T19:22:00+00:00,LOSS,-0.305,-0.724,-4.77,-6.029,-0.948,-211363.21,-596849.04,-163697.73,2.773,7.991,False,False,False,False,False,False,False,False
TREND_DOWN,DOWN_JAN,2026-01-31T19:23:00+00:00,LOSS,-0.278,-0.632,-4.765,-5.985,-0.863,-199107.85,-583384.25,-211363.21,2.846,7.991,False,False,False,False,False,False,False,False
TREND_DOWN,DOWN_JAN,2026-01-31T19:24:00+00:00,LOSS,0.03,-0.434,-4.648,-5.906,-0.789,-198147.44,-581105.81,-199107.85,2.909,7.925,False,False,False,False,False,False,False,False
TREND_DOWN,DOWN_JAN,2026-01-31T19:25:00+00:00,LOSS,0.228,-0.657,-4.443,-5.918,-0.817,-199531.52,-557692.73,-198147.44,2.872,7.655,False,False,False,False,False,False,False,False
TREND_DOWN,DOWN_JAN,2026-01-31T19:27:00+00:00,LOSS,0.09,-0.486,-4.049,-5.827,-0.684,-204879.91,-544235.59,-194368.09,2.948,7.292,False,False,False,False,False,False,False,False
TREND_DOWN,DOWN_JAN,2026-01-31T19:28:00+00:00,LOSS,0.03,-0.588,-3.904,-5.862,-0.673,-208859.04,-535573.59,-204879.91,2.94,7.249,False,False,False,False,False,False,False,False
TREND_DOWN,DOWN_JAN,2026-01-31T19:29:00+00:00,LOSS,-0.096,-0.584,-3.868,-5.87,-0.635,-206987.51,-535913.98,-208859.04,2.948,7.249,False,False,False,False,False,False,False,False
TREND_DOWN,DOWN_JAN,2026-01-31T19:30:00+00:00,LOSS,-0.414,-1.023,-3.958,-5.967,-0.745,-208306.43,-532694.4,-206987.51,2.827,7.249,False,False,False,False,False,False,False,False
TREND_DOWN,DOWN_JAN,2026-01-31T19:31:00+00:00,LOSS,-0.131,-0.838,-4.198,-6.022,-0.831,-215145.61,-540928.67,-208306.43,2.727,7.249,False,False,False,False,False,False,False,False
TREND_DOWN,DOWN_JAN,2026-01-31T19:32:00+00:00,LOSS,-0.393,-1.072,-4.398,-6.133,-1.097,-224034.08,-558219.94,-215145.61,2.438,7.249,False,False,False,False,False,False,False,False
TREND_DOWN,DOWN_JAN,2026-01-31T19:33:00+00:00,LOSS,-0.523,-1.104,-4.596,-6.22,-1.197,-221459.43,-560182.51,-224034.08,2.319,7.249,False,False,False,False,False,False,False,False
TREND_DOWN,DOWN_JAN,2026-01-31T19:34:00+00:00,LOSS,-0.479,-1.113,-4.479,-6.056,-1.135,-221529.26,-560280.41,-221459.43,2.374,7.175,False,False,False,False,False,False,False,False
TREND_DOWN,DOWN_JAN,2026-01-31T19:35:00+00:00,LOSS,-0.767,-0.953,-4.476,-6.262,-1.213,-221628.49,-558030.39,-221529.26,2.286,7.109,False,False,False,False,False,False,False,False
TREND_DOWN,DOWN_JAN,2026-01-31T19:36:00+00:00,LOSS,-0.884,-1.086,-4.606,-6.266,-1.368,-224480.71,-559280.18,-221628.49,2.118,7.109,False,False,False,False,False,False,False,False
TREND_DOWN,DOWN_JAN,2026-01-31T19:37:00+00:00,LOSS,-1.073,-0.503,-4.661,-6.317,-1.361,-184644.33,-557204.3,-224480.71,2.116,7.109,False,False,False,False,False,False,False,False
TREND_DOWN,DOWN_JAN,2026-01-31T19:38:00+00:00,LOSS,-1.197,-0.664,-4.582,-6.317,-1.411,-174828.53,-554080.23,-184644.33,2.054,6.999,False,False,False,False,False,False,False,False
TREND_DOWN,DOWN_JAN,2026-01-31T19:39:00+00:00,LOSS,-1.317,-0.296,-4.58,-6.332,-1.38,-179216.85,-555454.26,-174828.53,2.079,6.999,False,False,False,False,False,False,False,False
TREND_DOWN,DOWN_JAN,2026-01-31T19:40:00+00:00,LOSS,-1.262,0.111,-4.553,-6.459,-1.432,-144974.32,-548260.32,-179216.85,2.018,6.999,False,False,False,False,False,True,False,False
TREND_DOWN,DOWN_JAN,2026-01-31T19:41:00+00:00,LOSS,-1.115,-0.292,-4.575,-6.475,-1.423,-149628.35,-549899.25,-144974.32,2.014,6.999,False,False,False,False,False,False,False,False
TREND_DOWN,DOWN_JAN,2026-01-31T19:42:00+00:00,LOSS,-1.115,-0.111,-4.617,-6.426,-1.374,-156391.27,-549079.27,-149628.35,2.06,6.999,False,False,False,False,False,False,False,False
TREND_DOWN,DOWN_JAN,2026-01-31T19:43:00+00:00,LOSS,-0.987,2.255,-4.331,-6.241,-1.182,41434.39,-533765.79,-156391.27,2.255,6.958,False,False,False,False,False,True,False,False
TREND_DOWN,DOWN_JAN,2026-01-31T19:59:00+00:00,LOSS,-0.292,-0.387,-3.239,-6.08,-0.574,-50718.99,-522145.51,-37981.59,0.62,6.3,False,False,False,False,False,False,False,False
TREND_DOWN,DOWN_JAN,2026-01-31T20:03:00+00:00,LOSS,0.182,-0.342,-3.564,-6.22,-0.683,-66575.73,-535014.29,-60425.47,0.482,6.294,False,False,True,False,False,False,False,True
TREND_DOWN,DOWN_JAN,2026-01-31T20:10:00+00:00,LOSS,0.589,-0.68,-2.124,-5.739,-0.406,-80750.17,-364653.0,-86655.03,0.593,4.846,False,False,True,False,False,False,False,True
TREND_DOWN,DOWN_JAN,2026-01-31T20:11:00+00:00,LOSS,0.731,-0.392,-1.277,-5.694,-0.211,-89355.9,-309197.35,-80750.17,0.731,4.686,False,False,False,False,False,False,False,False
TREND_DOWN,DOWN_JAN,2026-01-31T20:12:00+00:00,LOSS,0.46,-0.661,-1.437,-5.839,-0.372,-89394.61,-232879.94,-89355.9,0.505,4.686,False,False,True,False,False,False,False,True
TREND_DOWN,DOWN_JAN,2026-01-31T20:13:00+00:00,LOSS,0.233,-0.757,-2.094,-5.909,-0.317,-88041.37,-259133.79,-89394.61,0.469,4.686,False,False,True,False,False,False,False,True
TREND_DOWN,DOWN_JAN,2026-01-31T20:14:00+00:00,LOSS,0.012,-0.883,-1.665,-5.971,-0.395,-91624.19,-262746.41,-88041.37,0.344,4.601,False,False,True,False,False,False,False,True
TREND_DOWN,DOWN_JAN,2026-01-31T20:15:00+00:00,LOSS,-0.135,-0.717,-1.899,-5.865,-0.318,-68825.11,-266626.1,-91624.19,0.399,4.601,False,False,True,False,False,False,False,True
TREND_DOWN,DOWN_JAN,2026-01-31T20:16:00+00:00,LOSS,-0.185,-0.849,-2.004,-6.082,-0.392,-58184.87,-266167.63,-68825.11,0.305,4.601,False,False,True,False,False,False,False,True
TREND_DOWN,DOWN_JAN,2026-01-31T20:17:00+00:00,LOSS,-0.344,-0.65,-2.086,-5.925,-0.347,-54595.48,-268264.11,-58184.87,0.336,4.601,False,False,True,False,False,False,False,True
TREND_DOWN,DOWN_JAN,2026-01-31T20:18:00+00:00,LOSS,-0.237,-0.839,-2.206,-5.857,-0.392,-54442.04,-266400.48,-54595.48,0.274,4.601,False,False,True,False,False,False,False,True
TREND_DOWN,DOWN_JAN,2026-01-31T20:19:00+00:00,LOSS,-0.201,-0.715,-1.837,-5.669,-0.208,-49761.16,-263401.69,-54442.04,0.446,4.471,False,False,True,False,False,False,False,True
TREND_DOWN,DOWN_JAN,2026-01-31T20:20:00+00:00,LOSS,-0.32,-0.727,-1.729,-5.741,-0.281,-46364.17,-261910.95,-49761.16,0.363,4.471,False,False,True,False,False,False,False,True
TREND_DOWN,DOWN_JAN,2026-01-31T20:21:00+00:00,LOSS,-0.283,-0.357,-1.616,-5.598,-0.069,-42037.83,-265477.33,-46364.17,0.555,4.471,False,False,True,False,False,False,False,True
TREND_DOWN,DOWN_JAN,2026-01-31T21:14:00+00:00,LOSS,0.204,0.169,-1.224,-4.43,0.176,49220.1,-227327.27,44801.03,0.687,3.89,False,False,False,True,False,True,False,False
TREND_DOWN,DOWN_JAN,2026-01-31T21:15:00+00:00,LOSS,0.363,0.142,-1.159,-4.262,0.208,49154.35,-225826.85,49220.1,0.715,3.89,False,False,False,True,False,True,False,False
TREND_DOWN,DOWN_JAN,2026-01-31T22:11:00+00:00,TIMEOUT,-0.028,0.483,0.028,-3.542,0.501,23732.12,-25024.57,24695.58,1.005,1.73,False,False,False,False,True,True,False,False
TREND_DOWN,DOWN_JAN,2026-01-31T22:13:00+00:00,TIMEOUT,0.018,0.623,-0.067,-3.501,0.521,26660.25,-16580.09,23354.5,1.017,1.73,False,False,False,False,True,True,False,False
TREND_DOWN,DOWN_JAN,2026-01-31T22:14:00+00:00,TIMEOUT,0.029,0.67,-0.05,-3.459,0.543,27412.31,-14991.78,26660.25,1.036,1.73,False,False,False,False,True,True,False,False
TREND_DOWN,DOWN_JAN,2026-01-31T22:16:00+00:00,TIMEOUT,0.13,0.636,0.047,-3.002,0.581,15799.19,9675.54,22142.56,1.061,1.73,False,False,False,False,True,True,False,False
TREND_DOWN,DOWN_JAN,2026-01-31T22:17:00+00:00,TIMEOUT,0.084,0.641,0.247,-3.542,0.62,12899.4,15453.47,15799.19,1.092,1.73,False,False,False,False,True,True,False,False
TREND_DOWN,DOWN_JAN,2026-01-31T22:18:00+00:00,TIMEOUT,0.009,0.59,0.051,-4.006,0.554,12030.61,13327.92,12899.4,1.023,1.73,False,False,False,False,True,True,False,False
TREND_DOWN,DOWN_JAN,2026-01-31T22:19:00+00:00,TIMEOUT,-0.078,0.557,-0.097,-4.095,0.457,10649.47,13847.24,12030.61,0.92,1.73,False,False,False,False,True,True,False,False
TREND_DOWN,DOWN_JAN,2026-01-31T22:20:00+00:00,TIMEOUT,-0.137,0.811,-0.006,-4.471,0.48,16928.56,17043.43,10649.47,0.941,1.73,False,False,False,False,True,True,False,False
TREND_DOWN,DOWN_JAN,2026-01-31T22:21:00+00:00,TIMEOUT,-0.087,1.067,0.321,-4.38,0.63,18677.12,22378.71,16928.56,1.088,1.73,False,False,False,False,True,True,False,False
TREND_DOWN,DOWN_JAN,2026-01-31T22:22:00+00:00,TIMEOUT,-0.078,0.965,0.369,-4.419,0.507,17864.37,45425.25,18677.12,0.965,1.73,False,False,False,False,True,True,False,False
TREND_DOWN,DOWN_JAN,2026-01-31T22:23:00+00:00,TIMEOUT,-0.111,0.885,0.338,-4.443,0.549,16470.33,32356.17,17864.37,0.888,1.73,False,False,False,False,True,True,False,False
TREND_DOWN,DOWN_JAN,2026-01-31T22:24:00+00:00,TIMEOUT,-0.055,0.932,0.32,-4.343,0.595,19929.27,36075.3,16470.33,0.932,1.73,False,False,False,False,True,True,False,False
TREND_DOWN,DOWN_JAN,2026-01-31T22:40:00+00:00,TIMEOUT,-0.09,0.042,1.163,-3.443,0.507,248.73,43091.21,2282.82,0.094,1.73,False,False,True,False,False,True,False,False
TREND_DOWN,DOWN_JAN,2026-01-31T22:42:00+00:00,TIMEOUT,-0.081,-0.036,1.023,-3.641,0.399,-9706.4,39986.6,186.45,0.0,1.73,False,True,True,False,False,True,False,False
TREND_DOWN,DOWN_JAN,2026-01-31T22:43:00+00:00,TIMEOUT,-0.003,0.015,0.926,-3.445,0.488,-5567.21,30670.02,-9706.4,0.096,1.73,False,False,True,False,False,True,False,True
TREND_DOWN,DOWN_JAN,2026-01-31T22:44:00+00:00,TIMEOUT,-0.127,-0.097,0.725,-3.567,0.375,-6875.04,30616.26,-5567.21,0.0,1.73,False,True,True,False,False,True,False,True
TREND_DOWN,DOWN_JAN,2026-01-31T22:45:00+00:00,TIMEOUT,-0.257,-0.085,0.452,-3.678,0.303,-14691.23,23088.15,-6875.04,0.0,1.73,False,True,True,False,True,True,False,True
TREND_DOWN,DOWN_JAN,2026-01-31T22:46:00+00:00,LOSS,-0.248,-0.118,0.469,-3.441,0.269,-22543.79,15142.52,-14691.23,0.0,1.73,False,True,True,False,True,True,False,True
TREND_DOWN,DOWN_JAN,2026-01-31T22:47:00+00:00,TIMEOUT,-0.226,-0.142,0.329,-2.781,0.317,-20926.23,23891.9,-22543.79,0.052,1.73,False,True,True,False,True,True,False,True
TREND_DOWN,DOWN_JAN,2026-01-31T22:48:00+00:00,TIMEOUT,-0.103,-0.094,0.554,-2.946,0.371,-20943.46,25668.31,-20926.23,0.107,1.73,False,False,True,False,False,True,False,True
TREND_DOWN,DOWN_JAN,2026-01-31T22:49:00+00:00,LOSS,-0.109,-0.187,0.311,-3.039,0.263,-22480.55,27204.21,-20943.46,0.0,1.73,False,True,True,False,True,True,False,True
TREND_DOWN,DOWN_JAN,2026-01-31T22:50:00+00:00,TIMEOUT,-0.004,-0.141,0.4,-2.85,0.389,-23695.15,26908.29,-22480.55,0.126,1.73,False,False,True,False,True,True,False,True
TREND_DOWN,DOWN_JAN,2026-01-31T22:51:00+00:00,TIMEOUT,-0.209,-0.296,0.185,-2.686,0.327,-29284.29,26434.92,-23695.15,0.066,1.73,False,True,True,False,True,True,False,True
TREND_DOWN,DOWN_JAN,2026-01-31T22:52:00+00:00,TIMEOUT,-0.118,-0.196,0.224,-2.882,0.297,-27273.53,29144.84,-29284.29,0.035,1.73,False,True,True,False,True,True,False,True
TREND_DOWN,DOWN_JAN,2026-01-31T22:53:00+00:00,TIMEOUT,-0.127,-0.238,0.346,-2.559,0.328,-25274.75,34737.08,-27273.53,0.065,1.73,False,True,True,False,True,True,False,True
TREND_DOWN,DOWN_JAN,2026-01-31T22:54:00+00:00,TIMEOUT,-0.11,-0.166,0.413,-2.544,0.388,-24976.13,35087.48,-25274.75,0.126,1.73,False,False,True,False,True,True,False,True
TREND_DOWN,DOWN_JAN,2026-01-31T23:12:00+00:00,TIMEOUT,0.148,0.067,0.71,-0.737,0.471,-19635.14,46284.42,-16092.63,0.254,1.73,False,False,True,False,False,True,False,True
TREND_DOWN,DOWN_JAN,2026-01-31T23:39:00+00:00,TIMEOUT,0.732,0.906,2.139,0.13,0.941,13322.19,45974.45,13962.88,1.144,2.526,False,False,False,False,False,True,False,False
TREND_DOWN,DOWN_JAN,2026-01-31T23:43:00+00:00,TIMEOUT,0.667,0.774,1.649,-0.073,0.751,13016.04,43122.99,16040.27,0.977,2.35,False,False,False,False,False,True,False,False
TREND_DOWN,DOWN_JAN,2026-01-31T23:44:00+00:00,TIMEOUT,0.779,0.956,1.71,-0.102,0.812,15029.98,45108.85,13016.04,1.054,2.35,False,False,False,False,False,True,False,False
TREND_DOWN,DOWN_JAN,2026-01-31T23:45:00+00:00,TIMEOUT,0.575,0.864,1.682,-0.432,0.647,20957.72,48746.81,15029.98,0.893,2.35,False,False,False,False,False,True,False,False
TREND_DOWN,DOWN_JAN,2026-01-31T23:47:00+00:00,TIMEOUT,0.357,0.8,1.641,-0.104,0.578,23231.89,45411.46,26837.04,0.853,2.35,False,False,False,False,False,True,False,False
TREND_DOWN,DOWN_JAN,2026-01-31T23:48:00+00:00,TIMEOUT,0.415,0.818,1.558,-0.043,0.643,23413.56,43460.87,23231.89,0.926,2.35,False,False,False,False,False,True,False,False
TREND_DOWN,DOWN_JAN,2026-01-31T23:49:00+00:00,TIMEOUT,0.202,0.93,1.718,-0.027,0.641,25061.28,42939.93,23413.56,0.93,2.35,False,False,False,False,False,True,False,False
TREND_DOWN,DOWN_JAN,2026-01-31T23:50:00+00:00,TIMEOUT,0.346,0.905,1.717,0.069,0.739,27060.25,45284.16,25061.28,0.997,2.35,False,False,False,False,False,True,False,False
TREND_DOWN,DOWN_JAN,2026-01-31T23:51:00+00:00,TIMEOUT,0.106,1.017,1.725,-0.071,0.784,29570.07,46078.87,27060.25,1.048,2.35,False,False,False,False,False,True,False,False
TREND_DOWN,DOWN_JAN,2026-01-31T23:52:00+00:00,TIMEOUT,0.152,1.097,1.675,-0.174,0.825,30005.12,44056.26,29570.07,1.097,2.35,False,False,False,False,False,True,False,False
TREND_DOWN,DOWN_JAN,2026-01-31T23:54:00+00:00,TIMEOUT,-0.55,0.842,1.367,-0.216,0.65,28469.71,40861.08,29492.95,0.842,2.35,False,False,False,False,False,True,False,False
TREND_DOWN,DOWN_APR,2024-04-12T06:08:00+00:00,TIMEOUT,-0.068,-0.255,0.211,1.064,-0.105,-43564.0,13210.0,-35370.0,0.0,0.814,False,True,True,False,False,True,False,True
TREND_DOWN,DOWN_APR,2024-04-12T06:09:00+00:00,TIMEOUT,-0.128,-0.273,0.246,0.99,-0.119,-43243.0,11761.0,-43564.0,0.0,0.814,False,True,True,False,False,True,False,True
TREND_DOWN,DOWN_APR,2024-04-12T06:12:00+00:00,TIMEOUT,-0.083,-0.052,0.22,0.935,-0.072,-28834.0,11276.0,-32844.0,0.048,0.814,False,True,True,False,False,True,False,True
TREND_DOWN,DOWN_APR,2024-04-12T06:14:00+00:00,TIMEOUT,-0.138,-0.229,0.154,0.881,-0.166,-35295.0,8012.0,-28824.0,0.0,0.814,False,True,True,False,False,True,False,True
TREND_DOWN,DOWN_APR,2024-04-12T06:15:00+00:00,TIMEOUT,-0.121,-0.192,0.173,0.836,-0.128,-34091.0,7709.0,-35295.0,0.038,0.814,False,True,True,False,False,True,False,True
TREND_DOWN,DOWN_APR,2024-04-12T06:16:00+00:00,TIMEOUT,-0.009,-0.077,0.238,0.86,-0.067,-30636.0,9893.0,-34091.0,0.099,0.814,False,True,True,False,False,True,False,True
TREND_DOWN,DOWN_APR,2024-04-12T06:17:00+00:00,TIMEOUT,-0.065,-0.067,0.253,0.85,-0.093,-29945.0,10276.0,-30636.0,0.074,0.814,False,True,True,False,False,True,False,True
TREND_DOWN,DOWN_APR,2024-04-12T06:18:00+00:00,TIMEOUT,-0.059,-0.163,0.232,0.85,-0.13,-31941.0,9563.0,-29945.0,0.038,0.814,False,True,True,False,False,True,False,True
TREND_DOWN,DOWN_APR,2024-04-12T06:19:00+00:00,TIMEOUT,-0.092,-0.19,0.171,0.828,-0.157,-33729.0,8832.0,-31941.0,0.011,0.814,False,True,True,False,False,True,False,True
TREND_DOWN,DOWN_APR,2024-04-12T06:20:00+00:00,TIMEOUT,-0.103,-0.193,0.22,0.921,-0.137,-33578.0,9646.0,-33729.0,0.032,0.814,False,True,True,False,False,True,False,True
TREND_DOWN,DOWN_APR,2024-04-12T06:25:00+00:00,TIMEOUT,-0.228,-0.292,-0.086,0.973,-0.196,-35456.0,-18371.0,-32774.0,0.0,0.636,False,True,True,False,False,True,True,True
TREND_DOWN,DOWN_APR,2024-04-12T06:26:00+00:00,TIMEOUT,-0.287,-0.393,-0.118,0.82,-0.305,-55169.0,-32081.0,-35456.0,0.0,0.669,False,True,True,False,False,True,True,True
TREND_DOWN,DOWN_APR,2024-04-12T06:27:00+00:00,TIMEOUT,-0.202,-0.303,-0.163,0.806,-0.231,-53070.0,-32953.0,-55169.0,0.072,0.669,False,True,True,False,False,True,True,True
TREND_DOWN,DOWN_APR,2024-04-12T06:28:00+00:00,TIMEOUT,-0.209,-0.336,-0.175,0.792,-0.244,-53477.0,-32384.0,-53070.0,0.058,0.669,False,True,True,False,False,True,True,True
TREND_DOWN,DOWN_APR,2024-04-12T06:32:00+00:00,TIMEOUT,-0.252,-0.3,-0.24,0.771,-0.244,-49477.0,-34565.0,-48257.0,0.055,0.669,False,True,True,False,False,True,True,True
TREND_DOWN,DOWN_APR,2024-04-12T06:33:00+00:00,TIMEOUT,-0.298,-0.251,-0.204,0.751,-0.295,-31554.0,-31973.0,-49477.0,0.004,0.669,False,True,True,False,False,True,True,True
TREND_DOWN,DOWN_APR,2024-04-12T06:34:00+00:00,TIMEOUT,-0.296,-0.27,-0.182,0.723,-0.28,-33633.0,-31780.0,-31554.0,0.017,0.669,False,True,True,False,False,True,True,True
TREND_DOWN,DOWN_APR,2024-04-12T06:35:00+00:00,TIMEOUT,-0.277,-0.317,-0.216,0.734,-0.3,-34967.0,-31053.0,-33633.0,0.0,0.673,False,True,True,False,False,True,True,True
TREND_DOWN,DOWN_APR,2024-04-12T06:36:00+00:00,TIMEOUT,-0.201,-0.242,-0.156,0.736,-0.256,-33653.0,-30411.0,-34967.0,0.044,0.673,False,True,True,False,False,True,True,True
TREND_DOWN,DOWN_APR,2024-04-12T06:37:00+00:00,TIMEOUT,-0.157,-0.181,-0.088,0.852,-0.206,-30468.0,-22329.0,-33653.0,0.093,0.673,False,True,True,False,False,True,True,True
TREND_DOWN,DOWN_APR,2024-04-12T07:18:00+00:00,WIN,-0.129,-0.14,-0.177,0.836,-0.293,-8108.0,-23525.0,-3731.0,0.015,0.673,False,True,True,False,False,True,True,True
TREND_DOWN,DOWN_APR,2024-04-12T07:19:00+00:00,WIN,-0.076,-0.105,-0.171,0.808,-0.282,-4138.0,-21678.0,-8108.0,0.023,0.673,False,True,True,False,False,True,True,True
TREND_DOWN,DOWN_APR,2024-04-12T07:20:00+00:00,WIN,-0.111,-0.158,-0.158,0.807,-0.313,-5390.0,-17059.0,-4138.0,0.0,0.682,False,True,True,False,False,True,True,True
TREND_DOWN,DOWN_APR,2024-04-12T07:21:00+00:00,WIN,-0.149,-0.176,-0.167,0.79,-0.313,-5784.0,-16896.0,-5390.0,0.0,0.682,False,True,True,False,False,True,True,True
TREND_DOWN,DOWN_APR,2024-04-12T07:22:00+00:00,WIN,-0.149,-0.188,-0.082,0.871,-0.268,-5139.0,-6878.0,-5784.0,0.044,0.682,False,True,True,False,False,True,True,True
TREND_DOWN,DOWN_APR,2024-04-12T07:38:00+00:00,WIN,-0.2,-0.271,-0.366,0.657,-0.378,-2433.0,-12118.0,1441.0,0.011,0.778,False,True,True,False,False,True,True,False
TREND_DOWN,DOWN_APR,2024-04-12T07:39:00+00:00,TIMEOUT,-0.306,-0.343,-0.444,0.563,-0.453,-2333.0,-15970.0,-2433.0,0.0,0.846,False,True,True,False,False,True,True,True
TREND_DOWN,DOWN_APR,2024-04-12T07:40:00+00:00,TIMEOUT,-0.421,-0.447,-0.542,0.534,-0.504,-8703.0,-26959.0,-2333.0,0.0,0.905,False,True,True,False,False,True,True,True
TREND_DOWN,DOWN_APR,2024-04-12T07:41:00+00:00,TIMEOUT,-0.397,-0.422,-0.492,0.552,-0.473,-11202.0,-28891.0,-8703.0,0.023,0.905,False,True,True,False,False,True,True,True
TREND_DOWN,DOWN_APR,2024-04-12T07:42:00+00:00,WIN,-0.282,-0.339,-0.46,0.646,-0.395,-6717.0,-28192.0,-11202.0,0.093,0.905,False,True,True,False,False,True,True,True
TREND_DOWN,DOWN_APR,2024-04-12T07:43:00+00:00,WIN,-0.246,-0.311,-0.462,0.686,-0.405,1736.0,-22629.0,-6717.0,0.078,0.905,False,True,True,False,False,True,True,False
TREND_DOWN,DOWN_APR,2024-04-12T07:44:00+00:00,WIN,-0.175,-0.274,-0.438,0.658,-0.353,3149.0,-22316.0,1736.0,0.125,0.905,False,False,True,False,False,True,False,False
TREND_DOWN,DOWN_APR,2024-04-12T07:45:00+00:00,WIN,-0.164,-0.323,-0.535,0.612,-0.365,3033.0,-31065.0,3149.0,0.111,0.905,False,False,True,False,False,True,False,False
TREND_DOWN,DOWN_APR,2024-04-12T07:46:00+00:00,WIN,-0.166,-0.348,-0.688,0.576,-0.37,2389.0,-53032.0,3033.0,0.101,0.905,False,False,True,False,False,True,False,False
TREND_DOWN,DOWN_APR,2024-04-12T07:47:00+00:00,WIN,-0.185,-0.292,-0.688,0.552,-0.381,3004.0,-54449.0,2389.0,0.075,0.905,False,True,True,False,False,True,True,False
TREND_DOWN,DOWN_APR,2024-04-12T07:48:00+00:00,WIN,-0.163,-0.292,-0.684,0.543,-0.368,4422.0,-54349.0,3004.0,0.083,0.905,False,True,True,False,False,True,True,False
TREND_DOWN,DOWN_APR,2024-04-12T07:50:00+00:00,TIMEOUT,-0.168,-0.279,-0.844,0.474,-0.388,6242.0,-74955.0,5880.0,0.054,0.905,False,True,True,False,False,True,True,False
TREND_DOWN,DOWN_APR,2024-04-12T07:51:00+00:00,TIMEOUT,-0.161,-0.309,-0.778,0.504,-0.359,4783.0,-72564.0,6242.0,0.06,0.873,False,True,True,False,False,True,True,False
TREND_DOWN,DOWN_APR,2024-04-12T08:25:00+00:00,WIN,0.119,-0.107,-0.399,0.201,-0.083,1943.0,-32394.0,4906.0,0.23,0.632,False,False,True,False,False,True,False,False
TREND_DOWN,DOWN_APR,2024-04-12T08:30:00+00:00,WIN,-0.039,-0.175,-0.423,0.021,-0.128,-345.0,-38213.0,2490.0,0.178,0.603,False,False,True,False,False,True,False,False
TREND_DOWN,DOWN_APR,2024-04-12T08:31:00+00:00,WIN,-0.01,-0.127,-0.41,0.078,-0.114,254.0,-38561.0,-345.0,0.19,0.603,False,False,True,False,False,True,False,False
TREND_DOWN,DOWN_APR,2024-04-12T08:32:00+00:00,WIN,-0.045,-0.218,-0.431,0.059,-0.145,-2270.0,-38577.0,254.0,0.158,0.595,False,False,True,False,False,True,False,False
TREND_DOWN,DOWN_APR,2024-04-12T08:33:00+00:00,WIN,-0.171,-0.227,-0.437,-0.093,-0.249,-11436.0,-30792.0,-2270.0,0.052,0.595,False,True,True,False,False,False,True,True
TREND_DOWN,DOWN_APR,2024-04-12T08:34:00+00:00,WIN,-0.163,-0.095,-0.46,-0.042,-0.229,-1585.0,-30179.0,-11436.0,0.061,0.595,False,True,True,False,False,False,True,True
TREND_DOWN,DOWN_APR,2024-04-12T08:35:00+00:00,WIN,-0.114,-0.032,-0.415,0.039,-0.155,-675.0,-29371.0,-1585.0,0.132,0.595,False,False,True,False,False,True,False,True
TREND_DOWN,DOWN_APR,2024-04-12T08:36:00+00:00,WIN,-0.156,-0.036,-0.37,0.034,-0.14,-5568.0,-28178.0,-675.0,0.145,0.595,False,False,True,False,False,True,False,True
TREND_DOWN,DOWN_APR,2024-04-12T09:19:00+00:00,WIN,-0.135,-0.354,-0.296,-0.125,-0.178,-14862.0,-2368.0,-12227.0,0.01,0.533,False,True,True,False,False,False,True,True
TREND_DOWN,DOWN_APR,2024-04-12T09:20:00+00:00,WIN,-0.124,-0.267,-0.287,-0.068,-0.146,-10996.0,-1037.0,-14862.0,0.04,0.533,False,True,True,False,False,False,True,True
TREND_DOWN,DOWN_APR,2024-04-12T09:21:00+00:00,WIN,-0.004,-0.213,-0.249,0.057,-0.089,-10825.0,6.0,-10996.0,0.096,0.533,False,True,True,False,False,True,False,True
TREND_DOWN,DOWN_APR,2024-04-12T09:28:00+00:00,WIN,-0.133,-0.178,-0.183,-0.357,-0.119,-1909.0,12808.0,-1985.0,0.057,0.533,False,True,True,False,False,False,False,True
TREND_DOWN,DOWN_APR,2024-04-12T09:43:00+00:00,WIN,-0.302,-0.251,-0.393,-0.271,-0.216,979.0,10286.0,-270.0,0.0,0.537,False,True,True,False,False,True,False,False
TREND_DOWN,DOWN_APR,2024-04-12T09:46:00+00:00,WIN,-0.218,-0.304,-0.502,-0.403,-0.256,-10005.0,-2296.0,-5140.0,0.0,0.586,False,True,True,False,False,False,True,True
TREND_DOWN,DOWN_APR,2024-04-12T09:47:00+00:00,WIN,-0.124,-0.255,-0.389,-0.355,-0.221,-14274.0,-5760.0,-10005.0,0.031,0.586,False,True,True,False,False,False,True,True
TREND_DOWN,DOWN_APR,2024-04-12T09:48:00+00:00,WIN,-0.119,-0.262,-0.412,-0.397,-0.231,-14441.0,-6166.0,-14274.0,0.015,0.586,False,True,True,False,False,False,True,True
TREND_DOWN,DOWN_APR,2024-04-12T09:49:00+00:00,WIN,-0.099,-0.235,-0.366,-0.43,-0.228,-11554.0,-2516.0,-14441.0,0.016,0.586,False,True,True,False,False,False,True,True
TREND_DOWN,DOWN_APR,2024-04-12T09:50:00+00:00,WIN,-0.074,-0.198,-0.314,-0.388,-0.17,-9334.0,-350.0,-11554.0,0.071,0.586,False,True,True,False,False,False,True,True
TREND_DOWN,DOWN_APR,2024-04-12T09:51:00+00:00,WIN,-0.092,-0.096,-0.314,-0.363,-0.132,-5075.0,740.0,-9334.0,0.109,0.586,False,False,True,False,False,False,False,True
TREND_DOWN,DOWN_APR,2024-04-12T09:54:00+00:00,WIN,-0.123,-0.175,-0.335,-0.372,-0.121,-1304.0,2566.0,535.0,0.116,0.586,False,False,True,False,False,False,False,False
TREND_DOWN,DOWN_APR,2024-04-12T09:56:00+00:00,WIN,-0.108,-0.261,-0.44,-0.536,-0.173,-3809.0,-1434.0,-2357.0,0.062,0.586,False,True,True,False,False,False,True,True
TREND_DOWN,DOWN_APR,2024-04-12T11:25:00+00:00,WIN,0.024,0.081,0.06,-0.34,0.09,64452.0,59191.0,63318.0,0.244,0.525,False,False,True,False,False,True,False,False
TREND_DOWN,DOWN_APR,2024-04-12T11:32:00+00:00,WIN,-0.024,0.236,0.124,-0.308,0.081,58847.0,54063.0,57640.0,0.236,0.525,False,False,True,False,False,True,False,False
TREND_DOWN,DOWN_APR,2024-04-12T12:14:00+00:00,WIN,-0.076,0.064,0.147,0.017,0.124,-13656.0,44929.0,-11973.0,0.135,0.538,False,False,True,False,False,True,False,True
TREND_DOWN,DOWN_APR,2024-04-12T12:15:00+00:00,WIN,-0.204,-0.092,0.07,-0.133,0.01,-27195.0,31722.0,-13656.0,0.022,0.538,False,True,True,False,False,True,False,True
TREND_DOWN,DOWN_APR,2024-04-12T12:16:00+00:00,WIN,-0.139,-0.092,0.104,-0.178,0.027,-23381.0,35614.0,-27195.0,0.039,0.538,False,True,True,False,False,True,False,True
TREND_DOWN,DOWN_APR,2024-04-12T12:17:00+00:00,WIN,-0.169,-0.143,0.14,-0.179,0.0,-24131.0,38400.0,-23381.0,0.013,0.538,False,True,True,False,False,True,False,True
TREND_DOWN,DOWN_APR,2024-04-12T12:18:00+00:00,WIN,-0.154,-0.134,0.148,-0.156,-0.014,-24000.0,39106.0,-24131.0,0.0,0.538,False,True,True,False,False,True,False,True
TREND_DOWN,DOWN_APR,2024-04-12T12:20:00+00:00,WIN,-0.152,-0.099,0.165,-0.123,0.01,-19572.0,43688.0,-14236.0,0.028,0.538,False,True,True,False,False,True,False,True
TREND_DOWN,DOWN_APR,2024-04-12T12:21:00+00:00,WIN,-0.224,-0.147,0.06,-0.189,-0.039,-23233.0,38044.0,-19572.0,0.0,0.538,False,True,True,False,False,True,False,True
TREND_DOWN,DOWN_APR,2024-04-12T12:22:00+00:00,WIN,-0.192,-0.108,0.045,-0.245,-0.04,-24519.0,35912.0,-23233.0,0.0,0.538,False,True,True,False,False,True,False,True
TREND_DOWN,DOWN_APR,2024-04-12T12:23:00+00:00,WIN,-0.165,-0.033,0.052,-0.196,-0.014,-23906.0,35304.0,-24519.0,0.026,0.538,False,True,True,False,False,True,False,True
TREND_DOWN,DOWN_APR,2024-04-12T12:24:00+00:00,WIN,-0.213,-0.087,0.056,-0.179,-0.005,-25217.0,35525.0,-23906.0,0.034,0.538,False,True,True,False,False,True,False,True
TREND_DOWN,DOWN_APR,2024-04-12T12:25:00+00:00,WIN,-0.257,-0.083,0.029,-0.131,-0.041,-23905.0,33565.0,-25217.0,0.0,0.538,False,True,True,False,False,True,False,True
TREND_DOWN,DOWN_APR,2024-04-12T12:26:00+00:00,WIN,-0.311,-0.101,0.055,-0.062,-0.076,-24727.0,31694.0,-23905.0,0.0,0.538,False,True,True,False,False,True,False,True
TREND_DOWN,DOWN_APR,2024-04-12T12:27:00+00:00,WIN,-0.281,-0.047,0.067,-0.123,-0.065,-22366.0,36813.0,-24727.0,0.01,0.538,False,True,True,False,False,True,False,True
TREND_DOWN,DOWN_APR,2024-04-12T12:28:00+00:00,WIN,-0.186,0.011,0.14,-0.043,0.001,-22639.0,36602.0,-22366.0,0.077,0.538,False,False,True,False,False,True,False,True
TREND_DOWN,DOWN_APR,2024-04-12T12:37:00+00:00,WIN,-0.28,-0.171,-0.065,-0.229,-0.16,-23926.0,31989.0,-22243.0,0.0,0.538,False,True,True,False,False,False,False,True
TREND_DOWN,DOWN_APR,2024-04-12T12:38:00+00:00,WIN,-0.511,-0.362,-0.261,-0.493,-0.334,-37299.0,14770.0,-23926.0,0.0,0.572,False,True,True,False,False,False,False,True
TREND_DOWN,DOWN_APR,2024-04-12T12:39:00+00:00,WIN,-0.592,-0.501,-0.363,-0.587,-0.419,-61680.0,-9996.0,-37299.0,0.0,0.672,False,True,True,False,False,False,True,True
TREND_DOWN,DOWN_APR,2024-04-12T12:40:00+00:00,WIN,-0.604,-0.512,-0.243,-0.601,-0.358,-56895.0,-4489.0,-61680.0,0.032,0.672,False,True,True,False,False,False,True,True
TREND_DOWN,DOWN_APR,2024-04-12T12:41:00+00:00,WIN,-0.522,-0.446,-0.22,-0.541,-0.281,-45496.0,4938.0,-56895.0,0.091,0.672,False,True,True,False,False,False,False,True
TREND_DOWN,DOWN_APR,2024-04-12T12:42:00+00:00,WIN,-0.675,-0.543,-0.217,-0.632,-0.38,-44742.0,13753.0,-45496.0,0.0,0.687,False,True,True,False,False,False,False,True
TREND_DOWN,DOWN_APR,2024-04-12T12:43:00+00:00,WIN,-0.785,-0.786,-0.323,-0.716,-0.502,-66349.0,-6114.0,-44742.0,0.0,0.815,False,True,True,False,False,False,True,True
TREND_DOWN,DOWN_APR,2024-04-12T12:44:00+00:00,WIN,-0.66,-0.735,-0.322,-0.695,-0.444,-56994.0,3586.0,-66349.0,0.031,0.815,False,True,True,False,False,False,False,True
TREND_DOWN,DOWN_APR,2024-04-12T12:45:00+00:00,WIN,-0.522,-0.724,-0.268,-0.704,-0.41,-51433.0,18352.0,-56994.0,0.057,0.815,False,True,True,False,False,False,False,True
TREND_DOWN,DOWN_APR,2024-04-12T12:46:00+00:00,WIN,-0.566,-0.705,-0.246,-0.747,-0.433,-56595.0,16514.0,-51433.0,0.029,0.815,False,True,True,False,False,False,False,True
TREND_DOWN,DOWN_APR,2024-04-12T12:47:00+00:00,WIN,-0.545,-0.713,-0.281,-0.669,-0.431,-59543.0,17298.0,-56595.0,0.025,0.815,False,True,True,False,False,False,False,True
TREND_DOWN,DOWN_APR,2024-04-12T12:48:00+00:00,WIN,-0.454,-0.607,-0.188,-0.599,-0.35,-51924.0,23607.0,-59543.0,0.102,0.815,False,False,True,False,False,False,False,True
TREND_DOWN,DOWN_APR,2024-04-12T12:49:00+00:00,WIN,-0.534,-0.642,-0.184,-0.549,-0.343,-54190.0,16867.0,-51924.0,0.107,0.815,False,False,True,False,False,False,False,True
TREND_DOWN,DOWN_APR,2024-04-12T12:50:00+00:00,WIN,-0.351,-0.502,-0.113,-0.426,-0.212,-33649.0,34877.0,-54190.0,0.234,0.815,False,False,True,False,False,False,False,True
TREND_DOWN,DOWN_APR,2024-04-12T12:51:00+00:00,WIN,-0.354,-0.577,-0.202,-0.516,-0.26,-39276.0,31424.0,-33649.0,0.182,0.815,False,False,True,False,False,False,False,True
TREND_DOWN,DOWN_APR,2024-04-12T12:52:00+00:00,WIN,-0.321,-0.512,-0.194,-0.527,-0.226,-36270.0,29459.0,-39276.0,0.215,0.815,False,False,True,False,False,False,False,True
TREND_DOWN,DOWN_APR,2024-04-12T13:10:00+00:00,WIN,-0.457,-1.059,-0.666,-1.029,-0.594,-44853.0,23368.0,-40049.0,0.118,1.221,False,False,True,False,False,False,False,True
TREND_DOWN,DOWN_APR,2024-04-12T13:11:00+00:00,WIN,-0.462,-0.981,-0.614,-0.975,-0.52,-40764.0,27640.0,-44853.0,0.172,1.221,False,False,True,False,False,False,False,True
TREND_DOWN,DOWN_APR,2024-04-12T13:12:00+00:00,WIN,-0.377,-1.049,-0.683,-0.95,-0.536,-35598.0,31046.0,-40764.0,0.152,1.221,False,False,True,False,False,False,False,True
TREND_DOWN,DOWN_APR,2024-04-12T13:13:00+00:00,WIN,-0.117,-0.901,-0.617,-0.767,-0.399,-20049.0,37103.0,-35598.0,0.286,1.221,False,False,True,False,False,False,False,True
TREND_DOWN,DOWN_APR,2024-04-12T13:22:00+00:00,WIN,-0.602,-0.921,-0.916,-0.978,-0.635,-9097.0,28613.0,-11758.0,0.013,1.221,False,True,True,False,False,False,False,True
TREND_DOWN,DOWN_APR,2024-04-12T13:28:00+00:00,WIN,-0.427,-0.826,-0.77,-0.91,-0.454,-11987.0,21144.0,-15891.0,0.233,1.305,False,False,True,False,False,False,False,True
TREND_DOWN,DOWN_APR,2024-04-12T13:29:00+00:00,WIN,-0.528,-0.971,-0.834,-0.984,-0.516,-14242.0,19724.0,-11987.0,0.165,1.305,False,False,True,False,False,False,False,True
TREND_DOWN,DOWN_APR,2024-04-12T13:40:00+00:00,WIN,-0.362,-0.817,-1.261,-0.971,-0.799,-15473.0,-44326.0,28381.0,0.0,1.469,False,True,True,False,False,False,True,False
TREND_DOWN,DOWN_APR,2024-04-12T13:41:00+00:00,WIN,-0.493,-0.952,-1.361,-1.07,-0.84,-24842.0,-44445.0,-15473.0,0.0,1.548,False,True,True,False,False,False,True,True
TREND_DOWN,DOWN_APR,2024-04-12T13:42:00+00:00,WIN,-0.581,-0.956,-1.456,-1.247,-0.929,-29649.0,-48254.0,-24842.0,0.0,1.659,False,True,True,False,False,False,True,True
TREND_DOWN,DOWN_APR,2024-04-12T13:43:00+00:00,WIN,-0.71,-0.826,-1.446,-1.228,-0.904,-19326.0,-56328.0,-29649.0,0.005,1.659,False,True,True,False,False,False,True,True
TREND_DOWN,DOWN_APR,2024-04-12T13:44:00+00:00,WIN,-0.731,-0.863,-1.421,-1.282,-0.888,-51663.0,-79636.0,-19326.0,0.0,1.662,False,True,True,False,False,False,True,True
TREND_DOWN,DOWN_APR,2024-04-12T13:45:00+00:00,WIN,-0.829,-1.088,-1.634,-1.466,-1.054,-99120.0,-118577.0,-51663.0,0.0,1.866,False,True,True,False,False,False,True,True
TREND_DOWN,DOWN_APR,2024-04-12T13:46:00+00:00,WIN,-0.704,-0.915,-1.544,-1.311,-0.862,-84932.0,-123506.0,-99120.0,0.147,1.866,False,False,True,False,False,False,False,True
TREND_DOWN,DOWN_APR,2024-04-12T13:47:00+00:00,WIN,-0.692,-0.92,-1.529,-1.295,-0.845,-70855.0,-112154.0,-84932.0,0.138,1.866,False,False,True,False,False,False,False,True
TREND_DOWN,DOWN_APR,2024-04-12T13:48:00+00:00,WIN,-0.743,-1.028,-1.492,-1.333,-0.861,-73009.0,-108052.0,-70855.0,0.106,1.866,False,False,True,False,False,False,False,True
TREND_DOWN,DOWN_APR,2024-04-12T13:49:00+00:00,WIN,-0.837,-1.149,-1.661,-1.439,-0.968,-72572.0,-113009.0,-73009.0,0.0,1.877,False,True,True,False,False,False,True,True
TREND_DOWN,DOWN_APR,2024-04-12T13:50:00+00:00,WIN,-0.672,-1.249,-1.541,-1.395,-0.929,-99814.0,-114785.0,-72572.0,0.026,1.877,False,True,True,False,False,False,True,True
TREND_DOWN,DOWN_APR,2024-04-12T13:51:00+00:00,WIN,-0.602,-1.094,-1.457,-1.299,-0.812,-92891.0,-112487.0,-99814.0,0.13,1.877,False,False,True,False,False,False,False,True
TREND_DOWN,DOWN_APR,2024-04-12T13:52:00+00:00,WIN,-0.586,-1.184,-1.518,-1.385,-0.86,-93578.0,-114853.0,-92891.0,0.072,1.877,False,True,True,False,False,False,True,True
TREND_DOWN,DOWN_APR,2024-04-12T13:53:00+00:00,WIN,-0.481,-1.134,-1.504,-1.324,-0.814,-91004.0,-113466.0,-93578.0,0.112,1.877,False,False,True,False,False,False,False,True
TREND_DOWN,DOWN_APR,2024-04-12T13:54:00+00:00,WIN,-0.283,-0.804,-1.315,-1.119,-0.602,-67862.0,-98669.0,-91004.0,0.32,1.877,False,False,True,False,False,False,False,True
TREND_DOWN,DOWN_APR,2024-04-12T14:12:00+00:00,WIN,-0.172,-0.752,-1.638,-1.646,-0.75,-55272.0,-97346.0,-52586.0,0.043,1.877,False,True,True,False,False,False,True,True
TREND_DOWN,DOWN_APR,2024-04-12T14:13:00+00:00,WIN,-0.039,-0.748,-1.489,-1.503,-0.606,-51857.0,-83879.0,-55272.0,0.181,1.877,False,False,True,False,False,False,False,True
TREND_DOWN,DOWN_APR,2024-04-12T14:18:00+00:00,WIN,0.057,-0.686,-1.553,-1.572,-0.589,-47988.0,-73942.0,-55663.0,0.175,1.877,False,False,True,False,False,False,False,True
TREND_DOWN,DOWN_APR,2024-04-12T14:36:00+00:00,WIN,-0.284,-0.647,-1.535,-1.36,-0.569,-34167.0,-65409.0,-33455.0,0.152,1.877,False,False,True,False,False,False,False,True
TREND_DOWN,DOWN_APR,2024-04-12T14:37:00+00:00,WIN,-0.371,-0.72,-1.595,-1.588,-0.685,-36411.0,-66407.0,-34167.0,0.032,1.877,False,True,True,False,False,False,True,True
TREND_DOWN,DOWN_APR,2024-04-12T14:38:00+00:00,WIN,-0.351,-0.745,-1.716,-1.669,-0.789,-48837.0,-82040.0,-36411.0,0.0,1.958,False,True,True,False,False,False,True,True
TREND_DOWN,DOWN_APR,2024-04-12T14:39:00+00:00,WIN,-0.503,-0.85,-1.912,-1.826,-0.93,-76348.0,-109647.0,-48837.0,0.0,2.12,False,True,True,False,False,False,True,True
TREND_DOWN,DOWN_APR,2024-04-12T14:40:00+00:00,WIN,-0.245,-0.575,-1.892,-1.801,-0.842,-31889.0,-104257.0,-76348.0,0.063,2.12,False,True,True,False,False,False,True,True
TREND_DOWN,DOWN_APR,2024-04-12T14:41:00+00:00,WIN,-0.208,-0.518,-1.905,-1.815,-0.848,-34885.0,-105223.0,-31889.0,0.043,2.12,False,True,True,False,False,False,True,True
TREND_DOWN,DOWN_APR,2024-04-12T14:42:00+00:00,WIN,-0.123,-0.294,-1.783,-1.701,-0.727,-18588.0,-92979.0,-34885.0,0.159,2.12,False,False,True,False,False,False,False,True
TREND_DOWN,DOWN_APR,2024-04-12T14:43:00+00:00,WIN,-0.222,-0.261,-1.862,-1.651,-0.683,-4898.0,-90573.0,-18588.0,0.197,2.12,False,False,True,False,False,False,False,True
TREND_DOWN,DOWN_APR,2024-04-12T14:44:00+00:00,WIN,-0.204,-0.248,-1.836,-1.634,-0.67,19022.0,-89635.0,-4898.0,0.202,2.12,False,False,True,False,False,True,False,False
TREND_DOWN,DOWN_APR,2024-04-12T14:45:00+00:00,WIN,-0.098,-0.073,-1.876,-1.676,-0.691,52340.0,-98213.0,19022.0,0.177,2.12,False,False,True,False,False,True,False,False
TREND_DOWN,DOWN_APR,2024-04-12T14:46:00+00:00,WIN,-0.26,-0.35,-1.958,-1.804,-0.815,44993.0,-96534.0,52340.0,0.046,2.12,False,True,True,False,False,True,True,False
TREND_DOWN,DOWN_APR,2024-04-12T14:47:00+00:00,WIN,-0.239,-0.299,-1.92,-1.745,-0.768,35684.0,-94714.0,44993.0,0.088,2.12,False,True,True,False,False,True,True,False
TREND_DOWN,DOWN_APR,2024-04-12T14:48:00+00:00,WIN,-0.315,-0.257,-1.882,-1.726,-0.753,31798.0,-93135.0,35684.0,0.098,2.12,False,True,True,False,False,True,True,False
TREND_DOWN,DOWN_APR,2024-04-12T14:49:00+00:00,WIN,-0.458,-0.218,-1.998,-1.777,-0.824,34837.0,-91925.0,31798.0,0.02,2.12,False,True,True,False,False,True,True,False
TREND_DOWN,DOWN_APR,2024-04-12T14:50:00+00:00,WIN,-0.853,-0.466,-2.203,-2.015,-1.043,27234.0,-106229.0,34837.0,0.0,2.328,False,True,True,False,False,True,True,False
TREND_DOWN,DOWN_APR,2024-04-12T14:51:00+00:00,WIN,-0.775,-0.534,-2.19,-1.916,-0.991,21771.0,-110396.0,27234.0,0.036,2.328,False,True,True,False,False,True,True,False
TREND_DOWN,DOWN_APR,2024-04-12T14:52:00+00:00,WIN,-0.944,-0.604,-2.284,-2.073,-1.105,14400.0,-115448.0,21771.0,0.0,2.423,False,True,True,False,False,True,True,False
TREND_DOWN,DOWN_APR,2024-04-12T14:53:00+00:00,WIN,-0.815,-0.551,-2.191,-1.985,-1.0,20156.0,-105763.0,14400.0,0.094,2.423,False,True,True,False,False,True,True,False
TREND_DOWN,DOWN_APR,2024-04-12T14:54:00+00:00,WIN,-0.735,-0.69,-2.181,-1.968,-0.925,10000.0,-102573.0,20156.0,0.162,2.423,False,False,True,False,False,True,False,False
TREND_DOWN,DOWN_APR,2024-04-12T14:58:00+00:00,WIN,-0.636,-0.768,-2.239,-2.05,-0.975,-11309.0,-94660.0,-14872.0,0.082,2.416,False,True,True,False,False,False,True,True
TREND_DOWN,DOWN_APR,2024-04-12T14:59:00+00:00,WIN,-0.693,-0.922,-2.337,-2.184,-1.096,-23650.0,-105448.0,-11309.0,0.0,2.462,False,True,True,False,False,False,True,True
TREND_DOWN,DOWN_APR,2024-04-12T15:00:00+00:00,WIN,-0.655,-0.75,-2.12,-2.061,-0.905,-12652.0,-96460.0,-23650.0,0.18,2.462,False,False,True,False,False,False,False,True
TREND_DOWN,DOWN_APR,2024-04-12T15:01:00+00:00,WIN,-0.846,-1.038,-2.284,-2.204,-1.051,-22660.0,-100115.0,-12652.0,0.023,2.462,False,True,True,False,False,False,True,True
TREND_DOWN,DOWN_APR,2024-04-12T15:02:00+00:00,WIN,-0.773,-0.949,-2.144,-2.137,-0.899,-26658.0,-94132.0,-22660.0,0.168,2.462,False,False,True,False,False,False,False,True
TREND_DOWN,DOWN_APR,2024-04-12T15:03:00+00:00,WIN,-0.849,-1.018,-2.189,-2.184,-0.948,-25682.0,-93408.0,-26658.0,0.114,2.462,False,False,True,False,False,False,False,True
TREND_DOWN,DOWN_APR,2024-04-12T15:04:00+00:00,WIN,-0.783,-1.155,-2.283,-2.2,-1.024,-34765.0,-97286.0,-25682.0,0.031,2.462,False,True,True,False,False,False,True,True
TREND_DOWN,DOWN_APR,2024-04-12T15:44:00+00:00,WIN,0.06,-0.283,-1.389,-1.706,-0.573,8230.0,-24411.0,9476.0,0.26,1.88,False,False,True,False,False,True,False,False
TREND_DOWN,DOWN_APR,2024-04-12T15:45:00+00:00,WIN,-0.016,-0.33,-1.487,-1.751,-0.637,4364.0,-42416.0,8230.0,0.187,1.88,False,False,True,False,False,True,False,False
TREND_DOWN,DOWN_APR,2024-04-12T15:46:00+00:00,WIN,-0.028,-0.146,-1.406,-1.648,-0.575,4898.0,-35041.0,4364.0,0.242,1.88,False,False,True,False,False,True,False,False
TREND_DOWN,DOWN_APR,2024-04-12T15:47:00+00:00,WIN,0.195,-0.104,-1.318,-1.596,-0.485,5900.0,-29271.0,4898.0,0.327,1.88,False,False,True,False,False,True,False,False
TREND_DOWN,DOWN_APR,2024-04-12T15:48:00+00:00,WIN,0.044,-0.1,-1.381,-1.567,-0.466,5981.0,-35230.0,5900.0,0.34,1.88,False,False,True,False,False,True,False,False
TREND_DOWN,DOWN_APR,2024-04-12T15:49:00+00:00,WIN,0.072,-0.035,-1.399,-1.58,-0.475,3896.0,-33839.0,5981.0,0.327,1.88,False,False,True,False,False,True,False,False
TREND_DOWN,DOWN_APR,2024-04-12T15:50:00+00:00,WIN,-0.153,0.103,-1.608,-1.719,-0.555,14698.0,-57882.0,3896.0,0.241,1.88,False,False,True,False,False,True,False,False
TREND_DOWN,DOWN_APR,2024-04-12T15:51:00+00:00,WIN,-0.121,0.126,-1.498,-1.698,-0.486,12742.0,-58378.0,14698.0,0.3,1.86,False,False,True,False,False,True,False,False
TREND_DOWN,DOWN_APR,2024-04-12T15:52:00+00:00,WIN,-0.155,0.16,-1.624,-1.815,-0.577,14240.0,-64938.0,12742.0,0.206,1.86,False,False,True,False,False,True,False,False
TREND_DOWN,DOWN_APR,2024-04-12T15:53:00+00:00,WIN,-0.182,0.043,-1.636,-1.847,-0.596,2479.0,-68369.0,14240.0,0.183,1.855,False,False,True,False,False,True,False,False
TREND_DOWN,DOWN_APR,2024-04-12T15:54:00+00:00,WIN,-0.142,0.002,-1.486,-1.795,-0.567,-2011.0,-59873.0,2479.0,0.209,1.855,False,False,True,False,False,True,False,False
TREND_DOWN,DOWN_APR,2024-04-12T15:55:00+00:00,WIN,-0.216,0.021,-1.525,-1.785,-0.58,-2580.0,-58572.0,-2011.0,0.191,1.855,False,False,True,False,False,True,False,True
TREND_DOWN,DOWN_APR,2024-04-12T15:56:00+00:00,WIN,-0.369,-0.072,-1.589,-1.823,-0.641,-15024.0,-70197.0,-2580.0,0.126,1.855,False,False,True,False,False,False,False,True
TREND_DOWN,DOWN_APR,2024-04-12T15:59:00+00:00,WIN,-0.522,0.134,-1.69,-1.884,-0.616,-6821.0,-82024.0,-19345.0,0.134,1.855,False,False,True,False,False,True,False,True
TREND_DOWN,DOWN_APR,2024-04-12T16:11:00+00:00,WIN,-0.476,-0.365,-1.497,-2.102,-0.754,-49013.0,-100182.0,-11956.0,0.0,1.649,False,True,True,False,False,False,True,True
TREND_DOWN,DOWN_APR,2024-04-12T16:12:00+00:00,WIN,-0.261,-0.318,-1.344,-2.018,-0.603,-49751.0,-101220.0,-49013.0,0.134,1.649,False,False,True,False,False,False,False,True
TREND_DOWN,DOWN_APR,2024-04-12T16:13:00+00:00,WIN,-0.196,-0.25,-1.55,-2.158,-0.671,-52133.0,-112804.0,-49751.0,0.06,1.649,False,True,True,False,False,False,True,True
TREND_DOWN,DOWN_APR,2024-04-12T16:14:00+00:00,WIN,-0.414,-0.354,-1.667,-2.269,-0.765,-72334.0,-133446.0,-52133.0,0.0,1.695,False,True,True,False,False,False,True,True
TREND_DOWN,DOWN_APR,2024-04-12T16:15:00+00:00,WIN,-0.355,-0.371,-1.58,-2.266,-0.763,-72009.0,-134114.0,-72334.0,0.0,1.639,False,True,True,False,False,False,True,True
TREND_DOWN,DOWN_APR,2024-04-12T16:16:00+00:00,WIN,-0.449,-0.477,-1.64,-2.25,-0.79,-76492.0,-142186.0,-72009.0,0.0,1.68,False,True,True,False,False,False,True,True
TREND_DOWN,DOWN_APR,2024-04-12T16:17:00+00:00,WIN,-0.572,-0.378,-1.657,-2.293,-0.818,-85223.0,-155138.0,-76492.0,0.0,1.719,False,True,True,False,False,False,True,True
TREND_DOWN,DOWN_APR,2024-04-12T16:18:00+00:00,WIN,-0.719,-0.675,-1.809,-2.487,-0.941,-113265.0,-181380.0,-85223.0,0.0,1.856,False,True,True,False,False,False,True,True
TREND_DOWN,DOWN_APR,2024-04-12T16:19:00+00:00,WIN,-0.849,-0.778,-1.928,-2.582,-1.066,-148641.0,-216117.0,-113265.0,0.0,2.003,False,True,True,False,False,False,True,True
TREND_DOWN,DOWN_APR,2024-04-12T16:20:00+00:00,WIN,-0.921,-1.074,-1.945,-2.736,-1.183,-153648.0,-204855.0,-148641.0,0.0,2.166,False,True,True,False,False,False,True,True
TREND_DOWN,DOWN_APR,2024-04-12T16:21:00+00:00,WIN,-1.021,-1.141,-2.019,-2.822,-1.191,-155423.0,-207956.0,-153648.0,0.0,2.208,False,True,True,False,False,False,True,True
TREND_DOWN,DOWN_APR,2024-04-12T16:22:00+00:00,WIN,-0.701,-0.855,-1.723,-2.623,-0.933,-138500.0,-194762.0,-155423.0,0.228,2.208,False,False,True,False,False,False,False,True
TREND_DOWN,DOWN_APR,2024-04-12T16:23:00+00:00,WIN,-0.76,-0.941,-1.739,-2.701,-1.0,-140704.0,-199181.0,-138500.0,0.145,2.208,False,False,True,False,False,False,False,True
TREND_DOWN,DOWN_APR,2024-04-12T16:24:00+00:00,WIN,-0.667,-0.809,-1.63,-2.614,-0.866,-129152.0,-186020.0,-140704.0,0.265,2.208,False,False,True,False,False,False,False,True
TREND_DOWN,DOWN_APR,2024-04-12T16:25:00+00:00,WIN,-0.512,-0.727,-1.455,-2.457,-0.716,-128211.0,-170712.0,-129152.0,0.405,2.208,False,False,True,False,False,False,False,True
TREND_DOWN,DOWN_APR,2024-04-12T16:26:00+00:00,WIN,-0.363,-0.731,-1.483,-2.357,-0.616,-120787.0,-165975.0,-128211.0,0.49,2.208,False,False,True,False,False,False,False,True
TREND_DOWN,DOWN_APR,2024-04-12T16:27:00+00:00,WIN,-0.619,-0.936,-1.589,-2.433,-0.721,-131821.0,-169489.0,-120787.0,0.375,2.208,False,False,True,False,False,False,False,True
TREND_DOWN,DOWN_APR,2024-04-12T16:28:00+00:00,WIN,-0.498,-0.908,-1.637,-2.395,-0.639,-133814.0,-172872.0,-131821.0,0.453,2.208,False,False,True,False,False,False,False,True
TREND_DOWN,DOWN_APR,2024-04-12T16:29:00+00:00,WIN,-0.533,-1.053,-1.695,-2.515,-0.759,-146283.0,-180818.0,-133814.0,0.326,2.208,False,False,True,False,False,False,False,True
TREND_DOWN,DOWN_APR,2024-04-12T16:30:00+00:00,WIN,-0.615,-1.066,-1.841,-2.553,-0.825,-143528.0,-179673.0,-146283.0,0.255,2.208,False,False,True,False,False,False,False,True
TREND_DOWN,DOWN_APR,2024-04-12T16:31:00+00:00,WIN,-0.808,-1.097,-2.015,-2.556,-0.923,-137636.0,-185326.0,-143528.0,0.148,2.208,False,False,True,False,False,False,False,True
TREND_DOWN,DOWN_APR,2024-04-12T16:32:00+00:00,WIN,-0.899,-1.079,-1.972,-2.523,-0.886,-135021.0,-171385.0,-137636.0,0.173,2.188,False,False,True,False,False,False,False,True
TREND_DOWN,DOWN_APR,2024-04-12T16:40:00+00:00,WIN,-0.819,-1.06,-1.608,-2.849,-0.928,-167274.0,-148275.0,-160077.0,0.087,1.937,False,True,True,False,False,False,True,True
TREND_DOWN,DOWN_APR,2024-04-12T16:41:00+00:00,WIN,-0.603,-1.076,-1.606,-2.945,-0.985,-161528.0,-151434.0,-167274.0,0.011,1.937,False,True,True,False,False,False,True,True
TREND_DOWN,DOWN_APR,2024-04-12T16:42:00+00:00,WIN,-0.7,-0.96,-1.463,-2.897,-0.936,-152853.0,-141804.0,-161528.0,0.047,1.937,False,True,True,False,False,False,True,True
TREND_DOWN,DOWN_APR,2024-04-12T16:43:00+00:00,WIN,-0.679,-0.874,-1.519,-2.943,-0.979,-138185.0,-133607.0,-152853.0,0.0,1.943,False,True,True,False,False,False,True,True
TREND_DOWN,DOWN_APR,2024-04-12T16:44:00+00:00,WIN,-0.598,-1.01,-1.535,-2.934,-0.993,-139606.0,-112354.0,-138185.0,0.0,1.967,False,True,True,False,False,False,True,True
TREND_DOWN,DOWN_APR,2024-04-12T16:45:00+00:00,WIN,-0.41,-0.764,-1.164,-2.779,-0.803,-130310.0,-73606.0,-139606.0,0.176,1.967,False,False,True,False,False,False,False,True
TREND_DOWN,DOWN_APR,2024-04-12T16:48:00+00:00,WIN,-0.311,-1.028,-1.381,-2.853,-0.882,-129044.0,-91265.0,-132281.0,0.062,1.967,False,True,True,False,False,False,True,True
TREND_DOWN,DOWN_APR,2024-04-12T16:49:00+00:00,WIN,-0.101,-0.95,-1.2,-2.841,-0.81,-125937.0,-87204.0,-129044.0,0.128,1.967,False,False,True,False,False,False,False,True
TREND_DOWN,DOWN_APR,2024-04-12T16:50:00+00:00,WIN,0.098,-0.825,-1.186,-2.708,-0.765,-121737.0,-79805.0,-125937.0,0.168,1.967,False,False,True,False,False,False,False,True
TREND_DOWN,DOWN_APR,2024-04-12T16:51:00+00:00,WIN,0.105,-0.917,-1.322,-2.759,-0.793,-118627.0,-84114.0,-121737.0,0.134,1.967,False,False,True,False,False,False,False,True
TREND_DOWN,DOWN_APR,2024-04-12T17:05:00+00:00,WIN,-0.596,-1.437,-2.062,-3.27,-1.059,-163211.0,-183586.0,-98276.0,0.0,2.105,False,True,True,False,False,False,True,True
TREND_DOWN,DOWN_APR,2024-04-12T17:06:00+00:00,WIN,-0.348,-1.276,-1.835,-3.21,-0.841,-150282.0,-168320.0,-163211.0,0.163,2.035,False,False,True,False,False,False,False,True
TREND_DOWN,DOWN_APR,2024-04-12T17:07:00+00:00,WIN,-0.364,-1.267,-1.874,-3.179,-0.902,-148581.0,-176232.0,-150282.0,0.091,2.013,False,True,True,False,False,False,True,True
TREND_DOWN,DOWN_APR,2024-04-12T17:08:00+00:00,WIN,-0.354,-1.223,-1.715,-3.19,-0.859,-143130.0,-171607.0,-148581.0,0.12,2.013,False,False,True,False,False,False,False,True
TREND_DOWN,DOWN_APR,2024-04-12T17:09:00+00:00,WIN,-0.359,-1.222,-1.804,-3.256,-0.949,-140964.0,-180472.0,-143130.0,0.024,2.013,False,True,True,False,False,False,True,True
TREND_DOWN,DOWN_APR,2024-04-12T17:10:00+00:00,WIN,-0.438,-1.253,-1.713,-3.377,-1.042,-143760.0,-163772.0,-140964.0,0.0,2.095,False,True,True,False,False,False,True,True
TREND_DOWN,DOWN_APR,2024-04-12T17:11:00+00:00,WIN,-0.262,-0.863,-1.558,-3.205,-0.922,-123095.0,-170691.0,-143760.0,0.101,2.095,False,False,True,False,False,False,False,True
TREND_DOWN,DOWN_APR,2024-04-12T17:12:00+00:00,WIN,-0.27,-0.969,-1.56,-3.173,-0.871,-122885.0,-168833.0,-123095.0,0.129,2.095,False,False,True,False,False,False,False,True
TREND_DOWN,DOWN_APR,2024-04-12T17:13:00+00:00,WIN,-0.26,-0.937,-1.737,-3.2,-0.906,-112640.0,-173587.0,-122885.0,0.087,2.095,False,True,True,False,False,False,True,True
TREND_DOWN,DOWN_APR,2024-04-12T17:14:00+00:00,WIN,-0.22,-0.817,-1.709,-3.181,-0.88,-90217.0,-173141.0,-112640.0,0.103,2.095,False,False,True,False,False,False,False,True
TREND_DOWN,DOWN_APR,2024-04-12T17:15:00+00:00,WIN,-0.371,-0.78,-1.555,-3.2,-0.851,-88374.0,-170960.0,-90217.0,0.127,2.095,False,False,True,False,False,False,False,True
TREND_DOWN,DOWN_APR,2024-04-12T17:16:00+00:00,WIN,-0.322,-0.782,-1.628,-3.257,-0.886,-83740.0,-171811.0,-88374.0,0.085,2.095,False,True,True,False,False,False,True,True
TREND_DOWN,DOWN_APR,2024-04-12T17:17:00+00:00,WIN,-0.323,-0.651,-1.557,-3.191,-0.785,-57756.0,-157231.0,-83740.0,0.178,2.095,False,False,True,False,False,False,False,True
TREND_DOWN,DOWN_APR,2024-04-12T17:18:00+00:00,WIN,-0.068,-0.379,-1.505,-3.034,-0.639,-25836.0,-159228.0,-57756.0,0.317,2.095,False,False,True,False,False,False,False,True
TREND_DOWN,DOWN_APR,2024-04-12T17:19:00+00:00,WIN,-0.338,-0.439,-1.771,-3.241,-0.835,3213.0,-160312.0,-25836.0,0.112,2.095,False,False,True,False,False,True,False,False
TREND_DOWN,DOWN_APR,2024-04-12T17:22:00+00:00,WIN,-0.863,-0.926,-2.393,-3.633,-1.232,-51166.0,-214999.0,-22062.0,0.0,2.452,False,True,True,False,False,False,True,True
TREND_DOWN,DOWN_APR,2024-04-12T17:23:00+00:00,WIN,-0.788,-0.727,-2.243,-3.472,-1.084,-37837.0,-202411.0,-51166.0,0.118,2.424,False,False,True,False,False,False,False,True
TREND_DOWN,DOWN_APR,2024-04-12T17:24:00+00:00,WIN,-1.009,-0.973,-2.356,-3.656,-1.189,-43891.0,-197121.0,-37837.0,0.0,2.435,False,True,True,False,False,False,True,True
TREND_DOWN,DOWN_APR,2024-04-12T17:25:00+00:00,WIN,-1.277,-1.358,-2.504,-3.859,-1.418,-76999.0,-219404.0,-43891.0,0.0,2.692,False,True,True,False,False,False,True,True
TREND_DOWN,DOWN_APR,2024-04-12T17:26:00+00:00,WIN,-1.132,-1.377,-2.395,-3.78,-1.318,-72807.0,-203965.0,-76999.0,0.066,2.692,False,True,True,False,False,False,True,True
TREND_DOWN,DOWN_APR,2024-04-12T17:27:00+00:00,WIN,-1.323,-1.434,-2.507,-3.905,-1.466,-90515.0,-225467.0,-72807.0,0.0,2.803,False,True,True,False,False,False,True,True
TREND_DOWN,DOWN_APR,2024-04-12T17:28:00+00:00,WIN,-1.857,-2.005,-3.019,-4.395,-1.927,-149413.0,-286170.0,-90515.0,0.0,3.321,False,True,True,False,False,False,True,True
TREND_DOWN,DOWN_APR,2024-04-12T17:29:00+00:00,WIN,-1.384,-1.575,-2.648,-4.118,-1.41,-109820.0,-251932.0,-149413.0,0.312,3.321,False,False,True,False,False,False,False,True
TREND_DOWN,DOWN_APR,2024-04-12T17:30:00+00:00,WIN,-1.643,-1.754,-3.031,-4.39,-1.595,-120420.0,-265808.0,-109820.0,0.059,3.321,False,True,True,False,False,False,True,True
TREND_DOWN,DOWN_APR,2024-04-12T17:31:00+00:00,WIN,-1.613,-1.47,-2.889,-4.205,-1.361,-113214.0,-260378.0,-120420.0,0.241,3.321,False,False,True,False,False,False,False,True
TREND_DOWN,DOWN_APR,2024-04-12T17:32:00+00:00,WIN,-1.53,-1.503,-2.967,-4.214,-1.344,-116904.0,-261394.0,-113214.0,0.233,3.321,False,False,True,False,False,False,False,True
TREND_DOWN,DOWN_APR,2024-04-12T17:33:00+00:00,WIN,-1.537,-1.649,-3.032,-4.281,-1.363,-131577.0,-276395.0,-116904.0,0.188,3.321,False,False,True,False,False,False,False,True
TREND_DOWN,DOWN_APR,2024-04-12T17:35:00+00:00,WIN,-1.832,-2.013,-3.246,-4.661,-1.705,-163836.0,-305271.0,-131577.0,0.0,3.355,False,True,True,False,False,False,True,True
TREND_DOWN,DOWN_APR,2024-04-12T17:36:00+00:00,WIN,-1.411,-1.999,-3.152,-4.601,-1.609,-162700.0,-301005.0,-161164.0,0.063,3.32,False,True,True,False,False,False,True,True
TREND_DOWN,DOWN_APR,2024-04-12T17:40:00+00:00,WIN,-0.911,-1.255,-2.452,-3.949,-0.929,-122460.0,-276015.0,-160028.0,0.735,3.267,False,False,False,False,False,False,False,False
TREND_DOWN,DOWN_APR,2024-04-12T17:41:00+00:00,WIN,-0.742,-1.104,-2.239,-3.799,-0.818,-117859.0,-271800.0,-163172.0,0.834,3.19,False,False,False,False,False,False,False,False
TREND_DOWN,DOWN_APR,2024-04-12T17:50:00+00:00,WIN,-0.628,-0.886,-2.137,-3.959,-0.699,-163037.0,-291746.0,-173123.0,0.865,3.19,False,False,False,False,False,False,False,False
TREND_DOWN,DOWN_APR,2024-04-12T17:56:00+00:00,WIN,-0.682,-1.018,-1.992,-3.95,-0.687,-166428.0,-288469.0,-180479.0,0.836,3.19,False,False,False,False,False,False,False,False
TREND_DOWN,DOWN_APR,2024-04-12T17:57:00+00:00,WIN,-0.663,-1.116,-1.831,-3.993,-0.745,-167944.0,-274983.0,-182535.0,0.776,3.19,False,False,False,False,False,False,False,False
TREND_DOWN,DOWN_APR,2024-04-12T18:00:00+00:00,WIN,-0.483,-1.267,-1.915,-4.065,-0.799,-185923.0,-292205.0,-186638.0,0.691,3.19,False,False,False,False,False,False,False,False
TREND_DOWN,DOWN_APR,2024-04-12T18:01:00+00:00,WIN,-0.343,-1.348,-1.97,-4.108,-0.775,-200477.0,-306710.0,-202030.0,0.702,3.19,False,False,False,False,False,False,False,False
TREND_DOWN,DOWN_APR,2024-04-12T18:02:00+00:00,WIN,-0.081,-1.357,-1.922,-4.104,-0.754,-209832.0,-308136.0,-216584.0,0.715,3.19,False,False,False,False,False,False,False,False
TREND_DOWN,DOWN_APR,2024-04-12T18:03:00+00:00,WIN,0.079,-1.054,-1.728,-3.906,-0.524,-180555.0,-284832.0,-225939.0,0.942,3.19,False,False,False,False,False,False,False,False
TREND_DOWN,DOWN_APR,2024-04-12T18:19:00+00:00,WIN,-0.35,-0.915,-2.187,-4.21,-0.756,-138984.0,-311620.0,-137603.0,0.616,3.19,False,False,False,False,False,False,False,False
TREND_DOWN,DOWN_APR,2024-04-12T18:20:00+00:00,WIN,-0.137,-0.764,-1.939,-4.089,-0.639,-144848.0,-309621.0,-155091.0,0.726,3.19,False,False,False,False,False,False,False,False
TREND_DOWN,DOWN_APR,2024-04-12T18:21:00+00:00,WIN,-0.503,-1.059,-2.215,-4.267,-0.913,-174432.0,-336983.0,-160955.0,0.444,3.19,False,False,True,False,False,False,False,True
TREND_DOWN,DOWN_APR,2024-04-12T18:22:00+00:00,WIN,-0.762,-1.166,-2.301,-4.24,-0.985,-202222.0,-362605.0,-190539.0,0.359,3.19,False,False,True,False,False,False,False,True
TREND_DOWN,DOWN_APR,2024-04-12T18:23:00+00:00,WIN,-0.553,-1.205,-2.445,-4.334,-1.05,-201863.0,-362095.0,-218329.0,0.278,3.19,False,False,True,False,False,False,False,True
TREND_DOWN,DOWN_APR,2024-04-12T18:24:00+00:00,WIN,-0.5,-1.149,-2.164,-4.167,-0.892,-213865.0,-356844.0,-217970.0,0.427,3.19,False,False,True,False,False,False,False,True
TREND_DOWN,DOWN_APR,2024-04-12T18:25:00+00:00,WIN,-0.608,-1.464,-2.5,-4.326,-1.066,-226237.0,-365338.0,-229972.0,0.247,3.19,False,False,True,False,False,False,False,True
TREND_DOWN,DOWN_APR,2024-04-12T18:26:00+00:00,WIN,-0.566,-1.244,-2.442,-4.389,-1.041,-216794.0,-362222.0,-242344.0,0.265,3.19,False,False,True,False,False,False,False,True
TREND_DOWN,DOWN_APR,2024-04-12T18:27:00+00:00,WIN,-0.701,-1.36,-2.769,-4.522,-1.231,-227566.0,-379897.0,-232901.0,0.069,3.19,False,True,True,False,False,False,True,True
TREND_DOWN,DOWN_APR,2024-04-12T18:28:00+00:00,WIN,-0.691,-0.956,-2.67,-4.352,-1.093,-214645.0,-392130.0,-243673.0,0.197,3.19,False,False,True,False,False,False,False,True
TREND_DOWN,DOWN_APR,2024-04-12T18:29:00+00:00,WIN,-0.784,-0.949,-2.705,-4.445,-1.172,-199415.0,-389081.0,-230752.0,0.101,3.19,False,False,True,False,False,False,False,True
TREND_DOWN,DOWN_APR,2024-04-12T18:30:00+00:00,WIN,-0.538,-1.018,-2.662,-4.423,-1.116,-205595.0,-384136.0,-215522.0,0.149,3.19,False,False,True,False,False,False,False,True
TREND_DOWN,DOWN_APR,2024-04-12T18:31:00+00:00,WIN,-0.836,-1.176,-2.929,-4.706,-1.39,-225920.0,-398963.0,-221702.0,0.0,3.333,False,True,True,False,False,False,True,True
TREND_DOWN,DOWN_APR,2024-04-12T18:32:00+00:00,TIMEOUT,-1.945,-2.025,-4.057,-5.728,-2.471,-317055.0,-522265.0,-242027.0,0.0,4.49,False,True,True,False,False,False,True,True
TREND_DOWN,DOWN_APR,2024-04-12T18:33:00+00:00,TIMEOUT,-2.415,-2.338,-4.387,-5.935,-2.502,-364726.0,-558320.0,-333162.0,0.0,4.756,False,True,True,False,False,False,True,True
TREND_DOWN,DOWN_APR,2024-04-12T18:34:00+00:00,TIMEOUT,-2.616,-2.244,-4.548,-6.017,-2.339,-339426.0,-561762.0,-380833.0,0.0,4.837,False,True,True,False,False,False,True,True
TREND_DOWN,DOWN_APR,2024-04-12T18:35:00+00:00,LOSS,-3.625,-2.898,-5.709,-7.176,-3.391,-358376.0,-641603.0,-355533.0,0.0,6.075,False,True,True,False,False,False,True,True
TREND_DOWN,DOWN_APR,2024-04-12T18:36:00+00:00,LOSS,-3.442,-2.908,-5.443,-6.969,-2.794,-380566.0,-636669.0,-374483.0,0.301,6.075,False,False,True,False,False,False,False,True
TREND_DOWN,DOWN_APR,2024-04-12T18:37:00+00:00,LOSS,-2.991,-2.27,-5.007,-6.557,-2.267,-370544.0,-634492.0,-396673.0,0.706,6.033,False,False,False,False,False,False,False,False
TREND_DOWN,DOWN_APR,2024-04-12T18:38:00+00:00,LOSS,-3.413,-2.823,-5.302,-6.916,-2.566,-372126.0,-622976.0,-386651.0,0.318,6.033,False,False,True,False,False,False,False,True
TREND_DOWN,DOWN_APR,2024-04-12T18:39:00+00:00,LOSS,-3.313,-2.641,-5.14,-6.686,-2.34,-367806.0,-619731.0,-388233.0,0.497,6.033,False,False,True,False,False,False,False,True
TREND_DOWN,DOWN_APR,2024-04-12T18:40:00+00:00,TIMEOUT,-2.783,-1.996,-4.578,-6.167,-1.713,-342472.0,-612958.0,-383913.0,1.118,6.033,False,False,False,False,False,False,False,False
TREND_DOWN,DOWN_APR,2024-04-12T18:41:00+00:00,TIMEOUT,-2.69,-1.603,-4.607,-6.121,-1.657,-312989.0,-621200.0,-358579.0,1.149,6.033,False,False,False,False,False,False,False,False
TREND_DOWN,DOWN_APR,2024-04-12T18:42:00+00:00,TIMEOUT,-2.453,-1.557,-4.47,-5.95,-1.532,-306923.0,-611415.0,-331768.0,1.259,5.997,False,False,False,False,False,False,False,False
TREND_DOWN,DOWN_APR,2024-04-12T18:43:00+00:00,TIMEOUT,-2.308,-2.172,-4.386,-5.917,-1.475,-326268.0,-606200.0,-325702.0,1.303,5.95,False,False,False,False,False,False,False,False
TREND_DOWN,DOWN_APR,2024-04-12T18:44:00+00:00,TIMEOUT,-2.392,-2.317,-4.371,-5.868,-1.515,-331725.0,-607432.0,-301663.0,1.251,5.88,False,False,False,False,False,False,False,False
TREND_DOWN,DOWN_APR,2024-04-12T18:45:00+00:00,LOSS,-2.629,-2.902,-4.709,-6.031,-1.853,-315640.0,-610039.0,-307120.0,0.893,5.88,False,False,False,False,False,False,False,False
TREND_DOWN,DOWN_APR,2024-04-12T18:46:00+00:00,LOSS,-2.761,-3.257,-4.852,-6.117,-2.028,-329247.0,-614460.0,-315640.0,0.701,5.855,False,False,False,False,False,False,False,False
TREND_DOWN,DOWN_APR,2024-04-12T18:47:00+00:00,LOSS,-2.797,-3.146,-4.855,-6.155,-2.018,-326827.0,-620674.0,-329247.0,0.692,5.855,False,False,False,False,False,False,False,False
TREND_DOWN,DOWN_APR,2024-04-12T18:48:00+00:00,LOSS,-2.663,-2.999,-4.708,-6.122,-1.912,-323150.0,-612808.0,-326827.0,0.787,5.855,False,False,False,False,False,False,False,False
TREND_DOWN,DOWN_APR,2024-04-12T18:49:00+00:00,LOSS,-2.328,-2.67,-4.41,-5.804,-1.67,-297686.0,-607555.0,-323150.0,1.021,5.855,False,False,False,False,False,False,False,False
TREND_DOWN,DOWN_APR,2024-04-12T19:13:00+00:00,TIMEOUT,-0.029,-2.336,-4.328,-5.359,-1.219,-263722.0,-546848.0,-267494.0,1.273,5.854,False,False,False,True,False,False,False,False
TREND_DOWN,DOWN_APR,2024-04-12T19:47:00+00:00,TIMEOUT,0.597,1.118,-2.76,-4.324,-0.334,70104.0,-383296.0,75579.0,1.118,4.955,False,False,False,True,False,True,False,False
TREND_DOWN,DOWN_APR,2024-04-12T19:48:00+00:00,TIMEOUT,0.084,0.869,-2.835,-4.396,-0.483,67395.0,-383885.0,70104.0,0.869,4.955,False,False,False,True,False,True,False,False
TREND_DOWN,DOWN_APR,2024-04-12T19:49:00+00:00,TIMEOUT,0.287,0.936,-2.58,-4.005,-0.178,68747.0,-385955.0,67395.0,0.968,4.955,False,False,False,True,False,True,False,False
TREND_DOWN,DOWN_APR,2024-04-12T19:50:00+00:00,TIMEOUT,0.209,0.784,-2.644,-4.123,-0.292,70366.0,-386935.0,68747.0,0.848,4.955,False,False,False,True,False,True,False,False
TREND_DOWN,DOWN_APR,2024-04-12T19:51:00+00:00,TIMEOUT,-0.047,0.359,-2.755,-4.248,-0.427,65347.0,-385870.0,70366.0,0.71,4.955,False,False,False,True,False,True,False,False
TREND_DOWN,DOWN_APR,2024-04-12T20:31:00+00:00,WIN,0.547,0.103,-1.466,-3.787,0.465,-12774.0,-331772.0,20495.0,0.697,4.091,False,False,False,True,False,True,False,False
TREND_DOWN,DOWN_APR,2024-04-12T20:39:00+00:00,WIN,0.244,0.45,-0.887,-3.828,0.638,-2016.0,-273689.0,268.0,0.654,4.091,False,False,False,False,False,True,False,False
TREND_DOWN,DOWN_APR,2024-04-12T20:44:00+00:00,WIN,-0.012,0.286,-1.205,-3.417,0.807,-1181.0,-254734.0,11120.0,0.749,4.091,False,False,False,False,False,True,False,False
TREND_DOWN,DOWN_APR,2024-04-12T20:45:00+00:00,WIN,-0.043,0.397,-1.453,-3.313,0.808,2353.0,-236549.0,-1181.0,0.744,4.091,False,False,False,False,False,True,False,False
TREND_DOWN,DOWN_APR,2024-04-12T20:48:00+00:00,WIN,-0.051,0.643,-1.528,-3.28,0.765,11192.0,-244563.0,10114.0,0.661,4.012,False,False,False,False,False,True,False,False
TREND_DOWN,DOWN_APR,2024-04-12T20:49:00+00:00,WIN,-0.246,0.308,-1.457,-3.426,0.735,7266.0,-221673.0,11192.0,0.627,4.012,False,False,False,False,False,True,False,False
TREND_DOWN,DOWN_APR,2024-04-12T20:50:00+00:00,TIMEOUT,-0.223,0.339,-1.441,-3.547,0.66,1022.0,-222876.0,7266.0,0.539,4.012,False,False,True,False,False,True,False,False
TREND_DOWN,DOWN_APR,2024-04-12T20:51:00+00:00,TIMEOUT,-0.369,0.348,-1.652,-3.676,0.539,-5008.0,-237881.0,1022.0,0.41,4.012,False,False,True,False,False,True,False,False
TREND_DOWN,DOWN_APR,2024-04-12T20:52:00+00:00,TIMEOUT,-0.415,0.075,-1.93,-3.754,0.437,-17440.0,-251926.0,-5008.0,0.303,4.012,False,False,True,False,False,True,False,True
TREND_DOWN,DOWN_APR,2024-04-12T20:53:00+00:00,TIMEOUT,-0.366,0.277,-1.596,-3.581,0.489,-15945.0,-240881.0,-17440.0,0.351,4.012,False,False,True,False,False,True,False,True
TREND_DOWN,DOWN_APR,2024-04-12T20:54:00+00:00,TIMEOUT,-0.523,0.034,-1.765,-3.697,0.423,-22700.0,-246157.0,-15945.0,0.274,4.012,False,False,True,False,False,True,False,True
TREND_DOWN,DOWN_APR,2024-04-12T20:55:00+00:00,TIMEOUT,-0.402,-0.012,-1.645,-3.657,0.477,-20640.0,-239935.0,-22700.0,0.325,4.012,False,False,True,False,False,True,False,True
TREND_DOWN,DOWN_APR,2024-04-12T20:56:00+00:00,TIMEOUT,-0.399,-0.168,-1.666,-3.625,0.437,-20943.0,-238549.0,-20640.0,0.28,4.012,False,False,True,False,False,True,False,True
TREND_DOWN,DOWN_APR,2024-04-12T20:57:00+00:00,TIMEOUT,-0.403,-0.049,-1.578,-3.38,0.469,-14087.0,-236286.0,-20943.0,0.31,4.012,False,False,True,False,False,True,False,True
TREND_DOWN,DOWN_APR,2024-04-12T20:58:00+00:00,TIMEOUT,-0.49,-0.139,-1.668,-3.389,0.5,-25273.0,-235711.0,-14087.0,0.337,4.012,False,False,True,False,False,True,False,True
TREND_DOWN,DOWN_APR,2024-04-12T20:59:00+00:00,TIMEOUT,-0.334,0.434,-1.478,-3.081,0.691,-24840.0,-232012.0,-25273.0,0.527,4.012,False,False,True,False,False,True,False,True
TREND_DOWN,DOWN_APR,2024-04-12T21:00:00+00:00,TIMEOUT,-0.626,0.259,-1.545,-3.431,0.425,-23253.0,-224678.0,-24840.0,0.259,4.012,False,False,True,False,False,True,False,True
TREND_DOWN,DOWN_APR,2024-04-12T21:01:00+00:00,TIMEOUT,-0.424,0.12,-1.547,-3.486,0.447,-25851.0,-215228.0,-23253.0,0.17,4.012,False,False,True,False,False,True,False,True
TREND_DOWN,DOWN_APR,2024-04-12T21:02:00+00:00,TIMEOUT,-0.432,0.151,-1.57,-3.462,0.444,-29482.0,-219223.0,-25851.0,0.158,4.012,False,False,True,False,False,True,False,True
TREND_DOWN,DOWN_APR,2024-04-12T21:03:00+00:00,LOSS,-0.593,0.069,-1.879,-3.575,0.358,-36101.0,-249786.0,-29482.0,0.069,4.012,False,False,True,False,False,True,False,True
TREND_DOWN,DOWN_APR,2024-04-12T21:04:00+00:00,LOSS,-0.625,-0.139,-2.014,-3.553,0.36,-47604.0,-258133.0,-36101.0,0.0,4.012,False,True,True,False,False,True,False,True
TREND_DOWN,DOWN_APR,2024-04-12T21:05:00+00:00,LOSS,-0.639,-0.243,-1.982,-3.611,0.269,-52821.0,-267851.0,-47604.0,0.0,4.012,False,True,True,False,False,True,False,True
TREND_DOWN,DOWN_APR,2024-04-12T21:06:00+00:00,LOSS,-0.607,-0.347,-2.045,-3.442,0.326,-57134.0,-266824.0,-52821.0,0.047,4.012,False,True,True,False,False,True,False,True
TREND_DOWN,DOWN_APR,2024-04-12T21:07:00+00:00,LOSS,-0.518,-0.343,-1.944,-3.578,0.37,-45230.0,-259038.0,-57134.0,0.086,4.012,False,True,True,False,False,True,False,True
TREND_DOWN,DOWN_APR,2024-04-12T21:08:00+00:00,LOSS,-0.57,-0.421,-2.057,-3.489,0.31,-43172.0,-260447.0,-45230.0,0.021,4.012,False,True,True,False,False,True,False,True
TREND_DOWN,DOWN_APR,2024-04-12T21:09:00+00:00,LOSS,-0.556,-0.314,-2.119,-3.618,0.326,-39481.0,-261784.0,-43172.0,0.034,4.012,False,True,True,False,False,True,False,True
TREND_DOWN,DOWN_APR,2024-04-12T21:10:00+00:00,TIMEOUT,-0.545,-0.514,-2.092,-3.473,0.426,-51837.0,-266575.0,-39481.0,0.13,4.012,False,False,True,False,False,True,False,True
TREND_DOWN,DOWN_APR,2024-04-12T21:11:00+00:00,LOSS,-0.672,-0.43,-2.11,-3.473,0.351,-41501.0,-263126.0,-51837.0,0.046,3.944,False,True,True,False,False,True,False,True
TREND_DOWN,DOWN_APR,2024-04-12T21:12:00+00:00,LOSS,-0.767,-0.602,-1.942,-3.497,0.392,-43410.0,-259606.0,-41501.0,0.084,3.806,False,True,True,False,False,True,False,True
TREND_DOWN,DOWN_APR,2024-04-12T21:13:00+00:00,LOSS,-0.799,-0.53,-1.867,-3.729,0.366,-42947.0,-251639.0,-43410.0,0.055,3.732,False,True,True,False,False,True,False,True
TREND_DOWN,DOWN_APR,2024-04-12T21:14:00+00:00,LOSS,-0.628,-0.64,-1.9,-3.637,0.374,-46177.0,-252550.0,-42947.0,0.056,3.732,False,True,True,False,False,True,False,True
TREND_DOWN,DOWN_APR,2024-04-12T21:31:00+00:00,LOSS,-0.286,-0.709,-1.0,-3.9,0.378,-39240.0,-145092.0,-41292.0,0.0,2.653,False,True,True,False,False,True,False,True
TREND_DOWN,DOWN_APR,2024-04-12T21:32:00+00:00,LOSS,-0.149,-0.58,0.233,-3.833,0.513,-39278.0,-24339.0,-39240.0,0.126,2.58,False,False,True,False,True,True,False,True
TREND_DOWN,DOWN_APR,2024-04-12T21:33:00+00:00,LOSS,-0.11,-0.703,0.439,-3.967,0.488,-36414.0,10025.0,-39278.0,0.075,2.58,False,True,True,False,True,True,False,True
TREND_DOWN,DOWN_APR,2024-04-12T21:34:00+00:00,LOSS,-0.098,-0.723,0.52,-4.052,0.498,-37718.0,6090.0,-36414.0,0.079,2.58,False,True,True,False,False,True,False,True
TREND_DOWN,DOWN_APR,2024-04-12T21:39:00+00:00,LOSS,-0.124,-0.68,1.11,-4.087,-0.014,-37296.0,56821.0,-36791.0,0.0,2.072,False,True,True,False,False,True,False,True
TREND_DOWN,DOWN_APR,2024-04-12T21:40:00+00:00,LOSS,-0.252,-0.796,0.458,-4.142,-0.073,-38976.0,45649.0,-37296.0,0.0,1.874,False,True,True,False,True,True,False,True
TREND_DOWN,DOWN_APR,2024-04-12T21:41:00+00:00,LOSS,-0.223,-0.893,0.372,-4.252,-0.146,-42760.0,44566.0,-38976.0,0.0,1.874,False,True,True,False,True,True,False,True
TREND_DOWN,DOWN_APR,2024-04-12T21:42:00+00:00,LOSS,-0.241,-1.006,0.282,-4.201,-0.138,-42071.0,38694.0,-42760.0,0.019,1.874,False,True,True,False,True,True,False,True
TREND_DOWN,DOWN_APR,2024-04-12T21:43:00+00:00,LOSS,-0.185,-0.983,0.266,-4.132,-0.12,-45245.0,34138.0,-42071.0,0.047,1.874,False,True,True,False,True,True,False,True
TREND_DOWN,DOWN_APR,2024-04-12T21:44:00+00:00,LOSS,-0.101,-0.729,0.402,-3.987,-0.041,-35897.0,41094.0,-45245.0,0.131,1.874,False,False,True,False,True,True,False,True
TREND_DOWN,DOWN_APR,2024-04-12T22:31:00+00:00,TIMEOUT,0.226,0.479,-0.131,-2.653,0.076,25512.0,-26502.0,24204.0,0.579,1.039,False,False,True,False,False,True,False,False
TREND_DOWN,DOWN_APR,2024-04-12T22:32:00+00:00,TIMEOUT,0.163,0.258,-0.245,-2.88,-0.01,21910.0,-36993.0,25512.0,0.484,1.039,False,False,True,False,False,True,False,False
TREND_DOWN,DOWN_APR,2024-04-12T22:33:00+00:00,TIMEOUT,0.224,0.249,-0.418,-3.019,-0.063,16906.0,-35803.0,21910.0,0.425,1.039,False,False,True,False,False,True,False,False
TREND_DOWN,DOWN_APR,2024-04-12T22:34:00+00:00,TIMEOUT,0.197,0.309,-0.142,-2.846,0.011,16874.0,-26580.0,16906.0,0.489,1.039,False,False,True,False,False,True,False,False
TREND_DOWN,DOWN_APR,2024-04-12T22:35:00+00:00,TIMEOUT,0.221,0.26,0.036,-2.893,0.045,14275.0,-18621.0,16874.0,0.519,1.039,False,False,True,False,False,True,False,False
TREND_DOWN,DOWN_APR,2024-04-12T22:36:00+00:00,TIMEOUT,0.157,0.284,0.008,-2.793,0.021,15509.0,-24084.0,14275.0,0.495,1.039,False,False,True,False,False,True,False,False
TREND_DOWN,DOWN_APR,2024-04-12T22:37:00+00:00,TIMEOUT,0.114,0.37,0.072,-2.734,0.011,16648.0,-25484.0,15509.0,0.484,1.039,False,False,True,False,False,True,False,False
TREND_DOWN,DOWN_APR,2024-04-12T22:39:00+00:00,TIMEOUT,0.08,0.491,0.257,-2.564,0.097,24034.0,-15278.0,23796.0,0.578,1.039,False,False,True,False,False,True,False,False
TREND_DOWN,DOWN_APR,2024-04-12T22:40:00+00:00,TIMEOUT,0.086,0.498,0.356,-2.689,0.071,24871.0,-13811.0,24034.0,0.553,1.039,False,False,True,False,False,True,False,False
TREND_DOWN,DOWN_APR,2024-04-12T22:45:00+00:00,TIMEOUT,-0.296,0.258,-0.063,-2.766,-0.088,11199.0,-19920.0,17024.0,0.258,1.039,False,False,True,False,False,True,False,False
TREND_DOWN,DOWN_APR,2024-04-12T22:46:00+00:00,TIMEOUT,-0.425,0.112,0.024,-2.731,-0.143,7484.0,-17956.0,11199.0,0.181,1.039,False,False,True,False,False,True,False,False
TREND_DOWN,DOWN_APR,2024-04-12T22:47:00+00:00,TIMEOUT,-0.447,0.217,0.091,-2.672,-0.109,8798.0,-12759.0,7484.0,0.217,1.039,False,False,True,False,False,True,False,False
TREND_DOWN,DOWN_APR,2024-04-12T22:49:00+00:00,TIMEOUT,-0.292,0.061,-0.084,-2.662,-0.146,6905.0,-14240.0,8586.0,0.171,1.039,False,False,True,False,False,True,False,False
TREND_DOWN,DOWN_APR,2024-04-12T22:51:00+00:00,TIMEOUT,-0.342,0.062,0.211,-2.55,-0.109,3757.0,-11335.0,2925.0,0.209,1.039,False,False,True,False,False,True,False,False
TREND_DOWN,DOWN_APR,2024-04-12T22:53:00+00:00,TIMEOUT,-0.169,0.137,0.285,-2.548,-0.026,3905.0,-12604.0,3569.0,0.296,1.039,False,False,True,False,False,True,False,False
TREND_DOWN,DOWN_APR,2024-04-12T22:54:00+00:00,TIMEOUT,-0.284,0.127,0.091,-2.667,-0.055,3695.0,-17019.0,3905.0,0.268,1.039,False,False,True,False,False,True,False,False
TREND_DOWN,DOWN_APR,2024-04-12T22:55:00+00:00,TIMEOUT,-0.287,0.121,-0.072,-2.618,-0.122,2861.0,-18068.0,3695.0,0.202,1.039,False,False,True,False,False,True,False,False
TREND_DOWN,DOWN_APR,2024-04-12T22:56:00+00:00,TIMEOUT,-0.186,0.217,-0.168,-2.667,-0.107,3740.0,-18212.0,2861.0,0.217,1.039,False,False,True,False,False,True,False,False
TREND_DOWN,DOWN_APR,2024-04-12T22:57:00+00:00,TIMEOUT,-0.238,0.091,-0.071,-2.698,-0.098,-184.0,-12121.0,3740.0,0.204,1.039,False,False,True,False,False,True,False,False
TREND_DOWN,DOWN_APR,2024-04-12T23:05:00+00:00,LOSS,-0.217,0.003,-0.121,-2.957,-0.251,-5618.0,-35601.0,-5978.0,0.03,1.039,False,False,True,False,False,True,False,True
TREND_DOWN,DOWN_APR,2024-04-12T23:06:00+00:00,LOSS,-0.244,-0.088,-0.323,-2.843,-0.303,-6713.0,-41421.0,-5618.0,0.0,1.039,False,True,True,False,False,False,True,True
TREND_DOWN,DOWN_APR,2024-04-12T23:07:00+00:00,LOSS,-0.263,-0.149,-0.386,-2.88,-0.331,-8564.0,-36731.0,-6713.0,0.0,1.039,False,True,True,False,False,False,True,True
TREND_DOWN,DOWN_APR,2024-04-12T23:08:00+00:00,LOSS,-0.328,-0.129,-0.324,-2.954,-0.253,-6125.0,-32616.0,-8564.0,0.076,1.039,False,True,True,False,False,False,True,True
TREND_DOWN,DOWN_APR,2024-04-12T23:09:00+00:00,LOSS,-0.386,-0.306,-0.335,-2.966,-0.357,-7433.0,-32846.0,-6125.0,0.0,1.039,False,True,True,False,False,False,True,True
TREND_DOWN,DOWN_APR,2024-04-12T23:10:00+00:00,LOSS,-0.309,-0.223,-0.578,-2.879,-0.304,-10660.0,-46591.0,-7433.0,0.053,1.039,False,True,True,False,False,False,True,True
TREND_DOWN,DOWN_APR,2024-04-12T23:11:00+00:00,LOSS,-0.327,-0.29,-0.386,-2.787,-0.271,-12683.0,-38423.0,-10660.0,0.077,1.039,False,True,True,False,False,False,True,True
TREND_DOWN,DOWN_APR,2024-04-12T23:13:00+00:00,TIMEOUT,-0.222,-0.357,-0.44,-2.536,-0.204,-18230.0,-40751.0,-15508.0,0.133,1.039,False,False,True,False,False,False,False,True
TREND_DOWN,DOWN_APR,2024-04-12T23:14:00+00:00,TIMEOUT,-0.16,-0.327,-0.57,-2.485,-0.221,-16714.0,-43525.0,-18230.0,0.113,1.039,False,False,True,False,False,False,False,True
TREND_DOWN,DOWN_APR,2024-04-12T23:15:00+00:00,LOSS,-0.159,-0.454,-0.659,-2.575,-0.28,-20645.0,-40256.0,-16714.0,0.05,1.039,False,True,True,False,False,False,True,True
TREND_DOWN,DOWN_APR,2024-04-12T23:16:00+00:00,LOSS,-0.127,-0.551,-0.811,-2.504,-0.296,-24450.0,-43080.0,-20645.0,0.027,1.039,False,True,True,False,False,False,True,True
TREND_DOWN,DOWN_APR,2024-04-12T23:17:00+00:00,LOSS,-0.199,-0.645,-0.691,-2.438,-0.312,-26826.0,-42345.0,-24450.0,0.0,1.039,False,True,True,False,False,False,True,True
TREND_DOWN,DOWN_APR,2024-04-13T00:21:00+00:00,TIMEOUT,-0.292,0.117,0.287,-1.248,-0.017,13975.0,12814.0,13234.0,0.183,0.831,False,False,True,False,False,True,False,False
TREND_DOWN,DOWN_APR,2024-04-13T00:22:00+00:00,TIMEOUT,-0.346,0.161,0.302,-1.186,-0.04,-787.0,2784.0,13975.0,0.161,0.831,False,False,True,False,False,True,False,False
TREND_DOWN,DOWN_APR,2024-04-13T00:23:00+00:00,TIMEOUT,-0.445,0.032,0.148,-1.179,-0.119,-2740.0,1660.0,-787.0,0.032,0.831,False,False,True,False,False,True,False,True
TREND_DOWN,DOWN_APR,2024-04-13T00:24:00+00:00,TIMEOUT,-0.418,-0.032,0.116,-1.333,-0.128,-2965.0,362.0,-2740.0,0.0,0.831,False,True,True,False,False,True,False,True
TREND_DOWN,DOWN_APR,2024-04-13T00:25:00+00:00,TIMEOUT,-0.428,-0.016,-0.058,-1.162,-0.134,-739.0,-608.0,-2965.0,0.0,0.831,False,True,True,False,False,False,True,True
TREND_DOWN,DOWN_APR,2024-04-13T00:26:00+00:00,TIMEOUT,-0.337,-0.006,0.019,-1.121,-0.075,-1356.0,1309.0,-739.0,0.059,0.831,False,True,True,False,False,True,False,True
TREND_DOWN,DOWN_APR,2024-04-13T00:27:00+00:00,TIMEOUT,-0.365,0.002,0.09,-0.963,-0.11,-843.0,9387.0,-1356.0,0.024,0.831,False,False,True,False,False,True,False,True
TREND_DOWN,DOWN_APR,2024-04-13T00:41:00+00:00,LOSS,-0.341,-0.377,0.201,0.574,-0.271,-8265.0,9988.0,125.0,0.0,0.831,False,True,True,False,False,True,False,False
TREND_DOWN,DOWN_APR,2024-04-13T00:42:00+00:00,LOSS,-0.38,-0.459,0.122,0.404,-0.329,-17488.0,-4118.0,-8265.0,0.0,0.812,False,True,True,False,False,True,False,True
TREND_DOWN,DOWN_APR,2024-04-13T00:43:00+00:00,LOSS,-0.279,-0.542,0.089,0.356,-0.331,-18338.0,-4996.0,-17488.0,0.0,0.784,False,True,True,False,False,True,False,True
TREND_DOWN,DOWN_APR,2024-04-13T00:44:00+00:00,LOSS,-0.228,-0.468,0.022,0.424,-0.312,-11568.0,-4471.0,-18338.0,0.017,0.699,False,True,True,False,False,True,False,True
TREND_DOWN,DOWN_APR,2024-04-13T00:45:00+00:00,LOSS,-0.242,-0.458,0.044,0.812,-0.279,-11783.0,-5671.0,-11568.0,0.049,0.694,False,True,True,False,False,True,False,True
TREND_DOWN,DOWN_APR,2024-04-13T00:46:00+00:00,LOSS,-0.205,-0.405,-0.04,1.012,-0.271,-6562.0,-6353.0,-11783.0,0.056,0.694,False,True,True,False,False,True,True,True
TREND_DOWN,DOWN_APR,2024-04-13T00:47:00+00:00,LOSS,-0.25,-0.474,-0.01,0.982,-0.309,-7638.0,-6647.0,-6562.0,0.018,0.694,False,True,True,False,False,True,True,True
TREND_DOWN,DOWN_APR,2024-04-13T00:48:00+00:00,LOSS,-0.176,-0.38,-0.036,0.952,-0.245,-7665.0,-7583.0,-7638.0,0.083,0.694,False,True,True,False,False,True,True,True
TREND_DOWN,DOWN_APR,2024-04-13T00:49:00+00:00,LOSS,-0.103,-0.388,-0.059,0.73,-0.231,-8212.0,-9493.0,-7665.0,0.094,0.694,False,True,True,False,False,True,True,True
TREND_DOWN,DOWN_APR,2024-04-13T00:50:00+00:00,LOSS,-0.181,-0.405,-0.138,0.712,-0.216,-8104.0,-13856.0,-8212.0,0.108,0.694,False,False,True,False,False,True,False,True
TREND_DOWN,DOWN_APR,2024-04-13T00:53:00+00:00,LOSS,-0.066,-0.511,-0.069,0.547,-0.19,-18636.0,-11290.0,-8881.0,0.134,0.694,False,False,True,False,False,True,False,True
TREND_DOWN,DOWN_APR,2024-04-13T01:10:00+00:00,LOSS,-0.26,-0.454,-0.423,-0.047,-0.409,-23433.0,-21021.0,-21398.0,0.0,0.788,False,True,True,False,False,False,True,True
TREND_DOWN,DOWN_APR,2024-04-13T01:11:00+00:00,LOSS,-0.359,-0.7,-0.714,-0.102,-0.597,-45339.0,-43974.0,-23433.0,0.0,0.992,False,True,True,False,False,False,True,True
TREND_DOWN,DOWN_APR,2024-04-13T01:12:00+00:00,LOSS,-0.316,-0.694,-0.763,0.11,-0.572,-47747.0,-50161.0,-45339.0,0.0,1.008,False,True,True,False,False,True,True,True
TREND_DOWN,DOWN_APR,2024-04-13T01:13:00+00:00,LOSS,-0.403,-0.681,-0.944,-0.02,-0.644,-57265.0,-65674.0,-47747.0,0.0,1.101,False,True,True,False,False,False,True,True
TREND_DOWN,DOWN_APR,2024-04-13T01:14:00+00:00,LOSS,-0.44,-0.668,-0.915,-0.111,-0.625,-56632.0,-62669.0,-57265.0,0.0,1.123,False,True,True,False,False,False,True,True
TREND_DOWN,DOWN_APR,2024-04-13T01:15:00+00:00,LOSS,-0.38,-0.622,-0.888,0.101,-0.524,-55871.0,-63791.0,-56632.0,0.093,1.123,False,True,True,False,False,True,True,True
TREND_DOWN,DOWN_APR,2024-04-13T01:16:00+00:00,LOSS,-0.346,-0.55,-0.919,0.163,-0.473,-53722.0,-64670.0,-55871.0,0.135,1.123,False,False,True,False,False,True,False,True
TREND_DOWN,DOWN_APR,2024-04-13T01:17:00+00:00,LOSS,-0.366,-0.615,-1.035,0.094,-0.522,-54637.0,-66358.0,-53722.0,0.076,1.123,False,True,True,False,False,True,True,True
TREND_DOWN,DOWN_APR,2024-04-13T01:18:00+00:00,LOSS,-0.266,-0.442,-0.789,-0.1,-0.352,-52898.0,-63561.0,-54637.0,0.241,1.076,False,False,True,False,False,False,False,True
TREND_DOWN,DOWN_APR,2024-04-13T01:19:00+00:00,LOSS,-0.335,-0.437,-0.745,-0.252,-0.402,-50951.0,-58114.0,-52898.0,0.184,1.076,False,False,True,False,False,False,False,True
TREND_DOWN,DOWN_APR,2024-04-13T01:20:00+00:00,LOSS,-0.46,-0.641,-0.84,-0.324,-0.505,-56466.0,-60271.0,-50951.0,0.071,1.076,False,True,True,False,False,False,True,True
TREND_DOWN,DOWN_APR,2024-04-13T01:21:00+00:00,LOSS,-0.525,-0.653,-0.951,-0.449,-0.508,-56399.0,-63698.0,-56466.0,0.064,1.076,False,True,True,False,False,False,True,True
TREND_DOWN,DOWN_APR,2024-04-13T01:22:00+00:00,LOSS,-0.583,-0.723,-1.011,-0.514,-0.591,-51442.0,-73202.0,-56399.0,0.0,1.103,False,True,True,False,False,False,True,True
TREND_DOWN,DOWN_APR,2024-04-13T01:23:00+00:00,LOSS,-0.575,-0.641,-0.946,-0.485,-0.566,-45721.0,-67791.0,-51442.0,0.009,1.103,False,True,True,False,False,False,True,True
TREND_DOWN,DOWN_APR,2024-04-13T01:24:00+00:00,LOSS,-0.656,-0.641,-1.042,-0.53,-0.563,-44673.0,-66689.0,-45721.0,0.0,1.103,False,True,True,False,False,False,True,True
TREND_DOWN,DOWN_APR,2024-04-13T01:25:00+00:00,LOSS,-0.667,-0.65,-0.993,-0.621,-0.572,-47717.0,-68219.0,-44673.0,0.0,1.118,False,True,True,False,False,False,True,True
TREND_DOWN,DOWN_APR,2024-04-13T01:26:00+00:00,LOSS,-0.565,-0.676,-0.876,-0.606,-0.534,-48023.0,-65209.0,-47717.0,0.033,1.118,False,True,True,False,False,False,True,True
TREND_DOWN,DOWN_APR,2024-04-13T01:31:00+00:00,LOSS,-0.82,-1.089,-1.143,-1.272,-0.79,-63640.0,-77627.0,-53584.0,0.0,1.363,False,True,True,False,False,False,True,True
TREND_DOWN,DOWN_APR,2024-04-13T01:32:00+00:00,LOSS,-0.978,-1.126,-1.169,-1.411,-0.877,-67212.0,-78427.0,-63640.0,0.0,1.485,False,True,True,False,False,False,True,True
TREND_DOWN,DOWN_APR,2024-04-13T01:33:00+00:00,LOSS,-1.085,-1.246,-1.27,-1.682,-0.995,-61025.0,-68131.0,-67212.0,0.0,1.649,False,True,True,False,False,False,True,True
TREND_DOWN,DOWN_APR,2024-04-13T01:34:00+00:00,LOSS,-0.768,-0.936,-1.034,-1.174,-0.667,-50485.0,-57907.0,-61025.0,0.302,1.649,False,False,True,False,False,False,False,True
TREND_DOWN,DOWN_APR,2024-04-13T01:35:00+00:00,LOSS,-0.71,-0.794,-0.942,-0.907,-0.534,-52796.0,-60593.0,-50485.0,0.425,1.649,False,False,True,False,False,False,False,True
TREND_DOWN,DOWN_APR,2024-04-13T01:36:00+00:00,LOSS,-0.781,-0.973,-1.077,-1.069,-0.68,-59062.0,-64665.0,-52796.0,0.265,1.649,False,False,True,False,False,False,False,True
TREND_DOWN,DOWN_APR,2024-04-13T01:37:00+00:00,LOSS,-0.792,-0.944,-1.082,-1.01,-0.687,-62222.0,-68145.0,-59062.0,0.249,1.649,False,False,True,False,False,False,False,True
TREND_DOWN,DOWN_APR,2024-04-13T01:38:00+00:00,LOSS,-0.921,-1.093,-1.317,-0.877,-0.771,-65101.0,-74918.0,-62222.0,0.153,1.649,False,False,True,False,False,False,False,True
TREND_DOWN,DOWN_APR,2024-04-13T01:39:00+00:00,LOSS,-0.688,-0.951,-1.151,-0.897,-0.644,-65274.0,-74493.0,-65101.0,0.272,1.649,False,False,True,False,False,False,False,True
TREND_DOWN,DOWN_APR,2024-04-13T01:40:00+00:00,LOSS,-0.732,-0.99,-1.236,-0.885,-0.751,-63426.0,-73746.0,-65274.0,0.161,1.649,False,False,True,False,False,False,False,True
TREND_DOWN,DOWN_APR,2024-04-13T01:41:00+00:00,LOSS,-0.562,-0.919,-1.308,-0.967,-0.771,-55620.0,-74080.0,-63426.0,0.131,1.649,False,False,True,False,False,False,False,True
TREND_DOWN,DOWN_APR,2024-04-13T01:42:00+00:00,LOSS,-0.446,-0.761,-1.172,-1.027,-0.668,-44125.0,-71120.0,-55620.0,0.231,1.649,False,False,True,False,False,False,False,True
TREND_DOWN,DOWN_APR,2024-04-13T01:43:00+00:00,LOSS,-0.318,-0.72,-1.126,-0.861,-0.625,-39479.0,-66709.0,-44125.0,0.267,1.649,False,False,True,False,False,False,False,True
TREND_DOWN,DOWN_APR,2024-04-13T01:44:00+00:00,LOSS,-0.327,-0.766,-1.074,-1.187,-0.649,-44406.0,-65901.0,-39479.0,0.238,1.649,False,False,True,False,False,False,False,True
TREND_DOWN,DOWN_APR,2024-04-13T01:45:00+00:00,LOSS,-0.484,-0.863,-1.074,-1.137,-0.707,-44663.0,-61533.0,-44406.0,0.172,1.649,False,False,True,False,False,False,False,True
TREND_DOWN,DOWN_APR,2024-04-13T01:49:00+00:00,LOSS,-0.702,-1.034,-1.153,-1.236,-0.805,-45072.0,-61470.0,-49505.0,0.044,1.649,False,True,True,False,False,False,True,True
TREND_DOWN,DOWN_APR,2024-04-13T01:50:00+00:00,LOSS,-0.768,-1.224,-1.407,-1.295,-0.97,-66523.0,-83304.0,-45072.0,0.0,1.785,False,True,True,False,False,False,True,True
TREND_DOWN,DOWN_APR,2024-04-13T01:51:00+00:00,LOSS,-0.98,-1.5,-1.585,-1.378,-1.111,-81701.0,-97185.0,-66523.0,0.0,2.011,False,True,True,False,False,False,True,True
TREND_DOWN,DOWN_APR,2024-04-13T01:52:00+00:00,LOSS,-0.481,-1.062,-1.242,-1.135,-0.598,-81180.0,-96584.0,-81701.0,0.412,2.011,False,False,True,False,False,False,False,True
TREND_DOWN,DOWN_APR,2024-04-13T01:53:00+00:00,LOSS,-0.704,-1.274,-1.477,-1.197,-0.781,-93821.0,-109016.0,-81180.0,0.196,2.011,False,False,True,False,False,False,False,True
TREND_DOWN,DOWN_APR,2024-04-13T01:54:00+00:00,LOSS,-0.677,-1.328,-1.431,-1.341,-0.748,-89904.0,-102818.0,-93821.0,0.215,2.011,False,False,True,False,False,False,False,True
TREND_DOWN,DOWN_APR,2024-04-13T01:55:00+00:00,LOSS,-0.704,-1.367,-1.407,-1.479,-0.78,-88656.0,-100923.0,-89904.0,0.173,2.011,False,False,True,False,False,False,False,True
TREND_DOWN,DOWN_APR,2024-04-13T01:56:00+00:00,LOSS,-0.875,-1.435,-1.56,-1.725,-0.913,-92011.0,-105425.0,-88656.0,0.033,2.011,False,True,True,False,False,False,True,True
TREND_DOWN,DOWN_APR,2024-04-13T01:57:00+00:00,LOSS,-1.024,-1.478,-1.624,-1.694,-0.955,-84154.0,-97814.0,-92011.0,0.0,2.035,False,True,True,False,False,False,True,True
TREND_DOWN,DOWN_APR,2024-04-13T01:58:00+00:00,LOSS,-1.162,-1.633,-1.839,-1.92,-1.044,-86767.0,-99133.0,-84154.0,0.0,2.15,False,True,True,False,False,False,True,True
TREND_DOWN,DOWN_APR,2024-04-13T01:59:00+00:00,LOSS,-1.03,-1.548,-1.737,-1.415,-0.899,-78461.0,-91647.0,-86767.0,0.13,2.15,False,False,True,False,False,False,False,True
TREND_DOWN,DOWN_APR,2024-04-13T02:00:00+00:00,LOSS,-0.694,-1.329,-1.528,-1.203,-0.763,-73478.0,-87641.0,-78461.0,0.252,2.15,False,False,True,False,False,False,False,True
TREND_DOWN,DOWN_APR,2024-04-13T02:01:00+00:00,LOSS,-0.556,-1.372,-1.515,-1.386,-0.779,-78901.0,-93617.0,-73478.0,0.216,2.15,False,False,True,False,False,False,False,True
TREND_DOWN,DOWN_APR,2024-04-13T02:02:00+00:00,LOSS,-0.323,-1.297,-1.276,-1.231,-0.652,-77462.0,-87738.0,-78901.0,0.331,2.15,False,False,True,False,False,False,False,True
TREND_DOWN,DOWN_APR,2024-04-13T04:58:00+00:00,TIMEOUT,0.351,0.667,1.618,0.608,1.256,23563.0,40378.0,19093.0,0.8,3.186,False,False,False,False,False,True,False,False
TREND_DOWN,DOWN_APR,2024-04-13T04:59:00+00:00,TIMEOUT,0.289,0.634,1.591,0.701,1.255,21755.0,39677.0,23563.0,0.807,3.186,False,False,False,False,False,True,False,False
TREND_DOWN,DOWN_APR,2024-04-13T05:01:00+00:00,TIMEOUT,0.367,0.637,1.479,0.704,1.253,21016.0,35045.0,21648.0,0.816,3.186,False,False,False,False,False,True,False,False
TREND_DOWN,DOWN_APR,2024-04-13T05:02:00+00:00,TIMEOUT,0.493,0.673,1.571,0.826,1.335,15104.0,34898.0,21016.0,0.904,3.186,False,False,False,False,False,True,False,False
TREND_DOWN,DOWN_APR,2024-04-13T05:03:00+00:00,TIMEOUT,0.512,0.75,1.818,0.772,1.357,14389.0,43104.0,15104.0,0.93,3.186,False,False,False,False,False,True,False,False
TREND_DOWN,DOWN_APR,2024-04-13T05:04:00+00:00,TIMEOUT,0.514,0.867,1.977,0.812,1.332,23991.0,53131.0,14389.0,0.912,3.186,False,False,False,False,False,True,False,False
TREND_DOWN,DOWN_APR,2024-04-13T05:06:00+00:00,TIMEOUT,0.625,1.038,2.443,1.142,1.463,23060.0,52388.0,25342.0,1.088,3.186,False,False,False,False,False,True,False,False
TREND_DOWN,DOWN_APR,2024-04-13T05:21:00+00:00,TIMEOUT,-0.206,0.611,2.325,1.113,1.194,13690.0,55521.0,22838.0,0.66,3.186,False,False,False,False,False,True,False,False
TREND_DOWN,DOWN_APR,2024-04-13T05:26:00+00:00,TIMEOUT,-0.04,0.397,2.378,0.865,0.856,-669.0,90823.0,-2044.0,0.465,3.186,False,False,True,False,False,True,False,True
TREND_DOWN,DOWN_APR,2024-04-13T05:27:00+00:00,TIMEOUT,0.116,0.455,2.369,0.903,0.846,1737.0,84810.0,-669.0,0.474,3.186,False,False,True,False,False,True,False,False
TREND_DOWN,DOWN_APR,2024-04-13T05:28:00+00:00,TIMEOUT,0.084,0.435,2.424,0.982,0.844,4832.0,83334.0,1737.0,0.486,3.186,False,False,True,False,False,True,False,False
TREND_DOWN,DOWN_APR,2024-04-13T05:30:00+00:00,TIMEOUT,-0.112,0.23,2.51,0.845,0.701,-15584.0,62686.0,3696.0,0.373,3.186,False,False,True,False,False,True,False,False
TREND_DOWN,DOWN_APR,2024-04-13T05:31:00+00:00,TIMEOUT,-0.108,0.258,2.561,0.675,0.597,-29753.0,46947.0,-15584.0,0.31,3.186,False,False,True,False,False,True,False,True
TREND_DOWN,DOWN_APR,2024-04-13T05:32:00+00:00,TIMEOUT,-0.205,0.288,2.418,0.639,0.558,-38186.0,27646.0,-29753.0,0.301,3.052,False,False,True,False,False,True,False,True
TREND_DOWN,DOWN_APR,2024-04-13T05:33:00+00:00,TIMEOUT,-0.347,0.162,2.173,0.612,0.41,-55432.0,5300.0,-38186.0,0.183,2.963,False,False,True,False,False,True,False,True
TREND_DOWN,DOWN_APR,2024-04-13T05:34:00+00:00,TIMEOUT,-0.293,0.219,2.248,0.698,0.405,-53230.0,13126.0,-55432.0,0.219,2.963,False,False,True,False,False,True,False,True
TREND_DOWN,DOWN_APR,2024-04-13T05:35:00+00:00,TIMEOUT,-0.499,0.141,2.141,0.838,0.395,-55352.0,8944.0,-53230.0,0.166,2.846,False,False,True,False,False,True,False,True
TREND_DOWN,DOWN_APR,2024-04-13T05:36:00+00:00,TIMEOUT,-0.515,0.107,1.961,0.738,0.32,-54913.0,7250.0,-55352.0,0.107,2.725,False,False,True,False,False,True,False,True
TREND_DOWN,DOWN_APR,2024-04-13T05:37:00+00:00,TIMEOUT,-0.623,0.088,1.85,0.736,0.294,-52355.0,4393.0,-54913.0,0.088,2.628,False,False,True,False,False,True,False,True
TREND_DOWN,DOWN_APR,2024-04-13T05:38:00+00:00,TIMEOUT,-0.499,0.031,1.861,0.823,0.375,-72431.0,889.0,-52355.0,0.09,2.548,False,False,True,False,False,True,False,True
TREND_DOWN,DOWN_APR,2024-04-13T05:39:00+00:00,TIMEOUT,-0.477,-0.069,1.744,0.853,0.337,-76669.0,-9073.0,-72431.0,0.069,2.498,False,True,True,False,False,True,False,True
TREND_DOWN,DOWN_APR,2024-04-13T05:40:00+00:00,TIMEOUT,-0.441,-0.057,1.791,0.922,0.352,-83805.0,-6760.0,-76669.0,0.109,2.498,False,False,True,False,False,True,False,True
TREND_DOWN,DOWN_APR,2024-04-13T05:41:00+00:00,TIMEOUT,-0.612,-0.065,1.818,0.832,0.323,-80521.0,-5144.0,-83805.0,0.096,2.498,False,True,True,False,False,True,False,True
TREND_DOWN,DOWN_APR,2024-04-13T05:42:00+00:00,TIMEOUT,-0.525,-0.082,1.669,0.968,0.343,-80934.0,-9745.0,-80521.0,0.125,2.439,False,False,True,False,False,True,False,True
TREND_DOWN,DOWN_APR,2024-04-13T05:43:00+00:00,TIMEOUT,-0.359,-0.225,1.715,0.936,0.349,-97830.0,-9655.0,-80934.0,0.145,2.439,False,False,True,False,False,True,False,True
TREND_DOWN,DOWN_APR,2024-04-13T05:44:00+00:00,TIMEOUT,-0.305,-0.265,1.754,0.944,0.37,-104707.0,-8490.0,-97830.0,0.178,2.439,False,False,True,False,False,True,False,True
TREND_DOWN,DOWN_APR,2024-04-13T05:49:00+00:00,TIMEOUT,-0.363,-0.654,1.647,0.825,0.16,-120062.0,-13515.0,-119652.0,0.009,2.439,False,True,True,False,False,True,False,True
TREND_DOWN,DOWN_APR,2024-04-13T05:56:00+00:00,TIMEOUT,-0.327,-0.367,1.392,0.708,0.074,-88641.0,-24989.0,-94541.0,0.0,2.357,False,True,True,False,False,True,False,True
TREND_DOWN,DOWN_APR,2024-04-13T05:57:00+00:00,TIMEOUT,-0.359,-0.243,1.445,0.629,0.049,-80832.0,-27611.0,-88641.0,0.0,2.357,False,True,True,False,False,True,False,True
TREND_DOWN,DOWN_APR,2024-04-13T05:58:00+00:00,TIMEOUT,-0.396,-0.313,1.392,0.625,0.019,-82259.0,-30206.0,-80832.0,0.0,2.357,False,True,True,False,False,True,False,True
TREND_DOWN,DOWN_APR,2024-04-13T05:59:00+00:00,TIMEOUT,-0.483,-0.346,1.247,0.549,-0.01,-82974.0,-30406.0,-82259.0,0.0,2.357,False,True,True,False,False,True,False,True
TREND_DOWN,DOWN_APR,2024-04-13T06:00:00+00:00,TIMEOUT,-0.246,-0.359,1.305,0.657,0.047,-75636.0,-22879.0,-82974.0,0.064,2.357,False,True,True,False,False,True,False,True
TREND_DOWN,DOWN_APR,2024-04-13T06:01:00+00:00,TIMEOUT,-0.154,-0.262,1.374,0.618,0.072,-72177.0,-18931.0,-75636.0,0.093,2.357,False,True,True,False,False,True,False,True
TREND_DOWN,DOWN_APR,2024-04-13T06:02:00+00:00,TIMEOUT,-0.149,-0.354,1.315,0.614,0.062,-71920.0,-20995.0,-72177.0,0.089,2.357,False,True,True,False,False,True,False,True
TREND_DOWN,DOWN_APR,2024-04-13T06:16:00+00:00,TIMEOUT,-0.302,-0.555,1.238,0.243,-0.11,-88391.0,-32253.0,-87267.0,0.0,2.165,False,True,True,False,False,True,False,True
TREND_DOWN,DOWN_APR,2024-04-13T06:17:00+00:00,TIMEOUT,-0.252,-0.529,1.15,0.259,-0.153,-87338.0,-35016.0,-88391.0,0.0,2.165,False,True,True,False,False,True,False,True
TREND_DOWN,DOWN_APR,2024-04-13T06:18:00+00:00,TIMEOUT,-0.18,-0.45,1.198,0.284,-0.109,-84061.0,-36046.0,-87338.0,0.047,2.165,False,True,True,False,False,True,False,True
TREND_DOWN,DOWN_APR,2024-04-13T06:19:00+00:00,TIMEOUT,-0.198,-0.561,1.139,0.243,-0.199,-85970.0,-33934.0,-84061.0,0.0,2.165,False,True,True,False,False,True,False,True
TREND_DOWN,DOWN_APR,2024-04-13T06:20:00+00:00,TIMEOUT,-0.258,-0.581,1.23,0.242,-0.174,-85069.0,-24529.0,-85970.0,0.031,2.165,False,True,True,False,False,True,False,True
TREND_DOWN,DOWN_APR,2024-04-13T06:21:00+00:00,TIMEOUT,-0.254,-0.544,1.233,0.311,-0.146,-81334.0,-19751.0,-85069.0,0.07,2.155,False,True,True,False,False,True,False,True
TREND_DOWN,DOWN_APR,2024-04-13T06:22:00+00:00,TIMEOUT,-0.267,-0.575,1.178,0.262,-0.179,-82493.0,-20445.0,-81334.0,0.04,2.155,False,True,True,False,False,True,False,True
TREND_DOWN,DOWN_APR,2024-04-13T06:23:00+00:00,TIMEOUT,-0.235,-0.581,1.213,0.253,-0.158,-81552.0,-18851.0,-82493.0,0.062,2.155,False,True,True,False,False,True,False,True
TREND_DOWN,DOWN_APR,2024-04-13T06:24:00+00:00,TIMEOUT,-0.224,-0.557,1.093,0.147,-0.191,-77825.0,-17354.0,-81552.0,0.03,2.155,False,True,True,False,False,True,False,True
TREND_DOWN,DOWN_APR,2024-04-13T06:25:00+00:00,TIMEOUT,-0.222,-0.526,1.125,0.094,-0.216,-72706.0,-17265.0,-77825.0,0.01,2.155,False,True,True,False,False,True,False,True
TREND_DOWN,DOWN_APR,2024-04-13T06:26:00+00:00,TIMEOUT,-0.141,-0.467,1.204,0.087,-0.2,-72550.0,-17019.0,-72706.0,0.029,2.155,False,True,True,False,False,True,False,True
TREND_DOWN,DOWN_APR,2024-04-13T06:27:00+00:00,TIMEOUT,-0.085,-0.443,1.186,0.155,-0.17,-72255.0,-16927.0,-72550.0,0.063,2.155,False,True,True,False,False,True,False,True
TREND_DOWN,DOWN_APR,2024-04-13T07:17:00+00:00,TIMEOUT,-0.156,-0.07,0.039,0.66,-0.419,8357.0,-53570.0,6631.0,0.048,1.076,False,True,True,False,False,True,False,False
TREND_DOWN,DOWN_APR,2024-04-13T07:18:00+00:00,TIMEOUT,-0.134,-0.185,0.023,0.559,-0.487,6859.0,-56916.0,8357.0,0.0,1.076,False,True,True,False,False,True,False,False
TREND_DOWN,DOWN_APR,2024-04-13T07:19:00+00:00,TIMEOUT,-0.224,-0.161,-0.068,0.488,-0.555,-12439.0,-78072.0,6859.0,0.0,1.118,False,True,True,False,False,True,True,False
TREND_DOWN,DOWN_APR,2024-04-13T07:20:00+00:00,TIMEOUT,-0.181,-0.13,-0.087,0.588,-0.48,-12773.0,-75004.0,-12439.0,0.062,1.118,False,True,True,False,False,True,True,True
TREND_DOWN,DOWN_APR,2024-04-13T07:21:00+00:00,TIMEOUT,-0.208,-0.178,-0.114,0.515,-0.487,-17300.0,-84944.0,-12773.0,0.053,1.118,False,True,True,False,False,True,True,True
TREND_DOWN,DOWN_APR,2024-04-13T07:22:00+00:00,TIMEOUT,-0.22,-0.132,-0.145,0.519,-0.475,-14433.0,-90673.0,-17300.0,0.07,1.118,False,True,True,False,False,True,True,True
TREND_DOWN,DOWN_APR,2024-04-13T07:23:00+00:00,TIMEOUT,-0.085,-0.065,0.04,0.595,-0.388,-8853.0,-82309.0,-14433.0,0.159,1.118,False,False,True,False,False,True,False,True
TREND_DOWN,DOWN_APR,2024-04-13T07:24:00+00:00,TIMEOUT,-0.136,-0.049,0.024,0.521,-0.403,-12284.0,-82166.0,-8853.0,0.143,1.118,False,False,True,False,False,True,False,True
TREND_DOWN,DOWN_APR,2024-04-13T07:25:00+00:00,TIMEOUT,-0.123,-0.005,-0.058,0.578,-0.379,-10644.0,-85394.0,-12284.0,0.167,1.118,False,False,True,False,False,True,False,True
TREND_DOWN,DOWN_APR,2024-04-13T07:26:00+00:00,TIMEOUT,-0.182,-0.072,-0.143,0.529,-0.428,-12245.0,-85464.0,-10644.0,0.118,1.118,False,False,True,False,False,True,False,True
TREND_DOWN,DOWN_APR,2024-04-13T07:27:00+00:00,TIMEOUT,-0.253,-0.058,-0.049,0.503,-0.381,-13018.0,-83536.0,-12245.0,0.166,1.118,False,False,True,False,False,True,False,True
TREND_DOWN,DOWN_APR,2024-04-13T07:28:00+00:00,TIMEOUT,-0.225,-0.065,-0.02,0.566,-0.323,-12126.0,-76484.0,-13018.0,0.226,1.118,False,False,True,False,False,True,False,True
TREND_DOWN,DOWN_APR,2024-04-13T07:51:00+00:00,TIMEOUT,0.306,0.097,-0.622,1.092,-0.121,2428.0,-119208.0,1460.0,0.36,1.065,False,False,True,False,False,True,False,False
TREND_DOWN,DOWN_APR,2024-04-13T07:52:00+00:00,TIMEOUT,0.235,0.014,-0.707,1.094,-0.168,44.0,-121480.0,2428.0,0.305,1.065,False,False,True,False,False,True,False,False
TREND_DOWN,DOWN_APR,2024-04-13T07:53:00+00:00,TIMEOUT,0.156,0.071,-0.508,1.218,-0.153,-3690.0,-116978.0,44.0,0.315,1.065,False,False,True,False,False,True,False,False
TREND_DOWN,DOWN_APR,2024-04-13T07:54:00+00:00,TIMEOUT,0.12,-0.016,-0.488,1.173,-0.198,-8831.0,-114089.0,-3690.0,0.263,1.065,False,False,True,False,False,True,False,True
TREND_DOWN,DOWN_APR,2024-04-13T07:57:00+00:00,TIMEOUT,0.153,-0.1,-0.233,1.322,-0.129,-7493.0,-80277.0,-7201.0,0.319,1.065,False,False,True,False,False,True,False,True
TREND_DOWN,DOWN_APR,2024-04-13T08:01:00+00:00,TIMEOUT,0.077,-0.199,-0.289,1.186,-0.116,-18380.0,-79771.0,-16710.0,0.324,1.065,False,False,True,False,False,True,False,True
TREND_DOWN,DOWN_APR,2024-04-13T08:02:00+00:00,TIMEOUT,0.08,-0.184,-0.389,1.176,-0.127,-17368.0,-79376.0,-18380.0,0.311,1.065,False,False,True,False,False,True,False,True
TREND_DOWN,DOWN_APR,2024-04-13T08:04:00+00:00,TIMEOUT,-0.17,-0.267,-0.504,1.463,-0.23,-28975.0,-90024.0,-24218.0,0.202,1.065,False,False,True,False,False,True,False,True
TREND_DOWN,DOWN_APR,2024-04-13T08:05:00+00:00,TIMEOUT,-0.265,-0.322,-0.776,1.529,-0.283,-31619.0,-96789.0,-28975.0,0.146,1.065,False,False,True,False,False,True,False,True
TREND_DOWN,DOWN_APR,2024-04-13T08:06:00+00:00,TIMEOUT,-0.355,-0.341,-0.734,1.691,-0.271,-36521.0,-98802.0,-31619.0,0.145,1.065,False,False,True,False,False,True,False,True
TREND_DOWN,DOWN_APR,2024-04-13T08:07:00+00:00,TIMEOUT,-0.346,-0.413,-0.857,1.354,-0.294,-42754.0,-98665.0,-36521.0,0.114,1.065,False,False,True,False,False,True,False,True
TREND_DOWN,DOWN_APR,2024-04-13T08:08:00+00:00,TIMEOUT,-0.265,-0.29,-0.748,1.307,-0.215,-40915.0,-95154.0,-42754.0,0.19,1.065,False,False,True,False,False,True,False,True
TREND_DOWN,DOWN_APR,2024-04-13T08:09:00+00:00,TIMEOUT,-0.235,-0.352,-0.75,1.423,-0.255,-42529.0,-91929.0,-40915.0,0.145,1.065,False,False,True,False,False,True,False,True
TREND_DOWN,DOWN_APR,2024-04-13T08:10:00+00:00,TIMEOUT,-0.268,-0.288,-0.736,1.457,-0.232,-44431.0,-96338.0,-42529.0,0.163,1.065,False,False,True,False,False,True,False,True
TREND_DOWN,DOWN_APR,2024-04-13T08:11:00+00:00,TIMEOUT,-0.359,-0.341,-0.977,1.468,-0.311,-50151.0,-123811.0,-44431.0,0.078,1.065,False,True,True,False,False,True,True,True
TREND_DOWN,DOWN_APR,2024-04-13T08:12:00+00:00,TIMEOUT,-0.362,-0.263,-0.884,1.383,-0.246,-48870.0,-118569.0,-50151.0,0.113,1.006,False,False,True,False,False,True,False,True
TREND_DOWN,DOWN_APR,2024-04-13T08:13:00+00:00,TIMEOUT,-0.342,-0.269,-0.78,1.454,-0.276,-49115.0,-117145.0,-48870.0,0.073,0.859,False,True,True,False,False,True,True,True
TREND_DOWN,DOWN_APR,2024-04-13T08:14:00+00:00,TIMEOUT,-0.335,-0.221,-0.747,1.496,-0.26,-49467.0,-116621.0,-49115.0,0.084,0.837,False,True,True,False,False,True,True,True
TREND_DOWN,DOWN_APR,2024-04-13T08:15:00+00:00,TIMEOUT,-0.389,-0.149,-0.733,1.334,-0.317,-48315.0,-113514.0,-49467.0,0.023,0.81,False,True,True,False,False,True,True,True
TREND_DOWN,DOWN_APR,2024-04-13T08:16:00+00:00,TIMEOUT,-0.437,-0.04,-0.754,1.317,-0.293,-34197.0,-115957.0,-48315.0,0.043,0.81,False,True,True,False,False,True,True,True
TREND_DOWN,DOWN_APR,2024-04-13T08:17:00+00:00,TIMEOUT,-0.247,0.032,-0.566,1.47,-0.168,-27040.0,-106021.0,-34197.0,0.164,0.81,False,False,True,False,False,True,False,True
TREND_DOWN,DOWN_APR,2024-04-13T08:44:00+00:00,TIMEOUT,0.074,-0.261,-0.369,1.379,-0.114,-21768.0,-28372.0,-22486.0,0.135,0.566,False,False,True,False,False,True,False,True
TREND_DOWN,DOWN_APR,2024-04-13T08:45:00+00:00,TIMEOUT,0.089,-0.3,-0.451,1.235,-0.158,-20260.0,-29115.0,-21768.0,0.089,0.566,False,True,True,False,False,True,True,True
TREND_DOWN,DOWN_APR,2024-04-13T08:46:00+00:00,TIMEOUT,0.052,-0.385,-0.45,1.266,-0.173,-21538.0,-31151.0,-20260.0,0.072,0.559,False,True,True,False,False,True,True,True
TREND_DOWN,DOWN_APR,2024-04-13T08:47:00+00:00,TIMEOUT,-0.029,-0.276,-0.319,1.256,-0.132,-18891.0,-27780.0,-21538.0,0.112,0.559,False,False,True,False,False,True,False,True
TREND_DOWN,DOWN_APR,2024-04-13T08:48:00+00:00,TIMEOUT,-0.135,-0.303,-0.391,1.159,-0.227,-20222.0,-29647.0,-18891.0,0.015,0.559,False,True,True,False,False,True,True,True
TREND_DOWN,DOWN_APR,2024-04-13T08:49:00+00:00,TIMEOUT,-0.178,-0.362,-0.354,1.287,-0.258,-22685.0,-26035.0,-20222.0,0.0,0.559,False,True,True,False,False,True,True,True
TREND_DOWN,DOWN_APR,2024-04-13T08:50:00+00:00,TIMEOUT,-0.12,-0.319,-0.451,1.305,-0.259,-34524.0,-42695.0,-22685.0,0.0,0.561,False,True,True,False,False,True,True,True
TREND_DOWN,DOWN_APR,2024-04-13T08:51:00+00:00,TIMEOUT,-0.219,-0.425,-0.551,1.222,-0.313,-35455.0,-47741.0,-34524.0,0.0,0.626,False,True,True,False,False,True,True,True
TREND_DOWN,DOWN_APR,2024-04-13T08:52:00+00:00,TIMEOUT,-0.208,-0.352,-0.516,1.143,-0.292,-34700.0,-48163.0,-35455.0,0.018,0.626,False,True,True,False,False,True,True,True
TREND_DOWN,DOWN_APR,2024-04-13T08:53:00+00:00,TIMEOUT,-0.372,-0.443,-0.586,0.916,-0.371,-31946.0,-48610.0,-34700.0,0.0,0.689,False,True,True,False,False,True,True,True
TREND_DOWN,DOWN_APR,2024-04-13T08:54:00+00:00,TIMEOUT,-0.298,-0.351,-0.503,1.021,-0.327,-25713.0,-42476.0,-31946.0,0.04,0.689,False,True,True,False,False,True,True,True
TREND_DOWN,DOWN_APR,2024-04-13T08:55:00+00:00,TIMEOUT,-0.288,-0.386,-0.442,1.031,-0.284,-25031.0,-39800.0,-25713.0,0.08,0.689,False,True,True,False,False,True,True,True
TREND_DOWN,DOWN_APR,2024-04-13T08:56:00+00:00,TIMEOUT,-0.246,-0.38,-0.301,1.087,-0.202,-24878.0,-32916.0,-25031.0,0.158,0.689,False,False,True,False,False,True,False,True
TREND_DOWN,DOWN_APR,2024-04-13T08:57:00+00:00,TIMEOUT,-0.3,-0.325,-0.315,1.126,-0.236,-34282.0,-33727.0,-24878.0,0.123,0.689,False,False,True,False,False,True,False,True
TREND_DOWN,DOWN_APR,2024-04-13T08:58:00+00:00,TIMEOUT,-0.322,-0.363,-0.283,1.105,-0.228,-33692.0,-30088.0,-34282.0,0.129,0.689,False,False,True,False,False,True,False,True
TREND_DOWN,DOWN_APR,2024-04-13T08:59:00+00:00,TIMEOUT,-0.333,-0.402,-0.258,0.985,-0.227,-34135.0,-28967.0,-33692.0,0.127,0.689,False,False,True,False,False,True,False,True
TREND_DOWN,DOWN_APR,2024-04-13T09:00:00+00:00,TIMEOUT,-0.345,-0.414,-0.377,0.923,-0.281,-32145.0,-36286.0,-34135.0,0.073,0.689,False,True,True,False,False,True,True,True
TREND_DOWN,DOWN_APR,2024-04-13T09:13:00+00:00,TIMEOUT,-0.203,-0.132,-0.501,0.939,-0.265,-14874.0,-42288.0,-12814.0,0.069,0.689,False,True,True,False,False,True,True,True
TREND_DOWN,DOWN_APR,2024-04-13T10:04:00+00:00,TIMEOUT,0.028,0.157,-0.207,0.419,0.077,15582.0,-38071.0,13451.0,0.322,0.66,False,False,True,False,False,True,False,False
TREND_DOWN,DOWN_APR,2024-04-13T10:05:00+00:00,TIMEOUT,-0.003,0.253,-0.213,0.456,0.072,15769.0,-38841.0,15582.0,0.316,0.66,False,False,True,False,False,True,False,False
TREND_DOWN,DOWN_APR,2024-04-13T10:06:00+00:00,TIMEOUT,-0.03,0.181,-0.253,0.385,0.05,17634.0,-38432.0,15769.0,0.294,0.66,False,False,True,False,False,True,False,False
TREND_DOWN,DOWN_APR,2024-04-13T10:07:00+00:00,TIMEOUT,0.034,0.166,-0.297,0.388,0.049,17535.0,-45524.0,17634.0,0.291,0.66,False,False,True,False,False,True,False,False
TREND_DOWN,DOWN_APR,2024-04-13T10:27:00+00:00,TIMEOUT,-0.035,0.22,0.122,0.073,0.079,8982.0,-18923.0,10428.0,0.262,0.632,False,False,True,False,False,True,False,False
TREND_DOWN,DOWN_APR,2024-04-13T10:28:00+00:00,TIMEOUT,-0.076,0.204,0.035,0.015,0.052,7132.0,-23403.0,8982.0,0.236,0.632,False,False,True,False,False,True,False,False
TREND_DOWN,DOWN_APR,2024-04-13T10:29:00+00:00,TIMEOUT,-0.075,0.211,-0.024,-0.068,0.038,5375.0,-26121.0,7132.0,0.221,0.632,False,False,True,False,False,True,False,False
TREND_DOWN,DOWN_APR,2024-04-13T10:52:00+00:00,TIMEOUT,-0.037,-0.061,0.027,-0.68,0.128,-9808.0,-18752.0,-5273.0,0.101,0.582,False,False,True,False,False,True,False,True
TREND_DOWN,DOWN_APR,2024-04-13T11:25:00+00:00,TIMEOUT,0.215,0.216,0.315,-0.146,0.179,63284.0,56469.0,64188.0,0.307,1.039,False,False,True,False,False,True,False,False
TREND_DOWN,DOWN_APR,2024-04-13T11:26:00+00:00,TIMEOUT,0.139,0.255,0.288,-0.095,0.189,66610.0,55567.0,63284.0,0.318,1.039,False,False,True,False,False,True,False,False
TREND_DOWN,DOWN_APR,2024-04-13T11:29:00+00:00,TIMEOUT,0.011,0.159,0.074,-0.336,0.025,58099.0,41485.0,64516.0,0.159,1.039,False,False,True,False,False,True,False,False
TREND_DOWN,DOWN_APR,2024-04-13T11:30:00+00:00,TIMEOUT,0.089,0.139,0.206,-0.073,0.114,45699.0,42661.0,58099.0,0.201,1.039,False,False,True,False,False,True,False,False
TREND_DOWN,DOWN_APR,2024-04-13T11:31:00+00:00,TIMEOUT,0.081,0.13,0.184,-0.002,0.121,45751.0,43362.0,45699.0,0.209,1.039,False,False,True,False,False,True,False,False
TREND_DOWN,DOWN_APR,2024-04-13T11:32:00+00:00,TIMEOUT,0.114,0.179,0.27,0.064,0.177,45967.0,42194.0,45751.0,0.266,1.039,False,False,True,False,False,True,False,False
TREND_DOWN,DOWN_APR,2024-04-13T11:33:00+00:00,TIMEOUT,0.133,0.168,0.366,0.201,0.196,45613.0,44631.0,45967.0,0.285,1.039,False,False,True,False,False,True,False,False
TREND_DOWN,DOWN_APR,2024-04-13T11:34:00+00:00,TIMEOUT,0.081,0.195,0.342,0.143,0.174,46262.0,46214.0,45613.0,0.264,1.039,False,False,True,False,False,True,False,False
TREND_DOWN,DOWN_APR,2024-04-13T11:36:00+00:00,TIMEOUT,-0.019,0.2,0.453,0.252,0.23,44786.0,47320.0,46057.0,0.324,1.039,False,False,True,False,False,True,False,False
TREND_DOWN,DOWN_APR,2024-04-13T11:37:00+00:00,TIMEOUT,-0.167,0.165,0.376,0.265,0.228,43580.0,39037.0,44786.0,0.323,1.039,False,False,True,False,False,True,False,False
TREND_DOWN,DOWN_APR,2024-04-13T11:38:00+00:00,TIMEOUT,-0.288,0.144,0.305,0.119,0.17,39842.0,37893.0,43580.0,0.266,1.039,False,False,True,False,False,True,False,False
TREND_DOWN,DOWN_APR,2024-04-13T11:39:00+00:00,TIMEOUT,-0.387,0.223,0.249,0.097,0.127,45884.0,36236.0,39842.0,0.223,1.039,False,False,True,False,False,True,False,False
TREND_DOWN,DOWN_APR,2024-04-13T11:46:00+00:00,TIMEOUT,-0.383,-0.086,0.228,-0.222,-0.073,16157.0,15919.0,34419.0,0.0,1.039,False,True,True,False,False,True,False,False
TREND_DOWN,DOWN_APR,2024-04-13T11:47:00+00:00,TIMEOUT,-0.511,-0.133,0.132,-0.187,-0.129,12624.0,7651.0,16157.0,0.0,1.039,False,True,True,False,False,True,False,False
TREND_DOWN,DOWN_APR,2024-04-13T11:48:00+00:00,TIMEOUT,-0.528,-0.181,0.206,-0.185,-0.15,11971.0,11022.0,12624.0,0.0,1.039,False,True,True,False,False,True,False,False
TREND_DOWN,DOWN_APR,2024-04-13T11:49:00+00:00,TIMEOUT,-0.475,-0.105,0.319,-0.036,-0.071,12330.0,16540.0,11971.0,0.08,1.039,False,True,True,False,False,True,False,False
TREND_DOWN,DOWN_APR,2024-04-13T11:50:00+00:00,WIN,-0.354,-0.075,0.332,-0.121,-0.073,14944.0,29510.0,12330.0,0.085,1.039,False,True,True,False,False,True,False,False
TREND_DOWN,DOWN_APR,2024-04-13T11:51:00+00:00,WIN,-0.507,-0.066,0.34,-0.213,-0.145,13925.0,28535.0,14944.0,0.029,1.039,False,True,True,False,False,True,False,False
TREND_DOWN,DOWN_APR,2024-04-13T11:52:00+00:00,WIN,-0.462,-0.002,0.378,-0.139,-0.09,13429.0,29377.0,13925.0,0.085,1.039,False,True,True,False,False,True,False,False
TREND_DOWN,DOWN_APR,2024-04-13T11:53:00+00:00,WIN,-0.402,-0.067,0.403,-0.186,-0.148,10931.0,27668.0,13429.0,0.029,1.039,False,True,True,False,False,True,False,False
TREND_DOWN,DOWN_APR,2024-04-13T11:54:00+00:00,WIN,-0.393,-0.102,0.321,-0.184,-0.194,10197.0,25874.0,10931.0,0.0,0.998,False,True,True,False,False,True,False,False
TREND_DOWN,DOWN_APR,2024-04-13T11:55:00+00:00,WIN,-0.243,-0.029,0.359,-0.084,-0.12,11414.0,25423.0,10197.0,0.078,0.969,False,True,True,False,False,True,False,False
TREND_DOWN,DOWN_APR,2024-04-13T11:56:00+00:00,WIN,-0.276,-0.137,0.259,-0.043,-0.144,8209.0,22998.0,11414.0,0.056,0.969,False,True,True,False,False,True,False,False
TREND_DOWN,DOWN_APR,2024-04-13T11:57:00+00:00,WIN,-0.276,-0.165,0.256,-0.06,-0.185,6977.0,24946.0,8209.0,0.018,0.969,False,True,True,False,False,True,False,False
TREND_DOWN,DOWN_APR,2024-04-13T11:58:00+00:00,WIN,-0.196,-0.109,0.315,0.031,-0.122,9444.0,27398.0,6977.0,0.083,0.969,False,True,True,False,False,True,False,False
TREND_DOWN,DOWN_APR,2024-04-13T11:59:00+00:00,WIN,-0.108,-0.097,0.299,0.04,-0.139,5095.0,27231.0,9444.0,0.065,0.969,False,True,True,False,False,True,False,False
TREND_DOWN,DOWN_APR,2024-04-13T12:07:00+00:00,WIN,-0.501,-0.668,0.048,-0.327,-0.34,-42106.0,24285.0,-3686.0,0.0,0.969,False,True,True,False,False,True,False,True
TREND_DOWN,DOWN_APR,2024-04-13T12:08:00+00:00,WIN,-0.406,-0.693,0.038,-0.287,-0.297,-55222.0,16037.0,-42106.0,0.039,0.969,False,True,True,False,False,True,False,True
TREND_DOWN,DOWN_APR,2024-04-13T12:09:00+00:00,WIN,-0.412,-0.798,0.017,-0.27,-0.345,-66485.0,18912.0,-55222.0,0.0,0.969,False,True,True,False,False,True,False,True
TREND_DOWN,DOWN_APR,2024-04-13T12:10:00+00:00,WIN,-0.453,-0.803,-0.0,-0.415,-0.396,-74724.0,13725.0,-66485.0,0.0,0.969,False,True,True,False,False,False,False,True
TREND_DOWN,DOWN_APR,2024-04-13T12:11:00+00:00,WIN,-0.386,-0.641,0.058,-0.366,-0.36,-68019.0,16253.0,-74724.0,0.033,0.969,False,True,True,False,False,True,False,True
TREND_DOWN,DOWN_APR,2024-04-13T12:12:00+00:00,WIN,-0.443,-0.525,0.01,-0.414,-0.417,-62189.0,13206.0,-68019.0,0.0,0.969,False,True,True,False,False,True,False,True
TREND_DOWN,DOWN_APR,2024-04-13T12:13:00+00:00,WIN,-0.417,-0.526,0.135,-0.367,-0.368,-61931.0,16789.0,-62189.0,0.048,0.969,False,True,True,False,False,True,False,True
TREND_DOWN,DOWN_APR,2024-04-13T12:14:00+00:00,WIN,-0.414,-0.5,0.134,-0.232,-0.353,-66791.0,11999.0,-61931.0,0.064,0.952,False,True,True,False,False,True,False,True
TREND_DOWN,DOWN_APR,2024-04-13T12:15:00+00:00,WIN,-0.267,-0.521,0.096,-0.142,-0.287,-65180.0,11713.0,-66791.0,0.121,0.883,False,False,True,False,False,True,False,True
TREND_DOWN,DOWN_APR,2024-04-13T12:16:00+00:00,WIN,-0.181,-0.563,0.081,-0.101,-0.295,-65079.0,16008.0,-65180.0,0.116,0.883,False,False,True,False,False,True,False,True
TREND_DOWN,DOWN_APR,2024-04-13T12:17:00+00:00,WIN,-0.103,-0.613,0.105,-0.038,-0.274,-65610.0,16270.0,-65079.0,0.137,0.883,False,False,True,False,False,True,False,True
TREND_DOWN,DOWN_APR,2024-04-13T12:18:00+00:00,WIN,-0.171,-0.698,-0.033,-0.176,-0.365,-69412.0,13728.0,-65610.0,0.046,0.883,False,True,True,False,False,False,False,True
TREND_DOWN,DOWN_APR,2024-04-13T12:19:00+00:00,WIN,-0.171,-0.644,0.026,-0.008,-0.285,-68482.0,13979.0,-69412.0,0.126,0.883,False,False,True,False,False,True,False,True
TREND_DOWN,DOWN_APR,2024-04-13T12:20:00+00:00,WIN,-0.128,-0.481,0.073,0.01,-0.236,-64569.0,13244.0,-68482.0,0.175,0.883,False,False,True,False,False,True,False,True
TREND_DOWN,DOWN_APR,2024-04-13T12:21:00+00:00,WIN,-0.056,-0.562,0.19,-0.014,-0.222,-65333.0,16306.0,-64569.0,0.19,0.883,False,False,True,False,False,True,False,True
TREND_DOWN,DOWN_APR,2024-04-13T13:31:00+00:00,WIN,0.091,0.425,0.323,0.449,0.142,29497.0,26465.0,29941.0,0.428,0.881,False,False,True,False,False,True,False,False
TREND_DOWN,DOWN_APR,2024-04-13T13:32:00+00:00,WIN,0.112,0.385,0.302,0.452,0.127,29725.0,26979.0,29497.0,0.414,0.881,False,False,True,False,False,True,False,False
TREND_DOWN,DOWN_APR,2024-04-13T13:33:00+00:00,WIN,-0.172,0.183,0.04,0.161,-0.104,-2717.0,-1817.0,29725.0,0.183,0.881,False,False,True,False,False,True,False,False
TREND_DOWN,DOWN_APR,2024-04-13T13:34:00+00:00,WIN,-0.107,0.226,0.176,0.166,-0.013,-1345.0,1281.0,-2717.0,0.226,0.881,False,False,True,False,False,True,False,True
TREND_DOWN,DOWN_APR,2024-04-13T13:35:00+00:00,WIN,-0.117,-0.103,0.092,0.09,-0.049,-31247.0,-345.0,-1345.0,0.08,0.881,False,True,True,False,False,True,False,True
TREND_DOWN,DOWN_APR,2024-04-13T13:36:00+00:00,WIN,-0.175,-0.064,0.112,0.028,-0.022,-23606.0,2430.0,-31247.0,0.107,0.881,False,False,True,False,False,True,False,True
TREND_DOWN,DOWN_APR,2024-04-13T13:37:00+00:00,WIN,-0.126,0.066,0.159,0.149,0.059,-22543.0,918.0,-23606.0,0.188,0.881,False,False,True,False,False,True,False,True
TREND_DOWN,DOWN_APR,2024-04-13T13:38:00+00:00,WIN,-0.152,0.069,0.168,0.127,0.031,-16119.0,-1308.0,-22543.0,0.161,0.881,False,False,True,False,False,True,False,True
TREND_DOWN,DOWN_APR,2024-04-13T13:39:00+00:00,WIN,-0.161,0.146,0.317,0.23,0.058,-8382.0,8827.0,-16119.0,0.189,0.881,False,False,True,False,False,True,False,True
TREND_DOWN,DOWN_APR,2024-04-13T13:40:00+00:00,WIN,-0.227,0.137,0.261,0.177,0.054,-7764.0,8603.0,-8382.0,0.188,0.881,False,False,True,False,False,True,False,True
TREND_DOWN,DOWN_APR,2024-04-13T13:42:00+00:00,WIN,-0.214,0.055,0.235,0.08,0.001,-8502.0,8956.0,-7763.0,0.135,0.881,False,False,True,False,False,True,False,True
TREND_DOWN,DOWN_APR,2024-04-13T13:43:00+00:00,WIN,-0.157,0.107,0.267,0.158,0.017,-8546.0,8257.0,-8502.0,0.151,0.881,False,False,True,False,False,True,False,True
TREND_DOWN,DOWN_APR,2024-04-13T13:44:00+00:00,WIN,-0.201,0.092,0.193,0.094,-0.043,-5787.0,7759.0,-8546.0,0.092,0.881,False,False,True,False,False,True,False,True
TREND_DOWN,DOWN_APR,2024-04-13T13:45:00+00:00,WIN,-0.25,0.026,0.19,0.115,-0.028,-7721.0,7068.0,-5787.0,0.078,0.881,False,False,True,False,False,True,False,True
TREND_DOWN,DOWN_APR,2024-04-13T13:46:00+00:00,WIN,-0.263,0.07,0.152,0.08,0.005,-6224.0,1945.0,-7721.0,0.111,0.881,False,False,True,False,False,True,False,True
TREND_DOWN,DOWN_APR,2024-04-13T13:47:00+00:00,WIN,-0.306,0.047,0.163,0.153,0.007,-6312.0,5092.0,-6224.0,0.113,0.881,False,False,True,False,False,True,False,True
TREND_DOWN,DOWN_APR,2024-04-13T14:04:00+00:00,WIN,-0.032,-0.139,0.03,0.305,-0.06,-12002.0,-9914.0,-10664.0,0.055,0.881,False,True,True,False,False,True,False,True
TREND_DOWN,DOWN_APR,2024-04-13T14:34:00+00:00,WIN,0.122,0.09,0.071,0.413,0.102,-4129.0,-49110.0,-689.0,0.126,0.873,False,False,True,False,False,True,False,True
TREND_DOWN,DOWN_APR,2024-04-13T14:35:00+00:00,WIN,-0.068,0.003,-0.101,0.349,-0.022,-8802.0,-55204.0,-4129.0,0.003,0.873,False,False,True,False,False,True,False,True
TREND_DOWN,DOWN_APR,2024-04-13T14:36:00+00:00,WIN,-0.209,-0.1,-0.188,0.264,-0.097,-18505.0,-60861.0,-8802.0,0.0,0.873,False,True,True,False,False,True,True,True
TREND_DOWN,DOWN_APR,2024-04-13T14:37:00+00:00,WIN,-0.23,-0.135,-0.14,0.235,-0.049,-12859.0,-55521.0,-18505.0,0.046,0.873,False,True,True,False,False,True,True,True
TREND_DOWN,DOWN_APR,2024-04-13T14:38:00+00:00,WIN,-0.231,-0.12,-0.096,0.208,-0.06,-14311.0,-55461.0,-12859.0,0.034,0.873,False,True,True,False,False,True,True,True
TREND_DOWN,DOWN_APR,2024-04-13T14:39:00+00:00,WIN,-0.3,-0.249,-0.156,0.093,-0.162,-20097.0,-57154.0,-14311.0,0.0,0.873,False,True,True,False,False,True,True,True
TREND_DOWN,DOWN_APR,2024-04-13T14:40:00+00:00,WIN,-0.279,-0.211,-0.108,0.195,-0.121,-24554.0,-60648.0,-20097.0,0.038,0.873,False,True,True,False,False,True,True,True
TREND_DOWN,DOWN_APR,2024-04-13T14:41:00+00:00,WIN,-0.144,-0.059,0.055,0.281,0.01,-20646.0,-54507.0,-24554.0,0.167,0.873,False,False,True,False,False,True,False,True
TREND_DOWN,DOWN_APR,2024-04-13T14:42:00+00:00,WIN,-0.26,-0.117,-0.032,0.184,-0.078,-23963.0,-58780.0,-20646.0,0.079,0.873,False,True,True,False,False,True,True,True
TREND_DOWN,DOWN_APR,2024-04-13T14:43:00+00:00,WIN,-0.234,-0.095,-0.016,0.334,-0.041,-22990.0,-59761.0,-23963.0,0.117,0.873,False,False,True,False,False,True,False,True
TREND_DOWN,DOWN_APR,2024-04-13T14:44:00+00:00,WIN,-0.228,-0.023,-0.016,0.333,-0.028,-22474.0,-59833.0,-22990.0,0.13,0.873,False,False,True,False,False,True,False,True
TREND_DOWN,DOWN_APR,2024-04-13T14:45:00+00:00,WIN,-0.292,-0.117,-0.004,0.299,-0.106,-24078.0,-51429.0,-22474.0,0.051,0.873,False,True,True,False,False,True,True,True
TREND_DOWN,DOWN_APR,2024-04-13T14:46:00+00:00,WIN,-0.123,-0.023,0.214,0.443,0.019,-21048.0,-35260.0,-24078.0,0.178,0.873,False,False,True,False,False,True,False,True
TREND_DOWN,DOWN_APR,2024-04-13T14:53:00+00:00,WIN,-0.409,-0.249,0.095,0.498,-0.164,-31964.0,-36589.0,-28085.0,0.007,0.873,False,True,True,False,False,True,False,True
TREND_DOWN,DOWN_APR,2024-04-13T15:11:00+00:00,WIN,-0.129,-0.273,0.313,0.372,-0.162,-25362.0,-25822.0,-21144.0,0.038,0.873,False,True,True,False,False,True,False,True
TREND_DOWN,DOWN_APR,2024-04-13T15:12:00+00:00,WIN,0.022,-0.238,0.435,0.445,-0.101,-25979.0,-23681.0,-25362.0,0.101,0.873,False,False,True,False,False,True,False,True
TREND_DOWN,DOWN_APR,2024-04-13T15:14:00+00:00,WIN,-0.053,-0.281,0.346,0.48,-0.13,-26768.0,-21121.0,-24466.0,0.076,0.826,False,True,True,False,False,True,False,True
TREND_DOWN,DOWN_APR,2024-04-13T15:48:00+00:00,WIN,0.194,0.256,0.337,0.408,0.127,41505.0,12438.0,43284.0,0.462,0.727,False,False,True,False,False,True,False,False
TREND_DOWN,DOWN_APR,2024-04-13T15:49:00+00:00,WIN,0.142,0.247,0.227,0.363,0.085,41429.0,10173.0,41505.0,0.422,0.727,False,False,True,False,False,True,False,False
TREND_DOWN,DOWN_APR,2024-04-13T15:50:00+00:00,WIN,-0.056,0.196,0.229,0.321,0.016,38858.0,7941.0,41429.0,0.354,0.727,False,False,True,False,False,True,False,False
TREND_DOWN,DOWN_APR,2024-04-13T15:51:00+00:00,WIN,0.049,0.258,0.215,0.433,0.078,42551.0,10602.0,38858.0,0.417,0.727,False,False,True,False,False,True,False,False
TREND_DOWN,DOWN_APR,2024-04-13T15:52:00+00:00,WIN,0.046,0.338,0.227,0.415,0.099,43409.0,8944.0,42551.0,0.44,0.727,False,False,True,False,False,True,False,False
TREND_DOWN,DOWN_APR,2024-04-13T15:53:00+00:00,WIN,-0.0,0.41,0.177,0.447,0.069,48550.0,7657.0,43409.0,0.41,0.727,False,False,True,False,False,True,False,False
TREND_DOWN,DOWN_APR,2024-04-13T15:54:00+00:00,WIN,0.018,0.35,0.163,0.469,0.057,48213.0,7757.0,48550.0,0.367,0.727,False,False,True,False,False,True,False,False
TREND_DOWN,DOWN_APR,2024-04-13T15:55:00+00:00,WIN,-0.01,0.334,0.132,0.466,0.076,50108.0,7597.0,48213.0,0.386,0.727,False,False,True,False,False,True,False,False
TREND_DOWN,DOWN_APR,2024-04-13T15:57:00+00:00,WIN,-0.038,0.252,0.241,0.503,0.115,47203.0,13684.0,50354.0,0.426,0.727,False,False,True,False,False,True,False,False
TREND_DOWN,DOWN_APR,2024-04-13T15:58:00+00:00,WIN,-0.03,0.267,0.267,0.458,0.084,44885.0,14211.0,47203.0,0.397,0.727,False,False,True,False,False,True,False,False
TREND_DOWN,DOWN_APR,2024-04-13T15:59:00+00:00,WIN,-0.333,0.174,0.239,0.431,0.041,41868.0,12978.0,44885.0,0.353,0.727,False,False,True,False,False,True,False,False
TREND_DOWN,DOWN_APR,2024-04-13T16:00:00+00:00,WIN,-0.3,0.184,0.146,0.45,0.041,41067.0,6885.0,41868.0,0.354,0.727,False,False,True,False,False,True,False,False
TREND_DOWN,DOWN_APR,2024-04-13T16:01:00+00:00,WIN,-0.131,0.2,0.196,0.42,0.087,42367.0,7717.0,41067.0,0.401,0.727,False,False,True,False,False,True,False,False
TREND_DOWN,DOWN_APR,2024-04-13T16:06:00+00:00,WIN,-0.344,-0.045,-0.092,0.379,-0.1,28558.0,-12427.0,33443.0,0.213,0.727,False,False,True,False,False,True,False,False
TREND_DOWN,DOWN_APR,2024-04-13T16:07:00+00:00,WIN,-0.388,-0.071,-0.146,0.359,-0.121,22376.0,-14806.0,28558.0,0.19,0.727,False,False,True,False,False,True,False,False
TREND_DOWN,DOWN_APR,2024-04-13T16:08:00+00:00,WIN,-0.398,-0.059,-0.138,0.333,-0.113,20521.0,-18959.0,22376.0,0.198,0.727,False,False,True,False,False,True,False,False
TREND_DOWN,DOWN_APR,2024-04-13T16:09:00+00:00,WIN,-0.391,-0.007,-0.174,0.315,-0.112,11982.0,-31808.0,20521.0,0.199,0.727,False,False,True,False,False,True,False,False
TREND_DOWN,DOWN_APR,2024-04-13T16:10:00+00:00,WIN,-0.26,0.164,-0.184,0.323,-0.055,19718.0,-41593.0,11982.0,0.254,0.727,False,False,True,False,False,True,False,False
TREND_DOWN,DOWN_APR,2024-04-13T16:11:00+00:00,WIN,-0.203,0.279,-0.077,0.287,-0.027,23675.0,-38470.0,19718.0,0.279,0.727,False,False,True,False,False,True,False,False
TREND_DOWN,DOWN_APR,2024-04-13T16:12:00+00:00,WIN,-0.421,0.061,-0.249,0.114,-0.182,15691.0,-47069.0,23675.0,0.085,0.727,False,False,True,False,False,True,False,False
TREND_DOWN,DOWN_APR,2024-04-13T16:13:00+00:00,WIN,-0.462,0.039,-0.21,0.143,-0.182,11719.0,-46270.0,15691.0,0.082,0.727,False,False,True,False,False,True,False,False
TREND_DOWN,DOWN_APR,2024-04-13T16:14:00+00:00,WIN,-0.476,0.054,-0.224,0.106,-0.206,12304.0,-46942.0,11719.0,0.054,0.727,False,False,True,False,False,True,False,False
TREND_DOWN,DOWN_APR,2024-04-13T16:15:00+00:00,WIN,-0.546,-0.094,-0.346,0.094,-0.263,11704.0,-48934.0,12304.0,0.0,0.727,False,True,True,False,False,True,True,False
TREND_DOWN,DOWN_APR,2024-04-13T16:16:00+00:00,WIN,-0.399,0.013,-0.261,0.179,-0.131,15345.0,-45309.0,11704.0,0.131,0.727,False,False,True,False,False,True,False,False
TREND_DOWN,DOWN_APR,2024-04-13T16:17:00+00:00,WIN,-0.307,-0.046,-0.289,0.156,-0.112,7467.0,-45241.0,15345.0,0.148,0.727,False,False,True,False,False,True,False,False
TREND_DOWN,DOWN_APR,2024-04-13T16:18:00+00:00,WIN,-0.218,-0.024,-0.249,0.201,-0.081,9339.0,-43947.0,7467.0,0.178,0.727,False,False,True,False,False,True,False,False
TREND_DOWN,DOWN_APR,2024-04-13T16:19:00+00:00,WIN,-0.196,-0.054,-0.287,0.183,-0.098,8964.0,-44649.0,9339.0,0.16,0.727,False,False,True,False,False,True,False,False
TREND_DOWN,DOWN_APR,2024-04-13T16:21:00+00:00,WIN,-0.34,-0.291,-0.452,0.038,-0.244,1240.0,-42435.0,118.0,0.011,0.727,False,True,True,False,False,True,True,False
TREND_DOWN,DOWN_APR,2024-04-13T16:22:00+00:00,WIN,-0.449,-0.404,-0.529,-0.012,-0.329,-2413.0,-45687.0,1240.0,0.0,0.731,False,True,True,False,False,False,True,False
TREND_DOWN,DOWN_APR,2024-04-13T16:23:00+00:00,WIN,-0.415,-0.415,-0.502,-0.004,-0.32,-8959.0,-44607.0,-2413.0,0.005,0.731,False,True,True,False,False,False,True,True
TREND_DOWN,DOWN_APR,2024-04-13T16:24:00+00:00,WIN,-0.526,-0.508,-0.531,-0.135,-0.438,-21335.0,-47905.0,-8959.0,0.0,0.851,False,True,True,False,False,False,True,True
TREND_DOWN,DOWN_APR,2024-04-13T16:25:00+00:00,WIN,-0.459,-0.469,-0.416,-0.013,-0.329,-13170.0,-34769.0,-21335.0,0.086,0.851,False,True,True,False,False,False,True,True
TREND_DOWN,DOWN_APR,2024-04-13T16:26:00+00:00,WIN,-0.442,-0.472,-0.333,0.042,-0.296,-10353.0,-31619.0,-13170.0,0.113,0.851,False,False,True,False,False,True,False,True
TREND_DOWN,DOWN_APR,2024-04-13T16:27:00+00:00,WIN,-0.526,-0.563,-0.374,0.01,-0.347,-16000.0,-38463.0,-10353.0,0.059,0.851,False,True,True,False,False,True,True,True
TREND_DOWN,DOWN_APR,2024-04-13T16:28:00+00:00,WIN,-0.409,-0.439,-0.293,0.123,-0.256,-19426.0,-40907.0,-16000.0,0.147,0.851,False,False,True,False,False,True,False,True
TREND_DOWN,DOWN_APR,2024-04-13T16:29:00+00:00,WIN,-0.388,-0.72,-0.405,0.116,-0.276,-56510.0,-48246.0,-19426.0,0.125,0.851,False,False,True,False,False,True,False,True
TREND_DOWN,DOWN_APR,2024-04-13T16:49:00+00:00,WIN,-0.168,-0.363,-0.172,-0.004,-0.21,-34574.0,-16984.0,-34613.0,0.187,0.851,False,False,True,False,False,False,False,True
TREND_DOWN,DOWN_APR,2024-04-13T16:52:00+00:00,WIN,0.018,-0.431,-0.271,0.043,-0.26,-34982.0,-19658.0,-34059.0,0.136,0.851,False,False,True,False,False,True,False,True
TREND_DOWN,DOWN_APR,2024-04-13T16:54:00+00:00,WIN,0.214,-0.313,-0.102,0.118,-0.18,-36424.0,-15766.0,-36129.0,0.214,0.851,False,False,True,False,False,True,False,True
TREND_DOWN,DOWN_APR,2024-04-13T16:55:00+00:00,WIN,-0.013,-0.472,-0.295,-0.027,-0.32,-38455.0,-16818.0,-36424.0,0.073,0.851,False,True,True,False,False,False,True,True
TREND_DOWN,DOWN_APR,2024-04-13T16:56:00+00:00,WIN,-0.042,-0.485,-0.297,-0.116,-0.321,-39690.0,-16288.0,-38455.0,0.071,0.851,False,True,True,False,False,False,True,True
TREND_DOWN,DOWN_APR,2024-04-13T16:57:00+00:00,WIN,0.02,-0.506,-0.289,-0.097,-0.311,-38525.0,-16100.0,-39690.0,0.079,0.851,False,True,True,False,False,False,True,True
TREND_DOWN,DOWN_APR,2024-04-13T16:58:00+00:00,WIN,0.002,-0.408,-0.176,-0.037,-0.24,-39677.0,-16438.0,-38525.0,0.148,0.851,False,False,True,False,False,False,False,True
TREND_DOWN,DOWN_APR,2024-04-13T16:59:00+00:00,WIN,0.032,-0.356,-0.173,0.0,-0.231,-36318.0,-15547.0,-39677.0,0.157,0.851,False,False,True,False,False,True,False,True
TREND_DOWN,DOWN_APR,2024-04-13T17:00:00+00:00,WIN,-0.199,-0.468,-0.349,-0.122,-0.342,-36198.0,-16513.0,-36318.0,0.045,0.851,False,True,True,False,False,False,True,True
TREND_DOWN,DOWN_APR,2024-04-13T17:01:00+00:00,WIN,-0.413,-0.669,-0.576,-0.293,-0.496,-53886.0,-35178.0,-36198.0,0.0,0.962,False,True,True,False,False,False,True,True
TREND_DOWN,DOWN_APR,2024-04-13T17:02:00+00:00,WIN,-0.302,-0.65,-0.532,-0.272,-0.426,-54624.0,-36555.0,-53886.0,0.044,0.962,False,True,True,False,False,False,True,True
TREND_DOWN,DOWN_APR,2024-04-13T17:03:00+00:00,WIN,-0.292,-0.61,-0.278,-0.214,-0.36,-57485.0,-33462.0,-54624.0,0.104,0.962,False,False,True,False,False,False,False,True
TREND_DOWN,DOWN_APR,2024-04-13T17:04:00+00:00,WIN,-0.403,-0.611,-0.383,-0.353,-0.467,-56653.0,-32704.0,-57485.0,0.0,0.967,False,True,True,False,False,False,True,True
TREND_DOWN,DOWN_APR,2024-04-13T17:05:00+00:00,WIN,-0.426,-0.54,-0.53,-0.488,-0.544,-49953.0,-38928.0,-56653.0,0.0,1.049,False,True,True,False,False,False,True,True
TREND_DOWN,DOWN_APR,2024-04-13T17:06:00+00:00,WIN,-0.418,-0.527,-0.554,-0.552,-0.494,-44487.0,-38985.0,-49953.0,0.042,1.049,False,True,True,False,False,False,True,True
TREND_DOWN,DOWN_APR,2024-04-13T17:07:00+00:00,WIN,-0.501,-0.546,-0.662,-0.739,-0.526,-43703.0,-39149.0,-44487.0,0.0,1.05,False,True,True,False,False,False,True,True
TREND_DOWN,DOWN_APR,2024-04-13T17:08:00+00:00,WIN,-0.461,-0.516,-0.613,-0.765,-0.485,-41777.0,-37951.0,-43703.0,0.038,1.05,False,True,True,False,False,False,True,True
TREND_DOWN,DOWN_APR,2024-04-13T17:09:00+00:00,WIN,-0.54,-0.575,-0.637,-0.88,-0.54,-34828.0,-38248.0,-41777.0,0.0,1.07,False,True,True,False,False,False,True,True
TREND_DOWN,DOWN_APR,2024-04-13T17:10:00+00:00,WIN,-0.659,-0.702,-0.727,-0.907,-0.61,-38951.0,-40377.0,-34828.0,0.0,1.144,False,True,True,False,False,False,True,True
TREND_DOWN,DOWN_APR,2024-04-13T17:11:00+00:00,WIN,-0.463,-0.593,-0.588,-0.644,-0.469,-51185.0,-52872.0,-38951.0,0.135,1.144,False,False,True,False,False,False,False,True
TREND_DOWN,DOWN_APR,2024-04-13T17:12:00+00:00,WIN,-0.46,-0.459,-0.636,-0.491,-0.472,-42468.0,-52756.0,-51185.0,0.114,1.144,False,False,True,False,False,False,False,True
TREND_DOWN,DOWN_APR,2024-04-13T17:13:00+00:00,WIN,-0.592,-0.493,-0.685,-0.576,-0.506,-40753.0,-53500.0,-42468.0,0.077,1.144,False,True,True,False,False,False,True,True
TREND_DOWN,DOWN_APR,2024-04-13T17:14:00+00:00,WIN,-0.722,-0.656,-0.881,-0.757,-0.694,-44289.0,-58753.0,-40753.0,0.0,1.261,False,True,True,False,False,False,True,True
TREND_DOWN,DOWN_APR,2024-04-13T17:15:00+00:00,WIN,-0.578,-0.618,-0.888,-0.854,-0.706,-45624.0,-61063.0,-44289.0,0.0,1.281,False,True,True,False,False,False,True,True
TREND_DOWN,DOWN_APR,2024-04-13T17:16:00+00:00,WIN,-0.831,-0.937,-1.033,-1.08,-0.88,-66324.0,-77942.0,-45624.0,0.0,1.474,False,True,True,False,False,False,True,True
TREND_DOWN,DOWN_APR,2024-04-13T17:17:00+00:00,WIN,-0.906,-1.014,-1.138,-1.21,-0.863,-73131.0,-85775.0,-66324.0,0.0,1.536,False,True,True,False,False,False,True,True
TREND_DOWN,DOWN_APR,2024-04-13T17:18:00+00:00,WIN,-0.891,-0.979,-1.054,-1.14,-0.774,-71182.0,-82401.0,-73131.0,0.066,1.536,False,True,True,False,False,False,True,True
TREND_DOWN,DOWN_APR,2024-04-13T17:19:00+00:00,WIN,-0.779,-0.945,-1.033,-1.15,-0.748,-71709.0,-82719.0,-71182.0,0.082,1.536,False,True,True,False,False,False,True,True
TREND_DOWN,DOWN_APR,2024-04-13T17:20:00+00:00,WIN,-0.768,-0.865,-0.97,-0.966,-0.67,-68526.0,-80190.0,-71709.0,0.152,1.536,False,False,True,False,False,False,False,True
TREND_DOWN,DOWN_APR,2024-04-13T17:21:00+00:00,WIN,-0.724,-0.716,-0.99,-1.05,-0.653,-65418.0,-79321.0,-68526.0,0.164,1.536,False,False,True,False,False,False,False,True
TREND_DOWN,DOWN_APR,2024-04-13T17:22:00+00:00,WIN,-0.798,-0.781,-1.184,-1.212,-0.799,-61293.0,-83011.0,-65418.0,0.012,1.536,False,True,True,False,False,False,True,True
TREND_DOWN,DOWN_APR,2024-04-13T17:23:00+00:00,WIN,-0.804,-0.699,-1.111,-1.011,-0.706,-60682.0,-85850.0,-61293.0,0.099,1.536,False,True,True,False,False,False,True,True
TREND_DOWN,DOWN_APR,2024-04-13T17:24:00+00:00,WIN,-0.871,-0.659,-1.125,-1.043,-0.782,-73385.0,-104231.0,-60682.0,0.015,1.536,False,True,True,False,False,False,True,True
TREND_DOWN,DOWN_APR,2024-04-13T17:25:00+00:00,WIN,-0.837,-0.849,-1.296,-1.076,-0.871,-83711.0,-106232.0,-73385.0,0.0,1.627,False,True,True,False,False,False,True,True
TREND_DOWN,DOWN_APR,2024-04-13T17:26:00+00:00,WIN,-0.741,-0.783,-1.221,-0.994,-0.769,-92352.0,-108629.0,-83711.0,0.094,1.627,False,True,True,False,False,False,True,True
TREND_DOWN,DOWN_APR,2024-04-13T17:27:00+00:00,WIN,-0.871,-0.851,-1.355,-1.077,-0.876,-95193.0,-117973.0,-92352.0,0.0,1.656,False,True,True,False,False,False,True,True
TREND_DOWN,DOWN_APR,2024-04-13T17:28:00+00:00,WIN,-1.05,-1.048,-1.417,-1.173,-0.976,-122618.0,-144613.0,-95193.0,0.0,1.77,False,True,True,False,False,False,True,True
TREND_DOWN,DOWN_APR,2024-04-13T17:29:00+00:00,WIN,-0.958,-0.926,-1.338,-0.968,-0.843,-123887.0,-145175.0,-122618.0,0.102,1.77,False,False,True,False,False,False,False,True
TREND_DOWN,DOWN_APR,2024-04-13T17:30:00+00:00,WIN,-0.675,-0.873,-1.119,-0.885,-0.658,-128512.0,-143086.0,-123887.0,0.276,1.77,False,False,True,False,False,False,False,True
TREND_DOWN,DOWN_APR,2024-04-13T17:36:00+00:00,WIN,-0.702,-1.117,-1.045,-1.231,-0.851,-134125.0,-129603.0,-129319.0,0.048,1.77,False,True,True,False,False,False,True,True
TREND_DOWN,DOWN_APR,2024-04-13T17:37:00+00:00,WIN,-0.695,-1.192,-1.124,-1.263,-0.873,-134513.0,-134200.0,-134125.0,0.014,1.77,False,True,True,False,False,False,True,True
TREND_DOWN,DOWN_APR,2024-04-13T17:38:00+00:00,WIN,-0.841,-1.298,-1.221,-1.316,-0.968,-131358.0,-129602.0,-134513.0,0.0,1.868,False,True,True,False,False,False,True,True
TREND_DOWN,DOWN_APR,2024-04-13T17:39:00+00:00,WIN,-0.73,-1.266,-1.066,-1.221,-0.899,-127706.0,-123542.0,-131358.0,0.054,1.868,False,True,True,False,False,False,True,True
TREND_DOWN,DOWN_APR,2024-04-13T17:40:00+00:00,WIN,-0.748,-1.403,-1.194,-1.301,-0.961,-128428.0,-118102.0,-127706.0,0.0,1.906,False,True,True,False,False,False,True,True
TREND_DOWN,DOWN_APR,2024-04-13T17:41:00+00:00,WIN,-0.649,-1.109,-1.09,-1.035,-0.706,-124099.0,-118724.0,-128428.0,0.235,1.906,False,False,True,False,False,False,False,True
TREND_DOWN,DOWN_APR,2024-04-13T18:10:00+00:00,WIN,-0.151,-0.899,-1.433,-1.003,-0.933,-73284.0,-92517.0,-82732.0,0.033,2.095,False,True,True,False,False,False,True,True
TREND_DOWN,DOWN_APR,2024-04-13T18:32:00+00:00,WIN,0.168,-0.292,-1.522,-0.868,-0.411,45844.0,-123301.0,46118.0,0.414,2.003,False,False,True,False,False,True,False,False
TREND_DOWN,DOWN_APR,2024-04-13T18:33:00+00:00,WIN,0.111,-0.357,-1.568,-0.89,-0.458,47577.0,-124097.0,45844.0,0.362,2.003,False,False,True,False,False,True,False,False
TREND_DOWN,DOWN_APR,2024-04-13T18:36:00+00:00,WIN,0.179,0.072,-1.495,-1.136,-0.37,51467.0,-120083.0,48852.0,0.439,2.003,False,False,True,False,False,True,False,False
TREND_DOWN,DOWN_APR,2024-04-13T18:37:00+00:00,WIN,0.362,0.167,-1.456,-1.027,-0.306,49747.0,-122487.0,51467.0,0.5,2.003,False,False,True,False,False,True,False,False
TREND_DOWN,DOWN_APR,2024-04-13T18:38:00+00:00,WIN,0.396,0.258,-1.493,-1.017,-0.323,46031.0,-133252.0,49747.0,0.48,2.003,False,False,True,False,False,True,False,False
TREND_DOWN,DOWN_APR,2024-04-13T19:11:00+00:00,WIN,0.16,0.688,-0.791,-0.867,0.154,21363.0,-79707.0,31840.0,0.688,1.679,False,False,False,False,False,True,False,False
TREND_DOWN,DOWN_APR,2024-04-13T19:12:00+00:00,WIN,0.146,0.599,-0.642,-0.889,0.15,18233.0,-71463.0,21363.0,0.599,1.619,False,False,True,False,False,True,False,False
TREND_DOWN,DOWN_APR,2024-04-13T19:13:00+00:00,WIN,-0.047,0.538,-0.641,-0.85,0.153,15144.0,-69605.0,18233.0,0.538,1.619,False,False,True,False,False,True,False,False
TREND_DOWN,DOWN_APR,2024-04-13T19:14:00+00:00,WIN,-0.174,0.415,-0.691,-0.913,0.081,12196.0,-68219.0,15144.0,0.424,1.619,False,False,True,False,False,True,False,False
TREND_DOWN,DOWN_APR,2024-04-13T19:15:00+00:00,WIN,-0.26,0.239,-0.723,-1.066,-0.006,6837.0,-69256.0,12196.0,0.334,1.619,False,False,True,False,False,True,False,False
TREND_DOWN,DOWN_APR,2024-04-13T19:16:00+00:00,WIN,-0.099,0.272,-0.779,-1.037,0.07,5550.0,-71809.0,6837.0,0.409,1.619,False,False,True,False,False,True,False,False
TREND_DOWN,DOWN_APR,2024-04-13T19:17:00+00:00,WIN,-0.209,0.125,-0.893,-1.179,-0.026,730.0,-75705.0,5550.0,0.31,1.619,False,False,True,False,False,True,False,False
TREND_DOWN,DOWN_APR,2024-04-13T19:18:00+00:00,WIN,-0.124,0.086,-0.862,-1.109,0.039,-3044.0,-74956.0,730.0,0.373,1.619,False,False,True,False,False,True,False,False
TREND_DOWN,DOWN_APR,2024-04-13T19:19:00+00:00,WIN,-0.119,0.206,-0.87,-1.155,0.013,2794.0,-73796.0,-3044.0,0.346,1.619,False,False,True,False,False,True,False,False
TREND_DOWN,DOWN_APR,2024-04-13T19:20:00+00:00,WIN,-0.075,0.196,-0.866,-1.144,0.008,1655.0,-73703.0,2794.0,0.339,1.619,False,False,True,False,False,True,False,False
TREND_DOWN,DOWN_APR,2024-04-13T19:21:00+00:00,WIN,-0.135,0.157,-0.665,-1.114,0.073,1127.0,-71480.0,1655.0,0.404,1.619,False,False,True,False,False,True,False,False
TREND_DOWN,DOWN_APR,2024-04-13T19:22:00+00:00,WIN,-0.199,0.118,-0.607,-1.133,0.046,-5957.0,-68435.0,1127.0,0.375,1.619,False,False,True,False,False,True,False,False
TREND_DOWN,DOWN_APR,2024-04-13T19:23:00+00:00,WIN,-0.178,0.189,-0.578,-1.077,0.083,-5840.0,-65244.0,-5957.0,0.409,1.619,False,False,True,False,False,True,False,True
TREND_DOWN,DOWN_APR,2024-04-13T19:24:00+00:00,WIN,-0.112,0.271,-0.388,-0.916,0.154,-1897.0,-57049.0,-5840.0,0.477,1.619,False,False,True,False,True,True,False,True
TREND_DOWN,DOWN_APR,2024-04-13T19:25:00+00:00,WIN,-0.211,0.254,-0.539,-0.954,0.104,-1417.0,-65843.0,-1897.0,0.411,1.619,False,False,True,False,False,True,False,True
TREND_DOWN,DOWN_APR,2024-04-13T19:26:00+00:00,WIN,-0.221,0.172,-0.583,-0.914,0.092,-2035.0,-72392.0,-1417.0,0.394,1.619,False,False,True,False,False,True,False,True
TREND_DOWN,DOWN_APR,2024-04-13T19:46:00+00:00,WIN,-0.686,-0.784,-1.354,-1.457,-0.541,-26350.0,-81258.0,-21255.0,0.0,1.521,False,True,True,False,False,False,True,True
TREND_DOWN,DOWN_APR,2024-04-13T19:47:00+00:00,WIN,-0.615,-0.823,-1.395,-1.486,-0.56,-23615.0,-82230.0,-26350.0,0.0,1.521,False,True,True,False,False,False,True,True
TREND_DOWN,DOWN_APR,2024-04-13T19:48:00+00:00,WIN,-0.952,-1.074,-1.717,-1.785,-0.827,-34478.0,-93890.0,-23615.0,0.0,1.747,False,True,True,False,False,False,True,True
TREND_DOWN,DOWN_APR,2024-04-13T19:49:00+00:00,WIN,-1.411,-1.528,-2.105,-2.273,-1.298,-81530.0,-144418.0,-34478.0,0.0,2.211,False,True,True,False,False,False,True,True
TREND_DOWN,DOWN_APR,2024-04-13T19:50:00+00:00,WIN,-1.54,-1.614,-2.297,-2.396,-1.351,-62443.0,-125995.0,-81530.0,0.0,2.351,False,True,True,False,False,False,True,True
TREND_DOWN,DOWN_APR,2024-04-13T19:51:00+00:00,WIN,-1.811,-1.944,-2.472,-2.662,-1.511,-66370.0,-129568.0,-62443.0,0.0,2.55,False,True,True,False,False,False,True,True
TREND_DOWN,DOWN_APR,2024-04-13T19:52:00+00:00,WIN,-1.697,-1.892,-2.31,-2.575,-1.372,-73980.0,-136977.0,-66370.0,0.088,2.55,False,True,True,False,False,False,True,True
TREND_DOWN,DOWN_APR,2024-04-13T19:53:00+00:00,WIN,-2.661,-2.834,-3.326,-3.472,-2.251,-135280.0,-199920.0,-73980.0,0.0,3.441,False,True,True,False,False,False,True,True
TREND_DOWN,DOWN_APR,2024-04-13T19:54:00+00:00,WIN,-3.61,-3.718,-4.188,-4.286,-2.926,-159200.0,-223644.0,-135280.0,0.0,4.372,False,True,True,False,False,False,True,True
TREND_DOWN,DOWN_APR,2024-04-13T19:55:00+00:00,WIN,-3.048,-3.253,-3.559,-3.843,-2.123,-130064.0,-192184.0,-159200.0,0.516,4.312,False,False,True,False,False,False,False,True
TREND_DOWN,DOWN_APR,2024-04-13T19:56:00+00:00,WIN,-4.403,-4.614,-4.919,-5.202,-3.418,-242798.0,-304286.0,-130064.0,0.0,5.264,False,True,True,False,False,False,True,True
TREND_DOWN,DOWN_APR,2024-04-13T19:57:00+00:00,WIN,-4.433,-4.664,-4.901,-5.176,-2.868,-242965.0,-303088.0,-242798.0,0.027,5.264,False,True,True,False,False,False,True,True
TREND_DOWN,DOWN_APR,2024-04-13T19:58:00+00:00,WIN,-4.182,-4.395,-4.737,-4.904,-2.497,-207328.0,-266346.0,-242965.0,0.269,5.264,False,False,True,False,False,False,False,True
TREND_DOWN,DOWN_APR,2024-04-13T19:59:00+00:00,WIN,-3.4,-3.534,-3.93,-4.096,-1.584,-191135.0,-253134.0,-207328.0,1.128,5.264,False,False,False,False,False,False,False,False
TREND_DOWN,DOWN_APR,2024-04-13T20:00:00+00:00,WIN,-3.418,-3.554,-3.751,-4.087,-1.471,-189554.0,-247815.0,-191135.0,1.203,5.147,False,False,False,False,False,False,False,False
TREND_DOWN,DOWN_APR,2024-04-13T20:01:00+00:00,WIN,-4.363,-4.4,-4.434,-4.985,-2.296,-202623.0,-244397.0,-189554.0,0.329,5.093,False,False,True,False,False,False,False,True
TREND_DOWN,DOWN_APR,2024-04-13T20:02:00+00:00,WIN,-5.043,-5.069,-5.196,-5.7,-2.96,-222740.0,-264723.0,-202623.0,0.0,5.544,False,True,True,False,False,False,True,True
TREND_DOWN,DOWN_APR,2024-04-13T20:03:00+00:00,WIN,-4.778,-4.814,-5.035,-5.299,-2.616,-206841.0,-251631.0,-222740.0,0.23,5.544,False,False,True,False,False,False,False,True
TREND_DOWN,DOWN_APR,2024-04-13T20:04:00+00:00,WIN,-4.498,-4.525,-4.678,-5.043,-2.285,-203858.0,-249884.0,-206841.0,0.497,5.428,False,False,True,False,False,False,False,True
TREND_DOWN,DOWN_APR,2024-04-13T20:05:00+00:00,WIN,-4.918,-4.934,-5.007,-5.511,-2.666,-215384.0,-255405.0,-203858.0,0.068,5.396,False,True,True,False,False,False,True,True
TREND_DOWN,DOWN_APR,2024-04-13T20:06:00+00:00,WIN,-5.309,-5.432,-5.558,-6.082,-3.148,-238889.0,-280717.0,-215384.0,0.0,5.895,False,True,True,False,False,False,True,True
TREND_DOWN,DOWN_APR,2024-04-13T20:07:00+00:00,LOSS,-7.296,-7.449,-7.462,-8.074,-5.022,-372388.0,-415098.0,-238889.0,0.0,8.118,False,True,True,False,False,False,True,True
TREND_DOWN,DOWN_APR,2024-04-13T20:08:00+00:00,LOSS,-9.062,-9.132,-9.193,-9.749,-6.297,-407657.0,-451871.0,-372388.0,0.0,10.138,False,True,True,False,False,False,True,True
TREND_DOWN,DOWN_APR,2024-04-13T20:09:00+00:00,LOSS,-8.056,-8.099,-8.156,-8.742,-4.741,-431751.0,-475704.0,-407657.0,1.083,10.138,False,False,False,False,False,False,False,False
TREND_DOWN,DOWN_APR,2024-04-13T20:10:00+00:00,LOSS,-7.814,-7.913,-7.957,-8.626,-4.104,-423963.0,-465407.0,-431751.0,1.228,10.138,False,False,False,False,False,False,False,False
TREND_DOWN,DOWN_APR,2024-04-13T20:11:00+00:00,LOSS,-6.823,-6.927,-7.112,-7.658,-2.84,-417291.0,-445813.0,-423963.0,2.295,10.138,False,False,False,False,False,False,False,False
TREND_DOWN,DOWN_APR,2024-04-13T20:12:00+00:00,LOSS,-6.898,-7.072,-7.243,-7.833,-2.882,-409906.0,-438901.0,-417291.0,2.13,10.138,False,False,False,False,False,False,False,False
TREND_DOWN,DOWN_APR,2024-04-13T20:13:00+00:00,LOSS,-7.225,-7.397,-7.535,-8.168,-3.14,-412124.0,-440976.0,-409906.0,1.77,10.138,False,False,False,False,False,False,False,False
TREND_DOWN,DOWN_APR,2024-04-13T20:14:00+00:00,LOSS,-6.38,-6.699,-6.732,-7.554,-2.411,-404176.0,-428106.0,-412124.0,2.457,10.138,False,False,False,False,False,False,False,False
TREND_DOWN,DOWN_APR,2024-04-13T20:15:00+00:00,LOSS,-6.754,-7.095,-7.193,-8.017,-2.868,-406852.0,-430484.0,-404176.0,1.93,10.138,False,False,False,False,False,False,False,False
TREND_DOWN,DOWN_APR,2024-04-13T20:16:00+00:00,LOSS,-6.126,-6.77,-6.621,-7.586,-2.396,-411843.0,-417328.0,-406852.0,2.364,10.138,False,False,False,False,False,False,False,False
TREND_DOWN,DOWN_APR,2024-04-13T20:17:00+00:00,LOSS,-6.229,-6.805,-6.692,-7.753,-2.429,-407816.0,-410390.0,-411843.0,2.224,10.138,False,False,False,False,False,False,False,False
TREND_DOWN,DOWN_APR,2024-04-13T20:18:00+00:00,LOSS,-6.157,-7.05,-6.94,-7.921,-2.584,-406288.0,-410062.0,-407816.0,2.019,10.138,False,False,False,False,False,False,False,False
TREND_DOWN,DOWN_APR,2024-04-13T20:19:00+00:00,LOSS,-5.901,-7.228,-7.158,-8.117,-2.765,-410372.0,-412459.0,-406288.0,1.796,10.138,False,False,False,False,False,False,False,False
TREND_DOWN,DOWN_APR,2024-04-13T20:20:00+00:00,LOSS,-5.135,-6.596,-6.597,-7.503,-2.075,-401813.0,-406990.0,-410372.0,2.484,10.138,False,False,False,False,False,False,False,False
TREND_DOWN,DOWN_APR,2024-04-13T20:21:00+00:00,LOSS,-5.315,-7.03,-6.982,-7.903,-2.437,-413919.0,-419981.0,-401813.0,2.073,10.138,False,False,False,False,False,False,False,False
TREND_DOWN,DOWN_APR,2024-04-13T20:22:00+00:00,LOSS,-6.146,-7.738,-7.577,-8.671,-3.181,-434804.0,-441946.0,-413919.0,1.266,10.138,False,False,False,False,False,False,False,False
TREND_DOWN,DOWN_APR,2024-04-13T20:23:00+00:00,LOSS,-5.595,-8.108,-7.996,-9.018,-3.468,-430856.0,-435418.0,-434804.0,0.894,10.138,False,False,False,False,False,False,False,False
TREND_DOWN,DOWN_APR,2024-04-13T20:26:00+00:00,LOSS,-3.235,-7.495,-7.309,-8.441,-2.663,-411808.0,-391848.0,-413686.0,1.552,10.138,True,False,False,False,False,True,False,False
TREND_DOWN,DOWN_APR,2024-04-13T20:46:00+00:00,LOSS,-0.661,-6.746,-7.245,-8.084,-2.051,-439594.0,-411618.0,-423207.0,1.687,10.138,False,False,False,False,False,False,False,False
TREND_DOWN,DOWN_APR,2024-04-13T20:47:00+00:00,LOSS,-0.961,-7.13,-7.809,-8.508,-2.445,-464705.0,-439807.0,-439594.0,1.242,10.138,False,False,False,False,False,False,False,False
TREND_DOWN,DOWN_APR,2024-04-13T20:48:00+00:00,LOSS,-0.655,-6.772,-7.53,-8.42,-2.3,-443694.0,-429641.0,-464705.0,1.35,10.138,False,False,False,False,False,False,False,False
TREND_DOWN,DOWN_APR,2024-04-13T20:49:00+00:00,LOSS,-0.788,-6.642,-8.004,-8.713,-2.62,-396940.0,-434134.0,-443694.0,0.994,10.138,False,False,False,False,False,False,False,False
TREND_DOWN,DOWN_APR,2024-04-13T20:50:00+00:00,LOSS,-1.454,-6.514,-7.998,-8.699,-2.6,-441286.0,-462298.0,-396940.0,0.993,10.138,False,False,False,False,False,False,False,False
TREND_DOWN,DOWN_APR,2024-04-13T20:51:00+00:00,LOSS,-0.642,-5.923,-7.524,-8.317,-2.154,-452842.0,-475606.0,-441286.0,1.418,10.138,False,False,False,False,False,False,False,False
TREND_DOWN,DOWN_APR,2024-04-13T20:52:00+00:00,LOSS,-0.119,-6.258,-7.736,-8.511,-2.392,-444019.0,-475246.0,-452842.0,1.145,10.138,False,False,False,False,False,False,False,False
TREND_DOWN,DOWN_APR,2024-04-13T20:53:00+00:00,LOSS,0.492,-5.131,-7.554,-8.195,-2.143,-380449.0,-475828.0,-444019.0,1.391,10.138,False,False,False,False,False,False,False,False
TREND_DOWN,DOWN_APR,2024-04-13T20:54:00+00:00,LOSS,-1.485,-4.908,-8.099,-8.859,-2.791,-369355.0,-487701.0,-380449.0,0.706,10.138,False,False,False,False,False,False,False,False
TREND_DOWN,DOWN_APR,2024-04-13T20:55:00+00:00,LOSS,-0.619,-5.146,-7.824,-8.649,-2.511,-398747.0,-486078.0,-369355.0,0.973,10.138,False,False,False,False,False,False,False,False
TREND_DOWN,DOWN_APR,2024-04-13T20:56:00+00:00,LOSS,-0.277,-3.504,-7.507,-8.446,-2.207,-282588.0,-481139.0,-398747.0,1.27,10.138,False,False,False,False,False,False,False,False
TREND_DOWN,DOWN_APR,2024-04-13T20:57:00+00:00,LOSS,-0.185,-3.433,-7.329,-8.4,-2.091,-280220.0,-476699.0,-282588.0,1.372,10.138,False,False,False,False,False,False,False,False
TREND_DOWN,DOWN_APR,2024-04-13T20:58:00+00:00,LOSS,-0.21,-3.563,-7.234,-8.262,-1.975,-310238.0,-472224.0,-280220.0,1.481,10.138,False,False,False,False,False,False,False,False
TREND_DOWN,DOWN_APR,2024-04-13T20:59:00+00:00,LOSS,-0.463,-4.544,-7.339,-8.463,-2.132,-325931.0,-471911.0,-310238.0,1.308,10.138,False,False,False,False,False,False,False,False
TREND_DOWN,DOWN_APR,2024-04-13T21:00:00+00:00,LOSS,-0.214,-4.076,-6.83,-7.938,-1.568,-318172.0,-465676.0,-325931.0,1.879,10.138,False,False,False,False,False,False,False,False
TREND_DOWN,DOWN_APR,2024-04-13T21:18:00+00:00,LOSS,0.338,-0.32,-7.268,-8.168,-1.507,-79936.0,-489268.0,-66463.0,0.979,10.138,False,False,False,False,False,False,False,False
TREND_DOWN,DOWN_APR,2024-04-13T21:19:00+00:00,LOSS,0.738,-0.056,-7.089,-8.136,-1.45,-86166.0,-493744.0,-79936.0,1.026,10.138,False,False,False,False,False,False,False,False
TREND_DOWN,DOWN_APR,2024-04-13T21:20:00+00:00,LOSS,0.779,-0.686,-7.054,-8.218,-1.398,-91949.0,-492107.0,-86166.0,1.067,10.138,False,False,False,False,False,False,False,False
TREND_DOWN,DOWN_APR,2024-04-13T21:21:00+00:00,LOSS,0.182,-0.461,-7.313,-8.342,-1.564,-92127.0,-504919.0,-91949.0,0.889,10.138,False,False,False,True,False,False,False,False
TREND_DOWN,DOWN_APR,2024-04-13T21:22:00+00:00,LOSS,0.225,0.105,-7.533,-8.572,-1.781,-81213.0,-521974.0,-92127.0,0.662,10.138,False,False,False,False,False,True,False,False
TREND_DOWN,DOWN_APR,2024-04-13T21:23:00+00:00,LOSS,0.033,0.525,-7.451,-8.541,-1.72,-89860.0,-526556.0,-81213.0,0.713,10.138,False,False,False,False,False,True,False,False
TREND_DOWN,DOWN_APR,2024-04-13T21:25:00+00:00,LOSS,0.474,-0.147,-7.366,-8.531,-1.678,-110655.0,-525758.0,-115720.0,0.741,10.138,False,False,False,False,False,False,False,False
TREND_DOWN,DOWN_APR,2024-04-13T21:26:00+00:00,LOSS,0.011,-0.266,-7.583,-8.712,-1.84,-113166.0,-527009.0,-110655.0,0.571,10.138,False,False,True,False,False,False,False,True
TREND_DOWN,DOWN_APR,2024-04-13T21:27:00+00:00,LOSS,-0.101,-0.285,-7.586,-8.756,-1.845,-123962.0,-532759.0,-113166.0,0.56,10.138,False,False,True,False,False,False,False,True
TREND_DOWN,DOWN_APR,2024-04-13T21:28:00+00:00,LOSS,-0.195,-0.404,-7.55,-8.711,-1.825,-122727.0,-527462.0,-123962.0,0.572,10.138,False,False,True,False,False,False,False,True
TREND_DOWN,DOWN_APR,2024-04-13T21:29:00+00:00,LOSS,-0.076,-0.539,-7.617,-8.996,-1.87,-116857.0,-524870.0,-122727.0,0.52,10.138,False,False,True,False,False,False,False,True
TREND_DOWN,DOWN_APR,2024-04-13T21:30:00+00:00,LOSS,-0.27,-0.483,-7.138,-8.63,-1.502,-116630.0,-507078.0,-116857.0,0.892,10.138,False,False,False,False,False,False,False,False
TREND_DOWN,DOWN_APR,2024-04-13T21:31:00+00:00,LOSS,-0.691,-0.613,-7.195,-8.567,-1.544,-113462.0,-501460.0,-116630.0,0.837,10.138,False,False,False,False,False,False,False,False
TREND_DOWN,DOWN_APR,2024-04-13T22:07:00+00:00,LOSS,0.262,0.068,-7.393,-7.912,-0.991,-2601.0,-481072.0,-6560.0,0.691,10.096,False,False,False,True,False,True,False,False
TREND_DOWN,DOWN_APR,2024-04-13T22:09:00+00:00,LOSS,0.357,0.464,-7.127,-7.718,-0.766,16306.0,-474872.0,2486.0,0.911,10.096,False,False,False,True,False,True,False,False
TREND_DOWN,DOWN_APR,2024-04-13T22:10:00+00:00,LOSS,0.485,0.303,-7.006,-7.702,-0.692,11452.0,-477484.0,16306.0,0.984,10.096,False,False,False,True,False,True,False,False
TREND_DOWN,DOWN_APR,2024-04-13T22:11:00+00:00,LOSS,0.208,0.466,-7.039,-7.774,-0.742,12201.0,-477582.0,11452.0,0.93,10.096,False,False,False,True,False,True,False,False
TREND_DOWN,DOWN_APR,2024-04-13T22:12:00+00:00,LOSS,0.208,0.142,-7.033,-7.63,-0.739,3842.0,-479211.0,12201.0,0.931,10.096,False,False,False,True,False,True,False,False
TREND_DOWN,DOWN_APR,2024-04-13T22:13:00+00:00,LOSS,-0.126,0.309,-7.049,-7.645,-0.756,5874.0,-478024.0,3842.0,0.911,10.096,False,False,False,True,False,True,False,False
TREND_DOWN,DOWN_APR,2024-04-13T22:14:00+00:00,LOSS,0.081,0.486,-6.929,-7.573,-0.704,4192.0,-476935.0,5874.0,0.962,10.096,False,False,False,True,False,True,False,False
TREND_DOWN,DOWN_APR,2024-04-13T22:15:00+00:00,LOSS,0.333,0.473,-6.725,-7.4,-0.573,3154.0,-470636.0,4192.0,1.092,10.096,False,False,False,True,False,True,False,False
TREND_DOWN,DOWN_APR,2024-04-13T23:22:00+00:00,WIN,1.411,3.834,5.328,-2.653,3.403,80470.0,50235.0,67452.0,3.907,6.457,False,False,False,False,False,True,False,False
TREND_DOWN,DOWN_APR,2024-04-13T23:24:00+00:00,WIN,1.097,3.205,4.0,-2.973,2.948,63307.0,10379.0,71926.0,3.569,6.457,False,False,False,False,False,True,False,False
TREND_DOWN,DOWN_APR,2024-04-13T23:25:00+00:00,WIN,0.997,3.443,4.655,-2.854,2.931,79474.0,20833.0,63307.0,3.586,6.457,False,False,False,False,False,True,False,False
TREND_DOWN,DOWN_APR,2024-04-13T23:26:00+00:00,WIN,0.661,3.19,4.537,-3.103,2.727,73907.0,18103.0,79474.0,3.418,6.457,False,False,False,False,False,True,False,False
TREND_DOWN,DOWN_APR,2024-04-13T23:27:00+00:00,WIN,0.403,3.275,4.384,-3.119,2.56,74920.0,2723.0,73907.0,3.275,6.457,False,False,False,False,False,True,False,False
TREND_DOWN,DOWN_APR,2024-04-13T23:28:00+00:00,WIN,-0.271,2.584,3.622,-3.591,1.91,63047.0,-9645.0,74920.0,2.584,6.457,False,False,False,False,False,True,False,False
TREND_DOWN,DOWN_APR,2024-04-13T23:29:00+00:00,WIN,0.193,2.576,3.679,-3.555,2.003,73829.0,7090.0,63047.0,2.576,6.457,False,False,False,False,False,True,False,False
TREND_DOWN,DOWN_APR,2024-04-13T23:30:00+00:00,WIN,0.03,2.474,3.476,-3.61,2.09,70243.0,3472.0,73829.0,2.474,6.457,False,False,False,False,False,True,False,False
TREND_DOWN,DOWN_APR,2024-04-13T23:35:00+00:00,WIN,-0.498,1.786,3.318,-3.42,2.223,38636.0,14937.0,29022.0,1.786,6.457,False,False,False,False,False,True,False,False
TREND_DOWN,DOWN_APR,2024-04-13T23:36:00+00:00,WIN,-1.407,1.254,2.902,-3.342,2.027,40004.0,10288.0,38636.0,1.254,6.457,False,False,False,False,False,True,False,False
TREND_DOWN,DOWN_APR,2024-04-13T23:37:00+00:00,WIN,-0.977,1.102,2.979,-3.27,2.059,31737.0,14518.0,40004.0,1.178,6.457,False,False,False,False,False,True,False,False
TREND_DOWN,DOWN_APR,2024-04-13T23:38:00+00:00,WIN,-0.579,1.278,3.142,-3.068,2.15,30865.0,16918.0,31737.0,1.278,6.457,False,False,False,False,False,True,False,False
TREND_DOWN,DOWN_APR,2024-04-13T23:39:00+00:00,WIN,-1.091,0.946,3.221,-3.224,2.03,36291.0,25370.0,30865.0,0.986,6.457,False,False,False,False,False,True,False,False
TREND_DOWN,DOWN_APR,2024-04-13T23:41:00+00:00,WIN,-1.226,0.493,2.797,-3.492,1.868,22959.0,17073.0,39867.0,0.75,6.457,False,False,False,False,False,True,False,False
TREND_DOWN,DOWN_APR,2024-04-13T23:42:00+00:00,WIN,-0.989,0.657,3.126,-3.66,1.79,25071.0,13934.0,22959.0,0.688,6.457,False,False,False,False,False,True,False,False
TREND_DOWN,DOWN_APR,2024-04-13T23:45:00+00:00,WIN,-0.664,0.221,3.239,-3.734,1.74,1132.0,23839.0,-8999.0,0.666,6.457,False,False,False,False,False,True,False,False
TREND_DOWN,DOWN_APR,2024-04-13T23:46:00+00:00,WIN,-0.721,0.284,3.796,-3.724,1.769,12212.0,49987.0,1132.0,0.707,6.457,False,False,False,False,False,True,False,False
TREND_DOWN,DOWN_APR,2024-04-13T23:47:00+00:00,WIN,-0.613,0.672,4.445,-3.711,1.904,21320.0,77866.0,12212.0,0.892,6.457,False,False,False,False,False,True,False,False
TREND_DOWN,DOWN_APR,2024-04-13T23:50:00+00:00,WIN,-1.012,0.835,4.684,-3.688,1.774,26140.0,98158.0,26481.0,0.856,6.457,False,False,False,False,False,True,False,False
TREND_DOWN,DOWN_APR,2024-04-13T23:51:00+00:00,WIN,-1.206,0.65,4.033,-3.795,1.502,26999.0,111044.0,26140.0,0.65,6.457,False,False,False,False,False,True,False,False
TREND_DOWN,DOWN_APR,2024-04-13T23:52:00+00:00,WIN,-1.063,0.333,4.332,-3.739,1.473,26300.0,110089.0,26999.0,0.349,6.457,False,False,True,False,False,True,False,False
TREND_DOWN,DOWN_APR,2024-04-13T23:53:00+00:00,WIN,-1.105,-0.107,3.823,-4.02,1.199,14506.0,106579.0,26300.0,0.101,6.457,False,False,True,False,False,True,False,False
TREND_DOWN,DOWN_APR,2024-04-13T23:54:00+00:00,WIN,-1.086,-0.001,4.422,-4.035,1.075,11863.0,115622.0,14506.0,0.0,6.457,False,True,True,False,False,True,False,False
TREND_DOWN,DOWN_APR,2024-04-13T23:55:00+00:00,WIN,-1.212,-0.228,4.03,-4.109,0.918,3158.0,111662.0,11863.0,0.0,6.176,False,True,True,False,False,True,False,False
TREND_DOWN,DOWN_APR,2024-04-13T23:56:00+00:00,WIN,-1.176,-0.523,3.595,-4.182,0.762,-13592.0,94116.0,3158.0,0.0,5.906,False,True,True,False,False,True,False,False
TREND_DOWN,DOWN_APR,2024-04-13T23:57:00+00:00,WIN,-1.224,-0.826,3.297,-4.273,0.533,-29570.0,83859.0,-13592.0,0.0,5.906,False,True,True,False,False,True,False,True
TREND_DOWN,DOWN_APR,2024-04-13T23:58:00+00:00,WIN,-0.814,-1.083,2.994,-4.456,0.326,-38925.0,72176.0,-29570.0,0.0,5.906,False,True,True,False,False,True,False,True
TREND_DOWN,DOWN_APR,2024-04-13T23:59:00+00:00,WIN,-0.721,-0.53,3.41,-4.179,0.538,-20219.0,84067.0,-38925.0,0.233,5.906,False,False,True,False,False,True,False,True
TREND_DOWN,DOWN_APR,2024-04-14T00:00:00+00:00,WIN,-0.807,-0.777,2.861,-4.165,0.55,-493.0,91583.0,-20219.0,0.263,5.906,False,False,True,False,False,True,False,True
TREND_DOWN,DOWN_APR,2024-04-14T00:01:00+00:00,WIN,-0.669,-0.663,2.821,-3.733,0.84,29006.0,93882.0,-493.0,0.595,5.906,False,False,True,False,False,True,False,False
TREND_DOWN,DOWN_APR,2024-04-14T00:17:00+00:00,WIN,-1.245,-1.85,2.793,-4.68,-0.149,-32035.0,57405.0,-3610.0,0.0,5.906,False,True,True,False,False,True,False,True
TREND_DOWN,DOWN_APR,2024-04-14T00:18:00+00:00,WIN,-1.17,-1.672,2.714,-4.751,-0.133,-28176.0,67473.0,-32035.0,0.027,5.906,False,True,True,False,False,True,False,True
TREND_DOWN,DOWN_APR,2024-04-14T00:19:00+00:00,WIN,-1.157,-2.166,2.543,-4.726,-0.269,-30407.0,77407.0,-28176.0,0.0,5.906,False,True,True,False,False,True,False,True
TREND_DOWN,DOWN_APR,2024-04-14T00:20:00+00:00,WIN,-1.599,-2.595,2.213,-4.997,-0.565,-51443.0,56526.0,-30407.0,0.0,5.906,False,True,True,False,False,True,False,True
TREND_DOWN,DOWN_APR,2024-04-14T00:21:00+00:00,LOSS,-1.622,-2.809,2.159,-5.312,-0.792,-71408.0,51688.0,-51443.0,0.0,5.906,False,True,True,False,False,True,False,True
TREND_DOWN,DOWN_APR,2024-04-14T00:22:00+00:00,WIN,-1.385,-2.433,2.657,-5.076,-0.541,-53227.0,78221.0,-71408.0,0.26,5.906,False,False,True,False,False,True,False,True
TREND_DOWN,DOWN_APR,2024-04-14T00:23:00+00:00,WIN,-1.091,-2.183,2.657,-4.992,-0.503,-32693.0,99598.0,-53227.0,0.311,5.906,False,False,True,False,False,True,False,True
TREND_DOWN,DOWN_APR,2024-04-14T00:24:00+00:00,LOSS,-1.195,-2.269,2.24,-5.176,-0.737,-26289.0,99810.0,-32693.0,0.103,5.906,False,False,True,False,False,True,False,True
TREND_DOWN,DOWN_APR,2024-04-14T00:25:00+00:00,LOSS,-1.828,-3.018,1.646,-5.841,-1.487,-59899.0,71589.0,-26289.0,0.0,5.906,False,True,True,False,False,True,False,True
TREND_DOWN,DOWN_APR,2024-04-14T00:26:00+00:00,LOSS,-1.072,-2.235,2.473,-5.297,-0.825,-40718.0,90551.0,-59899.0,0.644,5.906,False,False,False,False,False,True,False,False
TREND_DOWN,DOWN_APR,2024-04-14T00:27:00+00:00,LOSS,-0.814,-2.027,2.56,-5.22,-0.757,-31027.0,95658.0,-40718.0,0.718,5.906,False,False,False,False,False,True,False,False
TREND_DOWN,DOWN_APR,2024-04-14T00:28:00+00:00,WIN,-0.214,-1.026,2.975,-4.799,-0.358,-7266.0,105816.0,-31027.0,1.138,5.906,False,False,False,False,False,True,False,False
TREND_DOWN,DOWN_APR,2024-04-14T00:29:00+00:00,WIN,-0.59,-1.307,2.879,-4.957,-0.507,-22438.0,101509.0,-7266.0,0.991,5.906,False,False,False,False,False,True,False,False
TREND_DOWN,DOWN_APR,2024-04-14T00:31:00+00:00,WIN,-0.74,-1.404,2.77,-4.624,-0.326,-35510.0,90559.0,-24064.0,1.202,5.573,False,False,False,False,False,True,False,False
TREND_DOWN,DOWN_APR,2024-04-14T00:52:00+00:00,WIN,0.308,-1.081,2.125,-5.084,-0.448,-17807.0,51764.0,-15021.0,1.226,5.18,False,False,False,False,False,True,False,False
TREND_DOWN,DOWN_APR,2024-04-14T00:53:00+00:00,WIN,0.297,-0.797,2.253,-5.058,-0.409,-11038.0,55338.0,-17807.0,1.266,5.18,False,False,False,False,False,True,False,False
TREND_DOWN,DOWN_APR,2024-04-14T00:54:00+00:00,WIN,0.591,-0.611,2.081,-4.98,-0.326,-4020.0,51474.0,-11038.0,1.352,5.18,False,False,False,False,False,True,False,False
TREND_DOWN,DOWN_APR,2024-04-14T00:56:00+00:00,WIN,0.705,-0.374,1.84,-5.003,-0.354,15682.0,46878.0,2434.0,1.354,5.18,False,False,False,False,False,True,False,False
TREND_DOWN,DOWN_APR,2024-04-14T00:57:00+00:00,WIN,0.569,-0.25,1.499,-5.138,-0.437,19494.0,47826.0,15682.0,1.291,5.18,False,False,False,False,False,True,False,False
TREND_DOWN,DOWN_APR,2024-04-14T00:58:00+00:00,WIN,-0.09,-0.303,1.05,-5.329,-0.687,18755.0,40558.0,19494.0,1.047,5.18,False,False,False,False,False,True,False,False
TREND_DOWN,DOWN_APR,2024-04-14T00:59:00+00:00,WIN,0.192,-0.399,1.217,-5.157,-0.558,10836.0,40226.0,18755.0,1.185,5.18,False,False,False,False,False,True,False,False
TREND_DOWN,DOWN_APR,2024-04-14T01:00:00+00:00,WIN,-0.152,-0.595,1.422,-5.405,-0.729,-6634.0,50216.0,10836.0,1.016,5.18,False,False,False,False,False,True,False,False
TREND_DOWN,DOWN_APR,2024-04-14T01:01:00+00:00,WIN,-0.165,-0.903,1.622,-5.4,-0.719,-20540.0,64183.0,-6634.0,1.036,5.18,False,False,False,False,False,True,False,False
TREND_DOWN,DOWN_APR,2024-04-14T01:02:00+00:00,WIN,-0.096,-0.749,1.848,-5.206,-0.575,-19672.0,67592.0,-20540.0,1.189,5.18,False,False,False,False,False,True,False,False
TREND_DOWN,DOWN_APR,2024-04-14T01:03:00+00:00,WIN,0.073,-0.906,1.774,-5.169,-0.582,-28924.0,65184.0,-19672.0,1.189,5.18,False,False,False,False,False,True,False,False
TREND_DOWN,DOWN_APR,2024-04-14T01:05:00+00:00,WIN,0.121,-0.924,1.814,-5.169,-0.629,-25539.0,67739.0,-25371.0,1.154,5.18,False,False,False,False,False,True,False,False
TREND_DOWN,DOWN_APR,2024-04-14T01:10:00+00:00,LOSS,-0.743,-1.269,1.586,-5.531,-1.111,-37086.0,56565.0,-38155.0,0.703,4.95,False,False,False,False,False,True,False,False
TREND_DOWN,DOWN_APR,2024-04-14T01:11:00+00:00,LOSS,-0.873,-1.106,1.611,-5.542,-1.147,-37029.0,50174.0,-37086.0,0.674,4.95,False,False,False,False,False,True,False,False
TREND_DOWN,DOWN_APR,2024-04-14T01:12:00+00:00,LOSS,-1.197,-1.209,1.655,-5.495,-1.105,-35861.0,54126.0,-37029.0,0.719,4.95,False,False,False,False,False,True,False,False
TREND_DOWN,DOWN_APR,2024-04-14T01:13:00+00:00,WIN,-1.057,-0.92,1.871,-5.31,-0.915,-30477.0,58297.0,-35861.0,0.913,4.95,False,False,False,False,False,True,False,False
TREND_DOWN,DOWN_APR,2024-04-14T01:14:00+00:00,WIN,-0.898,-0.551,1.842,-5.215,-0.891,8811.0,59418.0,-30477.0,0.935,4.897,False,False,False,False,False,True,False,False
TREND_DOWN,DOWN_APR,2024-04-14T01:15:00+00:00,WIN,-1.081,-0.859,1.675,-5.164,-0.932,-19465.0,58351.0,8811.0,0.899,4.762,False,False,False,False,False,True,False,False
TREND_DOWN,DOWN_APR,2024-04-14T01:18:00+00:00,WIN,-0.524,-0.284,1.631,-5.103,-0.845,11128.0,53696.0,9052.0,1.002,4.672,False,False,False,False,False,True,False,False
TREND_DOWN,DOWN_APR,2024-04-14T01:19:00+00:00,WIN,-0.417,-0.169,1.685,-5.083,-0.851,7759.0,50479.0,11128.0,0.997,4.672,False,False,False,False,False,True,False,False
TREND_DOWN,DOWN_APR,2024-04-14T01:41:00+00:00,WIN,0.624,-0.255,-0.58,-4.846,-0.721,-12579.0,25687.0,-8483.0,0.63,3.963,False,False,False,False,False,False,False,False
TREND_DOWN,DOWN_APR,2024-04-14T01:46:00+00:00,WIN,0.338,-0.235,-0.697,-4.153,-0.661,-6153.0,10979.0,-41707.0,0.678,3.963,False,False,False,False,False,False,False,False
TREND_DOWN,DOWN_APR,2024-04-14T01:47:00+00:00,WIN,0.266,-0.183,-0.486,-4.119,-0.65,-3069.0,17411.0,-6153.0,0.687,3.963,False,False,False,False,True,False,False,False
TREND_DOWN,DOWN_APR,2024-04-14T01:48:00+00:00,WIN,0.279,-0.247,-0.344,-3.925,-0.726,-1764.0,25532.0,-3069.0,0.611,3.963,False,False,False,False,True,False,False,False
TREND_DOWN,DOWN_APR,2024-04-14T01:49:00+00:00,WIN,0.185,-0.233,-0.635,-3.546,-0.827,-1477.0,21555.0,-1764.0,0.512,3.963,False,False,True,False,False,False,False,True
TREND_DOWN,DOWN_APR,2024-04-14T01:50:00+00:00,WIN,0.055,-0.173,-0.467,-3.399,-0.812,8421.0,18792.0,-1477.0,0.528,3.963,False,False,True,False,True,True,False,False
TREND_DOWN,DOWN_APR,2024-04-14T02:00:00+00:00,WIN,-0.342,0.231,-1.14,-1.694,-0.748,15054.0,7927.0,16644.0,0.577,3.963,False,False,True,False,False,True,False,False
TREND_DOWN,DOWN_APR,2024-04-14T02:09:00+00:00,WIN,-0.283,0.514,-2.391,3.227,-0.574,15822.0,-61472.0,-3540.0,0.514,3.841,False,False,True,False,False,True,False,False
TREND_DOWN,DOWN_APR,2024-04-14T02:10:00+00:00,WIN,-0.313,0.444,-2.591,3.043,-0.586,13185.0,-55720.0,15822.0,0.473,3.841,False,False,True,False,False,True,False,False
TREND_DOWN,DOWN_APR,2024-04-14T02:11:00+00:00,WIN,-0.158,0.466,-2.435,1.961,-0.548,17208.0,-54337.0,13185.0,0.466,3.667,False,False,True,False,False,True,False,False
TREND_DOWN,DOWN_APR,2024-04-14T02:12:00+00:00,WIN,-0.302,0.412,-2.148,2.117,-0.541,14864.0,-14042.0,17208.0,0.412,3.571,False,False,True,False,False,True,False,False
TREND_DOWN,DOWN_APR,2024-04-14T02:13:00+00:00,WIN,-0.426,0.186,-2.248,2.443,-0.53,9002.0,-16640.0,14864.0,0.199,3.571,False,False,True,False,False,True,False,False
TREND_DOWN,DOWN_APR,2024-04-14T02:14:00+00:00,WIN,-0.333,0.205,-2.077,1.798,-0.473,6767.0,-12001.0,9002.0,0.24,3.571,False,False,True,False,False,True,False,False
TREND_DOWN,DOWN_APR,2024-04-14T02:15:00+00:00,WIN,-0.301,0.16,-1.877,2.243,-0.543,1625.0,-6621.0,6767.0,0.16,3.571,False,False,True,False,False,True,False,False
TREND_DOWN,DOWN_APR,2024-04-14T02:16:00+00:00,WIN,-0.397,-0.06,-2.082,1.697,-0.642,-10002.0,-30648.0,1625.0,0.0,3.571,False,True,True,False,False,True,True,False
TREND_DOWN,DOWN_APR,2024-04-14T02:17:00+00:00,WIN,-0.392,-0.127,-2.141,1.85,-0.603,-11589.0,-34572.0,-10002.0,0.014,3.571,False,True,True,False,False,True,True,True
TREND_DOWN,DOWN_APR,2024-04-14T02:18:00+00:00,LOSS,-0.55,-0.273,-2.219,1.816,-0.826,-32741.0,-49789.0,-11589.0,0.0,3.571,False,True,True,False,False,True,True,True
TREND_DOWN,DOWN_APR,2024-04-14T02:19:00+00:00,LOSS,-0.426,-0.242,-2.567,2.065,-0.783,-28551.0,-51199.0,-32741.0,0.026,3.571,False,True,True,False,False,True,True,True
TREND_DOWN,DOWN_APR,2024-04-14T02:20:00+00:00,LOSS,-0.394,-0.338,-2.675,1.429,-0.726,-30378.0,-54354.0,-28551.0,0.074,3.571,False,True,True,False,False,True,True,True
TREND_DOWN,DOWN_APR,2024-04-14T02:21:00+00:00,LOSS,-0.642,-0.302,-2.657,1.847,-0.691,-29821.0,-57164.0,-30378.0,0.084,3.562,False,True,True,False,False,True,True,True
TREND_DOWN,DOWN_APR,2024-04-14T02:22:00+00:00,LOSS,-0.706,-0.65,-2.64,2.547,-0.78,-49186.0,-56778.0,-29821.0,0.0,3.431,False,True,True,False,False,True,True,True
TREND_DOWN,DOWN_APR,2024-04-14T02:23:00+00:00,LOSS,-0.821,-0.566,-2.455,2.909,-0.786,-48814.0,-52766.0,-49186.0,0.0,3.22,False,True,True,False,False,True,True,True
TREND_DOWN,DOWN_APR,2024-04-14T02:24:00+00:00,LOSS,-0.769,-0.478,-2.26,1.65,-0.699,-50800.0,-49203.0,-48814.0,0.079,3.112,False,True,True,False,False,True,True,True
TREND_DOWN,DOWN_APR,2024-04-14T02:25:00+00:00,WIN,-0.768,-0.403,-2.19,2.363,-0.6,-46837.0,-49329.0,-50800.0,0.167,3.112,False,False,True,False,False,True,False,True
TREND_DOWN,DOWN_APR,2024-04-14T02:26:00+00:00,WIN,-0.641,-0.5,-1.989,2.458,-0.549,-46207.0,-46841.0,-46837.0,0.21,2.945,False,False,True,False,False,True,False,True
TREND_DOWN,DOWN_APR,2024-04-14T02:27:00+00:00,LOSS,-0.573,-0.676,-1.922,2.377,-0.612,-53078.0,-41425.0,-46207.0,0.14,2.802,False,False,True,False,False,True,False,True
TREND_DOWN,DOWN_APR,2024-04-14T02:28:00+00:00,LOSS,-0.476,-0.561,-1.33,2.244,-0.6,-56731.0,-41224.0,-53078.0,0.141,2.707,False,False,True,False,False,True,False,True
TREND_DOWN,DOWN_APR,2024-04-14T02:29:00+00:00,WIN,-0.377,-0.458,-1.399,2.229,-0.499,-52928.0,-51512.0,-56731.0,0.21,2.707,False,False,True,False,False,True,False,True
TREND_DOWN,DOWN_APR,2024-04-14T02:30:00+00:00,LOSS,-0.497,-0.838,-1.662,1.757,-0.627,-54489.0,-57363.0,-52928.0,0.059,2.707,False,True,True,False,False,True,True,True
TREND_DOWN,DOWN_APR,2024-04-14T02:31:00+00:00,LOSS,-0.683,-0.891,-1.956,1.569,-0.723,-56271.0,-66562.0,-54489.0,0.0,2.707,False,True,True,False,False,True,True,True
TREND_DOWN,DOWN_APR,2024-04-14T02:32:00+00:00,LOSS,-0.682,-1.079,-1.936,1.537,-0.668,-60524.0,-64485.0,-56271.0,0.042,2.707,False,True,True,False,False,True,True,True
TREND_DOWN,DOWN_APR,2024-04-14T02:33:00+00:00,LOSS,-0.923,-0.98,-1.904,1.055,-0.738,-65303.0,-65985.0,-60524.0,0.0,2.707,False,True,True,False,False,True,True,True
TREND_DOWN,DOWN_APR,2024-04-14T02:35:00+00:00,LOSS,-0.862,-0.854,-1.929,1.325,-0.63,-58798.0,-65470.0,-60343.0,0.093,2.707,False,True,True,False,False,True,True,True
TREND_DOWN,DOWN_APR,2024-04-14T02:36:00+00:00,LOSS,-1.169,-1.018,-2.06,0.782,-0.925,-78276.0,-85006.0,-58798.0,0.0,2.707,False,True,True,False,False,True,True,True
TREND_DOWN,DOWN_APR,2024-04-14T02:37:00+00:00,LOSS,-1.103,-1.105,-2.156,0.759,-0.965,-84447.0,-86900.0,-78276.0,0.0,2.707,False,True,True,False,False,True,True,True
TREND_DOWN,DOWN_APR,2024-04-14T02:38:00+00:00,LOSS,-0.787,-0.975,-2.203,0.87,-0.905,-83904.0,-87405.0,-84447.0,0.051,2.707,False,True,True,False,False,True,True,True
TREND_DOWN,DOWN_APR,2024-04-14T02:39:00+00:00,LOSS,-0.82,-1.101,-2.124,1.029,-0.923,-82819.0,-88315.0,-83904.0,0.024,2.707,False,True,True,False,False,True,True,True
TREND_DOWN,DOWN_APR,2024-04-14T02:40:00+00:00,LOSS,-0.888,-1.198,-2.39,1.119,-1.017,-90008.0,-93676.0,-82819.0,0.0,2.707,False,True,True,False,False,True,True,True
