zone_id,venue,symbol,date,confirmedTs,confirmed_iso,direction,setup_type,regime,prior_move_1d,prior_move_60m_pct,eng_ofi,supportive_taker_imb_15m,microprice_aligned_5m,eng_void,thin_path_score,large_walls,reclaim_zoneMid,buyer_absorption,conf_rejection,conf_taker_sell,conf_microprice,conf_thin,confluence_count,cluster_id,cooldown_state,zoneLow,zoneHigh,hypo_entry,tp_2pct,sl_1_5pct,mandatory_pass,reject_reasons,hybrid_decision,m4_thin_decision,final_shadow_decision
BTCUSDT-LONG-1779321652000-1,BINANCE_MAY,BTCUSDT,2026-05-21,1779322191000,2026-05-21T00:09:51+00:00,LONG,ACCUMULATION,RANGE,0.112,0.112,-0.1671411463048484,0.2889,0.227,0.17518021037309883,0.1018,19,0,0,0,1,1,0,2,BINANCE_MAY_LONG_777,CLEAR,77557.10205,77658.2,77706.95,76152.81,78872.55,0,not_TREND_DOWN;not_SHORT;prior_60m_not_negative,HYBRID_REJECT,M4_THIN_ONLY_REJECT,REJECT
BTCUSDT-SHORT-1779323772000-3,BINANCE_MAY,BTCUSDT,2026-05-21,1779323952000,2026-05-21T00:39:12+00:00,SHORT,DISTRIBUTION,RANGE,0.2254,0.2254,-0.30941691291720685,-0.0929,0.094,0.08741608396794676,0.107,3,0,0,0,0,1,0,1,BINANCE_MAY_SHORT_776,CLEAR,77650.005575,77727.69442500001,77688.85,76135.07,78854.18,0,not_TREND_DOWN;prior_60m_not_negative,HYBRID_REJECT,M4_THIN_ONLY_REJECT,REJECT
BTCUSDT-LONG-1779323426000-2,BINANCE_MAY,BTCUSDT,2026-05-21,1779324154000,2026-05-21T00:42:34+00:00,LONG,ACCUMULATION,RANGE,0.2105,0.2105,-0.310690541534475,0.0101,0.421,0.10094765956072849,0.1005,20,0,0,0,1,1,0,2,BINANCE_MAY_LONG_777,CLEAR,77654.703225,77732.396775,77787.95,76232.19,78954.77,0,not_TREND_DOWN;not_SHORT;prior_60m_not_negative,HYBRID_REJECT,M4_THIN_ONLY_REJECT,REJECT
BTCUSDT-LONG-1779325402000-5,BINANCE_MAY,BTCUSDT,2026-05-21,1779325623000,2026-05-21T01:07:03+00:00,LONG,ACCUMULATION,RANGE,0.5502,0.5154,-0.44559974641224487,0.1755,0.002,0.5237725392039939,0.0995,22,1,0,1,1,1,0,3,BINANCE_MAY_LONG_780,CLEAR,77888.65,77971.616325,78097.05,76535.11,79268.51,0,not_TREND_DOWN;not_SHORT;prior_60m_not_negative,HYBRID_REJECT,M4_THIN_ONLY_REJECT,REJECT
BTCUSDT-SHORT-1779325094000-4,BINANCE_MAY,BTCUSDT,2026-05-21,1779326244000,2026-05-21T01:17:24+00:00,SHORT,DISTRIBUTION,RANGE,0.6357,0.4518,-0.4842353074270364,-0.2792,-0.155,0.17371655648824091,0.1075,1,1,1,1,0,0,0,1,BINANCE_MAY_SHORT_773,CLEAR,77888.25,78142.65,77322.35,75775.9,78482.19,0,not_TREND_DOWN;prior_60m_not_negative;buyer_absorption,HYBRID_REJECT,M4_THIN_ONLY_REJECT,REJECT
BTCUSDT-SHORT-1779326244000-6,BINANCE_MAY,BTCUSDT,2026-05-21,1779326866000,2026-05-21T01:27:46+00:00,SHORT,DISTRIBUTION,RANGE,0.4052,0.2159,-0.5332207126569236,-0.1237,6.54,0.39011266199209316,0.1066,1,1,1,1,0,1,0,2,BINANCE_MAY_SHORT_773,CLEAR,77781.05,78053.35717500001,77322.35,75775.9,78482.19,0,not_TREND_DOWN;prior_60m_not_negative;buyer_absorption,HYBRID_REJECT,M4_THIN_ONLY_REJECT,REJECT
BTCUSDT-SHORT-1779326363000-7,BINANCE_MAY,BTCUSDT,2026-05-21,1779326866000,2026-05-21T01:27:46+00:00,SHORT,DISTRIBUTION,RANGE,0.4052,0.2159,-0.25615003612749315,-0.1237,6.54,0.39011266199209316,0.1066,1,1,1,1,0,1,0,2,BINANCE_MAY_SHORT_772,CLEAR,77781.05,77899.95,77220.05,75675.65,78378.35,0,not_TREND_DOWN;prior_60m_not_negative;buyer_absorption,HYBRID_REJECT,M4_THIN_ONLY_REJECT,REJECT
BTCUSDT-LONG-1779326696000-8,BINANCE_MAY,BTCUSDT,2026-05-21,1779327220000,2026-05-21T01:33:40+00:00,LONG,ACCUMULATION,RANGE,0.3936,0.1867,-0.2199062451225222,-0.1367,-0.164,0,0.0999,21,0,1,0,0,0,0,0,BINANCE_MAY_LONG_780,CLEAR,77781.05,77899.08007499999,78044.95,76484.05,79215.62,0,not_TREND_DOWN;not_SHORT;prior_60m_not_negative;buyer_absorption,HYBRID_REJECT,M4_THIN_ONLY_REJECT,REJECT
BTCUSDT-LONG-1779331245000-9,BINANCE_MAY,BTCUSDT,2026-05-21,1779332166000,2026-05-21T02:56:06+00:00,LONG,ACCUMULATION,RANGE,0.5547,0.1606,-0.41423423558518535,0.0047,-0.002,0.3795153979939432,0.1,21,0,0,0,1,0,0,1,BINANCE_MAY_LONG_780,CLEAR,77911.55,78032.946975,78085.55,76523.84,79256.83,0,not_TREND_DOWN;not_SHORT;prior_60m_not_negative,HYBRID_REJECT,M4_THIN_ONLY_REJECT,REJECT
BTCUSDT-SHORT-1779342844000-10,BINANCE_MAY,BTCUSDT,2026-05-21,1779343024000,2026-05-21T05:57:04+00:00,SHORT,DISTRIBUTION,RANGE,0.2935,-0.2856,0.18617865286326907,0.1398,1.944,0.4219923175415663,0.1055,5,0,0,0,1,1,0,2,BINANCE_MAY_SHORT_776,CLEAR,77706.877125,77784.622875,77610.05,76057.85,78774.2,0,not_TREND_DOWN,HYBRID_REJECT,M4_THIN_ONLY_REJECT,REJECT
BTCUSDT-LONG-1779344451000-11,BINANCE_MAY,BTCUSDT,2026-05-21,1779346366000,2026-05-21T06:52:46+00:00,LONG,ACCUMULATION,RANGE,0.0835,-0.2357,0.17186157733889593,-0.1685,0.191,0,0.1009,14,0,1,0,0,1,0,1,BINANCE_MAY_LONG_778,CLEAR,77523.75,77827.05,77866.75,76309.41,79034.75,0,not_TREND_DOWN;not_SHORT;buyer_absorption,HYBRID_REJECT,M4_THIN_ONLY_REJECT,REJECT
BTCUSDT-SHORT-1779346581000-12,BINANCE_MAY,BTCUSDT,2026-05-21,1779346802000,2026-05-21T07:00:02+00:00,SHORT,DISTRIBUTION,RANGE,0.0606,-0.2842,0.1974194213650275,0.0829,-0.164,0.3792174601374606,0.1056,4,0,0,0,1,0,0,1,BINANCE_MAY_SHORT_775,CLEAR,77500.080575,77594.95,77547.52,75996.56,78710.73,0,not_TREND_DOWN,HYBRID_REJECT,M4_THIN_ONLY_REJECT,REJECT
BTCUSDT-SHORT-1779357069000-14,BINANCE_MAY,BTCUSDT,2026-05-21,1779358322000,2026-05-21T10:12:02+00:00,SHORT,DISTRIBUTION,RANGE,0.1235,-0.3843,0.21089560863836293,0.097,0.003,0.3783690576844938,0.105,5,1,1,1,1,1,0,3,BINANCE_MAY_SHORT_775,CLEAR,77585.05,77692.576875,77523.95,75973.47,78686.81,0,not_TREND_DOWN;buyer_absorption,HYBRID_REJECT,M4_THIN_ONLY_REJECT,REJECT
BTCUSDT-SHORT-1779359582000-16,BINANCE_MAY,BTCUSDT,2026-05-21,1779359899000,2026-05-21T10:38:19+00:00,SHORT,DISTRIBUTION,RANGE,-0.2242,-0.4811,0.09211558487763832,0.0444,0.929,0.22250847911616967,0.1053,6,1,0,1,1,1,0,3,BINANCE_MAY_SHORT_768,CLEAR,77276.592375,77418.35,76810.95,75274.73,77963.11,0,not_TREND_DOWN,HYBRID_REJECT,M4_THIN_ONLY_REJECT,REJECT
BTCUSDT-SHORT-1779359514000-15,BINANCE_MAY,BTCUSDT,2026-05-21,1779359899000,2026-05-21T10:38:19+00:00,SHORT,DISTRIBUTION,RANGE,-0.2242,-0.4811,0.17127451040594313,0.0444,0.929,0.22250847911616967,0.1053,6,0,0,0,1,1,0,2,BINANCE_MAY_SHORT_772,CLEAR,77166.847275,77418.35,77292.6,75746.75,78451.99,0,not_TREND_DOWN,HYBRID_REJECT,M4_THIN_ONLY_REJECT,REJECT
BTCUSDT-LONG-1779360866000-17,BINANCE_MAY,BTCUSDT,2026-05-21,1779361051000,2026-05-21T10:57:31+00:00,LONG,ACCUMULATION,RANGE,-0.4281,-0.5972,0.1821990999097461,-0.1546,0.803,0,0.1035,8,0,1,0,0,1,0,1,BINANCE_MAY_LONG_772,CLEAR,77160.15,77270.35,77215.25,75670.94,78373.48,0,not_TREND_DOWN;not_SHORT;buyer_absorption,HYBRID_REJECT,M4_THIN_ONLY_REJECT,REJECT
BTCUSDT-LONG-1779362883000-18,BINANCE_MAY,BTCUSDT,2026-05-21,1779363742000,2026-05-21T11:42:22+00:00,LONG,ACCUMULATION,RANGE,-0.3902,-0.0881,0.10145127529491052,-0.1171,1.172,0,0.1033,9,0,1,0,0,1,0,1,BINANCE_MAY_LONG_772,CLEAR,77182.35,77342.75,77262.55,75717.3,78421.49,0,not_TREND_DOWN;not_SHORT;buyer_absorption,HYBRID_REJECT,M4_THIN_ONLY_REJECT,REJECT
BTCUSDT-LONG-1779366351000-19,BINANCE_MAY,BTCUSDT,2026-05-21,1779366692000,2026-05-21T12:31:32+00:00,LONG,ACCUMULATION,RANGE,-0.5191,-0.2846,0.08437464552413017,-0.2797,1.191,0,0.1039,8,1,1,1,0,1,0,2,BINANCE_MAY_LONG_774,CLEAR,77043.55,77166.714075,77453.45,75904.38,78615.25,0,not_TREND_DOWN;not_SHORT;buyer_absorption,HYBRID_REJECT,M4_THIN_ONLY_REJECT,REJECT
BTCUSDT-LONG-1779371170000-20,BINANCE_MAY,BTCUSDT,2026-05-21,1779371350000,2026-05-21T13:49:10+00:00,LONG,ACCUMULATION,RANGE,-0.9266,-0.6221,0.16356236821848322,-0.1745,10.126,0.05813769963120363,0.1053,6,0,1,0,0,1,0,1,BINANCE_MAY_LONG_777,CLEAR,76800.05,76943.05,77732.15,76177.51,78898.13,0,not_TREND_DOWN;not_SHORT;buyer_absorption,HYBRID_REJECT,M4_THIN_ONLY_REJECT,REJECT
BTCUSDT-LONG-1779371350000-21,BINANCE_MAY,BTCUSDT,2026-05-21,1779372024000,2026-05-21T14:00:24+00:00,LONG,ACCUMULATION,RANGE,-0.5179,-0.2079,0.14351598080926709,0.0679,2.247,0,0.1036,9,1,0,1,1,1,0,3,BINANCE_MAY_LONG_777,CLEAR,76743.25,77165.25,77794.25,76238.37,78961.16,0,not_TREND_DOWN;not_SHORT,HYBRID_REJECT,M4_THIN_ONLY_REJECT,REJECT
BTCUSDT-SHORT-1779371412000-22,BINANCE_MAY,BTCUSDT,2026-05-21,1779372363000,2026-05-21T14:06:03+00:00,SHORT,DISTRIBUTION,RANGE,-0.535,-0.2511,0.17689867481058716,-0.0398,1.133,0,0.1045,8,0,0,0,0,1,0,1,BINANCE_MAY_SHORT_769,CLEAR,76734.063775,77215.45,76974.76,75435.26,78129.38,0,not_TREND_DOWN,HYBRID_REJECT,M4_THIN_ONLY_REJECT,REJECT
BTCUSDT-SHORT-1779372363000-23,BINANCE_MAY,BTCUSDT,2026-05-21,1779375487000,2026-05-21T14:58:07+00:00,SHORT,DISTRIBUTION,RANGE,-0.7536,-0.129,-0.026508197122268273,0.0338,2.983,0.0338788096856415,0.1027,11,1,0,1,1,1,0,3,BINANCE_MAY_SHORT_769,CLEAR,76747.15,77174.15,76960.65,75421.44,78115.06,0,not_TREND_DOWN,HYBRID_REJECT,M4_THIN_ONLY_REJECT,REJECT
BTCUSDT-LONG-1779378060000-24,BINANCE_MAY,BTCUSDT,2026-05-21,1779379403000,2026-05-21T16:03:23+00:00,LONG,ACCUMULATION,RANGE,-0.411,0.283,-0.025458090057007755,-0.139,-0.038,0,0.1029,13,0,1,0,0,0,0,0,BINANCE_MAY_LONG_774,CLEAR,77122.15,77368.95,77415.45,75867.14,78576.68,0,not_TREND_DOWN;not_SHORT;prior_60m_not_negative;buyer_absorption,HYBRID_REJECT,M4_THIN_ONLY_REJECT,REJECT
BTCUSDT-SHORT-1779391977000-25,BINANCE_MAY,BTCUSDT,2026-05-21,1779393302000,2026-05-21T19:55:02+00:00,SHORT,DISTRIBUTION,RANGE,0.1523,0.5072,-0.05499420742456944,-0.1748,-0.254,0,0.1058,5,0,1,0,0,0,0,0,BINANCE_MAY_SHORT_776,CLEAR,77490.85,77777.15,77634.0,76081.32,78798.51,0,not_TREND_DOWN;prior_60m_not_negative;buyer_absorption,HYBRID_REJECT,M4_THIN_ONLY_REJECT,REJECT
BTCUSDT-SHORT-1779409025000-1,BINANCE_MAY,BTCUSDT,2026-05-22,1779409226000,2026-05-22T00:20:26+00:00,SHORT,DISTRIBUTION,RANGE,-0.1865,-0.152,0.29458267517085346,0.0368,-6.081,0.1820298671913687,0.1057,5,0,1,0,1,0,0,1,BINANCE_MAY_SHORT_772,CLEAR,77254.70332500001,77331.996675,77213.05,75668.79,78371.25,0,not_TREND_DOWN;buyer_absorption,HYBRID_REJECT,M4_THIN_ONLY_REJECT,REJECT
BTCUSDT-SHORT-1779411938000-2,BINANCE_MAY,BTCUSDT,2026-05-22,1779412118000,2026-05-22T01:08:38+00:00,SHORT,DISTRIBUTION,RANGE,-0.7463,-0.1856,0.23910121836491527,0.093,-3.776,0.21999267389390387,0.1046,5,0,1,0,1,0,0,1,BINANCE_MAY_SHORT_771,CLEAR,77194.28355,77271.51645,77154.45,75611.36,78311.77,0,not_TREND_DOWN;buyer_absorption,HYBRID_REJECT,M4_THIN_ONLY_REJECT,REJECT
BTCUSDT-SHORT-1779414465000-3,BINANCE_MAY,BTCUSDT,2026-05-22,1779414645000,2026-05-22T01:50:45+00:00,SHORT,DISTRIBUTION,RANGE,-0.3536,0.2592,0.36769580629672777,-0.3254,-16.726,0.10490701689664661,0.1056,4,0,1,0,0,0,0,0,BINANCE_MAY_SHORT_772,CLEAR,77312.92420000001,77390.2758,77274.05,75728.57,78433.16,0,not_TREND_DOWN;prior_60m_not_negative;buyer_absorption,HYBRID_REJECT,M4_THIN_ONLY_REJECT,REJECT
BTCUSDT-SHORT-1779416443000-4,BINANCE_MAY,BTCUSDT,2026-05-22,1779416623000,2026-05-22T02:23:43+00:00,SHORT,DISTRIBUTION,RANGE,-0.4915,0.2677,0.5339892290334477,-0.1741,4.079,0.16048946062093405,0.1054,4,0,1,0,0,1,0,1,BINANCE_MAY_SHORT_773,CLEAR,77374.44342499999,77451.856575,77330.1,75783.5,78490.05,0,not_TREND_DOWN;prior_60m_not_negative;buyer_absorption,HYBRID_REJECT,M4_THIN_ONLY_REJECT,REJECT
BTCUSDT-SHORT-1779422839000-5,BINANCE_MAY,BTCUSDT,2026-05-22,1779423019000,2026-05-22T04:10:19+00:00,SHORT,DISTRIBUTION,RANGE,-0.1702,0.1875,0.8231903283156067,-0.2236,-6.677,0.3676856332381421,0.1049,7,0,1,0,0,0,0,0,BINANCE_MAY_SHORT_773,CLEAR,77435.213025,77512.68697500002,77382.2,75834.56,78542.93,0,not_TREND_DOWN;prior_60m_not_negative;buyer_absorption,HYBRID_REJECT,M4_THIN_ONLY_REJECT,REJECT
BTCUSDT-SHORT-1779440811000-6,BINANCE_MAY,BTCUSDT,2026-05-22,1779441142000,2026-05-22T09:12:22+00:00,SHORT,DISTRIBUTION,RANGE,-0.91,-0.226,0.18557005414904118,0.0251,-1.546,0.2761582787136133,0.1029,12,0,0,0,1,0,0,1,BINANCE_MAY_SHORT_770,CLEAR,77136.31254999999,77213.48745,77088.25,75546.49,78244.57,0,not_TREND_DOWN,HYBRID_REJECT,M4_THIN_ONLY_REJECT,REJECT
BTCUSDT-LONG-1779456909000-9,BINANCE_MAY,BTCUSDT,2026-05-22,1779457106000,2026-05-22T13:38:26+00:00,LONG,ACCUMULATION,RANGE,0.1657,-0.3032,0.17468051462713585,-0.1907,0.817,0,0.1026,13,0,1,0,0,1,0,1,BINANCE_MAY_LONG_771,CLEAR,77151.55,77247.354375,77199.45,75655.46,78357.44,0,not_TREND_DOWN;not_SHORT;buyer_absorption,HYBRID_REJECT,M4_THIN_ONLY_REJECT,REJECT
BTCUSDT-SHORT-1779459206000-11,BINANCE_MAY,BTCUSDT,2026-05-22,1779459471000,2026-05-22T14:17:51+00:00,SHORT,DISTRIBUTION,RANGE,0.0574,-0.6073,0.14091827933003856,0.0732,12.619,0.05940269461899306,0.1016,15,1,0,1,1,1,0,3,BINANCE_MAY_SHORT_768,CLEAR,76985.45,77088.575025,76877.75,75340.19,78030.92,0,not_TREND_DOWN,HYBRID_REJECT,M4_THIN_ONLY_REJECT,REJECT
BTCUSDT-LONG-1779458993000-10,BINANCE_MAY,BTCUSDT,2026-05-22,1779460031000,2026-05-22T14:27:11+00:00,LONG,ACCUMULATION,RANGE,-0.1462,-0.6245,0.14894482821897423,-0.1275,-0.066,0,0.1038,9,0,1,0,0,0,0,0,BINANCE_MAY_LONG_769,CLEAR,76736.65,77107.284375,76921.97,75383.53,78075.8,0,not_TREND_DOWN;not_SHORT;buyer_absorption,HYBRID_REJECT,M4_THIN_ONLY_REJECT,REJECT
BTCUSDT-SHORT-1779460506000-12,BINANCE_MAY,BTCUSDT,2026-05-22,1779460686000,2026-05-22T14:38:06+00:00,SHORT,DISTRIBUTION,RANGE,-0.4676,-0.54,-0.22650510133662152,-0.0647,-0.015,0.4671905016642407,0.1007,20,1,0,1,0,0,0,1,BINANCE_MAY_SHORT_765,CLEAR,76758.651475,76835.448525,76545.75,75014.83,77693.94,0,not_TREND_DOWN,HYBRID_REJECT,M4_THIN_ONLY_REJECT,REJECT
BTCUSDT-SHORT-1779461413000-13,BINANCE_MAY,BTCUSDT,2026-05-22,1779461593000,2026-05-22T14:53:13+00:00,SHORT,DISTRIBUTION,RANGE,-0.2595,-0.5343,0.052577438229287614,-0.4115,3.259,0.4684300887345769,0.101,21,0,1,0,0,1,0,1,BINANCE_MAY_SHORT_761,CLEAR,76697.881875,76774.618125,76140.1,74617.3,77282.2,0,not_TREND_DOWN;buyer_absorption,HYBRID_REJECT,M4_THIN_ONLY_REJECT,REJECT
BTCUSDT-LONG-1779464653000-14,BINANCE_MAY,BTCUSDT,2026-05-22,1779465494000,2026-05-22T15:58:14+00:00,LONG,ACCUMULATION,RANGE,-0.575,-0.0001,0.32607805336607465,0.069,2.243,0,0.1041,10,1,1,1,1,1,0,3,BINANCE_MAY_LONG_769,CLEAR,76625.05,76789.95,76962.95,75423.69,78117.39,0,not_TREND_DOWN;not_SHORT;buyer_absorption,HYBRID_REJECT,M4_THIN_ONLY_REJECT,REJECT
BTCUSDT-SHORT-1779465008000-15,BINANCE_MAY,BTCUSDT,2026-05-22,1779465598000,2026-05-22T15:59:58+00:00,SHORT,DISTRIBUTION,RANGE,-0.606,0.0283,0.26250277294290886,-0.1142,0.454,0.17717965383944556,0.1028,14,0,1,0,0,1,0,1,BINANCE_MAY_SHORT_765,CLEAR,76625.05,76791.35,76584.35,75052.66,77733.12,0,not_TREND_DOWN;prior_60m_not_negative;buyer_absorption,HYBRID_REJECT,M4_THIN_ONLY_REJECT,REJECT
BTCUSDT-SHORT-1779467230000-16,BINANCE_MAY,BTCUSDT,2026-05-22,1779467926000,2026-05-22T16:38:46+00:00,SHORT,DISTRIBUTION,RANGE,-0.1945,0.2145,0.058887430126850826,-0.0401,-0.051,0,0.1023,16,0,0,0,0,0,0,0,BINANCE_MAY_SHORT_767,CLEAR,76819.720925,76936.65,76778.35,75242.78,77930.03,0,not_TREND_DOWN;prior_60m_not_negative,HYBRID_REJECT,M4_THIN_ONLY_REJECT,REJECT
BTCUSDT-LONG-1779476321000-17,BINANCE_MAY,BTCUSDT,2026-05-22,1779476501000,2026-05-22T19:01:41+00:00,LONG,ACCUMULATION,RANGE,-1.0894,-0.2336,0.09978802199711254,0.1249,0.815,0.12542875559150557,0.1058,6,1,0,1,1,1,0,3,BINANCE_MAY_LONG_764,CLEAR,76441.809975,76554.05,76497.93,74967.97,77645.4,0,not_TREND_DOWN;not_SHORT,HYBRID_REJECT,M4_THIN_ONLY_REJECT,REJECT
BTCUSDT-LONG-1779476493000-18,BINANCE_MAY,BTCUSDT,2026-05-22,1779477261000,2026-05-22T19:14:21+00:00,LONG,ACCUMULATION,RANGE,-1.6573,-0.7221,0.044915182450126184,-0.2457,0.646,0.28497933186671975,0.108,3,0,1,0,0,1,0,1,BINANCE_MAY_LONG_763,CLEAR,76177.15,76592.327025,76384.74,74857.04,77530.51,0,not_TREND_DOWN;not_SHORT;buyer_absorption,HYBRID_REJECT,M4_THIN_ONLY_REJECT,REJECT
BTCUSDT-LONG-1779477261000-19,BINANCE_MAY,BTCUSDT,2026-05-22,1779477442000,2026-05-22T19:17:22+00:00,LONG,ACCUMULATION,RANGE,-1.6231,-0.7747,0.22068815431727196,-0.2353,-0.024,0.29685175723155355,0.1079,2,0,1,0,0,0,0,0,BINANCE_MAY_LONG_762,CLEAR,76170.245825,76308.25,76239.25,74714.46,77382.84,0,not_TREND_DOWN;not_SHORT;buyer_absorption,HYBRID_REJECT,M4_THIN_ONLY_REJECT,REJECT
BTCUSDT-SHORT-1779478080000-20,BINANCE_MAY,BTCUSDT,2026-05-22,1779479185000,2026-05-22T19:46:25+00:00,SHORT,DISTRIBUTION,RANGE,-2.4651,-0.7091,0.1306254461552012,0.0168,2.284,0.5199397141071032,0.1015,17,1,0,1,1,1,0,3,BINANCE_MAY_SHORT_755,CLEAR,75620.35,76330.49617500001,75527.75,74017.19,76660.67,0,not_TREND_DOWN,HYBRID_REJECT,M4_THIN_ONLY_REJECT,REJECT
BTCUSDT-SHORT-1779478203000-21,BINANCE_MAY,BTCUSDT,2026-05-22,1779479185000,2026-05-22T19:46:25+00:00,SHORT,DISTRIBUTION,RANGE,-2.4651,-0.7091,0.18754436634478208,0.0168,2.284,0.5199397141071032,0.1015,17,1,0,1,1,1,0,3,BINANCE_MAY_SHORT_755,CLEAR,75620.35,76245.853875,75527.75,74017.19,76660.67,0,not_TREND_DOWN,HYBRID_REJECT,M4_THIN_ONLY_REJECT,REJECT
BTCUSDT-LONG-1779479332000-22,BINANCE_MAY,BTCUSDT,2026-05-22,1779480095000,2026-05-22T20:01:35+00:00,LONG,ACCUMULATION,RANGE,-2.2912,-0.83,0.24199445790082189,0.038,-0.052,0.39558762887568155,0.1077,3,1,1,1,1,0,0,2,BINANCE_MAY_LONG_756,CLEAR,75328.75,76054.05,75691.4,74177.57,76826.77,0,not_TREND_DOWN;not_SHORT;buyer_absorption,HYBRID_REJECT,M4_THIN_ONLY_REJECT,REJECT
BTCUSDT-LONG-1779480095000-23,BINANCE_MAY,BTCUSDT,2026-05-22,1779480275000,2026-05-22T20:04:35+00:00,LONG,ACCUMULATION,RANGE,-2.3161,-0.752,0.0903002816035859,0.0671,3.944,0.42239886265347326,0.1079,4,0,0,0,1,1,0,2,BINANCE_MAY_LONG_758,CLEAR,75822.65,75935.098575,75878.87,74361.3,77017.06,0,not_TREND_DOWN;not_SHORT,HYBRID_REJECT,M4_THIN_ONLY_REJECT,REJECT
BTCUSDT-LONG-1779483676000-24,BINANCE_MAY,BTCUSDT,2026-05-22,1779484637000,2026-05-22T21:17:17+00:00,LONG,ACCUMULATION,RANGE,-2.2666,0.0636,0.12033137931564225,0.005,1.536,0.29242676741383833,0.1078,4,1,0,1,1,1,0,3,BINANCE_MAY_LONG_759,CLEAR,75925.15,76004.333175,75964.74,74445.45,77104.21,0,not_TREND_DOWN;not_SHORT;prior_60m_not_negative,HYBRID_REJECT,M4_THIN_ONLY_REJECT,REJECT
BTCUSDT-SHORT-1779494198000-27,BINANCE_MAY,BTCUSDT,2026-05-22,1779494378000,2026-05-22T23:59:38+00:00,SHORT,DISTRIBUTION,TREND_DOWN,-2.6645,-0.2589,0.11367092895925156,0.1708,3.381,0.11336258946831457,0.1039,9,1,0,1,1,1,0,3,BINANCE_MAY_SHORT_755,CLEAR,75507.35,75582.92257499999,75545.14,74034.23,76678.31,1,,HYBRID_PASS,M4_THIN_ONLY_REJECT,ACCEPT
BTCUSDT-LONG-1779494431000-1,BINANCE_MAY,BTCUSDT,2026-05-23,1779494843000,2026-05-23T00:07:23+00:00,LONG,ACCUMULATION,TREND_DOWN,-2.6094,-0.355,-0.9793417233974,-0.043,-7.005,0.9149587991802913,0.1087,8,0,0,0,0,0,0,0,BINANCE_MAY_LONG_763,CLEAR,76272.994425,76367.5,76320.25,74793.84,77465.05,0,not_SHORT,HYBRID_REJECT,M4_THIN_ONLY_REJECT,REJECT
BTCUSDT-LONG-1779496376000-2,BINANCE_MAY,BTCUSDT,2026-05-23,1779496556000,2026-05-23T00:35:56+00:00,LONG,ACCUMULATION,TREND_DOWN,-2.8016,-0.4647,-0.9902697584403919,-0.1826,-8.511,0.8989927491744377,0.108,6,0,1,0,0,0,0,0,BINANCE_MAY_LONG_762,CLEAR,76189.73607500001,76277.85,76233.79,74709.12,77377.3,0,not_SHORT;buyer_absorption,HYBRID_REJECT,M4_THIN_ONLY_REJECT,REJECT
BTCUSDT-LONG-1779496841000-3,BINANCE_MAY,BTCUSDT,2026-05-23,1779497021000,2026-05-23T00:43:41+00:00,LONG,ACCUMULATION,TREND_DOWN,-2.8197,-0.6972,-0.9905550233043866,-0.2214,0.307,0.9078924795914421,0.1079,6,0,1,0,0,1,0,1,BINANCE_MAY_LONG_761,CLEAR,76130.61564999999,76209.9,76170.26,74646.85,77312.81,0,not_SHORT;buyer_absorption,HYBRID_REJECT,M4_THIN_ONLY_REJECT,REJECT
BTCUSDT-LONG-1779522387000-4,BINANCE_MAY,BTCUSDT,2026-05-23,1779522567000,2026-05-23T07:49:27+00:00,LONG,ACCUMULATION,TREND_DOWN,-3.0189,-0.3698,-0.9939095556554398,-0.0083,-23.068,0.9323914651486678,0.1034,12,0,0,0,0,0,0,0,BINANCE_MAY_LONG_762,CLEAR,76032.35,76146.104025,76216.4,74692.07,77359.65,0,not_SHORT,HYBRID_REJECT,M4_THIN_ONLY_REJECT,REJECT
BTCUSDT-LONG-1779522735000-5,BINANCE_MAY,BTCUSDT,2026-05-23,1779522915000,2026-05-23T07:55:15+00:00,LONG,ACCUMULATION,TREND_DOWN,-3.7112,-1.1422,-0.9937487465426821,-0.1275,-64.738,0.9421874952795523,0.1055,9,0,1,0,0,0,0,0,BINANCE_MAY_LONG_765,CLEAR,75718.4,77374.95,76546.67,75015.74,77694.88,0,not_SHORT;buyer_absorption,HYBRID_REJECT,M4_THIN_ONLY_REJECT,REJECT
BTCUSDT-LONG-1779522811000-6,BINANCE_MAY,BTCUSDT,2026-05-23,1779523663000,2026-05-23T08:07:43+00:00,LONG,ACCUMULATION,TREND_DOWN,-3.6394,-0.9657,-0.9940121014991941,0.1099,-10.34,0.946295843202713,0.1041,13,0,0,0,1,0,0,1,BINANCE_MAY_LONG_765,CLEAR,75718.4,77374.95,76546.67,75015.74,77694.88,0,not_SHORT,HYBRID_REJECT,M4_THIN_ONLY_REJECT,REJECT
BTCUSDT-LONG-1779525537000-7,BINANCE_MAY,BTCUSDT,2026-05-23,1779525717000,2026-05-23T08:41:57+00:00,LONG,ACCUMULATION,TREND_DOWN,-3.7451,-1.184,-0.9944242177355705,-0.1846,-10.763,0.9529343129381271,0.1039,13,0,1,0,0,0,0,0,BINANCE_MAY_LONG_758,CLEAR,75706.02805,75781.77195,75869.6,74352.21,77007.64,0,not_SHORT;buyer_absorption,HYBRID_REJECT,M4_THIN_ONLY_REJECT,REJECT
BTCUSDT-LONG-1779531708000-8,BINANCE_MAY,BTCUSDT,2026-05-23,1779531915000,2026-05-23T10:25:15+00:00,LONG,ACCUMULATION,TREND_DOWN,-3.3545,0.0611,-0.9949221428358492,0.0272,-2.664,0.9528961687056721,0.1025,17,0,0,0,1,0,0,1,BINANCE_MAY_LONG_760,CLEAR,75885.0385,75960.9615,76000.35,74480.34,77140.36,0,not_SHORT;prior_60m_not_negative,HYBRID_REJECT,M4_THIN_ONLY_REJECT,REJECT
BTCUSDT-LONG-1779542022000-9,BINANCE_MAY,BTCUSDT,2026-05-23,1779542819000,2026-05-23T13:26:59+00:00,LONG,ACCUMULATION,TREND_DOWN,-3.0819,0.3648,-0.9956000855299748,0.1674,-6.327,0.9553865690703088,0.1008,17,0,0,0,1,0,0,1,BINANCE_MAY_LONG_761,CLEAR,75972.09495,76065.79999999999,76103.9,74581.82,77245.46,0,not_SHORT;prior_60m_not_negative,HYBRID_REJECT,M4_THIN_ONLY_REJECT,REJECT
BTCUSDT-LONG-1779547725000-10,BINANCE_MAY,BTCUSDT,2026-05-23,1779547905000,2026-05-23T14:51:45+00:00,LONG,ACCUMULATION,RANGE,-1.7451,0.4339,-0.9937586723660159,0.1808,-4.451,0.9024942119957555,0.1039,10,0,0,0,1,0,0,1,BINANCE_MAY_LONG_763,CLEAR,76236.41272499999,76312.68727499999,76370.35,74842.94,77515.91,0,not_TREND_DOWN;not_SHORT;prior_60m_not_negative,HYBRID_REJECT,M4_THIN_ONLY_REJECT,REJECT
BTCUSDT-LONG-1779549307000-11,BINANCE_MAY,BTCUSDT,2026-05-23,1779549487000,2026-05-23T15:18:07+00:00,LONG,ACCUMULATION,RANGE,-1.5767,0.5067,-0.9932409276799704,-0.0784,-2.952,0.8824449247046011,0.1032,12,0,0,0,0,0,0,0,BINANCE_MAY_LONG_764,CLEAR,76312.37472499999,76388.72527499999,76427.7,74899.15,77574.12,0,not_TREND_DOWN;not_SHORT;prior_60m_not_negative,HYBRID_REJECT,M4_THIN_ONLY_REJECT,REJECT
BTCUSDT-LONG-1779560787000-12,BINANCE_MAY,BTCUSDT,2026-05-23,1779561537000,2026-05-23T18:38:57+00:00,LONG,ACCUMULATION,RANGE,-1.117,0.512,-0.9907737963341394,0.2292,-25.311,0.7776248863670691,0.1052,13,0,0,0,1,0,0,1,BINANCE_MAY_LONG_765,CLEAR,76402.229775,76550,76589.3,75057.51,77738.14,0,not_TREND_DOWN;not_SHORT;prior_60m_not_negative,HYBRID_REJECT,M4_THIN_ONLY_REJECT,REJECT
BTCUSDT-LONG-1779567762000-13,BINANCE_MAY,BTCUSDT,2026-05-23,1779567942000,2026-05-23T20:25:42+00:00,LONG,ACCUMULATION,RANGE,0.1831,0.1682,-0.9881534092405939,-0.1209,-11.244,0.7357137168091967,0.1051,10,0,1,0,0,0,0,0,BINANCE_MAY_LONG_766,CLEAR,76539.061325,76615.63867500001,76676.45,75142.92,77826.6,0,not_TREND_DOWN;not_SHORT;prior_60m_not_negative;buyer_absorption,HYBRID_REJECT,M4_THIN_ONLY_REJECT,REJECT
BTCUSDT-LONG-1779569432000-14,BINANCE_MAY,BTCUSDT,2026-05-23,1779569612000,2026-05-23T20:53:32+00:00,LONG,ACCUMULATION,RANGE,1.0032,1.1218,-0.04407121996487767,-0.0782,3.859,0.12536635117216255,0.1049,10,0,0,0,0,1,0,1,BINANCE_MAY_LONG_770,CLEAR,76898.45,77008.28489999998,77070.3,75528.89,78226.35,0,not_TREND_DOWN;not_SHORT;prior_60m_not_negative,HYBRID_REJECT,M4_THIN_ONLY_REJECT,REJECT
BTCUSDT-LONG-1779569504000-15,BINANCE_MAY,BTCUSDT,2026-05-23,1779569684000,2026-05-23T20:54:44+00:00,LONG,ACCUMULATION,RANGE,0.9985,1.1933,-0.4605402360671971,-0.0888,-0.652,0.07362169819258046,0.1046,11,0,0,0,0,0,0,0,BINANCE_MAY_LONG_770,CLEAR,76873.14420000001,76969.79999999999,77070.3,75528.89,78226.35,0,not_TREND_DOWN;not_SHORT;prior_60m_not_negative,HYBRID_REJECT,M4_THIN_ONLY_REJECT,REJECT
BTCUSDT-LONG-1779569722000-16,BINANCE_MAY,BTCUSDT,2026-05-23,1779572731000,2026-05-23T21:45:31+00:00,LONG,ACCUMULATION,RANGE,0.9292,-0.1986,-0.21120537581609675,0.0409,6.584,0,0.1062,6,0,0,0,1,1,0,2,BINANCE_MAY_LONG_768,CLEAR,76362.95,77374.95,76868.95,75331.57,78021.98,0,not_TREND_DOWN;not_SHORT,HYBRID_REJECT,M4_THIN_ONLY_REJECT,REJECT
BTCUSDT-SHORT-1779572854000-17,BINANCE_MAY,BTCUSDT,2026-05-23,1779573673000,2026-05-23T22:01:13+00:00,SHORT,DISTRIBUTION,RANGE,1.0893,-0.6682,0.058368817228526104,-0.0867,-0.006,0.09117413713166478,0.1081,6,0,0,0,0,0,0,0,BINANCE_MAY_SHORT_764,CLEAR,76531.35,76812.25,76482.05,74952.41,77629.28,0,not_TREND_DOWN,HYBRID_REJECT,M4_THIN_ONLY_REJECT,REJECT
BTCUSDT-SHORT-1779573673000-18,BINANCE_MAY,BTCUSDT,2026-05-23,1779573916000,2026-05-23T22:05:16+00:00,SHORT,DISTRIBUTION,RANGE,1.2532,-0.2201,-0.07159361251132455,-0.202,0.779,0.10923045570120127,0.1082,6,1,1,1,0,1,0,2,BINANCE_MAY_SHORT_765,CLEAR,76738.661475,76864.05,76558.85,75027.67,77707.23,0,not_TREND_DOWN;buyer_absorption,HYBRID_REJECT,M4_THIN_ONLY_REJECT,REJECT
BTCUSDT-SHORT-1779575764000-19,BINANCE_MAY,BTCUSDT,2026-05-23,1779576376000,2026-05-23T22:46:16+00:00,SHORT,DISTRIBUTION,RANGE,1.0942,-0.3345,-0.024613204298450132,-0.0111,-0.515,0.15142350593785892,0.1082,3,1,0,1,0,0,0,1,BINANCE_MAY_SHORT_765,CLEAR,76362.95,76787.65,76575.3,75043.79,77723.93,0,not_TREND_DOWN,HYBRID_REJECT,M4_THIN_ONLY_REJECT,REJECT
BTCUSDT-SHORT-1779580831000-1,BINANCE_MAY,BTCUSDT,2026-05-24,1779581491000,2026-05-24T00:11:31+00:00,SHORT,DISTRIBUTION,RANGE,1.4725,-0.0725,0.9942797230830904,0.1443,-2.162,0.4991524810223754,0.1089,5,0,1,0,1,0,0,1,BINANCE_MAY_SHORT_760,CLEAR,76064.95,76167.514725,76014.5,74494.21,77154.72,0,not_TREND_DOWN;buyer_absorption,HYBRID_REJECT,M4_THIN_ONLY_REJECT,REJECT
BTCUSDT-SHORT-1779583671000-2,BINANCE_MAY,BTCUSDT,2026-05-24,1779583851000,2026-05-24T00:50:51+00:00,SHORT,DISTRIBUTION,RANGE,1.9381,0.1311,0.9969220737092828,-0.2033,-5.828,0.5335358724558764,0.109,1,0,1,0,0,0,0,0,BINANCE_MAY_SHORT_761,CLEAR,76147.95,76242.60225,76109.65,74587.46,77251.29,0,not_TREND_DOWN;prior_60m_not_negative;buyer_absorption,HYBRID_REJECT,M4_THIN_ONLY_REJECT,REJECT
BTCUSDT-SHORT-1779605511000-3,BINANCE_MAY,BTCUSDT,2026-05-24,1779605691000,2026-05-24T06:54:51+00:00,SHORT,DISTRIBUTION,RANGE,2.1345,0.2373,0.9978268751695007,-0.3012,-15.56,0.8223670136239732,0.106,7,0,1,0,0,0,0,0,BINANCE_MAY_SHORT_760,CLEAR,76233.36425,76309.63575,76082.9,74561.24,77224.14,0,not_TREND_DOWN;prior_60m_not_negative;buyer_absorption,HYBRID_REJECT,M4_THIN_ONLY_REJECT,REJECT
BTCUSDT-SHORT-1779618423000-4,BINANCE_MAY,BTCUSDT,2026-05-24,1779618603000,2026-05-24T10:30:03+00:00,SHORT,DISTRIBUTION,TREND_UP,3.3071,0.3437,0.9976936179736164,-0.4642,-30.64,0.8822297868009463,0.106,5,0,1,0,0,0,0,0,BINANCE_MAY_SHORT_761,CLEAR,75783.95,76517,76150.48,74627.47,77292.73,0,not_TREND_DOWN;prior_60m_not_negative;buyer_absorption,HYBRID_REJECT,M4_THIN_ONLY_REJECT,REJECT
BTCUSDT-SHORT-1779639657000-5,BINANCE_MAY,BTCUSDT,2026-05-24,1779639958000,2026-05-24T16:25:58+00:00,SHORT,DISTRIBUTION,RANGE,1.5518,0.1724,0.9390170237935936,-0.1131,-0.0,0.689258066349007,0.1046,11,0,1,0,0,0,0,0,BINANCE_MAY_SHORT_758,CLEAR,76007.427275,76083.472725,75817.75,74301.4,76955.02,0,not_TREND_DOWN;prior_60m_not_negative;buyer_absorption,HYBRID_REJECT,M4_THIN_ONLY_REJECT,REJECT
BTCUSDT-SHORT-1779658938000-6,BINANCE_MAY,BTCUSDT,2026-05-24,1779659477000,2026-05-24T21:51:17+00:00,SHORT,DISTRIBUTION,RANGE,-0.6762,-0.5969,0.9973185504271528,0.1713,-8.828,0.5704674473814458,0.1039,10,0,1,0,1,0,0,1,BINANCE_MAY_SHORT_758,CLEAR,75783.95,75936.09907499999,75860.02,74342.82,76997.92,0,not_TREND_DOWN;buyer_absorption,HYBRID_REJECT,M4_THIN_ONLY_REJECT,REJECT
BTCUSDT-SHORT-1779660202000-7,BINANCE_MAY,BTCUSDT,2026-05-24,1779660382000,2026-05-24T22:06:22+00:00,SHORT,DISTRIBUTION,RANGE,-0.0975,0.0286,0.996923230027948,-0.1592,-38.787,0.6378564483305484,0.105,10,0,1,0,0,0,0,0,BINANCE_MAY_SHORT_761,CLEAR,75948.70665,76344.55,76146.63,74623.7,77288.83,0,not_TREND_DOWN;prior_60m_not_negative;buyer_absorption,HYBRID_REJECT,M4_THIN_ONLY_REJECT,REJECT
BTCUSDT-SHORT-1779667293000-1,BINANCE_MAY,BTCUSDT,2026-05-25,1779667473000,2026-05-25T00:04:33+00:00,SHORT,DISTRIBUTION,RANGE,0.5913,0.3556,0.5501553831005664,-0.1065,,0.2627069136325684,0.1103,4,0,1,0,0,0,0,0,BINANCE_MAY_SHORT_767,CLEAR,76820.72042499999,76897.579575,76746.05,75211.13,77897.24,0,not_TREND_DOWN;prior_60m_not_negative;buyer_absorption,HYBRID_REJECT,M4_THIN_ONLY_REJECT,REJECT
BTCUSDT-SHORT-1779674777000-2,BINANCE_MAY,BTCUSDT,2026-05-25,1779674957000,2026-05-25T02:09:17+00:00,SHORT,DISTRIBUTION,RANGE,0.629,0.3347,0.4908616669232077,-0.2697,-43.106,0.36655116589502446,0.1064,8,0,1,0,0,0,0,0,BINANCE_MAY_SHORT_768,CLEAR,76879.3411,77024.9,76838.6,75301.83,77991.18,0,not_TREND_DOWN;prior_60m_not_negative;buyer_absorption,HYBRID_REJECT,M4_THIN_ONLY_REJECT,REJECT
BTCUSDT-SHORT-1779674841000-3,BINANCE_MAY,BTCUSDT,2026-05-25,1779675021000,2026-05-25T02:10:21+00:00,SHORT,DISTRIBUTION,RANGE,0.6545,0.4068,0.9696863108751953,-0.2846,-38.168,0.32332362088986255,0.1071,5,0,1,0,0,0,0,0,BINANCE_MAY_SHORT_770,CLEAR,76775.05,77238.1,77006.58,75466.44,78161.67,0,not_TREND_DOWN;prior_60m_not_negative;buyer_absorption,HYBRID_REJECT,M4_THIN_ONLY_REJECT,REJECT
BTCUSDT-SHORT-1779681883000-4,BINANCE_MAY,BTCUSDT,2026-05-25,1779682298000,2026-05-25T04:11:38+00:00,SHORT,DISTRIBUTION,RANGE,0.2433,-0.0917,0.45224497702888955,0.0049,-4.296,0.12123263437920895,0.104,10,0,1,0,1,0,0,1,BINANCE_MAY_SHORT_768,CLEAR,76762.249675,76839.05032499999,76800.65,75264.64,77952.66,0,not_TREND_DOWN;buyer_absorption,HYBRID_REJECT,M4_THIN_ONLY_REJECT,REJECT
BTCUSDT-SHORT-1779689347000-5,BINANCE_MAY,BTCUSDT,2026-05-25,1779689527000,2026-05-25T06:12:07+00:00,SHORT,DISTRIBUTION,RANGE,0.7461,0.0047,0.9742185800275577,-0.2436,-1.223,0.4086649304619955,0.1048,7,0,1,0,0,0,0,0,BINANCE_MAY_SHORT_770,CLEAR,76807.5,77238.1,77022.8,75482.34,78178.14,0,not_TREND_DOWN;prior_60m_not_negative;buyer_absorption,HYBRID_REJECT,M4_THIN_ONLY_REJECT,REJECT
BTCUSDT-SHORT-1779701657000-6,BINANCE_MAY,BTCUSDT,2026-05-25,1779701837000,2026-05-25T09:37:17+00:00,SHORT,DISTRIBUTION,RANGE,0.791,0.3194,0.976667263749892,-0.3882,0.342,0.4633719609952569,0.1061,5,0,1,0,0,1,0,1,BINANCE_MAY_SHORT_770,CLEAR,76807.5,77238.1,77022.8,75482.34,78178.14,0,not_TREND_DOWN;prior_60m_not_negative;buyer_absorption,HYBRID_REJECT,M4_THIN_ONLY_REJECT,REJECT
BTCUSDT-SHORT-1779721856000-7,BINANCE_MAY,BTCUSDT,2026-05-25,1779722036000,2026-05-25T15:13:56+00:00,SHORT,DISTRIBUTION,RANGE,1.6846,0.4009,0.9803995742367273,-0.1995,-4.944,0.6459807401163903,0.1062,4,0,1,0,0,0,0,0,BINANCE_MAY_SHORT_771,CLEAR,77156.152625,77238.1,77109.8,75567.6,78266.45,0,not_TREND_DOWN;prior_60m_not_negative;buyer_absorption,HYBRID_REJECT,M4_THIN_ONLY_REJECT,REJECT
BTCUSDT-LONG-1779753631000-1,BINANCE_MAY,BTCUSDT,2026-05-26,1779753811000,2026-05-26T00:03:31+00:00,LONG,ACCUMULATION,RANGE,0.217,0.1427,-0.3322922189589262,-0.1643,,0.18909895507357344,0.1056,10,0,1,0,0,0,0,0,BINANCE_MAY_LONG_774,CLEAR,77427.267,77504.733,77466.0,75916.68,78627.99,0,not_TREND_DOWN;not_SHORT;prior_60m_not_negative;buyer_absorption,HYBRID_REJECT,M4_THIN_ONLY_REJECT,REJECT
BTCUSDT-LONG-1779754519000-2,BINANCE_MAY,BTCUSDT,2026-05-26,1779754699000,2026-05-26T00:18:19+00:00,LONG,ACCUMULATION,RANGE,-0.014,-0.1399,-0.5008414882136554,-0.3225,-7.348,0,0.1036,13,0,1,0,0,0,0,0,BINANCE_MAY_LONG_774,CLEAR,77368.8962,77446.30380000001,77489.95,75940.15,78652.3,0,not_TREND_DOWN;not_SHORT;buyer_absorption,HYBRID_REJECT,M4_THIN_ONLY_REJECT,REJECT
BTCUSDT-LONG-1779755026000-3,BINANCE_MAY,BTCUSDT,2026-05-26,1779755206000,2026-05-26T00:26:46+00:00,LONG,ACCUMULATION,RANGE,-0.0912,-0.2187,-0.4342596484179097,-0.2975,-0.443,0,0.1035,12,0,1,0,0,0,0,0,BINANCE_MAY_LONG_774,CLEAR,77310.3255,77387.6745,77442.1,75893.26,78603.73,0,not_TREND_DOWN;not_SHORT;buyer_absorption,HYBRID_REJECT,M4_THIN_ONLY_REJECT,REJECT
BTCUSDT-LONG-1779755920000-4,BINANCE_MAY,BTCUSDT,2026-05-26,1779756100000,2026-05-26T00:41:40+00:00,LONG,ACCUMULATION,RANGE,-0.3722,-0.5551,-0.8766999442992391,-0.3357,-21.71,0.1758828958881843,0.1043,12,0,1,0,0,0,0,0,BINANCE_MAY_LONG_774,CLEAR,77248.3565,77325.6435,77411.25,75863.02,78572.42,0,not_TREND_DOWN;not_SHORT;buyer_absorption,HYBRID_REJECT,M4_THIN_ONLY_REJECT,REJECT
BTCUSDT-LONG-1779756245000-5,BINANCE_MAY,BTCUSDT,2026-05-26,1779756452000,2026-05-26T00:47:32+00:00,LONG,ACCUMULATION,RANGE,-0.3168,-0.6207,-0.9849752310707578,-0.2862,-5.862,0.24518110830807016,0.1046,11,0,1,0,0,0,0,0,BINANCE_MAY_LONG_773,CLEAR,77185.737825,77271.95,77385.25,75837.54,78546.03,0,not_TREND_DOWN;not_SHORT;buyer_absorption,HYBRID_REJECT,M4_THIN_ONLY_REJECT,REJECT
BTCUSDT-LONG-1779756719000-6,BINANCE_MAY,BTCUSDT,2026-05-26,1779756899000,2026-05-26T00:54:59+00:00,LONG,ACCUMULATION,RANGE,-0.6014,-0.8014,-0.9862398669715233,-0.1743,-20.369,0.37100593951091543,0.1055,9,0,1,0,0,0,0,0,BINANCE_MAY_LONG_774,CLEAR,77088.04999999999,77200.631025,77407.45,75859.3,78568.56,0,not_TREND_DOWN;not_SHORT;buyer_absorption,HYBRID_REJECT,M4_THIN_ONLY_REJECT,REJECT
BTCUSDT-LONG-1779756783000-7,BINANCE_MAY,BTCUSDT,2026-05-26,1779756964000,2026-05-26T00:56:04+00:00,LONG,ACCUMULATION,RANGE,-0.4637,-0.6984,-0.9866979474026389,-0.1142,2.766,0.3495286864631324,0.1044,12,0,1,0,0,1,0,1,BINANCE_MAY_LONG_774,CLEAR,77063.39902499999,77227.7,77428.45,75879.88,78589.88,0,not_TREND_DOWN;not_SHORT;buyer_absorption,HYBRID_REJECT,M4_THIN_ONLY_REJECT,REJECT
BTCUSDT-LONG-1779766077000-8,BINANCE_MAY,BTCUSDT,2026-05-26,1779766257000,2026-05-26T03:30:57+00:00,LONG,ACCUMULATION,RANGE,-0.6687,-0.1085,-0.9884940846308548,-0.1127,-0.23,0.47463163191223867,0.1071,6,0,1,0,0,0,0,0,BINANCE_MAY_LONG_773,CLEAR,77005.52797499999,77111.1,77301.15,75755.13,78460.67,0,not_TREND_DOWN;not_SHORT;buyer_absorption,HYBRID_REJECT,M4_THIN_ONLY_REJECT,REJECT
BTCUSDT-LONG-1779792344000-9,BINANCE_MAY,BTCUSDT,2026-05-26,1779792524000,2026-05-26T10:48:44+00:00,LONG,ACCUMULATION,RANGE,0.0345,1.1927,-0.10521004576663011,0.1558,5.428,0,0.1005,16,0,0,0,1,1,0,2,BINANCE_MAY_LONG_776,CLEAR,77497.08207500001,77587.75,77641.5,76088.67,78806.12,0,not_TREND_DOWN;not_SHORT;prior_60m_not_negative,HYBRID_REJECT,M4_THIN_ONLY_REJECT,REJECT
BTCUSDT-LONG-1779793908000-10,BINANCE_MAY,BTCUSDT,2026-05-26,1779794088000,2026-05-26T11:14:48+00:00,LONG,ACCUMULATION,RANGE,-0.2275,0.7184,-0.2166100942169172,-0.2229,-12.9,0,0.1027,12,0,1,0,0,0,0,0,BINANCE_MAY_LONG_775,CLEAR,77434.4,77513.53739999999,77560.3,76009.09,78723.7,0,not_TREND_DOWN;not_SHORT;prior_60m_not_negative;buyer_absorption,HYBRID_REJECT,M4_THIN_ONLY_REJECT,REJECT
BTCUSDT-SHORT-1779807366000-11,BINANCE_MAY,BTCUSDT,2026-05-26,1779808598000,2026-05-26T15:16:38+00:00,SHORT,DISTRIBUTION,RANGE,-0.9837,-0.7328,-0.026438865344415894,0.0793,2.542,0,0.1014,15,0,0,0,1,1,0,2,BINANCE_MAY_SHORT_764,CLEAR,76653.45,77026.043775,76418.35,74889.98,77564.63,0,not_TREND_DOWN,HYBRID_REJECT,M4_THIN_ONLY_REJECT,REJECT
BTCUSDT-LONG-1779809192000-13,BINANCE_MAY,BTCUSDT,2026-05-26,1779810061000,2026-05-26T15:41:01+00:00,LONG,ACCUMULATION,RANGE,-1.5805,-0.6,0.22841383708373136,-0.135,2.203,0.07219650478041051,0.1057,6,0,1,0,0,1,0,1,BINANCE_MAY_LONG_765,CLEAR,76319.25,76747.104375,76533.18,75002.51,77681.17,0,not_TREND_DOWN;not_SHORT;buyer_absorption,HYBRID_REJECT,M4_THIN_ONLY_REJECT,REJECT
BTCUSDT-SHORT-1779808598000-12,BINANCE_MAY,BTCUSDT,2026-05-26,1779810363000,2026-05-26T15:46:03+00:00,SHORT,DISTRIBUTION,RANGE,-1.5702,-0.5801,0.05148223708122173,0.0854,0.537,0.28458060747353475,0.1018,14,1,0,1,1,1,0,3,BINANCE_MAY_SHORT_762,CLEAR,76319.25,76898.480025,76273.45,74747.98,77417.55,0,not_TREND_DOWN,HYBRID_REJECT,M4_THIN_ONLY_REJECT,REJECT
BTCUSDT-SHORT-1779810363000-14,BINANCE_MAY,BTCUSDT,2026-05-26,1779810593000,2026-05-26T15:49:53+00:00,SHORT,DISTRIBUTION,RANGE,-1.499,-0.6922,0.30225412028021525,-0.0202,10.28,0.30383522761965576,0.1025,14,1,1,1,0,1,0,2,BINANCE_MAY_SHORT_762,CLEAR,76366.747525,76478.95,76260.85,74735.63,77404.76,0,not_TREND_DOWN;buyer_absorption,HYBRID_REJECT,M4_THIN_ONLY_REJECT,REJECT
BTCUSDT-SHORT-1779817241000-15,BINANCE_MAY,BTCUSDT,2026-05-26,1779817422000,2026-05-26T17:43:42+00:00,SHORT,DISTRIBUTION,RANGE,-2.0103,-0.7371,0.22634823876352078,0.0689,0.37,0.14847125062791044,0.1023,12,0,1,0,1,1,0,2,BINANCE_MAY_SHORT_757,CLEAR,75828.75,76002.55,75771.65,74256.22,76908.22,0,not_TREND_DOWN;buyer_absorption,HYBRID_REJECT,M4_THIN_ONLY_REJECT,REJECT
BTCUSDT-SHORT-1779817255000-16,BINANCE_MAY,BTCUSDT,2026-05-26,1779817439000,2026-05-26T17:43:59+00:00,SHORT,DISTRIBUTION,RANGE,-2.0247,-0.7351,0.18323576320036836,0.0606,0.704,0.1601263215105483,0.1024,11,0,0,0,1,1,0,2,BINANCE_MAY_SHORT_757,CLEAR,75822.319875,76002.55,75778.55,74262.98,76915.23,0,not_TREND_DOWN,HYBRID_REJECT,M4_THIN_ONLY_REJECT,REJECT
BTCUSDT-SHORT-1779817422000-17,BINANCE_MAY,BTCUSDT,2026-05-26,1779817893000,2026-05-26T17:51:33+00:00,SHORT,DISTRIBUTION,RANGE,-1.9694,-0.5731,0.21756562920472516,-0.1327,1.413,0,0.1024,14,0,1,0,0,1,0,1,BINANCE_MAY_SHORT_759,CLEAR,75641.25,76256.35,75948.8,74429.82,77088.03,0,not_TREND_DOWN;buyer_absorption,HYBRID_REJECT,M4_THIN_ONLY_REJECT,REJECT
BTCUSDT-SHORT-1779820005000-18,BINANCE_MAY,BTCUSDT,2026-05-26,1779821532000,2026-05-26T18:52:12+00:00,SHORT,DISTRIBUTION,RANGE,-2.074,-0.1314,-0.026785336400081093,0.1086,0.131,0.28849044402367807,0.1019,14,0,0,0,1,1,0,2,BINANCE_MAY_SHORT_759,CLEAR,75641.25,76216.139025,75928.69,74410.12,77067.62,0,not_TREND_DOWN,HYBRID_REJECT,M4_THIN_ONLY_REJECT,REJECT
BTCUSDT-LONG-1779821244000-19,BINANCE_MAY,BTCUSDT,2026-05-26,1779822194000,2026-05-26T19:03:14+00:00,LONG,ACCUMULATION,RANGE,-2.0574,-0.0532,0.29539224694257726,-0.1977,2.624,0.0184401776074109,0.1063,6,0,1,0,0,1,0,1,BINANCE_MAY_LONG_758,CLEAR,75641.25,76157.75,75899.5,74381.51,77037.99,0,not_TREND_DOWN;not_SHORT;buyer_absorption,HYBRID_REJECT,M4_THIN_ONLY_REJECT,REJECT
BTCUSDT-LONG-1779828003000-21,BINANCE_MAY,BTCUSDT,2026-05-26,1779828224000,2026-05-26T20:43:44+00:00,LONG,ACCUMULATION,RANGE,-1.5498,0.0038,0.14619604273549344,-0.1064,5.004,0,0.1047,10,1,1,1,0,1,0,2,BINANCE_MAY_LONG_758,CLEAR,75641.25,76097.05,75869.15,74351.77,77007.19,0,not_TREND_DOWN;not_SHORT;prior_60m_not_negative;buyer_absorption,HYBRID_REJECT,M4_THIN_ONLY_REJECT,REJECT
BTCUSDT-LONG-1779829295000-22,BINANCE_MAY,BTCUSDT,2026-05-26,1779829782000,2026-05-26T21:09:42+00:00,LONG,ACCUMULATION,RANGE,-1.7088,-0.1183,0.054725950300672156,-0.117,0.402,0,0.1052,8,1,1,1,0,1,0,2,BINANCE_MAY_LONG_758,CLEAR,75641.25,76130.296125,75885.77,74368.06,77024.06,0,not_TREND_DOWN;not_SHORT;buyer_absorption,HYBRID_REJECT,M4_THIN_ONLY_REJECT,REJECT
BTCUSDT-SHORT-1779834251000-23,BINANCE_MAY,BTCUSDT,2026-05-26,1779834431000,2026-05-26T22:27:11+00:00,SHORT,DISTRIBUTION,RANGE,-1.9523,-0.3516,0.39880522407270874,0.0322,2.415,0.3919352403097289,0.1014,18,0,1,0,1,1,0,2,BINANCE_MAY_SHORT_756,CLEAR,75713.074525,75788.82547499999,75674.85,74161.35,76809.97,0,not_TREND_DOWN;buyer_absorption,HYBRID_REJECT,M4_THIN_ONLY_REJECT,REJECT
BTCUSDT-LONG-1779840944000-1,BINANCE_MAY,BTCUSDT,2026-05-27,1779841124000,2026-05-27T00:18:44+00:00,LONG,ACCUMULATION,RANGE,-1.6318,-0.0469,-0.9917699884437267,0.0309,-9.998,0.8701726536057203,0.1063,10,0,0,0,1,0,0,1,BINANCE_MAY_LONG_768,CLEAR,76733.66397499999,76810.43602499999,76853.2,75316.14,78006.0,0,not_TREND_DOWN;not_SHORT,HYBRID_REJECT,M4_THIN_ONLY_REJECT,REJECT
BTCUSDT-LONG-1779843783000-2,BINANCE_MAY,BTCUSDT,2026-05-27,1779843963000,2026-05-27T01:06:03+00:00,LONG,ACCUMULATION,RANGE,-0.8867,0.094,-0.9929569539617901,0.0559,-6.641,0.7787218937382243,0.1051,9,0,0,0,1,0,0,1,BINANCE_MAY_LONG_768,CLEAR,76792.28465,76869.11535,76830.7,75294.09,77983.16,0,not_TREND_DOWN;not_SHORT;prior_60m_not_negative,HYBRID_REJECT,M4_THIN_ONLY_REJECT,REJECT
BTCUSDT-LONG-1779847386000-3,BINANCE_MAY,BTCUSDT,2026-05-27,1779847566000,2026-05-27T02:06:06+00:00,LONG,ACCUMULATION,RANGE,-1.2554,-0.257,-0.9927162549765535,-0.3033,-9.598,0.7692214041560019,0.1065,5,0,1,0,0,0,0,0,BINANCE_MAY_LONG_767,CLEAR,76670.6455,76747.3545,76787.75,75251.99,77939.57,0,not_TREND_DOWN;not_SHORT;buyer_absorption,HYBRID_REJECT,M4_THIN_ONLY_REJECT,REJECT
BTCUSDT-LONG-1779848353000-4,BINANCE_MAY,BTCUSDT,2026-05-27,1779849181000,2026-05-27T02:33:01+00:00,LONG,ACCUMULATION,RANGE,-1.1964,-0.1818,-0.9922434257239665,0.016,-5.579,0.7633023536353404,0.1067,5,0,0,0,1,0,0,1,BINANCE_MAY_LONG_767,CLEAR,76611.72497499999,76709.35,76784.25,75248.57,77936.01,0,not_TREND_DOWN;not_SHORT,HYBRID_REJECT,M4_THIN_ONLY_REJECT,REJECT
BTCUSDT-LONG-1779855465000-5,BINANCE_MAY,BTCUSDT,2026-05-27,1779855645000,2026-05-27T04:20:45+00:00,LONG,ACCUMULATION,RANGE,-1.4444,-0.425,-0.9934661466780981,-0.3498,-14.237,0.8039394117961117,0.1057,6,0,1,0,0,0,0,0,BINANCE_MAY_LONG_767,CLEAR,76552.50459999999,76629.09539999999,76772,75236.56,77923.58,0,not_TREND_DOWN;not_SHORT;buyer_absorption,HYBRID_REJECT,M4_THIN_ONLY_REJECT,REJECT
BTCUSDT-LONG-1779856226000-6,BINANCE_MAY,BTCUSDT,2026-05-27,1779856406000,2026-05-27T04:33:26+00:00,LONG,ACCUMULATION,RANGE,-1.8561,-0.6409,-0.9932807567776052,-0.2995,-25.567,0.8144027252735239,0.1061,5,0,1,0,0,0,0,0,BINANCE_MAY_LONG_767,CLEAR,76460.9,76560.61117500001,76723.3,75188.83,77874.15,0,not_TREND_DOWN;not_SHORT;buyer_absorption,HYBRID_REJECT,M4_THIN_ONLY_REJECT,REJECT
BTCUSDT-LONG-1779856287000-7,BINANCE_MAY,BTCUSDT,2026-05-27,1779856467000,2026-05-27T04:34:27+00:00,LONG,ACCUMULATION,RANGE,-1.8231,-0.594,-0.9935021920013924,-0.2552,-19.242,0.8169179906671651,0.1059,5,0,1,0,0,0,0,0,BINANCE_MAY_LONG_764,CLEAR,76424.26875,76500.73125,76462.5,74933.25,77609.44,0,not_TREND_DOWN;not_SHORT;buyer_absorption,HYBRID_REJECT,M4_THIN_ONLY_REJECT,REJECT
BTCUSDT-LONG-1779888491000-8,BINANCE_MAY,BTCUSDT,2026-05-27,1779888699000,2026-05-27T13:31:39+00:00,LONG,ACCUMULATION,RANGE,-2.0585,-1.0104,-0.9928749137168553,-0.1946,-10.238,0.8377790552057516,0.1081,4,0,1,0,0,0,0,0,BINANCE_MAY_LONG_764,CLEAR,76358.45,76468.25,76413.35,74885.08,77559.55,0,not_TREND_DOWN;not_SHORT;buyer_absorption,HYBRID_REJECT,M4_THIN_ONLY_REJECT,REJECT
BTCUSDT-LONG-1779889092000-9,BINANCE_MAY,BTCUSDT,2026-05-27,1779889272000,2026-05-27T13:41:12+00:00,LONG,ACCUMULATION,RANGE,-2.4633,-1.3195,-0.9927979756001505,-0.0771,-48.568,0.8747753005032457,0.1085,4,0,0,0,0,0,0,0,BINANCE_MAY_LONG_762,CLEAR,75927,76564.9,76245.95,74721.03,77389.64,0,not_TREND_DOWN;not_SHORT,HYBRID_REJECT,M4_THIN_ONLY_REJECT,REJECT
BTCUSDT-LONG-1779889145000-10,BINANCE_MAY,BTCUSDT,2026-05-27,1779889325000,2026-05-27T13:42:05+00:00,LONG,ACCUMULATION,RANGE,-2.4758,-1.2598,-0.9929522601384897,-0.0657,-33.943,0.8747283316423791,0.1083,3,0,0,0,0,0,0,0,BINANCE_MAY_LONG_762,CLEAR,75927,76564.9,76245.95,74721.03,77389.64,0,not_TREND_DOWN;not_SHORT,HYBRID_REJECT,M4_THIN_ONLY_REJECT,REJECT
BTCUSDT-LONG-1779892057000-11,BINANCE_MAY,BTCUSDT,2026-05-27,1779892237000,2026-05-27T14:30:37+00:00,LONG,ACCUMULATION,TREND_DOWN,-3.7647,-0.2392,-0.9939804075298455,-0.1505,3.064,0.8734069012809644,0.1062,6,0,1,0,0,1,0,1,BINANCE_MAY_LONG_764,CLEAR,76178.39175,76286.45,76451.1,74922.08,77597.87,0,not_SHORT;buyer_absorption,HYBRID_REJECT,M4_THIN_ONLY_REJECT,REJECT
BTCUSDT-LONG-1779904585000-12,BINANCE_MAY,BTCUSDT,2026-05-27,1779904765000,2026-05-27T17:59:25+00:00,LONG,ACCUMULATION,RANGE,-1.4125,-0.5738,-0.9945821035914888,-0.1008,-5.618,0.9283568542830514,0.1045,11,0,1,0,0,0,0,0,BINANCE_MAY_LONG_762,CLEAR,75927,76515.95,76221.48,74697.05,77364.8,0,not_TREND_DOWN;not_SHORT;buyer_absorption,HYBRID_REJECT,M4_THIN_ONLY_REJECT,REJECT
BTCUSDT-LONG-1779918254000-13,BINANCE_MAY,BTCUSDT,2026-05-27,1779918434000,2026-05-27T21:47:14+00:00,LONG,ACCUMULATION,RANGE,-2.1935,-1.1985,-0.9950747492362886,-0.3663,-36.561,0.9123159626792394,0.1085,1,0,1,0,0,0,0,0,BINANCE_MAY_LONG_760,CLEAR,75927,76192.75,76059.88,74538.68,77200.77,0,not_TREND_DOWN;not_SHORT;buyer_absorption,HYBRID_REJECT,M4_THIN_ONLY_REJECT,REJECT
BTCUSDT-LONG-1779918267000-14,BINANCE_MAY,BTCUSDT,2026-05-27,1779918447000,2026-05-27T21:47:27+00:00,LONG,ACCUMULATION,RANGE,-2.0405,-1.0441,-0.9951481721198563,-0.3527,-20.962,0.9131626146367607,0.1062,6,0,1,0,0,0,0,0,BINANCE_MAY_LONG_760,CLEAR,75927,76192.75,76059.88,74538.68,77200.77,0,not_TREND_DOWN;not_SHORT;buyer_absorption,HYBRID_REJECT,M4_THIN_ONLY_REJECT,REJECT
BTCUSDT-LONG-1779920033000-15,BINANCE_MAY,BTCUSDT,2026-05-27,1779920213000,2026-05-27T22:16:53+00:00,LONG,ACCUMULATION,RANGE,-1.7528,-0.9921,-0.9946614099146525,-0.2226,7.525,0.9194937306907714,0.1066,5,0,1,0,0,1,0,1,BINANCE_MAY_LONG_760,CLEAR,75927,76139.25,76033.12,74512.46,77173.62,0,not_TREND_DOWN;not_SHORT;buyer_absorption,HYBRID_REJECT,M4_THIN_ONLY_REJECT,REJECT
BTCUSDT-LONG-1779926431000-1,BINANCE_MAY,BTCUSDT,2026-05-28,1779927571000,2026-05-28T00:19:31+00:00,LONG,ACCUMULATION,RANGE,-1.8182,0.0391,-0.04115448570197201,0.05,8.715,0.35249918445754935,0.1057,8,0,0,0,1,1,0,2,BINANCE_MAY_LONG_745,CLEAR,74494.5341,74602.3,74548.42,73057.45,75666.64,0,not_TREND_DOWN;not_SHORT;prior_60m_not_negative,HYBRID_REJECT,M4_THIN_ONLY_REJECT,REJECT
BTCUSDT-LONG-1779931041000-3,BINANCE_MAY,BTCUSDT,2026-05-28,1779931221000,2026-05-28T01:20:21+00:00,LONG,ACCUMULATION,RANGE,-2.0253,-0.2239,-0.09785982268268928,-0.3691,-15.773,0.2971255494181746,0.1071,4,0,1,0,0,0,0,0,BINANCE_MAY_LONG_745,CLEAR,74391.45000000001,74507.45000000001,74546.05,73055.13,75664.24,0,not_TREND_DOWN;not_SHORT;buyer_absorption,HYBRID_REJECT,M4_THIN_ONLY_REJECT,REJECT
BTCUSDT-LONG-1779938196000-4,BINANCE_MAY,BTCUSDT,2026-05-28,1779938376000,2026-05-28T03:19:36+00:00,LONG,ACCUMULATION,TREND_DOWN,-2.8334,-0.7479,-0.47167724778270065,-0.424,-65.884,0.634503883015716,0.1083,5,0,1,0,0,0,0,0,BINANCE_MAY_LONG_742,CLEAR,74059.70000000001,74407.935375,74233.82,72749.14,75347.32,0,not_SHORT;buyer_absorption,HYBRID_REJECT,M4_THIN_ONLY_REJECT,REJECT
BTCUSDT-LONG-1779938276000-5,BINANCE_MAY,BTCUSDT,2026-05-28,1779938456000,2026-05-28T03:20:56+00:00,LONG,ACCUMULATION,TREND_DOWN,-2.7966,-0.6602,-0.9556881280957178,-0.387,-64.153,0.6076065673710342,0.1078,6,0,1,0,0,0,0,0,BINANCE_MAY_LONG_741,CLEAR,74059.70000000001,74335.999425,74197.85,72713.89,75310.82,0,not_SHORT;buyer_absorption,HYBRID_REJECT,M4_THIN_ONLY_REJECT,REJECT
BTCUSDT-LONG-1779939396000-6,BINANCE_MAY,BTCUSDT,2026-05-28,1779939576000,2026-05-28T03:39:36+00:00,LONG,ACCUMULATION,TREND_DOWN,-3.0372,-1.0801,-0.9964055765176641,-0.1342,-35.618,0.7731005054317716,0.1079,6,0,1,0,0,0,0,0,BINANCE_MAY_LONG_740,CLEAR,73987.537725,74061.562275,74024.55,72544.06,75134.92,0,not_SHORT;buyer_absorption,HYBRID_REJECT,M4_THIN_ONLY_REJECT,REJECT
BTCUSDT-LONG-1779940393000-7,BINANCE_MAY,BTCUSDT,2026-05-28,1779940573000,2026-05-28T03:56:13+00:00,LONG,ACCUMULATION,TREND_DOWN,-3.3699,-1.6393,-0.996894770192694,-0.0923,-40.091,0.8327891336573812,0.1087,3,0,0,0,0,0,0,0,BINANCE_MAY_LONG_740,CLEAR,73875.1,73972,74013.75,72533.48,75123.96,0,not_SHORT,HYBRID_REJECT,M4_THIN_ONLY_REJECT,REJECT
BTCUSDT-LONG-1779940611000-8,BINANCE_MAY,BTCUSDT,2026-05-28,1779940955000,2026-05-28T04:02:35+00:00,LONG,ACCUMULATION,TREND_DOWN,-3.5134,-1.6828,-0.9973142595385958,-0.1527,-9.386,0.8424544939704952,0.1088,7,0,1,0,0,0,0,0,BINANCE_MAY_LONG_739,CLEAR,73817.3,73960.5,73999.2,72519.22,75109.19,0,not_SHORT;buyer_absorption,HYBRID_REJECT,M4_THIN_ONLY_REJECT,REJECT
BTCUSDT-LONG-1779941042000-9,BINANCE_MAY,BTCUSDT,2026-05-28,1779941222000,2026-05-28T04:07:02+00:00,LONG,ACCUMULATION,TREND_DOWN,-3.3555,-1.6324,-0.9974949817753053,-0.125,-8.635,0.8783215272187433,0.1074,6,0,1,0,0,0,0,0,BINANCE_MAY_LONG_739,CLEAR,73735.41385,73885.15,73964.35,72485.06,75073.82,0,not_SHORT;buyer_absorption,HYBRID_REJECT,M4_THIN_ONLY_REJECT,REJECT
BTCUSDT-LONG-1779950053000-10,BINANCE_MAY,BTCUSDT,2026-05-28,1779950233000,2026-05-28T06:37:13+00:00,LONG,ACCUMULATION,TREND_DOWN,-3.9348,-0.2425,-0.9979069944161271,-0.1401,-16.094,0.9082425958092653,0.1064,7,0,1,0,0,0,0,0,BINANCE_MAY_LONG_738,CLEAR,73678.5423,73752.25769999999,73824.6,72348.11,74931.97,0,not_SHORT;buyer_absorption,HYBRID_REJECT,M4_THIN_ONLY_REJECT,REJECT
BTCUSDT-LONG-1779961934000-11,BINANCE_MAY,BTCUSDT,2026-05-28,1779962327000,2026-05-28T09:58:47+00:00,LONG,ACCUMULATION,TREND_DOWN,-3.1186,0.2835,-0.9974242334944666,0.0601,-1.811,0.8025052489425337,0.1054,11,0,0,0,1,0,0,1,BINANCE_MAY_LONG_740,CLEAR,74043.40977500001,74117.49022500002,74080.45,72598.84,75191.66,0,not_SHORT;prior_60m_not_negative,HYBRID_REJECT,M4_THIN_ONLY_REJECT,REJECT
BTCUSDT-LONG-1779977136000-12,BINANCE_MAY,BTCUSDT,2026-05-28,1779977316000,2026-05-28T14:08:36+00:00,LONG,ACCUMULATION,TREND_DOWN,-2.9191,-0.7647,-0.9987650257483336,-0.1181,-6.627,0.942915007411345,0.1004,8,0,1,0,0,0,0,0,BINANCE_MAY_LONG_737,CLEAR,73610.55,73720.35,73797.4,72321.45,74904.36,0,not_SHORT;buyer_absorption,HYBRID_REJECT,M4_THIN_ONLY_REJECT,REJECT
BTCUSDT-LONG-1779987127000-13,BINANCE_MAY,BTCUSDT,2026-05-28,1779987901000,2026-05-28T17:05:01+00:00,LONG,ACCUMULATION,TREND_DOWN,-2.6198,0.782,-0.9981002894585802,0.0886,-14.08,0.8416841333407838,0.1041,11,0,0,0,1,0,0,1,BINANCE_MAY_LONG_741,CLEAR,73968.44727500001,74045.20000000001,74168.15,72684.79,75280.67,0,not_SHORT;prior_60m_not_negative,HYBRID_REJECT,M4_THIN_ONLY_REJECT,REJECT
BTCUSDT-LONG-1779990653000-14,BINANCE_MAY,BTCUSDT,2026-05-28,1779990833000,2026-05-28T17:53:53+00:00,LONG,ACCUMULATION,RANGE,-1.8525,0.1866,-0.9977591262109509,0.2325,-15.339,0.8023527574651241,0.1037,13,0,0,0,1,0,0,1,BINANCE_MAY_LONG_741,CLEAR,73932.5,74286.95000000001,74109.73,72627.53,75221.37,0,not_TREND_DOWN;not_SHORT;prior_60m_not_negative,HYBRID_REJECT,M4_THIN_ONLY_REJECT,REJECT
BTCUSDT-LONG-1780004953000-15,BINANCE_MAY,BTCUSDT,2026-05-28,1780005133000,2026-05-28T21:52:13+00:00,LONG,ACCUMULATION,RANGE,-0.7294,0.2282,-0.9974343115157961,0.3748,2.628,0.742473498662144,0.1038,12,0,0,0,1,1,0,2,BINANCE_MAY_LONG_741,CLEAR,74036.3,74286.95000000001,74161.62,72678.39,75274.05,0,not_TREND_DOWN;not_SHORT;prior_60m_not_negative,HYBRID_REJECT,M4_THIN_ONLY_REJECT,REJECT
BTCUSDT-LONG-1780013176000-1,BINANCE_MAY,BTCUSDT,2026-05-29,1780013707000,2026-05-29T00:15:07+00:00,LONG,ACCUMULATION,RANGE,-0.938,0.1641,-0.9971340329736768,0.1293,0.195,0.761349310634605,0.1042,14,0,0,0,1,1,0,2,BINANCE_MAY_LONG_742,CLEAR,74102.7301,74208.65,74246.55,72761.62,75360.25,0,not_TREND_DOWN;not_SHORT;prior_60m_not_negative,HYBRID_REJECT,M4_THIN_ONLY_REJECT,REJECT
BTCUSDT-LONG-1780014247000-2,BINANCE_MAY,BTCUSDT,2026-05-29,1780014427000,2026-05-29T00:27:07+00:00,LONG,ACCUMULATION,RANGE,-0.8306,0.2767,-0.9976031229355058,-0.087,-0.889,0.7578310224598293,0.1035,14,0,0,0,0,0,0,0,BINANCE_MAY_LONG_742,CLEAR,74192.48520000001,74266.7148,74229.6,72745.01,75343.04,0,not_TREND_DOWN;not_SHORT;prior_60m_not_negative,HYBRID_REJECT,M4_THIN_ONLY_REJECT,REJECT
BTCUSDT-LONG-1780018289000-3,BINANCE_MAY,BTCUSDT,2026-05-29,1780018756000,2026-05-29T01:39:16+00:00,LONG,ACCUMULATION,RANGE,-1.1263,-0.4619,-0.9976175636125256,-0.0241,-6.801,0.7767273889837754,0.1046,12,0,0,0,0,0,0,0,BINANCE_MAY_LONG_741,CLEAR,74042.5602,74116.6398,74156.2,72673.08,75268.54,0,not_TREND_DOWN;not_SHORT,HYBRID_REJECT,M4_THIN_ONLY_REJECT,REJECT
BTCUSDT-LONG-1780021639000-4,BINANCE_MAY,BTCUSDT,2026-05-29,1780021819000,2026-05-29T02:30:19+00:00,LONG,ACCUMULATION,RANGE,-1.0903,-0.2139,-0.997542363812211,-0.3446,-10.707,0.7730191202930571,0.1047,11,0,1,0,0,0,0,0,BINANCE_MAY_LONG_741,CLEAR,73983.28985,74057.31015,74126.95,72644.41,75238.85,0,not_TREND_DOWN;not_SHORT;buyer_absorption,HYBRID_REJECT,M4_THIN_ONLY_REJECT,REJECT
BTCUSDT-LONG-1780023188000-5,BINANCE_MAY,BTCUSDT,2026-05-29,1780023368000,2026-05-29T02:56:08+00:00,LONG,ACCUMULATION,RANGE,-1.4616,-0.469,-0.9975323756861514,-0.4555,-13.727,0.7748409358442704,0.1055,8,0,1,0,0,0,0,0,BINANCE_MAY_LONG_740,CLEAR,73924,74001.58230000001,74053.45,72572.38,75164.25,0,not_TREND_DOWN;not_SHORT;buyer_absorption,HYBRID_REJECT,M4_THIN_ONLY_REJECT,REJECT
BTCUSDT-LONG-1780059725000-6,BINANCE_MAY,BTCUSDT,2026-05-29,1780059905000,2026-05-29T13:05:05+00:00,LONG,ACCUMULATION,RANGE,-0.3251,-0.2105,-0.9977744047714934,0.0942,-6.426,0.7655343685089246,0.1041,9,0,0,0,1,0,0,1,BINANCE_MAY_LONG_739,CLEAR,73867.6477,73941.55230000001,73978.85,72499.27,75088.53,0,not_TREND_DOWN;not_SHORT,HYBRID_REJECT,M4_THIN_ONLY_REJECT,REJECT
BTCUSDT-LONG-1780061060000-7,BINANCE_MAY,BTCUSDT,2026-05-29,1780061240000,2026-05-29T13:27:20+00:00,LONG,ACCUMULATION,RANGE,-0.174,-0.3825,-0.997952494820285,-0.1765,-10.379,0.7707310173075654,0.1051,6,0,1,0,0,0,0,0,BINANCE_MAY_LONG_739,CLEAR,73790.336375,73864.163625,73906,72427.88,75014.59,0,not_TREND_DOWN;not_SHORT;buyer_absorption,HYBRID_REJECT,M4_THIN_ONLY_REJECT,REJECT
BTCUSDT-LONG-1780061599000-8,BINANCE_MAY,BTCUSDT,2026-05-29,1780062597000,2026-05-29T13:49:57+00:00,LONG,ACCUMULATION,RANGE,0.3996,-0.0425,-0.9978591995065613,0.162,-6.495,0.7897163287938267,0.103,12,0,0,0,1,0,0,1,BINANCE_MAY_LONG_740,CLEAR,73734.91410000001,73984.55,74024.5,72544.01,75134.87,0,not_TREND_DOWN;not_SHORT,HYBRID_REJECT,M4_THIN_ONLY_REJECT,REJECT
BTCUSDT-LONG-1780064353000-9,BINANCE_MAY,BTCUSDT,2026-05-29,1780064533000,2026-05-29T14:22:13+00:00,LONG,ACCUMULATION,RANGE,-0.5533,-0.3588,-0.998008409969017,-0.1865,-13.751,0.7699316502003494,0.105,9,0,1,0,0,0,0,0,BINANCE_MAY_LONG_738,CLEAR,73668.697225,73742.40277500001,73807.2,72331.06,74914.31,0,not_TREND_DOWN;not_SHORT;buyer_absorption,HYBRID_REJECT,M4_THIN_ONLY_REJECT,REJECT
BTCUSDT-LONG-1780064716000-10,BINANCE_MAY,BTCUSDT,2026-05-29,1780064896000,2026-05-29T14:28:16+00:00,LONG,ACCUMULATION,RANGE,-0.4391,-0.5695,-0.9981233329134237,-0.2469,-19.155,0.8051074863723723,0.1058,8,0,1,0,0,0,0,0,BINANCE_MAY_LONG_738,CLEAR,73571.4,73686.42480000001,73839.8,72363.0,74947.4,0,not_TREND_DOWN;not_SHORT;buyer_absorption,HYBRID_REJECT,M4_THIN_ONLY_REJECT,REJECT
BTCUSDT-LONG-1780064772000-11,BINANCE_MAY,BTCUSDT,2026-05-29,1780064952000,2026-05-29T14:29:12+00:00,LONG,ACCUMULATION,RANGE,-0.3594,-0.4567,-0.997904440428594,-0.2372,-4.323,0.8114022743320213,0.1053,8,0,1,0,0,0,0,0,BINANCE_MAY_LONG_740,CLEAR,73550.70625,73666.75,74090.45,72608.64,75201.81,0,not_TREND_DOWN;not_SHORT;buyer_absorption,HYBRID_REJECT,M4_THIN_ONLY_REJECT,REJECT
BTCUSDT-LONG-1780069270000-12,BINANCE_MAY,BTCUSDT,2026-05-29,1780069450000,2026-05-29T15:44:10+00:00,LONG,ACCUMULATION,RANGE,1.0508,1.5844,-0.384725455386658,-0.0032,-47.065,0.5891611800227927,0.1049,9,0,0,0,0,0,0,0,BINANCE_MAY_LONG_741,CLEAR,73893.70000000001,74470.70000000001,74182.2,72698.56,75294.93,0,not_TREND_DOWN;not_SHORT;prior_60m_not_negative,HYBRID_REJECT,M4_THIN_ONLY_REJECT,REJECT
BTCUSDT-LONG-1780069311000-13,BINANCE_MAY,BTCUSDT,2026-05-29,1780069491000,2026-05-29T15:44:51+00:00,LONG,ACCUMULATION,RANGE,1.1496,1.6254,-0.8512525843058615,0.0118,-46.029,0.567690152500151,0.1041,11,0,0,0,1,0,0,1,BINANCE_MAY_LONG_741,CLEAR,73893.70000000001,74470.70000000001,74182.2,72698.56,75294.93,0,not_TREND_DOWN;not_SHORT;prior_60m_not_negative,HYBRID_REJECT,M4_THIN_ONLY_REJECT,REJECT
BTCUSDT-LONG-1780069354000-14,BINANCE_MAY,BTCUSDT,2026-05-29,1780069534000,2026-05-29T15:45:34+00:00,LONG,ACCUMULATION,RANGE,1.0755,1.5265,-0.996461623109575,-0.0001,-44.246,0.5234901124027069,0.104,11,0,0,0,0,0,0,0,BINANCE_MAY_LONG_741,CLEAR,73893.70000000001,74470.70000000001,74182.2,72698.56,75294.93,0,not_TREND_DOWN;not_SHORT;prior_60m_not_negative,HYBRID_REJECT,M4_THIN_ONLY_REJECT,REJECT
BTCUSDT-LONG-1780076265000-15,BINANCE_MAY,BTCUSDT,2026-05-29,1780076445000,2026-05-29T17:40:45+00:00,LONG,ACCUMULATION,RANGE,0.9969,0.2669,-0.6724640214326034,-0.0953,5.599,0.41448699643099784,0.1018,14,0,0,0,0,1,0,1,BINANCE_MAY_LONG_744,CLEAR,74420.021375,74494.478625,74457.25,72968.1,75574.11,0,not_TREND_DOWN;not_SHORT;prior_60m_not_negative,HYBRID_REJECT,M4_THIN_ONLY_REJECT,REJECT
BTCUSDT-LONG-1780099356000-1,BINANCE_MAY,BTCUSDT,2026-05-30,1780099536000,2026-05-30T00:05:36+00:00,LONG,ACCUMULATION,RANGE,-0.3431,-0.0391,-0.9959547017265481,-0.1762,-5.898,0.7243823299134788,0.1088,3,0,1,0,0,0,0,0,BINANCE_MAY_LONG_741,CLEAR,73995.68365,74069.71635000002,74107.7,72625.55,75219.32,0,not_TREND_DOWN;not_SHORT;buyer_absorption,HYBRID_REJECT,M4_THIN_ONLY_REJECT,REJECT
BTCUSDT-LONG-1780105004000-2,BINANCE_MAY,BTCUSDT,2026-05-30,1780105235000,2026-05-30T01:40:35+00:00,LONG,ACCUMULATION,RANGE,0.1298,0.1665,-0.9966290971954136,-0.0026,-2.896,0.5115852589446102,0.1045,7,0,0,0,0,0,0,0,BINANCE_MAY_LONG_741,CLEAR,74086.48822500001,74160.611775,74198.95,72714.97,75311.93,0,not_TREND_DOWN;not_SHORT;prior_60m_not_negative,HYBRID_REJECT,M4_THIN_ONLY_REJECT,REJECT
BTCUSDT-LONG-1780110455000-3,BINANCE_MAY,BTCUSDT,2026-05-30,1780110635000,2026-05-30T03:10:35+00:00,LONG,ACCUMULATION,RANGE,0.4221,0.1059,-0.9971778225480975,-0.0915,-1.733,0.5711379344554867,0.1029,15,0,0,0,0,0,0,0,BINANCE_MAY_LONG_742,CLEAR,74152.055425,74226.24457499999,74268.55,72783.18,75382.58,0,not_TREND_DOWN;not_SHORT;prior_60m_not_negative,HYBRID_REJECT,M4_THIN_ONLY_REJECT,REJECT
BTCUSDT-LONG-1780115224000-4,BINANCE_MAY,BTCUSDT,2026-05-30,1780115404000,2026-05-30T04:30:04+00:00,LONG,ACCUMULATION,RANGE,-0.0416,-0.4482,-0.9972872505844478,-0.0295,-11.35,0.6323060888976952,0.1053,9,0,0,0,0,0,0,0,BINANCE_MAY_LONG_740,CLEAR,73939.061975,74013.038025,74076.1,72594.58,75187.24,0,not_TREND_DOWN;not_SHORT,HYBRID_REJECT,M4_THIN_ONLY_REJECT,REJECT
BTCUSDT-LONG-1780115682000-5,BINANCE_MAY,BTCUSDT,2026-05-30,1780115862000,2026-05-30T04:37:42+00:00,LONG,ACCUMULATION,RANGE,-0.2813,-0.486,-0.9971502227823155,-0.1278,-10.782,0.6531219872733918,0.1062,7,0,1,0,0,0,0,0,BINANCE_MAY_LONG_740,CLEAR,73875.393825,73949.306175,74076.1,72594.58,75187.24,0,not_TREND_DOWN;not_SHORT;buyer_absorption,HYBRID_REJECT,M4_THIN_ONLY_REJECT,REJECT
BTCUSDT-LONG-1780150665000-6,BINANCE_MAY,BTCUSDT,2026-05-30,1780151075000,2026-05-30T14:24:35+00:00,LONG,ACCUMULATION,RANGE,1.6848,0.2377,-0.9955821902141594,0.1463,-6.614,0.6459735947888234,0.1,18,0,0,0,1,0,0,1,BINANCE_MAY_LONG_743,CLEAR,74243.609625,74317.890375,74357.1,72869.96,75472.46,0,not_TREND_DOWN;not_SHORT;prior_60m_not_negative,HYBRID_REJECT,M4_THIN_ONLY_REJECT,REJECT
BTCUSDT-LONG-1780165396000-7,BINANCE_MAY,BTCUSDT,2026-05-30,1780165576000,2026-05-30T18:26:16+00:00,LONG,ACCUMULATION,RANGE,0.1715,0.0242,-0.8850421567606962,-0.1522,-12.638,0.38950038256229447,0.1023,16,0,1,0,0,0,0,0,BINANCE_MAY_LONG_742,CLEAR,74202.35,74374.55,74288.45,72802.68,75402.78,0,not_TREND_DOWN;not_SHORT;prior_60m_not_negative;buyer_absorption,HYBRID_REJECT,M4_THIN_ONLY_REJECT,REJECT
BTC-USDT-SWAP-LONG-1772409634000-1,OKX_MARCH,BTC-USDT-SWAP,2026-03-02,1772410803000,2026-03-02T00:20:03+00:00,LONG,ACCUMULATION,RANGE,0.2368,0.2368,0.08544428805846682,0.0204,5.154,1,,,0,0,0,1,1,1,3,OKX_MARCH_LONG_662,CLEAR,65714.45,66170.55,66284.95,64959.25,67279.22,0,not_TREND_DOWN;not_SHORT;prior_60m_not_negative,HYBRID_REJECT,M4_THIN_ONLY_PASS,REJECT
BTC-USDT-SWAP-LONG-1772410803000-4,OKX_MARCH,BTC-USDT-SWAP,2026-03-02,1772411258000,2026-03-02T00:27:38+00:00,LONG,ACCUMULATION,RANGE,0.2542,0.2542,0.09437968375513256,-0.3671,3.359,1,,,0,1,0,0,1,1,2,OKX_MARCH_LONG_665,CLEAR,65800.55,66031.75,66553.65,65222.58,67551.95,0,not_TREND_DOWN;not_SHORT;prior_60m_not_negative;buyer_absorption,HYBRID_REJECT,M4_THIN_ONLY_PASS,REJECT
BTC-USDT-SWAP-SHORT-1772410491000-2,OKX_MARCH,BTC-USDT-SWAP,2026-03-02,1772411807000,2026-03-02T00:36:47+00:00,SHORT,DISTRIBUTION,RANGE,0.3739,0.3739,-0.25036613584096834,-0.0745,0.921,1,,,0,0,0,0,1,1,2,OKX_MARCH_SHORT_659,CLEAR,65768.05,66086.65,65927.35,64608.8,66916.26,0,not_TREND_DOWN;prior_60m_not_negative,HYBRID_REJECT,M4_THIN_ONLY_PASS,REJECT
BTC-USDT-SWAP-SHORT-1772410502000-3,OKX_MARCH,BTC-USDT-SWAP,2026-03-02,1772411807000,2026-03-02T00:36:47+00:00,SHORT,DISTRIBUTION,RANGE,0.3739,0.3739,-0.3095603186264806,-0.0745,0.921,1,,,0,0,0,0,1,1,2,OKX_MARCH_SHORT_659,CLEAR,65768.05,66086.65,65927.35,64608.8,66916.26,0,not_TREND_DOWN;prior_60m_not_negative,HYBRID_REJECT,M4_THIN_ONLY_PASS,REJECT
BTC-USDT-SWAP-SHORT-1772412598000-5,OKX_MARCH,BTC-USDT-SWAP,2026-03-02,1772413371000,2026-03-02T01:02:51+00:00,SHORT,DISTRIBUTION,RANGE,1.1071,1.0592,0.38660448114740364,-0.0768,3.837,1,,,1,1,1,0,1,1,3,OKX_MARCH_SHORT_665,CLEAR,66430.35,66699.95,66565.15,65233.85,67563.63,0,not_TREND_DOWN;prior_60m_not_negative;buyer_absorption,HYBRID_REJECT,M4_THIN_ONLY_PASS,REJECT
BTC-USDT-SWAP-SHORT-1772412610000-6,OKX_MARCH,BTC-USDT-SWAP,2026-03-02,1772413371000,2026-03-02T01:02:51+00:00,SHORT,DISTRIBUTION,RANGE,1.1071,1.0592,-0.12507876747840485,-0.0768,3.837,1,,,1,0,1,0,1,1,3,OKX_MARCH_SHORT_665,CLEAR,66430.35,66699.95,66565.15,65233.85,67563.63,0,not_TREND_DOWN;prior_60m_not_negative,HYBRID_REJECT,M4_THIN_ONLY_PASS,REJECT
BTC-USDT-SWAP-LONG-1772414212000-7,OKX_MARCH,BTC-USDT-SWAP,2026-03-02,1772416021000,2026-03-02T01:47:01+00:00,LONG,ACCUMULATION,RANGE,1.2878,0.1948,0.11688311688311692,-0.0404,0.806,1,,,0,0,0,0,1,1,2,OKX_MARCH_LONG_667,CLEAR,66457.85,66973.520025,66715.69,65381.37,67716.42,0,not_TREND_DOWN;not_SHORT;prior_60m_not_negative,HYBRID_REJECT,M4_THIN_ONLY_PASS,REJECT
BTC-USDT-SWAP-LONG-1772414223000-8,OKX_MARCH,BTC-USDT-SWAP,2026-03-02,1772416021000,2026-03-02T01:47:01+00:00,LONG,ACCUMULATION,RANGE,1.2878,0.1948,-0.10322417515918401,-0.0404,0.806,1,,,0,0,0,0,1,1,2,OKX_MARCH_LONG_666,CLEAR,66457.85,66922.494525,66690.17,65356.37,67690.52,0,not_TREND_DOWN;not_SHORT;prior_60m_not_negative,HYBRID_REJECT,M4_THIN_ONLY_PASS,REJECT
BTC-USDT-SWAP-LONG-1772416021000-10,OKX_MARCH,BTC-USDT-SWAP,2026-03-02,1772416360000,2026-03-02T01:52:40+00:00,LONG,ACCUMULATION,RANGE,1.2265,-0.1431,0.3893564307866441,-0.2041,0.346,1,,,1,1,1,0,1,1,3,OKX_MARCH_LONG_665,CLEAR,66386.45,66630.648675,66508.55,65178.38,67506.18,0,not_TREND_DOWN;not_SHORT;buyer_absorption,HYBRID_REJECT,M4_THIN_ONLY_PASS,REJECT
BTC-USDT-SWAP-SHORT-1772415850000-9,OKX_MARCH,BTC-USDT-SWAP,2026-03-02,1772416638000,2026-03-02T01:57:18+00:00,SHORT,DISTRIBUTION,RANGE,1.1611,0.0197,-0.13336630388315246,0.1623,-0.045,1,,,1,0,1,1,0,1,3,OKX_MARCH_SHORT_662,CLEAR,66386.45,66637.65,66240.45,64915.64,67234.06,0,not_TREND_DOWN;prior_60m_not_negative,HYBRID_REJECT,M4_THIN_ONLY_PASS,REJECT
BTC-USDT-SWAP-SHORT-1772418726000-11,OKX_MARCH,BTC-USDT-SWAP,2026-03-02,1772419273000,2026-03-02T02:41:13+00:00,SHORT,DISTRIBUTION,RANGE,0.8331,-0.5089,0.016030518923360593,-0.256,0.295,1,,,0,1,0,0,1,1,2,OKX_MARCH_SHORT_660,CLEAR,66135.165875,66424.35,66099.95,64777.95,67091.45,0,not_TREND_DOWN;buyer_absorption,HYBRID_REJECT,M4_THIN_ONLY_PASS,REJECT
BTC-USDT-SWAP-LONG-1772419889000-13,OKX_MARCH,BTC-USDT-SWAP,2026-03-02,1772420096000,2026-03-02T02:54:56+00:00,LONG,ACCUMULATION,RANGE,0.7269,-0.5531,0.2626083408323339,-0.2157,0.247,1,,,0,1,0,0,1,1,2,OKX_MARCH_LONG_664,CLEAR,66200.45,66309.388125,66409.15,65080.97,67405.29,0,not_TREND_DOWN;not_SHORT;buyer_absorption,HYBRID_REJECT,M4_THIN_ONLY_PASS,REJECT
BTC-USDT-SWAP-LONG-1772420096000-14,OKX_MARCH,BTC-USDT-SWAP,2026-03-02,1772420798000,2026-03-02T03:06:38+00:00,LONG,ACCUMULATION,RANGE,0.6764,-0.1956,-0.001128168260330522,-0.2471,0.243,1,,,0,1,0,0,1,1,2,OKX_MARCH_LONG_664,CLEAR,66078.35,66332.95,66409.15,65080.97,67405.29,0,not_TREND_DOWN;not_SHORT;buyer_absorption,HYBRID_REJECT,M4_THIN_ONLY_PASS,REJECT
BTC-USDT-SWAP-SHORT-1772419273000-12,OKX_MARCH,BTC-USDT-SWAP,2026-03-02,1772421385000,2026-03-02T03:16:25+00:00,SHORT,DISTRIBUTION,RANGE,1.0935,0.4325,0.017055443973233306,-0.1513,1.268,1,,,0,1,0,0,1,1,2,OKX_MARCH_SHORT_663,CLEAR,66078.35,66573.15,66325.75,64999.24,67320.64,0,not_TREND_DOWN;prior_60m_not_negative;buyer_absorption,HYBRID_REJECT,M4_THIN_ONLY_PASS,REJECT
BTC-USDT-SWAP-SHORT-1772421927000-16,OKX_MARCH,BTC-USDT-SWAP,2026-03-02,1772422168000,2026-03-02T03:29:28+00:00,SHORT,DISTRIBUTION,RANGE,1.5209,0.8575,-0.09333810580955176,-0.2843,1.859,1,,,0,1,0,0,1,1,2,OKX_MARCH_SHORT_665,CLEAR,66641.212725,66843.25,66511.55,65181.32,67509.22,0,not_TREND_DOWN;prior_60m_not_negative;buyer_absorption,HYBRID_REJECT,M4_THIN_ONLY_PASS,REJECT
BTC-USDT-SWAP-LONG-1772420976000-15,OKX_MARCH,BTC-USDT-SWAP,2026-03-02,1772422464000,2026-03-02T03:34:24+00:00,LONG,ACCUMULATION,RANGE,1.5409,0.6673,0.20528948231660413,0.1368,2.702,1,,,1,1,1,1,1,1,4,OKX_MARCH_LONG_669,CLEAR,66316.575125,66857.85,66975.85,65636.33,67980.49,0,not_TREND_DOWN;not_SHORT;prior_60m_not_negative;buyer_absorption,HYBRID_REJECT,M4_THIN_ONLY_PASS,REJECT
BTC-USDT-SWAP-SHORT-1772422168000-17,OKX_MARCH,BTC-USDT-SWAP,2026-03-02,1772423375000,2026-03-02T03:49:35+00:00,SHORT,DISTRIBUTION,RANGE,1.6915,0.9054,-0.101113359904236,-0.0222,0.971,1,,,0,0,0,0,1,1,2,OKX_MARCH_SHORT_665,CLEAR,66682.85,67006.25,66527.25,65196.71,67525.16,0,not_TREND_DOWN;prior_60m_not_negative,HYBRID_REJECT,M4_THIN_ONLY_PASS,REJECT
BTC-USDT-SWAP-LONG-1772423133000-18,OKX_MARCH,BTC-USDT-SWAP,2026-03-02,1772423758000,2026-03-02T03:55:58+00:00,LONG,ACCUMULATION,RANGE,1.7009,0.9149,0.19407698681309477,-0.1083,-0.1,1,,,0,1,0,0,0,1,1,OKX_MARCH_LONG_669,CLEAR,66806.05,66999.85,66902.95,65564.89,67906.49,0,not_TREND_DOWN;not_SHORT;prior_60m_not_negative;buyer_absorption,HYBRID_REJECT,M4_THIN_ONLY_PASS,REJECT
BTC-USDT-SWAP-SHORT-1772434429000-19,OKX_MARCH,BTC-USDT-SWAP,2026-03-02,1772434806000,2026-03-02T07:00:06+00:00,SHORT,DISTRIBUTION,RANGE,0.6267,-0.7934,-0.15195040250836844,0.038,-0.276,1,,,0,0,0,1,0,1,2,OKX_MARCH_SHORT_659,CLEAR,66055.305825,66219.95,65976.85,64657.31,66966.5,0,not_TREND_DOWN,HYBRID_REJECT,M4_THIN_ONLY_PASS,REJECT
BTC-USDT-SWAP-SHORT-1772436154000-20,OKX_MARCH,BTC-USDT-SWAP,2026-03-02,1772436650000,2026-03-02T07:30:50+00:00,SHORT,DISTRIBUTION,RANGE,0.0256,-0.7224,0.07901637409500281,-0.2095,-0.115,1,,,0,1,0,0,0,1,1,OKX_MARCH_SHORT_656,CLEAR,65554.256475,65830.85,65692.55,64378.7,66677.94,0,not_TREND_DOWN;buyer_absorption,HYBRID_REJECT,M4_THIN_ONLY_PASS,REJECT
BTC-USDT-SWAP-SHORT-1772436650000-21,OKX_MARCH,BTC-USDT-SWAP,2026-03-02,1772438451000,2026-03-02T08:00:51+00:00,SHORT,DISTRIBUTION,RANGE,0.245,-0.3631,-0.11655854528975143,-0.0172,-0.06,1,,,0,0,0,0,0,1,1,OKX_MARCH_SHORT_656,CLEAR,65731.867625,65992.25,65698.15,64384.19,66683.62,0,not_TREND_DOWN,HYBRID_REJECT,M4_THIN_ONLY_PASS,REJECT
BTC-USDT-SWAP-SHORT-1772454967000-22,OKX_MARCH,BTC-USDT-SWAP,2026-03-02,1772456065000,2026-03-02T12:54:25+00:00,SHORT,DISTRIBUTION,RANGE,0.374,-0.4061,0.009038666375183609,0.0325,-0.32,1,,,0,0,0,1,0,1,2,OKX_MARCH_SHORT_658,CLEAR,65887.65,66051.559275,65850.15,64533.15,66837.9,0,not_TREND_DOWN,HYBRID_REJECT,M4_THIN_ONLY_PASS,REJECT
BTC-USDT-SWAP-SHORT-1772459757000-24,OKX_MARCH,BTC-USDT-SWAP,2026-03-02,1772460001000,2026-03-02T14:00:01+00:00,SHORT,DISTRIBUTION,RANGE,-0.5366,-0.8235,-0.03534902022346823,-0.0042,0.875,1,,,1,0,1,0,1,1,3,OKX_MARCH_SHORT_654,CLEAR,65347.759775,65470.149999999994,65408.95,64100.78,66390.09,0,not_TREND_DOWN,HYBRID_REJECT,M4_THIN_ONLY_PASS,REJECT
BTC-USDT-SWAP-SHORT-1772460162000-25,OKX_MARCH,BTC-USDT-SWAP,2026-03-02,1772460625000,2026-03-02T14:10:25+00:00,SHORT,DISTRIBUTION,RANGE,-0.3953,-0.6691,-0.2967889833814271,-0.12,1.588,1,,,0,1,0,0,1,1,2,OKX_MARCH_SHORT_653,CLEAR,65267.05,65526.75,65396.9,64088.96,66377.85,0,not_TREND_DOWN;buyer_absorption,HYBRID_REJECT,M4_THIN_ONLY_PASS,REJECT
BTC-USDT-SWAP-LONG-1772459159000-23,OKX_MARCH,BTC-USDT-SWAP,2026-03-02,1772461492000,2026-03-02T14:24:52+00:00,LONG,ACCUMULATION,RANGE,-0.4919,-0.9389,-0.012287424432405285,-0.0776,0.005,1,,,0,0,0,0,1,1,2,OKX_MARCH_LONG_660,CLEAR,65267.05,65619.45,66050.45,64729.44,67041.21,0,not_TREND_DOWN;not_SHORT,HYBRID_REJECT,M4_THIN_ONLY_PASS,REJECT
BTC-USDT-SWAP-LONG-1772461492000-27,OKX_MARCH,BTC-USDT-SWAP,2026-03-02,1772461681000,2026-03-02T14:28:01+00:00,LONG,ACCUMULATION,RANGE,-0.4157,-0.5403,0.0942688499789035,-0.0964,0.987,1,,,1,0,1,0,1,1,3,OKX_MARCH_LONG_656,CLEAR,65357.95,65555.35,65626.45,64313.92,66610.85,0,not_TREND_DOWN;not_SHORT,HYBRID_REJECT,M4_THIN_ONLY_PASS,REJECT
BTC-USDT-SWAP-SHORT-1772461132000-26,OKX_MARCH,BTC-USDT-SWAP,2026-03-02,1772462281000,2026-03-02T14:38:01+00:00,SHORT,DISTRIBUTION,RANGE,0.5468,0.4563,0.026157725829830496,-0.133,1.643,1,,,0,1,0,0,1,1,2,OKX_MARCH_SHORT_658,CLEAR,65347.25,66327.95,65837.6,64520.85,66825.16,0,not_TREND_DOWN;prior_60m_not_negative;buyer_absorption,HYBRID_REJECT,M4_THIN_ONLY_PASS,REJECT
BTC-USDT-SWAP-LONG-1772464005000-28,OKX_MARCH,BTC-USDT-SWAP,2026-03-02,1772464834000,2026-03-02T15:20:34+00:00,LONG,ACCUMULATION,TREND_UP,4.2459,4.6529,0.06452287767544433,0.102,3.665,1,,,1,0,1,1,1,1,4,OKX_MARCH_LONG_687,CLEAR,67224.02117499999,68573.45,68722.85,67348.39,69753.69,0,not_TREND_DOWN;not_SHORT;prior_60m_not_negative,HYBRID_REJECT,M4_THIN_ONLY_PASS,REJECT
BTC-USDT-SWAP-LONG-1772464013000-29,OKX_MARCH,BTC-USDT-SWAP,2026-03-02,1772464834000,2026-03-02T15:20:34+00:00,LONG,ACCUMULATION,TREND_UP,4.2459,4.6529,0.2774123743629166,0.102,3.665,1,,,1,1,1,1,1,1,4,OKX_MARCH_LONG_687,CLEAR,67280.29302499999,68573.45,68722.85,67348.39,69753.69,0,not_TREND_DOWN;not_SHORT;prior_60m_not_negative;buyer_absorption,HYBRID_REJECT,M4_THIN_ONLY_PASS,REJECT
BTC-USDT-SWAP-LONG-1772465497000-30,OKX_MARCH,BTC-USDT-SWAP,2026-03-02,1772466287000,2026-03-02T15:44:47+00:00,LONG,ACCUMULATION,TREND_UP,5.5912,4.2834,0.11216669057447573,0.116,3.698,1,,,1,0,1,1,1,1,4,OKX_MARCH_LONG_695,CLEAR,68396.65,69489.95,69529.45,68138.86,70572.39,0,not_TREND_DOWN;not_SHORT;prior_60m_not_negative,HYBRID_REJECT,M4_THIN_ONLY_PASS,REJECT
BTC-USDT-SWAP-SHORT-1772468028000-31,OKX_MARCH,BTC-USDT-SWAP,2026-03-02,1772468789000,2026-03-02T16:26:29+00:00,SHORT,DISTRIBUTION,TREND_UP,5.6451,1.2745,0.016539681390142422,0.0239,3.211,1,,,0,0,0,1,1,1,3,OKX_MARCH_SHORT_692,CLEAR,68536.45,70054.95,69295.7,67909.79,70335.14,0,not_TREND_DOWN;prior_60m_not_negative,HYBRID_REJECT,M4_THIN_ONLY_PASS,REJECT
BTC-USDT-SWAP-LONG-1772468544000-32,OKX_MARCH,BTC-USDT-SWAP,2026-03-02,1772469143000,2026-03-02T16:32:23+00:00,LONG,ACCUMULATION,TREND_UP,5.4817,1.2407,0.17192059762244102,-0.1256,0.132,1,,,0,1,0,0,1,1,2,OKX_MARCH_LONG_697,CLEAR,69212.25,69709.95,69775.85,68380.33,70822.49,0,not_TREND_DOWN;not_SHORT;prior_60m_not_negative;buyer_absorption,HYBRID_REJECT,M4_THIN_ONLY_PASS,REJECT
BTC-USDT-SWAP-LONG-1772470363000-33,OKX_MARCH,BTC-USDT-SWAP,2026-03-02,1772471051000,2026-03-02T17:04:11+00:00,LONG,ACCUMULATION,TREND_UP,5.662,0.4565,0.2631484871434296,-0.0871,2.525,1,,,0,1,0,0,1,1,2,OKX_MARCH_LONG_695,CLEAR,69331.55,69811.838475,69571.69,68180.26,70615.27,0,not_TREND_DOWN;not_SHORT;prior_60m_not_negative;buyer_absorption,HYBRID_REJECT,M4_THIN_ONLY_PASS,REJECT
BTC-USDT-SWAP-SHORT-1772471902000-34,OKX_MARCH,BTC-USDT-SWAP,2026-03-02,1772472082000,2026-03-02T17:21:22+00:00,SHORT,DISTRIBUTION,TREND_UP,5.5667,-0.1141,-0.010871531502337203,-0.023,1.268,1,,,0,0,0,0,1,1,2,OKX_MARCH_SHORT_689,CLEAR,69143.65,69418.05,68989.75,67609.96,70024.6,0,not_TREND_DOWN,HYBRID_REJECT,M4_THIN_ONLY_PASS,REJECT
BTC-USDT-SWAP-SHORT-1772471938000-35,OKX_MARCH,BTC-USDT-SWAP,2026-03-02,1772472362000,2026-03-02T17:26:02+00:00,SHORT,DISTRIBUTION,TREND_UP,5.4902,-0.2551,-0.17328056676943174,-0.0562,2.655,1,,,0,0,0,0,1,1,2,OKX_MARCH_SHORT_689,CLEAR,69109.07817499999,69418.05,68989.75,67609.96,70024.6,0,not_TREND_DOWN,HYBRID_REJECT,M4_THIN_ONLY_PASS,REJECT
BTC-USDT-SWAP-SHORT-1772472002000-36,OKX_MARCH,BTC-USDT-SWAP,2026-03-02,1772472362000,2026-03-02T17:26:02+00:00,SHORT,DISTRIBUTION,TREND_UP,5.4902,-0.2551,-0.045591853868276515,-0.0562,2.655,1,,,0,0,0,0,1,1,2,OKX_MARCH_SHORT_689,CLEAR,69219.023175,69418.05,68921.95,67543.51,69955.78,0,not_TREND_DOWN,HYBRID_REJECT,M4_THIN_ONLY_PASS,REJECT
BTC-USDT-SWAP-SHORT-1772474203000-37,OKX_MARCH,BTC-USDT-SWAP,2026-03-02,1772475113000,2026-03-02T18:11:53+00:00,SHORT,DISTRIBUTION,TREND_UP,4.9662,-0.417,-0.24865629637014022,0.1532,1.276,1,,,0,0,0,1,1,1,3,OKX_MARCH_SHORT_690,CLEAR,68536.45,69482.05,69009.25,67629.07,70044.39,0,not_TREND_DOWN,HYBRID_REJECT,M4_THIN_ONLY_PASS,REJECT
BTC-USDT-SWAP-SHORT-1772496035000-1,OKX_MARCH,BTC-USDT-SWAP,2026-03-03,1772496525000,2026-03-03T00:08:45+00:00,SHORT,DISTRIBUTION,TREND_UP,4.3751,-0.6295,-0.08652858554267313,-0.205,-0.294,1,,,0,1,0,0,0,1,1,OKX_MARCH_SHORT_686,CLEAR,68737.75,68932.95,68699.35,67325.36,69729.84,0,not_TREND_DOWN;buyer_absorption,HYBRID_REJECT,M4_THIN_ONLY_PASS,REJECT
BTC-USDT-SWAP-SHORT-1772496525000-2,OKX_MARCH,BTC-USDT-SWAP,2026-03-03,1772496705000,2026-03-03T00:11:45+00:00,SHORT,DISTRIBUTION,TREND_UP,4.2432,-0.6337,-0.30327729879461174,-0.2131,11.429,1,,,1,1,1,0,1,1,3,OKX_MARCH_SHORT_687,CLEAR,68807.25,68969.95,68700.25,67326.24,69730.75,0,not_TREND_DOWN;buyer_absorption,HYBRID_REJECT,M4_THIN_ONLY_PASS,REJECT
BTC-USDT-SWAP-LONG-1772496994000-4,OKX_MARCH,BTC-USDT-SWAP,2026-03-03,1772497178000,2026-03-03T00:19:38+00:00,LONG,ACCUMULATION,TREND_UP,4.4215,-0.6449,0.25133741959932854,-0.0045,1.26,1,,,0,1,0,0,1,1,2,OKX_MARCH_LONG_689,CLEAR,68669.95,68858.76217500001,68904.85,67526.75,69938.42,0,not_TREND_DOWN;not_SHORT;buyer_absorption,HYBRID_REJECT,M4_THIN_ONLY_PASS,REJECT
BTC-USDT-SWAP-SHORT-1772496865000-3,OKX_MARCH,BTC-USDT-SWAP,2026-03-03,1772497705000,2026-03-03T00:28:25+00:00,SHORT,DISTRIBUTION,TREND_UP,4.3222,-0.4443,-0.17027028847549336,0.1126,0.008,1,,,1,0,1,1,1,1,4,OKX_MARCH_SHORT_687,CLEAR,68625.55,68852.05,68738.8,67364.02,69769.88,0,not_TREND_DOWN,HYBRID_REJECT,M4_THIN_ONLY_PASS,REJECT
BTC-USDT-SWAP-LONG-1772499219000-6,OKX_MARCH,BTC-USDT-SWAP,2026-03-03,1772499399000,2026-03-03T00:56:39+00:00,LONG,ACCUMULATION,TREND_UP,3.6601,0.2042,0.09314033859533269,-0.0906,0.065,1,,,0,0,0,0,1,1,2,OKX_MARCH_LONG_691,CLEAR,68888.05,68971.318425,69169.55,67786.16,70207.09,0,not_TREND_DOWN;not_SHORT;prior_60m_not_negative,HYBRID_REJECT,M4_THIN_ONLY_PASS,REJECT
BTC-USDT-SWAP-SHORT-1772498676000-5,OKX_MARCH,BTC-USDT-SWAP,2026-03-03,1772499460000,2026-03-03T00:57:40+00:00,SHORT,DISTRIBUTION,TREND_UP,3.5847,0.1691,-0.24649223000193177,0.1215,0.984,1,,,1,0,1,1,1,1,4,OKX_MARCH_SHORT_686,CLEAR,68875.25,69128.55,68642.55,67269.7,69672.19,0,not_TREND_DOWN;prior_60m_not_negative,HYBRID_REJECT,M4_THIN_ONLY_PASS,REJECT
BTC-USDT-SWAP-LONG-1772499903000-7,OKX_MARCH,BTC-USDT-SWAP,2026-03-03,1772500875000,2026-03-03T01:21:15+00:00,LONG,ACCUMULATION,TREND_UP,3.4676,0.4312,0.1957977761086569,-0.0215,2.429,1,,,0,0,0,0,1,1,2,OKX_MARCH_LONG_690,CLEAR,68838.15,69209.65,69023.9,67643.42,70059.26,0,not_TREND_DOWN;not_SHORT;prior_60m_not_negative,HYBRID_REJECT,M4_THIN_ONLY_PASS,REJECT
BTC-USDT-SWAP-SHORT-1772504097000-10,OKX_MARCH,BTC-USDT-SWAP,2026-03-03,1772505226000,2026-03-03T02:33:46+00:00,SHORT,DISTRIBUTION,TREND_UP,3.1279,-0.7526,-0.2367998794402365,0.012,0.231,1,,,1,0,1,1,1,1,4,OKX_MARCH_SHORT_681,CLEAR,68202.25,68611.55,68161.25,66798.02,69183.67,0,not_TREND_DOWN,HYBRID_REJECT,M4_THIN_ONLY_PASS,REJECT
BTC-USDT-SWAP-SHORT-1772504005000-9,OKX_MARCH,BTC-USDT-SWAP,2026-03-03,1772505226000,2026-03-03T02:33:46+00:00,SHORT,DISTRIBUTION,TREND_UP,3.1279,-0.7526,-0.1844055456069317,0.012,0.231,1,,,1,0,1,1,1,1,4,OKX_MARCH_SHORT_681,CLEAR,68202.25,68654.360025,68163.25,66799.99,69185.7,0,not_TREND_DOWN,HYBRID_REJECT,M4_THIN_ONLY_PASS,REJECT
BTC-USDT-SWAP-SHORT-1772505226000-11,OKX_MARCH,BTC-USDT-SWAP,2026-03-03,1772505411000,2026-03-03T02:36:51+00:00,SHORT,DISTRIBUTION,TREND_UP,3.1079,-0.7325,-0.06028317247829502,-0.128,7.734,1,,,1,1,1,0,1,1,3,OKX_MARCH_SHORT_681,CLEAR,68350.05,68469.15,68167.75,66804.4,69190.27,0,not_TREND_DOWN;buyer_absorption,HYBRID_REJECT,M4_THIN_ONLY_PASS,REJECT
BTC-USDT-SWAP-LONG-1772503614000-8,OKX_MARCH,BTC-USDT-SWAP,2026-03-03,1772505728000,2026-03-03T02:42:08+00:00,LONG,ACCUMULATION,TREND_UP,3.2096,-0.7546,0.08072733794336938,0.0619,0.125,1,,,0,0,0,1,1,1,3,OKX_MARCH_LONG_684,CLEAR,68202.25,68664.95,68433.6,67064.93,69460.1,0,not_TREND_DOWN;not_SHORT,HYBRID_REJECT,M4_THIN_ONLY_PASS,REJECT
BTC-USDT-SWAP-LONG-1772505728000-12,OKX_MARCH,BTC-USDT-SWAP,2026-03-03,1772506523000,2026-03-03T02:55:23+00:00,LONG,ACCUMULATION,TREND_UP,3.384,-0.514,0.08318693904834858,0.1981,1.52,1,,,0,0,0,1,1,1,3,OKX_MARCH_LONG_684,CLEAR,68368.05,68594.25,68481.15,67111.53,69508.37,0,not_TREND_DOWN;not_SHORT,HYBRID_REJECT,M4_THIN_ONLY_PASS,REJECT
BTC-USDT-SWAP-LONG-1772513128000-13,OKX_MARCH,BTC-USDT-SWAP,2026-03-03,1772513606000,2026-03-03T04:53:26+00:00,LONG,ACCUMULATION,RANGE,2.1565,-0.3375,-0.004523867284144848,-0.1961,0.852,1,,,1,1,1,0,1,1,3,OKX_MARCH_LONG_685,CLEAR,68012.75,68213.639775,68509.95,67139.75,69537.6,0,not_TREND_DOWN;not_SHORT;buyer_absorption,HYBRID_REJECT,M4_THIN_ONLY_PASS,REJECT
BTC-USDT-SWAP-LONG-1772513606000-14,OKX_MARCH,BTC-USDT-SWAP,2026-03-03,1772513989000,2026-03-03T04:59:49+00:00,LONG,ACCUMULATION,RANGE,1.9811,-0.3611,0.1833272886498533,-0.18,0.174,1,,,0,1,0,0,1,1,2,OKX_MARCH_LONG_684,CLEAR,68060.35,68153.709825,68448.05,67079.09,69474.77,0,not_TREND_DOWN;not_SHORT;buyer_absorption,HYBRID_REJECT,M4_THIN_ONLY_PASS,REJECT
BTC-USDT-SWAP-SHORT-1772514107000-15,OKX_MARCH,BTC-USDT-SWAP,2026-03-03,1772514301000,2026-03-03T05:05:01+00:00,SHORT,DISTRIBUTION,RANGE,2.155,-0.4654,-0.2476392301586875,-0.0214,-0.169,1,,,1,0,1,0,0,1,2,OKX_MARCH_SHORT_680,CLEAR,68030.05,68163.15,68096.6,66734.67,69118.05,0,not_TREND_DOWN,HYBRID_REJECT,M4_THIN_ONLY_PASS,REJECT
BTC-USDT-SWAP-SHORT-1772517366000-17,OKX_MARCH,BTC-USDT-SWAP,2026-03-03,1772517600000,2026-03-03T06:00:00+00:00,SHORT,DISTRIBUTION,RANGE,1.8373,-0.2373,-0.15515382316382234,0.1663,1.342,1,,,0,0,0,1,1,1,3,OKX_MARCH_SHORT_678,CLEAR,67824.05,67933.55,67878.8,66521.22,68896.98,0,not_TREND_DOWN,HYBRID_REJECT,M4_THIN_ONLY_PASS,REJECT
BTC-USDT-SWAP-SHORT-1772517425000-18,OKX_MARCH,BTC-USDT-SWAP,2026-03-03,1772517869000,2026-03-03T06:04:29+00:00,SHORT,DISTRIBUTION,RANGE,2.0063,-0.3628,0.029609563663559095,-0.1108,-0.108,1,,,1,1,1,0,0,1,2,OKX_MARCH_SHORT_676,CLEAR,67791.337375,68009.65,67685.55,66331.84,68700.83,0,not_TREND_DOWN;buyer_absorption,HYBRID_REJECT,M4_THIN_ONLY_PASS,REJECT
BTC-USDT-SWAP-LONG-1772517197000-16,OKX_MARCH,BTC-USDT-SWAP,2026-03-03,1772520647000,2026-03-03T06:50:47+00:00,LONG,ACCUMULATION,TREND_UP,2.6796,0.1176,0.29403053812675206,0.1216,2.286,1,,,1,1,1,1,1,1,4,OKX_MARCH_LONG_678,CLEAR,67760.55,68009.65,67885.1,66527.4,68903.38,0,not_TREND_DOWN;not_SHORT;prior_60m_not_negative;buyer_absorption,HYBRID_REJECT,M4_THIN_ONLY_PASS,REJECT
BTC-USDT-SWAP-SHORT-1772521223000-19,OKX_MARCH,BTC-USDT-SWAP,2026-03-03,1772521567000,2026-03-03T07:06:07+00:00,SHORT,DISTRIBUTION,TREND_UP,3.2141,0.2532,-0.03138638970811184,-0.1885,0.485,1,,,0,1,0,0,1,1,2,OKX_MARCH_SHORT_677,CLEAR,67920.05,68122.35,67799.95,66443.95,68816.95,0,not_TREND_DOWN;prior_60m_not_negative;buyer_absorption,HYBRID_REJECT,M4_THIN_ONLY_PASS,REJECT
BTC-USDT-SWAP-SHORT-1772522407000-20,OKX_MARCH,BTC-USDT-SWAP,2026-03-03,1772523681000,2026-03-03T07:41:21+00:00,SHORT,DISTRIBUTION,TREND_UP,3.2772,0.2468,-0.03503965966754962,0.08,1.776,1,,,1,0,1,1,1,1,4,OKX_MARCH_SHORT_677,CLEAR,68031.95,68216.35,67734.95,66380.25,68750.97,0,not_TREND_DOWN;prior_60m_not_negative,HYBRID_REJECT,M4_THIN_ONLY_PASS,REJECT
BTC-USDT-SWAP-SHORT-1772527118000-21,OKX_MARCH,BTC-USDT-SWAP,2026-03-03,1772527980000,2026-03-03T08:53:00+00:00,SHORT,DISTRIBUTION,RANGE,1.3482,-1.5882,0.23038466153887777,0.128,17.048,1,,,1,1,1,1,1,1,4,OKX_MARCH_SHORT_669,CLEAR,67060.25,67582.224225,66970.55,65631.14,67975.11,0,not_TREND_DOWN;buyer_absorption,HYBRID_REJECT,M4_THIN_ONLY_PASS,REJECT
BTC-USDT-SWAP-SHORT-1772528107000-22,OKX_MARCH,BTC-USDT-SWAP,2026-03-03,1772528433000,2026-03-03T09:00:33+00:00,SHORT,DISTRIBUTION,RANGE,1.1782,-1.724,0.25716118278353667,0.0751,0.549,1,,,0,1,0,1,1,1,3,OKX_MARCH_SHORT_667,CLEAR,66872.55,67070.16832499999,66731.45,65396.82,67732.42,0,not_TREND_DOWN;buyer_absorption,HYBRID_REJECT,M4_THIN_ONLY_PASS,REJECT
BTC-USDT-SWAP-SHORT-1772528433000-23,OKX_MARCH,BTC-USDT-SWAP,2026-03-03,1772528613000,2026-03-03T09:03:33+00:00,SHORT,DISTRIBUTION,RANGE,1.1244,-1.7589,0.14879431639359447,-0.0209,4.835,1,,,1,0,1,0,1,1,3,OKX_MARCH_SHORT_666,CLEAR,66946.460025,67082.45,66695.95,65362.03,67696.39,0,not_TREND_DOWN,HYBRID_REJECT,M4_THIN_ONLY_PASS,REJECT
BTC-USDT-SWAP-SHORT-1772530692000-25,OKX_MARCH,BTC-USDT-SWAP,2026-03-03,1772531041000,2026-03-03T09:44:01+00:00,SHORT,DISTRIBUTION,RANGE,0.2969,-1.2121,0.08240909589150319,0.013,18.417,1,,,1,0,1,1,1,1,4,OKX_MARCH_SHORT_665,CLEAR,66509.278725,66674.95,66592.11,65260.27,67591.0,0,not_TREND_DOWN,HYBRID_REJECT,M4_THIN_ONLY_PASS,REJECT
BTC-USDT-SWAP-SHORT-1772531394000-26,OKX_MARCH,BTC-USDT-SWAP,2026-03-03,1772532017000,2026-03-03T10:00:17+00:00,SHORT,DISTRIBUTION,RANGE,0.6212,-0.584,0.2780692647080315,-0.2117,1.439,1,,,0,1,0,0,1,1,2,OKX_MARCH_SHORT_665,CLEAR,66380.05,66639.95,66510.0,65179.8,67507.65,0,not_TREND_DOWN;buyer_absorption,HYBRID_REJECT,M4_THIN_ONLY_PASS,REJECT
BTC-USDT-SWAP-SHORT-1772531452000-27,OKX_MARCH,BTC-USDT-SWAP,2026-03-03,1772532017000,2026-03-03T10:00:17+00:00,SHORT,DISTRIBUTION,RANGE,0.6212,-0.584,-0.015606841769190947,-0.2117,1.439,1,,,0,1,0,0,1,1,2,OKX_MARCH_SHORT_664,CLEAR,66353.15682500001,66639.95,66496.55,65166.62,67494.0,0,not_TREND_DOWN;buyer_absorption,HYBRID_REJECT,M4_THIN_ONLY_PASS,REJECT
BTC-USDT-SWAP-SHORT-1772535110000-28,OKX_MARCH,BTC-USDT-SWAP,2026-03-03,1772536146000,2026-03-03T11:09:06+00:00,SHORT,DISTRIBUTION,RANGE,1.1321,0.5558,-0.23628640582567034,-0.1611,18.008,1,,,1,1,1,0,1,1,3,OKX_MARCH_SHORT_668,CLEAR,66676.95,66987.95,66832.45,65495.8,67834.94,0,not_TREND_DOWN;prior_60m_not_negative;buyer_absorption,HYBRID_REJECT,M4_THIN_ONLY_PASS,REJECT
BTC-USDT-SWAP-SHORT-1772535134000-29,OKX_MARCH,BTC-USDT-SWAP,2026-03-03,1772536146000,2026-03-03T11:09:06+00:00,SHORT,DISTRIBUTION,RANGE,1.1321,0.5558,0.01726788962138158,-0.1611,18.008,1,,,1,1,1,0,1,1,3,OKX_MARCH_SHORT_668,CLEAR,66676.95,66987.95,66832.45,65495.8,67834.94,0,not_TREND_DOWN;prior_60m_not_negative;buyer_absorption,HYBRID_REJECT,M4_THIN_ONLY_PASS,REJECT
BTC-USDT-SWAP-LONG-1772535551000-30,OKX_MARCH,BTC-USDT-SWAP,2026-03-03,1772536899000,2026-03-03T11:21:39+00:00,LONG,ACCUMULATION,RANGE,1.0624,0.3144,0.2018463100060426,0.1676,0.0,1,,,0,1,0,1,0,1,2,OKX_MARCH_LONG_671,CLEAR,66696.684975,67030.25,67104.05,65761.97,68110.61,0,not_TREND_DOWN;not_SHORT;prior_60m_not_negative;buyer_absorption,HYBRID_REJECT,M4_THIN_ONLY_PASS,REJECT
BTC-USDT-SWAP-LONG-1772536899000-31,OKX_MARCH,BTC-USDT-SWAP,2026-03-03,1772537468000,2026-03-03T11:31:08+00:00,LONG,ACCUMULATION,RANGE,1.1763,0.6281,0.22457841713612223,-0.1075,-6.807,1,,,0,1,0,0,0,1,1,OKX_MARCH_LONG_670,CLEAR,66793.45,66980.85,67032.55,65691.9,68038.04,0,not_TREND_DOWN;not_SHORT;prior_60m_not_negative;buyer_absorption,HYBRID_REJECT,M4_THIN_ONLY_PASS,REJECT
BTC-USDT-SWAP-LONG-1772541712000-33,OKX_MARCH,BTC-USDT-SWAP,2026-03-03,1772542024000,2026-03-03T12:47:04+00:00,LONG,ACCUMULATION,RANGE,2.1665,0.3929,-0.06961616569770518,-0.0816,2.762,1,,,1,0,1,0,1,1,3,OKX_MARCH_LONG_673,CLEAR,67279.05,67377.95,67328.5,65981.93,68338.43,0,not_TREND_DOWN;not_SHORT;prior_60m_not_negative,HYBRID_REJECT,M4_THIN_ONLY_PASS,REJECT
BTC-USDT-SWAP-LONG-1772541572000-32,OKX_MARCH,BTC-USDT-SWAP,2026-03-03,1772542024000,2026-03-03T12:47:04+00:00,LONG,ACCUMULATION,RANGE,2.1665,0.3929,-0.05492536525098649,-0.0816,2.762,1,,,1,0,1,0,1,1,3,OKX_MARCH_LONG_673,CLEAR,67254.85,67403.935125,67329.39,65982.8,68339.33,0,not_TREND_DOWN;not_SHORT;prior_60m_not_negative,HYBRID_REJECT,M4_THIN_ONLY_PASS,REJECT
BTC-USDT-SWAP-LONG-1772543243000-34,OKX_MARCH,BTC-USDT-SWAP,2026-03-03,1772544123000,2026-03-03T13:22:03+00:00,LONG,ACCUMULATION,RANGE,1.5799,-0.514,0.07266486994265942,0.0289,0.447,1,,,1,0,1,1,1,1,4,OKX_MARCH_LONG_675,CLEAR,66936.45,67219.95,67524.35,66173.86,68537.22,0,not_TREND_DOWN;not_SHORT,HYBRID_REJECT,M4_THIN_ONLY_PASS,REJECT
BTC-USDT-SWAP-LONG-1772544123000-35,OKX_MARCH,BTC-USDT-SWAP,2026-03-03,1772544456000,2026-03-03T13:27:36+00:00,LONG,ACCUMULATION,RANGE,1.9097,-0.6237,-0.09688011567862731,-0.0143,0.029,1,,,1,0,1,0,1,1,3,OKX_MARCH_LONG_670,CLEAR,66997.15,67138.102275,67067.63,65726.27,68073.64,0,not_TREND_DOWN;not_SHORT,HYBRID_REJECT,M4_THIN_ONLY_PASS,REJECT
BTC-USDT-SWAP-SHORT-1772546176000-36,OKX_MARCH,BTC-USDT-SWAP,2026-03-03,1772546536000,2026-03-03T14:02:16+00:00,SHORT,DISTRIBUTION,RANGE,2.2194,-0.5843,-0.22227603813095845,-0.1193,1.434,1,,,1,1,1,0,1,1,3,OKX_MARCH_SHORT_668,CLEAR,66761.85,66941.05,66851.45,65514.42,67854.22,0,not_TREND_DOWN;buyer_absorption,HYBRID_REJECT,M4_THIN_ONLY_PASS,REJECT
BTC-USDT-SWAP-SHORT-1772551037000-37,OKX_MARCH,BTC-USDT-SWAP,2026-03-03,1772552692000,2026-03-03T15:44:52+00:00,SHORT,DISTRIBUTION,TREND_DOWN,-2.8175,1.5503,-0.2534834987207325,-0.077,6.519,1,,,0,0,0,0,1,1,2,OKX_MARCH_SHORT_671,CLEAR,66442.25,67796.85,67119.55,65777.16,68126.34,0,prior_60m_not_negative,HYBRID_REJECT,M4_THIN_ONLY_PASS,REJECT
BTC-USDT-SWAP-LONG-1772553323000-38,OKX_MARCH,BTC-USDT-SWAP,2026-03-03,1772553506000,2026-03-03T15:58:26+00:00,LONG,ACCUMULATION,RANGE,-2.0274,1.5283,-0.07623890144093713,-0.007,0.573,1,,,1,0,1,0,1,1,3,OKX_MARCH_LONG_678,CLEAR,67453.15,67600.15,67886.35,66528.62,68904.65,0,not_TREND_DOWN;not_SHORT;prior_60m_not_negative,HYBRID_REJECT,M4_THIN_ONLY_PASS,REJECT
BTC-USDT-SWAP-LONG-1772553506000-39,OKX_MARCH,BTC-USDT-SWAP,2026-03-03,1772553727000,2026-03-03T16:02:07+00:00,LONG,ACCUMULATION,RANGE,-2.0615,1.621,0.17743771837713165,-0.1113,27.335,1,,,0,1,0,0,1,1,2,OKX_MARCH_LONG_679,CLEAR,67558.35392499999,67861.85,67911.55,66553.32,68930.22,0,not_TREND_DOWN;not_SHORT;prior_60m_not_negative;buyer_absorption,HYBRID_REJECT,M4_THIN_ONLY_PASS,REJECT
BTC-USDT-SWAP-LONG-1772553549000-40,OKX_MARCH,BTC-USDT-SWAP,2026-03-03,1772553729000,2026-03-03T16:02:09+00:00,LONG,ACCUMULATION,RANGE,-1.9734,1.7091,0.28114230700848536,-0.0899,26.646,1,,,0,1,0,0,1,1,2,OKX_MARCH_LONG_679,CLEAR,67616.125025,67861.85,67911.55,66553.32,68930.22,0,not_TREND_DOWN;not_SHORT;prior_60m_not_negative;buyer_absorption,HYBRID_REJECT,M4_THIN_ONLY_PASS,REJECT
BTC-USDT-SWAP-LONG-1772554627000-41,OKX_MARCH,BTC-USDT-SWAP,2026-03-03,1772555378000,2026-03-03T16:29:38+00:00,LONG,ACCUMULATION,RANGE,-0.7041,2.9969,0.021679704905296443,-0.0053,7.393,1,,,1,0,1,0,1,1,3,OKX_MARCH_LONG_685,CLEAR,68221.25,68952.75,68587.0,67215.26,69615.8,0,not_TREND_DOWN;not_SHORT;prior_60m_not_negative,HYBRID_REJECT,M4_THIN_ONLY_PASS,REJECT
BTC-USDT-SWAP-LONG-1772558132000-42,OKX_MARCH,BTC-USDT-SWAP,2026-03-03,1772559978000,2026-03-03T17:46:18+00:00,LONG,ACCUMULATION,RANGE,-1.1686,0.2267,0.0803299134185964,0.1359,0.0,1,,,0,0,0,1,0,1,2,OKX_MARCH_LONG_682,CLEAR,67712.85,68859.65,68286.25,66920.52,69310.54,0,not_TREND_DOWN;not_SHORT;prior_60m_not_negative,HYBRID_REJECT,M4_THIN_ONLY_PASS,REJECT
BTC-USDT-SWAP-LONG-1772560656000-43,OKX_MARCH,BTC-USDT-SWAP,2026-03-03,1772560914000,2026-03-03T18:01:54+00:00,LONG,ACCUMULATION,RANGE,-0.9114,0.5878,0.2702300093882614,0.0088,0.0,1,,,1,1,1,1,0,1,3,OKX_MARCH_LONG_684,CLEAR,68190.05,68398.85,68448.15,67079.19,69474.87,0,not_TREND_DOWN;not_SHORT;prior_60m_not_negative;buyer_absorption,HYBRID_REJECT,M4_THIN_ONLY_PASS,REJECT
BTC-USDT-SWAP-LONG-1772563749000-45,OKX_MARCH,BTC-USDT-SWAP,2026-03-03,1772563929000,2026-03-03T18:52:09+00:00,LONG,ACCUMULATION,RANGE,-0.3615,0.5998,0.07750799108949732,-0.0825,13.082,1,,,1,0,1,0,1,1,3,OKX_MARCH_LONG_688,CLEAR,68565.650025,68731.25,68822.95,67446.49,69855.29,0,not_TREND_DOWN;not_SHORT;prior_60m_not_negative,HYBRID_REJECT,M4_THIN_ONLY_PASS,REJECT
BTC-USDT-SWAP-SHORT-1772563179000-44,OKX_MARCH,BTC-USDT-SWAP,2026-03-03,1772564791000,2026-03-03T19:06:31+00:00,SHORT,DISTRIBUTION,RANGE,-0.1877,0.3422,-0.3719002009537372,0.0466,1.869,1,,,1,0,1,1,1,1,4,OKX_MARCH_SHORT_678,CLEAR,68485.75,68797.95,67822.55,66466.1,68839.89,0,not_TREND_DOWN;prior_60m_not_negative,HYBRID_REJECT,M4_THIN_ONLY_PASS,REJECT
BTC-USDT-SWAP-LONG-1772564438000-46,OKX_MARCH,BTC-USDT-SWAP,2026-03-03,1772565127000,2026-03-03T19:12:07+00:00,LONG,ACCUMULATION,RANGE,-0.2053,0.6857,-0.25721699854610286,-0.1097,0.677,1,,,0,1,0,0,1,1,2,OKX_MARCH_LONG_686,CLEAR,68289.55,68654.15,68690.55,67316.74,69720.91,0,not_TREND_DOWN;not_SHORT;prior_60m_not_negative;buyer_absorption,HYBRID_REJECT,M4_THIN_ONLY_PASS,REJECT
BTC-USDT-SWAP-SHORT-1772582934000-2,OKX_MARCH,BTC-USDT-SWAP,2026-03-04,1772583276000,2026-03-04T00:14:36+00:00,SHORT,DISTRIBUTION,RANGE,-0.9162,-0.8154,-0.3263279357930495,0.0666,6.056,1,,,1,0,1,1,1,1,4,OKX_MARCH_SHORT_680,CLEAR,68050.05,68199.95,68014.75,66654.46,69034.97,0,not_TREND_DOWN,HYBRID_REJECT,M4_THIN_ONLY_PASS,REJECT
BTC-USDT-SWAP-SHORT-1772582797000-1,OKX_MARCH,BTC-USDT-SWAP,2026-03-04,1772583276000,2026-03-04T00:14:36+00:00,SHORT,DISTRIBUTION,RANGE,-0.9162,-0.8154,-0.1573475814011833,0.0666,6.056,1,,,1,0,1,1,1,1,4,OKX_MARCH_SHORT_679,CLEAR,68050.05,68266.06597499999,67990.25,66630.44,69010.1,0,not_TREND_DOWN,HYBRID_REJECT,M4_THIN_ONLY_PASS,REJECT
BTC-USDT-SWAP-LONG-1772584188000-4,OKX_MARCH,BTC-USDT-SWAP,2026-03-04,1772584858000,2026-03-04T00:40:58+00:00,LONG,ACCUMULATION,RANGE,-1.6136,-0.6985,-0.058226410967494056,-0.314,3.904,1,,,0,1,0,0,1,1,2,OKX_MARCH_LONG_684,CLEAR,67827.45,68329.79782499999,68406.45,67038.32,69432.55,0,not_TREND_DOWN;not_SHORT;buyer_absorption,HYBRID_REJECT,M4_THIN_ONLY_PASS,REJECT
BTC-USDT-SWAP-LONG-1772584858000-5,OKX_MARCH,BTC-USDT-SWAP,2026-03-04,1772585038000,2026-03-04T00:43:58+00:00,LONG,ACCUMULATION,RANGE,-1.7545,-0.8153,0.07271590421034538,-0.3991,-0.627,1,,,0,1,0,0,0,1,1,OKX_MARCH_LONG_685,CLEAR,67875.05,67984.02502500001,68541.15,67170.33,69569.27,0,not_TREND_DOWN;not_SHORT;buyer_absorption,HYBRID_REJECT,M4_THIN_ONLY_PASS,REJECT
BTC-USDT-SWAP-SHORT-1772583941000-3,OKX_MARCH,BTC-USDT-SWAP,2026-03-04,1772586453000,2026-03-04T01:07:33+00:00,SHORT,DISTRIBUTION,RANGE,-1.2872,-0.1593,0.12463716328194228,-0.2452,-0.736,1,,,0,1,0,0,0,1,1,OKX_MARCH_SHORT_680,CLEAR,67827.45,68319.95,68073.7,66712.23,69094.81,0,not_TREND_DOWN;buyer_absorption,HYBRID_REJECT,M4_THIN_ONLY_PASS,REJECT
BTC-USDT-SWAP-SHORT-1772588463000-6,OKX_MARCH,BTC-USDT-SWAP,2026-03-04,1772588708000,2026-03-04T01:45:08+00:00,SHORT,DISTRIBUTION,RANGE,-0.4921,0.9564,-0.17593002033584956,-0.2273,2.212,1,,,1,1,1,0,1,1,3,OKX_MARCH_SHORT_684,CLEAR,68524.070825,68864.95,68430.55,67061.94,69457.01,0,not_TREND_DOWN;prior_60m_not_negative;buyer_absorption,HYBRID_REJECT,M4_THIN_ONLY_PASS,REJECT
BTC-USDT-SWAP-LONG-1772589121000-7,OKX_MARCH,BTC-USDT-SWAP,2026-03-04,1772589332000,2026-03-04T01:55:32+00:00,LONG,ACCUMULATION,RANGE,-0.5837,0.4978,0.11517162351885804,-0.0704,2.549,1,,,1,0,1,0,1,1,3,OKX_MARCH_LONG_684,CLEAR,68335.85,68483.17447499999,68409.51,67041.32,69435.65,0,not_TREND_DOWN;not_SHORT;prior_60m_not_negative,HYBRID_REJECT,M4_THIN_ONLY_PASS,REJECT
BTC-USDT-SWAP-SHORT-1772589606000-9,OKX_MARCH,BTC-USDT-SWAP,2026-03-04,1772590159000,2026-03-04T02:09:19+00:00,SHORT,DISTRIBUTION,RANGE,-0.4844,0.3275,-0.032438095984727335,-0.1147,2.881,1,,,0,1,0,0,1,1,2,OKX_MARCH_SHORT_681,CLEAR,68150.45,68420.142975,68114.45,66752.16,69136.17,0,not_TREND_DOWN;prior_60m_not_negative;buyer_absorption,HYBRID_REJECT,M4_THIN_ONLY_PASS,REJECT
BTC-USDT-SWAP-LONG-1772589296000-8,OKX_MARCH,BTC-USDT-SWAP,2026-03-04,1772590774000,2026-03-04T02:19:34+00:00,LONG,ACCUMULATION,RANGE,-0.4366,0.192,-0.012335938790413737,0.1112,0.26,1,,,0,0,0,1,1,1,3,OKX_MARCH_LONG_682,CLEAR,68060.65,68461.05,68260.85,66895.63,69284.76,0,not_TREND_DOWN;not_SHORT;prior_60m_not_negative,HYBRID_REJECT,M4_THIN_ONLY_PASS,REJECT
BTC-USDT-SWAP-SHORT-1772591636000-10,OKX_MARCH,BTC-USDT-SWAP,2026-03-04,1772592197000,2026-03-04T02:43:17+00:00,SHORT,DISTRIBUTION,RANGE,-0.4404,-1.0249,-0.09820396576492935,-0.1138,0.176,1,,,0,1,0,0,1,1,2,OKX_MARCH_SHORT_679,CLEAR,67946.35,68129.15,67904.65,66546.56,68923.22,0,not_TREND_DOWN;buyer_absorption,HYBRID_REJECT,M4_THIN_ONLY_PASS,REJECT
BTC-USDT-SWAP-LONG-1772595707000-11,OKX_MARCH,BTC-USDT-SWAP,2026-03-04,1772596380000,2026-03-04T03:53:00+00:00,LONG,ACCUMULATION,RANGE,-1.0328,-1.0215,-0.3377920110163568,0.0675,1.225,1,,,1,0,1,1,1,1,4,OKX_MARCH_LONG_681,CLEAR,67390.75,67660.85,68190.75,66826.93,69213.61,0,not_TREND_DOWN;not_SHORT,HYBRID_REJECT,M4_THIN_ONLY_PASS,REJECT
BTC-USDT-SWAP-LONG-1772596380000-13,OKX_MARCH,BTC-USDT-SWAP,2026-03-04,1772596560000,2026-03-04T03:56:00+00:00,LONG,ACCUMULATION,RANGE,-1.0945,-1.0936,0.016651323531467824,0.1659,0.675,1,,,0,0,0,1,1,1,3,OKX_MARCH_LONG_677,CLEAR,67531.85,67654.060125,67733.25,66378.58,68749.25,0,not_TREND_DOWN;not_SHORT,HYBRID_REJECT,M4_THIN_ONLY_PASS,REJECT
BTC-USDT-SWAP-SHORT-1772596014000-12,OKX_MARCH,BTC-USDT-SWAP,2026-03-04,1772596992000,2026-03-04T04:03:12+00:00,SHORT,DISTRIBUTION,RANGE,-1.206,-0.8161,-0.29431027673435095,0.104,-2.962,1,,,1,0,1,1,0,1,3,OKX_MARCH_SHORT_676,CLEAR,67481.19252499999,67787.15,67634.17,66281.49,68648.68,0,not_TREND_DOWN,HYBRID_REJECT,M4_THIN_ONLY_PASS,REJECT
BTC-USDT-SWAP-SHORT-1772597735000-15,OKX_MARCH,BTC-USDT-SWAP,2026-03-04,1772598144000,2026-03-04T04:22:24+00:00,SHORT,DISTRIBUTION,RANGE,-1.1183,-0.9768,0.17065538063412536,-0.132,0.284,1,,,1,1,1,0,1,1,3,OKX_MARCH_SHORT_676,CLEAR,67510.05,67839.55282499999,67674.8,66321.31,68689.92,0,not_TREND_DOWN;buyer_absorption,HYBRID_REJECT,M4_THIN_ONLY_PASS,REJECT
BTC-USDT-SWAP-SHORT-1772601616000-16,OKX_MARCH,BTC-USDT-SWAP,2026-03-04,1772601796000,2026-03-04T05:23:16+00:00,SHORT,DISTRIBUTION,RANGE,-0.8179,0.4515,0.06456189701861076,-0.2866,11.246,1,,,1,1,1,0,1,1,3,OKX_MARCH_SHORT_678,CLEAR,67760.05,67904.78542500001,67832.42,66475.77,68849.9,0,not_TREND_DOWN;prior_60m_not_negative;buyer_absorption,HYBRID_REJECT,M4_THIN_ONLY_PASS,REJECT
BTC-USDT-SWAP-LONG-1772602176000-17,OKX_MARCH,BTC-USDT-SWAP,2026-03-04,1772602658000,2026-03-04T05:37:38+00:00,LONG,ACCUMULATION,RANGE,-0.4596,0.4786,0.42451733425407473,-0.1481,0.716,1,,,1,1,1,0,1,1,3,OKX_MARCH_LONG_680,CLEAR,67690.75,67824.85,68054.15,66693.07,69074.96,0,not_TREND_DOWN;not_SHORT;prior_60m_not_negative;buyer_absorption,HYBRID_REJECT,M4_THIN_ONLY_PASS,REJECT
BTC-USDT-SWAP-LONG-1772606412000-18,OKX_MARCH,BTC-USDT-SWAP,2026-03-04,1772606675000,2026-03-04T06:44:35+00:00,LONG,ACCUMULATION,RANGE,0.8352,0.4663,0.21653596938907535,0.1463,2.629,1,,,1,1,1,1,1,1,4,OKX_MARCH_LONG_687,CLEAR,68466.75,68579.95,68739.95,67365.15,69771.05,0,not_TREND_DOWN;not_SHORT;prior_60m_not_negative;buyer_absorption,HYBRID_REJECT,M4_THIN_ONLY_PASS,REJECT
BTC-USDT-SWAP-LONG-1772606902000-19,OKX_MARCH,BTC-USDT-SWAP,2026-03-04,1772607088000,2026-03-04T06:51:28+00:00,LONG,ACCUMULATION,RANGE,0.8737,0.4992,0.01090006956033048,-0.1198,1.104,1,,,0,1,0,0,1,1,2,OKX_MARCH_LONG_689,CLEAR,68484.65,68634.249975,68970.05,67590.65,70004.6,0,not_TREND_DOWN;not_SHORT;prior_60m_not_negative;buyer_absorption,HYBRID_REJECT,M4_THIN_ONLY_PASS,REJECT
BTC-USDT-SWAP-LONG-1772608667000-20,OKX_MARCH,BTC-USDT-SWAP,2026-03-04,1772609853000,2026-03-04T07:37:33+00:00,LONG,ACCUMULATION,RANGE,0.9021,0.3808,-0.04525315671219674,0.0466,1.066,1,,,1,0,1,1,1,1,4,OKX_MARCH_LONG_688,CLEAR,68310.05,68748.55,68805.95,67429.83,69838.04,0,not_TREND_DOWN;not_SHORT;prior_60m_not_negative,HYBRID_REJECT,M4_THIN_ONLY_PASS,REJECT
BTC-USDT-SWAP-SHORT-1772611107000-21,OKX_MARCH,BTC-USDT-SWAP,2026-03-04,1772611316000,2026-03-04T08:01:56+00:00,SHORT,DISTRIBUTION,RANGE,1.8151,1.2197,-0.30010724777344283,-0.1089,6.528,1,,,1,1,1,0,1,1,3,OKX_MARCH_SHORT_694,CLEAR,69325.36997500001,69654.95,69490.16,68100.36,70532.51,0,not_TREND_DOWN;prior_60m_not_negative;buyer_absorption,HYBRID_REJECT,M4_THIN_ONLY_PASS,REJECT
BTC-USDT-SWAP-LONG-1772611621000-23,OKX_MARCH,BTC-USDT-SWAP,2026-03-04,1772613179000,2026-03-04T08:32:59+00:00,LONG,ACCUMULATION,TREND_UP,2.6096,1.0258,0.3298830153472498,0.104,17.004,1,,,0,1,0,1,1,1,3,OKX_MARCH_LONG_698,CLEAR,69110.35,69669.95,69808.35,68412.18,70855.48,0,not_TREND_DOWN;not_SHORT;prior_60m_not_negative;buyer_absorption,HYBRID_REJECT,M4_THIN_ONLY_PASS,REJECT
BTC-USDT-SWAP-LONG-1772611599000-22,OKX_MARCH,BTC-USDT-SWAP,2026-03-04,1772613179000,2026-03-04T08:32:59+00:00,LONG,ACCUMULATION,TREND_UP,2.6096,1.0258,0.06613157915007298,0.104,17.004,1,,,0,0,0,1,1,1,3,OKX_MARCH_LONG_698,CLEAR,69110.35,69669.95,69839.85,68443.05,70887.45,0,not_TREND_DOWN;not_SHORT;prior_60m_not_negative,HYBRID_REJECT,M4_THIN_ONLY_PASS,REJECT
BTC-USDT-SWAP-SHORT-1772612635000-24,OKX_MARCH,BTC-USDT-SWAP,2026-03-04,1772613533000,2026-03-04T08:38:53+00:00,SHORT,DISTRIBUTION,TREND_UP,2.9154,1.1844,0.2998644989464731,-0.2117,0.207,1,,,0,1,0,0,1,1,2,OKX_MARCH_SHORT_693,CLEAR,69164.150625,69520.45,69342.3,67955.45,70382.43,0,not_TREND_DOWN;prior_60m_not_negative;buyer_absorption,HYBRID_REJECT,M4_THIN_ONLY_PASS,REJECT
BTC-USDT-SWAP-LONG-1772613179000-25,OKX_MARCH,BTC-USDT-SWAP,2026-03-04,1772615139000,2026-03-04T09:05:39+00:00,LONG,ACCUMULATION,TREND_UP,6.0345,2.2127,-0.04430949436427209,0.0421,0.0,1,,,1,0,1,1,0,1,3,OKX_MARCH_LONG_712,CLEAR,69323.97067499999,71166.65,71265.95,69840.63,72334.94,0,not_TREND_DOWN;not_SHORT;prior_60m_not_negative,HYBRID_REJECT,M4_THIN_ONLY_PASS,REJECT
BTC-USDT-SWAP-LONG-1772616258000-27,OKX_MARCH,BTC-USDT-SWAP,2026-03-04,1772616438000,2026-03-04T09:27:18+00:00,LONG,ACCUMULATION,TREND_UP,6.9008,2.9208,0.44125526340123067,0.3021,0.0,1,,,1,1,1,1,0,1,3,OKX_MARCH_LONG_713,CLEAR,71151.056675,71320.85,71377.85,69950.29,72448.52,0,not_TREND_DOWN;not_SHORT;prior_60m_not_negative;buyer_absorption,HYBRID_REJECT,M4_THIN_ONLY_PASS,REJECT
BTC-USDT-SWAP-LONG-1772616423000-28,OKX_MARCH,BTC-USDT-SWAP,2026-03-04,1772616603000,2026-03-04T09:30:03+00:00,LONG,ACCUMULATION,TREND_UP,7.0507,2.8856,0.47386134590012785,0.3106,0.0,1,,,0,1,0,1,0,1,2,OKX_MARCH_LONG_714,CLEAR,71211.426475,71358.95,71404.45,69976.36,72475.52,0,not_TREND_DOWN;not_SHORT;prior_60m_not_negative;buyer_absorption,HYBRID_REJECT,M4_THIN_ONLY_PASS,REJECT
BTC-USDT-SWAP-SHORT-1772616143000-26,OKX_MARCH,BTC-USDT-SWAP,2026-03-04,1772616758000,2026-03-04T09:32:38+00:00,SHORT,DISTRIBUTION,TREND_UP,7.3341,2.755,0.42215695912885715,-0.1985,-0.0,1,,,0,1,0,0,0,1,1,OKX_MARCH_SHORT_712,CLEAR,71096.35,71479.15,71287.75,69861.99,72357.07,0,not_TREND_DOWN;prior_60m_not_negative;buyer_absorption,HYBRID_REJECT,M4_THIN_ONLY_PASS,REJECT
BTC-USDT-SWAP-LONG-1772616656000-29,OKX_MARCH,BTC-USDT-SWAP,2026-03-04,1772617742000,2026-03-04T09:49:02+00:00,LONG,ACCUMULATION,TREND_UP,8.0483,1.7431,0.13241711770045503,0.0849,0.0,1,,,1,0,1,1,0,1,3,OKX_MARCH_LONG_715,CLEAR,71188.05,71851.15,71519.6,70089.21,72592.39,0,not_TREND_DOWN;not_SHORT;prior_60m_not_negative,HYBRID_REJECT,M4_THIN_ONLY_PASS,REJECT
BTC-USDT-SWAP-LONG-1772617742000-30,OKX_MARCH,BTC-USDT-SWAP,2026-03-04,1772618328000,2026-03-04T09:58:48+00:00,LONG,ACCUMULATION,TREND_UP,7.2681,0.6679,0.25049014571751915,-0.1848,0.0,1,,,0,1,0,0,0,1,1,OKX_MARCH_LONG_716,CLEAR,71326.35,71877.85,71602.1,70170.06,72676.13,0,not_TREND_DOWN;not_SHORT;prior_60m_not_negative;buyer_absorption,HYBRID_REJECT,M4_THIN_ONLY_PASS,REJECT
BTC-USDT-SWAP-SHORT-1772621703000-31,OKX_MARCH,BTC-USDT-SWAP,2026-03-04,1772623278000,2026-03-04T11:21:18+00:00,SHORT,DISTRIBUTION,TREND_UP,6.8991,-0.0638,-0.02771396714088091,0.0576,-0.0,1,,,0,0,0,1,0,1,2,OKX_MARCH_SHORT_710,CLEAR,71180.65,71468.15,71003.15,69583.09,72068.2,0,not_TREND_DOWN,HYBRID_REJECT,M4_THIN_ONLY_PASS,REJECT
BTC-USDT-SWAP-SHORT-1772623278000-32,OKX_MARCH,BTC-USDT-SWAP,2026-03-04,1772623688000,2026-03-04T11:28:08+00:00,SHORT,DISTRIBUTION,TREND_UP,6.5103,-0.3235,-0.08269367520087982,0.0194,-0.0,1,,,1,0,1,1,0,1,3,OKX_MARCH_SHORT_711,CLEAR,71188.75,71465.765025,71150.05,69727.05,72217.3,0,not_TREND_DOWN,HYBRID_REJECT,M4_THIN_ONLY_PASS,REJECT
BTC-USDT-SWAP-SHORT-1772624824000-33,OKX_MARCH,BTC-USDT-SWAP,2026-03-04,1772626585000,2026-03-04T12:16:25+00:00,SHORT,DISTRIBUTION,TREND_UP,4.8882,-0.7853,0.3828257820006305,0.1697,-0.0,1,,,1,1,1,1,0,1,3,OKX_MARCH_SHORT_710,CLEAR,70804.75,71202.15,71003.45,69583.38,72068.5,0,not_TREND_DOWN;buyer_absorption,HYBRID_REJECT,M4_THIN_ONLY_PASS,REJECT
BTC-USDT-SWAP-SHORT-1772626585000-34,OKX_MARCH,BTC-USDT-SWAP,2026-03-04,1772626765000,2026-03-04T12:19:25+00:00,SHORT,DISTRIBUTION,TREND_UP,4.7713,-0.973,0.16907136847106244,0.0774,-0.0,1,,,1,0,1,1,0,1,3,OKX_MARCH_SHORT_706,CLEAR,70681.05,70902.15,70620.55,69208.14,71679.86,0,not_TREND_DOWN,HYBRID_REJECT,M4_THIN_ONLY_PASS,REJECT
BTC-USDT-SWAP-SHORT-1772626670000-35,OKX_MARCH,BTC-USDT-SWAP,2026-03-04,1772626850000,2026-03-04T12:20:50+00:00,SHORT,DISTRIBUTION,TREND_UP,4.9296,-1.0014,-0.20383256313362133,0.0317,-0.0,1,,,0,0,0,1,0,1,2,OKX_MARCH_SHORT_707,CLEAR,70681.05,70805.435025,70743.24,69328.38,71804.39,0,not_TREND_DOWN,HYBRID_REJECT,M4_THIN_ONLY_PASS,REJECT
BTC-USDT-SWAP-SHORT-1772626743000-36,OKX_MARCH,BTC-USDT-SWAP,2026-03-04,1772626923000,2026-03-04T12:22:03+00:00,SHORT,DISTRIBUTION,TREND_UP,4.9338,-0.8869,-0.08204405504085147,0.0253,-0.0,1,,,0,0,0,1,0,1,2,OKX_MARCH_SHORT_707,CLEAR,70673.295675,70769.95,70721.62,69307.19,71782.45,0,not_TREND_DOWN,HYBRID_REJECT,M4_THIN_ONLY_PASS,REJECT
BTC-USDT-SWAP-LONG-1772631907000-37,OKX_MARCH,BTC-USDT-SWAP,2026-03-04,1772632503000,2026-03-04T13:55:03+00:00,LONG,ACCUMULATION,TREND_UP,6.7396,0.344,0.15561996216639257,-0.1325,0.0,1,,,0,1,0,0,0,1,1,OKX_MARCH_LONG_719,CLEAR,71288.05,71445.654975,71953.65,70514.58,73032.95,0,not_TREND_DOWN;not_SHORT;prior_60m_not_negative;buyer_absorption,HYBRID_REJECT,M4_THIN_ONLY_PASS,REJECT
BTC-USDT-SWAP-LONG-1772632793000-38,OKX_MARCH,BTC-USDT-SWAP,2026-03-04,1772633951000,2026-03-04T14:19:11+00:00,LONG,ACCUMULATION,TREND_UP,6.8079,0.5421,0.08245046788813708,0.0154,0.0,1,,,1,0,1,1,0,1,3,OKX_MARCH_LONG_720,CLEAR,71363.85,71985.95,72081.25,70639.62,73162.47,0,not_TREND_DOWN;not_SHORT;prior_60m_not_negative,HYBRID_REJECT,M4_THIN_ONLY_PASS,REJECT
BTC-USDT-SWAP-SHORT-1772633530000-39,OKX_MARCH,BTC-USDT-SWAP,2026-03-04,1772634955000,2026-03-04T14:35:55+00:00,SHORT,DISTRIBUTION,TREND_UP,7.8987,1.1484,-0.0571173065964613,-0.1507,-0.0,1,,,0,1,0,0,0,1,1,OKX_MARCH_SHORT_714,CLEAR,71543.25,72608.75,71461.15,70031.93,72533.07,0,not_TREND_DOWN;prior_60m_not_negative;buyer_absorption,HYBRID_REJECT,M4_THIN_ONLY_PASS,REJECT
BTC-USDT-SWAP-LONG-1772637425000-40,OKX_MARCH,BTC-USDT-SWAP,2026-03-04,1772637977000,2026-03-04T15:26:17+00:00,LONG,ACCUMULATION,TREND_UP,8.5183,1.2335,0.15171593349133394,-0.0222,0.0,1,,,1,0,1,0,0,1,2,OKX_MARCH_LONG_727,CLEAR,72109.95,72464.65,72730.05,71275.45,73821.0,0,not_TREND_DOWN;not_SHORT;prior_60m_not_negative,HYBRID_REJECT,M4_THIN_ONLY_PASS,REJECT
BTC-USDT-SWAP-SHORT-1772638974000-41,OKX_MARCH,BTC-USDT-SWAP,2026-03-04,1772641162000,2026-03-04T16:19:22+00:00,SHORT,DISTRIBUTION,TREND_UP,6.6399,0.7319,0.11951403923635842,0.0888,-0.0,1,,,1,0,1,1,0,1,3,OKX_MARCH_SHORT_725,CLEAR,72640.05,73479.95,72524.15,71073.67,73612.01,0,not_TREND_DOWN;prior_60m_not_negative,HYBRID_REJECT,M4_THIN_ONLY_PASS,REJECT
BTC-USDT-SWAP-SHORT-1772639088000-42,OKX_MARCH,BTC-USDT-SWAP,2026-03-04,1772641162000,2026-03-04T16:19:22+00:00,SHORT,DISTRIBUTION,TREND_UP,6.6399,0.7319,-0.03466115394227576,0.0888,-0.0,1,,,1,0,1,1,0,1,3,OKX_MARCH_SHORT_725,CLEAR,72613.724975,73479.95,72524.15,71073.67,73612.01,0,not_TREND_DOWN;prior_60m_not_negative,HYBRID_REJECT,M4_THIN_ONLY_PASS,REJECT
BTC-USDT-SWAP-LONG-1772642212000-44,OKX_MARCH,BTC-USDT-SWAP,2026-03-04,1772642404000,2026-03-04T16:40:04+00:00,LONG,ACCUMULATION,TREND_UP,7.991,0.7018,0.0784653296178285,-0.0091,0.0,1,,,1,0,1,0,0,1,2,OKX_MARCH_LONG_736,CLEAR,73014.55,73197.65,73649.35,72176.36,74754.09,0,not_TREND_DOWN;not_SHORT;prior_60m_not_negative,HYBRID_REJECT,M4_THIN_ONLY_PASS,REJECT
BTC-USDT-SWAP-LONG-1772642290000-45,OKX_MARCH,BTC-USDT-SWAP,2026-03-04,1772642470000,2026-03-04T16:41:10+00:00,LONG,ACCUMULATION,TREND_UP,7.9458,0.8089,-0.26141255566926114,-0.0157,0.0,1,,,1,0,1,0,0,1,2,OKX_MARCH_LONG_736,CLEAR,73014.55,73256.65,73643.15,72170.29,74747.8,0,not_TREND_DOWN;not_SHORT;prior_60m_not_negative,HYBRID_REJECT,M4_THIN_ONLY_PASS,REJECT
BTC-USDT-SWAP-LONG-1772642329000-46,OKX_MARCH,BTC-USDT-SWAP,2026-03-04,1772642509000,2026-03-04T16:41:49+00:00,LONG,ACCUMULATION,TREND_UP,8.0112,0.8236,-0.2289456480282626,-0.0485,0.0,1,,,1,0,1,0,0,1,2,OKX_MARCH_LONG_736,CLEAR,72978.042725,73269.35,73643.15,72170.29,74747.8,0,not_TREND_DOWN;not_SHORT;prior_60m_not_negative,HYBRID_REJECT,M4_THIN_ONLY_PASS,REJECT
BTC-USDT-SWAP-SHORT-1772641162000-43,OKX_MARCH,BTC-USDT-SWAP,2026-03-04,1772643381000,2026-03-04T16:56:21+00:00,SHORT,DISTRIBUTION,TREND_UP,7.3667,0.2567,-0.3537794779870693,0.0428,-0.0,1,,,0,0,0,1,0,1,2,OKX_MARCH_SHORT_728,CLEAR,72501.95,73294.55,72898.25,71440.29,73991.72,0,not_TREND_DOWN;prior_60m_not_negative,HYBRID_REJECT,M4_THIN_ONLY_PASS,REJECT
BTC-USDT-SWAP-LONG-1772648681000-47,OKX_MARCH,BTC-USDT-SWAP,2026-03-04,1772649448000,2026-03-04T18:37:28+00:00,LONG,ACCUMULATION,TREND_UP,6.4345,0.031,-0.03887984821958785,-0.0868,0.0,1,,,0,0,0,0,0,1,1,OKX_MARCH_LONG_734,CLEAR,73112.15,73419.45,73461.15,71991.93,74563.07,0,not_TREND_DOWN;not_SHORT;prior_60m_not_negative,HYBRID_REJECT,M4_THIN_ONLY_PASS,REJECT
BTC-USDT-SWAP-SHORT-1772650521000-48,OKX_MARCH,BTC-USDT-SWAP,2026-03-04,1772651088000,2026-03-04T19:04:48+00:00,SHORT,DISTRIBUTION,TREND_UP,7.2769,0.376,0.002494841333865173,-0.0944,-0.0,1,,,1,0,1,0,0,1,2,OKX_MARCH_SHORT_729,CLEAR,73463.39992499999,73731.45,72986.35,71526.62,74081.15,0,not_TREND_DOWN;prior_60m_not_negative,HYBRID_REJECT,M4_THIN_ONLY_PASS,REJECT
BTC-USDT-SWAP-SHORT-1772651819000-51,OKX_MARCH,BTC-USDT-SWAP,2026-03-04,1772652117000,2026-03-04T19:21:57+00:00,SHORT,DISTRIBUTION,TREND_UP,7.3255,0.6474,-0.13196383977465884,-0.1056,-0.0,1,,,0,1,0,0,0,1,1,OKX_MARCH_SHORT_731,CLEAR,72300.95,74013.15,73157.05,71693.91,74254.41,0,not_TREND_DOWN;prior_60m_not_negative;buyer_absorption,HYBRID_REJECT,M4_THIN_ONLY_PASS,REJECT
BTC-USDT-SWAP-LONG-1772650765000-49,OKX_MARCH,BTC-USDT-SWAP,2026-03-04,1772652717000,2026-03-04T19:31:57+00:00,LONG,ACCUMULATION,TREND_UP,7.3338,0.3766,0.22820738894261028,-0.0506,0.0,1,,,0,1,0,0,0,1,1,OKX_MARCH_LONG_737,CLEAR,73488.85,74013.15,73751.0,72275.98,74857.26,0,not_TREND_DOWN;not_SHORT;prior_60m_not_negative;buyer_absorption,HYBRID_REJECT,M4_THIN_ONLY_PASS,REJECT
BTC-USDT-SWAP-LONG-1772650789000-50,OKX_MARCH,BTC-USDT-SWAP,2026-03-04,1772652717000,2026-03-04T19:31:57+00:00,LONG,ACCUMULATION,TREND_UP,7.3338,0.3766,0.15307677919829907,-0.0506,0.0,1,,,0,0,0,0,0,1,1,OKX_MARCH_LONG_737,CLEAR,73488.85,74013.15,73751.0,72275.98,74857.26,0,not_TREND_DOWN;not_SHORT;prior_60m_not_negative,HYBRID_REJECT,M4_THIN_ONLY_PASS,REJECT
BTC-USDT-SWAP-LONG-1772655497000-52,OKX_MARCH,BTC-USDT-SWAP,2026-03-04,1772657082000,2026-03-04T20:44:42+00:00,LONG,ACCUMULATION,TREND_UP,7.3299,-0.3808,-0.3670937739549581,0.2335,0.0,1,,,1,0,1,1,0,1,3,OKX_MARCH_LONG_733,CLEAR,73233.85,73531.55,73382.7,71915.05,74483.44,0,not_TREND_DOWN;not_SHORT,HYBRID_REJECT,M4_THIN_ONLY_PASS,REJECT
BTC-USDT-SWAP-LONG-1772664633000-53,OKX_MARCH,BTC-USDT-SWAP,2026-03-04,1772665431000,2026-03-04T23:03:51+00:00,LONG,ACCUMULATION,TREND_UP,6.552,-0.8055,0.22419695214849178,0.0221,0.0,1,,,1,1,1,1,0,1,3,OKX_MARCH_LONG_725,CLEAR,72300.95,72835.949775,72568.45,71117.08,73656.98,0,not_TREND_DOWN;not_SHORT;buyer_absorption,HYBRID_REJECT,M4_THIN_ONLY_PASS,REJECT
BTC-USDT-SWAP-LONG-1772666739000-54,OKX_MARCH,BTC-USDT-SWAP,2026-03-04,1772667858000,2026-03-04T23:44:18+00:00,LONG,ACCUMULATION,TREND_UP,6.2387,-0.3198,-0.04716168649142614,0.0087,0.0,1,,,1,0,1,1,0,1,3,OKX_MARCH_LONG_725,CLEAR,72300.95,72793.15,72547.05,71096.11,73635.26,0,not_TREND_DOWN;not_SHORT,HYBRID_REJECT,M4_THIN_ONLY_PASS,REJECT
BTC-USDT-SWAP-SHORT-1772669164000-1,OKX_MARCH,BTC-USDT-SWAP,2026-03-05,1772670314000,2026-03-05T00:25:14+00:00,SHORT,DISTRIBUTION,TREND_UP,6.7662,0.4323,-0.02986623873896721,-0.1288,0.07,1,,,0,1,0,0,1,1,2,OKX_MARCH_SHORT_724,CLEAR,72516.15,72937.95,72467.75,71018.4,73554.77,0,not_TREND_DOWN;prior_60m_not_negative;buyer_absorption,HYBRID_REJECT,M4_THIN_ONLY_PASS,REJECT
BTC-USDT-SWAP-LONG-1772670368000-3,OKX_MARCH,BTC-USDT-SWAP,2026-03-05,1772670688000,2026-03-05T00:31:28+00:00,LONG,ACCUMULATION,TREND_UP,6.6347,0.4385,-0.21099161984298026,-0.0279,0.507,1,,,1,0,1,0,1,1,3,OKX_MARCH_LONG_729,CLEAR,72682.15,72842.853225,72920.85,71462.43,74014.66,0,not_TREND_DOWN;not_SHORT;prior_60m_not_negative,HYBRID_REJECT,M4_THIN_ONLY_PASS,REJECT
BTC-USDT-SWAP-SHORT-1772670314000-2,OKX_MARCH,BTC-USDT-SWAP,2026-03-05,1772671566000,2026-03-05T00:46:06+00:00,SHORT,DISTRIBUTION,TREND_UP,7.112,0.1566,0.1455232034301897,-0.0109,4.159,1,,,0,0,0,0,1,1,2,OKX_MARCH_SHORT_725,CLEAR,72682.15,72971.05,72567.75,71116.4,73656.27,0,not_TREND_DOWN;prior_60m_not_negative,HYBRID_REJECT,M4_THIN_ONLY_PASS,REJECT
BTC-USDT-SWAP-SHORT-1772673503000-4,OKX_MARCH,BTC-USDT-SWAP,2026-03-05,1772673704000,2026-03-05T01:21:44+00:00,SHORT,DISTRIBUTION,TREND_UP,7.1816,0.0141,0.17000290490400616,-0.0864,37.131,1,,,1,0,1,0,1,1,3,OKX_MARCH_SHORT_722,CLEAR,72825.05,73083.45,72284.95,70839.25,73369.22,0,not_TREND_DOWN;prior_60m_not_negative,HYBRID_REJECT,M4_THIN_ONLY_PASS,REJECT
BTC-USDT-SWAP-LONG-1772674125000-5,OKX_MARCH,BTC-USDT-SWAP,2026-03-05,1772674326000,2026-03-05T01:32:06+00:00,LONG,ACCUMULATION,TREND_UP,6.7137,0.0894,-0.0018458989407199142,0.0027,0.653,1,,,0,0,0,1,1,1,3,OKX_MARCH_LONG_729,CLEAR,72828.65,72991.927725,72910.29,71452.08,74003.94,0,not_TREND_DOWN;not_SHORT;prior_60m_not_negative,HYBRID_REJECT,M4_THIN_ONLY_PASS,REJECT
BTC-USDT-SWAP-LONG-1772674326000-6,OKX_MARCH,BTC-USDT-SWAP,2026-03-05,1772674599000,2026-03-05T01:36:39+00:00,LONG,ACCUMULATION,TREND_UP,6.1934,0.1151,0.1707913687958292,-0.1326,-0.062,1,,,1,1,1,0,0,1,2,OKX_MARCH_LONG_728,CLEAR,72741.95,72911.187375,72826.57,71370.04,73918.97,0,not_TREND_DOWN;not_SHORT;prior_60m_not_negative;buyer_absorption,HYBRID_REJECT,M4_THIN_ONLY_PASS,REJECT
BTC-USDT-SWAP-LONG-1772675238000-7,OKX_MARCH,BTC-USDT-SWAP,2026-03-05,1772675664000,2026-03-05T01:54:24+00:00,LONG,ACCUMULATION,TREND_UP,6.119,-0.1754,0.2758609407687629,-0.2987,0.565,1,,,1,1,1,0,1,1,3,OKX_MARCH_LONG_727,CLEAR,72437.55,72686.274975,72729.05,71274.47,73819.99,0,not_TREND_DOWN;not_SHORT;buyer_absorption,HYBRID_REJECT,M4_THIN_ONLY_PASS,REJECT
BTC-USDT-SWAP-LONG-1772675664000-8,OKX_MARCH,BTC-USDT-SWAP,2026-03-05,1772676472000,2026-03-05T02:07:52+00:00,LONG,ACCUMULATION,TREND_UP,6.5222,-0.3314,-0.007314331131246451,0.0577,0.148,1,,,1,0,1,1,1,1,4,OKX_MARCH_LONG_730,CLEAR,72373.95,72675.85,73047.55,71586.6,74143.26,0,not_TREND_DOWN;not_SHORT,HYBRID_REJECT,M4_THIN_ONLY_PASS,REJECT
BTC-USDT-SWAP-SHORT-1772679264000-9,OKX_MARCH,BTC-USDT-SWAP,2026-03-05,1772680145000,2026-03-05T03:09:05+00:00,SHORT,DISTRIBUTION,TREND_UP,6.4804,-0.1151,-0.18079019716055192,-0.1978,1.314,1,,,0,1,0,0,1,1,2,OKX_MARCH_SHORT_722,CLEAR,72350.05,72729.05,72228.65,70784.08,73312.08,0,not_TREND_DOWN;buyer_absorption,HYBRID_REJECT,M4_THIN_ONLY_PASS,REJECT
BTC-USDT-SWAP-LONG-1772686945000-10,OKX_MARCH,BTC-USDT-SWAP,2026-03-05,1772687396000,2026-03-05T05:09:56+00:00,LONG,ACCUMULATION,TREND_UP,7.2628,0.2869,0.16624175265556554,-0.0847,0.101,1,,,0,0,0,0,1,1,2,OKX_MARCH_LONG_727,CLEAR,72682.85,72904.484025,72793.67,71337.79,73885.57,0,not_TREND_DOWN;not_SHORT;prior_60m_not_negative,HYBRID_REJECT,M4_THIN_ONLY_PASS,REJECT
BTC-USDT-SWAP-SHORT-1772689407000-11,OKX_MARCH,BTC-USDT-SWAP,2026-03-05,1772690100000,2026-03-05T05:55:00+00:00,SHORT,DISTRIBUTION,TREND_UP,5.9544,-0.4419,-0.11993622324385468,-0.0532,0.83,1,,,0,0,0,0,1,1,2,OKX_MARCH_SHORT_722,CLEAR,72291.885975,72476.55,72228.65,70784.08,73312.08,0,not_TREND_DOWN,HYBRID_REJECT,M4_THIN_ONLY_PASS,REJECT
BTC-USDT-SWAP-SHORT-1772690822000-12,OKX_MARCH,BTC-USDT-SWAP,2026-03-05,1772691308000,2026-03-05T06:15:08+00:00,SHORT,DISTRIBUTION,TREND_UP,5.8141,-0.8891,0.07823909661136916,0.0399,0.657,1,,,1,0,1,1,1,1,4,OKX_MARCH_SHORT_719,CLEAR,72010.15,72285.75,71917.45,70479.1,72996.21,0,not_TREND_DOWN,HYBRID_REJECT,M4_THIN_ONLY_PASS,REJECT
BTC-USDT-SWAP-LONG-1772691247000-13,OKX_MARCH,BTC-USDT-SWAP,2026-03-05,1772692402000,2026-03-05T06:33:22+00:00,LONG,ACCUMULATION,TREND_UP,5.9143,-0.2891,0.19852075384659784,0.0528,0.054,1,,,1,0,1,1,1,1,4,OKX_MARCH_LONG_732,CLEAR,72040.05,72519.35,73291.7,71825.87,74391.08,0,not_TREND_DOWN;not_SHORT,HYBRID_REJECT,M4_THIN_ONLY_PASS,REJECT
BTC-USDT-SWAP-SHORT-1772691308000-14,OKX_MARCH,BTC-USDT-SWAP,2026-03-05,1772692586000,2026-03-05T06:36:26+00:00,SHORT,DISTRIBUTION,TREND_UP,5.7658,-0.2538,-0.05889091969399071,0.0114,1.475,1,,,0,0,0,1,1,1,3,OKX_MARCH_SHORT_719,CLEAR,72040.05,72519.35,71980.05,70540.45,73059.75,0,not_TREND_DOWN,HYBRID_REJECT,M4_THIN_ONLY_PASS,REJECT
BTC-USDT-SWAP-LONG-1772692402000-15,OKX_MARCH,BTC-USDT-SWAP,2026-03-05,1772692704000,2026-03-05T06:38:24+00:00,LONG,ACCUMULATION,TREND_UP,5.7368,-0.0359,0.2893330626814048,-0.2904,3.464,1,,,1,1,1,0,1,1,3,OKX_MARCH_LONG_725,CLEAR,72280.85,72406.05,72579.45,71127.86,73668.14,0,not_TREND_DOWN;not_SHORT;buyer_absorption,HYBRID_REJECT,M4_THIN_ONLY_PASS,REJECT
BTC-USDT-SWAP-LONG-1772697409000-16,OKX_MARCH,BTC-USDT-SWAP,2026-03-05,1772698096000,2026-03-05T08:08:16+00:00,LONG,ACCUMULATION,TREND_UP,3.2963,-0.684,0.049409212007093285,0.0125,1.416,1,,,1,0,1,1,1,1,4,OKX_MARCH_LONG_732,CLEAR,71814.05,72049.95,73206.35,71742.22,74304.45,0,not_TREND_DOWN;not_SHORT,HYBRID_REJECT,M4_THIN_ONLY_PASS,REJECT
BTC-USDT-SWAP-SHORT-1772698247000-17,OKX_MARCH,BTC-USDT-SWAP,2026-03-05,1772698913000,2026-03-05T08:21:53+00:00,SHORT,DISTRIBUTION,TREND_UP,3.9768,-0.8664,-0.19282565337115867,0.0402,0.254,1,,,0,0,0,1,1,1,3,OKX_MARCH_SHORT_718,CLEAR,71773.25,71979.35,71876.3,70438.77,72954.44,0,not_TREND_DOWN,HYBRID_REJECT,M4_THIN_ONLY_PASS,REJECT
BTC-USDT-SWAP-LONG-1772706691000-18,OKX_MARCH,BTC-USDT-SWAP,2026-03-05,1772707413000,2026-03-05T10:43:33+00:00,LONG,ACCUMULATION,TREND_UP,2.6527,1.0898,-0.026449473982973815,-0.1347,0.472,1,,,0,1,0,0,1,1,2,OKX_MARCH_LONG_733,CLEAR,73138.45,73482.15,73310.3,71844.09,74409.95,0,not_TREND_DOWN;not_SHORT;prior_60m_not_negative;buyer_absorption,HYBRID_REJECT,M4_THIN_ONLY_PASS,REJECT
BTC-USDT-SWAP-LONG-1772706721000-19,OKX_MARCH,BTC-USDT-SWAP,2026-03-05,1772707413000,2026-03-05T10:43:33+00:00,LONG,ACCUMULATION,TREND_UP,2.6527,1.0898,-0.17389610118061255,-0.1347,0.472,1,,,0,1,0,0,1,1,2,OKX_MARCH_LONG_732,CLEAR,73117.672875,73482.15,73299.91,71833.91,74399.41,0,not_TREND_DOWN;not_SHORT;prior_60m_not_negative;buyer_absorption,HYBRID_REJECT,M4_THIN_ONLY_PASS,REJECT
BTC-USDT-SWAP-LONG-1772709083000-20,OKX_MARCH,BTC-USDT-SWAP,2026-03-05,1772709263000,2026-03-05T11:14:23+00:00,LONG,ACCUMULATION,RANGE,2.4758,0.677,0.04785707713106692,-0.1531,8.493,1,,,1,1,1,0,1,1,3,OKX_MARCH_LONG_731,CLEAR,73053.804825,73182.85,73118.33,71655.96,74215.1,0,not_TREND_DOWN;not_SHORT;prior_60m_not_negative;buyer_absorption,HYBRID_REJECT,M4_THIN_ONLY_PASS,REJECT
BTC-USDT-SWAP-LONG-1772710207000-21,OKX_MARCH,BTC-USDT-SWAP,2026-03-05,1772710546000,2026-03-05T11:35:46+00:00,LONG,ACCUMULATION,TREND_UP,2.7928,-0.5694,-0.13761964414409786,-0.2195,1.672,1,,,1,1,1,0,1,1,3,OKX_MARCH_LONG_730,CLEAR,72934.35,73066.15,73000.25,71540.24,74095.25,0,not_TREND_DOWN;not_SHORT;buyer_absorption,HYBRID_REJECT,M4_THIN_ONLY_PASS,REJECT
BTC-USDT-SWAP-LONG-1772711263000-22,OKX_MARCH,BTC-USDT-SWAP,2026-03-05,1772711639000,2026-03-05T11:53:59+00:00,LONG,ACCUMULATION,RANGE,2.3616,-0.7678,0.0024574309749075636,-0.0406,0.596,1,,,0,0,0,0,1,1,2,OKX_MARCH_LONG_728,CLEAR,72780.75,72938.100825,72859.43,71402.24,73952.32,0,not_TREND_DOWN;not_SHORT,HYBRID_REJECT,M4_THIN_ONLY_PASS,REJECT
BTC-USDT-SWAP-LONG-1772725319000-24,OKX_MARCH,BTC-USDT-SWAP,2026-03-05,1772725534000,2026-03-05T15:45:34+00:00,LONG,ACCUMULATION,RANGE,-1.7172,-0.7758,0.27469418882383645,0.0837,0.615,1,,,1,1,1,1,1,1,4,OKX_MARCH_LONG_714,CLEAR,71373.55,71502.65,71438.1,70009.34,72509.67,0,not_TREND_DOWN;not_SHORT;buyer_absorption,HYBRID_REJECT,M4_THIN_ONLY_PASS,REJECT
BTC-USDT-SWAP-LONG-1772725364000-25,OKX_MARCH,BTC-USDT-SWAP,2026-03-05,1772725552000,2026-03-05T15:45:52+00:00,LONG,ACCUMULATION,RANGE,-1.7093,-0.652,0.27042823574078767,0.1224,3.163,1,,,1,1,1,1,1,1,4,OKX_MARCH_LONG_714,CLEAR,71373.55,71537.000625,71455.28,70026.17,72527.1,0,not_TREND_DOWN;not_SHORT;buyer_absorption,HYBRID_REJECT,M4_THIN_ONLY_PASS,REJECT
BTC-USDT-SWAP-SHORT-1772725116000-23,OKX_MARCH,BTC-USDT-SWAP,2026-03-05,1772727497000,2026-03-05T16:18:17+00:00,SHORT,DISTRIBUTION,TREND_DOWN,-2.7359,-0.9525,0.07347004649508453,0.0988,2.398,1,,,1,0,1,1,1,1,4,OKX_MARCH_SHORT_711,CLEAR,70611.15,71726.95000000001,71169.05,69745.67,72236.59,1,,HYBRID_PASS,M4_THIN_ONLY_PASS,ACCEPT
BTC-USDT-SWAP-LONG-1772726417000-26,OKX_MARCH,BTC-USDT-SWAP,2026-03-05,1772727700000,2026-03-05T16:21:40+00:00,LONG,ACCUMULATION,RANGE,-2.3295,-1.1607,-0.02558608065010396,-0.0092,0.029,1,,,0,0,0,0,1,1,2,OKX_MARCH_LONG_711,CLEAR,70611.15,71609.937075,71110.54,69688.33,72177.2,0,not_TREND_DOWN;not_SHORT,HYBRID_REJECT,M4_THIN_ONLY_PASS,REJECT
BTC-USDT-SWAP-LONG-1772727700000-27,OKX_MARCH,BTC-USDT-SWAP,2026-03-05,1772729260000,2026-03-05T16:47:40+00:00,LONG,ACCUMULATION,TREND_DOWN,-2.5654,0.0576,0.21369890850870601,0.0866,0.246,1,,,1,1,1,1,1,1,4,OKX_MARCH_LONG_710,CLEAR,70611.15,71584.85,71098.0,69676.04,72164.47,0,not_SHORT;prior_60m_not_negative;buyer_absorption,HYBRID_REJECT,M4_THIN_ONLY_PASS,REJECT
BTC-USDT-SWAP-SHORT-1772733604000-28,OKX_MARCH,BTC-USDT-SWAP,2026-03-05,1772733784000,2026-03-05T18:03:04+00:00,SHORT,DISTRIBUTION,TREND_DOWN,-3.4998,-0.9442,0.16563642271885298,-0.0203,7.187,1,,,0,0,0,0,1,1,2,OKX_MARCH_SHORT_706,CLEAR,70621.25,70756.05,70688.65,69274.88,71748.98,1,,HYBRID_PASS,M4_THIN_ONLY_PASS,ACCEPT
BTC-USDT-SWAP-SHORT-1772733612000-29,OKX_MARCH,BTC-USDT-SWAP,2026-03-05,1772733792000,2026-03-05T18:03:12+00:00,SHORT,DISTRIBUTION,TREND_DOWN,-3.3748,-0.9576,0.04153993661079715,-0.0225,2.361,1,,,0,0,0,0,1,1,2,OKX_MARCH_SHORT_706,ACTIVE,70597.733475,70773.85,70685.79,69272.08,71746.08,1,duplicate_cluster_or_cooldown,HYBRID_PASS,M4_THIN_ONLY_PASS,REJECT
BTC-USDT-SWAP-SHORT-1772755231000-1,OKX_MARCH,BTC-USDT-SWAP,2026-03-06,1772755411000,2026-03-06T00:03:31+00:00,SHORT,DISTRIBUTION,TREND_DOWN,-2.6236,-0.56,-0.010135902196575813,-0.4566,,1,,,1,1,1,0,0,1,2,OKX_MARCH_SHORT_707,CLEAR,70793.85,70888.476525,70757.05,69341.91,71818.41,0,buyer_absorption,HYBRID_REJECT,M4_THIN_ONLY_PASS,REJECT
BTC-USDT-SWAP-SHORT-1772755356000-2,OKX_MARCH,BTC-USDT-SWAP,2026-03-06,1772755548000,2026-03-06T00:05:48+00:00,SHORT,DISTRIBUTION,TREND_DOWN,-2.5269,-0.454,-0.3167895693236906,-0.3803,-0.092,1,,,0,1,0,0,0,1,1,OKX_MARCH_SHORT_706,CLEAR,70763.150725,70876.25,70666.05,69252.73,71726.04,0,buyer_absorption,HYBRID_REJECT,M4_THIN_ONLY_PASS,REJECT
BTC-USDT-SWAP-SHORT-1772756173000-3,OKX_MARCH,BTC-USDT-SWAP,2026-03-06,1772756353000,2026-03-06T00:19:13+00:00,SHORT,DISTRIBUTION,TREND_DOWN,-2.6279,-0.2667,-0.15925109558846662,-0.3161,8.087,1,,,0,1,0,0,1,1,2,OKX_MARCH_SHORT_708,CLEAR,70879.492525,70995.95,70800.35,69384.34,71862.36,0,buyer_absorption,HYBRID_REJECT,M4_THIN_ONLY_PASS,REJECT
BTC-USDT-SWAP-LONG-1772756699000-4,OKX_MARCH,BTC-USDT-SWAP,2026-03-06,1772757101000,2026-03-06T00:31:41+00:00,LONG,ACCUMULATION,TREND_DOWN,-2.6151,-0.2439,0.28567976218385416,0.0591,0.194,1,,,0,1,0,1,1,1,3,OKX_MARCH_LONG_709,CLEAR,70845.65,71035.449975,70940.55,69521.74,72004.66,0,not_SHORT;buyer_absorption,HYBRID_REJECT,M4_THIN_ONLY_PASS,REJECT
BTC-USDT-SWAP-LONG-1772757101000-5,OKX_MARCH,BTC-USDT-SWAP,2026-03-06,1772757594000,2026-03-06T00:39:54+00:00,LONG,ACCUMULATION,TREND_DOWN,-2.526,-0.0223,-0.09248936660671991,0.1199,1.282,1,,,1,0,1,1,1,1,4,OKX_MARCH_LONG_709,CLEAR,70845.65,70987.25,70916.45,69498.12,71980.2,0,not_SHORT,HYBRID_REJECT,M4_THIN_ONLY_PASS,REJECT
BTC-USDT-SWAP-LONG-1772759770000-6,OKX_MARCH,BTC-USDT-SWAP,2026-03-06,1772759950000,2026-03-06T01:19:10+00:00,LONG,ACCUMULATION,TREND_DOWN,-3.0488,-0.1257,0.12970513677610424,-0.0399,12.066,1,,,1,0,1,0,1,1,3,OKX_MARCH_LONG_708,CLEAR,70764.64997500001,70859.95,70812.3,69396.05,71874.48,0,not_SHORT,HYBRID_REJECT,M4_THIN_ONLY_PASS,REJECT
BTC-USDT-SWAP-SHORT-1772760332000-7,OKX_MARCH,BTC-USDT-SWAP,2026-03-06,1772761567000,2026-03-06T01:46:07+00:00,SHORT,DISTRIBUTION,RANGE,-2.1172,0.2823,-0.08795874133447203,-0.1598,-0.057,1,,,0,1,0,0,0,1,1,OKX_MARCH_SHORT_703,CLEAR,70343.05,71174.05,70305.45,68899.34,71360.03,0,not_TREND_DOWN;prior_60m_not_negative;buyer_absorption,HYBRID_REJECT,M4_THIN_ONLY_PASS,REJECT
BTC-USDT-SWAP-SHORT-1772761567000-8,OKX_MARCH,BTC-USDT-SWAP,2026-03-06,1772761747000,2026-03-06T01:49:07+00:00,SHORT,DISTRIBUTION,RANGE,-2.0886,0.193,0.1353318783973988,-0.1633,1.831,1,,,1,1,1,0,1,1,3,OKX_MARCH_SHORT_705,CLEAR,71040.05,71219.95,70528.95,69118.37,71586.88,0,not_TREND_DOWN;prior_60m_not_negative;buyer_absorption,HYBRID_REJECT,M4_THIN_ONLY_PASS,REJECT
BTC-USDT-SWAP-SHORT-1772762906000-9,OKX_MARCH,BTC-USDT-SWAP,2026-03-06,1772763452000,2026-03-06T02:17:32+00:00,SHORT,DISTRIBUTION,RANGE,-2.14,0.6318,-0.02714392591410613,-0.1569,6.989,1,,,1,1,1,0,1,1,3,OKX_MARCH_SHORT_711,CLEAR,71179.55,71337.35,71140.05,69717.25,72207.15,0,not_TREND_DOWN;prior_60m_not_negative;buyer_absorption,HYBRID_REJECT,M4_THIN_ONLY_PASS,REJECT
BTC-USDT-SWAP-LONG-1772764396000-10,OKX_MARCH,BTC-USDT-SWAP,2026-03-06,1772765724000,2026-03-06T02:55:24+00:00,LONG,ACCUMULATION,RANGE,-1.68,0.08,0.47289325283619704,0.0606,-0.7,1,,,0,1,0,1,0,1,2,OKX_MARCH_LONG_712,CLEAR,71105.55,71339.95,71222.75,69798.29,72291.09,0,not_TREND_DOWN;not_SHORT;prior_60m_not_negative;buyer_absorption,HYBRID_REJECT,M4_THIN_ONLY_PASS,REJECT
BTC-USDT-SWAP-LONG-1772767072000-11,OKX_MARCH,BTC-USDT-SWAP,2026-03-06,1772767677000,2026-03-06T03:27:57+00:00,LONG,ACCUMULATION,RANGE,-1.956,-0.061,0.4046902135811595,-0.0892,1.979,1,,,1,1,1,0,1,1,3,OKX_MARCH_LONG_710,CLEAR,70966.05,71229.05,71097.55,69675.6,72164.01,0,not_TREND_DOWN;not_SHORT;buyer_absorption,HYBRID_REJECT,M4_THIN_ONLY_PASS,REJECT
BTC-USDT-SWAP-LONG-1772770545000-12,OKX_MARCH,BTC-USDT-SWAP,2026-03-06,1772770882000,2026-03-06T04:21:22+00:00,LONG,ACCUMULATION,RANGE,-2.3722,-0.2119,-0.009525619873166823,-0.1657,0.987,1,,,1,1,1,0,1,1,3,OKX_MARCH_LONG_709,CLEAR,70858.90282500001,70944.25,70901.58,69483.54,71965.1,0,not_TREND_DOWN;not_SHORT;buyer_absorption,HYBRID_REJECT,M4_THIN_ONLY_PASS,REJECT
BTC-USDT-SWAP-LONG-1772772339000-13,OKX_MARCH,BTC-USDT-SWAP,2026-03-06,1772773098000,2026-03-06T04:58:18+00:00,LONG,ACCUMULATION,TREND_DOWN,-3.0832,-0.6857,0.22658783573771377,0.1282,1.334,1,,,1,1,1,1,1,1,4,OKX_MARCH_LONG_705,CLEAR,70456.25,70587.95,70522.1,69111.66,71579.93,0,not_SHORT;buyer_absorption,HYBRID_REJECT,M4_THIN_ONLY_PASS,REJECT
BTC-USDT-SWAP-SHORT-1772775022000-15,OKX_MARCH,BTC-USDT-SWAP,2026-03-06,1772775275000,2026-03-06T05:34:35+00:00,SHORT,DISTRIBUTION,TREND_DOWN,-2.9426,-0.7161,0.21100202593707773,-0.0945,-0.132,1,,,1,1,1,0,0,1,2,OKX_MARCH_SHORT_702,CLEAR,70289.78752499999,70476.25,70218.35,68813.98,71271.63,0,buyer_absorption,HYBRID_REJECT,M4_THIN_ONLY_PASS,REJECT
BTC-USDT-SWAP-SHORT-1772775639000-16,OKX_MARCH,BTC-USDT-SWAP,2026-03-06,1772775855000,2026-03-06T05:44:15+00:00,SHORT,DISTRIBUTION,TREND_DOWN,-3.0018,-0.3678,-0.15093403929818774,-0.0184,17.953,1,,,0,0,0,0,1,1,2,OKX_MARCH_SHORT_702,CLEAR,70139.05,70295.18002500001,70217.12,68812.77,71270.37,1,,HYBRID_PASS,M4_THIN_ONLY_PASS,ACCEPT
BTC-USDT-SWAP-LONG-1772773475000-14,OKX_MARCH,BTC-USDT-SWAP,2026-03-06,1772776333000,2026-03-06T05:52:13+00:00,LONG,ACCUMULATION,TREND_DOWN,-3.0686,-0.5059,0.027080530293440135,0.0248,1.082,1,,,0,0,0,1,1,1,3,OKX_MARCH_LONG_706,CLEAR,70111.05,70647.055875,70695.15,69281.25,71755.58,0,not_SHORT,HYBRID_REJECT,M4_THIN_ONLY_PASS,REJECT
BTC-USDT-SWAP-SHORT-1772775732000-17,OKX_MARCH,BTC-USDT-SWAP,2026-03-06,1772776910000,2026-03-06T06:01:50+00:00,SHORT,DISTRIBUTION,TREND_DOWN,-2.543,-0.2111,-0.10045516840182794,-0.1632,0.374,1,,,0,1,0,0,1,1,2,OKX_MARCH_SHORT_702,CLEAR,70111.05,70471.95,70291.5,68885.67,71345.87,0,buyer_absorption,HYBRID_REJECT,M4_THIN_ONLY_PASS,REJECT
BTC-USDT-SWAP-SHORT-1772775754000-18,OKX_MARCH,BTC-USDT-SWAP,2026-03-06,1772776910000,2026-03-06T06:01:50+00:00,SHORT,DISTRIBUTION,TREND_DOWN,-2.543,-0.2111,-0.24766266445915766,-0.1632,0.374,1,,,0,1,0,0,1,1,2,OKX_MARCH_SHORT_702,CLEAR,70111.05,70471.95,70291.5,68885.67,71345.87,0,buyer_absorption,HYBRID_REJECT,M4_THIN_ONLY_PASS,REJECT
BTC-USDT-SWAP-LONG-1772776333000-19,OKX_MARCH,BTC-USDT-SWAP,2026-03-06,1772778815000,2026-03-06T06:33:35+00:00,LONG,ACCUMULATION,TREND_DOWN,-2.6668,-0.0724,0.11636880300603339,0.0841,-0.015,1,,,1,0,1,1,0,1,3,OKX_MARCH_LONG_706,CLEAR,70150.45,70494.75,70651.05,69238.03,71710.82,0,not_SHORT,HYBRID_REJECT,M4_THIN_ONLY_PASS,REJECT
BTC-USDT-SWAP-LONG-1772780826000-20,OKX_MARCH,BTC-USDT-SWAP,2026-03-06,1772781368000,2026-03-06T07:16:08+00:00,LONG,ACCUMULATION,TREND_DOWN,-2.8737,0.3114,-0.09035747715016315,-0.2598,-0.665,1,,,0,1,0,0,0,1,1,OKX_MARCH_LONG_708,CLEAR,70441.55,70745.405025,70851.75,69434.71,71914.53,0,not_SHORT;prior_60m_not_negative;buyer_absorption,HYBRID_REJECT,M4_THIN_ONLY_PASS,REJECT
BTC-USDT-SWAP-LONG-1772782005000-21,OKX_MARCH,BTC-USDT-SWAP,2026-03-06,1772783534000,2026-03-06T07:52:14+00:00,LONG,ACCUMULATION,RANGE,-1.1693,0.6822,0.076594903161053,0.0595,1.798,1,,,1,0,1,1,1,1,4,OKX_MARCH_LONG_709,CLEAR,70730.567025,71155.85,70943.21,69524.34,72007.36,0,not_TREND_DOWN;not_SHORT;prior_60m_not_negative,HYBRID_REJECT,M4_THIN_ONLY_PASS,REJECT
BTC-USDT-SWAP-LONG-1772783534000-22,OKX_MARCH,BTC-USDT-SWAP,2026-03-06,1772783821000,2026-03-06T07:57:01+00:00,LONG,ACCUMULATION,RANGE,-1.1923,0.5914,0.3447435034021511,0.0216,1.0,1,,,0,1,0,1,1,1,3,OKX_MARCH_LONG_710,CLEAR,71038.05,71124.294375,71081.17,69659.55,72147.39,0,not_TREND_DOWN;not_SHORT;prior_60m_not_negative;buyer_absorption,HYBRID_REJECT,M4_THIN_ONLY_PASS,REJECT
BTC-USDT-SWAP-LONG-1772792968000-23,OKX_MARCH,BTC-USDT-SWAP,2026-03-06,1772794359000,2026-03-06T10:52:39+00:00,LONG,ACCUMULATION,TREND_DOWN,-3.9169,0.1205,0.2785786262544988,-0.0255,1.338,1,,,0,1,0,0,1,1,2,OKX_MARCH_LONG_706,CLEAR,70433.35,70800.23242500001,70616.79,69204.46,71676.04,0,not_SHORT;prior_60m_not_negative;buyer_absorption,HYBRID_REJECT,M4_THIN_ONLY_PASS,REJECT
BTC-USDT-SWAP-SHORT-1772798800000-24,OKX_MARCH,BTC-USDT-SWAP,2026-03-06,1772799832000,2026-03-06T12:23:52+00:00,SHORT,DISTRIBUTION,TREND_DOWN,-3.7907,-0.5733,0.025958075730136084,-0.0671,1.555,1,,,0,0,0,0,1,1,2,OKX_MARCH_SHORT_696,CLEAR,69761.05,70174.15,69688.25,68294.49,70733.57,1,,HYBRID_PASS,M4_THIN_ONLY_PASS,ACCEPT
BTC-USDT-SWAP-LONG-1772799229000-25,OKX_MARCH,BTC-USDT-SWAP,2026-03-06,1772800868000,2026-03-06T12:41:08+00:00,LONG,ACCUMULATION,TREND_DOWN,-4.1384,-1.1552,-0.03195675880707449,-0.1401,0.816,1,,,0,1,0,0,1,1,2,OKX_MARCH_LONG_702,CLEAR,69682.75,70174.15,70223.65,68819.18,71277.0,0,not_SHORT;buyer_absorption,HYBRID_REJECT,M4_THIN_ONLY_PASS,REJECT
BTC-USDT-SWAP-LONG-1772800868000-26,OKX_MARCH,BTC-USDT-SWAP,2026-03-06,1772801059000,2026-03-06T12:44:19+00:00,LONG,ACCUMULATION,TREND_DOWN,-4.3269,-0.9471,0.06944343408907874,-0.1502,0.829,1,,,0,1,0,0,1,1,2,OKX_MARCH_LONG_700,CLEAR,69692.08652499999,69842.45,70099.95,68697.95,71151.45,0,not_SHORT;buyer_absorption,HYBRID_REJECT,M4_THIN_ONLY_PASS,REJECT
BTC-USDT-SWAP-SHORT-1772806000000-27,OKX_MARCH,BTC-USDT-SWAP,2026-03-06,1772806627000,2026-03-06T14:17:07+00:00,SHORT,DISTRIBUTION,TREND_DOWN,-5.1999,-1.8395,-0.31710818097332527,-0.0348,0.56,1,,,1,0,1,0,1,1,3,OKX_MARCH_SHORT_685,ACTIVE,68602.75,69057.05,68555.35,67184.24,69583.68,1,duplicate_cluster_or_cooldown,HYBRID_PASS,M4_THIN_ONLY_PASS,REJECT
BTC-USDT-SWAP-LONG-1772806967000-29,OKX_MARCH,BTC-USDT-SWAP,2026-03-06,1772807302000,2026-03-06T14:28:22+00:00,LONG,ACCUMULATION,TREND_DOWN,-4.8386,-1.663,-0.03622030099190897,0.0915,1.346,1,,,1,0,1,1,1,1,4,OKX_MARCH_LONG_689,CLEAR,68845.95,69049.55,68947.75,67568.79,69981.97,0,not_SHORT,HYBRID_REJECT,M4_THIN_ONLY_PASS,REJECT
BTC-USDT-SWAP-SHORT-1772806627000-28,OKX_MARCH,BTC-USDT-SWAP,2026-03-06,1772808306000,2026-03-06T14:45:06+00:00,SHORT,DISTRIBUTION,TREND_DOWN,-4.4589,-1.8225,-0.3122770814011616,0.0481,2.369,1,,,0,0,0,1,1,1,3,OKX_MARCH_SHORT_683,ACTIVE,68358.25,69051.15,68303.15,66937.09,69327.7,1,duplicate_cluster_or_cooldown,HYBRID_PASS,M4_THIN_ONLY_PASS,REJECT
BTC-USDT-SWAP-SHORT-1772808809000-30,OKX_MARCH,BTC-USDT-SWAP,2026-03-06,1772808989000,2026-03-06T14:56:29+00:00,SHORT,DISTRIBUTION,TREND_DOWN,-5.5324,-1.3334,0.017832175647115808,-0.0872,7.294,1,,,0,0,0,0,1,1,2,OKX_MARCH_SHORT_683,ACTIVE,68271.85,68394.15,68333.0,66966.34,69357.99,1,duplicate_cluster_or_cooldown,HYBRID_PASS,M4_THIN_ONLY_PASS,REJECT
BTC-USDT-SWAP-SHORT-1772808921000-31,OKX_MARCH,BTC-USDT-SWAP,2026-03-06,1772809101000,2026-03-06T14:58:21+00:00,SHORT,DISTRIBUTION,TREND_DOWN,-6.058,-1.5333,-0.15415223043492213,-0.0788,15.428,1,,,1,0,1,0,1,1,3,OKX_MARCH_SHORT_683,ACTIVE,68238.81352499999,68439.35,68339.08,66972.3,69364.17,1,duplicate_cluster_or_cooldown,HYBRID_PASS,M4_THIN_ONLY_PASS,REJECT
BTC-USDT-SWAP-LONG-1772811186000-32,OKX_MARCH,BTC-USDT-SWAP,2026-03-06,1772812900000,2026-03-06T16:01:40+00:00,LONG,ACCUMULATION,TREND_DOWN,-4.1347,0.1856,-0.10077173289112822,-0.0395,0.38,1,,,0,0,0,0,1,1,2,OKX_MARCH_LONG_686,CLEAR,68264.45,69066.55,68665.5,67292.19,69695.48,0,not_SHORT;prior_60m_not_negative,HYBRID_REJECT,M4_THIN_ONLY_PASS,REJECT
BTC-USDT-SWAP-LONG-1772811246000-33,OKX_MARCH,BTC-USDT-SWAP,2026-03-06,1772812900000,2026-03-06T16:01:40+00:00,LONG,ACCUMULATION,TREND_DOWN,-4.1347,0.1856,-0.23569719265487601,-0.0395,0.38,1,,,0,0,0,0,1,1,2,OKX_MARCH_LONG_686,CLEAR,68264.45,69066.55,68665.5,67292.19,69695.48,0,not_SHORT;prior_60m_not_negative,HYBRID_REJECT,M4_THIN_ONLY_PASS,REJECT
BTC-USDT-SWAP-LONG-1772812900000-34,OKX_MARCH,BTC-USDT-SWAP,2026-03-06,1772813193000,2026-03-06T16:06:33+00:00,LONG,ACCUMULATION,TREND_DOWN,-3.4219,0.1281,0.06366937759093196,0.0606,10.96,1,,,1,0,1,1,1,1,4,OKX_MARCH_LONG_685,CLEAR,68411.65,68754.85,68583.25,67211.58,69612.0,0,not_SHORT;prior_60m_not_negative,HYBRID_REJECT,M4_THIN_ONLY_PASS,REJECT
BTC-USDT-SWAP-SHORT-1772813847000-35,OKX_MARCH,BTC-USDT-SWAP,2026-03-06,1772814290000,2026-03-06T16:24:50+00:00,SHORT,DISTRIBUTION,TREND_DOWN,-3.7872,-0.8685,-0.1841902066981099,-0.0732,0.039,1,,,0,0,0,0,1,1,2,OKX_MARCH_SHORT_680,ACTIVE,68180.05,68422.35,68072.25,66710.8,69093.33,1,duplicate_cluster_or_cooldown,HYBRID_PASS,M4_THIN_ONLY_PASS,REJECT
BTC-USDT-SWAP-SHORT-1772819110000-38,OKX_MARCH,BTC-USDT-SWAP,2026-03-06,1772819528000,2026-03-06T17:52:08+00:00,SHORT,DISTRIBUTION,TREND_DOWN,-4.0437,-1.0729,-0.04841142857142814,0.0936,0.427,1,,,1,0,1,1,1,1,4,OKX_MARCH_SHORT_679,ACTIVE,67790.85,68019.05,67904.95,66546.85,68923.52,1,duplicate_cluster_or_cooldown,HYBRID_PASS,M4_THIN_ONLY_PASS,REJECT
BTC-USDT-SWAP-LONG-1772818299000-37,OKX_MARCH,BTC-USDT-SWAP,2026-03-06,1772819797000,2026-03-06T17:56:37+00:00,LONG,ACCUMULATION,TREND_DOWN,-3.9462,-0.4882,-0.26154242534801264,0.1029,6.265,1,,,1,0,1,1,1,1,4,OKX_MARCH_LONG_682,CLEAR,67707.25,68259.95,68298.15,66932.19,69322.62,0,not_SHORT,HYBRID_REJECT,M4_THIN_ONLY_PASS,REJECT
BTC-USDT-SWAP-LONG-1772818252000-36,OKX_MARCH,BTC-USDT-SWAP,2026-03-06,1772819797000,2026-03-06T17:56:37+00:00,LONG,ACCUMULATION,TREND_DOWN,-3.9462,-0.4882,-0.03793620546057872,0.1029,6.265,1,,,0,0,0,1,1,1,3,OKX_MARCH_LONG_680,CLEAR,67707.25,68438.95,68073.1,66711.64,69094.2,0,not_SHORT,HYBRID_REJECT,M4_THIN_ONLY_PASS,REJECT
BTC-USDT-SWAP-SHORT-1772819528000-39,OKX_MARCH,BTC-USDT-SWAP,2026-03-06,1772821049000,2026-03-06T18:17:29+00:00,SHORT,DISTRIBUTION,TREND_DOWN,-3.8539,-0.199,-0.3724145853467928,-0.1407,0.211,1,,,0,1,0,0,1,1,2,OKX_MARCH_SHORT_678,CLEAR,67863.05,68353.35,67809.55,66453.36,68826.69,0,buyer_absorption,HYBRID_REJECT,M4_THIN_ONLY_PASS,REJECT
BTC-USDT-SWAP-LONG-1772821141000-40,OKX_MARCH,BTC-USDT-SWAP,2026-03-06,1772821321000,2026-03-06T18:22:01+00:00,LONG,ACCUMULATION,TREND_DOWN,-3.5589,-0.0791,-0.11926160869403722,0.0657,8.681,1,,,1,0,1,1,1,1,4,OKX_MARCH_LONG_683,CLEAR,68275.45,68361.713775,68318.58,66952.21,69343.36,0,not_SHORT,HYBRID_REJECT,M4_THIN_ONLY_PASS,REJECT
BTC-USDT-SWAP-SHORT-1772829513000-41,OKX_MARCH,BTC-USDT-SWAP,2026-03-06,1772829948000,2026-03-06T20:45:48+00:00,SHORT,DISTRIBUTION,TREND_DOWN,-4.4041,-0.17,-0.20859876910416023,-0.2103,-0.047,1,,,0,1,0,0,0,1,1,OKX_MARCH_SHORT_679,CLEAR,67770.24792499999,68039.95,67905.1,66547.0,68923.68,0,buyer_absorption,HYBRID_REJECT,M4_THIN_ONLY_PASS,REJECT
BTC-USDT-SWAP-LONG-1772834507000-42,OKX_MARCH,BTC-USDT-SWAP,2026-03-06,1772834687000,2026-03-06T22:04:47+00:00,LONG,ACCUMULATION,TREND_DOWN,-3.9695,0.2945,0.3273711540627852,-0.1997,10.537,1,,,1,1,1,0,1,1,3,OKX_MARCH_LONG_682,CLEAR,68061.45,68405.85,68233.65,66868.98,69257.15,0,not_SHORT;prior_60m_not_negative;buyer_absorption,HYBRID_REJECT,M4_THIN_ONLY_PASS,REJECT
BTC-USDT-SWAP-LONG-1772837456000-43,OKX_MARCH,BTC-USDT-SWAP,2026-03-06,1772837636000,2026-03-06T22:53:56+00:00,LONG,ACCUMULATION,TREND_DOWN,-4.0495,0.1812,0.03592759349444146,0.1287,1.762,1,,,1,0,1,1,1,1,4,OKX_MARCH_LONG_682,CLEAR,68061.45,68405.85,68233.65,66868.98,69257.15,0,not_SHORT;prior_60m_not_negative,HYBRID_REJECT,M4_THIN_ONLY_PASS,REJECT
BTC-USDT-SWAP-LONG-1772842451000-1,OKX_MARCH,BTC-USDT-SWAP,2026-03-07,1772843097000,2026-03-07T00:24:57+00:00,LONG,ACCUMULATION,TREND_DOWN,-3.9247,-0.1672,0.15611694973828433,-0.1773,-0.149,1,,,1,1,1,0,0,1,2,OKX_MARCH_LONG_682,CLEAR,68080.95,68234.049975,68272.45,66907.0,69296.54,0,not_SHORT;buyer_absorption,HYBRID_REJECT,M4_THIN_ONLY_PASS,REJECT
BTC-USDT-SWAP-SHORT-1772842770000-2,OKX_MARCH,BTC-USDT-SWAP,2026-03-07,1772843393000,2026-03-07T00:29:53+00:00,SHORT,DISTRIBUTION,TREND_DOWN,-3.8255,-0.1488,0.11051497890039921,0.041,-0.162,1,,,0,0,0,1,0,1,2,OKX_MARCH_SHORT_680,CLEAR,68080.95,68229.947925,68045.25,66684.35,69065.93,1,,HYBRID_PASS,M4_THIN_ONLY_PASS,ACCEPT
BTC-USDT-SWAP-SHORT-1772843979000-3,OKX_MARCH,BTC-USDT-SWAP,2026-03-07,1772844816000,2026-03-07T00:53:36+00:00,SHORT,DISTRIBUTION,TREND_DOWN,-3.6394,0.2764,-0.003263732862771036,-0.1524,0.079,1,,,0,1,0,0,1,1,2,OKX_MARCH_SHORT_680,CLEAR,68217.32427499999,68319.05,68080.25,66718.65,69101.45,0,prior_60m_not_negative;buyer_absorption,HYBRID_REJECT,M4_THIN_ONLY_PASS,REJECT
BTC-USDT-SWAP-LONG-1772844248000-4,OKX_MARCH,BTC-USDT-SWAP,2026-03-07,1772845367000,2026-03-07T01:02:47+00:00,LONG,ACCUMULATION,TREND_DOWN,-3.706,0.2808,0.15554068742876295,0.1174,2.569,1,,,1,0,1,1,1,1,4,OKX_MARCH_LONG_683,CLEAR,68231.05,68319.85,68354.95,66987.85,69380.27,0,not_SHORT;prior_60m_not_negative,HYBRID_REJECT,M4_THIN_ONLY_PASS,REJECT
BTC-USDT-SWAP-SHORT-1772850673000-5,OKX_MARCH,BTC-USDT-SWAP,2026-03-07,1772850892000,2026-03-07T02:34:52+00:00,SHORT,DISTRIBUTION,TREND_DOWN,-4.3165,-0.1565,-0.18672413391111517,0.0269,0.248,1,,,0,0,0,1,1,1,3,OKX_MARCH_SHORT_680,CLEAR,68029.518225,68102.65,68066.08,66704.76,69087.08,1,,HYBRID_PASS,M4_THIN_ONLY_PASS,ACCEPT
BTC-USDT-SWAP-LONG-1772852776000-6,OKX_MARCH,BTC-USDT-SWAP,2026-03-07,1772852956000,2026-03-07T03:09:16+00:00,LONG,ACCUMULATION,TREND_DOWN,-4.0548,0.1636,0.12240032661023631,0.1011,4.242,1,,,0,0,0,1,1,1,3,OKX_MARCH_LONG_684,CLEAR,68305.780025,68385.35,68438.05,67069.29,69464.62,0,not_SHORT;prior_60m_not_negative,HYBRID_REJECT,M4_THIN_ONLY_PASS,REJECT
BTC-USDT-SWAP-SHORT-1772856582000-8,OKX_MARCH,BTC-USDT-SWAP,2026-03-07,1772857253000,2026-03-07T04:20:53+00:00,SHORT,DISTRIBUTION,TREND_DOWN,-4.1526,-0.4394,-0.0741289518759352,-0.2058,-0.165,1,,,0,1,0,0,0,1,1,OKX_MARCH_SHORT_675,CLEAR,67822.521775,67994.35,67571.75,66220.32,68585.33,0,buyer_absorption,HYBRID_REJECT,M4_THIN_ONLY_PASS,REJECT
BTC-USDT-SWAP-SHORT-1772857253000-9,OKX_MARCH,BTC-USDT-SWAP,2026-03-07,1772857726000,2026-03-07T04:28:46+00:00,SHORT,DISTRIBUTION,TREND_DOWN,-4.0866,-0.2928,-0.009702949350412418,-0.2374,1.112,1,,,0,1,0,0,1,1,2,OKX_MARCH_SHORT_678,CLEAR,67926.069975,68036.8,67832.95,66476.29,68850.44,0,buyer_absorption,HYBRID_REJECT,M4_THIN_ONLY_PASS,REJECT
BTC-USDT-SWAP-LONG-1772856498000-7,OKX_MARCH,BTC-USDT-SWAP,2026-03-07,1772859046000,2026-03-07T04:50:46+00:00,LONG,ACCUMULATION,TREND_DOWN,-3.4673,-0.064,-0.030741480194051624,0.0453,0.093,1,,,1,0,1,1,1,1,4,OKX_MARCH_LONG_679,CLEAR,67832.05,68116.05,67974.05,66614.57,68993.66,0,not_SHORT,HYBRID_REJECT,M4_THIN_ONLY_PASS,REJECT
BTC-USDT-SWAP-SHORT-1772860169000-10,OKX_MARCH,BTC-USDT-SWAP,2026-03-07,1772860842000,2026-03-07T05:20:42+00:00,SHORT,DISTRIBUTION,TREND_DOWN,-3.7014,-0.0614,-0.025514994841356903,-0.0084,13.198,1,,,1,0,1,0,1,1,3,OKX_MARCH_SHORT_678,ACTIVE,67874.05,68095.280625,67838.65,66481.88,68856.23,1,duplicate_cluster_or_cooldown,HYBRID_PASS,M4_THIN_ONLY_PASS,REJECT
BTC-USDT-SWAP-LONG-1772866698000-11,OKX_MARCH,BTC-USDT-SWAP,2026-03-07,1772867483000,2026-03-07T07:11:23+00:00,LONG,ACCUMULATION,TREND_DOWN,-4.2882,-0.6733,0.12944773954991198,-0.1242,0.522,1,,,0,1,0,0,1,1,2,OKX_MARCH_LONG_679,CLEAR,67406.55,67757.31172499999,67942.15,66583.31,68961.28,0,not_SHORT;buyer_absorption,HYBRID_REJECT,M4_THIN_ONLY_PASS,REJECT
BTC-USDT-SWAP-SHORT-1772867910000-12,OKX_MARCH,BTC-USDT-SWAP,2026-03-07,1772868091000,2026-03-07T07:21:31+00:00,SHORT,DISTRIBUTION,TREND_DOWN,-4.4272,-0.4429,-0.13726325130164227,-0.043,-0.111,1,,,0,0,0,0,0,1,1,OKX_MARCH_SHORT_675,CLEAR,67557.954125,67625.545875,67591.75,66239.91,68605.63,1,confluence_lt_2(1),HYBRID_REJECT,M4_THIN_ONLY_PASS,REJECT
BTC-USDT-SWAP-SHORT-1772868613000-13,OKX_MARCH,BTC-USDT-SWAP,2026-03-07,1772868793000,2026-03-07T07:33:13+00:00,SHORT,DISTRIBUTION,TREND_DOWN,-4.5764,-0.2344,-0.12241221024517757,-0.3023,5.933,1,,,1,1,1,0,1,1,3,OKX_MARCH_SHORT_676,CLEAR,67657.85,67728.89752500001,67693.37,66339.51,68708.77,0,buyer_absorption,HYBRID_REJECT,M4_THIN_ONLY_PASS,REJECT
BTC-USDT-SWAP-SHORT-1772869703000-14,OKX_MARCH,BTC-USDT-SWAP,2026-03-07,1772869883000,2026-03-07T07:51:23+00:00,SHORT,DISTRIBUTION,TREND_DOWN,-4.6495,0.0087,-0.11890658074696778,-0.262,2.012,1,,,0,1,0,0,1,1,2,OKX_MARCH_SHORT_677,CLEAR,67718.173975,67785.92602500001,67752.05,66397.01,68768.33,0,prior_60m_not_negative;buyer_absorption,HYBRID_REJECT,M4_THIN_ONLY_PASS,REJECT
BTC-USDT-SWAP-LONG-1772869985000-15,OKX_MARCH,BTC-USDT-SWAP,2026-03-07,1772870165000,2026-03-07T07:56:05+00:00,LONG,ACCUMULATION,TREND_DOWN,-4.6161,0.1234,0.2766130629289072,0.1384,0.403,1,,,0,1,0,1,1,1,3,OKX_MARCH_LONG_678,CLEAR,67743.361375,67828.95,67866.05,66508.73,68884.04,0,not_SHORT;prior_60m_not_negative;buyer_absorption,HYBRID_REJECT,M4_THIN_ONLY_PASS,REJECT
BTC-USDT-SWAP-LONG-1772870125000-16,OKX_MARCH,BTC-USDT-SWAP,2026-03-07,1772870945000,2026-03-07T08:09:05+00:00,LONG,ACCUMULATION,TREND_DOWN,-4.4291,0.4067,0.13924413549171108,-0.1092,-0.068,1,,,0,1,0,0,0,1,1,OKX_MARCH_LONG_679,CLEAR,67732.75,67862.864475,67912.05,66553.81,68930.73,0,not_SHORT;prior_60m_not_negative;buyer_absorption,HYBRID_REJECT,M4_THIN_ONLY_PASS,REJECT
BTC-USDT-SWAP-LONG-1772872211000-17,OKX_MARCH,BTC-USDT-SWAP,2026-03-07,1772872391000,2026-03-07T08:33:11+00:00,LONG,ACCUMULATION,TREND_DOWN,-4.26,0.383,0.12914970144758,0.1362,2.083,1,,,0,0,0,1,1,1,3,OKX_MARCH_LONG_680,CLEAR,67901.282375,67979.95,68022.45,66662.0,69042.79,0,not_SHORT;prior_60m_not_negative,HYBRID_REJECT,M4_THIN_ONLY_PASS,REJECT
BTC-USDT-SWAP-LONG-1772872987000-18,OKX_MARCH,BTC-USDT-SWAP,2026-03-07,1772873542000,2026-03-07T08:52:22+00:00,LONG,ACCUMULATION,TREND_DOWN,-4.1759,0.1635,0.1416777493174672,-0.1932,0.306,1,,,0,1,0,0,1,1,2,OKX_MARCH_LONG_679,CLEAR,67848.00902499999,67915.890975,67966.85,66607.51,68986.35,0,not_SHORT;prior_60m_not_negative;buyer_absorption,HYBRID_REJECT,M4_THIN_ONLY_PASS,REJECT
BTC-USDT-SWAP-LONG-1772877219000-19,OKX_MARCH,BTC-USDT-SWAP,2026-03-07,1772877399000,2026-03-07T09:56:39+00:00,LONG,ACCUMULATION,TREND_DOWN,-3.5707,0.4013,0.2591227147984125,-0.093,3.741,1,,,1,1,1,0,1,1,3,OKX_MARCH_LONG_680,CLEAR,67950.05,68031.94897499999,68070.95,66709.53,69092.01,0,not_SHORT;prior_60m_not_negative;buyer_absorption,HYBRID_REJECT,M4_THIN_ONLY_PASS,REJECT
BTC-USDT-SWAP-SHORT-1772892481000-20,OKX_MARCH,BTC-USDT-SWAP,2026-03-07,1772893245000,2026-03-07T14:20:45+00:00,SHORT,DISTRIBUTION,RANGE,-1.7296,-0.3561,-0.4269900080678324,0.0862,-0.163,1,,,0,0,0,1,0,1,2,OKX_MARCH_SHORT_675,CLEAR,67580.45,67789.227675,67509.15,66158.97,68521.79,0,not_TREND_DOWN,HYBRID_REJECT,M4_THIN_ONLY_PASS,REJECT
BTC-USDT-SWAP-SHORT-1772906920000-21,OKX_MARCH,BTC-USDT-SWAP,2026-03-07,1772907130000,2026-03-07T18:12:10+00:00,SHORT,DISTRIBUTION,RANGE,-0.9233,-0.2856,-0.20961308238284984,0.2482,1.318,1,,,0,0,0,1,1,1,3,OKX_MARCH_SHORT_673,CLEAR,67526.269975,67615.95,67350.55,66003.54,68360.81,0,not_TREND_DOWN,HYBRID_REJECT,M4_THIN_ONLY_PASS,REJECT
BTC-USDT-SWAP-SHORT-1772910598000-22,OKX_MARCH,BTC-USDT-SWAP,2026-03-07,1772911480000,2026-03-07T19:24:40+00:00,SHORT,DISTRIBUTION,RANGE,-1.2442,-0.4162,-0.08783088761468644,0.3677,1.273,1,,,1,0,1,1,1,1,4,OKX_MARCH_SHORT_671,CLEAR,67255.35,67532.95,67169.05,65825.67,68176.59,0,not_TREND_DOWN,HYBRID_REJECT,M4_THIN_ONLY_PASS,REJECT
BTC-USDT-SWAP-SHORT-1772911480000-23,OKX_MARCH,BTC-USDT-SWAP,2026-03-07,1772912305000,2026-03-07T19:38:25+00:00,SHORT,DISTRIBUTION,RANGE,-1.2372,-0.335,-0.46788019069663334,0.0296,0.396,1,,,0,0,0,1,1,1,3,OKX_MARCH_SHORT_670,CLEAR,67136.65,67388.72752500001,67070.75,65729.33,68076.81,0,not_TREND_DOWN,HYBRID_REJECT,M4_THIN_ONLY_PASS,REJECT
BTC-USDT-SWAP-LONG-1772913422000-24,OKX_MARCH,BTC-USDT-SWAP,2026-03-07,1772913602000,2026-03-07T20:00:02+00:00,LONG,ACCUMULATION,RANGE,-1.5464,-0.742,0.3257085040880948,-0.2932,4.498,1,,,0,1,0,0,1,1,2,OKX_MARCH_LONG_672,CLEAR,67010.727875,67443.45,67227.09,65882.55,68235.5,0,not_TREND_DOWN;not_SHORT;buyer_absorption,HYBRID_REJECT,M4_THIN_ONLY_PASS,REJECT
BTC-USDT-SWAP-LONG-1772913488000-25,OKX_MARCH,BTC-USDT-SWAP,2026-03-07,1772914382000,2026-03-07T20:13:02+00:00,LONG,ACCUMULATION,RANGE,-1.0645,-0.4275,0.10455989953338658,0.15,5.136,1,,,1,0,1,1,1,1,4,OKX_MARCH_LONG_672,CLEAR,67022.35,67443.45,67232.9,65888.24,68241.39,0,not_TREND_DOWN;not_SHORT,HYBRID_REJECT,M4_THIN_ONLY_PASS,REJECT
BTC-USDT-SWAP-LONG-1772916785000-26,OKX_MARCH,BTC-USDT-SWAP,2026-03-07,1772917226000,2026-03-07T21:00:26+00:00,LONG,ACCUMULATION,RANGE,-1.0852,0.402,0.24677422896065862,0.131,-0.142,1,,,1,1,1,1,0,1,3,OKX_MARCH_LONG_672,CLEAR,67059.95,67443.45,67251.7,65906.67,68260.48,0,not_TREND_DOWN;not_SHORT;prior_60m_not_negative;buyer_absorption,HYBRID_REJECT,M4_THIN_ONLY_PASS,REJECT
BTC-USDT-SWAP-LONG-1772919621000-27,OKX_MARCH,BTC-USDT-SWAP,2026-03-07,1772920803000,2026-03-07T22:00:03+00:00,LONG,ACCUMULATION,RANGE,-1.2354,0.078,0.13658683196130106,-0.0892,8.403,1,,,1,0,1,0,1,1,3,OKX_MARCH_LONG_672,CLEAR,67059.95,67436.25,67248.1,65903.14,68256.82,0,not_TREND_DOWN;not_SHORT;prior_60m_not_negative,HYBRID_REJECT,M4_THIN_ONLY_PASS,REJECT
BTC-USDT-SWAP-SHORT-1772928898000-2,OKX_MARCH,BTC-USDT-SWAP,2026-03-08,1772929078000,2026-03-08T00:17:58+00:00,SHORT,DISTRIBUTION,RANGE,-1.1559,0.1221,-0.07780774698159858,-0.343,6.042,1,,,0,1,0,0,1,1,2,OKX_MARCH_SHORT_670,CLEAR,67326.469925,67399.55,67074.95,65733.45,68081.07,0,not_TREND_DOWN;prior_60m_not_negative;buyer_absorption,HYBRID_REJECT,M4_THIN_ONLY_PASS,REJECT
BTC-USDT-SWAP-LONG-1772928031000-1,OKX_MARCH,BTC-USDT-SWAP,2026-03-08,1772929845000,2026-03-08T00:30:45+00:00,LONG,ACCUMULATION,RANGE,-1.2536,-0.001,-0.07860035686533297,-0.1031,0.404,1,,,1,1,1,0,1,1,3,OKX_MARCH_LONG_673,CLEAR,67199.433475,67452.65,67326.04,65979.52,68335.93,0,not_TREND_DOWN;not_SHORT;buyer_absorption,HYBRID_REJECT,M4_THIN_ONLY_PASS,REJECT
BTC-USDT-SWAP-LONG-1772929845000-3,OKX_MARCH,BTC-USDT-SWAP,2026-03-08,1772930418000,2026-03-08T00:40:18+00:00,LONG,ACCUMULATION,RANGE,-1.4644,-0.0071,0.09566913949953493,-0.2199,-0.007,1,,,0,1,0,0,0,1,1,OKX_MARCH_LONG_672,CLEAR,67217.65,67364.815575,67291.23,65945.41,68300.6,0,not_TREND_DOWN;not_SHORT;buyer_absorption,HYBRID_REJECT,M4_THIN_ONLY_PASS,REJECT
BTC-USDT-SWAP-SHORT-1772930593000-4,OKX_MARCH,BTC-USDT-SWAP,2026-03-08,1772930773000,2026-03-08T00:46:13+00:00,SHORT,DISTRIBUTION,RANGE,-1.4834,-0.0551,-0.40480723115410644,-0.074,6.184,1,,,1,0,1,0,1,1,3,OKX_MARCH_SHORT_671,CLEAR,67209.05,67286.05,67168.45,65825.08,68175.98,0,not_TREND_DOWN,HYBRID_REJECT,M4_THIN_ONLY_PASS,REJECT
BTC-USDT-SWAP-LONG-1772931158000-5,OKX_MARCH,BTC-USDT-SWAP,2026-03-08,1772931388000,2026-03-08T00:56:28+00:00,LONG,ACCUMULATION,RANGE,-1.6842,-0.1248,-0.3751231637474671,-0.1052,0.102,1,,,0,1,0,0,1,1,2,OKX_MARCH_LONG_672,CLEAR,67146.459975,67213.640025,67247.35,65902.4,68256.06,0,not_TREND_DOWN;not_SHORT;buyer_absorption,HYBRID_REJECT,M4_THIN_ONLY_PASS,REJECT
BTC-USDT-SWAP-SHORT-1772932298000-6,OKX_MARCH,BTC-USDT-SWAP,2026-03-08,1772932493000,2026-03-08T01:14:53+00:00,SHORT,DISTRIBUTION,RANGE,-1.3902,-0.215,-0.14544655763212272,-0.4426,-0.098,1,,,0,1,0,0,0,1,1,OKX_MARCH_SHORT_671,CLEAR,67151.857275,67252.55,67100.25,65758.24,68106.75,0,not_TREND_DOWN;buyer_absorption,HYBRID_REJECT,M4_THIN_ONLY_PASS,REJECT
BTC-USDT-SWAP-SHORT-1772937050000-7,OKX_MARCH,BTC-USDT-SWAP,2026-03-08,1772937230000,2026-03-08T02:33:50+00:00,SHORT,DISTRIBUTION,RANGE,-1.4293,0.0778,0.14226521604279638,-0.1856,11.378,1,,,0,1,0,0,1,1,2,OKX_MARCH_SHORT_670,CLEAR,67074.65,67166.016225,67032.45,65691.8,68037.94,0,not_TREND_DOWN;prior_60m_not_negative;buyer_absorption,HYBRID_REJECT,M4_THIN_ONLY_PASS,REJECT
BTC-USDT-SWAP-SHORT-1772937086000-8,OKX_MARCH,BTC-USDT-SWAP,2026-03-08,1772937266000,2026-03-08T02:34:26+00:00,SHORT,DISTRIBUTION,RANGE,-1.368,0.1169,-0.06554952821749813,-0.3051,3.821,1,,,0,1,0,0,1,1,2,OKX_MARCH_SHORT_668,CLEAR,67045.010725,67155.75,66821.65,65485.22,67823.97,0,not_TREND_DOWN;prior_60m_not_negative;buyer_absorption,HYBRID_REJECT,M4_THIN_ONLY_PASS,REJECT
BTC-USDT-SWAP-LONG-1772938557000-9,OKX_MARCH,BTC-USDT-SWAP,2026-03-08,1772938986000,2026-03-08T03:03:06+00:00,LONG,ACCUMULATION,RANGE,-2.035,-0.4471,0.16698875365480736,-0.1082,0.0,1,,,1,1,1,0,0,1,2,OKX_MARCH_LONG_681,CLEAR,66811.95,67008.437475,68125.35,66762.84,69147.23,0,not_TREND_DOWN;not_SHORT;buyer_absorption,HYBRID_REJECT,M4_THIN_ONLY_PASS,REJECT
BTC-USDT-SWAP-SHORT-1772938604000-10,OKX_MARCH,BTC-USDT-SWAP,2026-03-08,1772939316000,2026-03-08T03:08:36+00:00,SHORT,DISTRIBUTION,RANGE,-2.1102,-0.4675,-0.23866473711566083,0.0154,-0.0,1,,,0,0,0,1,0,1,2,OKX_MARCH_SHORT_667,CLEAR,66811.95,66999.95,66773.05,65437.59,67774.65,0,not_TREND_DOWN,HYBRID_REJECT,M4_THIN_ONLY_PASS,REJECT
BTC-USDT-SWAP-SHORT-1772942112000-11,OKX_MARCH,BTC-USDT-SWAP,2026-03-08,1772942717000,2026-03-08T04:05:17+00:00,SHORT,DISTRIBUTION,RANGE,-1.3561,0.1238,0.13324464428795743,-0.075,-0.0,1,,,0,0,0,0,0,1,1,OKX_MARCH_SHORT_668,CLEAR,66905.65,67054.85,66864.05,65526.77,67867.01,0,not_TREND_DOWN;prior_60m_not_negative,HYBRID_REJECT,M4_THIN_ONLY_PASS,REJECT
BTC-USDT-SWAP-SHORT-1772945605000-12,OKX_MARCH,BTC-USDT-SWAP,2026-03-08,1772946736000,2026-03-08T05:12:16+00:00,SHORT,DISTRIBUTION,RANGE,-1.5485,-0.1485,-0.1544072390417889,-0.153,-0.0,1,,,0,1,0,0,0,1,1,OKX_MARCH_SHORT_667,CLEAR,66510.75,66924.35,66717.55,65383.2,67718.31,0,not_TREND_DOWN;buyer_absorption,HYBRID_REJECT,M4_THIN_ONLY_PASS,REJECT
BTC-USDT-SWAP-LONG-1772945971000-13,OKX_MARCH,BTC-USDT-SWAP,2026-03-08,1772947831000,2026-03-08T05:30:31+00:00,LONG,ACCUMULATION,RANGE,-1.2359,0.2449,0.05922656267111996,0.2121,0.0,1,,,1,0,1,1,0,1,3,OKX_MARCH_LONG_677,CLEAR,66583.941375,67167.95,67747.15,66392.21,68763.36,0,not_TREND_DOWN;not_SHORT;prior_60m_not_negative,HYBRID_REJECT,M4_THIN_ONLY_PASS,REJECT
BTC-USDT-SWAP-LONG-1772954182000-14,OKX_MARCH,BTC-USDT-SWAP,2026-03-08,1772954362000,2026-03-08T07:19:22+00:00,LONG,ACCUMULATION,RANGE,-0.3423,0.3715,0.046430292975143825,0.184,1.674,1,,,1,0,1,1,1,1,4,OKX_MARCH_LONG_674,CLEAR,67292.586875,67368.95,67429.15,66080.57,68440.59,0,not_TREND_DOWN;not_SHORT;prior_60m_not_negative,HYBRID_REJECT,M4_THIN_ONLY_PASS,REJECT
BTC-USDT-SWAP-SHORT-1772955851000-15,OKX_MARCH,BTC-USDT-SWAP,2026-03-08,1772956954000,2026-03-08T08:02:34+00:00,SHORT,DISTRIBUTION,RANGE,-0.7691,0.1586,0.08531007353486597,-0.0412,-0.104,1,,,1,0,1,0,0,1,2,OKX_MARCH_SHORT_671,CLEAR,67223.05,67341.704025,67186.25,65842.52,68194.04,0,not_TREND_DOWN;prior_60m_not_negative,HYBRID_REJECT,M4_THIN_ONLY_PASS,REJECT
BTC-USDT-SWAP-LONG-1772956387000-16,OKX_MARCH,BTC-USDT-SWAP,2026-03-08,1772957201000,2026-03-08T08:06:41+00:00,LONG,ACCUMULATION,RANGE,-0.6965,-0.0743,-0.0036260205189145777,0.0433,0.814,1,,,0,0,0,1,1,1,3,OKX_MARCH_LONG_673,CLEAR,67232.75,67319.65,67361.45,66014.22,68371.87,0,not_TREND_DOWN;not_SHORT,HYBRID_REJECT,M4_THIN_ONLY_PASS,REJECT
BTC-USDT-SWAP-SHORT-1772959740000-17,OKX_MARCH,BTC-USDT-SWAP,2026-03-08,1772960413000,2026-03-08T09:00:13+00:00,SHORT,DISTRIBUTION,RANGE,-0.4026,0.2639,-0.06124964266334374,-0.082,1.533,1,,,0,0,0,0,1,1,2,OKX_MARCH_SHORT_674,CLEAR,67394.33597500001,67528.45,67461.39,66112.17,68473.31,0,not_TREND_DOWN;prior_60m_not_negative,HYBRID_REJECT,M4_THIN_ONLY_PASS,REJECT
BTC-USDT-SWAP-LONG-1772960006000-18,OKX_MARCH,BTC-USDT-SWAP,2026-03-08,1772960711000,2026-03-08T09:05:11+00:00,LONG,ACCUMULATION,RANGE,-0.3694,0.3447,0.17210219527247836,0.1158,0.524,1,,,1,0,1,1,1,1,4,OKX_MARCH_LONG_675,CLEAR,67415.725275,67528.45,67563.25,66211.99,68576.7,0,not_TREND_DOWN;not_SHORT;prior_60m_not_negative,HYBRID_REJECT,M4_THIN_ONLY_PASS,REJECT
BTC-USDT-SWAP-LONG-1772960711000-20,OKX_MARCH,BTC-USDT-SWAP,2026-03-08,1772960904000,2026-03-08T09:08:24+00:00,LONG,ACCUMULATION,RANGE,-0.5028,0.2526,0.3470013550983608,0.1107,1.822,1,,,0,1,0,1,1,1,3,OKX_MARCH_LONG_675,CLEAR,67459.15,67534.300275,67570.45,66219.04,68584.01,0,not_TREND_DOWN;not_SHORT;prior_60m_not_negative;buyer_absorption,HYBRID_REJECT,M4_THIN_ONLY_PASS,REJECT
BTC-USDT-SWAP-SHORT-1772960413000-19,OKX_MARCH,BTC-USDT-SWAP,2026-03-08,1772961574000,2026-03-08T09:19:34+00:00,SHORT,DISTRIBUTION,RANGE,-0.3208,0.8187,-0.13072603174013261,-0.2535,0.358,1,,,0,1,0,0,1,1,2,OKX_MARCH_SHORT_672,CLEAR,67437.85,67861.95,67233.25,65888.58,68241.75,0,not_TREND_DOWN;prior_60m_not_negative;buyer_absorption,HYBRID_REJECT,M4_THIN_ONLY_PASS,REJECT
BTC-USDT-SWAP-SHORT-1772961574000-21,OKX_MARCH,BTC-USDT-SWAP,2026-03-08,1772962308000,2026-03-08T09:31:48+00:00,SHORT,DISTRIBUTION,RANGE,-0.3445,0.6675,-0.04223989114518483,0.1349,-0.151,1,,,1,0,1,1,0,1,3,OKX_MARCH_SHORT_677,CLEAR,67666.05,67812.05,67739.05,66384.27,68755.14,0,not_TREND_DOWN;prior_60m_not_negative,HYBRID_REJECT,M4_THIN_ONLY_PASS,REJECT
BTC-USDT-SWAP-LONG-1772961897000-22,OKX_MARCH,BTC-USDT-SWAP,2026-03-08,1772962706000,2026-03-08T09:38:26+00:00,LONG,ACCUMULATION,RANGE,-0.3512,0.6871,0.2183894155784512,0.0451,0.422,1,,,0,1,0,1,1,1,3,OKX_MARCH_LONG_680,CLEAR,67666.05,67812.05,68055.15,66694.05,69075.98,0,not_TREND_DOWN;not_SHORT;prior_60m_not_negative;buyer_absorption,HYBRID_REJECT,M4_THIN_ONLY_PASS,REJECT
BTC-USDT-SWAP-SHORT-1772965735000-23,OKX_MARCH,BTC-USDT-SWAP,2026-03-08,1772966129000,2026-03-08T10:35:29+00:00,SHORT,DISTRIBUTION,RANGE,0.1266,0.4133,0.0679542540555145,-0.1181,2.245,1,,,0,1,0,0,1,1,2,OKX_MARCH_SHORT_675,CLEAR,67934.95,68062.064025,67518.75,66168.38,68531.53,0,not_TREND_DOWN;prior_60m_not_negative;buyer_absorption,HYBRID_REJECT,M4_THIN_ONLY_PASS,REJECT
BTC-USDT-SWAP-SHORT-1772966351000-24,OKX_MARCH,BTC-USDT-SWAP,2026-03-08,1772966531000,2026-03-08T10:42:11+00:00,SHORT,DISTRIBUTION,RANGE,-0.0315,0.3355,-0.2743100470447107,0.0478,8.206,1,,,0,0,0,1,1,1,3,OKX_MARCH_SHORT_675,CLEAR,67882.491775,67951.25,67591.65,66239.82,68605.52,0,not_TREND_DOWN;prior_60m_not_negative,HYBRID_REJECT,M4_THIN_ONLY_PASS,REJECT
BTC-USDT-SWAP-LONG-1772966741000-25,OKX_MARCH,BTC-USDT-SWAP,2026-03-08,1772968382000,2026-03-08T11:13:02+00:00,LONG,ACCUMULATION,RANGE,-0.6502,-0.414,-0.23783069624577394,-0.2619,0.0,1,,,0,1,0,0,0,1,1,OKX_MARCH_LONG_676,CLEAR,67414.65,67944.105075,67679.38,66325.79,68694.57,0,not_TREND_DOWN;not_SHORT;buyer_absorption,HYBRID_REJECT,M4_THIN_ONLY_PASS,REJECT
BTC-USDT-SWAP-SHORT-1773008368000-26,OKX_MARCH,BTC-USDT-SWAP,2026-03-08,1773009067000,2026-03-08T22:31:07+00:00,SHORT,DISTRIBUTION,RANGE,-2.2758,-1.6962,0.1309814183779737,0.0088,-0.0,1,,,1,0,1,1,0,1,3,OKX_MARCH_SHORT_657,CLEAR,65587.85,65989.55,65788.7,64472.93,66775.53,0,not_TREND_DOWN,HYBRID_REJECT,M4_THIN_ONLY_PASS,REJECT
BTC-USDT-SWAP-SHORT-1773008374000-27,OKX_MARCH,BTC-USDT-SWAP,2026-03-08,1773009067000,2026-03-08T22:31:07+00:00,SHORT,DISTRIBUTION,RANGE,-2.2758,-1.6962,-0.15174079326052883,0.0088,-0.0,1,,,1,0,1,1,0,1,3,OKX_MARCH_SHORT_657,CLEAR,65587.85,65989.55,65788.7,64472.93,66775.53,0,not_TREND_DOWN,HYBRID_REJECT,M4_THIN_ONLY_PASS,REJECT
BTC-USDT-SWAP-LONG-1773009806000-28,OKX_MARCH,BTC-USDT-SWAP,2026-03-08,1773009986000,2026-03-08T22:46:26+00:00,LONG,ACCUMULATION,RANGE,-1.7925,-1.3119,0.1788506939691091,0.0394,0.0,1,,,1,0,1,1,0,1,3,OKX_MARCH_LONG_663,CLEAR,65983.941525,66128.95,66300.25,64974.24,67294.75,0,not_TREND_DOWN;not_SHORT,HYBRID_REJECT,M4_THIN_ONLY_PASS,REJECT
BTC-USDT-SWAP-SHORT-1773010345000-30,OKX_MARCH,BTC-USDT-SWAP,2026-03-08,1773010790000,2026-03-08T22:59:50+00:00,SHORT,DISTRIBUTION,RANGE,-1.4884,-1.0752,0.1440182471594686,-0.1499,-0.0,1,,,1,1,1,0,0,1,2,OKX_MARCH_SHORT_662,CLEAR,65894.65,66536.95,66215.8,64891.48,67209.04,0,not_TREND_DOWN;buyer_absorption,HYBRID_REJECT,M4_THIN_ONLY_PASS,REJECT
BTC-USDT-SWAP-LONG-1773009907000-29,OKX_MARCH,BTC-USDT-SWAP,2026-03-08,1773011297000,2026-03-08T23:08:17+00:00,LONG,ACCUMULATION,RANGE,-1.6687,0.1405,0.18417970052029528,0.1841,0.0,1,,,0,0,0,1,0,1,2,OKX_MARCH_LONG_665,CLEAR,66023.95,66407.55,66513.65,65183.38,67511.35,0,not_TREND_DOWN;not_SHORT;prior_60m_not_negative,HYBRID_REJECT,M4_THIN_ONLY_PASS,REJECT
BTC-USDT-SWAP-SHORT-1773012685000-31,OKX_MARCH,BTC-USDT-SWAP,2026-03-08,1773013924000,2026-03-08T23:52:04+00:00,SHORT,DISTRIBUTION,RANGE,-1.7342,-0.1213,0.007304173148607568,0.0382,-0.0,1,,,1,0,1,1,0,1,3,OKX_MARCH_SHORT_661,CLEAR,65894.65,66494.28052500001,66194.47,64870.58,67187.38,0,not_TREND_DOWN,HYBRID_REJECT,M4_THIN_ONLY_PASS,REJECT
BTC-USDT-SWAP-SHORT-1773012754000-32,OKX_MARCH,BTC-USDT-SWAP,2026-03-08,1773013924000,2026-03-08T23:52:04+00:00,SHORT,DISTRIBUTION,RANGE,-1.7342,-0.1213,-0.23737646001796922,0.0382,-0.0,1,,,1,0,1,1,0,1,3,OKX_MARCH_SHORT_661,CLEAR,65894.65,66441.45,66168.05,64844.69,67160.57,0,not_TREND_DOWN,HYBRID_REJECT,M4_THIN_ONLY_PASS,REJECT
BTC-USDT-SWAP-SHORT-1773013924000-33,OKX_MARCH,BTC-USDT-SWAP,2026-03-08,1773014104000,2026-03-08T23:55:04+00:00,SHORT,DISTRIBUTION,RANGE,-1.8399,-0.2949,-0.4045113662111787,-0.0672,-0.0,1,,,0,0,0,0,0,1,1,OKX_MARCH_SHORT_659,CLEAR,65894.65,66098.782875,65996.72,64676.78,66986.67,0,not_TREND_DOWN,HYBRID_REJECT,M4_THIN_ONLY_PASS,REJECT
BTC-USDT-SWAP-SHORT-1773014431000-1,OKX_MARCH,BTC-USDT-SWAP,2026-03-09,1773015207000,2026-03-09T00:13:27+00:00,SHORT,DISTRIBUTION,RANGE,-1.7136,-0.0382,-0.11400689156598921,-0.2218,1.976,1,,,0,1,0,0,1,1,2,OKX_MARCH_SHORT_658,CLEAR,65882.092475,66375.75,65826.05,64509.53,66813.44,0,not_TREND_DOWN;buyer_absorption,HYBRID_REJECT,M4_THIN_ONLY_PASS,REJECT
BTC-USDT-SWAP-SHORT-1773015207000-2,OKX_MARCH,BTC-USDT-SWAP,2026-03-09,1773016815000,2026-03-09T00:40:15+00:00,SHORT,DISTRIBUTION,RANGE,-1.2204,0.429,0.02345745837907272,-0.1037,0.288,1,,,0,1,0,0,1,1,2,OKX_MARCH_SHORT_662,CLEAR,65791.95,66732.25,66262.1,64936.86,67256.03,0,not_TREND_DOWN;prior_60m_not_negative;buyer_absorption,HYBRID_REJECT,M4_THIN_ONLY_PASS,REJECT
BTC-USDT-SWAP-LONG-1773016156000-3,OKX_MARCH,BTC-USDT-SWAP,2026-03-09,1773017505000,2026-03-09T00:51:45+00:00,LONG,ACCUMULATION,RANGE,-1.1165,0.4554,0.30825735597739834,-0.0749,2.181,1,,,1,1,1,0,1,1,3,OKX_MARCH_LONG_670,CLEAR,66042.912025,66732.25,67008.25,65668.08,68013.37,0,not_TREND_DOWN;not_SHORT;prior_60m_not_negative;buyer_absorption,HYBRID_REJECT,M4_THIN_ONLY_PASS,REJECT
BTC-USDT-SWAP-LONG-1773017505000-4,OKX_MARCH,BTC-USDT-SWAP,2026-03-09,1773018002000,2026-03-09T01:00:02+00:00,LONG,ACCUMULATION,RANGE,-1.271,0.5704,0.1215195256798341,-0.0583,4.106,1,,,0,0,0,0,1,1,2,OKX_MARCH_LONG_665,CLEAR,66255.45,66473.95,66583.75,65252.07,67582.51,0,not_TREND_DOWN;not_SHORT;prior_60m_not_negative,HYBRID_REJECT,M4_THIN_ONLY_PASS,REJECT
BTC-USDT-SWAP-SHORT-1773025639000-5,OKX_MARCH,BTC-USDT-SWAP,2026-03-09,1773026192000,2026-03-09T03:16:32+00:00,SHORT,DISTRIBUTION,RANGE,0.4514,1.9625,-0.08173570178438488,-0.2778,3.362,1,,,0,1,0,0,1,1,2,OKX_MARCH_SHORT_671,CLEAR,66783.25,67558.85,67171.05,65827.63,68178.62,0,not_TREND_DOWN;prior_60m_not_negative;buyer_absorption,HYBRID_REJECT,M4_THIN_ONLY_PASS,REJECT
BTC-USDT-SWAP-LONG-1773026901000-6,OKX_MARCH,BTC-USDT-SWAP,2026-03-09,1773027081000,2026-03-09T03:31:21+00:00,LONG,ACCUMULATION,RANGE,0.3201,1.6389,-0.1309074942676138,-0.0443,0.763,1,,,1,0,1,0,1,1,3,OKX_MARCH_LONG_675,CLEAR,67123.75,67233.25,67589.95,66238.15,68603.8,0,not_TREND_DOWN;not_SHORT;prior_60m_not_negative,HYBRID_REJECT,M4_THIN_ONLY_PASS,REJECT
BTC-USDT-SWAP-LONG-1773027138000-7,OKX_MARCH,BTC-USDT-SWAP,2026-03-09,1773027318000,2026-03-09T03:35:18+00:00,LONG,ACCUMULATION,RANGE,0.4636,1.5195,0.11372906189363624,-0.1086,2.12,1,,,0,1,0,0,1,1,2,OKX_MARCH_LONG_675,CLEAR,67218.05,67347.25,67589.45,66237.66,68603.29,0,not_TREND_DOWN;not_SHORT;prior_60m_not_negative;buyer_absorption,HYBRID_REJECT,M4_THIN_ONLY_PASS,REJECT
BTC-USDT-SWAP-LONG-1773027249000-8,OKX_MARCH,BTC-USDT-SWAP,2026-03-09,1773028538000,2026-03-09T03:55:38+00:00,LONG,ACCUMULATION,RANGE,0.1186,0.7221,0.0903026169568733,0.0755,0.508,1,,,0,0,0,1,1,1,3,OKX_MARCH_LONG_675,CLEAR,67010.05,67361.513925,67559.35,66208.16,68572.74,0,not_TREND_DOWN;not_SHORT;prior_60m_not_negative,HYBRID_REJECT,M4_THIN_ONLY_PASS,REJECT
BTC-USDT-SWAP-LONG-1773028538000-9,OKX_MARCH,BTC-USDT-SWAP,2026-03-09,1773028726000,2026-03-09T03:58:46+00:00,LONG,ACCUMULATION,RANGE,0.2038,0.9575,0.15672673801748999,0.0861,-0.187,1,,,1,0,1,1,0,1,3,OKX_MARCH_LONG_675,CLEAR,67060.602925,67174.95,67550.95,66199.93,68564.21,0,not_TREND_DOWN;not_SHORT;prior_60m_not_negative,HYBRID_REJECT,M4_THIN_ONLY_PASS,REJECT
BTC-USDT-SWAP-LONG-1773031454000-10,OKX_MARCH,BTC-USDT-SWAP,2026-03-09,1773031875000,2026-03-09T04:51:15+00:00,LONG,ACCUMULATION,RANGE,0.9568,0.5253,0.10088884044471716,0.0286,0.363,1,,,0,0,0,1,1,1,3,OKX_MARCH_LONG_675,CLEAR,67395.65,67500.083175,67539.95,66189.15,68553.05,0,not_TREND_DOWN;not_SHORT;prior_60m_not_negative,HYBRID_REJECT,M4_THIN_ONLY_PASS,REJECT
BTC-USDT-SWAP-SHORT-1773035272000-11,OKX_MARCH,BTC-USDT-SWAP,2026-03-09,1773035662000,2026-03-09T05:54:22+00:00,SHORT,DISTRIBUTION,RANGE,1.0509,0.7151,-0.09855642310069282,-0.1605,0.406,1,,,1,1,1,0,1,1,3,OKX_MARCH_SHORT_678,CLEAR,67751.157475,68016.85,67884.0,66526.32,68902.26,0,not_TREND_DOWN;prior_60m_not_negative;buyer_absorption,HYBRID_REJECT,M4_THIN_ONLY_PASS,REJECT
BTC-USDT-SWAP-SHORT-1773035662000-12,OKX_MARCH,BTC-USDT-SWAP,2026-03-09,1773036103000,2026-03-09T06:01:43+00:00,SHORT,DISTRIBUTION,RANGE,0.9919,1.0657,0.04013358765058597,-0.0534,0.45,1,,,1,0,1,0,1,1,3,OKX_MARCH_SHORT_668,CLEAR,67777.05,67895.95,66879.55,65541.96,67882.74,0,not_TREND_DOWN;prior_60m_not_negative,HYBRID_REJECT,M4_THIN_ONLY_PASS,REJECT
BTC-USDT-SWAP-SHORT-1773037195000-15,OKX_MARCH,BTC-USDT-SWAP,2026-03-09,1773037375000,2026-03-09T06:22:55+00:00,SHORT,DISTRIBUTION,RANGE,0.5832,0.2659,-0.18916265582681335,0.0036,14.541,1,,,1,0,1,1,1,1,4,OKX_MARCH_SHORT_672,CLEAR,67478.45,67583.95,67245.65,65900.74,68254.33,0,not_TREND_DOWN;prior_60m_not_negative,HYBRID_REJECT,M4_THIN_ONLY_PASS,REJECT
BTC-USDT-SWAP-SHORT-1773037247000-16,OKX_MARCH,BTC-USDT-SWAP,2026-03-09,1773037427000,2026-03-09T06:23:47+00:00,SHORT,DISTRIBUTION,RANGE,0.6181,0.3196,-0.27839058703689856,-0.0248,13.288,1,,,0,0,0,0,1,1,2,OKX_MARCH_SHORT_672,CLEAR,67455.805225,67583.95,67220.05,65875.65,68228.35,0,not_TREND_DOWN;prior_60m_not_negative,HYBRID_REJECT,M4_THIN_ONLY_PASS,REJECT
BTC-USDT-SWAP-SHORT-1773038614000-17,OKX_MARCH,BTC-USDT-SWAP,2026-03-09,1773038794000,2026-03-09T06:46:34+00:00,SHORT,DISTRIBUTION,RANGE,0.225,-0.8489,0.035814679264197596,0.0664,1.967,1,,,1,0,1,1,1,1,4,OKX_MARCH_SHORT_672,CLEAR,67255.85,67359.55,67220.05,65875.65,68228.35,0,not_TREND_DOWN,HYBRID_REJECT,M4_THIN_ONLY_PASS,REJECT
BTC-USDT-SWAP-LONG-1773036656000-13,OKX_MARCH,BTC-USDT-SWAP,2026-03-09,1773038970000,2026-03-09T06:49:30+00:00,LONG,ACCUMULATION,RANGE,0.3279,-0.7779,0.18149525039804426,-0.0408,0.472,1,,,0,0,0,0,1,1,2,OKX_MARCH_LONG_674,CLEAR,67235.85,67704.05,67469.95,66120.55,68482.0,0,not_TREND_DOWN;not_SHORT,HYBRID_REJECT,M4_THIN_ONLY_PASS,REJECT
BTC-USDT-SWAP-LONG-1773036806000-14,OKX_MARCH,BTC-USDT-SWAP,2026-03-09,1773038970000,2026-03-09T06:49:30+00:00,LONG,ACCUMULATION,RANGE,0.3279,-0.7779,0.1621481194943119,-0.0408,0.472,1,,,0,0,0,0,1,1,2,OKX_MARCH_LONG_674,CLEAR,67235.85,67704.05,67469.95,66120.55,68482.0,0,not_TREND_DOWN;not_SHORT,HYBRID_REJECT,M4_THIN_ONLY_PASS,REJECT
BTC-USDT-SWAP-SHORT-1773038772000-18,OKX_MARCH,BTC-USDT-SWAP,2026-03-09,1773039183000,2026-03-09T06:53:03+00:00,SHORT,DISTRIBUTION,RANGE,0.2234,-0.9273,0.4466877656141095,0.0234,0.485,1,,,1,1,1,1,1,1,4,OKX_MARCH_SHORT_671,CLEAR,67231.31752499999,67351.45,67184.05,65840.37,68191.81,0,not_TREND_DOWN;buyer_absorption,HYBRID_REJECT,M4_THIN_ONLY_PASS,REJECT
BTC-USDT-SWAP-SHORT-1773040375000-19,OKX_MARCH,BTC-USDT-SWAP,2026-03-09,1773041463000,2026-03-09T07:31:03+00:00,SHORT,DISTRIBUTION,RANGE,-0.1999,-0.4383,-0.2780262997261898,0.135,1.282,1,,,0,0,0,1,1,1,3,OKX_MARCH_SHORT_670,CLEAR,66837.45,67244.65,67041.05,65700.23,68046.67,0,not_TREND_DOWN,HYBRID_REJECT,M4_THIN_ONLY_PASS,REJECT
BTC-USDT-SWAP-SHORT-1773042144000-20,OKX_MARCH,BTC-USDT-SWAP,2026-03-09,1773042371000,2026-03-09T07:46:11+00:00,SHORT,DISTRIBUTION,RANGE,0.0779,0.1188,0.15878241998436796,-0.3039,0.154,1,,,1,1,1,0,1,1,3,OKX_MARCH_SHORT_673,CLEAR,67341.45,67439.55,67390.5,66042.69,68401.36,0,not_TREND_DOWN;prior_60m_not_negative;buyer_absorption,HYBRID_REJECT,M4_THIN_ONLY_PASS,REJECT
BTC-USDT-SWAP-SHORT-1773045071000-21,OKX_MARCH,BTC-USDT-SWAP,2026-03-09,1773045849000,2026-03-09T08:44:09+00:00,SHORT,DISTRIBUTION,RANGE,0.4478,0.4924,0.12191971091706444,0.0248,0.718,1,,,1,0,1,1,1,1,4,OKX_MARCH_SHORT_677,CLEAR,67638.85,67843.95,67741.4,66386.57,68757.52,0,not_TREND_DOWN;prior_60m_not_negative,HYBRID_REJECT,M4_THIN_ONLY_PASS,REJECT
BTC-USDT-SWAP-LONG-1773045274000-22,OKX_MARCH,BTC-USDT-SWAP,2026-03-09,1773046177000,2026-03-09T08:49:37+00:00,LONG,ACCUMULATION,RANGE,0.4288,0.434,0.36303103427516453,-0.0057,1.16,1,,,0,1,0,0,1,1,2,OKX_MARCH_LONG_679,CLEAR,67638.85,67843.95,67995.35,66635.44,69015.28,0,not_TREND_DOWN;not_SHORT;prior_60m_not_negative;buyer_absorption,HYBRID_REJECT,M4_THIN_ONLY_PASS,REJECT
BTC-USDT-SWAP-LONG-1773053059000-25,OKX_MARCH,BTC-USDT-SWAP,2026-03-09,1773053281000,2026-03-09T10:48:01+00:00,LONG,ACCUMULATION,RANGE,-0.3312,-0.8723,0.06119316049812434,-0.1011,0.418,1,,,1,1,1,0,1,1,3,OKX_MARCH_LONG_677,CLEAR,67560.05,67670.95,67788.25,66432.49,68805.07,0,not_TREND_DOWN;not_SHORT;buyer_absorption,HYBRID_REJECT,M4_THIN_ONLY_PASS,REJECT
BTC-USDT-SWAP-SHORT-1773052725000-24,OKX_MARCH,BTC-USDT-SWAP,2026-03-09,1773054477000,2026-03-09T11:07:57+00:00,SHORT,DISTRIBUTION,RANGE,0.2308,-0.4584,0.0559912840670529,-0.066,0.05,1,,,0,0,0,0,1,1,2,OKX_MARCH_SHORT_674,CLEAR,67521.25,67747.806975,67440.45,66091.64,68452.06,0,not_TREND_DOWN,HYBRID_REJECT,M4_THIN_ONLY_PASS,REJECT
BTC-USDT-SWAP-LONG-1773059253000-26,OKX_MARCH,BTC-USDT-SWAP,2026-03-09,1773060700000,2026-03-09T12:51:40+00:00,LONG,ACCUMULATION,RANGE,1.1407,0.7149,0.28291503976015575,0.1002,0.124,1,,,0,1,0,1,1,1,3,OKX_MARCH_LONG_684,CLEAR,67950.45,68308.05,68481.65,67112.02,69508.87,0,not_TREND_DOWN;not_SHORT;prior_60m_not_negative;buyer_absorption,HYBRID_REJECT,M4_THIN_ONLY_PASS,REJECT
BTC-USDT-SWAP-LONG-1773059276000-27,OKX_MARCH,BTC-USDT-SWAP,2026-03-09,1773060700000,2026-03-09T12:51:40+00:00,LONG,ACCUMULATION,RANGE,1.1407,0.7149,0.47913488252091413,0.1002,0.124,1,,,0,1,0,1,1,1,3,OKX_MARCH_LONG_684,CLEAR,67950.45,68308.05,68461.35,67092.12,69488.27,0,not_TREND_DOWN;not_SHORT;prior_60m_not_negative;buyer_absorption,HYBRID_REJECT,M4_THIN_ONLY_PASS,REJECT
BTC-USDT-SWAP-SHORT-1773060141000-28,OKX_MARCH,BTC-USDT-SWAP,2026-03-09,1773060996000,2026-03-09T12:56:36+00:00,SHORT,DISTRIBUTION,RANGE,1.1704,0.3629,-0.15307797478369226,0.1862,-1.702,1,,,1,0,1,1,0,1,3,OKX_MARCH_SHORT_681,CLEAR,67986.75,68303.884875,68145.32,66782.41,69167.5,0,not_TREND_DOWN;prior_60m_not_negative,HYBRID_REJECT,M4_THIN_ONLY_PASS,REJECT
BTC-USDT-SWAP-SHORT-1773060996000-29,OKX_MARCH,BTC-USDT-SWAP,2026-03-09,1773061403000,2026-03-09T13:03:23+00:00,SHORT,DISTRIBUTION,RANGE,1.1897,0.509,0.13881599881941098,-0.002,-0.157,1,,,0,0,0,0,0,1,1,OKX_MARCH_SHORT_681,CLEAR,68032.41677499999,68215.95,68124.18,66761.7,69146.05,0,not_TREND_DOWN;prior_60m_not_negative,HYBRID_REJECT,M4_THIN_ONLY_PASS,REJECT
BTC-USDT-SWAP-LONG-1773063517000-30,OKX_MARCH,BTC-USDT-SWAP,2026-03-09,1773063697000,2026-03-09T13:41:37+00:00,LONG,ACCUMULATION,TREND_UP,2.7736,0.7885,-0.14191161325650456,-0.0633,10.136,1,,,1,0,1,0,1,1,3,OKX_MARCH_LONG_691,CLEAR,68674.595525,68845.95,69173.45,67789.98,70211.05,0,not_TREND_DOWN;not_SHORT;prior_60m_not_negative,HYBRID_REJECT,M4_THIN_ONLY_PASS,REJECT
BTC-USDT-SWAP-LONG-1773063532000-31,OKX_MARCH,BTC-USDT-SWAP,2026-03-09,1773063713000,2026-03-09T13:41:53+00:00,LONG,ACCUMULATION,TREND_UP,2.71,0.6546,0.2231167679472125,-0.0672,-0.085,1,,,0,1,0,0,0,1,1,OKX_MARCH_LONG_690,CLEAR,68697.75,68845.95,69064.15,67682.87,70100.11,0,not_TREND_DOWN;not_SHORT;prior_60m_not_negative;buyer_absorption,HYBRID_REJECT,M4_THIN_ONLY_PASS,REJECT
BTC-USDT-SWAP-LONG-1773064671000-32,OKX_MARCH,BTC-USDT-SWAP,2026-03-09,1773064923000,2026-03-09T14:02:03+00:00,LONG,ACCUMULATION,TREND_UP,2.6309,1.1888,0.1233286567578039,-0.0736,-0.045,1,,,1,0,1,0,0,1,2,OKX_MARCH_LONG_693,CLEAR,68863.05,69059.75,69306.65,67920.52,70346.25,0,not_TREND_DOWN;not_SHORT;prior_60m_not_negative,HYBRID_REJECT,M4_THIN_ONLY_PASS,REJECT
BTC-USDT-SWAP-LONG-1773064788000-33,OKX_MARCH,BTC-USDT-SWAP,2026-03-09,1773064970000,2026-03-09T14:02:50+00:00,LONG,ACCUMULATION,TREND_UP,2.8601,1.288,-0.24455865680753097,-0.0877,13.217,1,,,1,0,1,0,1,1,3,OKX_MARCH_LONG_692,CLEAR,68863.05,69087.95,69205.45,67821.34,70243.53,0,not_TREND_DOWN;not_SHORT;prior_60m_not_negative,HYBRID_REJECT,M4_THIN_ONLY_PASS,REJECT
BTC-USDT-SWAP-LONG-1773066205000-36,OKX_MARCH,BTC-USDT-SWAP,2026-03-09,1773066524000,2026-03-09T14:28:44+00:00,LONG,ACCUMULATION,TREND_UP,2.8224,0.6567,-0.02151276104075335,0.0573,2.181,1,,,1,0,1,1,1,1,4,OKX_MARCH_LONG_693,CLEAR,69000.05,69214.55,69399.95,68011.95,70440.95,0,not_TREND_DOWN;not_SHORT;prior_60m_not_negative,HYBRID_REJECT,M4_THIN_ONLY_PASS,REJECT
BTC-USDT-SWAP-SHORT-1773066123000-34,OKX_MARCH,BTC-USDT-SWAP,2026-03-09,1773067013000,2026-03-09T14:36:53+00:00,SHORT,DISTRIBUTION,TREND_UP,2.9579,0.7271,0.009018242413195347,-0.039,1.517,1,,,0,0,0,0,1,1,2,OKX_MARCH_SHORT_687,CLEAR,68935.16517499999,69399.95,68799.15,67423.17,69831.14,0,not_TREND_DOWN;prior_60m_not_negative,HYBRID_REJECT,M4_THIN_ONLY_PASS,REJECT
BTC-USDT-SWAP-SHORT-1773066127000-35,OKX_MARCH,BTC-USDT-SWAP,2026-03-09,1773067013000,2026-03-09T14:36:53+00:00,SHORT,DISTRIBUTION,TREND_UP,2.9579,0.7271,0.3175790014982471,-0.039,1.517,1,,,0,1,0,0,1,1,2,OKX_MARCH_SHORT_687,CLEAR,69000.05,69399.95,68799.15,67423.17,69831.14,0,not_TREND_DOWN;prior_60m_not_negative;buyer_absorption,HYBRID_REJECT,M4_THIN_ONLY_PASS,REJECT
BTC-USDT-SWAP-SHORT-1773070714000-37,OKX_MARCH,BTC-USDT-SWAP,2026-03-09,1773070894000,2026-03-09T15:41:34+00:00,SHORT,DISTRIBUTION,RANGE,2.4308,-0.9302,0.34613390235804486,-0.0314,0.308,1,,,0,1,0,0,1,1,2,OKX_MARCH_SHORT_687,CLEAR,68729.75,68851.958775,68790.85,67415.04,69822.72,0,not_TREND_DOWN;buyer_absorption,HYBRID_REJECT,M4_THIN_ONLY_PASS,REJECT
BTC-USDT-SWAP-SHORT-1773070746000-38,OKX_MARCH,BTC-USDT-SWAP,2026-03-09,1773070928000,2026-03-09T15:42:08+00:00,SHORT,DISTRIBUTION,RANGE,2.4143,-0.6393,-0.008060634512882778,-0.0443,-0.347,1,,,0,0,0,0,0,1,1,OKX_MARCH_SHORT_687,CLEAR,68727.868875,68824.95,68776.41,67400.88,69808.06,0,not_TREND_DOWN,HYBRID_REJECT,M4_THIN_ONLY_PASS,REJECT
BTC-USDT-SWAP-SHORT-1773072008000-39,OKX_MARCH,BTC-USDT-SWAP,2026-03-09,1773072872000,2026-03-09T16:14:32+00:00,SHORT,DISTRIBUTION,TREND_UP,2.5448,-0.4229,0.1408292385265119,0.0719,1.189,1,,,1,0,1,1,1,1,4,OKX_MARCH_SHORT_683,CLEAR,68710.55,69026.95,68398.85,67030.87,69424.83,0,not_TREND_DOWN,HYBRID_REJECT,M4_THIN_ONLY_PASS,REJECT
BTC-USDT-SWAP-LONG-1773077548000-40,OKX_MARCH,BTC-USDT-SWAP,2026-03-09,1773077728000,2026-03-09T17:35:28+00:00,LONG,ACCUMULATION,RANGE,2.4654,-0.3169,-0.2564149550361969,-0.2954,3.176,1,,,0,1,0,0,1,1,2,OKX_MARCH_LONG_686,CLEAR,68578.55,68728.15,68653.35,67280.28,69683.15,0,not_TREND_DOWN;not_SHORT;buyer_absorption,HYBRID_REJECT,M4_THIN_ONLY_PASS,REJECT
BTC-USDT-SWAP-SHORT-1773079208000-41,OKX_MARCH,BTC-USDT-SWAP,2026-03-09,1773080165000,2026-03-09T18:16:05+00:00,SHORT,DISTRIBUTION,RANGE,2.262,-0.7981,0.05006836459066603,0.0141,1.936,1,,,1,0,1,1,1,1,4,OKX_MARCH_SHORT_683,CLEAR,68210.05,68588.95,68399.5,67031.51,69425.49,0,not_TREND_DOWN,HYBRID_REJECT,M4_THIN_ONLY_PASS,REJECT
BTC-USDT-SWAP-SHORT-1773080165000-43,OKX_MARCH,BTC-USDT-SWAP,2026-03-09,1773080548000,2026-03-09T18:22:28+00:00,SHORT,DISTRIBUTION,RANGE,2.3454,-0.4084,-0.36771559543029264,-0.1009,0.722,1,,,1,1,1,0,1,1,3,OKX_MARCH_SHORT_684,CLEAR,68352.556625,68614.05,68483.3,67113.64,69510.55,0,not_TREND_DOWN;buyer_absorption,HYBRID_REJECT,M4_THIN_ONLY_PASS,REJECT
BTC-USDT-SWAP-LONG-1773079906000-42,OKX_MARCH,BTC-USDT-SWAP,2026-03-09,1773080726000,2026-03-09T18:25:26+00:00,LONG,ACCUMULATION,RANGE,2.3978,-0.3055,-0.14352939389031877,0.1509,0.034,1,,,1,0,1,1,1,1,4,OKX_MARCH_LONG_688,CLEAR,68352.65,68614.05,68859.35,67482.16,69892.24,0,not_TREND_DOWN;not_SHORT,HYBRID_REJECT,M4_THIN_ONLY_PASS,REJECT
BTC-USDT-SWAP-LONG-1773080726000-44,OKX_MARCH,BTC-USDT-SWAP,2026-03-09,1773080928000,2026-03-09T18:28:48+00:00,LONG,ACCUMULATION,RANGE,2.395,-0.2401,0.06359804438906257,0.072,-0.511,1,,,0,0,0,1,0,1,2,OKX_MARCH_LONG_686,CLEAR,68490.38767499999,68559.95,68625.45,67252.94,69654.83,0,not_TREND_DOWN;not_SHORT,HYBRID_REJECT,M4_THIN_ONLY_PASS,REJECT
BTC-USDT-SWAP-SHORT-1773094256000-45,OKX_MARCH,BTC-USDT-SWAP,2026-03-09,1773094436000,2026-03-09T22:13:56+00:00,SHORT,DISTRIBUTION,TREND_UP,4.2595,-0.3636,-0.33882918774648213,-0.2018,4.056,1,,,0,1,0,0,1,1,2,OKX_MARCH_SHORT_686,CLEAR,68635.05,68724.895275,68600.45,67228.44,69629.46,0,not_TREND_DOWN;buyer_absorption,HYBRID_REJECT,M4_THIN_ONLY_PASS,REJECT
BTC-USDT-SWAP-SHORT-1773094321000-46,OKX_MARCH,BTC-USDT-SWAP,2026-03-09,1773094708000,2026-03-09T22:18:28+00:00,SHORT,DISTRIBUTION,TREND_UP,4.3006,-0.3693,-0.3410626888040653,-0.139,-0.143,1,,,0,1,0,0,0,1,1,OKX_MARCH_SHORT_685,CLEAR,68337.15,68833.65,68585.4,67213.69,69614.18,0,not_TREND_DOWN;buyer_absorption,HYBRID_REJECT,M4_THIN_ONLY_PASS,REJECT
BTC-USDT-SWAP-LONG-1773096154000-47,OKX_MARCH,BTC-USDT-SWAP,2026-03-09,1773096924000,2026-03-09T22:55:24+00:00,LONG,ACCUMULATION,TREND_UP,3.6932,-0.4101,0.2563632663760683,-0.0663,4.246,1,,,1,1,1,0,1,1,3,OKX_MARCH_LONG_685,CLEAR,68337.15,68730.45,68533.8,67163.12,69561.81,0,not_TREND_DOWN;not_SHORT;buyer_absorption,HYBRID_REJECT,M4_THIN_ONLY_PASS,REJECT
BTC-USDT-SWAP-SHORT-1773097331000-48,OKX_MARCH,BTC-USDT-SWAP,2026-03-09,1773097969000,2026-03-09T23:12:49+00:00,SHORT,DISTRIBUTION,TREND_UP,3.6033,-0.1456,0.028181992667335138,-0.0728,0.667,1,,,0,0,0,0,1,1,2,OKX_MARCH_SHORT_683,CLEAR,68510.05,68659.85,68349.35,66982.36,69374.59,0,not_TREND_DOWN,HYBRID_REJECT,M4_THIN_ONLY_PASS,REJECT
BTC-USDT-SWAP-LONG-1773100831000-1,OKX_MARCH,BTC-USDT-SWAP,2026-03-10,1773101360000,2026-03-10T00:09:20+00:00,LONG,ACCUMULATION,TREND_UP,3.2608,-0.3235,-0.04697650072069879,-0.0239,-0.252,1,,,1,0,1,0,0,1,2,OKX_MARCH_LONG_685,CLEAR,68350.95,68466.55,68515.15,67144.85,69542.88,0,not_TREND_DOWN;not_SHORT,HYBRID_REJECT,M4_THIN_ONLY_PASS,REJECT
BTC-USDT-SWAP-SHORT-1773101678000-2,OKX_MARCH,BTC-USDT-SWAP,2026-03-10,1773102785000,2026-03-10T00:33:05+00:00,SHORT,DISTRIBUTION,TREND_UP,3.8585,0.4505,-0.08262580880517664,-0.2619,3.481,1,,,0,1,0,0,1,1,2,OKX_MARCH_SHORT_686,CLEAR,68363.95,68986.15,68675.05,67301.55,69705.18,0,not_TREND_DOWN;prior_60m_not_negative;buyer_absorption,HYBRID_REJECT,M4_THIN_ONLY_PASS,REJECT
BTC-USDT-SWAP-SHORT-1773101724000-3,OKX_MARCH,BTC-USDT-SWAP,2026-03-10,1773102785000,2026-03-10T00:33:05+00:00,SHORT,DISTRIBUTION,TREND_UP,3.8585,0.4505,-0.28920204685111733,-0.2619,3.481,1,,,0,1,0,0,1,1,2,OKX_MARCH_SHORT_686,CLEAR,68335.864975,68986.15,68661.01,67287.79,69690.92,0,not_TREND_DOWN;prior_60m_not_negative;buyer_absorption,HYBRID_REJECT,M4_THIN_ONLY_PASS,REJECT
BTC-USDT-SWAP-SHORT-1773102785000-4,OKX_MARCH,BTC-USDT-SWAP,2026-03-10,1773103324000,2026-03-10T00:42:04+00:00,SHORT,DISTRIBUTION,TREND_UP,3.9447,0.7553,-0.2399389538727987,-0.1804,0.498,1,,,0,1,0,0,1,1,2,OKX_MARCH_SHORT_689,CLEAR,68831.616975,69163.05,68997.33,67617.39,70032.29,0,not_TREND_DOWN;prior_60m_not_negative;buyer_absorption,HYBRID_REJECT,M4_THIN_ONLY_PASS,REJECT
BTC-USDT-SWAP-SHORT-1773103324000-5,OKX_MARCH,BTC-USDT-SWAP,2026-03-10,1773103525000,2026-03-10T00:45:25+00:00,SHORT,DISTRIBUTION,TREND_UP,4.1263,0.948,-0.019295967109011936,-0.0876,1.879,1,,,0,0,0,0,1,1,2,OKX_MARCH_SHORT_690,CLEAR,69027.319075,69156.15,69091.73,67709.9,70128.11,0,not_TREND_DOWN;prior_60m_not_negative,HYBRID_REJECT,M4_THIN_ONLY_PASS,REJECT
BTC-USDT-SWAP-LONG-1773104310000-6,OKX_MARCH,BTC-USDT-SWAP,2026-03-10,1773104490000,2026-03-10T01:01:30+00:00,LONG,ACCUMULATION,TREND_UP,4.2754,1.1352,0.006959839198414499,-0.1671,21.326,1,,,1,1,1,0,1,1,3,OKX_MARCH_LONG_692,CLEAR,69049.25,69169.25,69219.25,67834.87,70257.54,0,not_TREND_DOWN;not_SHORT;prior_60m_not_negative;buyer_absorption,HYBRID_REJECT,M4_THIN_ONLY_PASS,REJECT
BTC-USDT-SWAP-LONG-1773104480000-7,OKX_MARCH,BTC-USDT-SWAP,2026-03-10,1773104660000,2026-03-10T01:04:20+00:00,LONG,ACCUMULATION,TREND_UP,4.318,0.9902,-0.036592599971925356,-0.1542,0.497,1,,,0,1,0,0,1,1,2,OKX_MARCH_LONG_693,CLEAR,69106.05,69212.95,69317.55,67931.2,70357.31,0,not_TREND_DOWN;not_SHORT;prior_60m_not_negative;buyer_absorption,HYBRID_REJECT,M4_THIN_ONLY_PASS,REJECT
BTC-USDT-SWAP-LONG-1773104532000-8,OKX_MARCH,BTC-USDT-SWAP,2026-03-10,1773104846000,2026-03-10T01:07:26+00:00,LONG,ACCUMULATION,TREND_UP,4.4394,1.1303,-0.09618467839700921,-0.1566,0.328,1,,,1,1,1,0,1,1,3,OKX_MARCH_LONG_693,CLEAR,69022.75,69247.55647499999,69317.55,67931.2,70357.31,0,not_TREND_DOWN;not_SHORT;prior_60m_not_negative;buyer_absorption,HYBRID_REJECT,M4_THIN_ONLY_PASS,REJECT
BTC-USDT-SWAP-LONG-1773106071000-9,OKX_MARCH,BTC-USDT-SWAP,2026-03-10,1773106990000,2026-03-10T01:43:10+00:00,LONG,ACCUMULATION,TREND_UP,3.4731,-0.3743,-0.2587134289493505,-0.0502,1.605,1,,,0,0,0,0,1,1,2,OKX_MARCH_LONG_692,CLEAR,68779.95,69044.95,69210.05,67825.85,70248.2,0,not_TREND_DOWN;not_SHORT,HYBRID_REJECT,M4_THIN_ONLY_PASS,REJECT
BTC-USDT-SWAP-LONG-1773106990000-10,OKX_MARCH,BTC-USDT-SWAP,2026-03-10,1773108771000,2026-03-10T02:12:51+00:00,LONG,ACCUMULATION,TREND_UP,4.4657,0.0127,0.06776999554340231,-0.0826,0.862,1,,,1,0,1,0,1,1,3,OKX_MARCH_LONG_694,CLEAR,68827.818875,69347.35,69439.95,68051.15,70481.55,0,not_TREND_DOWN;not_SHORT;prior_60m_not_negative,HYBRID_REJECT,M4_THIN_ONLY_PASS,REJECT
BTC-USDT-SWAP-LONG-1773111721000-11,OKX_MARCH,BTC-USDT-SWAP,2026-03-10,1773112091000,2026-03-10T03:08:11+00:00,LONG,ACCUMULATION,TREND_UP,4.9593,1.5415,-0.2265770217674858,-0.225,-0.247,1,,,1,1,1,0,0,1,2,OKX_MARCH_LONG_701,CLEAR,69992.05,70290.177525,70141.11,68738.29,71193.23,0,not_TREND_DOWN;not_SHORT;prior_60m_not_negative;buyer_absorption,HYBRID_REJECT,M4_THIN_ONLY_PASS,REJECT
BTC-USDT-SWAP-SHORT-1773113999000-12,OKX_MARCH,BTC-USDT-SWAP,2026-03-10,1773114179000,2026-03-10T03:42:59+00:00,SHORT,DISTRIBUTION,TREND_UP,4.3053,-0.5791,0.12431542376696977,0.1182,11.608,1,,,1,0,1,1,1,1,4,OKX_MARCH_SHORT_698,CLEAR,69957.75,70073.86942500001,69840.55,68443.74,70888.16,0,not_TREND_DOWN,HYBRID_REJECT,M4_THIN_ONLY_PASS,REJECT
BTC-USDT-SWAP-SHORT-1773114143000-13,OKX_MARCH,BTC-USDT-SWAP,2026-03-10,1773115229000,2026-03-10T04:00:29+00:00,SHORT,DISTRIBUTION,TREND_UP,3.2631,-1.1611,-0.1936596717995402,0.1217,12.077,1,,,1,0,1,1,1,1,4,OKX_MARCH_SHORT_696,CLEAR,69347.05,70010.037525,69678.54,68284.97,70723.72,0,not_TREND_DOWN,HYBRID_REJECT,M4_THIN_ONLY_PASS,REJECT
BTC-USDT-SWAP-LONG-1773114910000-14,OKX_MARCH,BTC-USDT-SWAP,2026-03-10,1773115703000,2026-03-10T04:08:23+00:00,LONG,ACCUMULATION,TREND_UP,3.5429,-0.7813,0.21726017298399034,-0.0218,5.738,1,,,1,1,1,0,1,1,3,OKX_MARCH_LONG_702,CLEAR,69387.55,69600.35,70228.45,68823.88,71281.88,0,not_TREND_DOWN;not_SHORT;buyer_absorption,HYBRID_REJECT,M4_THIN_ONLY_PASS,REJECT
BTC-USDT-SWAP-SHORT-1773115229000-15,OKX_MARCH,BTC-USDT-SWAP,2026-03-10,1773115798000,2026-03-10T04:09:58+00:00,SHORT,DISTRIBUTION,TREND_UP,3.5641,-0.8052,-0.027773647496750757,-0.1413,-0.036,1,,,0,1,0,0,0,1,1,OKX_MARCH_SHORT_694,CLEAR,69373.545875,69611.05,69492.3,68102.45,70534.68,0,not_TREND_DOWN;buyer_absorption,HYBRID_REJECT,M4_THIN_ONLY_PASS,REJECT
BTC-USDT-SWAP-LONG-1773115703000-16,OKX_MARCH,BTC-USDT-SWAP,2026-03-10,1773116500000,2026-03-10T04:21:40+00:00,LONG,ACCUMULATION,TREND_UP,3.4801,-0.7792,0.3681947961210781,-0.0142,2.705,1,,,1,1,1,0,1,1,3,OKX_MARCH_LONG_701,CLEAR,69490.55,69734.05,70166.05,68762.73,71218.54,0,not_TREND_DOWN;not_SHORT;buyer_absorption,HYBRID_REJECT,M4_THIN_ONLY_PASS,REJECT
BTC-USDT-SWAP-LONG-1773116500000-17,OKX_MARCH,BTC-USDT-SWAP,2026-03-10,1773117245000,2026-03-10T04:34:05+00:00,LONG,ACCUMULATION,TREND_UP,3.4899,-0.3447,0.29885441788174033,0.0848,7.302,1,,,1,1,1,1,1,1,4,OKX_MARCH_LONG_699,CLEAR,69640.012575,69833.25,69954.75,68555.65,71004.07,0,not_TREND_DOWN;not_SHORT;buyer_absorption,HYBRID_REJECT,M4_THIN_ONLY_PASS,REJECT
BTC-USDT-SWAP-LONG-1773116566000-18,OKX_MARCH,BTC-USDT-SWAP,2026-03-10,1773117245000,2026-03-10T04:34:05+00:00,LONG,ACCUMULATION,TREND_UP,3.4899,-0.3447,0.27645386422025686,0.0848,7.302,1,,,1,1,1,1,1,1,4,OKX_MARCH_LONG_701,CLEAR,69676.15,69833.25,70153.15,68750.09,71205.45,0,not_TREND_DOWN;not_SHORT;buyer_absorption,HYBRID_REJECT,M4_THIN_ONLY_PASS,REJECT
BTC-USDT-SWAP-LONG-1773118368000-19,OKX_MARCH,BTC-USDT-SWAP,2026-03-10,1773118548000,2026-03-10T04:55:48+00:00,LONG,ACCUMULATION,TREND_UP,3.9567,0.536,0.11091352851650599,-0.0967,0.922,1,,,0,0,0,0,1,1,2,OKX_MARCH_LONG_700,CLEAR,69851.20692499999,69921.093075,70000.05,68600.05,71050.05,0,not_TREND_DOWN;not_SHORT;prior_60m_not_negative,HYBRID_REJECT,M4_THIN_ONLY_PASS,REJECT
BTC-USDT-SWAP-SHORT-1773119667000-21,OKX_MARCH,BTC-USDT-SWAP,2026-03-10,1773119847000,2026-03-10T05:17:27+00:00,SHORT,DISTRIBUTION,TREND_UP,4.5687,0.8115,-0.24729548884000394,-0.1186,3.876,1,,,0,1,0,0,1,1,2,OKX_MARCH_SHORT_701,CLEAR,70087.75,70188.226575,70137.99,68735.23,71190.06,0,not_TREND_DOWN;prior_60m_not_negative;buyer_absorption,HYBRID_REJECT,M4_THIN_ONLY_PASS,REJECT
BTC-USDT-SWAP-SHORT-1773119784000-22,OKX_MARCH,BTC-USDT-SWAP,2026-03-10,1773120101000,2026-03-10T05:21:41+00:00,SHORT,DISTRIBUTION,TREND_UP,4.2329,0.6298,0.004922707938405741,-0.1209,0.173,1,,,1,1,1,0,1,1,3,OKX_MARCH_SHORT_701,CLEAR,70064.600175,70290.95,70177.78,68774.22,71230.44,0,not_TREND_DOWN;prior_60m_not_negative;buyer_absorption,HYBRID_REJECT,M4_THIN_ONLY_PASS,REJECT
BTC-USDT-SWAP-LONG-1773119418000-20,OKX_MARCH,BTC-USDT-SWAP,2026-03-10,1773120716000,2026-03-10T05:31:56+00:00,LONG,ACCUMULATION,TREND_UP,3.7403,0.3675,0.16819935594447227,-0.1827,0.21,1,,,0,1,0,0,1,1,2,OKX_MARCH_LONG_703,CLEAR,69987.05,70334.95,70385.85,68978.13,71441.64,0,not_TREND_DOWN;not_SHORT;prior_60m_not_negative;buyer_absorption,HYBRID_REJECT,M4_THIN_ONLY_PASS,REJECT
BTC-USDT-SWAP-LONG-1773120716000-23,OKX_MARCH,BTC-USDT-SWAP,2026-03-10,1773121392000,2026-03-10T05:43:12+00:00,LONG,ACCUMULATION,TREND_UP,3.0129,-0.0562,0.10380601613186509,-0.2583,0.176,1,,,0,1,0,0,1,1,2,OKX_MARCH_LONG_701,CLEAR,69879.55,70095.15,70130.85,68728.23,71182.81,0,not_TREND_DOWN;not_SHORT;buyer_absorption,HYBRID_REJECT,M4_THIN_ONLY_PASS,REJECT
BTC-USDT-SWAP-LONG-1773127382000-24,OKX_MARCH,BTC-USDT-SWAP,2026-03-10,1773127987000,2026-03-10T07:33:07+00:00,LONG,ACCUMULATION,TREND_UP,4.5315,0.363,0.12027137957774624,-0.2461,0.023,1,,,0,1,0,0,1,1,2,OKX_MARCH_LONG_706,CLEAR,70260.65,70490.55,70667.05,69253.71,71727.06,0,not_TREND_DOWN;not_SHORT;prior_60m_not_negative;buyer_absorption,HYBRID_REJECT,M4_THIN_ONLY_PASS,REJECT
BTC-USDT-SWAP-LONG-1773127409000-25,OKX_MARCH,BTC-USDT-SWAP,2026-03-10,1773127987000,2026-03-10T07:33:07+00:00,LONG,ACCUMULATION,TREND_UP,4.5315,0.363,0.2515583991684988,-0.2461,0.023,1,,,0,1,0,0,1,1,2,OKX_MARCH_LONG_706,CLEAR,70260.65,70490.55,70667.05,69253.71,71727.06,0,not_TREND_DOWN;not_SHORT;prior_60m_not_negative;buyer_absorption,HYBRID_REJECT,M4_THIN_ONLY_PASS,REJECT
BTC-USDT-SWAP-SHORT-1773129222000-26,OKX_MARCH,BTC-USDT-SWAP,2026-03-10,1773129980000,2026-03-10T08:06:20+00:00,SHORT,DISTRIBUTION,TREND_UP,4.4092,0.6547,-0.17281804061134554,-0.2397,0.981,1,,,1,1,1,0,1,1,3,OKX_MARCH_SHORT_704,CLEAR,70284.45,70667.05,70475.75,69066.24,71532.89,0,not_TREND_DOWN;prior_60m_not_negative;buyer_absorption,HYBRID_REJECT,M4_THIN_ONLY_PASS,REJECT
BTC-USDT-SWAP-LONG-1773130875000-28,OKX_MARCH,BTC-USDT-SWAP,2026-03-10,1773131402000,2026-03-10T08:30:02+00:00,LONG,ACCUMULATION,TREND_UP,4.5006,0.7812,0.1451957091904197,-0.097,0.247,1,,,0,0,0,0,1,1,2,OKX_MARCH_LONG_710,CLEAR,70752.05,70939.95,71032.45,69611.8,72097.94,0,not_TREND_DOWN;not_SHORT;prior_60m_not_negative,HYBRID_REJECT,M4_THIN_ONLY_PASS,REJECT
BTC-USDT-SWAP-SHORT-1773130383000-27,OKX_MARCH,BTC-USDT-SWAP,2026-03-10,1773132250000,2026-03-10T08:44:10+00:00,SHORT,DISTRIBUTION,TREND_UP,4.7423,0.8604,-0.4781665322836356,-0.0572,-0.104,1,,,0,0,0,0,0,1,1,OKX_MARCH_SHORT_700,CLEAR,70688.65,71046.55,70099.85,68697.85,71151.35,0,not_TREND_DOWN;prior_60m_not_negative,HYBRID_REJECT,M4_THIN_ONLY_PASS,REJECT
BTC-USDT-SWAP-LONG-1773132119000-29,OKX_MARCH,BTC-USDT-SWAP,2026-03-10,1773132624000,2026-03-10T08:50:24+00:00,LONG,ACCUMULATION,TREND_UP,4.5679,0.6373,-0.1777592670741833,-0.1346,0.532,1,,,0,1,0,0,1,1,2,OKX_MARCH_LONG_710,CLEAR,70739.05,71046.55,71082.65,69661.0,72148.89,0,not_TREND_DOWN;not_SHORT;prior_60m_not_negative;buyer_absorption,HYBRID_REJECT,M4_THIN_ONLY_PASS,REJECT
BTC-USDT-SWAP-SHORT-1773132250000-30,OKX_MARCH,BTC-USDT-SWAP,2026-03-10,1773132713000,2026-03-10T08:51:53+00:00,SHORT,DISTRIBUTION,TREND_UP,4.3267,0.4824,-0.15778829629368935,0.1291,2.458,1,,,1,0,1,1,1,1,4,OKX_MARCH_SHORT_706,CLEAR,70720.05,70967.015775,70667,69253.66,71727.0,0,not_TREND_DOWN;prior_60m_not_negative,HYBRID_REJECT,M4_THIN_ONLY_PASS,REJECT
BTC-USDT-SWAP-LONG-1773133047000-31,OKX_MARCH,BTC-USDT-SWAP,2026-03-10,1773133280000,2026-03-10T09:01:20+00:00,LONG,ACCUMULATION,TREND_UP,4.2417,0.2655,-0.013194020029909461,-0.3308,0.447,1,,,1,1,1,0,1,1,3,OKX_MARCH_LONG_709,CLEAR,70568.25,70677.75,70962.85,69543.59,72027.29,0,not_TREND_DOWN;not_SHORT;prior_60m_not_negative;buyer_absorption,HYBRID_REJECT,M4_THIN_ONLY_PASS,REJECT
BTC-USDT-SWAP-SHORT-1773135384000-32,OKX_MARCH,BTC-USDT-SWAP,2026-03-10,1773135649000,2026-03-10T09:40:49+00:00,SHORT,DISTRIBUTION,TREND_UP,4.2216,0.232,0.03832995958679496,-0.0913,1.576,1,,,1,0,1,0,1,1,3,OKX_MARCH_SHORT_703,CLEAR,71021.15,71160.112275,70390.05,68982.25,71445.9,0,not_TREND_DOWN;prior_60m_not_negative,HYBRID_REJECT,M4_THIN_ONLY_PASS,REJECT
BTC-USDT-SWAP-LONG-1773139318000-33,OKX_MARCH,BTC-USDT-SWAP,2026-03-10,1773139817000,2026-03-10T10:50:17+00:00,LONG,ACCUMULATION,TREND_UP,4.445,-0.4382,0.03022955550408778,-0.1966,0.077,1,,,0,1,0,0,1,1,2,OKX_MARCH_LONG_706,CLEAR,70624.15,70736.35,70680.25,69266.65,71740.45,0,not_TREND_DOWN;not_SHORT;buyer_absorption,HYBRID_REJECT,M4_THIN_ONLY_PASS,REJECT
BTC-USDT-SWAP-SHORT-1773140970000-34,OKX_MARCH,BTC-USDT-SWAP,2026-03-10,1773141255000,2026-03-10T11:14:15+00:00,SHORT,DISTRIBUTION,TREND_UP,4.3645,-0.2973,-0.377361397311354,0.0166,8.605,1,,,1,0,1,1,1,1,4,OKX_MARCH_SHORT_704,CLEAR,70615.95,70706.25,70466.15,69056.83,71523.14,0,not_TREND_DOWN,HYBRID_REJECT,M4_THIN_ONLY_PASS,REJECT
BTC-USDT-SWAP-SHORT-1773141284000-35,OKX_MARCH,BTC-USDT-SWAP,2026-03-10,1773142082000,2026-03-10T11:28:02+00:00,SHORT,DISTRIBUTION,TREND_UP,4.606,-0.2167,-0.17470483837099013,0.1454,11.132,1,,,1,0,1,1,1,1,4,OKX_MARCH_SHORT_704,CLEAR,70537.25,70721.55,70499.85,69089.85,71557.35,0,not_TREND_DOWN,HYBRID_REJECT,M4_THIN_ONLY_PASS,REJECT
BTC-USDT-SWAP-SHORT-1773144098000-36,OKX_MARCH,BTC-USDT-SWAP,2026-03-10,1773145068000,2026-03-10T12:17:48+00:00,SHORT,DISTRIBUTION,TREND_UP,3.7104,-0.3922,-0.24390592650715176,0.1827,0.278,1,,,1,0,1,1,1,1,4,OKX_MARCH_SHORT_702,CLEAR,70331.15,70554.95,70292.45,68886.6,71346.84,0,not_TREND_DOWN,HYBRID_REJECT,M4_THIN_ONLY_PASS,REJECT
BTC-USDT-SWAP-LONG-1773148718000-37,OKX_MARCH,BTC-USDT-SWAP,2026-03-10,1773149362000,2026-03-10T13:29:22+00:00,LONG,ACCUMULATION,TREND_UP,3.1105,0.6597,-0.756708819213776,-0.0702,6.786,1,,,1,0,1,0,1,1,3,OKX_MARCH_LONG_707,CLEAR,70620.75,70875.05,70747.9,69332.94,71809.12,0,not_TREND_DOWN;not_SHORT;prior_60m_not_negative,HYBRID_REJECT,M4_THIN_ONLY_PASS,REJECT
BTC-USDT-SWAP-SHORT-1773150917000-38,OKX_MARCH,BTC-USDT-SWAP,2026-03-10,1773151654000,2026-03-10T14:07:34+00:00,SHORT,DISTRIBUTION,RANGE,1.5598,-1.2231,-0.11310265953866906,0.082,2.465,1,,,1,0,1,1,1,1,4,OKX_MARCH_SHORT_695,CLEAR,69566.05,70146.45,69525.05,68134.55,70567.93,0,not_TREND_DOWN,HYBRID_REJECT,M4_THIN_ONLY_PASS,REJECT
BTC-USDT-SWAP-LONG-1773154908000-39,OKX_MARCH,BTC-USDT-SWAP,2026-03-10,1773155511000,2026-03-10T15:11:51+00:00,LONG,ACCUMULATION,TREND_UP,3.241,2.5559,0.2635468312179446,-0.1067,2.181,1,,,0,1,0,0,1,1,2,OKX_MARCH_LONG_714,CLEAR,71055.85,71755.15,71405.5,69977.39,72476.58,0,not_TREND_DOWN;not_SHORT;prior_60m_not_negative;buyer_absorption,HYBRID_REJECT,M4_THIN_ONLY_PASS,REJECT
BTC-USDT-SWAP-LONG-1773154921000-40,OKX_MARCH,BTC-USDT-SWAP,2026-03-10,1773155511000,2026-03-10T15:11:51+00:00,LONG,ACCUMULATION,TREND_UP,3.241,2.5559,-0.24752685238121275,-0.1067,2.181,1,,,0,1,0,0,1,1,2,OKX_MARCH_LONG_714,CLEAR,71055.85,71755.15,71405.5,69977.39,72476.58,0,not_TREND_DOWN;not_SHORT;prior_60m_not_negative;buyer_absorption,HYBRID_REJECT,M4_THIN_ONLY_PASS,REJECT
BTC-USDT-SWAP-LONG-1773155511000-41,OKX_MARCH,BTC-USDT-SWAP,2026-03-10,1773155691000,2026-03-10T15:14:51+00:00,LONG,ACCUMULATION,TREND_UP,3.0607,2.4693,0.05749803237443008,-0.061,7.042,1,,,1,0,1,0,1,1,3,OKX_MARCH_LONG_711,CLEAR,71087.85,71279.571975,71183.71,69760.04,72251.47,0,not_TREND_DOWN;not_SHORT;prior_60m_not_negative,HYBRID_REJECT,M4_THIN_ONLY_PASS,REJECT
BTC-USDT-SWAP-SHORT-1773160125000-43,OKX_MARCH,BTC-USDT-SWAP,2026-03-10,1773161500000,2026-03-10T16:51:40+00:00,SHORT,DISTRIBUTION,TREND_UP,3.3073,0.3176,-0.27600634519995426,0.1468,2.099,1,,,0,0,0,1,1,1,3,OKX_MARCH_SHORT_705,CLEAR,71126.25,71420.74252500001,70576.45,69164.92,71635.1,0,not_TREND_DOWN;prior_60m_not_negative,HYBRID_REJECT,M4_THIN_ONLY_PASS,REJECT
BTC-USDT-SWAP-SHORT-1773160082000-42,OKX_MARCH,BTC-USDT-SWAP,2026-03-10,1773161500000,2026-03-10T16:51:40+00:00,SHORT,DISTRIBUTION,TREND_UP,3.3073,0.3176,-0.0009169096220136881,0.1468,2.099,1,,,1,0,1,1,1,1,4,OKX_MARCH_SHORT_705,CLEAR,71126.25,71475.870075,70576.45,69164.92,71635.1,0,not_TREND_DOWN;prior_60m_not_negative,HYBRID_REJECT,M4_THIN_ONLY_PASS,REJECT
BTC-USDT-SWAP-SHORT-1773161500000-44,OKX_MARCH,BTC-USDT-SWAP,2026-03-10,1773161755000,2026-03-10T16:55:55+00:00,SHORT,DISTRIBUTION,TREND_UP,3.3917,0.3553,0.1361596555016534,-0.1313,0.101,1,,,1,1,1,0,1,1,3,OKX_MARCH_SHORT_709,CLEAR,71228.75,71346.55,70960.85,69541.63,72025.26,0,not_TREND_DOWN;prior_60m_not_negative;buyer_absorption,HYBRID_REJECT,M4_THIN_ONLY_PASS,REJECT
BTC-USDT-SWAP-SHORT-1773167137000-45,OKX_MARCH,BTC-USDT-SWAP,2026-03-10,1773167521000,2026-03-10T18:32:01+00:00,SHORT,DISTRIBUTION,TREND_UP,2.5922,-1.0233,-0.13850744302961138,-0.0092,2.015,1,,,0,0,0,0,1,1,2,OKX_MARCH_SHORT_699,CLEAR,69420.05,70425.75,69922.9,68524.44,70971.74,0,not_TREND_DOWN,HYBRID_REJECT,M4_THIN_ONLY_PASS,REJECT
BTC-USDT-SWAP-SHORT-1773181308000-46,OKX_MARCH,BTC-USDT-SWAP,2026-03-10,1773181817000,2026-03-10T22:30:17+00:00,SHORT,DISTRIBUTION,RANGE,1.12,-0.5102,0.018622189665322985,-0.1287,12.772,1,,,1,1,1,0,1,1,3,OKX_MARCH_SHORT_696,CLEAR,69422.721275,69934.85,69678.79,68285.21,70723.97,0,not_TREND_DOWN;buyer_absorption,HYBRID_REJECT,M4_THIN_ONLY_PASS,REJECT
BTC-USDT-SWAP-SHORT-1773188193000-2,OKX_MARCH,BTC-USDT-SWAP,2026-03-11,1773188373000,2026-03-11T00:19:33+00:00,SHORT,DISTRIBUTION,RANGE,1.9234,0.1951,-0.026720859066223894,-0.2808,11.476,1,,,0,1,0,0,1,1,2,OKX_MARCH_SHORT_695,CLEAR,69838.95,69993.429225,69553.15,68162.09,70596.45,0,not_TREND_DOWN;prior_60m_not_negative;buyer_absorption,HYBRID_REJECT,M4_THIN_ONLY_PASS,REJECT
BTC-USDT-SWAP-SHORT-1773188301000-3,OKX_MARCH,BTC-USDT-SWAP,2026-03-11,1773188491000,2026-03-11T00:21:31+00:00,SHORT,DISTRIBUTION,RANGE,1.9478,0.4125,-0.26706241389866897,-0.3309,0.699,1,,,0,1,0,0,1,1,2,OKX_MARCH_SHORT_696,CLEAR,69838.95,70003.45,69688.45,68294.68,70733.78,0,not_TREND_DOWN;prior_60m_not_negative;buyer_absorption,HYBRID_REJECT,M4_THIN_ONLY_PASS,REJECT
BTC-USDT-SWAP-SHORT-1773188323000-4,OKX_MARCH,BTC-USDT-SWAP,2026-03-11,1773188503000,2026-03-11T00:21:43+00:00,SHORT,DISTRIBUTION,RANGE,1.9547,0.3633,-0.2986565111701477,-0.3261,1.096,1,,,0,1,0,0,1,1,2,OKX_MARCH_SHORT_696,CLEAR,69808.028525,70003.45,69688.45,68294.68,70733.78,0,not_TREND_DOWN;prior_60m_not_negative;buyer_absorption,HYBRID_REJECT,M4_THIN_ONLY_PASS,REJECT
BTC-USDT-SWAP-LONG-1773187573000-1,OKX_MARCH,BTC-USDT-SWAP,2026-03-11,1773189564000,2026-03-11T00:39:24+00:00,LONG,ACCUMULATION,RANGE,1.1244,-0.013,0.06316477974163988,0.0732,4.58,1,,,0,0,0,1,1,1,3,OKX_MARCH_LONG_701,CLEAR,69734.665225,70098.25,70135.15,68732.45,71187.18,0,not_TREND_DOWN;not_SHORT,HYBRID_REJECT,M4_THIN_ONLY_PASS,REJECT
BTC-USDT-SWAP-SHORT-1773188983000-5,OKX_MARCH,BTC-USDT-SWAP,2026-03-11,1773190586000,2026-03-11T00:56:26+00:00,SHORT,DISTRIBUTION,RANGE,1.5246,0.3019,0.09565625772889363,-0.1443,0.813,1,,,0,1,0,0,1,1,2,OKX_MARCH_SHORT_696,CLEAR,69763.75,70132.15,69694.95,68301.05,70740.37,0,not_TREND_DOWN;prior_60m_not_negative;buyer_absorption,HYBRID_REJECT,M4_THIN_ONLY_PASS,REJECT
BTC-USDT-SWAP-SHORT-1773197989000-7,OKX_MARCH,BTC-USDT-SWAP,2026-03-11,1773198187000,2026-03-11T03:03:07+00:00,SHORT,DISTRIBUTION,RANGE,-0.6299,-0.447,-0.049778067433926376,-0.1892,0.886,1,,,1,1,1,0,1,1,3,OKX_MARCH_SHORT_696,CLEAR,69711.17697500001,69862.75,69669.65,68276.26,70714.69,0,not_TREND_DOWN;buyer_absorption,HYBRID_REJECT,M4_THIN_ONLY_PASS,REJECT
BTC-USDT-SWAP-LONG-1773196970000-6,OKX_MARCH,BTC-USDT-SWAP,2026-03-11,1773198507000,2026-03-11T03:08:27+00:00,LONG,ACCUMULATION,RANGE,-0.6043,-0.4987,0.1226366176053888,0.0419,0.086,1,,,0,0,0,1,1,1,3,OKX_MARCH_LONG_699,CLEAR,69592.85,69862.75,69940.65,68541.84,70989.76,0,not_TREND_DOWN;not_SHORT,HYBRID_REJECT,M4_THIN_ONLY_PASS,REJECT
BTC-USDT-SWAP-SHORT-1773198237000-8,OKX_MARCH,BTC-USDT-SWAP,2026-03-11,1773199659000,2026-03-11T03:27:39+00:00,SHORT,DISTRIBUTION,RANGE,-0.8502,-0.5814,-0.20136048930980072,0.2078,5.81,1,,,1,0,1,1,1,1,4,OKX_MARCH_SHORT_696,CLEAR,69464.75,69749.95,69607.35,68215.2,70651.46,0,not_TREND_DOWN,HYBRID_REJECT,M4_THIN_ONLY_PASS,REJECT
BTC-USDT-SWAP-SHORT-1773199659000-9,OKX_MARCH,BTC-USDT-SWAP,2026-03-11,1773199888000,2026-03-11T03:31:28+00:00,SHORT,DISTRIBUTION,RANGE,-0.7864,-0.5821,0.1635201331896138,0.1567,1.226,1,,,1,0,1,1,1,1,4,OKX_MARCH_SHORT_695,CLEAR,69485.35,69555.710475,69520.53,68130.12,70563.34,0,not_TREND_DOWN,HYBRID_REJECT,M4_THIN_ONLY_PASS,REJECT
BTC-USDT-SWAP-LONG-1773200852000-10,OKX_MARCH,BTC-USDT-SWAP,2026-03-11,1773201603000,2026-03-11T04:00:03+00:00,LONG,ACCUMULATION,RANGE,0.1598,-0.3446,-0.21926238676529217,-0.0259,1.662,1,,,0,0,0,0,1,1,2,OKX_MARCH_LONG_696,CLEAR,69450.05,69607.95,69650.65,68257.64,70695.41,0,not_TREND_DOWN;not_SHORT,HYBRID_REJECT,M4_THIN_ONLY_PASS,REJECT
BTC-USDT-SWAP-SHORT-1773205204000-11,OKX_MARCH,BTC-USDT-SWAP,2026-03-11,1773205384000,2026-03-11T05:03:04+00:00,SHORT,DISTRIBUTION,RANGE,-0.0677,0.7676,0.2268652561354558,-0.4554,2.217,1,,,1,1,1,0,1,1,3,OKX_MARCH_SHORT_693,CLEAR,70060.55,70198.131525,69390.75,68002.93,70431.61,0,not_TREND_DOWN;prior_60m_not_negative;buyer_absorption,HYBRID_REJECT,M4_THIN_ONLY_PASS,REJECT
BTC-USDT-SWAP-SHORT-1773208151000-12,OKX_MARCH,BTC-USDT-SWAP,2026-03-11,1773209023000,2026-03-11T06:03:43+00:00,SHORT,DISTRIBUTION,RANGE,-0.5612,-0.8239,0.025872344956711514,-0.0485,3.122,1,,,1,0,1,0,1,1,3,OKX_MARCH_SHORT_695,CLEAR,69460.05,69594.75,69527.4,68136.85,70570.31,0,not_TREND_DOWN,HYBRID_REJECT,M4_THIN_ONLY_PASS,REJECT
BTC-USDT-SWAP-SHORT-1773215155000-13,OKX_MARCH,BTC-USDT-SWAP,2026-03-11,1773215694000,2026-03-11T07:54:54+00:00,SHORT,DISTRIBUTION,RANGE,-0.9974,-0.3977,-0.15994153752387166,-0.2058,0.126,1,,,0,1,0,0,1,1,2,OKX_MARCH_SHORT_694,CLEAR,69480.25,69720.85,69400.95,68012.93,70441.96,0,not_TREND_DOWN;buyer_absorption,HYBRID_REJECT,M4_THIN_ONLY_PASS,REJECT
BTC-USDT-SWAP-SHORT-1773215694000-14,OKX_MARCH,BTC-USDT-SWAP,2026-03-11,1773215874000,2026-03-11T07:57:54+00:00,SHORT,DISTRIBUTION,RANGE,-0.9139,-0.3519,-0.2082020680925807,-0.2555,6.475,1,,,0,1,0,0,1,1,2,OKX_MARCH_SHORT_695,CLEAR,69586.839175,69676.95,69526.15,68135.63,70569.04,0,not_TREND_DOWN;buyer_absorption,HYBRID_REJECT,M4_THIN_ONLY_PASS,REJECT
BTC-USDT-SWAP-LONG-1773223325000-15,OKX_MARCH,BTC-USDT-SWAP,2026-03-11,1773223609000,2026-03-11T10:06:49+00:00,LONG,ACCUMULATION,RANGE,-2.1848,-0.2098,0.5840230105761532,-0.1734,0.347,1,,,0,1,0,0,1,1,2,OKX_MARCH_LONG_695,CLEAR,69370.45,69507.75,69556.95,68165.81,70600.3,0,not_TREND_DOWN;not_SHORT;buyer_absorption,HYBRID_REJECT,M4_THIN_ONLY_PASS,REJECT
BTC-USDT-SWAP-SHORT-1773224449000-16,OKX_MARCH,BTC-USDT-SWAP,2026-03-11,1773224629000,2026-03-11T10:23:49+00:00,SHORT,DISTRIBUTION,RANGE,-1.8623,-0.2178,-0.4517900612095903,-0.1254,8.004,1,,,0,1,0,0,1,1,2,OKX_MARCH_SHORT_693,CLEAR,69411.55,69491.778525,69323.75,67937.27,70363.61,0,not_TREND_DOWN;buyer_absorption,HYBRID_REJECT,M4_THIN_ONLY_PASS,REJECT
BTC-USDT-SWAP-SHORT-1773229823000-17,OKX_MARCH,BTC-USDT-SWAP,2026-03-11,1773230558000,2026-03-11T12:02:38+00:00,SHORT,DISTRIBUTION,RANGE,-1.9257,-0.5403,0.4132164082125367,0.2712,0.137,1,,,1,1,1,1,1,1,4,OKX_MARCH_SHORT_690,CLEAR,69125.05,69426.045675,69053.85,67672.77,70089.66,0,not_TREND_DOWN;buyer_absorption,HYBRID_REJECT,M4_THIN_ONLY_PASS,REJECT
BTC-USDT-SWAP-SHORT-1773230558000-18,OKX_MARCH,BTC-USDT-SWAP,2026-03-11,1773231551000,2026-03-11T12:19:11+00:00,SHORT,DISTRIBUTION,RANGE,-1.7903,-0.5726,0.14195872029026216,-0.0368,0.249,1,,,0,0,0,0,1,1,2,OKX_MARCH_SHORT_690,CLEAR,68944.55,69217.54147499999,69081.05,67699.42,70117.26,0,not_TREND_DOWN,HYBRID_REJECT,M4_THIN_ONLY_PASS,REJECT
BTC-USDT-SWAP-SHORT-1773230703000-19,OKX_MARCH,BTC-USDT-SWAP,2026-03-11,1773231551000,2026-03-11T12:19:11+00:00,SHORT,DISTRIBUTION,RANGE,-1.7903,-0.5726,-0.2526728827698108,-0.0368,0.249,1,,,0,0,0,0,1,1,2,OKX_MARCH_SHORT_690,CLEAR,68944.55,69196.75,69070.65,67689.24,70106.71,0,not_TREND_DOWN,HYBRID_REJECT,M4_THIN_ONLY_PASS,REJECT
BTC-USDT-SWAP-LONG-1773231035000-20,OKX_MARCH,BTC-USDT-SWAP,2026-03-11,1773231661000,2026-03-11T12:21:01+00:00,LONG,ACCUMULATION,RANGE,-1.8219,-0.5252,0.23681577892954564,-0.0087,0.038,1,,,1,1,1,0,1,1,3,OKX_MARCH_LONG_696,CLEAR,69031.65,69196.75,69699.65,68305.66,70745.14,0,not_TREND_DOWN;not_SHORT;buyer_absorption,HYBRID_REJECT,M4_THIN_ONLY_PASS,REJECT
BTC-USDT-SWAP-LONG-1773231661000-21,OKX_MARCH,BTC-USDT-SWAP,2026-03-11,1773232688000,2026-03-11T12:38:08+00:00,LONG,ACCUMULATION,RANGE,-1.5777,-0.2939,0.09971244433779095,0.0023,0.702,1,,,0,0,0,1,1,1,3,OKX_MARCH_LONG_698,CLEAR,69135.165125,69743.15,69803.15,68407.09,70850.2,0,not_TREND_DOWN;not_SHORT,HYBRID_REJECT,M4_THIN_ONLY_PASS,REJECT
BTC-USDT-SWAP-LONG-1773231710000-22,OKX_MARCH,BTC-USDT-SWAP,2026-03-11,1773232688000,2026-03-11T12:38:08+00:00,LONG,ACCUMULATION,RANGE,-1.5777,-0.2939,0.2013479431043412,0.0023,0.702,1,,,0,1,0,1,1,1,3,OKX_MARCH_LONG_698,CLEAR,69191.25,69743.15,69803.15,68407.09,70850.2,0,not_TREND_DOWN;not_SHORT;buyer_absorption,HYBRID_REJECT,M4_THIN_ONLY_PASS,REJECT
BTC-USDT-SWAP-LONG-1773235815000-23,OKX_MARCH,BTC-USDT-SWAP,2026-03-11,1773236228000,2026-03-11T13:37:08+00:00,LONG,ACCUMULATION,RANGE,0.9483,2.0026,0.31211416731343056,-0.0546,28.406,1,,,1,1,1,0,1,1,3,OKX_MARCH_LONG_708,CLEAR,70171.15,70747.55,70885.55,69467.84,71948.83,0,not_TREND_DOWN;not_SHORT;prior_60m_not_negative;buyer_absorption,HYBRID_REJECT,M4_THIN_ONLY_PASS,REJECT
BTC-USDT-SWAP-LONG-1773240262000-26,OKX_MARCH,BTC-USDT-SWAP,2026-03-11,1773240446000,2026-03-11T14:47:26+00:00,LONG,ACCUMULATION,RANGE,0.1141,0.6508,0.040171699746167806,0.0432,-0.001,1,,,0,0,0,1,0,1,2,OKX_MARCH_LONG_707,CLEAR,70577.55,70928.45,70753.0,69337.94,71814.29,0,not_TREND_DOWN;not_SHORT;prior_60m_not_negative,HYBRID_REJECT,M4_THIN_ONLY_PASS,REJECT
BTC-USDT-SWAP-SHORT-1773240148000-25,OKX_MARCH,BTC-USDT-SWAP,2026-03-11,1773242319000,2026-03-11T15:18:39+00:00,SHORT,DISTRIBUTION,RANGE,-1.5139,-0.4115,0.15754945307535256,0.0982,0.461,1,,,1,0,1,1,1,1,4,OKX_MARCH_SHORT_696,CLEAR,69936.75,70928.45,69656.05,68262.93,70700.89,0,not_TREND_DOWN,HYBRID_REJECT,M4_THIN_ONLY_PASS,REJECT
BTC-USDT-SWAP-SHORT-1773240074000-24,OKX_MARCH,BTC-USDT-SWAP,2026-03-11,1773242319000,2026-03-11T15:18:39+00:00,SHORT,DISTRIBUTION,RANGE,-1.5139,-0.4115,-0.19248784602748298,0.0982,0.461,1,,,1,0,1,1,1,1,4,OKX_MARCH_SHORT_697,CLEAR,69936.75,70928.45,69795.05,68399.15,70841.98,0,not_TREND_DOWN,HYBRID_REJECT,M4_THIN_ONLY_PASS,REJECT
BTC-USDT-SWAP-LONG-1773244374000-27,OKX_MARCH,BTC-USDT-SWAP,2026-03-11,1773244863000,2026-03-11T16:01:03+00:00,LONG,ACCUMULATION,RANGE,-1.5784,-0.483,-0.006036056522413345,0.0001,2.409,1,,,1,0,1,1,1,1,4,OKX_MARCH_LONG_706,CLEAR,70099.182875,70280.65,70694.75,69280.85,71755.17,0,not_TREND_DOWN;not_SHORT,HYBRID_REJECT,M4_THIN_ONLY_PASS,REJECT
BTC-USDT-SWAP-LONG-1773248977000-28,OKX_MARCH,BTC-USDT-SWAP,2026-03-11,1773250265000,2026-03-11T17:31:05+00:00,LONG,ACCUMULATION,RANGE,0.3068,1.0654,0.09612978269681596,0.3161,0.844,1,,,1,0,1,1,1,1,4,OKX_MARCH_LONG_710,CLEAR,70780.05,71297.65,71038.85,69618.07,72104.43,0,not_TREND_DOWN;not_SHORT;prior_60m_not_negative,HYBRID_REJECT,M4_THIN_ONLY_PASS,REJECT
BTC-USDT-SWAP-LONG-1773249090000-29,OKX_MARCH,BTC-USDT-SWAP,2026-03-11,1773250265000,2026-03-11T17:31:05+00:00,LONG,ACCUMULATION,RANGE,0.3068,1.0654,0.26922409603444836,0.3161,0.844,1,,,1,1,1,1,1,1,4,OKX_MARCH_LONG_710,CLEAR,70780.05,71297.65,71038.85,69618.07,72104.43,0,not_TREND_DOWN;not_SHORT;prior_60m_not_negative;buyer_absorption,HYBRID_REJECT,M4_THIN_ONLY_PASS,REJECT
BTC-USDT-SWAP-LONG-1773250265000-30,OKX_MARCH,BTC-USDT-SWAP,2026-03-11,1773250899000,2026-03-11T17:41:39+00:00,LONG,ACCUMULATION,RANGE,0.1648,0.1954,0.011822403246343264,-0.2533,2.222,1,,,0,1,0,0,1,1,2,OKX_MARCH_LONG_708,CLEAR,70477.85,71283.674025,70880.76,69463.15,71943.97,0,not_TREND_DOWN;not_SHORT;prior_60m_not_negative;buyer_absorption,HYBRID_REJECT,M4_THIN_ONLY_PASS,REJECT
BTC-USDT-SWAP-SHORT-1773273641000-1,OKX_MARCH,BTC-USDT-SWAP,2026-03-12,1773273980000,2026-03-12T00:06:20+00:00,SHORT,DISTRIBUTION,RANGE,0.4608,-0.4578,0.06821186638327797,-0.1394,5.894,1,,,1,1,1,0,1,1,3,OKX_MARCH_SHORT_700,CLEAR,70087.55,70196.95,70041.35,68640.52,71091.97,0,not_TREND_DOWN;buyer_absorption,HYBRID_REJECT,M4_THIN_ONLY_PASS,REJECT
BTC-USDT-SWAP-SHORT-1773274473000-2,OKX_MARCH,BTC-USDT-SWAP,2026-03-12,1773274696000,2026-03-12T00:18:16+00:00,SHORT,DISTRIBUTION,RANGE,0.5066,-0.1079,-0.1568909951983055,-0.2483,0.228,1,,,0,1,0,0,1,1,2,OKX_MARCH_SHORT_700,CLEAR,70139.25,70294.25,70009.95,68609.75,71060.1,0,not_TREND_DOWN;buyer_absorption,HYBRID_REJECT,M4_THIN_ONLY_PASS,REJECT
BTC-USDT-SWAP-LONG-1773274846000-3,OKX_MARCH,BTC-USDT-SWAP,2026-03-12,1773275031000,2026-03-12T00:23:51+00:00,LONG,ACCUMULATION,RANGE,0.3772,-0.0906,-0.02599377948553252,0.0958,-0.008,1,,,1,0,1,1,0,1,3,OKX_MARCH_LONG_701,CLEAR,70140.05,70238.051475,70189.05,68785.27,71241.89,0,not_TREND_DOWN;not_SHORT,HYBRID_REJECT,M4_THIN_ONLY_PASS,REJECT
BTC-USDT-SWAP-LONG-1773275033000-4,OKX_MARCH,BTC-USDT-SWAP,2026-03-12,1773275719000,2026-03-12T00:35:19+00:00,LONG,ACCUMULATION,RANGE,0.4875,-0.0555,0.21581659806062556,0.0489,0.68,1,,,0,1,0,1,1,1,3,OKX_MARCH_LONG_702,CLEAR,70100.05,70310.95,70205.5,68801.39,71258.58,0,not_TREND_DOWN;not_SHORT;buyer_absorption,HYBRID_REJECT,M4_THIN_ONLY_PASS,REJECT
BTC-USDT-SWAP-SHORT-1773277918000-6,OKX_MARCH,BTC-USDT-SWAP,2026-03-12,1773278098000,2026-03-12T01:14:58+00:00,SHORT,DISTRIBUTION,RANGE,-0.1863,-0.4954,-0.23019419084685197,0.2594,6.232,1,,,0,0,0,1,1,1,3,OKX_MARCH_SHORT_698,CLEAR,69840.05,69911.388225,69801.85,68405.81,70848.88,0,not_TREND_DOWN,HYBRID_REJECT,M4_THIN_ONLY_PASS,REJECT
BTC-USDT-SWAP-SHORT-1773278670000-7,OKX_MARCH,BTC-USDT-SWAP,2026-03-12,1773278954000,2026-03-12T01:29:14+00:00,SHORT,DISTRIBUTION,RANGE,-0.0693,-0.4906,0.17831528773407698,-0.4228,0.212,1,,,1,1,1,0,1,1,3,OKX_MARCH_SHORT_698,CLEAR,69882.55,69968.516775,69816.05,68419.73,70863.29,0,not_TREND_DOWN;buyer_absorption,HYBRID_REJECT,M4_THIN_ONLY_PASS,REJECT
BTC-USDT-SWAP-SHORT-1773279543000-8,OKX_MARCH,BTC-USDT-SWAP,2026-03-12,1773280276000,2026-03-12T01:51:16+00:00,SHORT,DISTRIBUTION,RANGE,-0.249,-0.5144,-0.03124285038292097,-0.0977,13.734,1,,,1,0,1,0,1,1,3,OKX_MARCH_SHORT_695,CLEAR,69751.05,69959.95,69589.25,68197.46,70633.09,0,not_TREND_DOWN,HYBRID_REJECT,M4_THIN_ONLY_PASS,REJECT
BTC-USDT-SWAP-LONG-1773277743000-5,OKX_MARCH,BTC-USDT-SWAP,2026-03-12,1773280802000,2026-03-12T02:00:02+00:00,LONG,ACCUMULATION,RANGE,-0.3715,-0.5301,0.03888533048398614,-0.0194,5.328,1,,,0,0,0,0,1,1,2,OKX_MARCH_LONG_698,CLEAR,69714.05,69974.95,69844.5,68447.61,70892.17,0,not_TREND_DOWN;not_SHORT,HYBRID_REJECT,M4_THIN_ONLY_PASS,REJECT
BTC-USDT-SWAP-LONG-1773280802000-9,OKX_MARCH,BTC-USDT-SWAP,2026-03-12,1773280986000,2026-03-12T02:03:06+00:00,LONG,ACCUMULATION,RANGE,-0.3616,-0.3391,0.07586663137138766,0.0048,1.097,1,,,1,0,1,1,1,1,4,OKX_MARCH_LONG_697,CLEAR,69728.55,69825.745425,69777.15,68381.6,70823.8,0,not_TREND_DOWN;not_SHORT,HYBRID_REJECT,M4_THIN_ONLY_PASS,REJECT
BTC-USDT-SWAP-SHORT-1773281619000-10,OKX_MARCH,BTC-USDT-SWAP,2026-03-12,1773281799000,2026-03-12T02:16:39+00:00,SHORT,DISTRIBUTION,RANGE,-0.3299,-0.1483,-0.13107867198176562,-0.0222,2.035,1,,,0,0,0,0,1,1,2,OKX_MARCH_SHORT_695,CLEAR,69695.085025,69794.95,69589.25,68197.46,70633.09,0,not_TREND_DOWN,HYBRID_REJECT,M4_THIN_ONLY_PASS,REJECT
BTC-USDT-SWAP-SHORT-1773282318000-11,OKX_MARCH,BTC-USDT-SWAP,2026-03-12,1773282650000,2026-03-12T02:30:50+00:00,SHORT,DISTRIBUTION,RANGE,-0.525,-0.4873,-0.1914580720926901,0.1763,0.523,1,,,0,0,0,1,1,1,3,OKX_MARCH_SHORT_693,CLEAR,69475.195025,69627.25,69386.85,67999.11,70427.65,0,not_TREND_DOWN,HYBRID_REJECT,M4_THIN_ONLY_PASS,REJECT
BTC-USDT-SWAP-SHORT-1773283301000-12,OKX_MARCH,BTC-USDT-SWAP,2026-03-12,1773283654000,2026-03-12T02:47:34+00:00,SHORT,DISTRIBUTION,RANGE,-0.3284,-0.6999,-0.10114361687007484,-0.0243,-0.285,1,,,1,0,1,0,0,1,2,OKX_MARCH_SHORT_694,CLEAR,69374.65,69457.15,69415.9,68027.58,70457.14,0,not_TREND_DOWN,HYBRID_REJECT,M4_THIN_ONLY_PASS,REJECT
BTC-USDT-SWAP-LONG-1773284182000-14,OKX_MARCH,BTC-USDT-SWAP,2026-03-12,1773284468000,2026-03-12T03:01:08+00:00,LONG,ACCUMULATION,RANGE,-0.791,-0.6889,0.18774977330926793,-0.163,0.483,1,,,1,1,1,0,1,1,3,OKX_MARCH_LONG_700,CLEAR,69207.75,69312.789075,70079.25,68677.66,71130.44,0,not_TREND_DOWN;not_SHORT;buyer_absorption,HYBRID_REJECT,M4_THIN_ONLY_PASS,REJECT
BTC-USDT-SWAP-SHORT-1773283808000-13,OKX_MARCH,BTC-USDT-SWAP,2026-03-12,1773284771000,2026-03-12T03:06:11+00:00,SHORT,DISTRIBUTION,RANGE,-0.615,-0.7418,-0.2760746043739778,0.0563,-0.345,1,,,1,0,1,1,0,1,3,OKX_MARCH_SHORT_692,CLEAR,69177.65,69391.028175,69284.34,67898.65,70323.6,0,not_TREND_DOWN,HYBRID_REJECT,M4_THIN_ONLY_PASS,REJECT
BTC-USDT-SWAP-SHORT-1773284771000-15,OKX_MARCH,BTC-USDT-SWAP,2026-03-12,1773285077000,2026-03-12T03:11:17+00:00,SHORT,DISTRIBUTION,RANGE,-0.5413,-0.7407,-0.2535894455191767,-0.2359,-0.319,1,,,1,1,1,0,0,1,2,OKX_MARCH_SHORT_693,CLEAR,69247.408975,69372.05,69309.73,67923.53,70349.38,0,not_TREND_DOWN;buyer_absorption,HYBRID_REJECT,M4_THIN_ONLY_PASS,REJECT
BTC-USDT-SWAP-LONG-1773289183000-16,OKX_MARCH,BTC-USDT-SWAP,2026-03-12,1773291114000,2026-03-12T04:51:54+00:00,LONG,ACCUMULATION,RANGE,-1.0418,-0.0424,0.15743167613340112,-0.019,0.327,1,,,0,0,0,0,1,1,2,OKX_MARCH_LONG_696,CLEAR,69250.15,69574.719975,69648.05,68255.09,70692.77,0,not_TREND_DOWN;not_SHORT,HYBRID_REJECT,M4_THIN_ONLY_PASS,REJECT
BTC-USDT-SWAP-SHORT-1773301094000-17,OKX_MARCH,BTC-USDT-SWAP,2026-03-12,1773301322000,2026-03-12T07:42:02+00:00,SHORT,DISTRIBUTION,RANGE,0.2015,0.3752,0.24166827966399534,-0.2682,-7.105,1,,,1,1,1,0,0,1,2,OKX_MARCH_SHORT_696,CLEAR,69615.85,69711.288225,69663.57,68270.3,70708.52,0,not_TREND_DOWN;prior_60m_not_negative;buyer_absorption,HYBRID_REJECT,M4_THIN_ONLY_PASS,REJECT
BTC-USDT-SWAP-LONG-1773302140000-18,OKX_MARCH,BTC-USDT-SWAP,2026-03-12,1773302393000,2026-03-12T07:59:53+00:00,LONG,ACCUMULATION,RANGE,0.2182,0.473,-0.12518290777281213,0.053,0.254,1,,,1,0,1,1,1,1,4,OKX_MARCH_LONG_698,CLEAR,69731.46682500001,69801.233175,69839.95,68443.15,70887.55,0,not_TREND_DOWN;not_SHORT;prior_60m_not_negative,HYBRID_REJECT,M4_THIN_ONLY_PASS,REJECT
BTC-USDT-SWAP-LONG-1773303167000-19,OKX_MARCH,BTC-USDT-SWAP,2026-03-12,1773303347000,2026-03-12T08:15:47+00:00,LONG,ACCUMULATION,RANGE,0.1406,0.2806,-0.0331945728844904,-0.1553,2.086,1,,,1,1,1,0,1,1,3,OKX_MARCH_LONG_698,CLEAR,69651.10702499999,69735.95,69877.45,68479.9,70925.61,0,not_TREND_DOWN;not_SHORT;prior_60m_not_negative;buyer_absorption,HYBRID_REJECT,M4_THIN_ONLY_PASS,REJECT
BTC-USDT-SWAP-LONG-1773306306000-20,OKX_MARCH,BTC-USDT-SWAP,2026-03-12,1773306486000,2026-03-12T09:08:06+00:00,LONG,ACCUMULATION,RANGE,0.3547,0.1508,-0.05862010502197716,0.1563,1.343,1,,,0,0,0,1,1,1,3,OKX_MARCH_LONG_699,CLEAR,69777.05,69875.970525,69913.15,68514.89,70961.85,0,not_TREND_DOWN;not_SHORT;prior_60m_not_negative,HYBRID_REJECT,M4_THIN_ONLY_PASS,REJECT
BTC-USDT-SWAP-LONG-1773307320000-21,OKX_MARCH,BTC-USDT-SWAP,2026-03-12,1773307800000,2026-03-12T09:30:00+00:00,LONG,ACCUMULATION,RANGE,0.226,-0.1392,0.09702934706974572,-0.2344,2.143,1,,,1,1,1,0,1,1,3,OKX_MARCH_LONG_701,CLEAR,69554.05,69715.65,70187.35,68783.6,71240.16,0,not_TREND_DOWN;not_SHORT;buyer_absorption,HYBRID_REJECT,M4_THIN_ONLY_PASS,REJECT
BTC-USDT-SWAP-LONG-1773309139000-22,OKX_MARCH,BTC-USDT-SWAP,2026-03-12,1773309563000,2026-03-12T09:59:23+00:00,LONG,ACCUMULATION,RANGE,0.7718,0.2235,0.09026088766747936,-0.0809,0.128,1,,,1,0,1,0,1,1,3,OKX_MARCH_LONG_701,CLEAR,69909.65,69998.13157499999,70137.35,68734.6,71189.41,0,not_TREND_DOWN;not_SHORT;prior_60m_not_negative,HYBRID_REJECT,M4_THIN_ONLY_PASS,REJECT
BTC-USDT-SWAP-SHORT-1773309951000-23,OKX_MARCH,BTC-USDT-SWAP,2026-03-12,1773310645000,2026-03-12T10:17:25+00:00,SHORT,DISTRIBUTION,RANGE,0.5747,0.3969,0.20520219260061093,0.1736,0.182,1,,,1,1,1,1,1,1,4,OKX_MARCH_SHORT_699,CLEAR,69827.75,70021.143075,69924.45,68525.96,70973.31,0,not_TREND_DOWN;prior_60m_not_negative;buyer_absorption,HYBRID_REJECT,M4_THIN_ONLY_PASS,REJECT
BTC-USDT-SWAP-LONG-1773312405000-25,OKX_MARCH,BTC-USDT-SWAP,2026-03-12,1773312889000,2026-03-12T10:54:49+00:00,LONG,ACCUMULATION,RANGE,1.1321,0.577,0.244190839586153,-0.0761,-0.486,1,,,0,1,0,0,0,1,1,OKX_MARCH_LONG_705,CLEAR,70230.95,70477.25,70561.45,69150.22,71619.87,0,not_TREND_DOWN;not_SHORT;prior_60m_not_negative;buyer_absorption,HYBRID_REJECT,M4_THIN_ONLY_PASS,REJECT
BTC-USDT-SWAP-LONG-1773312889000-26,OKX_MARCH,BTC-USDT-SWAP,2026-03-12,1773313182000,2026-03-12T10:59:42+00:00,LONG,ACCUMULATION,RANGE,1.1348,0.6284,0.14626056644189192,-0.1575,9.187,1,,,1,1,1,0,1,1,3,OKX_MARCH_LONG_706,CLEAR,70301.281775,70399.95,70646.85,69233.91,71706.55,0,not_TREND_DOWN;not_SHORT;prior_60m_not_negative;buyer_absorption,HYBRID_REJECT,M4_THIN_ONLY_PASS,REJECT
BTC-USDT-SWAP-SHORT-1773311218000-24,OKX_MARCH,BTC-USDT-SWAP,2026-03-12,1773314627000,2026-03-12T11:23:47+00:00,SHORT,DISTRIBUTION,RANGE,1.4016,0.5166,-0.03619578323715219,-0.0194,0.102,1,,,0,0,0,0,1,1,2,OKX_MARCH_SHORT_699,CLEAR,70027.11892499999,70602.05,69975.85,68576.33,71025.49,0,not_TREND_DOWN;prior_60m_not_negative,HYBRID_REJECT,M4_THIN_ONLY_PASS,REJECT
BTC-USDT-SWAP-LONG-1773314440000-27,OKX_MARCH,BTC-USDT-SWAP,2026-03-12,1773314991000,2026-03-12T11:29:51+00:00,LONG,ACCUMULATION,RANGE,1.5698,0.5482,0.16273477798296151,0.0157,0.774,1,,,1,0,1,1,1,1,4,OKX_MARCH_LONG_706,CLEAR,70339.55,70602.05,70638.35,69225.58,71697.93,0,not_TREND_DOWN;not_SHORT;prior_60m_not_negative,HYBRID_REJECT,M4_THIN_ONLY_PASS,REJECT
BTC-USDT-SWAP-SHORT-1773314627000-28,OKX_MARCH,BTC-USDT-SWAP,2026-03-12,1773315960000,2026-03-12T11:46:00+00:00,SHORT,DISTRIBUTION,RANGE,1.7902,0.3794,-0.2824522208255727,-0.2901,0.474,1,,,0,1,0,0,1,1,2,OKX_MARCH_SHORT_699,CLEAR,70339.55,70755.95,69999.35,68599.36,71049.34,0,not_TREND_DOWN;prior_60m_not_negative;buyer_absorption,HYBRID_REJECT,M4_THIN_ONLY_PASS,REJECT
BTC-USDT-SWAP-SHORT-1773322220000-29,OKX_MARCH,BTC-USDT-SWAP,2026-03-12,1773322745000,2026-03-12T13:39:05+00:00,SHORT,DISTRIBUTION,RANGE,-0.9893,-0.1345,-0.08671875357722278,-0.1813,2.324,1,,,0,1,0,0,1,1,2,OKX_MARCH_SHORT_698,CLEAR,69901.05,70418.65,69842.95,68446.09,70890.59,0,not_TREND_DOWN;buyer_absorption,HYBRID_REJECT,M4_THIN_ONLY_PASS,REJECT
BTC-USDT-SWAP-LONG-1773324378000-30,OKX_MARCH,BTC-USDT-SWAP,2026-03-12,1773327245000,2026-03-12T14:54:05+00:00,LONG,ACCUMULATION,RANGE,-1.7341,-0.6614,0.1375856615709014,-0.0,0.842,1,,,0,0,0,0,1,1,2,OKX_MARCH_LONG_700,CLEAR,69308.65,70701.25,70004.95,68604.85,71055.02,0,not_TREND_DOWN;not_SHORT,HYBRID_REJECT,M4_THIN_ONLY_PASS,REJECT
BTC-USDT-SWAP-SHORT-1773327022000-31,OKX_MARCH,BTC-USDT-SWAP,2026-03-12,1773327367000,2026-03-12T14:56:07+00:00,SHORT,DISTRIBUTION,RANGE,-1.6724,-0.4613,0.16453325630676657,-0.0941,0.179,1,,,0,0,0,0,1,1,2,OKX_MARCH_SHORT_694,CLEAR,69308.65,69499.95,69404.3,68016.21,70445.36,0,not_TREND_DOWN,HYBRID_REJECT,M4_THIN_ONLY_PASS,REJECT
BTC-USDT-SWAP-SHORT-1773327051000-32,OKX_MARCH,BTC-USDT-SWAP,2026-03-12,1773327367000,2026-03-12T14:56:07+00:00,SHORT,DISTRIBUTION,RANGE,-1.6724,-0.4613,0.211215713688167,-0.0941,0.179,1,,,0,1,0,0,1,1,2,OKX_MARCH_SHORT_694,CLEAR,69308.65,69499.95,69404.3,68016.21,70445.36,0,not_TREND_DOWN;buyer_absorption,HYBRID_REJECT,M4_THIN_ONLY_PASS,REJECT
BTC-USDT-SWAP-LONG-1773360301000-1,OKX_MARCH,BTC-USDT-SWAP,2026-03-13,1773361316000,2026-03-13T00:21:56+00:00,LONG,ACCUMULATION,RANGE,1.9061,1.3117,0.1429105537321096,0.2463,10.165,1,,,1,0,1,1,1,1,4,OKX_MARCH_LONG_717,CLEAR,70413.925425,71681.85,71719.95,70285.55,72795.75,0,not_TREND_DOWN;not_SHORT;prior_60m_not_negative,HYBRID_REJECT,M4_THIN_ONLY_PASS,REJECT
BTC-USDT-SWAP-LONG-1773360324000-2,OKX_MARCH,BTC-USDT-SWAP,2026-03-13,1773361316000,2026-03-13T00:21:56+00:00,LONG,ACCUMULATION,RANGE,1.9061,1.3117,0.39380067877546016,0.2463,10.165,1,,,1,1,1,1,1,1,4,OKX_MARCH_LONG_717,CLEAR,70469.297725,71681.85,71719.95,70285.55,72795.75,0,not_TREND_DOWN;not_SHORT;prior_60m_not_negative;buyer_absorption,HYBRID_REJECT,M4_THIN_ONLY_PASS,REJECT
BTC-USDT-SWAP-LONG-1773362170000-4,OKX_MARCH,BTC-USDT-SWAP,2026-03-13,1773363128000,2026-03-13T00:52:08+00:00,LONG,ACCUMULATION,RANGE,1.6853,1.1861,0.01013048551858372,-0.1123,0.809,1,,,0,1,0,0,1,1,2,OKX_MARCH_LONG_719,CLEAR,71269.95,71909.75,71947.4,70508.45,73026.61,0,not_TREND_DOWN;not_SHORT;prior_60m_not_negative;buyer_absorption,HYBRID_REJECT,M4_THIN_ONLY_PASS,REJECT
BTC-USDT-SWAP-LONG-1773362182000-5,OKX_MARCH,BTC-USDT-SWAP,2026-03-13,1773363128000,2026-03-13T00:52:08+00:00,LONG,ACCUMULATION,RANGE,1.6853,1.1861,-0.021183107846848747,-0.1123,0.809,1,,,0,1,0,0,1,1,2,OKX_MARCH_LONG_721,CLEAR,71269.95,71944.80442500001,72145.65,70702.74,73227.83,0,not_TREND_DOWN;not_SHORT;prior_60m_not_negative;buyer_absorption,HYBRID_REJECT,M4_THIN_ONLY_PASS,REJECT
BTC-USDT-SWAP-SHORT-1773361797000-3,OKX_MARCH,BTC-USDT-SWAP,2026-03-13,1773364676000,2026-03-13T01:17:56+00:00,SHORT,DISTRIBUTION,RANGE,2.4286,0.3335,0.15111397939793814,0.1248,0.182,1,,,0,0,0,1,1,1,3,OKX_MARCH_SHORT_715,CLEAR,71204.05,71979.95,71592.0,70160.16,72665.88,0,not_TREND_DOWN;prior_60m_not_negative,HYBRID_REJECT,M4_THIN_ONLY_PASS,REJECT
BTC-USDT-SWAP-SHORT-1773364676000-6,OKX_MARCH,BTC-USDT-SWAP,2026-03-13,1773365421000,2026-03-13T01:30:21+00:00,SHORT,DISTRIBUTION,RANGE,2.311,-0.0443,-0.38999135741881497,0.0078,0.391,1,,,1,0,1,1,1,1,4,OKX_MARCH_SHORT_712,CLEAR,71434.25,71665.65,71243.25,69818.38,72311.9,0,not_TREND_DOWN,HYBRID_REJECT,M4_THIN_ONLY_PASS,REJECT
BTC-USDT-SWAP-SHORT-1773369857000-7,OKX_MARCH,BTC-USDT-SWAP,2026-03-13,1773370301000,2026-03-13T02:51:41+00:00,SHORT,DISTRIBUTION,TREND_UP,2.7437,-0.5832,0.16966606037573367,0.0717,-0.051,1,,,1,0,1,1,0,1,3,OKX_MARCH_SHORT_711,CLEAR,71072.75,71247.35,71160.05,69736.85,72227.45,0,not_TREND_DOWN,HYBRID_REJECT,M4_THIN_ONLY_PASS,REJECT
BTC-USDT-SWAP-SHORT-1773373019000-8,OKX_MARCH,BTC-USDT-SWAP,2026-03-13,1773373234000,2026-03-13T03:40:34+00:00,SHORT,DISTRIBUTION,RANGE,2.188,-0.218,-0.04555926437708473,0.0598,6.352,1,,,0,0,0,1,1,1,3,OKX_MARCH_SHORT_710,CLEAR,70979.44252499999,71050.457475,71014.95,69594.65,72080.17,0,not_TREND_DOWN,HYBRID_REJECT,M4_THIN_ONLY_PASS,REJECT
BTC-USDT-SWAP-LONG-1773395617000-9,OKX_MARCH,BTC-USDT-SWAP,2026-03-13,1773395845000,2026-03-13T09:57:25+00:00,LONG,ACCUMULATION,TREND_UP,2.96,0.3841,-0.09740321555293832,-0.0241,1.367,1,,,1,0,1,0,1,1,3,OKX_MARCH_LONG_721,CLEAR,71941.05,72038.65,72199.95,70755.95,73282.95,0,not_TREND_DOWN;not_SHORT;prior_60m_not_negative,HYBRID_REJECT,M4_THIN_ONLY_PASS,REJECT
BTC-USDT-SWAP-LONG-1773396407000-11,OKX_MARCH,BTC-USDT-SWAP,2026-03-13,1773396623000,2026-03-13T10:10:23+00:00,LONG,ACCUMULATION,TREND_UP,3.2889,0.4492,-0.059235858497937374,0.1954,1.326,1,,,1,0,1,1,1,1,4,OKX_MARCH_LONG_723,CLEAR,72081.89102499999,72154.008975,72313.65,70867.38,73398.35,0,not_TREND_DOWN;not_SHORT;prior_60m_not_negative,HYBRID_REJECT,M4_THIN_ONLY_PASS,REJECT
BTC-USDT-SWAP-SHORT-1773396389000-10,OKX_MARCH,BTC-USDT-SWAP,2026-03-13,1773397221000,2026-03-13T10:20:21+00:00,SHORT,DISTRIBUTION,TREND_UP,3.3403,0.8122,-0.07038006437032576,-0.1678,0.886,1,,,0,1,0,0,1,1,2,OKX_MARCH_SHORT_722,CLEAR,72079.192375,72469.75,72274.47,70828.98,73358.59,0,not_TREND_DOWN;prior_60m_not_negative;buyer_absorption,HYBRID_REJECT,M4_THIN_ONLY_PASS,REJECT
BTC-USDT-SWAP-LONG-1773396646000-12,OKX_MARCH,BTC-USDT-SWAP,2026-03-13,1773397689000,2026-03-13T10:28:09+00:00,LONG,ACCUMULATION,TREND_UP,3.1378,0.7009,0.22848402264657927,0.1605,0.44,1,,,0,1,0,1,1,1,3,OKX_MARCH_LONG_725,CLEAR,72133.25,72469.75,72523.45,71072.98,73611.3,0,not_TREND_DOWN;not_SHORT;prior_60m_not_negative;buyer_absorption,HYBRID_REJECT,M4_THIN_ONLY_PASS,REJECT
BTC-USDT-SWAP-LONG-1773397689000-13,OKX_MARCH,BTC-USDT-SWAP,2026-03-13,1773397906000,2026-03-13T10:31:46+00:00,LONG,ACCUMULATION,TREND_UP,3.1377,0.7259,0.05485242645584036,0.0625,6.848,1,,,1,0,1,1,1,1,4,OKX_MARCH_LONG_725,CLEAR,72254.604625,72384.95,72523.45,71072.98,73611.3,0,not_TREND_DOWN;not_SHORT;prior_60m_not_negative,HYBRID_REJECT,M4_THIN_ONLY_PASS,REJECT
BTC-USDT-SWAP-LONG-1773398532000-14,OKX_MARCH,BTC-USDT-SWAP,2026-03-13,1773398712000,2026-03-13T10:45:12+00:00,LONG,ACCUMULATION,TREND_UP,3.0301,0.8889,-0.10141557696318465,-0.0213,3.602,1,,,0,0,0,0,1,1,2,OKX_MARCH_LONG_726,CLEAR,72450.05,72551.10742500001,72604.25,71152.16,73693.31,0,not_TREND_DOWN;not_SHORT;prior_60m_not_negative,HYBRID_REJECT,M4_THIN_ONLY_PASS,REJECT
BTC-USDT-SWAP-SHORT-1773398894000-15,OKX_MARCH,BTC-USDT-SWAP,2026-03-13,1773400889000,2026-03-13T11:21:29+00:00,SHORT,DISTRIBUTION,RANGE,2.4936,-0.0793,0.2541705011505556,-0.0001,0.883,1,,,1,1,1,0,1,1,3,OKX_MARCH_SHORT_723,CLEAR,72206.45,72555.05,72380.75,70933.13,73466.46,0,not_TREND_DOWN;buyer_absorption,HYBRID_REJECT,M4_THIN_ONLY_PASS,REJECT
BTC-USDT-SWAP-SHORT-1773406290000-16,OKX_MARCH,BTC-USDT-SWAP,2026-03-13,1773406566000,2026-03-13T12:56:06+00:00,SHORT,DISTRIBUTION,TREND_UP,3.3196,0.6455,-0.2188772693775771,-0.2082,0.105,1,,,0,1,0,0,1,1,2,OKX_MARCH_SHORT_726,CLEAR,72615.15,72704.25,72659.7,71206.51,73749.6,0,not_TREND_DOWN;prior_60m_not_negative;buyer_absorption,HYBRID_REJECT,M4_THIN_ONLY_PASS,REJECT
BTC-USDT-SWAP-LONG-1773406851000-17,OKX_MARCH,BTC-USDT-SWAP,2026-03-13,1773407070000,2026-03-13T13:04:30+00:00,LONG,ACCUMULATION,TREND_UP,3.3389,0.5515,0.021920233860531987,-0.1379,0.003,1,,,1,1,1,0,1,1,3,OKX_MARCH_LONG_730,CLEAR,72657.95,72823.75,73030.85,71570.23,74126.31,0,not_TREND_DOWN;not_SHORT;prior_60m_not_negative;buyer_absorption,HYBRID_REJECT,M4_THIN_ONLY_PASS,REJECT
BTC-USDT-SWAP-LONG-1773406983000-18,OKX_MARCH,BTC-USDT-SWAP,2026-03-13,1773407551000,2026-03-13T13:12:31+00:00,LONG,ACCUMULATION,TREND_UP,3.428,0.6637,0.29344818843766657,-0.0615,2.615,1,,,1,1,1,0,1,1,3,OKX_MARCH_LONG_730,CLEAR,72638.05,72869.75,73030.85,71570.23,74126.31,0,not_TREND_DOWN;not_SHORT;prior_60m_not_negative;buyer_absorption,HYBRID_REJECT,M4_THIN_ONLY_PASS,REJECT
BTC-USDT-SWAP-SHORT-1773407290000-19,OKX_MARCH,BTC-USDT-SWAP,2026-03-13,1773407812000,2026-03-13T13:16:52+00:00,SHORT,DISTRIBUTION,TREND_UP,3.5903,0.5316,-0.07144449876781354,0.0073,0.205,1,,,1,0,1,1,1,1,4,OKX_MARCH_SHORT_727,CLEAR,72638.05,72845.75,72741.9,71287.06,73833.03,0,not_TREND_DOWN;prior_60m_not_negative,HYBRID_REJECT,M4_THIN_ONLY_PASS,REJECT
BTC-USDT-SWAP-SHORT-1773408172000-20,OKX_MARCH,BTC-USDT-SWAP,2026-03-13,1773408352000,2026-03-13T13:25:52+00:00,SHORT,DISTRIBUTION,TREND_UP,4.2035,0.9439,0.05044975271339321,-0.2728,6.363,1,,,1,1,1,0,1,1,3,OKX_MARCH_SHORT_730,CLEAR,72955.454025,73184.25,73069.85,71608.45,74165.9,0,not_TREND_DOWN;prior_60m_not_negative;buyer_absorption,HYBRID_REJECT,M4_THIN_ONLY_PASS,REJECT
BTC-USDT-SWAP-SHORT-1773408336000-22,OKX_MARCH,BTC-USDT-SWAP,2026-03-13,1773408903000,2026-03-13T13:35:03+00:00,SHORT,DISTRIBUTION,TREND_UP,3.8382,0.947,-0.24323999245406194,-0.0836,3.653,1,,,1,0,1,0,1,1,3,OKX_MARCH_SHORT_727,CLEAR,72983.85,73296.95,72792.25,71336.4,73884.13,0,not_TREND_DOWN;prior_60m_not_negative,HYBRID_REJECT,M4_THIN_ONLY_PASS,REJECT
BTC-USDT-SWAP-SHORT-1773408283000-21,OKX_MARCH,BTC-USDT-SWAP,2026-03-13,1773408903000,2026-03-13T13:35:03+00:00,SHORT,DISTRIBUTION,TREND_UP,3.8382,0.947,0.16123661362176292,-0.0836,3.653,1,,,1,0,1,0,1,1,3,OKX_MARCH_SHORT_731,CLEAR,72983.85,73296.95,73140.4,71677.59,74237.51,0,not_TREND_DOWN;prior_60m_not_negative,HYBRID_REJECT,M4_THIN_ONLY_PASS,REJECT
BTC-USDT-SWAP-LONG-1773410785000-23,OKX_MARCH,BTC-USDT-SWAP,2026-03-13,1773410965000,2026-03-13T14:09:25+00:00,LONG,ACCUMULATION,TREND_UP,4.621,0.9882,0.20725746434544062,-0.0507,17.317,1,,,0,1,0,0,1,1,2,OKX_MARCH_LONG_736,CLEAR,73240.05,73556.15,73699.55,72225.56,74805.04,0,not_TREND_DOWN;not_SHORT;prior_60m_not_negative;buyer_absorption,HYBRID_REJECT,M4_THIN_ONLY_PASS,REJECT
BTC-USDT-SWAP-SHORT-1773413760000-24,OKX_MARCH,BTC-USDT-SWAP,2026-03-13,1773414090000,2026-03-13T15:01:30+00:00,SHORT,DISTRIBUTION,TREND_UP,4.1318,-1.3398,0.09743135809018759,-0.0245,26.193,1,,,0,0,0,0,1,1,2,OKX_MARCH_SHORT_716,CLEAR,70527.05,72786.85,71656.95,70223.81,72731.8,0,not_TREND_DOWN,HYBRID_REJECT,M4_THIN_ONLY_PASS,REJECT
BTC-USDT-SWAP-SHORT-1773417139000-25,OKX_MARCH,BTC-USDT-SWAP,2026-03-13,1773418383000,2026-03-13T16:13:03+00:00,SHORT,DISTRIBUTION,RANGE,2.4937,-1.1589,-0.19459486645087404,0.0721,0.738,1,,,1,0,1,1,1,1,4,OKX_MARCH_SHORT_714,CLEAR,71547.35,72166.715325,71473.45,70043.98,72545.55,0,not_TREND_DOWN,HYBRID_REJECT,M4_THIN_ONLY_PASS,REJECT
BTC-USDT-SWAP-SHORT-1773418383000-26,OKX_MARCH,BTC-USDT-SWAP,2026-03-13,1773418563000,2026-03-13T16:16:03+00:00,SHORT,DISTRIBUTION,RANGE,2.1175,-1.5115,-0.2741749115331845,0.1238,8.129,1,,,1,0,1,1,1,1,4,OKX_MARCH_SHORT_713,CLEAR,71592.25,71773.618875,71360.55,69933.34,72430.96,0,not_TREND_DOWN,HYBRID_REJECT,M4_THIN_ONLY_PASS,REJECT
BTC-USDT-SWAP-SHORT-1773419298000-27,OKX_MARCH,BTC-USDT-SWAP,2026-03-13,1773420960000,2026-03-13T16:56:00+00:00,SHORT,DISTRIBUTION,RANGE,2.1477,0.2148,-0.11013883490070164,-0.1246,1.358,1,,,0,1,0,0,1,1,2,OKX_MARCH_SHORT_713,CLEAR,70527.05,72203.65,71365.35,69938.04,72435.83,0,not_TREND_DOWN;prior_60m_not_negative;buyer_absorption,HYBRID_REJECT,M4_THIN_ONLY_PASS,REJECT
BTC-USDT-SWAP-SHORT-1773419322000-28,OKX_MARCH,BTC-USDT-SWAP,2026-03-13,1773420960000,2026-03-13T16:56:00+00:00,SHORT,DISTRIBUTION,RANGE,2.1477,0.2148,0.093468231485229,-0.1246,1.358,1,,,0,1,0,0,1,1,2,OKX_MARCH_SHORT_713,CLEAR,70527.05,72203.65,71365.35,69938.04,72435.83,0,not_TREND_DOWN;prior_60m_not_negative;buyer_absorption,HYBRID_REJECT,M4_THIN_ONLY_PASS,REJECT
BTC-USDT-SWAP-SHORT-1773424644000-29,OKX_MARCH,BTC-USDT-SWAP,2026-03-13,1773425064000,2026-03-13T18:04:24+00:00,SHORT,DISTRIBUTION,RANGE,1.2196,-1.2229,0.2638669918804909,-0.0225,-0.092,1,,,0,1,0,0,0,1,1,OKX_MARCH_SHORT_709,CLEAR,70867.95,71082.15,70975.05,69555.55,72039.68,0,not_TREND_DOWN;buyer_absorption,HYBRID_REJECT,M4_THIN_ONLY_PASS,REJECT
BTC-USDT-SWAP-SHORT-1773425887000-30,OKX_MARCH,BTC-USDT-SWAP,2026-03-13,1773426956000,2026-03-13T18:35:56+00:00,SHORT,DISTRIBUTION,RANGE,1.7892,-0.4698,-0.1420727097285813,-0.1403,1.224,1,,,0,1,0,0,1,1,2,OKX_MARCH_SHORT_706,CLEAR,70801.15,71279.35,70665.45,69252.14,71725.43,0,not_TREND_DOWN;buyer_absorption,HYBRID_REJECT,M4_THIN_ONLY_PASS,REJECT
BTC-USDT-SWAP-SHORT-1773426956000-31,OKX_MARCH,BTC-USDT-SWAP,2026-03-13,1773427490000,2026-03-13T18:44:50+00:00,SHORT,DISTRIBUTION,RANGE,1.8642,0.0471,-0.10407996686435214,-0.1779,0.654,1,,,1,1,1,0,1,1,3,OKX_MARCH_SHORT_707,CLEAR,71154.95,71314.75,70791.15,69375.33,71853.02,0,not_TREND_DOWN;prior_60m_not_negative;buyer_absorption,HYBRID_REJECT,M4_THIN_ONLY_PASS,REJECT
BTC-USDT-SWAP-SHORT-1773441907000-32,OKX_MARCH,BTC-USDT-SWAP,2026-03-13,1773442298000,2026-03-13T22:51:38+00:00,SHORT,DISTRIBUTION,RANGE,0.9363,-0.6997,-0.22965449771946966,0.0262,1.75,1,,,1,0,1,1,1,1,4,OKX_MARCH_SHORT_707,CLEAR,70629.11777499999,70969.95,70799.53,69383.54,71861.53,0,not_TREND_DOWN,HYBRID_REJECT,M4_THIN_ONLY_PASS,REJECT
BTC-USDT-SWAP-SHORT-1773446937000-1,OKX_MARCH,BTC-USDT-SWAP,2026-03-14,1773447505000,2026-03-14T00:18:25+00:00,SHORT,DISTRIBUTION,RANGE,-0.6674,-0.0304,-0.17722645890936897,-0.2594,0.315,1,,,0,1,0,0,1,1,2,OKX_MARCH_SHORT_706,CLEAR,70725.26967499999,70879.95,70627.65,69215.1,71687.06,0,not_TREND_DOWN;buyer_absorption,HYBRID_REJECT,M4_THIN_ONLY_PASS,REJECT
BTC-USDT-SWAP-LONG-1773448191000-2,OKX_MARCH,BTC-USDT-SWAP,2026-03-14,1773448371000,2026-03-14T00:32:51+00:00,LONG,ACCUMULATION,RANGE,-1.5351,-0.0497,0.024424564483871033,-0.1587,11.552,1,,,0,1,0,0,1,1,2,OKX_MARCH_LONG_708,CLEAR,70805.15,70910.187375,70857.67,69440.52,71920.53,0,not_TREND_DOWN;not_SHORT;buyer_absorption,HYBRID_REJECT,M4_THIN_ONLY_PASS,REJECT
BTC-USDT-SWAP-LONG-1773448333000-3,OKX_MARCH,BTC-USDT-SWAP,2026-03-14,1773449320000,2026-03-14T00:48:40+00:00,LONG,ACCUMULATION,RANGE,-1.104,-0.4351,-0.4359968571363884,-0.1737,2.502,1,,,0,1,0,0,1,1,2,OKX_MARCH_LONG_709,CLEAR,70530.05,70897.95,70939.85,69521.05,72003.95,0,not_TREND_DOWN;not_SHORT;buyer_absorption,HYBRID_REJECT,M4_THIN_ONLY_PASS,REJECT
BTC-USDT-SWAP-SHORT-1773449958000-4,OKX_MARCH,BTC-USDT-SWAP,2026-03-14,1773450492000,2026-03-14T01:08:12+00:00,SHORT,DISTRIBUTION,RANGE,-1.2461,-0.1214,-0.30534887149208223,-0.2639,0.137,1,,,0,1,0,0,1,1,2,OKX_MARCH_SHORT_705,CLEAR,70591.23672500001,70735.75,70550.05,69139.05,71608.3,0,not_TREND_DOWN;buyer_absorption,HYBRID_REJECT,M4_THIN_ONLY_PASS,REJECT
BTC-USDT-SWAP-SHORT-1773450492000-5,OKX_MARCH,BTC-USDT-SWAP,2026-03-14,1773451685000,2026-03-14T01:28:05+00:00,SHORT,DISTRIBUTION,RANGE,-1.1071,-0.0445,-0.3508844590976701,-0.1619,0.888,1,,,0,1,0,0,1,1,2,OKX_MARCH_SHORT_706,CLEAR,70641.45,70776.15,70603.55,69191.48,71662.6,0,not_TREND_DOWN;buyer_absorption,HYBRID_REJECT,M4_THIN_ONLY_PASS,REJECT
BTC-USDT-SWAP-SHORT-1773458412000-7,OKX_MARCH,BTC-USDT-SWAP,2026-03-14,1773458994000,2026-03-14T03:29:54+00:00,SHORT,DISTRIBUTION,RANGE,-0.1126,0.3024,-0.25651969318591034,-0.2403,0.016,1,,,0,1,0,0,1,1,2,OKX_MARCH_SHORT_702,CLEAR,70924.35,71027.45,70288.75,68882.98,71343.08,0,not_TREND_DOWN;prior_60m_not_negative;buyer_absorption,HYBRID_REJECT,M4_THIN_ONLY_PASS,REJECT
BTC-USDT-SWAP-SHORT-1773459395000-8,OKX_MARCH,BTC-USDT-SWAP,2026-03-14,1773459882000,2026-03-14T03:44:42+00:00,SHORT,DISTRIBUTION,RANGE,0.0007,0.5519,-0.19130844402618566,-0.302,0.292,1,,,0,1,0,0,1,1,2,OKX_MARCH_SHORT_704,CLEAR,71012.525975,71131.95,70486.65,69076.92,71543.95,0,not_TREND_DOWN;prior_60m_not_negative;buyer_absorption,HYBRID_REJECT,M4_THIN_ONLY_PASS,REJECT
BTC-USDT-SWAP-LONG-1773457959000-6,OKX_MARCH,BTC-USDT-SWAP,2026-03-14,1773460634000,2026-03-14T03:57:14+00:00,LONG,ACCUMULATION,RANGE,-0.4381,0.3286,-0.025524922962600116,-0.1398,0.131,1,,,1,1,1,0,1,1,3,OKX_MARCH_LONG_711,CLEAR,70921.971275,71131.95,71174.95,69751.45,72242.57,0,not_TREND_DOWN;not_SHORT;prior_60m_not_negative;buyer_absorption,HYBRID_REJECT,M4_THIN_ONLY_PASS,REJECT
BTC-USDT-SWAP-LONG-1773460634000-10,OKX_MARCH,BTC-USDT-SWAP,2026-03-14,1773461023000,2026-03-14T04:03:43+00:00,LONG,ACCUMULATION,RANGE,-0.4206,0.3568,0.23148240414208887,-0.0494,0.5,1,,,1,1,1,0,1,1,3,OKX_MARCH_LONG_711,CLEAR,71005.62942499999,71076.670575,71152.45,69729.4,72219.74,0,not_TREND_DOWN;not_SHORT;prior_60m_not_negative;buyer_absorption,HYBRID_REJECT,M4_THIN_ONLY_PASS,REJECT
BTC-USDT-SWAP-SHORT-1773459882000-9,OKX_MARCH,BTC-USDT-SWAP,2026-03-14,1773461596000,2026-03-14T04:13:16+00:00,SHORT,DISTRIBUTION,RANGE,-0.2892,0.2581,0.19333852601305887,-0.3218,1.385,1,,,0,1,0,0,1,1,2,OKX_MARCH_SHORT_709,CLEAR,71011.05,71161.65,70950.95,69531.93,72015.21,0,not_TREND_DOWN;prior_60m_not_negative;buyer_absorption,HYBRID_REJECT,M4_THIN_ONLY_PASS,REJECT
BTC-USDT-SWAP-LONG-1773462947000-11,OKX_MARCH,BTC-USDT-SWAP,2026-03-14,1773463426000,2026-03-14T04:43:46+00:00,LONG,ACCUMULATION,RANGE,-0.1428,0.197,0.02598580372870155,0.2286,2.46,1,,,1,0,1,1,1,1,4,OKX_MARCH_LONG_712,CLEAR,71140.76182500001,71260.25,71200.51,69776.5,72268.51,0,not_TREND_DOWN;not_SHORT;prior_60m_not_negative,HYBRID_REJECT,M4_THIN_ONLY_PASS,REJECT
BTC-USDT-SWAP-LONG-1773463426000-12,OKX_MARCH,BTC-USDT-SWAP,2026-03-14,1773464477000,2026-03-14T05:01:17+00:00,LONG,ACCUMULATION,RANGE,-0.4513,-0.0553,0.056758629852057985,-0.276,0.917,1,,,0,1,0,0,1,1,2,OKX_MARCH_LONG_711,CLEAR,70980.65,71288.97667500001,71134.81,69712.12,72201.84,0,not_TREND_DOWN;not_SHORT;buyer_absorption,HYBRID_REJECT,M4_THIN_ONLY_PASS,REJECT
BTC-USDT-SWAP-SHORT-1773463737000-13,OKX_MARCH,BTC-USDT-SWAP,2026-03-14,1773467085000,2026-03-14T05:44:45+00:00,SHORT,DISTRIBUTION,RANGE,-0.8541,-0.3572,-0.02291138756108274,0.1197,0.853,1,,,1,0,1,1,1,1,4,OKX_MARCH_SHORT_708,CLEAR,70881.85,71265.95,70801.05,69385.03,71863.07,0,not_TREND_DOWN,HYBRID_REJECT,M4_THIN_ONLY_PASS,REJECT
BTC-USDT-SWAP-SHORT-1773470742000-14,OKX_MARCH,BTC-USDT-SWAP,2026-03-14,1773471186000,2026-03-14T06:53:06+00:00,SHORT,DISTRIBUTION,RANGE,-0.9122,-0.5031,-0.0009531786775389391,0.0087,0.258,1,,,0,0,0,1,1,1,3,OKX_MARCH_SHORT_704,CLEAR,70373.74552499999,70624.65,70499.2,69089.21,71556.69,0,not_TREND_DOWN,HYBRID_REJECT,M4_THIN_ONLY_PASS,REJECT
BTC-USDT-SWAP-LONG-1773474129000-15,OKX_MARCH,BTC-USDT-SWAP,2026-03-14,1773474412000,2026-03-14T07:46:52+00:00,LONG,ACCUMULATION,RANGE,-1.51,-0.0294,0.09182801454654692,-0.3603,0.606,1,,,0,1,0,0,1,1,2,OKX_MARCH_LONG_707,CLEAR,70443.25,70524.594675,70721.15,69306.73,71781.97,0,not_TREND_DOWN;not_SHORT;buyer_absorption,HYBRID_REJECT,M4_THIN_ONLY_PASS,REJECT
BTC-USDT-SWAP-LONG-1773484455000-16,OKX_MARCH,BTC-USDT-SWAP,2026-03-14,1773484635000,2026-03-14T10:37:15+00:00,LONG,ACCUMULATION,TREND_DOWN,-2.8593,-0.1905,0.06435318763048112,-0.1248,2.761,1,,,1,1,1,0,1,1,3,OKX_MARCH_LONG_706,CLEAR,70349.757525,70448.45,70629.95,69217.35,71689.4,0,not_SHORT;buyer_absorption,HYBRID_REJECT,M4_THIN_ONLY_PASS,REJECT
BTC-USDT-SWAP-LONG-1773533193000-1,OKX_MARCH,BTC-USDT-SWAP,2026-03-15,1773533645000,2026-03-15T00:14:05+00:00,LONG,ACCUMULATION,RANGE,0.2699,0.107,-0.09491800232470284,-0.4311,-0.02,1,,,0,1,0,0,0,1,1,OKX_MARCH_LONG_711,CLEAR,70990.25,71135.900175,71179.95,69756.35,72247.65,0,not_TREND_DOWN;not_SHORT;prior_60m_not_negative;buyer_absorption,HYBRID_REJECT,M4_THIN_ONLY_PASS,REJECT
BTC-USDT-SWAP-LONG-1773533645000-2,OKX_MARCH,BTC-USDT-SWAP,2026-03-15,1773533825000,2026-03-15T00:17:05+00:00,LONG,ACCUMULATION,RANGE,0.2737,0.2113,-0.22753928887150687,-0.2994,3.256,1,,,1,1,1,0,1,1,3,OKX_MARCH_LONG_711,CLEAR,70964.450025,71065.95,71119.75,69697.35,72186.55,0,not_TREND_DOWN;not_SHORT;prior_60m_not_negative;buyer_absorption,HYBRID_REJECT,M4_THIN_ONLY_PASS,REJECT
BTC-USDT-SWAP-SHORT-1773534590000-3,OKX_MARCH,BTC-USDT-SWAP,2026-03-15,1773534894000,2026-03-15T00:34:54+00:00,SHORT,DISTRIBUTION,RANGE,0.2355,-0.0283,-0.452751653217322,-0.1132,-0.019,1,,,1,1,1,0,0,1,2,OKX_MARCH_SHORT_710,CLEAR,71007.428525,71078.471475,71042.95,69622.09,72108.59,0,not_TREND_DOWN;buyer_absorption,HYBRID_REJECT,M4_THIN_ONLY_PASS,REJECT
BTC-USDT-SWAP-SHORT-1773535598000-4,OKX_MARCH,BTC-USDT-SWAP,2026-03-15,1773536111000,2026-03-15T00:55:11+00:00,SHORT,DISTRIBUTION,RANGE,0.4908,-0.3138,-0.14171509426876353,-0.0103,0.016,1,,,1,0,1,0,1,1,3,OKX_MARCH_SHORT_708,CLEAR,70925.05,71020.442475,70888.05,69470.29,71951.37,0,not_TREND_DOWN,HYBRID_REJECT,M4_THIN_ONLY_PASS,REJECT
BTC-USDT-SWAP-LONG-1773537312000-5,OKX_MARCH,BTC-USDT-SWAP,2026-03-15,1773537492000,2026-03-15T01:18:12+00:00,LONG,ACCUMULATION,RANGE,0.3291,-0.1547,0.2792260403485243,-0.063,4.268,1,,,1,1,1,0,1,1,3,OKX_MARCH_LONG_710,CLEAR,70897.783375,70968.716625,71072.75,69651.29,72138.84,0,not_TREND_DOWN;not_SHORT;buyer_absorption,HYBRID_REJECT,M4_THIN_ONLY_PASS,REJECT
BTC-USDT-SWAP-SHORT-1773538202000-6,OKX_MARCH,BTC-USDT-SWAP,2026-03-15,1773538700000,2026-03-15T01:38:20+00:00,SHORT,DISTRIBUTION,RANGE,0.5018,-0.1758,0.10406154481388111,0.0259,1.76,1,,,1,0,1,1,1,1,4,OKX_MARCH_SHORT_708,CLEAR,70810.55,70934.999775,70872.77,69455.32,71935.87,0,not_TREND_DOWN,HYBRID_REJECT,M4_THIN_ONLY_PASS,REJECT
BTC-USDT-SWAP-LONG-1773538526000-7,OKX_MARCH,BTC-USDT-SWAP,2026-03-15,1773539350000,2026-03-15T01:49:10+00:00,LONG,ACCUMULATION,RANGE,0.0704,-0.0786,0.15363919952990757,0.0369,-0.542,1,,,1,0,1,1,0,1,3,OKX_MARCH_LONG_710,CLEAR,70831.21667499999,70909.95,71014.65,69594.36,72079.87,0,not_TREND_DOWN;not_SHORT,HYBRID_REJECT,M4_THIN_ONLY_PASS,REJECT
BTC-USDT-SWAP-SHORT-1773540407000-8,OKX_MARCH,BTC-USDT-SWAP,2026-03-15,1773540790000,2026-03-15T02:13:10+00:00,SHORT,DISTRIBUTION,RANGE,0.7062,0.5215,0.11526453970816312,-0.3475,0.285,1,,,0,1,0,0,1,1,2,OKX_MARCH_SHORT_712,CLEAR,71148.657875,71292.65,71220.65,69796.24,72288.96,0,not_TREND_DOWN;prior_60m_not_negative;buyer_absorption,HYBRID_REJECT,M4_THIN_ONLY_PASS,REJECT
BTC-USDT-SWAP-LONG-1773540489000-9,OKX_MARCH,BTC-USDT-SWAP,2026-03-15,1773541136000,2026-03-15T02:18:56+00:00,LONG,ACCUMULATION,RANGE,0.5987,0.4101,0.4002117349877935,0.0419,0.568,1,,,0,1,0,1,1,1,3,OKX_MARCH_LONG_714,CLEAR,71212.05,71310.587475,71402.85,69974.79,72473.89,0,not_TREND_DOWN;not_SHORT;prior_60m_not_negative;buyer_absorption,HYBRID_REJECT,M4_THIN_ONLY_PASS,REJECT
BTC-USDT-SWAP-SHORT-1773540790000-10,OKX_MARCH,BTC-USDT-SWAP,2026-03-15,1773542644000,2026-03-15T02:44:04+00:00,SHORT,DISTRIBUTION,RANGE,0.7368,0.4937,0.23349100214756596,-0.3487,-0.84,1,,,0,1,0,0,0,1,1,OKX_MARCH_SHORT_712,CLEAR,71121.45,71323.593975,71222.52,69798.07,72290.86,0,not_TREND_DOWN;prior_60m_not_negative;buyer_absorption,HYBRID_REJECT,M4_THIN_ONLY_PASS,REJECT
BTC-USDT-SWAP-LONG-1773542181000-11,OKX_MARCH,BTC-USDT-SWAP,2026-03-15,1773543685000,2026-03-15T03:01:25+00:00,LONG,ACCUMULATION,RANGE,0.9249,0.5464,0.23969517130120635,0.0622,11.586,1,,,1,1,1,1,1,1,4,OKX_MARCH_LONG_716,CLEAR,71129.867275,71594.85,71632.25,70199.6,72706.73,0,not_TREND_DOWN;not_SHORT;prior_60m_not_negative;buyer_absorption,HYBRID_REJECT,M4_THIN_ONLY_PASS,REJECT
BTC-USDT-SWAP-LONG-1773543685000-13,OKX_MARCH,BTC-USDT-SWAP,2026-03-15,1773543890000,2026-03-15T03:04:50+00:00,LONG,ACCUMULATION,RANGE,0.7944,0.4064,0.25707660896556184,-0.0975,0.032,1,,,0,1,0,0,1,1,2,OKX_MARCH_LONG_715,CLEAR,71420.05,71523.693975,71559.95,70128.75,72633.35,0,not_TREND_DOWN;not_SHORT;prior_60m_not_negative;buyer_absorption,HYBRID_REJECT,M4_THIN_ONLY_PASS,REJECT
BTC-USDT-SWAP-SHORT-1773543427000-12,OKX_MARCH,BTC-USDT-SWAP,2026-03-15,1773544496000,2026-03-15T03:14:56+00:00,SHORT,DISTRIBUTION,RANGE,0.6343,0.2319,-0.06033634976690127,0.164,0.235,1,,,1,0,1,1,1,1,4,OKX_MARCH_SHORT_714,CLEAR,71347.95817499999,71487.95,71417.95,69989.6,72489.22,0,not_TREND_DOWN;prior_60m_not_negative,HYBRID_REJECT,M4_THIN_ONLY_PASS,REJECT
BTC-USDT-SWAP-SHORT-1773548297000-14,OKX_MARCH,BTC-USDT-SWAP,2026-03-15,1773549085000,2026-03-15T04:31:25+00:00,SHORT,DISTRIBUTION,RANGE,0.5441,0.3277,0.07414662203970031,0.0698,0.52,1,,,1,0,1,1,1,1,4,OKX_MARCH_SHORT_713,CLEAR,71463.25,71618.75,71395.75,69967.83,72466.69,0,not_TREND_DOWN;prior_60m_not_negative,HYBRID_REJECT,M4_THIN_ONLY_PASS,REJECT
BTC-USDT-SWAP-SHORT-1773552125000-15,OKX_MARCH,BTC-USDT-SWAP,2026-03-15,1773552308000,2026-03-15T05:25:08+00:00,SHORT,DISTRIBUTION,RANGE,0.8445,0.2399,-0.06574627005188419,-0.2738,0.841,1,,,0,1,0,0,1,1,2,OKX_MARCH_SHORT_713,CLEAR,71604.05,71699.95,71375.35,69947.84,72445.98,0,not_TREND_DOWN;prior_60m_not_negative;buyer_absorption,HYBRID_REJECT,M4_THIN_ONLY_PASS,REJECT
BTC-USDT-SWAP-LONG-1773553188000-16,OKX_MARCH,BTC-USDT-SWAP,2026-03-15,1773553457000,2026-03-15T05:44:17+00:00,LONG,ACCUMULATION,RANGE,0.8964,0.151,0.461514987474204,-0.2412,1.3,1,,,0,1,0,0,1,1,2,OKX_MARCH_LONG_717,CLEAR,71579.542325,71665.95,71708.65,70274.48,72784.28,0,not_TREND_DOWN;not_SHORT;prior_60m_not_negative;buyer_absorption,HYBRID_REJECT,M4_THIN_ONLY_PASS,REJECT
BTC-USDT-SWAP-LONG-1773565926000-17,OKX_MARCH,BTC-USDT-SWAP,2026-03-15,1773567099000,2026-03-15T09:31:39+00:00,LONG,ACCUMULATION,RANGE,1.6315,0.3729,0.1841397593339098,-0.0583,0.0,1,,,0,0,0,0,0,1,1,OKX_MARCH_LONG_718,CLEAR,71751.85,71899.95,71825.9,70389.38,72903.29,0,not_TREND_DOWN;not_SHORT;prior_60m_not_negative,HYBRID_REJECT,M4_THIN_ONLY_PASS,REJECT
BTC-USDT-SWAP-SHORT-1773566226000-18,OKX_MARCH,BTC-USDT-SWAP,2026-03-15,1773567293000,2026-03-15T09:34:53+00:00,SHORT,DISTRIBUTION,RANGE,1.7982,0.4368,0.14700809150049432,0.0231,-0.0,1,,,1,0,1,1,0,1,3,OKX_MARCH_SHORT_715,CLEAR,71756.05,71899.95,71586.05,70154.33,72659.84,0,not_TREND_DOWN;prior_60m_not_negative,HYBRID_REJECT,M4_THIN_ONLY_PASS,REJECT
BTC-USDT-SWAP-SHORT-1773567808000-19,OKX_MARCH,BTC-USDT-SWAP,2026-03-15,1773568975000,2026-03-15T10:02:55+00:00,SHORT,DISTRIBUTION,RANGE,1.8622,-0.0525,-0.25169985674797707,-0.1362,-0.0,1,,,0,1,0,0,0,1,1,OKX_MARCH_SHORT_715,CLEAR,71681.95,71799.95,71585.45,70153.74,72659.23,0,not_TREND_DOWN;buyer_absorption,HYBRID_REJECT,M4_THIN_ONLY_PASS,REJECT
BTC-USDT-SWAP-LONG-1773569420000-20,OKX_MARCH,BTC-USDT-SWAP,2026-03-15,1773570425000,2026-03-15T10:27:05+00:00,LONG,ACCUMULATION,RANGE,1.979,0.0157,0.13996272467239987,0.0177,0.0,1,,,1,0,1,1,0,1,3,OKX_MARCH_LONG_717,CLEAR,71690.35,71882.05,71786.2,70350.48,72862.99,0,not_TREND_DOWN;not_SHORT;prior_60m_not_negative,HYBRID_REJECT,M4_THIN_ONLY_PASS,REJECT
BTC-USDT-SWAP-SHORT-1773580674000-21,OKX_MARCH,BTC-USDT-SWAP,2026-03-15,1773580963000,2026-03-15T13:22:43+00:00,SHORT,DISTRIBUTION,RANGE,0.6812,-0.486,-0.14282919063114333,0.1656,5.79,1,,,0,0,0,1,1,1,3,OKX_MARCH_SHORT_712,CLEAR,71227.85,71361.612975,71294.73,69868.84,72364.15,0,not_TREND_DOWN,HYBRID_REJECT,M4_THIN_ONLY_PASS,REJECT
BTC-USDT-SWAP-SHORT-1773581522000-22,OKX_MARCH,BTC-USDT-SWAP,2026-03-15,1773582232000,2026-03-15T13:43:52+00:00,SHORT,DISTRIBUTION,RANGE,0.6588,-0.3759,-0.2552377029345305,-0.0257,14.818,1,,,1,0,1,0,1,1,3,OKX_MARCH_SHORT_713,CLEAR,71250.05,71477.570925,71363.81,69936.53,72434.27,0,not_TREND_DOWN,HYBRID_REJECT,M4_THIN_ONLY_PASS,REJECT
BTC-USDT-SWAP-LONG-1773598649000-23,OKX_MARCH,BTC-USDT-SWAP,2026-03-15,1773598829000,2026-03-15T18:20:29+00:00,LONG,ACCUMULATION,RANGE,1.6357,0.3363,0.07789879634232683,-0.224,4.492,1,,,0,1,0,0,1,1,2,OKX_MARCH_LONG_717,CLEAR,71672.595775,71745.05,71708.82,70274.65,72784.46,0,not_TREND_DOWN;not_SHORT;prior_60m_not_negative;buyer_absorption,HYBRID_REJECT,M4_THIN_ONLY_PASS,REJECT
BTC-USDT-SWAP-SHORT-1773601559000-24,OKX_MARCH,BTC-USDT-SWAP,2026-03-15,1773602340000,2026-03-15T19:19:00+00:00,SHORT,DISTRIBUTION,RANGE,1.0924,-0.4433,0.06592548987464077,-0.1581,0.775,1,,,0,1,0,0,1,1,2,OKX_MARCH_SHORT_713,CLEAR,71296.05,71475.05,71385.55,69957.84,72456.33,0,not_TREND_DOWN;buyer_absorption,HYBRID_REJECT,M4_THIN_ONLY_PASS,REJECT
BTC-USDT-SWAP-SHORT-1773601709000-25,OKX_MARCH,BTC-USDT-SWAP,2026-03-15,1773602340000,2026-03-15T19:19:00+00:00,SHORT,DISTRIBUTION,RANGE,1.0924,-0.4433,-0.08081130574523614,-0.1581,0.775,1,,,0,1,0,0,1,1,2,OKX_MARCH_SHORT_713,CLEAR,71296.05,71475.05,71385.55,69957.84,72456.33,0,not_TREND_DOWN;buyer_absorption,HYBRID_REJECT,M4_THIN_ONLY_PASS,REJECT
BTC-USDT-SWAP-LONG-1773607034000-26,OKX_MARCH,BTC-USDT-SWAP,2026-03-15,1773607854000,2026-03-15T20:50:54+00:00,LONG,ACCUMULATION,RANGE,1.3623,0.3636,0.2200206074252206,0.2204,4.984,1,,,0,1,0,1,1,1,3,OKX_MARCH_LONG_719,CLEAR,71649.807175,71892.15,71987.15,70547.41,73066.96,0,not_TREND_DOWN;not_SHORT;prior_60m_not_negative;buyer_absorption,HYBRID_REJECT,M4_THIN_ONLY_PASS,REJECT
BTC-USDT-SWAP-LONG-1773610605000-27,OKX_MARCH,BTC-USDT-SWAP,2026-03-15,1773611089000,2026-03-15T21:44:49+00:00,LONG,ACCUMULATION,RANGE,1.9292,0.3912,-0.28558400695183744,0.2325,0.08,1,,,1,0,1,1,1,1,4,OKX_MARCH_LONG_722,CLEAR,71875.394325,72174.85,72233.85,70789.17,73317.36,0,not_TREND_DOWN;not_SHORT;prior_60m_not_negative,HYBRID_REJECT,M4_THIN_ONLY_PASS,REJECT
BTC-USDT-SWAP-LONG-1773611089000-28,OKX_MARCH,BTC-USDT-SWAP,2026-03-15,1773611810000,2026-03-15T21:56:50+00:00,LONG,ACCUMULATION,RANGE,1.7798,0.4001,0.07707081215940799,-0.0077,0.641,1,,,0,0,0,0,1,1,2,OKX_MARCH_LONG_722,CLEAR,71978.35,72187.95,72233.85,70789.17,73317.36,0,not_TREND_DOWN;not_SHORT;prior_60m_not_negative,HYBRID_REJECT,M4_THIN_ONLY_PASS,REJECT
BTC-USDT-SWAP-SHORT-1773612485000-30,OKX_MARCH,BTC-USDT-SWAP,2026-03-15,1773613602000,2026-03-15T22:26:42+00:00,SHORT,DISTRIBUTION,RANGE,1.65,0.1738,-0.1473720518940116,-0.1339,-0.227,1,,,0,1,0,0,0,1,1,OKX_MARCH_SHORT_718,CLEAR,71682.35,71986.825425,71834.59,70397.9,72912.11,0,not_TREND_DOWN;prior_60m_not_negative;buyer_absorption,HYBRID_REJECT,M4_THIN_ONLY_PASS,REJECT
BTC-USDT-SWAP-SHORT-1773612430000-29,OKX_MARCH,BTC-USDT-SWAP,2026-03-15,1773613602000,2026-03-15T22:26:42+00:00,SHORT,DISTRIBUTION,RANGE,1.65,0.1738,-0.029264965852017724,-0.1339,-0.227,1,,,0,1,0,0,0,1,1,OKX_MARCH_SHORT_718,CLEAR,71682.35,72043.053525,71862.7,70425.45,72940.64,0,not_TREND_DOWN;prior_60m_not_negative;buyer_absorption,HYBRID_REJECT,M4_THIN_ONLY_PASS,REJECT
BTC-USDT-SWAP-SHORT-1773614233000-31,OKX_MARCH,BTC-USDT-SWAP,2026-03-15,1773614896000,2026-03-15T22:48:16+00:00,SHORT,DISTRIBUTION,RANGE,2.4584,0.5609,-0.025314183895644056,-0.2619,-0.008,1,,,0,1,0,0,0,1,1,OKX_MARCH_SHORT_722,CLEAR,72030.15,72528.04999999999,72279.1,70833.52,73363.29,0,not_TREND_DOWN;prior_60m_not_negative;buyer_absorption,HYBRID_REJECT,M4_THIN_ONLY_PASS,REJECT
BTC-USDT-SWAP-SHORT-1773614896000-32,OKX_MARCH,BTC-USDT-SWAP,2026-03-15,1773615446000,2026-03-15T22:57:26+00:00,SHORT,DISTRIBUTION,TREND_UP,2.809,0.8748,-0.16384505178678516,-0.2222,-0.082,1,,,1,1,1,0,0,1,2,OKX_MARCH_SHORT_727,CLEAR,72380.15,73159.25,72769.7,71314.31,73861.25,0,not_TREND_DOWN;prior_60m_not_negative;buyer_absorption,HYBRID_REJECT,M4_THIN_ONLY_PASS,REJECT
BTC-USDT-SWAP-SHORT-1773615446000-33,OKX_MARCH,BTC-USDT-SWAP,2026-03-15,1773616129000,2026-03-15T23:08:49+00:00,SHORT,DISTRIBUTION,TREND_UP,2.6295,1.2871,-0.07580008284798867,-0.0965,0.681,1,,,0,0,0,0,1,1,2,OKX_MARCH_SHORT_727,CLEAR,72380.15,73159.25,72769.7,71314.31,73861.25,0,not_TREND_DOWN;prior_60m_not_negative,HYBRID_REJECT,M4_THIN_ONLY_PASS,REJECT
BTC-USDT-SWAP-LONG-1773616458000-34,OKX_MARCH,BTC-USDT-SWAP,2026-03-15,1773616693000,2026-03-15T23:18:13+00:00,LONG,ACCUMULATION,TREND_UP,2.6809,1.4053,0.051935700928462794,0.0337,0.767,1,,,0,0,0,1,1,1,3,OKX_MARCH_LONG_729,CLEAR,72783.25,73084.15,72933.7,71475.03,74027.71,0,not_TREND_DOWN;not_SHORT;prior_60m_not_negative,HYBRID_REJECT,M4_THIN_ONLY_PASS,REJECT
BTC-USDT-SWAP-LONG-1773616501000-35,OKX_MARCH,BTC-USDT-SWAP,2026-03-15,1773616693000,2026-03-15T23:18:13+00:00,LONG,ACCUMULATION,TREND_UP,2.6809,1.4053,0.25006571698630303,0.0337,0.767,1,,,0,1,0,1,1,1,3,OKX_MARCH_LONG_729,CLEAR,72783.25,73084.15,72933.7,71475.03,74027.71,0,not_TREND_DOWN;not_SHORT;prior_60m_not_negative;buyer_absorption,HYBRID_REJECT,M4_THIN_ONLY_PASS,REJECT
BTC-USDT-SWAP-LONG-1773618551000-36,OKX_MARCH,BTC-USDT-SWAP,2026-03-15,1773618807000,2026-03-15T23:53:27+00:00,LONG,ACCUMULATION,RANGE,2.1255,-0.3098,0.19874610963848063,0.2181,0.799,1,,,0,0,0,1,1,1,3,OKX_MARCH_LONG_726,CLEAR,72514.85,72791.95,72653.4,71200.33,73743.2,0,not_TREND_DOWN;not_SHORT,HYBRID_REJECT,M4_THIN_ONLY_PASS,REJECT
BTC-USDT-SWAP-LONG-1773619553000-1,OKX_MARCH,BTC-USDT-SWAP,2026-03-16,1773619744000,2026-03-16T00:09:04+00:00,LONG,ACCUMULATION,TREND_UP,2.6337,-0.141,-0.03741992760855604,-0.0073,0.251,1,,,0,0,0,0,1,1,2,OKX_MARCH_LONG_728,CLEAR,72849.107225,72937.45,72893.28,71435.41,73986.68,0,not_TREND_DOWN;not_SHORT,HYBRID_REJECT,M4_THIN_ONLY_PASS,REJECT
BTC-USDT-SWAP-LONG-1773620182000-2,OKX_MARCH,BTC-USDT-SWAP,2026-03-16,1773621447000,2026-03-16T00:37:27+00:00,LONG,ACCUMULATION,RANGE,2.2323,0.073,0.20925003245099869,-0.1581,2.566,1,,,0,1,0,0,1,1,2,OKX_MARCH_LONG_729,CLEAR,72463.15,72829.95,72979.95,71520.35,74074.65,0,not_TREND_DOWN;not_SHORT;prior_60m_not_negative;buyer_absorption,HYBRID_REJECT,M4_THIN_ONLY_PASS,REJECT
BTC-USDT-SWAP-LONG-1773620204000-3,OKX_MARCH,BTC-USDT-SWAP,2026-03-16,1773621447000,2026-03-16T00:37:27+00:00,LONG,ACCUMULATION,RANGE,2.2323,0.073,0.1960705701506489,-0.1581,2.566,1,,,0,1,0,0,1,1,2,OKX_MARCH_LONG_729,CLEAR,72463.15,72836.34997499999,72979.95,71520.35,74074.65,0,not_TREND_DOWN;not_SHORT;prior_60m_not_negative;buyer_absorption,HYBRID_REJECT,M4_THIN_ONLY_PASS,REJECT
BTC-USDT-SWAP-SHORT-1773620946000-4,OKX_MARCH,BTC-USDT-SWAP,2026-03-16,1773622057000,2026-03-16T00:47:37+00:00,SHORT,DISTRIBUTION,RANGE,2.1946,-0.1975,-0.2079581256010884,0.054,0.665,1,,,1,0,1,1,1,1,4,OKX_MARCH_SHORT_723,CLEAR,72415.05,72654.05,72367.05,70919.71,73452.56,0,not_TREND_DOWN,HYBRID_REJECT,M4_THIN_ONLY_PASS,REJECT
BTC-USDT-SWAP-SHORT-1773623053000-5,OKX_MARCH,BTC-USDT-SWAP,2026-03-16,1773623488000,2026-03-16T01:11:28+00:00,SHORT,DISTRIBUTION,RANGE,2.136,-0.4902,-0.08533951508451772,-0.0201,2.089,1,,,0,0,0,0,1,1,2,OKX_MARCH_SHORT_723,CLEAR,72331.65,72449.95,72390.8,70942.98,73476.66,0,not_TREND_DOWN,HYBRID_REJECT,M4_THIN_ONLY_PASS,REJECT
BTC-USDT-SWAP-LONG-1773623888000-6,OKX_MARCH,BTC-USDT-SWAP,2026-03-16,1773626221000,2026-03-16T01:57:01+00:00,LONG,ACCUMULATION,TREND_UP,2.539,0.2922,-0.1250543691688161,0.1108,11.938,1,,,1,0,1,1,1,1,4,OKX_MARCH_LONG_729,CLEAR,72290.686575,72824.95,72979.95,71520.35,74074.65,0,not_TREND_DOWN;not_SHORT;prior_60m_not_negative,HYBRID_REJECT,M4_THIN_ONLY_PASS,REJECT
BTC-USDT-SWAP-SHORT-1773626785000-7,OKX_MARCH,BTC-USDT-SWAP,2026-03-16,1773626965000,2026-03-16T02:09:25+00:00,SHORT,DISTRIBUTION,RANGE,2.009,0.4894,-0.21785144913245516,-0.0266,8.134,1,,,1,0,1,0,1,1,3,OKX_MARCH_SHORT_723,CLEAR,72679.492075,72780.75,72350.95,70903.93,73436.21,0,not_TREND_DOWN;prior_60m_not_negative,HYBRID_REJECT,M4_THIN_ONLY_PASS,REJECT
BTC-USDT-SWAP-SHORT-1773628369000-8,OKX_MARCH,BTC-USDT-SWAP,2026-03-16,1773628549000,2026-03-16T02:35:49+00:00,SHORT,DISTRIBUTION,RANGE,1.7697,-0.2632,-0.1683531751417333,0.2008,0.585,1,,,0,0,0,1,1,1,3,OKX_MARCH_SHORT_723,CLEAR,72310.676575,72383.023425,72346.85,70899.91,73432.05,0,not_TREND_DOWN,HYBRID_REJECT,M4_THIN_ONLY_PASS,REJECT
BTC-USDT-SWAP-SHORT-1773633161000-9,OKX_MARCH,BTC-USDT-SWAP,2026-03-16,1773633710000,2026-03-16T04:01:50+00:00,SHORT,DISTRIBUTION,TREND_UP,3.1995,1.5683,0.08473347675966734,-0.0268,0.424,1,,,1,0,1,0,1,1,3,OKX_MARCH_SHORT_736,CLEAR,73539.15,73738.75,73638.95,72166.17,74743.53,0,not_TREND_DOWN;prior_60m_not_negative,HYBRID_REJECT,M4_THIN_ONLY_PASS,REJECT
BTC-USDT-SWAP-SHORT-1773634922000-11,OKX_MARCH,BTC-USDT-SWAP,2026-03-16,1773635403000,2026-03-16T04:30:03+00:00,SHORT,DISTRIBUTION,TREND_UP,2.9289,1.0088,0.15261202129206125,-0.0727,16.428,1,,,1,0,1,0,1,1,3,OKX_MARCH_SHORT_737,CLEAR,73562.65,74035.05,73798.85,72322.87,74905.83,0,not_TREND_DOWN;prior_60m_not_negative,HYBRID_REJECT,M4_THIN_ONLY_PASS,REJECT
BTC-USDT-SWAP-SHORT-1773638712000-12,OKX_MARCH,BTC-USDT-SWAP,2026-03-16,1773638940000,2026-03-16T05:29:00+00:00,SHORT,DISTRIBUTION,TREND_UP,3.1794,0.3487,-0.036085825508898196,-0.0376,-0.012,1,,,1,0,1,0,0,1,2,OKX_MARCH_SHORT_738,CLEAR,73848.90707500001,73942.95,73811.55,72335.32,74918.72,0,not_TREND_DOWN;prior_60m_not_negative,HYBRID_REJECT,M4_THIN_ONLY_PASS,REJECT
BTC-USDT-SWAP-SHORT-1773639024000-13,OKX_MARCH,BTC-USDT-SWAP,2026-03-16,1773639212000,2026-03-16T05:33:32+00:00,SHORT,DISTRIBUTION,TREND_UP,3.0866,0.1609,-0.2863133502716159,-0.1702,10.464,1,,,0,1,0,0,1,1,2,OKX_MARCH_SHORT_736,CLEAR,73688.05,73866.965025,73649.95,72176.95,74754.7,0,not_TREND_DOWN;prior_60m_not_negative;buyer_absorption,HYBRID_REJECT,M4_THIN_ONLY_PASS,REJECT
BTC-USDT-SWAP-SHORT-1773640454000-15,OKX_MARCH,BTC-USDT-SWAP,2026-03-16,1773640886000,2026-03-16T06:01:26+00:00,SHORT,DISTRIBUTION,TREND_UP,3.7044,0.4619,-0.15830587697726853,-0.201,4.108,1,,,0,1,0,0,1,1,2,OKX_MARCH_SHORT_735,CLEAR,73962.15,74221.35,73595.05,72123.15,74698.98,0,not_TREND_DOWN;prior_60m_not_negative;buyer_absorption,HYBRID_REJECT,M4_THIN_ONLY_PASS,REJECT
BTC-USDT-SWAP-LONG-1773640084000-14,OKX_MARCH,BTC-USDT-SWAP,2026-03-16,1773641764000,2026-03-16T06:16:04+00:00,LONG,ACCUMULATION,TREND_UP,3.062,-0.1291,0.02346909556550083,-0.2639,0.643,1,,,0,1,0,0,1,1,2,OKX_MARCH_LONG_738,CLEAR,73572.45,74221.35,73896.9,72418.96,75005.35,0,not_TREND_DOWN;not_SHORT;buyer_absorption,HYBRID_REJECT,M4_THIN_ONLY_PASS,REJECT
BTC-USDT-SWAP-SHORT-1773640886000-16,OKX_MARCH,BTC-USDT-SWAP,2026-03-16,1773642042000,2026-03-16T06:20:42+00:00,SHORT,DISTRIBUTION,TREND_UP,3.1303,-0.306,-0.02849901527363733,0.1422,0.568,1,,,1,0,1,1,1,1,4,OKX_MARCH_SHORT_735,CLEAR,73572.45,74158.810875,73516.05,72045.73,74618.79,0,not_TREND_DOWN,HYBRID_REJECT,M4_THIN_ONLY_PASS,REJECT
BTC-USDT-SWAP-LONG-1773641764000-17,OKX_MARCH,BTC-USDT-SWAP,2026-03-16,1773643549000,2026-03-16T06:45:49+00:00,LONG,ACCUMULATION,TREND_UP,3.3257,-0.3043,0.060712916377261825,0.1257,-0.156,1,,,1,0,1,1,0,1,3,OKX_MARCH_LONG_737,CLEAR,73660.05,73827.95,73744.0,72269.12,74850.16,0,not_TREND_DOWN;not_SHORT,HYBRID_REJECT,M4_THIN_ONLY_PASS,REJECT
BTC-USDT-SWAP-SHORT-1773647103000-18,OKX_MARCH,BTC-USDT-SWAP,2026-03-16,1773647968000,2026-03-16T07:59:28+00:00,SHORT,DISTRIBUTION,TREND_UP,2.8411,-0.3424,0.3849093881199057,0.229,0.214,1,,,0,1,0,1,1,1,3,OKX_MARCH_SHORT_732,CLEAR,73352.05,73499.95,73272.15,71806.71,74371.23,0,not_TREND_DOWN;buyer_absorption,HYBRID_REJECT,M4_THIN_ONLY_PASS,REJECT
BTC-USDT-SWAP-LONG-1773647666000-19,OKX_MARCH,BTC-USDT-SWAP,2026-03-16,1773649209000,2026-03-16T08:20:09+00:00,LONG,ACCUMULATION,TREND_UP,2.5772,-0.4021,0.09839294298206323,-0.0337,1.227,1,,,0,0,0,0,1,1,2,OKX_MARCH_LONG_735,CLEAR,73350.05,73737.95,73544.0,72073.12,74647.16,0,not_TREND_DOWN;not_SHORT,HYBRID_REJECT,M4_THIN_ONLY_PASS,REJECT
BTC-USDT-SWAP-LONG-1773647793000-20,OKX_MARCH,BTC-USDT-SWAP,2026-03-16,1773649209000,2026-03-16T08:20:09+00:00,LONG,ACCUMULATION,TREND_UP,2.5772,-0.4021,0.053808813223782066,-0.0337,1.227,1,,,0,0,0,0,1,1,2,OKX_MARCH_LONG_735,CLEAR,73350.05,73737.95,73544.0,72073.12,74647.16,0,not_TREND_DOWN;not_SHORT,HYBRID_REJECT,M4_THIN_ONLY_PASS,REJECT
BTC-USDT-SWAP-LONG-1773650421000-22,OKX_MARCH,BTC-USDT-SWAP,2026-03-16,1773650790000,2026-03-16T08:46:30+00:00,LONG,ACCUMULATION,RANGE,2.0806,-0.558,0.10847046414653881,-0.1887,0.503,1,,,1,1,1,0,1,1,3,OKX_MARCH_LONG_736,CLEAR,72857.85,73267.065225,73652.15,72179.11,74756.93,0,not_TREND_DOWN;not_SHORT;buyer_absorption,HYBRID_REJECT,M4_THIN_ONLY_PASS,REJECT
BTC-USDT-SWAP-SHORT-1773650318000-21,OKX_MARCH,BTC-USDT-SWAP,2026-03-16,1773651038000,2026-03-16T08:50:38+00:00,SHORT,DISTRIBUTION,RANGE,2.0408,-0.5291,0.06532620080007288,0.1468,1.202,1,,,1,0,1,1,1,1,4,OKX_MARCH_SHORT_730,CLEAR,72857.85,73296.179775,73077.01,71615.47,74173.17,0,not_TREND_DOWN,HYBRID_REJECT,M4_THIN_ONLY_PASS,REJECT
BTC-USDT-SWAP-SHORT-1773651038000-24,OKX_MARCH,BTC-USDT-SWAP,2026-03-16,1773651511000,2026-03-16T08:58:31+00:00,SHORT,DISTRIBUTION,RANGE,2.1249,-0.4832,-0.1804398662747769,-0.0146,-0.482,1,,,0,0,0,0,0,1,1,OKX_MARCH_SHORT_730,CLEAR,72883.25,73171.05,73027.15,71566.61,74122.56,0,not_TREND_DOWN,HYBRID_REJECT,M4_THIN_ONLY_PASS,REJECT
BTC-USDT-SWAP-LONG-1773650790000-23,OKX_MARCH,BTC-USDT-SWAP,2026-03-16,1773651724000,2026-03-16T09:02:04+00:00,LONG,ACCUMULATION,RANGE,1.8564,-0.6345,0.011297919669611004,0.1251,0.593,1,,,1,0,1,1,1,1,4,OKX_MARCH_LONG_743,CLEAR,72883.25,73171.05,74376.95,72889.41,75492.6,0,not_TREND_DOWN;not_SHORT,HYBRID_REJECT,M4_THIN_ONLY_PASS,REJECT
BTC-USDT-SWAP-LONG-1773655882000-26,OKX_MARCH,BTC-USDT-SWAP,2026-03-16,1773656173000,2026-03-16T10:16:13+00:00,LONG,ACCUMULATION,RANGE,2.2044,0.2845,0.14061964112839292,0.0297,2.348,1,,,1,0,1,1,1,1,4,OKX_MARCH_LONG_734,CLEAR,73288.85,73369.616475,73478.65,72009.08,74580.83,0,not_TREND_DOWN;not_SHORT;prior_60m_not_negative,HYBRID_REJECT,M4_THIN_ONLY_PASS,REJECT
BTC-USDT-SWAP-SHORT-1773655581000-25,OKX_MARCH,BTC-USDT-SWAP,2026-03-16,1773656876000,2026-03-16T10:27:56+00:00,SHORT,DISTRIBUTION,RANGE,2.2504,0.2341,-0.013136886867396358,-0.1427,0.653,1,,,0,1,0,0,1,1,2,OKX_MARCH_SHORT_733,CLEAR,73258.05,73465.05,73361.55,71894.32,74461.97,0,not_TREND_DOWN;prior_60m_not_negative;buyer_absorption,HYBRID_REJECT,M4_THIN_ONLY_PASS,REJECT
BTC-USDT-SWAP-LONG-1773656977000-27,OKX_MARCH,BTC-USDT-SWAP,2026-03-16,1773657606000,2026-03-16T10:40:06+00:00,LONG,ACCUMULATION,RANGE,2.0513,0.0637,0.03178329571106111,-0.3447,0.249,1,,,0,1,0,0,1,1,2,OKX_MARCH_LONG_734,CLEAR,73170.95,73438.650975,73478.65,72009.08,74580.83,0,not_TREND_DOWN;not_SHORT;prior_60m_not_negative;buyer_absorption,HYBRID_REJECT,M4_THIN_ONLY_PASS,REJECT
BTC-USDT-SWAP-LONG-1773659225000-28,OKX_MARCH,BTC-USDT-SWAP,2026-03-16,1773659443000,2026-03-16T11:10:43+00:00,LONG,ACCUMULATION,TREND_UP,2.7928,0.5098,-0.033444370959798485,0.1403,0.389,1,,,1,0,1,1,1,1,4,OKX_MARCH_LONG_738,CLEAR,73617.25,73703.783475,73824.95,72348.45,74932.32,0,not_TREND_DOWN;not_SHORT;prior_60m_not_negative,HYBRID_REJECT,M4_THIN_ONLY_PASS,REJECT
BTC-USDT-SWAP-SHORT-1773660536000-29,OKX_MARCH,BTC-USDT-SWAP,2026-03-16,1773661109000,2026-03-16T11:38:29+00:00,SHORT,DISTRIBUTION,TREND_UP,2.629,0.4928,0.20776433689163568,0.0777,0.683,1,,,0,1,0,1,1,1,3,OKX_MARCH_SHORT_734,CLEAR,73482.55,73573.718475,73444.15,71975.27,74545.81,0,not_TREND_DOWN;prior_60m_not_negative;buyer_absorption,HYBRID_REJECT,M4_THIN_ONLY_PASS,REJECT
BTC-USDT-SWAP-LONG-1773660808000-30,OKX_MARCH,BTC-USDT-SWAP,2026-03-16,1773661500000,2026-03-16T11:45:00+00:00,LONG,ACCUMULATION,TREND_UP,2.6282,0.4785,0.10375448394848207,-0.0984,0.84,1,,,1,0,1,0,1,1,3,OKX_MARCH_LONG_736,CLEAR,73491.086075,73627.95,73687.85,72214.09,74793.17,0,not_TREND_DOWN;not_SHORT;prior_60m_not_negative,HYBRID_REJECT,M4_THIN_ONLY_PASS,REJECT
BTC-USDT-SWAP-LONG-1773664875000-31,OKX_MARCH,BTC-USDT-SWAP,2026-03-16,1773665076000,2026-03-16T12:44:36+00:00,LONG,ACCUMULATION,TREND_UP,3.1299,0.2674,-0.10989842828662716,0.0934,4.708,1,,,1,0,1,1,1,1,4,OKX_MARCH_LONG_739,CLEAR,73715.074025,73815.05,73975.75,72496.24,75085.39,0,not_TREND_DOWN;not_SHORT;prior_60m_not_negative,HYBRID_REJECT,M4_THIN_ONLY_PASS,REJECT
BTC-USDT-SWAP-LONG-1773665169000-32,OKX_MARCH,BTC-USDT-SWAP,2026-03-16,1773665405000,2026-03-16T12:50:05+00:00,LONG,ACCUMULATION,TREND_UP,3.0103,0.2628,0.45458446350276427,-0.175,-1.73,1,,,0,1,0,0,0,1,1,OKX_MARCH_LONG_739,CLEAR,73676.75,73873.06807499999,73948.55,72469.58,75057.78,0,not_TREND_DOWN;not_SHORT;prior_60m_not_negative;buyer_absorption,HYBRID_REJECT,M4_THIN_ONLY_PASS,REJECT
BTC-USDT-SWAP-LONG-1773666805000-33,OKX_MARCH,BTC-USDT-SWAP,2026-03-16,1773666985000,2026-03-16T13:16:25+00:00,LONG,ACCUMULATION,TREND_UP,3.5468,0.6069,0.2288059024088281,-0.1591,10.901,1,,,0,1,0,0,1,1,2,OKX_MARCH_LONG_739,CLEAR,73863.000025,73958.05,73999.95,72519.95,75109.95,0,not_TREND_DOWN;not_SHORT;prior_60m_not_negative;buyer_absorption,HYBRID_REJECT,M4_THIN_ONLY_PASS,REJECT
BTC-USDT-SWAP-LONG-1773670854000-35,OKX_MARCH,BTC-USDT-SWAP,2026-03-16,1773671098000,2026-03-16T14:24:58+00:00,LONG,ACCUMULATION,TREND_UP,3.8154,0.3153,0.013464242687706466,-0.0832,0.253,1,,,0,0,0,0,1,1,2,OKX_MARCH_LONG_741,CLEAR,74060.05,74254.95,74157.5,72674.35,75269.86,0,not_TREND_DOWN;not_SHORT;prior_60m_not_negative,HYBRID_REJECT,M4_THIN_ONLY_PASS,REJECT
BTC-USDT-SWAP-SHORT-1773670410000-34,OKX_MARCH,BTC-USDT-SWAP,2026-03-16,1773672598000,2026-03-16T14:49:58+00:00,SHORT,DISTRIBUTION,RANGE,2.2736,-1.4252,0.07828662046250247,0.0354,2.532,1,,,1,0,1,1,1,1,4,OKX_MARCH_SHORT_736,CLEAR,72957.75,74339.95,73648.85,72175.87,74753.58,0,not_TREND_DOWN,HYBRID_REJECT,M4_THIN_ONLY_PASS,REJECT
BTC-USDT-SWAP-LONG-1773671719000-36,OKX_MARCH,BTC-USDT-SWAP,2026-03-16,1773673626000,2026-03-16T15:07:06+00:00,LONG,ACCUMULATION,TREND_UP,2.6765,-1.1507,0.02070401037927809,0.0808,5.605,1,,,0,0,0,1,1,1,3,OKX_MARCH_LONG_739,CLEAR,72957.75,74877.75,73917.75,72439.4,75026.52,0,not_TREND_DOWN;not_SHORT,HYBRID_REJECT,M4_THIN_ONLY_PASS,REJECT
BTC-USDT-SWAP-SHORT-1773672598000-37,OKX_MARCH,BTC-USDT-SWAP,2026-03-16,1773674003000,2026-03-16T15:13:23+00:00,SHORT,DISTRIBUTION,TREND_UP,2.7219,-1.0158,-0.2588289893418399,0.0113,0.751,1,,,0,0,0,1,1,1,3,OKX_MARCH_SHORT_732,CLEAR,72964.35,73566.95,73265.65,71800.34,74364.63,0,not_TREND_DOWN,HYBRID_REJECT,M4_THIN_ONLY_PASS,REJECT
BTC-USDT-SWAP-LONG-1773684454000-38,OKX_MARCH,BTC-USDT-SWAP,2026-03-16,1773685469000,2026-03-16T18:24:29+00:00,LONG,ACCUMULATION,TREND_UP,3.5405,0.6283,0.1638172662113338,-0.0336,2.688,1,,,1,0,1,0,1,1,3,OKX_MARCH_LONG_743,CLEAR,73977.142925,74298.95,74352.65,72865.6,75467.94,0,not_TREND_DOWN;not_SHORT;prior_60m_not_negative,HYBRID_REJECT,M4_THIN_ONLY_PASS,REJECT
BTC-USDT-SWAP-LONG-1773685469000-39,OKX_MARCH,BTC-USDT-SWAP,2026-03-16,1773687732000,2026-03-16T19:02:12+00:00,LONG,ACCUMULATION,TREND_UP,3.5613,0.007,0.19064309417792324,-0.2073,0.077,1,,,0,1,0,0,1,1,2,OKX_MARCH_LONG_743,CLEAR,73812.35,74325.65,74377.25,72889.71,75492.91,0,not_TREND_DOWN;not_SHORT;prior_60m_not_negative;buyer_absorption,HYBRID_REJECT,M4_THIN_ONLY_PASS,REJECT
BTC-USDT-SWAP-LONG-1773695990000-40,OKX_MARCH,BTC-USDT-SWAP,2026-03-16,1773696623000,2026-03-16T21:30:23+00:00,LONG,ACCUMULATION,TREND_UP,3.4586,0.3533,0.05004453684778389,-0.1982,0.0,1,,,0,1,0,0,0,1,1,OKX_MARCH_LONG_745,CLEAR,74165.65,74448.75,74540.45,73049.64,75658.56,0,not_TREND_DOWN;not_SHORT;prior_60m_not_negative;buyer_absorption,HYBRID_REJECT,M4_THIN_ONLY_PASS,REJECT
BTC-USDT-SWAP-SHORT-1773697184000-41,OKX_MARCH,BTC-USDT-SWAP,2026-03-16,1773698038000,2026-03-16T21:53:58+00:00,SHORT,DISTRIBUTION,TREND_UP,3.4308,0.4884,0.11498574146453858,-0.0355,-0.0,1,,,1,0,1,0,0,1,2,OKX_MARCH_SHORT_745,CLEAR,74207.25,74877.75,74542.5,73051.65,75660.64,0,not_TREND_DOWN;prior_60m_not_negative,HYBRID_REJECT,M4_THIN_ONLY_PASS,REJECT
BTC-USDT-SWAP-LONG-1773698589000-42,OKX_MARCH,BTC-USDT-SWAP,2026-03-16,1773699232000,2026-03-16T22:13:52+00:00,LONG,ACCUMULATION,TREND_UP,4.2117,0.656,0.16730695864814987,0.1389,0.0,1,,,1,0,1,1,0,1,3,OKX_MARCH_LONG_745,CLEAR,74207.25,74877.75,74542.5,73051.65,75660.64,0,not_TREND_DOWN;not_SHORT;prior_60m_not_negative,HYBRID_REJECT,M4_THIN_ONLY_PASS,REJECT
BTC-USDT-SWAP-LONG-1773699232000-43,OKX_MARCH,BTC-USDT-SWAP,2026-03-16,1773700109000,2026-03-16T22:28:29+00:00,LONG,ACCUMULATION,TREND_UP,3.8553,0.6121,0.17162051841183779,-0.1527,0.0,1,,,1,1,1,0,0,1,2,OKX_MARCH_LONG_745,CLEAR,74207.25,74877.75,74542.5,73051.65,75660.64,0,not_TREND_DOWN;not_SHORT;prior_60m_not_negative;buyer_absorption,HYBRID_REJECT,M4_THIN_ONLY_PASS,REJECT
BTC-USDT-SWAP-SHORT-1773700604000-44,OKX_MARCH,BTC-USDT-SWAP,2026-03-16,1773700848000,2026-03-16T22:40:48+00:00,SHORT,DISTRIBUTION,TREND_UP,3.15,0.2808,-0.006837616521313365,-0.1039,-0.0,1,,,1,1,1,0,0,1,2,OKX_MARCH_SHORT_745,CLEAR,74645.608525,74736.85,74579.15,73087.57,75697.84,0,not_TREND_DOWN;prior_60m_not_negative;buyer_absorption,HYBRID_REJECT,M4_THIN_ONLY_PASS,REJECT
BTC-USDT-SWAP-SHORT-1773701464000-45,OKX_MARCH,BTC-USDT-SWAP,2026-03-16,1773703229000,2026-03-16T23:20:29+00:00,SHORT,DISTRIBUTION,RANGE,2.2141,-0.4604,-0.05517004423028805,-0.019,-0.0,1,,,1,0,1,0,0,1,2,OKX_MARCH_SHORT_745,CLEAR,74207.25,74877.75,74542.5,73051.65,75660.64,0,not_TREND_DOWN,HYBRID_REJECT,M4_THIN_ONLY_PASS,REJECT
BTC-USDT-SWAP-SHORT-1773792030000-1,OKX_MARCH,BTC-USDT-SWAP,2026-03-18,1773792781000,2026-03-18T00:13:01+00:00,SHORT,DISTRIBUTION,RANGE,0.155,0.155,-0.03451566594440375,-0.166,1.009,1,,,0,1,0,0,1,1,2,OKX_MARCH_SHORT_737,CLEAR,73779.05,74029.65,73719.95,72245.55,74825.75,0,not_TREND_DOWN;prior_60m_not_negative;buyer_absorption,HYBRID_REJECT,M4_THIN_ONLY_PASS,REJECT
BTC-USDT-SWAP-LONG-1773793270000-3,OKX_MARCH,BTC-USDT-SWAP,2026-03-18,1773793754000,2026-03-18T00:29:14+00:00,LONG,ACCUMULATION,RANGE,-0.1771,-0.1771,-0.03764544166323178,-0.1801,1.746,1,,,0,1,0,0,1,1,2,OKX_MARCH_LONG_739,CLEAR,73633.75,73908.785925,73980.35,72500.74,75090.06,0,not_TREND_DOWN;not_SHORT;buyer_absorption,HYBRID_REJECT,M4_THIN_ONLY_PASS,REJECT
BTC-USDT-SWAP-LONG-1773793754000-4,OKX_MARCH,BTC-USDT-SWAP,2026-03-18,1773794046000,2026-03-18T00:34:06+00:00,LONG,ACCUMULATION,RANGE,-0.2716,-0.2716,0.26580294379376357,-0.2254,0.067,1,,,0,1,0,0,1,1,2,OKX_MARCH_LONG_740,CLEAR,73627.35,73768.25,74073.45,72591.98,75184.55,0,not_TREND_DOWN;not_SHORT;buyer_absorption,HYBRID_REJECT,M4_THIN_ONLY_PASS,REJECT
BTC-USDT-SWAP-SHORT-1773792781000-2,OKX_MARCH,BTC-USDT-SWAP,2026-03-18,1773795295000,2026-03-18T00:54:55+00:00,SHORT,DISTRIBUTION,RANGE,-0.173,-0.173,-0.12917172138398167,-0.151,0.255,1,,,1,1,1,0,1,1,3,OKX_MARCH_SHORT_737,CLEAR,73502.2,74022.14257499999,73762.17,72286.93,74868.6,0,not_TREND_DOWN;buyer_absorption,HYBRID_REJECT,M4_THIN_ONLY_PASS,REJECT
BTC-USDT-SWAP-SHORT-1773795295000-6,OKX_MARCH,BTC-USDT-SWAP,2026-03-18,1773795475000,2026-03-18T00:57:55+00:00,SHORT,DISTRIBUTION,RANGE,-0.0776,-0.0776,-0.32122174676249204,-0.2282,0.245,1,,,0,1,0,0,1,1,2,OKX_MARCH_SHORT_737,CLEAR,73723.669725,73839.05,73781.36,72305.73,74888.08,0,not_TREND_DOWN;buyer_absorption,HYBRID_REJECT,M4_THIN_ONLY_PASS,REJECT
BTC-USDT-SWAP-LONG-1773794558000-5,OKX_MARCH,BTC-USDT-SWAP,2026-03-18,1773795569000,2026-03-18T00:59:29+00:00,LONG,ACCUMULATION,RANGE,-0.0961,-0.0961,0.048064456708867054,0.154,-0.048,1,,,1,0,1,1,0,1,3,OKX_MARCH_LONG_741,CLEAR,73523.669775,73839.05,74119.95,72637.55,75231.75,0,not_TREND_DOWN;not_SHORT,HYBRID_REJECT,M4_THIN_ONLY_PASS,REJECT
BTC-USDT-SWAP-LONG-1773796201000-7,OKX_MARCH,BTC-USDT-SWAP,2026-03-18,1773796397000,2026-03-18T01:13:17+00:00,LONG,ACCUMULATION,RANGE,-0.01,-0.1694,0.2889704304724212,0.033,-0.107,1,,,0,1,0,1,0,1,2,OKX_MARCH_LONG_740,CLEAR,73788.05,73966.91497499999,74022.55,72542.1,75132.89,0,not_TREND_DOWN;not_SHORT;buyer_absorption,HYBRID_REJECT,M4_THIN_ONLY_PASS,REJECT
BTC-USDT-SWAP-SHORT-1773797761000-8,OKX_MARCH,BTC-USDT-SWAP,2026-03-18,1773798183000,2026-03-18T01:43:03+00:00,SHORT,DISTRIBUTION,RANGE,0.3646,0.7868,-0.01924507536211998,-0.243,0.802,1,,,0,1,0,0,1,1,2,OKX_MARCH_SHORT_740,CLEAR,74026.75,74165.55,74096.15,72614.23,75207.59,0,not_TREND_DOWN;prior_60m_not_negative;buyer_absorption,HYBRID_REJECT,M4_THIN_ONLY_PASS,REJECT
BTC-USDT-SWAP-LONG-1773798977000-9,OKX_MARCH,BTC-USDT-SWAP,2026-03-18,1773799202000,2026-03-18T02:00:02+00:00,LONG,ACCUMULATION,RANGE,0.1922,0.2202,0.27120228615995656,-0.1656,6.741,1,,,0,1,0,0,1,1,2,OKX_MARCH_LONG_742,CLEAR,73995.033975,74069.06602500001,74232.45,72747.8,75345.94,0,not_TREND_DOWN;not_SHORT;prior_60m_not_negative;buyer_absorption,HYBRID_REJECT,M4_THIN_ONLY_PASS,REJECT
BTC-USDT-SWAP-LONG-1773799629000-10,OKX_MARCH,BTC-USDT-SWAP,2026-03-18,1773800100000,2026-03-18T02:15:00+00:00,LONG,ACCUMULATION,RANGE,0.5002,0.5141,0.361333474931808,-0.0023,3.785,1,,,1,1,1,0,1,1,3,OKX_MARCH_LONG_743,CLEAR,74059.201875,74249.65,74307.85,72821.69,75422.47,0,not_TREND_DOWN;not_SHORT;prior_60m_not_negative;buyer_absorption,HYBRID_REJECT,M4_THIN_ONLY_PASS,REJECT
BTC-USDT-SWAP-SHORT-1773800297000-12,OKX_MARCH,BTC-USDT-SWAP,2026-03-18,1773800509000,2026-03-18T02:21:49+00:00,SHORT,DISTRIBUTION,RANGE,0.4873,0.3978,-0.05617381951167038,-0.0956,0.264,1,,,0,0,0,0,1,1,2,OKX_MARCH_SHORT_742,CLEAR,74182.939975,74257.160025,74220.05,72735.65,75333.35,0,not_TREND_DOWN;prior_60m_not_negative,HYBRID_REJECT,M4_THIN_ONLY_PASS,REJECT
BTC-USDT-SWAP-LONG-1773800100000-11,OKX_MARCH,BTC-USDT-SWAP,2026-03-18,1773801601000,2026-03-18T02:40:01+00:00,LONG,ACCUMULATION,RANGE,0.5488,0.216,0.22945603611861967,0.1787,0.341,1,,,1,1,1,1,1,1,4,OKX_MARCH_LONG_745,CLEAR,74134.95,74364.55,74525.65,73035.14,75643.53,0,not_TREND_DOWN;not_SHORT;prior_60m_not_negative;buyer_absorption,HYBRID_REJECT,M4_THIN_ONLY_PASS,REJECT
BTC-USDT-SWAP-SHORT-1773802038000-13,OKX_MARCH,BTC-USDT-SWAP,2026-03-18,1773803102000,2026-03-18T03:05:02+00:00,SHORT,DISTRIBUTION,RANGE,0.5752,0.3669,-0.20253215143333958,0.1084,0.586,1,,,1,0,1,1,1,1,4,OKX_MARCH_SHORT_738,CLEAR,74274.45,74399.95,73851.15,72374.13,74958.92,0,not_TREND_DOWN;prior_60m_not_negative,HYBRID_REJECT,M4_THIN_ONLY_PASS,REJECT
BTC-USDT-SWAP-SHORT-1773804588000-14,OKX_MARCH,BTC-USDT-SWAP,2026-03-18,1773804907000,2026-03-18T03:35:07+00:00,SHORT,DISTRIBUTION,RANGE,0.8592,0.3438,-0.045323660861799335,-0.2577,-2.217,1,,,1,1,1,0,0,1,2,OKX_MARCH_SHORT_735,CLEAR,74453.504625,74563.45,73552.45,72081.4,74655.74,0,not_TREND_DOWN;prior_60m_not_negative;buyer_absorption,HYBRID_REJECT,M4_THIN_ONLY_PASS,REJECT
BTC-USDT-SWAP-LONG-1773804825000-15,OKX_MARCH,BTC-USDT-SWAP,2026-03-18,1773805473000,2026-03-18T03:44:33+00:00,LONG,ACCUMULATION,RANGE,0.7772,0.1146,0.4831223443950492,-0.0341,-0.466,1,,,0,1,0,0,0,1,1,OKX_MARCH_LONG_745,CLEAR,74410.05,74644.35,74527.2,73036.66,75645.11,0,not_TREND_DOWN;not_SHORT;prior_60m_not_negative;buyer_absorption,HYBRID_REJECT,M4_THIN_ONLY_PASS,REJECT
BTC-USDT-SWAP-LONG-1773805473000-16,OKX_MARCH,BTC-USDT-SWAP,2026-03-18,1773805667000,2026-03-18T03:47:47+00:00,LONG,ACCUMULATION,RANGE,0.7566,0.0935,0.13952486989899435,-0.0707,-0.361,1,,,0,0,0,0,0,1,1,OKX_MARCH_LONG_744,CLEAR,74407.427675,74481.87232499999,74444.65,72955.76,75561.32,0,not_TREND_DOWN;not_SHORT;prior_60m_not_negative,HYBRID_REJECT,M4_THIN_ONLY_PASS,REJECT
BTC-USDT-SWAP-LONG-1773807129000-18,OKX_MARCH,BTC-USDT-SWAP,2026-03-18,1773807334000,2026-03-18T04:15:34+00:00,LONG,ACCUMULATION,RANGE,0.6828,0.1737,-0.142255299374173,-0.2395,-0.029,1,,,0,1,0,0,0,1,1,OKX_MARCH_LONG_743,CLEAR,74351.355725,74425.744275,74388.55,72900.78,75504.38,0,not_TREND_DOWN;not_SHORT;prior_60m_not_negative;buyer_absorption,HYBRID_REJECT,M4_THIN_ONLY_PASS,REJECT
BTC-USDT-SWAP-SHORT-1773806704000-17,OKX_MARCH,BTC-USDT-SWAP,2026-03-18,1773808660000,2026-03-18T04:37:40+00:00,SHORT,DISTRIBUTION,RANGE,0.3729,-0.5646,-0.21952468824342455,0.2313,0.52,1,,,1,0,1,1,1,1,4,OKX_MARCH_SHORT_740,CLEAR,74140.35,74456.459625,74092.25,72610.4,75203.63,0,not_TREND_DOWN,HYBRID_REJECT,M4_THIN_ONLY_PASS,REJECT
BTC-USDT-SWAP-SHORT-1773808660000-19,OKX_MARCH,BTC-USDT-SWAP,2026-03-18,1773808852000,2026-03-18T04:40:52+00:00,SHORT,DISTRIBUTION,RANGE,0.4094,-0.3817,-0.24676328242549433,0.2151,0.128,1,,,0,0,0,1,1,1,3,OKX_MARCH_SHORT_740,CLEAR,74108.976975,74200.45,74014.15,72533.87,75124.36,0,not_TREND_DOWN,HYBRID_REJECT,M4_THIN_ONLY_PASS,REJECT
BTC-USDT-SWAP-SHORT-1773814999000-20,OKX_MARCH,BTC-USDT-SWAP,2026-03-18,1773815490000,2026-03-18T06:31:30+00:00,SHORT,DISTRIBUTION,RANGE,0.4056,0.1084,0.12669684269349035,-0.3155,0.994,1,,,0,1,0,0,1,1,2,OKX_MARCH_SHORT_737,CLEAR,74029.51672500001,74192.55,73761.55,72286.32,74867.97,0,not_TREND_DOWN;prior_60m_not_negative;buyer_absorption,HYBRID_REJECT,M4_THIN_ONLY_PASS,REJECT
BTC-USDT-SWAP-SHORT-1773819697000-21,OKX_MARCH,BTC-USDT-SWAP,2026-03-18,1773819877000,2026-03-18T07:44:37+00:00,SHORT,DISTRIBUTION,RANGE,-0.235,-0.3827,-0.03220786544534035,0.0962,5.704,1,,,1,0,1,1,1,1,4,OKX_MARCH_SHORT_737,CLEAR,73661.600775,73779.55,73720.58,72246.16,74826.38,0,not_TREND_DOWN,HYBRID_REJECT,M4_THIN_ONLY_PASS,REJECT
BTC-USDT-SWAP-SHORT-1773819792000-22,OKX_MARCH,BTC-USDT-SWAP,2026-03-18,1773820023000,2026-03-18T07:47:03+00:00,SHORT,DISTRIBUTION,RANGE,-0.2308,-0.4526,0.12592768215911315,0.0401,0.958,1,,,1,0,1,1,1,1,4,OKX_MARCH_SHORT_737,CLEAR,73660.25,73794.628875,73727.44,72252.89,74833.35,0,not_TREND_DOWN,HYBRID_REJECT,M4_THIN_ONLY_PASS,REJECT
BTC-USDT-SWAP-SHORT-1773834370000-25,OKX_MARCH,BTC-USDT-SWAP,2026-03-18,1773834550000,2026-03-18T11:49:10+00:00,SHORT,DISTRIBUTION,RANGE,-1.1402,-1.1347,-0.0417723941947609,0.1355,0.31,1,,,0,0,0,1,1,1,3,OKX_MARCH_SHORT_724,CLEAR,72960.95,73057.460475,72425.65,70977.14,73512.03,0,not_TREND_DOWN,HYBRID_REJECT,M4_THIN_ONLY_PASS,REJECT
BTC-USDT-SWAP-SHORT-1773834431000-26,OKX_MARCH,BTC-USDT-SWAP,2026-03-18,1773834753000,2026-03-18T11:52:33+00:00,SHORT,DISTRIBUTION,RANGE,-1.1827,-1.1941,-0.4683398768685607,0.0583,-0.01,1,,,1,0,1,1,0,1,3,OKX_MARCH_SHORT_727,CLEAR,72927.368075,73102.05,72709.95,71255.75,73800.6,0,not_TREND_DOWN,HYBRID_REJECT,M4_THIN_ONLY_PASS,REJECT
BTC-USDT-SWAP-LONG-1773834114000-23,OKX_MARCH,BTC-USDT-SWAP,2026-03-18,1773835261000,2026-03-18T12:01:01+00:00,LONG,ACCUMULATION,RANGE,-1.258,-1.2654,0.09516578836623563,-0.1376,0.073,1,,,0,1,0,0,1,1,2,OKX_MARCH_LONG_729,CLEAR,72822.35,73102.05,72962.2,71502.96,74056.63,0,not_TREND_DOWN;not_SHORT;buyer_absorption,HYBRID_REJECT,M4_THIN_ONLY_PASS,REJECT
BTC-USDT-SWAP-LONG-1773834139000-24,OKX_MARCH,BTC-USDT-SWAP,2026-03-18,1773835261000,2026-03-18T12:01:01+00:00,LONG,ACCUMULATION,RANGE,-1.258,-1.2654,-0.31938363179991675,-0.1376,0.073,1,,,0,1,0,0,1,1,2,OKX_MARCH_LONG_729,CLEAR,72822.35,73102.05,72962.2,71502.96,74056.63,0,not_TREND_DOWN;not_SHORT;buyer_absorption,HYBRID_REJECT,M4_THIN_ONLY_PASS,REJECT
BTC-USDT-SWAP-SHORT-1773835688000-27,OKX_MARCH,BTC-USDT-SWAP,2026-03-18,1773836170000,2026-03-18T12:16:10+00:00,SHORT,DISTRIBUTION,RANGE,-1.5281,-1.6452,-0.33987884901102233,0.1515,0.458,1,,,1,0,1,1,1,1,4,OKX_MARCH_SHORT_725,CLEAR,72640.85,72853.358475,72565.05,71113.75,73653.53,0,not_TREND_DOWN,HYBRID_REJECT,M4_THIN_ONLY_PASS,REJECT
BTC-USDT-SWAP-SHORT-1773836170000-28,OKX_MARCH,BTC-USDT-SWAP,2026-03-18,1773836848000,2026-03-18T12:27:28+00:00,SHORT,DISTRIBUTION,RANGE,-1.4825,-1.2587,0.056244341663162625,-0.1439,-0.075,1,,,0,1,0,0,0,1,1,OKX_MARCH_SHORT_725,CLEAR,72654.35,72846.45,72539.95,71089.15,73628.05,0,not_TREND_DOWN;buyer_absorption,HYBRID_REJECT,M4_THIN_ONLY_PASS,REJECT
BTC-USDT-SWAP-SHORT-1773837656000-30,OKX_MARCH,BTC-USDT-SWAP,2026-03-18,1773837926000,2026-03-18T12:45:26+00:00,SHORT,DISTRIBUTION,RANGE,-2.0899,-1.0548,-0.12379435870247855,0.0543,18.037,1,,,1,0,1,1,1,1,4,OKX_MARCH_SHORT_720,CLEAR,72316.65,72497.35,72092.55,70650.7,73173.94,0,not_TREND_DOWN,HYBRID_REJECT,M4_THIN_ONLY_PASS,REJECT
BTC-USDT-SWAP-SHORT-1773837926000-31,OKX_MARCH,BTC-USDT-SWAP,2026-03-18,1773838106000,2026-03-18T12:48:26+00:00,SHORT,DISTRIBUTION,RANGE,-2.0989,-0.9311,-0.11052453913442561,-0.1785,12.199,1,,,1,1,1,0,1,1,3,OKX_MARCH_SHORT_721,CLEAR,72269.05,72381.05,72164.65,70721.36,73247.12,0,not_TREND_DOWN;buyer_absorption,HYBRID_REJECT,M4_THIN_ONLY_PASS,REJECT
BTC-USDT-SWAP-LONG-1773836450000-29,OKX_MARCH,BTC-USDT-SWAP,2026-03-18,1773839048000,2026-03-18T13:04:08+00:00,LONG,ACCUMULATION,RANGE,-2.0808,-0.7033,0.3157206732481145,-0.0549,0.107,1,,,0,1,0,0,1,1,2,OKX_MARCH_LONG_724,CLEAR,72080.05,72846.45,72463.25,71013.99,73550.2,0,not_TREND_DOWN;not_SHORT;buyer_absorption,HYBRID_REJECT,M4_THIN_ONLY_PASS,REJECT
BTC-USDT-SWAP-SHORT-1773842088000-33,OKX_MARCH,BTC-USDT-SWAP,2026-03-18,1773843109000,2026-03-18T14:11:49+00:00,SHORT,DISTRIBUTION,TREND_DOWN,-2.5795,-0.4377,-0.3818666239765814,0.03,0.67,1,,,1,0,1,1,1,1,4,OKX_MARCH_SHORT_717,CLEAR,71841.95,72184.15,71788.15,70352.39,72864.97,1,,HYBRID_PASS,M4_THIN_ONLY_PASS,ACCEPT
BTC-USDT-SWAP-SHORT-1773842025000-32,OKX_MARCH,BTC-USDT-SWAP,2026-03-18,1773843109000,2026-03-18T14:11:49+00:00,SHORT,DISTRIBUTION,TREND_DOWN,-2.5795,-0.4377,0.1680165753426725,0.03,0.67,1,,,1,0,1,1,1,1,4,OKX_MARCH_SHORT_717,ACTIVE,71841.95,72207.635775,71750.05,70315.05,72826.3,1,duplicate_cluster_or_cooldown,HYBRID_PASS,M4_THIN_ONLY_PASS,REJECT
BTC-USDT-SWAP-LONG-1773842911000-34,OKX_MARCH,BTC-USDT-SWAP,2026-03-18,1773843528000,2026-03-18T14:18:48+00:00,LONG,ACCUMULATION,TREND_DOWN,-2.6791,-0.5307,-0.15735043068688048,-0.0193,0.763,1,,,0,0,0,0,1,1,2,OKX_MARCH_LONG_719,CLEAR,71820.05,72124.95,71972.5,70533.05,73052.09,0,not_SHORT,HYBRID_REJECT,M4_THIN_ONLY_PASS,REJECT
BTC-USDT-SWAP-LONG-1773843528000-35,OKX_MARCH,BTC-USDT-SWAP,2026-03-18,1773843708000,2026-03-18T14:21:48+00:00,LONG,ACCUMULATION,TREND_DOWN,-2.7076,-0.678,0.05524059064761864,-0.0173,1.451,1,,,0,0,0,0,1,1,2,OKX_MARCH_LONG_718,CLEAR,71848.85,71929.95,71889.4,70451.61,72967.74,0,not_SHORT,HYBRID_REJECT,M4_THIN_ONLY_PASS,REJECT
BTC-USDT-SWAP-SHORT-1773844698000-36,OKX_MARCH,BTC-USDT-SWAP,2026-03-18,1773844878000,2026-03-18T14:41:18+00:00,SHORT,DISTRIBUTION,TREND_DOWN,-3.0516,-1.1995,-0.39529567156630496,0.1227,8.147,1,,,1,0,1,1,1,1,4,OKX_MARCH_SHORT_714,ACTIVE,71547.45,71772.018075,71493.65,70063.78,72566.05,1,duplicate_cluster_or_cooldown,HYBRID_PASS,M4_THIN_ONLY_PASS,REJECT
BTC-USDT-SWAP-SHORT-1773844720000-37,OKX_MARCH,BTC-USDT-SWAP,2026-03-18,1773844900000,2026-03-18T14:41:40+00:00,SHORT,DISTRIBUTION,TREND_DOWN,-3.0422,-1.1207,-0.3037014739405072,0.1196,8.735,1,,,1,0,1,1,1,1,4,OKX_MARCH_SHORT_714,CLEAR,71547.45,71707.986075,71472.35,70042.9,72544.44,1,,HYBRID_PASS,M4_THIN_ONLY_PASS,ACCEPT
BTC-USDT-SWAP-SHORT-1773844837000-39,OKX_MARCH,BTC-USDT-SWAP,2026-03-18,1773845430000,2026-03-18T14:50:30+00:00,SHORT,DISTRIBUTION,TREND_DOWN,-3.1598,-0.8851,0.20519973179468662,0.018,0.016,1,,,1,1,1,1,1,1,4,OKX_MARCH_SHORT_713,CLEAR,71446.75,71629.55,71350.05,69923.05,72420.3,0,buyer_absorption,HYBRID_REJECT,M4_THIN_ONLY_PASS,REJECT
BTC-USDT-SWAP-SHORT-1773844787000-38,OKX_MARCH,BTC-USDT-SWAP,2026-03-18,1773845430000,2026-03-18T14:50:30+00:00,SHORT,DISTRIBUTION,TREND_DOWN,-3.1598,-0.8851,-0.09580894742470436,0.018,0.016,1,,,1,0,1,1,1,1,4,OKX_MARCH_SHORT_713,ACTIVE,71446.75,71640.85252500001,71321.45,69895.02,72391.27,1,duplicate_cluster_or_cooldown,HYBRID_PASS,M4_THIN_ONLY_PASS,REJECT
BTC-USDT-SWAP-SHORT-1773846814000-40,OKX_MARCH,BTC-USDT-SWAP,2026-03-18,1773846994000,2026-03-18T15:16:34+00:00,SHORT,DISTRIBUTION,TREND_DOWN,-3.7755,-1.129,0.15700387160645746,-0.0803,8.05,1,,,0,0,0,0,1,1,2,OKX_MARCH_SHORT_710,ACTIVE,70947.45,71159.812125,71053.63,69632.56,72119.44,1,duplicate_cluster_or_cooldown,HYBRID_PASS,M4_THIN_ONLY_PASS,REJECT
BTC-USDT-SWAP-SHORT-1773846823000-41,OKX_MARCH,BTC-USDT-SWAP,2026-03-18,1773847003000,2026-03-18T15:16:43+00:00,SHORT,DISTRIBUTION,TREND_DOWN,-3.7463,-1.0667,-0.05058073380708028,-0.0851,5.422,1,,,0,0,0,0,1,1,2,OKX_MARCH_SHORT_710,ACTIVE,70947.45,71133.25,71040.35,69619.54,72105.96,1,duplicate_cluster_or_cooldown,HYBRID_PASS,M4_THIN_ONLY_PASS,REJECT
BTC-USDT-SWAP-LONG-1773848497000-43,OKX_MARCH,BTC-USDT-SWAP,2026-03-18,1773848850000,2026-03-18T15:47:30+00:00,LONG,ACCUMULATION,TREND_DOWN,-3.5209,-0.3451,0.1264264748772875,-0.0166,2.477,1,,,0,0,0,0,1,1,2,OKX_MARCH_LONG_714,CLEAR,71178.45,71394.429375,71455.15,70026.05,72526.98,0,not_SHORT,HYBRID_REJECT,M4_THIN_ONLY_PASS,REJECT
BTC-USDT-SWAP-SHORT-1773847388000-42,OKX_MARCH,BTC-USDT-SWAP,2026-03-18,1773849364000,2026-03-18T15:56:04+00:00,SHORT,DISTRIBUTION,TREND_DOWN,-3.3633,-0.0136,0.19375418519937904,-0.0385,0.542,1,,,0,0,0,0,1,1,2,OKX_MARCH_SHORT_712,ACTIVE,71148.457975,71441.95,71295.2,69869.3,72364.63,1,duplicate_cluster_or_cooldown,HYBRID_PASS,M4_THIN_ONLY_PASS,REJECT
BTC-USDT-SWAP-SHORT-1773849364000-44,OKX_MARCH,BTC-USDT-SWAP,2026-03-18,1773849604000,2026-03-18T16:00:04+00:00,SHORT,DISTRIBUTION,TREND_DOWN,-3.3445,0.2737,-0.11927185335622571,-0.1204,1.078,1,,,1,1,1,0,1,1,3,OKX_MARCH_SHORT_713,CLEAR,71350.45692499999,71490.15,71310.65,69884.44,72380.31,0,prior_60m_not_negative;buyer_absorption,HYBRID_REJECT,M4_THIN_ONLY_PASS,REJECT
BTC-USDT-SWAP-LONG-1773854692000-45,OKX_MARCH,BTC-USDT-SWAP,2026-03-18,1773855334000,2026-03-18T17:35:34+00:00,LONG,ACCUMULATION,TREND_DOWN,-3.2811,0.5949,0.12081519900675748,-0.0518,7.541,1,,,1,0,1,0,1,1,3,OKX_MARCH_LONG_716,CLEAR,71308.35,71476.15,71609.25,70177.07,72683.39,0,not_SHORT;prior_60m_not_negative,HYBRID_REJECT,M4_THIN_ONLY_PASS,REJECT
BTC-USDT-SWAP-LONG-1773856508000-46,OKX_MARCH,BTC-USDT-SWAP,2026-03-18,1773857693000,2026-03-18T18:14:53+00:00,LONG,ACCUMULATION,TREND_DOWN,-2.7631,0.8276,0.17502999620248366,0.1729,1.499,1,,,1,0,1,1,1,1,4,OKX_MARCH_LONG_717,CLEAR,71526.05,71932.35,71729.2,70294.62,72805.14,0,not_SHORT;prior_60m_not_negative,HYBRID_REJECT,M4_THIN_ONLY_PASS,REJECT
BTC-USDT-SWAP-SHORT-1773857396000-47,OKX_MARCH,BTC-USDT-SWAP,2026-03-18,1773857918000,2026-03-18T18:18:38+00:00,SHORT,DISTRIBUTION,TREND_DOWN,-2.9521,0.6334,-0.0703667650697801,-0.0674,11.306,1,,,1,0,1,0,1,1,3,OKX_MARCH_SHORT_710,CLEAR,71615.85,71887.95,71078.05,69656.49,72144.22,0,prior_60m_not_negative,HYBRID_REJECT,M4_THIN_ONLY_PASS,REJECT
BTC-USDT-SWAP-LONG-1773857693000-48,OKX_MARCH,BTC-USDT-SWAP,2026-03-18,1773858287000,2026-03-18T18:24:47+00:00,LONG,ACCUMULATION,TREND_DOWN,-3.1092,0.2038,0.30784973922228825,-0.1156,0.969,1,,,0,1,0,0,1,1,2,OKX_MARCH_LONG_716,CLEAR,71511.05,71873.168625,71692.11,70258.27,72767.49,0,not_SHORT;prior_60m_not_negative;buyer_absorption,HYBRID_REJECT,M4_THIN_ONLY_PASS,REJECT
BTC-USDT-SWAP-SHORT-1773861038000-49,OKX_MARCH,BTC-USDT-SWAP,2026-03-18,1773861267000,2026-03-18T19:14:27+00:00,SHORT,DISTRIBUTION,TREND_DOWN,-3.49,-0.714,-0.1981466404593776,-0.2515,1.877,1,,,1,1,1,0,1,1,3,OKX_MARCH_SHORT_711,CLEAR,71250.05,71354.409375,71189.65,69765.86,72257.49,0,buyer_absorption,HYBRID_REJECT,M4_THIN_ONLY_PASS,REJECT
BTC-USDT-SWAP-SHORT-1773861090000-50,OKX_MARCH,BTC-USDT-SWAP,2026-03-18,1773861270000,2026-03-18T19:14:30+00:00,SHORT,DISTRIBUTION,TREND_DOWN,-3.474,-0.6974,-0.061035937546586864,-0.2331,2.568,1,,,0,1,0,0,1,1,2,OKX_MARCH_SHORT_711,CLEAR,71221.621375,71325.95,71156.15,69733.03,72223.49,0,buyer_absorption,HYBRID_REJECT,M4_THIN_ONLY_PASS,REJECT
BTC-USDT-SWAP-SHORT-1773862102000-51,OKX_MARCH,BTC-USDT-SWAP,2026-03-18,1773862291000,2026-03-18T19:31:31+00:00,SHORT,DISTRIBUTION,TREND_DOWN,-3.6184,-0.7595,-0.24341351694668295,-0.1097,3.408,1,,,1,1,1,0,1,1,3,OKX_MARCH_SHORT_711,CLEAR,71163.95,71315.85,71101.45,69679.42,72167.97,0,buyer_absorption,HYBRID_REJECT,M4_THIN_ONLY_PASS,REJECT
BTC-USDT-SWAP-SHORT-1773863194000-52,OKX_MARCH,BTC-USDT-SWAP,2026-03-18,1773863376000,2026-03-18T19:49:36+00:00,SHORT,DISTRIBUTION,TREND_DOWN,-3.9181,-0.5819,-0.08583497641712069,-0.0683,1.806,1,,,1,0,1,0,1,1,3,OKX_MARCH_SHORT_707,ACTIVE,70977.05,71070.967725,70735.05,69320.35,71796.08,1,duplicate_cluster_or_cooldown,HYBRID_PASS,M4_THIN_ONLY_PASS,REJECT
BTC-USDT-SWAP-SHORT-1773863225000-53,OKX_MARCH,BTC-USDT-SWAP,2026-03-18,1773865224000,2026-03-18T20:20:24+00:00,SHORT,DISTRIBUTION,TREND_DOWN,-4.2002,-0.8019,-0.08966129565623097,0.2265,-0.0,1,,,1,0,1,1,0,1,3,OKX_MARCH_SHORT_709,ACTIVE,70455.75,71375.15,70915.45,69497.14,71979.18,1,duplicate_cluster_or_cooldown,HYBRID_PASS,M4_THIN_ONLY_PASS,REJECT
BTC-USDT-SWAP-SHORT-1773865224000-55,OKX_MARCH,BTC-USDT-SWAP,2026-03-18,1773865410000,2026-03-18T20:23:30+00:00,SHORT,DISTRIBUTION,TREND_DOWN,-4.1621,-0.6759,0.17604341598665,0.0966,-0.0,1,,,0,0,0,1,0,1,2,OKX_MARCH_SHORT_707,ACTIVE,70728.568025,70809.95,70769.26,69353.87,71830.8,1,duplicate_cluster_or_cooldown,HYBRID_PASS,M4_THIN_ONLY_PASS,REJECT
BTC-USDT-SWAP-SHORT-1773866301000-56,OKX_MARCH,BTC-USDT-SWAP,2026-03-18,1773866481000,2026-03-18T20:41:21+00:00,SHORT,DISTRIBUTION,TREND_DOWN,-3.694,0.1577,0.2680775139509327,-0.3127,2.425,1,,,1,1,1,0,1,1,3,OKX_MARCH_SHORT_711,CLEAR,70910.05,71375.15,71142.6,69719.75,72209.74,0,prior_60m_not_negative;buyer_absorption,HYBRID_REJECT,M4_THIN_ONLY_PASS,REJECT
BTC-USDT-SWAP-LONG-1773864839000-54,OKX_MARCH,BTC-USDT-SWAP,2026-03-18,1773866763000,2026-03-18T20:46:03+00:00,LONG,ACCUMULATION,TREND_DOWN,-3.6873,0.1609,0.20447142509492494,0.2094,0.79,1,,,1,1,1,1,1,1,4,OKX_MARCH_LONG_709,CLEAR,70564.749975,71375.15,70969.95,69550.55,72034.5,0,not_SHORT;prior_60m_not_negative;buyer_absorption,HYBRID_REJECT,M4_THIN_ONLY_PASS,REJECT
BTC-USDT-SWAP-LONG-1773866763000-57,OKX_MARCH,BTC-USDT-SWAP,2026-03-18,1773866961000,2026-03-18T20:49:21+00:00,LONG,ACCUMULATION,TREND_DOWN,-3.6989,0.1846,0.11809943639230579,0.0286,2.269,1,,,0,0,0,1,1,1,3,OKX_MARCH_LONG_711,CLEAR,70910.05,71375.15,71142.6,69719.75,72209.74,0,not_SHORT;prior_60m_not_negative,HYBRID_REJECT,M4_THIN_ONLY_PASS,REJECT
BTC-USDT-SWAP-LONG-1773878683000-1,OKX_MARCH,BTC-USDT-SWAP,2026-03-19,1773879309000,2026-03-19T00:15:09+00:00,LONG,ACCUMULATION,TREND_DOWN,-3.7993,0.0648,0.21273061528774018,-0.0587,0.95,1,,,1,1,1,0,1,1,3,OKX_MARCH_LONG_713,CLEAR,71052.85,71270.35,71349.95,69922.95,72420.2,0,not_SHORT;prior_60m_not_negative;buyer_absorption,HYBRID_REJECT,M4_THIN_ONLY_PASS,REJECT
BTC-USDT-SWAP-SHORT-1773879450000-2,OKX_MARCH,BTC-USDT-SWAP,2026-03-19,1773879630000,2026-03-19T00:20:30+00:00,SHORT,DISTRIBUTION,TREND_DOWN,-3.7549,0.0151,-0.17112488323957356,0.102,10.92,1,,,1,0,1,1,1,1,4,OKX_MARCH_SHORT_710,CLEAR,71075.59442499999,71146.705575,71029.05,69608.47,72094.49,0,prior_60m_not_negative,HYBRID_REJECT,M4_THIN_ONLY_PASS,REJECT
BTC-USDT-SWAP-LONG-1773881185000-3,OKX_MARCH,BTC-USDT-SWAP,2026-03-19,1773881365000,2026-03-19T00:49:25+00:00,LONG,ACCUMULATION,TREND_DOWN,-3.6762,-0.3416,0.05251939692620775,-0.1374,1.939,1,,,1,1,1,0,1,1,3,OKX_MARCH_LONG_711,CLEAR,70995.134675,71083.25,71119.95,69697.55,72186.75,0,not_SHORT;buyer_absorption,HYBRID_REJECT,M4_THIN_ONLY_PASS,REJECT
BTC-USDT-SWAP-SHORT-1773882002000-4,OKX_MARCH,BTC-USDT-SWAP,2026-03-19,1773882264000,2026-03-19T01:04:24+00:00,SHORT,DISTRIBUTION,TREND_DOWN,-3.9516,-0.2879,-0.09849081740163705,-0.1079,-0.682,1,,,1,1,1,0,0,1,2,OKX_MARCH_SHORT_710,CLEAR,70964.050225,71075.45,71019.75,69599.36,72085.05,0,buyer_absorption,HYBRID_REJECT,M4_THIN_ONLY_PASS,REJECT
BTC-USDT-SWAP-SHORT-1773882324000-5,OKX_MARCH,BTC-USDT-SWAP,2026-03-19,1773882504000,2026-03-19T01:08:24+00:00,SHORT,DISTRIBUTION,TREND_DOWN,-3.7925,-0.26,0.14011880071487348,-0.3073,2.693,1,,,0,1,0,0,1,1,2,OKX_MARCH_SHORT_709,CLEAR,70908.178175,71049.95,70979.06,69559.48,72043.75,0,buyer_absorption,HYBRID_REJECT,M4_THIN_ONLY_PASS,REJECT
BTC-USDT-SWAP-LONG-1773883030000-6,OKX_MARCH,BTC-USDT-SWAP,2026-03-19,1773883304000,2026-03-19T01:21:44+00:00,LONG,ACCUMULATION,TREND_DOWN,-3.9822,-0.1602,0.03832933793224876,0.0015,-0.289,1,,,1,0,1,1,0,1,3,OKX_MARCH_LONG_711,CLEAR,70930.56697500001,71049.95,71126.95,69704.41,72193.85,0,not_SHORT,HYBRID_REJECT,M4_THIN_ONLY_PASS,REJECT
BTC-USDT-SWAP-SHORT-1773886593000-7,OKX_MARCH,BTC-USDT-SWAP,2026-03-19,1773886969000,2026-03-19T02:22:49+00:00,SHORT,DISTRIBUTION,TREND_DOWN,-4.0413,0.2632,0.10054992028943623,-0.15,1.369,1,,,0,1,0,0,1,1,2,OKX_MARCH_SHORT_710,CLEAR,71101.15,71212.85,71039.15,69618.37,72104.74,0,prior_60m_not_negative;buyer_absorption,HYBRID_REJECT,M4_THIN_ONLY_PASS,REJECT
BTC-USDT-SWAP-LONG-1773890712000-8,OKX_MARCH,BTC-USDT-SWAP,2026-03-19,1773890906000,2026-03-19T03:28:26+00:00,LONG,ACCUMULATION,TREND_DOWN,-4.0242,0.503,0.24058684636941854,0.1859,0.449,1,,,1,1,1,1,1,1,4,OKX_MARCH_LONG_714,CLEAR,71398.95,71530.197225,71464.57,70035.28,72536.54,0,not_SHORT;prior_60m_not_negative;buyer_absorption,HYBRID_REJECT,M4_THIN_ONLY_PASS,REJECT
BTC-USDT-SWAP-SHORT-1773891003000-9,OKX_MARCH,BTC-USDT-SWAP,2026-03-19,1773891608000,2026-03-19T03:40:08+00:00,SHORT,DISTRIBUTION,TREND_DOWN,-4.23,0.1429,-0.06492809160116264,0.0551,3.375,1,,,1,0,1,1,1,1,4,OKX_MARCH_SHORT_708,CLEAR,71251.75,71499.95,70807.65,69391.5,71869.76,0,prior_60m_not_negative,HYBRID_REJECT,M4_THIN_ONLY_PASS,REJECT
BTC-USDT-SWAP-SHORT-1773891095000-10,OKX_MARCH,BTC-USDT-SWAP,2026-03-19,1773891608000,2026-03-19T03:40:08+00:00,SHORT,DISTRIBUTION,TREND_DOWN,-4.23,0.1429,0.02620765932473659,0.0551,3.375,1,,,1,0,1,1,1,1,4,OKX_MARCH_SHORT_707,CLEAR,71251.75,71427.245775,70796.35,69380.42,71858.3,0,prior_60m_not_negative,HYBRID_REJECT,M4_THIN_ONLY_PASS,REJECT
BTC-USDT-SWAP-SHORT-1773891608000-11,OKX_MARCH,BTC-USDT-SWAP,2026-03-19,1773892383000,2026-03-19T03:53:03+00:00,SHORT,DISTRIBUTION,TREND_DOWN,-4.252,0.2331,0.051136740079279104,0.01,0.798,1,,,1,0,1,1,1,1,4,OKX_MARCH_SHORT_709,CLEAR,71169.05,71304.484425,70901.35,69483.32,71964.87,0,prior_60m_not_negative,HYBRID_REJECT,M4_THIN_ONLY_PASS,REJECT
BTC-USDT-SWAP-SHORT-1773893807000-13,OKX_MARCH,BTC-USDT-SWAP,2026-03-19,1773893987000,2026-03-19T04:19:47+00:00,SHORT,DISTRIBUTION,TREND_DOWN,-4.7448,-1.0639,-0.015145770882493973,0.1258,2.749,1,,,1,0,1,1,1,1,4,OKX_MARCH_SHORT_706,CLEAR,70789.637475,70909.05,70688.85,69275.07,71749.18,1,,HYBRID_PASS,M4_THIN_ONLY_PASS,ACCEPT
BTC-USDT-SWAP-LONG-1773893554000-12,OKX_MARCH,BTC-USDT-SWAP,2026-03-19,1773894697000,2026-03-19T04:31:37+00:00,LONG,ACCUMULATION,TREND_DOWN,-4.7517,-1.0144,-0.10306519140048499,-0.1037,1.029,1,,,0,1,0,0,1,1,2,OKX_MARCH_LONG_707,CLEAR,70628.05,70909.05,70768.55,69353.18,71830.08,0,not_SHORT;buyer_absorption,HYBRID_REJECT,M4_THIN_ONLY_PASS,REJECT
BTC-USDT-SWAP-SHORT-1773894114000-14,OKX_MARCH,BTC-USDT-SWAP,2026-03-19,1773895083000,2026-03-19T04:38:03+00:00,SHORT,DISTRIBUTION,TREND_DOWN,-4.5935,-0.8039,-0.0940951448969152,0.0437,0.066,1,,,0,0,0,1,1,1,3,OKX_MARCH_SHORT_705,ACTIVE,70628.05,70812.95,70564.45,69153.16,71622.92,1,duplicate_cluster_or_cooldown,HYBRID_PASS,M4_THIN_ONLY_PASS,REJECT
BTC-USDT-SWAP-LONG-1773894697000-15,OKX_MARCH,BTC-USDT-SWAP,2026-03-19,1773895415000,2026-03-19T04:43:35+00:00,LONG,ACCUMULATION,TREND_DOWN,-4.6061,-0.6324,0.01992644309916206,0.0574,0.976,1,,,1,0,1,1,1,1,4,OKX_MARCH_LONG_707,CLEAR,70631.916375,70804.85,70718.38,69304.02,71779.16,0,not_SHORT,HYBRID_REJECT,M4_THIN_ONLY_PASS,REJECT
BTC-USDT-SWAP-LONG-1773902340000-16,OKX_MARCH,BTC-USDT-SWAP,2026-03-19,1773903689000,2026-03-19T07:01:29+00:00,LONG,ACCUMULATION,TREND_DOWN,-4.5589,-0.388,0.036914684775953305,-0.3655,-0.079,1,,,0,1,0,0,0,1,1,OKX_MARCH_LONG_705,CLEAR,70462.79999999999,70704.45,70583.62,69171.95,71642.38,0,not_SHORT;buyer_absorption,HYBRID_REJECT,M4_THIN_ONLY_PASS,REJECT
BTC-USDT-SWAP-LONG-1773903689000-17,OKX_MARCH,BTC-USDT-SWAP,2026-03-19,1773903955000,2026-03-19T07:05:55+00:00,LONG,ACCUMULATION,TREND_DOWN,-4.6297,-0.3595,0.2153003390718493,-0.3844,0.634,1,,,1,1,1,0,1,1,3,OKX_MARCH_LONG_704,CLEAR,70310.45,70567.716225,70439.08,69030.3,71495.67,0,not_SHORT;buyer_absorption,HYBRID_REJECT,M4_THIN_ONLY_PASS,REJECT
BTC-USDT-SWAP-LONG-1773907331000-19,OKX_MARCH,BTC-USDT-SWAP,2026-03-19,1773907866000,2026-03-19T08:11:06+00:00,LONG,ACCUMULATION,TREND_DOWN,-5.1096,-0.0057,0.19465608626914666,-0.1202,0.423,1,,,0,1,0,0,1,1,2,OKX_MARCH_LONG_703,CLEAR,70068.05,70259.95,70306.15,68900.03,71360.74,0,not_SHORT;buyer_absorption,HYBRID_REJECT,M4_THIN_ONLY_PASS,REJECT
BTC-USDT-SWAP-LONG-1773907866000-20,OKX_MARCH,BTC-USDT-SWAP,2026-03-19,1773908261000,2026-03-19T08:17:41+00:00,LONG,ACCUMULATION,TREND_DOWN,-5.1637,0.3558,0.1992308243674445,-0.0703,0.285,1,,,0,0,0,0,1,1,2,OKX_MARCH_LONG_702,CLEAR,70066.199375,70219.95,70262.25,68857.01,71316.18,0,not_SHORT;prior_60m_not_negative,HYBRID_REJECT,M4_THIN_ONLY_PASS,REJECT
BTC-USDT-SWAP-LONG-1773909084000-21,OKX_MARCH,BTC-USDT-SWAP,2026-03-19,1773909308000,2026-03-19T08:35:08+00:00,LONG,ACCUMULATION,TREND_DOWN,-5.3826,0.1018,0.3556157817961894,-0.2082,0.689,1,,,0,1,0,0,1,1,2,OKX_MARCH_LONG_701,CLEAR,70009.827575,70079.95,70118.15,68715.79,71169.92,0,not_SHORT;prior_60m_not_negative;buyer_absorption,HYBRID_REJECT,M4_THIN_ONLY_PASS,REJECT
BTC-USDT-SWAP-LONG-1773910669000-22,OKX_MARCH,BTC-USDT-SWAP,2026-03-19,1773910849000,2026-03-19T09:00:49+00:00,LONG,ACCUMULATION,TREND_DOWN,-5.3951,-0.2437,-0.02492165058818269,-0.0316,14.906,1,,,1,0,1,0,1,1,3,OKX_MARCH_LONG_701,CLEAR,69895.45,70053.05,70114.25,68711.96,71165.96,0,not_SHORT,HYBRID_REJECT,M4_THIN_ONLY_PASS,REJECT
BTC-USDT-SWAP-LONG-1773910814000-23,OKX_MARCH,BTC-USDT-SWAP,2026-03-19,1773911884000,2026-03-19T09:18:04+00:00,LONG,ACCUMULATION,TREND_DOWN,-5.5655,-0.2693,0.11903896466606732,-0.1814,1.623,1,,,0,1,0,0,1,1,2,OKX_MARCH_LONG_702,CLEAR,69936.45,70123.95,70215.85,68811.53,71269.09,0,not_SHORT;buyer_absorption,HYBRID_REJECT,M4_THIN_ONLY_PASS,REJECT
BTC-USDT-SWAP-SHORT-1773912406000-24,OKX_MARCH,BTC-USDT-SWAP,2026-03-19,1773912611000,2026-03-19T09:30:11+00:00,SHORT,DISTRIBUTION,TREND_DOWN,-5.2087,0.3343,-0.04161232476906846,-0.1692,0.028,1,,,0,1,0,0,1,1,2,OKX_MARCH_SHORT_696,CLEAR,70105.679625,70289.95,69636.75,68244.01,70681.3,0,prior_60m_not_negative;buyer_absorption,HYBRID_REJECT,M4_THIN_ONLY_PASS,REJECT
BTC-USDT-SWAP-SHORT-1773913555000-25,OKX_MARCH,BTC-USDT-SWAP,2026-03-19,1773914013000,2026-03-19T09:53:33+00:00,SHORT,DISTRIBUTION,TREND_DOWN,-4.9611,0.6772,-0.17079348673781408,-0.0834,4.386,1,,,1,0,1,0,1,1,3,OKX_MARCH_SHORT_697,CLEAR,70348.758025,70518.15,69749.85,68354.85,70796.1,0,prior_60m_not_negative,HYBRID_REJECT,M4_THIN_ONLY_PASS,REJECT
BTC-USDT-SWAP-LONG-1773913788000-26,OKX_MARCH,BTC-USDT-SWAP,2026-03-19,1773914772000,2026-03-19T10:06:12+00:00,LONG,ACCUMULATION,TREND_DOWN,-4.9128,0.5664,0.24778903740376323,0.226,0.18,1,,,0,1,0,1,1,1,3,OKX_MARCH_LONG_704,CLEAR,70377.15,70518.15,70447.65,69038.7,71504.36,0,not_SHORT;prior_60m_not_negative;buyer_absorption,HYBRID_REJECT,M4_THIN_ONLY_PASS,REJECT
BTC-USDT-SWAP-SHORT-1773918340000-27,OKX_MARCH,BTC-USDT-SWAP,2026-03-19,1773918592000,2026-03-19T11:09:52+00:00,SHORT,DISTRIBUTION,TREND_DOWN,-5.1264,-0.4033,-0.2943016783950588,-0.0947,2.596,1,,,0,0,0,0,1,1,2,OKX_MARCH_SHORT_700,CLEAR,70049.60767499999,70127.45,70007.75,68607.6,71057.87,1,,HYBRID_PASS,M4_THIN_ONLY_PASS,ACCEPT
BTC-USDT-SWAP-SHORT-1773922559000-28,OKX_MARCH,BTC-USDT-SWAP,2026-03-19,1773922810000,2026-03-19T12:20:10+00:00,SHORT,DISTRIBUTION,TREND_DOWN,-4.1945,-0.6915,-0.21864764202680742,-0.0787,8.796,1,,,0,0,0,0,1,1,2,OKX_MARCH_SHORT_693,ACTIVE,69567.35,69717.991575,69378.35,67990.78,70419.03,1,duplicate_cluster_or_cooldown,HYBRID_PASS,M4_THIN_ONLY_PASS,REJECT
BTC-USDT-SWAP-SHORT-1773925165000-29,OKX_MARCH,BTC-USDT-SWAP,2026-03-19,1773925568000,2026-03-19T13:06:08+00:00,SHORT,DISTRIBUTION,TREND_DOWN,-4.1496,-0.6179,-0.08477245698310885,-0.0641,0.527,1,,,0,0,0,0,1,1,2,OKX_MARCH_SHORT_692,ACTIVE,69120.05,69412.75,69266.4,67881.07,70305.4,1,duplicate_cluster_or_cooldown,HYBRID_PASS,M4_THIN_ONLY_PASS,REJECT
BTC-USDT-SWAP-LONG-1773926911000-30,OKX_MARCH,BTC-USDT-SWAP,2026-03-19,1773927610000,2026-03-19T13:40:10+00:00,LONG,ACCUMULATION,TREND_DOWN,-4.2892,-0.4071,0.2658197851864494,-0.0502,1.721,1,,,1,1,1,0,1,1,3,OKX_MARCH_LONG_694,CLEAR,69210.55,69423.05,69461.05,68071.83,70502.97,0,not_SHORT;buyer_absorption,HYBRID_REJECT,M4_THIN_ONLY_PASS,REJECT
BTC-USDT-SWAP-SHORT-1773929685000-31,OKX_MARCH,BTC-USDT-SWAP,2026-03-19,1773930057000,2026-03-19T14:20:57+00:00,SHORT,DISTRIBUTION,TREND_DOWN,-3.4133,0.1502,0.007281379973713101,0.0363,0.236,1,,,1,0,1,1,1,1,4,OKX_MARCH_SHORT_691,CLEAR,69310.55,69559.95,69100.15,67718.15,70136.65,0,prior_60m_not_negative,HYBRID_REJECT,M4_THIN_ONLY_PASS,REJECT
BTC-USDT-SWAP-SHORT-1773931024000-32,OKX_MARCH,BTC-USDT-SWAP,2026-03-19,1773931605000,2026-03-19T14:46:45+00:00,SHORT,DISTRIBUTION,TREND_DOWN,-3.0989,-0.5087,-0.04444379884372885,-0.1383,0.216,1,,,0,1,0,0,1,1,2,OKX_MARCH_SHORT_692,CLEAR,69068.65,69341.45,69205.05,67820.95,70243.13,0,buyer_absorption,HYBRID_REJECT,M4_THIN_ONLY_PASS,REJECT
BTC-USDT-SWAP-SHORT-1773931043000-33,OKX_MARCH,BTC-USDT-SWAP,2026-03-19,1773931605000,2026-03-19T14:46:45+00:00,SHORT,DISTRIBUTION,TREND_DOWN,-3.0989,-0.5087,-0.17293096679110795,-0.1383,0.216,1,,,0,1,0,0,1,1,2,OKX_MARCH_SHORT_692,CLEAR,69068.65,69341.45,69205.05,67820.95,70243.13,0,buyer_absorption,HYBRID_REJECT,M4_THIN_ONLY_PASS,REJECT
BTC-USDT-SWAP-LONG-1773932209000-34,OKX_MARCH,BTC-USDT-SWAP,2026-03-19,1773932389000,2026-03-19T14:59:49+00:00,LONG,ACCUMULATION,RANGE,-2.2915,-0.5271,0.08684877866865551,0.0146,0.997,1,,,0,0,0,1,1,1,3,OKX_MARCH_LONG_694,CLEAR,69409.228025,69564.75,69486.99,68097.25,70529.29,0,not_TREND_DOWN;not_SHORT,HYBRID_REJECT,M4_THIN_ONLY_PASS,REJECT
BTC-USDT-SWAP-LONG-1773932261000-35,OKX_MARCH,BTC-USDT-SWAP,2026-03-19,1773932441000,2026-03-19T15:00:41+00:00,LONG,ACCUMULATION,RANGE,-2.2011,-0.6266,0.19084139092501307,0.0145,8.046,1,,,0,0,0,1,1,1,3,OKX_MARCH_LONG_697,CLEAR,69415.55,69564.75,69799.95,68403.95,70846.95,0,not_TREND_DOWN;not_SHORT,HYBRID_REJECT,M4_THIN_ONLY_PASS,REJECT
BTC-USDT-SWAP-LONG-1773933216000-36,OKX_MARCH,BTC-USDT-SWAP,2026-03-19,1773933396000,2026-03-19T15:16:36+00:00,LONG,ACCUMULATION,RANGE,-1.9487,0.3111,0.19434894334698852,0.0599,0.801,1,,,1,0,1,1,1,1,4,OKX_MARCH_LONG_696,CLEAR,69619.222975,69702.35,69660.79,68267.57,70705.7,0,not_TREND_DOWN;not_SHORT;prior_60m_not_negative,HYBRID_REJECT,M4_THIN_ONLY_PASS,REJECT
BTC-USDT-SWAP-LONG-1773933416000-37,OKX_MARCH,BTC-USDT-SWAP,2026-03-19,1773934785000,2026-03-19T15:39:45+00:00,LONG,ACCUMULATION,TREND_DOWN,-3.009,0.1038,0.6578888527692558,-0.0509,0.139,1,,,0,1,0,0,1,1,2,OKX_MARCH_LONG_694,CLEAR,69118.15,69783.25,69450.7,68061.69,70492.46,0,not_SHORT;prior_60m_not_negative;buyer_absorption,HYBRID_REJECT,M4_THIN_ONLY_PASS,REJECT
BTC-USDT-SWAP-SHORT-1773938165000-38,OKX_MARCH,BTC-USDT-SWAP,2026-03-19,1773938346000,2026-03-19T16:39:06+00:00,SHORT,DISTRIBUTION,TREND_DOWN,-2.5755,0.0889,0.06361510769116539,-0.1408,3.186,1,,,0,1,0,0,1,1,2,OKX_MARCH_SHORT_693,CLEAR,69251.90672500001,69399.95,69325.93,67939.41,70365.82,0,prior_60m_not_negative;buyer_absorption,HYBRID_REJECT,M4_THIN_ONLY_PASS,REJECT
BTC-USDT-SWAP-SHORT-1773940442000-39,OKX_MARCH,BTC-USDT-SWAP,2026-03-19,1773940636000,2026-03-19T17:17:16+00:00,SHORT,DISTRIBUTION,TREND_DOWN,-2.7928,0.0134,0.1355993173936762,0.0749,2.126,1,,,0,0,0,1,1,1,3,OKX_MARCH_SHORT_691,CLEAR,69088.288575,69224.15,69156.22,67773.09,70193.56,0,prior_60m_not_negative,HYBRID_REJECT,M4_THIN_ONLY_PASS,REJECT
BTC-USDT-SWAP-LONG-1773941032000-40,OKX_MARCH,BTC-USDT-SWAP,2026-03-19,1773942008000,2026-03-19T17:40:08+00:00,LONG,ACCUMULATION,TREND_DOWN,-2.8971,0.1156,0.16941541593199552,-0.0074,0.58,1,,,0,0,0,0,1,1,2,OKX_MARCH_LONG_700,CLEAR,69459.25,69735.95,70043.75,68642.88,71094.41,0,not_SHORT;prior_60m_not_negative,HYBRID_REJECT,M4_THIN_ONLY_PASS,REJECT
BTC-USDT-SWAP-SHORT-1773943061000-41,OKX_MARCH,BTC-USDT-SWAP,2026-03-19,1773943299000,2026-03-19T18:01:39+00:00,SHORT,DISTRIBUTION,TREND_DOWN,-2.8301,0.4708,0.029550083268686883,-0.1772,2.144,1,,,1,1,1,0,1,1,3,OKX_MARCH_SHORT_698,CLEAR,69752.95,69854.459775,69803.7,68407.63,70850.76,0,prior_60m_not_negative;buyer_absorption,HYBRID_REJECT,M4_THIN_ONLY_PASS,REJECT
BTC-USDT-SWAP-SHORT-1773943299000-42,OKX_MARCH,BTC-USDT-SWAP,2026-03-19,1773943888000,2026-03-19T18:11:28+00:00,SHORT,DISTRIBUTION,TREND_DOWN,-2.7987,0.8932,-0.10406975760753669,0.0461,1.156,1,,,0,0,0,1,1,1,3,OKX_MARCH_SHORT_697,CLEAR,69691.15,69799.95,69745.55,68350.64,70791.73,0,prior_60m_not_negative,HYBRID_REJECT,M4_THIN_ONLY_PASS,REJECT
BTC-USDT-SWAP-LONG-1773943584000-43,OKX_MARCH,BTC-USDT-SWAP,2026-03-19,1773943970000,2026-03-19T18:12:50+00:00,LONG,ACCUMULATION,TREND_DOWN,-2.8156,0.7803,0.28911282860010173,-0.1078,10.084,1,,,1,1,1,0,1,1,3,OKX_MARCH_LONG_698,CLEAR,69702.85,69824.55,69887.95,68490.19,70936.27,0,not_SHORT;prior_60m_not_negative;buyer_absorption,HYBRID_REJECT,M4_THIN_ONLY_PASS,REJECT
BTC-USDT-SWAP-LONG-1773944006000-44,OKX_MARCH,BTC-USDT-SWAP,2026-03-19,1773944616000,2026-03-19T18:23:36+00:00,LONG,ACCUMULATION,TREND_DOWN,-2.5478,0.2581,0.13146071519888963,-0.1434,0.886,1,,,0,1,0,0,1,1,2,OKX_MARCH_LONG_699,CLEAR,69705.95,69897.55,69948.65,68549.68,70997.88,0,not_SHORT;prior_60m_not_negative;buyer_absorption,HYBRID_REJECT,M4_THIN_ONLY_PASS,REJECT
BTC-USDT-SWAP-LONG-1773947883000-46,OKX_MARCH,BTC-USDT-SWAP,2026-03-19,1773948199000,2026-03-19T19:23:19+00:00,LONG,ACCUMULATION,RANGE,-1.0674,1.1014,0.19192592067201256,0.1759,12.765,1,,,1,0,1,1,1,1,4,OKX_MARCH_LONG_704,CLEAR,70348.658075,70533.15,70440.9,69032.09,71497.52,0,not_TREND_DOWN;not_SHORT;prior_60m_not_negative,HYBRID_REJECT,M4_THIN_ONLY_PASS,REJECT
BTC-USDT-SWAP-SHORT-1773947762000-45,OKX_MARCH,BTC-USDT-SWAP,2026-03-19,1773948971000,2026-03-19T19:36:11+00:00,SHORT,DISTRIBUTION,RANGE,-1.3627,0.8098,0.2546107166165021,0.091,11.247,1,,,1,1,1,1,1,1,4,OKX_MARCH_SHORT_701,CLEAR,69692.05,70649.95,70171.0,68767.58,71223.56,0,not_TREND_DOWN;prior_60m_not_negative;buyer_absorption,HYBRID_REJECT,M4_THIN_ONLY_PASS,REJECT
BTC-USDT-SWAP-LONG-1773950934000-47,OKX_MARCH,BTC-USDT-SWAP,2026-03-19,1773952082000,2026-03-19T20:28:02+00:00,LONG,ACCUMULATION,RANGE,-0.8533,0.1723,0.48190861102076404,0.2922,1.448,1,,,1,1,1,1,1,1,4,OKX_MARCH_LONG_705,CLEAR,70160.05,70439.85,70514.85,69104.55,71572.57,0,not_TREND_DOWN;not_SHORT;prior_60m_not_negative;buyer_absorption,HYBRID_REJECT,M4_THIN_ONLY_PASS,REJECT
BTC-USDT-SWAP-LONG-1773954597000-48,OKX_MARCH,BTC-USDT-SWAP,2026-03-19,1773955512000,2026-03-19T21:25:12+00:00,LONG,ACCUMULATION,RANGE,-0.9684,0.3197,0.0638900052594507,-0.0473,0.642,1,,,0,0,0,0,1,1,2,OKX_MARCH_LONG_705,CLEAR,70464.85,70657.260975,70561.06,69149.83,71619.47,0,not_TREND_DOWN;not_SHORT;prior_60m_not_negative,HYBRID_REJECT,M4_THIN_ONLY_PASS,REJECT
BTC-USDT-SWAP-SHORT-1773960400000-49,OKX_MARCH,BTC-USDT-SWAP,2026-03-19,1773960951000,2026-03-19T22:55:51+00:00,SHORT,DISTRIBUTION,RANGE,-1.3908,-0.5844,-0.21913980120821053,-0.2282,5.403,1,,,0,1,0,0,1,1,2,OKX_MARCH_SHORT_698,CLEAR,69941.361825,70139.95,69878.85,68481.27,70927.03,0,not_TREND_DOWN;buyer_absorption,HYBRID_REJECT,M4_THIN_ONLY_PASS,REJECT
BTC-USDT-SWAP-SHORT-1773964059000-50,OKX_MARCH,BTC-USDT-SWAP,2026-03-19,1773964239000,2026-03-19T23:50:39+00:00,SHORT,DISTRIBUTION,RANGE,-2.0831,-0.4184,-0.1874128627734706,0.2221,2.086,1,,,1,0,1,1,1,1,4,OKX_MARCH_SHORT_698,CLEAR,69772.146475,69940.45,69856.3,68459.17,70904.14,0,not_TREND_DOWN,HYBRID_REJECT,M4_THIN_ONLY_PASS,REJECT
BTC-USDT-SWAP-SHORT-1773964831000-1,OKX_MARCH,BTC-USDT-SWAP,2026-03-20,1773966081000,2026-03-20T00:21:21+00:00,SHORT,DISTRIBUTION,RANGE,-1.4856,0.0803,-0.10611373517422874,-0.2945,0.422,1,,,0,1,0,0,1,1,2,OKX_MARCH_SHORT_699,CLEAR,69800.05,70139.95,69970.0,68570.6,71019.55,0,not_TREND_DOWN;prior_60m_not_negative;buyer_absorption,HYBRID_REJECT,M4_THIN_ONLY_PASS,REJECT
BTC-USDT-SWAP-LONG-1773965776000-2,OKX_MARCH,BTC-USDT-SWAP,2026-03-20,1773966909000,2026-03-20T00:35:09+00:00,LONG,ACCUMULATION,RANGE,-1.3552,0.1704,-0.039271336982683334,-0.0349,0.925,1,,,1,0,1,0,1,1,3,OKX_MARCH_LONG_701,CLEAR,69903.65,70139.95,70192.65,68788.8,71245.54,0,not_TREND_DOWN;not_SHORT;prior_60m_not_negative,HYBRID_REJECT,M4_THIN_ONLY_PASS,REJECT
BTC-USDT-SWAP-SHORT-1773966081000-3,OKX_MARCH,BTC-USDT-SWAP,2026-03-20,1773967467000,2026-03-20T00:44:27+00:00,SHORT,DISTRIBUTION,RANGE,-1.228,0.5338,-0.1931176875430146,-0.1731,0.534,1,,,0,1,0,0,1,1,2,OKX_MARCH_SHORT_700,CLEAR,69903.65,70227.45,70065.55,68664.24,71116.53,0,not_TREND_DOWN;prior_60m_not_negative;buyer_absorption,HYBRID_REJECT,M4_THIN_ONLY_PASS,REJECT
BTC-USDT-SWAP-LONG-1773967549000-4,OKX_MARCH,BTC-USDT-SWAP,2026-03-20,1773967880000,2026-03-20T00:51:20+00:00,LONG,ACCUMULATION,RANGE,-1.1016,0.6159,-0.03825737551041247,0.2288,0.738,1,,,1,0,1,1,1,1,4,OKX_MARCH_LONG_703,CLEAR,70163.55067499999,70248.35,70332.55,68925.9,71387.54,0,not_TREND_DOWN;not_SHORT;prior_60m_not_negative,HYBRID_REJECT,M4_THIN_ONLY_PASS,REJECT
BTC-USDT-SWAP-LONG-1773967888000-5,OKX_MARCH,BTC-USDT-SWAP,2026-03-20,1773968261000,2026-03-20T00:57:41+00:00,LONG,ACCUMULATION,RANGE,-1.1065,0.4565,0.19598482053388544,0.0189,0.509,1,,,0,0,0,1,1,1,3,OKX_MARCH_LONG_703,CLEAR,70133.05,70307.58622499999,70354.35,68947.26,71409.67,0,not_TREND_DOWN;not_SHORT;prior_60m_not_negative,HYBRID_REJECT,M4_THIN_ONLY_PASS,REJECT
BTC-USDT-SWAP-SHORT-1773968838000-6,OKX_MARCH,BTC-USDT-SWAP,2026-03-20,1773969065000,2026-03-20T01:11:05+00:00,SHORT,DISTRIBUTION,RANGE,-0.8748,0.4065,0.07288212675460382,-0.1772,-0.335,1,,,1,1,1,0,0,1,2,OKX_MARCH_SHORT_700,CLEAR,70303.05,70392.45,70055.45,68654.34,71106.28,0,not_TREND_DOWN;prior_60m_not_negative;buyer_absorption,HYBRID_REJECT,M4_THIN_ONLY_PASS,REJECT
BTC-USDT-SWAP-LONG-1773970205000-7,OKX_MARCH,BTC-USDT-SWAP,2026-03-20,1773970724000,2026-03-20T01:38:44+00:00,LONG,ACCUMULATION,RANGE,-0.7915,0.4876,-0.0008193361252605461,0.0754,0.002,1,,,1,0,1,1,1,1,4,OKX_MARCH_LONG_705,CLEAR,70325.869475,70476.05,70511.95,69101.71,71569.63,0,not_TREND_DOWN;not_SHORT;prior_60m_not_negative,HYBRID_REJECT,M4_THIN_ONLY_PASS,REJECT
BTC-USDT-SWAP-LONG-1773970724000-8,OKX_MARCH,BTC-USDT-SWAP,2026-03-20,1773971220000,2026-03-20T01:47:00+00:00,LONG,ACCUMULATION,RANGE,-0.883,0.4092,0.03282979792659624,0.0808,0.889,1,,,1,0,1,1,1,1,4,OKX_MARCH_LONG_704,CLEAR,70434.41517499999,70553.95,70494.18,69084.3,71551.6,0,not_TREND_DOWN;not_SHORT;prior_60m_not_negative,HYBRID_REJECT,M4_THIN_ONLY_PASS,REJECT
BTC-USDT-SWAP-SHORT-1773973332000-9,OKX_MARCH,BTC-USDT-SWAP,2026-03-20,1773974352000,2026-03-20T02:39:12+00:00,SHORT,DISTRIBUTION,RANGE,-1.5351,-0.5519,-0.2710421623853692,0.1233,0.227,1,,,1,0,1,1,1,1,4,OKX_MARCH_SHORT_701,CLEAR,70044.65,70285.175025,70164.91,68761.61,71217.39,0,not_TREND_DOWN,HYBRID_REJECT,M4_THIN_ONLY_PASS,REJECT
BTC-USDT-SWAP-SHORT-1773976730000-10,OKX_MARCH,BTC-USDT-SWAP,2026-03-20,1773977273000,2026-03-20T03:27:53+00:00,SHORT,DISTRIBUTION,RANGE,-1.3479,0.4656,-0.4606005570271094,-0.4069,1.481,1,,,0,1,0,0,1,1,2,OKX_MARCH_SHORT_704,CLEAR,70389.83747500001,70532.45,70461.14,69051.92,71518.06,0,not_TREND_DOWN;prior_60m_not_negative;buyer_absorption,HYBRID_REJECT,M4_THIN_ONLY_PASS,REJECT
BTC-USDT-SWAP-SHORT-1773977273000-11,OKX_MARCH,BTC-USDT-SWAP,2026-03-20,1773977703000,2026-03-20T03:35:03+00:00,SHORT,DISTRIBUTION,RANGE,-0.9271,0.883,-0.19135298628726438,-0.3277,0.419,1,,,0,1,0,0,1,1,2,OKX_MARCH_SHORT_704,CLEAR,70444.31022500001,70772.65,70402.05,68994.01,71458.08,0,not_TREND_DOWN;prior_60m_not_negative;buyer_absorption,HYBRID_REJECT,M4_THIN_ONLY_PASS,REJECT
BTC-USDT-SWAP-LONG-1773978036000-13,OKX_MARCH,BTC-USDT-SWAP,2026-03-20,1773978216000,2026-03-20T03:43:36+00:00,LONG,ACCUMULATION,RANGE,-0.8815,0.5037,0.0007400467983349205,0.2233,3.671,1,,,1,0,1,1,1,1,4,OKX_MARCH_LONG_707,CLEAR,70538.45,70634.65,70704.25,69290.16,71764.81,0,not_TREND_DOWN;not_SHORT;prior_60m_not_negative,HYBRID_REJECT,M4_THIN_ONLY_PASS,REJECT
BTC-USDT-SWAP-SHORT-1773977703000-12,OKX_MARCH,BTC-USDT-SWAP,2026-03-20,1773978939000,2026-03-20T03:55:39+00:00,SHORT,DISTRIBUTION,RANGE,-0.7343,0.3051,-0.18355704807805967,-0.0874,1.875,1,,,0,0,0,0,1,1,2,OKX_MARCH_SHORT_706,CLEAR,70529.25,70731.95,70630.6,69217.99,71690.06,0,not_TREND_DOWN;prior_60m_not_negative,HYBRID_REJECT,M4_THIN_ONLY_PASS,REJECT
BTC-USDT-SWAP-LONG-1773978485000-14,OKX_MARCH,BTC-USDT-SWAP,2026-03-20,1773979204000,2026-03-20T04:00:04+00:00,LONG,ACCUMULATION,RANGE,-0.6451,0.4397,0.2752425401031661,0.1253,1.152,1,,,1,1,1,1,1,1,4,OKX_MARCH_LONG_708,CLEAR,70580.95,70747.45,70830.55,69413.94,71893.01,0,not_TREND_DOWN;not_SHORT;prior_60m_not_negative;buyer_absorption,HYBRID_REJECT,M4_THIN_ONLY_PASS,REJECT
BTC-USDT-SWAP-LONG-1773980008000-15,OKX_MARCH,BTC-USDT-SWAP,2026-03-20,1773980412000,2026-03-20T04:20:12+00:00,LONG,ACCUMULATION,RANGE,0.0185,0.5207,-0.44376441778818154,0.1531,-0.162,1,,,0,0,0,1,0,1,2,OKX_MARCH_LONG_708,CLEAR,70780.05,70920.95,70850.5,69433.49,71913.26,0,not_TREND_DOWN;not_SHORT;prior_60m_not_negative,HYBRID_REJECT,M4_THIN_ONLY_PASS,REJECT
BTC-USDT-SWAP-SHORT-1773980106000-16,OKX_MARCH,BTC-USDT-SWAP,2026-03-20,1773981062000,2026-03-20T04:31:02+00:00,SHORT,DISTRIBUTION,RANGE,0.2057,0.0791,-0.4487385455100851,0.1328,0.003,1,,,1,0,1,1,1,1,4,OKX_MARCH_SHORT_705,CLEAR,70780.05,70896.280425,70577.55,69166.0,71636.21,0,not_TREND_DOWN;prior_60m_not_negative,HYBRID_REJECT,M4_THIN_ONLY_PASS,REJECT
BTC-USDT-SWAP-LONG-1773988237000-17,OKX_MARCH,BTC-USDT-SWAP,2026-03-20,1773988674000,2026-03-20T06:37:54+00:00,LONG,ACCUMULATION,RANGE,-0.1879,-0.3793,0.22789487726787644,-0.1629,-0.01,1,,,0,1,0,0,0,1,1,OKX_MARCH_LONG_706,CLEAR,70380.15,70535.199975,70624.05,69211.57,71683.41,0,not_TREND_DOWN;not_SHORT;buyer_absorption,HYBRID_REJECT,M4_THIN_ONLY_PASS,REJECT
BTC-USDT-SWAP-SHORT-1773990723000-18,OKX_MARCH,BTC-USDT-SWAP,2026-03-20,1773990926000,2026-03-20T07:15:26+00:00,SHORT,DISTRIBUTION,RANGE,0.4835,-0.2761,-0.10035425963938767,-0.0548,0.943,1,,,0,0,0,0,1,1,2,OKX_MARCH_SHORT_702,CLEAR,70210.05,70307.25,70258.65,68853.48,71312.53,0,not_TREND_DOWN,HYBRID_REJECT,M4_THIN_ONLY_PASS,REJECT
BTC-USDT-SWAP-LONG-1773993061000-19,OKX_MARCH,BTC-USDT-SWAP,2026-03-20,1773993241000,2026-03-20T07:54:01+00:00,LONG,ACCUMULATION,RANGE,0.9025,0.5408,0.16159498277909978,0.0576,6.173,1,,,1,0,1,1,1,1,4,OKX_MARCH_LONG_710,CLEAR,70800.15,70882.373475,71072.55,69651.1,72138.64,0,not_TREND_DOWN;not_SHORT;prior_60m_not_negative,HYBRID_REJECT,M4_THIN_ONLY_PASS,REJECT
BTC-USDT-SWAP-LONG-1773994722000-20,OKX_MARCH,BTC-USDT-SWAP,2026-03-20,1773995701000,2026-03-20T08:35:01+00:00,LONG,ACCUMULATION,RANGE,1.6435,0.7724,0.07036298050596801,-0.0894,1.054,1,,,1,0,1,0,1,1,3,OKX_MARCH_LONG_711,CLEAR,71064.45,71263.25,71163.85,69740.57,72231.31,0,not_TREND_DOWN;not_SHORT;prior_60m_not_negative,HYBRID_REJECT,M4_THIN_ONLY_PASS,REJECT
BTC-USDT-SWAP-SHORT-1773995341000-21,OKX_MARCH,BTC-USDT-SWAP,2026-03-20,1773997755000,2026-03-20T09:09:15+00:00,SHORT,DISTRIBUTION,RANGE,1.2134,-0.1546,-0.03882153617103398,0.1196,8.379,1,,,1,0,1,1,1,1,4,OKX_MARCH_SHORT_707,CLEAR,70850.05,71275.46992500001,70720.75,69306.33,71781.56,0,not_TREND_DOWN,HYBRID_REJECT,M4_THIN_ONLY_PASS,REJECT
BTC-USDT-SWAP-LONG-1773997017000-22,OKX_MARCH,BTC-USDT-SWAP,2026-03-20,1773999053000,2026-03-20T09:30:53+00:00,LONG,ACCUMULATION,RANGE,0.281,-0.9532,0.058899531119983604,-0.1401,0.52,1,,,0,1,0,0,1,1,2,OKX_MARCH_LONG_707,CLEAR,70386.65,71077.470975,70732.06,69317.42,71793.04,0,not_TREND_DOWN;not_SHORT;buyer_absorption,HYBRID_REJECT,M4_THIN_ONLY_PASS,REJECT
BTC-USDT-SWAP-SHORT-1774008086000-23,OKX_MARCH,BTC-USDT-SWAP,2026-03-20,1774008734000,2026-03-20T12:12:14+00:00,SHORT,DISTRIBUTION,RANGE,1.1492,-0.2177,-0.19881842551860832,-0.1559,0.494,1,,,0,1,0,0,1,1,2,OKX_MARCH_SHORT_703,CLEAR,70378.15,70651.95,70341.95,68935.11,71397.08,0,not_TREND_DOWN;buyer_absorption,HYBRID_REJECT,M4_THIN_ONLY_PASS,REJECT
BTC-USDT-SWAP-SHORT-1774010892000-24,OKX_MARCH,BTC-USDT-SWAP,2026-03-20,1774011079000,2026-03-20T12:51:19+00:00,SHORT,DISTRIBUTION,RANGE,1.4158,-0.0401,-0.22660225850964186,0.0605,2.575,1,,,1,0,1,1,1,1,4,OKX_MARCH_SHORT_701,CLEAR,70223.45,70316.75,70164.45,68761.16,71216.92,0,not_TREND_DOWN,HYBRID_REJECT,M4_THIN_ONLY_PASS,REJECT
BTC-USDT-SWAP-SHORT-1774014989000-25,OKX_MARCH,BTC-USDT-SWAP,2026-03-20,1774015815000,2026-03-20T14:10:15+00:00,SHORT,DISTRIBUTION,RANGE,0.5542,-0.5334,-0.16463884346419444,0.1395,1.18,1,,,0,0,0,1,1,1,3,OKX_MARCH_SHORT_696,CLEAR,69646.65,69992.45,69606.55,68214.42,70650.65,0,not_TREND_DOWN,HYBRID_REJECT,M4_THIN_ONLY_PASS,REJECT
BTC-USDT-SWAP-LONG-1774015493000-26,OKX_MARCH,BTC-USDT-SWAP,2026-03-20,1774016615000,2026-03-20T14:23:35+00:00,LONG,ACCUMULATION,RANGE,0.6048,-1.1083,-0.2825527405618923,0.0131,0.69,1,,,0,0,0,1,1,1,3,OKX_MARCH_LONG_701,CLEAR,69364.05,70887.95,70126.0,68723.48,71177.89,0,not_TREND_DOWN;not_SHORT,HYBRID_REJECT,M4_THIN_ONLY_PASS,REJECT
BTC-USDT-SWAP-SHORT-1774019927000-27,OKX_MARCH,BTC-USDT-SWAP,2026-03-20,1774020107000,2026-03-20T15:21:47+00:00,SHORT,DISTRIBUTION,RANGE,0.3679,-0.08,-0.20217052219560702,-0.0191,17.603,1,,,1,0,1,0,1,1,3,OKX_MARCH_SHORT_696,CLEAR,69560.05,69661.363275,69610.71,68218.49,70654.87,0,not_TREND_DOWN,HYBRID_REJECT,M4_THIN_ONLY_PASS,REJECT
BTC-USDT-SWAP-SHORT-1774019946000-28,OKX_MARCH,BTC-USDT-SWAP,2026-03-20,1774020126000,2026-03-20T15:22:06+00:00,SHORT,DISTRIBUTION,RANGE,0.4775,-0.0284,-0.3484737651622001,-0.0394,15.623,1,,,1,0,1,0,1,1,3,OKX_MARCH_SHORT_695,CLEAR,69535.264975,69652.15,69593.71,68201.83,70637.61,0,not_TREND_DOWN,HYBRID_REJECT,M4_THIN_ONLY_PASS,REJECT
BTC-USDT-SWAP-LONG-1774028344000-29,OKX_MARCH,BTC-USDT-SWAP,2026-03-20,1774028840000,2026-03-20T17:47:20+00:00,LONG,ACCUMULATION,RANGE,0.0683,-0.2502,0.002394627376136897,-0.1184,8.357,1,,,1,1,1,0,1,1,3,OKX_MARCH_LONG_705,CLEAR,69494.285475,69634.95,70511.45,69101.22,71569.12,0,not_TREND_DOWN;not_SHORT;buyer_absorption,HYBRID_REJECT,M4_THIN_ONLY_PASS,REJECT
BTC-USDT-SWAP-SHORT-1774031763000-30,OKX_MARCH,BTC-USDT-SWAP,2026-03-20,1774031943000,2026-03-20T18:39:03+00:00,SHORT,DISTRIBUTION,RANGE,-0.0789,0.1434,-0.08524061337945461,0.078,1.615,1,,,0,0,0,1,1,1,3,OKX_MARCH_SHORT_695,CLEAR,69490.55,69638.35,69564.45,68173.16,70607.92,0,not_TREND_DOWN;prior_60m_not_negative,HYBRID_REJECT,M4_THIN_ONLY_PASS,REJECT
BTC-USDT-SWAP-SHORT-1774031844000-31,OKX_MARCH,BTC-USDT-SWAP,2026-03-20,1774032341000,2026-03-20T18:45:41+00:00,SHORT,DISTRIBUTION,RANGE,0.0472,0.1787,-0.14572520138089848,-0.1031,-0.041,1,,,0,1,0,0,0,1,1,OKX_MARCH_SHORT_696,CLEAR,69480.392425,69761.25,69620.82,68228.4,70665.13,0,not_TREND_DOWN;prior_60m_not_negative;buyer_absorption,HYBRID_REJECT,M4_THIN_ONLY_PASS,REJECT
BTC-USDT-SWAP-SHORT-1774036783000-32,OKX_MARCH,BTC-USDT-SWAP,2026-03-20,1774036963000,2026-03-20T20:02:43+00:00,SHORT,DISTRIBUTION,RANGE,-0.186,0.3692,0.21483867886434796,-0.2023,5.836,1,,,1,1,1,0,1,1,3,OKX_MARCH_SHORT_701,CLEAR,70042.95,70172.318625,70107.63,68705.48,71159.25,0,not_TREND_DOWN;prior_60m_not_negative;buyer_absorption,HYBRID_REJECT,M4_THIN_ONLY_PASS,REJECT
BTC-USDT-SWAP-SHORT-1774036822000-33,OKX_MARCH,BTC-USDT-SWAP,2026-03-20,1774037074000,2026-03-20T20:04:34+00:00,SHORT,DISTRIBUTION,RANGE,-0.1879,0.368,-0.24009780652249624,-0.2029,0.247,1,,,1,1,1,0,1,1,3,OKX_MARCH_SHORT_701,CLEAR,70042.95,70164.55,70103.75,68701.68,71155.31,0,not_TREND_DOWN;prior_60m_not_negative;buyer_absorption,HYBRID_REJECT,M4_THIN_ONLY_PASS,REJECT
BTC-USDT-SWAP-SHORT-1774040190000-34,OKX_MARCH,BTC-USDT-SWAP,2026-03-20,1774040482000,2026-03-20T21:01:22+00:00,SHORT,DISTRIBUTION,RANGE,-0.644,-0.1315,0.0009667085364532239,-0.175,1.747,1,,,1,1,1,0,1,1,3,OKX_MARCH_SHORT_700,CLEAR,69977.343825,70049.95,70013.65,68613.37,71063.85,0,not_TREND_DOWN;buyer_absorption,HYBRID_REJECT,M4_THIN_ONLY_PASS,REJECT
BTC-USDT-SWAP-LONG-1774051508000-1,OKX_MARCH,BTC-USDT-SWAP,2026-03-21,1774051688000,2026-03-21T00:08:08+00:00,LONG,ACCUMULATION,RANGE,0.8974,-0.0072,0.21165849425990663,0.1234,3.795,1,,,1,1,1,1,1,1,4,OKX_MARCH_LONG_706,CLEAR,70511.05,70583.023875,70623.35,69210.88,71682.7,0,not_TREND_DOWN;not_SHORT;buyer_absorption,HYBRID_REJECT,M4_THIN_ONLY_PASS,REJECT
BTC-USDT-SWAP-SHORT-1774052542000-2,OKX_MARCH,BTC-USDT-SWAP,2026-03-21,1774052722000,2026-03-21T00:25:22+00:00,SHORT,DISTRIBUTION,RANGE,0.9701,0.3061,-0.2518736250193982,-0.2915,3.927,1,,,1,1,1,0,1,1,3,OKX_MARCH_SHORT_705,CLEAR,70650.05,70723.293975,70511.35,69101.12,71569.02,0,not_TREND_DOWN;prior_60m_not_negative;buyer_absorption,HYBRID_REJECT,M4_THIN_ONLY_PASS,REJECT
BTC-USDT-SWAP-LONG-1774053309000-3,OKX_MARCH,BTC-USDT-SWAP,2026-03-21,1774054189000,2026-03-21T00:49:49+00:00,LONG,ACCUMULATION,RANGE,0.5317,0.0683,-0.08353662314531961,-0.1465,-0.149,1,,,0,1,0,0,0,1,1,OKX_MARCH_LONG_706,CLEAR,70532.75,70654.95,70696.15,69282.23,71756.59,0,not_TREND_DOWN;not_SHORT;prior_60m_not_negative;buyer_absorption,HYBRID_REJECT,M4_THIN_ONLY_PASS,REJECT
BTC-USDT-SWAP-SHORT-1774053604000-4,OKX_MARCH,BTC-USDT-SWAP,2026-03-21,1774054798000,2026-03-21T00:59:58+00:00,SHORT,DISTRIBUTION,RANGE,0.7088,0.252,-0.12117463744093254,-0.1813,-0.342,1,,,0,1,0,0,0,1,1,OKX_MARCH_SHORT_704,CLEAR,70532.75,70696.15,70493.45,69083.58,71550.85,0,not_TREND_DOWN;prior_60m_not_negative;buyer_absorption,HYBRID_REJECT,M4_THIN_ONLY_PASS,REJECT
BTC-USDT-SWAP-SHORT-1774057799000-5,OKX_MARCH,BTC-USDT-SWAP,2026-03-21,1774058053000,2026-03-21T01:54:13+00:00,SHORT,DISTRIBUTION,RANGE,-0.0233,-0.2281,-0.21724479331307367,0.0315,2.058,1,,,1,0,1,1,1,1,4,OKX_MARCH_SHORT_704,CLEAR,70445.60957500001,70516.090425,70480.85,69071.23,71538.06,0,not_TREND_DOWN,HYBRID_REJECT,M4_THIN_ONLY_PASS,REJECT
BTC-USDT-SWAP-LONG-1774058261000-6,OKX_MARCH,BTC-USDT-SWAP,2026-03-21,1774058443000,2026-03-21T02:00:43+00:00,LONG,ACCUMULATION,RANGE,0.1742,-0.3063,-0.24636977532129187,0.1214,-0.736,1,,,0,0,0,1,0,1,2,OKX_MARCH_LONG_707,CLEAR,70432.45,70514.689725,70708.75,69294.57,71769.38,0,not_TREND_DOWN;not_SHORT,HYBRID_REJECT,M4_THIN_ONLY_PASS,REJECT
BTC-USDT-SWAP-LONG-1774061201000-7,OKX_MARCH,BTC-USDT-SWAP,2026-03-21,1774061810000,2026-03-21T02:56:50+00:00,LONG,ACCUMULATION,RANGE,0.4174,0.3545,0.04527380497619434,0.037,0.74,1,,,1,0,1,1,1,1,4,OKX_MARCH_LONG_707,CLEAR,70640.711975,70749.95,70787.45,69371.7,71849.26,0,not_TREND_DOWN;not_SHORT;prior_60m_not_negative,HYBRID_REJECT,M4_THIN_ONLY_PASS,REJECT
BTC-USDT-SWAP-SHORT-1774071458000-8,OKX_MARCH,BTC-USDT-SWAP,2026-03-21,1774072070000,2026-03-21T05:47:50+00:00,SHORT,DISTRIBUTION,RANGE,0.0865,0.1226,0.26867499533843103,0.0352,0.355,1,,,1,1,1,1,1,1,4,OKX_MARCH_SHORT_705,CLEAR,70679.25,70784.324475,70563.35,69152.08,71621.8,0,not_TREND_DOWN;prior_60m_not_negative;buyer_absorption,HYBRID_REJECT,M4_THIN_ONLY_PASS,REJECT
BTC-USDT-SWAP-SHORT-1774078231000-9,OKX_MARCH,BTC-USDT-SWAP,2026-03-21,1774078957000,2026-03-21T07:42:37+00:00,SHORT,DISTRIBUTION,RANGE,-0.0377,0.0064,-0.3921404674398185,0.0878,1.043,1,,,1,0,1,1,1,1,4,OKX_MARCH_SHORT_705,CLEAR,70728.25,70862.463525,70551.85,69140.81,71610.13,0,not_TREND_DOWN;prior_60m_not_negative,HYBRID_REJECT,M4_THIN_ONLY_PASS,REJECT
BTC-USDT-SWAP-LONG-1774102049000-10,OKX_MARCH,BTC-USDT-SWAP,2026-03-21,1774102920000,2026-03-21T14:22:00+00:00,LONG,ACCUMULATION,RANGE,1.8657,0.3045,0.10087733437063336,0.2368,0.0,1,,,1,0,1,1,0,1,3,OKX_MARCH_LONG_709,CLEAR,70734.565025,71066.75,70900.66,69482.64,71964.17,0,not_TREND_DOWN;not_SHORT;prior_60m_not_negative,HYBRID_REJECT,M4_THIN_ONLY_PASS,REJECT
BTC-USDT-SWAP-LONG-1774102920000-12,OKX_MARCH,BTC-USDT-SWAP,2026-03-21,1774103405000,2026-03-21T14:30:05+00:00,LONG,ACCUMULATION,RANGE,1.3394,0.3159,-0.051130597536445076,-0.0782,0.0,1,,,0,0,0,0,0,1,1,OKX_MARCH_LONG_709,CLEAR,70887.888325,70958.811675,70923.35,69504.88,71987.2,0,not_TREND_DOWN;not_SHORT;prior_60m_not_negative,HYBRID_REJECT,M4_THIN_ONLY_PASS,REJECT
BTC-USDT-SWAP-SHORT-1774102622000-11,OKX_MARCH,BTC-USDT-SWAP,2026-03-21,1774103577000,2026-03-21T14:32:57+00:00,SHORT,DISTRIBUTION,RANGE,1.1339,0.2394,-0.3086096991420567,0.1097,-0.0,1,,,1,0,1,1,0,1,3,OKX_MARCH_SHORT_697,CLEAR,70876.693925,70979.95,69780.65,68385.04,70827.36,0,not_TREND_DOWN;prior_60m_not_negative,HYBRID_REJECT,M4_THIN_ONLY_PASS,REJECT
BTC-USDT-SWAP-SHORT-1774110303000-13,OKX_MARCH,BTC-USDT-SWAP,2026-03-21,1774110483000,2026-03-21T16:28:03+00:00,SHORT,DISTRIBUTION,RANGE,0.7303,-0.1844,-0.1376155520136589,0.169,3.306,1,,,0,0,0,1,1,1,3,OKX_MARCH_SHORT_703,CLEAR,70450.507125,70520.992875,70325.05,68918.55,71379.93,0,not_TREND_DOWN,HYBRID_REJECT,M4_THIN_ONLY_PASS,REJECT
BTC-USDT-SWAP-SHORT-1774110996000-14,OKX_MARCH,BTC-USDT-SWAP,2026-03-21,1774111176000,2026-03-21T16:39:36+00:00,SHORT,DISTRIBUTION,RANGE,1.0943,-0.2817,-0.04699217472689966,0.2555,0.16,1,,,0,0,0,1,1,1,3,OKX_MARCH_SHORT_703,CLEAR,70391.836475,70462.263525,70319.55,68913.16,71374.34,0,not_TREND_DOWN,HYBRID_REJECT,M4_THIN_ONLY_PASS,REJECT
BTC-USDT-SWAP-SHORT-1774111884000-15,OKX_MARCH,BTC-USDT-SWAP,2026-03-21,1774112064000,2026-03-21T16:54:24+00:00,SHORT,DISTRIBUTION,RANGE,0.855,-0.434,0.18553874414505786,0.0485,6.249,1,,,1,0,1,1,1,1,4,OKX_MARCH_SHORT_702,CLEAR,70333.35,70409.23702500001,70290.05,68884.25,71344.4,0,not_TREND_DOWN,HYBRID_REJECT,M4_THIN_ONLY_PASS,REJECT
BTC-USDT-SWAP-LONG-1774112479000-16,OKX_MARCH,BTC-USDT-SWAP,2026-03-21,1774113231000,2026-03-21T17:13:51+00:00,LONG,ACCUMULATION,RANGE,0.6923,-0.4185,-0.07237401182656114,0.0122,1.274,1,,,0,0,0,1,1,1,3,OKX_MARCH_LONG_702,CLEAR,70170.45,70343.95,70257.2,68852.06,71311.06,0,not_TREND_DOWN;not_SHORT,HYBRID_REJECT,M4_THIN_ONLY_PASS,REJECT
BTC-USDT-SWAP-SHORT-1774112836000-17,OKX_MARCH,BTC-USDT-SWAP,2026-03-21,1774113326000,2026-03-21T17:15:26+00:00,SHORT,DISTRIBUTION,RANGE,0.5755,-0.427,-0.26687011206721023,-0.0423,-0.469,1,,,1,0,1,0,0,1,2,OKX_MARCH_SHORT_701,CLEAR,70170.45,70319.29207499999,70125.65,68723.14,71177.53,0,not_TREND_DOWN,HYBRID_REJECT,M4_THIN_ONLY_PASS,REJECT
BTC-USDT-SWAP-SHORT-1774112945000-18,OKX_MARCH,BTC-USDT-SWAP,2026-03-21,1774113326000,2026-03-21T17:15:26+00:00,SHORT,DISTRIBUTION,RANGE,0.5755,-0.427,-0.1437492144948125,-0.0423,-0.469,1,,,0,0,0,0,0,1,1,OKX_MARCH_SHORT_701,CLEAR,70170.45,70263.364125,70125.65,68723.14,71177.53,0,not_TREND_DOWN,HYBRID_REJECT,M4_THIN_ONLY_PASS,REJECT
BTC-USDT-SWAP-LONG-1774117994000-19,OKX_MARCH,BTC-USDT-SWAP,2026-03-21,1774119385000,2026-03-21T18:56:25+00:00,LONG,ACCUMULATION,RANGE,1.0098,0.1379,0.028546253018342772,-0.2887,-0.038,1,,,0,1,0,0,0,1,1,OKX_MARCH_LONG_704,CLEAR,70341.05,70492.95,70417.0,69008.66,71473.25,0,not_TREND_DOWN;not_SHORT;prior_60m_not_negative;buyer_absorption,HYBRID_REJECT,M4_THIN_ONLY_PASS,REJECT
BTC-USDT-SWAP-LONG-1774135026000-20,OKX_MARCH,BTC-USDT-SWAP,2026-03-21,1774135207000,2026-03-21T23:20:07+00:00,LONG,ACCUMULATION,RANGE,-0.4898,-0.1945,0.15535598275862544,-0.3111,1.876,1,,,1,1,1,0,1,1,3,OKX_MARCH_LONG_701,CLEAR,70079.892525,70185.45,70132.67,68730.02,71184.66,0,not_TREND_DOWN;not_SHORT;buyer_absorption,HYBRID_REJECT,M4_THIN_ONLY_PASS,REJECT
BTC-USDT-SWAP-SHORT-1774135368000-21,OKX_MARCH,BTC-USDT-SWAP,2026-03-21,1774135548000,2026-03-21T23:25:48+00:00,SHORT,DISTRIBUTION,RANGE,-0.5244,-0.2236,-0.27088715614153036,0.1868,6.827,1,,,1,0,1,1,1,1,4,OKX_MARCH_SHORT_700,CLEAR,70101.25,70176.220575,70065.05,68663.75,71116.03,0,not_TREND_DOWN,HYBRID_REJECT,M4_THIN_ONLY_PASS,REJECT
BTC-USDT-SWAP-LONG-1774139310000-1,OKX_MARCH,BTC-USDT-SWAP,2026-03-22,1774140079000,2026-03-22T00:41:19+00:00,LONG,ACCUMULATION,RANGE,-2.1486,-1.5758,0.20510375316582938,0.1089,4.972,1,,,1,1,1,1,1,1,4,OKX_MARCH_LONG_693,CLEAR,68765.550025,69103.15,69356.15,67969.03,70396.49,0,not_TREND_DOWN;not_SHORT;buyer_absorption,HYBRID_REJECT,M4_THIN_ONLY_PASS,REJECT
BTC-USDT-SWAP-SHORT-1774139842000-3,OKX_MARCH,BTC-USDT-SWAP,2026-03-22,1774140582000,2026-03-22T00:49:42+00:00,SHORT,DISTRIBUTION,RANGE,-2.1691,-0.7858,0.05625919142154446,-0.0627,0.87,1,,,0,0,0,0,1,1,2,OKX_MARCH_SHORT_687,CLEAR,68912.55,69099.95,68746.95,67372.01,69778.15,0,not_TREND_DOWN,HYBRID_REJECT,M4_THIN_ONLY_PASS,REJECT
BTC-USDT-SWAP-SHORT-1774139822000-2,OKX_MARCH,BTC-USDT-SWAP,2026-03-22,1774140582000,2026-03-22T00:49:42+00:00,SHORT,DISTRIBUTION,RANGE,-2.1691,-0.7858,-0.16540300441648065,-0.0627,0.87,1,,,0,0,0,0,1,1,2,OKX_MARCH_SHORT_687,CLEAR,68912.55,69099.95,68785.85,67410.13,69817.64,0,not_TREND_DOWN,HYBRID_REJECT,M4_THIN_ONLY_PASS,REJECT
BTC-USDT-SWAP-SHORT-1774140972000-4,OKX_MARCH,BTC-USDT-SWAP,2026-03-22,1774142237000,2026-03-22T01:17:17+00:00,SHORT,DISTRIBUTION,RANGE,-2.4207,-0.0963,-0.037389864072132725,0.067,2.232,1,,,1,0,1,1,1,1,4,OKX_MARCH_SHORT_687,CLEAR,68765.550025,69054.95,68725.45,67350.94,69756.33,0,not_TREND_DOWN,HYBRID_REJECT,M4_THIN_ONLY_PASS,REJECT
BTC-USDT-SWAP-SHORT-1774142237000-5,OKX_MARCH,BTC-USDT-SWAP,2026-03-22,1774143161000,2026-03-22T01:32:41+00:00,SHORT,DISTRIBUTION,RANGE,-2.1914,-0.0918,-0.3122056992946148,-0.0071,-0.647,1,,,0,0,0,0,0,1,1,OKX_MARCH_SHORT_687,CLEAR,68830.617475,69049.95,68767.35,67392.0,69798.86,0,not_TREND_DOWN,HYBRID_REJECT,M4_THIN_ONLY_PASS,REJECT
BTC-USDT-SWAP-SHORT-1774146977000-6,OKX_MARCH,BTC-USDT-SWAP,2026-03-22,1774147308000,2026-03-22T02:41:48+00:00,SHORT,DISTRIBUTION,RANGE,-2.1053,0.5133,0.15368654046826166,-0.1367,2.382,1,,,1,1,1,0,1,1,3,OKX_MARCH_SHORT_691,CLEAR,69160.05,69263.56447499999,69124.95,67742.45,70161.82,0,not_TREND_DOWN;prior_60m_not_negative;buyer_absorption,HYBRID_REJECT,M4_THIN_ONLY_PASS,REJECT
BTC-USDT-SWAP-LONG-1774147456000-7,OKX_MARCH,BTC-USDT-SWAP,2026-03-22,1774147637000,2026-03-22T02:47:17+00:00,LONG,ACCUMULATION,RANGE,-2.1348,0.4841,0.09457086721403705,-0.0406,-0.032,1,,,0,0,0,0,0,1,1,OKX_MARCH_LONG_694,CLEAR,69163.95,69248.857125,69414.95,68026.65,70456.17,0,not_TREND_DOWN;not_SHORT;prior_60m_not_negative,HYBRID_REJECT,M4_THIN_ONLY_PASS,REJECT
BTC-USDT-SWAP-SHORT-1774149904000-8,OKX_MARCH,BTC-USDT-SWAP,2026-03-22,1774150766000,2026-03-22T03:39:26+00:00,SHORT,DISTRIBUTION,RANGE,-1.788,0.197,-0.06679101415036585,-0.2697,-0.231,1,,,1,1,1,0,0,1,2,OKX_MARCH_SHORT_692,CLEAR,69251.75,69547.65,69215.45,67831.14,70253.68,0,not_TREND_DOWN;prior_60m_not_negative;buyer_absorption,HYBRID_REJECT,M4_THIN_ONLY_PASS,REJECT
BTC-USDT-SWAP-LONG-1774151423000-9,OKX_MARCH,BTC-USDT-SWAP,2026-03-22,1774153677000,2026-03-22T04:27:57+00:00,LONG,ACCUMULATION,RANGE,-2.1917,-0.3046,-0.12803913236105238,-0.2451,1.052,1,,,0,1,0,0,1,1,2,OKX_MARCH_LONG_693,CLEAR,69180.25,69484.95,69332.6,67945.95,70372.59,0,not_TREND_DOWN;not_SHORT;buyer_absorption,HYBRID_REJECT,M4_THIN_ONLY_PASS,REJECT
BTC-USDT-SWAP-LONG-1774157350000-10,OKX_MARCH,BTC-USDT-SWAP,2026-03-22,1774157645000,2026-03-22T05:34:05+00:00,LONG,ACCUMULATION,RANGE,-2.2006,-0.2016,-0.0843913255648716,-0.4205,-0.652,1,,,1,1,1,0,0,1,2,OKX_MARCH_LONG_691,CLEAR,69110.97722500001,69194.65,69152.81,67769.76,70190.11,0,not_TREND_DOWN;not_SHORT;buyer_absorption,HYBRID_REJECT,M4_THIN_ONLY_PASS,REJECT
BTC-USDT-SWAP-SHORT-1774158125000-11,OKX_MARCH,BTC-USDT-SWAP,2026-03-22,1774158353000,2026-03-22T05:45:53+00:00,SHORT,DISTRIBUTION,RANGE,-2.1941,-0.2551,-0.6083387568890228,0.3924,0.502,1,,,0,0,0,1,1,1,3,OKX_MARCH_SHORT_690,CLEAR,69107.778825,69179.45,69069.05,67687.67,70105.09,0,not_TREND_DOWN,HYBRID_REJECT,M4_THIN_ONLY_PASS,REJECT
BTC-USDT-SWAP-SHORT-1774168425000-13,OKX_MARCH,BTC-USDT-SWAP,2026-03-22,1774168606000,2026-03-22T08:36:46+00:00,SHORT,DISTRIBUTION,TREND_DOWN,-2.7915,-0.6116,-0.3898788034865914,0.2998,-0.057,1,,,0,0,0,1,0,1,2,OKX_MARCH_SHORT_684,CLEAR,68529.55,68684.375025,68444.65,67075.76,69471.32,1,,HYBRID_PASS,M4_THIN_ONLY_PASS,ACCEPT
BTC-USDT-SWAP-SHORT-1774168475000-14,OKX_MARCH,BTC-USDT-SWAP,2026-03-22,1774168655000,2026-03-22T08:37:35+00:00,SHORT,DISTRIBUTION,TREND_DOWN,-2.742,-0.5699,-0.4752504111731242,0.2876,4.226,1,,,0,0,0,1,1,1,3,OKX_MARCH_SHORT_684,ACTIVE,68529.55,68659.95,68400.85,67032.83,69426.86,1,duplicate_cluster_or_cooldown,HYBRID_PASS,M4_THIN_ONLY_PASS,REJECT
BTC-USDT-SWAP-SHORT-1774168517000-15,OKX_MARCH,BTC-USDT-SWAP,2026-03-22,1774168704000,2026-03-22T08:38:24+00:00,SHORT,DISTRIBUTION,TREND_DOWN,-2.733,-0.5961,-0.19934664978009256,0.2799,1.113,1,,,0,0,0,1,1,1,3,OKX_MARCH_SHORT_684,ACTIVE,68508.478625,68675.05,68444.65,67075.76,69471.32,1,duplicate_cluster_or_cooldown,HYBRID_PASS,M4_THIN_ONLY_PASS,REJECT
BTC-USDT-SWAP-LONG-1774168383000-12,OKX_MARCH,BTC-USDT-SWAP,2026-03-22,1774169205000,2026-03-22T08:46:45+00:00,LONG,ACCUMULATION,TREND_DOWN,-2.5541,-0.3535,-0.4276232051623091,0.2408,0.898,1,,,1,0,1,1,1,1,4,OKX_MARCH_LONG_686,CLEAR,68529.55,68765.65,68647.6,67274.65,69677.31,0,not_SHORT,HYBRID_REJECT,M4_THIN_ONLY_PASS,REJECT
BTC-USDT-SWAP-SHORT-1774169697000-17,OKX_MARCH,BTC-USDT-SWAP,2026-03-22,1774170446000,2026-03-22T09:07:26+00:00,SHORT,DISTRIBUTION,TREND_DOWN,-2.6689,-0.1104,0.07679500973326167,-0.2286,0.344,1,,,0,1,0,0,1,1,2,OKX_MARCH_SHORT_686,CLEAR,68675.395125,68815.15,68640.45,67267.64,69670.06,0,buyer_absorption,HYBRID_REJECT,M4_THIN_ONLY_PASS,REJECT
BTC-USDT-SWAP-LONG-1774169205000-16,OKX_MARCH,BTC-USDT-SWAP,2026-03-22,1774171290000,2026-03-22T09:21:30+00:00,LONG,ACCUMULATION,TREND_DOWN,-2.6453,0.0304,-0.11529903565091719,0.0029,0.288,1,,,1,0,1,1,1,1,4,OKX_MARCH_LONG_687,CLEAR,68615.85,68853.65,68734.75,67360.05,69765.77,0,not_SHORT;prior_60m_not_negative,HYBRID_REJECT,M4_THIN_ONLY_PASS,REJECT
BTC-USDT-SWAP-SHORT-1774179056000-18,OKX_MARCH,BTC-USDT-SWAP,2026-03-22,1774179501000,2026-03-22T11:38:21+00:00,SHORT,DISTRIBUTION,TREND_DOWN,-3.0216,-0.3058,0.05768640596491194,0.1919,1.195,1,,,0,0,0,1,1,1,3,OKX_MARCH_SHORT_680,CLEAR,68355.455175,68479.95,68058.55,66697.38,69079.43,1,,HYBRID_PASS,M4_THIN_ONLY_PASS,ACCEPT
BTC-USDT-SWAP-LONG-1774179961000-19,OKX_MARCH,BTC-USDT-SWAP,2026-03-22,1774180468000,2026-03-22T11:54:28+00:00,LONG,ACCUMULATION,TREND_DOWN,-3.2496,-0.4495,-0.22371347294245714,-0.2471,-0.025,1,,,1,1,1,0,0,1,2,OKX_MARCH_LONG_688,CLEAR,68058.55,68409.437625,68881.45,67503.82,69914.67,0,not_SHORT;buyer_absorption,HYBRID_REJECT,M4_THIN_ONLY_PASS,REJECT
BTC-USDT-SWAP-SHORT-1774180005000-20,OKX_MARCH,BTC-USDT-SWAP,2026-03-22,1774180644000,2026-03-22T11:57:24+00:00,SHORT,DISTRIBUTION,TREND_DOWN,-3.4165,-0.637,-0.3366613879150154,0.2165,-0.014,1,,,0,0,0,1,0,1,2,OKX_MARCH_SHORT_681,ACTIVE,68058.55,68334.200025,68196.38,66832.45,69219.32,1,duplicate_cluster_or_cooldown,HYBRID_PASS,M4_THIN_ONLY_PASS,REJECT
BTC-USDT-SWAP-SHORT-1774180644000-22,OKX_MARCH,BTC-USDT-SWAP,2026-03-22,1774180824000,2026-03-22T12:00:24+00:00,SHORT,DISTRIBUTION,TREND_DOWN,-3.4288,-0.5513,-0.39369320559862125,0.1911,1.435,1,,,0,0,0,1,1,1,3,OKX_MARCH_SHORT_681,ACTIVE,68160.05,68234.15002500001,68197.1,66833.16,69220.06,1,duplicate_cluster_or_cooldown,HYBRID_PASS,M4_THIN_ONLY_PASS,REJECT
BTC-USDT-SWAP-LONG-1774180468000-21,OKX_MARCH,BTC-USDT-SWAP,2026-03-22,1774181337000,2026-03-22T12:08:57+00:00,LONG,ACCUMULATION,TREND_DOWN,-3.4408,-0.5663,0.299746768051635,0.2009,0.026,1,,,0,1,0,1,1,1,3,OKX_MARCH_LONG_682,CLEAR,68160.05,68315.79082499999,68237.92,66873.16,69261.49,0,not_SHORT;buyer_absorption,HYBRID_REJECT,M4_THIN_ONLY_PASS,REJECT
BTC-USDT-SWAP-LONG-1774183232000-23,OKX_MARCH,BTC-USDT-SWAP,2026-03-22,1774183673000,2026-03-22T12:47:53+00:00,LONG,ACCUMULATION,TREND_DOWN,-2.947,0.3995,-0.0073816019181230106,-0.0962,0.055,1,,,1,0,1,0,1,1,3,OKX_MARCH_LONG_687,CLEAR,68533.75,68608.837275,68746.15,67371.23,69777.34,0,not_SHORT;prior_60m_not_negative,HYBRID_REJECT,M4_THIN_ONLY_PASS,REJECT
BTC-USDT-SWAP-LONG-1774185495000-24,OKX_MARCH,BTC-USDT-SWAP,2026-03-22,1774186750000,2026-03-22T13:39:10+00:00,LONG,ACCUMULATION,TREND_DOWN,-2.9157,0.0941,-0.015914879039789113,-0.3613,-0.283,1,,,0,1,0,0,0,1,1,OKX_MARCH_LONG_688,CLEAR,68553.95,68815.95,68855.95,67478.83,69888.79,0,not_SHORT;prior_60m_not_negative;buyer_absorption,HYBRID_REJECT,M4_THIN_ONLY_PASS,REJECT
BTC-USDT-SWAP-LONG-1774186750000-25,OKX_MARCH,BTC-USDT-SWAP,2026-03-22,1774186930000,2026-03-22T13:42:10+00:00,LONG,ACCUMULATION,TREND_DOWN,-2.953,0.0122,0.07252120280091685,-0.361,4.664,1,,,0,1,0,0,1,1,2,OKX_MARCH_LONG_688,CLEAR,68592.75,68673.469575,68843.05,67466.19,69875.7,0,not_SHORT;prior_60m_not_negative;buyer_absorption,HYBRID_REJECT,M4_THIN_ONLY_PASS,REJECT
BTC-USDT-SWAP-LONG-1774204867000-26,OKX_MARCH,BTC-USDT-SWAP,2026-03-22,1774205927000,2026-03-22T18:58:47+00:00,LONG,ACCUMULATION,TREND_DOWN,-2.6234,-0.215,0.006116981526737583,0.0943,0.154,1,,,1,0,1,1,1,1,4,OKX_MARCH_LONG_684,CLEAR,68402.05,68544.45,68473.25,67103.79,69500.35,0,not_SHORT,HYBRID_REJECT,M4_THIN_ONLY_PASS,REJECT
BTC-USDT-SWAP-SHORT-1774207344000-27,OKX_MARCH,BTC-USDT-SWAP,2026-03-22,1774207524000,2026-03-22T19:25:24+00:00,SHORT,DISTRIBUTION,TREND_DOWN,-2.9331,-0.4406,-0.29623076857583147,0.2553,-0.163,1,,,0,0,0,1,0,1,2,OKX_MARCH_SHORT_682,ACTIVE,68286.98942499999,68355.310575,68227.15,66862.61,69250.56,1,duplicate_cluster_or_cooldown,HYBRID_PASS,M4_THIN_ONLY_PASS,REJECT
BTC-USDT-SWAP-SHORT-1774208087000-28,OKX_MARCH,BTC-USDT-SWAP,2026-03-22,1774208405000,2026-03-22T19:40:05+00:00,SHORT,DISTRIBUTION,TREND_DOWN,-2.7966,-0.1121,0.22967073575141095,-0.3098,0.496,1,,,0,1,0,0,1,1,2,OKX_MARCH_SHORT_678,CLEAR,68211.327275,68347.75,67882.15,66524.51,68900.38,0,buyer_absorption,HYBRID_REJECT,M4_THIN_ONLY_PASS,REJECT
BTC-USDT-SWAP-SHORT-1774209401000-29,OKX_MARCH,BTC-USDT-SWAP,2026-03-22,1774209581000,2026-03-22T19:59:41+00:00,SHORT,DISTRIBUTION,TREND_DOWN,-3.1313,-0.6016,-0.4062824006971852,0.2388,2.541,1,,,0,0,0,1,1,1,3,OKX_MARCH_SHORT_680,ACTIVE,68117.973975,68186.126025,68082.55,66720.9,69103.79,1,duplicate_cluster_or_cooldown,HYBRID_PASS,M4_THIN_ONLY_PASS,REJECT
BTC-USDT-SWAP-SHORT-1774213405000-30,OKX_MARCH,BTC-USDT-SWAP,2026-03-22,1774214343000,2026-03-22T21:19:03+00:00,SHORT,DISTRIBUTION,TREND_DOWN,-3.9123,-1.1255,-0.33629350160020716,0.2659,14.218,1,,,1,0,1,1,1,1,4,OKX_MARCH_SHORT_673,ACTIVE,67516.95,68134.100025,67321.45,65975.02,68331.27,1,duplicate_cluster_or_cooldown,HYBRID_PASS,M4_THIN_ONLY_PASS,REJECT
BTC-USDT-SWAP-SHORT-1774213492000-31,OKX_MARCH,BTC-USDT-SWAP,2026-03-22,1774214343000,2026-03-22T21:19:03+00:00,SHORT,DISTRIBUTION,TREND_DOWN,-3.9123,-1.1255,0.49524581435466974,0.2659,14.218,1,,,1,1,1,1,1,1,4,OKX_MARCH_SHORT_673,CLEAR,67516.95,68080.87342500001,67321.45,65975.02,68331.27,0,buyer_absorption,HYBRID_REJECT,M4_THIN_ONLY_PASS,REJECT
BTC-USDT-SWAP-LONG-1774214168000-32,OKX_MARCH,BTC-USDT-SWAP,2026-03-22,1774217041000,2026-03-22T22:04:01+00:00,LONG,ACCUMULATION,TREND_DOWN,-3.4757,-0.408,0.1646222299463724,-0.0398,0.356,1,,,1,0,1,0,1,1,3,OKX_MARCH_LONG_681,CLEAR,67309.75,67947.75,68152.35,66789.3,69174.64,0,not_SHORT,HYBRID_REJECT,M4_THIN_ONLY_PASS,REJECT
BTC-USDT-SWAP-LONG-1774224466000-3,OKX_MARCH,BTC-USDT-SWAP,2026-03-23,1774224646000,2026-03-23T00:10:46+00:00,LONG,ACCUMULATION,RANGE,-1.3227,-0.5386,0.07922049199644689,-0.0033,13.382,1,,,0,0,0,0,1,1,2,OKX_MARCH_LONG_679,CLEAR,67892.68667499999,68014.45,67953.57,66594.5,68972.87,0,not_TREND_DOWN;not_SHORT,HYBRID_REJECT,M4_THIN_ONLY_PASS,REJECT
BTC-USDT-SWAP-SHORT-1774224201000-1,OKX_MARCH,BTC-USDT-SWAP,2026-03-23,1774224897000,2026-03-23T00:14:57+00:00,SHORT,DISTRIBUTION,RANGE,-1.0565,-0.5433,0.40101268447469707,-0.1589,0.227,1,,,0,1,0,0,1,1,2,OKX_MARCH_SHORT_676,CLEAR,67738.25,68085.95,67676.35,66322.82,68691.5,0,not_TREND_DOWN;buyer_absorption,HYBRID_REJECT,M4_THIN_ONLY_PASS,REJECT
BTC-USDT-SWAP-SHORT-1774224316000-2,OKX_MARCH,BTC-USDT-SWAP,2026-03-23,1774224897000,2026-03-23T00:14:57+00:00,SHORT,DISTRIBUTION,RANGE,-1.0565,-0.5433,-0.03214808380780485,-0.1589,0.227,1,,,0,1,0,0,1,1,2,OKX_MARCH_SHORT_676,CLEAR,67738.25,68085.95,67676.35,66322.82,68691.5,0,not_TREND_DOWN;buyer_absorption,HYBRID_REJECT,M4_THIN_ONLY_PASS,REJECT
BTC-USDT-SWAP-LONG-1774224518000-4,OKX_MARCH,BTC-USDT-SWAP,2026-03-23,1774225321000,2026-03-23T00:22:01+00:00,LONG,ACCUMULATION,RANGE,-1.275,-0.3142,0.3261549795153711,0.2888,8.705,1,,,0,1,0,1,1,1,3,OKX_MARCH_LONG_679,CLEAR,67762.85,68085.95,67924.4,66565.91,68943.27,0,not_TREND_DOWN;not_SHORT;buyer_absorption,HYBRID_REJECT,M4_THIN_ONLY_PASS,REJECT
BTC-USDT-SWAP-LONG-1774226586000-5,OKX_MARCH,BTC-USDT-SWAP,2026-03-23,1774227462000,2026-03-23T00:57:42+00:00,LONG,ACCUMULATION,RANGE,-1.7269,-0.2231,0.18373876750591905,-0.0118,0.067,1,,,0,0,0,0,1,1,2,OKX_MARCH_LONG_686,CLEAR,67577.444375,67857.35,68691.45,67317.62,69721.82,0,not_TREND_DOWN;not_SHORT,HYBRID_REJECT,M4_THIN_ONLY_PASS,REJECT
BTC-USDT-SWAP-LONG-1774226641000-6,OKX_MARCH,BTC-USDT-SWAP,2026-03-23,1774227462000,2026-03-23T00:57:42+00:00,LONG,ACCUMULATION,RANGE,-1.7269,-0.2231,0.17088672156786333,-0.0118,0.067,1,,,0,0,0,0,1,1,2,OKX_MARCH_LONG_687,CLEAR,67583.45,67857.35,68718.95,67344.57,69749.73,0,not_TREND_DOWN;not_SHORT,HYBRID_REJECT,M4_THIN_ONLY_PASS,REJECT
BTC-USDT-SWAP-LONG-1774228686000-7,OKX_MARCH,BTC-USDT-SWAP,2026-03-23,1774228866000,2026-03-23T01:21:06+00:00,LONG,ACCUMULATION,RANGE,-1.5965,0.0997,0.06705917202037362,-0.0525,0.252,1,,,1,0,1,0,1,1,3,OKX_MARCH_LONG_680,CLEAR,67840.45,68016.55,68059.55,66698.36,69080.44,0,not_TREND_DOWN;not_SHORT;prior_60m_not_negative,HYBRID_REJECT,M4_THIN_ONLY_PASS,REJECT
BTC-USDT-SWAP-LONG-1774228797000-8,OKX_MARCH,BTC-USDT-SWAP,2026-03-23,1774228977000,2026-03-23T01:22:57+00:00,LONG,ACCUMULATION,RANGE,-1.4316,0.1253,0.06427423649604515,-0.0429,4.633,1,,,1,0,1,0,1,1,3,OKX_MARCH_LONG_681,CLEAR,67850.05,68016.55,68198.35,66834.38,69221.33,0,not_TREND_DOWN;not_SHORT;prior_60m_not_negative,HYBRID_REJECT,M4_THIN_ONLY_PASS,REJECT
BTC-USDT-SWAP-LONG-1774230340000-9,OKX_MARCH,BTC-USDT-SWAP,2026-03-23,1774230803000,2026-03-23T01:53:23+00:00,LONG,ACCUMULATION,RANGE,-1.3623,0.3711,0.22415263379601558,-0.2444,0.258,1,,,0,1,0,0,1,1,2,OKX_MARCH_LONG_681,CLEAR,67870.75,68095.35,68138.85,66776.07,69160.93,0,not_TREND_DOWN;not_SHORT;prior_60m_not_negative;buyer_absorption,HYBRID_REJECT,M4_THIN_ONLY_PASS,REJECT
BTC-USDT-SWAP-SHORT-1774233098000-10,OKX_MARCH,BTC-USDT-SWAP,2026-03-23,1774233315000,2026-03-23T02:35:15+00:00,SHORT,DISTRIBUTION,RANGE,-1.3902,0.3141,-0.1409494992549879,-0.348,0.686,1,,,0,1,0,0,1,1,2,OKX_MARCH_SHORT_682,CLEAR,68153.75607500001,68249.95,68201.85,66837.82,69224.88,0,not_TREND_DOWN;prior_60m_not_negative;buyer_absorption,HYBRID_REJECT,M4_THIN_ONLY_PASS,REJECT
BTC-USDT-SWAP-LONG-1774233261000-11,OKX_MARCH,BTC-USDT-SWAP,2026-03-23,1774233631000,2026-03-23T02:40:31+00:00,LONG,ACCUMULATION,RANGE,-1.3776,0.2489,-0.04843963529876052,0.2918,-0.015,1,,,1,0,1,1,0,1,3,OKX_MARCH_LONG_685,CLEAR,68162.65,68260.55,68549.45,67178.46,69577.69,0,not_TREND_DOWN;not_SHORT;prior_60m_not_negative,HYBRID_REJECT,M4_THIN_ONLY_PASS,REJECT
BTC-USDT-SWAP-SHORT-1774235188000-12,OKX_MARCH,BTC-USDT-SWAP,2026-03-23,1774236470000,2026-03-23T03:27:50+00:00,SHORT,DISTRIBUTION,RANGE,-1.7467,-0.0047,-0.04541528394052898,0.2411,0.91,1,,,1,0,1,1,1,1,4,OKX_MARCH_SHORT_683,CLEAR,68136.45,68489.65,68313.05,66946.79,69337.75,0,not_TREND_DOWN,HYBRID_REJECT,M4_THIN_ONLY_PASS,REJECT
BTC-USDT-SWAP-SHORT-1774236610000-13,OKX_MARCH,BTC-USDT-SWAP,2026-03-23,1774236945000,2026-03-23T03:35:45+00:00,SHORT,DISTRIBUTION,RANGE,-1.9389,-0.1104,-0.0867532359522726,-0.0622,0.725,1,,,1,0,1,0,1,1,3,OKX_MARCH_SHORT_680,CLEAR,68076.994475,68198.55,68029.45,66668.86,69049.89,0,not_TREND_DOWN,HYBRID_REJECT,M4_THIN_ONLY_PASS,REJECT
BTC-USDT-SWAP-LONG-1774237251000-14,OKX_MARCH,BTC-USDT-SWAP,2026-03-23,1774237454000,2026-03-23T03:44:14+00:00,LONG,ACCUMULATION,RANGE,-1.6779,-0.1651,-0.10878370808831192,-0.0685,0.014,1,,,1,0,1,0,1,1,3,OKX_MARCH_LONG_682,CLEAR,68064.55,68171.21857499999,68209.95,66845.75,69233.1,0,not_TREND_DOWN;not_SHORT,HYBRID_REJECT,M4_THIN_ONLY_PASS,REJECT
BTC-USDT-SWAP-LONG-1774240874000-15,OKX_MARCH,BTC-USDT-SWAP,2026-03-23,1774242845000,2026-03-23T05:14:05+00:00,LONG,ACCUMULATION,RANGE,-0.6834,0.9149,0.10001183581485616,0.2616,12.932,1,,,1,0,1,1,1,1,4,OKX_MARCH_LONG_688,CLEAR,68225.05,68753.65,68803.65,67427.58,69835.7,0,not_TREND_DOWN;not_SHORT;prior_60m_not_negative,HYBRID_REJECT,M4_THIN_ONLY_PASS,REJECT
BTC-USDT-SWAP-SHORT-1774242344000-16,OKX_MARCH,BTC-USDT-SWAP,2026-03-23,1774243134000,2026-03-23T05:18:54+00:00,SHORT,DISTRIBUTION,RANGE,-0.7364,0.9151,-0.1144606742063089,-0.1023,0.025,1,,,1,1,1,0,1,1,3,OKX_MARCH_SHORT_677,CLEAR,68608.55,68846.65,67763.65,66408.38,68780.1,0,not_TREND_DOWN;prior_60m_not_negative;buyer_absorption,HYBRID_REJECT,M4_THIN_ONLY_PASS,REJECT
BTC-USDT-SWAP-LONG-1774242845000-17,OKX_MARCH,BTC-USDT-SWAP,2026-03-23,1774243386000,2026-03-23T05:23:06+00:00,LONG,ACCUMULATION,RANGE,-0.6373,0.8116,0.23627834914478082,0.0908,0.819,1,,,0,1,0,1,1,1,3,OKX_MARCH_LONG_687,CLEAR,68664.85,68846.65,68755.75,67380.63,69787.09,0,not_TREND_DOWN;not_SHORT;prior_60m_not_negative;buyer_absorption,HYBRID_REJECT,M4_THIN_ONLY_PASS,REJECT
BTC-USDT-SWAP-SHORT-1774244879000-18,OKX_MARCH,BTC-USDT-SWAP,2026-03-23,1774246297000,2026-03-23T06:11:37+00:00,SHORT,DISTRIBUTION,RANGE,-0.6633,0.0026,-0.2583089072300416,0.0793,-0.014,1,,,1,0,1,1,0,1,3,OKX_MARCH_SHORT_683,CLEAR,68533.25,68873.95,68353.95,66986.87,69379.26,0,not_TREND_DOWN;prior_60m_not_negative,HYBRID_REJECT,M4_THIN_ONLY_PASS,REJECT
BTC-USDT-SWAP-SHORT-1774247388000-19,OKX_MARCH,BTC-USDT-SWAP,2026-03-23,1774248796000,2026-03-23T06:53:16+00:00,SHORT,DISTRIBUTION,RANGE,-1.8808,-1.2389,-0.29829266530806986,0.1317,0.716,1,,,1,0,1,1,1,1,4,OKX_MARCH_SHORT_676,CLEAR,67666.15,68540.75,67631.95,66279.31,68646.43,0,not_TREND_DOWN,HYBRID_REJECT,M4_THIN_ONLY_PASS,REJECT
BTC-USDT-SWAP-SHORT-1774265760000-20,OKX_MARCH,BTC-USDT-SWAP,2026-03-23,1774266282000,2026-03-23T11:44:42+00:00,SHORT,DISTRIBUTION,TREND_UP,3.3207,3.3471,0.012203797227855964,-0.0637,2.515,1,,,0,0,0,0,1,1,2,OKX_MARCH_SHORT_701,CLEAR,70363.95,70913.88922499999,70178.55,68774.98,71231.23,0,not_TREND_DOWN;prior_60m_not_negative,HYBRID_REJECT,M4_THIN_ONLY_PASS,REJECT
BTC-USDT-SWAP-LONG-1774268722000-22,OKX_MARCH,BTC-USDT-SWAP,2026-03-23,1774269088000,2026-03-23T12:31:28+00:00,LONG,ACCUMULATION,RANGE,2.4754,-0.8904,0.14407372476610966,-0.0137,4.755,1,,,0,0,0,0,1,1,2,OKX_MARCH_LONG_711,CLEAR,70180.05,70375.920375,71124.65,69702.16,72191.52,0,not_TREND_DOWN;not_SHORT,HYBRID_REJECT,M4_THIN_ONLY_PASS,REJECT
BTC-USDT-SWAP-SHORT-1774267628000-21,OKX_MARCH,BTC-USDT-SWAP,2026-03-23,1774269563000,2026-03-23T12:39:23+00:00,SHORT,DISTRIBUTION,TREND_UP,2.5617,-0.2335,0.2006030743264842,-0.0279,1.317,1,,,0,1,0,0,1,1,2,OKX_MARCH_SHORT_701,CLEAR,69763.85,70501.45,70132.65,68730.0,71184.64,0,not_TREND_DOWN;buyer_absorption,HYBRID_REJECT,M4_THIN_ONLY_PASS,REJECT
BTC-USDT-SWAP-SHORT-1774269563000-23,OKX_MARCH,BTC-USDT-SWAP,2026-03-23,1774271052000,2026-03-23T13:04:12+00:00,SHORT,DISTRIBUTION,TREND_UP,2.5987,1.1418,-0.18528901417246532,0.0299,0.19,1,,,0,0,0,1,1,1,3,OKX_MARCH_SHORT_705,CLEAR,70243.95,70864.85,70554.4,69143.31,71612.72,0,not_TREND_DOWN;prior_60m_not_negative,HYBRID_REJECT,M4_THIN_ONLY_PASS,REJECT
BTC-USDT-SWAP-LONG-1774270395000-24,OKX_MARCH,BTC-USDT-SWAP,2026-03-23,1774271307000,2026-03-23T13:08:27+00:00,LONG,ACCUMULATION,TREND_UP,2.666,1.0673,0.017103671311131708,-0.0176,0.434,1,,,0,0,0,0,1,1,2,OKX_MARCH_LONG_710,CLEAR,70542.05,70864.85,71066.45,69645.12,72132.45,0,not_TREND_DOWN;not_SHORT;prior_60m_not_negative,HYBRID_REJECT,M4_THIN_ONLY_PASS,REJECT
BTC-USDT-SWAP-LONG-1774270406000-25,OKX_MARCH,BTC-USDT-SWAP,2026-03-23,1774271307000,2026-03-23T13:08:27+00:00,LONG,ACCUMULATION,TREND_UP,2.666,1.0673,-0.10560106903540124,-0.0176,0.434,1,,,0,0,0,0,1,1,2,OKX_MARCH_LONG_710,CLEAR,70542.05,70864.85,71066.45,69645.12,72132.45,0,not_TREND_DOWN;not_SHORT;prior_60m_not_negative,HYBRID_REJECT,M4_THIN_ONLY_PASS,REJECT
BTC-USDT-SWAP-LONG-1774270541000-26,OKX_MARCH,BTC-USDT-SWAP,2026-03-23,1774271307000,2026-03-23T13:08:27+00:00,LONG,ACCUMULATION,TREND_UP,2.666,1.0673,-0.17411954279349248,-0.0176,0.434,1,,,0,0,0,0,1,1,2,OKX_MARCH_LONG_709,CLEAR,70542.05,70864.85,70968.75,69549.38,72033.28,0,not_TREND_DOWN;not_SHORT;prior_60m_not_negative,HYBRID_REJECT,M4_THIN_ONLY_PASS,REJECT
BTC-USDT-SWAP-SHORT-1774273649000-27,OKX_MARCH,BTC-USDT-SWAP,2026-03-23,1774273858000,2026-03-23T13:50:58+00:00,SHORT,DISTRIBUTION,TREND_UP,3.8844,0.9594,-0.07596420132808226,-0.1869,1.166,1,,,0,1,0,0,1,1,2,OKX_MARCH_SHORT_711,CLEAR,70983.55,71309.25,71146.4,69723.47,72213.6,0,not_TREND_DOWN;prior_60m_not_negative;buyer_absorption,HYBRID_REJECT,M4_THIN_ONLY_PASS,REJECT
BTC-USDT-SWAP-LONG-1774275378000-30,OKX_MARCH,BTC-USDT-SWAP,2026-03-23,1774275558000,2026-03-23T14:19:18+00:00,LONG,ACCUMULATION,TREND_UP,4.1783,1.1566,-0.07371460030664652,0.0152,7.133,1,,,0,0,0,1,1,1,3,OKX_MARCH_LONG_716,CLEAR,71525.55,71696.65,71611.1,70178.88,72685.27,0,not_TREND_DOWN;not_SHORT;prior_60m_not_negative,HYBRID_REJECT,M4_THIN_ONLY_PASS,REJECT
BTC-USDT-SWAP-LONG-1774276640000-31,OKX_MARCH,BTC-USDT-SWAP,2026-03-23,1774276859000,2026-03-23T14:40:59+00:00,LONG,ACCUMULATION,TREND_UP,3.6671,0.2895,0.18895884252611794,-0.1293,4.039,1,,,0,1,0,0,1,1,2,OKX_MARCH_LONG_713,CLEAR,71252.45,71499.85,71376.15,69948.63,72446.79,0,not_TREND_DOWN;not_SHORT;prior_60m_not_negative;buyer_absorption,HYBRID_REJECT,M4_THIN_ONLY_PASS,REJECT
BTC-USDT-SWAP-SHORT-1774275173000-28,OKX_MARCH,BTC-USDT-SWAP,2026-03-23,1774278389000,2026-03-23T15:06:29+00:00,SHORT,DISTRIBUTION,TREND_UP,3.7896,0.1349,-0.36453098803508743,-0.2382,1.131,1,,,0,1,0,0,1,1,2,OKX_MARCH_SHORT_704,CLEAR,71089.05,71696.65,70452.05,69043.01,71508.83,0,not_TREND_DOWN;prior_60m_not_negative;buyer_absorption,HYBRID_REJECT,M4_THIN_ONLY_PASS,REJECT
BTC-USDT-SWAP-SHORT-1774275219000-29,OKX_MARCH,BTC-USDT-SWAP,2026-03-23,1774278389000,2026-03-23T15:06:29+00:00,SHORT,DISTRIBUTION,TREND_UP,3.7896,0.1349,-0.15716667856998684,-0.2382,1.131,1,,,0,1,0,0,1,1,2,OKX_MARCH_SHORT_704,CLEAR,71089.05,71696.65,70452.05,69043.01,71508.83,0,not_TREND_DOWN;prior_60m_not_negative;buyer_absorption,HYBRID_REJECT,M4_THIN_ONLY_PASS,REJECT
BTC-USDT-SWAP-SHORT-1774279570000-32,OKX_MARCH,BTC-USDT-SWAP,2026-03-23,1774279929000,2026-03-23T15:32:09+00:00,SHORT,DISTRIBUTION,TREND_UP,3.0064,-0.5614,0.07774357046054559,0.1449,1.36,1,,,1,0,1,1,1,1,4,OKX_MARCH_SHORT_704,CLEAR,70834.45,70976.920725,70493.95,69084.07,71551.36,0,not_TREND_DOWN,HYBRID_REJECT,M4_THIN_ONLY_PASS,REJECT
BTC-USDT-SWAP-SHORT-1774281621000-33,OKX_MARCH,BTC-USDT-SWAP,2026-03-23,1774282442000,2026-03-23T16:14:02+00:00,SHORT,DISTRIBUTION,RANGE,2.3862,-1.325,0.3479209594517424,-0.1173,0.984,1,,,0,1,0,0,1,1,2,OKX_MARCH_SHORT_702,CLEAR,70095.05,70500.75,70297.9,68891.94,71352.37,0,not_TREND_DOWN;buyer_absorption,HYBRID_REJECT,M4_THIN_ONLY_PASS,REJECT
BTC-USDT-SWAP-SHORT-1774281629000-34,OKX_MARCH,BTC-USDT-SWAP,2026-03-23,1774282442000,2026-03-23T16:14:02+00:00,SHORT,DISTRIBUTION,RANGE,2.3862,-1.325,-0.1682403765609429,-0.1173,0.984,1,,,0,1,0,0,1,1,2,OKX_MARCH_SHORT_702,CLEAR,70080.39227499999,70500.75,70290.57,68884.76,71344.93,0,not_TREND_DOWN;buyer_absorption,HYBRID_REJECT,M4_THIN_ONLY_PASS,REJECT
BTC-USDT-SWAP-LONG-1774288091000-35,OKX_MARCH,BTC-USDT-SWAP,2026-03-23,1774288778000,2026-03-23T17:59:38+00:00,LONG,ACCUMULATION,TREND_UP,3.4667,0.6909,-0.15999126229137964,0.0865,0.258,1,,,1,0,1,1,1,1,4,OKX_MARCH_LONG_711,CLEAR,70861.301625,71090.75,71130.85,69708.23,72197.81,0,not_TREND_DOWN;not_SHORT;prior_60m_not_negative,HYBRID_REJECT,M4_THIN_ONLY_PASS,REJECT
BTC-USDT-SWAP-LONG-1774289043000-37,OKX_MARCH,BTC-USDT-SWAP,2026-03-23,1774289508000,2026-03-23T18:11:48+00:00,LONG,ACCUMULATION,TREND_UP,3.4635,0.4895,0.14244431212442057,-0.1714,-0.135,1,,,1,1,1,0,0,1,2,OKX_MARCH_LONG_710,CLEAR,70877.75,71151.70807499999,71014.73,69594.43,72079.95,0,not_TREND_DOWN;not_SHORT;prior_60m_not_negative;buyer_absorption,HYBRID_REJECT,M4_THIN_ONLY_PASS,REJECT
BTC-USDT-SWAP-SHORT-1774288765000-36,OKX_MARCH,BTC-USDT-SWAP,2026-03-23,1774290002000,2026-03-23T18:20:02+00:00,SHORT,DISTRIBUTION,TREND_UP,3.314,0.6537,-0.2558393732905486,0.242,0.145,1,,,1,0,1,1,1,1,4,OKX_MARCH_SHORT_708,CLEAR,70877.75,71137.65,70837.25,69420.51,71899.81,0,not_TREND_DOWN;prior_60m_not_negative,HYBRID_REJECT,M4_THIN_ONLY_PASS,REJECT
BTC-USDT-SWAP-LONG-1774310440000-1,OKX_MARCH,BTC-USDT-SWAP,2026-03-24,1774310620000,2026-03-24T00:03:40+00:00,LONG,ACCUMULATION,TREND_UP,4.5162,0.3522,0.07410497802803706,-0.17,,1,,,0,1,0,0,0,1,1,OKX_MARCH_LONG_709,CLEAR,70900.05,71056.15,70978.1,69558.54,72042.77,0,not_TREND_DOWN;not_SHORT;prior_60m_not_negative;buyer_absorption,HYBRID_REJECT,M4_THIN_ONLY_PASS,REJECT
BTC-USDT-SWAP-LONG-1774310514000-2,OKX_MARCH,BTC-USDT-SWAP,2026-03-24,1774310694000,2026-03-24T00:04:54+00:00,LONG,ACCUMULATION,TREND_UP,4.3482,0.2566,-0.41604212848610594,-0.184,,1,,,0,1,0,0,0,1,1,OKX_MARCH_LONG_709,CLEAR,70872.35,70997.75,70935.05,69516.35,71999.08,0,not_TREND_DOWN;not_SHORT;prior_60m_not_negative;buyer_absorption,HYBRID_REJECT,M4_THIN_ONLY_PASS,REJECT
BTC-USDT-SWAP-LONG-1774310581000-3,OKX_MARCH,BTC-USDT-SWAP,2026-03-24,1774310883000,2026-03-24T00:08:03+00:00,LONG,ACCUMULATION,TREND_UP,4.3772,0.3389,-0.5396582214312505,-0.1782,-0.011,1,,,1,1,1,0,0,1,2,OKX_MARCH_LONG_708,CLEAR,70839.35,70952.75,70896.05,69478.13,71959.49,0,not_TREND_DOWN;not_SHORT;prior_60m_not_negative;buyer_absorption,HYBRID_REJECT,M4_THIN_ONLY_PASS,REJECT
BTC-USDT-SWAP-SHORT-1774311662000-4,OKX_MARCH,BTC-USDT-SWAP,2026-03-24,1774311890000,2026-03-24T00:24:50+00:00,SHORT,DISTRIBUTION,TREND_UP,4.0376,0.3941,-0.3125852325065588,0.0512,1.872,1,,,0,0,0,1,1,1,3,OKX_MARCH_SHORT_704,CLEAR,70633.115775,70772.55,70488.05,69078.29,71545.37,0,not_TREND_DOWN;prior_60m_not_negative,HYBRID_REJECT,M4_THIN_ONLY_PASS,REJECT
BTC-USDT-SWAP-SHORT-1774311890000-5,OKX_MARCH,BTC-USDT-SWAP,2026-03-24,1774312070000,2026-03-24T00:27:50+00:00,SHORT,DISTRIBUTION,TREND_UP,4.0359,0.0641,0.1578860668503661,-0.0909,2.397,1,,,1,0,1,0,1,1,3,OKX_MARCH_SHORT_705,CLEAR,70694.95,70787.95,70566.95,69155.61,71625.45,0,not_TREND_DOWN;prior_60m_not_negative,HYBRID_REJECT,M4_THIN_ONLY_PASS,REJECT
BTC-USDT-SWAP-SHORT-1774312736000-6,OKX_MARCH,BTC-USDT-SWAP,2026-03-24,1774313156000,2026-03-24T00:45:56+00:00,SHORT,DISTRIBUTION,TREND_UP,4.2892,-0.1866,0.1950308498044982,0.1568,-0.144,1,,,0,0,0,1,0,1,2,OKX_MARCH_SHORT_702,CLEAR,70383.15,70649.95,70235.15,68830.45,71288.68,0,not_TREND_DOWN,HYBRID_REJECT,M4_THIN_ONLY_PASS,REJECT
BTC-USDT-SWAP-LONG-1774313004000-7,OKX_MARCH,BTC-USDT-SWAP,2026-03-24,1774314187000,2026-03-24T01:03:07+00:00,LONG,ACCUMULATION,TREND_UP,4.4783,-0.4069,-0.09129720946343622,0.0793,-0.148,1,,,0,0,0,1,0,1,2,OKX_MARCH_LONG_706,CLEAR,70543.45,70779.95,70661.7,69248.47,71721.63,0,not_TREND_DOWN;not_SHORT,HYBRID_REJECT,M4_THIN_ONLY_PASS,REJECT
BTC-USDT-SWAP-LONG-1774315073000-8,OKX_MARCH,BTC-USDT-SWAP,2026-03-24,1774316785000,2026-03-24T01:46:25+00:00,LONG,ACCUMULATION,TREND_UP,3.4202,-0.2855,-0.0047680067860784,-0.2161,0.376,1,,,0,1,0,0,1,1,2,OKX_MARCH_LONG_708,CLEAR,70235.15,70845.45,70886.15,69468.43,71949.44,0,not_TREND_DOWN;not_SHORT;buyer_absorption,HYBRID_REJECT,M4_THIN_ONLY_PASS,REJECT
BTC-USDT-SWAP-LONG-1774316785000-9,OKX_MARCH,BTC-USDT-SWAP,2026-03-24,1774316965000,2026-03-24T01:49:25+00:00,LONG,ACCUMULATION,TREND_UP,3.6471,-0.3666,-0.06341243039383765,-0.1516,4.948,1,,,1,1,1,0,1,1,3,OKX_MARCH_LONG_707,CLEAR,70352.456175,70475.65,70746.25,69331.32,71807.44,0,not_TREND_DOWN;not_SHORT;buyer_absorption,HYBRID_REJECT,M4_THIN_ONLY_PASS,REJECT
BTC-USDT-SWAP-SHORT-1774327507000-10,OKX_MARCH,BTC-USDT-SWAP,2026-03-24,1774327687000,2026-03-24T04:48:07+00:00,SHORT,DISTRIBUTION,TREND_UP,2.916,-0.2738,0.1481734120273056,-0.0558,1.609,1,,,1,0,1,0,1,1,3,OKX_MARCH_SHORT_702,CLEAR,70281.891475,70359.45,70232.15,68827.51,71285.63,0,not_TREND_DOWN,HYBRID_REJECT,M4_THIN_ONLY_PASS,REJECT
BTC-USDT-SWAP-SHORT-1774329160000-12,OKX_MARCH,BTC-USDT-SWAP,2026-03-24,1774329374000,2026-03-24T05:16:14+00:00,SHORT,DISTRIBUTION,RANGE,2.0491,-0.5811,-0.07087457575166911,0.1911,0.84,1,,,0,0,0,1,1,1,3,OKX_MARCH_SHORT_701,CLEAR,70138.45,70219.55,70179.0,68775.42,71231.68,0,not_TREND_DOWN,HYBRID_REJECT,M4_THIN_ONLY_PASS,REJECT
BTC-USDT-SWAP-SHORT-1774329743000-13,OKX_MARCH,BTC-USDT-SWAP,2026-03-24,1774330132000,2026-03-24T05:28:52+00:00,SHORT,DISTRIBUTION,RANGE,2.1635,-0.5551,0.06680220714108577,-0.0539,0.381,1,,,1,0,1,0,1,1,3,OKX_MARCH_SHORT_701,CLEAR,70084.29032500001,70237.55,70160.92,68757.7,71213.33,0,not_TREND_DOWN,HYBRID_REJECT,M4_THIN_ONLY_PASS,REJECT
BTC-USDT-SWAP-LONG-1774328942000-11,OKX_MARCH,BTC-USDT-SWAP,2026-03-24,1774331175000,2026-03-24T05:46:15+00:00,LONG,ACCUMULATION,RANGE,2.4938,-0.0127,0.18567436454796443,0.2533,0.498,1,,,1,0,1,1,1,1,4,OKX_MARCH_LONG_707,CLEAR,70093.05,70340.55,70717.55,69303.2,71778.31,0,not_TREND_DOWN;not_SHORT,HYBRID_REJECT,M4_THIN_ONLY_PASS,REJECT
BTC-USDT-SWAP-SHORT-1774331704000-14,OKX_MARCH,BTC-USDT-SWAP,2026-03-24,1774332463000,2026-03-24T06:07:43+00:00,SHORT,DISTRIBUTION,RANGE,2.4078,0.2025,-0.2994686969148709,-0.1435,2.745,1,,,0,1,0,0,1,1,2,OKX_MARCH_SHORT_702,CLEAR,70219.75,70377.65,70298.7,68892.73,71353.18,0,not_TREND_DOWN;prior_60m_not_negative;buyer_absorption,HYBRID_REJECT,M4_THIN_ONLY_PASS,REJECT
BTC-USDT-SWAP-LONG-1774337368000-16,OKX_MARCH,BTC-USDT-SWAP,2026-03-24,1774337585000,2026-03-24T07:33:05+00:00,LONG,ACCUMULATION,TREND_UP,4.3826,0.6169,0.04737001606010432,-0.0979,3.396,1,,,1,0,1,0,1,1,3,OKX_MARCH_LONG_710,CLEAR,70800.05,70950.50752500001,71009.15,69588.97,72074.29,0,not_TREND_DOWN;not_SHORT;prior_60m_not_negative,HYBRID_REJECT,M4_THIN_ONLY_PASS,REJECT
BTC-USDT-SWAP-SHORT-1774336685000-15,OKX_MARCH,BTC-USDT-SWAP,2026-03-24,1774339003000,2026-03-24T07:56:43+00:00,SHORT,DISTRIBUTION,TREND_UP,3.8639,0.7492,-0.1324761151279471,-0.3006,0.599,1,,,0,1,0,0,1,1,2,OKX_MARCH_SHORT_703,CLEAR,70787.75,71029.85,70334.25,68927.57,71389.26,0,not_TREND_DOWN;prior_60m_not_negative;buyer_absorption,HYBRID_REJECT,M4_THIN_ONLY_PASS,REJECT
BTC-USDT-SWAP-SHORT-1774339003000-17,OKX_MARCH,BTC-USDT-SWAP,2026-03-24,1774339953000,2026-03-24T08:12:33+00:00,SHORT,DISTRIBUTION,TREND_UP,3.7717,0.4321,-0.012515071171921622,0.0016,8.307,1,,,1,0,1,1,1,1,4,OKX_MARCH_SHORT_709,CLEAR,70969.347575,71373.55,70906.95,69488.81,71970.55,0,not_TREND_DOWN;prior_60m_not_negative,HYBRID_REJECT,M4_THIN_ONLY_PASS,REJECT
BTC-USDT-SWAP-LONG-1774339604000-18,OKX_MARCH,BTC-USDT-SWAP,2026-03-24,1774340147000,2026-03-24T08:15:47+00:00,LONG,ACCUMULATION,TREND_UP,3.611,0.4197,0.06064914194453291,-0.1796,0.25,1,,,0,1,0,0,1,1,2,OKX_MARCH_LONG_711,CLEAR,71018.25,71214.939675,71116.59,69694.26,72183.34,0,not_TREND_DOWN;not_SHORT;prior_60m_not_negative;buyer_absorption,HYBRID_REJECT,M4_THIN_ONLY_PASS,REJECT
BTC-USDT-SWAP-LONG-1774340147000-19,OKX_MARCH,BTC-USDT-SWAP,2026-03-24,1774341090000,2026-03-24T08:31:30+00:00,LONG,ACCUMULATION,TREND_UP,3.5529,0.07,0.2804846817793801,-0.1707,0.732,1,,,0,1,0,0,1,1,2,OKX_MARCH_LONG_712,CLEAR,70830.35,71088.276375,71210.85,69786.63,72279.01,0,not_TREND_DOWN;not_SHORT;prior_60m_not_negative;buyer_absorption,HYBRID_REJECT,M4_THIN_ONLY_PASS,REJECT
BTC-USDT-SWAP-LONG-1774346043000-20,OKX_MARCH,BTC-USDT-SWAP,2026-03-24,1774346346000,2026-03-24T09:59:06+00:00,LONG,ACCUMULATION,TREND_UP,4.4767,0.5436,0.11591022730770198,0.1751,6.628,1,,,1,0,1,1,1,1,4,OKX_MARCH_LONG_712,CLEAR,71202.231075,71339.65,71270.94,69845.52,72340.0,0,not_TREND_DOWN;not_SHORT;prior_60m_not_negative,HYBRID_REJECT,M4_THIN_ONLY_PASS,REJECT
BTC-USDT-SWAP-LONG-1774346346000-21,OKX_MARCH,BTC-USDT-SWAP,2026-03-24,1774346767000,2026-03-24T10:06:07+00:00,LONG,ACCUMULATION,TREND_UP,4.0482,0.3543,-0.1591989294069487,-0.0271,0.084,1,,,0,0,0,0,1,1,2,OKX_MARCH_LONG_712,CLEAR,71192.65,71335.49992500001,71264.07,69838.79,72333.04,0,not_TREND_DOWN;not_SHORT;prior_60m_not_negative,HYBRID_REJECT,M4_THIN_ONLY_PASS,REJECT
BTC-USDT-SWAP-LONG-1774361880000-22,OKX_MARCH,BTC-USDT-SWAP,2026-03-24,1774362226000,2026-03-24T14:23:46+00:00,LONG,ACCUMULATION,RANGE,-2.1996,-1.0471,-0.11725119748491124,-0.1756,4.681,1,,,0,1,0,0,1,1,2,OKX_MARCH_LONG_698,CLEAR,69808.35,69983.15,69895.75,68497.83,70944.19,0,not_TREND_DOWN;not_SHORT;buyer_absorption,HYBRID_REJECT,M4_THIN_ONLY_PASS,REJECT
BTC-USDT-SWAP-SHORT-1774362129000-23,OKX_MARCH,BTC-USDT-SWAP,2026-03-24,1774362766000,2026-03-24T14:32:46+00:00,SHORT,DISTRIBUTION,RANGE,-1.8494,-1.0628,-0.2239335332722602,-0.1631,3.942,1,,,0,1,0,0,1,1,2,OKX_MARCH_SHORT_695,CLEAR,69805.15,70066.65,69581.15,68189.53,70624.87,0,not_TREND_DOWN;buyer_absorption,HYBRID_REJECT,M4_THIN_ONLY_PASS,REJECT
BTC-USDT-SWAP-SHORT-1774362766000-24,OKX_MARCH,BTC-USDT-SWAP,2026-03-24,1774362976000,2026-03-24T14:36:16+00:00,SHORT,DISTRIBUTION,RANGE,-1.8142,-0.81,-0.4860958969859803,-0.1987,-0.238,1,,,0,1,0,0,0,1,1,OKX_MARCH_SHORT_696,CLEAR,69915.374825,70111.25,69617.45,68225.1,70661.71,0,not_TREND_DOWN;buyer_absorption,HYBRID_REJECT,M4_THIN_ONLY_PASS,REJECT
BTC-USDT-SWAP-LONG-1774363528000-25,OKX_MARCH,BTC-USDT-SWAP,2026-03-24,1774363708000,2026-03-24T14:48:28+00:00,LONG,ACCUMULATION,RANGE,-2.0648,-0.7399,-0.00411893666611971,-0.1836,-0.133,1,,,1,1,1,0,0,1,2,OKX_MARCH_LONG_698,CLEAR,69565.05,69802.633875,69843,68446.14,70890.64,0,not_TREND_DOWN;not_SHORT;buyer_absorption,HYBRID_REJECT,M4_THIN_ONLY_PASS,REJECT
BTC-USDT-SWAP-SHORT-1774369947000-26,OKX_MARCH,BTC-USDT-SWAP,2026-03-24,1774370159000,2026-03-24T16:35:59+00:00,SHORT,DISTRIBUTION,RANGE,-1.1095,-0.3612,-0.4575665928120761,0.0833,14.153,1,,,1,0,1,1,1,1,4,OKX_MARCH_SHORT_695,CLEAR,69605.75,69754.910025,69515.35,68125.04,70558.08,0,not_TREND_DOWN,HYBRID_REJECT,M4_THIN_ONLY_PASS,REJECT
BTC-USDT-SWAP-SHORT-1774370927000-28,OKX_MARCH,BTC-USDT-SWAP,2026-03-24,1774371166000,2026-03-24T16:52:46+00:00,SHORT,DISTRIBUTION,RANGE,-1.3692,-0.8205,-0.26466581812036544,0.0914,-0.344,1,,,0,0,0,1,0,1,2,OKX_MARCH_SHORT_691,CLEAR,69467.35,69558.95,69147.35,67764.4,70184.56,0,not_TREND_DOWN,HYBRID_REJECT,M4_THIN_ONLY_PASS,REJECT
BTC-USDT-SWAP-SHORT-1774371172000-29,OKX_MARCH,BTC-USDT-SWAP,2026-03-24,1774371352000,2026-03-24T16:55:52+00:00,SHORT,DISTRIBUTION,RANGE,-1.5992,-0.7949,0.36535514329879326,-0.2401,10.354,1,,,1,1,1,0,1,1,3,OKX_MARCH_SHORT_693,CLEAR,69388.95,69614.739975,69308.45,67922.28,70348.08,0,not_TREND_DOWN;buyer_absorption,HYBRID_REJECT,M4_THIN_ONLY_PASS,REJECT
BTC-USDT-SWAP-SHORT-1774372202000-30,OKX_MARCH,BTC-USDT-SWAP,2026-03-24,1774372444000,2026-03-24T17:14:04+00:00,SHORT,DISTRIBUTION,RANGE,-2.0758,-0.9378,-0.13429207163323187,0.0443,0.349,1,,,0,0,0,1,1,1,3,OKX_MARCH_SHORT_691,CLEAR,69097.883775,69238.35,69168.12,67784.75,70205.64,0,not_TREND_DOWN,HYBRID_REJECT,M4_THIN_ONLY_PASS,REJECT
BTC-USDT-SWAP-LONG-1774370647000-27,OKX_MARCH,BTC-USDT-SWAP,2026-03-24,1774372514000,2026-03-24T17:15:14+00:00,LONG,ACCUMULATION,RANGE,-1.9088,-0.941,0.15220659152164687,-0.0658,11.801,1,,,0,0,0,0,1,1,2,OKX_MARCH_LONG_698,CLEAR,68905.45,70804.85,69855.15,68458.05,70902.98,0,not_TREND_DOWN;not_SHORT,HYBRID_REJECT,M4_THIN_ONLY_PASS,REJECT
BTC-USDT-SWAP-SHORT-1774372444000-31,OKX_MARCH,BTC-USDT-SWAP,2026-03-24,1774373490000,2026-03-24T17:31:30+00:00,SHORT,DISTRIBUTION,RANGE,-1.9941,-0.8412,-0.1822254504545039,0.0747,-0.106,1,,,1,0,1,1,0,1,3,OKX_MARCH_SHORT_689,CLEAR,69065.05,69268.45,68919.65,67541.26,69953.44,0,not_TREND_DOWN,HYBRID_REJECT,M4_THIN_ONLY_PASS,REJECT
BTC-USDT-SWAP-SHORT-1774374739000-32,OKX_MARCH,BTC-USDT-SWAP,2026-03-24,1774374919000,2026-03-24T17:55:19+00:00,SHORT,DISTRIBUTION,TREND_DOWN,-2.8739,-0.6711,-0.19548001213057517,0.2733,2.475,1,,,1,0,1,1,1,1,4,OKX_MARCH_SHORT_690,CLEAR,68958.653425,69133.15,69045.9,67664.98,70081.59,1,,HYBRID_PASS,M4_THIN_ONLY_PASS,ACCEPT
BTC-USDT-SWAP-SHORT-1774381867000-33,OKX_MARCH,BTC-USDT-SWAP,2026-03-24,1774382047000,2026-03-24T19:54:07+00:00,SHORT,DISTRIBUTION,RANGE,-2.0106,-0.24,-0.032635512214601946,-0.0849,1.823,1,,,0,0,0,0,1,1,2,OKX_MARCH_SHORT_692,CLEAR,69250.85,69331.99867500001,69291.42,67905.6,70330.8,0,not_TREND_DOWN,HYBRID_REJECT,M4_THIN_ONLY_PASS,REJECT
BTC-USDT-SWAP-LONG-1774385370000-34,OKX_MARCH,BTC-USDT-SWAP,2026-03-24,1774386069000,2026-03-24T21:01:09+00:00,LONG,ACCUMULATION,RANGE,-1.2214,1.0338,0.22244748976072104,0.0506,1.117,1,,,0,1,0,1,1,1,3,OKX_MARCH_LONG_702,CLEAR,69984.040475,70203.05,70243.05,68838.19,71296.7,0,not_TREND_DOWN;not_SHORT;prior_60m_not_negative;buyer_absorption,HYBRID_REJECT,M4_THIN_ONLY_PASS,REJECT
BTC-USDT-SWAP-SHORT-1774389025000-35,OKX_MARCH,BTC-USDT-SWAP,2026-03-24,1774389205000,2026-03-24T21:53:25+00:00,SHORT,DISTRIBUTION,RANGE,-0.9375,0.2453,-0.3134416577226059,-0.212,5.791,1,,,0,1,0,0,1,1,2,OKX_MARCH_SHORT_701,CLEAR,70168.75,70294.179525,70121.75,68719.32,71173.58,0,not_TREND_DOWN;prior_60m_not_negative;buyer_absorption,HYBRID_REJECT,M4_THIN_ONLY_PASS,REJECT
BTC-USDT-SWAP-SHORT-1774389074000-36,OKX_MARCH,BTC-USDT-SWAP,2026-03-24,1774392486000,2026-03-24T22:48:06+00:00,SHORT,DISTRIBUTION,RANGE,-0.5973,-0.0292,-0.34222401642869094,0.0053,-0.031,1,,,1,0,1,1,0,1,3,OKX_MARCH_SHORT_704,CLEAR,70105.25,70804.85,70455.05,69045.95,71511.88,0,not_TREND_DOWN,HYBRID_REJECT,M4_THIN_ONLY_PASS,REJECT
BTC-USDT-SWAP-LONG-1774397341000-2,OKX_MARCH,BTC-USDT-SWAP,2026-03-25,1774397521000,2026-03-25T00:12:01+00:00,LONG,ACCUMULATION,RANGE,-0.2168,0.2368,0.04089214928757736,-0.0444,10.628,1,,,1,0,1,0,1,1,3,OKX_MARCH_LONG_707,CLEAR,70595.03482500001,70728.55,70781.45,69365.82,71843.17,0,not_TREND_DOWN;not_SHORT;prior_60m_not_negative,HYBRID_REJECT,M4_THIN_ONLY_PASS,REJECT
BTC-USDT-SWAP-LONG-1774397404000-3,OKX_MARCH,BTC-USDT-SWAP,2026-03-25,1774397584000,2026-03-25T00:13:04+00:00,LONG,ACCUMULATION,RANGE,-0.1053,0.2689,0.2200763274299922,-0.0534,11.3,1,,,1,1,1,0,1,1,3,OKX_MARCH_LONG_707,CLEAR,70648.408125,70728.55,70781.45,69365.82,71843.17,0,not_TREND_DOWN;not_SHORT;prior_60m_not_negative;buyer_absorption,HYBRID_REJECT,M4_THIN_ONLY_PASS,REJECT
BTC-USDT-SWAP-SHORT-1774396839000-1,OKX_MARCH,BTC-USDT-SWAP,2026-03-25,1774397648000,2026-03-25T00:14:08+00:00,SHORT,DISTRIBUTION,RANGE,-0.1968,0.1534,0.054975411879348166,0.0645,0.338,1,,,0,0,0,1,1,1,3,OKX_MARCH_SHORT_704,CLEAR,70488.588075,70728.55,70438.05,69029.29,71494.62,0,not_TREND_DOWN;prior_60m_not_negative,HYBRID_REJECT,M4_THIN_ONLY_PASS,REJECT
BTC-USDT-SWAP-SHORT-1774397648000-4,OKX_MARCH,BTC-USDT-SWAP,2026-03-25,1774398133000,2026-03-25T00:22:13+00:00,SHORT,DISTRIBUTION,RANGE,-0.2577,-0.1421,-0.1756406485943029,0.0901,10.939,1,,,1,0,1,1,1,1,4,OKX_MARCH_SHORT_704,CLEAR,70534.15,70697.95,70458.05,69048.89,71514.92,0,not_TREND_DOWN,HYBRID_REJECT,M4_THIN_ONLY_PASS,REJECT
BTC-USDT-SWAP-LONG-1774400096000-6,OKX_MARCH,BTC-USDT-SWAP,2026-03-25,1774400293000,2026-03-25T00:58:13+00:00,LONG,ACCUMULATION,RANGE,0.3015,0.5023,0.17174216521225483,-0.1809,6.37,1,,,1,1,1,0,1,1,3,OKX_MARCH_LONG_709,CLEAR,70808.52802499999,70899.95,70949.85,69530.85,72014.1,0,not_TREND_DOWN;not_SHORT;prior_60m_not_negative;buyer_absorption,HYBRID_REJECT,M4_THIN_ONLY_PASS,REJECT
BTC-USDT-SWAP-SHORT-1774399490000-5,OKX_MARCH,BTC-USDT-SWAP,2026-03-25,1774400427000,2026-03-25T01:00:27+00:00,SHORT,DISTRIBUTION,RANGE,0.209,0.382,-0.11355774547470279,0.1276,5.078,1,,,1,0,1,1,1,1,4,OKX_MARCH_SHORT_708,CLEAR,70750.75,70965.75,70858.25,69441.08,71921.12,0,not_TREND_DOWN;prior_60m_not_negative,HYBRID_REJECT,M4_THIN_ONLY_PASS,REJECT
BTC-USDT-SWAP-LONG-1774401634000-7,OKX_MARCH,BTC-USDT-SWAP,2026-03-25,1774401893000,2026-03-25T01:24:53+00:00,LONG,ACCUMULATION,RANGE,0.0004,0.1744,0.011032961043456605,0.064,1.307,1,,,0,0,0,1,1,1,3,OKX_MARCH_LONG_709,CLEAR,70701.15,70822.65,70943.95,69525.07,72008.11,0,not_TREND_DOWN;not_SHORT;prior_60m_not_negative,HYBRID_REJECT,M4_THIN_ONLY_PASS,REJECT
BTC-USDT-SWAP-LONG-1774405086000-8,OKX_MARCH,BTC-USDT-SWAP,2026-03-25,1774405280000,2026-03-25T02:21:20+00:00,LONG,ACCUMULATION,RANGE,0.1082,-0.304,0.05923807911002885,-0.3351,-0.392,1,,,0,1,0,0,0,1,1,OKX_MARCH_LONG_707,CLEAR,70516.973875,70617.35,70791.85,69376.01,71853.73,0,not_TREND_DOWN;not_SHORT;buyer_absorption,HYBRID_REJECT,M4_THIN_ONLY_PASS,REJECT
BTC-USDT-SWAP-LONG-1774407695000-9,OKX_MARCH,BTC-USDT-SWAP,2026-03-25,1774408430000,2026-03-25T03:13:50+00:00,LONG,ACCUMULATION,RANGE,-0.023,-0.133,-0.11396695620282749,0.0001,-0.032,1,,,0,0,0,1,0,1,2,OKX_MARCH_LONG_706,CLEAR,70392.55,70549.75,70609.15,69196.97,71668.29,0,not_TREND_DOWN;not_SHORT,HYBRID_REJECT,M4_THIN_ONLY_PASS,REJECT
BTC-USDT-SWAP-SHORT-1774408213000-10,OKX_MARCH,BTC-USDT-SWAP,2026-03-25,1774410298000,2026-03-25T03:44:58+00:00,SHORT,DISTRIBUTION,RANGE,0.3777,0.0801,-0.10975183537274776,-0.2494,4.235,1,,,0,1,0,0,1,1,2,OKX_MARCH_SHORT_705,CLEAR,70377.45,70791.85,70584.65,69172.96,71643.42,0,not_TREND_DOWN;prior_60m_not_negative;buyer_absorption,HYBRID_REJECT,M4_THIN_ONLY_PASS,REJECT
BTC-USDT-SWAP-LONG-1774415629000-11,OKX_MARCH,BTC-USDT-SWAP,2026-03-25,1774416472000,2026-03-25T05:27:52+00:00,LONG,ACCUMULATION,RANGE,1.3975,0.4512,0.15920249079529789,-0.1218,-0.045,1,,,1,1,1,0,0,1,2,OKX_MARCH_LONG_714,CLEAR,71052.35,71258.161275,71474.25,70044.76,72546.36,0,not_TREND_DOWN;not_SHORT;prior_60m_not_negative;buyer_absorption,HYBRID_REJECT,M4_THIN_ONLY_PASS,REJECT
BTC-USDT-SWAP-LONG-1774416472000-13,OKX_MARCH,BTC-USDT-SWAP,2026-03-25,1774416739000,2026-03-25T05:32:19+00:00,LONG,ACCUMULATION,RANGE,1.426,0.5621,-0.062019590943357024,-0.0378,12.72,1,,,1,0,1,0,1,1,3,OKX_MARCH_LONG_712,CLEAR,71107.678375,71209.35,71249.25,69824.26,72317.99,0,not_TREND_DOWN;not_SHORT;prior_60m_not_negative,HYBRID_REJECT,M4_THIN_ONLY_PASS,REJECT
BTC-USDT-SWAP-SHORT-1774416093000-12,OKX_MARCH,BTC-USDT-SWAP,2026-03-25,1774418622000,2026-03-25T06:03:42+00:00,SHORT,DISTRIBUTION,RANGE,1.0802,0.1714,0.1450198214038596,0.1817,0.002,1,,,1,0,1,1,1,1,4,OKX_MARCH_SHORT_709,CLEAR,71039.15,71219.55,70929.95,69511.35,71993.9,0,not_TREND_DOWN;prior_60m_not_negative,HYBRID_REJECT,M4_THIN_ONLY_PASS,REJECT
BTC-USDT-SWAP-LONG-1774419017000-14,OKX_MARCH,BTC-USDT-SWAP,2026-03-25,1774419312000,2026-03-25T06:15:12+00:00,LONG,ACCUMULATION,RANGE,1.0446,-0.2026,0.2219710357035738,-0.1756,7.166,1,,,1,1,1,0,1,1,3,OKX_MARCH_LONG_711,CLEAR,70983.540475,71069.95,71199.05,69775.07,72267.04,0,not_TREND_DOWN;not_SHORT;buyer_absorption,HYBRID_REJECT,M4_THIN_ONLY_PASS,REJECT
BTC-USDT-SWAP-LONG-1774425909000-16,OKX_MARCH,BTC-USDT-SWAP,2026-03-25,1774427257000,2026-03-25T08:27:37+00:00,LONG,ACCUMULATION,RANGE,0.2871,0.0514,-0.14167433484914052,0.2433,3.5,1,,,1,0,1,1,1,1,4,OKX_MARCH_LONG_712,CLEAR,70752.65,71099.25,71241.55,69816.72,72310.17,0,not_TREND_DOWN;not_SHORT;prior_60m_not_negative,HYBRID_REJECT,M4_THIN_ONLY_PASS,REJECT
BTC-USDT-SWAP-SHORT-1774427887000-17,OKX_MARCH,BTC-USDT-SWAP,2026-03-25,1774429240000,2026-03-25T09:00:40+00:00,SHORT,DISTRIBUTION,RANGE,0.3472,0.4208,-0.2215731439644566,0.0621,0.588,1,,,1,0,1,1,1,1,4,OKX_MARCH_SHORT_713,CLEAR,71172.05,71449.95,71311.0,69884.78,72380.66,0,not_TREND_DOWN;prior_60m_not_negative,HYBRID_REJECT,M4_THIN_ONLY_PASS,REJECT
BTC-USDT-SWAP-LONG-1774432966000-18,OKX_MARCH,BTC-USDT-SWAP,2026-03-25,1774433205000,2026-03-25T10:06:45+00:00,LONG,ACCUMULATION,RANGE,0.0835,0.0929,-0.2039483876895621,0.0167,0.151,1,,,1,0,1,1,1,1,4,OKX_MARCH_LONG_715,CLEAR,71237.75,71375.720025,71535.45,70104.74,72608.48,0,not_TREND_DOWN;not_SHORT;prior_60m_not_negative,HYBRID_REJECT,M4_THIN_ONLY_PASS,REJECT
BTC-USDT-SWAP-LONG-1774433029000-19,OKX_MARCH,BTC-USDT-SWAP,2026-03-25,1774433268000,2026-03-25T10:07:48+00:00,LONG,ACCUMULATION,RANGE,0.1246,0.1207,-0.31617119562325047,0.0184,0.566,1,,,1,0,1,1,1,1,4,OKX_MARCH_LONG_715,CLEAR,71237.75,71359.15,71516.05,70085.73,72588.79,0,not_TREND_DOWN;not_SHORT;prior_60m_not_negative,HYBRID_REJECT,M4_THIN_ONLY_PASS,REJECT
BTC-USDT-SWAP-SHORT-1774435972000-20,OKX_MARCH,BTC-USDT-SWAP,2026-03-25,1774436158000,2026-03-25T10:55:58+00:00,SHORT,DISTRIBUTION,RANGE,0.4271,0.4328,-0.20735107477989562,-0.4722,0.163,1,,,0,1,0,0,1,1,2,OKX_MARCH_SHORT_715,CLEAR,71459.702275,71548.25,71503.98,70073.9,72576.54,0,not_TREND_DOWN;prior_60m_not_negative;buyer_absorption,HYBRID_REJECT,M4_THIN_ONLY_PASS,REJECT
BTC-USDT-SWAP-LONG-1774436211000-21,OKX_MARCH,BTC-USDT-SWAP,2026-03-25,1774436673000,2026-03-25T11:04:33+00:00,LONG,ACCUMULATION,RANGE,0.6921,0.2483,-0.2751945164875867,0.003,1.039,1,,,0,0,0,1,1,1,3,OKX_MARCH_LONG_715,CLEAR,71428.75,71530.797525,71569.95,70138.55,72643.5,0,not_TREND_DOWN;not_SHORT;prior_60m_not_negative,HYBRID_REJECT,M4_THIN_ONLY_PASS,REJECT
BTC-USDT-SWAP-LONG-1774437718000-22,OKX_MARCH,BTC-USDT-SWAP,2026-03-25,1774437901000,2026-03-25T11:25:01+00:00,LONG,ACCUMULATION,RANGE,0.9162,0.4192,0.0768405854356741,0.0534,0.42,1,,,1,0,1,1,1,1,4,OKX_MARCH_LONG_719,CLEAR,71611.826175,71683.473825,71904.35,70466.26,72982.92,0,not_TREND_DOWN;not_SHORT;prior_60m_not_negative,HYBRID_REJECT,M4_THIN_ONLY_PASS,REJECT
BTC-USDT-SWAP-LONG-1774437958000-23,OKX_MARCH,BTC-USDT-SWAP,2026-03-25,1774438484000,2026-03-25T11:34:44+00:00,LONG,ACCUMULATION,RANGE,1.1469,0.81,0.14920580515392304,0.1528,3.137,1,,,1,0,1,1,1,1,4,OKX_MARCH_LONG_719,CLEAR,71675.494325,71944.95,71988.95,70549.17,73068.78,0,not_TREND_DOWN;not_SHORT;prior_60m_not_negative,HYBRID_REJECT,M4_THIN_ONLY_PASS,REJECT
BTC-USDT-SWAP-SHORT-1774439218000-24,OKX_MARCH,BTC-USDT-SWAP,2026-03-25,1774439561000,2026-03-25T11:52:41+00:00,SHORT,DISTRIBUTION,RANGE,0.6275,0.0842,-0.5319076038391899,0.0613,8.524,1,,,1,0,1,1,1,1,4,OKX_MARCH_SHORT_713,CLEAR,71481.05,71790.42727500001,71355.45,69928.34,72425.78,0,not_TREND_DOWN;prior_60m_not_negative,HYBRID_REJECT,M4_THIN_ONLY_PASS,REJECT
BTC-USDT-SWAP-SHORT-1774439561000-25,OKX_MARCH,BTC-USDT-SWAP,2026-03-25,1774441729000,2026-03-25T12:28:49+00:00,SHORT,DISTRIBUTION,RANGE,0.2035,-0.7667,-0.11722269966539016,0.0628,-0.026,1,,,1,0,1,1,0,1,3,OKX_MARCH_SHORT_709,CLEAR,71078.35,71815.05,70904.75,69486.65,71968.32,0,not_TREND_DOWN,HYBRID_REJECT,M4_THIN_ONLY_PASS,REJECT
BTC-USDT-SWAP-LONG-1774445278000-26,OKX_MARCH,BTC-USDT-SWAP,2026-03-25,1774446138000,2026-03-25T13:42:18+00:00,LONG,ACCUMULATION,RANGE,2.1993,0.6243,0.0857930055049874,0.2292,-0.157,1,,,1,0,1,1,0,1,3,OKX_MARCH_LONG_717,CLEAR,71549.157525,71925.95,71737.55,70302.8,72813.62,0,not_TREND_DOWN;not_SHORT;prior_60m_not_negative,HYBRID_REJECT,M4_THIN_ONLY_PASS,REJECT
BTC-USDT-SWAP-SHORT-1774446087000-27,OKX_MARCH,BTC-USDT-SWAP,2026-03-25,1774447666000,2026-03-25T14:07:46+00:00,SHORT,DISTRIBUTION,RANGE,1.5479,-0.2275,0.03574707897391512,-0.0635,24.516,1,,,1,0,1,0,1,1,3,OKX_MARCH_SHORT_710,CLEAR,71350.05,71915.35,71019.85,69599.45,72085.15,0,not_TREND_DOWN,HYBRID_REJECT,M4_THIN_ONLY_PASS,REJECT
BTC-USDT-SWAP-LONG-1774448158000-28,OKX_MARCH,BTC-USDT-SWAP,2026-03-25,1774449775000,2026-03-25T14:42:55+00:00,LONG,ACCUMULATION,RANGE,2.3012,-0.6601,-0.010036956048054043,0.0471,-0.428,1,,,0,0,0,1,0,1,2,OKX_MARCH_LONG_713,CLEAR,71225.15,71520.75,71372.95,69945.49,72443.54,0,not_TREND_DOWN;not_SHORT,HYBRID_REJECT,M4_THIN_ONLY_PASS,REJECT
BTC-USDT-SWAP-SHORT-1774452639000-29,OKX_MARCH,BTC-USDT-SWAP,2026-03-25,1774453235000,2026-03-25T15:40:35+00:00,SHORT,DISTRIBUTION,RANGE,1.0975,-0.664,-0.0179960791853525,-0.0337,6.606,1,,,1,0,1,0,1,1,3,OKX_MARCH_SHORT_709,CLEAR,70793.25,71055.55,70924.4,69505.91,71988.27,0,not_TREND_DOWN,HYBRID_REJECT,M4_THIN_ONLY_PASS,REJECT
BTC-USDT-SWAP-SHORT-1774459290000-30,OKX_MARCH,BTC-USDT-SWAP,2026-03-25,1774459476000,2026-03-25T17:24:36+00:00,SHORT,DISTRIBUTION,TREND_UP,2.6636,0.1184,0.07526211152165342,0.0448,-0.312,1,,,1,0,1,1,0,1,3,OKX_MARCH_SHORT_707,CLEAR,70963.950275,71108.35,70723.65,69309.18,71784.5,0,not_TREND_DOWN;prior_60m_not_negative,HYBRID_REJECT,M4_THIN_ONLY_PASS,REJECT
BTC-USDT-SWAP-SHORT-1774460558000-31,OKX_MARCH,BTC-USDT-SWAP,2026-03-25,1774460738000,2026-03-25T17:45:38+00:00,SHORT,DISTRIBUTION,TREND_UP,2.7948,-0.756,-0.20668300810529794,-0.0437,1.921,1,,,1,0,1,0,1,1,3,OKX_MARCH_SHORT_707,CLEAR,70824.61997500001,70971.45,70757.45,69342.3,71818.81,0,not_TREND_DOWN,HYBRID_REJECT,M4_THIN_ONLY_PASS,REJECT
BTC-USDT-SWAP-SHORT-1774461630000-32,OKX_MARCH,BTC-USDT-SWAP,2026-03-25,1774461811000,2026-03-25T18:03:31+00:00,SHORT,DISTRIBUTION,RANGE,2.2609,-0.7371,-0.04765891106429343,-0.1306,8.213,1,,,0,1,0,0,1,1,2,OKX_MARCH_SHORT_707,CLEAR,70718.273175,70789.026825,70753.65,69338.58,71814.95,0,not_TREND_DOWN;buyer_absorption,HYBRID_REJECT,M4_THIN_ONLY_PASS,REJECT
BTC-USDT-SWAP-LONG-1774480244000-33,OKX_MARCH,BTC-USDT-SWAP,2026-03-25,1774480891000,2026-03-25T23:21:31+00:00,LONG,ACCUMULATION,RANGE,1.0553,0.4192,0.3073599348880748,-0.3157,2.955,1,,,0,1,0,0,1,1,2,OKX_MARCH_LONG_712,CLEAR,71156.05,71431.647975,71293.85,69867.97,72363.26,0,not_TREND_DOWN;not_SHORT;prior_60m_not_negative;buyer_absorption,HYBRID_REJECT,M4_THIN_ONLY_PASS,REJECT
BTC-USDT-SWAP-LONG-1774483234000-1,OKX_MARCH,BTC-USDT-SWAP,2026-03-26,1774484096000,2026-03-26T00:14:56+00:00,LONG,ACCUMULATION,RANGE,0.7454,-0.0989,-0.165669243881178,-0.3361,2.681,1,,,0,1,0,0,1,1,2,OKX_MARCH_LONG_714,CLEAR,71165.45,71352.608475,71409.05,69980.87,72480.19,0,not_TREND_DOWN;not_SHORT;buyer_absorption,HYBRID_REJECT,M4_THIN_ONLY_PASS,REJECT
BTC-USDT-SWAP-LONG-1774484096000-2,OKX_MARCH,BTC-USDT-SWAP,2026-03-26,1774484674000,2026-03-26T00:24:34+00:00,LONG,ACCUMULATION,RANGE,0.9862,-0.0973,0.4881712492023832,-0.0284,0.374,1,,,1,1,1,0,1,1,3,OKX_MARCH_LONG_714,CLEAR,71174.345025,71358.25,71409.05,69980.87,72480.19,0,not_TREND_DOWN;not_SHORT;buyer_absorption,HYBRID_REJECT,M4_THIN_ONLY_PASS,REJECT
BTC-USDT-SWAP-SHORT-1774484401000-3,OKX_MARCH,BTC-USDT-SWAP,2026-03-26,1774485627000,2026-03-26T00:40:27+00:00,SHORT,DISTRIBUTION,RANGE,0.5742,0.1165,0.016638278000750153,0.0778,-0.035,1,,,0,0,0,1,0,1,2,OKX_MARCH_SHORT_711,CLEAR,71187.138625,71375.45,71139.55,69716.76,72206.64,0,not_TREND_DOWN;prior_60m_not_negative,HYBRID_REJECT,M4_THIN_ONLY_PASS,REJECT
BTC-USDT-SWAP-SHORT-1774485627000-4,OKX_MARCH,BTC-USDT-SWAP,2026-03-26,1774486233000,2026-03-26T00:50:33+00:00,SHORT,DISTRIBUTION,RANGE,0.7704,0.1785,0.11148121230704844,-0.1294,0.673,1,,,0,1,0,0,1,1,2,OKX_MARCH_SHORT_712,CLEAR,71274.394975,71409.05,71201.55,69777.52,72269.57,0,not_TREND_DOWN;prior_60m_not_negative;buyer_absorption,HYBRID_REJECT,M4_THIN_ONLY_PASS,REJECT
BTC-USDT-SWAP-LONG-1774486088000-5,OKX_MARCH,BTC-USDT-SWAP,2026-03-26,1774486672000,2026-03-26T00:57:52+00:00,LONG,ACCUMULATION,RANGE,0.4905,-0.1218,0.0948142480276485,-0.1349,-0.048,1,,,0,1,0,0,0,1,1,OKX_MARCH_LONG_712,CLEAR,71112.95,71415.639975,71264.29,69839.01,72333.26,0,not_TREND_DOWN;not_SHORT;buyer_absorption,HYBRID_REJECT,M4_THIN_ONLY_PASS,REJECT
BTC-USDT-SWAP-SHORT-1774487843000-6,OKX_MARCH,BTC-USDT-SWAP,2026-03-26,1774488023000,2026-03-26T01:20:23+00:00,SHORT,DISTRIBUTION,RANGE,0.6158,-0.0098,0.13547883313072354,-0.2536,1.066,1,,,0,1,0,0,1,1,2,OKX_MARCH_SHORT_710,CLEAR,71117.473475,71208.55,71071.25,69649.82,72137.32,0,not_TREND_DOWN;buyer_absorption,HYBRID_REJECT,M4_THIN_ONLY_PASS,REJECT
BTC-USDT-SWAP-LONG-1774491706000-7,OKX_MARCH,BTC-USDT-SWAP,2026-03-26,1774492706000,2026-03-26T02:38:26+00:00,LONG,ACCUMULATION,RANGE,0.004,-0.7498,0.27449336401844604,-0.1773,3.832,1,,,0,1,0,0,1,1,2,OKX_MARCH_LONG_708,CLEAR,70654.75,71019.041775,70836.9,69420.16,71899.45,0,not_TREND_DOWN;not_SHORT;buyer_absorption,HYBRID_REJECT,M4_THIN_ONLY_PASS,REJECT
BTC-USDT-SWAP-LONG-1774492706000-9,OKX_MARCH,BTC-USDT-SWAP,2026-03-26,1774492886000,2026-03-26T02:41:26+00:00,LONG,ACCUMULATION,RANGE,0.1117,-0.6413,0.3190007659783668,-0.0709,0.055,1,,,1,1,1,0,1,1,3,OKX_MARCH_LONG_707,CLEAR,70688.68797500001,70808.85,70748.77,69333.79,71810.0,0,not_TREND_DOWN;not_SHORT;buyer_absorption,HYBRID_REJECT,M4_THIN_ONLY_PASS,REJECT
BTC-USDT-SWAP-SHORT-1774492655000-8,OKX_MARCH,BTC-USDT-SWAP,2026-03-26,1774493504000,2026-03-26T02:51:44+00:00,SHORT,DISTRIBUTION,RANGE,0.3766,-0.4706,0.36523626819718213,0.1285,0.453,1,,,0,1,0,1,1,1,3,OKX_MARCH_SHORT_704,CLEAR,70684.689975,70879.95,70443.95,69035.07,71500.61,0,not_TREND_DOWN;buyer_absorption,HYBRID_REJECT,M4_THIN_ONLY_PASS,REJECT
BTC-USDT-SWAP-SHORT-1774493504000-10,OKX_MARCH,BTC-USDT-SWAP,2026-03-26,1774493691000,2026-03-26T02:54:51+00:00,SHORT,DISTRIBUTION,RANGE,0.4131,-0.5163,0.12549063432319743,-0.03,2.961,1,,,1,0,1,0,1,1,3,OKX_MARCH_SHORT_707,CLEAR,70829.45,70900.482525,70785.95,69370.23,71847.74,0,not_TREND_DOWN,HYBRID_REJECT,M4_THIN_ONLY_PASS,REJECT
BTC-USDT-SWAP-SHORT-1774495702000-11,OKX_MARCH,BTC-USDT-SWAP,2026-03-26,1774495882000,2026-03-26T03:31:22+00:00,SHORT,DISTRIBUTION,RANGE,0.1775,-0.1238,0.2257191221265931,0.0185,1.185,1,,,0,1,0,1,1,1,3,OKX_MARCH_SHORT_704,CLEAR,70629.717475,70727.95,70443.95,69035.07,71500.61,0,not_TREND_DOWN;buyer_absorption,HYBRID_REJECT,M4_THIN_ONLY_PASS,REJECT
BTC-USDT-SWAP-SHORT-1774502716000-13,OKX_MARCH,BTC-USDT-SWAP,2026-03-26,1774503105000,2026-03-26T05:31:45+00:00,SHORT,DISTRIBUTION,RANGE,-0.9225,-0.4696,0.16801316556629955,-0.0548,0.262,1,,,1,0,1,0,1,1,3,OKX_MARCH_SHORT_704,CLEAR,70481.35,70602.833775,70407.25,68999.1,71463.36,0,not_TREND_DOWN,HYBRID_REJECT,M4_THIN_ONLY_PASS,REJECT
BTC-USDT-SWAP-SHORT-1774503105000-14,OKX_MARCH,BTC-USDT-SWAP,2026-03-26,1774503493000,2026-03-26T05:38:13+00:00,SHORT,DISTRIBUTION,RANGE,-0.8183,-0.4013,-0.1012028427912338,-0.0156,0.344,1,,,0,0,0,0,1,1,2,OKX_MARCH_SHORT_704,CLEAR,70472.995875,70594.25,70407.25,68999.1,71463.36,0,not_TREND_DOWN,HYBRID_REJECT,M4_THIN_ONLY_PASS,REJECT
BTC-USDT-SWAP-LONG-1774501901000-12,OKX_MARCH,BTC-USDT-SWAP,2026-03-26,1774504847000,2026-03-26T06:00:47+00:00,LONG,ACCUMULATION,RANGE,-1.575,-1.0922,0.25058071621589917,-0.214,1.423,1,,,0,1,0,0,1,1,2,OKX_MARCH_LONG_702,CLEAR,69884.75,70611.75,70248.25,68843.29,71301.97,0,not_TREND_DOWN;not_SHORT;buyer_absorption,HYBRID_REJECT,M4_THIN_ONLY_PASS,REJECT
BTC-USDT-SWAP-SHORT-1774504288000-15,OKX_MARCH,BTC-USDT-SWAP,2026-03-26,1774505134000,2026-03-26T06:05:34+00:00,SHORT,DISTRIBUTION,RANGE,-1.5781,-1.1227,0.06855568351846843,0.1918,0.344,1,,,1,0,1,1,1,1,4,OKX_MARCH_SHORT_697,CLEAR,69833.75,70296.58072499999,69787.35,68391.6,70834.16,0,not_TREND_DOWN,HYBRID_REJECT,M4_THIN_ONLY_PASS,REJECT
BTC-USDT-SWAP-SHORT-1774505134000-16,OKX_MARCH,BTC-USDT-SWAP,2026-03-26,1774505553000,2026-03-26T06:12:33+00:00,SHORT,DISTRIBUTION,RANGE,-1.4289,-0.6739,-0.17631669576163583,-0.0658,0.377,1,,,0,0,0,0,1,1,2,OKX_MARCH_SHORT_695,CLEAR,69865.099975,70079.95,69573.95,68182.47,70617.56,0,not_TREND_DOWN,HYBRID_REJECT,M4_THIN_ONLY_PASS,REJECT
BTC-USDT-SWAP-SHORT-1774513471000-17,OKX_MARCH,BTC-USDT-SWAP,2026-03-26,1774513770000,2026-03-26T08:29:30+00:00,SHORT,DISTRIBUTION,RANGE,-1.9408,-0.1915,-0.13330729945001615,-0.1631,1.315,1,,,1,1,1,0,1,1,3,OKX_MARCH_SHORT_695,CLEAR,69780.24242499999,69859.85,69563.05,68171.79,70606.5,0,not_TREND_DOWN;buyer_absorption,HYBRID_REJECT,M4_THIN_ONLY_PASS,REJECT
BTC-USDT-SWAP-SHORT-1774518188000-19,OKX_MARCH,BTC-USDT-SWAP,2026-03-26,1774518368000,2026-03-26T09:46:08+00:00,SHORT,DISTRIBUTION,RANGE,-2.4207,-0.6193,-0.16969129830113575,0.1909,3.548,1,,,1,0,1,1,1,1,4,OKX_MARCH_SHORT_692,CLEAR,69444.25,69513.789525,69268.35,67882.98,70307.38,0,not_TREND_DOWN,HYBRID_REJECT,M4_THIN_ONLY_PASS,REJECT
BTC-USDT-SWAP-LONG-1774517981000-18,OKX_MARCH,BTC-USDT-SWAP,2026-03-26,1774518631000,2026-03-26T09:50:31+00:00,LONG,ACCUMULATION,RANGE,-2.3415,-0.6481,0.24224427665307494,-0.0373,0.365,1,,,1,1,1,0,1,1,3,OKX_MARCH_LONG_697,CLEAR,69375.95,69499.95,69769.35,68373.96,70815.89,0,not_TREND_DOWN;not_SHORT;buyer_absorption,HYBRID_REJECT,M4_THIN_ONLY_PASS,REJECT
BTC-USDT-SWAP-LONG-1774518751000-21,OKX_MARCH,BTC-USDT-SWAP,2026-03-26,1774519221000,2026-03-26T10:00:21+00:00,LONG,ACCUMULATION,RANGE,-2.4588,-0.5952,0.1183148207289243,-0.0491,0.843,1,,,1,0,1,0,1,1,3,OKX_MARCH_LONG_696,CLEAR,69482.79122500001,69587.95,69632.55,68239.9,70677.04,0,not_TREND_DOWN;not_SHORT,HYBRID_REJECT,M4_THIN_ONLY_PASS,REJECT
BTC-USDT-SWAP-SHORT-1774518380000-20,OKX_MARCH,BTC-USDT-SWAP,2026-03-26,1774519742000,2026-03-26T10:09:02+00:00,SHORT,DISTRIBUTION,TREND_DOWN,-2.6235,-0.9127,-0.23139762031610772,-0.0347,-0.246,1,,,1,0,1,0,0,1,2,OKX_MARCH_SHORT_692,CLEAR,69375.95,69607.25,69283.95,67898.27,70323.21,1,,HYBRID_PASS,M4_THIN_ONLY_PASS,ACCEPT
BTC-USDT-SWAP-LONG-1774520436000-22,OKX_MARCH,BTC-USDT-SWAP,2026-03-26,1774520657000,2026-03-26T10:24:17+00:00,LONG,ACCUMULATION,RANGE,-2.3878,-0.4411,0.22989106148459798,0.0197,2.295,1,,,1,1,1,1,1,1,4,OKX_MARCH_LONG_696,CLEAR,69573.345925,69678.05,69625.7,68233.18,70670.08,0,not_TREND_DOWN;not_SHORT;buyer_absorption,HYBRID_REJECT,M4_THIN_ONLY_PASS,REJECT
BTC-USDT-SWAP-LONG-1774520499000-23,OKX_MARCH,BTC-USDT-SWAP,2026-03-26,1774520863000,2026-03-26T10:27:43+00:00,LONG,ACCUMULATION,RANGE,-2.4271,-0.4705,0.3384361896705032,0.0122,0.195,1,,,0,1,0,1,1,1,3,OKX_MARCH_LONG_696,CLEAR,69626.419375,69696.080625,69661.25,68268.02,70706.17,0,not_TREND_DOWN;not_SHORT;buyer_absorption,HYBRID_REJECT,M4_THIN_ONLY_PASS,REJECT
BTC-USDT-SWAP-LONG-1774524970000-24,OKX_MARCH,BTC-USDT-SWAP,2026-03-26,1774525357000,2026-03-26T11:42:37+00:00,LONG,ACCUMULATION,TREND_DOWN,-3.331,-0.2015,0.061431371029987254,0.1711,1.752,1,,,1,0,1,1,1,1,4,OKX_MARCH_LONG_694,CLEAR,69296.384475,69422.75,69461.15,68071.93,70503.07,0,not_SHORT,HYBRID_REJECT,M4_THIN_ONLY_PASS,REJECT
BTC-USDT-SWAP-LONG-1774526555000-25,OKX_MARCH,BTC-USDT-SWAP,2026-03-26,1774526866000,2026-03-26T12:07:46+00:00,LONG,ACCUMULATION,TREND_DOWN,-3.4532,-0.3013,-0.12779692753079627,-0.1416,3.613,1,,,1,1,1,0,1,1,3,OKX_MARCH_LONG_695,CLEAR,69201.05,69323.95,69577.65,68186.1,70621.31,0,not_SHORT;buyer_absorption,HYBRID_REJECT,M4_THIN_ONLY_PASS,REJECT
BTC-USDT-SWAP-SHORT-1774526799000-26,OKX_MARCH,BTC-USDT-SWAP,2026-03-26,1774527206000,2026-03-26T12:13:26+00:00,SHORT,DISTRIBUTION,TREND_DOWN,-3.3745,-0.2571,0.001765179980247958,-0.0664,-0.165,1,,,0,0,0,0,0,1,1,OKX_MARCH_SHORT_692,CLEAR,69205.330025,69375.55,69290.44,67904.63,70329.8,1,confluence_lt_2(1),HYBRID_REJECT,M4_THIN_ONLY_PASS,REJECT
BTC-USDT-SWAP-SHORT-1774527206000-27,OKX_MARCH,BTC-USDT-SWAP,2026-03-26,1774527386000,2026-03-26T12:16:26+00:00,SHORT,DISTRIBUTION,TREND_DOWN,-3.1512,-0.2155,-0.061391910698974525,-0.309,0.798,1,,,0,1,0,0,1,1,2,OKX_MARCH_SHORT_692,CLEAR,69306.179575,69375.52042500001,69257.55,67872.4,70296.41,0,buyer_absorption,HYBRID_REJECT,M4_THIN_ONLY_PASS,REJECT
BTC-USDT-SWAP-SHORT-1774533389000-29,OKX_MARCH,BTC-USDT-SWAP,2026-03-26,1774533729000,2026-03-26T14:02:09+00:00,SHORT,DISTRIBUTION,TREND_DOWN,-2.7894,0.2761,-0.08547068579559393,-0.0449,-0.003,1,,,0,0,0,0,0,1,1,OKX_MARCH_SHORT_689,CLEAR,69466.25,69679.95,68904.85,67526.75,69938.42,0,prior_60m_not_negative,HYBRID_REJECT,M4_THIN_ONLY_PASS,REJECT
BTC-USDT-SWAP-LONG-1774533115000-28,OKX_MARCH,BTC-USDT-SWAP,2026-03-26,1774533955000,2026-03-26T14:05:55+00:00,LONG,ACCUMULATION,RANGE,-2.4577,0.346,0.011256470020745724,0.0754,1.156,1,,,1,0,1,1,1,1,4,OKX_MARCH_LONG_696,CLEAR,69466.25,69839.05,69652.65,68259.6,70697.44,0,not_TREND_DOWN;not_SHORT;prior_60m_not_negative,HYBRID_REJECT,M4_THIN_ONLY_PASS,REJECT
BTC-USDT-SWAP-SHORT-1774538608000-32,OKX_MARCH,BTC-USDT-SWAP,2026-03-26,1774539002000,2026-03-26T15:30:02+00:00,SHORT,DISTRIBUTION,TREND_DOWN,-2.8926,-0.8789,-0.12000118458752858,0.2361,0.422,1,,,0,0,0,1,1,1,3,OKX_MARCH_SHORT_687,CLEAR,68814.125725,69055.05,68711.35,67337.12,69742.02,1,,HYBRID_PASS,M4_THIN_ONLY_PASS,ACCEPT
BTC-USDT-SWAP-LONG-1774538419000-30,OKX_MARCH,BTC-USDT-SWAP,2026-03-26,1774539996000,2026-03-26T15:46:36+00:00,LONG,ACCUMULATION,RANGE,-2.4936,-0.595,-0.07085122695543614,-0.0506,13.387,1,,,1,0,1,0,1,1,3,OKX_MARCH_LONG_689,CLEAR,68829.41807500001,69055.05,68942.23,67563.39,69976.37,0,not_TREND_DOWN;not_SHORT,HYBRID_REJECT,M4_THIN_ONLY_PASS,REJECT
BTC-USDT-SWAP-LONG-1774538541000-31,OKX_MARCH,BTC-USDT-SWAP,2026-03-26,1774539996000,2026-03-26T15:46:36+00:00,LONG,ACCUMULATION,RANGE,-2.4936,-0.595,-0.015872370750033775,-0.0506,13.387,1,,,1,0,1,0,1,1,3,OKX_MARCH_LONG_689,CLEAR,68848.55,69055.05,68951.8,67572.76,69986.08,0,not_TREND_DOWN;not_SHORT,HYBRID_REJECT,M4_THIN_ONLY_PASS,REJECT
BTC-USDT-SWAP-SHORT-1774539002000-33,OKX_MARCH,BTC-USDT-SWAP,2026-03-26,1774540301000,2026-03-26T15:51:41+00:00,SHORT,DISTRIBUTION,TREND_DOWN,-2.5852,-0.5478,-0.2100395096093769,-0.0738,0.25,1,,,0,0,0,0,1,1,2,OKX_MARCH_SHORT_686,ACTIVE,68873.65,69117.05,68695.15,67321.25,69725.58,1,duplicate_cluster_or_cooldown,HYBRID_PASS,M4_THIN_ONLY_PASS,REJECT
BTC-USDT-SWAP-LONG-1774540527000-34,OKX_MARCH,BTC-USDT-SWAP,2026-03-26,1774541170000,2026-03-26T16:06:10+00:00,LONG,ACCUMULATION,TREND_DOWN,-2.534,-0.5048,-0.12898929881281404,-0.2117,0.706,1,,,0,1,0,0,1,1,2,OKX_MARCH_LONG_690,CLEAR,68920.05,69142.904175,69031.48,67650.85,70066.95,0,not_SHORT;buyer_absorption,HYBRID_REJECT,M4_THIN_ONLY_PASS,REJECT
BTC-USDT-SWAP-LONG-1774547784000-35,OKX_MARCH,BTC-USDT-SWAP,2026-03-26,1774548123000,2026-03-26T18:02:03+00:00,LONG,ACCUMULATION,TREND_DOWN,-3.1285,-0.5996,-0.20096029638100601,-0.265,-9.174,1,,,0,1,0,0,0,1,1,OKX_MARCH_LONG_689,CLEAR,68340.45,68709.787725,68980.65,67601.04,70015.36,0,not_SHORT;buyer_absorption,HYBRID_REJECT,M4_THIN_ONLY_PASS,REJECT
BTC-USDT-SWAP-SHORT-1774548203000-37,OKX_MARCH,BTC-USDT-SWAP,2026-03-26,1774548648000,2026-03-26T18:10:48+00:00,SHORT,DISTRIBUTION,TREND_DOWN,-3.5203,-0.753,0.003973056118506414,0.164,2.885,1,,,1,0,1,1,1,1,4,OKX_MARCH_SHORT_682,ACTIVE,68288.45,68534.800275,68246.15,66881.23,69269.84,1,duplicate_cluster_or_cooldown,HYBRID_PASS,M4_THIN_ONLY_PASS,REJECT
BTC-USDT-SWAP-SHORT-1774548280000-38,OKX_MARCH,BTC-USDT-SWAP,2026-03-26,1774548648000,2026-03-26T18:10:48+00:00,SHORT,DISTRIBUTION,TREND_DOWN,-3.5203,-0.753,0.07514565262160108,0.164,2.885,1,,,1,0,1,1,1,1,4,OKX_MARCH_SHORT_684,ACTIVE,68288.45,68517.35,68402.9,67034.84,69428.94,1,duplicate_cluster_or_cooldown,HYBRID_PASS,M4_THIN_ONLY_PASS,REJECT
BTC-USDT-SWAP-SHORT-1774548303000-39,OKX_MARCH,BTC-USDT-SWAP,2026-03-26,1774548648000,2026-03-26T18:10:48+00:00,SHORT,DISTRIBUTION,TREND_DOWN,-3.5203,-0.753,-0.19727696327028232,0.164,2.885,1,,,1,0,1,1,1,1,4,OKX_MARCH_SHORT_684,ACTIVE,68288.45,68517.35,68402.9,67034.84,69428.94,1,duplicate_cluster_or_cooldown,HYBRID_PASS,M4_THIN_ONLY_PASS,REJECT
BTC-USDT-SWAP-LONG-1774548123000-36,OKX_MARCH,BTC-USDT-SWAP,2026-03-26,1774548956000,2026-03-26T18:15:56+00:00,LONG,ACCUMULATION,TREND_DOWN,-3.6437,-0.8125,-0.18705075038083419,0.0443,0.381,1,,,0,0,0,1,1,1,3,OKX_MARCH_LONG_692,CLEAR,68288.45,68574.95,69231.65,67847.02,70270.12,0,not_SHORT,HYBRID_REJECT,M4_THIN_ONLY_PASS,REJECT
BTC-USDT-SWAP-SHORT-1774549562000-40,OKX_MARCH,BTC-USDT-SWAP,2026-03-26,1774551139000,2026-03-26T18:52:19+00:00,SHORT,DISTRIBUTION,TREND_DOWN,-3.5659,-0.4598,-0.32689192762313846,-0.1077,0.537,1,,,0,1,0,0,1,1,2,OKX_MARCH_SHORT_682,CLEAR,68118.75,68399.95,68259.35,66894.16,69283.24,0,buyer_absorption,HYBRID_REJECT,M4_THIN_ONLY_PASS,REJECT
BTC-USDT-SWAP-LONG-1774550123000-41,OKX_MARCH,BTC-USDT-SWAP,2026-03-26,1774552042000,2026-03-26T19:07:22+00:00,LONG,ACCUMULATION,TREND_DOWN,-3.5459,-0.0701,0.005216574155483236,0.0765,0.114,1,,,1,0,1,1,1,1,4,OKX_MARCH_LONG_688,CLEAR,68190.837525,68473.55,68863.75,67486.48,69896.71,0,not_SHORT,HYBRID_REJECT,M4_THIN_ONLY_PASS,REJECT
BTC-USDT-SWAP-SHORT-1774554260000-42,OKX_MARCH,BTC-USDT-SWAP,2026-03-26,1774554440000,2026-03-26T19:47:20+00:00,SHORT,DISTRIBUTION,TREND_DOWN,-3.194,0.3677,-0.29516167504371527,-0.3548,1.735,1,,,0,1,0,0,1,1,2,OKX_MARCH_SHORT_685,CLEAR,68551.756975,68623.05,68587.4,67215.66,69616.21,0,prior_60m_not_negative;buyer_absorption,HYBRID_REJECT,M4_THIN_ONLY_PASS,REJECT
BTC-USDT-SWAP-SHORT-1774556212000-43,OKX_MARCH,BTC-USDT-SWAP,2026-03-26,1774556392000,2026-03-26T20:19:52+00:00,SHORT,DISTRIBUTION,RANGE,-2.3071,0.9584,0.25067054163029295,-0.1871,0.752,1,,,0,1,0,0,1,1,2,OKX_MARCH_SHORT_689,CLEAR,68590.05,69318.85,68954.45,67575.36,69988.77,0,not_TREND_DOWN;prior_60m_not_negative;buyer_absorption,HYBRID_REJECT,M4_THIN_ONLY_PASS,REJECT
BTC-USDT-SWAP-SHORT-1774556314000-44,OKX_MARCH,BTC-USDT-SWAP,2026-03-26,1774556494000,2026-03-26T20:21:34+00:00,SHORT,DISTRIBUTION,RANGE,-2.3918,0.8337,0.10362582348418146,-0.196,23.28,1,,,0,1,0,0,1,1,2,OKX_MARCH_SHORT_689,CLEAR,68590.05,69318.85,68954.45,67575.36,69988.77,0,not_TREND_DOWN;prior_60m_not_negative;buyer_absorption,HYBRID_REJECT,M4_THIN_ONLY_PASS,REJECT
BTC-USDT-SWAP-LONG-1774557042000-45,OKX_MARCH,BTC-USDT-SWAP,2026-03-26,1774558037000,2026-03-26T20:47:17+00:00,LONG,ACCUMULATION,RANGE,-2.4573,0.7385,0.14299003096741925,0.0513,4.411,1,,,0,0,0,1,1,1,3,OKX_MARCH_LONG_691,CLEAR,69050.05,69272.65,69161.35,67778.12,70198.77,0,not_TREND_DOWN;not_SHORT;prior_60m_not_negative,HYBRID_REJECT,M4_THIN_ONLY_PASS,REJECT
BTC-USDT-SWAP-LONG-1774558729000-46,OKX_MARCH,BTC-USDT-SWAP,2026-03-26,1774561054000,2026-03-26T21:37:34+00:00,LONG,ACCUMULATION,TREND_DOWN,-2.7935,-0.2902,0.09950735732348438,-0.0338,1.282,1,,,1,0,1,0,1,1,3,OKX_MARCH_LONG_688,CLEAR,68590.05,69150.95,68870.5,67493.09,69903.56,0,not_SHORT,HYBRID_REJECT,M4_THIN_ONLY_PASS,REJECT
BTC-USDT-SWAP-LONG-1774564434000-47,OKX_MARCH,BTC-USDT-SWAP,2026-03-26,1774564614000,2026-03-26T22:36:54+00:00,LONG,ACCUMULATION,TREND_DOWN,-3.4822,-0.3989,0.19611894788636536,-0.1048,1.979,1,,,0,1,0,0,1,1,2,OKX_MARCH_LONG_687,CLEAR,68610.55,68960.05,68785.3,67409.59,69817.08,0,not_SHORT;buyer_absorption,HYBRID_REJECT,M4_THIN_ONLY_PASS,REJECT
BTC-USDT-SWAP-SHORT-1774564730000-48,OKX_MARCH,BTC-USDT-SWAP,2026-03-26,1774564915000,2026-03-26T22:41:55+00:00,SHORT,DISTRIBUTION,TREND_DOWN,-3.7229,-0.419,-0.25184839447836066,-0.0633,0.423,1,,,0,0,0,0,1,1,2,OKX_MARCH_SHORT_686,ACTIVE,68718.973325,68787.72667500001,68651.45,67278.42,69681.22,1,duplicate_cluster_or_cooldown,HYBRID_PASS,M4_THIN_ONLY_PASS,REJECT
BTC-USDT-SWAP-LONG-1774565554000-49,OKX_MARCH,BTC-USDT-SWAP,2026-03-26,1774566908000,2026-03-26T23:15:08+00:00,LONG,ACCUMULATION,TREND_DOWN,-3.4596,-0.2068,0.08848278324272434,-0.0128,0.039,1,,,1,0,1,0,1,1,3,OKX_MARCH_LONG_687,CLEAR,68610.55,68960.05,68785.3,67409.59,69817.08,0,not_SHORT,HYBRID_REJECT,M4_THIN_ONLY_PASS,REJECT
BTC-USDT-SWAP-SHORT-1774570637000-2,OKX_MARCH,BTC-USDT-SWAP,2026-03-27,1774570817000,2026-03-27T00:20:17+00:00,SHORT,DISTRIBUTION,TREND_DOWN,-3.3117,0.0552,0.1112474423411586,-0.1374,5.007,1,,,1,1,1,0,1,1,3,OKX_MARCH_SHORT_685,CLEAR,68833.61597500001,68938.75,68592.15,67220.31,69621.03,0,prior_60m_not_negative;buyer_absorption,HYBRID_REJECT,M4_THIN_ONLY_PASS,REJECT
BTC-USDT-SWAP-LONG-1774570334000-1,OKX_MARCH,BTC-USDT-SWAP,2026-03-27,1774571281000,2026-03-27T00:28:01+00:00,LONG,ACCUMULATION,TREND_DOWN,-3.4896,0.1546,-0.0016559731133516842,-0.0546,-0.109,1,,,0,0,0,0,0,1,1,OKX_MARCH_LONG_689,CLEAR,68715.25,68938.75,68995.15,67615.25,70030.08,0,not_SHORT;prior_60m_not_negative,HYBRID_REJECT,M4_THIN_ONLY_PASS,REJECT
BTC-USDT-SWAP-LONG-1774571281000-3,OKX_MARCH,BTC-USDT-SWAP,2026-03-27,1774571673000,2026-03-27T00:34:33+00:00,LONG,ACCUMULATION,TREND_DOWN,-3.6051,0.1203,-0.1314888208990354,-0.2363,0.025,1,,,0,1,0,0,1,1,2,OKX_MARCH_LONG_689,CLEAR,68680.05,68779.422525,68921.95,67543.51,69955.78,0,not_SHORT;prior_60m_not_negative;buyer_absorption,HYBRID_REJECT,M4_THIN_ONLY_PASS,REJECT
BTC-USDT-SWAP-SHORT-1774572338000-4,OKX_MARCH,BTC-USDT-SWAP,2026-03-27,1774573301000,2026-03-27T01:01:41+00:00,SHORT,DISTRIBUTION,TREND_DOWN,-3.5506,0.0285,-0.21900282358173334,-0.1158,0.315,1,,,0,1,0,0,1,1,2,OKX_MARCH_SHORT_684,CLEAR,68571.15,68827.15,68453.4,67084.33,69480.2,0,prior_60m_not_negative;buyer_absorption,HYBRID_REJECT,M4_THIN_ONLY_PASS,REJECT
BTC-USDT-SWAP-SHORT-1774573301000-5,OKX_MARCH,BTC-USDT-SWAP,2026-03-27,1774574137000,2026-03-27T01:15:37+00:00,SHORT,DISTRIBUTION,TREND_DOWN,-3.3359,-0.0764,-0.1248910440996173,-0.0253,0.976,1,,,0,0,0,0,1,1,2,OKX_MARCH_SHORT_686,CLEAR,68674.05,68857.95,68638.95,67266.17,69668.53,1,,HYBRID_PASS,M4_THIN_ONLY_PASS,ACCEPT
BTC-USDT-SWAP-LONG-1774576895000-6,OKX_MARCH,BTC-USDT-SWAP,2026-03-27,1774577090000,2026-03-27T02:04:50+00:00,LONG,ACCUMULATION,TREND_DOWN,-3.0183,0.4326,0.04089016053965916,0.076,8.275,1,,,1,0,1,1,1,1,4,OKX_MARCH_LONG_690,CLEAR,68998.533475,69104.85,69051.69,67670.66,70087.47,0,not_SHORT;prior_60m_not_negative,HYBRID_REJECT,M4_THIN_ONLY_PASS,REJECT
BTC-USDT-SWAP-SHORT-1774577539000-8,OKX_MARCH,BTC-USDT-SWAP,2026-03-27,1774577719000,2026-03-27T02:15:19+00:00,SHORT,DISTRIBUTION,TREND_DOWN,-2.8406,0.2604,-0.27742976625385696,-0.0358,8.058,1,,,1,0,1,0,1,1,3,OKX_MARCH_SHORT_687,CLEAR,69016.55,69097.281375,68709.95,67335.75,69740.6,0,prior_60m_not_negative,HYBRID_REJECT,M4_THIN_ONLY_PASS,REJECT
BTC-USDT-SWAP-LONG-1774576961000-7,OKX_MARCH,BTC-USDT-SWAP,2026-03-27,1774578324000,2026-03-27T02:25:24+00:00,LONG,ACCUMULATION,TREND_DOWN,-2.7476,0.1022,0.38561258829428674,0.0431,1.339,1,,,0,1,0,1,1,1,3,OKX_MARCH_LONG_690,CLEAR,68934.45,69154.85,69044.65,67663.76,70080.32,0,not_SHORT;prior_60m_not_negative;buyer_absorption,HYBRID_REJECT,M4_THIN_ONLY_PASS,REJECT
BTC-USDT-SWAP-SHORT-1774578177000-9,OKX_MARCH,BTC-USDT-SWAP,2026-03-27,1774578885000,2026-03-27T02:34:45+00:00,SHORT,DISTRIBUTION,TREND_DOWN,-2.5154,0.1817,0.1063229580839657,-0.0061,1.101,1,,,1,0,1,0,1,1,3,OKX_MARCH_SHORT_688,CLEAR,68923.15,69047.05,68866.95,67489.61,69899.95,0,prior_60m_not_negative,HYBRID_REJECT,M4_THIN_ONLY_PASS,REJECT
BTC-USDT-SWAP-LONG-1774585514000-10,OKX_MARCH,BTC-USDT-SWAP,2026-03-27,1774585702000,2026-03-27T04:28:22+00:00,LONG,ACCUMULATION,TREND_DOWN,-3.2603,-0.4119,-0.16482221035771547,0.1067,-0.041,1,,,1,0,1,1,0,1,3,OKX_MARCH_LONG_686,CLEAR,68438.85,68512.989375,68694.35,67320.46,69724.77,0,not_SHORT,HYBRID_REJECT,M4_THIN_ONLY_PASS,REJECT
BTC-USDT-SWAP-SHORT-1774585870000-11,OKX_MARCH,BTC-USDT-SWAP,2026-03-27,1774586360000,2026-03-27T04:39:20+00:00,SHORT,DISTRIBUTION,TREND_DOWN,-3.2155,-0.4067,-0.0766330844467576,-0.237,-0.235,1,,,0,1,0,0,0,1,1,OKX_MARCH_SHORT_684,CLEAR,68455.804975,68589.95,68402.95,67034.89,69428.99,0,buyer_absorption,HYBRID_REJECT,M4_THIN_ONLY_PASS,REJECT
BTC-USDT-SWAP-LONG-1774587127000-12,OKX_MARCH,BTC-USDT-SWAP,2026-03-27,1774587316000,2026-03-27T04:55:16+00:00,LONG,ACCUMULATION,TREND_DOWN,-3.1388,-0.2981,0.24617083542158077,0.1634,-0.073,1,,,0,1,0,1,0,1,2,OKX_MARCH_LONG_686,CLEAR,68549.55,68624.244975,68659.95,67286.75,69689.85,0,not_SHORT;buyer_absorption,HYBRID_REJECT,M4_THIN_ONLY_PASS,REJECT
BTC-USDT-SWAP-LONG-1774594419000-13,OKX_MARCH,BTC-USDT-SWAP,2026-03-27,1774594599000,2026-03-27T06:56:39+00:00,LONG,ACCUMULATION,RANGE,-1.9904,0.1309,0.009996256323746603,-0.2977,0.162,1,,,1,1,1,0,1,1,3,OKX_MARCH_LONG_687,CLEAR,68625.719975,68694.380025,68764.55,67389.26,69796.02,0,not_TREND_DOWN;not_SHORT;prior_60m_not_negative;buyer_absorption,HYBRID_REJECT,M4_THIN_ONLY_PASS,REJECT
BTC-USDT-SWAP-SHORT-1774598331000-14,OKX_MARCH,BTC-USDT-SWAP,2026-03-27,1774599172000,2026-03-27T08:12:52+00:00,SHORT,DISTRIBUTION,RANGE,-2.098,-0.502,0.009658479982314973,0.0433,2.085,1,,,1,0,1,1,1,1,4,OKX_MARCH_SHORT_678,CLEAR,68401.73202499999,68599.05,67869.55,66512.16,68887.59,0,not_TREND_DOWN,HYBRID_REJECT,M4_THIN_ONLY_PASS,REJECT
BTC-USDT-SWAP-SHORT-1774600484000-17,OKX_MARCH,BTC-USDT-SWAP,2026-03-27,1774600974000,2026-03-27T08:42:54+00:00,SHORT,DISTRIBUTION,TREND_DOWN,-3.0126,-1.2353,-0.016044593780042936,0.15,0.426,1,,,1,0,1,1,1,1,4,OKX_MARCH_SHORT_674,CLEAR,67585.35,68223.944925,67407.45,66059.3,68418.56,1,,HYBRID_PASS,M4_THIN_ONLY_PASS,ACCEPT
BTC-USDT-SWAP-SHORT-1774600392000-16,OKX_MARCH,BTC-USDT-SWAP,2026-03-27,1774600974000,2026-03-27T08:42:54+00:00,SHORT,DISTRIBUTION,TREND_DOWN,-3.0126,-1.2353,0.41157246320066965,0.15,0.426,1,,,1,1,1,1,1,1,4,OKX_MARCH_SHORT_673,CLEAR,67585.35,68281.173525,67399.95,66051.95,68410.95,0,buyer_absorption,HYBRID_REJECT,M4_THIN_ONLY_PASS,REJECT
BTC-USDT-SWAP-LONG-1774599878000-15,OKX_MARCH,BTC-USDT-SWAP,2026-03-27,1774601403000,2026-03-27T08:50:03+00:00,LONG,ACCUMULATION,TREND_DOWN,-3.0113,-1.0797,0.17368080824236592,-0.1497,1.791,1,,,0,1,0,0,1,1,2,OKX_MARCH_LONG_679,CLEAR,67585.35,68377.62172499999,67981.49,66621.86,69001.21,0,not_SHORT;buyer_absorption,HYBRID_REJECT,M4_THIN_ONLY_PASS,REJECT
BTC-USDT-SWAP-SHORT-1774608293000-18,OKX_MARCH,BTC-USDT-SWAP,2026-03-27,1774609239000,2026-03-27T11:00:39+00:00,SHORT,DISTRIBUTION,TREND_DOWN,-4.4833,-1.9243,-0.4403309144481779,0.2368,1.623,1,,,0,0,0,1,1,1,3,OKX_MARCH_SHORT_662,ACTIVE,65540.05,66936.80167500001,66238.43,64913.66,67232.0,1,duplicate_cluster_or_cooldown,HYBRID_PASS,M4_THIN_ONLY_PASS,REJECT
BTC-USDT-SWAP-LONG-1774609222000-19,OKX_MARCH,BTC-USDT-SWAP,2026-03-27,1774610486000,2026-03-27T11:21:26+00:00,LONG,ACCUMULATION,TREND_DOWN,-3.9806,-1.5237,-0.2296494965414793,0.1274,1.69,1,,,1,0,1,1,1,1,4,OKX_MARCH_LONG_664,CLEAR,66204.65,66693.05,66448.85,65119.87,67445.58,0,not_SHORT,HYBRID_REJECT,M4_THIN_ONLY_PASS,REJECT
BTC-USDT-SWAP-LONG-1774610486000-20,OKX_MARCH,BTC-USDT-SWAP,2026-03-27,1774610734000,2026-03-27T11:25:34+00:00,LONG,ACCUMULATION,TREND_DOWN,-3.8786,-1.5495,0.016148737317582998,0.101,1.211,1,,,1,0,1,1,1,1,4,OKX_MARCH_LONG_666,CLEAR,66574.35,66691.879275,66633.11,65300.45,67632.61,0,not_SHORT,HYBRID_REJECT,M4_THIN_ONLY_PASS,REJECT
BTC-USDT-SWAP-LONG-1774612561000-21,OKX_MARCH,BTC-USDT-SWAP,2026-03-27,1774613186000,2026-03-27T12:06:26+00:00,LONG,ACCUMULATION,TREND_DOWN,-3.7416,0.3009,-0.10654443944128725,-0.0474,0.598,1,,,0,0,0,0,1,1,2,OKX_MARCH_LONG_666,CLEAR,66580.05,66753.810225,66666.93,65333.59,67666.93,0,not_SHORT;prior_60m_not_negative,HYBRID_REJECT,M4_THIN_ONLY_PASS,REJECT
BTC-USDT-SWAP-LONG-1774620007000-22,OKX_MARCH,BTC-USDT-SWAP,2026-03-27,1774621123000,2026-03-27T14:18:43+00:00,LONG,ACCUMULATION,TREND_DOWN,-4.8148,-0.4597,0.1263501487914703,0.0704,0.654,1,,,0,0,0,1,1,1,3,OKX_MARCH_LONG_662,CLEAR,66052.35,66362.45,66207.4,64883.25,67200.51,0,not_SHORT,HYBRID_REJECT,M4_THIN_ONLY_PASS,REJECT
BTC-USDT-SWAP-SHORT-1774620613000-23,OKX_MARCH,BTC-USDT-SWAP,2026-03-27,1774622317000,2026-03-27T14:38:37+00:00,SHORT,DISTRIBUTION,TREND_DOWN,-5.4913,-0.8753,-0.12041420251483072,-0.0381,1.462,1,,,1,0,1,0,1,1,3,OKX_MARCH_SHORT_655,ACTIVE,65686.55,66362.45,65590.75,64278.93,66574.61,1,duplicate_cluster_or_cooldown,HYBRID_PASS,M4_THIN_ONLY_PASS,REJECT
BTC-USDT-SWAP-LONG-1774623813000-24,OKX_MARCH,BTC-USDT-SWAP,2026-03-27,1774624122000,2026-03-27T15:08:42+00:00,LONG,ACCUMULATION,TREND_DOWN,-4.3529,-0.1273,0.2761905430467643,0.0903,0.018,1,,,1,1,1,1,1,1,4,OKX_MARCH_LONG_664,CLEAR,66051.55,66245.85,66407.25,65079.1,67403.36,0,not_SHORT;buyer_absorption,HYBRID_REJECT,M4_THIN_ONLY_PASS,REJECT
BTC-USDT-SWAP-LONG-1774626472000-26,OKX_MARCH,BTC-USDT-SWAP,2026-03-27,1774626678000,2026-03-27T15:51:18+00:00,LONG,ACCUMULATION,TREND_DOWN,-3.9808,0.4712,0.11078570725794798,-0.0901,0.191,1,,,0,0,0,0,1,1,2,OKX_MARCH_LONG_663,CLEAR,66291.35,66362.014425,66326.68,65000.15,67321.58,0,not_SHORT;prior_60m_not_negative,HYBRID_REJECT,M4_THIN_ONLY_PASS,REJECT
BTC-USDT-SWAP-LONG-1774626322000-25,OKX_MARCH,BTC-USDT-SWAP,2026-03-27,1774626678000,2026-03-27T15:51:18+00:00,LONG,ACCUMULATION,TREND_DOWN,-3.9808,0.4712,0.2707643921418748,-0.0901,0.191,1,,,0,1,0,0,1,1,2,OKX_MARCH_LONG_663,CLEAR,66263.15,66436.05142500001,66349.6,65022.61,67344.84,0,not_SHORT;prior_60m_not_negative;buyer_absorption,HYBRID_REJECT,M4_THIN_ONLY_PASS,REJECT
BTC-USDT-SWAP-LONG-1774628406000-28,OKX_MARCH,BTC-USDT-SWAP,2026-03-27,1774628883000,2026-03-27T16:28:03+00:00,LONG,ACCUMULATION,TREND_DOWN,-4.3664,-0.35,0.2923123930980392,-0.117,-0.321,1,,,1,1,1,0,0,1,2,OKX_MARCH_LONG_662,CLEAR,65779.15,66069.95,66237.35,64912.6,67230.91,0,not_SHORT;buyer_absorption,HYBRID_REJECT,M4_THIN_ONLY_PASS,REJECT
BTC-USDT-SWAP-LONG-1774628331000-27,OKX_MARCH,BTC-USDT-SWAP,2026-03-27,1774628883000,2026-03-27T16:28:03+00:00,LONG,ACCUMULATION,TREND_DOWN,-4.3664,-0.35,0.20375019359672095,-0.117,-0.321,1,,,1,1,1,0,0,1,2,OKX_MARCH_LONG_662,CLEAR,65779.15,66069.95,66247.25,64922.31,67240.96,0,not_SHORT;buyer_absorption,HYBRID_REJECT,M4_THIN_ONLY_PASS,REJECT
BTC-USDT-SWAP-LONG-1774633774000-29,OKX_MARCH,BTC-USDT-SWAP,2026-03-27,1774633969000,2026-03-27T17:52:49+00:00,LONG,ACCUMULATION,TREND_DOWN,-4.4592,-0.2848,0.09665843225764174,-0.3059,-0.126,1,,,0,1,0,0,0,1,1,OKX_MARCH_LONG_659,CLEAR,65540.05,66381.65,65960.85,64641.63,66950.26,0,not_SHORT;buyer_absorption,HYBRID_REJECT,M4_THIN_ONLY_PASS,REJECT
BTC-USDT-SWAP-SHORT-1774634948000-30,OKX_MARCH,BTC-USDT-SWAP,2026-03-27,1774635128000,2026-03-27T18:12:08+00:00,SHORT,DISTRIBUTION,TREND_DOWN,-3.9387,-0.6923,-0.39331667087884414,-0.2246,8.432,1,,,0,1,0,0,1,1,2,OKX_MARCH_SHORT_655,CLEAR,65637.21497500001,65729.95,65569.05,64257.67,66552.59,0,buyer_absorption,HYBRID_REJECT,M4_THIN_ONLY_PASS,REJECT
BTC-USDT-SWAP-LONG-1774635434000-32,OKX_MARCH,BTC-USDT-SWAP,2026-03-27,1774636435000,2026-03-27T18:33:55+00:00,LONG,ACCUMULATION,TREND_DOWN,-3.6801,-0.1303,0.20420983792269887,-0.0316,0.095,1,,,1,1,1,0,1,1,3,OKX_MARCH_LONG_659,CLEAR,65540.05,65835.95,65995.05,64675.15,66984.98,0,not_SHORT;buyer_absorption,HYBRID_REJECT,M4_THIN_ONLY_PASS,REJECT
BTC-USDT-SWAP-SHORT-1774635234000-31,OKX_MARCH,BTC-USDT-SWAP,2026-03-27,1774637111000,2026-03-27T18:45:11+00:00,SHORT,DISTRIBUTION,TREND_DOWN,-3.6429,0.1702,-0.10061567700979815,-0.0116,0.233,1,,,0,0,0,0,1,1,2,OKX_MARCH_SHORT_656,CLEAR,65540.05,65838.05,65689.05,64375.27,66674.39,0,prior_60m_not_negative,HYBRID_REJECT,M4_THIN_ONLY_PASS,REJECT
BTC-USDT-SWAP-LONG-1774655103000-33,OKX_MARCH,BTC-USDT-SWAP,2026-03-27,1774655409000,2026-03-27T23:50:09+00:00,LONG,ACCUMULATION,TREND_DOWN,-3.6318,0.3747,0.21515702226964933,-0.1141,2.347,1,,,0,1,0,0,1,1,2,OKX_MARCH_LONG_663,CLEAR,66229.518675,66381.65,66305.58,64979.47,67300.17,0,not_SHORT;prior_60m_not_negative;buyer_absorption,HYBRID_REJECT,M4_THIN_ONLY_PASS,REJECT
BTC-USDT-SWAP-LONG-1774657037000-3,OKX_MARCH,BTC-USDT-SWAP,2026-03-28,1774657217000,2026-03-28T00:20:17+00:00,LONG,ACCUMULATION,TREND_DOWN,-3.7119,0.3571,0.13619550292331184,-0.1134,0.911,1,,,0,1,0,0,1,1,2,OKX_MARCH_LONG_663,CLEAR,66291.187825,66362.25,66398.55,65070.58,67394.53,0,not_SHORT;prior_60m_not_negative;buyer_absorption,HYBRID_REJECT,M4_THIN_ONLY_PASS,REJECT
BTC-USDT-SWAP-SHORT-1774656577000-2,OKX_MARCH,BTC-USDT-SWAP,2026-03-28,1774658441000,2026-03-28T00:40:41+00:00,SHORT,DISTRIBUTION,TREND_DOWN,-3.367,0.3185,-0.23992897471512736,-0.4749,0.685,1,,,0,1,0,0,1,1,2,OKX_MARCH_SHORT_661,CLEAR,66255.95,66487.75,66159.85,64836.65,67152.25,0,prior_60m_not_negative;buyer_absorption,HYBRID_REJECT,M4_THIN_ONLY_PASS,REJECT
BTC-USDT-SWAP-SHORT-1774656525000-1,OKX_MARCH,BTC-USDT-SWAP,2026-03-28,1774658441000,2026-03-28T00:40:41+00:00,SHORT,DISTRIBUTION,TREND_DOWN,-3.367,0.3185,-0.03698146917572128,-0.4749,0.685,1,,,0,1,0,0,1,1,2,OKX_MARCH_SHORT_660,CLEAR,66255.95,66487.75,66081.85,64760.21,67073.08,0,prior_60m_not_negative;buyer_absorption,HYBRID_REJECT,M4_THIN_ONLY_PASS,REJECT
BTC-USDT-SWAP-LONG-1774659275000-4,OKX_MARCH,BTC-USDT-SWAP,2026-03-28,1774659961000,2026-03-28T01:06:01+00:00,LONG,ACCUMULATION,TREND_DOWN,-3.4815,-0.0714,0.1680586056599024,-0.215,0.39,1,,,0,1,0,0,1,1,2,OKX_MARCH_LONG_663,CLEAR,66304.45,66463.95,66384.2,65056.52,67379.96,0,not_SHORT;buyer_absorption,HYBRID_REJECT,M4_THIN_ONLY_PASS,REJECT
BTC-USDT-SWAP-LONG-1774660665000-6,OKX_MARCH,BTC-USDT-SWAP,2026-03-28,1774661063000,2026-03-28T01:24:23+00:00,LONG,ACCUMULATION,TREND_DOWN,-3.8783,-0.1396,0.31075590408764403,-0.2545,3.418,1,,,1,1,1,0,1,1,3,OKX_MARCH_LONG_665,CLEAR,66166.85002499999,66249.95,66534.35,65203.66,67532.37,0,not_SHORT;buyer_absorption,HYBRID_REJECT,M4_THIN_ONLY_PASS,REJECT
BTC-USDT-SWAP-LONG-1774660589000-5,OKX_MARCH,BTC-USDT-SWAP,2026-03-28,1774661063000,2026-03-28T01:24:23+00:00,LONG,ACCUMULATION,TREND_DOWN,-3.8783,-0.1396,0.17798995656615665,-0.2545,3.418,1,,,1,1,1,0,1,1,3,OKX_MARCH_LONG_666,CLEAR,66106.680125,66249.95,66605.05,65272.95,67604.13,0,not_SHORT;buyer_absorption,HYBRID_REJECT,M4_THIN_ONLY_PASS,REJECT
BTC-USDT-SWAP-LONG-1774662071000-7,OKX_MARCH,BTC-USDT-SWAP,2026-03-28,1774662452000,2026-03-28T01:47:32+00:00,LONG,ACCUMULATION,TREND_DOWN,-3.9708,-0.4623,0.17028320247227063,-0.2325,1.326,1,,,1,1,1,0,1,1,3,OKX_MARCH_LONG_663,CLEAR,66051.907525,66151.85,66353.15,65026.09,67348.45,0,not_SHORT;buyer_absorption,HYBRID_REJECT,M4_THIN_ONLY_PASS,REJECT
BTC-USDT-SWAP-SHORT-1774662687000-8,OKX_MARCH,BTC-USDT-SWAP,2026-03-28,1774662867000,2026-03-28T01:54:27+00:00,SHORT,DISTRIBUTION,TREND_DOWN,-4.0747,-0.4011,-0.1072100336378142,-0.1335,0.54,1,,,0,1,0,0,1,1,2,OKX_MARCH_SHORT_660,CLEAR,66087.789575,66153.91042500001,66018.35,64697.98,67008.63,0,buyer_absorption,HYBRID_REJECT,M4_THIN_ONLY_PASS,REJECT
BTC-USDT-SWAP-LONG-1774664758000-10,OKX_MARCH,BTC-USDT-SWAP,2026-03-28,1774665331000,2026-03-28T02:35:31+00:00,LONG,ACCUMULATION,TREND_DOWN,-4.3181,-0.221,0.04774862946574015,-0.2376,4.44,1,,,1,1,1,0,1,1,3,OKX_MARCH_LONG_661,CLEAR,65901.05,66065.966475,66141.45,64818.62,67133.57,0,not_SHORT;buyer_absorption,HYBRID_REJECT,M4_THIN_ONLY_PASS,REJECT
BTC-USDT-SWAP-SHORT-1774663765000-9,OKX_MARCH,BTC-USDT-SWAP,2026-03-28,1774665979000,2026-03-28T02:46:19+00:00,SHORT,DISTRIBUTION,TREND_DOWN,-4.2543,-0.2404,0.1507458528870706,0.0213,0.587,1,,,1,0,1,1,1,1,4,OKX_MARCH_SHORT_660,CLEAR,65901.05,66216.74182499999,66058.9,64737.72,67049.78,1,,HYBRID_PASS,M4_THIN_ONLY_PASS,ACCEPT
BTC-USDT-SWAP-SHORT-1774665979000-11,OKX_MARCH,BTC-USDT-SWAP,2026-03-28,1774667677000,2026-03-28T03:14:37+00:00,SHORT,DISTRIBUTION,TREND_DOWN,-3.8168,-0.1618,-0.1661611542426686,-0.3396,0.056,1,,,0,1,0,0,1,1,2,OKX_MARCH_SHORT_660,CLEAR,65940.263375,66119.55,66029.91,64709.31,67020.36,0,buyer_absorption,HYBRID_REJECT,M4_THIN_ONLY_PASS,REJECT
BTC-USDT-SWAP-SHORT-1774672561000-12,OKX_MARCH,BTC-USDT-SWAP,2026-03-28,1774673389000,2026-03-28T04:49:49+00:00,SHORT,DISTRIBUTION,TREND_DOWN,-3.4195,0.0721,0.03882090434453454,-0.092,-0.548,1,,,0,0,0,0,0,1,1,OKX_MARCH_SHORT_661,CLEAR,66201.632625,66271.95,66145.55,64822.64,67137.73,0,prior_60m_not_negative,HYBRID_REJECT,M4_THIN_ONLY_PASS,REJECT
BTC-USDT-SWAP-LONG-1774679676000-13,OKX_MARCH,BTC-USDT-SWAP,2026-03-28,1774679945000,2026-03-28T06:39:05+00:00,LONG,ACCUMULATION,TREND_DOWN,-3.3885,0.1712,-0.08497179322824934,-0.038,1.992,1,,,0,0,0,0,1,1,2,OKX_MARCH_LONG_664,CLEAR,66381.34272500001,66447.757275,66482.25,65152.6,67479.48,0,not_SHORT;prior_60m_not_negative,HYBRID_REJECT,M4_THIN_ONLY_PASS,REJECT
BTC-USDT-SWAP-LONG-1774685109000-14,OKX_MARCH,BTC-USDT-SWAP,2026-03-28,1774685686000,2026-03-28T08:14:46+00:00,LONG,ACCUMULATION,TREND_DOWN,-2.9089,0.0821,0.01865038901407666,0.0204,0.102,1,,,0,0,0,1,1,1,3,OKX_MARCH_LONG_664,CLEAR,66440.05,66551.208975,66495.63,65165.72,67493.06,0,not_SHORT;prior_60m_not_negative,HYBRID_REJECT,M4_THIN_ONLY_PASS,REJECT
BTC-USDT-SWAP-SHORT-1774686604000-15,OKX_MARCH,BTC-USDT-SWAP,2026-03-28,1774686784000,2026-03-28T08:33:04+00:00,SHORT,DISTRIBUTION,TREND_DOWN,-2.5276,0.1571,-0.03163888891449681,-0.1851,1.646,1,,,0,1,0,0,1,1,2,OKX_MARCH_SHORT_663,CLEAR,66477.794475,66544.305525,66316.75,64990.42,67311.5,0,prior_60m_not_negative;buyer_absorption,HYBRID_REJECT,M4_THIN_ONLY_PASS,REJECT
BTC-USDT-SWAP-LONG-1774690718000-16,OKX_MARCH,BTC-USDT-SWAP,2026-03-28,1774690967000,2026-03-28T09:42:47+00:00,LONG,ACCUMULATION,RANGE,-2.1681,-0.2425,-0.15608862434165727,-0.2801,-0.238,1,,,0,1,0,0,0,1,1,OKX_MARCH_LONG_663,CLEAR,66233.25,66304.28557499999,66363.05,65035.79,67358.5,0,not_TREND_DOWN;not_SHORT;buyer_absorption,HYBRID_REJECT,M4_THIN_ONLY_PASS,REJECT
BTC-USDT-SWAP-LONG-1774706252000-18,OKX_MARCH,BTC-USDT-SWAP,2026-03-28,1774706432000,2026-03-28T14:00:32+00:00,LONG,ACCUMULATION,RANGE,1.0615,0.5308,0.10591794331037797,-0.0448,3.015,1,,,0,0,0,0,1,1,2,OKX_MARCH_LONG_670,CLEAR,66736.465075,66824.65,67016.85,65676.51,68022.1,0,not_TREND_DOWN;not_SHORT;prior_60m_not_negative,HYBRID_REJECT,M4_THIN_ONLY_PASS,REJECT
BTC-USDT-SWAP-LONG-1774706385000-19,OKX_MARCH,BTC-USDT-SWAP,2026-03-28,1774706649000,2026-03-28T14:04:09+00:00,LONG,ACCUMULATION,RANGE,0.853,0.5396,0.392123309096341,-0.1841,0.495,1,,,1,1,1,0,1,1,3,OKX_MARCH_LONG_670,CLEAR,66695.15,66858.06232499999,67003.25,65663.18,68008.3,0,not_TREND_DOWN;not_SHORT;prior_60m_not_negative;buyer_absorption,HYBRID_REJECT,M4_THIN_ONLY_PASS,REJECT
BTC-USDT-SWAP-SHORT-1774705080000-17,OKX_MARCH,BTC-USDT-SWAP,2026-03-28,1774706991000,2026-03-28T14:09:51+00:00,SHORT,DISTRIBUTION,RANGE,0.7341,0.5142,-0.12432143110419504,0.127,0.074,1,,,1,0,1,1,1,1,4,OKX_MARCH_SHORT_663,CLEAR,66579.443625,67124.35,66378.05,65050.49,67373.72,0,not_TREND_DOWN;prior_60m_not_negative,HYBRID_REJECT,M4_THIN_ONLY_PASS,REJECT
BTC-USDT-SWAP-LONG-1774712731000-20,OKX_MARCH,BTC-USDT-SWAP,2026-03-28,1774713320000,2026-03-28T15:55:20+00:00,LONG,ACCUMULATION,RANGE,1.2509,0.4796,0.23144423659424124,-0.2042,1.005,1,,,0,1,0,0,1,1,2,OKX_MARCH_LONG_669,CLEAR,66929.95,67048.957725,66989.45,65649.66,67994.3,0,not_TREND_DOWN;not_SHORT;prior_60m_not_negative;buyer_absorption,HYBRID_REJECT,M4_THIN_ONLY_PASS,REJECT
BTC-USDT-SWAP-LONG-1774716427000-21,OKX_MARCH,BTC-USDT-SWAP,2026-03-28,1774716654000,2026-03-28T16:50:54+00:00,LONG,ACCUMULATION,RANGE,1.4621,-0.1446,-0.015724840049666015,-0.2392,-0.006,1,,,0,1,0,0,0,1,1,OKX_MARCH_LONG_668,CLEAR,66828.05,66933.399975,66880.72,65543.11,67883.94,0,not_TREND_DOWN;not_SHORT;buyer_absorption,HYBRID_REJECT,M4_THIN_ONLY_PASS,REJECT
BTC-USDT-SWAP-LONG-1774735104000-22,OKX_MARCH,BTC-USDT-SWAP,2026-03-28,1774736087000,2026-03-28T22:14:47+00:00,LONG,ACCUMULATION,RANGE,0.9145,-0.3203,-0.1386283737333652,0.3547,-0.02,1,,,1,0,1,1,0,1,3,OKX_MARCH_LONG_664,CLEAR,66244.95,66751.45,66498.2,65168.24,67495.67,0,not_TREND_DOWN;not_SHORT,HYBRID_REJECT,M4_THIN_ONLY_PASS,REJECT
BTC-USDT-SWAP-LONG-1774736087000-23,OKX_MARCH,BTC-USDT-SWAP,2026-03-28,1774737283000,2026-03-28T22:34:43+00:00,LONG,ACCUMULATION,RANGE,1.149,-0.0888,-0.008661900631656248,0.1654,1.93,1,,,1,0,1,1,1,1,4,OKX_MARCH_LONG_664,CLEAR,66244.95,66751.45,66498.2,65168.24,67495.67,0,not_TREND_DOWN;not_SHORT,HYBRID_REJECT,M4_THIN_ONLY_PASS,REJECT
BTC-USDT-SWAP-SHORT-1774742430000-1,OKX_MARCH,BTC-USDT-SWAP,2026-03-29,1774742801000,2026-03-29T00:06:41+00:00,SHORT,DISTRIBUTION,RANGE,-0.0215,-0.3561,-0.1149000207814199,-0.1421,0.25,1,,,0,1,0,0,1,1,2,OKX_MARCH_SHORT_662,CLEAR,66296.88497500001,66443.75,66249.05,64924.07,67242.79,0,not_TREND_DOWN;buyer_absorption,HYBRID_REJECT,M4_THIN_ONLY_PASS,REJECT
BTC-USDT-SWAP-SHORT-1774742801000-2,OKX_MARCH,BTC-USDT-SWAP,2026-03-29,1774743074000,2026-03-29T00:11:14+00:00,SHORT,DISTRIBUTION,RANGE,0.2106,0.0719,-0.11452817048490262,-0.1618,2.204,1,,,0,1,0,0,1,1,2,OKX_MARCH_SHORT_663,CLEAR,66352.55,66437.952375,66395.25,65067.35,67391.18,0,not_TREND_DOWN;prior_60m_not_negative;buyer_absorption,HYBRID_REJECT,M4_THIN_ONLY_PASS,REJECT
BTC-USDT-SWAP-LONG-1774742870000-3,OKX_MARCH,BTC-USDT-SWAP,2026-03-29,1774743999000,2026-03-29T00:26:39+00:00,LONG,ACCUMULATION,RANGE,-0.0081,-0.1206,-0.002902801810866736,-0.1821,-0.277,1,,,0,1,0,0,0,1,1,OKX_MARCH_LONG_664,CLEAR,66249.05,66445.35607499999,66483.75,65154.07,67481.01,0,not_TREND_DOWN;not_SHORT;buyer_absorption,HYBRID_REJECT,M4_THIN_ONLY_PASS,REJECT
BTC-USDT-SWAP-LONG-1774743999000-4,OKX_MARCH,BTC-USDT-SWAP,2026-03-29,1774745204000,2026-03-29T00:46:44+00:00,LONG,ACCUMULATION,RANGE,-0.0863,0.0264,0.05865958099095047,-0.0556,0.058,1,,,1,0,1,0,1,1,3,OKX_MARCH_LONG_665,CLEAR,66276.795025,66438.85,66524.65,65194.16,67522.52,0,not_TREND_DOWN;not_SHORT;prior_60m_not_negative,HYBRID_REJECT,M4_THIN_ONLY_PASS,REJECT
BTC-USDT-SWAP-SHORT-1774746731000-5,OKX_MARCH,BTC-USDT-SWAP,2026-03-29,1774747122000,2026-03-29T01:18:42+00:00,SHORT,DISTRIBUTION,RANGE,0.4788,0.1494,-0.12569332647094208,-0.182,0.035,1,,,1,1,1,0,1,1,3,OKX_MARCH_SHORT_665,CLEAR,66472.497125,66557.35,66514.92,65184.63,67512.65,0,not_TREND_DOWN;prior_60m_not_negative;buyer_absorption,HYBRID_REJECT,M4_THIN_ONLY_PASS,REJECT
BTC-USDT-SWAP-SHORT-1774750254000-6,OKX_MARCH,BTC-USDT-SWAP,2026-03-29,1774751295000,2026-03-29T02:28:15+00:00,SHORT,DISTRIBUTION,RANGE,0.9635,0.1952,-0.011868448398024704,-0.1573,-0.145,1,,,0,1,0,0,0,1,1,OKX_MARCH_SHORT_666,CLEAR,66544.26122500001,66673.75,66609.01,65276.83,67608.14,0,not_TREND_DOWN;prior_60m_not_negative;buyer_absorption,HYBRID_REJECT,M4_THIN_ONLY_PASS,REJECT
BTC-USDT-SWAP-SHORT-1774751295000-7,OKX_MARCH,BTC-USDT-SWAP,2026-03-29,1774751818000,2026-03-29T02:36:58+00:00,SHORT,DISTRIBUTION,RANGE,0.9032,0.1909,0.028673114936090628,-0.1128,0.913,1,,,1,1,1,0,1,1,3,OKX_MARCH_SHORT_666,CLEAR,66547.35,66675.27097499999,66611.31,65279.08,67610.48,0,not_TREND_DOWN;prior_60m_not_negative;buyer_absorption,HYBRID_REJECT,M4_THIN_ONLY_PASS,REJECT
BTC-USDT-SWAP-SHORT-1774752923000-8,OKX_MARCH,BTC-USDT-SWAP,2026-03-29,1774753103000,2026-03-29T02:58:23+00:00,SHORT,DISTRIBUTION,RANGE,1.0914,0.2896,-0.1494652826206807,-0.2413,5.232,1,,,1,1,1,0,1,1,3,OKX_MARCH_SHORT_665,CLEAR,66720.073275,66786.82672499999,66544.65,65213.76,67542.82,0,not_TREND_DOWN;prior_60m_not_negative;buyer_absorption,HYBRID_REJECT,M4_THIN_ONLY_PASS,REJECT
BTC-USDT-SWAP-LONG-1774753216000-9,OKX_MARCH,BTC-USDT-SWAP,2026-03-29,1774753466000,2026-03-29T03:04:26+00:00,LONG,ACCUMULATION,RANGE,1.074,0.294,-0.013551754991657887,0.2124,1.345,1,,,1,0,1,1,1,1,4,OKX_MARCH_LONG_668,CLEAR,66722.25,66797.231925,66859.75,65522.56,67862.65,0,not_TREND_DOWN;not_SHORT;prior_60m_not_negative,HYBRID_REJECT,M4_THIN_ONLY_PASS,REJECT
BTC-USDT-SWAP-LONG-1774754966000-10,OKX_MARCH,BTC-USDT-SWAP,2026-03-29,1774755146000,2026-03-29T03:32:26+00:00,LONG,ACCUMULATION,RANGE,1.264,0.5698,0.03694566273547369,-0.1896,1.915,1,,,1,1,1,0,1,1,3,OKX_MARCH_LONG_669,CLEAR,66917.67442499999,66984.625575,66951.15,65612.13,67955.42,0,not_TREND_DOWN;not_SHORT;prior_60m_not_negative;buyer_absorption,HYBRID_REJECT,M4_THIN_ONLY_PASS,REJECT
BTC-USDT-SWAP-LONG-1774755666000-11,OKX_MARCH,BTC-USDT-SWAP,2026-03-29,1774756585000,2026-03-29T03:56:25+00:00,LONG,ACCUMULATION,RANGE,1.0564,0.2006,-0.14046227857894505,-0.1004,6.614,1,,,0,1,0,0,1,1,2,OKX_MARCH_LONG_668,CLEAR,66825.25,66930.198375,66877.72,65540.17,67880.89,0,not_TREND_DOWN;not_SHORT;prior_60m_not_negative;buyer_absorption,HYBRID_REJECT,M4_THIN_ONLY_PASS,REJECT
BTC-USDT-SWAP-SHORT-1774757504000-12,OKX_MARCH,BTC-USDT-SWAP,2026-03-29,1774759163000,2026-03-29T04:39:23+00:00,SHORT,DISTRIBUTION,RANGE,0.7769,-0.2352,-0.3173640345273406,0.127,0.65,1,,,1,0,1,1,1,1,4,OKX_MARCH_SHORT_667,CLEAR,66736.85,66896.381475,66700.05,65366.05,67700.55,0,not_TREND_DOWN,HYBRID_REJECT,M4_THIN_ONLY_PASS,REJECT
BTC-USDT-SWAP-LONG-1774760584000-13,OKX_MARCH,BTC-USDT-SWAP,2026-03-29,1774761008000,2026-03-29T05:10:08+00:00,LONG,ACCUMULATION,RANGE,0.7657,-0.2908,0.1871548227193396,-0.2547,-0.059,1,,,0,1,0,0,0,1,1,OKX_MARCH_LONG_667,CLEAR,66635.75,66737.301975,66794.75,65458.85,67796.67,0,not_TREND_DOWN;not_SHORT;buyer_absorption,HYBRID_REJECT,M4_THIN_ONLY_PASS,REJECT
BTC-USDT-SWAP-SHORT-1774760707000-14,OKX_MARCH,BTC-USDT-SWAP,2026-03-29,1774761264000,2026-03-29T05:14:24+00:00,SHORT,DISTRIBUTION,RANGE,0.6811,-0.3257,-0.031579516965723066,0.1939,0.405,1,,,1,0,1,1,1,1,4,OKX_MARCH_SHORT_666,CLEAR,66635.75,66724.495575,66600.85,65268.83,67599.86,0,not_TREND_DOWN,HYBRID_REJECT,M4_THIN_ONLY_PASS,REJECT
BTC-USDT-SWAP-LONG-1774762457000-15,OKX_MARCH,BTC-USDT-SWAP,2026-03-29,1774762658000,2026-03-29T05:37:38+00:00,LONG,ACCUMULATION,RANGE,0.4662,-0.2474,0.09412279623724426,-0.1524,0.888,1,,,1,1,1,0,1,1,3,OKX_MARCH_LONG_666,CLEAR,66560.15,66642.65467500001,66692.75,65358.89,67693.14,0,not_TREND_DOWN;not_SHORT;buyer_absorption,HYBRID_REJECT,M4_THIN_ONLY_PASS,REJECT
BTC-USDT-SWAP-SHORT-1774763331000-16,OKX_MARCH,BTC-USDT-SWAP,2026-03-29,1774763893000,2026-03-29T05:58:13+00:00,SHORT,DISTRIBUTION,RANGE,0.648,0.0901,0.08788462797855741,-0.3128,-6.421,1,,,0,1,0,0,0,1,1,OKX_MARCH_SHORT_665,CLEAR,66572.34717499999,66794.75,66535.95,65205.23,67533.99,0,not_TREND_DOWN;prior_60m_not_negative;buyer_absorption,HYBRID_REJECT,M4_THIN_ONLY_PASS,REJECT
BTC-USDT-SWAP-SHORT-1774768706000-17,OKX_MARCH,BTC-USDT-SWAP,2026-03-29,1774769697000,2026-03-29T07:34:57+00:00,SHORT,DISTRIBUTION,RANGE,0.303,-0.0747,0.033060866959629384,0.0071,11.591,1,,,0,0,0,1,1,1,3,OKX_MARCH_SHORT_664,CLEAR,66514.775975,66683.05,66480.45,65150.84,67477.66,0,not_TREND_DOWN,HYBRID_REJECT,M4_THIN_ONLY_PASS,REJECT
BTC-USDT-SWAP-LONG-1774777150000-18,OKX_MARCH,BTC-USDT-SWAP,2026-03-29,1774777438000,2026-03-29T09:43:58+00:00,LONG,ACCUMULATION,RANGE,0.4564,-0.2148,0.25828346638898514,-0.2143,1.749,1,,,1,1,1,0,1,1,3,OKX_MARCH_LONG_666,CLEAR,66508.479125,66575.020875,66624.75,65292.25,67624.12,0,not_TREND_DOWN;not_SHORT;buyer_absorption,HYBRID_REJECT,M4_THIN_ONLY_PASS,REJECT
BTC-USDT-SWAP-SHORT-1774779062000-19,OKX_MARCH,BTC-USDT-SWAP,2026-03-29,1774779242000,2026-03-29T10:14:02+00:00,SHORT,DISTRIBUTION,RANGE,0.2754,-0.2578,-0.09625380728034316,0.0213,-0.0,1,,,1,0,1,1,0,1,3,OKX_MARCH_SHORT_664,CLEAR,66459.903425,66526.39657499999,66410.05,65081.85,67406.2,0,not_TREND_DOWN,HYBRID_REJECT,M4_THIN_ONLY_PASS,REJECT
BTC-USDT-SWAP-LONG-1774780706000-20,OKX_MARCH,BTC-USDT-SWAP,2026-03-29,1774781563000,2026-03-29T10:52:43+00:00,LONG,ACCUMULATION,RANGE,0.5338,-0.0919,0.4448895558368958,0.2302,0.0,1,,,1,1,1,1,0,1,3,OKX_MARCH_LONG_666,CLEAR,66430.018375,66548.65,66624.75,65292.25,67624.12,0,not_TREND_DOWN;not_SHORT;buyer_absorption,HYBRID_REJECT,M4_THIN_ONLY_PASS,REJECT
BTC-USDT-SWAP-LONG-1774783251000-21,OKX_MARCH,BTC-USDT-SWAP,2026-03-29,1774783431000,2026-03-29T11:23:51+00:00,LONG,ACCUMULATION,RANGE,0.7846,0.4573,0.43545138584410975,-0.0478,0.366,1,,,0,1,0,0,1,1,2,OKX_MARCH_LONG_668,CLEAR,66734.65,66848.357475,66889.75,65551.96,67893.1,0,not_TREND_DOWN;not_SHORT;prior_60m_not_negative;buyer_absorption,HYBRID_REJECT,M4_THIN_ONLY_PASS,REJECT
BTC-USDT-SWAP-LONG-1774784312000-22,OKX_MARCH,BTC-USDT-SWAP,2026-03-29,1774785271000,2026-03-29T11:54:31+00:00,LONG,ACCUMULATION,RANGE,0.7536,0.4242,-0.12739777215816253,0.1161,-0.358,1,,,0,0,0,1,0,1,2,OKX_MARCH_LONG_668,CLEAR,66772.25,66949.95,66861.1,65523.88,67864.02,0,not_TREND_DOWN;not_SHORT;prior_60m_not_negative,HYBRID_REJECT,M4_THIN_ONLY_PASS,REJECT
BTC-USDT-SWAP-SHORT-1774805237000-23,OKX_MARCH,BTC-USDT-SWAP,2026-03-29,1774805488000,2026-03-29T17:31:28+00:00,SHORT,DISTRIBUTION,RANGE,-0.7471,-0.5276,0.12247777214950348,0.1311,0.155,1,,,1,0,1,1,1,1,4,OKX_MARCH_SHORT_662,CLEAR,66178.144375,66257.45,66217.8,64893.44,67211.06,0,not_TREND_DOWN,HYBRID_REJECT,M4_THIN_ONLY_PASS,REJECT
BTC-USDT-SWAP-SHORT-1774826131000-24,OKX_MARCH,BTC-USDT-SWAP,2026-03-29,1774827141000,2026-03-29T23:32:21+00:00,SHORT,DISTRIBUTION,RANGE,-0.7618,-0.5836,-0.10434458871443322,0.0923,-0.0,1,,,1,0,1,1,0,1,3,OKX_MARCH_SHORT_658,CLEAR,65918.45,66261.05,65884.55,64566.86,66872.82,0,not_TREND_DOWN,HYBRID_REJECT,M4_THIN_ONLY_PASS,REJECT
BTC-USDT-SWAP-LONG-1774829268000-2,OKX_MARCH,BTC-USDT-SWAP,2026-03-30,1774829448000,2026-03-30T00:10:48+00:00,LONG,ACCUMULATION,RANGE,-0.7514,-0.2068,0.44997464791793923,-0.3138,9.88,1,,,0,1,0,0,1,1,2,OKX_MARCH_LONG_664,CLEAR,65813.35,65979.05,66427.85,65099.29,67424.27,0,not_TREND_DOWN;not_SHORT;buyer_absorption,HYBRID_REJECT,M4_THIN_ONLY_PASS,REJECT
BTC-USDT-SWAP-LONG-1774829318000-3,OKX_MARCH,BTC-USDT-SWAP,2026-03-30,1774829512000,2026-03-30T00:11:52+00:00,LONG,ACCUMULATION,RANGE,-0.8645,-0.2294,-0.05263888246449971,-0.339,0.9,1,,,0,1,0,0,1,1,2,OKX_MARCH_LONG_664,CLEAR,65813.35,65986.12657499999,66427.85,65099.29,67424.27,0,not_TREND_DOWN;not_SHORT;buyer_absorption,HYBRID_REJECT,M4_THIN_ONLY_PASS,REJECT
BTC-USDT-SWAP-LONG-1774829392000-4,OKX_MARCH,BTC-USDT-SWAP,2026-03-30,1774829637000,2026-03-30T00:13:57+00:00,LONG,ACCUMULATION,RANGE,-0.8072,-0.3716,-0.056439884389517136,-0.3426,-0.217,1,,,1,1,1,0,0,1,2,OKX_MARCH_LONG_664,CLEAR,65801.95,65882.975025,66427.85,65099.29,67424.27,0,not_TREND_DOWN;not_SHORT;buyer_absorption,HYBRID_REJECT,M4_THIN_ONLY_PASS,REJECT
BTC-USDT-SWAP-SHORT-1774828839000-1,OKX_MARCH,BTC-USDT-SWAP,2026-03-30,1774830283000,2026-03-30T00:24:43+00:00,SHORT,DISTRIBUTION,RANGE,0.3935,0.7732,-0.1928109326674281,-0.1902,6.414,1,,,0,1,0,0,1,1,2,OKX_MARCH_SHORT_663,CLEAR,65762.05,67026.65,66394.35,65066.46,67390.27,0,not_TREND_DOWN;prior_60m_not_negative;buyer_absorption,HYBRID_REJECT,M4_THIN_ONLY_PASS,REJECT
BTC-USDT-SWAP-SHORT-1774830283000-5,OKX_MARCH,BTC-USDT-SWAP,2026-03-30,1774831425000,2026-03-30T00:43:45+00:00,SHORT,DISTRIBUTION,RANGE,-0.1788,0.4764,-0.08321511307053682,0.0665,0.906,1,,,1,0,1,1,1,1,4,OKX_MARCH_SHORT_664,CLEAR,66150.95,66821.75,66486.35,65156.62,67483.65,0,not_TREND_DOWN;prior_60m_not_negative,HYBRID_REJECT,M4_THIN_ONLY_PASS,REJECT
BTC-USDT-SWAP-LONG-1774834220000-6,OKX_MARCH,BTC-USDT-SWAP,2026-03-30,1774834400000,2026-03-30T01:33:20+00:00,LONG,ACCUMULATION,RANGE,0.119,0.0011,0.21475692565862373,0.0231,6.275,1,,,0,1,0,1,1,1,3,OKX_MARCH_LONG_669,CLEAR,66494.08632500001,66663.95,66971.95,65632.51,67976.53,0,not_TREND_DOWN;not_SHORT;prior_60m_not_negative;buyer_absorption,HYBRID_REJECT,M4_THIN_ONLY_PASS,REJECT
BTC-USDT-SWAP-LONG-1774834280000-7,OKX_MARCH,BTC-USDT-SWAP,2026-03-30,1774834460000,2026-03-30T01:34:20+00:00,LONG,ACCUMULATION,RANGE,0.1629,0.173,0.23573892741401573,-0.0091,0.602,1,,,0,1,0,0,1,1,2,OKX_MARCH_LONG_669,CLEAR,66544.361175,66663.95,66971.95,65632.51,67976.53,0,not_TREND_DOWN;not_SHORT;prior_60m_not_negative;buyer_absorption,HYBRID_REJECT,M4_THIN_ONLY_PASS,REJECT
BTC-USDT-SWAP-LONG-1774836861000-8,OKX_MARCH,BTC-USDT-SWAP,2026-03-30,1774837503000,2026-03-30T02:25:03+00:00,LONG,ACCUMULATION,RANGE,0.0933,0.3865,0.20843927160043133,-0.0112,0.117,1,,,0,1,0,0,1,1,2,OKX_MARCH_LONG_668,CLEAR,66648.55,66843.95,66887.95,65550.19,67891.27,0,not_TREND_DOWN;not_SHORT;prior_60m_not_negative;buyer_absorption,HYBRID_REJECT,M4_THIN_ONLY_PASS,REJECT
BTC-USDT-SWAP-LONG-1774836898000-9,OKX_MARCH,BTC-USDT-SWAP,2026-03-30,1774837503000,2026-03-30T02:25:03+00:00,LONG,ACCUMULATION,RANGE,0.0933,0.3865,0.14102179709991108,-0.0112,0.117,1,,,0,0,0,0,1,1,2,OKX_MARCH_LONG_668,CLEAR,66648.55,66843.95,66887.95,65550.19,67891.27,0,not_TREND_DOWN;not_SHORT;prior_60m_not_negative,HYBRID_REJECT,M4_THIN_ONLY_PASS,REJECT
BTC-USDT-SWAP-LONG-1774840912000-11,OKX_MARCH,BTC-USDT-SWAP,2026-03-30,1774841502000,2026-03-30T03:31:42+00:00,LONG,ACCUMULATION,RANGE,0.3677,0.701,0.06600397094937076,-0.0314,3.52,1,,,1,0,1,0,1,1,3,OKX_MARCH_LONG_673,CLEAR,67025.02072500001,67266.95,67378.55,66030.98,68389.23,0,not_TREND_DOWN;not_SHORT;prior_60m_not_negative,HYBRID_REJECT,M4_THIN_ONLY_PASS,REJECT
BTC-USDT-SWAP-LONG-1774841502000-12,OKX_MARCH,BTC-USDT-SWAP,2026-03-30,1774841704000,2026-03-30T03:35:04+00:00,LONG,ACCUMULATION,RANGE,0.5045,0.901,0.1812941156718224,-0.0538,0.432,1,,,1,0,1,0,1,1,3,OKX_MARCH_LONG_673,CLEAR,67147.55,67233.65002500001,67373.65,66026.18,68384.25,0,not_TREND_DOWN;not_SHORT;prior_60m_not_negative,HYBRID_REJECT,M4_THIN_ONLY_PASS,REJECT
BTC-USDT-SWAP-SHORT-1774840595000-10,OKX_MARCH,BTC-USDT-SWAP,2026-03-30,1774842906000,2026-03-30T03:55:06+00:00,SHORT,DISTRIBUTION,RANGE,0.4056,0.038,0.5962446307840678,-0.0239,-0.175,1,,,0,1,0,0,0,1,1,OKX_MARCH_SHORT_671,CLEAR,66966.450025,67291.95,67129.2,65786.62,68136.14,0,not_TREND_DOWN;prior_60m_not_negative;buyer_absorption,HYBRID_REJECT,M4_THIN_ONLY_PASS,REJECT
BTC-USDT-SWAP-SHORT-1774842906000-13,OKX_MARCH,BTC-USDT-SWAP,2026-03-30,1774843086000,2026-03-30T03:58:06+00:00,SHORT,DISTRIBUTION,RANGE,0.3677,0.0687,-0.06529381379904053,0.0101,12.946,1,,,1,0,1,1,1,1,4,OKX_MARCH_SHORT_671,CLEAR,67101.05,67200.333375,67150.69,65807.68,68157.95,0,not_TREND_DOWN;prior_60m_not_negative,HYBRID_REJECT,M4_THIN_ONLY_PASS,REJECT
BTC-USDT-SWAP-LONG-1774843669000-14,OKX_MARCH,BTC-USDT-SWAP,2026-03-30,1774843947000,2026-03-30T04:12:27+00:00,LONG,ACCUMULATION,RANGE,0.7859,0.6217,0.032746762139565976,0.021,0.239,1,,,0,0,0,1,1,1,3,OKX_MARCH_LONG_674,CLEAR,67295.05,67465.95,67499.95,66149.95,68512.45,0,not_TREND_DOWN;not_SHORT;prior_60m_not_negative,HYBRID_REJECT,M4_THIN_ONLY_PASS,REJECT
BTC-USDT-SWAP-SHORT-1774844011000-15,OKX_MARCH,BTC-USDT-SWAP,2026-03-30,1774844684000,2026-03-30T04:24:44+00:00,SHORT,DISTRIBUTION,RANGE,0.8424,0.1757,0.1031802096416758,-0.0155,0.555,1,,,1,0,1,0,1,1,3,OKX_MARCH_SHORT_672,CLEAR,67320.372975,67475.15,67244.95,65900.05,68253.62,0,not_TREND_DOWN;prior_60m_not_negative,HYBRID_REJECT,M4_THIN_ONLY_PASS,REJECT
BTC-USDT-SWAP-SHORT-1774846621000-17,OKX_MARCH,BTC-USDT-SWAP,2026-03-30,1774846806000,2026-03-30T05:00:06+00:00,SHORT,DISTRIBUTION,RANGE,1.347,0.6228,0.24690710348014847,-0.1796,0.066,1,,,0,1,0,0,1,1,2,OKX_MARCH_SHORT_674,CLEAR,67485.690275,67615.55,67437.35,66088.6,68448.91,0,not_TREND_DOWN;prior_60m_not_negative;buyer_absorption,HYBRID_REJECT,M4_THIN_ONLY_PASS,REJECT
BTC-USDT-SWAP-SHORT-1774846778000-18,OKX_MARCH,BTC-USDT-SWAP,2026-03-30,1774847034000,2026-03-30T05:03:54+00:00,SHORT,DISTRIBUTION,RANGE,1.2996,0.5397,0.23909910821364702,-0.2852,-0.24,1,,,1,1,1,0,0,1,2,OKX_MARCH_SHORT_674,CLEAR,67558.85367499999,67694.15,67437.35,66088.6,68448.91,0,not_TREND_DOWN;prior_60m_not_negative;buyer_absorption,HYBRID_REJECT,M4_THIN_ONLY_PASS,REJECT
BTC-USDT-SWAP-LONG-1774846274000-16,OKX_MARCH,BTC-USDT-SWAP,2026-03-30,1774847323000,2026-03-30T05:08:43+00:00,LONG,ACCUMULATION,RANGE,1.4584,0.2803,0.07464568923326492,0.2424,1.797,1,,,1,0,1,1,1,1,4,OKX_MARCH_LONG_677,CLEAR,67475.25,67694.15,67745.55,66390.64,68761.73,0,not_TREND_DOWN;not_SHORT;prior_60m_not_negative,HYBRID_REJECT,M4_THIN_ONLY_PASS,REJECT
BTC-USDT-SWAP-LONG-1774847323000-19,OKX_MARCH,BTC-USDT-SWAP,2026-03-30,1774848251000,2026-03-30T05:24:11+00:00,LONG,ACCUMULATION,RANGE,1.5015,0.4456,0.45261095844436006,0.2223,1.408,1,,,0,1,0,1,1,1,3,OKX_MARCH_LONG_676,CLEAR,67567.85,67774.95,67671.4,66317.97,68686.47,0,not_TREND_DOWN;not_SHORT;prior_60m_not_negative;buyer_absorption,HYBRID_REJECT,M4_THIN_ONLY_PASS,REJECT
BTC-USDT-SWAP-SHORT-1774852538000-20,OKX_MARCH,BTC-USDT-SWAP,2026-03-30,1774852797000,2026-03-30T06:39:57+00:00,SHORT,DISTRIBUTION,RANGE,0.9643,-0.3559,-0.10962787337746548,0.0555,1.097,1,,,1,0,1,1,1,1,4,OKX_MARCH_SHORT_672,CLEAR,67241.412475,67318.95,67201.75,65857.71,68209.78,0,not_TREND_DOWN,HYBRID_REJECT,M4_THIN_ONLY_PASS,REJECT
BTC-USDT-SWAP-SHORT-1774858134000-21,OKX_MARCH,BTC-USDT-SWAP,2026-03-30,1774859288000,2026-03-30T08:28:08+00:00,SHORT,DISTRIBUTION,RANGE,1.6459,0.6461,0.11227676028954851,0.0455,1.889,1,,,1,0,1,1,1,1,4,OKX_MARCH_SHORT_675,CLEAR,67691.55,67879.95,67577.55,66226.0,68591.21,0,not_TREND_DOWN;prior_60m_not_negative,HYBRID_REJECT,M4_THIN_ONLY_PASS,REJECT
BTC-USDT-SWAP-LONG-1774858984000-22,OKX_MARCH,BTC-USDT-SWAP,2026-03-30,1774859473000,2026-03-30T08:31:13+00:00,LONG,ACCUMULATION,RANGE,1.6257,0.5382,-0.1656550132782909,-0.0838,3.47,1,,,0,0,0,0,1,1,2,OKX_MARCH_LONG_677,CLEAR,67691.55,67784.925525,67738.24,66383.47,68754.31,0,not_TREND_DOWN;not_SHORT;prior_60m_not_negative,HYBRID_REJECT,M4_THIN_ONLY_PASS,REJECT
BTC-USDT-SWAP-LONG-1774872672000-23,OKX_MARCH,BTC-USDT-SWAP,2026-03-30,1774872852000,2026-03-30T12:14:12+00:00,LONG,ACCUMULATION,RANGE,1.5691,0.407,0.1533148641545281,0.1222,1.78,1,,,1,0,1,1,1,1,4,OKX_MARCH_LONG_679,CLEAR,67772.74667499999,67846.35,67942.85,66583.99,68961.99,0,not_TREND_DOWN;not_SHORT;prior_60m_not_negative,HYBRID_REJECT,M4_THIN_ONLY_PASS,REJECT
BTC-USDT-SWAP-LONG-1774873140000-24,OKX_MARCH,BTC-USDT-SWAP,2026-03-30,1774873320000,2026-03-30T12:22:00+00:00,LONG,ACCUMULATION,RANGE,1.7073,0.5004,0.5517930842047835,-0.3472,10.006,1,,,1,1,1,0,1,1,3,OKX_MARCH_LONG_680,CLEAR,67833.016525,67900.883475,68062.95,66701.69,69083.89,0,not_TREND_DOWN;not_SHORT;prior_60m_not_negative;buyer_absorption,HYBRID_REJECT,M4_THIN_ONLY_PASS,REJECT
BTC-USDT-SWAP-SHORT-1774874303000-25,OKX_MARCH,BTC-USDT-SWAP,2026-03-30,1774874483000,2026-03-30T12:41:23+00:00,SHORT,DISTRIBUTION,RANGE,1.6105,0.4067,-0.23507242574252896,-0.2151,8.629,1,,,1,1,1,0,1,1,3,OKX_MARCH_SHORT_677,CLEAR,67802.75,67943.904975,67755.15,66400.05,68771.48,0,not_TREND_DOWN;prior_60m_not_negative;buyer_absorption,HYBRID_REJECT,M4_THIN_ONLY_PASS,REJECT
BTC-USDT-SWAP-LONG-1774878475000-26,OKX_MARCH,BTC-USDT-SWAP,2026-03-30,1774878790000,2026-03-30T13:53:10+00:00,LONG,ACCUMULATION,RANGE,1.6897,-0.1905,-0.0858535736700862,-0.2184,8.042,1,,,1,1,1,0,1,1,3,OKX_MARCH_LONG_676,CLEAR,67585.05,67787.126625,67686.09,66332.37,68701.38,0,not_TREND_DOWN;not_SHORT;buyer_absorption,HYBRID_REJECT,M4_THIN_ONLY_PASS,REJECT
BTC-USDT-SWAP-LONG-1774882904000-27,OKX_MARCH,BTC-USDT-SWAP,2026-03-30,1774883100000,2026-03-30T15:05:00+00:00,LONG,ACCUMULATION,RANGE,1.7892,0.3418,-0.16620851153333788,0.1076,1.441,1,,,1,0,1,1,1,1,4,OKX_MARCH_LONG_677,CLEAR,67713.35,67794.95,67754.15,66399.07,68770.46,0,not_TREND_DOWN;not_SHORT;prior_60m_not_negative,HYBRID_REJECT,M4_THIN_ONLY_PASS,REJECT
BTC-USDT-SWAP-SHORT-1774891237000-28,OKX_MARCH,BTC-USDT-SWAP,2026-03-30,1774892127000,2026-03-30T17:35:27+00:00,SHORT,DISTRIBUTION,RANGE,0.7938,-0.9109,-0.0029854783295776293,0.2672,0.944,1,,,1,0,1,1,1,1,4,OKX_MARCH_SHORT_666,CLEAR,66634.25,67137.201825,66600.05,65268.05,67599.05,0,not_TREND_DOWN,HYBRID_REJECT,M4_THIN_ONLY_PASS,REJECT
BTC-USDT-SWAP-LONG-1774891865000-29,OKX_MARCH,BTC-USDT-SWAP,2026-03-30,1774893201000,2026-03-30T17:53:21+00:00,LONG,ACCUMULATION,RANGE,0.7006,-0.753,0.40101720715338846,0.3117,-0.273,1,,,0,1,0,1,0,1,2,OKX_MARCH_LONG_668,CLEAR,66740.95,66956.45,66848.7,65511.73,67851.43,0,not_TREND_DOWN;not_SHORT;buyer_absorption,HYBRID_REJECT,M4_THIN_ONLY_PASS,REJECT
BTC-USDT-SWAP-SHORT-1774896600000-30,OKX_MARCH,BTC-USDT-SWAP,2026-03-30,1774897033000,2026-03-30T18:57:13+00:00,SHORT,DISTRIBUTION,RANGE,0.2408,-0.3408,-0.08879539534255117,0.1084,3.112,1,,,1,0,1,1,1,1,4,OKX_MARCH_SHORT_664,CLEAR,66483.05,66647.557125,66447.15,65118.21,67443.86,0,not_TREND_DOWN,HYBRID_REJECT,M4_THIN_ONLY_PASS,REJECT
BTC-USDT-SWAP-SHORT-1774897033000-31,OKX_MARCH,BTC-USDT-SWAP,2026-03-30,1774897418000,2026-03-30T19:03:38+00:00,SHORT,DISTRIBUTION,RANGE,0.2383,-0.5074,-0.05806301954580768,0.1134,3.551,1,,,1,0,1,1,1,1,4,OKX_MARCH_SHORT_664,CLEAR,66524.45,66648.15,66480.05,65150.45,67477.25,0,not_TREND_DOWN,HYBRID_REJECT,M4_THIN_ONLY_PASS,REJECT
BTC-USDT-SWAP-SHORT-1774898345000-34,OKX_MARCH,BTC-USDT-SWAP,2026-03-30,1774898653000,2026-03-30T19:24:13+00:00,SHORT,DISTRIBUTION,RANGE,-0.1354,-0.5531,-0.005541285229088051,0.0248,13.057,1,,,1,0,1,1,1,1,4,OKX_MARCH_SHORT_663,CLEAR,66290.05,66418.24252500001,66354.15,65027.06,67349.46,0,not_TREND_DOWN,HYBRID_REJECT,M4_THIN_ONLY_PASS,REJECT
BTC-USDT-SWAP-SHORT-1774898653000-35,OKX_MARCH,BTC-USDT-SWAP,2026-03-30,1774898833000,2026-03-30T19:27:13+00:00,SHORT,DISTRIBUTION,RANGE,-0.1193,-0.4451,-0.2689397538651416,-0.1161,8.776,1,,,0,1,0,0,1,1,2,OKX_MARCH_SHORT_662,CLEAR,66211.45,66346.55,66279.0,64953.42,67273.18,0,not_TREND_DOWN;buyer_absorption,HYBRID_REJECT,M4_THIN_ONLY_PASS,REJECT
BTC-USDT-SWAP-LONG-1774898021000-32,OKX_MARCH,BTC-USDT-SWAP,2026-03-30,1774899606000,2026-03-30T19:40:06+00:00,LONG,ACCUMULATION,RANGE,-0.0436,-0.5338,0.2741284294204941,0.3666,0.245,1,,,0,1,0,1,1,1,3,OKX_MARCH_LONG_665,CLEAR,66211.45,66963.25,66587.35,65255.6,67586.16,0,not_TREND_DOWN;not_SHORT;buyer_absorption,HYBRID_REJECT,M4_THIN_ONLY_PASS,REJECT
BTC-USDT-SWAP-LONG-1774898078000-33,OKX_MARCH,BTC-USDT-SWAP,2026-03-30,1774899606000,2026-03-30T19:40:06+00:00,LONG,ACCUMULATION,RANGE,-0.0436,-0.5338,0.11434445049280678,0.3666,0.245,1,,,0,0,0,1,1,1,3,OKX_MARCH_LONG_665,CLEAR,66211.45,66963.25,66587.35,65255.6,67586.16,0,not_TREND_DOWN;not_SHORT,HYBRID_REJECT,M4_THIN_ONLY_PASS,REJECT
BTC-USDT-SWAP-LONG-1774900481000-36,OKX_MARCH,BTC-USDT-SWAP,2026-03-30,1774901058000,2026-03-30T20:04:18+00:00,LONG,ACCUMULATION,RANGE,0.1744,-0.0745,-0.26680988458692495,0.0989,3.041,1,,,1,0,1,1,1,1,4,OKX_MARCH_LONG_666,CLEAR,66434.915925,66576.95,66696.15,65362.23,67696.59,0,not_TREND_DOWN;not_SHORT,HYBRID_REJECT,M4_THIN_ONLY_PASS,REJECT
BTC-USDT-SWAP-SHORT-1774900746000-37,OKX_MARCH,BTC-USDT-SWAP,2026-03-30,1774902338000,2026-03-30T20:25:38+00:00,SHORT,DISTRIBUTION,RANGE,-0.0919,0.4894,-0.2162657251930744,0.2295,0.056,1,,,1,0,1,1,1,1,4,OKX_MARCH_SHORT_666,CLEAR,66380.15,66963.25,66671.7,65338.27,67671.78,0,not_TREND_DOWN;prior_60m_not_negative,HYBRID_REJECT,M4_THIN_ONLY_PASS,REJECT
BTC-USDT-SWAP-LONG-1774906773000-38,OKX_MARCH,BTC-USDT-SWAP,2026-03-30,1774907448000,2026-03-30T21:50:48+00:00,LONG,ACCUMULATION,RANGE,0.3589,0.4246,0.11311315391620039,0.0042,0.268,1,,,0,0,0,1,1,1,3,OKX_MARCH_LONG_668,CLEAR,66822.35,66949.85,66886.1,65548.38,67889.39,0,not_TREND_DOWN;not_SHORT;prior_60m_not_negative,HYBRID_REJECT,M4_THIN_ONLY_PASS,REJECT
BTC-USDT-SWAP-LONG-1774915354000-1,OKX_MARCH,BTC-USDT-SWAP,2026-03-31,1774915534000,2026-03-31T00:05:34+00:00,LONG,ACCUMULATION,RANGE,1.418,0.4165,0.2700139207774936,-0.3477,3.337,1,,,0,1,0,0,1,1,2,OKX_MARCH_LONG_668,CLEAR,66691.85,66795.95,66844.15,65507.27,67846.81,0,not_TREND_DOWN;not_SHORT;prior_60m_not_negative;buyer_absorption,HYBRID_REJECT,M4_THIN_ONLY_PASS,REJECT
BTC-USDT-SWAP-SHORT-1774916222000-2,OKX_MARCH,BTC-USDT-SWAP,2026-03-31,1774917130000,2026-03-31T00:32:10+00:00,SHORT,DISTRIBUTION,RANGE,0.1646,0.1088,-0.06235675313437483,-0.1588,0.264,1,,,0,1,0,0,1,1,2,OKX_MARCH_SHORT_666,CLEAR,66510.05,66818.35,66664.2,65330.92,67664.16,0,not_TREND_DOWN;prior_60m_not_negative;buyer_absorption,HYBRID_REJECT,M4_THIN_ONLY_PASS,REJECT
BTC-USDT-SWAP-SHORT-1774917130000-4,OKX_MARCH,BTC-USDT-SWAP,2026-03-31,1774917363000,2026-03-31T00:36:03+00:00,SHORT,DISTRIBUTION,RANGE,0.519,0.1496,-0.08093641967816728,-0.3256,-0.574,1,,,0,1,0,0,0,1,1,OKX_MARCH_SHORT_667,CLEAR,66706.679975,66836.25,66771.46,65436.04,67773.04,0,not_TREND_DOWN;prior_60m_not_negative;buyer_absorption,HYBRID_REJECT,M4_THIN_ONLY_PASS,REJECT
BTC-USDT-SWAP-LONG-1774916501000-3,OKX_MARCH,BTC-USDT-SWAP,2026-03-31,1774917842000,2026-03-31T00:44:02+00:00,LONG,ACCUMULATION,RANGE,0.8932,0.1749,0.08839320400807363,0.4756,0.291,1,,,1,0,1,1,1,1,4,OKX_MARCH_LONG_670,CLEAR,66557.85,66922.05,67042.25,65701.4,68047.88,0,not_TREND_DOWN;not_SHORT;prior_60m_not_negative,HYBRID_REJECT,M4_THIN_ONLY_PASS,REJECT
BTC-USDT-SWAP-SHORT-1774918719000-6,OKX_MARCH,BTC-USDT-SWAP,2026-03-31,1774920546000,2026-03-31T01:29:06+00:00,SHORT,DISTRIBUTION,RANGE,1.7132,1.3984,0.11306481525257257,-0.1855,0.017,1,,,0,1,0,0,1,1,2,OKX_MARCH_SHORT_674,CLEAR,67020.05,67845.95,67433.0,66084.34,68444.49,0,not_TREND_DOWN;prior_60m_not_negative;buyer_absorption,HYBRID_REJECT,M4_THIN_ONLY_PASS,REJECT
BTC-USDT-SWAP-LONG-1774917842000-5,OKX_MARCH,BTC-USDT-SWAP,2026-03-31,1774920704000,2026-03-31T01:31:44+00:00,LONG,ACCUMULATION,RANGE,1.7803,1.504,0.4371789345976404,0.1225,1.586,1,,,1,1,1,1,1,1,4,OKX_MARCH_LONG_679,CLEAR,66814.526025,67845.95,67908.95,66550.77,68927.58,0,not_TREND_DOWN;not_SHORT;prior_60m_not_negative;buyer_absorption,HYBRID_REJECT,M4_THIN_ONLY_PASS,REJECT
BTC-USDT-SWAP-LONG-1774920704000-8,OKX_MARCH,BTC-USDT-SWAP,2026-03-31,1774921704000,2026-03-31T01:48:24+00:00,LONG,ACCUMULATION,RANGE,1.6887,1.1499,0.22422095230571357,0.1301,0.217,1,,,0,1,0,1,1,1,3,OKX_MARCH_LONG_680,CLEAR,67752.85,68387.95,68070.4,66708.99,69091.46,0,not_TREND_DOWN;not_SHORT;prior_60m_not_negative;buyer_absorption,HYBRID_REJECT,M4_THIN_ONLY_PASS,REJECT
BTC-USDT-SWAP-SHORT-1774920546000-7,OKX_MARCH,BTC-USDT-SWAP,2026-03-31,1774922015000,2026-03-31T01:53:35+00:00,SHORT,DISTRIBUTION,RANGE,1.9515,1.2442,0.20252765974602444,0.1377,0.496,1,,,1,1,1,1,1,1,4,OKX_MARCH_SHORT_668,CLEAR,67686.989575,68387.95,66833.35,65496.68,67835.85,0,not_TREND_DOWN;prior_60m_not_negative;buyer_absorption,HYBRID_REJECT,M4_THIN_ONLY_PASS,REJECT
BTC-USDT-SWAP-SHORT-1774922015000-9,OKX_MARCH,BTC-USDT-SWAP,2026-03-31,1774922237000,2026-03-31T01:57:17+00:00,SHORT,DISTRIBUTION,RANGE,2.0334,1.2975,0.015100800088953011,-0.0543,-0.485,1,,,0,0,0,0,0,1,1,OKX_MARCH_SHORT_676,CLEAR,67874.95,68039.55,67656.85,66303.71,68671.7,0,not_TREND_DOWN;prior_60m_not_negative,HYBRID_REJECT,M4_THIN_ONLY_PASS,REJECT
BTC-USDT-SWAP-SHORT-1774928879000-10,OKX_MARCH,BTC-USDT-SWAP,2026-03-31,1774931116000,2026-03-31T04:25:16+00:00,SHORT,DISTRIBUTION,RANGE,0.4952,-0.124,-0.021809557716450885,-0.1007,-0.141,1,,,0,1,0,0,0,1,1,OKX_MARCH_SHORT_675,CLEAR,67560.45,67840.85,67516.25,66165.93,68528.99,0,not_TREND_DOWN;buyer_absorption,HYBRID_REJECT,M4_THIN_ONLY_PASS,REJECT
BTC-USDT-SWAP-SHORT-1774933202000-11,OKX_MARCH,BTC-USDT-SWAP,2026-03-31,1774933716000,2026-03-31T05:08:36+00:00,SHORT,DISTRIBUTION,RANGE,-0.1345,-0.3251,0.1292831363524144,-0.0508,0.484,1,,,1,0,1,0,1,1,3,OKX_MARCH_SHORT_673,CLEAR,67423.95,67598.95,67387.35,66039.6,68398.16,0,not_TREND_DOWN,HYBRID_REJECT,M4_THIN_ONLY_PASS,REJECT
BTC-USDT-SWAP-SHORT-1774933245000-12,OKX_MARCH,BTC-USDT-SWAP,2026-03-31,1774933716000,2026-03-31T05:08:36+00:00,SHORT,DISTRIBUTION,RANGE,-0.1345,-0.3251,-0.15097240859013783,-0.0508,0.484,1,,,1,0,1,0,1,1,3,OKX_MARCH_SHORT_673,CLEAR,67423.95,67598.95,67390.05,66042.25,68400.9,0,not_TREND_DOWN,HYBRID_REJECT,M4_THIN_ONLY_PASS,REJECT
BTC-USDT-SWAP-SHORT-1774938806000-13,OKX_MARCH,BTC-USDT-SWAP,2026-03-31,1774939134000,2026-03-31T06:38:54+00:00,SHORT,DISTRIBUTION,RANGE,0.0912,-0.4346,0.06023756928613554,0.0765,3.539,1,,,1,0,1,1,1,1,4,OKX_MARCH_SHORT_672,CLEAR,67330.15,67434.55042500001,67275.05,65929.55,68284.18,0,not_TREND_DOWN,HYBRID_REJECT,M4_THIN_ONLY_PASS,REJECT
BTC-USDT-SWAP-SHORT-1774942358000-14,OKX_MARCH,BTC-USDT-SWAP,2026-03-31,1774943101000,2026-03-31T07:45:01+00:00,SHORT,DISTRIBUTION,RANGE,0.0235,-0.1461,0.006917779778761613,-0.1351,-0.265,1,,,0,1,0,0,0,1,1,OKX_MARCH_SHORT_671,CLEAR,67188.75,67349.95,67116.25,65773.93,68122.99,0,not_TREND_DOWN;buyer_absorption,HYBRID_REJECT,M4_THIN_ONLY_PASS,REJECT
BTC-USDT-SWAP-SHORT-1774943101000-15,OKX_MARCH,BTC-USDT-SWAP,2026-03-31,1774943444000,2026-03-31T07:50:44+00:00,SHORT,DISTRIBUTION,RANGE,-0.0735,-0.1674,0.09448666311831377,-0.2028,0.299,1,,,1,1,1,0,1,1,3,OKX_MARCH_SHORT_672,CLEAR,67268.099125,67414.95,67214.85,65870.55,68223.07,0,not_TREND_DOWN;buyer_absorption,HYBRID_REJECT,M4_THIN_ONLY_PASS,REJECT
BTC-USDT-SWAP-SHORT-1774946279000-16,OKX_MARCH,BTC-USDT-SWAP,2026-03-31,1774947138000,2026-03-31T08:52:18+00:00,SHORT,DISTRIBUTION,RANGE,-1.4671,-0.7356,0.2893254562496233,0.305,1.3,1,,,1,1,1,1,1,1,4,OKX_MARCH_SHORT_666,CLEAR,66660.05,67183.524975,66625.05,65292.55,67624.43,0,not_TREND_DOWN;buyer_absorption,HYBRID_REJECT,M4_THIN_ONLY_PASS,REJECT
BTC-USDT-SWAP-SHORT-1774946349000-17,OKX_MARCH,BTC-USDT-SWAP,2026-03-31,1774947138000,2026-03-31T08:52:18+00:00,SHORT,DISTRIBUTION,RANGE,-1.4671,-0.7356,-0.10657305242173973,0.305,1.3,1,,,1,0,1,1,1,1,4,OKX_MARCH_SHORT_666,CLEAR,66660.05,67121.594025,66625.05,65292.55,67624.43,0,not_TREND_DOWN,HYBRID_REJECT,M4_THIN_ONLY_PASS,REJECT
BTC-USDT-SWAP-SHORT-1774947138000-18,OKX_MARCH,BTC-USDT-SWAP,2026-03-31,1774948089000,2026-03-31T09:08:09+00:00,SHORT,DISTRIBUTION,RANGE,-1.2913,-0.9907,-0.29457816328734443,0.1542,1.208,1,,,1,0,1,1,1,1,4,OKX_MARCH_SHORT_666,CLEAR,66672.95,66902.35,66638.75,65305.97,67638.33,0,not_TREND_DOWN,HYBRID_REJECT,M4_THIN_ONLY_PASS,REJECT
BTC-USDT-SWAP-SHORT-1774948614000-19,OKX_MARCH,BTC-USDT-SWAP,2026-03-31,1774949492000,2026-03-31T09:31:32+00:00,SHORT,DISTRIBUTION,RANGE,-1.5629,-1.229,-0.10579445019946675,0.097,2.282,1,,,1,0,1,1,1,1,4,OKX_MARCH_SHORT_661,CLEAR,66318.35,66647.156925,66143.75,64820.88,67135.91,0,not_TREND_DOWN,HYBRID_REJECT,M4_THIN_ONLY_PASS,REJECT
BTC-USDT-SWAP-SHORT-1774948669000-20,OKX_MARCH,BTC-USDT-SWAP,2026-03-31,1774949492000,2026-03-31T09:31:32+00:00,SHORT,DISTRIBUTION,RANGE,-1.5629,-1.229,-0.10874767434400451,0.097,2.282,1,,,1,0,1,1,1,1,4,OKX_MARCH_SHORT_661,CLEAR,66318.35,66589.42807499999,66143.75,64820.88,67135.91,0,not_TREND_DOWN,HYBRID_REJECT,M4_THIN_ONLY_PASS,REJECT
BTC-USDT-SWAP-LONG-1774948954000-21,OKX_MARCH,BTC-USDT-SWAP,2026-03-31,1774950763000,2026-03-31T09:52:43+00:00,LONG,ACCUMULATION,RANGE,-1.7401,-0.7721,-0.09704736993326138,-0.0901,-0.009,1,,,0,0,0,0,0,1,1,OKX_MARCH_LONG_664,CLEAR,66317.55,66587.15,66452.35,65123.3,67449.14,0,not_TREND_DOWN;not_SHORT,HYBRID_REJECT,M4_THIN_ONLY_PASS,REJECT
BTC-USDT-SWAP-SHORT-1774951968000-23,OKX_MARCH,BTC-USDT-SWAP,2026-03-31,1774952386000,2026-03-31T10:19:46+00:00,SHORT,DISTRIBUTION,RANGE,-1.6288,-0.2881,0.0026456865611887473,-0.2773,-0.0,1,,,0,1,0,0,0,1,1,OKX_MARCH_SHORT_662,CLEAR,66249.70857500001,66432.85,66209.45,64885.26,67202.59,0,not_TREND_DOWN;buyer_absorption,HYBRID_REJECT,M4_THIN_ONLY_PASS,REJECT
BTC-USDT-SWAP-LONG-1774950763000-22,OKX_MARCH,BTC-USDT-SWAP,2026-03-31,1774952575000,2026-03-31T10:22:55+00:00,LONG,ACCUMULATION,RANGE,-1.539,-0.1787,5.198670922218365e-06,0.1403,-0.222,1,,,1,0,1,1,0,1,3,OKX_MARCH_LONG_665,CLEAR,65949.65,66432.85,66516.95,65186.61,67514.7,0,not_TREND_DOWN;not_SHORT,HYBRID_REJECT,M4_THIN_ONLY_PASS,REJECT
BTC-USDT-SWAP-LONG-1774977794000-24,OKX_MARCH,BTC-USDT-SWAP,2026-03-31,1774978343000,2026-03-31T17:32:23+00:00,LONG,ACCUMULATION,RANGE,1.9608,1.4972,-0.032388381973950546,-0.0527,1.866,1,,,0,0,0,0,1,1,2,OKX_MARCH_LONG_681,CLEAR,67901.95,68378.45,68140.2,66777.4,69162.3,0,not_TREND_DOWN;not_SHORT;prior_60m_not_negative,HYBRID_REJECT,M4_THIN_ONLY_PASS,REJECT
BTC-USDT-SWAP-LONG-1774983035000-25,OKX_MARCH,BTC-USDT-SWAP,2026-03-31,1774983259000,2026-03-31T18:54:19+00:00,LONG,ACCUMULATION,RANGE,1.8731,0.4059,0.26151940461759127,-0.0535,-0.211,1,,,0,1,0,0,0,1,1,OKX_MARCH_LONG_679,CLEAR,67745.55,67898.282175,67987.45,66627.7,69007.26,0,not_TREND_DOWN;not_SHORT;prior_60m_not_negative;buyer_absorption,HYBRID_REJECT,M4_THIN_ONLY_PASS,REJECT
BTC-USDT-SWAP-LONG-1774984071000-26,OKX_MARCH,BTC-USDT-SWAP,2026-03-31,1774984393000,2026-03-31T19:13:13+00:00,LONG,ACCUMULATION,RANGE,2.4193,0.3373,0.4334584005126069,-0.0287,0.177,1,,,1,1,1,0,1,1,3,OKX_MARCH_LONG_680,CLEAR,67812.15,67989.65,68030.05,66669.45,69050.5,0,not_TREND_DOWN;not_SHORT;prior_60m_not_negative;buyer_absorption,HYBRID_REJECT,M4_THIN_ONLY_PASS,REJECT
BTC-USDT-SWAP-LONG-1774988188000-27,OKX_MARCH,BTC-USDT-SWAP,2026-03-31,1774988817000,2026-03-31T20:26:57+00:00,LONG,ACCUMULATION,RANGE,1.9777,0.1621,-0.22003626567138612,-0.1802,0.055,1,,,0,1,0,0,1,1,2,OKX_MARCH_LONG_681,CLEAR,67904.75,68110.288125,68147.15,66784.21,69169.36,0,not_TREND_DOWN;not_SHORT;prior_60m_not_negative;buyer_absorption,HYBRID_REJECT,M4_THIN_ONLY_PASS,REJECT
BTC-USDT-SWAP-LONG-1774990827000-28,OKX_MARCH,BTC-USDT-SWAP,2026-03-31,1774991205000,2026-03-31T21:06:45+00:00,LONG,ACCUMULATION,RANGE,2.2649,0.1499,-0.2799367827982014,-0.0732,0.681,1,,,0,0,0,0,1,1,2,OKX_MARCH_LONG_683,CLEAR,67980.15,68217.341625,68323.05,66956.59,69347.9,0,not_TREND_DOWN;not_SHORT;prior_60m_not_negative,HYBRID_REJECT,M4_THIN_ONLY_PASS,REJECT
BTC-USDT-SWAP-SHORT-1779408570000-2,OKX_MAY,BTC-USDT-SWAP,2026-05-22,1779409067000,2026-05-22T00:17:47+00:00,SHORT,DISTRIBUTION,RANGE,0.3028,-0.1502,-0.3711946944904984,-0.0771,-0.175,1,0.0954,73,0,0,0,0,0,0,0,OKX_MAY_SHORT_773,CLEAR,77365.95,77546.804025,77314.45,75768.16,78474.17,0,not_TREND_DOWN,HYBRID_REJECT,M4_THIN_ONLY_REJECT,REJECT
BTC-USDT-SWAP-LONG-1779408364000-1,OKX_MAY,BTC-USDT-SWAP,2026-05-22,1779409908000,2026-05-22T00:31:48+00:00,LONG,ACCUMULATION,RANGE,0.3366,-0.1515,-0.05940980764330244,0.3147,-0.198,1,0.0951,67,1,0,1,1,0,0,2,OKX_MAY_LONG_776,CLEAR,77365.95,77558.70997499999,77652.25,76099.21,78817.03,0,not_TREND_DOWN;not_SHORT,HYBRID_REJECT,M4_THIN_ONLY_REJECT,REJECT
BTC-USDT-SWAP-SHORT-1779411930000-3,OKX_MAY,BTC-USDT-SWAP,2026-05-22,1779412713000,2026-05-22T01:18:33+00:00,SHORT,DISTRIBUTION,RANGE,0.2423,-0.0253,-0.06271025801990764,-0.3502,-0.475,1,0.0986,66,0,1,0,0,0,0,0,OKX_MAY_SHORT_772,CLEAR,77280.590375,77497.65,77230.85,75686.23,78389.31,0,not_TREND_DOWN;buyer_absorption,HYBRID_REJECT,M4_THIN_ONLY_REJECT,REJECT
BTC-USDT-SWAP-LONG-1779415195000-4,OKX_MAY,BTC-USDT-SWAP,2026-05-22,1779415636000,2026-05-22T02:07:16+00:00,LONG,ACCUMULATION,RANGE,0.5616,0.401,0.11381598489103649,0.1806,4.784,1,0.0968,57,1,0,1,1,1,0,3,OKX_MAY_LONG_777,CLEAR,77540.260475,77676.65,77725.35,76170.84,78891.23,0,not_TREND_DOWN;not_SHORT;prior_60m_not_negative,HYBRID_REJECT,M4_THIN_ONLY_REJECT,REJECT
BTC-USDT-SWAP-LONG-1779416443000-6,OKX_MAY,BTC-USDT-SWAP,2026-05-22,1779416946000,2026-05-22T02:29:06+00:00,LONG,ACCUMULATION,RANGE,0.521,0.2362,0.19784957599496028,-0.2003,-0.618,1,0.0961,63,0,1,0,0,0,0,0,OKX_MAY_LONG_778,CLEAR,77575.05,77738.69992500001,77813.65,76257.38,78980.85,0,not_TREND_DOWN;not_SHORT;prior_60m_not_negative;buyer_absorption,HYBRID_REJECT,M4_THIN_ONLY_REJECT,REJECT
BTC-USDT-SWAP-SHORT-1779415546000-5,OKX_MAY,BTC-USDT-SWAP,2026-05-22,1779417222000,2026-05-22T02:33:42+00:00,SHORT,DISTRIBUTION,RANGE,0.5094,0.2872,-0.259134577425258,0.0391,-0.317,1,0.0961,60,1,0,1,1,0,0,2,OKX_MAY_SHORT_774,CLEAR,77574.84317499999,77699.95,77444.35,75895.46,78606.02,0,not_TREND_DOWN;prior_60m_not_negative,HYBRID_REJECT,M4_THIN_ONLY_REJECT,REJECT
BTC-USDT-SWAP-SHORT-1779421196000-8,OKX_MAY,BTC-USDT-SWAP,2026-05-22,1779421417000,2026-05-22T03:43:37+00:00,SHORT,DISTRIBUTION,RANGE,0.676,0.1785,-0.1585771887369443,-0.0936,0.224,1,0.0963,80,1,0,1,0,1,0,2,OKX_MAY_SHORT_776,CLEAR,77717.271925,77795.028075,77672.35,76118.9,78837.44,0,not_TREND_DOWN;prior_60m_not_negative,HYBRID_REJECT,M4_THIN_ONLY_REJECT,REJECT
BTC-USDT-SWAP-LONG-1779420889000-7,OKX_MAY,BTC-USDT-SWAP,2026-05-22,1779421704000,2026-05-22T03:48:24+00:00,LONG,ACCUMULATION,RANGE,0.6779,0.214,-0.0380223659423884,0.0224,0.2,1,0.0933,79,0,0,0,1,1,0,2,OKX_MAY_LONG_777,CLEAR,77727.55,77808.83497499999,77768.19,76212.83,78934.72,0,not_TREND_DOWN;not_SHORT;prior_60m_not_negative,HYBRID_REJECT,M4_THIN_ONLY_REJECT,REJECT
BTC-USDT-SWAP-SHORT-1779423246000-9,OKX_MAY,BTC-USDT-SWAP,2026-05-22,1779423797000,2026-05-22T04:23:17+00:00,SHORT,DISTRIBUTION,RANGE,0.7293,0.0875,0.0467823170636827,-0.0329,0.033,1,0.0972,71,1,0,1,0,1,0,2,OKX_MAY_SHORT_774,CLEAR,77766.15,77872.967025,77426.65,75878.12,78588.05,0,not_TREND_DOWN;prior_60m_not_negative,HYBRID_REJECT,M4_THIN_ONLY_REJECT,REJECT
BTC-USDT-SWAP-LONG-1779433591000-10,OKX_MAY,BTC-USDT-SWAP,2026-05-22,1779434088000,2026-05-22T07:14:48+00:00,LONG,ACCUMULATION,RANGE,0.1638,-0.1378,0.01644475386534341,-0.3184,8.023,1,0.0917,92,1,1,1,0,1,0,2,OKX_MAY_LONG_773,CLEAR,77253.95,77369.45,77311.7,75765.47,78471.38,0,not_TREND_DOWN;not_SHORT;buyer_absorption,HYBRID_REJECT,M4_THIN_ONLY_REJECT,REJECT
BTC-USDT-SWAP-SHORT-1779439235000-11,OKX_MAY,BTC-USDT-SWAP,2026-05-22,1779440266000,2026-05-22T08:57:46+00:00,SHORT,DISTRIBUTION,RANGE,0.0861,-0.1256,0.0721364348362575,0.1359,-0.462,1,0.0959,72,0,0,0,1,0,0,1,OKX_MAY_SHORT_771,CLEAR,77219.620875,77325.55,77117.55,75575.2,78274.31,0,not_TREND_DOWN,HYBRID_REJECT,M4_THIN_ONLY_REJECT,REJECT
BTC-USDT-SWAP-SHORT-1779441426000-13,OKX_MAY,BTC-USDT-SWAP,2026-05-22,1779441866000,2026-05-22T09:24:26+00:00,SHORT,DISTRIBUTION,RANGE,0.037,-0.2859,-0.1684847936343971,-0.1118,-0.552,1,0.0924,98,0,1,0,0,0,0,0,OKX_MAY_SHORT_771,CLEAR,77161.449975,77282.25,77117.55,75575.2,78274.31,0,not_TREND_DOWN;buyer_absorption,HYBRID_REJECT,M4_THIN_ONLY_REJECT,REJECT
BTC-USDT-SWAP-LONG-1779448856000-14,OKX_MAY,BTC-USDT-SWAP,2026-05-22,1779449036000,2026-05-22T11:23:56+00:00,LONG,ACCUMULATION,RANGE,-0.0047,-0.0771,0.33073262698668326,-0.5418,1.291,1,0.0957,65,1,1,1,0,1,0,2,OKX_MAY_LONG_774,CLEAR,77178.041675,77255.25832499999,77491.35,75941.52,78653.72,0,not_TREND_DOWN;not_SHORT;buyer_absorption,HYBRID_REJECT,M4_THIN_ONLY_REJECT,REJECT
BTC-USDT-SWAP-SHORT-1779457879000-15,OKX_MAY,BTC-USDT-SWAP,2026-05-22,1779458081000,2026-05-22T13:54:41+00:00,SHORT,DISTRIBUTION,RANGE,-0.0548,-0.4018,0.09483933251292848,-0.0594,-0.147,1,0.0944,87,0,0,0,0,0,0,0,OKX_MAY_SHORT_770,CLEAR,77089.885775,77223.45,77044.75,75503.85,78200.42,0,not_TREND_DOWN,HYBRID_REJECT,M4_THIN_ONLY_REJECT,REJECT
BTC-USDT-SWAP-SHORT-1779459081000-16,OKX_MAY,BTC-USDT-SWAP,2026-05-22,1779459355000,2026-05-22T14:15:55+00:00,SHORT,DISTRIBUTION,RANGE,-0.2332,-0.5635,-0.07631491305012808,0.1191,-0.0,1,0.0941,73,1,0,1,1,0,0,2,OKX_MAY_SHORT_768,CLEAR,76987.337075,77107.75,76827.65,75291.1,77980.06,0,not_TREND_DOWN,HYBRID_REJECT,M4_THIN_ONLY_REJECT,REJECT
BTC-USDT-SWAP-SHORT-1779459495000-17,OKX_MAY,BTC-USDT-SWAP,2026-05-22,1779460217000,2026-05-22T14:30:17+00:00,SHORT,DISTRIBUTION,RANGE,-0.5743,-0.5601,-0.06091153720387097,0.0305,-0.0,1,0.0945,69,1,0,1,1,0,0,2,OKX_MAY_SHORT_766,CLEAR,76738.05,77001.83167500001,76686.55,75152.82,77836.85,0,not_TREND_DOWN,HYBRID_REJECT,M4_THIN_ONLY_REJECT,REJECT
BTC-USDT-SWAP-SHORT-1779459508000-18,OKX_MAY,BTC-USDT-SWAP,2026-05-22,1779460217000,2026-05-22T14:30:17+00:00,SHORT,DISTRIBUTION,RANGE,-0.5743,-0.5601,0.034061099450801255,0.0305,-0.0,1,0.0945,69,1,0,1,1,0,0,2,OKX_MAY_SHORT_766,CLEAR,76738.05,76944.55,76677.05,75143.51,77827.21,0,not_TREND_DOWN,HYBRID_REJECT,M4_THIN_ONLY_REJECT,REJECT
BTC-USDT-SWAP-SHORT-1779460217000-19,OKX_MAY,BTC-USDT-SWAP,2026-05-22,1779460440000,2026-05-22T14:34:00+00:00,SHORT,DISTRIBUTION,RANGE,-0.5409,-0.3657,-0.1453176095883288,-0.0377,-0.0,1,0.0921,82,0,0,0,0,0,0,0,OKX_MAY_SHORT_766,CLEAR,76741.659975,76828.75,76677.05,75143.51,77827.21,0,not_TREND_DOWN,HYBRID_REJECT,M4_THIN_ONLY_REJECT,REJECT
BTC-USDT-SWAP-LONG-1779460984000-20,OKX_MAY,BTC-USDT-SWAP,2026-05-22,1779461709000,2026-05-22T14:55:09+00:00,LONG,ACCUMULATION,RANGE,-0.594,-0.5949,0.005699012921710645,-0.0077,0.0,1,0.0935,75,0,0,0,0,0,0,0,OKX_MAY_LONG_768,CLEAR,76726.15,76824.25,76875.45,75337.94,78028.58,0,not_TREND_DOWN;not_SHORT,HYBRID_REJECT,M4_THIN_ONLY_REJECT,REJECT
BTC-USDT-SWAP-SHORT-1779464926000-22,OKX_MAY,BTC-USDT-SWAP,2026-05-22,1779465448000,2026-05-22T15:57:28+00:00,SHORT,DISTRIBUTION,RANGE,-0.5939,-0.0195,-0.10900789396854686,-0.2861,-0.0,1,0.09,78,0,1,0,0,0,0,0,OKX_MAY_SHORT_761,CLEAR,75330.25,77059.35,76194.8,74670.9,77337.72,0,not_TREND_DOWN;buyer_absorption,HYBRID_REJECT,M4_THIN_ONLY_REJECT,REJECT
BTC-USDT-SWAP-LONG-1779464654000-21,OKX_MAY,BTC-USDT-SWAP,2026-05-22,1779465865000,2026-05-22T16:04:25+00:00,LONG,ACCUMULATION,RANGE,-0.4801,0.0805,0.10817162451390162,0.3408,0.0,1,0.0975,69,1,0,1,1,0,0,2,OKX_MAY_LONG_767,CLEAR,76632.15,76861.95,76747.05,75212.11,77898.26,0,not_TREND_DOWN;not_SHORT;prior_60m_not_negative,HYBRID_REJECT,M4_THIN_ONLY_REJECT,REJECT
BTC-USDT-SWAP-SHORT-1779494401000-1,OKX_MAY,BTC-USDT-SWAP,2026-05-23,1779494813000,2026-05-23T00:06:53+00:00,SHORT,DISTRIBUTION,TREND_DOWN,-2.6009,-0.3475,-0.17555786113705657,-0.2231,-0.618,1,0.1021,46,1,1,1,0,0,0,1,OKX_MAY_SHORT_754,CLEAR,75463.35,75599.95,75425.05,73916.55,76556.43,0,buyer_absorption,HYBRID_REJECT,M4_THIN_ONLY_REJECT,REJECT
BTC-USDT-SWAP-SHORT-1779494481000-2,OKX_MAY,BTC-USDT-SWAP,2026-05-23,1779494813000,2026-05-23T00:06:53+00:00,SHORT,DISTRIBUTION,TREND_DOWN,-2.6009,-0.3475,-0.2815896568139553,-0.2231,-0.618,1,0.1021,46,1,1,1,0,0,0,1,OKX_MAY_SHORT_753,CLEAR,75425.618325,75599.95,75380.05,73872.45,76510.75,0,buyer_absorption,HYBRID_REJECT,M4_THIN_ONLY_REJECT,REJECT
BTC-USDT-SWAP-LONG-1779495107000-3,OKX_MAY,BTC-USDT-SWAP,2026-05-23,1779495574000,2026-05-23T00:19:34+00:00,LONG,ACCUMULATION,TREND_DOWN,-2.6354,-0.4179,-0.13561488835429347,-0.1199,0.352,1,0.0944,71,0,1,0,0,1,0,1,OKX_MAY_LONG_754,CLEAR,75376.55,75572.31727500001,75474.43,73964.94,76606.55,0,not_SHORT;buyer_absorption,HYBRID_REJECT,M4_THIN_ONLY_REJECT,REJECT
BTC-USDT-SWAP-LONG-1779495574000-4,OKX_MAY,BTC-USDT-SWAP,2026-05-23,1779495829000,2026-05-23T00:23:49+00:00,LONG,ACCUMULATION,TREND_DOWN,-2.6165,-0.3529,-0.11584155264705268,-0.1648,-0.454,1,0.0962,64,1,1,1,0,0,0,1,OKX_MAY_LONG_754,CLEAR,75355.95317499999,75447.85,75401.9,73893.86,76532.93,0,not_SHORT;buyer_absorption,HYBRID_REJECT,M4_THIN_ONLY_REJECT,REJECT
BTC-USDT-SWAP-SHORT-1779496099000-5,OKX_MAY,BTC-USDT-SWAP,2026-05-23,1779496353000,2026-05-23T00:32:33+00:00,SHORT,DISTRIBUTION,TREND_DOWN,-2.7228,-0.3582,-0.23428886853587524,0.2008,0.661,1,0.0984,44,1,0,1,1,1,0,3,OKX_MAY_SHORT_752,CLEAR,75362.349975,75468.45,75276.15,73770.63,76405.29,1,,HYBRID_PASS,M4_THIN_ONLY_REJECT,ACCEPT
BTC-USDT-SWAP-LONG-1779496998000-6,OKX_MAY,BTC-USDT-SWAP,2026-05-23,1779497781000,2026-05-23T00:56:21+00:00,LONG,ACCUMULATION,TREND_DOWN,-2.5984,-0.2446,-0.0033926293005725238,0.0867,2.578,1,0.0923,82,1,0,1,1,1,0,3,OKX_MAY_LONG_752,CLEAR,75199.831275,75384.95,75292.39,73786.54,76421.78,0,not_SHORT,HYBRID_REJECT,M4_THIN_ONLY_REJECT,REJECT
BTC-USDT-SWAP-SHORT-1779497203000-7,OKX_MAY,BTC-USDT-SWAP,2026-05-23,1779498005000,2026-05-23T01:00:05+00:00,SHORT,DISTRIBUTION,TREND_DOWN,-2.5721,-0.2472,-0.02884336824497868,-0.1328,0.289,1,0.0946,73,0,1,0,0,1,0,1,OKX_MAY_SHORT_751,CLEAR,75239.01167499999,75384.95,75185.75,73682.04,76313.54,0,buyer_absorption,HYBRID_REJECT,M4_THIN_ONLY_REJECT,REJECT
BTC-USDT-SWAP-LONG-1779507581000-8,OKX_MAY,BTC-USDT-SWAP,2026-05-23,1779507761000,2026-05-23T03:42:41+00:00,LONG,ACCUMULATION,TREND_DOWN,-2.7378,0.1912,0.19962590963172047,0.187,0.355,1,0.0963,68,1,0,1,1,1,0,3,OKX_MAY_LONG_756,CLEAR,75579.941125,75655.558875,75617.75,74105.4,76752.02,0,not_SHORT;prior_60m_not_negative,HYBRID_REJECT,M4_THIN_ONLY_REJECT,REJECT
BTC-USDT-SWAP-SHORT-1779507906000-9,OKX_MAY,BTC-USDT-SWAP,2026-05-23,1779508566000,2026-05-23T03:56:06+00:00,SHORT,DISTRIBUTION,TREND_DOWN,-2.7282,0.1058,0.0286771725346592,0.0444,-0.245,1,0.0937,84,1,0,1,1,0,0,2,OKX_MAY_SHORT_755,CLEAR,75582.439875,75658.060125,75541.05,74030.23,76674.17,0,prior_60m_not_negative,HYBRID_REJECT,M4_THIN_ONLY_REJECT,REJECT
BTC-USDT-SWAP-SHORT-1779522337000-10,OKX_MAY,BTC-USDT-SWAP,2026-05-23,1779522996000,2026-05-23T07:56:36+00:00,SHORT,DISTRIBUTION,TREND_DOWN,-3.7023,-1.1198,0.006443065886961764,0.2175,2.023,1,0.0917,78,1,0,1,1,1,0,3,OKX_MAY_SHORT_747,CLEAR,74240.2,75255.859125,74748.03,73253.07,75869.25,1,,HYBRID_PASS,M4_THIN_ONLY_REJECT,ACCEPT
BTC-USDT-SWAP-LONG-1779528501000-12,OKX_MAY,BTC-USDT-SWAP,2026-05-23,1779528917000,2026-05-23T09:35:17+00:00,LONG,ACCUMULATION,TREND_DOWN,-3.2643,0.2407,0.26640921878636525,-0.0187,3.988,1,0.0907,84,1,1,1,0,1,0,2,OKX_MAY_LONG_747,CLEAR,74617.722475,74692.377525,74731.35,73236.72,75852.32,0,not_SHORT;prior_60m_not_negative;buyer_absorption,HYBRID_REJECT,M4_THIN_ONLY_REJECT,REJECT
BTC-USDT-SWAP-LONG-1779532902000-13,OKX_MAY,BTC-USDT-SWAP,2026-05-23,1779533094000,2026-05-23T10:44:54+00:00,LONG,ACCUMULATION,TREND_DOWN,-3.3162,0.0514,0.1558010510917259,0.1139,-0.016,1,0.0935,82,1,0,1,1,0,0,2,OKX_MAY_LONG_748,CLEAR,74686.088275,74760.81172499999,74827.85,73331.29,75950.27,0,not_SHORT;prior_60m_not_negative,HYBRID_REJECT,M4_THIN_ONLY_REJECT,REJECT
BTC-USDT-SWAP-LONG-1779537311000-14,OKX_MAY,BTC-USDT-SWAP,2026-05-23,1779537491000,2026-05-23T11:58:11+00:00,LONG,ACCUMULATION,TREND_DOWN,-3.368,0.1048,0.31743406733154805,-0.2567,0.254,1,0.0899,89,0,1,0,0,1,0,1,OKX_MAY_LONG_748,CLEAR,74745.558525,74820.341475,74865.95,73368.63,75988.94,0,not_SHORT;prior_60m_not_negative;buyer_absorption,HYBRID_REJECT,M4_THIN_ONLY_REJECT,REJECT
BTC-USDT-SWAP-LONG-1779542109000-15,OKX_MAY,BTC-USDT-SWAP,2026-05-23,1779542923000,2026-05-23T13:28:43+00:00,LONG,ACCUMULATION,TREND_DOWN,-3.0683,0.3274,0.23263307991234963,-0.1293,-0.808,1,0.092,78,0,1,0,0,0,0,0,OKX_MAY_LONG_750,CLEAR,74892.485025,74999.85,75043.35,73542.48,76169.0,0,not_SHORT;prior_60m_not_negative;buyer_absorption,HYBRID_REJECT,M4_THIN_ONLY_REJECT,REJECT
BTC-USDT-SWAP-LONG-1779544826000-16,OKX_MAY,BTC-USDT-SWAP,2026-05-23,1779545220000,2026-05-23T14:07:00+00:00,LONG,ACCUMULATION,RANGE,-2.3757,0.3362,-0.21604896233370421,0.1998,0.022,1,0.0916,71,1,0,1,1,1,0,3,OKX_MAY_LONG_754,CLEAR,75064.65,75201.632025,75409.2,73901.02,76540.34,0,not_TREND_DOWN;not_SHORT;prior_60m_not_negative,HYBRID_REJECT,M4_THIN_ONLY_REJECT,REJECT
BTC-USDT-SWAP-LONG-1779546968000-17,OKX_MAY,BTC-USDT-SWAP,2026-05-23,1779547598000,2026-05-23T14:46:38+00:00,LONG,ACCUMULATION,RANGE,-1.7853,0.6459,-0.34592071601409324,0.1336,3.732,1,0.0917,83,1,0,1,1,1,0,3,OKX_MAY_LONG_756,CLEAR,75267.997175,75483.65,75649.95,74136.95,76784.7,0,not_TREND_DOWN;not_SHORT;prior_60m_not_negative,HYBRID_REJECT,M4_THIN_ONLY_REJECT,REJECT
BTC-USDT-SWAP-LONG-1779548601000-18,OKX_MAY,BTC-USDT-SWAP,2026-05-23,1779549190000,2026-05-23T15:13:10+00:00,LONG,ACCUMULATION,RANGE,-1.5525,0.5321,0.4098657015138939,-0.1276,7.294,1,0.0928,72,0,1,0,0,1,0,1,OKX_MAY_LONG_763,CLEAR,75339.95,77378.55,76359.25,74832.07,77504.64,0,not_TREND_DOWN;not_SHORT;prior_60m_not_negative;buyer_absorption,HYBRID_REJECT,M4_THIN_ONLY_REJECT,REJECT
BTC-USDT-SWAP-LONG-1779549554000-19,OKX_MAY,BTC-USDT-SWAP,2026-05-23,1779549734000,2026-05-23T15:22:14+00:00,LONG,ACCUMULATION,RANGE,-1.5511,0.4503,0.22991424493662732,-0.12,-2.388,1,0.0913,100,0,1,0,0,0,0,0,OKX_MAY_LONG_763,CLEAR,75339.95,77378.55,76359.25,74832.07,77504.64,0,not_TREND_DOWN;not_SHORT;prior_60m_not_negative;buyer_absorption,HYBRID_REJECT,M4_THIN_ONLY_REJECT,REJECT
BTC-USDT-SWAP-LONG-1779581256000-2,OKX_MAY,BTC-USDT-SWAP,2026-05-24,1779581471000,2026-05-24T00:11:11+00:00,LONG,ACCUMULATION,RANGE,1.486,-0.1069,0.14680685227991067,-0.1481,-0.029,1,0.0938,73,0,1,0,0,0,0,0,OKX_MAY_LONG_768,CLEAR,76612.85,76702.382025,76874.65,75337.16,78027.77,0,not_TREND_DOWN;not_SHORT;buyer_absorption,HYBRID_REJECT,M4_THIN_ONLY_REJECT,REJECT
BTC-USDT-SWAP-SHORT-1779580801000-1,OKX_MAY,BTC-USDT-SWAP,2026-05-24,1779581938000,2026-05-24T00:18:58+00:00,SHORT,DISTRIBUTION,RANGE,1.5887,-0.0759,-0.1690903576735188,-0.0248,0.459,1,0.0959,63,1,0,1,0,1,0,2,OKX_MAY_SHORT_766,CLEAR,76612.85,76756.05,76684.45,75150.76,77834.72,0,not_TREND_DOWN,HYBRID_REJECT,M4_THIN_ONLY_REJECT,REJECT
BTC-USDT-SWAP-SHORT-1779581938000-3,OKX_MAY,BTC-USDT-SWAP,2026-05-24,1779582979000,2026-05-24T00:36:19+00:00,SHORT,DISTRIBUTION,RANGE,1.9045,0.102,-0.08341715336162957,0.1187,1.14,1,0.0921,93,0,0,0,1,1,0,2,OKX_MAY_SHORT_766,CLEAR,76588.75,76749.95,76669.35,75135.96,77819.39,0,not_TREND_DOWN;prior_60m_not_negative,HYBRID_REJECT,M4_THIN_ONLY_REJECT,REJECT
BTC-USDT-SWAP-SHORT-1779583950000-4,OKX_MAY,BTC-USDT-SWAP,2026-05-24,1779584130000,2026-05-24T00:55:30+00:00,SHORT,DISTRIBUTION,RANGE,1.8844,0.074,-0.04343609035658906,-0.1084,1.566,1,0.0958,68,0,1,0,0,1,0,1,OKX_MAY_SHORT_767,CLEAR,76739.061275,76815.838725,76777.45,75241.9,77929.11,0,not_TREND_DOWN;prior_60m_not_negative;buyer_absorption,HYBRID_REJECT,M4_THIN_ONLY_REJECT,REJECT
BTC-USDT-SWAP-LONG-1779584281000-5,OKX_MAY,BTC-USDT-SWAP,2026-05-24,1779584461000,2026-05-24T01:01:01+00:00,LONG,ACCUMULATION,RANGE,1.8972,0.1024,0.10847922955420632,0.084,5.276,1,0.0985,50,1,0,1,1,1,0,3,OKX_MAY_LONG_769,CLEAR,76768.046775,76844.853225,76955.55,75416.44,78109.88,0,not_TREND_DOWN;not_SHORT;prior_60m_not_negative,HYBRID_REJECT,M4_THIN_ONLY_REJECT,REJECT
BTC-USDT-SWAP-LONG-1779585058000-6,OKX_MAY,BTC-USDT-SWAP,2026-05-24,1779585264000,2026-05-24T01:14:24+00:00,LONG,ACCUMULATION,RANGE,1.8068,0.1203,-0.048873608106780854,-0.1852,1.145,1,0.0906,89,0,1,0,0,1,0,1,OKX_MAY_LONG_768,CLEAR,76705.378125,76796.65,76880.75,75343.13,78033.96,0,not_TREND_DOWN;not_SHORT;prior_60m_not_negative;buyer_absorption,HYBRID_REJECT,M4_THIN_ONLY_REJECT,REJECT
BTC-USDT-SWAP-SHORT-1779586063000-7,OKX_MAY,BTC-USDT-SWAP,2026-05-24,1779586327000,2026-05-24T01:32:07+00:00,SHORT,DISTRIBUTION,RANGE,1.8474,0.1367,0.022367320508323622,-0.3543,1.945,1,0.0955,59,0,1,0,0,1,0,1,OKX_MAY_SHORT_767,CLEAR,76796.932325,76874.75,76726.05,75191.53,77876.94,0,not_TREND_DOWN;prior_60m_not_negative;buyer_absorption,HYBRID_REJECT,M4_THIN_ONLY_REJECT,REJECT
BTC-USDT-SWAP-LONG-1779588023000-8,OKX_MAY,BTC-USDT-SWAP,2026-05-24,1779588957000,2026-05-24T02:15:57+00:00,LONG,ACCUMULATION,RANGE,1.8285,0.157,0.11587529949556492,0.121,0.082,1,0.0953,55,1,0,1,1,1,0,3,OKX_MAY_LONG_769,CLEAR,76802.75,76903.482525,76955.55,75416.44,78109.88,0,not_TREND_DOWN;not_SHORT;prior_60m_not_negative,HYBRID_REJECT,M4_THIN_ONLY_REJECT,REJECT
BTC-USDT-SWAP-SHORT-1779592392000-9,OKX_MAY,BTC-USDT-SWAP,2026-05-24,1779592572000,2026-05-24T03:16:12+00:00,SHORT,DISTRIBUTION,RANGE,1.6858,-0.0388,-0.004883118962671041,-0.3736,10.361,1,0.0968,53,1,1,1,0,1,0,2,OKX_MAY_SHORT_768,CLEAR,76835.95,76959.210375,76897.58,75359.63,78051.04,0,not_TREND_DOWN;buyer_absorption,HYBRID_REJECT,M4_THIN_ONLY_REJECT,REJECT
BTC-USDT-SWAP-LONG-1779605778000-10,OKX_MAY,BTC-USDT-SWAP,2026-05-24,1779606014000,2026-05-24T07:00:14+00:00,LONG,ACCUMULATION,RANGE,2.1072,0.2494,-0.32786832739643307,0.1555,-0.388,1,0.0968,64,0,0,0,1,0,0,1,OKX_MAY_LONG_772,CLEAR,76939.35,77020.040775,77287.95,75742.19,78447.27,0,not_TREND_DOWN;not_SHORT;prior_60m_not_negative,HYBRID_REJECT,M4_THIN_ONLY_REJECT,REJECT
BTC-USDT-SWAP-LONG-1779618866000-12,OKX_MAY,BTC-USDT-SWAP,2026-05-24,1779619058000,2026-05-24T10:37:38+00:00,LONG,ACCUMULATION,TREND_UP,3.1997,0.2447,0.28308866894710333,0.2858,6.903,1,0.0992,61,0,1,0,1,1,0,2,OKX_MAY_LONG_771,CLEAR,77095.25,77206.533975,77150.89,75607.87,78308.16,0,not_TREND_DOWN;not_SHORT;prior_60m_not_negative;buyer_absorption,HYBRID_REJECT,M4_THIN_ONLY_REJECT,REJECT
BTC-USDT-SWAP-LONG-1779618938000-13,OKX_MAY,BTC-USDT-SWAP,2026-05-24,1779619132000,2026-05-24T10:38:52+00:00,LONG,ACCUMULATION,TREND_UP,3.2218,0.1562,-0.3774434659264086,0.2738,0.785,1,0.0948,66,1,0,1,1,1,0,3,OKX_MAY_LONG_771,CLEAR,77071.195125,77173.75,77122.47,75580.02,78279.31,0,not_TREND_DOWN;not_SHORT;prior_60m_not_negative,HYBRID_REJECT,M4_THIN_ONLY_REJECT,REJECT
BTC-USDT-SWAP-SHORT-1779618722000-11,OKX_MAY,BTC-USDT-SWAP,2026-05-24,1779619397000,2026-05-24T10:43:17+00:00,SHORT,DISTRIBUTION,TREND_UP,3.226,0.2638,-0.16899889092988746,0.0606,2.045,1,0.0948,66,0,0,0,1,1,0,2,OKX_MAY_SHORT_766,CLEAR,76057.05,77319.95,76688.5,75154.73,77838.83,0,not_TREND_DOWN;prior_60m_not_negative,HYBRID_REJECT,M4_THIN_ONLY_REJECT,REJECT
BTC-USDT-SWAP-SHORT-1779619397000-14,OKX_MAY,BTC-USDT-SWAP,2026-05-24,1779620299000,2026-05-24T10:58:19+00:00,SHORT,DISTRIBUTION,TREND_UP,3.2872,0.1994,0.14134718949405148,0.3711,1.175,1,0.0956,67,0,0,0,1,1,0,2,OKX_MAY_SHORT_770,CLEAR,77080.25,77188.524975,77041.35,75500.52,78196.97,0,not_TREND_DOWN;prior_60m_not_negative,HYBRID_REJECT,M4_THIN_ONLY_REJECT,REJECT
BTC-USDT-SWAP-SHORT-1779620871000-15,OKX_MAY,BTC-USDT-SWAP,2026-05-24,1779621298000,2026-05-24T11:14:58+00:00,SHORT,DISTRIBUTION,TREND_UP,3.3627,0.4536,0.07943895773815873,-0.2615,0.484,1,0.1005,37,1,1,1,0,1,0,2,OKX_MAY_SHORT_771,CLEAR,77217.322025,77319.95,77139.65,75596.86,78296.74,0,not_TREND_DOWN;prior_60m_not_negative;buyer_absorption,HYBRID_REJECT,M4_THIN_ONLY_REJECT,REJECT
BTC-USDT-SWAP-LONG-1779621611000-16,OKX_MAY,BTC-USDT-SWAP,2026-05-24,1779622051000,2026-05-24T11:27:31+00:00,LONG,ACCUMULATION,TREND_UP,3.2499,0.0483,0.13748715143573392,-0.0775,1.711,1,0.097,59,0,0,0,0,1,0,1,OKX_MAY_LONG_772,CLEAR,77223.518925,77317.35,77270.43,75725.03,78429.49,0,not_TREND_DOWN;not_SHORT;prior_60m_not_negative,HYBRID_REJECT,M4_THIN_ONLY_REJECT,REJECT
BTC-USDT-SWAP-LONG-1779625522000-17,OKX_MAY,BTC-USDT-SWAP,2026-05-24,1779625708000,2026-05-24T12:28:28+00:00,LONG,ACCUMULATION,TREND_UP,3.1588,-0.2618,-0.2232970651323242,-0.3956,1.6,1,0.092,74,0,1,0,0,1,0,1,OKX_MAY_LONG_770,CLEAR,77009.426025,77086.473975,77047.95,75506.99,78203.67,0,not_TREND_DOWN;not_SHORT;buyer_absorption,HYBRID_REJECT,M4_THIN_ONLY_REJECT,REJECT
BTC-USDT-SWAP-SHORT-1779629292000-18,OKX_MAY,BTC-USDT-SWAP,2026-05-24,1779630050000,2026-05-24T13:40:50+00:00,SHORT,DISTRIBUTION,TREND_UP,2.7278,-0.1615,-0.36157885583958216,0.0404,2.465,1,0.0958,79,1,0,1,1,1,0,3,OKX_MAY_SHORT_767,CLEAR,76837.65,77029.745625,76768.65,75233.28,77920.18,0,not_TREND_DOWN,HYBRID_REJECT,M4_THIN_ONLY_REJECT,REJECT
BTC-USDT-SWAP-SHORT-1779630050000-19,OKX_MAY,BTC-USDT-SWAP,2026-05-24,1779630609000,2026-05-24T13:50:09+00:00,SHORT,DISTRIBUTION,RANGE,2.3539,-0.2421,0.18327116964172735,-0.0874,8.484,1,0.0989,51,1,0,1,0,1,0,2,OKX_MAY_SHORT_768,CLEAR,76874.993275,76969.95,76811.25,75275.02,77963.42,0,not_TREND_DOWN,HYBRID_REJECT,M4_THIN_ONLY_REJECT,REJECT
BTC-USDT-SWAP-SHORT-1779631417000-20,OKX_MAY,BTC-USDT-SWAP,2026-05-24,1779631809000,2026-05-24T14:10:09+00:00,SHORT,DISTRIBUTION,RANGE,2.0582,-0.4482,-0.3928009018495417,0.1895,0.175,1,0.0963,74,0,0,0,1,1,0,2,OKX_MAY_SHORT_765,CLEAR,76649.705975,76749.95,76528.15,74997.59,77676.07,0,not_TREND_DOWN,HYBRID_REJECT,M4_THIN_ONLY_REJECT,REJECT
BTC-USDT-SWAP-LONG-1779633027000-22,OKX_MAY,BTC-USDT-SWAP,2026-05-24,1779633208000,2026-05-24T14:33:28+00:00,LONG,ACCUMULATION,RANGE,1.5369,-0.5854,0.08966505924177404,0.1408,4.945,1,0.097,53,0,0,0,1,1,0,2,OKX_MAY_LONG_766,CLEAR,76057.05,77189.35,76623.2,75090.74,77772.55,0,not_TREND_DOWN;not_SHORT,HYBRID_REJECT,M4_THIN_ONLY_REJECT,REJECT
BTC-USDT-SWAP-LONG-1779633195000-23,OKX_MAY,BTC-USDT-SWAP,2026-05-24,1779633451000,2026-05-24T14:37:31+00:00,LONG,ACCUMULATION,RANGE,1.4031,-0.5442,0.3348772513720448,-0.1077,0.107,1,0.0973,45,0,1,0,0,1,0,1,OKX_MAY_LONG_766,CLEAR,76057.05,77189.35,76623.2,75090.74,77772.55,0,not_TREND_DOWN;not_SHORT;buyer_absorption,HYBRID_REJECT,M4_THIN_ONLY_REJECT,REJECT
BTC-USDT-SWAP-SHORT-1779632815000-21,OKX_MAY,BTC-USDT-SWAP,2026-05-24,1779633615000,2026-05-24T14:40:15+00:00,SHORT,DISTRIBUTION,RANGE,1.4671,-0.5485,-0.18638644586875164,0.0621,0.379,1,0.0971,54,0,0,0,1,1,0,2,OKX_MAY_SHORT_764,CLEAR,76306.077875,76507.05,76406.56,74878.43,77552.66,0,not_TREND_DOWN,HYBRID_REJECT,M4_THIN_ONLY_REJECT,REJECT
BTC-USDT-SWAP-SHORT-1779633615000-24,OKX_MAY,BTC-USDT-SWAP,2026-05-24,1779633795000,2026-05-24T14:43:15+00:00,SHORT,DISTRIBUTION,RANGE,1.3326,-0.6629,-0.13471678561386533,0.011,1.624,1,0.0959,58,1,0,1,1,1,0,3,OKX_MAY_SHORT_764,CLEAR,76416.75,76504.683225,76460.72,74931.5,77607.63,0,not_TREND_DOWN,HYBRID_REJECT,M4_THIN_ONLY_REJECT,REJECT
BTC-USDT-SWAP-LONG-1779638451000-25,OKX_MAY,BTC-USDT-SWAP,2026-05-24,1779638631000,2026-05-24T16:03:51+00:00,LONG,ACCUMULATION,RANGE,1.1904,-0.0275,0.15155318661493597,-0.231,14.227,1,0.0941,88,0,1,0,0,1,0,1,OKX_MAY_LONG_766,CLEAR,76057.05,77189.35,76623.2,75090.74,77772.55,0,not_TREND_DOWN;not_SHORT;buyer_absorption,HYBRID_REJECT,M4_THIN_ONLY_REJECT,REJECT
BTC-USDT-SWAP-SHORT-1779667741000-2,OKX_MAY,BTC-USDT-SWAP,2026-05-25,1779667935000,2026-05-25T00:12:15+00:00,SHORT,DISTRIBUTION,RANGE,0.6308,0.2951,0.25115237884436376,-0.2654,0.689,1,0.0971,48,1,1,1,0,1,0,2,OKX_MAY_SHORT_769,CLEAR,77087.786825,77169.95,76994.15,75454.27,78149.06,0,not_TREND_DOWN;prior_60m_not_negative;buyer_absorption,HYBRID_REJECT,M4_THIN_ONLY_REJECT,REJECT
BTC-USDT-SWAP-LONG-1779667627000-1,OKX_MAY,BTC-USDT-SWAP,2026-05-25,1779668560000,2026-05-25T00:22:40+00:00,LONG,ACCUMULATION,RANGE,0.6645,0.3362,-0.23468054953933934,0.0854,-0.86,1,0.0955,47,0,0,0,1,0,0,1,OKX_MAY_LONG_772,CLEAR,77069.995725,77188.95,77227.55,75683.0,78385.96,0,not_TREND_DOWN;not_SHORT;prior_60m_not_negative,HYBRID_REJECT,M4_THIN_ONLY_REJECT,REJECT
BTC-USDT-SWAP-LONG-1779669015000-3,OKX_MAY,BTC-USDT-SWAP,2026-05-25,1779669469000,2026-05-25T00:37:49+00:00,LONG,ACCUMULATION,RANGE,0.5114,0.2473,0.34723819349073226,0.0043,-0.977,1,0.0962,52,0,1,0,1,0,0,1,OKX_MAY_LONG_772,CLEAR,77108.15,77248.55497499999,77287.95,75742.19,78447.27,0,not_TREND_DOWN;not_SHORT;prior_60m_not_negative;buyer_absorption,HYBRID_REJECT,M4_THIN_ONLY_REJECT,REJECT
BTC-USDT-SWAP-SHORT-1779672105000-4,OKX_MAY,BTC-USDT-SWAP,2026-05-25,1779672319000,2026-05-25T01:25:19+00:00,SHORT,DISTRIBUTION,RANGE,0.4352,0.0006,-0.022645633674687665,-0.1632,0.56,1,0.0934,83,0,1,0,0,1,0,1,OKX_MAY_SHORT_768,CLEAR,77153.753825,77230.946175,76895.25,75357.35,78048.68,0,not_TREND_DOWN;prior_60m_not_negative;buyer_absorption,HYBRID_REJECT,M4_THIN_ONLY_REJECT,REJECT
BTC-USDT-SWAP-SHORT-1779675125000-6,OKX_MAY,BTC-USDT-SWAP,2026-05-25,1779676459000,2026-05-25T02:34:19+00:00,SHORT,DISTRIBUTION,RANGE,0.3948,-0.0659,0.02725973307258541,0.2396,-0.0,1,0.0985,58,1,0,1,1,0,0,2,OKX_MAY_SHORT_772,CLEAR,77010.05,77431.95,77221.0,75676.58,78379.31,0,not_TREND_DOWN,HYBRID_REJECT,M4_THIN_ONLY_REJECT,REJECT
BTC-USDT-SWAP-LONG-1779674564000-5,OKX_MAY,BTC-USDT-SWAP,2026-05-25,1779676625000,2026-05-25T02:37:05+00:00,LONG,ACCUMULATION,RANGE,0.4229,-0.0211,0.06228708025490333,-0.216,0.0,1,0.1002,41,0,1,0,0,0,0,0,OKX_MAY_LONG_775,CLEAR,76976.842325,77446.95,77506.75,75956.62,78669.35,0,not_TREND_DOWN;not_SHORT;buyer_absorption,HYBRID_REJECT,M4_THIN_ONLY_REJECT,REJECT
BTC-USDT-SWAP-SHORT-1779681560000-7,OKX_MAY,BTC-USDT-SWAP,2026-05-25,1779681838000,2026-05-25T04:03:58+00:00,SHORT,DISTRIBUTION,RANGE,0.2531,-0.0709,-0.24529560191354816,-0.3651,-0.0,1,0.0995,47,0,1,0,0,0,0,0,OKX_MAY_SHORT_769,CLEAR,76949.655925,77041.45,76995.55,75455.64,78150.49,0,not_TREND_DOWN;buyer_absorption,HYBRID_REJECT,M4_THIN_ONLY_REJECT,REJECT
BTC-USDT-SWAP-SHORT-1779701431000-8,OKX_MAY,BTC-USDT-SWAP,2026-05-25,1779701826000,2026-05-25T09:37:06+00:00,SHORT,DISTRIBUTION,RANGE,0.7947,0.316,0.015073385182218893,-0.3944,1.482,1,0.0918,74,1,1,1,0,1,0,2,OKX_MAY_SHORT_773,CLEAR,77436.91217499999,77672.85,77373.35,75825.88,78533.95,0,not_TREND_DOWN;prior_60m_not_negative;buyer_absorption,HYBRID_REJECT,M4_THIN_ONLY_REJECT,REJECT
BTC-USDT-SWAP-SHORT-1779701826000-9,OKX_MAY,BTC-USDT-SWAP,2026-05-25,1779702082000,2026-05-25T09:41:22+00:00,SHORT,DISTRIBUTION,RANGE,0.8002,0.2944,0.029802365829835684,-0.3266,0.427,1,0.094,67,0,1,0,0,1,0,1,OKX_MAY_SHORT_774,CLEAR,77006.05,77876.45,77441.25,75892.43,78602.87,0,not_TREND_DOWN;prior_60m_not_negative;buyer_absorption,HYBRID_REJECT,M4_THIN_ONLY_REJECT,REJECT
BTC-USDT-SWAP-LONG-1779702378000-10,OKX_MAY,BTC-USDT-SWAP,2026-05-25,1779702558000,2026-05-25T09:49:18+00:00,LONG,ACCUMULATION,RANGE,0.8034,0.3233,-0.3580383387242172,-0.1091,2.318,1,0.0889,62,1,1,1,0,1,0,2,OKX_MAY_LONG_776,CLEAR,77501.379925,77578.92007499999,77621.95,76069.51,78786.28,0,not_TREND_DOWN;not_SHORT;prior_60m_not_negative;buyer_absorption,HYBRID_REJECT,M4_THIN_ONLY_REJECT,REJECT
BTC-USDT-SWAP-LONG-1779703109000-11,OKX_MAY,BTC-USDT-SWAP,2026-05-25,1779703626000,2026-05-25T10:07:06+00:00,LONG,ACCUMULATION,RANGE,0.7443,0.1841,0.21965542722683554,-0.4001,-0.815,1,0.0949,74,0,1,0,0,0,0,0,OKX_MAY_LONG_776,CLEAR,77516.45,77638.749975,77699.35,76145.36,78864.84,0,not_TREND_DOWN;not_SHORT;prior_60m_not_negative;buyer_absorption,HYBRID_REJECT,M4_THIN_ONLY_REJECT,REJECT
BTC-USDT-SWAP-LONG-1779718645000-12,OKX_MAY,BTC-USDT-SWAP,2026-05-25,1779719173000,2026-05-25T14:26:13+00:00,LONG,ACCUMULATION,RANGE,1.4961,0.254,0.041752063432771484,-0.0316,5.39,1,0.0941,89,1,0,1,0,1,0,2,OKX_MAY_LONG_776,CLEAR,77436.212525,77582.85,77699.35,76145.36,78864.84,0,not_TREND_DOWN;not_SHORT;prior_60m_not_negative,HYBRID_REJECT,M4_THIN_ONLY_REJECT,REJECT
BTC-USDT-SWAP-LONG-1779720864000-13,OKX_MAY,BTC-USDT-SWAP,2026-05-25,1779721073000,2026-05-25T14:57:53+00:00,LONG,ACCUMULATION,RANGE,1.6254,0.4815,0.01826068603119438,0.1878,3.74,1,0.0884,71,0,0,0,1,1,0,2,OKX_MAY_LONG_777,CLEAR,77641.110025,77718.78997499999,77776.85,76221.31,78943.5,0,not_TREND_DOWN;not_SHORT;prior_60m_not_negative,HYBRID_REJECT,M4_THIN_ONLY_REJECT,REJECT
BTC-USDT-SWAP-SHORT-1779721805000-14,OKX_MAY,BTC-USDT-SWAP,2026-05-25,1779722059000,2026-05-25T15:14:19+00:00,SHORT,DISTRIBUTION,RANGE,1.6139,0.3115,0.015778555494814193,-0.1454,0.239,1,0.0943,62,1,1,1,0,1,0,2,OKX_MAY_SHORT_776,CLEAR,77662.199475,77876.45,77614.35,76062.06,78778.57,0,not_TREND_DOWN;prior_60m_not_negative;buyer_absorption,HYBRID_REJECT,M4_THIN_ONLY_REJECT,REJECT
BTC-USDT-SWAP-SHORT-1779753601000-1,OKX_MAY,BTC-USDT-SWAP,2026-05-26,1779754025000,2026-05-26T00:07:05+00:00,SHORT,DISTRIBUTION,RANGE,0.1498,0.0089,0.0012319638321117428,-0.0581,1.666,1,0.0954,67,1,0,1,0,1,0,2,OKX_MAY_SHORT_771,CLEAR,77216.25,77332.096725,77176.95,75633.41,78334.6,0,not_TREND_DOWN;prior_60m_not_negative,HYBRID_REJECT,M4_THIN_ONLY_REJECT,REJECT
BTC-USDT-SWAP-SHORT-1779754025000-2,OKX_MAY,BTC-USDT-SWAP,2026-05-26,1779755159000,2026-05-26T00:25:59+00:00,SHORT,DISTRIBUTION,RANGE,-0.1213,-0.2583,-0.20262156944486173,0.1994,4.542,1,0.0964,65,1,0,1,1,1,0,3,OKX_MAY_SHORT_770,CLEAR,77050.05,77255.95,77006.45,75466.32,78161.55,0,not_TREND_DOWN,HYBRID_REJECT,M4_THIN_ONLY_REJECT,REJECT
BTC-USDT-SWAP-LONG-1779754460000-3,OKX_MAY,BTC-USDT-SWAP,2026-05-26,1779756353000,2026-05-26T00:45:53+00:00,LONG,ACCUMULATION,RANGE,-0.2241,-0.5305,-0.010599796161805721,-0.1905,0.254,1,0.0942,53,0,1,0,0,1,0,1,OKX_MAY_LONG_772,CLEAR,76792.65,77236.348875,77275.75,75730.24,78434.89,0,not_TREND_DOWN;not_SHORT;buyer_absorption,HYBRID_REJECT,M4_THIN_ONLY_REJECT,REJECT
BTC-USDT-SWAP-LONG-1779756353000-4,OKX_MAY,BTC-USDT-SWAP,2026-05-26,1779756941000,2026-05-26T00:55:41+00:00,LONG,ACCUMULATION,RANGE,-0.4303,-0.6939,0.15154637360040768,-0.1107,0.208,1,0.0939,75,1,1,1,0,1,0,2,OKX_MAY_LONG_771,CLEAR,76529.25,76928.29492500001,77191.15,75647.33,78349.02,0,not_TREND_DOWN;not_SHORT;buyer_absorption,HYBRID_REJECT,M4_THIN_ONLY_REJECT,REJECT
BTC-USDT-SWAP-SHORT-1779756601000-5,OKX_MAY,BTC-USDT-SWAP,2026-05-26,1779757505000,2026-05-26T01:05:05+00:00,SHORT,DISTRIBUTION,RANGE,-0.5787,-0.8425,-0.021360614977917868,0.127,7.51,1,0.0956,68,1,0,1,1,1,0,3,OKX_MAY_SHORT_764,CLEAR,76529.25,76884.473025,76490.15,74960.35,77637.5,0,not_TREND_DOWN,HYBRID_REJECT,M4_THIN_ONLY_REJECT,REJECT
BTC-USDT-SWAP-SHORT-1779757505000-6,OKX_MAY,BTC-USDT-SWAP,2026-05-26,1779757844000,2026-05-26T01:10:44+00:00,SHORT,DISTRIBUTION,RANGE,-0.5327,-0.6683,-0.1055499851358665,0.0482,-0.167,1,0.0961,68,0,0,0,1,0,0,1,OKX_MAY_SHORT_764,CLEAR,76567.247225,76709.95,76465.85,74936.53,77612.84,0,not_TREND_DOWN,HYBRID_REJECT,M4_THIN_ONLY_REJECT,REJECT
BTC-USDT-SWAP-SHORT-1779777777000-7,OKX_MAY,BTC-USDT-SWAP,2026-05-26,1779778686000,2026-05-26T06:58:06+00:00,SHORT,DISTRIBUTION,RANGE,-0.6215,0.0441,-0.2580046551786552,0.0079,1.885,1,0.0932,68,1,0,1,1,1,0,3,OKX_MAY_SHORT_769,CLEAR,76872.85,76964.813175,76918.83,75380.45,78072.61,0,not_TREND_DOWN;prior_60m_not_negative,HYBRID_REJECT,M4_THIN_ONLY_REJECT,REJECT
BTC-USDT-SWAP-LONG-1779792268000-8,OKX_MAY,BTC-USDT-SWAP,2026-05-26,1779792457000,2026-05-26T10:47:37+00:00,LONG,ACCUMULATION,RANGE,-0.0639,1.0343,0.0024035686844669922,0.0569,0.093,1,0.0967,54,1,0,1,1,1,0,3,OKX_MAY_LONG_774,CLEAR,77375.05,77489.45,77432.25,75883.6,78593.73,0,not_TREND_DOWN;not_SHORT;prior_60m_not_negative,HYBRID_REJECT,M4_THIN_ONLY_REJECT,REJECT
BTC-USDT-SWAP-LONG-1779792512000-9,OKX_MAY,BTC-USDT-SWAP,2026-05-26,1779793083000,2026-05-26T10:58:03+00:00,LONG,ACCUMULATION,RANGE,-0.0471,1.0852,0.24404301498140168,-0.0582,1.222,1,0.0944,64,0,1,0,0,1,0,1,OKX_MAY_LONG_775,CLEAR,77426.25,77594.05,77510.15,75959.95,78672.8,0,not_TREND_DOWN;not_SHORT;prior_60m_not_negative;buyer_absorption,HYBRID_REJECT,M4_THIN_ONLY_REJECT,REJECT
BTC-USDT-SWAP-SHORT-1779792782000-10,OKX_MAY,BTC-USDT-SWAP,2026-05-26,1779793605000,2026-05-26T11:06:45+00:00,SHORT,DISTRIBUTION,RANGE,0.0216,1.0383,-0.054570175421217046,0.009,0.774,1,0.0949,65,1,0,1,1,1,0,3,OKX_MAY_SHORT_769,CLEAR,77383.25,77511.586425,76977.75,75438.19,78132.42,0,not_TREND_DOWN;prior_60m_not_negative,HYBRID_REJECT,M4_THIN_ONLY_REJECT,REJECT
BTC-USDT-SWAP-SHORT-1779793605000-11,OKX_MAY,BTC-USDT-SWAP,2026-05-26,1779795246000,2026-05-26T11:34:06+00:00,SHORT,DISTRIBUTION,RANGE,-0.3152,0.0263,-0.23175990069830024,0.1054,4.004,1,0.0966,63,1,0,1,1,1,0,3,OKX_MAY_SHORT_770,CLEAR,77184.15,77438.750025,77035.15,75494.45,78190.68,0,not_TREND_DOWN;prior_60m_not_negative,HYBRID_REJECT,M4_THIN_ONLY_REJECT,REJECT
BTC-USDT-SWAP-SHORT-1779797901000-12,OKX_MAY,BTC-USDT-SWAP,2026-05-26,1779798237000,2026-05-26T12:23:57+00:00,SHORT,DISTRIBUTION,RANGE,-0.4579,-0.2659,-0.0014231351111237062,-0.2712,1.432,1,0.0926,65,1,1,1,0,1,0,2,OKX_MAY_SHORT_767,CLEAR,76968.25,77056.258875,76787.15,75251.41,77938.96,0,not_TREND_DOWN;buyer_absorption,HYBRID_REJECT,M4_THIN_ONLY_REJECT,REJECT
BTC-USDT-SWAP-LONG-1779804795000-13,OKX_MAY,BTC-USDT-SWAP,2026-05-26,1779805408000,2026-05-26T14:23:28+00:00,LONG,ACCUMULATION,RANGE,0.2953,1.1303,0.15953568168841084,0.0935,7.345,1,0.0906,76,1,0,1,1,1,0,3,OKX_MAY_LONG_778,CLEAR,77253.703825,77742.55,77865.85,76308.53,79033.84,0,not_TREND_DOWN;not_SHORT;prior_60m_not_negative,HYBRID_REJECT,M4_THIN_ONLY_REJECT,REJECT
BTC-USDT-SWAP-LONG-1779805408000-14,OKX_MAY,BTC-USDT-SWAP,2026-05-26,1779807656000,2026-05-26T15:00:56+00:00,LONG,ACCUMULATION,RANGE,-0.9151,-0.2124,-0.13844355987291332,0.1797,1.869,1,0.0937,65,0,0,0,1,1,0,2,OKX_MAY_LONG_773,CLEAR,76688.05,78050.65,77369.35,75821.96,78529.89,0,not_TREND_DOWN;not_SHORT,HYBRID_REJECT,M4_THIN_ONLY_REJECT,REJECT
BTC-USDT-SWAP-SHORT-1779809777000-15,OKX_MAY,BTC-USDT-SWAP,2026-05-26,1779809957000,2026-05-26T15:39:17+00:00,SHORT,DISTRIBUTION,RANGE,-1.6395,-0.9328,-0.10239766003523854,-0.0388,14.975,1,0.0922,70,0,0,0,0,1,0,1,OKX_MAY_SHORT_761,CLEAR,75632.85,76681.95,76157.4,74634.25,77299.76,0,not_TREND_DOWN,HYBRID_REJECT,M4_THIN_ONLY_REJECT,REJECT
BTC-USDT-SWAP-SHORT-1779809793000-16,OKX_MAY,BTC-USDT-SWAP,2026-05-26,1779809973000,2026-05-26T15:39:33+00:00,SHORT,DISTRIBUTION,RANGE,-1.5958,-0.688,-0.06396362690068237,-0.0433,5.204,1,0.0907,88,0,0,0,0,1,0,1,OKX_MAY_SHORT_761,CLEAR,75632.85,76681.95,76157.4,74634.25,77299.76,0,not_TREND_DOWN,HYBRID_REJECT,M4_THIN_ONLY_REJECT,REJECT
BTC-USDT-SWAP-SHORT-1779810306000-17,OKX_MAY,BTC-USDT-SWAP,2026-05-26,1779810486000,2026-05-26T15:48:06+00:00,SHORT,DISTRIBUTION,RANGE,-1.4921,-0.6288,-0.11466256672155556,-0.2443,14.036,1,0.0911,88,1,1,1,0,1,0,2,OKX_MAY_SHORT_762,CLEAR,76366.35,76499.180475,76274.25,74748.76,77418.36,0,not_TREND_DOWN;buyer_absorption,HYBRID_REJECT,M4_THIN_ONLY_REJECT,REJECT
BTC-USDT-SWAP-LONG-1779840003000-1,OKX_MAY,BTC-USDT-SWAP,2026-05-27,1779840308000,2026-05-27T00:05:08+00:00,LONG,ACCUMULATION,RANGE,-1.7725,0.0353,-0.011457008146965087,-0.1739,0.375,1,0.0909,86,0,1,0,0,1,0,1,OKX_MAY_LONG_759,CLEAR,75874.193925,75950.10607499999,75991.25,74471.43,77131.12,0,not_TREND_DOWN;not_SHORT;prior_60m_not_negative;buyer_absorption,HYBRID_REJECT,M4_THIN_ONLY_REJECT,REJECT
BTC-USDT-SWAP-SHORT-1779840687000-2,OKX_MAY,BTC-USDT-SWAP,2026-05-27,1779840867000,2026-05-27T00:14:27+00:00,SHORT,DISTRIBUTION,RANGE,-1.6166,0.0903,-0.20280873431835483,-0.1949,0.811,1,0.0923,71,0,1,0,0,1,0,1,OKX_MAY_SHORT_758,CLEAR,75898.481775,75974.418225,75832.05,74315.41,76969.53,0,not_TREND_DOWN;prior_60m_not_negative;buyer_absorption,HYBRID_REJECT,M4_THIN_ONLY_REJECT,REJECT
BTC-USDT-SWAP-SHORT-1779840959000-3,OKX_MAY,BTC-USDT-SWAP,2026-05-27,1779841601000,2026-05-27T00:26:41+00:00,SHORT,DISTRIBUTION,RANGE,-1.5916,0.0229,-0.24787607004634196,0.1802,0.392,1,0.0941,67,1,0,1,1,1,0,3,OKX_MAY_SHORT_757,CLEAR,75835.013525,75910.88647499999,75792.55,74276.7,76929.44,0,not_TREND_DOWN;prior_60m_not_negative,HYBRID_REJECT,M4_THIN_ONLY_REJECT,REJECT
BTC-USDT-SWAP-SHORT-1779843621000-4,OKX_MAY,BTC-USDT-SWAP,2026-05-27,1779844505000,2026-05-27T01:15:05+00:00,SHORT,DISTRIBUTION,RANGE,-0.9781,0.1455,0.20712766676248176,0.165,0.247,1,0.0907,88,0,1,0,1,1,0,2,OKX_MAY_SHORT_759,CLEAR,75974.85,76079.95,75909.95,74391.75,77048.6,0,not_TREND_DOWN;prior_60m_not_negative;buyer_absorption,HYBRID_REJECT,M4_THIN_ONLY_REJECT,REJECT
BTC-USDT-SWAP-LONG-1779844155000-5,OKX_MAY,BTC-USDT-SWAP,2026-05-27,1779844507000,2026-05-27T01:15:07+00:00,LONG,ACCUMULATION,RANGE,-0.9716,0.149,0.18389877289701093,-0.1635,0.972,1,0.093,72,1,1,1,0,1,0,2,OKX_MAY_LONG_760,CLEAR,75974.543725,76050.55627500001,76012.55,74492.3,77152.74,0,not_TREND_DOWN;not_SHORT;prior_60m_not_negative;buyer_absorption,HYBRID_REJECT,M4_THIN_ONLY_REJECT,REJECT
BTC-USDT-SWAP-SHORT-1779845486000-7,OKX_MAY,BTC-USDT-SWAP,2026-05-27,1779845666000,2026-05-27T01:34:26+00:00,SHORT,DISTRIBUTION,RANGE,-1.0126,-0.1799,-0.23978933944217304,0.1886,2.046,1,0.0911,69,0,0,0,1,1,0,2,OKX_MAY_SHORT_756,CLEAR,75777.942075,75853.75792500001,75681.25,74167.62,76816.47,0,not_TREND_DOWN,HYBRID_REJECT,M4_THIN_ONLY_REJECT,REJECT
BTC-USDT-SWAP-LONG-1779845157000-6,OKX_MAY,BTC-USDT-SWAP,2026-05-27,1779845783000,2026-05-27T01:36:23+00:00,LONG,ACCUMULATION,RANGE,-1.1517,-0.1733,0.23725280410682842,-0.0533,0.063,1,0.093,77,0,1,0,0,1,0,1,OKX_MAY_LONG_759,CLEAR,75794.833625,75879.25,75919.75,74401.35,77058.55,0,not_TREND_DOWN;not_SHORT;buyer_absorption,HYBRID_REJECT,M4_THIN_ONLY_REJECT,REJECT
BTC-USDT-SWAP-SHORT-1779847691000-8,OKX_MAY,BTC-USDT-SWAP,2026-05-27,1779848233000,2026-05-27T02:17:13+00:00,SHORT,DISTRIBUTION,RANGE,-1.1608,-0.2754,-0.2741598942252478,0.1566,0.0,1,0.0931,64,0,0,0,1,0,0,1,OKX_MAY_SHORT_756,CLEAR,75712.47482500001,75808.15,75650.05,74137.05,76784.8,0,not_TREND_DOWN,HYBRID_REJECT,M4_THIN_ONLY_REJECT,REJECT
BTC-USDT-SWAP-LONG-1779848605000-9,OKX_MAY,BTC-USDT-SWAP,2026-05-27,1779849234000,2026-05-27T02:33:54+00:00,LONG,ACCUMULATION,RANGE,-1.1834,-0.1224,0.0393796184093019,-0.0245,-0.186,1,0.0919,73,1,0,1,0,0,0,1,OKX_MAY_LONG_758,CLEAR,75672.794675,75771.95,75891.25,74373.43,77029.62,0,not_TREND_DOWN;not_SHORT,HYBRID_REJECT,M4_THIN_ONLY_REJECT,REJECT
BTC-USDT-SWAP-SHORT-1779854135000-10,OKX_MAY,BTC-USDT-SWAP,2026-05-27,1779854315000,2026-05-27T03:58:35+00:00,SHORT,DISTRIBUTION,RANGE,-1.3294,-0.2492,-0.005563133147903035,0.197,3.333,1,0.0948,69,1,0,1,1,1,0,3,OKX_MAY_SHORT_755,CLEAR,75590.935625,75679.45,75550.05,74039.05,76683.3,0,not_TREND_DOWN,HYBRID_REJECT,M4_THIN_ONLY_REJECT,REJECT
BTC-USDT-SWAP-SHORT-1779855973000-11,OKX_MAY,BTC-USDT-SWAP,2026-05-27,1779856771000,2026-05-27T04:39:31+00:00,SHORT,DISTRIBUTION,RANGE,-1.838,-0.5118,-0.06652178866761324,0.1163,0.288,1,0.0904,93,1,0,1,1,1,0,3,OKX_MAY_SHORT_753,CLEAR,75267.65,75527.795025,75397.72,73889.77,76528.69,0,not_TREND_DOWN,HYBRID_REJECT,M4_THIN_ONLY_REJECT,REJECT
BTC-USDT-SWAP-SHORT-1779856771000-12,OKX_MAY,BTC-USDT-SWAP,2026-05-27,1779856951000,2026-05-27T04:42:31+00:00,SHORT,DISTRIBUTION,RANGE,-1.8764,-0.6043,-0.08349937302236213,0.0968,4.954,1,0.0949,62,1,0,1,1,1,0,3,OKX_MAY_SHORT_753,CLEAR,75275.55,75364.813575,75320.18,73813.78,76449.98,0,not_TREND_DOWN,HYBRID_REJECT,M4_THIN_ONLY_REJECT,REJECT
BTC-USDT-SWAP-LONG-1779858405000-14,OKX_MAY,BTC-USDT-SWAP,2026-05-27,1779858587000,2026-05-27T05:09:47+00:00,LONG,ACCUMULATION,RANGE,-1.4653,-0.0851,-0.11753927629306037,-0.0315,0.255,1,0.0973,45,1,0,1,0,1,0,2,OKX_MAY_LONG_757,CLEAR,75538.461875,75614.038125,75725.35,74210.84,76861.23,0,not_TREND_DOWN;not_SHORT,HYBRID_REJECT,M4_THIN_ONLY_REJECT,REJECT
BTC-USDT-SWAP-SHORT-1779857966000-13,OKX_MAY,BTC-USDT-SWAP,2026-05-27,1779858855000,2026-05-27T05:14:15+00:00,SHORT,DISTRIBUTION,RANGE,-1.5969,-0.0693,0.09875890614300563,0.0521,3.025,1,0.0931,77,1,0,1,1,1,0,3,OKX_MAY_SHORT_755,CLEAR,75528.866675,75605.05,75566.96,74055.62,76700.46,0,not_TREND_DOWN,HYBRID_REJECT,M4_THIN_ONLY_REJECT,REJECT
BTC-USDT-SWAP-LONG-1779860217000-15,OKX_MAY,BTC-USDT-SWAP,2026-05-27,1779861596000,2026-05-27T05:59:56+00:00,LONG,ACCUMULATION,RANGE,-1.5952,0.1597,0.3034372161795738,0.2115,0.063,1,0.0918,70,1,1,1,1,1,0,3,OKX_MAY_LONG_757,CLEAR,75544.65,75698.95,75737.85,74223.09,76873.92,0,not_TREND_DOWN;not_SHORT;prior_60m_not_negative;buyer_absorption,HYBRID_REJECT,M4_THIN_ONLY_REJECT,REJECT
BTC-USDT-SWAP-SHORT-1779884288000-16,OKX_MAY,BTC-USDT-SWAP,2026-05-27,1779884656000,2026-05-27T12:24:16+00:00,SHORT,DISTRIBUTION,RANGE,-1.5312,-0.2697,-0.5125750556591198,-0.2,0.999,1,0.0947,61,1,1,1,0,1,0,2,OKX_MAY_SHORT_754,CLEAR,75522.269975,76135.25,75477.05,73967.51,76609.21,0,not_TREND_DOWN;buyer_absorption,HYBRID_REJECT,M4_THIN_ONLY_REJECT,REJECT
BTC-USDT-SWAP-SHORT-1779888061000-18,OKX_MAY,BTC-USDT-SWAP,2026-05-27,1779888241000,2026-05-27T13:24:01+00:00,SHORT,DISTRIBUTION,RANGE,-1.8937,-0.6459,-0.3962366081238232,0.1726,10.135,1,0.0907,75,1,0,1,1,1,0,3,OKX_MAY_SHORT_752,CLEAR,75308.45,75393.127725,75207.95,73703.79,76336.07,0,not_TREND_DOWN,HYBRID_REJECT,M4_THIN_ONLY_REJECT,REJECT
BTC-USDT-SWAP-LONG-1779887924000-17,OKX_MAY,BTC-USDT-SWAP,2026-05-27,1779888661000,2026-05-27T13:31:01+00:00,LONG,ACCUMULATION,RANGE,-1.9886,-0.89,0.2431523131818078,-0.0665,0.515,1,0.0932,66,0,1,0,0,1,0,1,OKX_MAY_LONG_752,CLEAR,75072.55,75459.95,75266.25,73760.93,76395.24,0,not_TREND_DOWN;not_SHORT;buyer_absorption,HYBRID_REJECT,M4_THIN_ONLY_REJECT,REJECT
BTC-USDT-SWAP-SHORT-1779889073000-21,OKX_MAY,BTC-USDT-SWAP,2026-05-27,1779889433000,2026-05-27T13:43:53+00:00,SHORT,DISTRIBUTION,TREND_DOWN,-2.627,-1.363,-0.05093964491311021,0.1357,11.835,1,0.0958,59,1,0,1,1,1,0,3,OKX_MAY_SHORT_747,CLEAR,74850.35,75144.603525,74776.75,73281.21,75898.4,1,,HYBRID_PASS,M4_THIN_ONLY_REJECT,ACCEPT
BTC-USDT-SWAP-SHORT-1779888965000-20,OKX_MAY,BTC-USDT-SWAP,2026-05-27,1779889433000,2026-05-27T13:43:53+00:00,SHORT,DISTRIBUTION,TREND_DOWN,-2.627,-1.363,0.20080277205052663,0.1357,11.835,1,0.0958,59,1,1,1,1,1,0,3,OKX_MAY_SHORT_747,CLEAR,74850.35,75271.05,74754.55,73259.46,75875.87,0,buyer_absorption,HYBRID_REJECT,M4_THIN_ONLY_REJECT,REJECT
BTC-USDT-SWAP-SHORT-1779888951000-19,OKX_MAY,BTC-USDT-SWAP,2026-05-27,1779889433000,2026-05-27T13:43:53+00:00,SHORT,DISTRIBUTION,TREND_DOWN,-2.627,-1.363,0.060598306604628664,0.1357,11.835,1,0.0958,59,0,0,0,1,1,0,2,OKX_MAY_SHORT_748,ACTIVE,74210.05,75473.95,74842.0,73345.16,75964.63,1,duplicate_cluster_or_cooldown,HYBRID_PASS,M4_THIN_ONLY_REJECT,REJECT
BTC-USDT-SWAP-LONG-1779891187000-22,OKX_MAY,BTC-USDT-SWAP,2026-05-27,1779892193000,2026-05-27T14:29:53+00:00,LONG,ACCUMULATION,TREND_DOWN,-3.9437,-0.4128,0.09608583765007285,-0.2565,0.507,1,0.0938,56,0,1,0,0,1,0,1,OKX_MAY_LONG_753,CLEAR,74754.55,75149.95,75302.25,73796.21,76431.78,0,not_SHORT;buyer_absorption,HYBRID_REJECT,M4_THIN_ONLY_REJECT,REJECT
BTC-USDT-SWAP-LONG-1779892193000-23,OKX_MAY,BTC-USDT-SWAP,2026-05-27,1779892373000,2026-05-27T14:32:53+00:00,LONG,ACCUMULATION,TREND_DOWN,-3.4452,-0.3477,0.20564352410604758,-0.2153,6.352,1,0.092,86,0,1,0,0,1,0,1,OKX_MAY_LONG_749,CLEAR,74821.320625,75025.25,74923.29,73424.82,76047.13,0,not_SHORT;buyer_absorption,HYBRID_REJECT,M4_THIN_ONLY_REJECT,REJECT
BTC-USDT-SWAP-SHORT-1779926422000-1,OKX_MAY,BTC-USDT-SWAP,2026-05-28,1779926787000,2026-05-28T00:06:27+00:00,SHORT,DISTRIBUTION,RANGE,-1.8927,0.173,-0.24104881139848466,-0.0814,-0.222,1,0.094,79,0,0,0,0,0,0,0,OKX_MAY_SHORT_743,CLEAR,74363.049875,74554.95,74314.45,72828.16,75429.17,0,not_TREND_DOWN;prior_60m_not_negative,HYBRID_REJECT,M4_THIN_ONLY_REJECT,REJECT
BTC-USDT-SWAP-LONG-1779927010000-3,OKX_MAY,BTC-USDT-SWAP,2026-05-28,1779927360000,2026-05-28T00:16:00+00:00,LONG,ACCUMULATION,RANGE,-1.8822,-0.0431,0.1387292298908048,-0.1095,-0.068,1,0.0953,75,0,1,0,0,0,0,0,OKX_MAY_LONG_744,CLEAR,74379.75,74555.909325,74467.83,72978.47,75584.85,0,not_TREND_DOWN;not_SHORT;buyer_absorption,HYBRID_REJECT,M4_THIN_ONLY_REJECT,REJECT
BTC-USDT-SWAP-SHORT-1779926787000-2,OKX_MAY,BTC-USDT-SWAP,2026-05-28,1779927785000,2026-05-28T00:23:05+00:00,SHORT,DISTRIBUTION,RANGE,-1.786,0.2864,-0.07602475180816252,0.1697,0.246,1,0.0931,70,0,0,0,1,1,0,2,OKX_MAY_SHORT_741,CLEAR,74379.75,74544.95,74146.85,72663.91,75259.05,0,not_TREND_DOWN;prior_60m_not_negative,HYBRID_REJECT,M4_THIN_ONLY_REJECT,REJECT
BTC-USDT-SWAP-LONG-1779927360000-4,OKX_MAY,BTC-USDT-SWAP,2026-05-28,1779928186000,2026-05-28T00:29:46+00:00,LONG,ACCUMULATION,RANGE,-1.9212,0.2296,0.23138958975527985,-0.0632,0.163,1,0.0968,66,1,1,1,0,1,0,2,OKX_MAY_LONG_744,CLEAR,74331.45,74544.95,74438.2,72949.44,75554.77,0,not_TREND_DOWN;not_SHORT;prior_60m_not_negative;buyer_absorption,HYBRID_REJECT,M4_THIN_ONLY_REJECT,REJECT
BTC-USDT-SWAP-LONG-1779931935000-5,OKX_MAY,BTC-USDT-SWAP,2026-05-28,1779932187000,2026-05-28T01:36:27+00:00,LONG,ACCUMULATION,RANGE,-1.9867,-0.2657,-0.2621319914004153,-0.0822,1.69,1,0.0952,71,1,0,1,0,1,0,2,OKX_MAY_LONG_743,CLEAR,74268.197325,74377.05,74322.62,72836.17,75437.46,0,not_TREND_DOWN;not_SHORT,HYBRID_REJECT,M4_THIN_ONLY_REJECT,REJECT
BTC-USDT-SWAP-SHORT-1779933054000-6,OKX_MAY,BTC-USDT-SWAP,2026-05-28,1779933234000,2026-05-28T01:53:54+00:00,SHORT,DISTRIBUTION,RANGE,-2.1411,-0.2082,0.14820663438510503,-0.0089,1.176,1,0.094,77,1,0,1,0,1,0,2,OKX_MAY_SHORT_742,CLEAR,74253.85,74357.610225,74204.15,72720.07,75317.21,0,not_TREND_DOWN,HYBRID_REJECT,M4_THIN_ONLY_REJECT,REJECT
BTC-USDT-SWAP-SHORT-1779933152000-7,OKX_MAY,BTC-USDT-SWAP,2026-05-28,1779934323000,2026-05-28T02:12:03+00:00,SHORT,DISTRIBUTION,RANGE,-1.9325,-0.2505,-0.44456357054410867,-0.0031,0.032,1,0.0932,77,0,0,0,0,1,0,1,OKX_MAY_SHORT_741,CLEAR,74202.35,74367.55,74160.05,72676.85,75272.45,0,not_TREND_DOWN,HYBRID_REJECT,M4_THIN_ONLY_REJECT,REJECT
BTC-USDT-SWAP-LONG-1779935403000-9,OKX_MAY,BTC-USDT-SWAP,2026-05-28,1779935771000,2026-05-28T02:36:11+00:00,LONG,ACCUMULATION,RANGE,-2.099,-0.1983,0.21516774476089193,-0.2406,-0.503,1,0.095,56,0,1,0,0,0,0,0,OKX_MAY_LONG_742,CLEAR,74111.95,74253.057975,74292.05,72806.21,75406.43,0,not_TREND_DOWN;not_SHORT;buyer_absorption,HYBRID_REJECT,M4_THIN_ONLY_REJECT,REJECT
BTC-USDT-SWAP-SHORT-1779935203000-8,OKX_MAY,BTC-USDT-SWAP,2026-05-28,1779936279000,2026-05-28T02:44:39+00:00,SHORT,DISTRIBUTION,RANGE,-1.9366,-0.0102,-0.20598973326571776,0.1731,0.214,1,0.0925,82,0,0,0,1,1,0,2,OKX_MAY_SHORT_740,CLEAR,74111.95,74260.45,74062.15,72580.91,75173.08,0,not_TREND_DOWN,HYBRID_REJECT,M4_THIN_ONLY_REJECT,REJECT
BTC-USDT-SWAP-LONG-1779938585000-10,OKX_MAY,BTC-USDT-SWAP,2026-05-28,1779940367000,2026-05-28T03:52:47+00:00,LONG,ACCUMULATION,TREND_DOWN,-2.9437,-1.1597,0.06840848875617536,-0.038,0.304,1,0.0934,62,0,0,0,0,1,0,1,OKX_MAY_LONG_736,CLEAR,73312.75,73911.85,73612.3,72140.05,74716.48,0,not_SHORT,HYBRID_REJECT,M4_THIN_ONLY_REJECT,REJECT
BTC-USDT-SWAP-LONG-1779940367000-11,OKX_MAY,BTC-USDT-SWAP,2026-05-28,1779940720000,2026-05-28T03:58:40+00:00,LONG,ACCUMULATION,TREND_DOWN,-3.1416,-1.3957,0.1278121513930471,-0.1554,0.778,1,0.0932,66,1,1,1,0,1,0,2,OKX_MAY_LONG_732,CLEAR,73036.65,73426.945125,73231.8,71767.16,74330.27,0,not_SHORT;buyer_absorption,HYBRID_REJECT,M4_THIN_ONLY_REJECT,REJECT
BTC-USDT-SWAP-SHORT-1779941576000-12,OKX_MAY,BTC-USDT-SWAP,2026-05-28,1779941756000,2026-05-28T04:15:56+00:00,SHORT,DISTRIBUTION,TREND_DOWN,-3.2781,-1.4447,-0.47957739265703225,0.1035,12.809,1,0.096,65,0,0,0,1,1,0,2,OKX_MAY_SHORT_730,CLEAR,73035.45,73121.592525,73078.52,71616.95,74174.7,1,,HYBRID_PASS,M4_THIN_ONLY_REJECT,ACCEPT
BTC-USDT-SWAP-SHORT-1779941772000-13,OKX_MAY,BTC-USDT-SWAP,2026-05-28,1779941987000,2026-05-28T04:19:47+00:00,SHORT,DISTRIBUTION,TREND_DOWN,-3.3078,-0.9042,-0.2784636036164717,-0.2185,7.549,1,0.0967,70,1,1,1,0,1,0,2,OKX_MAY_SHORT_728,CLEAR,72933.05,73071.35,72824.85,71368.35,73917.22,0,buyer_absorption,HYBRID_REJECT,M4_THIN_ONLY_REJECT,REJECT
BTC-USDT-SWAP-SHORT-1779942066000-14,OKX_MAY,BTC-USDT-SWAP,2026-05-28,1779942246000,2026-05-28T04:24:06+00:00,SHORT,DISTRIBUTION,TREND_DOWN,-3.4267,-1.3231,-0.28911190801079334,-0.1475,7.872,1,0.094,61,1,1,1,0,1,0,2,OKX_MAY_SHORT_729,CLEAR,72868.05,72976.65,72922.35,71463.9,74016.19,0,buyer_absorption,HYBRID_REJECT,M4_THIN_ONLY_REJECT,REJECT
BTC-USDT-SWAP-SHORT-1779943598000-15,OKX_MAY,BTC-USDT-SWAP,2026-05-28,1779943778000,2026-05-28T04:49:38+00:00,SHORT,DISTRIBUTION,TREND_DOWN,-3.0515,-0.3891,0.3148663166185951,-0.1886,3.088,1,0.0928,83,0,1,0,0,1,0,1,OKX_MAY_SHORT_728,CLEAR,73105.478975,73178.621025,72898.05,71440.09,73991.52,0,buyer_absorption,HYBRID_REJECT,M4_THIN_ONLY_REJECT,REJECT
BTC-USDT-SWAP-LONG-1779945761000-16,OKX_MAY,BTC-USDT-SWAP,2026-05-28,1779947030000,2026-05-28T05:43:50+00:00,LONG,ACCUMULATION,TREND_DOWN,-3.4577,-0.2579,0.01647034963083489,0.0516,0.0,1,0.0938,74,1,0,1,1,0,0,2,OKX_MAY_LONG_731,CLEAR,72892.55,73048.35,73129.85,71667.25,74226.8,0,not_SHORT,HYBRID_REJECT,M4_THIN_ONLY_REJECT,REJECT
BTC-USDT-SWAP-SHORT-1779949651000-17,OKX_MAY,BTC-USDT-SWAP,2026-05-28,1779949851000,2026-05-28T06:30:51+00:00,SHORT,DISTRIBUTION,TREND_DOWN,-3.743,-0.1248,0.045657787660829924,-0.0401,-0.0,1,0.0941,65,0,0,0,0,0,0,0,OKX_MAY_SHORT_728,CLEAR,72803.43007500001,72924.55,72863.99,71406.71,73956.95,1,confluence_lt_2(0),HYBRID_REJECT,M4_THIN_ONLY_REJECT,REJECT
BTC-USDT-SWAP-LONG-1779949974000-18,OKX_MAY,BTC-USDT-SWAP,2026-05-28,1779950324000,2026-05-28T06:38:44+00:00,LONG,ACCUMULATION,TREND_DOWN,-3.8631,-0.2011,-0.09953164568073983,-0.1174,0.0,1,0.0973,50,0,1,0,0,0,0,0,OKX_MAY_LONG_729,CLEAR,72730.55,72909.686625,72981.95,71522.31,74076.68,0,not_SHORT;buyer_absorption,HYBRID_REJECT,M4_THIN_ONLY_REJECT,REJECT
BTC-USDT-SWAP-LONG-1779950324000-19,OKX_MAY,BTC-USDT-SWAP,2026-05-28,1779953139000,2026-05-28T07:25:39+00:00,LONG,ACCUMULATION,TREND_DOWN,-3.354,0.4947,0.1761612125888192,0.1167,-0.012,1,0.0955,60,1,0,1,1,0,0,2,OKX_MAY_LONG_733,CLEAR,72780.05,73297.75,73351.75,71884.71,74452.03,0,not_SHORT;prior_60m_not_negative,HYBRID_REJECT,M4_THIN_ONLY_REJECT,REJECT
BTC-USDT-SWAP-SHORT-1779954041000-20,OKX_MAY,BTC-USDT-SWAP,2026-05-28,1779954458000,2026-05-28T07:47:38+00:00,SHORT,DISTRIBUTION,TREND_DOWN,-3.2508,0.4286,-0.026082139379633034,-0.2558,0.307,1,0.0945,80,0,1,0,0,1,0,1,OKX_MAY_SHORT_732,CLEAR,73339.361975,73467.95,73235.55,71770.84,74334.08,0,prior_60m_not_negative;buyer_absorption,HYBRID_REJECT,M4_THIN_ONLY_REJECT,REJECT
BTC-USDT-SWAP-SHORT-1779957586000-21,OKX_MAY,BTC-USDT-SWAP,2026-05-28,1779958366000,2026-05-28T08:52:46+00:00,SHORT,DISTRIBUTION,TREND_DOWN,-3.399,-0.1118,0.1685280481614032,-0.0888,1.073,1,0.0982,50,0,0,0,0,1,0,1,OKX_MAY_SHORT_731,CLEAR,73213.72482500001,73334.65,73163.75,71700.48,74261.21,1,confluence_lt_2(1),HYBRID_REJECT,M4_THIN_ONLY_REJECT,REJECT
BTC-USDT-SWAP-LONG-1779961345000-22,OKX_MAY,BTC-USDT-SWAP,2026-05-28,1779962783000,2026-05-28T10:06:23+00:00,LONG,ACCUMULATION,TREND_DOWN,-3.1371,0.2135,0.24516321473420374,-0.1638,0.219,1,0.0939,77,1,1,1,0,1,0,2,OKX_MAY_LONG_735,CLEAR,73400.35,73531.75,73579.95,72108.35,74683.65,0,not_SHORT;prior_60m_not_negative;buyer_absorption,HYBRID_REJECT,M4_THIN_ONLY_REJECT,REJECT
BTC-USDT-SWAP-SHORT-1779963338000-23,OKX_MAY,BTC-USDT-SWAP,2026-05-28,1779964030000,2026-05-28T10:27:10+00:00,SHORT,DISTRIBUTION,TREND_DOWN,-3.5136,-0.0429,-0.2055534659263827,0.1755,3.349,1,0.0936,74,1,0,1,1,1,0,3,OKX_MAY_SHORT_732,CLEAR,73306.65,73569.816525,73220.55,71756.14,74318.86,1,,HYBRID_PASS,M4_THIN_ONLY_REJECT,ACCEPT
BTC-USDT-SWAP-LONG-1779965291000-24,OKX_MAY,BTC-USDT-SWAP,2026-05-28,1779966232000,2026-05-28T11:03:52+00:00,LONG,ACCUMULATION,TREND_DOWN,-3.3877,-0.1637,0.40143786890099253,-0.3155,0.025,1,0.0921,99,0,1,0,0,1,0,1,OKX_MAY_LONG_734,CLEAR,73333.35,73591.027125,73462.19,71992.94,74564.12,0,not_SHORT;buyer_absorption,HYBRID_REJECT,M4_THIN_ONLY_REJECT,REJECT
BTC-USDT-SWAP-SHORT-1779975793000-25,OKX_MAY,BTC-USDT-SWAP,2026-05-28,1779975973000,2026-05-28T13:46:13+00:00,SHORT,DISTRIBUTION,TREND_DOWN,-2.8289,-0.9108,0.11721381675475742,0.0653,3.575,1,0.0932,71,0,0,0,1,1,0,2,OKX_MAY_SHORT_725,ACTIVE,72742.15,72868.86622499999,72594.15,71142.27,73683.06,1,duplicate_cluster_or_cooldown,HYBRID_PASS,M4_THIN_ONLY_REJECT,REJECT
BTC-USDT-SWAP-SHORT-1779975857000-26,OKX_MAY,BTC-USDT-SWAP,2026-05-28,1779976118000,2026-05-28T13:48:38+00:00,SHORT,DISTRIBUTION,TREND_DOWN,-2.8656,-0.9424,-0.20596435726068762,0.0639,-0.004,1,0.0928,68,0,0,0,1,0,0,1,OKX_MAY_SHORT_726,CLEAR,72736.763425,72870.15,72619.95,71167.55,73709.25,1,confluence_lt_2(1),HYBRID_REJECT,M4_THIN_ONLY_REJECT,REJECT
BTC-USDT-SWAP-SHORT-1779978734000-27,OKX_MAY,BTC-USDT-SWAP,2026-05-28,1779978914000,2026-05-28T14:35:14+00:00,SHORT,DISTRIBUTION,TREND_DOWN,-2.8368,-0.0542,-0.32584302381450087,0.0733,4.063,1,0.0939,68,1,0,1,1,1,0,3,OKX_MAY_SHORT_727,ACTIVE,72874.594475,73015.25,72799.25,71343.26,73891.24,1,duplicate_cluster_or_cooldown,HYBRID_PASS,M4_THIN_ONLY_REJECT,REJECT
BTC-USDT-SWAP-SHORT-1780013020000-1,OKX_MAY,BTC-USDT-SWAP,2026-05-29,1780013791000,2026-05-29T00:16:31+00:00,SHORT,DISTRIBUTION,RANGE,-1.0034,0.1888,-0.29742596638562446,-0.1806,0.065,1,0.0921,93,0,1,0,0,1,0,1,OKX_MAY_SHORT_734,CLEAR,73577.442875,73759.65,73410.95,71942.73,74512.11,0,not_TREND_DOWN;prior_60m_not_negative;buyer_absorption,HYBRID_REJECT,M4_THIN_ONLY_REJECT,REJECT
BTC-USDT-SWAP-LONG-1780013302000-2,OKX_MAY,BTC-USDT-SWAP,2026-05-29,1780014167000,2026-05-29T00:22:47+00:00,LONG,ACCUMULATION,RANGE,-0.9514,0.3882,0.10098733138162293,0.1409,5.004,1,0.0968,59,1,0,1,1,1,0,3,OKX_MAY_LONG_737,CLEAR,73593.53482500001,73822.95,73708.24,72234.08,74813.87,0,not_TREND_DOWN;not_SHORT;prior_60m_not_negative,HYBRID_REJECT,M4_THIN_ONLY_REJECT,REJECT
BTC-USDT-SWAP-SHORT-1780014427000-3,OKX_MAY,BTC-USDT-SWAP,2026-05-29,1780015351000,2026-05-29T00:42:31+00:00,SHORT,DISTRIBUTION,RANGE,-0.9957,0.3131,-0.12002010617110301,0.0741,1.036,1,0.0928,78,0,0,0,1,1,0,2,OKX_MAY_SHORT_736,CLEAR,73718.95,73828.15,73681.25,72207.62,74786.47,0,not_TREND_DOWN;prior_60m_not_negative,HYBRID_REJECT,M4_THIN_ONLY_REJECT,REJECT
BTC-USDT-SWAP-SHORT-1780019349000-5,OKX_MAY,BTC-USDT-SWAP,2026-05-29,1780019964000,2026-05-29T01:59:24+00:00,SHORT,DISTRIBUTION,RANGE,-1.0027,-0.1542,-0.20593745577402958,-0.3479,-0.475,1,0.0923,84,0,1,0,0,0,0,0,OKX_MAY_SHORT_733,CLEAR,73435.05,73597.25,73387.05,71919.31,74487.86,0,not_TREND_DOWN;buyer_absorption,HYBRID_REJECT,M4_THIN_ONLY_REJECT,REJECT
BTC-USDT-SWAP-LONG-1780018507000-4,OKX_MAY,BTC-USDT-SWAP,2026-05-29,1780020191000,2026-05-29T02:03:11+00:00,LONG,ACCUMULATION,RANGE,-0.9237,-0.2155,0.08788342805101679,0.186,0.703,1,0.0957,69,1,0,1,1,1,0,3,OKX_MAY_LONG_736,CLEAR,73435.05,73597.25,73635.15,72162.45,74739.68,0,not_TREND_DOWN;not_SHORT,HYBRID_REJECT,M4_THIN_ONLY_REJECT,REJECT
BTC-USDT-SWAP-LONG-1780022015000-6,OKX_MAY,BTC-USDT-SWAP,2026-05-29,1780022198000,2026-05-29T02:36:38+00:00,LONG,ACCUMULATION,RANGE,-1.0152,-0.1201,0.287860036816557,-0.2119,4.865,1,0.0922,88,1,1,1,0,1,0,2,OKX_MAY_LONG_738,CLEAR,73373.245025,73462.05,73807.35,72331.2,74914.46,0,not_TREND_DOWN;not_SHORT;buyer_absorption,HYBRID_REJECT,M4_THIN_ONLY_REJECT,REJECT
BTC-USDT-SWAP-LONG-1780022845000-7,OKX_MAY,BTC-USDT-SWAP,2026-05-29,1780024815000,2026-05-29T03:20:15+00:00,LONG,ACCUMULATION,RANGE,-0.3865,-0.2255,-0.030776860254325685,0.2637,0.819,1,0.096,65,1,0,1,1,1,0,3,OKX_MAY_LONG_736,CLEAR,73164.65,73430.05,73643.95,72171.07,74748.61,0,not_TREND_DOWN;not_SHORT,HYBRID_REJECT,M4_THIN_ONLY_REJECT,REJECT
BTC-USDT-SWAP-SHORT-1780023007000-8,OKX_MAY,BTC-USDT-SWAP,2026-05-29,1780024864000,2026-05-29T03:21:04+00:00,SHORT,DISTRIBUTION,RANGE,-0.4774,-0.1862,0.23276037841847985,-0.2311,0.041,1,0.092,85,0,1,0,0,1,0,1,OKX_MAY_SHORT_732,CLEAR,73164.65,73430.05,73297.35,71831.4,74396.81,0,not_TREND_DOWN;buyer_absorption,HYBRID_REJECT,M4_THIN_ONLY_REJECT,REJECT
BTC-USDT-SWAP-SHORT-1780024864000-9,OKX_MAY,BTC-USDT-SWAP,2026-05-29,1780025044000,2026-05-29T03:24:04+00:00,SHORT,DISTRIBUTION,RANGE,-0.6407,-0.1179,0.15152568730018312,-0.0742,0.952,1,0.0933,82,1,0,1,0,1,0,2,OKX_MAY_SHORT_732,CLEAR,73362.95017499999,73436.349825,73299.95,71833.95,74399.45,0,not_TREND_DOWN,HYBRID_REJECT,M4_THIN_ONLY_REJECT,REJECT
BTC-USDT-SWAP-LONG-1780039523000-11,OKX_MAY,BTC-USDT-SWAP,2026-05-29,1780040949000,2026-05-29T07:49:09+00:00,LONG,ACCUMULATION,RANGE,-0.0187,-0.4714,-0.16424732014213142,-0.1107,1.188,1,0.0908,82,0,1,0,0,1,0,1,OKX_MAY_LONG_738,CLEAR,73335.05,73805.634375,73844.05,72367.17,74951.71,0,not_TREND_DOWN;not_SHORT;buyer_absorption,HYBRID_REJECT,M4_THIN_ONLY_REJECT,REJECT
BTC-USDT-SWAP-LONG-1780047102000-12,OKX_MAY,BTC-USDT-SWAP,2026-05-29,1780047473000,2026-05-29T09:37:53+00:00,LONG,ACCUMULATION,RANGE,0.5177,0.062,-0.2010787194184356,0.0302,0.0,1,0.0886,80,0,0,0,1,0,0,1,OKX_MAY_LONG_738,CLEAR,73773.25,73864.663875,73818.96,72342.58,74926.24,0,not_TREND_DOWN;not_SHORT;prior_60m_not_negative,HYBRID_REJECT,M4_THIN_ONLY_REJECT,REJECT
BTC-USDT-SWAP-SHORT-1780056402000-13,OKX_MAY,BTC-USDT-SWAP,2026-05-29,1780056582000,2026-05-29T12:09:42+00:00,SHORT,DISTRIBUTION,RANGE,-0.1595,-0.3474,-0.31282782209375115,-0.227,6.947,1,0.0946,68,0,1,0,0,1,0,1,OKX_MAY_SHORT_732,CLEAR,73303.379975,73376.720025,73239.95,71775.15,74338.55,0,not_TREND_DOWN;buyer_absorption,HYBRID_REJECT,M4_THIN_ONLY_REJECT,REJECT
BTC-USDT-SWAP-SHORT-1780058765000-14,OKX_MAY,BTC-USDT-SWAP,2026-05-29,1780058945000,2026-05-29T12:49:05+00:00,SHORT,DISTRIBUTION,RANGE,-0.4118,-0.3019,-0.22924861109129027,0.0232,0.642,1,0.0898,97,0,0,0,1,1,0,2,OKX_MAY_SHORT_731,CLEAR,73170.05,73281.772575,73133.15,71670.49,74230.15,0,not_TREND_DOWN,HYBRID_REJECT,M4_THIN_ONLY_REJECT,REJECT
BTC-USDT-SWAP-SHORT-1780058779000-15,OKX_MAY,BTC-USDT-SWAP,2026-05-29,1780059363000,2026-05-29T12:56:03+00:00,SHORT,DISTRIBUTION,RANGE,-0.3152,-0.2012,-0.251191945120827,-0.1998,-0.211,1,0.0931,71,0,1,0,0,0,0,0,OKX_MAY_SHORT_730,CLEAR,73151.955725,73348.55,73090.05,71628.25,74186.4,0,not_TREND_DOWN;buyer_absorption,HYBRID_REJECT,M4_THIN_ONLY_REJECT,REJECT
BTC-USDT-SWAP-SHORT-1780060692000-16,OKX_MAY,BTC-USDT-SWAP,2026-05-29,1780060875000,2026-05-29T13:21:15+00:00,SHORT,DISTRIBUTION,RANGE,-0.1162,-0.3391,0.043804589052185594,0.1121,-0.569,1,0.0923,69,1,0,1,1,0,0,2,OKX_MAY_SHORT_730,CLEAR,73069.09717499999,73142.202825,73020.15,71559.75,74115.45,0,not_TREND_DOWN,HYBRID_REJECT,M4_THIN_ONLY_REJECT,REJECT
BTC-USDT-SWAP-SHORT-1780060924000-17,OKX_MAY,BTC-USDT-SWAP,2026-05-29,1780061363000,2026-05-29T13:29:23+00:00,SHORT,DISTRIBUTION,RANGE,-0.1767,-0.3853,-0.38994655881179585,-0.013,2.19,1,0.0924,78,1,0,1,0,1,0,2,OKX_MAY_SHORT_728,CLEAR,72941.65,73086.575025,72897.15,71439.21,73990.61,0,not_TREND_DOWN,HYBRID_REJECT,M4_THIN_ONLY_REJECT,REJECT
BTC-USDT-SWAP-SHORT-1780061526000-19,OKX_MAY,BTC-USDT-SWAP,2026-05-29,1780062080000,2026-05-29T13:41:20+00:00,SHORT,DISTRIBUTION,RANGE,0.3791,-0.1891,-0.18014201937868285,-0.1822,0.842,1,0.092,76,0,1,0,0,1,0,1,OKX_MAY_SHORT_728,CLEAR,72871.75,73279.85,72833.25,71376.58,73925.75,0,not_TREND_DOWN;buyer_absorption,HYBRID_REJECT,M4_THIN_ONLY_REJECT,REJECT
BTC-USDT-SWAP-LONG-1780061263000-18,OKX_MAY,BTC-USDT-SWAP,2026-05-29,1780062975000,2026-05-29T13:56:15+00:00,LONG,ACCUMULATION,RANGE,0.2528,-0.1537,0.14014955896630688,0.1612,-0.005,1,0.0937,73,1,0,1,1,0,0,2,OKX_MAY_LONG_730,CLEAR,72871.75,73318.95,73095.35,71633.44,74191.78,0,not_TREND_DOWN;not_SHORT,HYBRID_REJECT,M4_THIN_ONLY_REJECT,REJECT
BTC-USDT-SWAP-LONG-1780064970000-20,OKX_MAY,BTC-USDT-SWAP,2026-05-29,1780065973000,2026-05-29T14:46:13+00:00,LONG,ACCUMULATION,RANGE,-0.1963,-0.785,0.22906032986779132,-0.1358,0.226,1,0.0947,72,0,1,0,0,1,0,1,OKX_MAY_LONG_739,CLEAR,72538.45,72855.29999999999,73983.75,72504.07,75093.51,0,not_TREND_DOWN;not_SHORT;buyer_absorption,HYBRID_REJECT,M4_THIN_ONLY_REJECT,REJECT
BTC-USDT-SWAP-LONG-1780066592000-21,OKX_MAY,BTC-USDT-SWAP,2026-05-29,1780067671000,2026-05-29T15:14:31+00:00,LONG,ACCUMULATION,RANGE,1.078,0.9262,0.298225356954096,0.2058,9.369,1,0.093,86,1,1,1,1,1,0,3,OKX_MAY_LONG_738,CLEAR,72943.460025,73726.45,73841.25,72364.43,74948.87,0,not_TREND_DOWN;not_SHORT;prior_60m_not_negative;buyer_absorption,HYBRID_REJECT,M4_THIN_ONLY_REJECT,REJECT
BTC-USDT-SWAP-LONG-1780069108000-22,OKX_MAY,BTC-USDT-SWAP,2026-05-29,1780069711000,2026-05-29T15:48:31+00:00,LONG,ACCUMULATION,RANGE,1.0613,1.4601,0.058300015122157295,-0.1354,0.809,1,0.0947,64,0,1,0,0,1,0,1,OKX_MAY_LONG_739,CLEAR,73693.05,74158.55,73925.8,72447.28,75034.69,0,not_TREND_DOWN;not_SHORT;prior_60m_not_negative;buyer_absorption,HYBRID_REJECT,M4_THIN_ONLY_REJECT,REJECT
BTC-USDT-SWAP-LONG-1780069154000-23,OKX_MAY,BTC-USDT-SWAP,2026-05-29,1780069711000,2026-05-29T15:48:31+00:00,LONG,ACCUMULATION,RANGE,1.0613,1.4601,0.037879356626509944,-0.1354,0.809,1,0.0947,64,0,1,0,0,1,0,1,OKX_MAY_LONG_739,CLEAR,73693.05,74158.55,73925.8,72447.28,75034.69,0,not_TREND_DOWN;not_SHORT;prior_60m_not_negative;buyer_absorption,HYBRID_REJECT,M4_THIN_ONLY_REJECT,REJECT
BTC-USDT-SWAP-LONG-1780069269000-24,OKX_MAY,BTC-USDT-SWAP,2026-05-29,1780069711000,2026-05-29T15:48:31+00:00,LONG,ACCUMULATION,RANGE,1.0613,1.4601,-0.45340620364510853,-0.1354,0.809,1,0.0947,64,0,1,0,0,1,0,1,OKX_MAY_LONG_739,CLEAR,73693.05,74167.815375,73930.43,72451.82,75039.39,0,not_TREND_DOWN;not_SHORT;prior_60m_not_negative;buyer_absorption,HYBRID_REJECT,M4_THIN_ONLY_REJECT,REJECT
BTC-USDT-SWAP-SHORT-1780099258000-1,OKX_MAY,BTC-USDT-SWAP,2026-05-30,1780100007000,2026-05-30T00:13:27+00:00,SHORT,DISTRIBUTION,RANGE,-0.3157,0.1348,-0.06652450903693248,-0.1218,0.23,1,0.0928,77,0,1,0,0,1,0,1,OKX_MAY_SHORT_733,CLEAR,73397.35,73495.05,73359.95,71892.75,74460.35,0,not_TREND_DOWN;prior_60m_not_negative;buyer_absorption,HYBRID_REJECT,M4_THIN_ONLY_REJECT,REJECT
BTC-USDT-SWAP-LONG-1780099651000-2,OKX_MAY,BTC-USDT-SWAP,2026-05-30,1780100064000,2026-05-30T00:14:24+00:00,LONG,ACCUMULATION,RANGE,-0.349,0.0933,0.01829419941643387,0.0263,0.099,1,0.0943,69,1,0,1,1,1,0,3,OKX_MAY_LONG_735,CLEAR,73392.235525,73495.05,73543.05,72072.19,74646.2,0,not_TREND_DOWN;not_SHORT;prior_60m_not_negative,HYBRID_REJECT,M4_THIN_ONLY_REJECT,REJECT
BTC-USDT-SWAP-LONG-1780103688000-3,OKX_MAY,BTC-USDT-SWAP,2026-05-30,1780103910000,2026-05-30T01:18:30+00:00,LONG,ACCUMULATION,RANGE,-0.2761,0.039,0.16689066517573328,0.0062,0.613,1,0.0974,62,0,0,0,1,1,0,2,OKX_MAY_LONG_736,CLEAR,73512.57532500001,73586.124675,73632.15,72159.51,74736.63,0,not_TREND_DOWN;not_SHORT;prior_60m_not_negative,HYBRID_REJECT,M4_THIN_ONLY_REJECT,REJECT
BTC-USDT-SWAP-SHORT-1780103833000-4,OKX_MAY,BTC-USDT-SWAP,2026-05-30,1780104504000,2026-05-30T01:28:24+00:00,SHORT,DISTRIBUTION,RANGE,-0.0054,0.1952,-0.011065542995879567,-0.2767,-0.571,1,0.0947,71,0,1,0,0,0,0,0,OKX_MAY_SHORT_734,CLEAR,73516.873175,73617.65,73460.05,71990.85,74561.95,0,not_TREND_DOWN;prior_60m_not_negative;buyer_absorption,HYBRID_REJECT,M4_THIN_ONLY_REJECT,REJECT
BTC-USDT-SWAP-LONG-1780104761000-5,OKX_MAY,BTC-USDT-SWAP,2026-05-30,1780104941000,2026-05-30T01:35:41+00:00,LONG,ACCUMULATION,RANGE,0.1319,0.3041,0.040569826947352526,0.1544,6.136,1,0.0968,55,1,0,1,1,1,0,3,OKX_MAY_LONG_736,CLEAR,73579.741725,73653.358275,73616.55,72144.22,74720.8,0,not_TREND_DOWN;not_SHORT;prior_60m_not_negative,HYBRID_REJECT,M4_THIN_ONLY_REJECT,REJECT
BTC-USDT-SWAP-SHORT-1780106792000-6,OKX_MAY,BTC-USDT-SWAP,2026-05-30,1780107450000,2026-05-30T02:17:30+00:00,SHORT,DISTRIBUTION,RANGE,0.0569,0.1126,-0.04448936326389534,0.0292,1.665,1,0.0952,73,1,0,1,1,1,0,3,OKX_MAY_SHORT_735,CLEAR,73613.224975,73686.875025,73535.75,72065.04,74638.79,0,not_TREND_DOWN;prior_60m_not_negative,HYBRID_REJECT,M4_THIN_ONLY_REJECT,REJECT
BTC-USDT-SWAP-LONG-1780108960000-7,OKX_MAY,BTC-USDT-SWAP,2026-05-30,1780109140000,2026-05-30T02:45:40+00:00,LONG,ACCUMULATION,RANGE,0.4374,0.0962,0.38696355217593825,0.014,0.272,1,0.0967,57,0,1,0,1,1,0,2,OKX_MAY_LONG_736,CLEAR,73654.404375,73728.095625,73691.25,72217.43,74796.62,0,not_TREND_DOWN;not_SHORT;prior_60m_not_negative;buyer_absorption,HYBRID_REJECT,M4_THIN_ONLY_REJECT,REJECT
BTC-USDT-SWAP-SHORT-1780109964000-8,OKX_MAY,BTC-USDT-SWAP,2026-05-30,1780110576000,2026-05-30T03:09:36+00:00,SHORT,DISTRIBUTION,RANGE,0.4113,0.1104,0.06693630239354059,0.0133,-0.053,1,0.0958,73,0,0,0,1,0,0,1,OKX_MAY_SHORT_736,CLEAR,73686.35,73763.31322499999,73609.25,72137.07,74713.39,0,not_TREND_DOWN;prior_60m_not_negative,HYBRID_REJECT,M4_THIN_ONLY_REJECT,REJECT
BTC-USDT-SWAP-SHORT-1780114672000-9,OKX_MAY,BTC-USDT-SWAP,2026-05-30,1780114860000,2026-05-30T04:21:00+00:00,SHORT,DISTRIBUTION,RANGE,0.2169,-0.445,-0.29007112627683723,0.1478,4.577,1,0.0948,87,0,0,0,1,1,0,2,OKX_MAY_SHORT_733,CLEAR,73341.061125,73414.438875,73300.05,71834.05,74399.55,0,not_TREND_DOWN,HYBRID_REJECT,M4_THIN_ONLY_REJECT,REJECT
BTC-USDT-SWAP-SHORT-1780116018000-11,OKX_MAY,BTC-USDT-SWAP,2026-05-30,1780116198000,2026-05-30T04:43:18+00:00,SHORT,DISTRIBUTION,RANGE,-0.2184,-0.3663,-0.19336114107024038,0.0189,-0.419,1,0.0952,80,1,0,1,1,0,0,2,OKX_MAY_SHORT_732,CLEAR,73199.53192499999,73272.768075,73236.15,71771.43,74334.69,0,not_TREND_DOWN,HYBRID_REJECT,M4_THIN_ONLY_REJECT,REJECT
BTC-USDT-SWAP-LONG-1780115944000-10,OKX_MAY,BTC-USDT-SWAP,2026-05-30,1780117082000,2026-05-30T04:58:02+00:00,LONG,ACCUMULATION,RANGE,-0.1611,-0.2181,0.23795774593822364,0.371,1.275,1,0.0952,61,1,1,1,1,1,0,3,OKX_MAY_LONG_735,CLEAR,73211.425975,73358.75,73520.05,72049.65,74622.85,0,not_TREND_DOWN;not_SHORT;buyer_absorption,HYBRID_REJECT,M4_THIN_ONLY_REJECT,REJECT
BTC-USDT-SWAP-LONG-1780117082000-13,OKX_MAY,BTC-USDT-SWAP,2026-05-30,1780117262000,2026-05-30T05:01:02+00:00,LONG,ACCUMULATION,RANGE,-0.1765,-0.2466,0.087276265162813,0.3088,3.921,1,0.0932,86,1,0,1,1,1,0,3,OKX_MAY_LONG_735,CLEAR,73296.28352499999,73369.616475,73520.05,72049.65,74622.85,0,not_TREND_DOWN;not_SHORT,HYBRID_REJECT,M4_THIN_ONLY_REJECT,REJECT
BTC-USDT-SWAP-SHORT-1780116898000-12,OKX_MAY,BTC-USDT-SWAP,2026-05-30,1780117330000,2026-05-30T05:02:10+00:00,SHORT,DISTRIBUTION,RANGE,-0.2207,-0.2841,-0.12512212133411652,-0.3193,-0.007,1,0.095,73,0,1,0,0,0,0,0,OKX_MAY_SHORT_733,CLEAR,73278.292525,73374.25,73326.27,71859.75,74426.17,0,not_TREND_DOWN;buyer_absorption,HYBRID_REJECT,M4_THIN_ONLY_REJECT,REJECT
BTC-USDT-SWAP-LONG-1780123074000-14,OKX_MAY,BTC-USDT-SWAP,2026-05-30,1780123493000,2026-05-30T06:44:53+00:00,LONG,ACCUMULATION,RANGE,-0.0649,0.098,-0.21349923885978989,0.2178,-0.328,1,0.096,57,0,0,0,1,0,0,1,OKX_MAY_LONG_737,CLEAR,73589.536825,73663.16317500001,73744.95,72270.05,74851.12,0,not_TREND_DOWN;not_SHORT;prior_60m_not_negative,HYBRID_REJECT,M4_THIN_ONLY_REJECT,REJECT
BTC-USDT-SWAP-LONG-1780147156000-15,OKX_MAY,BTC-USDT-SWAP,2026-05-30,1780148436000,2026-05-30T13:40:36+00:00,LONG,ACCUMULATION,RANGE,0.7167,0.0274,0.1169107775545841,-0.4458,-0.265,1,0.094,70,0,1,0,0,0,0,0,OKX_MAY_LONG_738,CLEAR,73629.75,73796.35,73849.85,72372.85,74957.6,0,not_TREND_DOWN;not_SHORT;prior_60m_not_negative;buyer_absorption,HYBRID_REJECT,M4_THIN_ONLY_REJECT,REJECT
BTC-USDT-SWAP-LONG-1780150128000-17,OKX_MAY,BTC-USDT-SWAP,2026-05-30,1780150704000,2026-05-30T14:18:24+00:00,LONG,ACCUMULATION,RANGE,1.4558,0.3074,-0.1760986306912413,0.0456,0.294,1,0.096,67,1,0,1,1,1,0,3,OKX_MAY_LONG_740,CLEAR,73842.75,73972.85,74010.65,72530.44,75120.81,0,not_TREND_DOWN;not_SHORT;prior_60m_not_negative,HYBRID_REJECT,M4_THIN_ONLY_REJECT,REJECT
BTC-USDT-SWAP-SHORT-1780149688000-16,OKX_MAY,BTC-USDT-SWAP,2026-05-30,1780151563000,2026-05-30T14:32:43+00:00,SHORT,DISTRIBUTION,RANGE,1.7313,0.4426,0.08150550721212108,-0.1705,0.782,1,0.0959,57,0,1,0,0,1,0,1,OKX_MAY_SHORT_739,CLEAR,73742.75,74109.75,73926.25,72447.73,75035.14,0,not_TREND_DOWN;prior_60m_not_negative;buyer_absorption,HYBRID_REJECT,M4_THIN_ONLY_REJECT,REJECT
BTC-USDT-SWAP-LONG-1780151979000-19,OKX_MAY,BTC-USDT-SWAP,2026-05-30,1780152159000,2026-05-30T14:42:39+00:00,LONG,ACCUMULATION,RANGE,1.8524,0.4251,-0.1410227337604367,0.0706,1.828,1,0.0941,72,1,0,1,1,1,0,3,OKX_MAY_LONG_739,CLEAR,73742.75,74109.75,73926.25,72447.73,75035.14,0,not_TREND_DOWN;not_SHORT;prior_60m_not_negative,HYBRID_REJECT,M4_THIN_ONLY_REJECT,REJECT
BTC-USDT-SWAP-SHORT-1780151563000-18,OKX_MAY,BTC-USDT-SWAP,2026-05-30,1780153195000,2026-05-30T14:59:55+00:00,SHORT,DISTRIBUTION,RANGE,1.1343,0.1377,-0.26134670833837353,0.2228,0.037,1,0.0956,62,1,0,1,1,1,0,3,OKX_MAY_SHORT_739,CLEAR,73742.75,74109.75,73926.25,72447.73,75035.14,0,not_TREND_DOWN;prior_60m_not_negative,HYBRID_REJECT,M4_THIN_ONLY_REJECT,REJECT
