event_id,event_family,exchange,window_id,ts_iso,price,outcome,hit2,hit2_5,hit3,loss,timeout,mfe,mae,time_to_2,time_to_2_5,time_to_3
By-W1_NOVEMBER-ACTI-61,ACTIVE_MARKDOWN_EVENT,Bybit,W1_NOVEMBER,2025-11-19T01:01:00+00:00,92355.25,WIN,1,0,0,0,0,2.061,0.486,276,,
By-W1_NOVEMBER-ACTI-96,ACTIVE_MARKDOWN_EVENT,Bybit,W1_NOVEMBER,2025-11-19T01:36:00+00:00,92236.85,WIN,1,0,0,0,0,2.008,0.615,245,,
By-W1_NOVEMBER-ACTI-191,ACTIVE_MARKDOWN_EVENT,Bybit,W1_NOVEMBER,2025-11-19T03:11:00+00:00,92349.95,WIN,1,0,0,0,0,2.056,0.024,146,,
By-W1_NOVEMBER-ACTI-354,ACTIVE_MARKDOWN_EVENT,Bybit,W1_NOVEMBER,2025-11-19T05:54:00+00:00,90305.85,LOSS,0,0,0,1,0,0.068,1.515,,,
By-W1_NOVEMBER-ACTI-482,ACTIVE_MARKDOWN_EVENT,Bybit,W1_NOVEMBER,2025-11-19T08:02:00+00:00,91765.55,WIN,1,0,0,0,0,2.018,0.579,473,,
By-W1_NOVEMBER-ACTI-523,ACTIVE_MARKDOWN_EVENT,Bybit,W1_NOVEMBER,2025-11-19T08:43:00+00:00,91547.95,WIN,1,0,0,0,0,2.027,0.818,456,,
By-W1_NOVEMBER-ACTI-567,ACTIVE_MARKDOWN_EVENT,Bybit,W1_NOVEMBER,2025-11-19T09:27:00+00:00,91167.15,WIN,1,0,0,0,0,2.031,1.239,467,,
By-W1_NOVEMBER-ACTI-623,ACTIVE_MARKDOWN_EVENT,Bybit,W1_NOVEMBER,2025-11-19T10:23:00+00:00,91347.05,WIN,1,0,0,0,0,2.039,1.04,372,,
By-W1_NOVEMBER-ACTI-657,ACTIVE_MARKDOWN_EVENT,Bybit,W1_NOVEMBER,2025-11-19T10:57:00+00:00,91289.05,WIN,1,0,0,0,0,2.03,1.104,339,,
By-W1_NOVEMBER-ACTI-714,ACTIVE_MARKDOWN_EVENT,Bybit,W1_NOVEMBER,2025-11-19T11:54:00+00:00,91374.05,WIN,1,0,0,0,0,2.068,1.01,281,,
By-W1_NOVEMBER-ACTI-793,ACTIVE_MARKDOWN_EVENT,Bybit,W1_NOVEMBER,2025-11-19T13:13:00+00:00,91608.15,WIN,1,0,0,0,0,2.092,0.752,186,,
By-W1_NOVEMBER-ACTI-923,ACTIVE_MARKDOWN_EVENT,Bybit,W1_NOVEMBER,2025-11-19T15:23:00+00:00,91415.55,WIN,1,0,0,0,0,2.025,0.021,63,,
By-W1_NOVEMBER-ACTI-961,ACTIVE_MARKDOWN_EVENT,Bybit,W1_NOVEMBER,2025-11-19T16:01:00+00:00,90133.35,LOSS,0,0,0,1,0,1.712,1.544,,,
By-W1_NOVEMBER-ACTI-1061,ACTIVE_MARKDOWN_EVENT,Bybit,W1_NOVEMBER,2025-11-19T17:41:00+00:00,89193.95,LOSS,0,0,0,1,0,0.677,1.553,,,
By-W1_NOVEMBER-ACTI-1298,ACTIVE_MARKDOWN_EVENT,Bybit,W1_NOVEMBER,2025-11-19T21:38:00+00:00,90407.55,LOSS,0,0,0,1,0,0.342,1.527,,,
By-W1_NOVEMBER-ACTI-1329,ACTIVE_MARKDOWN_EVENT,Bybit,W1_NOVEMBER,2025-11-19T22:09:00+00:00,90416.05,LOSS,0,0,0,1,0,0.351,1.517,,,
By-W1_NOVEMBER-ACTI-1366,ACTIVE_MARKDOWN_EVENT,Bybit,W1_NOVEMBER,2025-11-19T22:46:00+00:00,90333.45,LOSS,0,0,0,1,0,0.0,1.501,,,
By-W1_NOVEMBER-ACTI-1421,ACTIVE_MARKDOWN_EVENT,Bybit,W1_NOVEMBER,2025-11-19T23:41:00+00:00,91340.05,LOSS,0,0,0,1,0,0.159,1.531,,,
By-W1_NOVEMBER-ACTI-1490,ACTIVE_MARKDOWN_EVENT,Bybit,W1_NOVEMBER,2025-11-20T00:50:00+00:00,91916.95,TIMEOUT,0,0,0,0,1,0.255,1.31,,,
By-W1_NOVEMBER-ACTI-1569,ACTIVE_MARKDOWN_EVENT,Bybit,W1_NOVEMBER,2025-11-20T02:09:00+00:00,92410.95,TIMEOUT,0,0,0,0,1,1.022,0.768,,,
By-W1_NOVEMBER-ACTI-1602,ACTIVE_MARKDOWN_EVENT,Bybit,W1_NOVEMBER,2025-11-20T02:42:00+00:00,92413.05,TIMEOUT,0,0,0,0,1,1.024,0.766,,,
By-W1_NOVEMBER-ACTI-1675,ACTIVE_MARKDOWN_EVENT,Bybit,W1_NOVEMBER,2025-11-20T03:55:00+00:00,92412.55,TIMEOUT,0,0,0,0,1,1.041,0.767,,,
By-W1_NOVEMBER-ACTI-1760,ACTIVE_MARKDOWN_EVENT,Bybit,W1_NOVEMBER,2025-11-20T05:20:00+00:00,92758.05,TIMEOUT,0,0,0,0,1,1.41,0.056,,,
By-W1_NOVEMBER-ACTI-1823,ACTIVE_MARKDOWN_EVENT,Bybit,W1_NOVEMBER,2025-11-20T06:23:00+00:00,92410.55,TIMEOUT,0,0,0,0,1,1.98,0.073,,,
By-W1_NOVEMBER-ACTI-1931,ACTIVE_MARKDOWN_EVENT,Bybit,W1_NOVEMBER,2025-11-20T08:11:00+00:00,92180.05,WIN,1,0,0,0,0,2.075,0.122,424,,
By-W1_NOVEMBER-ACTI-1970,ACTIVE_MARKDOWN_EVENT,Bybit,W1_NOVEMBER,2025-11-20T08:50:00+00:00,92148.05,WIN,1,0,0,0,0,2.041,0.006,385,,
By-W1_NOVEMBER-ACTI-2184,ACTIVE_MARKDOWN_EVENT,Bybit,W1_NOVEMBER,2025-11-20T12:24:00+00:00,91745.05,WIN,1,0,0,0,0,2.11,0.445,215,,
By-W1_NOVEMBER-ACTI-2273,ACTIVE_MARKDOWN_EVENT,Bybit,W1_NOVEMBER,2025-11-20T13:53:00+00:00,91835.35,WIN,1,0,0,0,0,2.043,0.0,125,,
By-W1_NOVEMBER-ACTI-2319,ACTIVE_MARKDOWN_EVENT,Bybit,W1_NOVEMBER,2025-11-20T14:39:00+00:00,91126.85,WIN,1,0,0,0,0,2.256,0.052,86,,
By-W1_NOVEMBER-ACTI-2360,ACTIVE_MARKDOWN_EVENT,Bybit,W1_NOVEMBER,2025-11-20T15:20:00+00:00,90551.55,WIN,1,0,0,0,0,2.074,0.195,51,,
By-W1_NOVEMBER-ACTI-2475,ACTIVE_MARKDOWN_EVENT,Bybit,W1_NOVEMBER,2025-11-20T17:15:00+00:00,87114.75,TIMEOUT,0,0,0,0,1,1.171,1.216,,,
By-W1_NOVEMBER-ACTI-2544,ACTIVE_MARKDOWN_EVENT,Bybit,W1_NOVEMBER,2025-11-20T18:24:00+00:00,86915.25,TIMEOUT,0,0,0,0,1,0.944,1.448,,,
By-W1_NOVEMBER-ACTI-2618,ACTIVE_MARKDOWN_EVENT,Bybit,W1_NOVEMBER,2025-11-20T19:38:00+00:00,86450.05,LOSS,0,0,0,1,0,0.186,1.504,,,
By-W1_NOVEMBER-ACTI-2652,ACTIVE_MARKDOWN_EVENT,Bybit,W1_NOVEMBER,2025-11-20T20:12:00+00:00,86460.25,LOSS,0,0,0,1,0,0.198,1.61,,,
By-W1_NOVEMBER-ACTI-2683,ACTIVE_MARKDOWN_EVENT,Bybit,W1_NOVEMBER,2025-11-20T20:43:00+00:00,86488.35,LOSS,0,0,0,1,0,0.092,1.577,,,
By-W1_NOVEMBER-ACTI-2758,ACTIVE_MARKDOWN_EVENT,Bybit,W1_NOVEMBER,2025-11-20T21:58:00+00:00,87253.05,WIN,1,0,0,0,0,2.021,1.055,300,,
By-W1_NOVEMBER-ACTI-2798,ACTIVE_MARKDOWN_EVENT,Bybit,W1_NOVEMBER,2025-11-20T22:38:00+00:00,87711.25,WIN,1,0,0,0,0,2.111,0.511,246,,
By-W1_NOVEMBER-ACTI-2829,ACTIVE_MARKDOWN_EVENT,Bybit,W1_NOVEMBER,2025-11-20T23:09:00+00:00,87601.05,WIN,1,0,0,0,0,2.207,0.12,223,,
By-W1_NOVEMBER-ACTI-2862,ACTIVE_MARKDOWN_EVENT,Bybit,W1_NOVEMBER,2025-11-20T23:42:00+00:00,86976.05,WIN,1,0,0,0,0,2.137,0.536,458,,
By-W1_NOVEMBER-ACTI-2913,ACTIVE_MARKDOWN_EVENT,Bybit,W1_NOVEMBER,2025-11-21T00:33:00+00:00,87112.55,WIN,1,0,0,0,0,2.29,0.378,407,,
By-W1_NOVEMBER-ACTI-2949,ACTIVE_MARKDOWN_EVENT,Bybit,W1_NOVEMBER,2025-11-21T01:09:00+00:00,87162.25,WIN,1,0,0,0,0,2.017,0.197,110,,
By-W1_NOVEMBER-ACTI-2999,ACTIVE_MARKDOWN_EVENT,Bybit,W1_NOVEMBER,2025-11-21T01:59:00+00:00,87010.95,WIN,1,0,0,0,0,2.176,0.0,321,,
By-W1_NOVEMBER-ACTI-3036,ACTIVE_MARKDOWN_EVENT,Bybit,W1_NOVEMBER,2025-11-21T02:36:00+00:00,86512.95,WIN,1,0,0,0,0,2.004,0.0,296,,
By-W1_NOVEMBER-ACTI-3082,ACTIVE_MARKDOWN_EVENT,Bybit,W1_NOVEMBER,2025-11-21T03:22:00+00:00,85749.25,WIN,1,1,1,0,0,3.088,0.642,251,251,251
By-W1_NOVEMBER-ACTI-3124,ACTIVE_MARKDOWN_EVENT,Bybit,W1_NOVEMBER,2025-11-21T04:04:00+00:00,85789.55,WIN,1,1,1,0,0,3.133,0.595,209,209,209
By-W1_NOVEMBER-ACTI-3221,ACTIVE_MARKDOWN_EVENT,Bybit,W1_NOVEMBER,2025-11-21T05:41:00+00:00,85887.75,WIN,1,1,1,0,0,3.244,0.334,112,112,112
By-W1_NOVEMBER-ACTI-3252,ACTIVE_MARKDOWN_EVENT,Bybit,W1_NOVEMBER,2025-11-21T06:12:00+00:00,85957.35,WIN,1,1,1,0,0,3.322,0.0,81,81,81
By-W1_NOVEMBER-ACTI-3336,ACTIVE_MARKDOWN_EVENT,Bybit,W1_NOVEMBER,2025-11-21T07:36:00+00:00,83475.65,WIN,1,0,0,0,0,2.476,1.39,285,,
By-W1_NOVEMBER-ACTI-3388,ACTIVE_MARKDOWN_EVENT,Bybit,W1_NOVEMBER,2025-11-21T08:28:00+00:00,84257.95,WIN,1,0,0,0,0,2.076,0.157,73,,
By-W1_NOVEMBER-ACTI-3439,ACTIVE_MARKDOWN_EVENT,Bybit,W1_NOVEMBER,2025-11-21T09:19:00+00:00,83611.55,WIN,1,0,0,0,0,2.034,0.0,44,,
By-W1_NOVEMBER-ACTI-3564,ACTIVE_MARKDOWN_EVENT,Bybit,W1_NOVEMBER,2025-11-21T11:24:00+00:00,83046.25,WIN,1,0,0,0,0,2.332,0.056,59,,
By-W1_NOVEMBER-ACTI-3595,ACTIVE_MARKDOWN_EVENT,Bybit,W1_NOVEMBER,2025-11-21T11:55:00+00:00,82284.05,LOSS,0,0,0,1,0,1.926,1.514,,,
By-W1_NOVEMBER-ACTI-3630,ACTIVE_MARKDOWN_EVENT,Bybit,W1_NOVEMBER,2025-11-21T12:30:00+00:00,81390.85,LOSS,0,0,0,1,0,0.0,1.653,,,
By-W1_NOVEMBER-ACTI-3691,ACTIVE_MARKDOWN_EVENT,Bybit,W1_NOVEMBER,2025-11-21T13:31:00+00:00,83531.25,LOSS,0,0,0,1,0,0.148,1.578,,,
By-W1_NOVEMBER-ACTI-3722,ACTIVE_MARKDOWN_EVENT,Bybit,W1_NOVEMBER,2025-11-21T14:02:00+00:00,83922.85,LOSS,0,0,0,1,0,0.469,1.726,,,
By-W1_NOVEMBER-ACTI-3786,ACTIVE_MARKDOWN_EVENT,Bybit,W1_NOVEMBER,2025-11-21T15:06:00+00:00,84630.45,WIN,1,0,0,0,0,2.036,0.0,33,,
By-W1_NOVEMBER-ACTI-3821,ACTIVE_MARKDOWN_EVENT,Bybit,W1_NOVEMBER,2025-11-21T15:41:00+00:00,82948.55,LOSS,0,0,0,1,0,0.634,1.781,,,
By-W1_NOVEMBER-ACTI-3922,ACTIVE_MARKDOWN_EVENT,Bybit,W1_NOVEMBER,2025-11-21T17:22:00+00:00,85158.05,WIN,1,0,0,0,0,2.051,0.333,55,,
By-W1_NOVEMBER-ACTI-3953,ACTIVE_MARKDOWN_EVENT,Bybit,W1_NOVEMBER,2025-11-21T17:53:00+00:00,84885.05,TIMEOUT,0,0,0,0,1,1.862,0.705,,,
By-W1_NOVEMBER-ACTI-4025,ACTIVE_MARKDOWN_EVENT,Bybit,W1_NOVEMBER,2025-11-21T19:05:00+00:00,84632.85,TIMEOUT,0,0,0,0,1,1.416,1.006,,,
By-W1_NOVEMBER-ACTI-4056,ACTIVE_MARKDOWN_EVENT,Bybit,W1_NOVEMBER,2025-11-21T19:36:00+00:00,84713.45,TIMEOUT,0,0,0,0,1,1.51,0.909,,,
By-W1_NOVEMBER-ACTI-4087,ACTIVE_MARKDOWN_EVENT,Bybit,W1_NOVEMBER,2025-11-21T20:07:00+00:00,83860.05,LOSS,0,0,0,1,0,0.508,1.565,,,
By-W1_NOVEMBER-ACTI-4155,ACTIVE_MARKDOWN_EVENT,Bybit,W1_NOVEMBER,2025-11-21T21:15:00+00:00,84452.75,TIMEOUT,0,0,0,0,1,0.756,1.221,,,
By-W1_NOVEMBER-ACTI-4197,ACTIVE_MARKDOWN_EVENT,Bybit,W1_NOVEMBER,2025-11-21T21:57:00+00:00,85161.45,TIMEOUT,0,0,0,0,1,1.582,0.379,,,
By-W1_NOVEMBER-ACTI-4229,ACTIVE_MARKDOWN_EVENT,Bybit,W1_NOVEMBER,2025-11-21T22:29:00+00:00,84795.05,TIMEOUT,0,0,0,0,1,1.157,0.812,,,
By-W1_NOVEMBER-ACTI-4261,ACTIVE_MARKDOWN_EVENT,Bybit,W1_NOVEMBER,2025-11-21T23:01:00+00:00,84165.05,LOSS,0,0,0,1,0,0.095,1.567,,,
By-W1_NOVEMBER-ACTI-4321,ACTIVE_MARKDOWN_EVENT,Bybit,W1_NOVEMBER,2025-11-22T00:01:00+00:00,85094.85,TIMEOUT,0,0,0,0,1,1.505,0.457,,,
By-W1_NOVEMBER-ACTI-4352,ACTIVE_MARKDOWN_EVENT,Bybit,W1_NOVEMBER,2025-11-22T00:32:00+00:00,85081.05,TIMEOUT,0,0,0,0,1,1.489,0.176,,,
By-W1_NOVEMBER-ACTI-4448,ACTIVE_MARKDOWN_EVENT,Bybit,W1_NOVEMBER,2025-11-22T02:08:00+00:00,84910.35,TIMEOUT,0,0,0,0,1,1.291,0.0,,,
By-W1_NOVEMBER-ACTI-4480,ACTIVE_MARKDOWN_EVENT,Bybit,W1_NOVEMBER,2025-11-22T02:40:00+00:00,84341.45,TIMEOUT,0,0,0,0,1,0.868,0.475,,,
By-W1_NOVEMBER-ACTI-4729,ACTIVE_MARKDOWN_EVENT,Bybit,W1_NOVEMBER,2025-11-22T06:49:00+00:00,84483.05,TIMEOUT,0,0,0,0,1,1.146,0.253,,,
By-W1_NOVEMBER-ACTI-4818,ACTIVE_MARKDOWN_EVENT,Bybit,W1_NOVEMBER,2025-11-22T08:18:00+00:00,84240.15,TIMEOUT,0,0,0,0,1,0.861,0.446,,,
By-W1_NOVEMBER-ACTI-5039,ACTIVE_MARKDOWN_EVENT,Bybit,W1_NOVEMBER,2025-11-22T11:59:00+00:00,84061.15,TIMEOUT,0,0,0,0,1,0.569,0.874,,,
By-W1_NOVEMBER-ACTI-5125,ACTIVE_MARKDOWN_EVENT,Bybit,W1_NOVEMBER,2025-11-22T13:25:00+00:00,83776.95,TIMEOUT,0,0,0,0,1,0.098,1.216,,,
By-W1_NOVEMBER-ACTI-5206,ACTIVE_MARKDOWN_EVENT,Bybit,W1_NOVEMBER,2025-11-22T14:46:00+00:00,84226.05,TIMEOUT,0,0,0,0,1,0.267,0.677,,,
By-W1_NOVEMBER-ACTI-5259,ACTIVE_MARKDOWN_EVENT,Bybit,W1_NOVEMBER,2025-11-22T15:39:00+00:00,84191.75,TIMEOUT,0,0,0,0,1,0.227,1.137,,,
By-W1_NOVEMBER-ACTI-5343,ACTIVE_MARKDOWN_EVENT,Bybit,W1_NOVEMBER,2025-11-22T17:03:00+00:00,84490.75,TIMEOUT,0,0,0,0,1,0.325,0.779,,,
By-W1_NOVEMBER-ACTI-5490,ACTIVE_MARKDOWN_EVENT,Bybit,W1_NOVEMBER,2025-11-22T19:30:00+00:00,84530.75,TIMEOUT,0,0,0,0,1,0.373,0.731,,,
By-W1_NOVEMBER-ACTI-5709,ACTIVE_MARKDOWN_EVENT,Bybit,W1_NOVEMBER,2025-11-22T23:09:00+00:00,84874.25,TIMEOUT,0,0,0,0,1,0.291,0.16,,,
By-W1_NOVEMBER-ACTI-5748,ACTIVE_MARKDOWN_EVENT,Bybit,W1_NOVEMBER,2025-11-22T23:48:00+00:00,84767.15,TIMEOUT,0,0,0,0,1,0.165,0.0,,,
By-W1_NOVEMBER-SELL-61,SELL_PRESSURE_NO_ABSORPTION_EVENT,Bybit,W1_NOVEMBER,2025-11-19T01:01:00+00:00,92355.25,WIN,1,0,0,0,0,2.061,0.486,276,,
By-W1_NOVEMBER-SELL-96,SELL_PRESSURE_NO_ABSORPTION_EVENT,Bybit,W1_NOVEMBER,2025-11-19T01:36:00+00:00,92236.85,WIN,1,0,0,0,0,2.008,0.615,245,,
By-W1_NOVEMBER-SELL-191,SELL_PRESSURE_NO_ABSORPTION_EVENT,Bybit,W1_NOVEMBER,2025-11-19T03:11:00+00:00,92349.95,WIN,1,0,0,0,0,2.056,0.024,146,,
By-W1_NOVEMBER-SELL-222,SELL_PRESSURE_NO_ABSORPTION_EVENT,Bybit,W1_NOVEMBER,2025-11-19T03:42:00+00:00,91879.85,WIN,1,0,0,0,0,2.039,0.085,128,,
By-W1_NOVEMBER-SELL-257,SELL_PRESSURE_NO_ABSORPTION_EVENT,Bybit,W1_NOVEMBER,2025-11-19T04:17:00+00:00,91659.05,TIMEOUT,0,0,0,0,1,1.803,0.316,,,
By-W1_NOVEMBER-SELL-301,SELL_PRESSURE_NO_ABSORPTION_EVENT,Bybit,W1_NOVEMBER,2025-11-19T05:01:00+00:00,91188.55,TIMEOUT,0,0,0,0,1,1.297,0.834,,,
By-W1_NOVEMBER-SELL-333,SELL_PRESSURE_NO_ABSORPTION_EVENT,Bybit,W1_NOVEMBER,2025-11-19T05:33:00+00:00,90632.65,TIMEOUT,0,0,0,0,1,0.691,1.452,,,
By-W1_NOVEMBER-SELL-482,SELL_PRESSURE_NO_ABSORPTION_EVENT,Bybit,W1_NOVEMBER,2025-11-19T08:02:00+00:00,91765.55,WIN,1,0,0,0,0,2.018,0.579,473,,
By-W1_NOVEMBER-SELL-523,SELL_PRESSURE_NO_ABSORPTION_EVENT,Bybit,W1_NOVEMBER,2025-11-19T08:43:00+00:00,91547.95,WIN,1,0,0,0,0,2.027,0.818,456,,
By-W1_NOVEMBER-SELL-567,SELL_PRESSURE_NO_ABSORPTION_EVENT,Bybit,W1_NOVEMBER,2025-11-19T09:27:00+00:00,91167.15,WIN,1,0,0,0,0,2.031,1.239,467,,
By-W1_NOVEMBER-SELL-623,SELL_PRESSURE_NO_ABSORPTION_EVENT,Bybit,W1_NOVEMBER,2025-11-19T10:23:00+00:00,91347.05,WIN,1,0,0,0,0,2.039,1.04,372,,
By-W1_NOVEMBER-SELL-655,SELL_PRESSURE_NO_ABSORPTION_EVENT,Bybit,W1_NOVEMBER,2025-11-19T10:55:00+00:00,91270.05,WIN,1,0,0,0,0,2.01,1.125,341,,
By-W1_NOVEMBER-SELL-695,SELL_PRESSURE_NO_ABSORPTION_EVENT,Bybit,W1_NOVEMBER,2025-11-19T11:35:00+00:00,91521.55,WIN,1,0,0,0,0,2.011,0.847,289,,
By-W1_NOVEMBER-SELL-743,SELL_PRESSURE_NO_ABSORPTION_EVENT,Bybit,W1_NOVEMBER,2025-11-19T12:23:00+00:00,91361.75,WIN,1,0,0,0,0,2.055,1.024,252,,
By-W1_NOVEMBER-SELL-793,SELL_PRESSURE_NO_ABSORPTION_EVENT,Bybit,W1_NOVEMBER,2025-11-19T13:13:00+00:00,91608.15,WIN,1,0,0,0,0,2.092,0.752,186,,
By-W1_NOVEMBER-SELL-828,SELL_PRESSURE_NO_ABSORPTION_EVENT,Bybit,W1_NOVEMBER,2025-11-19T13:48:00+00:00,91401.35,WIN,1,0,0,0,0,2.01,0.98,158,,
By-W1_NOVEMBER-SELL-866,SELL_PRESSURE_NO_ABSORPTION_EVENT,Bybit,W1_NOVEMBER,2025-11-19T14:26:00+00:00,91066.25,WIN,1,0,0,0,0,2.149,1.351,187,,
By-W1_NOVEMBER-SELL-923,SELL_PRESSURE_NO_ABSORPTION_EVENT,Bybit,W1_NOVEMBER,2025-11-19T15:23:00+00:00,91415.55,WIN,1,0,0,0,0,2.025,0.021,63,,
By-W1_NOVEMBER-SELL-957,SELL_PRESSURE_NO_ABSORPTION_EVENT,Bybit,W1_NOVEMBER,2025-11-19T15:57:00+00:00,89836.25,LOSS,0,0,0,1,0,1.387,1.639,,,
By-W1_NOVEMBER-SELL-988,SELL_PRESSURE_NO_ABSORPTION_EVENT,Bybit,W1_NOVEMBER,2025-11-19T16:28:00+00:00,89672.05,LOSS,0,0,0,1,0,1.206,1.597,,,
By-W1_NOVEMBER-SELL-1036,SELL_PRESSURE_NO_ABSORPTION_EVENT,Bybit,W1_NOVEMBER,2025-11-19T17:16:00+00:00,89363.95,LOSS,0,0,0,1,0,0.866,1.502,,,
By-W1_NOVEMBER-SELL-1067,SELL_PRESSURE_NO_ABSORPTION_EVENT,Bybit,W1_NOVEMBER,2025-11-19T17:47:00+00:00,89180.45,LOSS,0,0,0,1,0,0.662,1.568,,,
By-W1_NOVEMBER-SELL-1112,SELL_PRESSURE_NO_ABSORPTION_EVENT,Bybit,W1_NOVEMBER,2025-11-19T18:32:00+00:00,88900.05,LOSS,0,0,0,1,0,0.348,1.659,,,
By-W1_NOVEMBER-SELL-1151,SELL_PRESSURE_NO_ABSORPTION_EVENT,Bybit,W1_NOVEMBER,2025-11-19T19:11:00+00:00,89038.95,LOSS,0,0,0,1,0,0.504,1.5,,,
By-W1_NOVEMBER-SELL-1182,SELL_PRESSURE_NO_ABSORPTION_EVENT,Bybit,W1_NOVEMBER,2025-11-19T19:42:00+00:00,88725.35,LOSS,0,0,0,1,0,0.152,1.859,,,
By-W1_NOVEMBER-SELL-1298,SELL_PRESSURE_NO_ABSORPTION_EVENT,Bybit,W1_NOVEMBER,2025-11-19T21:38:00+00:00,90407.55,LOSS,0,0,0,1,0,0.342,1.527,,,
By-W1_NOVEMBER-SELL-1329,SELL_PRESSURE_NO_ABSORPTION_EVENT,Bybit,W1_NOVEMBER,2025-11-19T22:09:00+00:00,90416.05,LOSS,0,0,0,1,0,0.351,1.517,,,
By-W1_NOVEMBER-SELL-1365,SELL_PRESSURE_NO_ABSORPTION_EVENT,Bybit,W1_NOVEMBER,2025-11-19T22:45:00+00:00,90412.05,LOSS,0,0,0,1,0,0.087,1.521,,,
By-W1_NOVEMBER-SELL-1420,SELL_PRESSURE_NO_ABSORPTION_EVENT,Bybit,W1_NOVEMBER,2025-11-19T23:40:00+00:00,91353.15,LOSS,0,0,0,1,0,0.173,1.516,,,
By-W1_NOVEMBER-SELL-1452,SELL_PRESSURE_NO_ABSORPTION_EVENT,Bybit,W1_NOVEMBER,2025-11-20T00:12:00+00:00,91350.85,LOSS,0,0,0,1,0,0.0,1.519,,,
By-W1_NOVEMBER-SELL-1569,SELL_PRESSURE_NO_ABSORPTION_EVENT,Bybit,W1_NOVEMBER,2025-11-20T02:09:00+00:00,92410.95,TIMEOUT,0,0,0,0,1,1.022,0.768,,,
By-W1_NOVEMBER-SELL-1602,SELL_PRESSURE_NO_ABSORPTION_EVENT,Bybit,W1_NOVEMBER,2025-11-20T02:42:00+00:00,92413.05,TIMEOUT,0,0,0,0,1,1.024,0.766,,,
By-W1_NOVEMBER-SELL-1675,SELL_PRESSURE_NO_ABSORPTION_EVENT,Bybit,W1_NOVEMBER,2025-11-20T03:55:00+00:00,92412.55,TIMEOUT,0,0,0,0,1,1.041,0.767,,,
By-W1_NOVEMBER-SELL-1758,SELL_PRESSURE_NO_ABSORPTION_EVENT,Bybit,W1_NOVEMBER,2025-11-20T05:18:00+00:00,92799.95,TIMEOUT,0,0,0,0,1,1.455,0.011,,,
By-W1_NOVEMBER-SELL-1823,SELL_PRESSURE_NO_ABSORPTION_EVENT,Bybit,W1_NOVEMBER,2025-11-20T06:23:00+00:00,92410.55,TIMEOUT,0,0,0,0,1,1.98,0.073,,,
By-W1_NOVEMBER-SELL-1856,SELL_PRESSURE_NO_ABSORPTION_EVENT,Bybit,W1_NOVEMBER,2025-11-20T06:56:00+00:00,91862.25,TIMEOUT,0,0,0,0,1,1.395,0.595,,,
By-W1_NOVEMBER-SELL-1931,SELL_PRESSURE_NO_ABSORPTION_EVENT,Bybit,W1_NOVEMBER,2025-11-20T08:11:00+00:00,92180.05,WIN,1,0,0,0,0,2.075,0.122,424,,
By-W1_NOVEMBER-SELL-1970,SELL_PRESSURE_NO_ABSORPTION_EVENT,Bybit,W1_NOVEMBER,2025-11-20T08:50:00+00:00,92148.05,WIN,1,0,0,0,0,2.041,0.006,385,,
By-W1_NOVEMBER-SELL-2001,SELL_PRESSURE_NO_ABSORPTION_EVENT,Bybit,W1_NOVEMBER,2025-11-20T09:21:00+00:00,91823.75,WIN,1,0,0,0,0,2.031,0.359,397,,
By-W1_NOVEMBER-SELL-2049,SELL_PRESSURE_NO_ABSORPTION_EVENT,Bybit,W1_NOVEMBER,2025-11-20T10:09:00+00:00,91635.05,WIN,1,0,0,0,0,2.032,0.566,351,,
By-W1_NOVEMBER-SELL-2086,SELL_PRESSURE_NO_ABSORPTION_EVENT,Bybit,W1_NOVEMBER,2025-11-20T10:46:00+00:00,91737.35,WIN,1,0,0,0,0,2.102,0.454,313,,
By-W1_NOVEMBER-SELL-2125,SELL_PRESSURE_NO_ABSORPTION_EVENT,Bybit,W1_NOVEMBER,2025-11-20T11:25:00+00:00,91563.75,WIN,1,0,0,0,0,2.056,0.644,277,,
By-W1_NOVEMBER-SELL-2175,SELL_PRESSURE_NO_ABSORPTION_EVENT,Bybit,W1_NOVEMBER,2025-11-20T12:15:00+00:00,91680.25,WIN,1,0,0,0,0,2.041,0.516,224,,
By-W1_NOVEMBER-SELL-2268,SELL_PRESSURE_NO_ABSORPTION_EVENT,Bybit,W1_NOVEMBER,2025-11-20T13:48:00+00:00,91575.05,WIN,1,0,0,0,0,2.068,0.395,134,,
By-W1_NOVEMBER-SELL-2319,SELL_PRESSURE_NO_ABSORPTION_EVENT,Bybit,W1_NOVEMBER,2025-11-20T14:39:00+00:00,91126.85,WIN,1,0,0,0,0,2.256,0.052,86,,
By-W1_NOVEMBER-SELL-2351,SELL_PRESSURE_NO_ABSORPTION_EVENT,Bybit,W1_NOVEMBER,2025-11-20T15:11:00+00:00,90575.95,WIN,1,0,0,0,0,2.1,0.168,60,,
By-W1_NOVEMBER-SELL-2382,SELL_PRESSURE_NO_ABSORPTION_EVENT,Bybit,W1_NOVEMBER,2025-11-20T15:42:00+00:00,90397.05,WIN,1,0,0,0,0,2.047,0.175,30,,
By-W1_NOVEMBER-SELL-2413,SELL_PRESSURE_NO_ABSORPTION_EVENT,Bybit,W1_NOVEMBER,2025-11-20T16:13:00+00:00,88786.45,WIN,1,0,0,0,0,2.063,0.166,58,,
By-W1_NOVEMBER-SELL-2446,SELL_PRESSURE_NO_ABSORPTION_EVENT,Bybit,W1_NOVEMBER,2025-11-20T16:46:00+00:00,88069.55,WIN,1,0,0,0,0,2.035,0.315,127,,
By-W1_NOVEMBER-SELL-2477,SELL_PRESSURE_NO_ABSORPTION_EVENT,Bybit,W1_NOVEMBER,2025-11-20T17:17:00+00:00,86860.45,LOSS,0,0,0,1,0,0.882,1.503,,,
By-W1_NOVEMBER-SELL-2544,SELL_PRESSURE_NO_ABSORPTION_EVENT,Bybit,W1_NOVEMBER,2025-11-20T18:24:00+00:00,86915.25,TIMEOUT,0,0,0,0,1,0.944,1.448,,,
By-W1_NOVEMBER-SELL-2575,SELL_PRESSURE_NO_ABSORPTION_EVENT,Bybit,W1_NOVEMBER,2025-11-20T18:55:00+00:00,86366.65,LOSS,0,0,0,1,0,0.315,1.509,,,
By-W1_NOVEMBER-SELL-2618,SELL_PRESSURE_NO_ABSORPTION_EVENT,Bybit,W1_NOVEMBER,2025-11-20T19:38:00+00:00,86450.05,LOSS,0,0,0,1,0,0.186,1.504,,,
By-W1_NOVEMBER-SELL-2653,SELL_PRESSURE_NO_ABSORPTION_EVENT,Bybit,W1_NOVEMBER,2025-11-20T20:13:00+00:00,86365.25,LOSS,0,0,0,1,0,0.088,1.511,,,
By-W1_NOVEMBER-SELL-2688,SELL_PRESSURE_NO_ABSORPTION_EVENT,Bybit,W1_NOVEMBER,2025-11-20T20:48:00+00:00,86535.55,LOSS,0,0,0,1,0,0.146,1.522,,,
By-W1_NOVEMBER-SELL-2738,SELL_PRESSURE_NO_ABSORPTION_EVENT,Bybit,W1_NOVEMBER,2025-11-20T21:38:00+00:00,87225.25,WIN,1,0,0,0,0,2.088,1.087,321,,
By-W1_NOVEMBER-SELL-2797,SELL_PRESSURE_NO_ABSORPTION_EVENT,Bybit,W1_NOVEMBER,2025-11-20T22:37:00+00:00,87666.75,WIN,1,0,0,0,0,2.062,0.562,247,,
By-W1_NOVEMBER-SELL-2830,SELL_PRESSURE_NO_ABSORPTION_EVENT,Bybit,W1_NOVEMBER,2025-11-20T23:10:00+00:00,87545.45,WIN,1,0,0,0,0,2.145,0.184,222,,
By-W1_NOVEMBER-SELL-2862,SELL_PRESSURE_NO_ABSORPTION_EVENT,Bybit,W1_NOVEMBER,2025-11-20T23:42:00+00:00,86976.05,WIN,1,0,0,0,0,2.137,0.536,458,,
By-W1_NOVEMBER-SELL-2913,SELL_PRESSURE_NO_ABSORPTION_EVENT,Bybit,W1_NOVEMBER,2025-11-21T00:33:00+00:00,87112.55,WIN,1,0,0,0,0,2.29,0.378,407,,
By-W1_NOVEMBER-SELL-2949,SELL_PRESSURE_NO_ABSORPTION_EVENT,Bybit,W1_NOVEMBER,2025-11-21T01:09:00+00:00,87162.25,WIN,1,0,0,0,0,2.017,0.197,110,,
By-W1_NOVEMBER-SELL-2980,SELL_PRESSURE_NO_ABSORPTION_EVENT,Bybit,W1_NOVEMBER,2025-11-21T01:40:00+00:00,87036.65,WIN,1,0,0,0,0,2.205,0.296,340,,
By-W1_NOVEMBER-SELL-3013,SELL_PRESSURE_NO_ABSORPTION_EVENT,Bybit,W1_NOVEMBER,2025-11-21T02:13:00+00:00,86415.15,WIN,1,1,1,0,0,3.834,0.337,320,320,320
By-W1_NOVEMBER-SELL-3047,SELL_PRESSURE_NO_ABSORPTION_EVENT,Bybit,W1_NOVEMBER,2025-11-21T02:47:00+00:00,86115.95,WIN,1,1,1,0,0,3.5,0.213,286,286,286
By-W1_NOVEMBER-SELL-3082,SELL_PRESSURE_NO_ABSORPTION_EVENT,Bybit,W1_NOVEMBER,2025-11-21T03:22:00+00:00,85749.25,WIN,1,1,1,0,0,3.088,0.642,251,251,251
By-W1_NOVEMBER-SELL-3123,SELL_PRESSURE_NO_ABSORPTION_EVENT,Bybit,W1_NOVEMBER,2025-11-21T04:03:00+00:00,85786.85,WIN,1,1,1,0,0,3.13,0.598,210,210,210
By-W1_NOVEMBER-SELL-3221,SELL_PRESSURE_NO_ABSORPTION_EVENT,Bybit,W1_NOVEMBER,2025-11-21T05:41:00+00:00,85887.75,WIN,1,1,1,0,0,3.244,0.334,112,112,112
By-W1_NOVEMBER-SELL-3252,SELL_PRESSURE_NO_ABSORPTION_EVENT,Bybit,W1_NOVEMBER,2025-11-21T06:12:00+00:00,85957.35,WIN,1,1,1,0,0,3.322,0.0,81,81,81
By-W1_NOVEMBER-SELL-3303,SELL_PRESSURE_NO_ABSORPTION_EVENT,Bybit,W1_NOVEMBER,2025-11-21T07:03:00+00:00,85589.35,WIN,1,1,0,0,0,2.907,0.064,30,30,
By-W1_NOVEMBER-SELL-3336,SELL_PRESSURE_NO_ABSORPTION_EVENT,Bybit,W1_NOVEMBER,2025-11-21T07:36:00+00:00,83475.65,WIN,1,0,0,0,0,2.476,1.39,285,,
By-W1_NOVEMBER-SELL-3388,SELL_PRESSURE_NO_ABSORPTION_EVENT,Bybit,W1_NOVEMBER,2025-11-21T08:28:00+00:00,84257.95,WIN,1,0,0,0,0,2.076,0.157,73,,
By-W1_NOVEMBER-SELL-3439,SELL_PRESSURE_NO_ABSORPTION_EVENT,Bybit,W1_NOVEMBER,2025-11-21T09:19:00+00:00,83611.55,WIN,1,0,0,0,0,2.034,0.0,44,,
By-W1_NOVEMBER-SELL-3472,SELL_PRESSURE_NO_ABSORPTION_EVENT,Bybit,W1_NOVEMBER,2025-11-21T09:52:00+00:00,82239.55,LOSS,0,0,0,1,0,1.873,1.569,,,
By-W1_NOVEMBER-SELL-3535,SELL_PRESSURE_NO_ABSORPTION_EVENT,Bybit,W1_NOVEMBER,2025-11-21T10:55:00+00:00,82701.55,WIN,1,0,0,0,0,2.028,0.671,92,,
By-W1_NOVEMBER-SELL-3571,SELL_PRESSURE_NO_ABSORPTION_EVENT,Bybit,W1_NOVEMBER,2025-11-21T11:31:00+00:00,82894.25,WIN,1,0,0,0,0,2.153,0.188,52,,
By-W1_NOVEMBER-SELL-3623,SELL_PRESSURE_NO_ABSORPTION_EVENT,Bybit,W1_NOVEMBER,2025-11-21T12:23:00+00:00,81109.75,LOSS,0,0,0,1,0,0.506,1.701,,,
By-W1_NOVEMBER-SELL-3692,SELL_PRESSURE_NO_ABSORPTION_EVENT,Bybit,W1_NOVEMBER,2025-11-21T13:32:00+00:00,83407.95,LOSS,0,0,0,1,0,0.0,1.563,,,
By-W1_NOVEMBER-SELL-3723,SELL_PRESSURE_NO_ABSORPTION_EVENT,Bybit,W1_NOVEMBER,2025-11-21T14:03:00+00:00,83880.55,LOSS,0,0,0,1,0,0.419,1.501,,,
By-W1_NOVEMBER-SELL-3786,SELL_PRESSURE_NO_ABSORPTION_EVENT,Bybit,W1_NOVEMBER,2025-11-21T15:06:00+00:00,84630.45,WIN,1,0,0,0,0,2.036,0.0,33,,
By-W1_NOVEMBER-SELL-3821,SELL_PRESSURE_NO_ABSORPTION_EVENT,Bybit,W1_NOVEMBER,2025-11-21T15:41:00+00:00,82948.55,LOSS,0,0,0,1,0,0.634,1.781,,,
By-W1_NOVEMBER-SELL-3938,SELL_PRESSURE_NO_ABSORPTION_EVENT,Bybit,W1_NOVEMBER,2025-11-21T17:38:00+00:00,85107.35,WIN,1,0,0,0,0,2.118,0.245,42,,
By-W1_NOVEMBER-SELL-3970,SELL_PRESSURE_NO_ABSORPTION_EVENT,Bybit,W1_NOVEMBER,2025-11-21T18:10:00+00:00,83924.45,LOSS,0,0,0,1,0,0.739,1.55,,,
By-W1_NOVEMBER-SELL-4025,SELL_PRESSURE_NO_ABSORPTION_EVENT,Bybit,W1_NOVEMBER,2025-11-21T19:05:00+00:00,84632.85,TIMEOUT,0,0,0,0,1,1.416,1.006,,,
By-W1_NOVEMBER-SELL-4059,SELL_PRESSURE_NO_ABSORPTION_EVENT,Bybit,W1_NOVEMBER,2025-11-21T19:39:00+00:00,84708.55,TIMEOUT,0,0,0,0,1,1.505,0.915,,,
By-W1_NOVEMBER-SELL-4090,SELL_PRESSURE_NO_ABSORPTION_EVENT,Bybit,W1_NOVEMBER,2025-11-21T20:10:00+00:00,83979.05,LOSS,0,0,0,1,0,0.649,1.544,,,
By-W1_NOVEMBER-SELL-4152,SELL_PRESSURE_NO_ABSORPTION_EVENT,Bybit,W1_NOVEMBER,2025-11-21T21:12:00+00:00,84492.05,TIMEOUT,0,0,0,0,1,0.802,1.174,,,
By-W1_NOVEMBER-SELL-4197,SELL_PRESSURE_NO_ABSORPTION_EVENT,Bybit,W1_NOVEMBER,2025-11-21T21:57:00+00:00,85161.45,TIMEOUT,0,0,0,0,1,1.582,0.379,,,
By-W1_NOVEMBER-SELL-4229,SELL_PRESSURE_NO_ABSORPTION_EVENT,Bybit,W1_NOVEMBER,2025-11-21T22:29:00+00:00,84795.05,TIMEOUT,0,0,0,0,1,1.157,0.812,,,
By-W1_NOVEMBER-SELL-4261,SELL_PRESSURE_NO_ABSORPTION_EVENT,Bybit,W1_NOVEMBER,2025-11-21T23:01:00+00:00,84165.05,LOSS,0,0,0,1,0,0.095,1.567,,,
By-W1_NOVEMBER-SELL-4321,SELL_PRESSURE_NO_ABSORPTION_EVENT,Bybit,W1_NOVEMBER,2025-11-22T00:01:00+00:00,85094.85,TIMEOUT,0,0,0,0,1,1.505,0.457,,,
By-W1_NOVEMBER-SELL-4352,SELL_PRESSURE_NO_ABSORPTION_EVENT,Bybit,W1_NOVEMBER,2025-11-22T00:32:00+00:00,85081.05,TIMEOUT,0,0,0,0,1,1.489,0.176,,,
By-W1_NOVEMBER-SELL-4430,SELL_PRESSURE_NO_ABSORPTION_EVENT,Bybit,W1_NOVEMBER,2025-11-22T01:50:00+00:00,85028.65,TIMEOUT,0,0,0,0,1,1.428,0.171,,,
By-W1_NOVEMBER-SELL-4462,SELL_PRESSURE_NO_ABSORPTION_EVENT,Bybit,W1_NOVEMBER,2025-11-22T02:22:00+00:00,84585.75,TIMEOUT,0,0,0,0,1,0.912,0.184,,,
By-W1_NOVEMBER-SELL-4522,SELL_PRESSURE_NO_ABSORPTION_EVENT,Bybit,W1_NOVEMBER,2025-11-22T03:22:00+00:00,84330.55,TIMEOUT,0,0,0,0,1,0.968,0.488,,,
By-W1_NOVEMBER-SELL-4569,SELL_PRESSURE_NO_ABSORPTION_EVENT,Bybit,W1_NOVEMBER,2025-11-22T04:09:00+00:00,84223.85,TIMEOUT,0,0,0,0,1,0.842,0.615,,,
By-W1_NOVEMBER-SELL-4600,SELL_PRESSURE_NO_ABSORPTION_EVENT,Bybit,W1_NOVEMBER,2025-11-22T04:40:00+00:00,83909.25,TIMEOUT,0,0,0,0,1,0.47,0.992,,,
By-W1_NOVEMBER-SELL-4635,SELL_PRESSURE_NO_ABSORPTION_EVENT,Bybit,W1_NOVEMBER,2025-11-22T05:15:00+00:00,84013.85,TIMEOUT,0,0,0,0,1,0.594,0.866,,,
By-W1_NOVEMBER-SELL-4730,SELL_PRESSURE_NO_ABSORPTION_EVENT,Bybit,W1_NOVEMBER,2025-11-22T06:50:00+00:00,84499.85,TIMEOUT,0,0,0,0,1,1.166,0.233,,,
By-W1_NOVEMBER-SELL-4765,SELL_PRESSURE_NO_ABSORPTION_EVENT,Bybit,W1_NOVEMBER,2025-11-22T07:25:00+00:00,84378.95,TIMEOUT,0,0,0,0,1,1.024,0.281,,,
By-W1_NOVEMBER-SELL-4802,SELL_PRESSURE_NO_ABSORPTION_EVENT,Bybit,W1_NOVEMBER,2025-11-22T08:02:00+00:00,84461.05,TIMEOUT,0,0,0,0,1,1.121,0.184,,,
By-W1_NOVEMBER-SELL-4833,SELL_PRESSURE_NO_ABSORPTION_EVENT,Bybit,W1_NOVEMBER,2025-11-22T08:33:00+00:00,84008.15,TIMEOUT,0,0,0,0,1,0.588,0.724,,,
By-W1_NOVEMBER-SELL-4891,SELL_PRESSURE_NO_ABSORPTION_EVENT,Bybit,W1_NOVEMBER,2025-11-22T09:31:00+00:00,83942.65,TIMEOUT,0,0,0,0,1,0.51,1.017,,,
By-W1_NOVEMBER-SELL-4947,SELL_PRESSURE_NO_ABSORPTION_EVENT,Bybit,W1_NOVEMBER,2025-11-22T10:27:00+00:00,83714.25,TIMEOUT,0,0,0,0,1,0.239,1.292,,,
By-W1_NOVEMBER-SELL-5032,SELL_PRESSURE_NO_ABSORPTION_EVENT,Bybit,W1_NOVEMBER,2025-11-22T11:52:00+00:00,84162.45,TIMEOUT,0,0,0,0,1,0.689,0.753,,,
By-W1_NOVEMBER-SELL-5125,SELL_PRESSURE_NO_ABSORPTION_EVENT,Bybit,W1_NOVEMBER,2025-11-22T13:25:00+00:00,83776.95,TIMEOUT,0,0,0,0,1,0.098,1.216,,,
By-W1_NOVEMBER-SELL-5230,SELL_PRESSURE_NO_ABSORPTION_EVENT,Bybit,W1_NOVEMBER,2025-11-22T15:10:00+00:00,84317.15,TIMEOUT,0,0,0,0,1,0.375,0.987,,,
By-W1_NOVEMBER-SELL-5262,SELL_PRESSURE_NO_ABSORPTION_EVENT,Bybit,W1_NOVEMBER,2025-11-22T15:42:00+00:00,84035.85,TIMEOUT,0,0,0,0,1,0.041,1.325,,,
By-W1_NOVEMBER-SELL-5343,SELL_PRESSURE_NO_ABSORPTION_EVENT,Bybit,W1_NOVEMBER,2025-11-22T17:03:00+00:00,84490.75,TIMEOUT,0,0,0,0,1,0.325,0.779,,,
By-W1_NOVEMBER-SELL-5426,SELL_PRESSURE_NO_ABSORPTION_EVENT,Bybit,W1_NOVEMBER,2025-11-22T18:26:00+00:00,84546.75,TIMEOUT,0,0,0,0,1,0.391,0.712,,,
By-W1_NOVEMBER-SELL-5490,SELL_PRESSURE_NO_ABSORPTION_EVENT,Bybit,W1_NOVEMBER,2025-11-22T19:30:00+00:00,84530.75,TIMEOUT,0,0,0,0,1,0.373,0.731,,,
By-W1_NOVEMBER-SELL-5558,SELL_PRESSURE_NO_ABSORPTION_EVENT,Bybit,W1_NOVEMBER,2025-11-22T20:38:00+00:00,84561.35,TIMEOUT,0,0,0,0,1,0.409,0.695,,,
By-W1_NOVEMBER-SELL-5616,SELL_PRESSURE_NO_ABSORPTION_EVENT,Bybit,W1_NOVEMBER,2025-11-22T21:36:00+00:00,84279.85,TIMEOUT,0,0,0,0,1,0.049,1.031,,,
By-W1_NOVEMBER-SELL-5709,SELL_PRESSURE_NO_ABSORPTION_EVENT,Bybit,W1_NOVEMBER,2025-11-22T23:09:00+00:00,84874.25,TIMEOUT,0,0,0,0,1,0.291,0.16,,,
By-W1_NOVEMBER-SELL-5748,SELL_PRESSURE_NO_ABSORPTION_EVENT,Bybit,W1_NOVEMBER,2025-11-22T23:48:00+00:00,84767.15,TIMEOUT,0,0,0,0,1,0.165,0.0,,,
By-W1_NOVEMBER-CVD_-70,CVD_BREAKDOWN_EVENT,Bybit,W1_NOVEMBER,2025-11-19T01:10:00+00:00,92070.95,WIN,1,0,0,0,0,2.056,0.797,276,,
By-W1_NOVEMBER-CVD_-199,CVD_BREAKDOWN_EVENT,Bybit,W1_NOVEMBER,2025-11-19T03:19:00+00:00,92142.05,WIN,1,0,0,0,0,2.131,0.126,147,,
By-W1_NOVEMBER-CVD_-230,CVD_BREAKDOWN_EVENT,Bybit,W1_NOVEMBER,2025-11-19T03:50:00+00:00,91696.55,TIMEOUT,0,0,0,0,1,1.844,0.275,,,
By-W1_NOVEMBER-CVD_-272,CVD_BREAKDOWN_EVENT,Bybit,W1_NOVEMBER,2025-11-19T04:32:00+00:00,91479.95,TIMEOUT,0,0,0,0,1,1.611,0.513,,,
By-W1_NOVEMBER-CVD_-303,CVD_BREAKDOWN_EVENT,Bybit,W1_NOVEMBER,2025-11-19T05:03:00+00:00,91061.05,TIMEOUT,0,0,0,0,1,1.159,0.975,,,
By-W1_NOVEMBER-CVD_-335,CVD_BREAKDOWN_EVENT,Bybit,W1_NOVEMBER,2025-11-19T05:35:00+00:00,90580.05,LOSS,0,0,0,1,0,0.634,1.511,,,
By-W1_NOVEMBER-CVD_-520,CVD_BREAKDOWN_EVENT,Bybit,W1_NOVEMBER,2025-11-19T08:40:00+00:00,91504.25,WIN,1,0,0,0,0,2.02,0.866,465,,
By-W1_NOVEMBER-CVD_-558,CVD_BREAKDOWN_EVENT,Bybit,W1_NOVEMBER,2025-11-19T09:18:00+00:00,91220.55,WIN,1,0,0,0,0,2.052,1.18,474,,
By-W1_NOVEMBER-CVD_-659,CVD_BREAKDOWN_EVENT,Bybit,W1_NOVEMBER,2025-11-19T10:59:00+00:00,91262.85,WIN,1,0,0,0,0,2.002,1.133,337,,
By-W1_NOVEMBER-CVD_-757,CVD_BREAKDOWN_EVENT,Bybit,W1_NOVEMBER,2025-11-19T12:37:00+00:00,91294.45,WIN,1,0,0,0,0,2.036,1.098,239,,
By-W1_NOVEMBER-CVD_-815,CVD_BREAKDOWN_EVENT,Bybit,W1_NOVEMBER,2025-11-19T13:35:00+00:00,91480.65,WIN,1,0,0,0,0,2.095,0.892,171,,
By-W1_NOVEMBER-CVD_-846,CVD_BREAKDOWN_EVENT,Bybit,W1_NOVEMBER,2025-11-19T14:06:00+00:00,91199.95,WIN,1,0,0,0,0,2.03,1.203,186,,
By-W1_NOVEMBER-CVD_-945,CVD_BREAKDOWN_EVENT,Bybit,W1_NOVEMBER,2025-11-19T15:45:00+00:00,90453.25,WIN,1,0,0,0,0,2.037,0.0,264,,
By-W1_NOVEMBER-CVD_-985,CVD_BREAKDOWN_EVENT,Bybit,W1_NOVEMBER,2025-11-19T16:25:00+00:00,89655.55,LOSS,0,0,0,1,0,1.188,1.616,,,
By-W1_NOVEMBER-CVD_-1125,CVD_BREAKDOWN_EVENT,Bybit,W1_NOVEMBER,2025-11-19T18:45:00+00:00,88849.85,LOSS,0,0,0,1,0,0.292,1.716,,,
By-W1_NOVEMBER-CVD_-1178,CVD_BREAKDOWN_EVENT,Bybit,W1_NOVEMBER,2025-11-19T19:38:00+00:00,88735.85,LOSS,0,0,0,1,0,0.164,1.847,,,
By-W1_NOVEMBER-CVD_-1583,CVD_BREAKDOWN_EVENT,Bybit,W1_NOVEMBER,2025-11-20T02:23:00+00:00,92472.65,TIMEOUT,0,0,0,0,1,1.088,0.701,,,
By-W1_NOVEMBER-CVD_-1681,CVD_BREAKDOWN_EVENT,Bybit,W1_NOVEMBER,2025-11-20T04:01:00+00:00,92412.65,TIMEOUT,0,0,0,0,1,1.042,0.766,,,
By-W1_NOVEMBER-CVD_-1715,CVD_BREAKDOWN_EVENT,Bybit,W1_NOVEMBER,2025-11-20T04:35:00+00:00,92280.05,TIMEOUT,0,0,0,0,1,0.899,0.911,,,
By-W1_NOVEMBER-CVD_-1834,CVD_BREAKDOWN_EVENT,Bybit,W1_NOVEMBER,2025-11-20T06:34:00+00:00,92245.45,TIMEOUT,0,0,0,0,1,1.805,0.177,,,
By-W1_NOVEMBER-CVD_-1866,CVD_BREAKDOWN_EVENT,Bybit,W1_NOVEMBER,2025-11-20T07:06:00+00:00,91837.95,TIMEOUT,0,0,0,0,1,1.369,0.622,,,
By-W1_NOVEMBER-CVD_-1971,CVD_BREAKDOWN_EVENT,Bybit,W1_NOVEMBER,2025-11-20T08:51:00+00:00,92100.05,WIN,1,0,0,0,0,2.01,0.058,403,,
By-W1_NOVEMBER-CVD_-2007,CVD_BREAKDOWN_EVENT,Bybit,W1_NOVEMBER,2025-11-20T09:27:00+00:00,91807.05,WIN,1,0,0,0,0,2.013,0.378,391,,
By-W1_NOVEMBER-CVD_-2049,CVD_BREAKDOWN_EVENT,Bybit,W1_NOVEMBER,2025-11-20T10:09:00+00:00,91635.05,WIN,1,0,0,0,0,2.032,0.566,351,,
By-W1_NOVEMBER-CVD_-2085,CVD_BREAKDOWN_EVENT,Bybit,W1_NOVEMBER,2025-11-20T10:45:00+00:00,91703.55,WIN,1,0,0,0,0,2.066,0.491,314,,
By-W1_NOVEMBER-CVD_-2127,CVD_BREAKDOWN_EVENT,Bybit,W1_NOVEMBER,2025-11-20T11:27:00+00:00,91450.15,WIN,1,0,0,0,0,2.123,0.769,276,,
By-W1_NOVEMBER-CVD_-2280,CVD_BREAKDOWN_EVENT,Bybit,W1_NOVEMBER,2025-11-20T14:00:00+00:00,91246.55,WIN,1,0,0,0,0,2.097,0.307,124,,
By-W1_NOVEMBER-CVD_-2355,CVD_BREAKDOWN_EVENT,Bybit,W1_NOVEMBER,2025-11-20T15:15:00+00:00,90266.95,WIN,1,0,0,0,0,2.223,0.511,67,,
By-W1_NOVEMBER-CVD_-2396,CVD_BREAKDOWN_EVENT,Bybit,W1_NOVEMBER,2025-11-20T15:56:00+00:00,90038.45,WIN,1,0,0,0,0,2.005,0.127,44,,
By-W1_NOVEMBER-CVD_-2495,CVD_BREAKDOWN_EVENT,Bybit,W1_NOVEMBER,2025-11-20T17:35:00+00:00,86655.55,LOSS,0,0,0,1,0,0.647,1.647,,,
By-W1_NOVEMBER-CVD_-2572,CVD_BREAKDOWN_EVENT,Bybit,W1_NOVEMBER,2025-11-20T18:52:00+00:00,86442.95,LOSS,0,0,0,1,0,0.403,1.512,,,
By-W1_NOVEMBER-CVD_-2653,CVD_BREAKDOWN_EVENT,Bybit,W1_NOVEMBER,2025-11-20T20:13:00+00:00,86365.25,LOSS,0,0,0,1,0,0.088,1.511,,,
By-W1_NOVEMBER-CVD_-2760,CVD_BREAKDOWN_EVENT,Bybit,W1_NOVEMBER,2025-11-20T22:00:00+00:00,87166.45,WIN,1,0,0,0,0,2.022,1.156,299,,
By-W1_NOVEMBER-CVD_-2795,CVD_BREAKDOWN_EVENT,Bybit,W1_NOVEMBER,2025-11-20T22:35:00+00:00,87702.75,WIN,1,0,0,0,0,2.102,0.521,249,,
By-W1_NOVEMBER-CVD_-2831,CVD_BREAKDOWN_EVENT,Bybit,W1_NOVEMBER,2025-11-20T23:11:00+00:00,87389.95,WIN,1,0,0,0,0,2.057,0.362,225,,
By-W1_NOVEMBER-CVD_-2869,CVD_BREAKDOWN_EVENT,Bybit,W1_NOVEMBER,2025-11-20T23:49:00+00:00,86787.65,WIN,1,0,0,0,0,2.314,0.754,463,,
By-W1_NOVEMBER-CVD_-2959,CVD_BREAKDOWN_EVENT,Bybit,W1_NOVEMBER,2025-11-21T01:19:00+00:00,86894.95,WIN,1,0,0,0,0,2.045,0.505,361,,
By-W1_NOVEMBER-CVD_-3000,CVD_BREAKDOWN_EVENT,Bybit,W1_NOVEMBER,2025-11-21T02:00:00+00:00,86997.75,WIN,1,0,0,0,0,2.161,0.0,320,,
By-W1_NOVEMBER-CVD_-3041,CVD_BREAKDOWN_EVENT,Bybit,W1_NOVEMBER,2025-11-21T02:41:00+00:00,86400.95,WIN,1,1,1,0,0,3.819,0.0,292,292,292
By-W1_NOVEMBER-CVD_-3258,CVD_BREAKDOWN_EVENT,Bybit,W1_NOVEMBER,2025-11-21T06:18:00+00:00,85730.05,WIN,1,1,1,0,0,3.066,0.068,75,75,75
By-W1_NOVEMBER-CVD_-3316,CVD_BREAKDOWN_EVENT,Bybit,W1_NOVEMBER,2025-11-21T07:16:00+00:00,85414.45,WIN,1,1,0,0,0,2.708,0.031,17,17,
By-W1_NOVEMBER-CVD_-3440,CVD_BREAKDOWN_EVENT,Bybit,W1_NOVEMBER,2025-11-21T09:20:00+00:00,83473.55,WIN,1,0,0,0,0,2.474,0.0,181,,
By-W1_NOVEMBER-CVD_-3472,CVD_BREAKDOWN_EVENT,Bybit,W1_NOVEMBER,2025-11-21T09:52:00+00:00,82239.55,LOSS,0,0,0,1,0,1.873,1.569,,,
By-W1_NOVEMBER-CVD_-3578,CVD_BREAKDOWN_EVENT,Bybit,W1_NOVEMBER,2025-11-21T11:38:00+00:00,82617.75,WIN,1,0,0,0,0,2.322,0.0,50,,
By-W1_NOVEMBER-CVD_-3621,CVD_BREAKDOWN_EVENT,Bybit,W1_NOVEMBER,2025-11-21T12:21:00+00:00,81408.65,LOSS,0,0,0,1,0,0.872,1.631,,,
By-W1_NOVEMBER-CVD_-3725,CVD_BREAKDOWN_EVENT,Bybit,W1_NOVEMBER,2025-11-21T14:05:00+00:00,83727.15,LOSS,0,0,0,1,0,0.237,1.683,,,
By-W1_NOVEMBER-CVD_-3797,CVD_BREAKDOWN_EVENT,Bybit,W1_NOVEMBER,2025-11-21T15:17:00+00:00,83923.65,LOSS,0,0,0,1,0,1.789,1.735,,,
By-W1_NOVEMBER-CVD_-3832,CVD_BREAKDOWN_EVENT,Bybit,W1_NOVEMBER,2025-11-21T15:52:00+00:00,82815.95,LOSS,0,0,0,1,0,0.475,1.944,,,
By-W1_NOVEMBER-CVD_-3952,CVD_BREAKDOWN_EVENT,Bybit,W1_NOVEMBER,2025-11-21T17:52:00+00:00,84984.15,TIMEOUT,0,0,0,0,1,1.976,0.588,,,
By-W1_NOVEMBER-CVD_-4066,CVD_BREAKDOWN_EVENT,Bybit,W1_NOVEMBER,2025-11-21T19:46:00+00:00,84236.75,TIMEOUT,0,0,0,0,1,0.953,1.48,,,
By-W1_NOVEMBER-CVD_-4230,CVD_BREAKDOWN_EVENT,Bybit,W1_NOVEMBER,2025-11-21T22:30:00+00:00,84554.25,TIMEOUT,0,0,0,0,1,0.875,1.099,,,
By-W1_NOVEMBER-CVD_-4367,CVD_BREAKDOWN_EVENT,Bybit,W1_NOVEMBER,2025-11-22T00:47:00+00:00,84785.55,TIMEOUT,0,0,0,0,1,1.146,0.459,,,
By-W1_NOVEMBER-CVD_-4454,CVD_BREAKDOWN_EVENT,Bybit,W1_NOVEMBER,2025-11-22T02:14:00+00:00,84688.55,TIMEOUT,0,0,0,0,1,1.033,0.063,,,
By-W1_NOVEMBER-CVD_-4516,CVD_BREAKDOWN_EVENT,Bybit,W1_NOVEMBER,2025-11-22T03:16:00+00:00,84462.55,TIMEOUT,0,0,0,0,1,1.122,0.331,,,
By-W1_NOVEMBER-CVD_-4547,CVD_BREAKDOWN_EVENT,Bybit,W1_NOVEMBER,2025-11-22T03:47:00+00:00,84320.15,TIMEOUT,0,0,0,0,1,0.955,0.5,,,
By-W1_NOVEMBER-CVD_-4578,CVD_BREAKDOWN_EVENT,Bybit,W1_NOVEMBER,2025-11-22T04:18:00+00:00,83910.25,TIMEOUT,0,0,0,0,1,0.472,0.991,,,
By-W1_NOVEMBER-CVD_-4610,CVD_BREAKDOWN_EVENT,Bybit,W1_NOVEMBER,2025-11-22T04:50:00+00:00,83965.35,TIMEOUT,0,0,0,0,1,0.537,0.925,,,
By-W1_NOVEMBER-CVD_-4820,CVD_BREAKDOWN_EVENT,Bybit,W1_NOVEMBER,2025-11-22T08:20:00+00:00,84214.95,TIMEOUT,0,0,0,0,1,0.832,0.476,,,
By-W1_NOVEMBER-CVD_-4902,CVD_BREAKDOWN_EVENT,Bybit,W1_NOVEMBER,2025-11-22T09:42:00+00:00,83886.55,TIMEOUT,0,0,0,0,1,0.443,1.084,,,
By-W1_NOVEMBER-CVD_-4944,CVD_BREAKDOWN_EVENT,Bybit,W1_NOVEMBER,2025-11-22T10:24:00+00:00,83795.65,TIMEOUT,0,0,0,0,1,0.335,1.194,,,
By-W1_NOVEMBER-CVD_-5047,CVD_BREAKDOWN_EVENT,Bybit,W1_NOVEMBER,2025-11-22T12:07:00+00:00,83926.35,TIMEOUT,0,0,0,0,1,0.41,1.036,,,
By-W1_NOVEMBER-CVD_-5135,CVD_BREAKDOWN_EVENT,Bybit,W1_NOVEMBER,2025-11-22T13:35:00+00:00,83793.15,TIMEOUT,0,0,0,0,1,0.117,1.197,,,
By-W1_NOVEMBER-CVD_-5260,CVD_BREAKDOWN_EVENT,Bybit,W1_NOVEMBER,2025-11-22T15:40:00+00:00,84034.95,TIMEOUT,0,0,0,0,1,0.04,1.326,,,
By-W1_NOVEMBER-CVD_-5351,CVD_BREAKDOWN_EVENT,Bybit,W1_NOVEMBER,2025-11-22T17:11:00+00:00,84466.25,TIMEOUT,0,0,0,0,1,0.296,0.808,,,
By-W1_NOVEMBER-CVD_-5465,CVD_BREAKDOWN_EVENT,Bybit,W1_NOVEMBER,2025-11-22T19:05:00+00:00,84562.45,TIMEOUT,0,0,0,0,1,0.41,0.694,,,
By-W1_NOVEMBER-CVD_-5496,CVD_BREAKDOWN_EVENT,Bybit,W1_NOVEMBER,2025-11-22T19:36:00+00:00,84537.35,TIMEOUT,0,0,0,0,1,0.38,0.723,,,
By-W1_NOVEMBER-CVD_-5564,CVD_BREAKDOWN_EVENT,Bybit,W1_NOVEMBER,2025-11-22T20:44:00+00:00,84387.85,TIMEOUT,0,0,0,0,1,0.204,0.902,,,
By-W1_NOVEMBER-CVD_-5605,CVD_BREAKDOWN_EVENT,Bybit,W1_NOVEMBER,2025-11-22T21:25:00+00:00,84270.45,TIMEOUT,0,0,0,0,1,0.038,1.042,,,
By-W1_NOVEMBER-FORC-921,FORCED_UNWIND_EVENT,Bybit,W1_NOVEMBER,2025-11-19T15:21:00+00:00,91703.95,WIN,1,0,0,0,0,2.007,0.0,35,,
By-W1_NOVEMBER-FORC-2283,FORCED_UNWIND_EVENT,Bybit,W1_NOVEMBER,2025-11-20T14:03:00+00:00,91094.45,WIN,1,0,0,0,0,2.222,0.474,122,,
By-W1_NOVEMBER-FORC-2320,FORCED_UNWIND_EVENT,Bybit,W1_NOVEMBER,2025-11-20T14:40:00+00:00,91013.05,WIN,1,0,0,0,0,2.134,0.177,85,,
By-W1_NOVEMBER-FORC-2405,FORCED_UNWIND_EVENT,Bybit,W1_NOVEMBER,2025-11-20T16:05:00+00:00,89070.65,WIN,1,0,0,0,0,2.059,0.07,65,,
By-W1_NOVEMBER-FORC-3333,FORCED_UNWIND_EVENT,Bybit,W1_NOVEMBER,2025-11-21T07:33:00+00:00,83101.65,LOSS,0,0,0,1,0,0.0,1.541,,,
By-W1_NOVEMBER-FORC-3623,FORCED_UNWIND_EVENT,Bybit,W1_NOVEMBER,2025-11-21T12:23:00+00:00,81109.75,LOSS,0,0,0,1,0,0.506,1.701,,,
OK-W1_NOVEMBER-ACTI-60,ACTIVE_MARKDOWN_EVENT,OKX,W1_NOVEMBER,2025-11-19T01:00:00+00:00,92349.25,WIN,1,0,0,0,0,2.041,0.497,277,,
OK-W1_NOVEMBER-ACTI-185,ACTIVE_MARKDOWN_EVENT,OKX,W1_NOVEMBER,2025-11-19T03:05:00+00:00,92477.05,WIN,1,0,0,0,0,2.016,0.0,149,,
OK-W1_NOVEMBER-ACTI-484,ACTIVE_MARKDOWN_EVENT,OKX,W1_NOVEMBER,2025-11-19T08:04:00+00:00,91768.65,WIN,1,0,0,0,0,2.009,0.578,471,,
OK-W1_NOVEMBER-ACTI-523,ACTIVE_MARKDOWN_EVENT,OKX,W1_NOVEMBER,2025-11-19T08:43:00+00:00,91532.65,WIN,1,0,0,0,0,2.022,0.837,456,,
OK-W1_NOVEMBER-ACTI-555,ACTIVE_MARKDOWN_EVENT,OKX,W1_NOVEMBER,2025-11-19T09:15:00+00:00,91258.75,WIN,1,0,0,0,0,2.079,1.14,477,,
OK-W1_NOVEMBER-ACTI-622,ACTIVE_MARKDOWN_EVENT,OKX,W1_NOVEMBER,2025-11-19T10:22:00+00:00,91360.25,WIN,1,0,0,0,0,2.046,1.027,373,,
OK-W1_NOVEMBER-ACTI-653,ACTIVE_MARKDOWN_EVENT,OKX,W1_NOVEMBER,2025-11-19T10:53:00+00:00,91261.25,WIN,1,0,0,0,0,2.082,1.137,379,,
OK-W1_NOVEMBER-ACTI-691,ACTIVE_MARKDOWN_EVENT,OKX,W1_NOVEMBER,2025-11-19T11:31:00+00:00,91420.55,WIN,1,0,0,0,0,2.021,0.961,295,,
OK-W1_NOVEMBER-ACTI-742,ACTIVE_MARKDOWN_EVENT,OKX,W1_NOVEMBER,2025-11-19T12:22:00+00:00,91367.65,WIN,1,0,0,0,0,2.054,1.019,253,,
OK-W1_NOVEMBER-ACTI-793,ACTIVE_MARKDOWN_EVENT,OKX,W1_NOVEMBER,2025-11-19T13:13:00+00:00,91600.45,WIN,1,0,0,0,0,2.095,0.763,186,,
OK-W1_NOVEMBER-ACTI-923,ACTIVE_MARKDOWN_EVENT,OKX,W1_NOVEMBER,2025-11-19T15:23:00+00:00,91421.05,WIN,1,0,0,0,0,2.021,0.022,63,,
OK-W1_NOVEMBER-ACTI-1063,ACTIVE_MARKDOWN_EVENT,OKX,W1_NOVEMBER,2025-11-19T17:43:00+00:00,89368.15,LOSS,0,0,0,1,0,0.872,1.5,,,
OK-W1_NOVEMBER-ACTI-1242,ACTIVE_MARKDOWN_EVENT,OKX,W1_NOVEMBER,2025-11-19T20:42:00+00:00,89096.15,LOSS,0,0,0,1,0,0.03,1.561,,,
OK-W1_NOVEMBER-ACTI-1298,ACTIVE_MARKDOWN_EVENT,OKX,W1_NOVEMBER,2025-11-19T21:38:00+00:00,90410.65,LOSS,0,0,0,1,0,0.348,1.504,,,
OK-W1_NOVEMBER-ACTI-1330,ACTIVE_MARKDOWN_EVENT,OKX,W1_NOVEMBER,2025-11-19T22:10:00+00:00,90402.55,LOSS,0,0,0,1,0,0.339,1.514,,,
OK-W1_NOVEMBER-ACTI-1365,ACTIVE_MARKDOWN_EVENT,OKX,W1_NOVEMBER,2025-11-19T22:45:00+00:00,90407.45,LOSS,0,0,0,1,0,0.082,1.508,,,
OK-W1_NOVEMBER-ACTI-1450,ACTIVE_MARKDOWN_EVENT,OKX,W1_NOVEMBER,2025-11-20T00:10:00+00:00,91299.95,LOSS,0,0,0,1,0,0.0,1.57,,,
OK-W1_NOVEMBER-ACTI-1491,ACTIVE_MARKDOWN_EVENT,OKX,W1_NOVEMBER,2025-11-20T00:51:00+00:00,91889.65,TIMEOUT,0,0,0,0,1,0.243,1.329,,,
OK-W1_NOVEMBER-ACTI-1527,ACTIVE_MARKDOWN_EVENT,OKX,W1_NOVEMBER,2025-11-20T01:27:00+00:00,92108.65,TIMEOUT,0,0,0,0,1,0.48,1.088,,,
OK-W1_NOVEMBER-ACTI-1569,ACTIVE_MARKDOWN_EVENT,OKX,W1_NOVEMBER,2025-11-20T02:09:00+00:00,92408.05,TIMEOUT,0,0,0,0,1,1.026,0.76,,,
OK-W1_NOVEMBER-ACTI-1605,ACTIVE_MARKDOWN_EVENT,OKX,W1_NOVEMBER,2025-11-20T02:45:00+00:00,92360.35,TIMEOUT,0,0,0,0,1,0.975,0.812,,,
OK-W1_NOVEMBER-ACTI-1636,ACTIVE_MARKDOWN_EVENT,OKX,W1_NOVEMBER,2025-11-20T03:16:00+00:00,92450.35,TIMEOUT,0,0,0,0,1,1.071,0.714,,,
OK-W1_NOVEMBER-ACTI-1669,ACTIVE_MARKDOWN_EVENT,OKX,W1_NOVEMBER,2025-11-20T03:49:00+00:00,92469.95,TIMEOUT,0,0,0,0,1,1.092,0.693,,,
OK-W1_NOVEMBER-ACTI-1700,ACTIVE_MARKDOWN_EVENT,OKX,W1_NOVEMBER,2025-11-20T04:20:00+00:00,92210.95,TIMEOUT,0,0,0,0,1,0.814,0.976,,,
OK-W1_NOVEMBER-ACTI-1759,ACTIVE_MARKDOWN_EVENT,OKX,W1_NOVEMBER,2025-11-20T05:19:00+00:00,92794.95,TIMEOUT,0,0,0,0,1,1.439,0.0,,,
OK-W1_NOVEMBER-ACTI-1822,ACTIVE_MARKDOWN_EVENT,OKX,W1_NOVEMBER,2025-11-20T06:22:00+00:00,92448.85,WIN,1,0,0,0,0,2.026,0.01,467,,
OK-W1_NOVEMBER-ACTI-1970,ACTIVE_MARKDOWN_EVENT,OKX,W1_NOVEMBER,2025-11-20T08:50:00+00:00,92150.05,WIN,1,0,0,0,0,2.038,0.01,385,,
OK-W1_NOVEMBER-ACTI-2084,ACTIVE_MARKDOWN_EVENT,OKX,W1_NOVEMBER,2025-11-20T10:44:00+00:00,91770.55,WIN,1,0,0,0,0,2.129,0.423,315,,
OK-W1_NOVEMBER-ACTI-2173,ACTIVE_MARKDOWN_EVENT,OKX,W1_NOVEMBER,2025-11-20T12:13:00+00:00,91737.05,WIN,1,0,0,0,0,2.093,0.46,226,,
OK-W1_NOVEMBER-ACTI-2273,ACTIVE_MARKDOWN_EVENT,OKX,W1_NOVEMBER,2025-11-20T13:53:00+00:00,91844.65,WIN,1,0,0,0,0,2.037,0.0,125,,
OK-W1_NOVEMBER-ACTI-2320,ACTIVE_MARKDOWN_EVENT,OKX,W1_NOVEMBER,2025-11-20T14:40:00+00:00,91000.05,WIN,1,0,0,0,0,2.125,0.2,85,,
OK-W1_NOVEMBER-ACTI-2360,ACTIVE_MARKDOWN_EVENT,OKX,W1_NOVEMBER,2025-11-20T15:20:00+00:00,90567.25,WIN,1,0,0,0,0,2.077,0.194,51,,
OK-W1_NOVEMBER-ACTI-2424,ACTIVE_MARKDOWN_EVENT,OKX,W1_NOVEMBER,2025-11-20T16:24:00+00:00,88622.25,WIN,1,0,0,0,0,2.113,0.338,49,,
OK-W1_NOVEMBER-ACTI-2474,ACTIVE_MARKDOWN_EVENT,OKX,W1_NOVEMBER,2025-11-20T17:14:00+00:00,87011.95,TIMEOUT,0,0,0,0,1,1.05,1.335,,,
OK-W1_NOVEMBER-ACTI-2544,ACTIVE_MARKDOWN_EVENT,OKX,W1_NOVEMBER,2025-11-20T18:24:00+00:00,86899.05,TIMEOUT,0,0,0,0,1,0.922,1.467,,,
OK-W1_NOVEMBER-ACTI-2618,ACTIVE_MARKDOWN_EVENT,OKX,W1_NOVEMBER,2025-11-20T19:38:00+00:00,86456.05,LOSS,0,0,0,1,0,0.183,1.507,,,
OK-W1_NOVEMBER-ACTI-2651,ACTIVE_MARKDOWN_EVENT,OKX,W1_NOVEMBER,2025-11-20T20:11:00+00:00,86456.95,LOSS,0,0,0,1,0,0.184,1.506,,,
OK-W1_NOVEMBER-ACTI-2686,ACTIVE_MARKDOWN_EVENT,OKX,W1_NOVEMBER,2025-11-20T20:46:00+00:00,86476.25,LOSS,0,0,0,1,0,0.081,1.597,,,
OK-W1_NOVEMBER-ACTI-2758,ACTIVE_MARKDOWN_EVENT,OKX,W1_NOVEMBER,2025-11-20T21:58:00+00:00,87258.55,WIN,1,0,0,0,0,2.02,1.048,300,,
OK-W1_NOVEMBER-ACTI-2799,ACTIVE_MARKDOWN_EVENT,OKX,W1_NOVEMBER,2025-11-20T22:39:00+00:00,87760.75,WIN,1,0,0,0,0,2.171,0.458,245,,
OK-W1_NOVEMBER-ACTI-2830,ACTIVE_MARKDOWN_EVENT,OKX,W1_NOVEMBER,2025-11-20T23:10:00+00:00,87549.95,WIN,1,0,0,0,0,2.145,0.172,222,,
OK-W1_NOVEMBER-ACTI-2861,ACTIVE_MARKDOWN_EVENT,OKX,W1_NOVEMBER,2025-11-20T23:41:00+00:00,87019.65,WIN,1,0,0,0,0,2.189,0.491,459,,
OK-W1_NOVEMBER-ACTI-2912,ACTIVE_MARKDOWN_EVENT,OKX,W1_NOVEMBER,2025-11-21T00:32:00+00:00,87056.05,WIN,1,0,0,0,0,2.23,0.449,408,,
OK-W1_NOVEMBER-ACTI-2960,ACTIVE_MARKDOWN_EVENT,OKX,W1_NOVEMBER,2025-11-21T01:20:00+00:00,86899.25,WIN,1,0,0,0,0,2.053,0.512,360,,
OK-W1_NOVEMBER-ACTI-3004,ACTIVE_MARKDOWN_EVENT,OKX,W1_NOVEMBER,2025-11-21T02:04:00+00:00,86907.95,WIN,1,0,0,0,0,2.063,0.0,316,,
OK-W1_NOVEMBER-ACTI-3038,ACTIVE_MARKDOWN_EVENT,OKX,W1_NOVEMBER,2025-11-21T02:38:00+00:00,86444.95,WIN,1,1,1,0,0,3.905,0.0,295,295,295
OK-W1_NOVEMBER-ACTI-3081,ACTIVE_MARKDOWN_EVENT,OKX,W1_NOVEMBER,2025-11-21T03:21:00+00:00,85713.95,WIN,1,1,1,0,0,3.086,0.698,252,252,252
OK-W1_NOVEMBER-ACTI-3119,ACTIVE_MARKDOWN_EVENT,OKX,W1_NOVEMBER,2025-11-21T03:59:00+00:00,85790.25,WIN,1,1,1,0,0,3.172,0.608,214,214,214
OK-W1_NOVEMBER-ACTI-3217,ACTIVE_MARKDOWN_EVENT,OKX,W1_NOVEMBER,2025-11-21T05:37:00+00:00,85899.45,WIN,1,1,1,0,0,3.295,0.322,116,116,116
OK-W1_NOVEMBER-ACTI-3248,ACTIVE_MARKDOWN_EVENT,OKX,W1_NOVEMBER,2025-11-21T06:08:00+00:00,85828.15,WIN,1,1,1,0,0,3.215,0.158,85,85,85
OK-W1_NOVEMBER-ACTI-3334,ACTIVE_MARKDOWN_EVENT,OKX,W1_NOVEMBER,2025-11-21T07:34:00+00:00,83319.55,LOSS,0,0,0,1,0,0.0,1.529,,,
OK-W1_NOVEMBER-ACTI-3388,ACTIVE_MARKDOWN_EVENT,OKX,W1_NOVEMBER,2025-11-21T08:28:00+00:00,84260.65,WIN,1,0,0,0,0,2.075,0.151,73,,
OK-W1_NOVEMBER-ACTI-3441,ACTIVE_MARKDOWN_EVENT,OKX,W1_NOVEMBER,2025-11-21T09:21:00+00:00,83333.65,WIN,1,0,0,0,0,2.312,0.07,180,,
OK-W1_NOVEMBER-ACTI-3492,ACTIVE_MARKDOWN_EVENT,OKX,W1_NOVEMBER,2025-11-21T10:12:00+00:00,82278.85,LOSS,0,0,0,1,0,1.927,1.51,,,
OK-W1_NOVEMBER-ACTI-3564,ACTIVE_MARKDOWN_EVENT,OKX,W1_NOVEMBER,2025-11-21T11:24:00+00:00,83032.05,WIN,1,0,0,0,0,2.305,0.058,59,,
OK-W1_NOVEMBER-ACTI-3607,ACTIVE_MARKDOWN_EVENT,OKX,W1_NOVEMBER,2025-11-21T12:07:00+00:00,82163.75,LOSS,0,0,0,1,0,1.79,1.565,,,
OK-W1_NOVEMBER-ACTI-3689,ACTIVE_MARKDOWN_EVENT,OKX,W1_NOVEMBER,2025-11-21T13:29:00+00:00,83388.95,LOSS,0,0,0,1,0,0.0,1.591,,,
OK-W1_NOVEMBER-ACTI-3721,ACTIVE_MARKDOWN_EVENT,OKX,W1_NOVEMBER,2025-11-21T14:01:00+00:00,83834.35,LOSS,0,0,0,1,0,0.365,1.554,,,
OK-W1_NOVEMBER-ACTI-3770,ACTIVE_MARKDOWN_EVENT,OKX,W1_NOVEMBER,2025-11-21T14:50:00+00:00,84605.15,WIN,1,0,0,0,0,2.004,0.905,49,,
OK-W1_NOVEMBER-ACTI-3801,ACTIVE_MARKDOWN_EVENT,OKX,W1_NOVEMBER,2025-11-21T15:21:00+00:00,83775.35,LOSS,0,0,0,1,0,1.594,1.574,,,
OK-W1_NOVEMBER-ACTI-3833,ACTIVE_MARKDOWN_EVENT,OKX,W1_NOVEMBER,2025-11-21T15:53:00+00:00,82846.15,LOSS,0,0,0,1,0,0.49,1.919,,,
OK-W1_NOVEMBER-ACTI-3938,ACTIVE_MARKDOWN_EVENT,OKX,W1_NOVEMBER,2025-11-21T17:38:00+00:00,85101.45,WIN,1,0,0,0,0,2.003,0.23,39,,
OK-W1_NOVEMBER-ACTI-3969,ACTIVE_MARKDOWN_EVENT,OKX,W1_NOVEMBER,2025-11-21T18:09:00+00:00,84077.45,LOSS,0,0,0,1,0,0.925,1.516,,,
OK-W1_NOVEMBER-ACTI-4028,ACTIVE_MARKDOWN_EVENT,OKX,W1_NOVEMBER,2025-11-21T19:08:00+00:00,84573.55,TIMEOUT,0,0,0,0,1,1.345,1.055,,,
OK-W1_NOVEMBER-ACTI-4060,ACTIVE_MARKDOWN_EVENT,OKX,W1_NOVEMBER,2025-11-21T19:40:00+00:00,84645.05,TIMEOUT,0,0,0,0,1,1.428,0.969,,,
OK-W1_NOVEMBER-ACTI-4091,ACTIVE_MARKDOWN_EVENT,OKX,W1_NOVEMBER,2025-11-21T20:11:00+00:00,84059.55,LOSS,0,0,0,1,0,0.742,1.537,,,
OK-W1_NOVEMBER-ACTI-4156,ACTIVE_MARKDOWN_EVENT,OKX,W1_NOVEMBER,2025-11-21T21:16:00+00:00,84398.25,TIMEOUT,0,0,0,0,1,0.681,1.264,,,
OK-W1_NOVEMBER-ACTI-4197,ACTIVE_MARKDOWN_EVENT,OKX,W1_NOVEMBER,2025-11-21T21:57:00+00:00,85152.45,TIMEOUT,0,0,0,0,1,1.56,0.368,,,
OK-W1_NOVEMBER-ACTI-4229,ACTIVE_MARKDOWN_EVENT,OKX,W1_NOVEMBER,2025-11-21T22:29:00+00:00,84800.05,TIMEOUT,0,0,0,0,1,1.151,0.785,,,
OK-W1_NOVEMBER-ACTI-4260,ACTIVE_MARKDOWN_EVENT,OKX,W1_NOVEMBER,2025-11-21T23:00:00+00:00,84242.75,TIMEOUT,0,0,0,0,1,0.497,1.451,,,
OK-W1_NOVEMBER-ACTI-4320,ACTIVE_MARKDOWN_EVENT,OKX,W1_NOVEMBER,2025-11-22T00:00:00+00:00,85091.75,TIMEOUT,0,0,0,0,1,1.49,0.439,,,
OK-W1_NOVEMBER-ACTI-4351,ACTIVE_MARKDOWN_EVENT,OKX,W1_NOVEMBER,2025-11-22T00:31:00+00:00,85078.55,TIMEOUT,0,0,0,0,1,1.475,0.171,,,
OK-W1_NOVEMBER-ACTI-4446,ACTIVE_MARKDOWN_EVENT,OKX,W1_NOVEMBER,2025-11-22T02:06:00+00:00,84807.95,TIMEOUT,0,0,0,0,1,1.16,0.116,,,
OK-W1_NOVEMBER-ACTI-4477,ACTIVE_MARKDOWN_EVENT,OKX,W1_NOVEMBER,2025-11-22T02:37:00+00:00,84372.85,TIMEOUT,0,0,0,0,1,0.881,0.441,,,
OK-W1_NOVEMBER-ACTI-4690,ACTIVE_MARKDOWN_EVENT,OKX,W1_NOVEMBER,2025-11-22T06:10:00+00:00,84103.75,TIMEOUT,0,0,0,0,1,0.701,0.763,,,
OK-W1_NOVEMBER-ACTI-4730,ACTIVE_MARKDOWN_EVENT,OKX,W1_NOVEMBER,2025-11-22T06:50:00+00:00,84497.75,TIMEOUT,0,0,0,0,1,1.164,0.228,,,
OK-W1_NOVEMBER-ACTI-4776,ACTIVE_MARKDOWN_EVENT,OKX,W1_NOVEMBER,2025-11-22T07:36:00+00:00,84366.75,TIMEOUT,0,0,0,0,1,1.01,0.3,,,
OK-W1_NOVEMBER-ACTI-4818,ACTIVE_MARKDOWN_EVENT,OKX,W1_NOVEMBER,2025-11-22T08:18:00+00:00,84244.35,TIMEOUT,0,0,0,0,1,0.866,0.412,,,
OK-W1_NOVEMBER-ACTI-5032,ACTIVE_MARKDOWN_EVENT,OKX,W1_NOVEMBER,2025-11-22T11:52:00+00:00,84153.45,TIMEOUT,0,0,0,0,1,0.668,0.754,,,
OK-W1_NOVEMBER-ACTI-5125,ACTIVE_MARKDOWN_EVENT,OKX,W1_NOVEMBER,2025-11-22T13:25:00+00:00,83777.95,TIMEOUT,0,0,0,0,1,0.098,1.206,,,
OK-W1_NOVEMBER-ACTI-5201,ACTIVE_MARKDOWN_EVENT,OKX,W1_NOVEMBER,2025-11-22T14:41:00+00:00,84444.45,TIMEOUT,0,0,0,0,1,0.539,0.407,,,
OK-W1_NOVEMBER-ACTI-5232,ACTIVE_MARKDOWN_EVENT,OKX,W1_NOVEMBER,2025-11-22T15:12:00+00:00,84292.05,TIMEOUT,0,0,0,0,1,0.359,1.009,,,
OK-W1_NOVEMBER-ACTI-5264,ACTIVE_MARKDOWN_EVENT,OKX,W1_NOVEMBER,2025-11-22T15:44:00+00:00,84080.15,TIMEOUT,0,0,0,0,1,0.108,1.263,,,
OK-W1_NOVEMBER-ACTI-5343,ACTIVE_MARKDOWN_EVENT,OKX,W1_NOVEMBER,2025-11-22T17:03:00+00:00,84470.45,TIMEOUT,0,0,0,0,1,0.299,0.795,,,
OK-W1_NOVEMBER-ACTI-5382,ACTIVE_MARKDOWN_EVENT,OKX,W1_NOVEMBER,2025-11-22T17:42:00+00:00,84473.85,TIMEOUT,0,0,0,0,1,0.303,0.791,,,
OK-W1_NOVEMBER-ACTI-5490,ACTIVE_MARKDOWN_EVENT,OKX,W1_NOVEMBER,2025-11-22T19:30:00+00:00,84522.65,TIMEOUT,0,0,0,0,1,0.361,0.733,,,
OK-W1_NOVEMBER-ACTI-5710,ACTIVE_MARKDOWN_EVENT,OKX,W1_NOVEMBER,2025-11-22T23:10:00+00:00,84837.55,TIMEOUT,0,0,0,0,1,0.238,0.199,,,
OK-W1_NOVEMBER-ACTI-5749,ACTIVE_MARKDOWN_EVENT,OKX,W1_NOVEMBER,2025-11-22T23:49:00+00:00,84748.65,TIMEOUT,0,0,0,0,1,0.134,0.0,,,
OK-W1_NOVEMBER-SELL-60,SELL_PRESSURE_NO_ABSORPTION_EVENT,OKX,W1_NOVEMBER,2025-11-19T01:00:00+00:00,92349.25,WIN,1,0,0,0,0,2.041,0.497,277,,
OK-W1_NOVEMBER-SELL-185,SELL_PRESSURE_NO_ABSORPTION_EVENT,OKX,W1_NOVEMBER,2025-11-19T03:05:00+00:00,92477.05,WIN,1,0,0,0,0,2.016,0.0,149,,
OK-W1_NOVEMBER-SELL-216,SELL_PRESSURE_NO_ABSORPTION_EVENT,OKX,W1_NOVEMBER,2025-11-19T03:36:00+00:00,91842.85,TIMEOUT,0,0,0,0,1,1.989,0.137,,,
OK-W1_NOVEMBER-SELL-257,SELL_PRESSURE_NO_ABSORPTION_EVENT,OKX,W1_NOVEMBER,2025-11-19T04:17:00+00:00,91659.85,TIMEOUT,0,0,0,0,1,1.794,0.313,,,
OK-W1_NOVEMBER-SELL-301,SELL_PRESSURE_NO_ABSORPTION_EVENT,OKX,W1_NOVEMBER,2025-11-19T05:01:00+00:00,91192.45,TIMEOUT,0,0,0,0,1,1.29,0.827,,,
OK-W1_NOVEMBER-SELL-332,SELL_PRESSURE_NO_ABSORPTION_EVENT,OKX,W1_NOVEMBER,2025-11-19T05:32:00+00:00,90683.55,TIMEOUT,0,0,0,0,1,0.736,1.393,,,
OK-W1_NOVEMBER-SELL-483,SELL_PRESSURE_NO_ABSORPTION_EVENT,OKX,W1_NOVEMBER,2025-11-19T08:03:00+00:00,91746.75,WIN,1,0,0,0,0,2.043,0.602,473,,
OK-W1_NOVEMBER-SELL-525,SELL_PRESSURE_NO_ABSORPTION_EVENT,OKX,W1_NOVEMBER,2025-11-19T08:45:00+00:00,91509.95,WIN,1,0,0,0,0,2.022,0.862,460,,
OK-W1_NOVEMBER-SELL-565,SELL_PRESSURE_NO_ABSORPTION_EVENT,OKX,W1_NOVEMBER,2025-11-19T09:25:00+00:00,91163.95,WIN,1,0,0,0,0,2.019,1.245,469,,
OK-W1_NOVEMBER-SELL-623,SELL_PRESSURE_NO_ABSORPTION_EVENT,OKX,W1_NOVEMBER,2025-11-19T10:23:00+00:00,91343.55,WIN,1,0,0,0,0,2.028,1.046,372,,
OK-W1_NOVEMBER-SELL-655,SELL_PRESSURE_NO_ABSORPTION_EVENT,OKX,W1_NOVEMBER,2025-11-19T10:55:00+00:00,91259.95,WIN,1,0,0,0,0,2.08,1.139,377,,
OK-W1_NOVEMBER-SELL-691,SELL_PRESSURE_NO_ABSORPTION_EVENT,OKX,W1_NOVEMBER,2025-11-19T11:31:00+00:00,91420.55,WIN,1,0,0,0,0,2.021,0.961,295,,
OK-W1_NOVEMBER-SELL-723,SELL_PRESSURE_NO_ABSORPTION_EVENT,OKX,W1_NOVEMBER,2025-11-19T12:03:00+00:00,91360.65,WIN,1,0,0,0,0,2.046,1.027,272,,
OK-W1_NOVEMBER-SELL-792,SELL_PRESSURE_NO_ABSORPTION_EVENT,OKX,W1_NOVEMBER,2025-11-19T13:12:00+00:00,91605.95,WIN,1,0,0,0,0,2.101,0.757,187,,
OK-W1_NOVEMBER-SELL-828,SELL_PRESSURE_NO_ABSORPTION_EVENT,OKX,W1_NOVEMBER,2025-11-19T13:48:00+00:00,91410.05,WIN,1,0,0,0,0,2.01,0.972,158,,
OK-W1_NOVEMBER-SELL-866,SELL_PRESSURE_NO_ABSORPTION_EVENT,OKX,W1_NOVEMBER,2025-11-19T14:26:00+00:00,91076.75,WIN,1,0,0,0,0,2.154,1.342,187,,
OK-W1_NOVEMBER-SELL-898,SELL_PRESSURE_NO_ABSORPTION_EVENT,OKX,W1_NOVEMBER,2025-11-19T14:58:00+00:00,91573.75,WIN,1,0,0,0,0,2.066,0.792,81,,
OK-W1_NOVEMBER-SELL-929,SELL_PRESSURE_NO_ABSORPTION_EVENT,OKX,W1_NOVEMBER,2025-11-19T15:29:00+00:00,91194.15,WIN,1,0,0,0,0,2.01,0.0,103,,
OK-W1_NOVEMBER-SELL-965,SELL_PRESSURE_NO_ABSORPTION_EVENT,OKX,W1_NOVEMBER,2025-11-19T16:05:00+00:00,89883.05,LOSS,0,0,0,1,0,1.44,1.596,,,
OK-W1_NOVEMBER-SELL-1033,SELL_PRESSURE_NO_ABSORPTION_EVENT,OKX,W1_NOVEMBER,2025-11-19T17:13:00+00:00,89360.45,LOSS,0,0,0,1,0,0.863,1.508,,,
OK-W1_NOVEMBER-SELL-1064,SELL_PRESSURE_NO_ABSORPTION_EVENT,OKX,W1_NOVEMBER,2025-11-19T17:44:00+00:00,89287.05,LOSS,0,0,0,1,0,0.782,1.582,,,
OK-W1_NOVEMBER-SELL-1105,SELL_PRESSURE_NO_ABSORPTION_EVENT,OKX,W1_NOVEMBER,2025-11-19T18:25:00+00:00,89075.65,LOSS,0,0,0,1,0,0.546,1.584,,,
OK-W1_NOVEMBER-SELL-1151,SELL_PRESSURE_NO_ABSORPTION_EVENT,OKX,W1_NOVEMBER,2025-11-19T19:11:00+00:00,89045.25,LOSS,0,0,0,1,0,0.512,1.619,,,
OK-W1_NOVEMBER-SELL-1182,SELL_PRESSURE_NO_ABSORPTION_EVENT,OKX,W1_NOVEMBER,2025-11-19T19:42:00+00:00,88726.25,LOSS,0,0,0,1,0,0.155,1.837,,,
OK-W1_NOVEMBER-SELL-1242,SELL_PRESSURE_NO_ABSORPTION_EVENT,OKX,W1_NOVEMBER,2025-11-19T20:42:00+00:00,89096.15,LOSS,0,0,0,1,0,0.03,1.561,,,
OK-W1_NOVEMBER-SELL-1298,SELL_PRESSURE_NO_ABSORPTION_EVENT,OKX,W1_NOVEMBER,2025-11-19T21:38:00+00:00,90410.65,LOSS,0,0,0,1,0,0.348,1.504,,,
OK-W1_NOVEMBER-SELL-1331,SELL_PRESSURE_NO_ABSORPTION_EVENT,OKX,W1_NOVEMBER,2025-11-19T22:11:00+00:00,90344.35,LOSS,0,0,0,1,0,0.275,1.579,,,
OK-W1_NOVEMBER-SELL-1364,SELL_PRESSURE_NO_ABSORPTION_EVENT,OKX,W1_NOVEMBER,2025-11-19T22:44:00+00:00,90469.55,LOSS,0,0,0,1,0,0.151,1.532,,,
OK-W1_NOVEMBER-SELL-1449,SELL_PRESSURE_NO_ABSORPTION_EVENT,OKX,W1_NOVEMBER,2025-11-20T00:09:00+00:00,91317.45,LOSS,0,0,0,1,0,0.019,1.55,,,
OK-W1_NOVEMBER-SELL-1494,SELL_PRESSURE_NO_ABSORPTION_EVENT,OKX,W1_NOVEMBER,2025-11-20T00:54:00+00:00,91866.45,TIMEOUT,0,0,0,0,1,0.218,1.354,,,
OK-W1_NOVEMBER-SELL-1526,SELL_PRESSURE_NO_ABSORPTION_EVENT,OKX,W1_NOVEMBER,2025-11-20T01:26:00+00:00,92210.05,TIMEOUT,0,0,0,0,1,0.59,0.977,,,
OK-W1_NOVEMBER-SELL-1568,SELL_PRESSURE_NO_ABSORPTION_EVENT,OKX,W1_NOVEMBER,2025-11-20T02:08:00+00:00,92485.15,TIMEOUT,0,0,0,0,1,1.109,0.676,,,
OK-W1_NOVEMBER-SELL-1602,SELL_PRESSURE_NO_ABSORPTION_EVENT,OKX,W1_NOVEMBER,2025-11-20T02:42:00+00:00,92412.35,TIMEOUT,0,0,0,0,1,1.031,0.756,,,
OK-W1_NOVEMBER-SELL-1633,SELL_PRESSURE_NO_ABSORPTION_EVENT,OKX,W1_NOVEMBER,2025-11-20T03:13:00+00:00,92478.35,TIMEOUT,0,0,0,0,1,1.101,0.684,,,
OK-W1_NOVEMBER-SELL-1666,SELL_PRESSURE_NO_ABSORPTION_EVENT,OKX,W1_NOVEMBER,2025-11-20T03:46:00+00:00,92406.95,TIMEOUT,0,0,0,0,1,1.025,0.762,,,
OK-W1_NOVEMBER-SELL-1697,SELL_PRESSURE_NO_ABSORPTION_EVENT,OKX,W1_NOVEMBER,2025-11-20T04:17:00+00:00,92267.15,TIMEOUT,0,0,0,0,1,0.875,0.914,,,
OK-W1_NOVEMBER-SELL-1759,SELL_PRESSURE_NO_ABSORPTION_EVENT,OKX,W1_NOVEMBER,2025-11-20T05:19:00+00:00,92794.95,TIMEOUT,0,0,0,0,1,1.439,0.0,,,
OK-W1_NOVEMBER-SELL-1822,SELL_PRESSURE_NO_ABSORPTION_EVENT,OKX,W1_NOVEMBER,2025-11-20T06:22:00+00:00,92448.85,WIN,1,0,0,0,0,2.026,0.01,467,,
OK-W1_NOVEMBER-SELL-1854,SELL_PRESSURE_NO_ABSORPTION_EVENT,OKX,W1_NOVEMBER,2025-11-20T06:54:00+00:00,91807.15,TIMEOUT,0,0,0,0,1,1.341,0.658,,,
OK-W1_NOVEMBER-SELL-1970,SELL_PRESSURE_NO_ABSORPTION_EVENT,OKX,W1_NOVEMBER,2025-11-20T08:50:00+00:00,92150.05,WIN,1,0,0,0,0,2.038,0.01,385,,
OK-W1_NOVEMBER-SELL-2005,SELL_PRESSURE_NO_ABSORPTION_EVENT,OKX,W1_NOVEMBER,2025-11-20T09:25:00+00:00,91892.35,WIN,1,0,0,0,0,2.019,0.29,391,,
OK-W1_NOVEMBER-SELL-2081,SELL_PRESSURE_NO_ABSORPTION_EVENT,OKX,W1_NOVEMBER,2025-11-20T10:41:00+00:00,91716.95,WIN,1,0,0,0,0,2.071,0.482,318,,
OK-W1_NOVEMBER-SELL-2116,SELL_PRESSURE_NO_ABSORPTION_EVENT,OKX,W1_NOVEMBER,2025-11-20T11:16:00+00:00,91665.45,WIN,1,0,0,0,0,2.016,0.538,283,,
OK-W1_NOVEMBER-SELL-2173,SELL_PRESSURE_NO_ABSORPTION_EVENT,OKX,W1_NOVEMBER,2025-11-20T12:13:00+00:00,91737.05,WIN,1,0,0,0,0,2.093,0.46,226,,
OK-W1_NOVEMBER-SELL-2224,SELL_PRESSURE_NO_ABSORPTION_EVENT,OKX,W1_NOVEMBER,2025-11-20T13:04:00+00:00,91699.25,WIN,1,0,0,0,0,2.053,0.501,175,,
OK-W1_NOVEMBER-SELL-2268,SELL_PRESSURE_NO_ABSORPTION_EVENT,OKX,W1_NOVEMBER,2025-11-20T13:48:00+00:00,91582.75,WIN,1,0,0,0,0,2.066,0.396,134,,
OK-W1_NOVEMBER-SELL-2320,SELL_PRESSURE_NO_ABSORPTION_EVENT,OKX,W1_NOVEMBER,2025-11-20T14:40:00+00:00,91000.05,WIN,1,0,0,0,0,2.125,0.2,85,,
OK-W1_NOVEMBER-SELL-2351,SELL_PRESSURE_NO_ABSORPTION_EVENT,OKX,W1_NOVEMBER,2025-11-20T15:11:00+00:00,90580.05,WIN,1,0,0,0,0,2.091,0.18,60,,
OK-W1_NOVEMBER-SELL-2382,SELL_PRESSURE_NO_ABSORPTION_EVENT,OKX,W1_NOVEMBER,2025-11-20T15:42:00+00:00,90406.85,WIN,1,0,0,0,0,2.038,0.167,30,,
OK-W1_NOVEMBER-SELL-2413,SELL_PRESSURE_NO_ABSORPTION_EVENT,OKX,W1_NOVEMBER,2025-11-20T16:13:00+00:00,88791.95,WIN,1,0,0,0,0,2.09,0.147,58,,
OK-W1_NOVEMBER-SELL-2446,SELL_PRESSURE_NO_ABSORPTION_EVENT,OKX,W1_NOVEMBER,2025-11-20T16:46:00+00:00,88076.25,WIN,1,0,0,0,0,2.029,0.293,127,,
OK-W1_NOVEMBER-SELL-2477,SELL_PRESSURE_NO_ABSORPTION_EVENT,OKX,W1_NOVEMBER,2025-11-20T17:17:00+00:00,86858.95,LOSS,0,0,0,1,0,0.876,1.51,,,
OK-W1_NOVEMBER-SELL-2544,SELL_PRESSURE_NO_ABSORPTION_EVENT,OKX,W1_NOVEMBER,2025-11-20T18:24:00+00:00,86899.05,TIMEOUT,0,0,0,0,1,0.922,1.467,,,
OK-W1_NOVEMBER-SELL-2575,SELL_PRESSURE_NO_ABSORPTION_EVENT,OKX,W1_NOVEMBER,2025-11-20T18:55:00+00:00,86369.15,LOSS,0,0,0,1,0,0.314,1.512,,,
OK-W1_NOVEMBER-SELL-2620,SELL_PRESSURE_NO_ABSORPTION_EVENT,OKX,W1_NOVEMBER,2025-11-20T19:40:00+00:00,86442.95,LOSS,0,0,0,1,0,0.168,1.522,,,
OK-W1_NOVEMBER-SELL-2651,SELL_PRESSURE_NO_ABSORPTION_EVENT,OKX,W1_NOVEMBER,2025-11-20T20:11:00+00:00,86456.95,LOSS,0,0,0,1,0,0.184,1.506,,,
OK-W1_NOVEMBER-SELL-2686,SELL_PRESSURE_NO_ABSORPTION_EVENT,OKX,W1_NOVEMBER,2025-11-20T20:46:00+00:00,86476.25,LOSS,0,0,0,1,0,0.081,1.597,,,
OK-W1_NOVEMBER-SELL-2738,SELL_PRESSURE_NO_ABSORPTION_EVENT,OKX,W1_NOVEMBER,2025-11-20T21:38:00+00:00,87226.05,WIN,1,0,0,0,0,2.093,1.086,321,,
OK-W1_NOVEMBER-SELL-2799,SELL_PRESSURE_NO_ABSORPTION_EVENT,OKX,W1_NOVEMBER,2025-11-20T22:39:00+00:00,87760.75,WIN,1,0,0,0,0,2.171,0.458,245,,
OK-W1_NOVEMBER-SELL-2831,SELL_PRESSURE_NO_ABSORPTION_EVENT,OKX,W1_NOVEMBER,2025-11-20T23:11:00+00:00,87392.15,WIN,1,0,0,0,0,2.047,0.352,225,,
OK-W1_NOVEMBER-SELL-2866,SELL_PRESSURE_NO_ABSORPTION_EVENT,OKX,W1_NOVEMBER,2025-11-20T23:46:00+00:00,86940.45,WIN,1,0,0,0,0,2.1,0.582,454,,
OK-W1_NOVEMBER-SELL-2912,SELL_PRESSURE_NO_ABSORPTION_EVENT,OKX,W1_NOVEMBER,2025-11-21T00:32:00+00:00,87056.05,WIN,1,0,0,0,0,2.23,0.449,408,,
OK-W1_NOVEMBER-SELL-2943,SELL_PRESSURE_NO_ABSORPTION_EVENT,OKX,W1_NOVEMBER,2025-11-21T01:03:00+00:00,87202.85,WIN,1,0,0,0,0,2.067,0.256,116,,
OK-W1_NOVEMBER-SELL-2977,SELL_PRESSURE_NO_ABSORPTION_EVENT,OKX,W1_NOVEMBER,2025-11-21T01:37:00+00:00,86976.45,WIN,1,0,0,0,0,2.14,0.38,343,,
OK-W1_NOVEMBER-SELL-3008,SELL_PRESSURE_NO_ABSORPTION_EVENT,OKX,W1_NOVEMBER,2025-11-21T02:08:00+00:00,86816.65,WIN,1,0,0,0,0,2.359,0.0,324,,
OK-W1_NOVEMBER-SELL-3042,SELL_PRESSURE_NO_ABSORPTION_EVENT,OKX,W1_NOVEMBER,2025-11-21T02:42:00+00:00,86403.45,WIN,1,1,1,0,0,3.859,0.0,291,291,291
OK-W1_NOVEMBER-SELL-3084,SELL_PRESSURE_NO_ABSORPTION_EVENT,OKX,W1_NOVEMBER,2025-11-21T03:24:00+00:00,85505.45,WIN,1,1,0,0,0,2.849,0.943,249,249,
OK-W1_NOVEMBER-SELL-3119,SELL_PRESSURE_NO_ABSORPTION_EVENT,OKX,W1_NOVEMBER,2025-11-21T03:59:00+00:00,85790.25,WIN,1,1,1,0,0,3.172,0.608,214,214,214
OK-W1_NOVEMBER-SELL-3156,SELL_PRESSURE_NO_ABSORPTION_EVENT,OKX,W1_NOVEMBER,2025-11-21T04:36:00+00:00,85520.15,WIN,1,1,0,0,0,2.866,0.926,177,177,
OK-W1_NOVEMBER-SELL-3217,SELL_PRESSURE_NO_ABSORPTION_EVENT,OKX,W1_NOVEMBER,2025-11-21T05:37:00+00:00,85899.45,WIN,1,1,1,0,0,3.295,0.322,116,116,116
OK-W1_NOVEMBER-SELL-3248,SELL_PRESSURE_NO_ABSORPTION_EVENT,OKX,W1_NOVEMBER,2025-11-21T06:08:00+00:00,85828.15,WIN,1,1,1,0,0,3.215,0.158,85,85,85
OK-W1_NOVEMBER-SELL-3306,SELL_PRESSURE_NO_ABSORPTION_EVENT,OKX,W1_NOVEMBER,2025-11-21T07:06:00+00:00,85560.55,WIN,1,1,0,0,0,2.912,0.0,27,27,
OK-W1_NOVEMBER-SELL-3337,SELL_PRESSURE_NO_ABSORPTION_EVENT,OKX,W1_NOVEMBER,2025-11-21T07:37:00+00:00,83928.75,WIN,1,0,0,0,0,2.003,0.847,135,,
OK-W1_NOVEMBER-SELL-3388,SELL_PRESSURE_NO_ABSORPTION_EVENT,OKX,W1_NOVEMBER,2025-11-21T08:28:00+00:00,84260.65,WIN,1,0,0,0,0,2.075,0.151,73,,
OK-W1_NOVEMBER-SELL-3441,SELL_PRESSURE_NO_ABSORPTION_EVENT,OKX,W1_NOVEMBER,2025-11-21T09:21:00+00:00,83333.65,WIN,1,0,0,0,0,2.312,0.07,180,,
OK-W1_NOVEMBER-SELL-3485,SELL_PRESSURE_NO_ABSORPTION_EVENT,OKX,W1_NOVEMBER,2025-11-21T10:05:00+00:00,82017.15,LOSS,0,0,0,1,0,0.212,1.512,,,
OK-W1_NOVEMBER-SELL-3530,SELL_PRESSURE_NO_ABSORPTION_EVENT,OKX,W1_NOVEMBER,2025-11-21T10:50:00+00:00,82405.95,WIN,1,0,0,0,0,2.078,1.033,98,,
OK-W1_NOVEMBER-SELL-3566,SELL_PRESSURE_NO_ABSORPTION_EVENT,OKX,W1_NOVEMBER,2025-11-21T11:26:00+00:00,83000.05,WIN,1,0,0,0,0,2.267,0.06,57,,
OK-W1_NOVEMBER-SELL-3608,SELL_PRESSURE_NO_ABSORPTION_EVENT,OKX,W1_NOVEMBER,2025-11-21T12:08:00+00:00,81980.85,LOSS,0,0,0,1,0,1.571,1.575,,,
OK-W1_NOVEMBER-SELL-3692,SELL_PRESSURE_NO_ABSORPTION_EVENT,OKX,W1_NOVEMBER,2025-11-21T13:32:00+00:00,83406.05,LOSS,0,0,0,1,0,0.0,1.57,,,
OK-W1_NOVEMBER-SELL-3725,SELL_PRESSURE_NO_ABSORPTION_EVENT,OKX,W1_NOVEMBER,2025-11-21T14:05:00+00:00,83722.95,LOSS,0,0,0,1,0,0.233,1.689,,,
OK-W1_NOVEMBER-SELL-3776,SELL_PRESSURE_NO_ABSORPTION_EVENT,OKX,W1_NOVEMBER,2025-11-21T14:56:00+00:00,85027.05,WIN,1,0,0,0,0,2.027,0.068,39,,
OK-W1_NOVEMBER-SELL-3807,SELL_PRESSURE_NO_ABSORPTION_EVENT,OKX,W1_NOVEMBER,2025-11-21T15:27:00+00:00,83726.85,LOSS,0,0,0,1,0,1.537,1.633,,,
OK-W1_NOVEMBER-SELL-3845,SELL_PRESSURE_NO_ABSORPTION_EVENT,OKX,W1_NOVEMBER,2025-11-21T16:05:00+00:00,82440.05,LOSS,0,0,0,1,0,0.0,1.558,,,
OK-W1_NOVEMBER-SELL-3938,SELL_PRESSURE_NO_ABSORPTION_EVENT,OKX,W1_NOVEMBER,2025-11-21T17:38:00+00:00,85101.45,WIN,1,0,0,0,0,2.003,0.23,39,,
OK-W1_NOVEMBER-SELL-3969,SELL_PRESSURE_NO_ABSORPTION_EVENT,OKX,W1_NOVEMBER,2025-11-21T18:09:00+00:00,84077.45,LOSS,0,0,0,1,0,0.925,1.516,,,
OK-W1_NOVEMBER-SELL-4060,SELL_PRESSURE_NO_ABSORPTION_EVENT,OKX,W1_NOVEMBER,2025-11-21T19:40:00+00:00,84645.05,TIMEOUT,0,0,0,0,1,1.428,0.969,,,
OK-W1_NOVEMBER-SELL-4095,SELL_PRESSURE_NO_ABSORPTION_EVENT,OKX,W1_NOVEMBER,2025-11-21T20:15:00+00:00,83965.05,LOSS,0,0,0,1,0,0.63,1.556,,,
OK-W1_NOVEMBER-SELL-4143,SELL_PRESSURE_NO_ABSORPTION_EVENT,OKX,W1_NOVEMBER,2025-11-21T21:03:00+00:00,84431.45,TIMEOUT,0,0,0,0,1,0.72,1.225,,,
OK-W1_NOVEMBER-SELL-4198,SELL_PRESSURE_NO_ABSORPTION_EVENT,OKX,W1_NOVEMBER,2025-11-21T21:58:00+00:00,85114.85,TIMEOUT,0,0,0,0,1,1.517,0.412,,,
OK-W1_NOVEMBER-SELL-4229,SELL_PRESSURE_NO_ABSORPTION_EVENT,OKX,W1_NOVEMBER,2025-11-21T22:29:00+00:00,84800.05,TIMEOUT,0,0,0,0,1,1.151,0.785,,,
OK-W1_NOVEMBER-SELL-4260,SELL_PRESSURE_NO_ABSORPTION_EVENT,OKX,W1_NOVEMBER,2025-11-21T23:00:00+00:00,84242.75,TIMEOUT,0,0,0,0,1,0.497,1.451,,,
OK-W1_NOVEMBER-SELL-4319,SELL_PRESSURE_NO_ABSORPTION_EVENT,OKX,W1_NOVEMBER,2025-11-21T23:59:00+00:00,85086.55,TIMEOUT,0,0,0,0,1,1.484,0.445,,,
OK-W1_NOVEMBER-SELL-4351,SELL_PRESSURE_NO_ABSORPTION_EVENT,OKX,W1_NOVEMBER,2025-11-22T00:31:00+00:00,85078.55,TIMEOUT,0,0,0,0,1,1.475,0.171,,,
OK-W1_NOVEMBER-SELL-4430,SELL_PRESSURE_NO_ABSORPTION_EVENT,OKX,W1_NOVEMBER,2025-11-22T01:50:00+00:00,85025.95,TIMEOUT,0,0,0,0,1,1.414,0.16,,,
OK-W1_NOVEMBER-SELL-4462,SELL_PRESSURE_NO_ABSORPTION_EVENT,OKX,W1_NOVEMBER,2025-11-22T02:22:00+00:00,84571.25,TIMEOUT,0,0,0,0,1,0.884,0.206,,,
OK-W1_NOVEMBER-SELL-4527,SELL_PRESSURE_NO_ABSORPTION_EVENT,OKX,W1_NOVEMBER,2025-11-22T03:27:00+00:00,84333.55,TIMEOUT,0,0,0,0,1,0.971,0.488,,,
OK-W1_NOVEMBER-SELL-4573,SELL_PRESSURE_NO_ABSORPTION_EVENT,OKX,W1_NOVEMBER,2025-11-22T04:13:00+00:00,84070.85,TIMEOUT,0,0,0,0,1,0.662,0.802,,,
OK-W1_NOVEMBER-SELL-4606,SELL_PRESSURE_NO_ABSORPTION_EVENT,OKX,W1_NOVEMBER,2025-11-22T04:46:00+00:00,83932.35,TIMEOUT,0,0,0,0,1,0.498,0.968,,,
OK-W1_NOVEMBER-SELL-4637,SELL_PRESSURE_NO_ABSORPTION_EVENT,OKX,W1_NOVEMBER,2025-11-22T05:17:00+00:00,83972.45,TIMEOUT,0,0,0,0,1,0.545,0.92,,,
OK-W1_NOVEMBER-SELL-4689,SELL_PRESSURE_NO_ABSORPTION_EVENT,OKX,W1_NOVEMBER,2025-11-22T06:09:00+00:00,84059.25,TIMEOUT,0,0,0,0,1,0.648,0.816,,,
OK-W1_NOVEMBER-SELL-4730,SELL_PRESSURE_NO_ABSORPTION_EVENT,OKX,W1_NOVEMBER,2025-11-22T06:50:00+00:00,84497.75,TIMEOUT,0,0,0,0,1,1.164,0.228,,,
OK-W1_NOVEMBER-SELL-4776,SELL_PRESSURE_NO_ABSORPTION_EVENT,OKX,W1_NOVEMBER,2025-11-22T07:36:00+00:00,84366.75,TIMEOUT,0,0,0,0,1,1.01,0.3,,,
OK-W1_NOVEMBER-SELL-4811,SELL_PRESSURE_NO_ABSORPTION_EVENT,OKX,W1_NOVEMBER,2025-11-22T08:11:00+00:00,84438.05,TIMEOUT,0,0,0,0,1,1.094,0.182,,,
OK-W1_NOVEMBER-SELL-4890,SELL_PRESSURE_NO_ABSORPTION_EVENT,OKX,W1_NOVEMBER,2025-11-22T09:30:00+00:00,84044.55,TIMEOUT,0,0,0,0,1,0.631,0.885,,,
OK-W1_NOVEMBER-SELL-4938,SELL_PRESSURE_NO_ABSORPTION_EVENT,OKX,W1_NOVEMBER,2025-11-22T10:18:00+00:00,83893.35,TIMEOUT,0,0,0,0,1,0.452,1.066,,,
OK-W1_NOVEMBER-SELL-4969,SELL_PRESSURE_NO_ABSORPTION_EVENT,OKX,W1_NOVEMBER,2025-11-22T10:49:00+00:00,83514.45,LOSS,0,0,0,1,0,0.0,1.525,,,
OK-W1_NOVEMBER-SELL-5032,SELL_PRESSURE_NO_ABSORPTION_EVENT,OKX,W1_NOVEMBER,2025-11-22T11:52:00+00:00,84153.45,TIMEOUT,0,0,0,0,1,0.668,0.754,,,
OK-W1_NOVEMBER-SELL-5074,SELL_PRESSURE_NO_ABSORPTION_EVENT,OKX,W1_NOVEMBER,2025-11-22T12:34:00+00:00,83687.05,TIMEOUT,0,0,0,0,1,0.106,1.315,,,
OK-W1_NOVEMBER-SELL-5125,SELL_PRESSURE_NO_ABSORPTION_EVENT,OKX,W1_NOVEMBER,2025-11-22T13:25:00+00:00,83777.95,TIMEOUT,0,0,0,0,1,0.098,1.206,,,
OK-W1_NOVEMBER-SELL-5201,SELL_PRESSURE_NO_ABSORPTION_EVENT,OKX,W1_NOVEMBER,2025-11-22T14:41:00+00:00,84444.45,TIMEOUT,0,0,0,0,1,0.539,0.407,,,
OK-W1_NOVEMBER-SELL-5232,SELL_PRESSURE_NO_ABSORPTION_EVENT,OKX,W1_NOVEMBER,2025-11-22T15:12:00+00:00,84292.05,TIMEOUT,0,0,0,0,1,0.359,1.009,,,
OK-W1_NOVEMBER-SELL-5264,SELL_PRESSURE_NO_ABSORPTION_EVENT,OKX,W1_NOVEMBER,2025-11-22T15:44:00+00:00,84080.15,TIMEOUT,0,0,0,0,1,0.108,1.263,,,
OK-W1_NOVEMBER-SELL-5341,SELL_PRESSURE_NO_ABSORPTION_EVENT,OKX,W1_NOVEMBER,2025-11-22T17:01:00+00:00,84564.55,TIMEOUT,0,0,0,0,1,0.41,0.683,,,
OK-W1_NOVEMBER-SELL-5382,SELL_PRESSURE_NO_ABSORPTION_EVENT,OKX,W1_NOVEMBER,2025-11-22T17:42:00+00:00,84473.85,TIMEOUT,0,0,0,0,1,0.303,0.791,,,
OK-W1_NOVEMBER-SELL-5426,SELL_PRESSURE_NO_ABSORPTION_EVENT,OKX,W1_NOVEMBER,2025-11-22T18:26:00+00:00,84532.75,TIMEOUT,0,0,0,0,1,0.373,0.721,,,
OK-W1_NOVEMBER-SELL-5484,SELL_PRESSURE_NO_ABSORPTION_EVENT,OKX,W1_NOVEMBER,2025-11-22T19:24:00+00:00,84592.55,TIMEOUT,0,0,0,0,1,0.443,0.65,,,
OK-W1_NOVEMBER-SELL-5539,SELL_PRESSURE_NO_ABSORPTION_EVENT,OKX,W1_NOVEMBER,2025-11-22T20:19:00+00:00,84647.75,TIMEOUT,0,0,0,0,1,0.508,0.584,,,
OK-W1_NOVEMBER-SELL-5572,SELL_PRESSURE_NO_ABSORPTION_EVENT,OKX,W1_NOVEMBER,2025-11-22T20:52:00+00:00,84309.05,TIMEOUT,0,0,0,0,1,0.109,0.988,,,
OK-W1_NOVEMBER-SELL-5647,SELL_PRESSURE_NO_ABSORPTION_EVENT,OKX,W1_NOVEMBER,2025-11-22T22:07:00+00:00,84263.45,TIMEOUT,0,0,0,0,1,0.026,1.043,,,
OK-W1_NOVEMBER-SELL-5715,SELL_PRESSURE_NO_ABSORPTION_EVENT,OKX,W1_NOVEMBER,2025-11-22T23:15:00+00:00,84914.95,TIMEOUT,0,0,0,0,1,0.329,0.065,,,
OK-W1_NOVEMBER-SELL-5750,SELL_PRESSURE_NO_ABSORPTION_EVENT,OKX,W1_NOVEMBER,2025-11-22T23:50:00+00:00,84734.85,TIMEOUT,0,0,0,0,1,0.117,0.0,,,
OK-W1_NOVEMBER-CVD_-71,CVD_BREAKDOWN_EVENT,OKX,W1_NOVEMBER,2025-11-19T01:11:00+00:00,92023.35,WIN,1,0,0,0,0,2.134,0.853,276,,
OK-W1_NOVEMBER-CVD_-216,CVD_BREAKDOWN_EVENT,OKX,W1_NOVEMBER,2025-11-19T03:36:00+00:00,91842.85,TIMEOUT,0,0,0,0,1,1.989,0.137,,,
OK-W1_NOVEMBER-CVD_-275,CVD_BREAKDOWN_EVENT,OKX,W1_NOVEMBER,2025-11-19T04:35:00+00:00,91349.95,TIMEOUT,0,0,0,0,1,1.46,0.653,,,
OK-W1_NOVEMBER-CVD_-308,CVD_BREAKDOWN_EVENT,OKX,W1_NOVEMBER,2025-11-19T05:08:00+00:00,90863.95,TIMEOUT,0,0,0,0,1,0.933,1.191,,,
OK-W1_NOVEMBER-CVD_-340,CVD_BREAKDOWN_EVENT,OKX,W1_NOVEMBER,2025-11-19T05:40:00+00:00,90434.95,LOSS,0,0,0,1,0,0.463,1.597,,,
OK-W1_NOVEMBER-CVD_-486,CVD_BREAKDOWN_EVENT,OKX,W1_NOVEMBER,2025-11-19T08:06:00+00:00,91677.55,WIN,1,0,0,0,0,2.014,0.678,472,,
OK-W1_NOVEMBER-CVD_-520,CVD_BREAKDOWN_EVENT,OKX,W1_NOVEMBER,2025-11-19T08:40:00+00:00,91501.15,WIN,1,0,0,0,0,2.013,0.872,465,,
OK-W1_NOVEMBER-CVD_-558,CVD_BREAKDOWN_EVENT,OKX,W1_NOVEMBER,2025-11-19T09:18:00+00:00,91208.15,WIN,1,0,0,0,0,2.025,1.196,474,,
OK-W1_NOVEMBER-CVD_-739,CVD_BREAKDOWN_EVENT,OKX,W1_NOVEMBER,2025-11-19T12:19:00+00:00,91254.55,WIN,1,0,0,0,0,2.075,1.144,293,,
OK-W1_NOVEMBER-CVD_-813,CVD_BREAKDOWN_EVENT,OKX,W1_NOVEMBER,2025-11-19T13:33:00+00:00,91634.25,WIN,1,0,0,0,0,2.131,0.725,166,,
OK-W1_NOVEMBER-CVD_-844,CVD_BREAKDOWN_EVENT,OKX,W1_NOVEMBER,2025-11-19T14:04:00+00:00,91213.35,WIN,1,0,0,0,0,2.03,1.19,188,,
OK-W1_NOVEMBER-CVD_-890,CVD_BREAKDOWN_EVENT,OKX,W1_NOVEMBER,2025-11-19T14:50:00+00:00,91551.55,WIN,1,0,0,0,0,2.042,0.816,89,,
OK-W1_NOVEMBER-CVD_-930,CVD_BREAKDOWN_EVENT,OKX,W1_NOVEMBER,2025-11-19T15:30:00+00:00,90949.65,WIN,1,0,0,0,0,2.017,0.0,123,,
OK-W1_NOVEMBER-CVD_-1053,CVD_BREAKDOWN_EVENT,OKX,W1_NOVEMBER,2025-11-19T17:33:00+00:00,89115.25,LOSS,0,0,0,1,0,0.59,1.539,,,
OK-W1_NOVEMBER-CVD_-1178,CVD_BREAKDOWN_EVENT,OKX,W1_NOVEMBER,2025-11-19T19:38:00+00:00,88736.45,LOSS,0,0,0,1,0,0.166,1.826,,,
OK-W1_NOVEMBER-CVD_-1322,CVD_BREAKDOWN_EVENT,OKX,W1_NOVEMBER,2025-11-19T22:02:00+00:00,90374.85,LOSS,0,0,0,1,0,0.308,1.545,,,
OK-W1_NOVEMBER-CVD_-1491,CVD_BREAKDOWN_EVENT,OKX,W1_NOVEMBER,2025-11-20T00:51:00+00:00,91889.65,TIMEOUT,0,0,0,0,1,0.243,1.329,,,
OK-W1_NOVEMBER-CVD_-1527,CVD_BREAKDOWN_EVENT,OKX,W1_NOVEMBER,2025-11-20T01:27:00+00:00,92108.65,TIMEOUT,0,0,0,0,1,0.48,1.088,,,
OK-W1_NOVEMBER-CVD_-1558,CVD_BREAKDOWN_EVENT,OKX,W1_NOVEMBER,2025-11-20T01:58:00+00:00,92483.15,TIMEOUT,0,0,0,0,1,1.106,0.679,,,
OK-W1_NOVEMBER-CVD_-1592,CVD_BREAKDOWN_EVENT,OKX,W1_NOVEMBER,2025-11-20T02:32:00+00:00,92453.85,TIMEOUT,0,0,0,0,1,1.075,0.711,,,
OK-W1_NOVEMBER-CVD_-1628,CVD_BREAKDOWN_EVENT,OKX,W1_NOVEMBER,2025-11-20T03:08:00+00:00,92487.05,TIMEOUT,0,0,0,0,1,1.111,0.674,,,
OK-W1_NOVEMBER-CVD_-1696,CVD_BREAKDOWN_EVENT,OKX,W1_NOVEMBER,2025-11-20T04:16:00+00:00,92359.05,TIMEOUT,0,0,0,0,1,0.973,0.814,,,
OK-W1_NOVEMBER-CVD_-1821,CVD_BREAKDOWN_EVENT,OKX,W1_NOVEMBER,2025-11-20T06:21:00+00:00,92458.55,WIN,1,0,0,0,0,2.036,0.0,468,,
OK-W1_NOVEMBER-CVD_-1852,CVD_BREAKDOWN_EVENT,OKX,W1_NOVEMBER,2025-11-20T06:52:00+00:00,91666.25,TIMEOUT,0,0,0,0,1,1.189,0.812,,,
OK-W1_NOVEMBER-CVD_-1983,CVD_BREAKDOWN_EVENT,OKX,W1_NOVEMBER,2025-11-20T09:03:00+00:00,91960.65,WIN,1,0,0,0,0,2.003,0.216,412,,
OK-W1_NOVEMBER-CVD_-2024,CVD_BREAKDOWN_EVENT,OKX,W1_NOVEMBER,2025-11-20T09:44:00+00:00,91658.85,WIN,1,0,0,0,0,2.009,0.546,375,,
OK-W1_NOVEMBER-CVD_-2127,CVD_BREAKDOWN_EVENT,OKX,W1_NOVEMBER,2025-11-20T11:27:00+00:00,91467.15,WIN,1,0,0,0,0,2.13,0.756,276,,
OK-W1_NOVEMBER-CVD_-2285,CVD_BREAKDOWN_EVENT,OKX,W1_NOVEMBER,2025-11-20T14:05:00+00:00,90945.25,WIN,1,0,0,0,0,2.066,0.658,120,,
OK-W1_NOVEMBER-CVD_-2352,CVD_BREAKDOWN_EVENT,OKX,W1_NOVEMBER,2025-11-20T15:12:00+00:00,90485.15,WIN,1,0,0,0,0,2.122,0.285,60,,
OK-W1_NOVEMBER-CVD_-2398,CVD_BREAKDOWN_EVENT,OKX,W1_NOVEMBER,2025-11-20T15:58:00+00:00,89973.65,WIN,1,0,0,0,0,2.011,0.0,43,,
OK-W1_NOVEMBER-CVD_-2464,CVD_BREAKDOWN_EVENT,OKX,W1_NOVEMBER,2025-11-20T17:04:00+00:00,87608.65,TIMEOUT,0,0,0,0,1,1.724,0.645,,,
OK-W1_NOVEMBER-CVD_-2495,CVD_BREAKDOWN_EVENT,OKX,W1_NOVEMBER,2025-11-20T17:35:00+00:00,86643.25,LOSS,0,0,0,1,0,0.629,1.502,,,
OK-W1_NOVEMBER-CVD_-2570,CVD_BREAKDOWN_EVENT,OKX,W1_NOVEMBER,2025-11-20T18:50:00+00:00,86507.25,LOSS,0,0,0,1,0,0.473,1.56,,,
OK-W1_NOVEMBER-CVD_-2728,CVD_BREAKDOWN_EVENT,OKX,W1_NOVEMBER,2025-11-20T21:28:00+00:00,87098.65,TIMEOUT,0,0,0,0,1,1.95,1.234,,,
OK-W1_NOVEMBER-CVD_-2760,CVD_BREAKDOWN_EVENT,OKX,W1_NOVEMBER,2025-11-20T22:00:00+00:00,87177.55,WIN,1,0,0,0,0,2.039,1.142,299,,
OK-W1_NOVEMBER-CVD_-2810,CVD_BREAKDOWN_EVENT,OKX,W1_NOVEMBER,2025-11-20T22:50:00+00:00,87969.65,WIN,1,0,0,0,0,2.065,0.167,208,,
OK-W1_NOVEMBER-CVD_-2841,CVD_BREAKDOWN_EVENT,OKX,W1_NOVEMBER,2025-11-20T23:21:00+00:00,87212.75,WIN,1,0,0,0,0,2.078,0.268,218,,
OK-W1_NOVEMBER-CVD_-2872,CVD_BREAKDOWN_EVENT,OKX,W1_NOVEMBER,2025-11-20T23:52:00+00:00,86628.05,WIN,1,0,0,0,0,2.147,0.945,460,,
OK-W1_NOVEMBER-CVD_-2968,CVD_BREAKDOWN_EVENT,OKX,W1_NOVEMBER,2025-11-21T01:28:00+00:00,87179.05,WIN,1,0,0,0,0,2.041,0.147,91,,
OK-W1_NOVEMBER-CVD_-3005,CVD_BREAKDOWN_EVENT,OKX,W1_NOVEMBER,2025-11-21T02:05:00+00:00,86701.05,WIN,1,0,0,0,0,2.229,0.133,327,,
OK-W1_NOVEMBER-CVD_-3041,CVD_BREAKDOWN_EVENT,OKX,W1_NOVEMBER,2025-11-21T02:41:00+00:00,86403.85,WIN,1,1,1,0,0,3.859,0.0,292,292,292
OK-W1_NOVEMBER-CVD_-3306,CVD_BREAKDOWN_EVENT,OKX,W1_NOVEMBER,2025-11-21T07:06:00+00:00,85560.55,WIN,1,1,0,0,0,2.912,0.0,27,27,
OK-W1_NOVEMBER-CVD_-3395,CVD_BREAKDOWN_EVENT,OKX,W1_NOVEMBER,2025-11-21T08:35:00+00:00,84045.05,WIN,1,0,0,0,0,2.139,0.0,77,,
OK-W1_NOVEMBER-CVD_-3448,CVD_BREAKDOWN_EVENT,OKX,W1_NOVEMBER,2025-11-21T09:28:00+00:00,83035.25,WIN,1,0,0,0,0,2.308,0.267,175,,
OK-W1_NOVEMBER-CVD_-3623,CVD_BREAKDOWN_EVENT,OKX,W1_NOVEMBER,2025-11-21T12:23:00+00:00,81118.55,LOSS,0,0,0,1,0,0.524,1.675,,,
OK-W1_NOVEMBER-CVD_-3737,CVD_BREAKDOWN_EVENT,OKX,W1_NOVEMBER,2025-11-21T14:17:00+00:00,83591.45,LOSS,0,0,0,1,0,0.076,1.503,,,
OK-W1_NOVEMBER-CVD_-3807,CVD_BREAKDOWN_EVENT,OKX,W1_NOVEMBER,2025-11-21T15:27:00+00:00,83726.85,LOSS,0,0,0,1,0,1.537,1.633,,,
OK-W1_NOVEMBER-CVD_-3944,CVD_BREAKDOWN_EVENT,OKX,W1_NOVEMBER,2025-11-21T17:44:00+00:00,85135.65,WIN,1,0,0,0,0,2.043,0.189,33,,
OK-W1_NOVEMBER-CVD_-3977,CVD_BREAKDOWN_EVENT,OKX,W1_NOVEMBER,2025-11-21T18:17:00+00:00,83396.75,LOSS,0,0,0,1,0,0.116,1.793,,,
OK-W1_NOVEMBER-CVD_-4073,CVD_BREAKDOWN_EVENT,OKX,W1_NOVEMBER,2025-11-21T19:53:00+00:00,84090.35,LOSS,0,0,0,1,0,0.778,1.5,,,
OK-W1_NOVEMBER-CVD_-4109,CVD_BREAKDOWN_EVENT,OKX,W1_NOVEMBER,2025-11-21T20:29:00+00:00,83501.65,LOSS,0,0,0,1,0,0.079,1.521,,,
OK-W1_NOVEMBER-CVD_-4222,CVD_BREAKDOWN_EVENT,OKX,W1_NOVEMBER,2025-11-21T22:22:00+00:00,84965.95,TIMEOUT,0,0,0,0,1,1.344,0.588,,,
OK-W1_NOVEMBER-CVD_-4296,CVD_BREAKDOWN_EVENT,OKX,W1_NOVEMBER,2025-11-21T23:36:00+00:00,84875.85,TIMEOUT,0,0,0,0,1,1.239,0.695,,,
OK-W1_NOVEMBER-CVD_-4367,CVD_BREAKDOWN_EVENT,OKX,W1_NOVEMBER,2025-11-22T00:47:00+00:00,84777.35,TIMEOUT,0,0,0,0,1,1.125,0.454,,,
OK-W1_NOVEMBER-CVD_-4451,CVD_BREAKDOWN_EVENT,OKX,W1_NOVEMBER,2025-11-22T02:11:00+00:00,84674.45,TIMEOUT,0,0,0,0,1,1.005,0.083,,,
OK-W1_NOVEMBER-CVD_-4643,CVD_BREAKDOWN_EVENT,OKX,W1_NOVEMBER,2025-11-22T05:23:00+00:00,83885.45,TIMEOUT,0,0,0,0,1,0.442,1.025,,,
OK-W1_NOVEMBER-CVD_-4802,CVD_BREAKDOWN_EVENT,OKX,W1_NOVEMBER,2025-11-22T08:02:00+00:00,84464.45,TIMEOUT,0,0,0,0,1,1.125,0.151,,,
OK-W1_NOVEMBER-CVD_-4845,CVD_BREAKDOWN_EVENT,OKX,W1_NOVEMBER,2025-11-22T08:45:00+00:00,83901.95,TIMEOUT,0,0,0,0,1,0.462,1.056,,,
OK-W1_NOVEMBER-CVD_-4945,CVD_BREAKDOWN_EVENT,OKX,W1_NOVEMBER,2025-11-22T10:25:00+00:00,83629.25,TIMEOUT,0,0,0,0,1,0.137,1.386,,,
OK-W1_NOVEMBER-CVD_-5043,CVD_BREAKDOWN_EVENT,OKX,W1_NOVEMBER,2025-11-22T12:03:00+00:00,84065.85,TIMEOUT,0,0,0,0,1,0.564,0.859,,,
OK-W1_NOVEMBER-CVD_-5133,CVD_BREAKDOWN_EVENT,OKX,W1_NOVEMBER,2025-11-22T13:33:00+00:00,83760.45,TIMEOUT,0,0,0,0,1,0.077,1.227,,,
OK-W1_NOVEMBER-CVD_-5170,CVD_BREAKDOWN_EVENT,OKX,W1_NOVEMBER,2025-11-22T14:10:00+00:00,84095.05,TIMEOUT,0,0,0,0,1,0.126,0.824,,,
OK-W1_NOVEMBER-CVD_-5206,CVD_BREAKDOWN_EVENT,OKX,W1_NOVEMBER,2025-11-22T14:46:00+00:00,84220.05,TIMEOUT,0,0,0,0,1,0.274,0.674,,,
OK-W1_NOVEMBER-CVD_-5250,CVD_BREAKDOWN_EVENT,OKX,W1_NOVEMBER,2025-11-22T15:30:00+00:00,84318.05,TIMEOUT,0,0,0,0,1,0.39,0.977,,,
OK-W1_NOVEMBER-CVD_-5431,CVD_BREAKDOWN_EVENT,OKX,W1_NOVEMBER,2025-11-22T18:31:00+00:00,84450.05,TIMEOUT,0,0,0,0,1,0.275,0.82,,,
OK-W1_NOVEMBER-CVD_-5637,CVD_BREAKDOWN_EVENT,OKX,W1_NOVEMBER,2025-11-22T21:57:00+00:00,84370.15,TIMEOUT,0,0,0,0,1,0.152,0.915,,,
OK-W1_NOVEMBER-FORC-934,FORCED_UNWIND_EVENT,OKX,W1_NOVEMBER,2025-11-19T15:34:00+00:00,90673.45,WIN,1,0,0,0,0,2.007,0.088,123,,
OK-W1_NOVEMBER-FORC-1844,FORCED_UNWIND_EVENT,OKX,W1_NOVEMBER,2025-11-20T06:44:00+00:00,91809.65,TIMEOUT,0,0,0,0,1,1.344,0.655,,,
OK-W1_NOVEMBER-FORC-2283,FORCED_UNWIND_EVENT,OKX,W1_NOVEMBER,2025-11-20T14:03:00+00:00,91088.95,WIN,1,0,0,0,0,2.221,0.499,122,,
OK-W1_NOVEMBER-FORC-2321,FORCED_UNWIND_EVENT,OKX,W1_NOVEMBER,2025-11-20T14:41:00+00:00,90855.55,WIN,1,0,0,0,0,2.141,0.36,86,,
OK-W1_NOVEMBER-FORC-2407,FORCED_UNWIND_EVENT,OKX,W1_NOVEMBER,2025-11-20T16:07:00+00:00,88910.05,WIN,1,0,0,0,0,2.22,0.126,64,,
OK-W1_NOVEMBER-FORC-3045,FORCED_UNWIND_EVENT,OKX,W1_NOVEMBER,2025-11-21T02:45:00+00:00,85974.05,WIN,1,1,1,0,0,3.379,0.393,288,288,288
OK-W1_NOVEMBER-FORC-3333,FORCED_UNWIND_EVENT,OKX,W1_NOVEMBER,2025-11-21T07:33:00+00:00,83069.15,LOSS,0,0,0,1,0,0.0,1.531,,,
By-W3_JANUARY-SELL-82,SELL_PRESSURE_NO_ABSORPTION_EVENT,Bybit,W3_JANUARY,2026-01-28T01:22:00+00:00,89296.25,TIMEOUT,0,0,0,0,1,0.538,0.127,,,
By-W3_JANUARY-SELL-132,SELL_PRESSURE_NO_ABSORPTION_EVENT,Bybit,W3_JANUARY,2026-01-28T02:12:00+00:00,89225.85,TIMEOUT,0,0,0,0,1,0.46,0.348,,,
By-W3_JANUARY-SELL-164,SELL_PRESSURE_NO_ABSORPTION_EVENT,Bybit,W3_JANUARY,2026-01-28T02:44:00+00:00,89116.05,TIMEOUT,0,0,0,0,1,0.337,0.483,,,
By-W3_JANUARY-SELL-195,SELL_PRESSURE_NO_ABSORPTION_EVENT,Bybit,W3_JANUARY,2026-01-28T03:15:00+00:00,89040.15,TIMEOUT,0,0,0,0,1,0.252,0.569,,,
By-W3_JANUARY-SELL-249,SELL_PRESSURE_NO_ABSORPTION_EVENT,Bybit,W3_JANUARY,2026-01-28T04:09:00+00:00,88956.35,TIMEOUT,0,0,0,0,1,0.158,1.245,,,
By-W3_JANUARY-SELL-319,SELL_PRESSURE_NO_ABSORPTION_EVENT,Bybit,W3_JANUARY,2026-01-28T05:19:00+00:00,88872.85,LOSS,0,0,0,1,0,0.064,1.599,,,
By-W3_JANUARY-SELL-401,SELL_PRESSURE_NO_ABSORPTION_EVENT,Bybit,W3_JANUARY,2026-01-28T06:41:00+00:00,89108.95,TIMEOUT,0,0,0,0,1,0.329,1.421,,,
By-W3_JANUARY-SELL-434,SELL_PRESSURE_NO_ABSORPTION_EVENT,Bybit,W3_JANUARY,2026-01-28T07:14:00+00:00,89189.15,TIMEOUT,0,0,0,0,1,0.419,1.33,,,
By-W3_JANUARY-SELL-475,SELL_PRESSURE_NO_ABSORPTION_EVENT,Bybit,W3_JANUARY,2026-01-28T07:55:00+00:00,89105.05,TIMEOUT,0,0,0,0,1,0.325,1.425,,,
By-W3_JANUARY-SELL-506,SELL_PRESSURE_NO_ABSORPTION_EVENT,Bybit,W3_JANUARY,2026-01-28T08:26:00+00:00,89066.75,TIMEOUT,0,0,0,0,1,0.282,1.469,,,
By-W3_JANUARY-SELL-537,SELL_PRESSURE_NO_ABSORPTION_EVENT,Bybit,W3_JANUARY,2026-01-28T08:57:00+00:00,88880.55,LOSS,0,0,0,1,0,0.073,1.591,,,
By-W3_JANUARY-SELL-618,SELL_PRESSURE_NO_ABSORPTION_EVENT,Bybit,W3_JANUARY,2026-01-28T10:18:00+00:00,89426.55,TIMEOUT,0,0,0,0,1,0.624,1.147,,,
By-W3_JANUARY-SELL-659,SELL_PRESSURE_NO_ABSORPTION_EVENT,Bybit,W3_JANUARY,2026-01-28T10:59:00+00:00,89362.15,TIMEOUT,0,0,0,0,1,0.553,1.22,,,
By-W3_JANUARY-SELL-734,SELL_PRESSURE_NO_ABSORPTION_EVENT,Bybit,W3_JANUARY,2026-01-28T12:14:00+00:00,89892.95,TIMEOUT,0,0,0,0,1,1.14,0.622,,,
By-W3_JANUARY-SELL-806,SELL_PRESSURE_NO_ABSORPTION_EVENT,Bybit,W3_JANUARY,2026-01-28T13:26:00+00:00,90076.85,TIMEOUT,0,0,0,0,1,1.348,0.417,,,
By-W3_JANUARY-SELL-838,SELL_PRESSURE_NO_ABSORPTION_EVENT,Bybit,W3_JANUARY,2026-01-28T13:58:00+00:00,90178.55,TIMEOUT,0,0,0,0,1,1.459,0.303,,,
By-W3_JANUARY-SELL-869,SELL_PRESSURE_NO_ABSORPTION_EVENT,Bybit,W3_JANUARY,2026-01-28T14:29:00+00:00,89952.05,TIMEOUT,0,0,0,0,1,1.211,0.556,,,
By-W3_JANUARY-SELL-911,SELL_PRESSURE_NO_ABSORPTION_EVENT,Bybit,W3_JANUARY,2026-01-28T15:11:00+00:00,89206.05,TIMEOUT,0,0,0,0,1,0.385,1.397,,,
By-W3_JANUARY-SELL-963,SELL_PRESSURE_NO_ABSORPTION_EVENT,Bybit,W3_JANUARY,2026-01-28T16:03:00+00:00,89243.25,TIMEOUT,0,0,0,0,1,0.427,1.355,,,
By-W3_JANUARY-SELL-1003,SELL_PRESSURE_NO_ABSORPTION_EVENT,Bybit,W3_JANUARY,2026-01-28T16:43:00+00:00,89474.25,TIMEOUT,0,0,0,0,1,0.684,1.093,,,
By-W3_JANUARY-SELL-1041,SELL_PRESSURE_NO_ABSORPTION_EVENT,Bybit,W3_JANUARY,2026-01-28T17:21:00+00:00,89574.85,TIMEOUT,0,0,0,0,1,0.795,0.979,,,
By-W3_JANUARY-SELL-1085,SELL_PRESSURE_NO_ABSORPTION_EVENT,Bybit,W3_JANUARY,2026-01-28T18:05:00+00:00,89648.35,TIMEOUT,0,0,0,0,1,1.274,0.265,,,
By-W3_JANUARY-SELL-1116,SELL_PRESSURE_NO_ABSORPTION_EVENT,Bybit,W3_JANUARY,2026-01-28T18:36:00+00:00,89580.55,TIMEOUT,0,0,0,0,1,1.601,0.204,,,
By-W3_JANUARY-SELL-1148,SELL_PRESSURE_NO_ABSORPTION_EVENT,Bybit,W3_JANUARY,2026-01-28T19:08:00+00:00,89294.45,TIMEOUT,0,0,0,0,1,1.777,0.525,,,
By-W3_JANUARY-SELL-1183,SELL_PRESSURE_NO_ABSORPTION_EVENT,Bybit,W3_JANUARY,2026-01-28T19:43:00+00:00,89015.65,TIMEOUT,0,0,0,0,1,1.47,0.84,,,
By-W3_JANUARY-SELL-1236,SELL_PRESSURE_NO_ABSORPTION_EVENT,Bybit,W3_JANUARY,2026-01-28T20:36:00+00:00,89305.95,TIMEOUT,0,0,0,0,1,1.79,0.146,,,
By-W3_JANUARY-SELL-1294,SELL_PRESSURE_NO_ABSORPTION_EVENT,Bybit,W3_JANUARY,2026-01-28T21:34:00+00:00,89046.05,TIMEOUT,0,0,0,0,1,1.503,0.439,,,
By-W3_JANUARY-SELL-1336,SELL_PRESSURE_NO_ABSORPTION_EVENT,Bybit,W3_JANUARY,2026-01-28T22:16:00+00:00,89189.25,TIMEOUT,0,0,0,0,1,1.661,0.268,,,
By-W3_JANUARY-SELL-1408,SELL_PRESSURE_NO_ABSORPTION_EVENT,Bybit,W3_JANUARY,2026-01-28T23:28:00+00:00,89242.95,TIMEOUT,0,0,0,0,1,1.72,0.098,,,
By-W3_JANUARY-SELL-1487,SELL_PRESSURE_NO_ABSORPTION_EVENT,Bybit,W3_JANUARY,2026-01-29T00:47:00+00:00,88916.95,TIMEOUT,0,0,0,0,1,1.36,0.218,,,
By-W3_JANUARY-SELL-1527,SELL_PRESSURE_NO_ABSORPTION_EVENT,Bybit,W3_JANUARY,2026-01-29T01:27:00+00:00,88714.75,TIMEOUT,0,0,0,0,1,1.135,0.147,,,
By-W3_JANUARY-SELL-1560,SELL_PRESSURE_NO_ABSORPTION_EVENT,Bybit,W3_JANUARY,2026-01-29T02:00:00+00:00,88521.05,TIMEOUT,0,0,0,0,1,0.919,0.203,,,
By-W3_JANUARY-SELL-1591,SELL_PRESSURE_NO_ABSORPTION_EVENT,Bybit,W3_JANUARY,2026-01-29T02:31:00+00:00,88207.45,TIMEOUT,0,0,0,0,1,0.567,0.233,,,
By-W3_JANUARY-SELL-1769,SELL_PRESSURE_NO_ABSORPTION_EVENT,Bybit,W3_JANUARY,2026-01-29T05:29:00+00:00,88169.15,TIMEOUT,0,0,0,0,1,0.53,0.276,,,
By-W3_JANUARY-SELL-1821,SELL_PRESSURE_NO_ABSORPTION_EVENT,Bybit,W3_JANUARY,2026-01-29T06:21:00+00:00,88166.35,TIMEOUT,0,0,0,0,1,0.527,0.28,,,
By-W3_JANUARY-SELL-1878,SELL_PRESSURE_NO_ABSORPTION_EVENT,Bybit,W3_JANUARY,2026-01-29T07:18:00+00:00,88243.15,WIN,1,0,0,0,0,2.087,0.192,465,,
By-W3_JANUARY-SELL-1930,SELL_PRESSURE_NO_ABSORPTION_EVENT,Bybit,W3_JANUARY,2026-01-29T08:10:00+00:00,87945.95,WIN,1,0,0,0,0,2.148,0.531,419,,
By-W3_JANUARY-SELL-1964,SELL_PRESSURE_NO_ABSORPTION_EVENT,Bybit,W3_JANUARY,2026-01-29T08:44:00+00:00,88091.05,WIN,1,0,0,0,0,2.091,0.06,382,,
By-W3_JANUARY-SELL-1996,SELL_PRESSURE_NO_ABSORPTION_EVENT,Bybit,W3_JANUARY,2026-01-29T09:16:00+00:00,87966.75,WIN,1,0,0,0,0,2.172,0.18,353,,
By-W3_JANUARY-SELL-2035,SELL_PRESSURE_NO_ABSORPTION_EVENT,Bybit,W3_JANUARY,2026-01-29T09:55:00+00:00,87871.85,WIN,1,0,0,0,0,2.066,0.288,314,,
By-W3_JANUARY-SELL-2125,SELL_PRESSURE_NO_ABSORPTION_EVENT,Bybit,W3_JANUARY,2026-01-29T11:25:00+00:00,87801.85,WIN,1,0,0,0,0,2.07,0.368,225,,
By-W3_JANUARY-SELL-2190,SELL_PRESSURE_NO_ABSORPTION_EVENT,Bybit,W3_JANUARY,2026-01-29T12:30:00+00:00,87888.35,WIN,1,0,0,0,0,2.084,0.27,159,,
By-W3_JANUARY-SELL-2273,SELL_PRESSURE_NO_ABSORPTION_EVENT,Bybit,W3_JANUARY,2026-01-29T13:53:00+00:00,87902.55,WIN,1,0,0,0,0,2.1,0.145,76,,
By-W3_JANUARY-SELL-2305,SELL_PRESSURE_NO_ABSORPTION_EVENT,Bybit,W3_JANUARY,2026-01-29T14:25:00+00:00,87922.45,WIN,1,0,0,0,0,2.122,0.0,44,,
By-W3_JANUARY-SELL-2336,SELL_PRESSURE_NO_ABSORPTION_EVENT,Bybit,W3_JANUARY,2026-01-29T14:56:00+00:00,87266.95,WIN,1,0,0,0,0,2.0,0.0,17,,
By-W3_JANUARY-SELL-2367,SELL_PRESSURE_NO_ABSORPTION_EVENT,Bybit,W3_JANUARY,2026-01-29T15:27:00+00:00,85413.55,WIN,1,0,0,0,0,2.137,0.197,183,,
By-W3_JANUARY-SELL-2413,SELL_PRESSURE_NO_ABSORPTION_EVENT,Bybit,W3_JANUARY,2026-01-29T16:13:00+00:00,84638.55,TIMEOUT,0,0,0,0,1,1.461,1.114,,,
By-W3_JANUARY-SELL-2476,SELL_PRESSURE_NO_ABSORPTION_EVENT,Bybit,W3_JANUARY,2026-01-29T17:16:00+00:00,85110.15,WIN,1,0,0,0,0,2.002,0.554,104,,
By-W3_JANUARY-SELL-2511,SELL_PRESSURE_NO_ABSORPTION_EVENT,Bybit,W3_JANUARY,2026-01-29T17:51:00+00:00,84486.55,WIN,1,0,0,0,0,2.006,0.239,469,,
By-W3_JANUARY-SELL-2542,SELL_PRESSURE_NO_ABSORPTION_EVENT,Bybit,W3_JANUARY,2026-01-29T18:22:00+00:00,83967.45,WIN,1,0,0,0,0,2.121,0.859,439,,
By-W3_JANUARY-SELL-2576,SELL_PRESSURE_NO_ABSORPTION_EVENT,Bybit,W3_JANUARY,2026-01-29T18:56:00+00:00,83585.15,WIN,1,1,0,0,0,2.888,1.32,406,406,
By-W3_JANUARY-SELL-2643,SELL_PRESSURE_NO_ABSORPTION_EVENT,Bybit,W3_JANUARY,2026-01-29T20:03:00+00:00,83869.15,WIN,1,0,0,0,0,2.006,0.977,338,,
By-W3_JANUARY-SELL-2674,SELL_PRESSURE_NO_ABSORPTION_EVENT,Bybit,W3_JANUARY,2026-01-29T20:34:00+00:00,83919.25,WIN,1,0,0,0,0,2.065,0.916,307,,
By-W3_JANUARY-SELL-2773,SELL_PRESSURE_NO_ABSORPTION_EVENT,Bybit,W3_JANUARY,2026-01-29T22:13:00+00:00,84279.55,WIN,1,0,0,0,0,2.483,0.485,208,,
By-W3_JANUARY-SELL-2830,SELL_PRESSURE_NO_ABSORPTION_EVENT,Bybit,W3_JANUARY,2026-01-29T23:10:00+00:00,84405.05,WIN,1,1,0,0,0,2.628,0.336,151,151,
By-W3_JANUARY-SELL-2893,SELL_PRESSURE_NO_ABSORPTION_EVENT,Bybit,W3_JANUARY,2026-01-30T00:13:00+00:00,84502.55,WIN,1,0,0,0,0,2.025,0.0,87,,
By-W3_JANUARY-SELL-2933,SELL_PRESSURE_NO_ABSORPTION_EVENT,Bybit,W3_JANUARY,2026-01-30T00:53:00+00:00,84124.95,WIN,1,0,0,0,0,2.304,0.089,48,,
By-W3_JANUARY-SELL-2965,SELL_PRESSURE_NO_ABSORPTION_EVENT,Bybit,W3_JANUARY,2026-01-30T01:25:00+00:00,83801.15,WIN,1,1,1,0,0,3.138,0.06,17,17,17
By-W3_JANUARY-SELL-3008,SELL_PRESSURE_NO_ABSORPTION_EVENT,Bybit,W3_JANUARY,2026-01-30T02:08:00+00:00,82104.05,TIMEOUT,0,0,0,0,1,1.177,1.424,,,
By-W3_JANUARY-SELL-3157,SELL_PRESSURE_NO_ABSORPTION_EVENT,Bybit,W3_JANUARY,2026-01-30T04:37:00+00:00,83024.05,TIMEOUT,0,0,0,0,1,1.201,0.3,,,
By-W3_JANUARY-SELL-3223,SELL_PRESSURE_NO_ABSORPTION_EVENT,Bybit,W3_JANUARY,2026-01-30T05:43:00+00:00,83080.25,TIMEOUT,0,0,0,0,1,1.268,0.203,,,
By-W3_JANUARY-SELL-3255,SELL_PRESSURE_NO_ABSORPTION_EVENT,Bybit,W3_JANUARY,2026-01-30T06:15:00+00:00,82729.45,TIMEOUT,0,0,0,0,1,0.849,0.627,,,
By-W3_JANUARY-SELL-3286,SELL_PRESSURE_NO_ABSORPTION_EVENT,Bybit,W3_JANUARY,2026-01-30T06:46:00+00:00,82026.75,LOSS,0,0,0,1,0,0.0,1.558,,,
By-W3_JANUARY-SELL-3327,SELL_PRESSURE_NO_ABSORPTION_EVENT,Bybit,W3_JANUARY,2026-01-30T07:27:00+00:00,82673.35,TIMEOUT,0,0,0,0,1,0.621,1.133,,,
By-W3_JANUARY-SELL-3368,SELL_PRESSURE_NO_ABSORPTION_EVENT,Bybit,W3_JANUARY,2026-01-30T08:08:00+00:00,82600.45,TIMEOUT,0,0,0,0,1,0.533,1.222,,,
By-W3_JANUARY-SELL-3399,SELL_PRESSURE_NO_ABSORPTION_EVENT,Bybit,W3_JANUARY,2026-01-30T08:39:00+00:00,82502.35,TIMEOUT,0,0,0,0,1,0.415,1.343,,,
By-W3_JANUARY-SELL-3439,SELL_PRESSURE_NO_ABSORPTION_EVENT,Bybit,W3_JANUARY,2026-01-30T09:19:00+00:00,82515.85,TIMEOUT,0,0,0,0,1,0.431,1.326,,,
By-W3_JANUARY-SELL-3478,SELL_PRESSURE_NO_ABSORPTION_EVENT,Bybit,W3_JANUARY,2026-01-30T09:58:00+00:00,82281.35,LOSS,0,0,0,1,0,0.148,1.583,,,
By-W3_JANUARY-SELL-3548,SELL_PRESSURE_NO_ABSORPTION_EVENT,Bybit,W3_JANUARY,2026-01-30T11:08:00+00:00,82730.05,LOSS,0,0,0,1,0,1.01,1.727,,,
By-W3_JANUARY-SELL-3610,SELL_PRESSURE_NO_ABSORPTION_EVENT,Bybit,W3_JANUARY,2026-01-30T12:10:00+00:00,82994.95,LOSS,0,0,0,1,0,1.326,1.508,,,
By-W3_JANUARY-SELL-3656,SELL_PRESSURE_NO_ABSORPTION_EVENT,Bybit,W3_JANUARY,2026-01-30T12:56:00+00:00,82711.25,LOSS,0,0,0,1,0,0.987,1.511,,,
By-W3_JANUARY-SELL-3776,SELL_PRESSURE_NO_ABSORPTION_EVENT,Bybit,W3_JANUARY,2026-01-30T14:56:00+00:00,83041.15,LOSS,0,0,0,1,0,1.381,1.537,,,
By-W3_JANUARY-SELL-3808,SELL_PRESSURE_NO_ABSORPTION_EVENT,Bybit,W3_JANUARY,2026-01-30T15:28:00+00:00,82634.75,LOSS,0,0,0,1,0,0.896,1.52,,,
By-W3_JANUARY-SELL-3842,SELL_PRESSURE_NO_ABSORPTION_EVENT,Bybit,W3_JANUARY,2026-01-30T16:02:00+00:00,82931.15,LOSS,0,0,0,1,0,1.25,1.586,,,
By-W3_JANUARY-SELL-3891,SELL_PRESSURE_NO_ABSORPTION_EVENT,Bybit,W3_JANUARY,2026-01-30T16:51:00+00:00,83047.65,LOSS,0,0,0,1,0,1.388,1.529,,,
By-W3_JANUARY-SELL-3938,SELL_PRESSURE_NO_ABSORPTION_EVENT,Bybit,W3_JANUARY,2026-01-30T17:38:00+00:00,83091.75,LOSS,0,0,0,1,0,1.441,1.65,,,
By-W3_JANUARY-SELL-3977,SELL_PRESSURE_NO_ABSORPTION_EVENT,Bybit,W3_JANUARY,2026-01-30T18:17:00+00:00,82468.85,LOSS,0,0,0,1,0,0.696,1.551,,,
By-W3_JANUARY-SELL-4061,SELL_PRESSURE_NO_ABSORPTION_EVENT,Bybit,W3_JANUARY,2026-01-30T19:41:00+00:00,84169.15,TIMEOUT,0,0,0,0,1,0.763,0.417,,,
By-W3_JANUARY-SELL-4098,SELL_PRESSURE_NO_ABSORPTION_EVENT,Bybit,W3_JANUARY,2026-01-30T20:18:00+00:00,83834.15,TIMEOUT,0,0,0,0,1,0.367,0.772,,,
By-W3_JANUARY-SELL-4148,SELL_PRESSURE_NO_ABSORPTION_EVENT,Bybit,W3_JANUARY,2026-01-30T21:08:00+00:00,83775.45,TIMEOUT,0,0,0,0,1,0.008,0.843,,,
By-W3_JANUARY-SELL-4214,SELL_PRESSURE_NO_ABSORPTION_EVENT,Bybit,W3_JANUARY,2026-01-30T22:14:00+00:00,83968.55,TIMEOUT,0,0,0,0,1,0.208,0.343,,,
By-W3_JANUARY-SELL-4270,SELL_PRESSURE_NO_ABSORPTION_EVENT,Bybit,W3_JANUARY,2026-01-30T23:10:00+00:00,83981.65,TIMEOUT,0,0,0,0,1,0.428,0.328,,,
By-W3_JANUARY-SELL-4331,SELL_PRESSURE_NO_ABSORPTION_EVENT,Bybit,W3_JANUARY,2026-01-31T00:11:00+00:00,84087.75,TIMEOUT,0,0,0,0,1,0.865,0.16,,,
By-W3_JANUARY-SELL-4413,SELL_PRESSURE_NO_ABSORPTION_EVENT,Bybit,W3_JANUARY,2026-01-31T01:33:00+00:00,83950.05,TIMEOUT,0,0,0,0,1,1.578,0.289,,,
By-W3_JANUARY-SELL-4536,SELL_PRESSURE_NO_ABSORPTION_EVENT,Bybit,W3_JANUARY,2026-01-31T03:36:00+00:00,84077.65,TIMEOUT,0,0,0,0,1,1.728,0.033,,,
By-W3_JANUARY-SELL-4609,SELL_PRESSURE_NO_ABSORPTION_EVENT,Bybit,W3_JANUARY,2026-01-31T04:49:00+00:00,83969.35,TIMEOUT,0,0,0,0,1,1.601,0.083,,,
By-W3_JANUARY-SELL-4685,SELL_PRESSURE_NO_ABSORPTION_EVENT,Bybit,W3_JANUARY,2026-01-31T06:05:00+00:00,83874.85,TIMEOUT,0,0,0,0,1,1.683,0.103,,,
By-W3_JANUARY-SELL-4718,SELL_PRESSURE_NO_ABSORPTION_EVENT,Bybit,W3_JANUARY,2026-01-31T06:38:00+00:00,83681.05,WIN,1,0,0,0,0,2.001,0.114,465,,
By-W3_JANUARY-SELL-4759,SELL_PRESSURE_NO_ABSORPTION_EVENT,Bybit,W3_JANUARY,2026-01-31T07:19:00+00:00,83633.05,WIN,1,0,0,0,0,2.029,0.117,425,,
By-W3_JANUARY-SELL-4815,SELL_PRESSURE_NO_ABSORPTION_EVENT,Bybit,W3_JANUARY,2026-01-31T08:15:00+00:00,83172.55,WIN,1,0,0,0,0,2.001,0.115,372,,
By-W3_JANUARY-SELL-4847,SELL_PRESSURE_NO_ABSORPTION_EVENT,Bybit,W3_JANUARY,2026-01-31T08:47:00+00:00,82732.85,WIN,1,0,0,0,0,2.076,0.647,352,,
By-W3_JANUARY-SELL-4882,SELL_PRESSURE_NO_ABSORPTION_EVENT,Bybit,W3_JANUARY,2026-01-31T09:22:00+00:00,82968.55,WIN,1,0,0,0,0,2.242,0.361,309,,
By-W3_JANUARY-SELL-4918,SELL_PRESSURE_NO_ABSORPTION_EVENT,Bybit,W3_JANUARY,2026-01-31T09:58:00+00:00,83088.05,WIN,1,0,0,0,0,2.022,0.087,272,,
By-W3_JANUARY-SELL-4985,SELL_PRESSURE_NO_ABSORPTION_EVENT,Bybit,W3_JANUARY,2026-01-31T11:05:00+00:00,82999.25,WIN,1,0,0,0,0,2.279,0.095,206,,
By-W3_JANUARY-SELL-5032,SELL_PRESSURE_NO_ABSORPTION_EVENT,Bybit,W3_JANUARY,2026-01-31T11:52:00+00:00,82841.55,WIN,1,0,0,0,0,2.093,0.286,159,,
By-W3_JANUARY-SELL-5090,SELL_PRESSURE_NO_ABSORPTION_EVENT,Bybit,W3_JANUARY,2026-01-31T12:50:00+00:00,82723.35,WIN,1,0,0,0,0,2.065,0.196,109,,
By-W3_JANUARY-SELL-5131,SELL_PRESSURE_NO_ABSORPTION_EVENT,Bybit,W3_JANUARY,2026-01-31T13:31:00+00:00,82749.25,WIN,1,0,0,0,0,2.095,0.165,68,,
By-W3_JANUARY-SELL-5171,SELL_PRESSURE_NO_ABSORPTION_EVENT,Bybit,W3_JANUARY,2026-01-31T14:11:00+00:00,82488.45,WIN,1,0,0,0,0,2.18,0.0,118,,
By-W3_JANUARY-SELL-5202,SELL_PRESSURE_NO_ABSORPTION_EVENT,Bybit,W3_JANUARY,2026-01-31T14:42:00+00:00,80945.05,WIN,1,1,0,0,0,2.656,1.024,149,149,
By-W3_JANUARY-SELL-5233,SELL_PRESSURE_NO_ABSORPTION_EVENT,Bybit,W3_JANUARY,2026-01-31T15:13:00+00:00,81235.35,WIN,1,0,0,0,0,2.263,0.663,115,,
By-W3_JANUARY-SELL-5285,SELL_PRESSURE_NO_ABSORPTION_EVENT,Bybit,W3_JANUARY,2026-01-31T16:05:00+00:00,81292.05,WIN,1,0,0,0,0,2.331,0.593,63,,
By-W3_JANUARY-SELL-5316,SELL_PRESSURE_NO_ABSORPTION_EVENT,Bybit,W3_JANUARY,2026-01-31T16:36:00+00:00,81048.85,WIN,1,0,0,0,0,2.038,0.043,32,,
By-W3_JANUARY-SELL-5347,SELL_PRESSURE_NO_ABSORPTION_EVENT,Bybit,W3_JANUARY,2026-01-31T17:07:00+00:00,80117.15,WIN,1,0,0,0,0,2.032,0.0,26,,
By-W3_JANUARY-SELL-5408,SELL_PRESSURE_NO_ABSORPTION_EVENT,Bybit,W3_JANUARY,2026-01-31T18:08:00+00:00,78641.65,WIN,1,1,1,0,0,3.687,0.204,35,35,35
By-W3_JANUARY-SELL-5439,SELL_PRESSURE_NO_ABSORPTION_EVENT,Bybit,W3_JANUARY,2026-01-31T18:39:00+00:00,77510.95,WIN,1,0,0,0,0,2.282,0.0,4,,
By-W3_JANUARY-SELL-5490,SELL_PRESSURE_NO_ABSORPTION_EVENT,Bybit,W3_JANUARY,2026-01-31T19:30:00+00:00,77840.25,LOSS,0,0,0,1,0,0.964,1.582,,,
By-W3_JANUARY-SELL-5532,SELL_PRESSURE_NO_ABSORPTION_EVENT,Bybit,W3_JANUARY,2026-01-31T20:12:00+00:00,77628.85,LOSS,0,0,0,1,0,0.694,1.859,,,
By-W3_JANUARY-SELL-5593,SELL_PRESSURE_NO_ABSORPTION_EVENT,Bybit,W3_JANUARY,2026-01-31T21:13:00+00:00,77646.05,LOSS,0,0,0,1,0,0.387,1.837,,,
By-W3_JANUARY-SELL-5662,SELL_PRESSURE_NO_ABSORPTION_EVENT,Bybit,W3_JANUARY,2026-01-31T22:22:00+00:00,78091.65,TIMEOUT,0,0,0,0,1,0.153,1.387,,,
By-W3_JANUARY-CVD_-91,CVD_BREAKDOWN_EVENT,Bybit,W3_JANUARY,2026-01-28T01:31:00+00:00,89254.65,TIMEOUT,0,0,0,0,1,0.492,0.174,,,
By-W3_JANUARY-CVD_-155,CVD_BREAKDOWN_EVENT,Bybit,W3_JANUARY,2026-01-28T02:35:00+00:00,89166.95,TIMEOUT,0,0,0,0,1,0.394,0.426,,,
By-W3_JANUARY-CVD_-191,CVD_BREAKDOWN_EVENT,Bybit,W3_JANUARY,2026-01-28T03:11:00+00:00,89063.65,TIMEOUT,0,0,0,0,1,0.278,0.543,,,
By-W3_JANUARY-CVD_-239,CVD_BREAKDOWN_EVENT,Bybit,W3_JANUARY,2026-01-28T03:59:00+00:00,89080.05,TIMEOUT,0,0,0,0,1,0.297,1.104,,,
By-W3_JANUARY-CVD_-314,CVD_BREAKDOWN_EVENT,Bybit,W3_JANUARY,2026-01-28T05:14:00+00:00,88880.55,LOSS,0,0,0,1,0,0.073,1.591,,,
By-W3_JANUARY-CVD_-473,CVD_BREAKDOWN_EVENT,Bybit,W3_JANUARY,2026-01-28T07:53:00+00:00,89127.05,TIMEOUT,0,0,0,0,1,0.349,1.4,,,
By-W3_JANUARY-CVD_-513,CVD_BREAKDOWN_EVENT,Bybit,W3_JANUARY,2026-01-28T08:33:00+00:00,88988.75,LOSS,0,0,0,1,0,0.195,1.555,,,
By-W3_JANUARY-CVD_-659,CVD_BREAKDOWN_EVENT,Bybit,W3_JANUARY,2026-01-28T10:59:00+00:00,89362.15,TIMEOUT,0,0,0,0,1,0.553,1.22,,,
By-W3_JANUARY-CVD_-867,CVD_BREAKDOWN_EVENT,Bybit,W3_JANUARY,2026-01-28T14:27:00+00:00,89935.15,TIMEOUT,0,0,0,0,1,1.193,0.575,,,
By-W3_JANUARY-CVD_-1050,CVD_BREAKDOWN_EVENT,Bybit,W3_JANUARY,2026-01-28T17:30:00+00:00,89341.25,TIMEOUT,0,0,0,0,1,0.705,1.243,,,
By-W3_JANUARY-CVD_-1081,CVD_BREAKDOWN_EVENT,Bybit,W3_JANUARY,2026-01-28T18:01:00+00:00,89559.35,TIMEOUT,0,0,0,0,1,1.176,0.364,,,
By-W3_JANUARY-CVD_-1117,CVD_BREAKDOWN_EVENT,Bybit,W3_JANUARY,2026-01-28T18:37:00+00:00,89579.75,TIMEOUT,0,0,0,0,1,1.6,0.205,,,
By-W3_JANUARY-CVD_-1340,CVD_BREAKDOWN_EVENT,Bybit,W3_JANUARY,2026-01-28T22:20:00+00:00,89095.65,TIMEOUT,0,0,0,0,1,1.558,0.373,,,
By-W3_JANUARY-CVD_-1408,CVD_BREAKDOWN_EVENT,Bybit,W3_JANUARY,2026-01-28T23:28:00+00:00,89242.95,TIMEOUT,0,0,0,0,1,1.72,0.098,,,
By-W3_JANUARY-CVD_-1525,CVD_BREAKDOWN_EVENT,Bybit,W3_JANUARY,2026-01-29T01:25:00+00:00,88711.25,TIMEOUT,0,0,0,0,1,1.131,0.151,,,
By-W3_JANUARY-CVD_-1588,CVD_BREAKDOWN_EVENT,Bybit,W3_JANUARY,2026-01-29T02:28:00+00:00,88568.45,TIMEOUT,0,0,0,0,1,0.972,0.0,,,
By-W3_JANUARY-CVD_-1929,CVD_BREAKDOWN_EVENT,Bybit,W3_JANUARY,2026-01-29T08:09:00+00:00,87964.85,WIN,1,0,0,0,0,2.169,0.509,420,,
By-W3_JANUARY-CVD_-2037,CVD_BREAKDOWN_EVENT,Bybit,W3_JANUARY,2026-01-29T09:57:00+00:00,87850.05,WIN,1,0,0,0,0,2.042,0.313,312,,
By-W3_JANUARY-CVD_-2127,CVD_BREAKDOWN_EVENT,Bybit,W3_JANUARY,2026-01-29T11:27:00+00:00,87753.75,WIN,1,0,0,0,0,2.016,0.423,223,,
By-W3_JANUARY-CVD_-2306,CVD_BREAKDOWN_EVENT,Bybit,W3_JANUARY,2026-01-29T14:26:00+00:00,87850.15,WIN,1,0,0,0,0,2.042,0.053,43,,
By-W3_JANUARY-CVD_-2337,CVD_BREAKDOWN_EVENT,Bybit,W3_JANUARY,2026-01-29T14:57:00+00:00,87124.95,WIN,1,0,0,0,0,2.115,0.0,17,,
By-W3_JANUARY-CVD_-2379,CVD_BREAKDOWN_EVENT,Bybit,W3_JANUARY,2026-01-29T15:39:00+00:00,85059.65,TIMEOUT,0,0,0,0,1,1.949,0.614,,,
By-W3_JANUARY-CVD_-2507,CVD_BREAKDOWN_EVENT,Bybit,W3_JANUARY,2026-01-29T17:47:00+00:00,84547.65,WIN,1,0,0,0,0,2.006,0.166,472,,
By-W3_JANUARY-CVD_-2542,CVD_BREAKDOWN_EVENT,Bybit,W3_JANUARY,2026-01-29T18:22:00+00:00,83967.45,WIN,1,0,0,0,0,2.121,0.859,439,,
By-W3_JANUARY-CVD_-2574,CVD_BREAKDOWN_EVENT,Bybit,W3_JANUARY,2026-01-29T18:54:00+00:00,83525.35,WIN,1,1,0,0,0,2.818,1.392,408,408,
By-W3_JANUARY-CVD_-2773,CVD_BREAKDOWN_EVENT,Bybit,W3_JANUARY,2026-01-29T22:13:00+00:00,84279.55,WIN,1,0,0,0,0,2.483,0.485,208,,
By-W3_JANUARY-CVD_-2806,CVD_BREAKDOWN_EVENT,Bybit,W3_JANUARY,2026-01-29T22:46:00+00:00,84346.85,WIN,1,1,0,0,0,2.561,0.405,175,175,
By-W3_JANUARY-CVD_-2904,CVD_BREAKDOWN_EVENT,Bybit,W3_JANUARY,2026-01-30T00:24:00+00:00,84381.95,WIN,1,1,0,0,0,2.602,0.086,77,77,
By-W3_JANUARY-CVD_-2939,CVD_BREAKDOWN_EVENT,Bybit,W3_JANUARY,2026-01-30T00:59:00+00:00,84140.05,WIN,1,0,0,0,0,2.322,0.005,42,,
By-W3_JANUARY-CVD_-2977,CVD_BREAKDOWN_EVENT,Bybit,W3_JANUARY,2026-01-30T01:37:00+00:00,83176.15,WIN,1,0,0,0,0,2.41,0.105,5,,
By-W3_JANUARY-CVD_-3016,CVD_BREAKDOWN_EVENT,Bybit,W3_JANUARY,2026-01-30T02:16:00+00:00,81849.85,LOSS,0,0,0,1,0,0.87,1.553,,,
By-W3_JANUARY-CVD_-3215,CVD_BREAKDOWN_EVENT,Bybit,W3_JANUARY,2026-01-30T05:35:00+00:00,83159.95,TIMEOUT,0,0,0,0,1,1.363,0.107,,,
By-W3_JANUARY-CVD_-3246,CVD_BREAKDOWN_EVENT,Bybit,W3_JANUARY,2026-01-30T06:06:00+00:00,82795.35,TIMEOUT,0,0,0,0,1,0.928,0.547,,,
By-W3_JANUARY-CVD_-3282,CVD_BREAKDOWN_EVENT,Bybit,W3_JANUARY,2026-01-30T06:42:00+00:00,82208.05,TIMEOUT,0,0,0,0,1,0.221,1.472,,,
By-W3_JANUARY-CVD_-3445,CVD_BREAKDOWN_EVENT,Bybit,W3_JANUARY,2026-01-30T09:25:00+00:00,82227.05,LOSS,0,0,0,1,0,0.082,1.65,,,
By-W3_JANUARY-CVD_-3486,CVD_BREAKDOWN_EVENT,Bybit,W3_JANUARY,2026-01-30T10:06:00+00:00,82267.55,LOSS,0,0,0,1,0,0.131,1.6,,,
By-W3_JANUARY-CVD_-3567,CVD_BREAKDOWN_EVENT,Bybit,W3_JANUARY,2026-01-30T11:27:00+00:00,82658.05,LOSS,0,0,0,1,0,0.923,1.553,,,
By-W3_JANUARY-CVD_-3665,CVD_BREAKDOWN_EVENT,Bybit,W3_JANUARY,2026-01-30T13:05:00+00:00,82562.85,LOSS,0,0,0,1,0,0.809,1.565,,,
By-W3_JANUARY-CVD_-3807,CVD_BREAKDOWN_EVENT,Bybit,W3_JANUARY,2026-01-30T15:27:00+00:00,82679.65,LOSS,0,0,0,1,0,0.949,1.526,,,
By-W3_JANUARY-CVD_-3903,CVD_BREAKDOWN_EVENT,Bybit,W3_JANUARY,2026-01-30T17:03:00+00:00,82767.95,LOSS,0,0,0,1,0,1.055,1.681,,,
By-W3_JANUARY-CVD_-3979,CVD_BREAKDOWN_EVENT,Bybit,W3_JANUARY,2026-01-30T18:19:00+00:00,82176.25,LOSS,0,0,0,1,0,0.343,1.639,,,
By-W3_JANUARY-CVD_-4084,CVD_BREAKDOWN_EVENT,Bybit,W3_JANUARY,2026-01-30T20:04:00+00:00,84024.55,TIMEOUT,0,0,0,0,1,0.592,0.544,,,
By-W3_JANUARY-CVD_-4294,CVD_BREAKDOWN_EVENT,Bybit,W3_JANUARY,2026-01-30T23:34:00+00:00,83979.05,TIMEOUT,0,0,0,0,1,0.538,0.331,,,
By-W3_JANUARY-CVD_-4396,CVD_BREAKDOWN_EVENT,Bybit,W3_JANUARY,2026-01-31T01:16:00+00:00,84150.05,TIMEOUT,0,0,0,0,1,1.812,0.063,,,
By-W3_JANUARY-CVD_-4464,CVD_BREAKDOWN_EVENT,Bybit,W3_JANUARY,2026-01-31T02:24:00+00:00,83826.85,TIMEOUT,0,0,0,0,1,1.434,0.437,,,
By-W3_JANUARY-CVD_-4548,CVD_BREAKDOWN_EVENT,Bybit,W3_JANUARY,2026-01-31T03:48:00+00:00,84012.15,TIMEOUT,0,0,0,0,1,1.651,0.111,,,
By-W3_JANUARY-CVD_-4609,CVD_BREAKDOWN_EVENT,Bybit,W3_JANUARY,2026-01-31T04:49:00+00:00,83969.35,TIMEOUT,0,0,0,0,1,1.601,0.083,,,
By-W3_JANUARY-CVD_-4701,CVD_BREAKDOWN_EVENT,Bybit,W3_JANUARY,2026-01-31T06:21:00+00:00,83918.95,WIN,1,0,0,0,0,2.009,0.0,478,,
By-W3_JANUARY-CVD_-4770,CVD_BREAKDOWN_EVENT,Bybit,W3_JANUARY,2026-01-31T07:30:00+00:00,83538.05,WIN,1,0,0,0,0,2.384,0.028,416,,
By-W3_JANUARY-CVD_-4811,CVD_BREAKDOWN_EVENT,Bybit,W3_JANUARY,2026-01-31T08:11:00+00:00,83298.65,WIN,1,0,0,0,0,2.104,0.022,375,,
By-W3_JANUARY-CVD_-5024,CVD_BREAKDOWN_EVENT,Bybit,W3_JANUARY,2026-01-31T11:44:00+00:00,82938.25,WIN,1,0,0,0,0,2.207,0.169,167,,
By-W3_JANUARY-CVD_-5133,CVD_BREAKDOWN_EVENT,Bybit,W3_JANUARY,2026-01-31T13:33:00+00:00,82596.25,WIN,1,0,0,0,0,2.308,0.351,156,,
By-W3_JANUARY-CVD_-5177,CVD_BREAKDOWN_EVENT,Bybit,W3_JANUARY,2026-01-31T14:17:00+00:00,82367.55,WIN,1,0,0,0,0,2.037,0.0,112,,
By-W3_JANUARY-CVD_-5289,CVD_BREAKDOWN_EVENT,Bybit,W3_JANUARY,2026-01-31T16:09:00+00:00,80689.95,WIN,1,0,0,0,0,2.348,1.344,62,,
By-W3_JANUARY-CVD_-5348,CVD_BREAKDOWN_EVENT,Bybit,W3_JANUARY,2026-01-31T17:08:00+00:00,79397.25,WIN,1,0,0,0,0,2.123,0.071,89,,
By-W3_JANUARY-CVD_-5440,CVD_BREAKDOWN_EVENT,Bybit,W3_JANUARY,2026-01-31T18:40:00+00:00,77147.65,LOSS,0,0,0,1,0,1.822,1.524,,,
By-W3_JANUARY-ACTI-435,ACTIVE_MARKDOWN_EVENT,Bybit,W3_JANUARY,2026-01-28T07:15:00+00:00,89165.55,TIMEOUT,0,0,0,0,1,0.392,1.356,,,
By-W3_JANUARY-ACTI-620,ACTIVE_MARKDOWN_EVENT,Bybit,W3_JANUARY,2026-01-28T10:20:00+00:00,89330.45,TIMEOUT,0,0,0,0,1,0.517,1.256,,,
By-W3_JANUARY-ACTI-734,ACTIVE_MARKDOWN_EVENT,Bybit,W3_JANUARY,2026-01-28T12:14:00+00:00,89892.95,TIMEOUT,0,0,0,0,1,1.14,0.622,,,
By-W3_JANUARY-ACTI-807,ACTIVE_MARKDOWN_EVENT,Bybit,W3_JANUARY,2026-01-28T13:27:00+00:00,90127.35,TIMEOUT,0,0,0,0,1,1.403,0.36,,,
By-W3_JANUARY-ACTI-838,ACTIVE_MARKDOWN_EVENT,Bybit,W3_JANUARY,2026-01-28T13:58:00+00:00,90178.55,TIMEOUT,0,0,0,0,1,1.459,0.303,,,
By-W3_JANUARY-ACTI-869,ACTIVE_MARKDOWN_EVENT,Bybit,W3_JANUARY,2026-01-28T14:29:00+00:00,89952.05,TIMEOUT,0,0,0,0,1,1.211,0.556,,,
By-W3_JANUARY-ACTI-969,ACTIVE_MARKDOWN_EVENT,Bybit,W3_JANUARY,2026-01-28T16:09:00+00:00,89353.85,TIMEOUT,0,0,0,0,1,0.55,1.229,,,
By-W3_JANUARY-ACTI-1003,ACTIVE_MARKDOWN_EVENT,Bybit,W3_JANUARY,2026-01-28T16:43:00+00:00,89474.25,TIMEOUT,0,0,0,0,1,0.684,1.093,,,
By-W3_JANUARY-ACTI-1048,ACTIVE_MARKDOWN_EVENT,Bybit,W3_JANUARY,2026-01-28T17:28:00+00:00,89518.95,TIMEOUT,0,0,0,0,1,0.902,1.042,,,
By-W3_JANUARY-ACTI-1085,ACTIVE_MARKDOWN_EVENT,Bybit,W3_JANUARY,2026-01-28T18:05:00+00:00,89648.35,TIMEOUT,0,0,0,0,1,1.274,0.265,,,
By-W3_JANUARY-ACTI-1116,ACTIVE_MARKDOWN_EVENT,Bybit,W3_JANUARY,2026-01-28T18:36:00+00:00,89580.55,TIMEOUT,0,0,0,0,1,1.601,0.204,,,
By-W3_JANUARY-ACTI-1148,ACTIVE_MARKDOWN_EVENT,Bybit,W3_JANUARY,2026-01-28T19:08:00+00:00,89294.45,TIMEOUT,0,0,0,0,1,1.777,0.525,,,
By-W3_JANUARY-ACTI-1236,ACTIVE_MARKDOWN_EVENT,Bybit,W3_JANUARY,2026-01-28T20:36:00+00:00,89305.95,TIMEOUT,0,0,0,0,1,1.79,0.146,,,
By-W3_JANUARY-ACTI-1336,ACTIVE_MARKDOWN_EVENT,Bybit,W3_JANUARY,2026-01-28T22:16:00+00:00,89189.25,TIMEOUT,0,0,0,0,1,1.661,0.268,,,
By-W3_JANUARY-ACTI-1411,ACTIVE_MARKDOWN_EVENT,Bybit,W3_JANUARY,2026-01-28T23:31:00+00:00,89261.45,TIMEOUT,0,0,0,0,1,1.741,0.078,,,
By-W3_JANUARY-ACTI-1793,ACTIVE_MARKDOWN_EVENT,Bybit,W3_JANUARY,2026-01-29T05:53:00+00:00,88161.35,TIMEOUT,0,0,0,0,1,0.521,0.285,,,
By-W3_JANUARY-ACTI-1965,ACTIVE_MARKDOWN_EVENT,Bybit,W3_JANUARY,2026-01-29T08:45:00+00:00,88143.95,WIN,1,0,0,0,0,2.15,0.0,381,,
By-W3_JANUARY-ACTI-2355,ACTIVE_MARKDOWN_EVENT,Bybit,W3_JANUARY,2026-01-29T15:15:00+00:00,85563.65,WIN,1,0,0,0,0,2.146,0.076,191,,
By-W3_JANUARY-ACTI-2392,ACTIVE_MARKDOWN_EVENT,Bybit,W3_JANUARY,2026-01-29T15:52:00+00:00,84790.35,TIMEOUT,0,0,0,0,1,1.637,0.933,,,
By-W3_JANUARY-ACTI-2476,ACTIVE_MARKDOWN_EVENT,Bybit,W3_JANUARY,2026-01-29T17:16:00+00:00,85110.15,WIN,1,0,0,0,0,2.002,0.554,104,,
By-W3_JANUARY-ACTI-2523,ACTIVE_MARKDOWN_EVENT,Bybit,W3_JANUARY,2026-01-29T18:03:00+00:00,84400.05,WIN,1,1,0,0,0,2.623,0.342,458,458,
By-W3_JANUARY-ACTI-2556,ACTIVE_MARKDOWN_EVENT,Bybit,W3_JANUARY,2026-01-29T18:36:00+00:00,83921.45,WIN,1,0,0,0,0,2.067,0.914,425,,
By-W3_JANUARY-ACTI-2643,ACTIVE_MARKDOWN_EVENT,Bybit,W3_JANUARY,2026-01-29T20:03:00+00:00,83869.15,WIN,1,0,0,0,0,2.006,0.977,338,,
By-W3_JANUARY-ACTI-2674,ACTIVE_MARKDOWN_EVENT,Bybit,W3_JANUARY,2026-01-29T20:34:00+00:00,83919.25,WIN,1,0,0,0,0,2.065,0.916,307,,
By-W3_JANUARY-ACTI-2725,ACTIVE_MARKDOWN_EVENT,Bybit,W3_JANUARY,2026-01-29T21:25:00+00:00,84189.85,WIN,1,0,0,0,0,2.38,0.592,256,,
By-W3_JANUARY-ACTI-2773,ACTIVE_MARKDOWN_EVENT,Bybit,W3_JANUARY,2026-01-29T22:13:00+00:00,84279.55,WIN,1,0,0,0,0,2.483,0.485,208,,
By-W3_JANUARY-ACTI-2893,ACTIVE_MARKDOWN_EVENT,Bybit,W3_JANUARY,2026-01-30T00:13:00+00:00,84502.55,WIN,1,0,0,0,0,2.025,0.0,87,,
By-W3_JANUARY-ACTI-2971,ACTIVE_MARKDOWN_EVENT,Bybit,W3_JANUARY,2026-01-30T01:31:00+00:00,83851.65,WIN,1,1,1,0,0,3.196,0.0,11,11,11
By-W3_JANUARY-ACTI-3008,ACTIVE_MARKDOWN_EVENT,Bybit,W3_JANUARY,2026-01-30T02:08:00+00:00,82104.05,TIMEOUT,0,0,0,0,1,1.177,1.424,,,
By-W3_JANUARY-ACTI-3157,ACTIVE_MARKDOWN_EVENT,Bybit,W3_JANUARY,2026-01-30T04:37:00+00:00,83024.05,TIMEOUT,0,0,0,0,1,1.201,0.3,,,
By-W3_JANUARY-ACTI-3223,ACTIVE_MARKDOWN_EVENT,Bybit,W3_JANUARY,2026-01-30T05:43:00+00:00,83080.25,TIMEOUT,0,0,0,0,1,1.268,0.203,,,
By-W3_JANUARY-ACTI-3259,ACTIVE_MARKDOWN_EVENT,Bybit,W3_JANUARY,2026-01-30T06:19:00+00:00,82632.45,TIMEOUT,0,0,0,0,1,0.733,0.746,,,
By-W3_JANUARY-ACTI-3327,ACTIVE_MARKDOWN_EVENT,Bybit,W3_JANUARY,2026-01-30T07:27:00+00:00,82673.35,TIMEOUT,0,0,0,0,1,0.621,1.133,,,
By-W3_JANUARY-ACTI-3368,ACTIVE_MARKDOWN_EVENT,Bybit,W3_JANUARY,2026-01-30T08:08:00+00:00,82600.45,TIMEOUT,0,0,0,0,1,0.533,1.222,,,
By-W3_JANUARY-ACTI-3399,ACTIVE_MARKDOWN_EVENT,Bybit,W3_JANUARY,2026-01-30T08:39:00+00:00,82502.35,TIMEOUT,0,0,0,0,1,0.415,1.343,,,
By-W3_JANUARY-ACTI-3439,ACTIVE_MARKDOWN_EVENT,Bybit,W3_JANUARY,2026-01-30T09:19:00+00:00,82515.85,TIMEOUT,0,0,0,0,1,0.431,1.326,,,
By-W3_JANUARY-ACTI-3478,ACTIVE_MARKDOWN_EVENT,Bybit,W3_JANUARY,2026-01-30T09:58:00+00:00,82281.35,LOSS,0,0,0,1,0,0.148,1.583,,,
By-W3_JANUARY-ACTI-3610,ACTIVE_MARKDOWN_EVENT,Bybit,W3_JANUARY,2026-01-30T12:10:00+00:00,82994.95,LOSS,0,0,0,1,0,1.326,1.508,,,
By-W3_JANUARY-ACTI-3666,ACTIVE_MARKDOWN_EVENT,Bybit,W3_JANUARY,2026-01-30T13:06:00+00:00,82560.75,LOSS,0,0,0,1,0,0.807,1.567,,,
By-W3_JANUARY-ACTI-3776,ACTIVE_MARKDOWN_EVENT,Bybit,W3_JANUARY,2026-01-30T14:56:00+00:00,83041.15,LOSS,0,0,0,1,0,1.381,1.537,,,
By-W3_JANUARY-ACTI-3814,ACTIVE_MARKDOWN_EVENT,Bybit,W3_JANUARY,2026-01-30T15:34:00+00:00,82840.45,LOSS,0,0,0,1,0,1.142,1.592,,,
By-W3_JANUARY-ACTI-3845,ACTIVE_MARKDOWN_EVENT,Bybit,W3_JANUARY,2026-01-30T16:05:00+00:00,82720.55,LOSS,0,0,0,1,0,0.998,1.509,,,
By-W3_JANUARY-ACTI-3899,ACTIVE_MARKDOWN_EVENT,Bybit,W3_JANUARY,2026-01-30T16:59:00+00:00,83108.45,LOSS,0,0,0,1,0,1.46,1.629,,,
By-W3_JANUARY-ACTI-3938,ACTIVE_MARKDOWN_EVENT,Bybit,W3_JANUARY,2026-01-30T17:38:00+00:00,83091.75,LOSS,0,0,0,1,0,1.441,1.65,,,
By-W3_JANUARY-ACTI-3987,ACTIVE_MARKDOWN_EVENT,Bybit,W3_JANUARY,2026-01-30T18:27:00+00:00,82394.05,LOSS,0,0,0,1,0,0.199,1.643,,,
By-W3_JANUARY-ACTI-4061,ACTIVE_MARKDOWN_EVENT,Bybit,W3_JANUARY,2026-01-30T19:41:00+00:00,84169.15,TIMEOUT,0,0,0,0,1,0.763,0.417,,,
By-W3_JANUARY-ACTI-4097,ACTIVE_MARKDOWN_EVENT,Bybit,W3_JANUARY,2026-01-30T20:17:00+00:00,83851.95,TIMEOUT,0,0,0,0,1,0.388,0.751,,,
By-W3_JANUARY-ACTI-4148,ACTIVE_MARKDOWN_EVENT,Bybit,W3_JANUARY,2026-01-30T21:08:00+00:00,83775.45,TIMEOUT,0,0,0,0,1,0.008,0.843,,,
By-W3_JANUARY-ACTI-4270,ACTIVE_MARKDOWN_EVENT,Bybit,W3_JANUARY,2026-01-30T23:10:00+00:00,83981.65,TIMEOUT,0,0,0,0,1,0.428,0.328,,,
By-W3_JANUARY-ACTI-4324,ACTIVE_MARKDOWN_EVENT,Bybit,W3_JANUARY,2026-01-31T00:04:00+00:00,84112.05,TIMEOUT,0,0,0,0,1,0.894,0.131,,,
By-W3_JANUARY-ACTI-4537,ACTIVE_MARKDOWN_EVENT,Bybit,W3_JANUARY,2026-01-31T03:37:00+00:00,84047.55,TIMEOUT,0,0,0,0,1,1.693,0.069,,,
By-W3_JANUARY-ACTI-4883,ACTIVE_MARKDOWN_EVENT,Bybit,W3_JANUARY,2026-01-31T09:23:00+00:00,82930.05,WIN,1,0,0,0,0,2.197,0.408,308,,
By-W3_JANUARY-ACTI-4929,ACTIVE_MARKDOWN_EVENT,Bybit,W3_JANUARY,2026-01-31T10:09:00+00:00,82944.25,WIN,1,0,0,0,0,2.214,0.26,262,,
By-W3_JANUARY-ACTI-4990,ACTIVE_MARKDOWN_EVENT,Bybit,W3_JANUARY,2026-01-31T11:10:00+00:00,83005.95,WIN,1,0,0,0,0,2.286,0.087,201,,
By-W3_JANUARY-ACTI-5063,ACTIVE_MARKDOWN_EVENT,Bybit,W3_JANUARY,2026-01-31T12:23:00+00:00,82952.55,WIN,1,0,0,0,0,2.224,0.033,128,,
By-W3_JANUARY-ACTI-5192,ACTIVE_MARKDOWN_EVENT,Bybit,W3_JANUARY,2026-01-31T14:32:00+00:00,81373.05,WIN,1,0,0,0,0,2.428,0.493,156,,
By-W3_JANUARY-ACTI-5232,ACTIVE_MARKDOWN_EVENT,Bybit,W3_JANUARY,2026-01-31T15:12:00+00:00,81229.45,WIN,1,0,0,0,0,2.256,0.671,116,,
By-W3_JANUARY-ACTI-5286,ACTIVE_MARKDOWN_EVENT,Bybit,W3_JANUARY,2026-01-31T16:06:00+00:00,81249.55,WIN,1,0,0,0,0,2.28,0.646,62,,
By-W3_JANUARY-ACTI-5317,ACTIVE_MARKDOWN_EVENT,Bybit,W3_JANUARY,2026-01-31T16:37:00+00:00,81083.85,WIN,1,0,0,0,0,2.08,0.0,31,,
By-W3_JANUARY-ACTI-5353,ACTIVE_MARKDOWN_EVENT,Bybit,W3_JANUARY,2026-01-31T17:13:00+00:00,79260.85,WIN,1,0,0,0,0,2.208,0.0,86,,
By-W3_JANUARY-ACTI-5425,ACTIVE_MARKDOWN_EVENT,Bybit,W3_JANUARY,2026-01-31T18:25:00+00:00,78387.85,WIN,1,1,1,0,0,3.375,0.336,18,18,18
By-W3_JANUARY-ACTI-5490,ACTIVE_MARKDOWN_EVENT,Bybit,W3_JANUARY,2026-01-31T19:30:00+00:00,77840.25,LOSS,0,0,0,1,0,0.964,1.582,,,
By-W3_JANUARY-ACTI-5532,ACTIVE_MARKDOWN_EVENT,Bybit,W3_JANUARY,2026-01-31T20:12:00+00:00,77628.85,LOSS,0,0,0,1,0,0.694,1.859,,,
By-W3_JANUARY-ACTI-5662,ACTIVE_MARKDOWN_EVENT,Bybit,W3_JANUARY,2026-01-31T22:22:00+00:00,78091.65,TIMEOUT,0,0,0,0,1,0.153,1.387,,,
By-W3_JANUARY-FORC-880,FORCED_UNWIND_EVENT,Bybit,W3_JANUARY,2026-01-28T14:40:00+00:00,89680.05,TIMEOUT,0,0,0,0,1,0.912,0.861,,,
By-W3_JANUARY-FORC-911,FORCED_UNWIND_EVENT,Bybit,W3_JANUARY,2026-01-28T15:11:00+00:00,89206.05,TIMEOUT,0,0,0,0,1,0.385,1.397,,,
By-W3_JANUARY-FORC-1081,FORCED_UNWIND_EVENT,Bybit,W3_JANUARY,2026-01-28T18:01:00+00:00,89559.35,TIMEOUT,0,0,0,0,1,1.176,0.364,,,
By-W3_JANUARY-FORC-2333,FORCED_UNWIND_EVENT,Bybit,W3_JANUARY,2026-01-29T14:53:00+00:00,87375.15,WIN,1,0,0,0,0,2.122,0.046,20,,
By-W3_JANUARY-FORC-2381,FORCED_UNWIND_EVENT,Bybit,W3_JANUARY,2026-01-29T15:41:00+00:00,84604.15,TIMEOUT,0,0,0,0,1,1.421,1.155,,,
By-W3_JANUARY-FORC-2979,FORCED_UNWIND_EVENT,Bybit,W3_JANUARY,2026-01-30T01:39:00+00:00,82851.25,WIN,1,0,0,0,0,2.028,0.0,3,,
By-W3_JANUARY-FORC-3020,FORCED_UNWIND_EVENT,Bybit,W3_JANUARY,2026-01-30T02:20:00+00:00,81670.45,LOSS,0,0,0,1,0,0.653,1.531,,,
By-W3_JANUARY-FORC-3773,FORCED_UNWIND_EVENT,Bybit,W3_JANUARY,2026-01-30T14:53:00+00:00,83067.15,LOSS,0,0,0,1,0,1.411,1.505,,,
By-W3_JANUARY-FORC-3808,FORCED_UNWIND_EVENT,Bybit,W3_JANUARY,2026-01-30T15:28:00+00:00,82634.75,LOSS,0,0,0,1,0,0.896,1.52,,,
By-W3_JANUARY-FORC-3983,FORCED_UNWIND_EVENT,Bybit,W3_JANUARY,2026-01-30T18:23:00+00:00,81914.65,LOSS,0,0,0,1,0,0.0,1.964,,,
By-W3_JANUARY-FORC-5186,FORCED_UNWIND_EVENT,Bybit,W3_JANUARY,2026-01-31T14:26:00+00:00,81546.35,WIN,1,1,0,0,0,2.635,0.279,162,162,
By-W3_JANUARY-FORC-5306,FORCED_UNWIND_EVENT,Bybit,W3_JANUARY,2026-01-31T16:26:00+00:00,81418.25,WIN,1,0,0,0,0,2.482,0.0,42,,
By-W3_JANUARY-FORC-5350,FORCED_UNWIND_EVENT,Bybit,W3_JANUARY,2026-01-31T17:10:00+00:00,79377.85,WIN,1,0,0,0,0,2.099,0.0,87,,
By-W3_JANUARY-FORC-5439,FORCED_UNWIND_EVENT,Bybit,W3_JANUARY,2026-01-31T18:39:00+00:00,77510.95,WIN,1,0,0,0,0,2.282,0.0,4,,
OK-W3_JANUARY-CVD_-84,CVD_BREAKDOWN_EVENT,OKX,W3_JANUARY,2026-01-28T01:24:00+00:00,89343.35,TIMEOUT,0,0,0,0,1,0.586,0.077,,,
OK-W3_JANUARY-CVD_-155,CVD_BREAKDOWN_EVENT,OKX,W3_JANUARY,2026-01-28T02:35:00+00:00,89169.95,TIMEOUT,0,0,0,0,1,0.393,0.421,,,
OK-W3_JANUARY-CVD_-189,CVD_BREAKDOWN_EVENT,OKX,W3_JANUARY,2026-01-28T03:09:00+00:00,89112.25,TIMEOUT,0,0,0,0,1,0.328,0.486,,,
OK-W3_JANUARY-CVD_-249,CVD_BREAKDOWN_EVENT,OKX,W3_JANUARY,2026-01-28T04:09:00+00:00,88961.15,TIMEOUT,0,0,0,0,1,0.159,1.231,,,
OK-W3_JANUARY-CVD_-344,CVD_BREAKDOWN_EVENT,OKX,W3_JANUARY,2026-01-28T05:44:00+00:00,88860.95,LOSS,0,0,0,1,0,0.046,1.594,,,
OK-W3_JANUARY-CVD_-423,CVD_BREAKDOWN_EVENT,OKX,W3_JANUARY,2026-01-28T07:03:00+00:00,89254.45,TIMEOUT,0,0,0,0,1,0.487,1.247,,,
OK-W3_JANUARY-CVD_-455,CVD_BREAKDOWN_EVENT,OKX,W3_JANUARY,2026-01-28T07:35:00+00:00,89146.65,TIMEOUT,0,0,0,0,1,0.366,1.369,,,
OK-W3_JANUARY-CVD_-507,CVD_BREAKDOWN_EVENT,OKX,W3_JANUARY,2026-01-28T08:27:00+00:00,88977.05,LOSS,0,0,0,1,0,0.176,1.554,,,
OK-W3_JANUARY-CVD_-659,CVD_BREAKDOWN_EVENT,OKX,W3_JANUARY,2026-01-28T10:59:00+00:00,89370.75,TIMEOUT,0,0,0,0,1,0.559,1.21,,,
OK-W3_JANUARY-CVD_-694,CVD_BREAKDOWN_EVENT,OKX,W3_JANUARY,2026-01-28T11:34:00+00:00,89367.15,TIMEOUT,0,0,0,0,1,0.555,1.214,,,
OK-W3_JANUARY-CVD_-867,CVD_BREAKDOWN_EVENT,OKX,W3_JANUARY,2026-01-28T14:27:00+00:00,89928.75,TIMEOUT,0,0,0,0,1,1.178,0.582,,,
OK-W3_JANUARY-CVD_-909,CVD_BREAKDOWN_EVENT,OKX,W3_JANUARY,2026-01-28T15:09:00+00:00,89368.15,TIMEOUT,0,0,0,0,1,0.558,1.213,,,
OK-W3_JANUARY-CVD_-1020,CVD_BREAKDOWN_EVENT,OKX,W3_JANUARY,2026-01-28T17:00:00+00:00,89578.95,TIMEOUT,0,0,0,0,1,0.792,0.975,,,
OK-W3_JANUARY-CVD_-1135,CVD_BREAKDOWN_EVENT,OKX,W3_JANUARY,2026-01-28T18:55:00+00:00,89419.65,TIMEOUT,0,0,0,0,1,1.912,0.382,,,
OK-W3_JANUARY-CVD_-1171,CVD_BREAKDOWN_EVENT,OKX,W3_JANUARY,2026-01-28T19:31:00+00:00,89305.05,TIMEOUT,0,0,0,0,1,1.786,0.511,,,
OK-W3_JANUARY-CVD_-1248,CVD_BREAKDOWN_EVENT,OKX,W3_JANUARY,2026-01-28T20:48:00+00:00,89090.95,TIMEOUT,0,0,0,0,1,1.55,0.379,,,
OK-W3_JANUARY-CVD_-1335,CVD_BREAKDOWN_EVENT,OKX,W3_JANUARY,2026-01-28T22:15:00+00:00,89204.75,TIMEOUT,0,0,0,0,1,1.676,0.251,,,
OK-W3_JANUARY-CVD_-1469,CVD_BREAKDOWN_EVENT,OKX,W3_JANUARY,2026-01-29T00:29:00+00:00,88998.75,TIMEOUT,0,0,0,0,1,1.448,0.132,,,
OK-W3_JANUARY-CVD_-1525,CVD_BREAKDOWN_EVENT,OKX,W3_JANUARY,2026-01-29T01:25:00+00:00,88720.15,TIMEOUT,0,0,0,0,1,1.139,0.146,,,
OK-W3_JANUARY-CVD_-1591,CVD_BREAKDOWN_EVENT,OKX,W3_JANUARY,2026-01-29T02:31:00+00:00,88212.15,TIMEOUT,0,0,0,0,1,0.569,0.223,,,
OK-W3_JANUARY-CVD_-1692,CVD_BREAKDOWN_EVENT,OKX,W3_JANUARY,2026-01-29T04:12:00+00:00,87922.95,TIMEOUT,0,0,0,0,1,0.242,0.552,,,
OK-W3_JANUARY-CVD_-1871,CVD_BREAKDOWN_EVENT,OKX,W3_JANUARY,2026-01-29T07:11:00+00:00,88283.15,WIN,1,0,0,0,0,2.113,0.142,472,,
OK-W3_JANUARY-CVD_-1920,CVD_BREAKDOWN_EVENT,OKX,W3_JANUARY,2026-01-29T08:00:00+00:00,88226.25,WIN,1,0,0,0,0,2.05,0.207,423,,
OK-W3_JANUARY-CVD_-2008,CVD_BREAKDOWN_EVENT,OKX,W3_JANUARY,2026-01-29T09:28:00+00:00,87993.95,WIN,1,0,0,0,0,2.177,0.146,341,,
OK-W3_JANUARY-CVD_-2041,CVD_BREAKDOWN_EVENT,OKX,W3_JANUARY,2026-01-29T10:01:00+00:00,87824.95,WIN,1,0,0,0,0,2.073,0.339,309,,
OK-W3_JANUARY-CVD_-2127,CVD_BREAKDOWN_EVENT,OKX,W3_JANUARY,2026-01-29T11:27:00+00:00,87747.55,WIN,1,0,0,0,0,2.017,0.427,224,,
OK-W3_JANUARY-CVD_-2270,CVD_BREAKDOWN_EVENT,OKX,W3_JANUARY,2026-01-29T13:50:00+00:00,88013.75,WIN,1,0,0,0,0,2.199,0.016,79,,
OK-W3_JANUARY-CVD_-2313,CVD_BREAKDOWN_EVENT,OKX,W3_JANUARY,2026-01-29T14:33:00+00:00,87688.25,WIN,1,0,0,0,0,2.195,0.226,39,,
OK-W3_JANUARY-CVD_-2345,CVD_BREAKDOWN_EVENT,OKX,W3_JANUARY,2026-01-29T15:05:00+00:00,86424.85,WIN,1,0,0,0,0,2.094,0.0,36,,
OK-W3_JANUARY-CVD_-2380,CVD_BREAKDOWN_EVENT,OKX,W3_JANUARY,2026-01-29T15:40:00+00:00,84697.05,TIMEOUT,0,0,0,0,1,1.517,1.042,,,
OK-W3_JANUARY-CVD_-2507,CVD_BREAKDOWN_EVENT,OKX,W3_JANUARY,2026-01-29T17:47:00+00:00,84561.95,WIN,1,0,0,0,0,2.042,0.147,472,,
OK-W3_JANUARY-CVD_-2542,CVD_BREAKDOWN_EVENT,OKX,W3_JANUARY,2026-01-29T18:22:00+00:00,83979.25,WIN,1,0,0,0,0,2.132,0.842,439,,
OK-W3_JANUARY-CVD_-2573,CVD_BREAKDOWN_EVENT,OKX,W3_JANUARY,2026-01-29T18:53:00+00:00,83577.65,WIN,1,1,0,0,0,2.967,1.327,409,409,
OK-W3_JANUARY-CVD_-2907,CVD_BREAKDOWN_EVENT,OKX,W3_JANUARY,2026-01-30T00:27:00+00:00,84302.35,WIN,1,1,0,0,0,2.507,0.182,74,74,
OK-W3_JANUARY-CVD_-2941,CVD_BREAKDOWN_EVENT,OKX,W3_JANUARY,2026-01-30T01:01:00+00:00,84003.15,WIN,1,0,0,0,0,2.16,0.165,40,,
OK-W3_JANUARY-CVD_-2977,CVD_BREAKDOWN_EVENT,OKX,W3_JANUARY,2026-01-30T01:37:00+00:00,83179.65,WIN,1,1,0,0,0,2.503,0.113,5,5,
OK-W3_JANUARY-CVD_-3014,CVD_BREAKDOWN_EVENT,OKX,W3_JANUARY,2026-01-30T02:14:00+00:00,81850.85,LOSS,0,0,0,1,0,0.862,1.555,,,
OK-W3_JANUARY-CVD_-3219,CVD_BREAKDOWN_EVENT,OKX,W3_JANUARY,2026-01-30T05:39:00+00:00,83090.65,TIMEOUT,0,0,0,0,1,1.279,0.181,,,
OK-W3_JANUARY-CVD_-3254,CVD_BREAKDOWN_EVENT,OKX,W3_JANUARY,2026-01-30T06:14:00+00:00,82732.85,TIMEOUT,0,0,0,0,1,0.852,0.614,,,
OK-W3_JANUARY-CVD_-3286,CVD_BREAKDOWN_EVENT,OKX,W3_JANUARY,2026-01-30T06:46:00+00:00,82027.85,LOSS,0,0,0,1,0,0.0,1.55,,,
OK-W3_JANUARY-CVD_-3436,CVD_BREAKDOWN_EVENT,OKX,W3_JANUARY,2026-01-30T09:16:00+00:00,82425.75,TIMEOUT,0,0,0,0,1,0.316,1.431,,,
OK-W3_JANUARY-CVD_-3470,CVD_BREAKDOWN_EVENT,OKX,W3_JANUARY,2026-01-30T09:50:00+00:00,82235.75,LOSS,0,0,0,1,0,0.085,1.635,,,
OK-W3_JANUARY-CVD_-3578,CVD_BREAKDOWN_EVENT,OKX,W3_JANUARY,2026-01-30T11:38:00+00:00,82702.65,LOSS,0,0,0,1,0,0.981,1.508,,,
OK-W3_JANUARY-CVD_-3792,CVD_BREAKDOWN_EVENT,OKX,W3_JANUARY,2026-01-30T15:12:00+00:00,83443.95,TIMEOUT,0,0,0,0,1,1.861,1.297,,,
OK-W3_JANUARY-CVD_-3833,CVD_BREAKDOWN_EVENT,OKX,W3_JANUARY,2026-01-30T15:53:00+00:00,83026.85,LOSS,0,0,0,1,0,1.368,1.547,,,
OK-W3_JANUARY-CVD_-3864,CVD_BREAKDOWN_EVENT,OKX,W3_JANUARY,2026-01-30T16:24:00+00:00,82616.95,LOSS,0,0,0,1,0,0.878,1.533,,,
OK-W3_JANUARY-CVD_-3901,CVD_BREAKDOWN_EVENT,OKX,W3_JANUARY,2026-01-30T17:01:00+00:00,82891.55,LOSS,0,0,0,1,0,1.207,1.526,,,
OK-W3_JANUARY-CVD_-3933,CVD_BREAKDOWN_EVENT,OKX,W3_JANUARY,2026-01-30T17:33:00+00:00,82920.65,LOSS,0,0,0,1,0,1.241,1.592,,,
OK-W3_JANUARY-CVD_-3968,CVD_BREAKDOWN_EVENT,OKX,W3_JANUARY,2026-01-30T18:08:00+00:00,82961.15,LOSS,0,0,0,1,0,1.29,1.542,,,
OK-W3_JANUARY-CVD_-4086,CVD_BREAKDOWN_EVENT,OKX,W3_JANUARY,2026-01-30T20:06:00+00:00,83643.45,TIMEOUT,0,0,0,0,1,0.135,0.994,,,
OK-W3_JANUARY-CVD_-4372,CVD_BREAKDOWN_EVENT,OKX,W3_JANUARY,2026-01-31T00:52:00+00:00,83985.65,TIMEOUT,0,0,0,0,1,1.603,0.258,,,
OK-W3_JANUARY-CVD_-4410,CVD_BREAKDOWN_EVENT,OKX,W3_JANUARY,2026-01-31T01:30:00+00:00,84005.05,TIMEOUT,0,0,0,0,1,1.626,0.208,,,
OK-W3_JANUARY-CVD_-4464,CVD_BREAKDOWN_EVENT,OKX,W3_JANUARY,2026-01-31T02:24:00+00:00,83820.75,TIMEOUT,0,0,0,0,1,1.41,0.428,,,
OK-W3_JANUARY-CVD_-4642,CVD_BREAKDOWN_EVENT,OKX,W3_JANUARY,2026-01-31T05:22:00+00:00,83923.95,TIMEOUT,0,0,0,0,1,1.531,0.137,,,
OK-W3_JANUARY-CVD_-4685,CVD_BREAKDOWN_EVENT,OKX,W3_JANUARY,2026-01-31T06:05:00+00:00,83870.55,TIMEOUT,0,0,0,0,1,1.666,0.098,,,
OK-W3_JANUARY-CVD_-4774,CVD_BREAKDOWN_EVENT,OKX,W3_JANUARY,2026-01-31T07:34:00+00:00,83506.45,WIN,1,0,0,0,0,2.35,0.077,412,,
OK-W3_JANUARY-CVD_-4811,CVD_BREAKDOWN_EVENT,OKX,W3_JANUARY,2026-01-31T08:11:00+00:00,83297.65,WIN,1,0,0,0,0,2.105,0.03,375,,
OK-W3_JANUARY-CVD_-5008,CVD_BREAKDOWN_EVENT,OKX,W3_JANUARY,2026-01-31T11:28:00+00:00,82962.85,WIN,1,0,0,0,0,2.233,0.147,183,,
OK-W3_JANUARY-CVD_-5053,CVD_BREAKDOWN_EVENT,OKX,W3_JANUARY,2026-01-31T12:13:00+00:00,82770.05,WIN,1,0,0,0,0,2.005,0.252,138,,
OK-W3_JANUARY-CVD_-5090,CVD_BREAKDOWN_EVENT,OKX,W3_JANUARY,2026-01-31T12:50:00+00:00,82735.45,WIN,1,0,0,0,0,2.085,0.196,109,,
OK-W3_JANUARY-CVD_-5133,CVD_BREAKDOWN_EVENT,OKX,W3_JANUARY,2026-01-31T13:33:00+00:00,82601.85,WIN,1,0,0,0,0,2.31,0.358,156,,
OK-W3_JANUARY-CVD_-5183,CVD_BREAKDOWN_EVENT,OKX,W3_JANUARY,2026-01-31T14:23:00+00:00,82011.25,WIN,1,0,0,0,0,2.151,0.0,144,,
OK-W3_JANUARY-CVD_-5285,CVD_BREAKDOWN_EVENT,OKX,W3_JANUARY,2026-01-31T16:05:00+00:00,81303.75,WIN,1,0,0,0,0,2.342,0.576,63,,
OK-W3_JANUARY-CVD_-5348,CVD_BREAKDOWN_EVENT,OKX,W3_JANUARY,2026-01-31T17:08:00+00:00,79399.8,WIN,1,0,0,0,0,2.139,0.08,89,,
OK-W3_JANUARY-CVD_-5421,CVD_BREAKDOWN_EVENT,OKX,W3_JANUARY,2026-01-31T18:21:00+00:00,78143.85,WIN,1,1,1,0,0,3.117,0.652,22,22,22
OK-W3_JANUARY-CVD_-5519,CVD_BREAKDOWN_EVENT,OKX,W3_JANUARY,2026-01-31T19:59:00+00:00,77712.25,LOSS,0,0,0,1,0,0.788,1.748,,,
OK-W3_JANUARY-CVD_-5684,CVD_BREAKDOWN_EVENT,OKX,W3_JANUARY,2026-01-31T22:44:00+00:00,78050.95,TIMEOUT,0,0,0,0,1,0.097,1.429,,,
OK-W3_JANUARY-SELL-91,SELL_PRESSURE_NO_ABSORPTION_EVENT,OKX,W3_JANUARY,2026-01-28T01:31:00+00:00,89254.45,TIMEOUT,0,0,0,0,1,0.487,0.177,,,
OK-W3_JANUARY-SELL-132,SELL_PRESSURE_NO_ABSORPTION_EVENT,OKX,W3_JANUARY,2026-01-28T02:12:00+00:00,89223.35,TIMEOUT,0,0,0,0,1,0.452,0.361,,,
OK-W3_JANUARY-SELL-163,SELL_PRESSURE_NO_ABSORPTION_EVENT,OKX,W3_JANUARY,2026-01-28T02:43:00+00:00,89124.95,TIMEOUT,0,0,0,0,1,0.342,0.472,,,
OK-W3_JANUARY-SELL-194,SELL_PRESSURE_NO_ABSORPTION_EVENT,OKX,W3_JANUARY,2026-01-28T03:14:00+00:00,89034.85,TIMEOUT,0,0,0,0,1,0.241,0.573,,,
OK-W3_JANUARY-SELL-246,SELL_PRESSURE_NO_ABSORPTION_EVENT,OKX,W3_JANUARY,2026-01-28T04:06:00+00:00,89038.95,TIMEOUT,0,0,0,0,1,0.246,1.142,,,
OK-W3_JANUARY-SELL-295,SELL_PRESSURE_NO_ABSORPTION_EVENT,OKX,W3_JANUARY,2026-01-28T04:55:00+00:00,88962.85,TIMEOUT,0,0,0,0,1,0.161,1.269,,,
OK-W3_JANUARY-SELL-326,SELL_PRESSURE_NO_ABSORPTION_EVENT,OKX,W3_JANUARY,2026-01-28T05:26:00+00:00,88833.35,LOSS,0,0,0,1,0,0.015,1.626,,,
OK-W3_JANUARY-SELL-405,SELL_PRESSURE_NO_ABSORPTION_EVENT,OKX,W3_JANUARY,2026-01-28T06:45:00+00:00,89114.25,TIMEOUT,0,0,0,0,1,0.33,1.406,,,
OK-W3_JANUARY-SELL-437,SELL_PRESSURE_NO_ABSORPTION_EVENT,OKX,W3_JANUARY,2026-01-28T07:17:00+00:00,89182.55,TIMEOUT,0,0,0,0,1,0.406,1.329,,,
OK-W3_JANUARY-SELL-481,SELL_PRESSURE_NO_ABSORPTION_EVENT,OKX,W3_JANUARY,2026-01-28T08:01:00+00:00,89118.05,TIMEOUT,0,0,0,0,1,0.334,1.402,,,
OK-W3_JANUARY-SELL-515,SELL_PRESSURE_NO_ABSORPTION_EVENT,OKX,W3_JANUARY,2026-01-28T08:35:00+00:00,88965.05,LOSS,0,0,0,1,0,0.163,1.505,,,
OK-W3_JANUARY-SELL-546,SELL_PRESSURE_NO_ABSORPTION_EVENT,OKX,W3_JANUARY,2026-01-28T09:06:00+00:00,88863.55,LOSS,0,0,0,1,0,0.049,1.591,,,
OK-W3_JANUARY-SELL-622,SELL_PRESSURE_NO_ABSORPTION_EVENT,OKX,W3_JANUARY,2026-01-28T10:22:00+00:00,89324.35,TIMEOUT,0,0,0,0,1,0.507,1.263,,,
OK-W3_JANUARY-SELL-657,SELL_PRESSURE_NO_ABSORPTION_EVENT,OKX,W3_JANUARY,2026-01-28T10:57:00+00:00,89379.05,TIMEOUT,0,0,0,0,1,0.568,1.201,,,
OK-W3_JANUARY-SELL-752,SELL_PRESSURE_NO_ABSORPTION_EVENT,OKX,W3_JANUARY,2026-01-28T12:32:00+00:00,89818.45,TIMEOUT,0,0,0,0,1,1.055,0.706,,,
OK-W3_JANUARY-SELL-807,SELL_PRESSURE_NO_ABSORPTION_EVENT,OKX,W3_JANUARY,2026-01-28T13:27:00+00:00,90119.95,TIMEOUT,0,0,0,0,1,1.387,0.369,,,
OK-W3_JANUARY-SELL-840,SELL_PRESSURE_NO_ABSORPTION_EVENT,OKX,W3_JANUARY,2026-01-28T14:00:00+00:00,90180.05,TIMEOUT,0,0,0,0,1,1.453,0.302,,,
OK-W3_JANUARY-SELL-871,SELL_PRESSURE_NO_ABSORPTION_EVENT,OKX,W3_JANUARY,2026-01-28T14:31:00+00:00,90049.75,TIMEOUT,0,0,0,0,1,1.31,0.447,,,
OK-W3_JANUARY-SELL-908,SELL_PRESSURE_NO_ABSORPTION_EVENT,OKX,W3_JANUARY,2026-01-28T15:08:00+00:00,89410.65,TIMEOUT,0,0,0,0,1,0.605,1.165,,,
OK-W3_JANUARY-SELL-963,SELL_PRESSURE_NO_ABSORPTION_EVENT,OKX,W3_JANUARY,2026-01-28T16:03:00+00:00,89245.35,TIMEOUT,0,0,0,0,1,0.421,1.353,,,
OK-W3_JANUARY-SELL-1011,SELL_PRESSURE_NO_ABSORPTION_EVENT,OKX,W3_JANUARY,2026-01-28T16:51:00+00:00,89475.85,TIMEOUT,0,0,0,0,1,0.677,1.091,,,
OK-W3_JANUARY-SELL-1047,SELL_PRESSURE_NO_ABSORPTION_EVENT,OKX,W3_JANUARY,2026-01-28T17:27:00+00:00,89567.85,TIMEOUT,0,0,0,0,1,0.946,0.988,,,
OK-W3_JANUARY-SELL-1084,SELL_PRESSURE_NO_ABSORPTION_EVENT,OKX,W3_JANUARY,2026-01-28T18:04:00+00:00,89736.85,TIMEOUT,0,0,0,0,1,1.362,0.181,,,
OK-W3_JANUARY-SELL-1115,SELL_PRESSURE_NO_ABSORPTION_EVENT,OKX,W3_JANUARY,2026-01-28T18:35:00+00:00,89672.25,TIMEOUT,0,0,0,0,1,1.691,0.1,,,
OK-W3_JANUARY-SELL-1155,SELL_PRESSURE_NO_ABSORPTION_EVENT,OKX,W3_JANUARY,2026-01-28T19:15:00+00:00,89386.65,TIMEOUT,0,0,0,0,1,1.876,0.42,,,
OK-W3_JANUARY-SELL-1186,SELL_PRESSURE_NO_ABSORPTION_EVENT,OKX,W3_JANUARY,2026-01-28T19:46:00+00:00,89174.65,TIMEOUT,0,0,0,0,1,1.642,0.658,,,
OK-W3_JANUARY-SELL-1240,SELL_PRESSURE_NO_ABSORPTION_EVENT,OKX,W3_JANUARY,2026-01-28T20:40:00+00:00,89252.15,TIMEOUT,0,0,0,0,1,1.728,0.198,,,
OK-W3_JANUARY-SELL-1271,SELL_PRESSURE_NO_ABSORPTION_EVENT,OKX,W3_JANUARY,2026-01-28T21:11:00+00:00,88997.65,TIMEOUT,0,0,0,0,1,1.447,0.485,,,
OK-W3_JANUARY-SELL-1332,SELL_PRESSURE_NO_ABSORPTION_EVENT,OKX,W3_JANUARY,2026-01-28T22:12:00+00:00,89246.05,TIMEOUT,0,0,0,0,1,1.721,0.205,,,
OK-W3_JANUARY-SELL-1408,SELL_PRESSURE_NO_ABSORPTION_EVENT,OKX,W3_JANUARY,2026-01-28T23:28:00+00:00,89239.55,TIMEOUT,0,0,0,0,1,1.714,0.101,,,
OK-W3_JANUARY-SELL-1446,SELL_PRESSURE_NO_ABSORPTION_EVENT,OKX,W3_JANUARY,2026-01-29T00:06:00+00:00,89113.15,TIMEOUT,0,0,0,0,1,1.575,0.006,,,
OK-W3_JANUARY-SELL-1486,SELL_PRESSURE_NO_ABSORPTION_EVENT,OKX,W3_JANUARY,2026-01-29T00:46:00+00:00,88900.05,TIMEOUT,0,0,0,0,1,1.339,0.243,,,
OK-W3_JANUARY-SELL-1517,SELL_PRESSURE_NO_ABSORPTION_EVENT,OKX,W3_JANUARY,2026-01-29T01:17:00+00:00,88985.05,TIMEOUT,0,0,0,0,1,1.433,0.065,,,
OK-W3_JANUARY-SELL-1551,SELL_PRESSURE_NO_ABSORPTION_EVENT,OKX,W3_JANUARY,2026-01-29T01:51:00+00:00,88609.35,TIMEOUT,0,0,0,0,1,1.015,0.102,,,
OK-W3_JANUARY-SELL-1594,SELL_PRESSURE_NO_ABSORPTION_EVENT,OKX,W3_JANUARY,2026-01-29T02:34:00+00:00,88257.35,TIMEOUT,0,0,0,0,1,0.62,0.171,,,
OK-W3_JANUARY-SELL-1648,SELL_PRESSURE_NO_ABSORPTION_EVENT,OKX,W3_JANUARY,2026-01-29T03:28:00+00:00,88026.55,TIMEOUT,0,0,0,0,1,0.317,0.434,,,
OK-W3_JANUARY-SELL-1702,SELL_PRESSURE_NO_ABSORPTION_EVENT,OKX,W3_JANUARY,2026-01-29T04:22:00+00:00,87878.55,TIMEOUT,0,0,0,0,1,0.191,0.603,,,
OK-W3_JANUARY-SELL-1759,SELL_PRESSURE_NO_ABSORPTION_EVENT,OKX,W3_JANUARY,2026-01-29T05:19:00+00:00,88234.25,TIMEOUT,0,0,0,0,1,0.594,0.197,,,
OK-W3_JANUARY-SELL-1797,SELL_PRESSURE_NO_ABSORPTION_EVENT,OKX,W3_JANUARY,2026-01-29T05:57:00+00:00,88104.95,TIMEOUT,0,0,0,0,1,0.448,0.344,,,
OK-W3_JANUARY-SELL-1924,SELL_PRESSURE_NO_ABSORPTION_EVENT,OKX,W3_JANUARY,2026-01-29T08:04:00+00:00,88215.55,WIN,1,0,0,0,0,2.038,0.219,419,,
OK-W3_JANUARY-SELL-1964,SELL_PRESSURE_NO_ABSORPTION_EVENT,OKX,W3_JANUARY,2026-01-29T08:44:00+00:00,88084.25,WIN,1,0,0,0,0,2.057,0.069,382,,
OK-W3_JANUARY-SELL-1996,SELL_PRESSURE_NO_ABSORPTION_EVENT,OKX,W3_JANUARY,2026-01-29T09:16:00+00:00,87960.55,WIN,1,0,0,0,0,2.139,0.184,353,,
OK-W3_JANUARY-SELL-2033,SELL_PRESSURE_NO_ABSORPTION_EVENT,OKX,W3_JANUARY,2026-01-29T09:53:00+00:00,87849.65,WIN,1,0,0,0,0,2.016,0.311,316,,
OK-W3_JANUARY-SELL-2125,SELL_PRESSURE_NO_ABSORPTION_EVENT,OKX,W3_JANUARY,2026-01-29T11:25:00+00:00,87799.95,WIN,1,0,0,0,0,2.045,0.368,225,,
OK-W3_JANUARY-SELL-2190,SELL_PRESSURE_NO_ABSORPTION_EVENT,OKX,W3_JANUARY,2026-01-29T12:30:00+00:00,87889.65,WIN,1,0,0,0,0,2.061,0.265,159,,
OK-W3_JANUARY-SELL-2273,SELL_PRESSURE_NO_ABSORPTION_EVENT,OKX,W3_JANUARY,2026-01-29T13:53:00+00:00,87901.25,WIN,1,0,0,0,0,2.073,0.144,76,,
OK-W3_JANUARY-SELL-2311,SELL_PRESSURE_NO_ABSORPTION_EVENT,OKX,W3_JANUARY,2026-01-29T14:31:00+00:00,87784.05,WIN,1,0,0,0,0,2.028,0.116,39,,
OK-W3_JANUARY-SELL-2342,SELL_PRESSURE_NO_ABSORPTION_EVENT,OKX,W3_JANUARY,2026-01-29T15:02:00+00:00,86590.65,WIN,1,0,0,0,0,2.187,0.0,38,,
OK-W3_JANUARY-SELL-2381,SELL_PRESSURE_NO_ABSORPTION_EVENT,OKX,W3_JANUARY,2026-01-29T15:41:00+00:00,84615.35,TIMEOUT,0,0,0,0,1,1.422,1.14,,,
OK-W3_JANUARY-SELL-2435,SELL_PRESSURE_NO_ABSORPTION_EVENT,OKX,W3_JANUARY,2026-01-29T16:35:00+00:00,84438.75,TIMEOUT,0,0,0,0,1,1.216,1.352,,,
OK-W3_JANUARY-SELL-2476,SELL_PRESSURE_NO_ABSORPTION_EVENT,OKX,W3_JANUARY,2026-01-29T17:16:00+00:00,85108.95,TIMEOUT,0,0,0,0,1,1.994,0.553,,,
OK-W3_JANUARY-SELL-2508,SELL_PRESSURE_NO_ABSORPTION_EVENT,OKX,W3_JANUARY,2026-01-29T17:48:00+00:00,84568.05,WIN,1,0,0,0,0,2.049,0.14,471,,
OK-W3_JANUARY-SELL-2539,SELL_PRESSURE_NO_ABSORPTION_EVENT,OKX,W3_JANUARY,2026-01-29T18:19:00+00:00,84187.45,WIN,1,0,0,0,0,2.374,0.593,442,,
OK-W3_JANUARY-SELL-2571,SELL_PRESSURE_NO_ABSORPTION_EVENT,OKX,W3_JANUARY,2026-01-29T18:51:00+00:00,83703.15,WIN,1,1,1,0,0,3.112,1.175,411,411,411
OK-W3_JANUARY-SELL-2632,SELL_PRESSURE_NO_ABSORPTION_EVENT,OKX,W3_JANUARY,2026-01-29T19:52:00+00:00,83961.35,WIN,1,0,0,0,0,2.111,0.864,349,,
OK-W3_JANUARY-SELL-2673,SELL_PRESSURE_NO_ABSORPTION_EVENT,OKX,W3_JANUARY,2026-01-29T20:33:00+00:00,83910.45,WIN,1,0,0,0,0,2.052,0.925,308,,
OK-W3_JANUARY-SELL-2773,SELL_PRESSURE_NO_ABSORPTION_EVENT,OKX,W3_JANUARY,2026-01-29T22:13:00+00:00,84280.55,WIN,1,0,0,0,0,2.482,0.482,208,,
OK-W3_JANUARY-SELL-2893,SELL_PRESSURE_NO_ABSORPTION_EVENT,OKX,W3_JANUARY,2026-01-30T00:13:00+00:00,84499.95,WIN,1,0,0,0,0,2.021,0.0,87,,
OK-W3_JANUARY-SELL-2934,SELL_PRESSURE_NO_ABSORPTION_EVENT,OKX,W3_JANUARY,2026-01-30T00:54:00+00:00,84149.95,WIN,1,0,0,0,0,2.33,0.059,47,,
OK-W3_JANUARY-SELL-2965,SELL_PRESSURE_NO_ABSORPTION_EVENT,OKX,W3_JANUARY,2026-01-30T01:25:00+00:00,83801.75,WIN,1,1,1,0,0,3.226,0.063,17,17,17
OK-W3_JANUARY-SELL-3008,SELL_PRESSURE_NO_ABSORPTION_EVENT,OKX,W3_JANUARY,2026-01-30T02:08:00+00:00,82115.15,TIMEOUT,0,0,0,0,1,1.181,1.418,,,
OK-W3_JANUARY-SELL-3157,SELL_PRESSURE_NO_ABSORPTION_EVENT,OKX,W3_JANUARY,2026-01-30T04:37:00+00:00,83027.75,TIMEOUT,0,0,0,0,1,1.204,0.304,,,
OK-W3_JANUARY-SELL-3223,SELL_PRESSURE_NO_ABSORPTION_EVENT,OKX,W3_JANUARY,2026-01-30T05:43:00+00:00,83080.65,TIMEOUT,0,0,0,0,1,1.267,0.193,,,
OK-W3_JANUARY-SELL-3257,SELL_PRESSURE_NO_ABSORPTION_EVENT,OKX,W3_JANUARY,2026-01-30T06:17:00+00:00,82648.05,TIMEOUT,0,0,0,0,1,0.75,0.717,,,
OK-W3_JANUARY-SELL-3288,SELL_PRESSURE_NO_ABSORPTION_EVENT,OKX,W3_JANUARY,2026-01-30T06:48:00+00:00,82279.35,LOSS,0,0,0,1,0,0.138,1.581,,,
OK-W3_JANUARY-SELL-3327,SELL_PRESSURE_NO_ABSORPTION_EVENT,OKX,W3_JANUARY,2026-01-30T07:27:00+00:00,82675.95,TIMEOUT,0,0,0,0,1,0.617,1.124,,,
OK-W3_JANUARY-SELL-3366,SELL_PRESSURE_NO_ABSORPTION_EVENT,OKX,W3_JANUARY,2026-01-30T08:06:00+00:00,82672.15,TIMEOUT,0,0,0,0,1,0.613,1.128,,,
OK-W3_JANUARY-SELL-3400,SELL_PRESSURE_NO_ABSORPTION_EVENT,OKX,W3_JANUARY,2026-01-30T08:40:00+00:00,82512.55,TIMEOUT,0,0,0,0,1,0.42,1.324,,,
OK-W3_JANUARY-SELL-3436,SELL_PRESSURE_NO_ABSORPTION_EVENT,OKX,W3_JANUARY,2026-01-30T09:16:00+00:00,82425.75,TIMEOUT,0,0,0,0,1,0.316,1.431,,,
OK-W3_JANUARY-SELL-3469,SELL_PRESSURE_NO_ABSORPTION_EVENT,OKX,W3_JANUARY,2026-01-30T09:49:00+00:00,82242.45,LOSS,0,0,0,1,0,0.093,1.627,,,
OK-W3_JANUARY-SELL-3568,SELL_PRESSURE_NO_ABSORPTION_EVENT,OKX,W3_JANUARY,2026-01-30T11:28:00+00:00,82656.65,LOSS,0,0,0,1,0,0.926,1.543,,,
OK-W3_JANUARY-SELL-3610,SELL_PRESSURE_NO_ABSORPTION_EVENT,OKX,W3_JANUARY,2026-01-30T12:10:00+00:00,82979.15,LOSS,0,0,0,1,0,1.311,1.52,,,
OK-W3_JANUARY-SELL-3677,SELL_PRESSURE_NO_ABSORPTION_EVENT,OKX,W3_JANUARY,2026-01-30T13:17:00+00:00,82664.05,LOSS,0,0,0,1,0,0.935,1.534,,,
OK-W3_JANUARY-SELL-3778,SELL_PRESSURE_NO_ABSORPTION_EVENT,OKX,W3_JANUARY,2026-01-30T14:58:00+00:00,82922.25,LOSS,0,0,0,1,0,1.243,1.59,,,
OK-W3_JANUARY-SELL-3809,SELL_PRESSURE_NO_ABSORPTION_EVENT,OKX,W3_JANUARY,2026-01-30T15:29:00+00:00,82590.65,LOSS,0,0,0,1,0,0.847,1.521,,,
OK-W3_JANUARY-SELL-3840,SELL_PRESSURE_NO_ABSORPTION_EVENT,OKX,W3_JANUARY,2026-01-30T16:00:00+00:00,82856.95,LOSS,0,0,0,1,0,1.166,1.568,,,
OK-W3_JANUARY-SELL-3890,SELL_PRESSURE_NO_ABSORPTION_EVENT,OKX,W3_JANUARY,2026-01-30T16:50:00+00:00,83104.65,LOSS,0,0,0,1,0,1.46,1.626,,,
OK-W3_JANUARY-SELL-3935,SELL_PRESSURE_NO_ABSORPTION_EVENT,OKX,W3_JANUARY,2026-01-30T17:35:00+00:00,82899.95,LOSS,0,0,0,1,0,1.217,1.515,,,
OK-W3_JANUARY-SELL-3969,SELL_PRESSURE_NO_ABSORPTION_EVENT,OKX,W3_JANUARY,2026-01-30T18:09:00+00:00,82861.85,LOSS,0,0,0,1,0,1.171,1.562,,,
OK-W3_JANUARY-SELL-4061,SELL_PRESSURE_NO_ABSORPTION_EVENT,OKX,W3_JANUARY,2026-01-30T19:41:00+00:00,84167.85,TIMEOUT,0,0,0,0,1,0.758,0.407,,,
OK-W3_JANUARY-SELL-4096,SELL_PRESSURE_NO_ABSORPTION_EVENT,OKX,W3_JANUARY,2026-01-30T20:16:00+00:00,83900.55,TIMEOUT,0,0,0,0,1,0.441,0.684,,,
OK-W3_JANUARY-SELL-4142,SELL_PRESSURE_NO_ABSORPTION_EVENT,OKX,W3_JANUARY,2026-01-30T21:02:00+00:00,83783.95,TIMEOUT,0,0,0,0,1,0.005,0.825,,,
OK-W3_JANUARY-SELL-4178,SELL_PRESSURE_NO_ABSORPTION_EVENT,OKX,W3_JANUARY,2026-01-30T21:38:00+00:00,84016.75,TIMEOUT,0,0,0,0,1,0.275,0.403,,,
OK-W3_JANUARY-SELL-4211,SELL_PRESSURE_NO_ABSORPTION_EVENT,OKX,W3_JANUARY,2026-01-30T22:11:00+00:00,84092.85,TIMEOUT,0,0,0,0,1,0.365,0.187,,,
OK-W3_JANUARY-SELL-4294,SELL_PRESSURE_NO_ABSORPTION_EVENT,OKX,W3_JANUARY,2026-01-30T23:34:00+00:00,83975.85,TIMEOUT,0,0,0,0,1,0.531,0.326,,,
OK-W3_JANUARY-SELL-4329,SELL_PRESSURE_NO_ABSORPTION_EVENT,OKX,W3_JANUARY,2026-01-31T00:09:00+00:00,84100.65,TIMEOUT,0,0,0,0,1,0.873,0.137,,,
OK-W3_JANUARY-SELL-4373,SELL_PRESSURE_NO_ABSORPTION_EVENT,OKX,W3_JANUARY,2026-01-31T00:53:00+00:00,83986.05,TIMEOUT,0,0,0,0,1,1.604,0.257,,,
OK-W3_JANUARY-SELL-4410,SELL_PRESSURE_NO_ABSORPTION_EVENT,OKX,W3_JANUARY,2026-01-31T01:30:00+00:00,84005.05,TIMEOUT,0,0,0,0,1,1.626,0.208,,,
OK-W3_JANUARY-SELL-4465,SELL_PRESSURE_NO_ABSORPTION_EVENT,OKX,W3_JANUARY,2026-01-31T02:25:00+00:00,83824.65,TIMEOUT,0,0,0,0,1,1.414,0.424,,,
OK-W3_JANUARY-SELL-4536,SELL_PRESSURE_NO_ABSORPTION_EVENT,OKX,W3_JANUARY,2026-01-31T03:36:00+00:00,84066.95,TIMEOUT,0,0,0,0,1,1.698,0.034,,,
OK-W3_JANUARY-SELL-4610,SELL_PRESSURE_NO_ABSORPTION_EVENT,OKX,W3_JANUARY,2026-01-31T04:50:00+00:00,83944.05,TIMEOUT,0,0,0,0,1,1.554,0.113,,,
OK-W3_JANUARY-SELL-4685,SELL_PRESSURE_NO_ABSORPTION_EVENT,OKX,W3_JANUARY,2026-01-31T06:05:00+00:00,83870.55,TIMEOUT,0,0,0,0,1,1.666,0.098,,,
OK-W3_JANUARY-SELL-4716,SELL_PRESSURE_NO_ABSORPTION_EVENT,OKX,W3_JANUARY,2026-01-31T06:36:00+00:00,83724.45,WIN,1,0,0,0,0,2.046,0.07,467,,
OK-W3_JANUARY-SELL-4759,SELL_PRESSURE_NO_ABSORPTION_EVENT,OKX,W3_JANUARY,2026-01-31T07:19:00+00:00,83636.15,WIN,1,0,0,0,0,2.018,0.122,425,,
OK-W3_JANUARY-SELL-4819,SELL_PRESSURE_NO_ABSORPTION_EVENT,OKX,W3_JANUARY,2026-01-31T08:19:00+00:00,83220.65,WIN,1,0,0,0,0,2.014,0.055,367,,
OK-W3_JANUARY-SELL-4879,SELL_PRESSURE_NO_ABSORPTION_EVENT,OKX,W3_JANUARY,2026-01-31T09:19:00+00:00,83050.05,WIN,1,0,0,0,0,2.335,0.26,312,,
OK-W3_JANUARY-SELL-4911,SELL_PRESSURE_NO_ABSORPTION_EVENT,OKX,W3_JANUARY,2026-01-31T09:51:00+00:00,83096.95,WIN,1,0,0,0,0,2.033,0.074,279,,
OK-W3_JANUARY-SELL-4990,SELL_PRESSURE_NO_ABSORPTION_EVENT,OKX,W3_JANUARY,2026-01-31T11:10:00+00:00,83014.25,WIN,1,0,0,0,0,2.293,0.085,201,,
OK-W3_JANUARY-SELL-5026,SELL_PRESSURE_NO_ABSORPTION_EVENT,OKX,W3_JANUARY,2026-01-31T11:46:00+00:00,82926.35,WIN,1,0,0,0,0,2.19,0.191,165,,
OK-W3_JANUARY-SELL-5062,SELL_PRESSURE_NO_ABSORPTION_EVENT,OKX,W3_JANUARY,2026-01-31T12:22:00+00:00,82930.15,WIN,1,0,0,0,0,2.194,0.058,129,,
OK-W3_JANUARY-SELL-5094,SELL_PRESSURE_NO_ABSORPTION_EVENT,OKX,W3_JANUARY,2026-01-31T12:54:00+00:00,82774.85,WIN,1,0,0,0,0,2.011,0.149,97,,
OK-W3_JANUARY-SELL-5131,SELL_PRESSURE_NO_ABSORPTION_EVENT,OKX,W3_JANUARY,2026-01-31T13:31:00+00:00,82755.85,WIN,1,0,0,0,0,2.109,0.172,68,,
OK-W3_JANUARY-SELL-5178,SELL_PRESSURE_NO_ABSORPTION_EVENT,OKX,W3_JANUARY,2026-01-31T14:18:00+00:00,82262.35,WIN,1,0,0,0,0,2.035,0.006,118,,
OK-W3_JANUARY-SELL-5242,SELL_PRESSURE_NO_ABSORPTION_EVENT,OKX,W3_JANUARY,2026-01-31T15:22:00+00:00,81175.05,WIN,1,0,0,0,0,2.187,0.735,106,,
OK-W3_JANUARY-SELL-5283,SELL_PRESSURE_NO_ABSORPTION_EVENT,OKX,W3_JANUARY,2026-01-31T16:03:00+00:00,81346.45,WIN,1,0,0,0,0,2.393,0.523,65,,
OK-W3_JANUARY-SELL-5317,SELL_PRESSURE_NO_ABSORPTION_EVENT,OKX,W3_JANUARY,2026-01-31T16:37:00+00:00,81090.05,WIN,1,0,0,0,0,2.084,0.0,31,,
OK-W3_JANUARY-SELL-5348,SELL_PRESSURE_NO_ABSORPTION_EVENT,OKX,W3_JANUARY,2026-01-31T17:08:00+00:00,79399.8,WIN,1,0,0,0,0,2.139,0.08,89,,
OK-W3_JANUARY-SELL-5408,SELL_PRESSURE_NO_ABSORPTION_EVENT,OKX,W3_JANUARY,2026-01-31T18:08:00+00:00,78643.15,WIN,1,1,1,0,0,3.732,0.198,35,35,35
OK-W3_JANUARY-SELL-5440,SELL_PRESSURE_NO_ABSORPTION_EVENT,OKX,W3_JANUARY,2026-01-31T18:40:00+00:00,77150.45,LOSS,0,0,0,1,0,1.87,1.508,,,
OK-W3_JANUARY-SELL-5482,SELL_PRESSURE_NO_ABSORPTION_EVENT,OKX,W3_JANUARY,2026-01-31T19:22:00+00:00,77807.75,LOSS,0,0,0,1,0,0.91,1.623,,,
OK-W3_JANUARY-SELL-5536,SELL_PRESSURE_NO_ABSORPTION_EVENT,OKX,W3_JANUARY,2026-01-31T20:16:00+00:00,77468.25,LOSS,0,0,0,1,0,0.475,1.637,,,
OK-W3_JANUARY-SELL-5594,SELL_PRESSURE_NO_ABSORPTION_EVENT,OKX,W3_JANUARY,2026-01-31T21:14:00+00:00,77629.95,LOSS,0,0,0,1,0,0.363,1.856,,,
OK-W3_JANUARY-SELL-5651,SELL_PRESSURE_NO_ABSORPTION_EVENT,OKX,W3_JANUARY,2026-01-31T22:11:00+00:00,78125.85,TIMEOUT,0,0,0,0,1,0.193,1.332,,,
OK-W3_JANUARY-SELL-5682,SELL_PRESSURE_NO_ABSORPTION_EVENT,OKX,W3_JANUARY,2026-01-31T22:42:00+00:00,78057.85,TIMEOUT,0,0,0,0,1,0.106,1.42,,,
OK-W3_JANUARY-SELL-5745,SELL_PRESSURE_NO_ABSORPTION_EVENT,OKX,W3_JANUARY,2026-01-31T23:45:00+00:00,78671.65,TIMEOUT,0,0,0,0,1,0.04,0.239,,,
OK-W3_JANUARY-ACTI-430,ACTIVE_MARKDOWN_EVENT,OKX,W3_JANUARY,2026-01-28T07:10:00+00:00,89160.05,TIMEOUT,0,0,0,0,1,0.381,1.354,,,
OK-W3_JANUARY-ACTI-623,ACTIVE_MARKDOWN_EVENT,OKX,W3_JANUARY,2026-01-28T10:23:00+00:00,89329.95,TIMEOUT,0,0,0,0,1,0.514,1.257,,,
OK-W3_JANUARY-ACTI-747,ACTIVE_MARKDOWN_EVENT,OKX,W3_JANUARY,2026-01-28T12:27:00+00:00,89817.35,TIMEOUT,0,0,0,0,1,1.053,0.707,,,
OK-W3_JANUARY-ACTI-807,ACTIVE_MARKDOWN_EVENT,OKX,W3_JANUARY,2026-01-28T13:27:00+00:00,90119.95,TIMEOUT,0,0,0,0,1,1.387,0.369,,,
OK-W3_JANUARY-ACTI-840,ACTIVE_MARKDOWN_EVENT,OKX,W3_JANUARY,2026-01-28T14:00:00+00:00,90180.05,TIMEOUT,0,0,0,0,1,1.453,0.302,,,
OK-W3_JANUARY-ACTI-878,ACTIVE_MARKDOWN_EVENT,OKX,W3_JANUARY,2026-01-28T14:38:00+00:00,89830.15,TIMEOUT,0,0,0,0,1,1.069,0.693,,,
OK-W3_JANUARY-ACTI-919,ACTIVE_MARKDOWN_EVENT,OKX,W3_JANUARY,2026-01-28T15:19:00+00:00,89140.05,TIMEOUT,0,0,0,0,1,0.303,1.472,,,
OK-W3_JANUARY-ACTI-972,ACTIVE_MARKDOWN_EVENT,OKX,W3_JANUARY,2026-01-28T16:12:00+00:00,89302.35,TIMEOUT,0,0,0,0,1,0.484,1.288,,,
OK-W3_JANUARY-ACTI-1011,ACTIVE_MARKDOWN_EVENT,OKX,W3_JANUARY,2026-01-28T16:51:00+00:00,89475.85,TIMEOUT,0,0,0,0,1,0.677,1.091,,,
OK-W3_JANUARY-ACTI-1048,ACTIVE_MARKDOWN_EVENT,OKX,W3_JANUARY,2026-01-28T17:28:00+00:00,89529.55,TIMEOUT,0,0,0,0,1,0.915,1.031,,,
OK-W3_JANUARY-ACTI-1085,ACTIVE_MARKDOWN_EVENT,OKX,W3_JANUARY,2026-01-28T18:05:00+00:00,89662.15,TIMEOUT,0,0,0,0,1,1.28,0.264,,,
OK-W3_JANUARY-ACTI-1116,ACTIVE_MARKDOWN_EVENT,OKX,W3_JANUARY,2026-01-28T18:36:00+00:00,89600.05,TIMEOUT,0,0,0,0,1,1.611,0.18,,,
OK-W3_JANUARY-ACTI-1155,ACTIVE_MARKDOWN_EVENT,OKX,W3_JANUARY,2026-01-28T19:15:00+00:00,89386.65,TIMEOUT,0,0,0,0,1,1.876,0.42,,,
OK-W3_JANUARY-ACTI-1241,ACTIVE_MARKDOWN_EVENT,OKX,W3_JANUARY,2026-01-28T20:41:00+00:00,89297.15,TIMEOUT,0,0,0,0,1,1.777,0.148,,,
OK-W3_JANUARY-ACTI-1335,ACTIVE_MARKDOWN_EVENT,OKX,W3_JANUARY,2026-01-28T22:15:00+00:00,89204.75,TIMEOUT,0,0,0,0,1,1.676,0.251,,,
OK-W3_JANUARY-ACTI-1408,ACTIVE_MARKDOWN_EVENT,OKX,W3_JANUARY,2026-01-28T23:28:00+00:00,89239.55,TIMEOUT,0,0,0,0,1,1.714,0.101,,,
OK-W3_JANUARY-ACTI-1650,ACTIVE_MARKDOWN_EVENT,OKX,W3_JANUARY,2026-01-29T03:30:00+00:00,87981.05,TIMEOUT,0,0,0,0,1,0.265,0.486,,,
OK-W3_JANUARY-ACTI-1797,ACTIVE_MARKDOWN_EVENT,OKX,W3_JANUARY,2026-01-29T05:57:00+00:00,88104.95,TIMEOUT,0,0,0,0,1,0.448,0.344,,,
OK-W3_JANUARY-ACTI-1924,ACTIVE_MARKDOWN_EVENT,OKX,W3_JANUARY,2026-01-29T08:04:00+00:00,88215.55,WIN,1,0,0,0,0,2.038,0.219,419,,
OK-W3_JANUARY-ACTI-1965,ACTIVE_MARKDOWN_EVENT,OKX,W3_JANUARY,2026-01-29T08:45:00+00:00,88145.45,WIN,1,0,0,0,0,2.125,0.0,381,,
OK-W3_JANUARY-ACTI-2355,ACTIVE_MARKDOWN_EVENT,OKX,W3_JANUARY,2026-01-29T15:15:00+00:00,85567.05,WIN,1,0,0,0,0,2.145,0.086,191,,
OK-W3_JANUARY-ACTI-2392,ACTIVE_MARKDOWN_EVENT,OKX,W3_JANUARY,2026-01-29T15:52:00+00:00,84806.45,TIMEOUT,0,0,0,0,1,1.644,0.912,,,
OK-W3_JANUARY-ACTI-2476,ACTIVE_MARKDOWN_EVENT,OKX,W3_JANUARY,2026-01-29T17:16:00+00:00,85108.95,TIMEOUT,0,0,0,0,1,1.994,0.553,,,
OK-W3_JANUARY-ACTI-2525,ACTIVE_MARKDOWN_EVENT,OKX,W3_JANUARY,2026-01-29T18:05:00+00:00,84437.95,WIN,1,1,0,0,0,2.663,0.294,456,456,
OK-W3_JANUARY-ACTI-2556,ACTIVE_MARKDOWN_EVENT,OKX,W3_JANUARY,2026-01-29T18:36:00+00:00,83927.45,WIN,1,0,0,0,0,2.071,0.904,425,,
OK-W3_JANUARY-ACTI-2632,ACTIVE_MARKDOWN_EVENT,OKX,W3_JANUARY,2026-01-29T19:52:00+00:00,83961.35,WIN,1,0,0,0,0,2.111,0.864,349,,
OK-W3_JANUARY-ACTI-2673,ACTIVE_MARKDOWN_EVENT,OKX,W3_JANUARY,2026-01-29T20:33:00+00:00,83910.45,WIN,1,0,0,0,0,2.052,0.925,308,,
OK-W3_JANUARY-ACTI-2773,ACTIVE_MARKDOWN_EVENT,OKX,W3_JANUARY,2026-01-29T22:13:00+00:00,84280.55,WIN,1,0,0,0,0,2.482,0.482,208,,
OK-W3_JANUARY-ACTI-2893,ACTIVE_MARKDOWN_EVENT,OKX,W3_JANUARY,2026-01-30T00:13:00+00:00,84499.95,WIN,1,0,0,0,0,2.021,0.0,87,,
OK-W3_JANUARY-ACTI-2965,ACTIVE_MARKDOWN_EVENT,OKX,W3_JANUARY,2026-01-30T01:25:00+00:00,83801.75,WIN,1,1,1,0,0,3.226,0.063,17,17,17
OK-W3_JANUARY-ACTI-3008,ACTIVE_MARKDOWN_EVENT,OKX,W3_JANUARY,2026-01-30T02:08:00+00:00,82115.15,TIMEOUT,0,0,0,0,1,1.181,1.418,,,
OK-W3_JANUARY-ACTI-3157,ACTIVE_MARKDOWN_EVENT,OKX,W3_JANUARY,2026-01-30T04:37:00+00:00,83027.75,TIMEOUT,0,0,0,0,1,1.204,0.304,,,
OK-W3_JANUARY-ACTI-3223,ACTIVE_MARKDOWN_EVENT,OKX,W3_JANUARY,2026-01-30T05:43:00+00:00,83080.65,TIMEOUT,0,0,0,0,1,1.267,0.193,,,
OK-W3_JANUARY-ACTI-3254,ACTIVE_MARKDOWN_EVENT,OKX,W3_JANUARY,2026-01-30T06:14:00+00:00,82732.85,TIMEOUT,0,0,0,0,1,0.852,0.614,,,
OK-W3_JANUARY-ACTI-3285,ACTIVE_MARKDOWN_EVENT,OKX,W3_JANUARY,2026-01-30T06:45:00+00:00,82154.85,LOSS,0,0,0,1,0,0.155,1.529,,,
OK-W3_JANUARY-ACTI-3327,ACTIVE_MARKDOWN_EVENT,OKX,W3_JANUARY,2026-01-30T07:27:00+00:00,82675.95,TIMEOUT,0,0,0,0,1,0.617,1.124,,,
OK-W3_JANUARY-ACTI-3389,ACTIVE_MARKDOWN_EVENT,OKX,W3_JANUARY,2026-01-30T08:29:00+00:00,82652.85,TIMEOUT,0,0,0,0,1,0.589,1.152,,,
OK-W3_JANUARY-ACTI-3436,ACTIVE_MARKDOWN_EVENT,OKX,W3_JANUARY,2026-01-30T09:16:00+00:00,82425.75,TIMEOUT,0,0,0,0,1,0.316,1.431,,,
OK-W3_JANUARY-ACTI-3468,ACTIVE_MARKDOWN_EVENT,OKX,W3_JANUARY,2026-01-30T09:48:00+00:00,82288.05,LOSS,0,0,0,1,0,0.149,1.57,,,
OK-W3_JANUARY-ACTI-3568,ACTIVE_MARKDOWN_EVENT,OKX,W3_JANUARY,2026-01-30T11:28:00+00:00,82656.65,LOSS,0,0,0,1,0,0.926,1.543,,,
OK-W3_JANUARY-ACTI-3610,ACTIVE_MARKDOWN_EVENT,OKX,W3_JANUARY,2026-01-30T12:10:00+00:00,82979.15,LOSS,0,0,0,1,0,1.311,1.52,,,
OK-W3_JANUARY-ACTI-3778,ACTIVE_MARKDOWN_EVENT,OKX,W3_JANUARY,2026-01-30T14:58:00+00:00,82922.25,LOSS,0,0,0,1,0,1.243,1.59,,,
OK-W3_JANUARY-ACTI-3818,ACTIVE_MARKDOWN_EVENT,OKX,W3_JANUARY,2026-01-30T15:38:00+00:00,83099.95,LOSS,0,0,0,1,0,1.455,1.632,,,
OK-W3_JANUARY-ACTI-3861,ACTIVE_MARKDOWN_EVENT,OKX,W3_JANUARY,2026-01-30T16:21:00+00:00,82816.15,LOSS,0,0,0,1,0,1.117,1.618,,,
OK-W3_JANUARY-ACTI-3892,ACTIVE_MARKDOWN_EVENT,OKX,W3_JANUARY,2026-01-30T16:52:00+00:00,83093.45,LOSS,0,0,0,1,0,1.447,1.64,,,
OK-W3_JANUARY-ACTI-3938,ACTIVE_MARKDOWN_EVENT,OKX,W3_JANUARY,2026-01-30T17:38:00+00:00,83096.35,LOSS,0,0,0,1,0,1.45,1.637,,,
OK-W3_JANUARY-ACTI-3970,ACTIVE_MARKDOWN_EVENT,OKX,W3_JANUARY,2026-01-30T18:10:00+00:00,82771.25,LOSS,0,0,0,1,0,1.063,1.673,,,
OK-W3_JANUARY-ACTI-4061,ACTIVE_MARKDOWN_EVENT,OKX,W3_JANUARY,2026-01-30T19:41:00+00:00,84167.85,TIMEOUT,0,0,0,0,1,0.758,0.407,,,
OK-W3_JANUARY-ACTI-4092,ACTIVE_MARKDOWN_EVENT,OKX,W3_JANUARY,2026-01-30T20:12:00+00:00,83757.65,TIMEOUT,0,0,0,0,1,0.272,0.856,,,
OK-W3_JANUARY-ACTI-4142,ACTIVE_MARKDOWN_EVENT,OKX,W3_JANUARY,2026-01-30T21:02:00+00:00,83783.95,TIMEOUT,0,0,0,0,1,0.005,0.825,,,
OK-W3_JANUARY-ACTI-4178,ACTIVE_MARKDOWN_EVENT,OKX,W3_JANUARY,2026-01-30T21:38:00+00:00,84016.75,TIMEOUT,0,0,0,0,1,0.275,0.403,,,
OK-W3_JANUARY-ACTI-4211,ACTIVE_MARKDOWN_EVENT,OKX,W3_JANUARY,2026-01-30T22:11:00+00:00,84092.85,TIMEOUT,0,0,0,0,1,0.365,0.187,,,
OK-W3_JANUARY-ACTI-4294,ACTIVE_MARKDOWN_EVENT,OKX,W3_JANUARY,2026-01-30T23:34:00+00:00,83975.85,TIMEOUT,0,0,0,0,1,0.531,0.326,,,
OK-W3_JANUARY-ACTI-4329,ACTIVE_MARKDOWN_EVENT,OKX,W3_JANUARY,2026-01-31T00:09:00+00:00,84100.65,TIMEOUT,0,0,0,0,1,0.873,0.137,,,
OK-W3_JANUARY-ACTI-4880,ACTIVE_MARKDOWN_EVENT,OKX,W3_JANUARY,2026-01-31T09:20:00+00:00,83030.45,WIN,1,0,0,0,0,2.312,0.284,311,,
OK-W3_JANUARY-ACTI-4929,ACTIVE_MARKDOWN_EVENT,OKX,W3_JANUARY,2026-01-31T10:09:00+00:00,82950.15,WIN,1,0,0,0,0,2.218,0.251,262,,
OK-W3_JANUARY-ACTI-4990,ACTIVE_MARKDOWN_EVENT,OKX,W3_JANUARY,2026-01-31T11:10:00+00:00,83014.25,WIN,1,0,0,0,0,2.293,0.085,201,,
OK-W3_JANUARY-ACTI-5063,ACTIVE_MARKDOWN_EVENT,OKX,W3_JANUARY,2026-01-31T12:23:00+00:00,82958.05,WIN,1,0,0,0,0,2.227,0.024,128,,
OK-W3_JANUARY-ACTI-5194,ACTIVE_MARKDOWN_EVENT,OKX,W3_JANUARY,2026-01-31T14:34:00+00:00,81430.05,WIN,1,0,0,0,0,2.493,0.42,154,,
OK-W3_JANUARY-ACTI-5284,ACTIVE_MARKDOWN_EVENT,OKX,W3_JANUARY,2026-01-31T16:04:00+00:00,81303.85,WIN,1,0,0,0,0,2.342,0.576,64,,
OK-W3_JANUARY-ACTI-5316,ACTIVE_MARKDOWN_EVENT,OKX,W3_JANUARY,2026-01-31T16:36:00+00:00,81044.35,WIN,1,0,0,0,0,2.029,0.056,32,,
OK-W3_JANUARY-ACTI-5353,ACTIVE_MARKDOWN_EVENT,OKX,W3_JANUARY,2026-01-31T17:13:00+00:00,79255.5,WIN,1,0,0,0,0,2.2,0.0,86,,
OK-W3_JANUARY-ACTI-5410,ACTIVE_MARKDOWN_EVENT,OKX,W3_JANUARY,2026-01-31T18:10:00+00:00,78753.25,WIN,1,0,0,0,0,2.035,0.01,30,,
OK-W3_JANUARY-ACTI-5444,ACTIVE_MARKDOWN_EVENT,OKX,W3_JANUARY,2026-01-31T18:44:00+00:00,77539.95,LOSS,0,0,0,1,0,0.567,1.543,,,
OK-W3_JANUARY-ACTI-5482,ACTIVE_MARKDOWN_EVENT,OKX,W3_JANUARY,2026-01-31T19:22:00+00:00,77807.75,LOSS,0,0,0,1,0,0.91,1.623,,,
OK-W3_JANUARY-ACTI-5534,ACTIVE_MARKDOWN_EVENT,OKX,W3_JANUARY,2026-01-31T20:14:00+00:00,77498.65,LOSS,0,0,0,1,0,0.514,1.598,,,
OK-W3_JANUARY-ACTI-5594,ACTIVE_MARKDOWN_EVENT,OKX,W3_JANUARY,2026-01-31T21:14:00+00:00,77629.95,LOSS,0,0,0,1,0,0.363,1.856,,,
OK-W3_JANUARY-ACTI-5653,ACTIVE_MARKDOWN_EVENT,OKX,W3_JANUARY,2026-01-31T22:13:00+00:00,78134.95,TIMEOUT,0,0,0,0,1,0.204,1.32,,,
OK-W3_JANUARY-ACTI-5684,ACTIVE_MARKDOWN_EVENT,OKX,W3_JANUARY,2026-01-31T22:44:00+00:00,78050.95,TIMEOUT,0,0,0,0,1,0.097,1.429,,,
OK-W3_JANUARY-ACTI-5743,ACTIVE_MARKDOWN_EVENT,OKX,W3_JANUARY,2026-01-31T23:43:00+00:00,78737.45,TIMEOUT,0,0,0,0,1,0.124,0.155,,,
OK-W3_JANUARY-FORC-911,FORCED_UNWIND_EVENT,OKX,W3_JANUARY,2026-01-28T15:11:00+00:00,89214.35,TIMEOUT,0,0,0,0,1,0.386,1.388,,,
OK-W3_JANUARY-FORC-2338,FORCED_UNWIND_EVENT,OKX,W3_JANUARY,2026-01-29T14:58:00+00:00,86974.95,WIN,1,0,0,0,0,2.013,0.002,19,,
OK-W3_JANUARY-FORC-2381,FORCED_UNWIND_EVENT,OKX,W3_JANUARY,2026-01-29T15:41:00+00:00,84615.35,TIMEOUT,0,0,0,0,1,1.422,1.14,,,
OK-W3_JANUARY-FORC-2978,FORCED_UNWIND_EVENT,OKX,W3_JANUARY,2026-01-30T01:38:00+00:00,83273.75,WIN,1,1,0,0,0,2.613,0.0,4,4,
OK-W3_JANUARY-FORC-3772,FORCED_UNWIND_EVENT,OKX,W3_JANUARY,2026-01-30T14:52:00+00:00,83130.05,LOSS,0,0,0,1,0,1.49,1.595,,,
OK-W3_JANUARY-FORC-3808,FORCED_UNWIND_EVENT,OKX,W3_JANUARY,2026-01-30T15:28:00+00:00,82640.85,LOSS,0,0,0,1,0,0.907,1.504,,,
OK-W3_JANUARY-FORC-3982,FORCED_UNWIND_EVENT,OKX,W3_JANUARY,2026-01-30T18:22:00+00:00,81891.25,LOSS,0,0,0,1,0,0.0,1.993,,,
OK-W3_JANUARY-FORC-5186,FORCED_UNWIND_EVENT,OKX,W3_JANUARY,2026-01-31T14:26:00+00:00,81544.25,WIN,1,1,0,0,0,2.63,0.279,162,162,
OK-W3_JANUARY-FORC-5308,FORCED_UNWIND_EVENT,OKX,W3_JANUARY,2026-01-31T16:28:00+00:00,81099.95,WIN,1,0,0,0,0,2.096,0.118,40,,
OK-W3_JANUARY-FORC-5350,FORCED_UNWIND_EVENT,OKX,W3_JANUARY,2026-01-31T17:10:00+00:00,79376.85,WIN,1,0,0,0,0,2.111,0.0,87,,
OK-W3_JANUARY-FORC-5443,FORCED_UNWIND_EVENT,OKX,W3_JANUARY,2026-01-31T18:43:00+00:00,75708.05,LOSS,0,0,0,1,0,0.0,2.42,,,
By-W4_APRIL-CVD_-70,CVD_BREAKDOWN_EVENT,Bybit,W4_APRIL,2024-04-12T01:10:00+00:00,70243.75,TIMEOUT,0,0,0,0,1,0.125,1.449,,,
By-W4_APRIL-CVD_-102,CVD_BREAKDOWN_EVENT,Bybit,W4_APRIL,2024-04-12T01:42:00+00:00,70240.15,TIMEOUT,0,0,0,0,1,0.049,1.455,,,
By-W4_APRIL-CVD_-373,CVD_BREAKDOWN_EVENT,Bybit,W4_APRIL,2024-04-12T06:13:00+00:00,70920.05,TIMEOUT,0,0,0,0,1,1.766,0.107,,,
By-W4_APRIL-CVD_-454,CVD_BREAKDOWN_EVENT,Bybit,W4_APRIL,2024-04-12T07:34:00+00:00,70734.85,WIN,1,0,0,0,0,2.016,0.33,438,,
By-W4_APRIL-CVD_-513,CVD_BREAKDOWN_EVENT,Bybit,W4_APRIL,2024-04-12T08:33:00+00:00,70655.95,WIN,1,0,0,0,0,2.053,0.442,458,,
By-W4_APRIL-CVD_-735,CVD_BREAKDOWN_EVENT,Bybit,W4_APRIL,2024-04-12T12:15:00+00:00,70806.95,WIN,1,0,0,0,0,2.032,0.078,155,,
By-W4_APRIL-CVD_-789,CVD_BREAKDOWN_EVENT,Bybit,W4_APRIL,2024-04-12T13:09:00+00:00,70109.05,WIN,1,0,0,0,0,2.182,0.307,236,,
By-W4_APRIL-CVD_-820,CVD_BREAKDOWN_EVENT,Bybit,W4_APRIL,2024-04-12T13:40:00+00:00,69935.95,WIN,1,0,0,0,0,2.023,0.227,210,,
By-W4_APRIL-CVD_-851,CVD_BREAKDOWN_EVENT,Bybit,W4_APRIL,2024-04-12T14:11:00+00:00,69667.95,WIN,1,0,0,0,0,2.229,0.436,194,,
By-W4_APRIL-CVD_-890,CVD_BREAKDOWN_EVENT,Bybit,W4_APRIL,2024-04-12T14:50:00+00:00,69368.45,WIN,1,0,0,0,0,2.41,0.545,158,,
By-W4_APRIL-CVD_-971,CVD_BREAKDOWN_EVENT,Bybit,W4_APRIL,2024-04-12T16:11:00+00:00,69205.45,WIN,1,0,0,0,0,2.181,0.129,77,,
By-W4_APRIL-CVD_-1025,CVD_BREAKDOWN_EVENT,Bybit,W4_APRIL,2024-04-12T17:05:00+00:00,68579.45,WIN,1,1,0,0,0,2.716,0.252,87,87,
By-W4_APRIL-CVD_-1112,CVD_BREAKDOWN_EVENT,Bybit,W4_APRIL,2024-04-12T18:32:00+00:00,66717.05,TIMEOUT,0,0,0,0,1,1.498,1.039,,,
By-W4_APRIL-CVD_-1382,CVD_BREAKDOWN_EVENT,Bybit,W4_APRIL,2024-04-12T23:02:00+00:00,66883.95,LOSS,0,0,0,1,0,1.633,1.519,,,
By-W4_APRIL-CVD_-1441,CVD_BREAKDOWN_EVENT,Bybit,W4_APRIL,2024-04-13T00:01:00+00:00,67060.85,TIMEOUT,0,0,0,0,1,1.892,1.291,,,
By-W4_APRIL-CVD_-1480,CVD_BREAKDOWN_EVENT,Bybit,W4_APRIL,2024-04-13T00:40:00+00:00,66903.75,LOSS,0,0,0,1,0,1.662,1.528,,,
By-W4_APRIL-CVD_-1511,CVD_BREAKDOWN_EVENT,Bybit,W4_APRIL,2024-04-13T01:11:00+00:00,66596.05,LOSS,0,0,0,1,0,1.208,1.623,,,
By-W4_APRIL-CVD_-1550,CVD_BREAKDOWN_EVENT,Bybit,W4_APRIL,2024-04-13T01:50:00+00:00,66026.45,LOSS,0,0,0,1,0,0.355,1.636,,,
By-W4_APRIL-CVD_-1771,CVD_BREAKDOWN_EVENT,Bybit,W4_APRIL,2024-04-13T05:31:00+00:00,67503.95,TIMEOUT,0,0,0,0,1,0.628,0.394,,,
By-W4_APRIL-CVD_-1819,CVD_BREAKDOWN_EVENT,Bybit,W4_APRIL,2024-04-13T06:19:00+00:00,67263.95,TIMEOUT,0,0,0,0,1,0.273,0.752,,,
By-W4_APRIL-CVD_-1925,CVD_BREAKDOWN_EVENT,Bybit,W4_APRIL,2024-04-13T08:05:00+00:00,67258.05,TIMEOUT,0,0,0,0,1,0.265,0.933,,,
By-W4_APRIL-CVD_-1970,CVD_BREAKDOWN_EVENT,Bybit,W4_APRIL,2024-04-13T08:50:00+00:00,67159.65,TIMEOUT,0,0,0,0,1,0.119,1.081,,,
By-W4_APRIL-CVD_-2082,CVD_BREAKDOWN_EVENT,Bybit,W4_APRIL,2024-04-13T10:42:00+00:00,67388.05,TIMEOUT,0,0,0,0,1,1.318,0.738,,,
By-W4_APRIL-CVD_-2148,CVD_BREAKDOWN_EVENT,Bybit,W4_APRIL,2024-04-13T11:48:00+00:00,67316.25,TIMEOUT,0,0,0,0,1,1.213,0.846,,,
By-W4_APRIL-CVD_-2316,CVD_BREAKDOWN_EVENT,Bybit,W4_APRIL,2024-04-13T14:36:00+00:00,67449.85,WIN,1,0,0,0,0,2.189,0.646,313,,
By-W4_APRIL-CVD_-2412,CVD_BREAKDOWN_EVENT,Bybit,W4_APRIL,2024-04-13T16:12:00+00:00,67499.85,WIN,1,0,0,0,0,2.262,0.096,217,,
By-W4_APRIL-CVD_-2461,CVD_BREAKDOWN_EVENT,Bybit,W4_APRIL,2024-04-13T17:01:00+00:00,67233.45,WIN,1,0,0,0,0,2.005,0.109,169,,
By-W4_APRIL-CVD_-2497,CVD_BREAKDOWN_EVENT,Bybit,W4_APRIL,2024-04-13T17:37:00+00:00,66719.15,WIN,1,0,0,0,0,2.312,0.772,136,,
By-W4_APRIL-CVD_-2529,CVD_BREAKDOWN_EVENT,Bybit,W4_APRIL,2024-04-13T18:09:00+00:00,66499.95,WIN,1,1,0,0,0,2.945,1.104,105,105,
By-W4_APRIL-CVD_-2624,CVD_BREAKDOWN_EVENT,Bybit,W4_APRIL,2024-04-13T19:44:00+00:00,66783.95,WIN,1,0,0,0,0,2.406,0.0,9,,
By-W4_APRIL-CVD_-2685,CVD_BREAKDOWN_EVENT,Bybit,W4_APRIL,2024-04-13T20:45:00+00:00,62280.15,LOSS,0,0,0,1,0,1.452,1.53,,,
By-W4_APRIL-CVD_-2848,CVD_BREAKDOWN_EVENT,Bybit,W4_APRIL,2024-04-13T23:28:00+00:00,64288.55,WIN,1,0,0,0,0,2.183,0.527,57,,
By-W4_APRIL-CVD_-2900,CVD_BREAKDOWN_EVENT,Bybit,W4_APRIL,2024-04-14T00:20:00+00:00,63451.55,WIN,1,0,0,0,0,2.024,1.134,172,,
By-W4_APRIL-CVD_-3018,CVD_BREAKDOWN_EVENT,Bybit,W4_APRIL,2024-04-14T02:18:00+00:00,63374.35,LOSS,0,0,0,1,0,1.941,1.557,,,
By-W4_APRIL-CVD_-3061,CVD_BREAKDOWN_EVENT,Bybit,W4_APRIL,2024-04-14T03:01:00+00:00,62899.95,LOSS,0,0,0,1,0,1.201,1.618,,,
By-W4_APRIL-CVD_-3250,CVD_BREAKDOWN_EVENT,Bybit,W4_APRIL,2024-04-14T06:10:00+00:00,64085.05,TIMEOUT,0,0,0,0,1,0.353,1.208,,,
By-W4_APRIL-CVD_-3346,CVD_BREAKDOWN_EVENT,Bybit,W4_APRIL,2024-04-14T07:46:00+00:00,64509.85,TIMEOUT,0,0,0,0,1,1.616,0.493,,,
By-W4_APRIL-CVD_-3404,CVD_BREAKDOWN_EVENT,Bybit,W4_APRIL,2024-04-14T08:44:00+00:00,64625.15,TIMEOUT,0,0,0,0,1,1.792,0.302,,,
By-W4_APRIL-CVD_-3457,CVD_BREAKDOWN_EVENT,Bybit,W4_APRIL,2024-04-14T09:37:00+00:00,64126.55,WIN,1,0,0,0,0,2.018,1.081,465,,
By-W4_APRIL-CVD_-3556,CVD_BREAKDOWN_EVENT,Bybit,W4_APRIL,2024-04-14T11:16:00+00:00,64035.15,WIN,1,0,0,0,0,2.063,1.226,368,,
By-W4_APRIL-CVD_-3709,CVD_BREAKDOWN_EVENT,Bybit,W4_APRIL,2024-04-14T13:49:00+00:00,64350.05,WIN,1,0,0,0,0,2.359,0.484,213,,
By-W4_APRIL-CVD_-3741,CVD_BREAKDOWN_EVENT,Bybit,W4_APRIL,2024-04-14T14:21:00+00:00,63941.15,LOSS,0,0,0,1,0,1.996,1.726,,,
By-W4_APRIL-CVD_-3912,CVD_BREAKDOWN_EVENT,Bybit,W4_APRIL,2024-04-14T17:12:00+00:00,63973.95,WIN,1,0,0,0,0,2.047,0.0,13,,
By-W4_APRIL-CVD_-4049,CVD_BREAKDOWN_EVENT,Bybit,W4_APRIL,2024-04-14T19:29:00+00:00,63989.05,LOSS,0,0,0,1,0,1.053,1.65,,,
By-W4_APRIL-CVD_-4126,CVD_BREAKDOWN_EVENT,Bybit,W4_APRIL,2024-04-14T20:46:00+00:00,63892.05,LOSS,0,0,0,1,0,0.902,1.804,,,
By-W4_APRIL-CVD_-4159,CVD_BREAKDOWN_EVENT,Bybit,W4_APRIL,2024-04-14T21:19:00+00:00,63534.65,LOSS,0,0,0,1,0,0.345,2.377,,,
By-W4_APRIL-CVD_-4389,CVD_BREAKDOWN_EVENT,Bybit,W4_APRIL,2024-04-15T01:09:00+00:00,65317.65,LOSS,0,0,0,1,0,0.941,1.51,,,
By-W4_APRIL-CVD_-4428,CVD_BREAKDOWN_EVENT,Bybit,W4_APRIL,2024-04-15T01:48:00+00:00,65103.15,LOSS,0,0,0,1,0,0.615,1.774,,,
By-W4_APRIL-CVD_-4476,CVD_BREAKDOWN_EVENT,Bybit,W4_APRIL,2024-04-15T02:36:00+00:00,65028.95,LOSS,0,0,0,1,0,0.502,1.555,,,
By-W4_APRIL-CVD_-4567,CVD_BREAKDOWN_EVENT,Bybit,W4_APRIL,2024-04-15T04:07:00+00:00,64910.85,LOSS,0,0,0,1,0,0.321,1.74,,,
By-W4_APRIL-CVD_-4754,CVD_BREAKDOWN_EVENT,Bybit,W4_APRIL,2024-04-15T07:14:00+00:00,66247.15,WIN,1,0,0,0,0,2.171,0.726,448,,
By-W4_APRIL-CVD_-4785,CVD_BREAKDOWN_EVENT,Bybit,W4_APRIL,2024-04-15T07:45:00+00:00,66172.65,WIN,1,0,0,0,0,2.061,0.839,417,,
By-W4_APRIL-CVD_-4944,CVD_BREAKDOWN_EVENT,Bybit,W4_APRIL,2024-04-15T10:24:00+00:00,66415.25,WIN,1,0,0,0,0,2.202,0.308,255,,
By-W4_APRIL-CVD_-4987,CVD_BREAKDOWN_EVENT,Bybit,W4_APRIL,2024-04-15T11:07:00+00:00,66320.65,WIN,1,0,0,0,0,2.063,0.035,212,,
By-W4_APRIL-CVD_-5018,CVD_BREAKDOWN_EVENT,Bybit,W4_APRIL,2024-04-15T11:38:00+00:00,66086.85,WIN,1,0,0,0,0,2.037,0.301,185,,
By-W4_APRIL-CVD_-5158,CVD_BREAKDOWN_EVENT,Bybit,W4_APRIL,2024-04-15T13:58:00+00:00,65740.15,WIN,1,0,0,0,0,2.179,0.276,50,,
By-W4_APRIL-CVD_-5197,CVD_BREAKDOWN_EVENT,Bybit,W4_APRIL,2024-04-15T14:37:00+00:00,65252.55,WIN,1,0,0,0,0,2.162,0.0,24,,
By-W4_APRIL-CVD_-5297,CVD_BREAKDOWN_EVENT,Bybit,W4_APRIL,2024-04-15T16:17:00+00:00,64298.05,WIN,1,0,0,0,0,2.154,0.614,163,,
By-W4_APRIL-CVD_-5360,CVD_BREAKDOWN_EVENT,Bybit,W4_APRIL,2024-04-15T17:20:00+00:00,64039.25,WIN,1,0,0,0,0,2.119,0.136,103,,
By-W4_APRIL-CVD_-5417,CVD_BREAKDOWN_EVENT,Bybit,W4_APRIL,2024-04-15T18:17:00+00:00,63139.85,TIMEOUT,0,0,0,0,1,1.355,1.077,,,
By-W4_APRIL-CVD_-5465,CVD_BREAKDOWN_EVENT,Bybit,W4_APRIL,2024-04-15T19:05:00+00:00,62582.85,LOSS,0,0,0,1,0,0.477,1.528,,,
By-W4_APRIL-CVD_-5571,CVD_BREAKDOWN_EVENT,Bybit,W4_APRIL,2024-04-15T20:51:00+00:00,62993.25,WIN,1,0,0,0,0,2.069,1.307,474,,
By-W4_APRIL-CVD_-5604,CVD_BREAKDOWN_EVENT,Bybit,W4_APRIL,2024-04-15T21:24:00+00:00,62835.65,LOSS,0,0,0,1,0,0.203,1.561,,,
By-W4_APRIL-CVD_-5798,CVD_BREAKDOWN_EVENT,Bybit,W4_APRIL,2024-04-16T00:38:00+00:00,63064.65,WIN,1,0,0,0,0,2.18,1.192,247,,
By-W4_APRIL-CVD_-5890,CVD_BREAKDOWN_EVENT,Bybit,W4_APRIL,2024-04-16T02:10:00+00:00,62936.05,TIMEOUT,0,0,0,0,1,1.98,1.271,,,
By-W4_APRIL-CVD_-5980,CVD_BREAKDOWN_EVENT,Bybit,W4_APRIL,2024-04-16T03:40:00+00:00,62951.85,WIN,1,0,0,0,0,2.005,0.158,65,,
By-W4_APRIL-CVD_-6011,CVD_BREAKDOWN_EVENT,Bybit,W4_APRIL,2024-04-16T04:11:00+00:00,62484.45,LOSS,0,0,0,1,0,1.272,1.664,,,
By-W4_APRIL-CVD_-6042,CVD_BREAKDOWN_EVENT,Bybit,W4_APRIL,2024-04-16T04:42:00+00:00,62100.05,LOSS,0,0,0,1,0,0.66,1.501,,,
By-W4_APRIL-CVD_-6259,CVD_BREAKDOWN_EVENT,Bybit,W4_APRIL,2024-04-16T08:19:00+00:00,63334.05,WIN,1,0,0,0,0,2.184,0.27,126,,
By-W4_APRIL-CVD_-6362,CVD_BREAKDOWN_EVENT,Bybit,W4_APRIL,2024-04-16T10:02:00+00:00,63200.05,WIN,1,0,0,0,0,2.366,0.134,25,,
By-W4_APRIL-CVD_-6461,CVD_BREAKDOWN_EVENT,Bybit,W4_APRIL,2024-04-16T11:41:00+00:00,62367.75,LOSS,0,0,0,1,0,0.0,1.535,,,
By-W4_APRIL-CVD_-6556,CVD_BREAKDOWN_EVENT,Bybit,W4_APRIL,2024-04-16T13:16:00+00:00,62717.25,TIMEOUT,0,0,0,0,1,1.638,0.999,,,
By-W4_APRIL-CVD_-6587,CVD_BREAKDOWN_EVENT,Bybit,W4_APRIL,2024-04-16T13:47:00+00:00,62147.05,LOSS,0,0,0,1,0,0.0,1.506,,,
By-W4_APRIL-CVD_-6631,CVD_BREAKDOWN_EVENT,Bybit,W4_APRIL,2024-04-16T14:31:00+00:00,62343.95,LOSS,0,0,0,1,0,1.049,1.604,,,
By-W4_APRIL-CVD_-6705,CVD_BREAKDOWN_EVENT,Bybit,W4_APRIL,2024-04-16T15:45:00+00:00,61800.05,LOSS,0,0,0,1,0,0.178,1.548,,,
By-W4_APRIL-CVD_-6828,CVD_BREAKDOWN_EVENT,Bybit,W4_APRIL,2024-04-16T17:48:00+00:00,62587.95,LOSS,0,0,0,1,0,0.454,1.564,,,
By-W4_APRIL-CVD_-6941,CVD_BREAKDOWN_EVENT,Bybit,W4_APRIL,2024-04-16T19:41:00+00:00,62680.15,LOSS,0,0,0,1,0,0.217,1.518,,,
By-W4_APRIL-CVD_-7227,CVD_BREAKDOWN_EVENT,Bybit,W4_APRIL,2024-04-17T00:27:00+00:00,63577.45,TIMEOUT,0,0,0,0,1,0.521,1.305,,,
By-W4_APRIL-CVD_-7365,CVD_BREAKDOWN_EVENT,Bybit,W4_APRIL,2024-04-17T02:45:00+00:00,63824.25,TIMEOUT,0,0,0,0,1,1.63,0.913,,,
By-W4_APRIL-CVD_-7458,CVD_BREAKDOWN_EVENT,Bybit,W4_APRIL,2024-04-17T04:18:00+00:00,63644.05,TIMEOUT,0,0,0,0,1,1.705,1.199,,,
By-W4_APRIL-CVD_-7577,CVD_BREAKDOWN_EVENT,Bybit,W4_APRIL,2024-04-17T06:17:00+00:00,63815.05,WIN,1,0,0,0,0,2.034,0.227,367,,
By-W4_APRIL-CVD_-7625,CVD_BREAKDOWN_EVENT,Bybit,W4_APRIL,2024-04-17T07:05:00+00:00,63594.65,WIN,1,0,0,0,0,2.071,0.01,330,,
By-W4_APRIL-CVD_-7657,CVD_BREAKDOWN_EVENT,Bybit,W4_APRIL,2024-04-17T07:37:00+00:00,63469.05,WIN,1,0,0,0,0,2.104,0.124,300,,
By-W4_APRIL-CVD_-7695,CVD_BREAKDOWN_EVENT,Bybit,W4_APRIL,2024-04-17T08:15:00+00:00,63394.75,WIN,1,0,0,0,0,2.127,0.229,267,,
By-W4_APRIL-CVD_-7726,CVD_BREAKDOWN_EVENT,Bybit,W4_APRIL,2024-04-17T08:46:00+00:00,63198.95,WIN,1,0,0,0,0,2.084,0.461,331,,
By-W4_APRIL-CVD_-7787,CVD_BREAKDOWN_EVENT,Bybit,W4_APRIL,2024-04-17T09:47:00+00:00,63236.35,WIN,1,0,0,0,0,2.005,0.13,259,,
By-W4_APRIL-CVD_-7912,CVD_BREAKDOWN_EVENT,Bybit,W4_APRIL,2024-04-17T11:52:00+00:00,62820.55,WIN,1,0,0,0,0,2.134,0.076,147,,
By-W4_APRIL-CVD_-7944,CVD_BREAKDOWN_EVENT,Bybit,W4_APRIL,2024-04-17T12:24:00+00:00,62517.25,WIN,1,0,0,0,0,2.261,0.561,119,,
By-W4_APRIL-CVD_-8058,CVD_BREAKDOWN_EVENT,Bybit,W4_APRIL,2024-04-17T14:18:00+00:00,61650.85,WIN,1,0,0,0,0,2.052,0.417,71,,
By-W4_APRIL-CVD_-8131,CVD_BREAKDOWN_EVENT,Bybit,W4_APRIL,2024-04-17T15:31:00+00:00,60370.35,LOSS,0,0,0,1,0,0.914,1.654,,,
By-W4_APRIL-CVD_-8165,CVD_BREAKDOWN_EVENT,Bybit,W4_APRIL,2024-04-17T16:05:00+00:00,59818.55,LOSS,0,0,0,1,0,0.0,1.557,,,
By-W4_APRIL-CVD_-8342,CVD_BREAKDOWN_EVENT,Bybit,W4_APRIL,2024-04-17T19:02:00+00:00,61218.05,TIMEOUT,0,0,0,0,1,0.758,0.829,,,
By-W4_APRIL-CVD_-8539,CVD_BREAKDOWN_EVENT,Bybit,W4_APRIL,2024-04-17T22:19:00+00:00,61230.85,TIMEOUT,0,0,0,0,1,0.06,0.807,,,
By-W4_APRIL-CVD_-8597,CVD_BREAKDOWN_EVENT,Bybit,W4_APRIL,2024-04-17T23:17:00+00:00,61407.95,TIMEOUT,0,0,0,0,1,0.348,0.0,,,
By-W4_APRIL-SELL-72,SELL_PRESSURE_NO_ABSORPTION_EVENT,Bybit,W4_APRIL,2024-04-12T01:12:00+00:00,70195.45,LOSS,0,0,0,1,0,0.056,1.519,,,
By-W4_APRIL-SELL-165,SELL_PRESSURE_NO_ABSORPTION_EVENT,Bybit,W4_APRIL,2024-04-12T02:45:00+00:00,70661.65,TIMEOUT,0,0,0,0,1,0.107,0.849,,,
By-W4_APRIL-SELL-226,SELL_PRESSURE_NO_ABSORPTION_EVENT,Bybit,W4_APRIL,2024-04-12T03:46:00+00:00,70873.05,TIMEOUT,0,0,0,0,1,0.405,0.549,,,
By-W4_APRIL-SELL-260,SELL_PRESSURE_NO_ABSORPTION_EVENT,Bybit,W4_APRIL,2024-04-12T04:20:00+00:00,70887.75,TIMEOUT,0,0,0,0,1,0.426,0.528,,,
By-W4_APRIL-SELL-306,SELL_PRESSURE_NO_ABSORPTION_EVENT,Bybit,W4_APRIL,2024-04-12T05:06:00+00:00,71117.85,TIMEOUT,0,0,0,0,1,1.104,0.0,,,
By-W4_APRIL-SELL-340,SELL_PRESSURE_NO_ABSORPTION_EVENT,Bybit,W4_APRIL,2024-04-12T05:40:00+00:00,70991.35,TIMEOUT,0,0,0,0,1,1.311,0.075,,,
By-W4_APRIL-SELL-377,SELL_PRESSURE_NO_ABSORPTION_EVENT,Bybit,W4_APRIL,2024-04-12T06:17:00+00:00,70928.15,TIMEOUT,0,0,0,0,1,1.777,0.096,,,
By-W4_APRIL-SELL-438,SELL_PRESSURE_NO_ABSORPTION_EVENT,Bybit,W4_APRIL,2024-04-12T07:18:00+00:00,70797.55,WIN,1,0,0,0,0,2.019,0.241,452,,
By-W4_APRIL-SELL-470,SELL_PRESSURE_NO_ABSORPTION_EVENT,Bybit,W4_APRIL,2024-04-12T07:50:00+00:00,70667.85,TIMEOUT,0,0,0,0,1,1.959,0.425,,,
By-W4_APRIL-SELL-505,SELL_PRESSURE_NO_ABSORPTION_EVENT,Bybit,W4_APRIL,2024-04-12T08:25:00+00:00,70792.95,WIN,1,0,0,0,0,2.012,0.248,385,,
By-W4_APRIL-SELL-551,SELL_PRESSURE_NO_ABSORPTION_EVENT,Bybit,W4_APRIL,2024-04-12T09:11:00+00:00,70727.85,WIN,1,0,0,0,0,2.006,0.34,341,,
By-W4_APRIL-SELL-583,SELL_PRESSURE_NO_ABSORPTION_EVENT,Bybit,W4_APRIL,2024-04-12T09:43:00+00:00,70625.45,WIN,1,0,0,0,0,2.011,0.486,388,,
By-W4_APRIL-SELL-685,SELL_PRESSURE_NO_ABSORPTION_EVENT,Bybit,W4_APRIL,2024-04-12T11:25:00+00:00,70831.55,WIN,1,0,0,0,0,2.066,0.193,205,,
By-W4_APRIL-SELL-735,SELL_PRESSURE_NO_ABSORPTION_EVENT,Bybit,W4_APRIL,2024-04-12T12:15:00+00:00,70806.95,WIN,1,0,0,0,0,2.032,0.078,155,,
By-W4_APRIL-SELL-786,SELL_PRESSURE_NO_ABSORPTION_EVENT,Bybit,W4_APRIL,2024-04-12T13:06:00+00:00,70339.95,WIN,1,0,0,0,0,2.038,0.0,193,,
By-W4_APRIL-SELL-823,SELL_PRESSURE_NO_ABSORPTION_EVENT,Bybit,W4_APRIL,2024-04-12T13:43:00+00:00,69814.25,WIN,1,0,0,0,0,2.072,0.402,218,,
By-W4_APRIL-SELL-854,SELL_PRESSURE_NO_ABSORPTION_EVENT,Bybit,W4_APRIL,2024-04-12T14:14:00+00:00,69773.55,WIN,1,0,0,0,0,2.015,0.284,187,,
By-W4_APRIL-SELL-885,SELL_PRESSURE_NO_ABSORPTION_EVENT,Bybit,W4_APRIL,2024-04-12T14:45:00+00:00,69624.15,WIN,1,0,0,0,0,2.167,0.176,160,,
By-W4_APRIL-SELL-950,SELL_PRESSURE_NO_ABSORPTION_EVENT,Bybit,W4_APRIL,2024-04-12T15:50:00+00:00,69454.25,WIN,1,0,0,0,0,2.04,0.202,97,,
By-W4_APRIL-SELL-981,SELL_PRESSURE_NO_ABSORPTION_EVENT,Bybit,W4_APRIL,2024-04-12T16:21:00+00:00,68756.25,WIN,1,1,0,0,0,2.966,0.53,131,131,
By-W4_APRIL-SELL-1026,SELL_PRESSURE_NO_ABSORPTION_EVENT,Bybit,W4_APRIL,2024-04-12T17:06:00+00:00,68695.65,WIN,1,1,0,0,0,2.88,0.082,86,86,
By-W4_APRIL-SELL-1077,SELL_PRESSURE_NO_ABSORPTION_EVENT,Bybit,W4_APRIL,2024-04-12T17:57:00+00:00,68100.05,WIN,1,0,0,0,0,2.031,0.406,35,,
By-W4_APRIL-SELL-1110,SELL_PRESSURE_NO_ABSORPTION_EVENT,Bybit,W4_APRIL,2024-04-12T18:30:00+00:00,67684.85,WIN,1,1,0,0,0,2.906,0.0,5,5,
By-W4_APRIL-SELL-1187,SELL_PRESSURE_NO_ABSORPTION_EVENT,Bybit,W4_APRIL,2024-04-12T19:47:00+00:00,66885.05,TIMEOUT,0,0,0,0,1,1.634,0.785,,,
By-W4_APRIL-SELL-1239,SELL_PRESSURE_NO_ABSORPTION_EVENT,Bybit,W4_APRIL,2024-04-12T20:39:00+00:00,67213.25,WIN,1,0,0,0,0,2.019,0.293,318,,
By-W4_APRIL-SELL-1271,SELL_PRESSURE_NO_ABSORPTION_EVENT,Bybit,W4_APRIL,2024-04-12T21:11:00+00:00,66852.25,LOSS,0,0,0,1,0,1.586,1.567,,,
By-W4_APRIL-SELL-1302,SELL_PRESSURE_NO_ABSORPTION_EVENT,Bybit,W4_APRIL,2024-04-12T21:42:00+00:00,66730.05,LOSS,0,0,0,1,0,1.406,1.597,,,
By-W4_APRIL-SELL-1352,SELL_PRESSURE_NO_ABSORPTION_EVENT,Bybit,W4_APRIL,2024-04-12T22:32:00+00:00,67026.45,TIMEOUT,0,0,0,0,1,1.842,1.343,,,
By-W4_APRIL-SELL-1390,SELL_PRESSURE_NO_ABSORPTION_EVENT,Bybit,W4_APRIL,2024-04-12T23:10:00+00:00,66864.05,LOSS,0,0,0,1,0,1.604,1.549,,,
By-W4_APRIL-SELL-1442,SELL_PRESSURE_NO_ABSORPTION_EVENT,Bybit,W4_APRIL,2024-04-13T00:02:00+00:00,67051.25,TIMEOUT,0,0,0,0,1,1.878,1.305,,,
By-W4_APRIL-SELL-1481,SELL_PRESSURE_NO_ABSORPTION_EVENT,Bybit,W4_APRIL,2024-04-13T00:41:00+00:00,66838.35,LOSS,0,0,0,1,0,1.566,1.588,,,
By-W4_APRIL-SELL-1512,SELL_PRESSURE_NO_ABSORPTION_EVENT,Bybit,W4_APRIL,2024-04-13T01:12:00+00:00,66583.45,LOSS,0,0,0,1,0,1.189,1.642,,,
By-W4_APRIL-SELL-1543,SELL_PRESSURE_NO_ABSORPTION_EVENT,Bybit,W4_APRIL,2024-04-13T01:43:00+00:00,66297.05,LOSS,0,0,0,1,0,0.762,1.54,,,
By-W4_APRIL-SELL-1738,SELL_PRESSURE_NO_ABSORPTION_EVENT,Bybit,W4_APRIL,2024-04-13T04:58:00+00:00,67564.45,TIMEOUT,0,0,0,0,1,0.717,0.454,,,
By-W4_APRIL-SELL-1770,SELL_PRESSURE_NO_ABSORPTION_EVENT,Bybit,W4_APRIL,2024-04-13T05:30:00+00:00,67550.05,TIMEOUT,0,0,0,0,1,0.696,0.326,,,
By-W4_APRIL-SELL-1802,SELL_PRESSURE_NO_ABSORPTION_EVENT,Bybit,W4_APRIL,2024-04-13T06:02:00+00:00,67395.15,TIMEOUT,0,0,0,0,1,0.468,0.556,,,
By-W4_APRIL-SELL-1876,SELL_PRESSURE_NO_ABSORPTION_EVENT,Bybit,W4_APRIL,2024-04-13T07:16:00+00:00,67222.05,TIMEOUT,0,0,0,0,1,0.211,0.815,,,
By-W4_APRIL-SELL-1910,SELL_PRESSURE_NO_ABSORPTION_EVENT,Bybit,W4_APRIL,2024-04-13T07:50:00+00:00,67368.75,TIMEOUT,0,0,0,0,1,0.429,0.767,,,
By-W4_APRIL-SELL-1963,SELL_PRESSURE_NO_ABSORPTION_EVENT,Bybit,W4_APRIL,2024-04-13T08:43:00+00:00,67259.05,TIMEOUT,0,0,0,0,1,0.266,0.932,,,
By-W4_APRIL-SELL-2044,SELL_PRESSURE_NO_ABSORPTION_EVENT,Bybit,W4_APRIL,2024-04-13T10:04:00+00:00,67337.95,TIMEOUT,0,0,0,0,1,1.07,0.813,,,
By-W4_APRIL-SELL-2125,SELL_PRESSURE_NO_ABSORPTION_EVENT,Bybit,W4_APRIL,2024-04-13T11:25:00+00:00,67542.15,TIMEOUT,0,0,0,0,1,1.543,0.509,,,
By-W4_APRIL-SELL-2156,SELL_PRESSURE_NO_ABSORPTION_EVENT,Bybit,W4_APRIL,2024-04-13T11:56:00+00:00,67346.15,WIN,1,0,0,0,0,2.039,0.801,473,,
By-W4_APRIL-SELL-2251,SELL_PRESSURE_NO_ABSORPTION_EVENT,Bybit,W4_APRIL,2024-04-13T13:31:00+00:00,67628.35,WIN,1,0,0,0,0,2.447,0.38,378,,
By-W4_APRIL-SELL-2315,SELL_PRESSURE_NO_ABSORPTION_EVENT,Bybit,W4_APRIL,2024-04-13T14:35:00+00:00,67499.95,WIN,1,0,0,0,0,2.262,0.571,314,,
By-W4_APRIL-SELL-2389,SELL_PRESSURE_NO_ABSORPTION_EVENT,Bybit,W4_APRIL,2024-04-13T15:49:00+00:00,67687.15,WIN,1,1,0,0,0,2.532,0.051,240,240,
By-W4_APRIL-SELL-2421,SELL_PRESSURE_NO_ABSORPTION_EVENT,Bybit,W4_APRIL,2024-04-13T16:21:00+00:00,67443.85,WIN,1,0,0,0,0,2.18,0.179,208,,
By-W4_APRIL-SELL-2460,SELL_PRESSURE_NO_ABSORPTION_EVENT,Bybit,W4_APRIL,2024-04-13T17:00:00+00:00,67337.65,WIN,1,0,0,0,0,2.026,0.0,169,,
By-W4_APRIL-SELL-2496,SELL_PRESSURE_NO_ABSORPTION_EVENT,Bybit,W4_APRIL,2024-04-13T17:36:00+00:00,66749.85,WIN,1,0,0,0,0,2.356,0.725,137,,
By-W4_APRIL-SELL-2527,SELL_PRESSURE_NO_ABSORPTION_EVENT,Bybit,W4_APRIL,2024-04-13T18:07:00+00:00,66589.75,WIN,1,0,0,0,0,2.122,0.967,106,,
By-W4_APRIL-SELL-2595,SELL_PRESSURE_NO_ABSORPTION_EVENT,Bybit,W4_APRIL,2024-04-13T19:15:00+00:00,66969.45,WIN,1,1,0,0,0,2.677,0.352,38,38,
By-W4_APRIL-SELL-2626,SELL_PRESSURE_NO_ABSORPTION_EVENT,Bybit,W4_APRIL,2024-04-13T19:46:00+00:00,66544.05,WIN,1,0,0,0,0,2.055,0.0,7,,
By-W4_APRIL-SELL-2657,SELL_PRESSURE_NO_ABSORPTION_EVENT,Bybit,W4_APRIL,2024-04-13T20:17:00+00:00,62335.35,LOSS,0,0,0,1,0,1.539,2.207,,,
By-W4_APRIL-SELL-2688,SELL_PRESSURE_NO_ABSORPTION_EVENT,Bybit,W4_APRIL,2024-04-13T20:48:00+00:00,61778.95,LOSS,0,0,0,1,0,0.652,1.633,,,
By-W4_APRIL-SELL-2731,SELL_PRESSURE_NO_ABSORPTION_EVENT,Bybit,W4_APRIL,2024-04-13T21:31:00+00:00,61928.75,LOSS,0,0,0,1,0,0.0,1.589,,,
By-W4_APRIL-SELL-2842,SELL_PRESSURE_NO_ABSORPTION_EVENT,Bybit,W4_APRIL,2024-04-13T23:22:00+00:00,65094.05,WIN,1,0,0,0,0,2.046,0.0,36,,
By-W4_APRIL-SELL-2873,SELL_PRESSURE_NO_ABSORPTION_EVENT,Bybit,W4_APRIL,2024-04-13T23:53:00+00:00,64218.25,WIN,1,0,0,0,0,2.075,0.06,32,,
By-W4_APRIL-SELL-2904,SELL_PRESSURE_NO_ABSORPTION_EVENT,Bybit,W4_APRIL,2024-04-14T00:24:00+00:00,63375.85,LOSS,0,0,0,1,0,1.943,1.555,,,
By-W4_APRIL-SELL-2936,SELL_PRESSURE_NO_ABSORPTION_EVENT,Bybit,W4_APRIL,2024-04-14T00:56:00+00:00,63758.05,WIN,1,0,0,0,0,2.086,0.42,131,,
By-W4_APRIL-SELL-2988,SELL_PRESSURE_NO_ABSORPTION_EVENT,Bybit,W4_APRIL,2024-04-14T01:48:00+00:00,63719.35,WIN,1,0,0,0,0,2.027,0.353,79,,
By-W4_APRIL-SELL-3022,SELL_PRESSURE_NO_ABSORPTION_EVENT,Bybit,W4_APRIL,2024-04-14T02:22:00+00:00,63344.65,LOSS,0,0,0,1,0,1.895,1.529,,,
By-W4_APRIL-SELL-3062,SELL_PRESSURE_NO_ABSORPTION_EVENT,Bybit,W4_APRIL,2024-04-14T03:02:00+00:00,62762.15,LOSS,0,0,0,1,0,0.984,1.502,,,
By-W4_APRIL-SELL-3171,SELL_PRESSURE_NO_ABSORPTION_EVENT,Bybit,W4_APRIL,2024-04-14T04:51:00+00:00,63957.85,TIMEOUT,0,0,0,0,1,0.154,1.409,,,
By-W4_APRIL-SELL-3208,SELL_PRESSURE_NO_ABSORPTION_EVENT,Bybit,W4_APRIL,2024-04-14T05:28:00+00:00,64202.55,TIMEOUT,0,0,0,0,1,0.535,1.022,,,
By-W4_APRIL-SELL-3243,SELL_PRESSURE_NO_ABSORPTION_EVENT,Bybit,W4_APRIL,2024-04-14T06:03:00+00:00,64185.05,TIMEOUT,0,0,0,0,1,0.508,1.05,,,
By-W4_APRIL-SELL-3293,SELL_PRESSURE_NO_ABSORPTION_EVENT,Bybit,W4_APRIL,2024-04-14T06:53:00+00:00,64642.05,TIMEOUT,0,0,0,0,1,1.817,0.287,,,
By-W4_APRIL-SELL-3330,SELL_PRESSURE_NO_ABSORPTION_EVENT,Bybit,W4_APRIL,2024-04-14T07:30:00+00:00,64576.05,TIMEOUT,0,0,0,0,1,1.717,0.39,,,
By-W4_APRIL-SELL-3405,SELL_PRESSURE_NO_ABSORPTION_EVENT,Bybit,W4_APRIL,2024-04-14T08:45:00+00:00,64533.65,TIMEOUT,0,0,0,0,1,1.652,0.444,,,
By-W4_APRIL-SELL-3445,SELL_PRESSURE_NO_ABSORPTION_EVENT,Bybit,W4_APRIL,2024-04-14T09:25:00+00:00,64241.65,WIN,1,0,0,0,0,2.194,0.9,477,,
By-W4_APRIL-SELL-3533,SELL_PRESSURE_NO_ABSORPTION_EVENT,Bybit,W4_APRIL,2024-04-14T10:53:00+00:00,64426.05,WIN,1,0,0,0,0,2.085,0.612,388,,
By-W4_APRIL-SELL-3564,SELL_PRESSURE_NO_ABSORPTION_EVENT,Bybit,W4_APRIL,2024-04-14T11:24:00+00:00,63985.35,WIN,1,0,0,0,0,2.064,1.305,361,,
By-W4_APRIL-SELL-3683,SELL_PRESSURE_NO_ABSORPTION_EVENT,Bybit,W4_APRIL,2024-04-14T13:23:00+00:00,64558.15,WIN,1,0,0,0,0,2.285,0.16,238,,
By-W4_APRIL-SELL-3726,SELL_PRESSURE_NO_ABSORPTION_EVENT,Bybit,W4_APRIL,2024-04-14T14:06:00+00:00,63999.95,WIN,1,0,0,0,0,2.009,1.034,198,,
By-W4_APRIL-SELL-3762,SELL_PRESSURE_NO_ABSORPTION_EVENT,Bybit,W4_APRIL,2024-04-14T14:42:00+00:00,63771.45,LOSS,0,0,0,1,0,1.736,1.997,,,
By-W4_APRIL-SELL-3882,SELL_PRESSURE_NO_ABSORPTION_EVENT,Bybit,W4_APRIL,2024-04-14T16:42:00+00:00,64392.85,WIN,1,0,0,0,0,2.035,0.212,39,,
By-W4_APRIL-SELL-3913,SELL_PRESSURE_NO_ABSORPTION_EVENT,Bybit,W4_APRIL,2024-04-14T17:13:00+00:00,63640.95,LOSS,0,0,0,1,0,1.534,1.561,,,
By-W4_APRIL-SELL-3962,SELL_PRESSURE_NO_ABSORPTION_EVENT,Bybit,W4_APRIL,2024-04-14T18:02:00+00:00,63814.45,LOSS,0,0,0,1,0,0.782,1.928,,,
By-W4_APRIL-SELL-4010,SELL_PRESSURE_NO_ABSORPTION_EVENT,Bybit,W4_APRIL,2024-04-14T18:50:00+00:00,64375.45,LOSS,0,0,0,1,0,1.647,1.635,,,
By-W4_APRIL-SELL-4042,SELL_PRESSURE_NO_ABSORPTION_EVENT,Bybit,W4_APRIL,2024-04-14T19:22:00+00:00,64081.35,LOSS,0,0,0,1,0,1.195,1.504,,,
By-W4_APRIL-SELL-4094,SELL_PRESSURE_NO_ABSORPTION_EVENT,Bybit,W4_APRIL,2024-04-14T20:14:00+00:00,64013.25,LOSS,0,0,0,1,0,1.09,1.612,,,
By-W4_APRIL-SELL-4126,SELL_PRESSURE_NO_ABSORPTION_EVENT,Bybit,W4_APRIL,2024-04-14T20:46:00+00:00,63892.05,LOSS,0,0,0,1,0,0.902,1.804,,,
By-W4_APRIL-SELL-4157,SELL_PRESSURE_NO_ABSORPTION_EVENT,Bybit,W4_APRIL,2024-04-14T21:17:00+00:00,63720.55,LOSS,0,0,0,1,0,0.636,2.078,,,
By-W4_APRIL-SELL-4221,SELL_PRESSURE_NO_ABSORPTION_EVENT,Bybit,W4_APRIL,2024-04-14T22:21:00+00:00,64752.05,LOSS,0,0,0,1,0,0.0,1.651,,,
By-W4_APRIL-SELL-4253,SELL_PRESSURE_NO_ABSORPTION_EVENT,Bybit,W4_APRIL,2024-04-14T22:53:00+00:00,65202.95,LOSS,0,0,0,1,0,0.767,1.618,,,
By-W4_APRIL-SELL-4319,SELL_PRESSURE_NO_ABSORPTION_EVENT,Bybit,W4_APRIL,2024-04-14T23:59:00+00:00,65618.85,TIMEOUT,0,0,0,0,1,1.396,1.307,,,
By-W4_APRIL-SELL-4350,SELL_PRESSURE_NO_ABSORPTION_EVENT,Bybit,W4_APRIL,2024-04-15T00:30:00+00:00,65361.35,LOSS,0,0,0,1,0,1.008,1.51,,,
By-W4_APRIL-SELL-4390,SELL_PRESSURE_NO_ABSORPTION_EVENT,Bybit,W4_APRIL,2024-04-15T01:10:00+00:00,65276.55,LOSS,0,0,0,1,0,0.879,1.503,,,
By-W4_APRIL-SELL-4425,SELL_PRESSURE_NO_ABSORPTION_EVENT,Bybit,W4_APRIL,2024-04-15T01:45:00+00:00,65289.45,LOSS,0,0,0,1,0,0.899,1.554,,,
By-W4_APRIL-SELL-4460,SELL_PRESSURE_NO_ABSORPTION_EVENT,Bybit,W4_APRIL,2024-04-15T02:20:00+00:00,65160.05,LOSS,0,0,0,1,0,0.702,1.685,,,
By-W4_APRIL-SELL-4555,SELL_PRESSURE_NO_ABSORPTION_EVENT,Bybit,W4_APRIL,2024-04-15T03:55:00+00:00,65100.85,LOSS,0,0,0,1,0,0.612,1.777,,,
By-W4_APRIL-SELL-4726,SELL_PRESSURE_NO_ABSORPTION_EVENT,Bybit,W4_APRIL,2024-04-15T06:46:00+00:00,66065.85,WIN,1,0,0,0,0,2.006,1.002,477,,
By-W4_APRIL-SELL-4757,SELL_PRESSURE_NO_ABSORPTION_EVENT,Bybit,W4_APRIL,2024-04-15T07:17:00+00:00,66203.05,WIN,1,0,0,0,0,2.106,0.793,445,,
By-W4_APRIL-SELL-4789,SELL_PRESSURE_NO_ABSORPTION_EVENT,Bybit,W4_APRIL,2024-04-15T07:49:00+00:00,66270.55,WIN,1,0,0,0,0,2.001,0.69,412,,
By-W4_APRIL-SELL-4821,SELL_PRESSURE_NO_ABSORPTION_EVENT,Bybit,W4_APRIL,2024-04-15T08:21:00+00:00,66120.35,WIN,1,0,0,0,0,2.087,0.919,382,,
By-W4_APRIL-SELL-4921,SELL_PRESSURE_NO_ABSORPTION_EVENT,Bybit,W4_APRIL,2024-04-15T10:01:00+00:00,66517.05,WIN,1,0,0,0,0,2.017,0.155,253,,
By-W4_APRIL-SELL-4988,SELL_PRESSURE_NO_ABSORPTION_EVENT,Bybit,W4_APRIL,2024-04-15T11:08:00+00:00,66344.05,WIN,1,0,0,0,0,2.097,0.0,211,,
By-W4_APRIL-SELL-5022,SELL_PRESSURE_NO_ABSORPTION_EVENT,Bybit,W4_APRIL,2024-04-15T11:42:00+00:00,65868.45,WIN,1,0,0,0,0,2.101,0.634,185,,
By-W4_APRIL-SELL-5070,SELL_PRESSURE_NO_ABSORPTION_EVENT,Bybit,W4_APRIL,2024-04-15T12:30:00+00:00,65877.05,WIN,1,0,0,0,0,2.012,0.621,136,,
By-W4_APRIL-SELL-5101,SELL_PRESSURE_NO_ABSORPTION_EVENT,Bybit,W4_APRIL,2024-04-15T13:01:00+00:00,66024.95,WIN,1,0,0,0,0,2.231,0.395,105,,
By-W4_APRIL-SELL-5138,SELL_PRESSURE_NO_ABSORPTION_EVENT,Bybit,W4_APRIL,2024-04-15T13:38:00+00:00,65860.35,WIN,1,0,0,0,0,2.089,0.646,69,,
By-W4_APRIL-SELL-5169,SELL_PRESSURE_NO_ABSORPTION_EVENT,Bybit,W4_APRIL,2024-04-15T14:09:00+00:00,65594.45,WIN,1,0,0,0,0,2.232,0.0,49,,
By-W4_APRIL-SELL-5202,SELL_PRESSURE_NO_ABSORPTION_EVENT,Bybit,W4_APRIL,2024-04-15T14:42:00+00:00,64808.75,WIN,1,0,0,0,0,2.068,0.064,185,,
By-W4_APRIL-SELL-5254,SELL_PRESSURE_NO_ABSORPTION_EVENT,Bybit,W4_APRIL,2024-04-15T15:34:00+00:00,64541.55,WIN,1,0,0,0,0,2.172,0.357,163,,
By-W4_APRIL-SELL-5298,SELL_PRESSURE_NO_ABSORPTION_EVENT,Bybit,W4_APRIL,2024-04-15T16:18:00+00:00,64192.05,WIN,1,0,0,0,0,2.092,0.78,163,,
By-W4_APRIL-SELL-5330,SELL_PRESSURE_NO_ABSORPTION_EVENT,Bybit,W4_APRIL,2024-04-15T16:50:00+00:00,64137.95,WIN,1,0,0,0,0,2.009,0.865,131,,
By-W4_APRIL-SELL-5361,SELL_PRESSURE_NO_ABSORPTION_EVENT,Bybit,W4_APRIL,2024-04-15T17:21:00+00:00,64106.55,WIN,1,0,0,0,0,2.222,0.03,102,,
By-W4_APRIL-SELL-5393,SELL_PRESSURE_NO_ABSORPTION_EVENT,Bybit,W4_APRIL,2024-04-15T17:53:00+00:00,63824.05,WIN,1,0,0,0,0,2.413,0.255,73,,
By-W4_APRIL-SELL-5427,SELL_PRESSURE_NO_ABSORPTION_EVENT,Bybit,W4_APRIL,2024-04-15T18:27:00+00:00,63389.75,TIMEOUT,0,0,0,0,1,1.744,0.679,,,
By-W4_APRIL-SELL-5458,SELL_PRESSURE_NO_ABSORPTION_EVENT,Bybit,W4_APRIL,2024-04-15T18:58:00+00:00,63109.35,TIMEOUT,0,0,0,0,1,1.308,1.121,,,
By-W4_APRIL-SELL-5543,SELL_PRESSURE_NO_ABSORPTION_EVENT,Bybit,W4_APRIL,2024-04-15T20:23:00+00:00,62990.75,TIMEOUT,0,0,0,0,1,1.033,1.311,,,
By-W4_APRIL-SELL-5610,SELL_PRESSURE_NO_ABSORPTION_EVENT,Bybit,W4_APRIL,2024-04-15T21:30:00+00:00,62867.15,LOSS,0,0,0,1,0,0.253,1.51,,,
By-W4_APRIL-SELL-5653,SELL_PRESSURE_NO_ABSORPTION_EVENT,Bybit,W4_APRIL,2024-04-15T22:13:00+00:00,62942.05,TIMEOUT,0,0,0,0,1,1.989,1.389,,,
By-W4_APRIL-SELL-5725,SELL_PRESSURE_NO_ABSORPTION_EVENT,Bybit,W4_APRIL,2024-04-15T23:25:00+00:00,63254.05,WIN,1,0,0,0,0,2.473,0.889,320,,
By-W4_APRIL-SELL-5787,SELL_PRESSURE_NO_ABSORPTION_EVENT,Bybit,W4_APRIL,2024-04-16T00:27:00+00:00,63281.35,WIN,1,1,0,0,0,2.515,0.846,258,258,
By-W4_APRIL-SELL-5863,SELL_PRESSURE_NO_ABSORPTION_EVENT,Bybit,W4_APRIL,2024-04-16T01:43:00+00:00,63387.15,WIN,1,0,0,0,0,2.031,0.194,179,,
By-W4_APRIL-SELL-5902,SELL_PRESSURE_NO_ABSORPTION_EVENT,Bybit,W4_APRIL,2024-04-16T02:22:00+00:00,63004.45,WIN,1,0,0,0,0,2.086,0.803,143,,
By-W4_APRIL-SELL-5961,SELL_PRESSURE_NO_ABSORPTION_EVENT,Bybit,W4_APRIL,2024-04-16T03:21:00+00:00,63300.85,WIN,1,0,0,0,0,2.014,0.087,83,,
By-W4_APRIL-SELL-6010,SELL_PRESSURE_NO_ABSORPTION_EVENT,Bybit,W4_APRIL,2024-04-16T04:10:00+00:00,62688.55,LOSS,0,0,0,1,0,1.593,1.671,,,
By-W4_APRIL-SELL-6047,SELL_PRESSURE_NO_ABSORPTION_EVENT,Bybit,W4_APRIL,2024-04-16T04:47:00+00:00,62084.05,LOSS,0,0,0,1,0,0.0,1.527,,,
By-W4_APRIL-SELL-6120,SELL_PRESSURE_NO_ABSORPTION_EVENT,Bybit,W4_APRIL,2024-04-16T06:00:00+00:00,62642.25,LOSS,0,0,0,1,0,0.0,1.746,,,
By-W4_APRIL-SELL-6254,SELL_PRESSURE_NO_ABSORPTION_EVENT,Bybit,W4_APRIL,2024-04-16T08:14:00+00:00,63345.55,WIN,1,0,0,0,0,2.201,0.252,131,,
By-W4_APRIL-SELL-6285,SELL_PRESSURE_NO_ABSORPTION_EVENT,Bybit,W4_APRIL,2024-04-16T08:45:00+00:00,63049.45,WIN,1,0,0,0,0,2.133,0.723,102,,
By-W4_APRIL-SELL-6343,SELL_PRESSURE_NO_ABSORPTION_EVENT,Bybit,W4_APRIL,2024-04-16T09:43:00+00:00,63307.85,WIN,1,0,0,0,0,2.143,0.019,42,,
By-W4_APRIL-SELL-6379,SELL_PRESSURE_NO_ABSORPTION_EVENT,Bybit,W4_APRIL,2024-04-16T10:19:00+00:00,62598.75,TIMEOUT,0,0,0,0,1,1.64,1.218,,,
By-W4_APRIL-SELL-6439,SELL_PRESSURE_NO_ABSORPTION_EVENT,Bybit,W4_APRIL,2024-04-16T11:19:00+00:00,62442.15,TIMEOUT,0,0,0,0,1,1.205,1.472,,,
By-W4_APRIL-SELL-6489,SELL_PRESSURE_NO_ABSORPTION_EVENT,Bybit,W4_APRIL,2024-04-16T12:09:00+00:00,62874.85,TIMEOUT,0,0,0,0,1,1.885,0.774,,,
By-W4_APRIL-SELL-6527,SELL_PRESSURE_NO_ABSORPTION_EVENT,Bybit,W4_APRIL,2024-04-16T12:47:00+00:00,63007.75,WIN,1,0,0,0,0,2.018,0.419,185,,
By-W4_APRIL-SELL-6563,SELL_PRESSURE_NO_ABSORPTION_EVENT,Bybit,W4_APRIL,2024-04-16T13:23:00+00:00,62942.15,TIMEOUT,0,0,0,0,1,1.989,1.096,,,
By-W4_APRIL-SELL-6594,SELL_PRESSURE_NO_ABSORPTION_EVENT,Bybit,W4_APRIL,2024-04-16T13:54:00+00:00,62187.75,LOSS,0,0,0,1,0,0.8,1.694,,,
By-W4_APRIL-SELL-6630,SELL_PRESSURE_NO_ABSORPTION_EVENT,Bybit,W4_APRIL,2024-04-16T14:30:00+00:00,62407.15,LOSS,0,0,0,1,0,1.149,1.501,,,
By-W4_APRIL-SELL-6661,SELL_PRESSURE_NO_ABSORPTION_EVENT,Bybit,W4_APRIL,2024-04-16T15:01:00+00:00,61872.95,LOSS,0,0,0,1,0,0.296,1.728,,,
By-W4_APRIL-SELL-6692,SELL_PRESSURE_NO_ABSORPTION_EVENT,Bybit,W4_APRIL,2024-04-16T15:32:00+00:00,62015.05,LOSS,0,0,0,1,0,0.524,1.549,,,
By-W4_APRIL-SELL-6742,SELL_PRESSURE_NO_ABSORPTION_EVENT,Bybit,W4_APRIL,2024-04-16T16:22:00+00:00,61689.95,LOSS,0,0,0,1,0,0.0,1.669,,,
By-W4_APRIL-SELL-6810,SELL_PRESSURE_NO_ABSORPTION_EVENT,Bybit,W4_APRIL,2024-04-16T17:30:00+00:00,62692.85,LOSS,0,0,0,1,0,0.621,1.554,,,
By-W4_APRIL-SELL-6841,SELL_PRESSURE_NO_ABSORPTION_EVENT,Bybit,W4_APRIL,2024-04-16T18:01:00+00:00,62464.35,LOSS,0,0,0,1,0,0.0,1.626,,,
By-W4_APRIL-SELL-6914,SELL_PRESSURE_NO_ABSORPTION_EVENT,Bybit,W4_APRIL,2024-04-16T19:14:00+00:00,62854.15,LOSS,0,0,0,1,0,0.494,1.644,,,
By-W4_APRIL-SELL-6945,SELL_PRESSURE_NO_ABSORPTION_EVENT,Bybit,W4_APRIL,2024-04-16T19:45:00+00:00,62676.25,LOSS,0,0,0,1,0,0.211,1.525,,,
By-W4_APRIL-SELL-7086,SELL_PRESSURE_NO_ABSORPTION_EVENT,Bybit,W4_APRIL,2024-04-16T22:06:00+00:00,63850.05,TIMEOUT,0,0,0,0,1,0.427,0.872,,,
By-W4_APRIL-SELL-7185,SELL_PRESSURE_NO_ABSORPTION_EVENT,Bybit,W4_APRIL,2024-04-16T23:45:00+00:00,63675.45,TIMEOUT,0,0,0,0,1,0.593,1.149,,,
By-W4_APRIL-SELL-7219,SELL_PRESSURE_NO_ABSORPTION_EVENT,Bybit,W4_APRIL,2024-04-17T00:19:00+00:00,63630.45,TIMEOUT,0,0,0,0,1,0.603,1.22,,,
By-W4_APRIL-SELL-7266,SELL_PRESSURE_NO_ABSORPTION_EVENT,Bybit,W4_APRIL,2024-04-17T01:06:00+00:00,63936.25,TIMEOUT,0,0,0,0,1,1.153,0.736,,,
By-W4_APRIL-SELL-7298,SELL_PRESSURE_NO_ABSORPTION_EVENT,Bybit,W4_APRIL,2024-04-17T01:38:00+00:00,63796.15,TIMEOUT,0,0,0,0,1,0.936,0.957,,,
By-W4_APRIL-SELL-7336,SELL_PRESSURE_NO_ABSORPTION_EVENT,Bybit,W4_APRIL,2024-04-17T02:16:00+00:00,63963.35,TIMEOUT,0,0,0,0,1,1.814,0.693,,,
By-W4_APRIL-SELL-7423,SELL_PRESSURE_NO_ABSORPTION_EVENT,Bybit,W4_APRIL,2024-04-17T03:43:00+00:00,63895.85,TIMEOUT,0,0,0,0,1,1.74,0.8,,,
By-W4_APRIL-SELL-7458,SELL_PRESSURE_NO_ABSORPTION_EVENT,Bybit,W4_APRIL,2024-04-17T04:18:00+00:00,63644.05,TIMEOUT,0,0,0,0,1,1.705,1.199,,,
By-W4_APRIL-SELL-7535,SELL_PRESSURE_NO_ABSORPTION_EVENT,Bybit,W4_APRIL,2024-04-17T05:35:00+00:00,64193.25,WIN,1,0,0,0,0,2.166,0.029,276,,
By-W4_APRIL-SELL-7571,SELL_PRESSURE_NO_ABSORPTION_EVENT,Bybit,W4_APRIL,2024-04-17T06:11:00+00:00,63820.15,WIN,1,0,0,0,0,2.042,0.219,373,,
By-W4_APRIL-SELL-7618,SELL_PRESSURE_NO_ABSORPTION_EVENT,Bybit,W4_APRIL,2024-04-17T06:58:00+00:00,63855.85,WIN,1,0,0,0,0,2.005,0.08,298,,
By-W4_APRIL-SELL-7658,SELL_PRESSURE_NO_ABSORPTION_EVENT,Bybit,W4_APRIL,2024-04-17T07:38:00+00:00,63472.15,WIN,1,0,0,0,0,2.109,0.12,299,,
By-W4_APRIL-SELL-7696,SELL_PRESSURE_NO_ABSORPTION_EVENT,Bybit,W4_APRIL,2024-04-17T08:16:00+00:00,63380.65,WIN,1,0,0,0,0,2.106,0.251,266,,
By-W4_APRIL-SELL-7727,SELL_PRESSURE_NO_ABSORPTION_EVENT,Bybit,W4_APRIL,2024-04-17T08:47:00+00:00,63237.65,WIN,1,0,0,0,0,2.007,0.399,319,,
By-W4_APRIL-SELL-7779,SELL_PRESSURE_NO_ABSORPTION_EVENT,Bybit,W4_APRIL,2024-04-17T09:39:00+00:00,63410.55,WIN,1,0,0,0,0,2.014,0.053,178,,
By-W4_APRIL-SELL-7810,SELL_PRESSURE_NO_ABSORPTION_EVENT,Bybit,W4_APRIL,2024-04-17T10:10:00+00:00,62933.05,WIN,1,0,0,0,0,2.037,0.284,248,,
By-W4_APRIL-SELL-7853,SELL_PRESSURE_NO_ABSORPTION_EVENT,Bybit,W4_APRIL,2024-04-17T10:53:00+00:00,62819.95,WIN,1,0,0,0,0,2.133,0.465,206,,
By-W4_APRIL-SELL-7892,SELL_PRESSURE_NO_ABSORPTION_EVENT,Bybit,W4_APRIL,2024-04-17T11:32:00+00:00,62993.75,WIN,1,0,0,0,0,2.132,0.078,166,,
By-W4_APRIL-SELL-7923,SELL_PRESSURE_NO_ABSORPTION_EVENT,Bybit,W4_APRIL,2024-04-17T12:03:00+00:00,62699.05,WIN,1,0,0,0,0,2.045,0.27,138,,
By-W4_APRIL-SELL-7954,SELL_PRESSURE_NO_ABSORPTION_EVENT,Bybit,W4_APRIL,2024-04-17T12:34:00+00:00,62375.45,WIN,1,0,0,0,0,2.038,0.79,109,,
By-W4_APRIL-SELL-7993,SELL_PRESSURE_NO_ABSORPTION_EVENT,Bybit,W4_APRIL,2024-04-17T13:13:00+00:00,62161.25,WIN,1,0,0,0,0,2.043,1.137,81,,
By-W4_APRIL-SELL-8035,SELL_PRESSURE_NO_ABSORPTION_EVENT,Bybit,W4_APRIL,2024-04-17T13:55:00+00:00,62643.85,WIN,1,0,0,0,0,2.04,0.008,27,,
By-W4_APRIL-SELL-8074,SELL_PRESSURE_NO_ABSORPTION_EVENT,Bybit,W4_APRIL,2024-04-17T14:34:00+00:00,60891.05,LOSS,0,0,0,1,0,0.0,1.67,,,
By-W4_APRIL-SELL-8105,SELL_PRESSURE_NO_ABSORPTION_EVENT,Bybit,W4_APRIL,2024-04-17T15:05:00+00:00,60955.75,LOSS,0,0,0,1,0,1.866,1.536,,,
By-W4_APRIL-SELL-8136,SELL_PRESSURE_NO_ABSORPTION_EVENT,Bybit,W4_APRIL,2024-04-17T15:36:00+00:00,60460.65,LOSS,0,0,0,1,0,1.062,1.502,,,
By-W4_APRIL-SELL-8168,SELL_PRESSURE_NO_ABSORPTION_EVENT,Bybit,W4_APRIL,2024-04-17T16:08:00+00:00,60181.55,LOSS,0,0,0,1,0,0.355,1.613,,,
By-W4_APRIL-SELL-8199,SELL_PRESSURE_NO_ABSORPTION_EVENT,Bybit,W4_APRIL,2024-04-17T16:39:00+00:00,60285.95,LOSS,0,0,0,1,0,0.527,1.589,,,
By-W4_APRIL-SELL-8315,SELL_PRESSURE_NO_ABSORPTION_EVENT,Bybit,W4_APRIL,2024-04-17T18:35:00+00:00,61505.35,TIMEOUT,0,0,0,0,1,1.222,0.479,,,
By-W4_APRIL-SELL-8358,SELL_PRESSURE_NO_ABSORPTION_EVENT,Bybit,W4_APRIL,2024-04-17T19:18:00+00:00,61178.05,TIMEOUT,0,0,0,0,1,0.693,0.894,,,
By-W4_APRIL-SELL-8445,SELL_PRESSURE_NO_ABSORPTION_EVENT,Bybit,W4_APRIL,2024-04-17T20:45:00+00:00,61182.95,TIMEOUT,0,0,0,0,1,0.665,0.886,,,
By-W4_APRIL-SELL-8494,SELL_PRESSURE_NO_ABSORPTION_EVENT,Bybit,W4_APRIL,2024-04-17T21:34:00+00:00,61282.55,TIMEOUT,0,0,0,0,1,0.478,0.722,,,
By-W4_APRIL-SELL-8532,SELL_PRESSURE_NO_ABSORPTION_EVENT,Bybit,W4_APRIL,2024-04-17T22:12:00+00:00,61186.15,TIMEOUT,0,0,0,0,1,0.0,0.881,,,
By-W4_APRIL-SELL-8594,SELL_PRESSURE_NO_ABSORPTION_EVENT,Bybit,W4_APRIL,2024-04-17T23:14:00+00:00,61550.45,TIMEOUT,0,0,0,0,1,0.579,0.0,,,
By-W4_APRIL-ACTI-227,ACTIVE_MARKDOWN_EVENT,Bybit,W4_APRIL,2024-04-12T03:47:00+00:00,70862.85,TIMEOUT,0,0,0,0,1,0.391,0.563,,,
By-W4_APRIL-ACTI-307,ACTIVE_MARKDOWN_EVENT,Bybit,W4_APRIL,2024-04-12T05:07:00+00:00,71104.95,TIMEOUT,0,0,0,0,1,1.086,0.0,,,
By-W4_APRIL-ACTI-341,ACTIVE_MARKDOWN_EVENT,Bybit,W4_APRIL,2024-04-12T05:41:00+00:00,70958.75,TIMEOUT,0,0,0,0,1,1.441,0.121,,,
By-W4_APRIL-ACTI-374,ACTIVE_MARKDOWN_EVENT,Bybit,W4_APRIL,2024-04-12T06:14:00+00:00,70864.15,TIMEOUT,0,0,0,0,1,1.688,0.186,,,
By-W4_APRIL-ACTI-683,ACTIVE_MARKDOWN_EVENT,Bybit,W4_APRIL,2024-04-12T11:23:00+00:00,70816.55,WIN,1,0,0,0,0,2.045,0.214,207,,
By-W4_APRIL-ACTI-794,ACTIVE_MARKDOWN_EVENT,Bybit,W4_APRIL,2024-04-12T13:14:00+00:00,70323.95,WIN,1,0,0,0,0,2.015,0.0,185,,
By-W4_APRIL-ACTI-985,ACTIVE_MARKDOWN_EVENT,Bybit,W4_APRIL,2024-04-12T16:25:00+00:00,69048.05,WIN,1,0,0,0,0,2.122,0.105,70,,
By-W4_APRIL-ACTI-1049,ACTIVE_MARKDOWN_EVENT,Bybit,W4_APRIL,2024-04-12T17:29:00+00:00,67909.85,WIN,1,0,0,0,0,2.111,0.781,65,,
By-W4_APRIL-ACTI-1080,ACTIVE_MARKDOWN_EVENT,Bybit,W4_APRIL,2024-04-12T18:00:00+00:00,68052.35,WIN,1,0,0,0,0,2.19,0.477,33,,
By-W4_APRIL-ACTI-1116,ACTIVE_MARKDOWN_EVENT,Bybit,W4_APRIL,2024-04-12T18:36:00+00:00,65917.9,LOSS,0,0,0,1,0,0.003,1.884,,,
By-W4_APRIL-ACTI-1187,ACTIVE_MARKDOWN_EVENT,Bybit,W4_APRIL,2024-04-12T19:47:00+00:00,66885.05,TIMEOUT,0,0,0,0,1,1.634,0.785,,,
By-W4_APRIL-ACTI-1239,ACTIVE_MARKDOWN_EVENT,Bybit,W4_APRIL,2024-04-12T20:39:00+00:00,67213.25,WIN,1,0,0,0,0,2.019,0.293,318,,
By-W4_APRIL-ACTI-1271,ACTIVE_MARKDOWN_EVENT,Bybit,W4_APRIL,2024-04-12T21:11:00+00:00,66852.25,LOSS,0,0,0,1,0,1.586,1.567,,,
By-W4_APRIL-ACTI-1302,ACTIVE_MARKDOWN_EVENT,Bybit,W4_APRIL,2024-04-12T21:42:00+00:00,66730.05,LOSS,0,0,0,1,0,1.406,1.597,,,
By-W4_APRIL-ACTI-1352,ACTIVE_MARKDOWN_EVENT,Bybit,W4_APRIL,2024-04-12T22:32:00+00:00,67026.45,TIMEOUT,0,0,0,0,1,1.842,1.343,,,
By-W4_APRIL-ACTI-1387,ACTIVE_MARKDOWN_EVENT,Bybit,W4_APRIL,2024-04-12T23:07:00+00:00,66856.75,LOSS,0,0,0,1,0,1.593,1.561,,,
By-W4_APRIL-ACTI-1447,ACTIVE_MARKDOWN_EVENT,Bybit,W4_APRIL,2024-04-13T00:07:00+00:00,67099.95,TIMEOUT,0,0,0,0,1,1.949,1.232,,,
By-W4_APRIL-ACTI-1534,ACTIVE_MARKDOWN_EVENT,Bybit,W4_APRIL,2024-04-13T01:34:00+00:00,66317.55,LOSS,0,0,0,1,0,0.793,1.509,,,
By-W4_APRIL-ACTI-1738,ACTIVE_MARKDOWN_EVENT,Bybit,W4_APRIL,2024-04-13T04:58:00+00:00,67564.45,TIMEOUT,0,0,0,0,1,0.717,0.454,,,
By-W4_APRIL-ACTI-1770,ACTIVE_MARKDOWN_EVENT,Bybit,W4_APRIL,2024-04-13T05:30:00+00:00,67550.05,TIMEOUT,0,0,0,0,1,0.696,0.326,,,
By-W4_APRIL-ACTI-1819,ACTIVE_MARKDOWN_EVENT,Bybit,W4_APRIL,2024-04-13T06:19:00+00:00,67263.95,TIMEOUT,0,0,0,0,1,0.273,0.752,,,
By-W4_APRIL-ACTI-1876,ACTIVE_MARKDOWN_EVENT,Bybit,W4_APRIL,2024-04-13T07:16:00+00:00,67222.05,TIMEOUT,0,0,0,0,1,0.211,0.815,,,
By-W4_APRIL-ACTI-1911,ACTIVE_MARKDOWN_EVENT,Bybit,W4_APRIL,2024-04-13T07:51:00+00:00,67399.95,TIMEOUT,0,0,0,0,1,0.475,0.721,,,
By-W4_APRIL-ACTI-2044,ACTIVE_MARKDOWN_EVENT,Bybit,W4_APRIL,2024-04-13T10:04:00+00:00,67337.95,TIMEOUT,0,0,0,0,1,1.07,0.813,,,
By-W4_APRIL-ACTI-2125,ACTIVE_MARKDOWN_EVENT,Bybit,W4_APRIL,2024-04-13T11:25:00+00:00,67542.15,TIMEOUT,0,0,0,0,1,1.543,0.509,,,
By-W4_APRIL-ACTI-2156,ACTIVE_MARKDOWN_EVENT,Bybit,W4_APRIL,2024-04-13T11:56:00+00:00,67346.15,WIN,1,0,0,0,0,2.039,0.801,473,,
By-W4_APRIL-ACTI-2252,ACTIVE_MARKDOWN_EVENT,Bybit,W4_APRIL,2024-04-13T13:32:00+00:00,67617.75,WIN,1,0,0,0,0,2.432,0.396,377,,
By-W4_APRIL-ACTI-2315,ACTIVE_MARKDOWN_EVENT,Bybit,W4_APRIL,2024-04-13T14:35:00+00:00,67499.95,WIN,1,0,0,0,0,2.262,0.571,314,,
By-W4_APRIL-ACTI-2389,ACTIVE_MARKDOWN_EVENT,Bybit,W4_APRIL,2024-04-13T15:49:00+00:00,67687.15,WIN,1,1,0,0,0,2.532,0.051,240,240,
By-W4_APRIL-ACTI-2421,ACTIVE_MARKDOWN_EVENT,Bybit,W4_APRIL,2024-04-13T16:21:00+00:00,67443.85,WIN,1,0,0,0,0,2.18,0.179,208,,
By-W4_APRIL-ACTI-2556,ACTIVE_MARKDOWN_EVENT,Bybit,W4_APRIL,2024-04-13T18:36:00+00:00,66794.05,WIN,1,0,0,0,0,2.421,0.659,77,,
By-W4_APRIL-ACTI-2595,ACTIVE_MARKDOWN_EVENT,Bybit,W4_APRIL,2024-04-13T19:15:00+00:00,66969.45,WIN,1,1,0,0,0,2.677,0.352,38,38,
By-W4_APRIL-ACTI-2635,ACTIVE_MARKDOWN_EVENT,Bybit,W4_APRIL,2024-04-13T19:55:00+00:00,64915.95,WIN,1,0,0,0,0,2.312,0.0,11,,
By-W4_APRIL-ACTI-2666,ACTIVE_MARKDOWN_EVENT,Bybit,W4_APRIL,2024-04-13T20:26:00+00:00,61909.95,LOSS,0,0,0,1,0,0.862,1.619,,,
By-W4_APRIL-ACTI-2697,ACTIVE_MARKDOWN_EVENT,Bybit,W4_APRIL,2024-04-13T20:57:00+00:00,61819.85,LOSS,0,0,0,1,0,0.115,1.566,,,
By-W4_APRIL-ACTI-2844,ACTIVE_MARKDOWN_EVENT,Bybit,W4_APRIL,2024-04-13T23:24:00+00:00,64885.95,WIN,1,0,0,0,0,2.211,0.006,56,,
By-W4_APRIL-ACTI-2877,ACTIVE_MARKDOWN_EVENT,Bybit,W4_APRIL,2024-04-13T23:57:00+00:00,63886.75,WIN,1,0,0,0,0,2.053,0.58,188,,
By-W4_APRIL-ACTI-2908,ACTIVE_MARKDOWN_EVENT,Bybit,W4_APRIL,2024-04-14T00:28:00+00:00,63609.65,WIN,1,0,0,0,0,2.129,0.883,162,,
By-W4_APRIL-ACTI-2939,ACTIVE_MARKDOWN_EVENT,Bybit,W4_APRIL,2024-04-14T00:59:00+00:00,63646.65,WIN,1,0,0,0,0,2.186,0.595,131,,
By-W4_APRIL-ACTI-2987,ACTIVE_MARKDOWN_EVENT,Bybit,W4_APRIL,2024-04-14T01:47:00+00:00,63770.35,WIN,1,0,0,0,0,2.105,0.273,80,,
By-W4_APRIL-ACTI-3018,ACTIVE_MARKDOWN_EVENT,Bybit,W4_APRIL,2024-04-14T02:18:00+00:00,63374.35,LOSS,0,0,0,1,0,1.941,1.557,,,
By-W4_APRIL-ACTI-3049,ACTIVE_MARKDOWN_EVENT,Bybit,W4_APRIL,2024-04-14T02:49:00+00:00,63192.55,LOSS,0,0,0,1,0,1.659,1.529,,,
By-W4_APRIL-ACTI-3116,ACTIVE_MARKDOWN_EVENT,Bybit,W4_APRIL,2024-04-14T03:56:00+00:00,63266.85,LOSS,0,0,0,1,0,0.0,1.654,,,
By-W4_APRIL-ACTI-3208,ACTIVE_MARKDOWN_EVENT,Bybit,W4_APRIL,2024-04-14T05:28:00+00:00,64202.55,TIMEOUT,0,0,0,0,1,0.535,1.022,,,
By-W4_APRIL-ACTI-3243,ACTIVE_MARKDOWN_EVENT,Bybit,W4_APRIL,2024-04-14T06:03:00+00:00,64185.05,TIMEOUT,0,0,0,0,1,0.508,1.05,,,
By-W4_APRIL-ACTI-3293,ACTIVE_MARKDOWN_EVENT,Bybit,W4_APRIL,2024-04-14T06:53:00+00:00,64642.05,TIMEOUT,0,0,0,0,1,1.817,0.287,,,
By-W4_APRIL-ACTI-3324,ACTIVE_MARKDOWN_EVENT,Bybit,W4_APRIL,2024-04-14T07:24:00+00:00,64600.05,TIMEOUT,0,0,0,0,1,1.753,0.352,,,
By-W4_APRIL-ACTI-3359,ACTIVE_MARKDOWN_EVENT,Bybit,W4_APRIL,2024-04-14T07:59:00+00:00,64439.95,TIMEOUT,0,0,0,0,1,1.509,0.602,,,
By-W4_APRIL-ACTI-3405,ACTIVE_MARKDOWN_EVENT,Bybit,W4_APRIL,2024-04-14T08:45:00+00:00,64533.65,TIMEOUT,0,0,0,0,1,1.652,0.444,,,
By-W4_APRIL-ACTI-3440,ACTIVE_MARKDOWN_EVENT,Bybit,W4_APRIL,2024-04-14T09:20:00+00:00,64373.15,TIMEOUT,0,0,0,0,1,1.492,0.694,,,
By-W4_APRIL-ACTI-3506,ACTIVE_MARKDOWN_EVENT,Bybit,W4_APRIL,2024-04-14T10:26:00+00:00,64175.15,WIN,1,0,0,0,0,2.093,1.005,416,,
By-W4_APRIL-ACTI-3544,ACTIVE_MARKDOWN_EVENT,Bybit,W4_APRIL,2024-04-14T11:04:00+00:00,64306.45,WIN,1,0,0,0,0,2.292,0.799,378,,
By-W4_APRIL-ACTI-3683,ACTIVE_MARKDOWN_EVENT,Bybit,W4_APRIL,2024-04-14T13:23:00+00:00,64558.15,WIN,1,0,0,0,0,2.285,0.16,238,,
By-W4_APRIL-ACTI-3719,ACTIVE_MARKDOWN_EVENT,Bybit,W4_APRIL,2024-04-14T13:59:00+00:00,64354.35,WIN,1,0,0,0,0,2.365,0.477,203,,
By-W4_APRIL-ACTI-3763,ACTIVE_MARKDOWN_EVENT,Bybit,W4_APRIL,2024-04-14T14:43:00+00:00,63695.05,LOSS,0,0,0,1,0,0.039,1.517,,,
By-W4_APRIL-ACTI-3833,ACTIVE_MARKDOWN_EVENT,Bybit,W4_APRIL,2024-04-14T15:53:00+00:00,64067.65,WIN,1,0,0,0,0,2.112,0.927,91,,
By-W4_APRIL-ACTI-3882,ACTIVE_MARKDOWN_EVENT,Bybit,W4_APRIL,2024-04-14T16:42:00+00:00,64392.85,WIN,1,0,0,0,0,2.035,0.212,39,,
By-W4_APRIL-ACTI-3914,ACTIVE_MARKDOWN_EVENT,Bybit,W4_APRIL,2024-04-14T17:14:00+00:00,63713.25,LOSS,0,0,0,1,0,1.646,2.09,,,
By-W4_APRIL-ACTI-3962,ACTIVE_MARKDOWN_EVENT,Bybit,W4_APRIL,2024-04-14T18:02:00+00:00,63814.45,LOSS,0,0,0,1,0,0.782,1.928,,,
By-W4_APRIL-ACTI-4010,ACTIVE_MARKDOWN_EVENT,Bybit,W4_APRIL,2024-04-14T18:50:00+00:00,64375.45,LOSS,0,0,0,1,0,1.647,1.635,,,
By-W4_APRIL-ACTI-4045,ACTIVE_MARKDOWN_EVENT,Bybit,W4_APRIL,2024-04-14T19:25:00+00:00,63932.55,LOSS,0,0,0,1,0,0.965,1.74,,,
By-W4_APRIL-ACTI-4092,ACTIVE_MARKDOWN_EVENT,Bybit,W4_APRIL,2024-04-14T20:12:00+00:00,64003.15,LOSS,0,0,0,1,0,1.074,1.628,,,
By-W4_APRIL-ACTI-4126,ACTIVE_MARKDOWN_EVENT,Bybit,W4_APRIL,2024-04-14T20:46:00+00:00,63892.05,LOSS,0,0,0,1,0,0.902,1.804,,,
By-W4_APRIL-ACTI-4159,ACTIVE_MARKDOWN_EVENT,Bybit,W4_APRIL,2024-04-14T21:19:00+00:00,63534.65,LOSS,0,0,0,1,0,0.345,2.377,,,
By-W4_APRIL-ACTI-4221,ACTIVE_MARKDOWN_EVENT,Bybit,W4_APRIL,2024-04-14T22:21:00+00:00,64752.05,LOSS,0,0,0,1,0,0.0,1.651,,,
By-W4_APRIL-ACTI-4252,ACTIVE_MARKDOWN_EVENT,Bybit,W4_APRIL,2024-04-14T22:52:00+00:00,65170.25,LOSS,0,0,0,1,0,0.717,1.669,,,
By-W4_APRIL-ACTI-4296,ACTIVE_MARKDOWN_EVENT,Bybit,W4_APRIL,2024-04-14T23:36:00+00:00,65455.95,LOSS,0,0,0,1,0,1.151,1.559,,,
By-W4_APRIL-ACTI-4327,ACTIVE_MARKDOWN_EVENT,Bybit,W4_APRIL,2024-04-15T00:07:00+00:00,65400.75,LOSS,0,0,0,1,0,1.067,1.574,,,
By-W4_APRIL-ACTI-4375,ACTIVE_MARKDOWN_EVENT,Bybit,W4_APRIL,2024-04-15T00:55:00+00:00,65368.05,LOSS,0,0,0,1,0,1.018,1.54,,,
By-W4_APRIL-ACTI-4425,ACTIVE_MARKDOWN_EVENT,Bybit,W4_APRIL,2024-04-15T01:45:00+00:00,65289.45,LOSS,0,0,0,1,0,0.899,1.554,,,
By-W4_APRIL-ACTI-4461,ACTIVE_MARKDOWN_EVENT,Bybit,W4_APRIL,2024-04-15T02:21:00+00:00,65124.05,LOSS,0,0,0,1,0,0.647,1.741,,,
By-W4_APRIL-ACTI-4726,ACTIVE_MARKDOWN_EVENT,Bybit,W4_APRIL,2024-04-15T06:46:00+00:00,66065.85,WIN,1,0,0,0,0,2.006,1.002,477,,
By-W4_APRIL-ACTI-4757,ACTIVE_MARKDOWN_EVENT,Bybit,W4_APRIL,2024-04-15T07:17:00+00:00,66203.05,WIN,1,0,0,0,0,2.106,0.793,445,,
By-W4_APRIL-ACTI-4789,ACTIVE_MARKDOWN_EVENT,Bybit,W4_APRIL,2024-04-15T07:49:00+00:00,66270.55,WIN,1,0,0,0,0,2.001,0.69,412,,
By-W4_APRIL-ACTI-4821,ACTIVE_MARKDOWN_EVENT,Bybit,W4_APRIL,2024-04-15T08:21:00+00:00,66120.35,WIN,1,0,0,0,0,2.087,0.919,382,,
By-W4_APRIL-ACTI-4918,ACTIVE_MARKDOWN_EVENT,Bybit,W4_APRIL,2024-04-15T09:58:00+00:00,66591.85,WIN,1,0,0,0,0,2.127,0.042,256,,
By-W4_APRIL-ACTI-4987,ACTIVE_MARKDOWN_EVENT,Bybit,W4_APRIL,2024-04-15T11:07:00+00:00,66320.65,WIN,1,0,0,0,0,2.063,0.035,212,,
By-W4_APRIL-ACTI-5175,ACTIVE_MARKDOWN_EVENT,Bybit,W4_APRIL,2024-04-15T14:15:00+00:00,65380.05,WIN,1,0,0,0,0,2.1,0.183,45,,
By-W4_APRIL-ACTI-5212,ACTIVE_MARKDOWN_EVENT,Bybit,W4_APRIL,2024-04-15T14:52:00+00:00,64611.45,WIN,1,0,0,0,0,2.278,0.248,205,,
By-W4_APRIL-ACTI-5254,ACTIVE_MARKDOWN_EVENT,Bybit,W4_APRIL,2024-04-15T15:34:00+00:00,64541.55,WIN,1,0,0,0,0,2.172,0.357,163,,
By-W4_APRIL-ACTI-5298,ACTIVE_MARKDOWN_EVENT,Bybit,W4_APRIL,2024-04-15T16:18:00+00:00,64192.05,WIN,1,0,0,0,0,2.092,0.78,163,,
By-W4_APRIL-ACTI-5330,ACTIVE_MARKDOWN_EVENT,Bybit,W4_APRIL,2024-04-15T16:50:00+00:00,64137.95,WIN,1,0,0,0,0,2.009,0.865,131,,
By-W4_APRIL-ACTI-5361,ACTIVE_MARKDOWN_EVENT,Bybit,W4_APRIL,2024-04-15T17:21:00+00:00,64106.55,WIN,1,0,0,0,0,2.222,0.03,102,,
By-W4_APRIL-ACTI-5392,ACTIVE_MARKDOWN_EVENT,Bybit,W4_APRIL,2024-04-15T17:52:00+00:00,63770.05,WIN,1,0,0,0,0,2.33,0.34,74,,
By-W4_APRIL-ACTI-5423,ACTIVE_MARKDOWN_EVENT,Bybit,W4_APRIL,2024-04-15T18:23:00+00:00,63347.05,TIMEOUT,0,0,0,0,1,1.678,0.747,,,
By-W4_APRIL-ACTI-5467,ACTIVE_MARKDOWN_EVENT,Bybit,W4_APRIL,2024-04-15T19:07:00+00:00,62546.05,LOSS,0,0,0,1,0,0.0,1.588,,,
By-W4_APRIL-ACTI-5542,ACTIVE_MARKDOWN_EVENT,Bybit,W4_APRIL,2024-04-15T20:22:00+00:00,63174.05,TIMEOUT,0,0,0,0,1,1.32,1.017,,,
By-W4_APRIL-ACTI-5579,ACTIVE_MARKDOWN_EVENT,Bybit,W4_APRIL,2024-04-15T20:59:00+00:00,63095.85,WIN,1,0,0,0,0,2.228,1.142,466,,
By-W4_APRIL-ACTI-5610,ACTIVE_MARKDOWN_EVENT,Bybit,W4_APRIL,2024-04-15T21:30:00+00:00,62867.15,LOSS,0,0,0,1,0,0.253,1.51,,,
By-W4_APRIL-ACTI-5661,ACTIVE_MARKDOWN_EVENT,Bybit,W4_APRIL,2024-04-15T22:21:00+00:00,62736.95,LOSS,0,0,0,1,0,0.0,1.637,,,
By-W4_APRIL-ACTI-5697,ACTIVE_MARKDOWN_EVENT,Bybit,W4_APRIL,2024-04-15T22:57:00+00:00,63400.05,WIN,1,0,0,0,0,2.05,0.657,345,,
By-W4_APRIL-ACTI-5728,ACTIVE_MARKDOWN_EVENT,Bybit,W4_APRIL,2024-04-15T23:28:00+00:00,63209.75,WIN,1,0,0,0,0,2.404,0.96,317,,
By-W4_APRIL-ACTI-5787,ACTIVE_MARKDOWN_EVENT,Bybit,W4_APRIL,2024-04-16T00:27:00+00:00,63281.35,WIN,1,1,0,0,0,2.515,0.846,258,258,
By-W4_APRIL-ACTI-5863,ACTIVE_MARKDOWN_EVENT,Bybit,W4_APRIL,2024-04-16T01:43:00+00:00,63387.15,WIN,1,0,0,0,0,2.031,0.194,179,,
By-W4_APRIL-ACTI-5913,ACTIVE_MARKDOWN_EVENT,Bybit,W4_APRIL,2024-04-16T02:33:00+00:00,62943.25,WIN,1,0,0,0,0,2.178,1.26,477,,
By-W4_APRIL-ACTI-5957,ACTIVE_MARKDOWN_EVENT,Bybit,W4_APRIL,2024-04-16T03:17:00+00:00,63254.05,WIN,1,0,0,0,0,2.473,0.161,88,,
By-W4_APRIL-ACTI-5988,ACTIVE_MARKDOWN_EVENT,Bybit,W4_APRIL,2024-04-16T03:48:00+00:00,62962.65,WIN,1,0,0,0,0,2.021,0.141,57,,
By-W4_APRIL-ACTI-6019,ACTIVE_MARKDOWN_EVENT,Bybit,W4_APRIL,2024-04-16T04:19:00+00:00,62552.15,LOSS,0,0,0,1,0,1.378,1.554,,,
By-W4_APRIL-ACTI-6050,ACTIVE_MARKDOWN_EVENT,Bybit,W4_APRIL,2024-04-16T04:50:00+00:00,62320.95,LOSS,0,0,0,1,0,0.111,1.578,,,
By-W4_APRIL-ACTI-6120,ACTIVE_MARKDOWN_EVENT,Bybit,W4_APRIL,2024-04-16T06:00:00+00:00,62642.25,LOSS,0,0,0,1,0,0.0,1.746,,,
By-W4_APRIL-ACTI-6229,ACTIVE_MARKDOWN_EVENT,Bybit,W4_APRIL,2024-04-16T07:49:00+00:00,63383.95,WIN,1,0,0,0,0,2.261,0.262,156,,
By-W4_APRIL-ACTI-6260,ACTIVE_MARKDOWN_EVENT,Bybit,W4_APRIL,2024-04-16T08:20:00+00:00,63299.95,WIN,1,0,0,0,0,2.131,0.324,125,,
By-W4_APRIL-ACTI-6292,ACTIVE_MARKDOWN_EVENT,Bybit,W4_APRIL,2024-04-16T08:52:00+00:00,63240.55,WIN,1,0,0,0,0,2.039,0.418,93,,
By-W4_APRIL-ACTI-6343,ACTIVE_MARKDOWN_EVENT,Bybit,W4_APRIL,2024-04-16T09:43:00+00:00,63307.85,WIN,1,0,0,0,0,2.143,0.019,42,,
By-W4_APRIL-ACTI-6375,ACTIVE_MARKDOWN_EVENT,Bybit,W4_APRIL,2024-04-16T10:15:00+00:00,63097.95,WIN,1,0,0,0,0,2.208,0.003,12,,
By-W4_APRIL-ACTI-6439,ACTIVE_MARKDOWN_EVENT,Bybit,W4_APRIL,2024-04-16T11:19:00+00:00,62442.15,TIMEOUT,0,0,0,0,1,1.205,1.472,,,
By-W4_APRIL-ACTI-6489,ACTIVE_MARKDOWN_EVENT,Bybit,W4_APRIL,2024-04-16T12:09:00+00:00,62874.85,TIMEOUT,0,0,0,0,1,1.885,0.774,,,
By-W4_APRIL-ACTI-6527,ACTIVE_MARKDOWN_EVENT,Bybit,W4_APRIL,2024-04-16T12:47:00+00:00,63007.75,WIN,1,0,0,0,0,2.018,0.419,185,,
By-W4_APRIL-ACTI-6563,ACTIVE_MARKDOWN_EVENT,Bybit,W4_APRIL,2024-04-16T13:23:00+00:00,62942.15,TIMEOUT,0,0,0,0,1,1.989,1.096,,,
By-W4_APRIL-ACTI-6594,ACTIVE_MARKDOWN_EVENT,Bybit,W4_APRIL,2024-04-16T13:54:00+00:00,62187.75,LOSS,0,0,0,1,0,0.8,1.694,,,
By-W4_APRIL-ACTI-6628,ACTIVE_MARKDOWN_EVENT,Bybit,W4_APRIL,2024-04-16T14:28:00+00:00,62475.05,LOSS,0,0,0,1,0,1.257,1.609,,,
By-W4_APRIL-ACTI-6663,ACTIVE_MARKDOWN_EVENT,Bybit,W4_APRIL,2024-04-16T15:03:00+00:00,62209.45,LOSS,0,0,0,1,0,0.835,1.658,,,
By-W4_APRIL-ACTI-6695,ACTIVE_MARKDOWN_EVENT,Bybit,W4_APRIL,2024-04-16T15:35:00+00:00,62128.05,LOSS,0,0,0,1,0,0.705,1.558,,,
By-W4_APRIL-ACTI-6750,ACTIVE_MARKDOWN_EVENT,Bybit,W4_APRIL,2024-04-16T16:30:00+00:00,61904.85,LOSS,0,0,0,1,0,0.254,1.675,,,
By-W4_APRIL-ACTI-6810,ACTIVE_MARKDOWN_EVENT,Bybit,W4_APRIL,2024-04-16T17:30:00+00:00,62692.85,LOSS,0,0,0,1,0,0.621,1.554,,,
By-W4_APRIL-ACTI-6841,ACTIVE_MARKDOWN_EVENT,Bybit,W4_APRIL,2024-04-16T18:01:00+00:00,62464.35,LOSS,0,0,0,1,0,0.0,1.626,,,
By-W4_APRIL-ACTI-6914,ACTIVE_MARKDOWN_EVENT,Bybit,W4_APRIL,2024-04-16T19:14:00+00:00,62854.15,LOSS,0,0,0,1,0,0.494,1.644,,,
By-W4_APRIL-ACTI-6945,ACTIVE_MARKDOWN_EVENT,Bybit,W4_APRIL,2024-04-16T19:45:00+00:00,62676.25,LOSS,0,0,0,1,0,0.211,1.525,,,
By-W4_APRIL-ACTI-7085,ACTIVE_MARKDOWN_EVENT,Bybit,W4_APRIL,2024-04-16T22:05:00+00:00,63910.55,TIMEOUT,0,0,0,0,1,0.521,0.777,,,
By-W4_APRIL-ACTI-7176,ACTIVE_MARKDOWN_EVENT,Bybit,W4_APRIL,2024-04-16T23:36:00+00:00,63718.05,TIMEOUT,0,0,0,0,1,0.659,1.081,,,
By-W4_APRIL-ACTI-7214,ACTIVE_MARKDOWN_EVENT,Bybit,W4_APRIL,2024-04-17T00:14:00+00:00,63668.55,TIMEOUT,0,0,0,0,1,0.663,1.16,,,
By-W4_APRIL-ACTI-7266,ACTIVE_MARKDOWN_EVENT,Bybit,W4_APRIL,2024-04-17T01:06:00+00:00,63936.25,TIMEOUT,0,0,0,0,1,1.153,0.736,,,
By-W4_APRIL-ACTI-7300,ACTIVE_MARKDOWN_EVENT,Bybit,W4_APRIL,2024-04-17T01:40:00+00:00,63786.25,TIMEOUT,0,0,0,0,1,0.921,0.973,,,
By-W4_APRIL-ACTI-7336,ACTIVE_MARKDOWN_EVENT,Bybit,W4_APRIL,2024-04-17T02:16:00+00:00,63963.35,TIMEOUT,0,0,0,0,1,1.814,0.693,,,
By-W4_APRIL-ACTI-7424,ACTIVE_MARKDOWN_EVENT,Bybit,W4_APRIL,2024-04-17T03:44:00+00:00,63890.05,TIMEOUT,0,0,0,0,1,1.731,0.809,,,
By-W4_APRIL-ACTI-7544,ACTIVE_MARKDOWN_EVENT,Bybit,W4_APRIL,2024-04-17T05:44:00+00:00,64042.15,WIN,1,0,0,0,0,2.044,0.0,369,,
By-W4_APRIL-ACTI-7616,ACTIVE_MARKDOWN_EVENT,Bybit,W4_APRIL,2024-04-17T06:56:00+00:00,63850.65,WIN,1,0,0,0,0,2.002,0.088,301,,
By-W4_APRIL-ACTI-7668,ACTIVE_MARKDOWN_EVENT,Bybit,W4_APRIL,2024-04-17T07:48:00+00:00,63491.55,WIN,1,0,0,0,0,2.014,0.076,288,,
By-W4_APRIL-ACTI-7892,ACTIVE_MARKDOWN_EVENT,Bybit,W4_APRIL,2024-04-17T11:32:00+00:00,62993.75,WIN,1,0,0,0,0,2.132,0.078,166,,
By-W4_APRIL-ACTI-7968,ACTIVE_MARKDOWN_EVENT,Bybit,W4_APRIL,2024-04-17T12:48:00+00:00,62324.05,WIN,1,0,0,0,0,2.299,0.873,106,,
By-W4_APRIL-ACTI-8035,ACTIVE_MARKDOWN_EVENT,Bybit,W4_APRIL,2024-04-17T13:55:00+00:00,62643.85,WIN,1,0,0,0,0,2.04,0.008,27,,
By-W4_APRIL-ACTI-8066,ACTIVE_MARKDOWN_EVENT,Bybit,W4_APRIL,2024-04-17T14:26:00+00:00,61491.25,WIN,1,0,0,0,0,2.056,0.678,66,,
By-W4_APRIL-ACTI-8097,ACTIVE_MARKDOWN_EVENT,Bybit,W4_APRIL,2024-04-17T14:57:00+00:00,61208.45,WIN,1,0,0,0,0,2.271,0.28,68,,
By-W4_APRIL-ACTI-8135,ACTIVE_MARKDOWN_EVENT,Bybit,W4_APRIL,2024-04-17T15:35:00+00:00,60300.15,LOSS,0,0,0,1,0,0.799,1.565,,,
By-W4_APRIL-ACTI-8167,ACTIVE_MARKDOWN_EVENT,Bybit,W4_APRIL,2024-04-17T16:07:00+00:00,60166.85,LOSS,0,0,0,1,0,0.33,1.638,,,
By-W4_APRIL-ACTI-8199,ACTIVE_MARKDOWN_EVENT,Bybit,W4_APRIL,2024-04-17T16:39:00+00:00,60285.95,LOSS,0,0,0,1,0,0.527,1.589,,,
By-W4_APRIL-ACTI-8314,ACTIVE_MARKDOWN_EVENT,Bybit,W4_APRIL,2024-04-17T18:34:00+00:00,61513.65,TIMEOUT,0,0,0,0,1,1.235,0.466,,,
By-W4_APRIL-ACTI-8351,ACTIVE_MARKDOWN_EVENT,Bybit,W4_APRIL,2024-04-17T19:11:00+00:00,61216.05,TIMEOUT,0,0,0,0,1,0.755,0.832,,,
By-W4_APRIL-ACTI-8445,ACTIVE_MARKDOWN_EVENT,Bybit,W4_APRIL,2024-04-17T20:45:00+00:00,61182.95,TIMEOUT,0,0,0,0,1,0.665,0.886,,,
By-W4_APRIL-ACTI-8494,ACTIVE_MARKDOWN_EVENT,Bybit,W4_APRIL,2024-04-17T21:34:00+00:00,61282.55,TIMEOUT,0,0,0,0,1,0.478,0.722,,,
By-W4_APRIL-ACTI-8532,ACTIVE_MARKDOWN_EVENT,Bybit,W4_APRIL,2024-04-17T22:12:00+00:00,61186.15,TIMEOUT,0,0,0,0,1,0.0,0.881,,,
By-W4_APRIL-ACTI-8594,ACTIVE_MARKDOWN_EVENT,Bybit,W4_APRIL,2024-04-17T23:14:00+00:00,61550.45,TIMEOUT,0,0,0,0,1,0.579,0.0,,,
By-W4_APRIL-FORC-851,FORCED_UNWIND_EVENT,Bybit,W4_APRIL,2024-04-12T14:11:00+00:00,69667.95,WIN,1,0,0,0,0,2.229,0.436,194,,
By-W4_APRIL-FORC-980,FORCED_UNWIND_EVENT,Bybit,W4_APRIL,2024-04-12T16:20:00+00:00,68794.55,WIN,1,1,1,0,0,3.02,0.474,132,132,132
By-W4_APRIL-FORC-1043,FORCED_UNWIND_EVENT,Bybit,W4_APRIL,2024-04-12T17:23:00+00:00,68380.15,WIN,1,0,0,0,0,2.432,0.087,69,,
By-W4_APRIL-FORC-1113,FORCED_UNWIND_EVENT,Bybit,W4_APRIL,2024-04-12T18:33:00+00:00,66562.15,TIMEOUT,0,0,0,0,1,1.268,1.274,,,
By-W4_APRIL-FORC-1513,FORCED_UNWIND_EVENT,Bybit,W4_APRIL,2024-04-13T01:13:00+00:00,66512.85,LOSS,0,0,0,1,0,1.084,1.518,,,
By-W4_APRIL-FORC-1551,FORCED_UNWIND_EVENT,Bybit,W4_APRIL,2024-04-13T01:51:00+00:00,65874.25,LOSS,0,0,0,1,0,0.125,1.566,,,
By-W4_APRIL-FORC-2476,FORCED_UNWIND_EVENT,Bybit,W4_APRIL,2024-04-13T17:16:00+00:00,66895.05,WIN,1,1,0,0,0,2.568,0.507,157,157,
By-W4_APRIL-FORC-2628,FORCED_UNWIND_EVENT,Bybit,W4_APRIL,2024-04-13T19:48:00+00:00,66343.25,WIN,1,1,0,0,0,2.716,0.0,6,6,
By-W4_APRIL-FORC-2659,FORCED_UNWIND_EVENT,Bybit,W4_APRIL,2024-04-13T20:19:00+00:00,62070.05,LOSS,0,0,0,1,0,1.118,1.694,,,
By-W4_APRIL-FORC-2690,FORCED_UNWIND_EVENT,Bybit,W4_APRIL,2024-04-13T20:50:00+00:00,61556.85,LOSS,0,0,0,1,0,0.294,1.826,,,
By-W4_APRIL-FORC-3070,FORCED_UNWIND_EVENT,Bybit,W4_APRIL,2024-04-14T03:10:00+00:00,62255.65,LOSS,0,0,0,1,0,0.179,1.637,,,
By-W4_APRIL-FORC-3459,FORCED_UNWIND_EVENT,Bybit,W4_APRIL,2024-04-14T09:39:00+00:00,63880.05,TIMEOUT,0,0,0,0,1,1.903,1.472,,,
By-W4_APRIL-FORC-3724,FORCED_UNWIND_EVENT,Bybit,W4_APRIL,2024-04-14T14:04:00+00:00,64007.45,WIN,1,0,0,0,0,2.02,1.022,200,,
By-W4_APRIL-FORC-3758,FORCED_UNWIND_EVENT,Bybit,W4_APRIL,2024-04-14T14:38:00+00:00,63467.35,LOSS,0,0,0,1,0,0.0,1.514,,,
By-W4_APRIL-FORC-3914,FORCED_UNWIND_EVENT,Bybit,W4_APRIL,2024-04-14T17:14:00+00:00,63713.25,LOSS,0,0,0,1,0,1.646,2.09,,,
By-W4_APRIL-FORC-4128,FORCED_UNWIND_EVENT,Bybit,W4_APRIL,2024-04-14T20:48:00+00:00,63779.55,LOSS,0,0,0,1,0,0.728,1.984,,,
By-W4_APRIL-FORC-4161,FORCED_UNWIND_EVENT,Bybit,W4_APRIL,2024-04-14T21:21:00+00:00,63474.05,LOSS,0,0,0,1,0,0.25,1.503,,,
By-W4_APRIL-FORC-4212,FORCED_UNWIND_EVENT,Bybit,W4_APRIL,2024-04-14T22:12:00+00:00,64788.45,LOSS,0,0,0,1,0,0.076,1.594,,,
By-W4_APRIL-FORC-4569,FORCED_UNWIND_EVENT,Bybit,W4_APRIL,2024-04-15T04:09:00+00:00,64788.05,LOSS,0,0,0,1,0,0.132,1.542,,,
By-W4_APRIL-FORC-5154,FORCED_UNWIND_EVENT,Bybit,W4_APRIL,2024-04-15T13:54:00+00:00,65984.95,WIN,1,0,0,0,0,2.172,0.0,52,,
By-W4_APRIL-FORC-5201,FORCED_UNWIND_EVENT,Bybit,W4_APRIL,2024-04-15T14:41:00+00:00,64944.55,WIN,1,0,0,0,0,2.006,0.0,183,,
By-W4_APRIL-FORC-5461,FORCED_UNWIND_EVENT,Bybit,W4_APRIL,2024-04-15T19:01:00+00:00,62849.35,LOSS,0,0,0,1,0,0.899,1.539,,,
By-W4_APRIL-FORC-6012,FORCED_UNWIND_EVENT,Bybit,W4_APRIL,2024-04-16T04:12:00+00:00,62413.45,LOSS,0,0,0,1,0,1.159,1.5,,,
By-W4_APRIL-FORC-6044,FORCED_UNWIND_EVENT,Bybit,W4_APRIL,2024-04-16T04:44:00+00:00,62026.05,LOSS,0,0,0,1,0,0.542,1.622,,,
By-W4_APRIL-FORC-6223,FORCED_UNWIND_EVENT,Bybit,W4_APRIL,2024-04-16T07:43:00+00:00,63311.75,WIN,1,0,0,0,0,2.149,0.377,162,,
By-W4_APRIL-FORC-6379,FORCED_UNWIND_EVENT,Bybit,W4_APRIL,2024-04-16T10:19:00+00:00,62598.75,TIMEOUT,0,0,0,0,1,1.64,1.218,,,
By-W4_APRIL-FORC-6482,FORCED_UNWIND_EVENT,Bybit,W4_APRIL,2024-04-16T12:02:00+00:00,62872.35,TIMEOUT,0,0,0,0,1,1.881,0.778,,,
By-W4_APRIL-FORC-6583,FORCED_UNWIND_EVENT,Bybit,W4_APRIL,2024-04-16T13:43:00+00:00,62444.05,LOSS,0,0,0,1,0,1.208,1.659,,,
By-W4_APRIL-FORC-7546,FORCED_UNWIND_EVENT,Bybit,W4_APRIL,2024-04-17T05:46:00+00:00,63853.35,WIN,1,0,0,0,0,2.001,0.167,370,,
By-W4_APRIL-FORC-7627,FORCED_UNWIND_EVENT,Bybit,W4_APRIL,2024-04-17T07:07:00+00:00,63361.65,WIN,1,0,0,0,0,2.076,0.378,335,,
By-W4_APRIL-FORC-7915,FORCED_UNWIND_EVENT,Bybit,W4_APRIL,2024-04-17T11:55:00+00:00,62579.95,WIN,1,0,0,0,0,2.359,0.46,148,,
By-W4_APRIL-FORC-8046,FORCED_UNWIND_EVENT,Bybit,W4_APRIL,2024-04-17T14:06:00+00:00,61968.65,WIN,1,0,0,0,0,2.144,0.401,69,,
By-W4_APRIL-FORC-8131,FORCED_UNWIND_EVENT,Bybit,W4_APRIL,2024-04-17T15:31:00+00:00,60370.35,LOSS,0,0,0,1,0,0.914,1.654,,,
OK-W4_APRIL-SELL-60,SELL_PRESSURE_NO_ABSORPTION_EVENT,OKX,W4_APRIL,2024-04-12T01:00:00+00:00,70260.05,TIMEOUT,0,0,0,0,1,0.178,1.41,,,
OK-W4_APRIL-SELL-91,SELL_PRESSURE_NO_ABSORPTION_EVENT,OKX,W4_APRIL,2024-04-12T01:31:00+00:00,70134.75,LOSS,0,0,0,1,0,0.0,1.591,,,
OK-W4_APRIL-SELL-222,SELL_PRESSURE_NO_ABSORPTION_EVENT,OKX,W4_APRIL,2024-04-12T03:42:00+00:00,70845.55,TIMEOUT,0,0,0,0,1,0.383,0.572,,,
OK-W4_APRIL-SELL-253,SELL_PRESSURE_NO_ABSORPTION_EVENT,OKX,W4_APRIL,2024-04-12T04:13:00+00:00,70899.15,TIMEOUT,0,0,0,0,1,0.459,0.496,,,
OK-W4_APRIL-SELL-306,SELL_PRESSURE_NO_ABSORPTION_EVENT,OKX,W4_APRIL,2024-04-12T05:06:00+00:00,71103.85,TIMEOUT,0,0,0,0,1,1.119,0.0,,,
OK-W4_APRIL-SELL-338,SELL_PRESSURE_NO_ABSORPTION_EVENT,OKX,W4_APRIL,2024-04-12T05:38:00+00:00,70947.95,TIMEOUT,0,0,0,0,1,1.28,0.118,,,
OK-W4_APRIL-SELL-369,SELL_PRESSURE_NO_ABSORPTION_EVENT,OKX,W4_APRIL,2024-04-12T06:09:00+00:00,70889.15,TIMEOUT,0,0,0,0,1,1.754,0.139,,,
OK-W4_APRIL-SELL-439,SELL_PRESSURE_NO_ABSORPTION_EVENT,OKX,W4_APRIL,2024-04-12T07:19:00+00:00,70790.75,WIN,1,0,0,0,0,2.051,0.23,451,,
OK-W4_APRIL-SELL-470,SELL_PRESSURE_NO_ABSORPTION_EVENT,OKX,W4_APRIL,2024-04-12T07:50:00+00:00,70649.45,TIMEOUT,0,0,0,0,1,1.99,0.43,,,
OK-W4_APRIL-SELL-505,SELL_PRESSURE_NO_ABSORPTION_EVENT,OKX,W4_APRIL,2024-04-12T08:25:00+00:00,70774.15,WIN,1,0,0,0,0,2.028,0.253,385,,
OK-W4_APRIL-SELL-583,SELL_PRESSURE_NO_ABSORPTION_EVENT,OKX,W4_APRIL,2024-04-12T09:43:00+00:00,70608.35,WIN,1,0,0,0,0,2.041,0.489,388,,
OK-W4_APRIL-SELL-685,SELL_PRESSURE_NO_ABSORPTION_EVENT,OKX,W4_APRIL,2024-04-12T11:25:00+00:00,70816.45,WIN,1,0,0,0,0,2.086,0.194,205,,
OK-W4_APRIL-SELL-735,SELL_PRESSURE_NO_ABSORPTION_EVENT,OKX,W4_APRIL,2024-04-12T12:15:00+00:00,70789.35,WIN,1,0,0,0,0,2.049,0.077,155,,
OK-W4_APRIL-SELL-767,SELL_PRESSURE_NO_ABSORPTION_EVENT,OKX,W4_APRIL,2024-04-12T12:47:00+00:00,70397.45,WIN,1,0,0,0,0,2.014,0.21,211,,
OK-W4_APRIL-SELL-808,SELL_PRESSURE_NO_ABSORPTION_EVENT,OKX,W4_APRIL,2024-04-12T13:28:00+00:00,70202.95,WIN,1,0,0,0,0,2.04,0.081,172,,
OK-W4_APRIL-SELL-852,SELL_PRESSURE_NO_ABSORPTION_EVENT,OKX,W4_APRIL,2024-04-12T14:12:00+00:00,69676.05,WIN,1,0,0,0,0,2.03,0.373,190,,
OK-W4_APRIL-SELL-886,SELL_PRESSURE_NO_ABSORPTION_EVENT,OKX,W4_APRIL,2024-04-12T14:46:00+00:00,69512.15,WIN,1,0,0,0,0,2.055,0.27,159,,
OK-W4_APRIL-SELL-945,SELL_PRESSURE_NO_ABSORPTION_EVENT,OKX,W4_APRIL,2024-04-12T15:45:00+00:00,69373.05,WIN,1,0,0,0,0,2.456,0.263,103,,
OK-W4_APRIL-SELL-976,SELL_PRESSURE_NO_ABSORPTION_EVENT,OKX,W4_APRIL,2024-04-12T16:16:00+00:00,69099.05,WIN,1,0,0,0,0,2.069,0.0,72,,
OK-W4_APRIL-SELL-1008,SELL_PRESSURE_NO_ABSORPTION_EVENT,OKX,W4_APRIL,2024-04-12T16:48:00+00:00,68765.05,WIN,1,1,0,0,0,2.996,0.289,97,97,
OK-W4_APRIL-SELL-1039,SELL_PRESSURE_NO_ABSORPTION_EVENT,OKX,W4_APRIL,2024-04-12T17:19:00+00:00,68577.45,WIN,1,1,0,0,0,2.73,0.0,66,66,
OK-W4_APRIL-SELL-1073,SELL_PRESSURE_NO_ABSORPTION_EVENT,OKX,W4_APRIL,2024-04-12T18:00:00+00:00,68011.95,WIN,1,0,0,0,0,2.171,0.489,33,,
OK-W4_APRIL-SELL-1104,SELL_PRESSURE_NO_ABSORPTION_EVENT,OKX,W4_APRIL,2024-04-12T18:31:00+00:00,67451.55,WIN,1,1,0,0,0,2.585,0.0,4,4,
OK-W4_APRIL-SELL-1180,SELL_PRESSURE_NO_ABSORPTION_EVENT,OKX,W4_APRIL,2024-04-12T19:47:00+00:00,66902.85,TIMEOUT,0,0,0,0,1,1.621,0.748,,,
OK-W4_APRIL-SELL-1224,SELL_PRESSURE_NO_ABSORPTION_EVENT,OKX,W4_APRIL,2024-04-12T20:31:00+00:00,67253.25,WIN,1,0,0,0,0,2.023,0.223,326,,
OK-W4_APRIL-SELL-1255,SELL_PRESSURE_NO_ABSORPTION_EVENT,OKX,W4_APRIL,2024-04-12T21:02:00+00:00,66960.15,TIMEOUT,0,0,0,0,1,1.705,1.426,,,
OK-W4_APRIL-SELL-1286,SELL_PRESSURE_NO_ABSORPTION_EVENT,OKX,W4_APRIL,2024-04-12T21:33:00+00:00,66827.05,LOSS,0,0,0,1,0,1.51,1.589,,,
OK-W4_APRIL-SELL-1344,SELL_PRESSURE_NO_ABSORPTION_EVENT,OKX,W4_APRIL,2024-04-12T22:31:00+00:00,67096.35,TIMEOUT,0,0,0,0,1,1.905,1.22,,,
OK-W4_APRIL-SELL-1379,SELL_PRESSURE_NO_ABSORPTION_EVENT,OKX,W4_APRIL,2024-04-12T23:06:00+00:00,66876.45,LOSS,0,0,0,1,0,1.582,1.514,,,
OK-W4_APRIL-SELL-1454,SELL_PRESSURE_NO_ABSORPTION_EVENT,OKX,W4_APRIL,2024-04-13T00:21:00+00:00,66998.35,TIMEOUT,0,0,0,0,1,1.761,1.368,,,
OK-W4_APRIL-SELL-1504,SELL_PRESSURE_NO_ABSORPTION_EVENT,OKX,W4_APRIL,2024-04-13T01:11:00+00:00,66604.05,LOSS,0,0,0,1,0,1.18,1.57,,,
OK-W4_APRIL-SELL-1536,SELL_PRESSURE_NO_ABSORPTION_EVENT,OKX,W4_APRIL,2024-04-13T01:43:00+00:00,66319.95,LOSS,0,0,0,1,0,0.756,1.502,,,
OK-W4_APRIL-SELL-1701,SELL_PRESSURE_NO_ABSORPTION_EVENT,OKX,W4_APRIL,2024-04-13T05:01:00+00:00,67577.15,TIMEOUT,0,0,0,0,1,0.739,0.448,,,
OK-W4_APRIL-SELL-1732,SELL_PRESSURE_NO_ABSORPTION_EVENT,OKX,W4_APRIL,2024-04-13T05:32:00+00:00,67497.65,TIMEOUT,0,0,0,0,1,0.622,0.411,,,
OK-W4_APRIL-SELL-1776,SELL_PRESSURE_NO_ABSORPTION_EVENT,OKX,W4_APRIL,2024-04-13T06:16:00+00:00,67328.05,TIMEOUT,0,0,0,0,1,0.372,0.663,,,
OK-W4_APRIL-SELL-1838,SELL_PRESSURE_NO_ABSORPTION_EVENT,OKX,W4_APRIL,2024-04-13T07:18:00+00:00,67207.55,TIMEOUT,0,0,0,0,1,0.193,0.844,,,
OK-W4_APRIL-SELL-1871,SELL_PRESSURE_NO_ABSORPTION_EVENT,OKX,W4_APRIL,2024-04-13T07:51:00+00:00,67405.95,TIMEOUT,0,0,0,0,1,0.487,0.729,,,
OK-W4_APRIL-SELL-1924,SELL_PRESSURE_NO_ABSORPTION_EVENT,OKX,W4_APRIL,2024-04-13T08:44:00+00:00,67270.55,TIMEOUT,0,0,0,0,1,0.287,0.931,,,
OK-W4_APRIL-SELL-2004,SELL_PRESSURE_NO_ABSORPTION_EVENT,OKX,W4_APRIL,2024-04-13T10:04:00+00:00,67340.15,TIMEOUT,0,0,0,0,1,1.059,0.827,,,
OK-W4_APRIL-SELL-2085,SELL_PRESSURE_NO_ABSORPTION_EVENT,OKX,W4_APRIL,2024-04-13T11:25:00+00:00,67536.75,TIMEOUT,0,0,0,0,1,1.529,0.534,,,
OK-W4_APRIL-SELL-2128,SELL_PRESSURE_NO_ABSORPTION_EVENT,OKX,W4_APRIL,2024-04-13T12:08:00+00:00,67266.45,WIN,1,0,0,0,0,2.179,0.938,463,,
OK-W4_APRIL-SELL-2213,SELL_PRESSURE_NO_ABSORPTION_EVENT,OKX,W4_APRIL,2024-04-13T13:33:00+00:00,67467.55,WIN,1,0,0,0,0,2.13,0.637,376,,
OK-W4_APRIL-SELL-2277,SELL_PRESSURE_NO_ABSORPTION_EVENT,OKX,W4_APRIL,2024-04-13T14:37:00+00:00,67484.05,WIN,1,0,0,0,0,2.154,0.612,312,,
OK-W4_APRIL-SELL-2314,SELL_PRESSURE_NO_ABSORPTION_EVENT,OKX,W4_APRIL,2024-04-13T15:14:00+00:00,67458.25,WIN,1,0,0,0,0,2.116,0.651,275,,
OK-W4_APRIL-SELL-2348,SELL_PRESSURE_NO_ABSORPTION_EVENT,OKX,W4_APRIL,2024-04-13T15:48:00+00:00,67723.15,WIN,1,0,0,0,0,2.019,0.015,240,,
OK-W4_APRIL-SELL-2381,SELL_PRESSURE_NO_ABSORPTION_EVENT,OKX,W4_APRIL,2024-04-13T16:21:00+00:00,67462.85,WIN,1,0,0,0,0,2.123,0.175,208,,
OK-W4_APRIL-SELL-2415,SELL_PRESSURE_NO_ABSORPTION_EVENT,OKX,W4_APRIL,2024-04-13T16:55:00+00:00,67373.45,WIN,1,0,0,0,0,2.128,0.084,175,,
OK-W4_APRIL-SELL-2446,SELL_PRESSURE_NO_ABSORPTION_EVENT,OKX,W4_APRIL,2024-04-13T17:26:00+00:00,66872.85,WIN,1,0,0,0,0,2.451,0.528,147,,
OK-W4_APRIL-SELL-2490,SELL_PRESSURE_NO_ABSORPTION_EVENT,OKX,W4_APRIL,2024-04-13T18:10:00+00:00,66526.05,WIN,1,1,0,0,0,2.832,1.052,104,104,
OK-W4_APRIL-SELL-2554,SELL_PRESSURE_NO_ABSORPTION_EVENT,OKX,W4_APRIL,2024-04-13T19:14:00+00:00,67028.05,WIN,1,1,0,0,0,2.676,0.257,39,39,
OK-W4_APRIL-SELL-2586,SELL_PRESSURE_NO_ABSORPTION_EVENT,OKX,W4_APRIL,2024-04-13T19:46:00+00:00,66558.25,WIN,1,1,0,0,0,2.879,0.0,8,8,
OK-W4_APRIL-SELL-2620,SELL_PRESSURE_NO_ABSORPTION_EVENT,OKX,W4_APRIL,2024-04-13T20:20:00+00:00,62554.05,LOSS,0,0,0,1,0,1.734,1.896,,,
OK-W4_APRIL-SELL-2652,SELL_PRESSURE_NO_ABSORPTION_EVENT,OKX,W4_APRIL,2024-04-13T20:52:00+00:00,61737.05,LOSS,0,0,0,1,0,0.434,1.599,,,
OK-W4_APRIL-SELL-2685,SELL_PRESSURE_NO_ABSORPTION_EVENT,OKX,W4_APRIL,2024-04-13T21:25:00+00:00,61924.55,LOSS,0,0,0,1,0,0.219,1.644,,,
OK-W4_APRIL-SELL-2731,SELL_PRESSURE_NO_ABSORPTION_EVENT,OKX,W4_APRIL,2024-04-13T22:11:00+00:00,62363.95,LOSS,0,0,0,1,0,0.019,2.207,,,
OK-W4_APRIL-SELL-2802,SELL_PRESSURE_NO_ABSORPTION_EVENT,OKX,W4_APRIL,2024-04-13T23:22:00+00:00,65103.85,WIN,1,0,0,0,0,2.008,0.0,36,,
OK-W4_APRIL-SELL-2833,SELL_PRESSURE_NO_ABSORPTION_EVENT,OKX,W4_APRIL,2024-04-13T23:53:00+00:00,64252.95,WIN,1,0,0,0,0,2.037,0.061,32,,
OK-W4_APRIL-SELL-2867,SELL_PRESSURE_NO_ABSORPTION_EVENT,OKX,W4_APRIL,2024-04-14T00:27:00+00:00,63396.05,LOSS,0,0,0,1,0,1.893,1.541,,,
OK-W4_APRIL-SELL-2900,SELL_PRESSURE_NO_ABSORPTION_EVENT,OKX,W4_APRIL,2024-04-14T01:00:00+00:00,63583.35,WIN,1,0,0,0,0,2.022,0.753,130,,
OK-W4_APRIL-SELL-2941,SELL_PRESSURE_NO_ABSORPTION_EVENT,OKX,W4_APRIL,2024-04-14T01:41:00+00:00,63763.95,WIN,1,0,0,0,0,2.025,0.328,86,,
OK-W4_APRIL-SELL-2972,SELL_PRESSURE_NO_ABSORPTION_EVENT,OKX,W4_APRIL,2024-04-14T02:12:00+00:00,63657.95,WIN,1,0,0,0,0,2.137,0.007,58,,
OK-W4_APRIL-SELL-3006,SELL_PRESSURE_NO_ABSORPTION_EVENT,OKX,W4_APRIL,2024-04-14T02:46:00+00:00,63093.15,LOSS,0,0,0,1,0,1.422,1.546,,,
OK-W4_APRIL-SELL-3072,SELL_PRESSURE_NO_ABSORPTION_EVENT,OKX,W4_APRIL,2024-04-14T03:52:00+00:00,63107.05,LOSS,0,0,0,1,0,0.0,1.524,,,
OK-W4_APRIL-SELL-3114,SELL_PRESSURE_NO_ABSORPTION_EVENT,OKX,W4_APRIL,2024-04-14T04:34:00+00:00,63850.75,LOSS,0,0,0,1,0,0.0,1.593,,,
OK-W4_APRIL-SELL-3169,SELL_PRESSURE_NO_ABSORPTION_EVENT,OKX,W4_APRIL,2024-04-14T05:29:00+00:00,64249.75,TIMEOUT,0,0,0,0,1,0.553,0.962,,,
OK-W4_APRIL-SELL-3203,SELL_PRESSURE_NO_ABSORPTION_EVENT,OKX,W4_APRIL,2024-04-14T06:03:00+00:00,64201.25,TIMEOUT,0,0,0,0,1,0.478,1.039,,,
OK-W4_APRIL-SELL-3251,SELL_PRESSURE_NO_ABSORPTION_EVENT,OKX,W4_APRIL,2024-04-14T06:51:00+00:00,64650.25,TIMEOUT,0,0,0,0,1,1.774,0.295,,,
OK-W4_APRIL-SELL-3284,SELL_PRESSURE_NO_ABSORPTION_EVENT,OKX,W4_APRIL,2024-04-14T07:24:00+00:00,64610.05,TIMEOUT,0,0,0,0,1,1.713,0.357,,,
OK-W4_APRIL-SELL-3316,SELL_PRESSURE_NO_ABSORPTION_EVENT,OKX,W4_APRIL,2024-04-14T07:56:00+00:00,64364.75,TIMEOUT,0,0,0,0,1,1.338,0.74,,,
OK-W4_APRIL-SELL-3364,SELL_PRESSURE_NO_ABSORPTION_EVENT,OKX,W4_APRIL,2024-04-14T08:44:00+00:00,64632.55,TIMEOUT,0,0,0,0,1,1.747,0.322,,,
OK-W4_APRIL-SELL-3395,SELL_PRESSURE_NO_ABSORPTION_EVENT,OKX,W4_APRIL,2024-04-14T09:15:00+00:00,64347.95,TIMEOUT,0,0,0,0,1,1.312,0.766,,,
OK-W4_APRIL-SELL-3430,SELL_PRESSURE_NO_ABSORPTION_EVENT,OKX,W4_APRIL,2024-04-14T09:50:00+00:00,64136.35,WIN,1,0,0,0,0,2.14,1.098,454,,
OK-W4_APRIL-SELL-3461,SELL_PRESSURE_NO_ABSORPTION_EVENT,OKX,W4_APRIL,2024-04-14T10:21:00+00:00,64150.75,WIN,1,0,0,0,0,2.161,1.076,423,,
OK-W4_APRIL-SELL-3493,SELL_PRESSURE_NO_ABSORPTION_EVENT,OKX,W4_APRIL,2024-04-14T10:53:00+00:00,64457.85,WIN,1,0,0,0,0,2.044,0.594,388,,
OK-W4_APRIL-SELL-3525,SELL_PRESSURE_NO_ABSORPTION_EVENT,OKX,W4_APRIL,2024-04-14T11:25:00+00:00,63970.05,TIMEOUT,0,0,0,0,1,1.948,1.361,,,
OK-W4_APRIL-SELL-3642,SELL_PRESSURE_NO_ABSORPTION_EVENT,OKX,W4_APRIL,2024-04-14T13:22:00+00:00,64549.35,WIN,1,0,0,0,0,2.183,0.202,239,,
OK-W4_APRIL-SELL-3678,SELL_PRESSURE_NO_ABSORPTION_EVENT,OKX,W4_APRIL,2024-04-14T13:58:00+00:00,64382.85,WIN,1,0,0,0,0,2.329,0.461,204,,
OK-W4_APRIL-SELL-3717,SELL_PRESSURE_NO_ABSORPTION_EVENT,OKX,W4_APRIL,2024-04-14T14:37:00+00:00,63576.05,LOSS,0,0,0,1,0,0.114,1.571,,,
OK-W4_APRIL-SELL-3760,SELL_PRESSURE_NO_ABSORPTION_EVENT,OKX,W4_APRIL,2024-04-14T15:20:00+00:00,63957.35,LOSS,0,0,0,1,0,1.929,1.74,,,
OK-W4_APRIL-SELL-3793,SELL_PRESSURE_NO_ABSORPTION_EVENT,OKX,W4_APRIL,2024-04-14T15:53:00+00:00,64083.45,WIN,1,0,0,0,0,2.059,0.931,91,,
OK-W4_APRIL-SELL-3842,SELL_PRESSURE_NO_ABSORPTION_EVENT,OKX,W4_APRIL,2024-04-14T16:42:00+00:00,64415.95,WIN,1,0,0,0,0,2.379,0.199,40,,
OK-W4_APRIL-SELL-3873,SELL_PRESSURE_NO_ABSORPTION_EVENT,OKX,W4_APRIL,2024-04-14T17:13:00+00:00,63677.25,LOSS,0,0,0,1,0,1.497,1.527,,,
OK-W4_APRIL-SELL-3921,SELL_PRESSURE_NO_ABSORPTION_EVENT,OKX,W4_APRIL,2024-04-14T18:01:00+00:00,63863.95,LOSS,0,0,0,1,0,0.795,1.889,,,
OK-W4_APRIL-SELL-3972,SELL_PRESSURE_NO_ABSORPTION_EVENT,OKX,W4_APRIL,2024-04-14T18:52:00+00:00,64441.35,LOSS,0,0,0,1,0,1.684,1.587,,,
OK-W4_APRIL-SELL-4003,SELL_PRESSURE_NO_ABSORPTION_EVENT,OKX,W4_APRIL,2024-04-14T19:23:00+00:00,64068.55,LOSS,0,0,0,1,0,1.112,1.564,,,
OK-W4_APRIL-SELL-4053,SELL_PRESSURE_NO_ABSORPTION_EVENT,OKX,W4_APRIL,2024-04-14T20:13:00+00:00,64034.85,LOSS,0,0,0,1,0,1.06,1.617,,,
OK-W4_APRIL-SELL-4088,SELL_PRESSURE_NO_ABSORPTION_EVENT,OKX,W4_APRIL,2024-04-14T20:48:00+00:00,63816.15,LOSS,0,0,0,1,0,0.721,1.965,,,
OK-W4_APRIL-SELL-4121,SELL_PRESSURE_NO_ABSORPTION_EVENT,OKX,W4_APRIL,2024-04-14T21:21:00+00:00,63514.05,LOSS,0,0,0,1,0,0.249,1.514,,,
OK-W4_APRIL-SELL-4183,SELL_PRESSURE_NO_ABSORPTION_EVENT,OKX,W4_APRIL,2024-04-14T22:23:00+00:00,64914.75,LOSS,0,0,0,1,0,0.261,1.778,,,
OK-W4_APRIL-SELL-4228,SELL_PRESSURE_NO_ABSORPTION_EVENT,OKX,W4_APRIL,2024-04-14T23:08:00+00:00,65168.05,LOSS,0,0,0,1,0,0.649,1.705,,,
OK-W4_APRIL-SELL-4279,SELL_PRESSURE_NO_ABSORPTION_EVENT,OKX,W4_APRIL,2024-04-14T23:59:00+00:00,65661.45,TIMEOUT,0,0,0,0,1,1.395,1.308,,,
OK-W4_APRIL-SELL-4316,SELL_PRESSURE_NO_ABSORPTION_EVENT,OKX,W4_APRIL,2024-04-15T00:36:00+00:00,65311.75,LOSS,0,0,0,1,0,0.867,1.556,,,
OK-W4_APRIL-SELL-4347,SELL_PRESSURE_NO_ABSORPTION_EVENT,OKX,W4_APRIL,2024-04-15T01:07:00+00:00,65365.35,LOSS,0,0,0,1,0,0.949,1.538,,,
OK-W4_APRIL-SELL-4386,SELL_PRESSURE_NO_ABSORPTION_EVENT,OKX,W4_APRIL,2024-04-15T01:46:00+00:00,65311.55,LOSS,0,0,0,1,0,0.867,1.556,,,
OK-W4_APRIL-SELL-4420,SELL_PRESSURE_NO_ABSORPTION_EVENT,OKX,W4_APRIL,2024-04-15T02:20:00+00:00,65195.75,LOSS,0,0,0,1,0,0.691,1.661,,,
OK-W4_APRIL-SELL-4517,SELL_PRESSURE_NO_ABSORPTION_EVENT,OKX,W4_APRIL,2024-04-15T03:57:00+00:00,65135.75,LOSS,0,0,0,1,0,0.6,1.755,,,
OK-W4_APRIL-SELL-4686,SELL_PRESSURE_NO_ABSORPTION_EVENT,OKX,W4_APRIL,2024-04-15T06:46:00+00:00,66111.65,WIN,1,0,0,0,0,2.011,0.965,477,,
OK-W4_APRIL-SELL-4737,SELL_PRESSURE_NO_ABSORPTION_EVENT,OKX,W4_APRIL,2024-04-15T07:37:00+00:00,66359.55,WIN,1,0,0,0,0,2.066,0.588,422,,
OK-W4_APRIL-SELL-4770,SELL_PRESSURE_NO_ABSORPTION_EVENT,OKX,W4_APRIL,2024-04-15T08:10:00+00:00,66181.65,WIN,1,0,0,0,0,2.011,0.859,392,,
OK-W4_APRIL-SELL-4819,SELL_PRESSURE_NO_ABSORPTION_EVENT,OKX,W4_APRIL,2024-04-15T08:59:00+00:00,66279.95,WIN,1,0,0,0,0,2.156,0.709,343,,
OK-W4_APRIL-SELL-4878,SELL_PRESSURE_NO_ABSORPTION_EVENT,OKX,W4_APRIL,2024-04-15T09:58:00+00:00,66618.05,WIN,1,0,0,0,0,2.105,0.052,256,,
OK-W4_APRIL-SELL-4948,SELL_PRESSURE_NO_ABSORPTION_EVENT,OKX,W4_APRIL,2024-04-15T11:08:00+00:00,66373.25,WIN,1,0,0,0,0,2.087,0.0,211,,
OK-W4_APRIL-SELL-4979,SELL_PRESSURE_NO_ABSORPTION_EVENT,OKX,W4_APRIL,2024-04-15T11:39:00+00:00,66111.85,WIN,1,0,0,0,0,2.011,0.346,184,,
OK-W4_APRIL-SELL-5022,SELL_PRESSURE_NO_ABSORPTION_EVENT,OKX,W4_APRIL,2024-04-15T12:22:00+00:00,66022.45,WIN,1,0,0,0,0,2.142,0.482,144,,
OK-W4_APRIL-SELL-5054,SELL_PRESSURE_NO_ABSORPTION_EVENT,OKX,W4_APRIL,2024-04-15T12:54:00+00:00,66014.65,WIN,1,0,0,0,0,2.131,0.494,112,,
OK-W4_APRIL-SELL-5093,SELL_PRESSURE_NO_ABSORPTION_EVENT,OKX,W4_APRIL,2024-04-15T13:33:00+00:00,66115.75,WIN,1,0,0,0,0,2.017,0.34,70,,
OK-W4_APRIL-SELL-5126,SELL_PRESSURE_NO_ABSORPTION_EVENT,OKX,W4_APRIL,2024-04-15T14:06:00+00:00,65918.05,WIN,1,0,0,0,0,2.099,0.0,41,,
OK-W4_APRIL-SELL-5161,SELL_PRESSURE_NO_ABSORPTION_EVENT,OKX,W4_APRIL,2024-04-15T14:41:00+00:00,64983.95,WIN,1,0,0,0,0,2.232,0.0,186,,
OK-W4_APRIL-SELL-5214,SELL_PRESSURE_NO_ABSORPTION_EVENT,OKX,W4_APRIL,2024-04-15T15:34:00+00:00,64577.45,WIN,1,0,0,0,0,2.134,0.36,163,,
OK-W4_APRIL-SELL-5264,SELL_PRESSURE_NO_ABSORPTION_EVENT,OKX,W4_APRIL,2024-04-15T16:24:00+00:00,64199.95,WIN,1,0,0,0,0,2.036,0.83,157,,
OK-W4_APRIL-SELL-5323,SELL_PRESSURE_NO_ABSORPTION_EVENT,OKX,W4_APRIL,2024-04-15T17:23:00+00:00,64167.25,WIN,1,0,0,0,0,2.236,0.0,100,,
OK-W4_APRIL-SELL-5355,SELL_PRESSURE_NO_ABSORPTION_EVENT,OKX,W4_APRIL,2024-04-15T17:55:00+00:00,63818.95,WIN,1,0,0,0,0,2.321,0.331,71,,
OK-W4_APRIL-SELL-5387,SELL_PRESSURE_NO_ABSORPTION_EVENT,OKX,W4_APRIL,2024-04-15T18:27:00+00:00,63449.65,TIMEOUT,0,0,0,0,1,1.752,0.646,,,
OK-W4_APRIL-SELL-5419,SELL_PRESSURE_NO_ABSORPTION_EVENT,OKX,W4_APRIL,2024-04-15T18:59:00+00:00,63175.05,TIMEOUT,0,0,0,0,1,1.325,1.065,,,
OK-W4_APRIL-SELL-5498,SELL_PRESSURE_NO_ABSORPTION_EVENT,OKX,W4_APRIL,2024-04-15T20:18:00+00:00,63309.15,TIMEOUT,0,0,0,0,1,1.455,0.85,,,
OK-W4_APRIL-SELL-5530,SELL_PRESSURE_NO_ABSORPTION_EVENT,OKX,W4_APRIL,2024-04-15T20:50:00+00:00,63069.45,WIN,1,0,0,0,0,2.144,1.234,475,,
OK-W4_APRIL-SELL-5562,SELL_PRESSURE_NO_ABSORPTION_EVENT,OKX,W4_APRIL,2024-04-15T21:22:00+00:00,63168.15,WIN,1,0,0,0,0,2.296,1.076,443,,
OK-W4_APRIL-SELL-5613,SELL_PRESSURE_NO_ABSORPTION_EVENT,OKX,W4_APRIL,2024-04-15T22:13:00+00:00,62968.15,TIMEOUT,0,0,0,0,1,1.986,1.397,,,
OK-W4_APRIL-SELL-5657,SELL_PRESSURE_NO_ABSORPTION_EVENT,OKX,W4_APRIL,2024-04-15T22:57:00+00:00,63421.35,WIN,1,0,0,0,0,2.039,0.672,345,,
OK-W4_APRIL-SELL-5691,SELL_PRESSURE_NO_ABSORPTION_EVENT,OKX,W4_APRIL,2024-04-15T23:31:00+00:00,63288.05,WIN,1,0,0,0,0,2.482,0.884,314,,
OK-W4_APRIL-SELL-5749,SELL_PRESSURE_NO_ABSORPTION_EVENT,OKX,W4_APRIL,2024-04-16T00:29:00+00:00,63283.35,WIN,1,0,0,0,0,2.474,0.892,256,,
OK-W4_APRIL-SELL-5826,SELL_PRESSURE_NO_ABSORPTION_EVENT,OKX,W4_APRIL,2024-04-16T01:46:00+00:00,63360.15,WIN,1,0,0,0,0,2.061,0.272,178,,
OK-W4_APRIL-SELL-5871,SELL_PRESSURE_NO_ABSORPTION_EVENT,OKX,W4_APRIL,2024-04-16T02:31:00+00:00,62845.95,TIMEOUT,0,0,0,0,1,1.957,1.456,,,
OK-W4_APRIL-SELL-5916,SELL_PRESSURE_NO_ABSORPTION_EVENT,OKX,W4_APRIL,2024-04-16T03:16:00+00:00,63341.75,WIN,1,0,0,0,0,2.032,0.049,88,,
OK-W4_APRIL-SELL-5954,SELL_PRESSURE_NO_ABSORPTION_EVENT,OKX,W4_APRIL,2024-04-16T03:54:00+00:00,62830.05,TIMEOUT,0,0,0,0,1,1.932,1.482,,,
OK-W4_APRIL-SELL-5985,SELL_PRESSURE_NO_ABSORPTION_EVENT,OKX,W4_APRIL,2024-04-16T04:25:00+00:00,62549.95,LOSS,0,0,0,1,0,1.331,1.589,,,
OK-W4_APRIL-SELL-6074,SELL_PRESSURE_NO_ABSORPTION_EVENT,OKX,W4_APRIL,2024-04-16T05:54:00+00:00,62635.05,LOSS,0,0,0,1,0,0.062,1.798,,,
OK-W4_APRIL-SELL-6122,SELL_PRESSURE_NO_ABSORPTION_EVENT,OKX,W4_APRIL,2024-04-16T06:42:00+00:00,62915.55,WIN,1,0,0,0,0,2.066,1.344,228,,
OK-W4_APRIL-SELL-6194,SELL_PRESSURE_NO_ABSORPTION_EVENT,OKX,W4_APRIL,2024-04-16T07:54:00+00:00,63491.55,WIN,1,0,0,0,0,2.366,0.149,151,,
OK-W4_APRIL-SELL-6225,SELL_PRESSURE_NO_ABSORPTION_EVENT,OKX,W4_APRIL,2024-04-16T08:25:00+00:00,63299.95,WIN,1,0,0,0,0,2.071,0.366,120,,
OK-W4_APRIL-SELL-6280,SELL_PRESSURE_NO_ABSORPTION_EVENT,OKX,W4_APRIL,2024-04-16T09:20:00+00:00,63369.25,WIN,1,0,0,0,0,2.178,0.257,65,,
OK-W4_APRIL-SELL-6312,SELL_PRESSURE_NO_ABSORPTION_EVENT,OKX,W4_APRIL,2024-04-16T09:52:00+00:00,63227.15,WIN,1,0,0,0,0,2.333,0.156,35,,
OK-W4_APRIL-SELL-6343,SELL_PRESSURE_NO_ABSORPTION_EVENT,OKX,W4_APRIL,2024-04-16T10:23:00+00:00,62508.15,TIMEOUT,0,0,0,0,1,1.427,1.389,,,
OK-W4_APRIL-SELL-6399,SELL_PRESSURE_NO_ABSORPTION_EVENT,OKX,W4_APRIL,2024-04-16T11:19:00+00:00,62476.05,TIMEOUT,0,0,0,0,1,1.211,1.441,,,
OK-W4_APRIL-SELL-6454,SELL_PRESSURE_NO_ABSORPTION_EVENT,OKX,W4_APRIL,2024-04-16T12:14:00+00:00,62949.15,TIMEOUT,0,0,0,0,1,1.953,0.679,,,
OK-W4_APRIL-SELL-6487,SELL_PRESSURE_NO_ABSORPTION_EVENT,OKX,W4_APRIL,2024-04-16T12:47:00+00:00,63039.95,WIN,1,0,0,0,0,2.019,0.42,185,,
OK-W4_APRIL-SELL-6521,SELL_PRESSURE_NO_ABSORPTION_EVENT,OKX,W4_APRIL,2024-04-16T13:21:00+00:00,63035.15,WIN,1,0,0,0,0,2.011,0.428,151,,
OK-W4_APRIL-SELL-6552,SELL_PRESSURE_NO_ABSORPTION_EVENT,OKX,W4_APRIL,2024-04-16T13:52:00+00:00,62390.75,LOSS,0,0,0,1,0,1.076,1.566,,,
OK-W4_APRIL-SELL-6587,SELL_PRESSURE_NO_ABSORPTION_EVENT,OKX,W4_APRIL,2024-04-16T14:27:00+00:00,62608.05,LOSS,0,0,0,1,0,1.419,1.594,,,
OK-W4_APRIL-SELL-6619,SELL_PRESSURE_NO_ABSORPTION_EVENT,OKX,W4_APRIL,2024-04-16T14:59:00+00:00,62087.75,LOSS,0,0,0,1,0,0.593,1.548,,,
OK-W4_APRIL-SELL-6658,SELL_PRESSURE_NO_ABSORPTION_EVENT,OKX,W4_APRIL,2024-04-16T15:38:00+00:00,62070.05,LOSS,0,0,0,1,0,0.565,1.577,,,
OK-W4_APRIL-SELL-6770,SELL_PRESSURE_NO_ABSORPTION_EVENT,OKX,W4_APRIL,2024-04-16T17:30:00+00:00,62722.2,LOSS,0,0,0,1,0,0.616,1.508,,,
OK-W4_APRIL-SELL-6873,SELL_PRESSURE_NO_ABSORPTION_EVENT,OKX,W4_APRIL,2024-04-16T19:13:00+00:00,62863.95,LOSS,0,0,0,1,0,0.445,1.683,,,
OK-W4_APRIL-SELL-6904,SELL_PRESSURE_NO_ABSORPTION_EVENT,OKX,W4_APRIL,2024-04-16T19:44:00+00:00,62683.15,LOSS,0,0,0,1,0,0.158,1.571,,,
OK-W4_APRIL-SELL-7041,SELL_PRESSURE_NO_ABSORPTION_EVENT,OKX,W4_APRIL,2024-04-16T22:01:00+00:00,63844.05,TIMEOUT,0,0,0,0,1,0.37,0.937,,,
OK-W4_APRIL-SELL-7106,SELL_PRESSURE_NO_ABSORPTION_EVENT,OKX,W4_APRIL,2024-04-16T23:06:00+00:00,63637.05,TIMEOUT,0,0,0,0,1,0.046,1.265,,,
OK-W4_APRIL-SELL-7139,SELL_PRESSURE_NO_ABSORPTION_EVENT,OKX,W4_APRIL,2024-04-16T23:39:00+00:00,63763.95,TIMEOUT,0,0,0,0,1,0.657,1.063,,,
OK-W4_APRIL-SELL-7174,SELL_PRESSURE_NO_ABSORPTION_EVENT,OKX,W4_APRIL,2024-04-17T00:14:00+00:00,63690.85,TIMEOUT,0,0,0,0,1,0.618,1.179,,,
OK-W4_APRIL-SELL-7224,SELL_PRESSURE_NO_ABSORPTION_EVENT,OKX,W4_APRIL,2024-04-17T01:04:00+00:00,63968.85,TIMEOUT,0,0,0,0,1,1.143,0.74,,,
OK-W4_APRIL-SELL-7257,SELL_PRESSURE_NO_ABSORPTION_EVENT,OKX,W4_APRIL,2024-04-17T01:37:00+00:00,63821.35,TIMEOUT,0,0,0,0,1,0.914,0.972,,,
OK-W4_APRIL-SELL-7296,SELL_PRESSURE_NO_ABSORPTION_EVENT,OKX,W4_APRIL,2024-04-17T02:16:00+00:00,63980.05,TIMEOUT,0,0,0,0,1,1.787,0.722,,,
OK-W4_APRIL-SELL-7330,SELL_PRESSURE_NO_ABSORPTION_EVENT,OKX,W4_APRIL,2024-04-17T02:50:00+00:00,63755.35,TIMEOUT,0,0,0,0,1,1.471,1.077,,,
OK-W4_APRIL-SELL-7384,SELL_PRESSURE_NO_ABSORPTION_EVENT,OKX,W4_APRIL,2024-04-17T03:44:00+00:00,63913.05,TIMEOUT,0,0,0,0,1,1.714,0.828,,,
OK-W4_APRIL-SELL-7419,SELL_PRESSURE_NO_ABSORPTION_EVENT,OKX,W4_APRIL,2024-04-17T04:19:00+00:00,63696.95,TIMEOUT,0,0,0,0,1,1.704,1.17,,,
OK-W4_APRIL-SELL-7491,SELL_PRESSURE_NO_ABSORPTION_EVENT,OKX,W4_APRIL,2024-04-17T05:31:00+00:00,64161.75,WIN,1,0,0,0,0,2.065,0.153,280,,
OK-W4_APRIL-SELL-7538,SELL_PRESSURE_NO_ABSORPTION_EVENT,OKX,W4_APRIL,2024-04-17T06:18:00+00:00,63785.15,WIN,1,0,0,0,0,2.039,0.337,368,,
OK-W4_APRIL-SELL-7578,SELL_PRESSURE_NO_ABSORPTION_EVENT,OKX,W4_APRIL,2024-04-17T06:58:00+00:00,63891.95,WIN,1,0,0,0,0,2.004,0.076,301,,
OK-W4_APRIL-SELL-7640,SELL_PRESSURE_NO_ABSORPTION_EVENT,OKX,W4_APRIL,2024-04-17T08:00:00+00:00,63483.75,WIN,1,0,0,0,0,2.058,0.147,277,,
OK-W4_APRIL-SELL-7680,SELL_PRESSURE_NO_ABSORPTION_EVENT,OKX,W4_APRIL,2024-04-17T08:40:00+00:00,63463.25,WIN,1,0,0,0,0,2.027,0.089,237,,
OK-W4_APRIL-SELL-7721,SELL_PRESSURE_NO_ABSORPTION_EVENT,OKX,W4_APRIL,2024-04-17T09:21:00+00:00,63417.15,WIN,1,0,0,0,0,2.096,0.162,201,,
OK-W4_APRIL-SELL-7753,SELL_PRESSURE_NO_ABSORPTION_EVENT,OKX,W4_APRIL,2024-04-17T09:53:00+00:00,63318.95,WIN,1,0,0,0,0,2.108,0.008,253,,
OK-W4_APRIL-SELL-7809,SELL_PRESSURE_NO_ABSORPTION_EVENT,OKX,W4_APRIL,2024-04-17T10:49:00+00:00,62909.65,WIN,1,0,0,0,0,2.252,0.364,210,,
OK-W4_APRIL-SELL-7848,SELL_PRESSURE_NO_ABSORPTION_EVENT,OKX,W4_APRIL,2024-04-17T11:28:00+00:00,62987.75,WIN,1,0,0,0,0,2.078,0.131,170,,
OK-W4_APRIL-SELL-7880,SELL_PRESSURE_NO_ABSORPTION_EVENT,OKX,W4_APRIL,2024-04-17T12:00:00+00:00,62663.35,WIN,1,0,0,0,0,2.077,0.36,142,,
OK-W4_APRIL-SELL-7911,SELL_PRESSURE_NO_ABSORPTION_EVENT,OKX,W4_APRIL,2024-04-17T12:31:00+00:00,62475.45,WIN,1,0,0,0,0,2.15,0.662,112,,
OK-W4_APRIL-SELL-7946,SELL_PRESSURE_NO_ABSORPTION_EVENT,OKX,W4_APRIL,2024-04-17T13:06:00+00:00,62196.25,WIN,1,0,0,0,0,2.09,1.113,88,,
OK-W4_APRIL-SELL-7992,SELL_PRESSURE_NO_ABSORPTION_EVENT,OKX,W4_APRIL,2024-04-17T13:52:00+00:00,62631.45,WIN,1,0,0,0,0,2.027,0.148,30,,
OK-W4_APRIL-SELL-8023,SELL_PRESSURE_NO_ABSORPTION_EVENT,OKX,W4_APRIL,2024-04-17T14:23:00+00:00,61131.95,WIN,1,0,0,0,0,2.087,1.302,102,,
OK-W4_APRIL-SELL-8056,SELL_PRESSURE_NO_ABSORPTION_EVENT,OKX,W4_APRIL,2024-04-17T14:56:00+00:00,61198.65,WIN,1,0,0,0,0,2.194,0.336,69,,
OK-W4_APRIL-SELL-8090,SELL_PRESSURE_NO_ABSORPTION_EVENT,OKX,W4_APRIL,2024-04-17T15:30:00+00:00,60493.95,LOSS,0,0,0,1,0,1.061,1.502,,,
OK-W4_APRIL-SELL-8124,SELL_PRESSURE_NO_ABSORPTION_EVENT,OKX,W4_APRIL,2024-04-17T16:04:00+00:00,60062.55,LOSS,0,0,0,1,0,0.351,1.53,,,
OK-W4_APRIL-SELL-8159,SELL_PRESSURE_NO_ABSORPTION_EVENT,OKX,W4_APRIL,2024-04-17T16:39:00+00:00,60318.25,LOSS,0,0,0,1,0,0.527,1.604,,,
OK-W4_APRIL-SELL-8225,SELL_PRESSURE_NO_ABSORPTION_EVENT,OKX,W4_APRIL,2024-04-17T17:45:00+00:00,60683.45,LOSS,0,0,0,1,0,0.0,1.755,,,
OK-W4_APRIL-SELL-8274,SELL_PRESSURE_NO_ABSORPTION_EVENT,OKX,W4_APRIL,2024-04-17T18:34:00+00:00,61533.95,TIMEOUT,0,0,0,0,1,1.234,0.485,,,
OK-W4_APRIL-SELL-8305,SELL_PRESSURE_NO_ABSORPTION_EVENT,OKX,W4_APRIL,2024-04-17T19:05:00+00:00,61240.05,TIMEOUT,0,0,0,0,1,0.76,0.833,,,
OK-W4_APRIL-SELL-8338,SELL_PRESSURE_NO_ABSORPTION_EVENT,OKX,W4_APRIL,2024-04-17T19:38:00+00:00,60956.15,TIMEOUT,0,0,0,0,1,0.298,1.302,,,
OK-W4_APRIL-SELL-8402,SELL_PRESSURE_NO_ABSORPTION_EVENT,OKX,W4_APRIL,2024-04-17T20:42:00+00:00,61211.95,TIMEOUT,0,0,0,0,1,0.673,0.879,,,
OK-W4_APRIL-SELL-8449,SELL_PRESSURE_NO_ABSORPTION_EVENT,OKX,W4_APRIL,2024-04-17T21:29:00+00:00,61383.95,TIMEOUT,0,0,0,0,1,0.587,0.596,,,
OK-W4_APRIL-SELL-8554,SELL_PRESSURE_NO_ABSORPTION_EVENT,OKX,W4_APRIL,2024-04-17T23:14:00+00:00,61588.65,TIMEOUT,0,0,0,0,1,0.58,0.0,,,
OK-W4_APRIL-CVD_-71,CVD_BREAKDOWN_EVENT,OKX,W4_APRIL,2024-04-12T01:11:00+00:00,70169.35,LOSS,0,0,0,1,0,0.049,1.541,,,
OK-W4_APRIL-CVD_-102,CVD_BREAKDOWN_EVENT,OKX,W4_APRIL,2024-04-12T01:42:00+00:00,70223.65,TIMEOUT,0,0,0,0,1,0.055,1.462,,,
OK-W4_APRIL-CVD_-201,CVD_BREAKDOWN_EVENT,OKX,W4_APRIL,2024-04-12T03:21:00+00:00,70675.65,TIMEOUT,0,0,0,0,1,0.144,0.814,,,
OK-W4_APRIL-CVD_-268,CVD_BREAKDOWN_EVENT,OKX,W4_APRIL,2024-04-12T04:28:00+00:00,70856.05,TIMEOUT,0,0,0,0,1,0.398,0.557,,,
OK-W4_APRIL-CVD_-346,CVD_BREAKDOWN_EVENT,OKX,W4_APRIL,2024-04-12T05:46:00+00:00,70934.05,TIMEOUT,0,0,0,0,1,1.804,0.138,,,
OK-W4_APRIL-CVD_-377,CVD_BREAKDOWN_EVENT,OKX,W4_APRIL,2024-04-12T06:17:00+00:00,70909.65,TIMEOUT,0,0,0,0,1,1.782,0.11,,,
OK-W4_APRIL-CVD_-460,CVD_BREAKDOWN_EVENT,OKX,W4_APRIL,2024-04-12T07:40:00+00:00,70611.65,TIMEOUT,0,0,0,0,1,1.938,0.484,,,
OK-W4_APRIL-CVD_-586,CVD_BREAKDOWN_EVENT,OKX,W4_APRIL,2024-04-12T09:46:00+00:00,70574.05,WIN,1,0,0,0,0,2.038,0.538,388,,
OK-W4_APRIL-CVD_-734,CVD_BREAKDOWN_EVENT,OKX,W4_APRIL,2024-04-12T12:14:00+00:00,70869.25,WIN,1,0,0,0,0,2.159,0.0,156,,
OK-W4_APRIL-CVD_-820,CVD_BREAKDOWN_EVENT,OKX,W4_APRIL,2024-04-12T13:40:00+00:00,69926.15,WIN,1,0,0,0,0,2.038,0.212,210,,
OK-W4_APRIL-CVD_-956,CVD_BREAKDOWN_EVENT,OKX,W4_APRIL,2024-04-12T15:56:00+00:00,69330.85,WIN,1,0,0,0,0,2.397,0.324,92,,
OK-W4_APRIL-CVD_-1025,CVD_BREAKDOWN_EVENT,OKX,W4_APRIL,2024-04-12T17:05:00+00:00,68555.65,WIN,1,1,0,0,0,2.699,0.237,80,80,
OK-W4_APRIL-CVD_-1063,CVD_BREAKDOWN_EVENT,OKX,W4_APRIL,2024-04-12T17:50:00+00:00,68129.45,WIN,1,0,0,0,0,2.091,0.316,42,,
OK-W4_APRIL-CVD_-1094,CVD_BREAKDOWN_EVENT,OKX,W4_APRIL,2024-04-12T18:21:00+00:00,67845.05,WIN,1,0,0,0,0,2.006,0.0,13,,
OK-W4_APRIL-CVD_-1244,CVD_BREAKDOWN_EVENT,OKX,W4_APRIL,2024-04-12T20:51:00+00:00,67061.65,TIMEOUT,0,0,0,0,1,1.854,1.273,,,
OK-W4_APRIL-CVD_-1294,CVD_BREAKDOWN_EVENT,OKX,W4_APRIL,2024-04-12T21:41:00+00:00,66710.05,LOSS,0,0,0,1,0,1.337,1.598,,,
OK-W4_APRIL-CVD_-1380,CVD_BREAKDOWN_EVENT,OKX,W4_APRIL,2024-04-12T23:07:00+00:00,66856.95,LOSS,0,0,0,1,0,1.554,1.544,,,
OK-W4_APRIL-CVD_-1474,CVD_BREAKDOWN_EVENT,OKX,W4_APRIL,2024-04-13T00:41:00+00:00,66844.35,LOSS,0,0,0,1,0,1.535,1.563,,,
OK-W4_APRIL-CVD_-1505,CVD_BREAKDOWN_EVENT,OKX,W4_APRIL,2024-04-13T01:12:00+00:00,66593.15,LOSS,0,0,0,1,0,1.164,1.587,,,
OK-W4_APRIL-CVD_-1543,CVD_BREAKDOWN_EVENT,OKX,W4_APRIL,2024-04-13T01:50:00+00:00,66054.35,LOSS,0,0,0,1,0,0.357,1.608,,,
OK-W4_APRIL-CVD_-1730,CVD_BREAKDOWN_EVENT,OKX,W4_APRIL,2024-04-13T05:30:00+00:00,67546.65,TIMEOUT,0,0,0,0,1,0.694,0.338,,,
OK-W4_APRIL-CVD_-1779,CVD_BREAKDOWN_EVENT,OKX,W4_APRIL,2024-04-13T06:19:00+00:00,67272.85,TIMEOUT,0,0,0,0,1,0.29,0.746,,,
OK-W4_APRIL-CVD_-1839,CVD_BREAKDOWN_EVENT,OKX,W4_APRIL,2024-04-13T07:19:00+00:00,67164.35,TIMEOUT,0,0,0,0,1,0.129,0.909,,,
OK-W4_APRIL-CVD_-1886,CVD_BREAKDOWN_EVENT,OKX,W4_APRIL,2024-04-13T08:06:00+00:00,67261.95,TIMEOUT,0,0,0,0,1,0.274,0.944,,,
OK-W4_APRIL-CVD_-1930,CVD_BREAKDOWN_EVENT,OKX,W4_APRIL,2024-04-13T08:50:00+00:00,67163.25,TIMEOUT,0,0,0,0,1,0.127,1.093,,,
OK-W4_APRIL-CVD_-2127,CVD_BREAKDOWN_EVENT,OKX,W4_APRIL,2024-04-13T12:07:00+00:00,67240.05,WIN,1,0,0,0,0,2.141,0.977,464,,
OK-W4_APRIL-CVD_-2213,CVD_BREAKDOWN_EVENT,OKX,W4_APRIL,2024-04-13T13:33:00+00:00,67467.55,WIN,1,0,0,0,0,2.13,0.637,376,,
OK-W4_APRIL-CVD_-2244,CVD_BREAKDOWN_EVENT,OKX,W4_APRIL,2024-04-13T14:04:00+00:00,67504.95,WIN,1,0,0,0,0,2.184,0.581,345,,
OK-W4_APRIL-CVD_-2275,CVD_BREAKDOWN_EVENT,OKX,W4_APRIL,2024-04-13T14:35:00+00:00,67503.95,WIN,1,0,0,0,0,2.182,0.582,314,,
OK-W4_APRIL-CVD_-2311,CVD_BREAKDOWN_EVENT,OKX,W4_APRIL,2024-04-13T15:11:00+00:00,67432.65,WIN,1,0,0,0,0,2.079,0.689,278,,
OK-W4_APRIL-CVD_-2382,CVD_BREAKDOWN_EVENT,OKX,W4_APRIL,2024-04-13T16:22:00+00:00,67404.15,WIN,1,0,0,0,0,2.038,0.263,207,,
OK-W4_APRIL-CVD_-2421,CVD_BREAKDOWN_EVENT,OKX,W4_APRIL,2024-04-13T17:01:00+00:00,67250.25,WIN,1,0,0,0,0,2.155,0.104,170,,
OK-W4_APRIL-CVD_-2456,CVD_BREAKDOWN_EVENT,OKX,W4_APRIL,2024-04-13T17:36:00+00:00,66748.05,WIN,1,0,0,0,0,2.268,0.716,137,,
OK-W4_APRIL-CVD_-2586,CVD_BREAKDOWN_EVENT,OKX,W4_APRIL,2024-04-13T19:46:00+00:00,66558.25,WIN,1,1,0,0,0,2.879,0.0,8,8,
OK-W4_APRIL-CVD_-2622,CVD_BREAKDOWN_EVENT,OKX,W4_APRIL,2024-04-13T20:22:00+00:00,61810.85,LOSS,0,0,0,1,0,0.553,1.625,,,
OK-W4_APRIL-CVD_-2654,CVD_BREAKDOWN_EVENT,OKX,W4_APRIL,2024-04-13T20:54:00+00:00,61469.25,LOSS,0,0,0,1,0,0.0,1.539,,,
OK-W4_APRIL-CVD_-2685,CVD_BREAKDOWN_EVENT,OKX,W4_APRIL,2024-04-13T21:25:00+00:00,61924.55,LOSS,0,0,0,1,0,0.219,1.644,,,
OK-W4_APRIL-CVD_-2837,CVD_BREAKDOWN_EVENT,OKX,W4_APRIL,2024-04-13T23:57:00+00:00,63916.05,WIN,1,0,0,0,0,2.037,0.588,188,,
OK-W4_APRIL-CVD_-2976,CVD_BREAKDOWN_EVENT,OKX,W4_APRIL,2024-04-14T02:16:00+00:00,63540.85,WIN,1,0,0,0,0,2.005,0.014,55,,
OK-W4_APRIL-CVD_-3021,CVD_BREAKDOWN_EVENT,OKX,W4_APRIL,2024-04-14T03:01:00+00:00,62940.65,LOSS,0,0,0,1,0,1.183,1.579,,,
OK-W4_APRIL-CVD_-3201,CVD_BREAKDOWN_EVENT,OKX,W4_APRIL,2024-04-14T06:01:00+00:00,64271.75,TIMEOUT,0,0,0,0,1,0.587,0.928,,,
OK-W4_APRIL-CVD_-3284,CVD_BREAKDOWN_EVENT,OKX,W4_APRIL,2024-04-14T07:24:00+00:00,64610.05,TIMEOUT,0,0,0,0,1,1.713,0.357,,,
OK-W4_APRIL-CVD_-3371,CVD_BREAKDOWN_EVENT,OKX,W4_APRIL,2024-04-14T08:51:00+00:00,64458.15,TIMEOUT,0,0,0,0,1,1.481,0.594,,,
OK-W4_APRIL-CVD_-3405,CVD_BREAKDOWN_EVENT,OKX,W4_APRIL,2024-04-14T09:25:00+00:00,64263.15,WIN,1,0,0,0,0,2.147,0.899,477,,
OK-W4_APRIL-CVD_-3516,CVD_BREAKDOWN_EVENT,OKX,W4_APRIL,2024-04-14T11:16:00+00:00,64065.25,WIN,1,0,0,0,0,2.031,1.211,368,,
OK-W4_APRIL-CVD_-3669,CVD_BREAKDOWN_EVENT,OKX,W4_APRIL,2024-04-14T13:49:00+00:00,64362.45,WIN,1,0,0,0,0,2.298,0.493,213,,
OK-W4_APRIL-CVD_-3701,CVD_BREAKDOWN_EVENT,OKX,W4_APRIL,2024-04-14T14:21:00+00:00,63970.15,LOSS,0,0,0,1,0,1.948,1.72,,,
OK-W4_APRIL-CVD_-3871,CVD_BREAKDOWN_EVENT,OKX,W4_APRIL,2024-04-14T17:11:00+00:00,64259.85,WIN,1,0,0,0,0,2.142,0.0,11,,
OK-W4_APRIL-CVD_-4005,CVD_BREAKDOWN_EVENT,OKX,W4_APRIL,2024-04-14T19:25:00+00:00,63943.95,LOSS,0,0,0,1,0,0.92,1.762,,,
OK-W4_APRIL-CVD_-4086,CVD_BREAKDOWN_EVENT,OKX,W4_APRIL,2024-04-14T20:46:00+00:00,63920.25,LOSS,0,0,0,1,0,0.883,1.799,,,
OK-W4_APRIL-CVD_-4120,CVD_BREAKDOWN_EVENT,OKX,W4_APRIL,2024-04-14T21:20:00+00:00,63528.55,LOSS,0,0,0,1,0,0.272,2.427,,,
OK-W4_APRIL-CVD_-4274,CVD_BREAKDOWN_EVENT,OKX,W4_APRIL,2024-04-14T23:54:00+00:00,65603.95,TIMEOUT,0,0,0,0,1,1.309,1.397,,,
OK-W4_APRIL-CVD_-4305,CVD_BREAKDOWN_EVENT,OKX,W4_APRIL,2024-04-15T00:25:00+00:00,65427.95,LOSS,0,0,0,1,0,1.043,1.599,,,
OK-W4_APRIL-CVD_-4347,CVD_BREAKDOWN_EVENT,OKX,W4_APRIL,2024-04-15T01:07:00+00:00,65365.35,LOSS,0,0,0,1,0,0.949,1.538,,,
OK-W4_APRIL-CVD_-4388,CVD_BREAKDOWN_EVENT,OKX,W4_APRIL,2024-04-15T01:48:00+00:00,65137.95,LOSS,0,0,0,1,0,0.603,1.752,,,
OK-W4_APRIL-CVD_-4420,CVD_BREAKDOWN_EVENT,OKX,W4_APRIL,2024-04-15T02:20:00+00:00,65195.75,LOSS,0,0,0,1,0,0.691,1.661,,,
OK-W4_APRIL-CVD_-4525,CVD_BREAKDOWN_EVENT,OKX,W4_APRIL,2024-04-15T04:05:00+00:00,65011.55,LOSS,0,0,0,1,0,0.41,1.626,,,
OK-W4_APRIL-CVD_-4769,CVD_BREAKDOWN_EVENT,OKX,W4_APRIL,2024-04-15T08:09:00+00:00,66103.95,WIN,1,0,0,0,0,2.263,0.977,397,,
OK-W4_APRIL-CVD_-4809,CVD_BREAKDOWN_EVENT,OKX,W4_APRIL,2024-04-15T08:49:00+00:00,66281.95,WIN,1,0,0,0,0,2.159,0.706,353,,
OK-W4_APRIL-CVD_-4898,CVD_BREAKDOWN_EVENT,OKX,W4_APRIL,2024-04-15T10:18:00+00:00,66449.45,WIN,1,0,0,0,0,2.199,0.305,261,,
OK-W4_APRIL-CVD_-4950,CVD_BREAKDOWN_EVENT,OKX,W4_APRIL,2024-04-15T11:10:00+00:00,66296.25,WIN,1,0,0,0,0,2.18,0.067,212,,
OK-W4_APRIL-CVD_-4981,CVD_BREAKDOWN_EVENT,OKX,W4_APRIL,2024-04-15T11:41:00+00:00,65999.95,WIN,1,0,0,0,0,2.109,0.516,185,,
OK-W4_APRIL-CVD_-5098,CVD_BREAKDOWN_EVENT,OKX,W4_APRIL,2024-04-15T13:38:00+00:00,65909.35,WIN,1,0,0,0,0,2.086,0.654,69,,
OK-W4_APRIL-CVD_-5129,CVD_BREAKDOWN_EVENT,OKX,W4_APRIL,2024-04-15T14:09:00+00:00,65627.65,WIN,1,0,0,0,0,2.2,0.0,49,,
OK-W4_APRIL-CVD_-5161,CVD_BREAKDOWN_EVENT,OKX,W4_APRIL,2024-04-15T14:41:00+00:00,64983.95,WIN,1,0,0,0,0,2.232,0.0,186,,
OK-W4_APRIL-CVD_-5332,CVD_BREAKDOWN_EVENT,OKX,W4_APRIL,2024-04-15T17:32:00+00:00,63838.55,WIN,1,0,0,0,0,2.351,0.402,94,,
OK-W4_APRIL-CVD_-5377,CVD_BREAKDOWN_EVENT,OKX,W4_APRIL,2024-04-15T18:17:00+00:00,63199.35,TIMEOUT,0,0,0,0,1,1.363,1.045,,,
OK-W4_APRIL-CVD_-5420,CVD_BREAKDOWN_EVENT,OKX,W4_APRIL,2024-04-15T19:00:00+00:00,62957.55,TIMEOUT,0,0,0,0,1,0.984,1.414,,,
OK-W4_APRIL-CVD_-5564,CVD_BREAKDOWN_EVENT,OKX,W4_APRIL,2024-04-15T21:24:00+00:00,62868.85,LOSS,0,0,0,1,0,0.202,1.557,,,
OK-W4_APRIL-CVD_-5758,CVD_BREAKDOWN_EVENT,OKX,W4_APRIL,2024-04-16T00:38:00+00:00,63098.75,WIN,1,0,0,0,0,2.189,1.187,247,,
OK-W4_APRIL-CVD_-5851,CVD_BREAKDOWN_EVENT,OKX,W4_APRIL,2024-04-16T02:11:00+00:00,62921.85,TIMEOUT,0,0,0,0,1,1.914,1.334,,,
OK-W4_APRIL-CVD_-5928,CVD_BREAKDOWN_EVENT,OKX,W4_APRIL,2024-04-16T03:28:00+00:00,63190.35,WIN,1,0,0,0,0,2.331,0.0,77,,
OK-W4_APRIL-CVD_-5970,CVD_BREAKDOWN_EVENT,OKX,W4_APRIL,2024-04-16T04:10:00+00:00,62722.05,LOSS,0,0,0,1,0,1.602,1.657,,,
OK-W4_APRIL-CVD_-6001,CVD_BREAKDOWN_EVENT,OKX,W4_APRIL,2024-04-16T04:41:00+00:00,62262.95,LOSS,0,0,0,1,0,0.876,1.521,,,
OK-W4_APRIL-CVD_-6069,CVD_BREAKDOWN_EVENT,OKX,W4_APRIL,2024-04-16T05:49:00+00:00,62734.95,LOSS,0,0,0,1,0,0.221,1.636,,,
OK-W4_APRIL-CVD_-6222,CVD_BREAKDOWN_EVENT,OKX,W4_APRIL,2024-04-16T08:22:00+00:00,63239.45,WIN,1,0,0,0,0,2.352,0.462,125,,
OK-W4_APRIL-CVD_-6320,CVD_BREAKDOWN_EVENT,OKX,W4_APRIL,2024-04-16T10:00:00+00:00,63240.65,WIN,1,0,0,0,0,2.354,0.135,27,,
OK-W4_APRIL-CVD_-6536,CVD_BREAKDOWN_EVENT,OKX,W4_APRIL,2024-04-16T13:36:00+00:00,62799.95,LOSS,0,0,0,1,0,1.72,1.541,,,
OK-W4_APRIL-CVD_-6619,CVD_BREAKDOWN_EVENT,OKX,W4_APRIL,2024-04-16T14:59:00+00:00,62087.75,LOSS,0,0,0,1,0,0.593,1.548,,,
OK-W4_APRIL-CVD_-6653,CVD_BREAKDOWN_EVENT,OKX,W4_APRIL,2024-04-16T15:33:00+00:00,61977.25,LOSS,0,0,0,1,0,0.416,1.605,,,
OK-W4_APRIL-CVD_-6895,CVD_BREAKDOWN_EVENT,OKX,W4_APRIL,2024-04-16T19:35:00+00:00,62796.85,LOSS,0,0,0,1,0,0.339,1.546,,,
OK-W4_APRIL-CVD_-7135,CVD_BREAKDOWN_EVENT,OKX,W4_APRIL,2024-04-16T23:35:00+00:00,63738.85,TIMEOUT,0,0,0,0,1,0.618,1.103,,,
OK-W4_APRIL-CVD_-7187,CVD_BREAKDOWN_EVENT,OKX,W4_APRIL,2024-04-17T00:27:00+00:00,63607.75,TIMEOUT,0,0,0,0,1,0.488,1.311,,,
OK-W4_APRIL-CVD_-7256,CVD_BREAKDOWN_EVENT,OKX,W4_APRIL,2024-04-17T01:36:00+00:00,63831.95,TIMEOUT,0,0,0,0,1,0.931,0.956,,,
OK-W4_APRIL-CVD_-7293,CVD_BREAKDOWN_EVENT,OKX,W4_APRIL,2024-04-17T02:13:00+00:00,64089.55,TIMEOUT,0,0,0,0,1,1.955,0.55,,,
OK-W4_APRIL-CVD_-7327,CVD_BREAKDOWN_EVENT,OKX,W4_APRIL,2024-04-17T02:47:00+00:00,63724.65,TIMEOUT,0,0,0,0,1,1.423,1.126,,,
OK-W4_APRIL-CVD_-7394,CVD_BREAKDOWN_EVENT,OKX,W4_APRIL,2024-04-17T03:54:00+00:00,63727.35,TIMEOUT,0,0,0,0,1,1.499,1.121,,,
OK-W4_APRIL-CVD_-7585,CVD_BREAKDOWN_EVENT,OKX,W4_APRIL,2024-04-17T07:05:00+00:00,63628.95,WIN,1,0,0,0,0,2.064,0.026,330,,
OK-W4_APRIL-CVD_-7639,CVD_BREAKDOWN_EVENT,OKX,W4_APRIL,2024-04-17T07:59:00+00:00,63297.25,WIN,1,0,0,0,0,2.074,0.442,367,,
OK-W4_APRIL-CVD_-7686,CVD_BREAKDOWN_EVENT,OKX,W4_APRIL,2024-04-17T08:46:00+00:00,63237.95,WIN,1,0,0,0,0,2.116,0.446,331,,
OK-W4_APRIL-CVD_-7720,CVD_BREAKDOWN_EVENT,OKX,W4_APRIL,2024-04-17T09:20:00+00:00,63427.95,WIN,1,0,0,0,0,2.112,0.145,202,,
OK-W4_APRIL-CVD_-7771,CVD_BREAKDOWN_EVENT,OKX,W4_APRIL,2024-04-17T10:11:00+00:00,62836.75,WIN,1,0,0,0,0,2.139,0.481,248,,
OK-W4_APRIL-CVD_-7813,CVD_BREAKDOWN_EVENT,OKX,W4_APRIL,2024-04-17T10:53:00+00:00,62849.85,WIN,1,0,0,0,0,2.159,0.46,206,,
OK-W4_APRIL-CVD_-7855,CVD_BREAKDOWN_EVENT,OKX,W4_APRIL,2024-04-17T11:35:00+00:00,62898.25,WIN,1,0,0,0,0,2.234,0.201,164,,
OK-W4_APRIL-CVD_-7894,CVD_BREAKDOWN_EVENT,OKX,W4_APRIL,2024-04-17T12:14:00+00:00,62663.95,WIN,1,0,0,0,0,2.078,0.359,128,,
OK-W4_APRIL-CVD_-7934,CVD_BREAKDOWN_EVENT,OKX,W4_APRIL,2024-04-17T12:54:00+00:00,62279.95,WIN,1,0,0,0,0,2.222,0.978,100,,
OK-W4_APRIL-CVD_-8018,CVD_BREAKDOWN_EVENT,OKX,W4_APRIL,2024-04-17T14:18:00+00:00,61678.75,WIN,1,0,0,0,0,2.054,0.404,71,,
OK-W4_APRIL-CVD_-8064,CVD_BREAKDOWN_EVENT,OKX,W4_APRIL,2024-04-17T15:04:00+00:00,61047.75,TIMEOUT,0,0,0,0,1,1.959,1.441,,,
OK-W4_APRIL-CVD_-8124,CVD_BREAKDOWN_EVENT,OKX,W4_APRIL,2024-04-17T16:04:00+00:00,60062.55,LOSS,0,0,0,1,0,0.351,1.53,,,
OK-W4_APRIL-CVD_-8300,CVD_BREAKDOWN_EVENT,OKX,W4_APRIL,2024-04-17T19:00:00+00:00,61343.65,TIMEOUT,0,0,0,0,1,0.928,0.662,,,
OK-W4_APRIL-CVD_-8340,CVD_BREAKDOWN_EVENT,OKX,W4_APRIL,2024-04-17T19:40:00+00:00,60774.45,LOSS,0,0,0,1,0,0.0,1.523,,,
OK-W4_APRIL-CVD_-8408,CVD_BREAKDOWN_EVENT,OKX,W4_APRIL,2024-04-17T20:48:00+00:00,61090.75,TIMEOUT,0,0,0,0,1,0.476,1.079,,,
OK-W4_APRIL-CVD_-8557,CVD_BREAKDOWN_EVENT,OKX,W4_APRIL,2024-04-17T23:17:00+00:00,61448.65,TIMEOUT,0,0,0,0,1,0.353,0.0,,,
OK-W4_APRIL-ACTI-223,ACTIVE_MARKDOWN_EVENT,OKX,W4_APRIL,2024-04-12T03:43:00+00:00,70800.05,TIMEOUT,0,0,0,0,1,0.319,0.636,,,
OK-W4_APRIL-ACTI-307,ACTIVE_MARKDOWN_EVENT,OKX,W4_APRIL,2024-04-12T05:07:00+00:00,71095.25,TIMEOUT,0,0,0,0,1,1.107,0.0,,,
OK-W4_APRIL-ACTI-338,ACTIVE_MARKDOWN_EVENT,OKX,W4_APRIL,2024-04-12T05:38:00+00:00,70947.95,TIMEOUT,0,0,0,0,1,1.28,0.118,,,
OK-W4_APRIL-ACTI-369,ACTIVE_MARKDOWN_EVENT,OKX,W4_APRIL,2024-04-12T06:09:00+00:00,70889.15,TIMEOUT,0,0,0,0,1,1.754,0.139,,,
OK-W4_APRIL-ACTI-947,ACTIVE_MARKDOWN_EVENT,OKX,W4_APRIL,2024-04-12T15:47:00+00:00,69469.55,WIN,1,0,0,0,0,2.101,0.123,100,,
OK-W4_APRIL-ACTI-987,ACTIVE_MARKDOWN_EVENT,OKX,W4_APRIL,2024-04-12T16:27:00+00:00,68999.95,WIN,1,0,0,0,0,2.108,0.078,67,,
OK-W4_APRIL-ACTI-1038,ACTIVE_MARKDOWN_EVENT,OKX,W4_APRIL,2024-04-12T17:18:00+00:00,68717.95,WIN,1,1,0,0,0,2.929,0.0,67,67,
OK-W4_APRIL-ACTI-1073,ACTIVE_MARKDOWN_EVENT,OKX,W4_APRIL,2024-04-12T18:00:00+00:00,68011.95,WIN,1,0,0,0,0,2.171,0.489,33,,
OK-W4_APRIL-ACTI-1109,ACTIVE_MARKDOWN_EVENT,OKX,W4_APRIL,2024-04-12T18:36:00+00:00,65906.35,LOSS,0,0,0,1,0,0.0,1.517,,,
OK-W4_APRIL-ACTI-1146,ACTIVE_MARKDOWN_EVENT,OKX,W4_APRIL,2024-04-12T19:13:00+00:00,66544.95,TIMEOUT,0,0,0,0,1,1.092,1.29,,,
OK-W4_APRIL-ACTI-1180,ACTIVE_MARKDOWN_EVENT,OKX,W4_APRIL,2024-04-12T19:47:00+00:00,66902.85,TIMEOUT,0,0,0,0,1,1.621,0.748,,,
OK-W4_APRIL-ACTI-1224,ACTIVE_MARKDOWN_EVENT,OKX,W4_APRIL,2024-04-12T20:31:00+00:00,67253.25,WIN,1,0,0,0,0,2.023,0.223,326,,
OK-W4_APRIL-ACTI-1255,ACTIVE_MARKDOWN_EVENT,OKX,W4_APRIL,2024-04-12T21:02:00+00:00,66960.15,TIMEOUT,0,0,0,0,1,1.705,1.426,,,
OK-W4_APRIL-ACTI-1286,ACTIVE_MARKDOWN_EVENT,OKX,W4_APRIL,2024-04-12T21:33:00+00:00,66827.05,LOSS,0,0,0,1,0,1.51,1.589,,,
OK-W4_APRIL-ACTI-1344,ACTIVE_MARKDOWN_EVENT,OKX,W4_APRIL,2024-04-12T22:31:00+00:00,67096.35,TIMEOUT,0,0,0,0,1,1.905,1.22,,,
OK-W4_APRIL-ACTI-1382,ACTIVE_MARKDOWN_EVENT,OKX,W4_APRIL,2024-04-12T23:09:00+00:00,66836.85,LOSS,0,0,0,1,0,1.524,1.574,,,
OK-W4_APRIL-ACTI-1455,ACTIVE_MARKDOWN_EVENT,OKX,W4_APRIL,2024-04-13T00:22:00+00:00,66983.85,TIMEOUT,0,0,0,0,1,1.74,1.39,,,
OK-W4_APRIL-ACTI-1545,ACTIVE_MARKDOWN_EVENT,OKX,W4_APRIL,2024-04-13T01:52:00+00:00,66180.05,LOSS,0,0,0,1,0,0.547,1.517,,,
OK-W4_APRIL-ACTI-1701,ACTIVE_MARKDOWN_EVENT,OKX,W4_APRIL,2024-04-13T05:01:00+00:00,67577.15,TIMEOUT,0,0,0,0,1,0.739,0.448,,,
OK-W4_APRIL-ACTI-1732,ACTIVE_MARKDOWN_EVENT,OKX,W4_APRIL,2024-04-13T05:32:00+00:00,67497.65,TIMEOUT,0,0,0,0,1,0.622,0.411,,,
OK-W4_APRIL-ACTI-1779,ACTIVE_MARKDOWN_EVENT,OKX,W4_APRIL,2024-04-13T06:19:00+00:00,67272.85,TIMEOUT,0,0,0,0,1,0.29,0.746,,,
OK-W4_APRIL-ACTI-1838,ACTIVE_MARKDOWN_EVENT,OKX,W4_APRIL,2024-04-13T07:18:00+00:00,67207.55,TIMEOUT,0,0,0,0,1,0.193,0.844,,,
OK-W4_APRIL-ACTI-1872,ACTIVE_MARKDOWN_EVENT,OKX,W4_APRIL,2024-04-13T07:52:00+00:00,67369.15,TIMEOUT,0,0,0,0,1,0.433,0.784,,,
OK-W4_APRIL-ACTI-2004,ACTIVE_MARKDOWN_EVENT,OKX,W4_APRIL,2024-04-13T10:04:00+00:00,67340.15,TIMEOUT,0,0,0,0,1,1.059,0.827,,,
OK-W4_APRIL-ACTI-2085,ACTIVE_MARKDOWN_EVENT,OKX,W4_APRIL,2024-04-13T11:25:00+00:00,67536.75,TIMEOUT,0,0,0,0,1,1.529,0.534,,,
OK-W4_APRIL-ACTI-2116,ACTIVE_MARKDOWN_EVENT,OKX,W4_APRIL,2024-04-13T11:56:00+00:00,67357.75,WIN,1,0,0,0,0,2.105,0.801,474,,
OK-W4_APRIL-ACTI-2212,ACTIVE_MARKDOWN_EVENT,OKX,W4_APRIL,2024-04-13T13:32:00+00:00,67623.15,WIN,1,0,0,0,0,2.355,0.405,377,,
OK-W4_APRIL-ACTI-2275,ACTIVE_MARKDOWN_EVENT,OKX,W4_APRIL,2024-04-13T14:35:00+00:00,67503.95,WIN,1,0,0,0,0,2.182,0.582,314,,
OK-W4_APRIL-ACTI-2350,ACTIVE_MARKDOWN_EVENT,OKX,W4_APRIL,2024-04-13T15:50:00+00:00,67650.05,WIN,1,0,0,0,0,2.394,0.123,239,,
OK-W4_APRIL-ACTI-2381,ACTIVE_MARKDOWN_EVENT,OKX,W4_APRIL,2024-04-13T16:21:00+00:00,67462.85,WIN,1,0,0,0,0,2.123,0.175,208,,
OK-W4_APRIL-ACTI-2513,ACTIVE_MARKDOWN_EVENT,OKX,W4_APRIL,2024-04-13T18:33:00+00:00,66744.85,WIN,1,0,0,0,0,2.264,0.721,80,,
OK-W4_APRIL-ACTI-2552,ACTIVE_MARKDOWN_EVENT,OKX,W4_APRIL,2024-04-13T19:12:00+00:00,67082.45,WIN,1,1,0,0,0,2.755,0.176,41,41,
OK-W4_APRIL-ACTI-2595,ACTIVE_MARKDOWN_EVENT,OKX,W4_APRIL,2024-04-13T19:55:00+00:00,64975.95,WIN,1,0,0,0,0,2.296,0.0,11,,
OK-W4_APRIL-ACTI-2646,ACTIVE_MARKDOWN_EVENT,OKX,W4_APRIL,2024-04-13T20:46:00+00:00,62068.05,LOSS,0,0,0,1,0,0.965,1.753,,,
OK-W4_APRIL-ACTI-2678,ACTIVE_MARKDOWN_EVENT,OKX,W4_APRIL,2024-04-13T21:18:00+00:00,62071.25,LOSS,0,0,0,1,0,0.455,1.747,,,
OK-W4_APRIL-ACTI-2731,ACTIVE_MARKDOWN_EVENT,OKX,W4_APRIL,2024-04-13T22:11:00+00:00,62363.95,LOSS,0,0,0,1,0,0.019,2.207,,,
OK-W4_APRIL-ACTI-2804,ACTIVE_MARKDOWN_EVENT,OKX,W4_APRIL,2024-04-13T23:24:00+00:00,64892.15,WIN,1,0,0,0,0,2.145,0.016,56,,
OK-W4_APRIL-ACTI-2835,ACTIVE_MARKDOWN_EVENT,OKX,W4_APRIL,2024-04-13T23:55:00+00:00,64116.05,WIN,1,0,0,0,0,2.044,0.275,187,,
OK-W4_APRIL-ACTI-2867,ACTIVE_MARKDOWN_EVENT,OKX,W4_APRIL,2024-04-14T00:27:00+00:00,63396.05,LOSS,0,0,0,1,0,1.893,1.541,,,
OK-W4_APRIL-ACTI-2898,ACTIVE_MARKDOWN_EVENT,OKX,W4_APRIL,2024-04-14T00:58:00+00:00,63602.95,WIN,1,0,0,0,0,2.052,0.722,132,,
OK-W4_APRIL-ACTI-2946,ACTIVE_MARKDOWN_EVENT,OKX,W4_APRIL,2024-04-14T01:46:00+00:00,63793.85,WIN,1,0,0,0,0,2.071,0.281,81,,
OK-W4_APRIL-ACTI-2977,ACTIVE_MARKDOWN_EVENT,OKX,W4_APRIL,2024-04-14T02:17:00+00:00,63550.05,WIN,1,0,0,0,0,2.019,0.0,54,,
OK-W4_APRIL-ACTI-3009,ACTIVE_MARKDOWN_EVENT,OKX,W4_APRIL,2024-04-14T02:49:00+00:00,63224.05,LOSS,0,0,0,1,0,1.626,1.576,,,
OK-W4_APRIL-ACTI-3072,ACTIVE_MARKDOWN_EVENT,OKX,W4_APRIL,2024-04-14T03:52:00+00:00,63107.05,LOSS,0,0,0,1,0,0.0,1.524,,,
OK-W4_APRIL-ACTI-3114,ACTIVE_MARKDOWN_EVENT,OKX,W4_APRIL,2024-04-14T04:34:00+00:00,63850.75,LOSS,0,0,0,1,0,0.0,1.593,,,
OK-W4_APRIL-ACTI-3166,ACTIVE_MARKDOWN_EVENT,OKX,W4_APRIL,2024-04-14T05:26:00+00:00,64198.95,TIMEOUT,0,0,0,0,1,0.474,1.042,,,
OK-W4_APRIL-ACTI-3203,ACTIVE_MARKDOWN_EVENT,OKX,W4_APRIL,2024-04-14T06:03:00+00:00,64201.25,TIMEOUT,0,0,0,0,1,0.478,1.039,,,
OK-W4_APRIL-ACTI-3252,ACTIVE_MARKDOWN_EVENT,OKX,W4_APRIL,2024-04-14T06:52:00+00:00,64612.85,TIMEOUT,0,0,0,0,1,1.717,0.353,,,
OK-W4_APRIL-ACTI-3283,ACTIVE_MARKDOWN_EVENT,OKX,W4_APRIL,2024-04-14T07:23:00+00:00,64635.95,TIMEOUT,0,0,0,0,1,1.752,0.317,,,
OK-W4_APRIL-ACTI-3315,ACTIVE_MARKDOWN_EVENT,OKX,W4_APRIL,2024-04-14T07:55:00+00:00,64370.05,TIMEOUT,0,0,0,0,1,1.346,0.731,,,
OK-W4_APRIL-ACTI-3364,ACTIVE_MARKDOWN_EVENT,OKX,W4_APRIL,2024-04-14T08:44:00+00:00,64632.55,TIMEOUT,0,0,0,0,1,1.747,0.322,,,
OK-W4_APRIL-ACTI-3395,ACTIVE_MARKDOWN_EVENT,OKX,W4_APRIL,2024-04-14T09:15:00+00:00,64347.95,TIMEOUT,0,0,0,0,1,1.312,0.766,,,
OK-W4_APRIL-ACTI-3426,ACTIVE_MARKDOWN_EVENT,OKX,W4_APRIL,2024-04-14T09:46:00+00:00,64201.25,WIN,1,0,0,0,0,2.053,0.996,456,,
OK-W4_APRIL-ACTI-3466,ACTIVE_MARKDOWN_EVENT,OKX,W4_APRIL,2024-04-14T10:26:00+00:00,64205.05,WIN,1,0,0,0,0,2.059,0.99,416,,
OK-W4_APRIL-ACTI-3504,ACTIVE_MARKDOWN_EVENT,OKX,W4_APRIL,2024-04-14T11:04:00+00:00,64329.15,WIN,1,0,0,0,0,2.248,0.795,378,,
OK-W4_APRIL-ACTI-3621,ACTIVE_MARKDOWN_EVENT,OKX,W4_APRIL,2024-04-14T13:01:00+00:00,64444.75,WIN,1,0,0,0,0,2.025,0.597,260,,
OK-W4_APRIL-ACTI-3652,ACTIVE_MARKDOWN_EVENT,OKX,W4_APRIL,2024-04-14T13:32:00+00:00,64504.75,WIN,1,0,0,0,0,2.116,0.271,229,,
OK-W4_APRIL-ACTI-3683,ACTIVE_MARKDOWN_EVENT,OKX,W4_APRIL,2024-04-14T14:03:00+00:00,64129.95,WIN,1,0,0,0,0,2.13,0.857,201,,
OK-W4_APRIL-ACTI-3723,ACTIVE_MARKDOWN_EVENT,OKX,W4_APRIL,2024-04-14T14:43:00+00:00,63715.45,LOSS,0,0,0,1,0,0.024,1.514,,,
OK-W4_APRIL-ACTI-3760,ACTIVE_MARKDOWN_EVENT,OKX,W4_APRIL,2024-04-14T15:20:00+00:00,63957.35,LOSS,0,0,0,1,0,1.929,1.74,,,
OK-W4_APRIL-ACTI-3792,ACTIVE_MARKDOWN_EVENT,OKX,W4_APRIL,2024-04-14T15:52:00+00:00,64091.35,WIN,1,0,0,0,0,2.071,0.918,92,,
OK-W4_APRIL-ACTI-3841,ACTIVE_MARKDOWN_EVENT,OKX,W4_APRIL,2024-04-14T16:41:00+00:00,64392.75,WIN,1,0,0,0,0,2.344,0.235,41,,
OK-W4_APRIL-ACTI-3872,ACTIVE_MARKDOWN_EVENT,OKX,W4_APRIL,2024-04-14T17:12:00+00:00,64002.45,LOSS,0,0,0,1,0,1.998,1.669,,,
OK-W4_APRIL-ACTI-3918,ACTIVE_MARKDOWN_EVENT,OKX,W4_APRIL,2024-04-14T17:58:00+00:00,63865.55,LOSS,0,0,0,1,0,0.798,1.886,,,
OK-W4_APRIL-ACTI-3970,ACTIVE_MARKDOWN_EVENT,OKX,W4_APRIL,2024-04-14T18:50:00+00:00,64394.45,LOSS,0,0,0,1,0,1.613,1.661,,,
OK-W4_APRIL-ACTI-4004,ACTIVE_MARKDOWN_EVENT,OKX,W4_APRIL,2024-04-14T19:24:00+00:00,64019.95,LOSS,0,0,0,1,0,1.037,1.641,,,
OK-W4_APRIL-ACTI-4053,ACTIVE_MARKDOWN_EVENT,OKX,W4_APRIL,2024-04-14T20:13:00+00:00,64034.85,LOSS,0,0,0,1,0,1.06,1.617,,,
OK-W4_APRIL-ACTI-4087,ACTIVE_MARKDOWN_EVENT,OKX,W4_APRIL,2024-04-14T20:47:00+00:00,63849.25,LOSS,0,0,0,1,0,0.773,1.912,,,
OK-W4_APRIL-ACTI-4121,ACTIVE_MARKDOWN_EVENT,OKX,W4_APRIL,2024-04-14T21:21:00+00:00,63514.05,LOSS,0,0,0,1,0,0.249,1.514,,,
OK-W4_APRIL-ACTI-4183,ACTIVE_MARKDOWN_EVENT,OKX,W4_APRIL,2024-04-14T22:23:00+00:00,64914.75,LOSS,0,0,0,1,0,0.261,1.778,,,
OK-W4_APRIL-ACTI-4256,ACTIVE_MARKDOWN_EVENT,OKX,W4_APRIL,2024-04-14T23:36:00+00:00,65500.05,LOSS,0,0,0,1,0,1.152,1.557,,,
OK-W4_APRIL-ACTI-4287,ACTIVE_MARKDOWN_EVENT,OKX,W4_APRIL,2024-04-15T00:07:00+00:00,65449.65,LOSS,0,0,0,1,0,1.076,1.565,,,
OK-W4_APRIL-ACTI-4335,ACTIVE_MARKDOWN_EVENT,OKX,W4_APRIL,2024-04-15T00:55:00+00:00,65404.15,LOSS,0,0,0,1,0,1.007,1.523,,,
OK-W4_APRIL-ACTI-4386,ACTIVE_MARKDOWN_EVENT,OKX,W4_APRIL,2024-04-15T01:46:00+00:00,65311.55,LOSS,0,0,0,1,0,0.867,1.556,,,
OK-W4_APRIL-ACTI-4421,ACTIVE_MARKDOWN_EVENT,OKX,W4_APRIL,2024-04-15T02:21:00+00:00,65163.65,LOSS,0,0,0,1,0,0.642,1.712,,,
OK-W4_APRIL-ACTI-4686,ACTIVE_MARKDOWN_EVENT,OKX,W4_APRIL,2024-04-15T06:46:00+00:00,66111.65,WIN,1,0,0,0,0,2.011,0.965,477,,
OK-W4_APRIL-ACTI-4717,ACTIVE_MARKDOWN_EVENT,OKX,W4_APRIL,2024-04-15T07:17:00+00:00,66253.95,WIN,1,0,0,0,0,2.118,0.749,445,,
OK-W4_APRIL-ACTI-4749,ACTIVE_MARKDOWN_EVENT,OKX,W4_APRIL,2024-04-15T07:49:00+00:00,66319.05,WIN,1,0,0,0,0,2.007,0.65,410,,
OK-W4_APRIL-ACTI-4780,ACTIVE_MARKDOWN_EVENT,OKX,W4_APRIL,2024-04-15T08:20:00+00:00,66144.05,WIN,1,0,0,0,0,2.059,0.916,383,,
OK-W4_APRIL-ACTI-4816,ACTIVE_MARKDOWN_EVENT,OKX,W4_APRIL,2024-04-15T08:56:00+00:00,66188.55,WIN,1,0,0,0,0,2.021,0.848,346,,
OK-W4_APRIL-ACTI-4878,ACTIVE_MARKDOWN_EVENT,OKX,W4_APRIL,2024-04-15T09:58:00+00:00,66618.05,WIN,1,0,0,0,0,2.105,0.052,256,,
OK-W4_APRIL-ACTI-4948,ACTIVE_MARKDOWN_EVENT,OKX,W4_APRIL,2024-04-15T11:08:00+00:00,66373.25,WIN,1,0,0,0,0,2.087,0.0,211,,
OK-W4_APRIL-ACTI-5057,ACTIVE_MARKDOWN_EVENT,OKX,W4_APRIL,2024-04-15T12:57:00+00:00,66068.05,WIN,1,0,0,0,0,2.21,0.413,109,,
OK-W4_APRIL-ACTI-5135,ACTIVE_MARKDOWN_EVENT,OKX,W4_APRIL,2024-04-15T14:15:00+00:00,65420.35,WIN,1,0,0,0,0,2.073,0.18,45,,
OK-W4_APRIL-ACTI-5172,ACTIVE_MARKDOWN_EVENT,OKX,W4_APRIL,2024-04-15T14:52:00+00:00,64658.95,WIN,1,0,0,0,0,2.257,0.233,205,,
OK-W4_APRIL-ACTI-5214,ACTIVE_MARKDOWN_EVENT,OKX,W4_APRIL,2024-04-15T15:34:00+00:00,64577.45,WIN,1,0,0,0,0,2.134,0.36,163,,
OK-W4_APRIL-ACTI-5258,ACTIVE_MARKDOWN_EVENT,OKX,W4_APRIL,2024-04-15T16:18:00+00:00,64245.95,WIN,1,0,0,0,0,2.005,0.757,162,,
OK-W4_APRIL-ACTI-5292,ACTIVE_MARKDOWN_EVENT,OKX,W4_APRIL,2024-04-15T16:52:00+00:00,64098.05,WIN,1,0,0,0,0,2.13,0.99,131,,
OK-W4_APRIL-ACTI-5323,ACTIVE_MARKDOWN_EVENT,OKX,W4_APRIL,2024-04-15T17:23:00+00:00,64167.25,WIN,1,0,0,0,0,2.236,0.0,100,,
OK-W4_APRIL-ACTI-5355,ACTIVE_MARKDOWN_EVENT,OKX,W4_APRIL,2024-04-15T17:55:00+00:00,63818.95,WIN,1,0,0,0,0,2.321,0.331,71,,
OK-W4_APRIL-ACTI-5386,ACTIVE_MARKDOWN_EVENT,OKX,W4_APRIL,2024-04-15T18:26:00+00:00,63421.75,TIMEOUT,0,0,0,0,1,1.709,0.69,,,
OK-W4_APRIL-ACTI-5427,ACTIVE_MARKDOWN_EVENT,OKX,W4_APRIL,2024-04-15T19:07:00+00:00,62584.65,LOSS,0,0,0,1,0,0.0,1.575,,,
OK-W4_APRIL-ACTI-5498,ACTIVE_MARKDOWN_EVENT,OKX,W4_APRIL,2024-04-15T20:18:00+00:00,63309.15,TIMEOUT,0,0,0,0,1,1.455,0.85,,,
OK-W4_APRIL-ACTI-5529,ACTIVE_MARKDOWN_EVENT,OKX,W4_APRIL,2024-04-15T20:49:00+00:00,63178.05,WIN,1,0,0,0,0,2.312,1.06,476,,
OK-W4_APRIL-ACTI-5560,ACTIVE_MARKDOWN_EVENT,OKX,W4_APRIL,2024-04-15T21:20:00+00:00,63169.75,WIN,1,0,0,0,0,2.299,1.073,445,,
OK-W4_APRIL-ACTI-5613,ACTIVE_MARKDOWN_EVENT,OKX,W4_APRIL,2024-04-15T22:13:00+00:00,62968.15,TIMEOUT,0,0,0,0,1,1.986,1.397,,,
OK-W4_APRIL-ACTI-5657,ACTIVE_MARKDOWN_EVENT,OKX,W4_APRIL,2024-04-15T22:57:00+00:00,63421.35,WIN,1,0,0,0,0,2.039,0.672,345,,
OK-W4_APRIL-ACTI-5689,ACTIVE_MARKDOWN_EVENT,OKX,W4_APRIL,2024-04-15T23:29:00+00:00,63294.45,WIN,1,0,0,0,0,2.491,0.874,316,,
OK-W4_APRIL-ACTI-5749,ACTIVE_MARKDOWN_EVENT,OKX,W4_APRIL,2024-04-16T00:29:00+00:00,63283.35,WIN,1,0,0,0,0,2.474,0.892,256,,
OK-W4_APRIL-ACTI-5826,ACTIVE_MARKDOWN_EVENT,OKX,W4_APRIL,2024-04-16T01:46:00+00:00,63360.15,WIN,1,0,0,0,0,2.061,0.272,178,,
OK-W4_APRIL-ACTI-5916,ACTIVE_MARKDOWN_EVENT,OKX,W4_APRIL,2024-04-16T03:16:00+00:00,63341.75,WIN,1,0,0,0,0,2.032,0.049,88,,
OK-W4_APRIL-ACTI-5964,ACTIVE_MARKDOWN_EVENT,OKX,W4_APRIL,2024-04-16T04:04:00+00:00,62946.85,WIN,1,0,0,0,0,2.114,1.294,386,,
OK-W4_APRIL-ACTI-5999,ACTIVE_MARKDOWN_EVENT,OKX,W4_APRIL,2024-04-16T04:39:00+00:00,62517.35,LOSS,0,0,0,1,0,1.279,1.642,,,
OK-W4_APRIL-ACTI-6075,ACTIVE_MARKDOWN_EVENT,OKX,W4_APRIL,2024-04-16T05:55:00+00:00,62596.05,LOSS,0,0,0,1,0,0.0,1.514,,,
OK-W4_APRIL-ACTI-6122,ACTIVE_MARKDOWN_EVENT,OKX,W4_APRIL,2024-04-16T06:42:00+00:00,62915.55,WIN,1,0,0,0,0,2.066,1.344,228,,
OK-W4_APRIL-ACTI-6189,ACTIVE_MARKDOWN_EVENT,OKX,W4_APRIL,2024-04-16T07:49:00+00:00,63410.95,WIN,1,0,0,0,0,2.242,0.276,156,,
OK-W4_APRIL-ACTI-6220,ACTIVE_MARKDOWN_EVENT,OKX,W4_APRIL,2024-04-16T08:20:00+00:00,63331.95,WIN,1,0,0,0,0,2.12,0.316,125,,
OK-W4_APRIL-ACTI-6304,ACTIVE_MARKDOWN_EVENT,OKX,W4_APRIL,2024-04-16T09:44:00+00:00,63322.85,WIN,1,0,0,0,0,2.106,0.043,41,,
OK-W4_APRIL-ACTI-6335,ACTIVE_MARKDOWN_EVENT,OKX,W4_APRIL,2024-04-16T10:15:00+00:00,63129.95,WIN,1,0,0,0,0,2.183,0.013,12,,
OK-W4_APRIL-ACTI-6399,ACTIVE_MARKDOWN_EVENT,OKX,W4_APRIL,2024-04-16T11:19:00+00:00,62476.05,TIMEOUT,0,0,0,0,1,1.211,1.441,,,
OK-W4_APRIL-ACTI-6447,ACTIVE_MARKDOWN_EVENT,OKX,W4_APRIL,2024-04-16T12:07:00+00:00,62849.95,TIMEOUT,0,0,0,0,1,1.798,0.838,,,
OK-W4_APRIL-ACTI-6515,ACTIVE_MARKDOWN_EVENT,OKX,W4_APRIL,2024-04-16T13:15:00+00:00,62845.25,TIMEOUT,0,0,0,0,1,1.791,0.832,,,
OK-W4_APRIL-ACTI-6546,ACTIVE_MARKDOWN_EVENT,OKX,W4_APRIL,2024-04-16T13:46:00+00:00,62247.35,LOSS,0,0,0,1,0,0.848,1.635,,,
OK-W4_APRIL-ACTI-6588,ACTIVE_MARKDOWN_EVENT,OKX,W4_APRIL,2024-04-16T14:28:00+00:00,62513.85,LOSS,0,0,0,1,0,1.27,1.601,,,
OK-W4_APRIL-ACTI-6623,ACTIVE_MARKDOWN_EVENT,OKX,W4_APRIL,2024-04-16T15:03:00+00:00,62235.15,LOSS,0,0,0,1,0,0.828,1.655,,,
OK-W4_APRIL-ACTI-6655,ACTIVE_MARKDOWN_EVENT,OKX,W4_APRIL,2024-04-16T15:35:00+00:00,62157.15,LOSS,0,0,0,1,0,0.704,1.547,,,
OK-W4_APRIL-ACTI-6770,ACTIVE_MARKDOWN_EVENT,OKX,W4_APRIL,2024-04-16T17:30:00+00:00,62722.2,LOSS,0,0,0,1,0,0.616,1.508,,,
OK-W4_APRIL-ACTI-6873,ACTIVE_MARKDOWN_EVENT,OKX,W4_APRIL,2024-04-16T19:13:00+00:00,62863.95,LOSS,0,0,0,1,0,0.445,1.683,,,
OK-W4_APRIL-ACTI-6904,ACTIVE_MARKDOWN_EVENT,OKX,W4_APRIL,2024-04-16T19:44:00+00:00,62683.15,LOSS,0,0,0,1,0,0.158,1.571,,,
OK-W4_APRIL-ACTI-7041,ACTIVE_MARKDOWN_EVENT,OKX,W4_APRIL,2024-04-16T22:01:00+00:00,63844.05,TIMEOUT,0,0,0,0,1,0.37,0.937,,,
OK-W4_APRIL-ACTI-7135,ACTIVE_MARKDOWN_EVENT,OKX,W4_APRIL,2024-04-16T23:35:00+00:00,63738.85,TIMEOUT,0,0,0,0,1,0.618,1.103,,,
OK-W4_APRIL-ACTI-7174,ACTIVE_MARKDOWN_EVENT,OKX,W4_APRIL,2024-04-17T00:14:00+00:00,63690.85,TIMEOUT,0,0,0,0,1,0.618,1.179,,,
OK-W4_APRIL-ACTI-7224,ACTIVE_MARKDOWN_EVENT,OKX,W4_APRIL,2024-04-17T01:04:00+00:00,63968.85,TIMEOUT,0,0,0,0,1,1.143,0.74,,,
OK-W4_APRIL-ACTI-7258,ACTIVE_MARKDOWN_EVENT,OKX,W4_APRIL,2024-04-17T01:38:00+00:00,63819.75,TIMEOUT,0,0,0,0,1,0.912,0.975,,,
OK-W4_APRIL-ACTI-7296,ACTIVE_MARKDOWN_EVENT,OKX,W4_APRIL,2024-04-17T02:16:00+00:00,63980.05,TIMEOUT,0,0,0,0,1,1.787,0.722,,,
OK-W4_APRIL-ACTI-7335,ACTIVE_MARKDOWN_EVENT,OKX,W4_APRIL,2024-04-17T02:55:00+00:00,63820.15,TIMEOUT,0,0,0,0,1,1.571,0.974,,,
OK-W4_APRIL-ACTI-7384,ACTIVE_MARKDOWN_EVENT,OKX,W4_APRIL,2024-04-17T03:44:00+00:00,63913.05,TIMEOUT,0,0,0,0,1,1.714,0.828,,,
OK-W4_APRIL-ACTI-7491,ACTIVE_MARKDOWN_EVENT,OKX,W4_APRIL,2024-04-17T05:31:00+00:00,64161.75,WIN,1,0,0,0,0,2.065,0.153,280,,
OK-W4_APRIL-ACTI-7578,ACTIVE_MARKDOWN_EVENT,OKX,W4_APRIL,2024-04-17T06:58:00+00:00,63891.95,WIN,1,0,0,0,0,2.004,0.076,301,,
OK-W4_APRIL-ACTI-7628,ACTIVE_MARKDOWN_EVENT,OKX,W4_APRIL,2024-04-17T07:48:00+00:00,63535.95,WIN,1,0,0,0,0,2.008,0.065,288,,
OK-W4_APRIL-ACTI-7777,ACTIVE_MARKDOWN_EVENT,OKX,W4_APRIL,2024-04-17T10:17:00+00:00,63034.15,WIN,1,0,0,0,0,2.15,0.166,241,,
OK-W4_APRIL-ACTI-7927,ACTIVE_MARKDOWN_EVENT,OKX,W4_APRIL,2024-04-17T12:47:00+00:00,62355.75,WIN,1,0,0,0,0,2.34,0.855,107,,
OK-W4_APRIL-ACTI-7992,ACTIVE_MARKDOWN_EVENT,OKX,W4_APRIL,2024-04-17T13:52:00+00:00,62631.45,WIN,1,0,0,0,0,2.027,0.148,30,,
OK-W4_APRIL-ACTI-8026,ACTIVE_MARKDOWN_EVENT,OKX,W4_APRIL,2024-04-17T14:26:00+00:00,61527.05,WIN,1,0,0,0,0,2.092,0.652,66,,
OK-W4_APRIL-ACTI-8057,ACTIVE_MARKDOWN_EVENT,OKX,W4_APRIL,2024-04-17T14:57:00+00:00,61234.45,WIN,1,0,0,0,0,2.251,0.277,68,,
OK-W4_APRIL-ACTI-8096,ACTIVE_MARKDOWN_EVENT,OKX,W4_APRIL,2024-04-17T15:36:00+00:00,60481.15,LOSS,0,0,0,1,0,1.04,1.524,,,
OK-W4_APRIL-ACTI-8128,ACTIVE_MARKDOWN_EVENT,OKX,W4_APRIL,2024-04-17T16:08:00+00:00,60211.25,LOSS,0,0,0,1,0,0.35,1.63,,,
OK-W4_APRIL-ACTI-8159,ACTIVE_MARKDOWN_EVENT,OKX,W4_APRIL,2024-04-17T16:39:00+00:00,60318.25,LOSS,0,0,0,1,0,0.527,1.604,,,
OK-W4_APRIL-ACTI-8259,ACTIVE_MARKDOWN_EVENT,OKX,W4_APRIL,2024-04-17T18:19:00+00:00,61651.95,TIMEOUT,0,0,0,0,1,1.423,0.446,,,
OK-W4_APRIL-ACTI-8296,ACTIVE_MARKDOWN_EVENT,OKX,W4_APRIL,2024-04-17T18:56:00+00:00,61452.35,TIMEOUT,0,0,0,0,1,1.103,0.484,,,
OK-W4_APRIL-ACTI-8341,ACTIVE_MARKDOWN_EVENT,OKX,W4_APRIL,2024-04-17T19:41:00+00:00,60786.55,LOSS,0,0,0,1,0,0.0,1.502,,,
OK-W4_APRIL-ACTI-8373,ACTIVE_MARKDOWN_EVENT,OKX,W4_APRIL,2024-04-17T20:13:00+00:00,60966.75,TIMEOUT,0,0,0,0,1,0.274,1.285,,,
OK-W4_APRIL-ACTI-8404,ACTIVE_MARKDOWN_EVENT,OKX,W4_APRIL,2024-04-17T20:44:00+00:00,61149.95,TIMEOUT,0,0,0,0,1,0.573,0.981,,,
OK-W4_APRIL-ACTI-8452,ACTIVE_MARKDOWN_EVENT,OKX,W4_APRIL,2024-04-17T21:32:00+00:00,61375.05,TIMEOUT,0,0,0,0,1,0.573,0.611,,,
OK-W4_APRIL-ACTI-8554,ACTIVE_MARKDOWN_EVENT,OKX,W4_APRIL,2024-04-17T23:14:00+00:00,61588.65,TIMEOUT,0,0,0,0,1,0.58,0.0,,,
OK-W4_APRIL-FORC-822,FORCED_UNWIND_EVENT,OKX,W4_APRIL,2024-04-12T13:42:00+00:00,69795.75,WIN,1,0,0,0,0,2.097,0.399,219,,
OK-W4_APRIL-FORC-1048,FORCED_UNWIND_EVENT,OKX,W4_APRIL,2024-04-12T17:28:00+00:00,67669.05,WIN,1,1,0,0,0,2.898,1.075,60,60,
OK-W4_APRIL-FORC-1106,FORCED_UNWIND_EVENT,OKX,W4_APRIL,2024-04-12T18:33:00+00:00,66535.25,TIMEOUT,0,0,0,0,1,1.243,1.305,,,
OK-W4_APRIL-FORC-1526,FORCED_UNWIND_EVENT,OKX,W4_APRIL,2024-04-13T01:33:00+00:00,66143.15,LOSS,0,0,0,1,0,0.491,1.533,,,
OK-W4_APRIL-FORC-2436,FORCED_UNWIND_EVENT,OKX,W4_APRIL,2024-04-13T17:16:00+00:00,66911.05,WIN,1,1,0,0,0,2.506,0.471,157,157,
OK-W4_APRIL-FORC-2588,FORCED_UNWIND_EVENT,OKX,W4_APRIL,2024-04-13T19:48:00+00:00,66356.05,WIN,1,1,0,0,0,2.583,0.0,6,6,
OK-W4_APRIL-FORC-2622,FORCED_UNWIND_EVENT,OKX,W4_APRIL,2024-04-13T20:22:00+00:00,61810.85,LOSS,0,0,0,1,0,0.553,1.625,,,
OK-W4_APRIL-FORC-3025,FORCED_UNWIND_EVENT,OKX,W4_APRIL,2024-04-14T03:05:00+00:00,62614.05,LOSS,0,0,0,1,0,0.668,1.57,,,
OK-W4_APRIL-FORC-3875,FORCED_UNWIND_EVENT,OKX,W4_APRIL,2024-04-14T17:15:00+00:00,63557.75,LOSS,0,0,0,1,0,1.312,1.718,,,
OK-W4_APRIL-FORC-5130,FORCED_UNWIND_EVENT,OKX,W4_APRIL,2024-04-15T14:10:00+00:00,65548.65,WIN,1,0,0,0,0,2.082,0.098,48,,
OK-W4_APRIL-FORC-5162,FORCED_UNWIND_EVENT,OKX,W4_APRIL,2024-04-15T14:42:00+00:00,64850.85,WIN,1,0,0,0,0,2.031,0.068,185,,
OK-W4_APRIL-FORC-5328,FORCED_UNWIND_EVENT,OKX,W4_APRIL,2024-04-15T17:28:00+00:00,63902.15,WIN,1,0,0,0,0,2.448,0.302,98,,
OK-W4_APRIL-FORC-5423,FORCED_UNWIND_EVENT,OKX,W4_APRIL,2024-04-15T19:03:00+00:00,62732.65,LOSS,0,0,0,1,0,0.629,1.53,,,
OK-W4_APRIL-FORC-5972,FORCED_UNWIND_EVENT,OKX,W4_APRIL,2024-04-16T04:12:00+00:00,62453.55,LOSS,0,0,0,1,0,1.178,1.746,,,
OK-W4_APRIL-FORC-6005,FORCED_UNWIND_EVENT,OKX,W4_APRIL,2024-04-16T04:45:00+00:00,61717.55,LOSS,0,0,0,1,0,0.0,1.531,,,
OK-W4_APRIL-FORC-6345,FORCED_UNWIND_EVENT,OKX,W4_APRIL,2024-04-16T10:25:00+00:00,61989.25,LOSS,0,0,0,1,0,0.602,1.585,,,
OK-W4_APRIL-FORC-6442,FORCED_UNWIND_EVENT,OKX,W4_APRIL,2024-04-16T12:02:00+00:00,62901.75,TIMEOUT,0,0,0,0,1,1.879,0.755,,,
OK-W4_APRIL-FORC-6537,FORCED_UNWIND_EVENT,OKX,W4_APRIL,2024-04-16T13:37:00+00:00,62760.05,LOSS,0,0,0,1,0,1.658,1.505,,,
OK-W4_APRIL-FORC-7295,FORCED_UNWIND_EVENT,OKX,W4_APRIL,2024-04-17T02:15:00+00:00,64015.45,TIMEOUT,0,0,0,0,1,1.841,0.666,,,
OK-W4_APRIL-FORC-7507,FORCED_UNWIND_EVENT,OKX,W4_APRIL,2024-04-17T05:47:00+00:00,63856.25,WIN,1,0,0,0,0,2.028,0.225,397,,
OK-W4_APRIL-FORC-7907,FORCED_UNWIND_EVENT,OKX,W4_APRIL,2024-04-17T12:27:00+00:00,62360.05,WIN,1,0,0,0,0,2.347,0.848,127,,
OK-W4_APRIL-FORC-8005,FORCED_UNWIND_EVENT,OKX,W4_APRIL,2024-04-17T14:05:00+00:00,62128.95,WIN,1,0,0,0,0,2.004,0.195,67,,
