window_id,exchange,ts_min,date,ts_iso,direction_candidate,entry_price,future_mfe_pct,future_mae_pct,hit2,hit2_5,hit3,loss,timeout,outcome,time_to_2_min,time_to_2_5_min,time_to_3_min,prior_move_60m,prior_move_180m,local_vol_180m,dist_from_recent_low_pct,dist_from_recent_high_pct,bounce_into_pivot_pct,spread_bps,depth_imbalance,net_taker_30m,taker_imb_30m,cvd_delta_60m,price_change_30m,sell_frac_30m,trade_count_spike,effort_vs_result_raw,vol_30m_btc
W1_NOVEMBER,Bybit,29391961,2025-11-19,2025-11-19T02:01:00+00:00,SHORT,92402.05,2.111,0.435,1,0,0,0,0,WIN,216,,,0.051,,0.082,0.545,0.537,0.334,0.011,0.0614,-22.476,-0.0239,51.735,0.148,0.512,0.75,-0.0035,940.93
W1_NOVEMBER,Bybit,29392053,2025-11-19,2025-11-19T03:33:00+00:00,LONG,92113.05,0.0,1.539,0,0,0,1,0,LOSS,,,,-0.578,-0.056,0.07,0.231,0.848,0.537,0.011,0.045,-226.249,-0.2644,-85.941,-0.512,0.632,0.78,0.1355,855.645
W1_NOVEMBER,Bybit,29392102,2025-11-19,2025-11-19T04:22:00+00:00,LONG,91694.65,0.058,1.521,0,0,0,1,0,LOSS,,,,-0.55,-0.705,0.067,0.049,1.196,0.271,0.011,-0.1229,-12.483,-0.0104,-344.381,-0.16,0.505,1.11,0.0017,1196.671
W1_NOVEMBER,Bybit,29392141,2025-11-19,2025-11-19T05:01:00+00:00,LONG,91188.55,0.834,1.297,0,0,0,0,1,TIMEOUT,,,,-0.718,-1.313,0.062,0.073,1.741,0.469,0.011,-0.1898,-1038.84,-0.3645,-1146.856,-0.394,0.682,1.43,0.1435,2849.802
W1_NOVEMBER,Bybit,29392179,2025-11-19,2025-11-19T05:39:00+00:00,LONG,90549.05,1.546,0.6,0,0,0,0,1,TIMEOUT,,,,-0.873,-2.43,0.061,0.108,2.43,0.646,0.013,-0.009,-417.955,-0.1254,-1617.882,-0.459,0.563,1.3,0.0576,3334.295
W1_NOVEMBER,Bybit,29392216,2025-11-19,2025-11-19T06:16:00+00:00,SHORT,90590.65,0.142,1.499,0,0,0,0,1,TIMEOUT,,,,-0.425,-1.808,0.07,0.65,2.385,0.733,0.011,-0.411,984.81,0.224,206.483,0.458,0.388,1.55,0.1025,4396.43
W1_NOVEMBER,Bybit,29392371,2025-11-19,2025-11-19T08:51:00+00:00,LONG,91374.65,1.009,1.599,0,0,0,1,0,LOSS,,,,-0.593,1.425,0.063,1.521,0.625,0.634,0.011,0.233,-556.631,-0.2352,-1003.737,-0.329,0.618,0.79,0.0773,2366.967
W1_NOVEMBER,Bybit,29392437,2025-11-19,2025-11-19T09:57:00+00:00,SHORT,91416.25,2.026,0.963,1,0,0,0,0,WIN,389,,,-0.027,0.55,0.06,1.298,0.579,0.275,0.011,-0.1657,490.362,0.4131,37.639,0.273,0.293,0.73,0.1129,1186.966
W1_NOVEMBER,Bybit,29392512,2025-11-19,2025-11-19T11:12:00+00:00,SHORT,91536.85,2.015,0.83,1,0,0,0,0,WIN,307,,,0.04,-0.146,0.054,0.539,0.448,0.37,0.011,0.2761,-137.32,-0.1577,-185.548,0.103,0.579,0.68,-0.0163,870.856
W1_NOVEMBER,Bybit,29392613,2025-11-19,2025-11-19T12:53:00+00:00,SHORT,91610.95,2.095,0.749,1,0,0,0,0,WIN,206,,,0.222,0.339,0.047,0.62,0.079,0.429,0.011,0.0725,187.622,0.1605,172.736,0.273,0.42,1.15,0.0438,1168.874
W1_NOVEMBER,Bybit,29392653,2025-11-19,2025-11-19T13:33:00+00:00,SHORT,91631.85,2.117,0.726,1,0,0,0,0,WIN,166,,,0.212,0.263,0.049,0.453,0.221,0.335,0.011,-0.3438,-278.889,-0.2479,-15.768,-0.025,0.624,0.98,0.0063,1125.123
W1_NOVEMBER,Bybit,29392709,2025-11-19,2025-11-19T14:29:00+00:00,LONG,91063.15,1.355,1.506,0,0,0,1,0,LOSS,,,,-0.739,-0.477,0.057,0.01,0.84,0.477,0.011,-0.2613,-209.905,-0.0995,-1901.083,-0.314,0.55,1.55,0.0312,2110.531
W1_NOVEMBER,Bybit,29392717,2025-11-19,2025-11-19T14:37:00+00:00,SHORT,91496.75,2.012,0.874,1,0,0,0,0,WIN,108,,,0.071,0.028,0.061,0.486,0.368,0.517,0.011,-0.1555,8.529,0.0032,-331.626,0.281,0.498,1.93,0.0009,2677.589
W1_NOVEMBER,Bybit,29392776,2025-11-19,2025-11-19T15:36:00+00:00,LONG,90683.75,0.075,1.509,0,0,0,1,0,LOSS,,,,-0.905,-0.752,0.088,0.017,1.748,1.796,0.011,-0.0651,-112.06,-0.0151,281.638,-1.323,0.508,2.07,0.02,7430.644
W1_NOVEMBER,Bybit,29392821,2025-11-19,2025-11-19T16:21:00+00:00,LONG,89890.15,2.002,1.446,1,0,0,0,0,WIN,479,,,-1.978,-1.91,0.097,0.221,2.608,0.564,0.011,0.1705,-497.16,-0.0798,-1736.131,-0.341,0.54,1.32,0.0272,6227.434
W1_NOVEMBER,Bybit,29392862,2025-11-19,2025-11-19T17:02:00+00:00,SHORT,89788.85,1.335,1.531,0,0,0,1,0,LOSS,,,,-0.362,-1.649,0.107,0.408,2.717,0.657,0.011,-0.2229,582.153,0.1442,15.999,0.115,0.428,0.87,0.0166,4038.465
W1_NOVEMBER,Bybit,29392875,2025-11-19,2025-11-19T17:15:00+00:00,LONG,89383.35,2.154,0.887,1,0,0,0,0,WIN,354,,,-0.766,-2.247,0.108,0.076,3.157,0.779,0.011,-0.022,274.365,0.0663,-246.928,-0.249,0.467,0.84,-0.0165,4139.083
W1_NOVEMBER,Bybit,29392926,2025-11-19,2025-11-19T18:06:00+00:00,SHORT,89366.15,0.868,1.504,0,0,0,1,0,LOSS,,,,-0.247,-2.757,0.11,0.578,3.175,0.743,0.011,-0.4526,59.819,0.0131,129.286,0.356,0.493,0.98,0.0046,4577.683
W1_NOVEMBER,Bybit,29392949,2025-11-19,2025-11-19T18:29:00+00:00,LONG,89019.75,2.025,0.482,1,0,0,0,0,WIN,275,,,-0.513,-2.378,0.101,0.188,3.551,0.828,0.011,0.2126,-6.684,-0.0019,-188.768,-0.49,0.501,0.93,0.0009,3583.0
W1_NOVEMBER,Bybit,29392979,2025-11-19,2025-11-19T18:59:00+00:00,SHORT,89199.95,0.683,1.546,0,0,0,1,0,LOSS,,,,-0.289,-0.763,0.097,0.412,3.355,0.44,0.011,-0.0618,-183.157,-0.0696,-200.712,0.202,0.535,0.75,-0.0141,2630.787
W1_NOVEMBER,Bybit,29393037,2025-11-19,2025-11-19T19:57:00+00:00,SHORT,88902.85,0.351,1.655,0,0,0,1,0,LOSS,,,,-0.361,-0.993,0.087,0.273,1.365,0.417,0.011,-0.005,-65.149,-0.0236,-27.008,0.03,0.512,0.69,-0.0007,2758.419
W1_NOVEMBER,Bybit,29393301,2025-11-20,2025-11-20T00:21:00+00:00,SHORT,91653.35,0.004,1.601,0,0,0,1,0,LOSS,,,,0.243,1.287,0.079,2.961,0.04,0.542,0.011,-0.0105,203.177,0.1283,-124.091,0.399,0.436,0.72,0.0512,1583.713
W1_NOVEMBER,Bybit,29393377,2025-11-20,2025-11-20T01:37:00+00:00,SHORT,92491.95,0.875,0.68,0,0,0,0,1,TIMEOUT,,,,0.283,2.239,0.074,2.657,0.137,0.544,0.011,-0.0821,233.62,0.0843,188.24,0.309,0.458,1.26,0.0261,2770.366
W1_NOVEMBER,Bybit,29393452,2025-11-20,2025-11-20T02:52:00+00:00,SHORT,92539.75,1.159,0.628,0,0,0,0,1,TIMEOUT,,,,0.066,1.373,0.07,2.412,0.239,0.266,0.011,0.2571,-245.104,-0.195,-486.733,0.024,0.597,0.75,-0.0046,1257.128
W1_NOVEMBER,Bybit,29393649,2025-11-20,2025-11-20T06:09:00+00:00,SHORT,92759.95,2.148,0.054,1,0,0,0,0,WIN,478,,,-0.164,0.335,0.058,0.69,0.388,0.283,0.011,0.3387,305.973,0.3293,-57.746,0.186,0.335,0.49,0.0612,929.293
W1_NOVEMBER,Bybit,29393685,2025-11-20,2025-11-20T06:45:00+00:00,LONG,91942.95,0.507,1.481,0,0,0,0,1,TIMEOUT,,,,-0.731,-0.524,0.054,0.122,1.265,0.888,0.011,0.2608,-727.29,-0.3286,-611.561,-0.759,0.664,1.22,0.2495,2213.196
W1_NOVEMBER,Bybit,29393716,2025-11-20,2025-11-20T07:16:00+00:00,SHORT,91964.45,1.846,0.483,0,0,0,0,1,TIMEOUT,,,,-0.716,-0.432,0.058,0.307,1.242,0.384,0.013,-0.0241,-70.898,-0.0436,-930.094,0.043,0.522,0.96,-0.0019,1627.286
W1_NOVEMBER,Bybit,29393871,2025-11-20,2025-11-20T09:51:00+00:00,LONG,91579.95,0.627,1.577,0,0,0,1,0,LOSS,,,,-0.565,-0.139,0.05,0.124,1.325,0.503,0.011,0.0335,-887.329,-0.3991,-982.388,-0.266,0.7,1.52,0.106,2223.085
W1_NOVEMBER,Bybit,29393877,2025-11-20,2025-11-20T09:57:00+00:00,SHORT,91815.15,2.022,0.369,1,0,0,0,0,WIN,361,,,-0.288,-0.071,0.053,0.381,1.072,0.477,0.011,0.2704,-612.915,-0.2499,-844.9,0.009,0.625,1.66,-0.0022,2452.953
W1_NOVEMBER,Bybit,29393912,2025-11-20,2025-11-20T10:32:00+00:00,SHORT,91923.55,2.051,0.25,1,0,0,0,0,WIN,324,,,0.081,-0.113,0.054,0.499,0.525,0.468,0.011,0.3822,-340.55,-0.2076,-618.126,-0.033,0.604,1.21,0.0068,1640.034
W1_NOVEMBER,Bybit,29393984,2025-11-20,2025-11-20T11:44:00+00:00,SHORT,91750.25,2.116,0.44,1,0,0,0,0,WIN,255,,,-0.013,-0.523,0.053,0.328,0.713,0.372,0.011,-0.3387,39.429,0.0429,97.163,0.04,0.479,0.86,0.0017,918.385
W1_NOVEMBER,Bybit,29394051,2025-11-20,2025-11-20T12:51:00+00:00,SHORT,91790.45,2.158,0.396,1,0,0,0,0,WIN,188,,,0.024,0.23,0.056,0.372,0.36,0.259,0.011,-0.0456,267.965,0.3477,436.744,-0.06,0.326,0.95,-0.021,770.747
W1_NOVEMBER,Bybit,29394093,2025-11-20,2025-11-20T13:33:00+00:00,SHORT,91979.95,2.005,0.06,1,0,0,0,0,WIN,138,,,0.167,0.116,0.06,0.579,0.189,0.503,0.011,-0.0734,736.885,0.2291,931.556,0.255,0.385,2.47,0.0584,3216.413
W1_NOVEMBER,Bybit,29394126,2025-11-20,2025-11-20T14:06:00+00:00,LONG,91117.85,0.448,1.576,0,0,0,1,0,LOSS,,,,-0.723,-0.552,0.074,0.19,1.124,1.2,0.011,0.1741,-1322.079,-0.3067,-509.333,-0.731,0.653,1.88,0.2243,4310.093
W1_NOVEMBER,Bybit,29394153,2025-11-20,2025-11-20T14:33:00+00:00,SHORT,91220.25,2.069,0.195,1,0,0,0,0,WIN,91,,,-0.826,-0.403,0.093,0.706,1.013,1.044,0.011,-0.1273,363.624,0.0437,-764.214,0.138,0.478,2.24,0.006,8328.46
W1_NOVEMBER,Bybit,29394171,2025-11-20,2025-11-20T14:51:00+00:00,LONG,90933.55,0.264,1.567,0,0,0,1,0,LOSS,,,,-1.079,-0.91,0.104,0.389,1.324,0.882,0.013,-0.1217,-452.156,-0.0913,-769.755,-0.345,0.546,1.67,0.0315,4950.964
W1_NOVEMBER,Bybit,29394216,2025-11-20,2025-11-20T15:36:00+00:00,LONG,90469.25,0.162,1.546,0,0,0,1,0,LOSS,,,,-0.975,-1.51,0.115,0.245,1.828,0.588,0.011,-0.0511,-801.156,-0.1512,-1320.67,-0.041,0.576,1.22,0.0062,5297.582
W1_NOVEMBER,Bybit,29394253,2025-11-20,2025-11-20T16:13:00+00:00,LONG,88786.45,0.166,1.618,0,0,0,1,0,LOSS,,,,-1.78,-3.446,0.127,0.271,3.654,2.269,0.013,-0.0462,-1388.61,-0.1579,-1932.651,-1.887,0.579,1.44,0.2979,8794.956
W1_NOVEMBER,Bybit,29394283,2025-11-20,2025-11-20T16:43:00+00:00,LONG,88269.05,0.088,1.718,0,0,0,1,0,LOSS,,,,-2.459,-3.84,0.134,0.227,4.215,0.982,0.011,0.0973,1016.947,0.1072,-365.072,-0.583,0.446,1.39,-0.0625,9485.577
W1_NOVEMBER,Bybit,29394315,2025-11-20,2025-11-20T17:15:00+00:00,LONG,87114.75,1.216,1.171,0,0,0,0,1,TIMEOUT,,,,-1.757,-4.068,0.146,0.417,5.468,1.838,0.019,0.0251,-709.158,-0.0593,156.789,-1.239,0.53,1.55,0.0735,11953.244
W1_NOVEMBER,Bybit,29394368,2025-11-20,2025-11-20T18:08:00+00:00,SHORT,87364.45,1.454,0.926,0,0,0,0,1,TIMEOUT,,,,-0.205,-3.695,0.146,0.929,4.547,0.898,0.011,0.2172,769.411,0.162,-241.447,0.552,0.419,0.72,0.0893,4750.053
W1_NOVEMBER,Bybit,29394415,2025-11-20,2025-11-20T18:55:00+00:00,LONG,86366.65,2.004,0.315,1,0,0,0,0,WIN,214,,,-0.879,-4.162,0.146,0.104,5.273,0.798,0.015,-0.0456,-699.509,-0.2241,-397.289,-0.688,0.612,0.47,0.1543,3121.373
W1_NOVEMBER,Bybit,29394444,2025-11-20,2025-11-20T19:24:00+00:00,SHORT,86660.05,0.428,1.642,0,0,0,1,0,LOSS,,,,-0.294,-2.211,0.14,0.657,4.484,0.828,0.012,-0.1696,1080.625,0.2049,319.673,0.307,0.398,0.74,0.0629,5273.043
W1_NOVEMBER,Bybit,29394504,2025-11-20,2025-11-20T20:24:00+00:00,SHORT,86646.35,0.274,1.503,0,0,0,1,0,LOSS,,,,-0.016,-0.446,0.118,0.641,2.572,0.743,0.012,-0.0457,189.136,0.0631,-776.732,0.086,0.468,0.64,0.0054,2998.792
W1_NOVEMBER,Bybit,29394547,2025-11-20,2025-11-20T21:07:00+00:00,SHORT,86698.85,0.0,1.596,0,0,0,1,0,LOSS,,,,0.088,-0.606,0.105,0.702,1.093,0.455,0.012,0.1203,-67.873,-0.0362,-148.702,0.093,0.518,0.69,-0.0034,1874.421
W1_NOVEMBER,Bybit,29394683,2025-11-20,2025-11-20T23:23:00+00:00,LONG,87330.75,0.127,1.685,0,0,0,1,0,LOSS,,,,-0.59,0.506,0.094,1.207,0.956,1.04,0.018,-0.2733,-600.047,-0.2021,-1059.666,-0.762,0.601,1.26,0.154,2968.835
W1_NOVEMBER,Bybit,29394714,2025-11-20,2025-11-20T23:54:00+00:00,LONG,86732.15,0.818,1.531,0,0,0,1,0,LOSS,,,,-1.362,0.328,0.093,0.514,1.635,0.924,0.012,0.3167,-860.651,-0.2762,-1457.159,-0.788,0.638,1.23,0.2177,3115.967
W1_NOVEMBER,Bybit,29394732,2025-11-21,2025-11-21T00:12:00+00:00,SHORT,87064.15,2.236,0.434,1,0,0,0,0,WIN,428,,,-0.446,0.25,0.099,0.898,1.258,0.665,0.011,0.2661,-181.031,-0.0608,-1051.086,0.101,0.53,1.22,-0.0062,2978.623
W1_NOVEMBER,Bybit,29394847,2025-11-21,2025-11-21T02:07:00+00:00,LONG,86788.55,0.015,1.595,0,0,0,1,0,LOSS,,,,-0.604,-0.954,0.101,0.314,1.571,0.735,0.012,0.1915,-438.753,-0.3177,-684.107,-0.199,0.659,0.66,0.0632,1381.147
W1_NOVEMBER,Bybit,29394886,2025-11-21,2025-11-21T02:46:00+00:00,LONG,86156.55,0.166,1.598,0,0,0,1,0,LOSS,,,,-1.16,-0.88,0.112,0.346,2.272,0.986,0.012,0.0769,-1120.627,-0.2075,-1754.994,-0.391,0.604,1.87,0.0812,5399.365
W1_NOVEMBER,Bybit,29394947,2025-11-21,2025-11-21T03:47:00+00:00,SHORT,86008.05,3.379,0.339,1,1,1,0,0,WIN,226,226,226,-0.125,-1.483,0.12,0.707,1.64,0.697,0.012,-0.2416,325.651,0.1576,-384.249,0.553,0.421,0.85,0.0871,2065.771
W1_NOVEMBER,Bybit,29395001,2025-11-21,2025-11-21T04:41:00+00:00,LONG,85508.15,0.926,2.814,0,0,0,1,0,LOSS,,,,-0.585,-1.83,0.119,0.132,2.19,0.53,0.013,0.0294,-9.509,-0.007,-58.371,-0.19,0.504,0.63,0.0013,1354.971
W1_NOVEMBER,Bybit,29395007,2025-11-21,2025-11-21T04:47:00+00:00,SHORT,85695.25,3.027,0.705,1,1,1,0,0,WIN,166,166,166,-0.364,-1.76,0.121,0.351,1.976,0.606,0.012,-0.1524,42.868,0.0264,-198.775,0.007,0.487,0.72,0.0002,1623.058
W1_NOVEMBER,Bybit,29395101,2025-11-21,2025-11-21T06:21:00+00:00,LONG,85732.75,0.065,3.069,0,0,0,1,0,LOSS,,,,-0.613,0.032,0.086,0.395,1.123,0.598,0.012,0.0637,-266.038,-0.2283,-185.095,-0.434,0.614,0.82,0.0991,1165.356
W1_NOVEMBER,Bybit,29395135,2025-11-21,2025-11-21T06:55:00+00:00,LONG,85616.45,0.032,2.937,0,0,0,1,0,LOSS,,,,-0.569,-0.359,0.077,0.258,0.792,0.257,0.012,0.1209,116.781,0.0719,-109.117,-0.047,0.464,1.1,-0.0034,1624.649
W1_NOVEMBER,Bybit,29395175,2025-11-21,2025-11-21T07:35:00+00:00,LONG,83765.55,1.039,1.501,0,0,0,1,0,LOSS,,,,-2.277,-1.976,0.167,0.799,2.936,2.993,0.034,0.1098,-4442.46,-0.2064,-4921.523,-2.13,0.603,3.43,0.4397,21522.772
W1_NOVEMBER,Bybit,29395214,2025-11-21,2025-11-21T08:14:00+00:00,SHORT,84461.35,2.01,0.207,1,0,0,0,0,WIN,78,,,-1.187,-1.967,0.191,1.636,2.13,1.033,0.02,0.0703,385.455,0.0516,-4182.244,0.179,0.474,1.26,0.0092,7475.229
W1_NOVEMBER,Bybit,29395244,2025-11-21,2025-11-21T08:44:00+00:00,LONG,83771.35,0.186,1.507,0,0,0,1,0,LOSS,,,,-0.64,-2.605,0.195,0.806,2.93,1.058,0.012,-0.1713,-243.383,-0.0684,91.717,-0.817,0.534,0.65,0.0559,3559.781
W1_NOVEMBER,Bybit,29395278,2025-11-21,2025-11-21T09:18:00+00:00,LONG,83592.65,0.023,1.619,0,0,0,1,0,LOSS,,,,-0.974,-2.493,0.198,0.591,3.137,0.374,0.012,0.1442,202.183,0.0792,-61.64,-0.282,0.46,0.55,-0.0223,2552.759
W1_NOVEMBER,Bybit,29395316,2025-11-21,2025-11-21T09:56:00+00:00,LONG,82453.75,0.973,1.63,0,0,0,1,0,LOSS,,,,-1.59,-3.619,0.203,0.424,4.317,1.316,0.014,-0.0414,-2423.131,-0.2687,-3204.385,-0.836,0.634,0.93,0.2246,9017.405
W1_NOVEMBER,Bybit,29395355,2025-11-21,2025-11-21T10:35:00+00:00,SHORT,82504.95,2.189,0.911,1,0,0,0,0,WIN,113,,,-0.514,-1.505,0.155,0.813,3.748,0.831,0.012,0.0432,1218.082,0.1729,152.701,0.603,0.414,0.98,0.1043,7045.984
W1_NOVEMBER,Bybit,29395433,2025-11-21,2025-11-21T11:53:00+00:00,LONG,82253.85,0.097,1.89,0,0,0,1,0,LOSS,,,,-0.556,-1.778,0.128,0.506,2.815,1.081,0.012,0.1579,-689.087,-0.2399,-395.919,-1.051,0.62,0.66,0.2521,2872.507
W1_NOVEMBER,Bybit,29395465,2025-11-21,2025-11-21T12:25:00+00:00,LONG,81288.75,2.04,0.725,1,0,0,0,0,WIN,14,,,-2.171,-2.433,0.14,0.261,3.675,1.549,0.012,-0.1456,-1253.177,-0.1733,-1670.721,-1.21,0.587,1.3,0.2097,7229.263
W1_NOVEMBER,Bybit,29395480,2025-11-21,2025-11-21T12:40:00+00:00,SHORT,82710.55,0.0,1.777,0,0,0,1,0,LOSS,,,,0.285,0.064,0.161,2.493,1.449,2.786,0.022,-0.0517,-26.644,-0.0018,-336.705,0.877,0.501,2.29,-0.0016,14857.292
W1_NOVEMBER,Bybit,29395661,2025-11-21,2025-11-21T15:41:00+00:00,LONG,82948.55,2.114,0.634,1,0,0,0,0,WIN,75,,,-2.57,0.109,0.173,2.788,2.848,1.857,0.023,-0.0001,-1834.151,-0.2266,-2324.383,-1.715,0.613,1.05,0.3887,8094.087
W1_NOVEMBER,Bybit,29395703,2025-11-21,2025-11-21T16:23:00+00:00,SHORT,82934.95,0.0,1.797,0,0,0,1,0,LOSS,,,,-1.308,-0.939,0.169,2.771,2.864,0.876,0.012,-0.1526,625.996,0.103,-717.987,0.108,0.449,1.06,0.0111,6079.616
W1_NOVEMBER,Bybit,29395809,2025-11-21,2025-11-21T18:09:00+00:00,LONG,84088.55,1.659,0.932,0,0,0,0,1,TIMEOUT,,,,-1.478,-0.398,0.153,2.021,1.584,1.71,0.014,0.1004,-1434.101,-0.2814,-1976.708,-1.242,0.641,0.8,0.3495,5096.861
W1_NOVEMBER,Bybit,29395840,2025-11-21,2025-11-21T18:40:00+00:00,SHORT,84358.55,1.096,1.334,0,0,0,0,1,TIMEOUT,,,,-0.823,1.811,0.153,2.349,1.268,1.41,0.012,0.0204,784.669,0.1394,-525.596,0.517,0.43,0.85,0.0721,5627.283
W1_NOVEMBER,Bybit,29395908,2025-11-21,2025-11-21T19:48:00+00:00,LONG,84350.75,1.343,1.087,0,0,0,0,1,TIMEOUT,,,,-0.638,0.725,0.137,2.34,1.277,0.834,0.012,-0.1069,-382.401,-0.2245,-588.061,-0.226,0.612,0.51,0.0507,1703.531
W1_NOVEMBER,Bybit,29395942,2025-11-21,2025-11-21T20:22:00+00:00,LONG,83814.85,1.991,0.454,0,0,0,0,1,TIMEOUT,,,,-1.197,-1.577,0.124,1.061,1.904,0.631,0.012,0.1266,-22.042,-0.0084,-465.02,-0.474,0.504,0.7,0.004,2634.978
W1_NOVEMBER,Bybit,29395970,2025-11-21,2025-11-21T20:50:00+00:00,SHORT,84322.85,0.603,1.377,0,0,0,0,1,TIMEOUT,,,,0.042,-0.983,0.13,1.222,1.31,1.335,0.012,-0.0967,386.287,0.1497,274.094,0.644,0.425,0.9,0.0963,2580.907
W1_NOVEMBER,Bybit,29396076,2025-11-21,2025-11-21T22:36:00+00:00,LONG,84520.75,1.139,0.836,0,0,0,0,1,TIMEOUT,,,,-0.766,-0.227,0.109,1.302,0.989,1.166,0.012,0.2129,-533.82,-0.2816,-390.186,-0.906,0.641,0.69,0.2551,1895.904
W1_NOVEMBER,Bybit,29396108,2025-11-21,2025-11-21T23:08:00+00:00,LONG,84168.35,1.563,0.421,0,0,0,0,1,TIMEOUT,,,,-1.28,0.327,0.111,0.88,1.402,0.897,0.012,0.0676,-8.131,-0.0047,-452.046,-0.268,0.502,0.83,0.0013,1738.473
W1_NOVEMBER,Bybit,29396125,2025-11-21,2025-11-21T23:25:00+00:00,SHORT,84780.25,1.14,0.83,0,0,0,0,1,TIMEOUT,,,,0.01,1.137,0.11,1.613,0.685,0.895,0.012,0.1549,245.985,0.1487,364.708,0.432,0.426,0.82,0.0642,1653.895
W1_NOVEMBER,Bybit,29396240,2025-11-22,2025-11-22T01:20:00+00:00,SHORT,84845.95,1.216,0.387,0,0,0,0,1,TIMEOUT,,,,-0.426,-0.246,0.093,0.905,0.746,0.351,0.012,0.0651,222.471,0.1644,-60.499,0.151,0.418,0.95,0.0249,1353.009
W1_NOVEMBER,Bybit,29396320,2025-11-22,2025-11-22T02:40:00+00:00,LONG,84341.45,0.475,0.868,0,0,0,0,1,TIMEOUT,,,,-0.776,-0.83,0.08,0.305,1.336,0.571,0.012,0.087,-378.298,-0.3494,-410.973,-0.487,0.675,0.91,0.1702,1082.806
W1_NOVEMBER,Bybit,29396349,2025-11-22,2025-11-22T03:09:00+00:00,SHORT,84499.95,1.166,0.286,0,0,0,0,1,TIMEOUT,,,,-0.455,-1.0,0.078,0.37,1.151,0.308,0.012,-0.1018,-33.475,-0.044,-413.734,0.216,0.522,0.73,-0.0095,760.607
W1_NOVEMBER,Bybit,29396402,2025-11-22,2025-11-22T04:02:00+00:00,SHORT,84397.55,1.046,0.408,0,0,0,0,1,TIMEOUT,,,,0.01,-0.416,0.069,0.223,1.271,0.315,0.012,-0.4227,-282.44,-0.3766,-518.31,0.005,0.688,0.82,-0.0021,749.896
W1_NOVEMBER,Bybit,29396419,2025-11-22,2025-11-22T04:19:00+00:00,LONG,83933.35,0.963,0.499,0,0,0,0,1,TIMEOUT,,,,-0.642,-1.099,0.068,0.028,1.54,0.673,0.012,0.2553,-414.888,-0.3534,-674.092,-0.337,0.677,1.12,0.1192,1174.138
W1_NOVEMBER,Bybit,29396457,2025-11-22,2025-11-22T04:57:00+00:00,SHORT,84146.35,0.751,0.708,0,0,0,0,1,TIMEOUT,,,,-0.32,-1.027,0.071,0.396,1.207,0.479,0.012,0.0195,-262.745,-0.2462,-609.643,0.117,0.623,1.16,-0.0289,1067.417
W1_NOVEMBER,Bybit,29396509,2025-11-22,2025-11-22T05:49:00+00:00,SHORT,84051.85,0.639,0.821,0,0,0,0,1,TIMEOUT,,,,0.074,-0.3,0.072,0.284,1.318,0.346,0.012,-0.17,146.609,0.2291,111.981,0.045,0.385,0.86,0.0102,640.013
W1_NOVEMBER,Bybit,29396615,2025-11-22,2025-11-22T07:35:00+00:00,SHORT,84405.15,1.055,0.25,0,0,0,0,1,TIMEOUT,,,,-0.273,0.664,0.063,0.705,0.397,0.214,0.012,-0.0931,-44.934,-0.061,-252.169,-0.084,0.53,0.77,0.0051,737.216
W1_NOVEMBER,Bybit,29396681,2025-11-22,2025-11-22T08:41:00+00:00,LONG,83962.55,0.778,0.534,0,0,0,0,1,TIMEOUT,,,,-0.62,0.103,0.058,0.141,0.919,0.718,0.012,0.3523,-251.807,-0.1776,-214.866,-0.552,0.589,1.29,0.098,1417.615
W1_NOVEMBER,Bybit,29396714,2025-11-22,2025-11-22T09:14:00+00:00,SHORT,84261.75,0.887,0.634,0,0,0,0,1,TIMEOUT,,,,-0.269,0.021,0.055,0.498,0.566,0.48,0.012,-0.2371,94.914,0.0966,-126.055,0.275,0.452,1.06,0.0265,982.154
W1_NOVEMBER,Bybit,29396774,2025-11-22,2025-11-22T10:14:00+00:00,SHORT,84129.15,0.731,0.793,0,0,0,0,1,TIMEOUT,,,,-0.157,-0.365,0.06,0.344,0.723,0.407,0.012,0.1125,124.379,0.1484,-197.548,0.257,0.426,0.87,0.0381,838.271
W1_NOVEMBER,Bybit,29396824,2025-11-22,2025-11-22T11:04:00+00:00,SHORT,83630.55,0.057,1.394,0,0,0,0,1,TIMEOUT,,,,-0.385,-0.947,0.062,0.139,1.16,0.26,0.012,0.055,95.735,0.0816,-197.116,-0.057,0.459,0.99,-0.0046,1172.589
W1_NOVEMBER,Bybit,29396907,2025-11-22,2025-11-22T12:27:00+00:00,LONG,83619.25,1.407,0.034,0,0,0,0,1,TIMEOUT,,,,-0.725,-0.522,0.068,0.125,0.811,0.715,0.029,-0.2384,-61.579,-0.041,-5.744,-0.666,0.52,1.0,0.0273,1503.457
W1_NOVEMBER,Bybit,29396933,2025-11-22,2025-11-22T12:53:00+00:00,SHORT,83794.55,0.168,1.195,0,0,0,0,1,TIMEOUT,,,,-0.509,-0.214,0.065,0.335,0.603,0.336,0.012,-0.4705,240.916,0.3169,85.667,0.077,0.342,0.74,0.0244,760.252
W1_NOVEMBER,Bybit,29397135,2025-11-22,2025-11-22T16:15:00+00:00,SHORT,84534.05,0.376,0.727,0,0,0,0,1,TIMEOUT,,,,0.169,0.596,0.062,1.138,0.097,0.667,0.012,0.0759,381.958,0.3817,259.33,0.557,0.309,0.83,0.2127,1000.746
W1_NOVEMBER,Bybit,29397211,2025-11-22,2025-11-22T17:31:00+00:00,SHORT,84612.65,0.469,0.634,0,0,0,0,1,TIMEOUT,,,,0.045,0.16,0.058,1.096,0.216,0.287,0.012,0.4251,-173.145,-0.2334,-131.79,0.035,0.617,0.78,-0.0081,741.809
W1_NOVEMBER,Bybit,29397252,2025-11-22,2025-11-22T18:12:00+00:00,SHORT,84568.45,0.417,0.686,0,0,0,0,1,TIMEOUT,,,,0.157,0.314,0.054,0.675,0.268,0.213,0.018,-0.1617,61.661,0.1853,125.069,0.096,0.407,0.54,0.0177,332.707
W1_NOVEMBER,Bybit,29397291,2025-11-22,2025-11-22T18:51:00+00:00,SHORT,84602.25,0.457,0.646,0,0,0,0,1,TIMEOUT,,,,0.11,0.569,0.051,0.716,0.228,0.197,0.012,0.3248,-31.743,-0.1316,5.472,0.056,0.566,0.51,-0.0074,241.165
W1_NOVEMBER,Bybit,29397354,2025-11-22,2025-11-22T19:54:00+00:00,SHORT,84623.65,0.482,0.621,0,0,0,0,1,TIMEOUT,,,,0.056,-0.021,0.044,0.646,0.203,0.251,0.012,-0.2311,-48.14,-0.1456,-46.628,0.028,0.573,0.83,-0.0041,330.694
W1_NOVEMBER,Bybit,29397433,2025-11-22,2025-11-22T21:13:00+00:00,LONG,84257.25,1.058,0.023,0,0,0,0,1,TIMEOUT,,,,-0.575,-0.412,0.046,0.049,0.599,0.302,0.012,0.2408,-191.197,-0.2472,-232.045,-0.252,0.624,1.57,0.0623,773.539
W1_NOVEMBER,Bybit,29397464,2025-11-22,2025-11-22T21:44:00+00:00,SHORT,84370.95,0.157,0.922,0,0,0,0,1,TIMEOUT,,,,-0.02,-0.176,0.046,0.184,0.465,0.165,0.012,0.0615,-37.068,-0.1263,-208.328,0.143,0.563,0.81,-0.018,293.582
W1_NOVEMBER,Bybit,29397496,2025-11-22,2025-11-22T22:16:00+00:00,SHORT,84517.15,0.035,0.748,0,0,0,0,1,TIMEOUT,,,,0.212,-0.211,0.048,0.358,0.293,0.496,0.012,0.203,148.555,0.3196,84.544,0.232,0.34,1.05,0.0741,464.803
W1_NOVEMBER,Bybit,29397594,2025-11-22,2025-11-22T23:54:00+00:00,LONG,84676.55,0.04,0.058,0,0,0,0,1,TIMEOUT,,,,-0.555,0.507,0.06,0.547,0.555,0.357,0.012,-0.0669,18.405,0.0364,-110.466,-0.205,0.482,0.85,-0.0075,505.011
W1_NOVEMBER,OKX,29391961,2025-11-19,2025-11-19T02:01:00+00:00,SHORT,92408.15,2.103,0.433,1,0,0,0,0,WIN,216,,,0.059,,0.08,0.542,0.522,0.317,0.011,0.1455,4300.51,0.0531,4002.6,0.143,0.473,0.74,0.0076,81012.57
W1_NOVEMBER,OKX,29392053,2025-11-19,2025-11-19T03:33:00+00:00,LONG,92117.95,0.0,1.535,0,0,0,1,0,LOSS,,,,-0.58,-0.046,0.068,0.226,0.835,0.537,0.011,0.1696,-7409.07,-0.073,-1522.66,-0.51,0.537,0.86,0.0373,101427.83
W1_NOVEMBER,OKX,29392102,2025-11-19,2025-11-19T04:22:00+00:00,LONG,91687.35,0.059,1.633,0,0,0,1,0,LOSS,,,,-0.564,-0.718,0.065,0.031,1.207,0.262,0.011,0.1253,9867.44,0.0682,-7970.09,-0.182,0.466,0.91,-0.0124,144747.44
W1_NOVEMBER,OKX,29392140,2025-11-19,2025-11-19T05:00:00+00:00,LONG,91224.95,0.791,1.325,0,0,0,0,1,TIMEOUT,,,,-0.71,-1.266,0.061,0.114,1.706,0.502,0.011,0.1976,-47934.2,-0.2059,-61531.88,-0.385,0.603,1.15,0.0793,232858.58
W1_NOVEMBER,OKX,29392179,2025-11-19,2025-11-19T05:39:00+00:00,LONG,90557.65,1.534,0.598,0,0,0,0,1,TIMEOUT,,,,-0.877,-2.425,0.061,0.105,2.425,0.658,0.011,0.2277,-1544.01,-0.0053,-53806.22,-0.456,0.503,1.34,0.0024,291538.75
W1_NOVEMBER,OKX,29392210,2025-11-19,2025-11-19T06:10:00+00:00,SHORT,90384.65,0.0,1.654,0,0,0,1,0,LOSS,,,,-0.625,-2.16,0.068,0.41,2.611,0.603,0.011,-0.3466,71318.84,0.1318,54880.98,-0.056,0.434,1.79,-0.0073,541145.96
W1_NOVEMBER,OKX,29392371,2025-11-19,2025-11-19T08:51:00+00:00,LONG,91370.15,1.017,1.582,0,0,0,1,0,LOSS,,,,-0.595,1.401,0.063,1.505,0.627,0.629,0.011,0.3685,-26807.75,-0.1494,-79416.06,-0.332,0.575,0.72,0.0496,179485.21
W1_NOVEMBER,OKX,29392441,2025-11-19,2025-11-19T10:01:00+00:00,SHORT,91473.25,2.077,0.903,1,0,0,0,0,WIN,385,,,0.157,0.609,0.06,1.282,0.515,0.3,0.011,0.1118,6887.07,0.074,-7209.76,0.118,0.463,0.72,0.0087,93067.43
W1_NOVEMBER,OKX,29392512,2025-11-19,2025-11-19T11:12:00+00:00,SHORT,91522.65,2.012,0.848,1,0,0,0,0,WIN,307,,,0.027,-0.159,0.053,0.522,0.461,0.369,0.011,0.2048,999.53,0.0117,-16469.13,0.09,0.494,0.81,0.0011,85408.45
W1_NOVEMBER,OKX,29392613,2025-11-19,2025-11-19T12:53:00+00:00,SHORT,91607.25,2.102,0.755,1,0,0,0,0,WIN,206,,,0.233,0.336,0.046,0.615,0.081,0.429,0.011,0.027,2515.23,0.0217,-8956.85,0.274,0.489,1.09,0.0059,115914.03
W1_NOVEMBER,OKX,29392653,2025-11-19,2025-11-19T13:33:00+00:00,SHORT,91634.25,2.131,0.725,1,0,0,0,0,WIN,166,,,0.216,0.269,0.049,0.472,0.222,0.342,0.011,0.1259,-10352.94,-0.1185,-4121.95,-0.015,0.559,1.15,0.0018,87382.28
W1_NOVEMBER,OKX,29392695,2025-11-19,2025-11-19T14:15:00+00:00,SHORT,91445.05,2.047,0.934,1,0,0,0,0,WIN,131,,,-0.213,-0.175,0.055,0.324,0.428,0.383,0.011,0.1203,-22692.06,-0.1258,-24898.58,0.022,0.563,1.46,-0.0027,180357.94
W1_NOVEMBER,OKX,29392709,2025-11-19,2025-11-19T14:29:00+00:00,LONG,91075.25,1.344,1.53,0,0,0,1,0,LOSS,,,,-0.725,-0.455,0.057,0.021,0.83,0.486,0.011,-0.2151,-22780.26,-0.1107,-44139.2,-0.299,0.555,1.59,0.0331,205777.6
W1_NOVEMBER,OKX,29392726,2025-11-19,2025-11-19T14:46:00+00:00,SHORT,91579.95,2.073,0.785,1,0,0,0,0,WIN,93,,,0.093,0.12,0.065,0.575,0.281,0.748,0.011,-0.1839,-9156.56,-0.0308,-30993.35,0.198,0.515,2.16,-0.0061,297565.6
W1_NOVEMBER,OKX,29392776,2025-11-19,2025-11-19T15:36:00+00:00,LONG,90694.85,0.064,1.512,0,0,0,1,0,LOSS,,,,-0.903,-0.729,0.088,0.024,1.738,1.793,0.011,0.0865,-79652.57,-0.1269,-63223.47,-1.32,0.563,1.99,0.1675,627665.27
W1_NOVEMBER,OKX,29392821,2025-11-19,2025-11-19T16:21:00+00:00,LONG,89900.95,1.996,1.459,0,0,0,0,1,TIMEOUT,,,,-1.979,-1.898,0.098,0.245,2.598,0.586,0.011,0.0646,9355.69,0.0145,-75225.03,-0.339,0.493,1.28,-0.0049,643313.43
W1_NOVEMBER,OKX,29392862,2025-11-19,2025-11-19T17:02:00+00:00,SHORT,89807.25,1.356,1.512,0,0,0,1,0,LOSS,,,,-0.35,-1.621,0.108,0.412,2.7,0.655,0.011,-0.0743,53836.66,0.1461,56948.13,0.12,0.427,0.81,0.0175,368520.18
W1_NOVEMBER,OKX,29392875,2025-11-19,2025-11-19T17:15:00+00:00,LONG,89404.45,2.139,0.912,1,0,0,0,0,WIN,354,,,-0.755,-2.232,0.109,0.091,3.136,0.785,0.011,0.1409,-13039.94,-0.0338,7432.2,-0.247,0.517,0.8,0.0084,385628.66
W1_NOVEMBER,OKX,29392926,2025-11-19,2025-11-19T18:06:00+00:00,SHORT,89374.05,0.878,1.607,0,0,0,1,0,LOSS,,,,-0.258,-2.757,0.11,0.586,3.169,0.75,0.011,-0.1893,1916.93,0.0038,-57471.86,0.36,0.498,0.93,0.0014,501704.33
W1_NOVEMBER,OKX,29392949,2025-11-19,2025-11-19T18:29:00+00:00,LONG,89023.15,2.008,0.488,1,0,0,0,0,WIN,275,,,-0.526,-2.381,0.101,0.191,3.549,0.821,0.011,0.2204,-1495.92,-0.005,-59277.99,-0.488,0.502,0.77,0.0024,299952.16
W1_NOVEMBER,OKX,29392979,2025-11-19,2025-11-19T18:59:00+00:00,SHORT,89199.55,0.684,1.538,0,0,0,1,0,LOSS,,,,-0.291,-0.774,0.097,0.402,3.358,0.437,0.011,-0.1629,18762.61,0.0646,15068.88,0.198,0.468,0.79,0.0128,290352.51
W1_NOVEMBER,OKX,29393037,2025-11-19,2025-11-19T19:57:00+00:00,SHORT,88902.15,0.352,1.636,0,0,0,1,0,LOSS,,,,-0.368,-1.004,0.087,0.278,1.374,0.42,0.011,-0.3934,-31970.46,-0.1424,-29919.62,0.026,0.571,0.72,-0.0036,224434.18
W1_NOVEMBER,OKX,29393301,2025-11-20,2025-11-20T00:21:00+00:00,SHORT,91660.55,0.016,1.582,0,0,0,1,0,LOSS,,,,0.246,1.297,0.08,2.966,0.038,0.537,0.011,0.1782,4812.58,0.0331,-609.67,0.401,0.483,0.79,0.0133,145467.1
W1_NOVEMBER,OKX,29393452,2025-11-20,2025-11-20T02:52:00+00:00,SHORT,92534.65,1.161,0.623,0,0,0,0,1,TIMEOUT,,,,0.053,1.36,0.069,2.401,0.243,0.269,0.011,-0.0245,-22435.16,-0.1704,-30754.28,0.028,0.585,0.78,-0.0048,131698.34
W1_NOVEMBER,OKX,29393649,2025-11-20,2025-11-20T06:09:00+00:00,SHORT,92741.75,2.136,0.05,1,0,0,0,0,WIN,478,,,-0.164,0.311,0.057,0.677,0.396,0.268,0.011,-0.1326,11670.07,0.1466,2238.46,0.173,0.427,0.66,0.0254,79589.19
W1_NOVEMBER,OKX,29393685,2025-11-20,2025-11-20T06:45:00+00:00,LONG,91928.55,0.525,1.471,0,0,0,0,1,TIMEOUT,,,,-0.744,-0.54,0.054,0.13,1.27,0.907,0.013,-0.0229,-85804.67,-0.3592,-69856.04,-0.771,0.68,1.25,0.2768,238901.61
W1_NOVEMBER,OKX,29393716,2025-11-20,2025-11-20T07:16:00+00:00,SHORT,91965.45,1.842,0.484,0,0,0,0,1,TIMEOUT,,,,-0.699,-0.426,0.058,0.326,1.23,0.405,0.011,0.1465,-15007.97,-0.0644,-90422.45,0.063,0.532,1.15,-0.004,233140.53
W1_NOVEMBER,OKX,29393871,2025-11-20,2025-11-20T09:51:00+00:00,LONG,91579.95,0.632,1.569,0,0,0,1,0,LOSS,,,,-0.578,-0.124,0.05,0.131,1.302,0.509,0.011,0.0524,-55560.58,-0.2506,-67777.78,-0.269,0.625,1.14,0.0674,221741.32
W1_NOVEMBER,OKX,29393877,2025-11-20,2025-11-20T09:57:00+00:00,SHORT,91817.35,2.008,0.372,1,0,0,0,0,WIN,361,,,-0.286,-0.051,0.054,0.391,1.046,0.49,0.011,-0.0648,2937.83,0.0103,-16475.12,0.008,0.495,1.34,0.0001,285837.21
W1_NOVEMBER,OKX,29393912,2025-11-20,2025-11-20T10:32:00+00:00,SHORT,91927.15,2.056,0.252,1,0,0,0,0,WIN,324,,,0.077,-0.108,0.054,0.511,0.523,0.449,0.011,0.0634,25509.61,0.1148,43113.33,-0.034,0.443,1.07,-0.0039,222184.67
W1_NOVEMBER,OKX,29393984,2025-11-20,2025-11-20T11:44:00+00:00,SHORT,91754.95,2.112,0.44,1,0,0,0,0,WIN,255,,,-0.017,-0.525,0.052,0.323,0.71,0.351,0.011,0.3569,9434.59,0.0933,12166.95,0.044,0.453,0.79,0.0041,101103.19
W1_NOVEMBER,OKX,29394051,2025-11-20,2025-11-20T12:51:00+00:00,SHORT,91793.85,2.154,0.398,1,0,0,0,0,WIN,188,,,0.025,0.234,0.055,0.365,0.364,0.259,0.011,0.0452,-902.16,-0.0124,-742.27,-0.059,0.506,0.86,0.0007,72842.56
W1_NOVEMBER,OKX,29394093,2025-11-20,2025-11-20T13:33:00+00:00,SHORT,91981.75,2.026,0.061,1,0,0,0,0,WIN,142,,,0.162,0.119,0.059,0.571,0.192,0.501,0.011,-0.0374,87491.46,0.209,86278.02,0.252,0.396,2.58,0.0527,418676.52
W1_NOVEMBER,OKX,29394126,2025-11-20,2025-11-20T14:06:00+00:00,LONG,91125.95,0.458,1.575,0,0,0,1,0,LOSS,,,,-0.717,-0.552,0.073,0.199,1.121,1.202,0.011,-0.0314,-77669.53,-0.1609,18956.49,-0.722,0.58,2.15,0.1161,482745.21
W1_NOVEMBER,OKX,29394153,2025-11-20,2025-11-20T14:33:00+00:00,SHORT,91231.55,2.08,0.2,1,0,0,0,0,WIN,91,,,-0.816,-0.399,0.094,0.724,1.006,1.068,0.011,-0.2307,44656.82,0.0591,-30279.58,0.157,0.47,2.31,0.0093,755505.6
W1_NOVEMBER,OKX,29394171,2025-11-20,2025-11-20T14:51:00+00:00,LONG,90953.35,0.252,1.577,0,0,0,1,0,LOSS,,,,-1.07,-0.891,0.104,0.417,1.308,0.896,0.011,-0.0586,-28189.24,-0.0592,-27023.2,-0.328,0.53,1.79,0.0194,476300.86
W1_NOVEMBER,OKX,29394216,2025-11-20,2025-11-20T15:36:00+00:00,LONG,90480.95,0.155,1.564,0,0,0,1,0,LOSS,,,,-0.964,-1.496,0.116,0.235,1.821,0.57,0.011,0.0021,-83147.3,-0.1749,-128542.42,-0.024,0.587,1.17,0.0043,475321.36
W1_NOVEMBER,OKX,29394253,2025-11-20,2025-11-20T16:13:00+00:00,LONG,88791.95,0.147,1.52,0,0,0,1,0,LOSS,,,,-1.777,-3.434,0.128,0.257,3.653,2.251,0.011,-0.1232,-217903.68,-0.2008,-230326.21,-1.894,0.6,1.35,0.3802,1085241.64
W1_NOVEMBER,OKX,29394283,2025-11-20,2025-11-20T16:43:00+00:00,LONG,88269.15,0.074,1.51,0,0,0,1,0,LOSS,,,,-2.471,-3.845,0.135,0.22,4.221,0.961,0.011,0.0416,47870.39,0.057,-164789.83,-0.589,0.471,1.32,-0.0336,839106.87
W1_NOVEMBER,OKX,29394315,2025-11-20,2025-11-20T17:15:00+00:00,LONG,87082.45,1.253,1.13,0,0,0,0,1,TIMEOUT,,,,-1.801,-4.115,0.146,0.383,5.508,1.827,0.011,0.0307,-176163.76,-0.1387,-129393.91,-1.275,0.569,1.53,0.1768,1270530.54
W1_NOVEMBER,OKX,29394368,2025-11-20,2025-11-20T18:08:00+00:00,SHORT,87346.45,1.429,0.947,0,0,0,0,1,TIMEOUT,,,,-0.205,-3.716,0.144,0.923,4.585,0.889,0.011,0.1516,55519.84,0.1194,-29387.27,0.544,0.44,0.71,0.0649,465134.72
W1_NOVEMBER,OKX,29394415,2025-11-20,2025-11-20T18:55:00+00:00,LONG,86369.15,2.085,0.314,1,0,0,0,0,WIN,216,,,-0.854,-4.16,0.145,0.093,5.279,0.779,0.012,-0.056,-41492.06,-0.1189,-52746.51,-0.681,0.559,0.48,0.0809,348910.78
W1_NOVEMBER,OKX,29394444,2025-11-20,2025-11-20T19:24:00+00:00,SHORT,86660.05,0.418,1.501,0,0,0,1,0,LOSS,,,,-0.275,-2.214,0.138,0.653,4.5,0.825,0.012,-0.0624,38036.37,0.0747,-6660.44,0.309,0.463,0.68,0.0231,509384.69
W1_NOVEMBER,OKX,29394504,2025-11-20,2025-11-20T20:24:00+00:00,SHORT,86641.45,0.272,1.504,0,0,0,1,0,LOSS,,,,-0.021,-0.438,0.117,0.631,2.565,0.726,0.012,-0.1067,4627.22,0.0187,178.96,0.09,0.491,0.65,0.0017,247120.84
W1_NOVEMBER,OKX,29394547,2025-11-20,2025-11-20T21:07:00+00:00,SHORT,86690.95,0.0,1.586,0,0,0,1,0,LOSS,,,,0.083,-0.6,0.104,0.689,1.09,0.445,0.012,-0.1754,-5799.05,-0.0325,13991.98,0.093,0.516,0.62,-0.003,178252.07
W1_NOVEMBER,OKX,29394683,2025-11-20,2025-11-20T23:23:00+00:00,LONG,87337.95,0.124,1.698,0,0,0,1,0,LOSS,,,,-0.582,0.515,0.092,1.205,0.948,1.036,0.011,-0.1426,-12925.31,-0.0553,-37212.84,-0.754,0.528,1.25,0.0417,233866.33
W1_NOVEMBER,OKX,29394714,2025-11-20,2025-11-20T23:54:00+00:00,LONG,86740.05,0.815,1.545,0,0,0,1,0,LOSS,,,,-1.352,0.335,0.092,0.512,1.626,0.929,0.012,0.0661,-32620.71,-0.1418,-21683.0,-0.792,0.571,1.17,0.1124,230052.75
W1_NOVEMBER,OKX,29394732,2025-11-21,2025-11-21T00:12:00+00:00,SHORT,87074.75,2.251,0.427,1,0,0,0,0,WIN,428,,,-0.447,0.272,0.097,0.9,1.246,0.664,0.011,0.2972,61440.54,0.2204,47638.28,0.093,0.39,1.23,0.0205,278787.2
W1_NOVEMBER,OKX,29394847,2025-11-21,2025-11-21T02:07:00+00:00,LONG,86799.85,0.019,1.502,0,0,0,1,0,LOSS,,,,-0.606,-0.951,0.101,0.305,1.558,0.743,0.012,-0.0773,-31314.6,-0.2001,-65313.92,-0.203,0.6,0.75,0.0406,156479.28
W1_NOVEMBER,OKX,29394886,2025-11-21,2025-11-21T02:46:00+00:00,LONG,86159.05,0.177,1.614,0,0,0,1,0,LOSS,,,,-1.176,-0.899,0.112,0.354,2.273,1.003,0.013,0.1414,-107092.41,-0.1948,-170401.99,-0.404,0.597,1.69,0.0787,549638.07
W1_NOVEMBER,OKX,29394947,2025-11-21,2025-11-21T03:47:00+00:00,SHORT,86019.75,3.43,0.34,1,1,1,0,0,WIN,226,226,226,-0.124,-1.493,0.121,0.726,1.632,0.704,0.012,-0.1981,31949.35,0.1077,-57078.19,0.555,0.446,0.98,0.0597,296659.71
W1_NOVEMBER,OKX,29395000,2025-11-21,2025-11-21T04:40:00+00:00,LONG,85481.05,0.972,2.822,0,0,0,1,0,LOSS,,,,-0.566,-1.808,0.118,0.095,2.225,0.529,0.012,0.1022,-8113.8,-0.0493,-3437.37,-0.145,0.525,0.68,0.0071,164440.36
W1_NOVEMBER,OKX,29395007,2025-11-21,2025-11-21T04:47:00+00:00,SHORT,85706.05,3.077,0.707,1,1,1,0,0,WIN,166,166,166,-0.365,-1.753,0.121,0.358,1.967,0.61,0.012,0.1337,10669.08,0.0492,7623.67,0.007,0.475,0.79,0.0003,217070.3
W1_NOVEMBER,OKX,29395101,2025-11-21,2025-11-21T06:21:00+00:00,LONG,85737.35,0.063,3.112,0,0,0,1,0,LOSS,,,,-0.622,0.027,0.085,0.395,1.129,0.601,0.012,-0.0125,-9181.93,-0.0682,5212.17,-0.425,0.534,0.8,0.0289,134712.77
W1_NOVEMBER,OKX,29395135,2025-11-21,2025-11-21T06:55:00+00:00,LONG,85614.35,0.036,2.973,0,0,0,1,0,LOSS,,,,-0.571,-0.378,0.077,0.251,0.808,0.256,0.012,-0.0903,12789.7,0.0705,6265.41,-0.053,0.465,0.95,-0.0038,181351.58
W1_NOVEMBER,OKX,29395175,2025-11-21,2025-11-21T07:35:00+00:00,LONG,83726.45,1.09,1.501,0,0,0,1,0,LOSS,,,,-2.329,-2.032,0.169,0.791,2.996,3.038,0.053,0.0154,-405050.28,-0.1888,-336340.8,-2.18,0.594,3.15,0.4116,2145581.74
W1_NOVEMBER,OKX,29395214,2025-11-21,2025-11-21T08:14:00+00:00,SHORT,84450.15,2.005,0.224,1,0,0,0,0,WIN,78,,,-1.204,-1.999,0.192,1.662,2.157,1.04,0.016,-0.178,-26311.3,-0.0313,-306384.88,0.156,0.516,1.41,-0.0049,839689.46
W1_NOVEMBER,OKX,29395244,2025-11-21,2025-11-21T08:44:00+00:00,LONG,83772.05,0.192,1.504,0,0,0,1,0,LOSS,,,,-0.648,-2.61,0.196,0.846,2.943,1.058,0.012,-0.1092,-19242.87,-0.0509,-36290.37,-0.803,0.525,0.71,0.0408,378269.81
W1_NOVEMBER,OKX,29395278,2025-11-21,2025-11-21T09:18:00+00:00,LONG,83599.95,0.025,1.618,0,0,0,1,0,LOSS,,,,-0.951,-2.491,0.199,0.639,3.142,0.363,0.012,-0.0323,12531.96,0.0433,17120.44,-0.28,0.478,0.54,-0.0121,289406.2
W1_NOVEMBER,OKX,29395316,2025-11-21,2025-11-21T09:56:00+00:00,LONG,82455.05,0.973,1.621,0,0,0,1,0,LOSS,,,,-1.602,-3.618,0.204,0.422,4.318,1.313,0.02,-0.0839,-9788.17,-0.0116,41637.58,-0.838,0.506,0.86,0.0097,846768.05
W1_NOVEMBER,OKX,29395355,2025-11-21,2025-11-21T10:35:00+00:00,SHORT,82499.95,2.19,0.918,1,0,0,0,0,WIN,113,,,-0.54,-1.465,0.154,0.803,3.76,0.84,0.012,-0.0228,72945.45,0.0948,69167.27,0.589,0.453,1.17,0.0558,769169.15
W1_NOVEMBER,OKX,29395438,2025-11-21,2025-11-21T11:58:00+00:00,LONG,82277.55,0.06,1.556,0,0,0,1,0,LOSS,,,,-0.537,-1.692,0.128,0.531,2.79,1.054,0.012,-0.0245,-5458.64,-0.0155,31731.26,-0.795,0.508,0.68,0.0123,351306.18
W1_NOVEMBER,OKX,29395470,2025-11-21,2025-11-21T12:30:00+00:00,LONG,81431.95,2.259,0.0,1,0,0,0,0,WIN,15,,,-1.728,-1.924,0.145,0.915,3.503,2.025,0.019,0.045,-77588.59,-0.069,-67706.03,-1.019,0.534,1.45,0.0703,1124977.53
W1_NOVEMBER,OKX,29395480,2025-11-21,2025-11-21T12:40:00+00:00,SHORT,82700.95,0.0,1.51,0,0,0,1,0,LOSS,,,,0.282,0.052,0.161,2.488,1.468,2.78,0.012,-0.0922,-12431.77,-0.0076,134.92,0.862,0.504,2.01,-0.0066,1635045.57
W1_NOVEMBER,OKX,29395661,2025-11-21,2025-11-21T15:41:00+00:00,LONG,82954.25,2.094,0.62,1,0,0,0,0,WIN,75,,,-2.564,0.124,0.173,2.802,2.831,1.862,0.012,0.0605,-41041.34,-0.0568,-101225.08,-1.709,0.528,1.08,0.0971,722413.7
W1_NOVEMBER,OKX,29395703,2025-11-21,2025-11-21T16:23:00+00:00,SHORT,82930.85,0.0,1.815,0,0,0,1,0,LOSS,,,,-1.303,-0.934,0.168,2.773,2.858,0.852,0.012,-0.0306,104.23,0.0002,-2295.26,0.102,0.5,1.16,0.0,670196.81
W1_NOVEMBER,OKX,29395809,2025-11-21,2025-11-21T18:09:00+00:00,LONG,84077.45,1.651,0.925,0,0,0,0,1,TIMEOUT,,,,-1.471,-0.404,0.153,1.986,1.579,1.695,0.012,-0.0517,-79973.38,-0.1874,-139271.07,-1.245,0.594,0.71,0.2333,426654.48
W1_NOVEMBER,OKX,29395840,2025-11-21,2025-11-21T18:40:00+00:00,SHORT,84351.05,1.085,1.321,0,0,0,0,1,TIMEOUT,,,,-0.819,1.807,0.152,2.318,1.259,1.422,0.012,0.0504,14201.7,0.0237,-65515.25,0.518,0.488,0.91,0.0123,598735.5
W1_NOVEMBER,OKX,29395908,2025-11-21,2025-11-21T19:48:00+00:00,LONG,84352.55,1.319,1.087,0,0,0,0,1,TIMEOUT,,,,-0.635,0.718,0.138,2.32,1.257,0.831,0.012,0.1155,-18182.4,-0.1125,-6422.93,-0.212,0.556,0.54,0.0239,161610.8
W1_NOVEMBER,OKX,29395941,2025-11-21,2025-11-21T20:21:00+00:00,LONG,83791.15,1.998,0.424,0,0,0,0,1,TIMEOUT,,,,-1.33,-1.455,0.125,1.037,1.914,0.633,0.012,-0.1602,-17626.72,-0.0971,-36773.68,-0.509,0.549,0.7,0.0495,181505.92
W1_NOVEMBER,OKX,29395970,2025-11-21,2025-11-21T20:50:00+00:00,SHORT,84330.05,0.6,1.346,0,0,0,0,1,TIMEOUT,,,,0.046,-0.967,0.13,1.236,1.283,1.335,0.012,0.0729,30199.25,0.1464,6481.76,0.646,0.427,0.9,0.0945,206286.93
W1_NOVEMBER,OKX,29396076,2025-11-21,2025-11-21T22:36:00+00:00,LONG,84513.65,1.126,0.816,0,0,0,0,1,TIMEOUT,,,,-0.773,-0.252,0.109,1.292,0.982,1.178,0.012,0.1865,-46414.98,-0.3203,-50865.76,-0.905,0.66,0.59,0.29,144889.84
W1_NOVEMBER,OKX,29396108,2025-11-21,2025-11-21T23:08:00+00:00,LONG,84173.65,1.535,0.416,0,0,0,0,1,TIMEOUT,,,,-1.249,0.326,0.11,0.884,1.381,0.895,0.012,-0.1627,-5211.72,-0.0378,-35510.8,-0.264,0.519,0.93,0.01,137879.62
W1_NOVEMBER,OKX,29396123,2025-11-21,2025-11-21T23:23:00+00:00,SHORT,84831.05,1.187,0.748,0,0,0,0,1,TIMEOUT,,,,0.087,1.372,0.109,1.672,0.61,0.903,0.012,0.1739,1539.31,0.0105,10216.94,0.462,0.495,0.89,0.0049,146195.37
W1_NOVEMBER,OKX,29396232,2025-11-22,2025-11-22T01:12:00+00:00,LONG,84680.05,0.569,1.011,0,0,0,0,1,TIMEOUT,,,,-0.76,-0.466,0.091,0.718,0.919,0.553,0.012,0.0672,-17722.21,-0.1098,-32723.27,-0.372,0.555,1.08,0.0409,161363.43
W1_NOVEMBER,OKX,29396240,2025-11-22,2025-11-22T01:20:00+00:00,SHORT,84844.15,1.203,0.375,0,0,0,0,1,TIMEOUT,,,,-0.415,-0.242,0.092,0.914,0.727,0.358,0.012,0.1924,18222.55,0.1522,-20991.02,0.151,0.424,0.98,0.0229,119762.83
W1_NOVEMBER,OKX,29396320,2025-11-22,2025-11-22T02:40:00+00:00,LONG,84347.85,0.471,0.871,0,0,0,0,1,TIMEOUT,,,,-0.765,-0.806,0.079,0.323,1.308,0.565,0.012,-0.0791,-30456.23,-0.1533,-43850.93,-0.474,0.577,0.99,0.0727,198632.05
W1_NOVEMBER,OKX,29396349,2025-11-22,2025-11-22T03:09:00+00:00,SHORT,84507.45,1.175,0.281,0,0,0,0,1,TIMEOUT,,,,-0.45,-0.983,0.077,0.382,1.121,0.31,0.015,-0.2284,30694.06,0.2533,-12229.41,0.227,0.373,0.8,0.0575,121194.46
W1_NOVEMBER,OKX,29396402,2025-11-22,2025-11-22T04:02:00+00:00,SHORT,84410.05,1.061,0.397,0,0,0,0,1,TIMEOUT,,,,0.014,-0.395,0.069,0.234,1.235,0.311,0.012,-0.1255,6421.2,0.0968,20019.03,0.015,0.452,0.74,0.0014,66316.36
W1_NOVEMBER,OKX,29396457,2025-11-22,2025-11-22T04:57:00+00:00,SHORT,84152.75,0.759,0.704,0,0,0,0,1,TIMEOUT,,,,-0.315,-1.009,0.071,0.392,1.185,0.474,0.012,-0.184,-5497.61,-0.0455,-9004.57,0.131,0.523,1.0,-0.0059,120867.47
W1_NOVEMBER,OKX,29396509,2025-11-22,2025-11-22T05:49:00+00:00,SHORT,84060.05,0.649,0.815,0,0,0,0,1,TIMEOUT,,,,0.072,-0.288,0.071,0.282,1.294,0.339,0.012,0.0324,9272.0,0.1043,7627.58,0.053,0.448,0.89,0.0055,88863.22
W1_NOVEMBER,OKX,29396615,2025-11-22,2025-11-22T07:35:00+00:00,SHORT,84405.15,1.055,0.254,0,0,0,0,1,TIMEOUT,,,,-0.273,0.648,0.062,0.693,0.401,0.213,0.012,0.0185,-91.81,-0.0013,-8783.05,-0.075,0.501,0.84,0.0001,70701.63
W1_NOVEMBER,OKX,29396681,2025-11-22,2025-11-22T08:41:00+00:00,LONG,83967.55,0.743,0.54,0,0,0,0,1,TIMEOUT,,,,-0.613,0.097,0.058,0.143,0.917,0.71,0.012,0.4867,-17069.27,-0.1256,-27759.3,-0.557,0.563,1.21,0.07,135855.25
W1_NOVEMBER,OKX,29396714,2025-11-22,2025-11-22T09:14:00+00:00,SHORT,84270.05,0.897,0.615,0,0,0,0,1,TIMEOUT,,,,-0.263,0.03,0.056,0.504,0.561,0.481,0.012,-0.1073,29176.16,0.1859,13082.52,0.278,0.407,1.07,0.0516,156964.0
W1_NOVEMBER,OKX,29396774,2025-11-22,2025-11-22T10:14:00+00:00,SHORT,84134.55,0.737,0.777,0,0,0,0,1,TIMEOUT,,,,-0.161,-0.353,0.06,0.335,0.72,0.389,0.012,-0.0606,19046.31,0.1866,-12424.47,0.257,0.407,0.92,0.0479,102044.09
W1_NOVEMBER,OKX,29396824,2025-11-22,2025-11-22T11:04:00+00:00,SHORT,83641.95,0.06,1.37,0,0,0,0,1,TIMEOUT,,,,-0.386,-0.935,0.063,0.153,1.156,0.268,0.012,-0.2243,7311.0,0.0552,-1803.9,-0.052,0.472,1.07,-0.0029,132334.84
W1_NOVEMBER,OKX,29396907,2025-11-22,2025-11-22T12:27:00+00:00,LONG,83618.05,1.399,0.024,0,0,0,0,1,TIMEOUT,,,,-0.727,-0.536,0.068,0.124,0.815,0.694,0.012,0.1506,-11529.3,-0.0861,-8021.35,-0.658,0.543,0.95,0.0566,133961.38
W1_NOVEMBER,OKX,29396933,2025-11-22,2025-11-22T12:53:00+00:00,SHORT,83791.65,0.164,1.189,0,0,0,0,1,TIMEOUT,,,,-0.498,-0.224,0.065,0.332,0.609,0.328,0.012,-0.2385,4747.89,0.0579,-6186.46,0.069,0.471,0.75,0.004,82023.43
W1_NOVEMBER,OKX,29397135,2025-11-22,2025-11-22T16:15:00+00:00,SHORT,84525.05,0.364,0.73,0,0,0,0,1,TIMEOUT,,,,0.172,0.591,0.062,1.117,0.079,0.659,0.012,0.022,18137.42,0.197,-18361.89,0.565,0.401,0.88,0.1113,92059.68
W1_NOVEMBER,OKX,29397211,2025-11-22,2025-11-22T17:31:00+00:00,SHORT,84594.95,0.446,0.647,0,0,0,0,1,TIMEOUT,,,,0.043,0.16,0.059,1.074,0.228,0.287,0.012,-0.0253,-4956.1,-0.061,4237.97,0.036,0.53,0.84,-0.0022,81312.12
W1_NOVEMBER,OKX,29397252,2025-11-22,2025-11-22T18:12:00+00:00,SHORT,84554.25,0.398,0.695,0,0,0,0,1,TIMEOUT,,,,0.158,0.311,0.055,0.673,0.276,0.206,0.012,-0.2474,1188.62,0.0269,4605.0,0.095,0.487,0.62,0.0026,44132.22
W1_NOVEMBER,OKX,29397291,2025-11-22,2025-11-22T18:51:00+00:00,SHORT,84589.05,0.439,0.654,0,0,0,0,1,TIMEOUT,,,,0.105,0.562,0.052,0.714,0.235,0.192,0.012,0.4334,-1350.47,-0.0407,-2818.27,0.058,0.52,0.66,-0.0024,33142.57
W1_NOVEMBER,OKX,29397354,2025-11-22,2025-11-22T19:54:00+00:00,SHORT,84611.65,0.466,0.627,0,0,0,0,1,TIMEOUT,,,,0.053,-0.01,0.044,0.635,0.208,0.243,0.012,0.3816,3236.21,0.1083,11769.21,0.023,0.446,0.84,0.0024,29885.23
W1_NOVEMBER,OKX,29397433,2025-11-22,2025-11-22T21:13:00+00:00,LONG,84249.05,1.06,0.009,0,0,0,0,1,TIMEOUT,,,,-0.565,-0.401,0.045,0.037,0.595,0.298,0.012,0.2604,-1945.45,-0.0252,-4380.24,-0.259,0.513,1.31,0.0065,77080.03
W1_NOVEMBER,OKX,29397464,2025-11-22,2025-11-22T21:44:00+00:00,SHORT,84370.85,0.153,0.914,0,0,0,0,1,TIMEOUT,,,,-0.018,-0.165,0.045,0.182,0.452,0.17,0.012,0.1059,-984.99,-0.0284,-1598.04,0.143,0.514,0.88,-0.0041,34714.85
W1_NOVEMBER,OKX,29397496,2025-11-22,2025-11-22T22:16:00+00:00,SHORT,84511.35,0.034,0.747,0,0,0,0,1,TIMEOUT,,,,0.203,-0.211,0.046,0.349,0.286,0.473,0.012,0.1768,5381.9,0.0971,3460.64,0.224,0.451,1.0,0.0218,55443.04
W3_JANUARY,Bybit,29492701,2026-01-28,2026-01-28T01:01:00+00:00,SHORT,89416.95,0.669,0.042,0,0,0,0,1,TIMEOUT,,,,0.283,,0.044,0.345,0.014,0.332,0.011,0.1826,64.288,0.1548,81.272,0.206,0.423,1.03,0.0318,415.324
W3_JANUARY,Bybit,29492758,2026-01-28,2026-01-28T01:58:00+00:00,SHORT,89373.05,0.624,0.041,0,0,0,0,1,TIMEOUT,,,,0.02,,0.044,0.296,0.091,0.242,0.011,0.375,11.646,0.0231,-70.646,0.099,0.488,0.94,0.0023,504.56
W3_JANUARY,Bybit,29492872,2026-01-28,2026-01-28T03:52:00+00:00,SHORT,89108.05,0.328,0.793,0,0,0,0,1,TIMEOUT,,,,-0.037,-0.222,0.041,0.16,0.387,0.174,0.011,-0.4313,48.986,0.1179,-80.799,0.1,0.441,0.88,0.0118,415.366
W3_JANUARY,Bybit,29492921,2026-01-28,2026-01-28T04:41:00+00:00,SHORT,89043.25,0.256,1.176,0,0,0,0,1,TIMEOUT,,,,-0.029,-0.226,0.036,0.253,0.459,0.264,0.011,-0.0467,78.78,0.0928,-5.716,0.108,0.454,1.36,0.01,848.538
W3_JANUARY,Bybit,29492985,2026-01-28,2026-01-28T05:45:00+00:00,SHORT,88987.55,0.193,1.557,0,0,0,1,0,LOSS,,,,0.025,-0.182,0.033,0.19,0.472,0.194,0.011,0.2536,-145.867,-0.2124,-303.999,0.104,0.606,0.98,-0.0221,686.617
W3_JANUARY,Bybit,29493038,2026-01-28,2026-01-28T06:38:00+00:00,SHORT,89197.95,0.429,1.32,0,0,0,0,1,TIMEOUT,,,,0.281,0.162,0.035,0.427,0.095,0.148,0.011,-0.2193,12.29,0.0293,40.475,0.031,0.485,0.78,0.0009,419.576
W3_JANUARY,Bybit,29493213,2026-01-28,2026-01-28T09:33:00+00:00,SHORT,89099.35,0.259,1.432,0,0,0,0,1,TIMEOUT,,,,0.124,-0.203,0.037,0.319,0.262,0.332,0.011,0.1594,193.523,0.2513,119.505,0.227,0.374,1.24,0.0571,769.941
W3_JANUARY,Bybit,29493291,2026-01-28,2026-01-28T10:51:00+00:00,SHORT,89433.05,0.631,1.139,0,0,0,0,1,TIMEOUT,,,,0.04,0.238,0.045,0.695,0.127,0.205,0.011,-0.234,-35.983,-0.0494,122.157,0.105,0.525,0.69,-0.0052,728.987
W3_JANUARY,Bybit,29493333,2026-01-28,2026-01-28T11:33:00+00:00,SHORT,89391.35,0.585,1.187,0,0,0,0,1,TIMEOUT,,,,-0.024,0.452,0.044,0.648,0.174,0.169,0.011,0.104,-20.852,-0.048,-27.065,0.059,0.524,0.5,-0.0029,433.966
W3_JANUARY,Bybit,29493408,2026-01-28,2026-01-28T12:48:00+00:00,SHORT,89961.05,1.215,0.546,0,0,0,0,1,TIMEOUT,,,,0.276,0.774,0.051,1.29,0.144,0.241,0.011,0.3824,-22.211,-0.0218,201.225,0.074,0.511,0.72,-0.0016,1016.885
W3_JANUARY,Bybit,29493522,2026-01-28,2026-01-28T14:42:00+00:00,LONG,89695.5,0.843,0.929,0,0,0,0,1,TIMEOUT,,,,-0.674,0.172,0.058,0.458,0.752,0.593,0.012,0.1258,-444.112,-0.1861,-502.804,-0.53,0.593,1.17,0.0986,2386.448
W3_JANUARY,Bybit,29493556,2026-01-28,2026-01-28T15:16:00+00:00,LONG,89099.45,1.518,0.266,0,0,0,0,1,TIMEOUT,,,,-1.152,-0.858,0.066,0.26,1.411,1.026,0.011,0.1829,209.691,0.0462,-305.182,-0.432,0.477,1.75,-0.0199,4540.789
W3_JANUARY,Bybit,29493587,2026-01-28,2026-01-28T15:47:00+00:00,SHORT,89299.75,0.49,1.29,0,0,0,0,1,TIMEOUT,,,,-0.148,-0.758,0.07,0.485,1.19,0.506,0.011,-0.1985,512.466,0.2048,629.196,0.219,0.398,0.95,0.0449,2501.834
W3_JANUARY,Bybit,29493631,2026-01-28,2026-01-28T16:31:00+00:00,SHORT,89552.25,0.77,1.005,0,0,0,0,1,TIMEOUT,,,,0.273,-0.682,0.074,0.77,0.91,0.578,0.011,-0.2451,192.172,0.1268,55.422,0.112,0.437,0.77,0.0143,1515.068
W3_JANUARY,Bybit,29493668,2026-01-28,2026-01-28T17:08:00+00:00,SHORT,89552.15,0.77,1.005,0,0,0,0,1,TIMEOUT,,,,0.237,-0.685,0.077,0.769,0.91,0.297,0.011,-0.1527,-50.513,-0.0504,171.446,-0.088,0.525,0.58,0.0045,1002.401
W3_JANUARY,Bybit,29493707,2026-01-28,2026-01-28T17:47:00+00:00,SHORT,89848.25,1.265,0.672,0,0,0,0,1,TIMEOUT,,,,0.279,0.465,0.079,1.103,0.541,0.647,0.014,0.0074,303.141,0.1283,184.713,0.293,0.436,1.07,0.0376,2363.153
W3_JANUARY,Bybit,29493774,2026-01-28,2026-01-28T18:54:00+00:00,LONG,89431.75,0.371,1.53,0,0,0,1,0,LOSS,,,,-1.128,-0.094,0.083,0.634,1.128,0.538,0.011,0.2315,-197.142,-0.1447,-2038.841,-0.492,0.572,0.71,0.0712,1362.362
W3_JANUARY,Bybit,29493843,2026-01-28,2026-01-28T20:03:00+00:00,SHORT,89450.05,1.948,0.35,0,0,0,0,1,TIMEOUT,,,,0.275,-0.212,0.097,0.507,1.108,0.609,0.011,-0.0223,206.294,0.0996,322.897,0.17,0.45,0.91,0.017,2071.434
W3_JANUARY,Bybit,29493904,2026-01-28,2026-01-28T21:04:00+00:00,LONG,88935.75,0.563,1.381,0,0,0,0,1,TIMEOUT,,,,-0.65,-0.881,0.086,0.082,1.676,0.566,0.011,-0.1385,-114.498,-0.0463,105.044,-0.481,0.523,0.88,0.0223,2474.794
W3_JANUARY,Bybit,29493944,2026-01-28,2026-01-28T21:44:00+00:00,SHORT,89380.65,1.872,0.054,0,0,0,0,1,TIMEOUT,,,,0.207,-0.23,0.084,0.583,1.184,0.463,0.011,0.2658,104.113,0.1302,265.922,0.236,0.435,0.36,0.0307,799.585
W3_JANUARY,Bybit,29494009,2026-01-28,2026-01-28T22:49:00+00:00,SHORT,89256.25,1.735,0.193,0,0,0,0,1,TIMEOUT,,,,-0.112,-0.125,0.056,0.443,0.565,0.206,0.011,0.1247,-105.576,-0.2685,-190.088,0.109,0.634,0.35,-0.0292,393.14
W3_JANUARY,Bybit,29494045,2026-01-28,2026-01-28T23:25:00+00:00,SHORT,89352.05,1.84,0.0,0,0,0,0,1,TIMEOUT,,,,0.22,-0.27,0.052,0.551,0.458,0.142,0.011,-0.1246,24.667,0.0533,-15.153,-0.01,0.473,0.61,-0.0005,462.739
W3_JANUARY,Bybit,29494196,2026-01-29,2026-01-29T01:56:00+00:00,LONG,88541.95,0.179,0.942,0,0,0,0,1,TIMEOUT,,,,-0.527,-0.916,0.05,0.041,0.991,0.383,0.011,-0.2047,-104.464,-0.056,-380.372,-0.198,0.528,1.87,0.0111,1864.924
W3_JANUARY,Bybit,29494233,2026-01-29,2026-01-29T02:33:00+00:00,LONG,88235.85,0.201,0.599,0,0,0,0,1,TIMEOUT,,,,-0.613,-1.101,0.058,0.102,1.333,0.629,0.013,-0.0787,-320.957,-0.136,-329.619,-0.384,0.568,1.72,0.0522,2360.687
W3_JANUARY,Bybit,29494277,2026-01-29,2026-01-29T03:17:00+00:00,SHORT,88045.25,0.299,0.418,0,0,0,0,1,TIMEOUT,,,,-0.553,-1.086,0.067,0.385,1.546,0.504,0.011,-0.325,8.587,0.0029,-628.752,0.222,0.499,1.6,0.0007,2919.215
W3_JANUARY,Bybit,29494355,2026-01-29,2026-01-29T04:35:00+00:00,SHORT,88111.15,0.465,0.342,0,0,0,0,1,TIMEOUT,,,,0.152,-0.824,0.062,0.46,1.122,0.343,0.011,-0.0366,117.178,0.1958,171.251,0.081,0.402,0.4,0.0159,598.354
W3_JANUARY,Bybit,29494386,2026-01-29,2026-01-29T05:06:00+00:00,SHORT,88269.35,0.643,0.163,0,0,0,0,1,TIMEOUT,,,,0.292,-0.435,0.059,0.641,0.904,0.288,0.011,-0.6165,577.577,0.5864,683.49,0.171,0.207,0.47,0.1,984.911
W3_JANUARY,Bybit,29494473,2026-01-29,2026-01-29T06:33:00+00:00,SHORT,88278.15,0.653,0.153,0,0,0,0,1,TIMEOUT,,,,0.067,0.42,0.032,0.651,0.095,0.156,0.011,-0.4808,60.42,0.157,112.828,0.056,0.422,0.67,0.0088,384.866
W3_JANUARY,Bybit,29494505,2026-01-29,2026-01-29T07:05:00+00:00,SHORT,88316.25,2.168,0.109,1,0,0,0,0,WIN,478,,,0.071,0.314,0.031,0.5,0.052,0.14,0.011,-0.0939,41.419,0.1441,88.681,0.03,0.428,0.66,0.0044,287.353
W3_JANUARY,Bybit,29494550,2026-01-29,2026-01-29T07:50:00+00:00,SHORT,88302.15,2.153,0.125,1,0,0,0,0,WIN,433,,,0.055,0.095,0.028,0.484,0.07,0.165,0.011,0.4791,79.286,0.1903,58.151,0.007,0.405,1.06,0.0014,416.55
W3_JANUARY,Bybit,29494591,2026-01-29,2026-01-29T08:31:00+00:00,SHORT,88314.15,2.166,0.059,1,0,0,0,0,WIN,392,,,0.078,0.137,0.035,0.499,0.112,0.611,0.011,-0.3752,307.083,0.142,325.656,0.097,0.429,2.5,0.0138,2162.817
W3_JANUARY,Bybit,29494661,2026-01-29,2026-01-29T09:41:00+00:00,SHORT,87965.65,2.17,0.182,1,0,0,0,0,WIN,328,,,-0.245,-0.356,0.042,0.102,0.506,0.171,0.011,-0.2005,34.452,0.0653,-124.459,-0.009,0.467,0.52,-0.0006,527.634
W3_JANUARY,Bybit,29494704,2026-01-29,2026-01-29T10:24:00+00:00,SHORT,87896.85,2.094,0.26,1,0,0,0,0,WIN,285,,,-0.129,-0.467,0.043,0.131,0.584,0.168,0.011,-0.231,37.089,0.0432,-61.637,0.032,0.478,0.78,0.0014,859.141
W3_JANUARY,Bybit,29494736,2026-01-29,2026-01-29T10:56:00+00:00,SHORT,87903.85,2.102,0.252,1,0,0,0,0,WIN,253,,,0.039,-0.548,0.042,0.139,0.576,0.15,0.011,0.0588,-34.8,-0.0551,-15.052,0.043,0.528,0.55,-0.0024,631.246
W3_JANUARY,Bybit,29494809,2026-01-29,2026-01-29T12:09:00+00:00,SHORT,87997.25,2.003,0.146,1,0,0,0,0,WIN,179,,,0.034,-0.015,0.032,0.337,0.47,0.343,0.011,0.3494,-10.055,-0.0127,-267.046,0.219,0.506,1.05,-0.0028,789.779
W3_JANUARY,Bybit,29494860,2026-01-29,2026-01-29T13:00:00+00:00,SHORT,88061.75,2.059,0.072,1,0,0,0,0,WIN,126,,,0.265,0.25,0.031,0.411,0.057,0.28,0.011,-0.091,152.148,0.25,143.57,0.197,0.375,0.82,0.0493,608.53
W3_JANUARY,Bybit,29494891,2026-01-29,2026-01-29T13:31:00+00:00,SHORT,88081.85,2.081,0.0,1,0,0,0,0,WIN,95,,,0.196,0.231,0.031,0.434,0.049,0.115,0.011,0.1266,41.02,0.0755,193.594,0.022,0.462,0.82,0.0017,543.124
W3_JANUARY,Bybit,29494975,2026-01-29,2026-01-29T14:55:00+00:00,LONG,87405.65,0.0,1.543,0,0,0,1,0,LOSS,,,,-0.595,-0.402,0.044,0.035,0.817,0.626,0.011,-0.2928,-916.43,-0.1802,-931.145,-0.588,0.59,3.49,0.1059,5085.574
W3_JANUARY,Bybit,29495014,2026-01-29,2026-01-29T15:34:00+00:00,LONG,85286.05,0.347,1.546,0,0,0,1,0,LOSS,,,,-2.733,-3.042,0.085,0.191,3.222,1.61,0.012,-0.0356,-932.138,-0.0762,-2375.599,-1.397,0.538,3.21,0.1064,12234.654
W3_JANUARY,Bybit,29495075,2026-01-29,2026-01-29T16:35:00+00:00,LONG,84426.25,1.369,1.213,0,0,0,0,1,TIMEOUT,,,,-1.013,-4.137,0.111,0.08,4.198,0.593,0.026,-0.0631,-74.852,-0.0163,-710.723,-0.337,0.508,0.77,0.0055,4603.532
W3_JANUARY,Bybit,29495158,2026-01-29,2026-01-29T17:58:00+00:00,LONG,84203.15,0.576,1.606,0,0,0,1,0,LOSS,,,,-1.217,-3.178,0.125,0.133,4.347,1.266,0.014,0.0382,-1489.654,-0.3046,-1527.756,-1.119,0.652,0.6,0.3407,4890.11
W3_JANUARY,Bybit,29495188,2026-01-29,2026-01-29T18:28:00+00:00,LONG,83806.15,1.053,1.933,0,0,0,1,0,LOSS,,,,-1.585,-1.915,0.11,0.094,4.654,0.965,0.012,0.1086,-574.944,-0.1041,-2114.793,-0.471,0.552,0.88,0.0491,5521.186
W3_JANUARY,Bybit,29495221,2026-01-29,2026-01-29T19:01:00+00:00,LONG,83471.65,1.458,1.54,0,0,0,1,0,LOSS,,,,-0.956,-1.521,0.098,0.079,3.719,0.727,0.012,-0.1351,-906.122,-0.1555,-1496.018,-0.31,0.578,1.05,0.0482,5826.926
W3_JANUARY,Bybit,29495255,2026-01-29,2026-01-29T19:35:00+00:00,SHORT,84085.95,2.259,0.716,1,0,0,0,0,WIN,366,,,0.092,-0.403,0.099,0.82,1.748,0.891,0.012,0.0881,1169.42,0.3204,208.139,0.638,0.34,0.81,0.2043,3649.586
W3_JANUARY,Bybit,29495332,2026-01-29,2026-01-29T20:52:00+00:00,SHORT,84071.25,2.242,0.734,1,0,0,0,0,WIN,289,,,0.136,-0.458,0.088,0.802,1.765,0.564,0.012,0.0275,69.254,0.0516,172.264,-0.059,0.474,0.47,-0.003,1342.752
W3_JANUARY,Bybit,29495390,2026-01-29,2026-01-29T21:50:00+00:00,SHORT,84438.05,2.667,0.296,1,1,0,0,0,WIN,231,231,,0.199,0.75,0.076,1.242,0.205,0.468,0.016,-0.2582,143.628,0.1592,336.177,0.129,0.42,0.54,0.0205,901.92
W3_JANUARY,Bybit,29495452,2026-01-29,2026-01-29T22:52:00+00:00,SHORT,84447.15,2.677,0.286,1,1,0,0,0,WIN,169,169,,-0.098,0.584,0.061,1.253,0.161,0.126,0.012,0.2467,-48.014,-0.1004,-340.119,0.04,0.55,0.41,-0.004,478.132
W3_JANUARY,Bybit,29495490,2026-01-29,2026-01-29T23:30:00+00:00,SHORT,84623.95,2.095,0.076,1,0,0,0,0,WIN,129,,,0.243,0.828,0.055,0.987,0.007,0.266,0.012,0.005,4.34,0.0048,108.248,0.206,0.498,0.8,0.001,902.38
W3_JANUARY,Bybit,29495575,2026-01-30,2026-01-30T00:55:00+00:00,LONG,84162.75,0.044,1.558,0,0,0,1,0,LOSS,,,,-0.597,-0.365,0.042,0.151,0.621,0.391,0.012,-0.1424,-252.663,-0.1517,-394.215,-0.228,0.576,1.75,0.0346,1665.579
W3_JANUARY,Bybit,29495624,2026-01-30,2026-01-30T01:44:00+00:00,LONG,81988.55,1.566,1.038,0,0,0,0,1,TIMEOUT,,,,-2.795,-2.867,0.147,1.007,3.188,3.662,0.023,-0.0208,-3510.151,-0.2561,-3579.026,-2.501,0.628,4.24,0.6405,13704.955
W3_JANUARY,Bybit,29495659,2026-01-30,2026-01-30T02:19:00+00:00,LONG,81748.85,1.864,0.748,0,0,0,0,1,TIMEOUT,,,,-2.621,-3.241,0.156,0.711,3.471,0.911,0.012,-0.1472,-166.948,-0.0339,-3589.117,-0.283,0.517,1.51,0.0096,4919.664
W3_JANUARY,Bybit,29495697,2026-01-30,2026-01-30T02:57:00+00:00,SHORT,82070.25,0.089,1.465,0,0,0,0,1,TIMEOUT,,,,-0.309,-3.043,0.167,1.15,3.091,1.156,0.012,0.0198,742.574,0.1861,356.929,0.99,0.407,0.8,0.1842,3989.658
W3_JANUARY,Bybit,29495830,2026-01-30,2026-01-30T05:10:00+00:00,SHORT,82937.05,1.098,0.405,0,0,0,0,1,TIMEOUT,,,,0.152,1.055,0.091,2.218,1.435,0.182,0.012,0.4009,63.041,0.081,239.411,0.11,0.459,0.36,0.0089,777.883
W3_JANUARY,Bybit,29495910,2026-01-30,2026-01-30T06:30:00+00:00,LONG,82334.55,1.11,0.374,0,0,0,0,1,TIMEOUT,,,,-1.109,-0.053,0.056,1.475,1.127,0.653,0.012,-0.044,-849.939,-0.3655,-1300.151,-0.584,0.683,1.29,0.2136,2325.427
W3_JANUARY,Bybit,29495943,2026-01-30,2026-01-30T07:03:00+00:00,SHORT,82634.25,0.574,1.181,0,0,0,0,1,TIMEOUT,,,,-0.214,-0.152,0.062,0.75,0.767,0.759,0.012,0.0347,279.022,0.127,-450.046,0.32,0.436,1.34,0.0407,2196.37
W3_JANUARY,Bybit,29496017,2026-01-30,2026-01-30T08:17:00+00:00,SHORT,82742.85,0.704,1.048,0,0,0,0,1,TIMEOUT,,,,-0.175,-0.19,0.073,0.873,0.636,0.485,0.012,-0.1337,130.721,0.0863,-32.828,0.248,0.457,0.95,0.0214,1515.489
W3_JANUARY,Bybit,29496062,2026-01-30,2026-01-30T09:02:00+00:00,SHORT,82645.95,0.588,1.167,0,0,0,0,1,TIMEOUT,,,,-0.076,-0.223,0.075,0.755,0.753,0.437,0.012,-0.2198,27.554,0.0321,-42.828,0.163,0.484,0.7,0.0052,857.902
W3_JANUARY,Bybit,29496142,2026-01-30,2026-01-30T10:22:00+00:00,SHORT,82393.75,0.411,1.476,0,0,0,0,1,TIMEOUT,,,,-0.164,-0.428,0.074,0.447,0.794,0.379,0.012,0.1575,-115.021,-0.0778,-774.971,0.147,0.539,1.02,-0.0115,1478.283
W3_JANUARY,Bybit,29496224,2026-01-30,2026-01-30T11:44:00+00:00,SHORT,82735.75,1.016,1.72,0,0,0,1,0,LOSS,,,,0.233,0.227,0.066,0.701,0.245,0.284,0.012,-0.667,-75.617,-0.0532,15.206,-0.099,0.527,0.86,0.0053,1421.937
W3_JANUARY,Bybit,29496292,2026-01-30,2026-01-30T12:52:00+00:00,SHORT,82729.85,1.009,1.727,0,0,0,1,0,LOSS,,,,-0.335,0.556,0.062,0.694,0.623,0.28,0.012,0.1722,-38.033,-0.0302,48.75,-0.07,0.515,0.9,0.0021,1258.371
W3_JANUARY,Bybit,29496308,2026-01-30,2026-01-30T13:08:00+00:00,LONG,82603.15,2.075,0.858,1,0,0,0,0,WIN,371,,,-0.524,0.52,0.06,0.539,0.775,0.364,0.012,-0.0116,-49.37,-0.0605,-139.402,-0.169,0.53,0.81,0.0102,815.364
W3_JANUARY,Bybit,29496336,2026-01-30,2026-01-30T13:36:00+00:00,SHORT,82803.85,1.098,1.637,0,0,0,1,0,LOSS,,,,0.07,0.28,0.061,0.784,0.534,0.424,0.012,-0.1825,118.91,0.074,61.893,0.294,0.463,1.41,0.0218,1607.552
W3_JANUARY,Bybit,29496453,2026-01-30,2026-01-30T15:33:00+00:00,LONG,82628.45,2.044,0.888,1,0,0,0,0,WIN,226,,,-0.707,-0.004,0.101,0.26,1.174,1.389,0.013,-0.0331,-958.542,-0.2466,-604.749,-0.749,0.623,1.69,0.1848,3887.192
W3_JANUARY,Bybit,29496486,2026-01-30,2026-01-30T16:06:00+00:00,LONG,82965.65,1.891,1.291,0,0,0,0,1,TIMEOUT,,,,-0.658,0.49,0.113,0.669,0.771,0.699,0.014,0.0772,31.801,0.0147,-651.022,-0.013,0.493,0.99,-0.0002,2157.433
W3_JANUARY,Bybit,29496514,2026-01-30,2026-01-30T16:34:00+00:00,SHORT,83032.65,1.37,1.547,0,0,0,1,0,LOSS,,,,0.232,0.266,0.122,0.751,0.691,0.709,0.012,-0.1458,-51.467,-0.0205,90.609,0.409,0.51,1.0,-0.0084,2507.529
W3_JANUARY,Bybit,29496567,2026-01-30,2026-01-30T17:27:00+00:00,SHORT,83251.85,1.63,1.54,0,0,0,1,0,LOSS,,,,0.244,0.42,0.126,1.017,0.428,0.922,0.012,-0.0297,242.345,0.0926,240.818,0.217,0.454,0.85,0.0201,2615.705
W3_JANUARY,Bybit,29496624,2026-01-30,2026-01-30T18:24:00+00:00,LONG,81982.05,2.154,0.0,1,0,0,0,0,WIN,29,,,-1.507,-1.303,0.115,0.107,1.947,1.541,0.012,-0.2022,-1097.026,-0.2565,-1051.992,-1.187,0.628,1.12,0.3044,4277.552
W3_JANUARY,Bybit,29496646,2026-01-30,2026-01-30T18:46:00+00:00,SHORT,83030.25,0.0,1.55,0,0,0,1,0,LOSS,,,,-0.112,-0.048,0.116,1.387,0.633,1.472,0.012,-0.0376,-678.496,-0.104,-693.727,0.63,0.552,1.74,-0.0656,6523.078
W3_JANUARY,Bybit,29496743,2026-01-30,2026-01-30T20:23:00+00:00,LONG,83887.05,0.709,0.316,0,0,0,0,1,TIMEOUT,,,,-0.535,0.802,0.125,2.433,0.765,1.189,0.013,0.3466,-418.113,-0.152,-173.789,-0.749,0.576,0.91,0.1138,2751.499
W3_JANUARY,Bybit,29496755,2026-01-30,2026-01-30T20:35:00+00:00,SHORT,83956.05,0.397,0.626,0,0,0,0,1,TIMEOUT,,,,-0.684,1.276,0.128,2.517,0.684,0.732,0.012,0.0606,105.538,0.0268,-88.313,0.03,0.487,1.2,0.0008,3944.068
W3_JANUARY,Bybit,29496891,2026-01-30,2026-01-30T22:51:00+00:00,SHORT,84086.65,0.553,0.202,0,0,0,0,1,TIMEOUT,,,,-0.157,-0.309,0.103,0.823,0.529,0.261,0.012,0.6827,17.109,0.0268,108.074,0.144,0.487,0.39,0.0039,637.309
W3_JANUARY,Bybit,29496950,2026-01-30,2026-01-30T23:50:00+00:00,SHORT,84204.15,1.002,0.041,0,0,0,0,1,TIMEOUT,,,,0.205,0.401,0.078,0.811,0.373,0.38,0.012,0.235,-0.264,-0.0006,8.655,0.071,0.5,0.36,-0.0,420.384
W3_JANUARY,Bybit,29496998,2026-01-31,2026-01-31T00:38:00+00:00,SHORT,84187.05,1.658,0.042,0,0,0,0,1,TIMEOUT,,,,0.217,0.21,0.058,0.675,0.348,0.164,0.012,-0.0193,28.357,0.0486,95.686,0.082,0.476,0.66,0.004,583.965
W3_JANUARY,Bybit,29497118,2026-01-31,2026-01-31T02:38:00+00:00,SHORT,84004.45,1.642,0.225,0,0,0,0,1,TIMEOUT,,,,0.107,0.0,0.039,0.251,0.299,0.261,0.012,0.3981,-37.895,-0.07,-23.864,0.091,0.535,1.09,-0.0064,541.385
W3_JANUARY,Bybit,29497155,2026-01-31,2026-01-31T03:15:00+00:00,SHORT,84115.85,1.772,0.09,0,0,0,0,1,TIMEOUT,,,,0.159,-0.021,0.04,0.384,0.167,0.145,0.012,0.0598,48.73,0.1367,70.942,0.029,0.432,0.71,0.004,356.52
W3_JANUARY,Bybit,29497219,2026-01-31,2026-01-31T04:19:00+00:00,SHORT,83997.05,1.634,0.129,0,0,0,0,1,TIMEOUT,,,,-0.22,-0.185,0.036,0.243,0.267,0.093,0.012,-0.3015,13.026,0.0591,-115.441,-0.04,0.47,0.46,-0.0023,220.58
W3_JANUARY,Bybit,29497294,2026-01-31,2026-01-31T05:34:00+00:00,SHORT,84000.95,1.672,0.045,0,0,0,0,1,TIMEOUT,,,,-0.097,0.117,0.031,0.247,0.228,0.165,0.012,0.235,-37.758,-0.0465,-117.228,0.085,0.523,1.26,-0.004,811.804
W3_JANUARY,Bybit,29497443,2026-01-31,2026-01-31T08:03:00+00:00,SHORT,83509.25,2.351,0.013,1,0,0,0,0,WIN,383,,,-0.227,-0.513,0.036,0.179,0.709,0.242,0.012,-0.5512,-267.909,-0.2203,-400.522,-0.043,0.61,1.69,0.0096,1216.195
W3_JANUARY,Bybit,29497455,2026-01-31,2026-01-31T08:15:00+00:00,LONG,83172.55,0.115,1.955,0,0,0,1,0,LOSS,,,,-0.622,-0.949,0.041,0.009,1.109,0.477,0.013,-0.0292,-290.147,-0.2669,-731.986,-0.381,0.633,1.56,0.1018,1087.259
W3_JANUARY,Bybit,29497498,2026-01-31,2026-01-31T08:58:00+00:00,SHORT,83061.55,2.352,0.249,1,0,0,0,0,WIN,333,,,-0.533,-1.067,0.056,0.528,1.163,0.626,0.014,-0.1101,-9.373,-0.0037,-419.704,0.032,0.502,2.37,-0.0001,2566.085
W3_JANUARY,Bybit,29497537,2026-01-31,2026-01-31T09:37:00+00:00,SHORT,83154.75,2.101,0.06,1,0,0,0,0,WIN,293,,,0.262,-0.669,0.061,0.641,1.052,0.483,0.012,-0.0487,104.089,0.1296,217.296,0.08,0.435,0.77,0.0104,803.419
W3_JANUARY,Bybit,29497594,2026-01-31,2026-01-31T10:34:00+00:00,SHORT,83063.25,2.354,0.092,1,0,0,0,0,WIN,237,,,-0.172,-0.523,0.061,0.53,0.851,0.33,0.012,-0.557,108.621,0.1668,8.721,0.026,0.417,0.57,0.0044,651.235
W3_JANUARY,Bybit,29497690,2026-01-31,2026-01-31T12:10:00+00:00,SHORT,82947.55,2.218,0.039,1,0,0,0,0,WIN,141,,,-0.07,-0.25,0.04,0.39,0.532,0.286,0.012,-0.156,-81.007,-0.1111,-143.591,-0.032,0.556,1.26,0.0036,728.921
W3_JANUARY,Bybit,29497759,2026-01-31,2026-01-31T13:19:00+00:00,SHORT,82778.45,2.018,0.13,1,0,0,0,0,WIN,72,,,-0.226,-0.161,0.045,0.127,0.588,0.237,0.012,-0.302,23.919,0.0338,-20.252,0.001,0.483,1.3,0.0,707.093
W3_JANUARY,Bybit,29497803,2026-01-31,2026-01-31T14:03:00+00:00,SHORT,82743.05,2.088,0.173,1,0,0,0,0,WIN,36,,,-0.029,-0.337,0.048,0.339,0.501,0.382,0.012,-0.0504,-85.867,-0.0547,-163.462,0.178,0.527,1.79,-0.0097,1569.071
W3_JANUARY,Bybit,29497817,2026-01-31,2026-01-31T14:17:00+00:00,LONG,82367.55,0.0,1.529,0,0,0,1,0,LOSS,,,,-0.606,-0.71,0.056,0.009,0.953,0.638,0.012,0.0584,-171.357,-0.1215,-405.43,-0.284,0.561,1.73,0.0345,1410.251
W3_JANUARY,Bybit,29497867,2026-01-31,2026-01-31T15:07:00+00:00,SHORT,81549.25,2.639,0.276,1,1,0,0,0,WIN,121,121,,-1.494,-1.776,0.1,0.746,1.841,0.86,0.012,-0.1784,247.022,0.0358,-796.616,0.512,0.482,1.96,0.0183,6905.178
W3_JANUARY,Bybit,29497907,2026-01-31,2026-01-31T15:47:00+00:00,SHORT,81266.95,2.301,0.624,1,0,0,0,0,WIN,81,,,0.265,-1.919,0.102,0.398,2.18,0.278,0.012,0.2219,251.569,0.1485,499.78,0.107,0.426,0.63,0.0159,1693.971
W3_JANUARY,Bybit,29497969,2026-01-31,2026-01-31T16:49:00+00:00,LONG,80410.15,0.079,2.008,0,0,0,1,0,LOSS,,,,-1.258,-2.697,0.145,0.21,2.987,1.91,0.012,0.2107,-309.171,-0.0319,-933.645,-1.217,0.516,1.53,0.0388,9705.059
W3_JANUARY,Bybit,29498015,2026-01-31,2026-01-31T17:35:00+00:00,LONG,78688.75,0.502,1.958,0,0,0,1,0,LOSS,,,,-2.933,-3.437,0.183,0.254,5.064,2.074,0.022,0.1451,-1883.748,-0.0968,-2325.551,-1.701,0.548,2.39,0.1647,19455.984
W3_JANUARY,Bybit,29498062,2026-01-31,2026-01-31T18:22:00+00:00,LONG,78373.35,0.354,1.564,0,0,0,1,0,LOSS,,,,-0.809,-3.45,0.188,0.298,4.553,1.2,0.024,-0.0569,-595.306,-0.131,202.033,-0.788,0.565,0.6,0.1032,4545.1
W3_JANUARY,Bybit,29498111,2026-01-31,2026-01-31T19:11:00+00:00,SHORT,78111.05,1.307,1.362,0,0,0,0,1,TIMEOUT,,,,-0.819,-3.552,0.316,3.127,4.48,3.408,0.015,-0.0516,-1012.473,-0.0527,-2303.901,0.847,0.526,1.66,-0.0446,19229.049
W3_JANUARY,Bybit,29498180,2026-01-31,2026-01-31T20:20:00+00:00,LONG,77505.15,2.022,0.536,1,0,0,0,0,WIN,183,,,-0.749,-1.731,0.284,2.327,5.221,0.63,0.013,0.1056,-98.219,-0.0344,-536.868,-0.346,0.517,0.42,0.0119,2859.311
W3_JANUARY,Bybit,29498184,2026-01-31,2026-01-31T20:24:00+00:00,SHORT,77663.05,0.738,1.814,0,0,0,1,0,LOSS,,,,-0.318,-1.673,0.287,2.536,4.96,0.738,0.013,-0.172,-28.883,-0.0094,-387.108,-0.124,0.505,0.45,0.0012,3088.797
W3_JANUARY,Bybit,29498223,2026-01-31,2026-01-31T21:03:00+00:00,SHORT,77642.85,0.383,1.841,0,0,0,1,0,LOSS,,,,0.037,-1.489,0.28,2.509,3.517,1.253,0.013,-0.0618,701.106,0.2636,173.316,0.668,0.368,0.45,0.176,2659.738
W3_JANUARY,Bybit,29498280,2026-01-31,2026-01-31T22:00:00+00:00,SHORT,78266.55,0.376,1.161,0,0,0,0,1,TIMEOUT,,,,0.298,0.111,0.121,3.333,1.026,0.73,0.013,-0.293,366.655,0.1306,939.693,0.654,0.435,0.69,0.0854,2806.543
W3_JANUARY,Bybit,29498351,2026-01-31,2026-01-31T23:11:00+00:00,SHORT,78211.15,0.045,1.233,0,0,0,0,1,TIMEOUT,,,,0.104,0.525,0.1,1.454,0.279,0.417,0.013,0.216,201.669,0.11,238.308,0.149,0.445,0.64,0.0164,1833.033
W3_JANUARY,OKX,29492701,2026-01-28,2026-01-28T01:01:00+00:00,SHORT,89411.75,0.662,0.043,0,0,0,0,1,TIMEOUT,,,,0.27,,0.043,0.33,0.023,0.341,0.011,0.1869,-58.39,-0.0009,-543.19,0.204,0.5,1.0,-0.0002,65301.67
W3_JANUARY,OKX,29492758,2026-01-28,2026-01-28T01:58:00+00:00,SHORT,89375.05,0.621,0.041,0,0,0,0,1,TIMEOUT,,,,0.016,,0.043,0.289,0.084,0.234,0.011,0.1832,-4400.63,-0.0788,-12860.11,0.09,0.539,0.98,-0.0071,55857.41
W3_JANUARY,OKX,29492869,2026-01-28,2026-01-28T03:49:00+00:00,SHORT,89100.45,0.315,0.688,0,0,0,0,1,TIMEOUT,,,,0.045,-0.212,0.041,0.147,0.391,0.169,0.011,-0.299,8548.09,0.1589,-24288.85,0.145,0.421,0.89,0.0231,53790.09
W3_JANUARY,OKX,29492922,2026-01-28,2026-01-28T04:42:00+00:00,SHORT,89008.95,0.212,1.217,0,0,0,0,1,TIMEOUT,,,,-0.058,-0.309,0.036,0.213,0.493,0.262,0.011,0.0522,1889.65,0.0173,-4465.9,0.099,0.491,1.19,0.0017,109077.43
W3_JANUARY,OKX,29492985,2026-01-28,2026-01-28T05:45:00+00:00,SHORT,88990.05,0.191,1.539,0,0,0,1,0,LOSS,,,,0.026,-0.182,0.033,0.192,0.472,0.201,0.011,0.3946,-10407.55,-0.1676,-3247.93,0.109,0.584,0.87,-0.0183,62094.09
W3_JANUARY,OKX,29493213,2026-01-28,2026-01-28T09:33:00+00:00,SHORT,89104.45,0.262,1.417,0,0,0,0,1,TIMEOUT,,,,0.125,-0.201,0.037,0.32,0.254,0.324,0.011,0.0979,14363.51,0.2106,8271.54,0.231,0.395,1.12,0.0486,68186.69
W3_JANUARY,OKX,29493291,2026-01-28,2026-01-28T10:51:00+00:00,SHORT,89438.95,0.635,1.133,0,0,0,0,1,TIMEOUT,,,,0.043,0.254,0.044,0.697,0.119,0.194,0.011,0.1287,-8071.89,-0.1089,28338.41,0.1,0.554,0.81,-0.0108,74109.03
W3_JANUARY,OKX,29493333,2026-01-28,2026-01-28T11:33:00+00:00,SHORT,89392.45,0.583,1.186,0,0,0,0,1,TIMEOUT,,,,-0.028,0.449,0.043,0.644,0.171,0.171,0.011,0.0396,3188.83,0.0661,-9419.72,0.061,0.467,0.82,0.004,48274.87
W3_JANUARY,OKX,29493408,2026-01-28,2026-01-28T12:48:00+00:00,SHORT,89953.05,1.203,0.555,0,0,0,0,1,TIMEOUT,,,,0.268,0.759,0.05,1.276,0.154,0.25,0.011,-0.1866,-3246.86,-0.0294,33906.58,0.07,0.515,0.73,-0.0021,110433.4
W3_JANUARY,OKX,29493522,2026-01-28,2026-01-28T14:42:00+00:00,LONG,89692.45,0.847,0.917,0,0,0,0,1,TIMEOUT,,,,-0.666,0.169,0.057,0.454,0.747,0.593,0.011,-0.0056,-43534.39,-0.1635,-36519.34,-0.531,0.582,1.36,0.0868,266342.89
W3_JANUARY,OKX,29493556,2026-01-28,2026-01-28T15:16:00+00:00,LONG,89106.35,1.511,0.266,0,0,0,0,1,TIMEOUT,,,,-1.148,-0.84,0.065,0.265,1.396,1.02,0.011,0.0536,-54213.94,-0.1502,-86391.84,-0.44,0.575,1.8,0.0661,361026.46
W3_JANUARY,OKX,29493587,2026-01-28,2026-01-28T15:47:00+00:00,SHORT,89302.05,0.484,1.288,0,0,0,0,1,TIMEOUT,,,,-0.145,-0.752,0.07,0.485,1.179,0.503,0.011,-0.1741,76987.4,0.2931,25147.64,0.21,0.353,0.98,0.0616,262689.4
W3_JANUARY,OKX,29493631,2026-01-28,2026-01-28T16:31:00+00:00,SHORT,89567.85,0.779,0.988,0,0,0,0,1,TIMEOUT,,,,0.289,-0.648,0.073,0.784,0.885,0.59,0.011,-0.0264,1701.93,0.0118,-147.35,0.128,0.494,0.76,0.0015,144527.31
W3_JANUARY,OKX,29493707,2026-01-28,2026-01-28T17:47:00+00:00,SHORT,89845.95,1.264,0.675,0,0,0,0,1,TIMEOUT,,,,0.274,0.463,0.078,1.097,0.527,0.638,0.011,-0.042,89970.29,0.3855,81549.22,0.281,0.307,0.9,0.1085,233373.87
W3_JANUARY,OKX,29493774,2026-01-28,2026-01-28T18:54:00+00:00,LONG,89446.65,0.352,1.536,0,0,0,1,0,LOSS,,,,-1.112,-0.085,0.084,0.648,1.112,0.532,0.011,-0.2479,-31072.52,-0.2796,-154850.96,-0.487,0.64,0.8,0.136,111151.1
W3_JANUARY,OKX,29493843,2026-01-28,2026-01-28T20:03:00+00:00,SHORT,89453.75,1.949,0.344,0,0,0,0,1,TIMEOUT,,,,0.265,-0.214,0.097,0.497,1.104,0.597,0.011,0.1388,6930.23,0.043,4325.85,0.172,0.478,1.05,0.0074,161100.45
W3_JANUARY,OKX,29493904,2026-01-28,2026-01-28T21:04:00+00:00,LONG,88946.75,0.542,1.39,0,0,0,0,1,TIMEOUT,,,,-0.639,-0.88,0.084,0.087,1.665,0.569,0.011,-0.166,-33761.55,-0.201,-23503.19,-0.48,0.6,0.84,0.0964,167969.93
W3_JANUARY,OKX,29493944,2026-01-28,2026-01-28T21:44:00+00:00,SHORT,89381.95,1.871,0.053,0,0,0,0,1,TIMEOUT,,,,0.206,-0.241,0.083,0.576,1.183,0.455,0.011,0.0026,14502.48,0.1674,865.51,0.237,0.416,0.48,0.0396,86627.08
W3_JANUARY,OKX,29494010,2026-01-28,2026-01-28T22:50:00+00:00,SHORT,89257.45,1.734,0.192,0,0,0,0,1,TIMEOUT,,,,-0.131,-0.129,0.055,0.436,0.562,0.189,0.011,0.5693,-381.32,-0.011,-8123.8,0.166,0.505,0.39,-0.0018,34778.3
W3_JANUARY,OKX,29494045,2026-01-28,2026-01-28T23:25:00+00:00,SHORT,89359.65,1.846,0.0,0,0,0,0,1,TIMEOUT,,,,0.211,-0.259,0.05,0.551,0.448,0.13,0.011,-0.8425,3185.54,0.069,8572.99,0.01,0.465,0.76,0.0007,46161.56
W3_JANUARY,OKX,29494141,2026-01-29,2026-01-29T01:01:00+00:00,SHORT,89077.05,1.535,0.036,0,0,0,0,1,TIMEOUT,,,,-0.25,-0.31,0.041,0.233,0.393,0.243,0.011,-0.1255,-1134.13,-0.0156,-10667.04,0.045,0.508,1.27,-0.0007,72785.87
W3_JANUARY,OKX,29494196,2026-01-29,2026-01-29T01:56:00+00:00,LONG,88547.35,0.172,0.946,0,0,0,0,1,TIMEOUT,,,,-0.534,-0.91,0.049,0.037,0.986,0.379,0.011,0.0888,-372.37,-0.0022,-36558.02,-0.199,0.501,1.66,0.0004,171330.01
W3_JANUARY,OKX,29494233,2026-01-29,2026-01-29T02:33:00+00:00,LONG,88250.45,0.179,0.612,0,0,0,0,1,TIMEOUT,,,,-0.608,-1.082,0.056,0.107,1.318,0.617,0.011,0.2576,-34990.43,-0.1446,-33447.26,-0.37,0.572,1.68,0.0535,241988.13
W3_JANUARY,OKX,29494277,2026-01-29,2026-01-29T03:17:00+00:00,SHORT,88050.05,0.294,0.407,0,0,0,0,1,TIMEOUT,,,,-0.562,-1.093,0.066,0.388,1.542,0.501,0.011,-0.1914,11647.52,0.0265,-52240.24,0.218,0.487,1.7,0.0058,439297.62
W3_JANUARY,OKX,29494355,2026-01-29,2026-01-29T04:35:00+00:00,SHORT,88113.85,0.458,0.334,0,0,0,0,1,TIMEOUT,,,,0.152,-0.816,0.061,0.46,1.124,0.346,0.011,-0.1246,-4382.12,-0.0469,-2292.46,0.086,0.523,0.5,-0.0041,93447.58
W3_JANUARY,OKX,29494386,2026-01-29,2026-01-29T05:06:00+00:00,SHORT,88265.05,0.628,0.162,0,0,0,0,1,TIMEOUT,,,,0.29,-0.444,0.059,0.633,0.923,0.278,0.011,-0.6135,13088.7,0.1497,10385.6,0.172,0.425,0.52,0.0257,87420.34
W3_JANUARY,OKX,29494418,2026-01-29,2026-01-29T05:38:00+00:00,SHORT,88297.05,0.664,0.126,0,0,0,0,1,TIMEOUT,,,,0.124,0.087,0.05,0.669,0.622,0.179,0.011,-0.4994,-9814.62,-0.172,1176.4,0.084,0.586,0.46,-0.0144,57050.24
W3_JANUARY,OKX,29494473,2026-01-29,2026-01-29T06:33:00+00:00,SHORT,88276.85,0.642,0.149,0,0,0,0,1,TIMEOUT,,,,0.064,0.413,0.033,0.646,0.083,0.153,0.011,0.1202,6439.41,0.1279,13876.58,0.062,0.436,0.73,0.008,50344.81
W3_JANUARY,OKX,29494505,2026-01-29,2026-01-29T07:05:00+00:00,SHORT,88308.05,2.141,0.114,1,0,0,0,0,WIN,478,,,0.079,0.307,0.031,0.489,0.048,0.135,0.011,0.1758,-7580.42,-0.1673,-3961.45,0.024,0.584,0.75,-0.004,45306.04
W3_JANUARY,OKX,29494550,2026-01-29,2026-01-29T07:50:00+00:00,SHORT,88298.45,2.13,0.125,1,0,0,0,0,WIN,433,,,0.056,0.085,0.028,0.478,0.06,0.159,0.011,-0.1262,-2960.59,-0.0493,-19561.67,0.017,0.525,0.98,-0.0008,60045.85
W3_JANUARY,OKX,29494591,2026-01-29,2026-01-29T08:31:00+00:00,SHORT,88313.75,2.147,0.046,1,0,0,0,0,WIN,392,,,0.09,0.141,0.034,0.51,0.107,0.617,0.011,0.0338,43359.07,0.1896,23115.1,0.106,0.405,2.08,0.0201,228739.57
W3_JANUARY,OKX,29494661,2026-01-29,2026-01-29T09:41:00+00:00,SHORT,87958.55,2.137,0.187,1,0,0,0,0,WIN,328,,,-0.246,-0.356,0.041,0.105,0.509,0.16,0.011,-0.3913,-2019.44,-0.0395,-20803.94,-0.012,0.52,0.52,0.0005,51089.06
W3_JANUARY,OKX,29494734,2026-01-29,2026-01-29T10:54:00+00:00,SHORT,87938.35,2.115,0.21,1,0,0,0,0,WIN,255,,,0.078,-0.472,0.041,0.168,0.532,0.157,0.011,0.1528,4509.8,0.0892,18650.94,0.039,0.455,0.5,0.0034,50545.42
W3_JANUARY,OKX,29494811,2026-01-29,2026-01-29T12:11:00+00:00,SHORT,87976.25,2.157,0.166,1,0,0,0,0,WIN,178,,,0.015,0.009,0.03,0.303,0.489,0.33,0.011,-0.4811,17977.38,0.1886,-15404.0,0.207,0.406,1.02,0.0391,95317.18
W3_JANUARY,OKX,29494860,2026-01-29,2026-01-29T13:00:00+00:00,SHORT,88057.25,2.027,0.074,1,0,0,0,0,WIN,126,,,0.261,0.25,0.03,0.396,0.059,0.281,0.011,-0.1502,13666.72,0.2115,25787.04,0.191,0.394,1.11,0.0403,64622.86
W3_JANUARY,OKX,29494891,2026-01-29,2026-01-29T13:31:00+00:00,SHORT,88080.05,2.053,0.0,1,0,0,0,0,WIN,95,,,0.197,0.239,0.03,0.422,0.048,0.106,0.011,0.1289,907.19,0.0143,14403.19,0.026,0.493,0.86,0.0004,63410.65
W3_JANUARY,OKX,29494975,2026-01-29,2026-01-29T14:55:00+00:00,LONG,87416.15,0.0,1.53,0,0,0,1,0,LOSS,,,,-0.582,-0.386,0.043,0.049,0.802,0.626,0.011,-0.0817,-20578.43,-0.0536,-1709.1,-0.573,0.527,3.09,0.0307,384221.09
W3_JANUARY,OKX,29495014,2026-01-29,2026-01-29T15:34:00+00:00,LONG,85309.05,0.318,1.559,0,0,0,1,0,LOSS,,,,-2.699,-3.017,0.084,0.189,3.193,1.602,0.012,0.2051,-52782.97,-0.0327,-111635.04,-1.391,0.516,3.3,0.0456,1611715.57
W3_JANUARY,OKX,29495075,2026-01-29,2026-01-29T16:35:00+00:00,LONG,84438.75,1.352,1.216,0,0,0,0,1,TIMEOUT,,,,-1.021,-4.122,0.11,0.07,4.18,0.586,0.012,-0.0719,-37826.36,-0.0736,-164312.21,-0.345,0.537,0.87,0.0254,513931.78
W3_JANUARY,OKX,29495158,2026-01-29,2026-01-29T17:58:00+00:00,LONG,84197.95,0.58,1.619,0,0,0,1,0,LOSS,,,,-1.225,-3.193,0.124,0.116,4.351,1.264,0.012,0.0036,-71142.54,-0.1403,-81814.88,-1.134,0.57,0.6,0.159,507146.06
W3_JANUARY,OKX,29495188,2026-01-29,2026-01-29T18:28:00+00:00,LONG,83805.95,1.051,1.929,0,0,0,1,0,LOSS,,,,-1.594,-1.934,0.109,0.089,4.642,0.966,0.012,-0.0108,-45921.31,-0.0823,-114087.39,-0.466,0.541,0.9,0.0383,558000.15
W3_JANUARY,OKX,29495221,2026-01-29,2026-01-29T19:01:00+00:00,LONG,83487.35,1.436,1.555,0,0,0,1,0,LOSS,,,,-0.948,-1.511,0.097,0.086,3.712,0.707,0.013,-0.3087,-75053.79,-0.1479,-139970.42,-0.281,0.574,1.01,0.0415,507475.43
W3_JANUARY,OKX,29495255,2026-01-29,2026-01-29T19:35:00+00:00,SHORT,84081.05,2.25,0.72,1,0,0,0,0,WIN,366,,,0.09,-0.424,0.099,0.802,1.751,0.891,0.012,-0.0641,75216.33,0.2594,3078.98,0.63,0.37,0.7,0.1633,289985.41
W3_JANUARY,OKX,29495332,2026-01-29,2026-01-29T20:52:00+00:00,SHORT,84074.55,2.243,0.728,1,0,0,0,0,WIN,289,,,0.135,-0.452,0.087,0.794,1.759,0.564,0.012,-0.0126,18351.71,0.1384,12582.08,-0.06,0.431,0.52,-0.0083,132562.31
W3_JANUARY,OKX,29495390,2026-01-29,2026-01-29T21:50:00+00:00,SHORT,84445.55,2.672,0.285,1,1,0,0,0,WIN,231,231,,0.211,0.754,0.076,1.239,0.206,0.48,0.013,-0.5662,12765.81,0.1433,10630.44,0.147,0.428,0.63,0.0211,89097.29
W3_JANUARY,OKX,29495452,2026-01-29,2026-01-29T22:52:00+00:00,SHORT,84445.25,2.672,0.286,1,1,0,0,0,WIN,169,169,,-0.1,0.576,0.061,1.239,0.171,0.116,0.012,0.5683,489.6,0.0094,-9041.26,0.04,0.495,0.45,0.0004,52360.0
W3_JANUARY,OKX,29495492,2026-01-29,2026-01-29T23:32:00+00:00,SHORT,84599.35,2.085,0.103,1,0,0,0,0,WIN,127,,,0.201,0.757,0.055,0.96,0.044,0.272,0.012,0.4017,20995.56,0.1597,23222.66,0.123,0.42,1.02,0.0196,131499.64
W3_JANUARY,OKX,29495575,2026-01-30,2026-01-30T00:55:00+00:00,LONG,84170.85,0.035,1.587,0,0,0,1,0,LOSS,,,,-0.578,-0.357,0.041,0.162,0.609,0.397,0.012,-0.1268,-11614.66,-0.0793,-21557.75,-0.222,0.54,1.51,0.0176,146427.92
W3_JANUARY,OKX,29495624,2026-01-30,2026-01-30T01:44:00+00:00,LONG,81977.45,1.589,1.015,0,0,0,0,1,TIMEOUT,,,,-2.806,-2.874,0.155,1.084,3.199,3.753,0.023,-0.0393,-308246.8,-0.1765,-311499.94,-2.518,0.588,4.05,0.4444,1746564.62
W3_JANUARY,OKX,29495659,2026-01-30,2026-01-30T02:19:00+00:00,LONG,81754.95,1.865,0.746,0,0,0,0,1,TIMEOUT,,,,-2.616,-3.239,0.164,0.81,3.462,0.888,0.012,0.0601,-20408.25,-0.0339,-316573.76,-0.282,0.517,1.59,0.0095,601799.61
W3_JANUARY,OKX,29495701,2026-01-30,2026-01-30T03:01:00+00:00,SHORT,82010.45,0.0,1.548,0,0,0,1,0,LOSS,,,,-0.41,-3.155,0.175,1.125,3.16,1.205,0.012,0.1284,45512.45,0.1032,6779.05,1.066,0.448,0.76,0.1101,441005.63
W3_JANUARY,OKX,29495830,2026-01-30,2026-01-30T05:10:00+00:00,SHORT,82940.85,1.101,0.409,0,0,0,0,1,TIMEOUT,,,,0.16,1.055,0.091,2.272,1.427,0.176,0.012,-0.1673,3978.32,0.033,-10064.52,0.11,0.483,0.39,0.0036,120459.46
W3_JANUARY,OKX,29495910,2026-01-30,2026-01-30T06:30:00+00:00,LONG,82334.95,1.1,0.373,0,0,0,0,1,TIMEOUT,,,,-1.108,-0.051,0.057,1.466,1.135,0.643,0.012,-0.287,-42621.57,-0.1708,-65177.13,-0.574,0.585,1.4,0.098,249590.23
W3_JANUARY,OKX,29495943,2026-01-30,2026-01-30T07:03:00+00:00,SHORT,82634.85,0.568,1.174,0,0,0,0,1,TIMEOUT,,,,-0.224,-0.158,0.063,0.74,0.775,0.763,0.012,0.0632,4490.74,0.0152,-17603.55,0.322,0.492,1.39,0.0049,295556.82
W3_JANUARY,OKX,29496017,2026-01-30,2026-01-30T08:17:00+00:00,SHORT,82737.95,0.692,1.048,0,0,0,0,1,TIMEOUT,,,,-0.177,-0.188,0.073,0.866,0.651,0.475,0.012,-0.243,21104.78,0.1425,18788.13,0.237,0.429,0.85,0.0338,148148.56
W3_JANUARY,OKX,29496062,2026-01-30,2026-01-30T09:02:00+00:00,SHORT,82648.85,0.585,1.157,0,0,0,0,1,TIMEOUT,,,,-0.071,-0.222,0.074,0.757,0.758,0.441,0.012,-0.1569,-2597.75,-0.0194,-3047.92,0.163,0.51,0.68,-0.0032,133795.51
W3_JANUARY,OKX,29496142,2026-01-30,2026-01-30T10:22:00+00:00,SHORT,82403.05,0.41,1.459,0,0,0,0,1,TIMEOUT,,,,-0.164,-0.404,0.073,0.457,0.787,0.377,0.012,-0.3449,18147.21,0.1526,-22040.0,0.156,0.424,1.05,0.0238,118935.77
W3_JANUARY,OKX,29496224,2026-01-30,2026-01-30T11:44:00+00:00,SHORT,82738.05,1.023,1.714,0,0,0,1,0,LOSS,,,,0.238,0.229,0.066,0.697,0.237,0.28,0.012,-0.8022,1007.86,0.0113,-2644.55,-0.098,0.494,0.75,-0.0011,89028.38
W3_JANUARY,OKX,29496292,2026-01-30,2026-01-30T12:52:00+00:00,SHORT,82730.65,1.015,1.723,0,0,0,1,0,LOSS,,,,-0.326,0.554,0.062,0.688,0.613,0.292,0.012,0.0761,17902.26,0.1505,23835.68,-0.058,0.425,1.03,-0.0088,118937.08
W3_JANUARY,OKX,29496308,2026-01-30,2026-01-30T13:08:00+00:00,LONG,82590.45,2.006,0.847,1,0,0,0,0,WIN,358,,,-0.528,0.501,0.06,0.517,0.781,0.376,0.012,0.2059,-467.24,-0.0053,5895.93,-0.184,0.503,0.97,0.001,87524.74
W3_JANUARY,OKX,29496337,2026-01-30,2026-01-30T13:37:00+00:00,SHORT,82819.95,1.121,1.613,0,0,0,1,0,LOSS,,,,0.153,0.357,0.062,0.796,0.506,0.441,0.012,0.1218,9082.81,0.0526,8191.19,0.331,0.474,1.52,0.0174,172840.79
W3_JANUARY,OKX,29496453,2026-01-30,2026-01-30T15:33:00+00:00,LONG,82631.25,2.033,0.896,1,0,0,0,0,WIN,226,,,-0.703,0.011,0.099,0.237,1.165,1.359,0.012,0.0018,-49733.59,-0.1158,-64659.53,-0.743,0.558,1.68,0.086,429503.71
W3_JANUARY,OKX,29496486,2026-01-30,2026-01-30T16:06:00+00:00,LONG,82976.35,1.868,1.308,0,0,0,0,1,TIMEOUT,,,,-0.639,0.513,0.112,0.655,0.752,0.699,0.012,0.0944,-24689.85,-0.0994,-59385.13,-0.012,0.55,0.9,0.0012,248284.17
W3_JANUARY,OKX,29496514,2026-01-30,2026-01-30T16:34:00+00:00,SHORT,83039.05,1.382,1.532,0,0,0,1,0,LOSS,,,,0.235,0.28,0.121,0.731,0.677,0.708,0.012,-0.3343,-18091.69,-0.0842,-28347.85,0.41,0.542,0.97,-0.0345,214798.71
W3_JANUARY,OKX,29496567,2026-01-30,2026-01-30T17:27:00+00:00,SHORT,83260.25,1.644,1.52,0,0,0,1,0,LOSS,,,,0.246,0.44,0.124,1.0,0.412,0.916,0.012,-0.1579,-18362.78,-0.0702,-40592.11,0.212,0.535,0.79,-0.0149,261565.86
W3_JANUARY,OKX,29496624,2026-01-30,2026-01-30T18:24:00+00:00,LONG,81991.95,2.135,0.0,1,0,0,0,0,WIN,29,,,-1.503,-1.294,0.114,0.123,1.929,1.543,0.012,-0.1441,-73017.15,-0.2134,-85747.4,-1.181,0.607,1.04,0.252,342118.35
W3_JANUARY,OKX,29496646,2026-01-30,2026-01-30T18:46:00+00:00,SHORT,83035.85,0.0,1.536,0,0,0,1,0,LOSS,,,,-0.106,-0.049,0.115,1.398,0.623,1.476,0.012,0.0089,-48871.19,-0.0937,-63097.53,0.618,0.547,1.79,-0.058,521523.59
W3_JANUARY,OKX,29496743,2026-01-30,2026-01-30T20:23:00+00:00,LONG,83891.05,0.696,0.319,0,0,0,0,1,TIMEOUT,,,,-0.509,0.801,0.124,2.442,0.751,1.173,0.012,0.2909,-11233.66,-0.042,-7715.02,-0.733,0.521,0.77,0.0308,267291.68
W3_JANUARY,OKX,29496755,2026-01-30,2026-01-30T20:35:00+00:00,SHORT,83964.55,0.406,0.608,0,0,0,0,1,TIMEOUT,,,,-0.664,1.284,0.128,2.532,0.664,0.736,0.012,-0.057,19444.03,0.0522,2636.64,0.041,0.474,1.02,0.0022,372379.69
W3_JANUARY,OKX,29496891,2026-01-30,2026-01-30T22:51:00+00:00,SHORT,84084.25,0.553,0.197,0,0,0,0,1,TIMEOUT,,,,-0.16,-0.304,0.101,0.823,0.523,0.268,0.012,0.7526,10653.4,0.1856,12403.58,0.132,0.407,0.34,0.0245,57401.32
W3_JANUARY,OKX,29496950,2026-01-30,2026-01-30T23:50:00+00:00,SHORT,84198.05,0.988,0.042,0,0,0,0,1,TIMEOUT,,,,0.198,0.397,0.075,0.8,0.369,0.37,0.012,-0.1467,742.96,0.0134,-2675.93,0.068,0.493,0.46,0.0009,55446.8
W3_JANUARY,OKX,29496998,2026-01-31,2026-01-31T00:38:00+00:00,SHORT,84181.55,1.654,0.041,0,0,0,0,1,TIMEOUT,,,,0.217,0.196,0.056,0.667,0.347,0.152,0.012,-0.2032,-2574.29,-0.0399,2982.45,0.086,0.52,0.78,-0.0034,64548.99
W3_JANUARY,OKX,29497122,2026-01-31,2026-01-31T02:42:00+00:00,SHORT,84080.35,1.714,0.118,0,0,0,0,1,TIMEOUT,,,,0.072,0.011,0.04,0.352,0.201,0.392,0.012,-0.0672,7465.93,0.0674,7998.04,0.174,0.466,1.31,0.0117,110816.59
W3_JANUARY,OKX,29497155,2026-01-31,2026-01-31T03:15:00+00:00,SHORT,84109.05,1.748,0.084,0,0,0,0,1,TIMEOUT,,,,0.151,-0.01,0.039,0.386,0.167,0.128,0.012,-0.3449,1032.74,0.0197,4073.06,0.033,0.49,0.81,0.0006,52479.82
W3_JANUARY,OKX,29497218,2026-01-31,2026-01-31T04:18:00+00:00,SHORT,84047.45,1.676,0.058,0,0,0,0,1,TIMEOUT,,,,-0.116,-0.073,0.036,0.313,0.2,0.1,0.012,-0.6006,827.25,0.0258,-3478.64,0.055,0.487,0.59,0.0014,32063.69
W3_JANUARY,OKX,29497293,2026-01-31,2026-01-31T05:33:00+00:00,SHORT,83973.15,1.61,0.078,0,0,0,0,1,TIMEOUT,,,,-0.088,0.183,0.031,0.224,0.246,0.156,0.012,0.0132,-16935.81,-0.2992,-18462.75,0.048,0.65,1.04,-0.0144,56612.33
W3_JANUARY,OKX,29497443,2026-01-31,2026-01-31T08:03:00+00:00,SHORT,83520.25,2.366,0.007,1,0,0,0,0,WIN,383,,,-0.223,-0.492,0.036,0.185,0.685,0.245,0.012,-0.2578,4393.18,0.0315,-4647.36,-0.036,0.484,1.59,-0.0011,139574.78
W3_JANUARY,OKX,29497455,2026-01-31,2026-01-31T08:15:00+00:00,LONG,83184.55,0.098,1.972,0,0,0,1,0,LOSS,,,,-0.611,-0.93,0.042,0.022,1.084,0.486,0.012,0.0314,-28491.02,-0.1642,-46604.37,-0.364,0.582,1.61,0.0597,173521.74
W3_JANUARY,OKX,29497498,2026-01-31,2026-01-31T08:58:00+00:00,SHORT,83062.95,2.351,0.245,1,0,0,0,0,WIN,333,,,-0.54,-1.051,0.057,0.513,1.161,0.61,0.012,-0.1063,1505.88,0.0037,-47340.72,0.028,0.498,2.45,0.0001,408767.88
W3_JANUARY,OKX,29497537,2026-01-31,2026-01-31T09:37:00+00:00,SHORT,83150.55,2.096,0.075,1,0,0,0,0,WIN,293,,,0.245,-0.675,0.061,0.619,1.057,0.476,0.012,0.0201,-211.84,-0.0013,19645.61,0.065,0.501,0.89,-0.0001,162187.44
W3_JANUARY,OKX,29497594,2026-01-31,2026-01-31T10:34:00+00:00,SHORT,83061.05,2.348,0.107,1,0,0,0,0,WIN,237,,,-0.177,-0.533,0.062,0.511,0.862,0.323,0.012,-0.3734,15665.29,0.1488,8653.46,0.013,0.426,0.61,0.002,105256.33
W3_JANUARY,OKX,29497690,2026-01-31,2026-01-31T12:10:00+00:00,SHORT,82949.75,2.217,0.034,1,0,0,0,0,WIN,141,,,-0.078,-0.253,0.041,0.376,0.542,0.302,0.012,-0.0361,2942.64,0.0413,-10245.63,-0.036,0.479,0.99,-0.0015,71201.2
W3_JANUARY,OKX,29497759,2026-01-31,2026-01-31T13:19:00+00:00,SHORT,82788.65,2.027,0.132,1,0,0,0,0,WIN,72,,,-0.223,-0.144,0.045,0.138,0.574,0.245,0.012,-0.3528,-14117.45,-0.1277,-17413.89,0.004,0.564,1.11,-0.0005,110538.43
W3_JANUARY,OKX,29497803,2026-01-31,2026-01-31T14:03:00+00:00,SHORT,82752.15,2.104,0.176,1,0,0,0,0,WIN,36,,,-0.018,-0.327,0.048,0.339,0.488,0.382,0.012,0.0892,5404.71,0.0332,4797.51,0.182,0.483,1.63,0.006,162576.33
W3_JANUARY,OKX,29497817,2026-01-31,2026-01-31T14:17:00+00:00,LONG,82373.75,0.0,1.534,0,0,0,1,0,LOSS,,,,-0.607,-0.705,0.056,0.001,0.943,0.638,0.012,0.0832,167.94,0.0009,-16732.68,-0.281,0.5,1.73,-0.0003,178925.22
W3_JANUARY,OKX,29497867,2026-01-31,2026-01-31T15:07:00+00:00,SHORT,81549.95,2.637,0.272,1,1,0,0,0,WIN,121,121,,-1.5,-1.78,0.1,0.737,1.848,0.857,0.012,0.0553,96352.97,0.1199,-16522.18,0.5,0.44,1.85,0.0599,803644.47
W3_JANUARY,OKX,29497907,2026-01-31,2026-01-31T15:47:00+00:00,SHORT,81271.95,2.304,0.615,1,0,0,0,0,WIN,81,,,0.281,-1.919,0.102,0.394,2.182,0.275,0.012,0.0779,1519.15,0.0076,57735.45,0.111,0.496,0.63,0.0009,198878.17
W3_JANUARY,OKX,29497969,2026-01-31,2026-01-31T16:49:00+00:00,LONG,80419.05,0.073,2.009,0,0,0,1,0,LOSS,,,,-1.246,-2.695,0.145,0.214,2.99,1.899,0.012,0.1783,-7181.88,-0.0078,-37371.47,-1.197,0.504,1.39,0.0093,925476.24
W3_JANUARY,OKX,29498015,2026-01-31,2026-01-31T17:35:00+00:00,LONG,78691.85,0.503,1.959,0,0,0,1,0,LOSS,,,,-2.93,-3.44,0.183,0.261,5.074,2.094,0.013,0.159,-275800.97,-0.1318,-309293.67,-1.701,0.566,2.18,0.2243,2092360.71
W3_JANUARY,OKX,29498062,2026-01-31,2026-01-31T18:22:00+00:00,LONG,78375.15,0.355,1.563,0,0,0,1,0,LOSS,,,,-0.807,-3.449,0.187,0.296,4.567,1.191,0.013,-0.1032,-60367.91,-0.1458,-34854.13,-0.785,0.573,0.66,0.1146,413951.09
W3_JANUARY,OKX,29498111,2026-01-31,2026-01-31T19:11:00+00:00,SHORT,78103.85,1.285,1.36,0,0,0,0,1,TIMEOUT,,,,-0.832,-3.57,0.32,3.165,4.486,3.442,0.013,0.0666,-86003.0,-0.0429,-177414.72,0.832,0.521,1.5,-0.0357,2005694.8
W3_JANUARY,OKX,29498180,2026-01-31,2026-01-31T20:20:00+00:00,LONG,77513.05,2.01,0.533,1,0,0,0,0,WIN,183,,,-0.727,-1.729,0.289,2.384,5.208,0.607,0.013,0.0524,-21602.92,-0.0943,-46364.17,-0.32,0.547,0.39,0.0302,229015.64
W3_JANUARY,OKX,29498184,2026-01-31,2026-01-31T20:24:00+00:00,SHORT,77659.25,0.72,1.818,0,0,0,1,0,LOSS,,,,-0.322,-1.669,0.291,2.577,4.955,0.73,0.014,-0.076,7431.08,0.0291,-12605.6,-0.119,0.485,0.44,-0.0035,255783.76
W3_JANUARY,OKX,29498222,2026-01-31,2026-01-31T21:02:00+00:00,SHORT,77840.25,0.632,1.581,0,0,0,1,0,LOSS,,,,0.078,-1.359,0.284,2.816,3.272,1.247,0.013,0.1185,27695.59,0.0957,32957.35,0.919,0.452,0.55,0.088,289344.37
W3_JANUARY,OKX,29498280,2026-01-31,2026-01-31T22:00:00+00:00,SHORT,78261.35,0.366,1.156,0,0,0,0,1,TIMEOUT,,,,0.295,0.114,0.121,3.373,1.028,0.728,0.013,0.012,1378.28,0.0074,29020.28,0.65,0.496,0.66,0.0048,185998.88
W3_JANUARY,OKX,29498351,2026-01-31,2026-01-31T23:11:00+00:00,SHORT,78206.05,0.042,1.228,0,0,0,0,1,TIMEOUT,,,,0.103,0.525,0.1,1.434,0.291,0.409,0.013,0.3076,-12412.29,-0.0751,-16092.63,0.136,0.538,0.78,-0.0102,165248.97
W4_APRIL,Bybit,28548067,2024-04-12,2024-04-12T01:07:00+00:00,SHORT,70282.35,0.18,1.394,0,0,0,0,1,TIMEOUT,,,,0.075,,0.044,0.366,0.124,0.131,0.014,-0.4246,-85.71,-0.1429,38.173,0.006,0.571,0.74,-0.0009,599.81
W4_APRIL,Bybit,28548111,2024-04-12,2024-04-12T01:51:00+00:00,SHORT,70316.75,0.112,1.344,0,0,0,0,1,TIMEOUT,,,,-0.049,,0.042,0.415,0.076,0.26,0.014,-0.2307,-42.893,-0.0734,-175.766,0.131,0.537,0.76,-0.0096,584.733
W4_APRIL,Bybit,28548194,2024-04-12,2024-04-12T03:14:00+00:00,SHORT,70776.95,0.27,0.685,0,0,0,0,1,TIMEOUT,,,,0.289,0.73,0.044,1.072,0.016,0.179,0.014,-0.1614,156.495,0.1397,447.052,0.088,0.43,1.01,0.0124,1119.847
W4_APRIL,Bybit,28548418,2024-04-12,2024-04-12T06:58:00+00:00,SHORT,70919.25,2.187,0.108,1,0,0,0,0,WIN,472,,,-0.089,-0.129,0.039,0.357,0.481,0.225,0.014,-0.0115,-145.638,-0.153,-581.665,0.14,0.577,0.73,-0.0214,951.786
W4_APRIL,Bybit,28548491,2024-04-12,2024-04-12T08:11:00+00:00,SHORT,70812.05,2.039,0.221,1,0,0,0,0,WIN,399,,,-0.158,-0.247,0.039,0.25,0.631,0.335,0.014,-0.4936,161.205,0.1177,-251.165,0.235,0.441,1.09,0.0276,1369.197
W4_APRIL,Bybit,28548544,2024-04-12,2024-04-12T09:04:00+00:00,SHORT,70836.55,2.073,0.186,1,0,0,0,0,WIN,346,,,0.074,-0.246,0.042,0.285,0.435,0.325,0.014,-0.062,321.941,0.3145,158.067,0.253,0.343,0.8,0.0795,1023.663
W4_APRIL,Bybit,28548615,2024-04-12,2024-04-12T10:15:00+00:00,SHORT,70737.25,2.019,0.327,1,0,0,0,0,WIN,277,,,-0.018,-0.117,0.04,0.214,0.364,0.226,0.014,0.0127,-13.592,-0.0133,68.76,0.164,0.507,0.89,-0.0022,1022.44
W4_APRIL,Bybit,28548705,2024-04-12,2024-04-12T11:45:00+00:00,SHORT,70949.95,2.023,0.026,1,0,0,0,0,WIN,174,,,0.169,0.203,0.04,0.516,0.013,0.235,0.014,-0.2758,-227.041,-0.273,31.525,0.101,0.636,0.84,-0.0277,831.731
W4_APRIL,Bybit,28548765,2024-04-12,2024-04-12T12:45:00+00:00,LONG,70439.65,0.188,1.521,0,0,0,1,0,LOSS,,,,-0.719,-0.258,0.045,0.065,0.745,0.665,0.014,0.0443,-494.362,-0.139,-469.706,-0.519,0.569,2.26,0.0721,3557.534
W4_APRIL,Bybit,28548807,2024-04-12,2024-04-12T13:27:00+00:00,LONG,70131.85,0.228,1.571,0,0,0,1,0,LOSS,,,,-0.883,-0.845,0.056,0.102,1.179,0.722,0.014,0.0791,-831.442,-0.1555,-875.343,-0.533,0.578,2.15,0.0829,5346.852
W4_APRIL,Bybit,28548853,2024-04-12,2024-04-12T14:13:00+00:00,LONG,69781.05,0.274,1.722,0,0,0,1,0,LOSS,,,,-0.747,-1.5,0.068,0.162,1.673,0.613,0.014,-0.1892,-546.709,-0.078,-1185.647,-0.048,0.539,1.91,0.0037,7005.089
W4_APRIL,Bybit,28548894,2024-04-12,2024-04-12T14:54:00+00:00,LONG,69420.05,0.471,1.516,0,0,0,1,0,LOSS,,,,-0.684,-2.161,0.078,0.16,2.182,0.926,0.015,0.0759,-989.504,-0.1775,-587.987,-0.732,0.589,1.23,0.1299,5575.82
W4_APRIL,Bybit,28548922,2024-04-12,2024-04-12T15:22:00+00:00,SHORT,69530.95,2.036,0.311,1,0,0,0,0,WIN,123,,,-0.63,-1.749,0.086,0.357,2.025,0.409,0.014,0.0822,458.666,0.0954,-573.389,0.32,0.452,0.99,0.0305,4807.182
W4_APRIL,Bybit,28548982,2024-04-12,2024-04-12T16:22:00+00:00,LONG,68920.05,0.291,1.776,0,0,0,1,0,LOSS,,,,-0.879,-1.704,0.089,0.238,2.741,1.22,0.016,0.0028,-2489.334,-0.2813,-2095.149,-0.733,0.641,1.57,0.2062,8849.376
W4_APRIL,Bybit,28549027,2024-04-12,2024-04-12T17:07:00+00:00,LONG,68649.95,0.149,1.554,0,0,0,1,0,LOSS,,,,-1.275,-1.859,0.094,0.103,2.38,0.6,0.017,0.0261,-621.376,-0.1149,-2271.695,-0.353,0.557,0.89,0.0405,5410.302
W4_APRIL,Bybit,28549057,2024-04-12,2024-04-12T17:37:00+00:00,LONG,67931.85,0.748,1.788,0,0,0,1,0,LOSS,,,,-1.395,-2.541,0.115,0.516,3.224,1.73,0.015,0.0889,-1489.099,-0.068,-1518.156,-1.046,0.534,2.32,0.0711,21898.537
W4_APRIL,Bybit,28549104,2024-04-12,2024-04-12T18:24:00+00:00,LONG,67876.35,0.0,1.708,0,0,0,1,0,LOSS,,,,-0.617,-2.368,0.128,0.434,2.966,0.893,0.016,0.189,-59.558,-0.0095,-573.961,-0.497,0.505,0.62,0.0047,6284.178
W4_APRIL,Bybit,28549147,2024-04-12,2024-04-12T19:07:00+00:00,SHORT,66721.95,1.394,1.031,0,0,0,0,1,TIMEOUT,,,,-2.228,-4.047,0.206,1.528,4.337,1.499,0.023,-0.0634,-97.969,-0.0056,-4776.267,0.798,0.503,1.24,-0.0045,17346.473
W4_APRIL,Bybit,28549283,2024-04-12,2024-04-12T21:23:00+00:00,LONG,66835.65,0.66,1.562,0,0,0,1,0,LOSS,,,,-0.638,-1.381,0.197,1.701,2.344,0.526,0.015,-0.0892,-223.62,-0.0686,-175.232,-0.265,0.534,0.28,0.0182,3260.228
W4_APRIL,Bybit,28549312,2024-04-12,2024-04-12T21:52:00+00:00,SHORT,66949.85,1.73,1.459,0,0,0,0,1,TIMEOUT,,,,-0.049,0.481,0.13,1.875,2.087,0.385,0.015,-0.1962,-17.169,-0.0109,-174.61,0.257,0.505,0.39,-0.0028,1581.469
W4_APRIL,Bybit,28549414,2024-04-12,2024-04-12T23:34:00+00:00,SHORT,66983.55,1.779,1.408,0,0,0,0,1,TIMEOUT,,,,-0.067,-0.487,0.069,0.404,0.633,0.314,0.015,0.0253,-16.2,-0.0184,-166.914,0.112,0.509,0.56,-0.0021,882.328
W4_APRIL,Bybit,28549515,2024-04-13,2024-04-13T01:15:00+00:00,LONG,66558.25,2.016,1.151,1,0,0,0,0,WIN,212,,,-0.647,-0.925,0.058,0.082,1.068,0.65,0.015,-0.1271,-824.939,-0.2681,-976.756,-0.398,0.634,1.62,0.1066,3076.713
W4_APRIL,Bybit,28549552,2024-04-13,2024-04-13T01:52:00+00:00,LONG,66149.05,2.076,0.54,1,0,0,0,0,WIN,167,,,-1.105,-1.27,0.072,0.417,1.677,1.054,0.015,0.1429,-1341.376,-0.2257,-2032.038,-0.484,0.613,2.48,0.1093,5943.858
W4_APRIL,Bybit,28549571,2024-04-13,2024-04-13T02:11:00+00:00,SHORT,66342.55,0.094,1.522,0,0,0,1,0,LOSS,,,,-0.381,-0.809,0.084,0.837,1.389,0.884,0.015,0.1232,32.878,0.0049,-1215.96,0.211,0.498,2.27,0.001,6763.946
W4_APRIL,Bybit,28549646,2024-04-13,2024-04-13T03:26:00+00:00,SHORT,66661.25,0.0,1.523,0,0,0,1,0,LOSS,,,,0.253,-0.451,0.088,1.321,0.856,0.33,0.015,0.0888,350.754,0.2063,397.955,0.259,0.397,0.58,0.0533,1700.234
W4_APRIL,Bybit,28549821,2024-04-13,2024-04-13T06:21:00+00:00,LONG,67307.95,0.687,0.339,0,0,0,0,1,TIMEOUT,,,,-0.553,0.937,0.07,1.474,0.91,0.337,0.015,0.0772,-194.544,-0.1199,-607.833,-0.27,0.56,0.61,0.0324,1622.768
W4_APRIL,Bybit,28549847,2024-04-13,2024-04-13T06:47:00+00:00,SHORT,67346.45,0.396,0.629,0,0,0,0,1,TIMEOUT,,,,-0.188,0.612,0.067,1.327,0.854,0.227,0.015,-0.1916,18.459,0.0157,-171.702,0.083,0.492,0.52,0.0013,1178.165
W4_APRIL,Bybit,28550001,2024-04-13,2024-04-13T09:21:00+00:00,SHORT,67184.05,0.482,1.044,0,0,0,0,1,TIMEOUT,,,,-0.114,-0.184,0.051,0.155,0.768,0.267,0.015,-0.0316,37.882,0.0388,-161.787,0.098,0.481,0.85,0.0038,976.15
W4_APRIL,Bybit,28550079,2024-04-13,2024-04-13T10:39:00+00:00,SHORT,67365.25,1.284,0.773,0,0,0,0,1,TIMEOUT,,,,0.065,-0.083,0.049,0.425,0.265,0.215,0.015,0.4005,-55.911,-0.0821,15.928,0.021,0.541,0.85,-0.0017,681.121
W4_APRIL,Bybit,28550197,2024-04-13,2024-04-13T12:37:00+00:00,SHORT,67524.05,2.297,0.536,1,0,0,0,0,WIN,432,,,-0.075,0.336,0.057,0.662,0.36,0.598,0.015,-0.0468,224.937,0.109,-19.937,0.429,0.446,1.36,0.0467,2063.717
W4_APRIL,Bybit,28550283,2024-04-13,2024-04-13T14:03:00+00:00,SHORT,67499.45,2.261,0.572,1,0,0,0,0,WIN,346,,,-0.113,0.073,0.06,0.498,0.399,0.243,0.015,-0.373,-39.066,-0.0305,125.969,0.048,0.515,0.75,-0.0015,1280.12
W4_APRIL,Bybit,28550349,2024-04-13,2024-04-13T15:09:00+00:00,SHORT,67569.25,2.362,0.468,1,0,0,0,0,WIN,280,,,-0.042,0.52,0.056,0.602,0.296,0.312,0.015,0.1555,309.638,0.2342,187.56,0.253,0.383,0.94,0.0593,1321.982
W4_APRIL,Bybit,28550445,2024-04-13,2024-04-13T16:45:00+00:00,SHORT,67409.25,2.13,0.131,1,0,0,0,0,WIN,184,,,-0.616,-0.166,0.06,0.133,0.702,0.363,0.015,-0.1282,29.74,0.0152,-349.666,-0.046,0.492,1.31,-0.0007,1956.682
W4_APRIL,Bybit,28550463,2024-04-13,2024-04-13T17:03:00+00:00,LONG,67306.45,0.0,1.981,0,0,0,1,0,LOSS,,,,-0.613,-0.286,0.064,0.109,0.853,0.492,0.015,0.0764,-347.639,-0.177,-689.383,-0.29,0.588,1.1,0.0513,1964.101
W4_APRIL,Bybit,28550502,2024-04-13,2024-04-13T17:42:00+00:00,LONG,66856.15,0.565,1.687,0,0,0,1,0,LOSS,,,,-0.96,-0.899,0.077,0.358,1.517,0.886,0.015,0.0195,-723.185,-0.0985,-1330.296,-0.523,0.549,2.51,0.0515,7339.099
W4_APRIL,Bybit,28550509,2024-04-13,2024-04-13T17:49:00+00:00,SHORT,67012.35,2.739,0.331,1,1,0,0,0,WIN,124,124,,-0.629,-0.765,0.08,0.593,1.286,0.633,0.015,0.2125,65.328,0.0109,-1173.751,0.141,0.495,1.96,0.0015,6006.934
W4_APRIL,Bybit,28550566,2024-04-13,2024-04-13T18:46:00+00:00,SHORT,67084.75,2.022,0.222,1,0,0,0,0,WIN,65,,,0.254,-1.064,0.084,0.879,1.18,0.599,0.022,-0.0872,588.854,0.224,690.718,0.384,0.388,0.73,0.086,2629.096
W4_APRIL,Bybit,28550638,2024-04-13,2024-04-13T19:58:00+00:00,LONG,64080.05,1.096,3.371,0,0,0,1,0,LOSS,,,,-4.621,-4.929,0.184,0.216,5.377,5.103,0.067,-0.3944,-5199.854,-0.2611,-5090.441,-4.41,0.631,3.09,1.1513,19915.124
W4_APRIL,Bybit,28550696,2024-04-13,2024-04-13T20:56:00+00:00,LONG,61757.85,2.208,0.015,1,0,0,0,0,WIN,95,,,-3.416,-7.593,0.395,1.621,8.395,2.045,0.15,0.0919,-1057.465,-0.06,-3336.12,-0.246,0.53,1.2,0.0147,17618.613
W4_APRIL,Bybit,28550731,2024-04-13,2024-04-13T21:31:00+00:00,LONG,61928.75,2.106,0.0,1,0,0,0,0,WIN,61,,,-0.599,-7.281,0.405,1.902,7.891,1.164,0.016,-0.2906,1417.038,0.1311,1063.101,-0.674,0.434,0.57,-0.0884,10805.012
W4_APRIL,Bybit,28550745,2024-04-13,2024-04-13T21:45:00+00:00,SHORT,62222.05,0.098,1.625,0,0,0,1,0,LOSS,,,,-0.093,-7.33,0.406,2.384,7.454,1.056,0.016,0.1443,491.865,0.081,1883.379,0.172,0.459,0.32,0.0139,6070.905
W4_APRIL,Bybit,28550879,2024-04-13,2024-04-13T23:59:00+00:00,LONG,63905.05,0.551,1.595,0,0,0,1,0,LOSS,,,,-0.55,3.463,0.213,5.154,2.29,1.356,0.016,0.1324,-1234.541,-0.1896,-2409.939,-0.74,0.595,0.69,0.1404,6512.539
W4_APRIL,Bybit,28550927,2024-04-14,2024-04-14T00:47:00+00:00,SHORT,63875.85,2.036,0.235,1,0,0,0,0,WIN,138,,,-0.983,2.459,0.226,4.073,2.335,2.045,0.016,-0.0766,144.504,0.0157,-858.226,0.286,0.492,1.09,0.0045,9222.116
W4_APRIL,Bybit,28550942,2024-04-14,2024-04-14T01:02:00+00:00,LONG,63649.25,0.591,1.53,0,0,0,1,0,LOSS,,,,-0.769,1.856,0.222,3.078,2.681,0.991,0.016,0.0317,464.035,0.0847,4.004,-0.107,0.458,0.7,-0.009,5479.387
W4_APRIL,Bybit,28550968,2024-04-14,2024-04-14T01:28:00+00:00,SHORT,63791.65,2.138,0.367,1,0,0,0,0,WIN,99,,,0.286,1.808,0.219,3.309,2.464,0.852,0.016,0.024,87.95,0.0184,546.724,0.361,0.491,0.53,0.0067,4773.336
W4_APRIL,Bybit,28551035,2024-04-14,2024-04-14T02:35:00+00:00,LONG,63353.95,0.0,1.734,0,0,0,1,0,LOSS,,,,-0.852,-1.935,0.162,0.745,3.133,0.962,0.016,0.0926,-383.228,-0.1803,-404.619,-0.85,0.59,0.5,0.1533,2125.048
W4_APRIL,Bybit,28551076,2024-04-14,2024-04-14T03:16:00+00:00,LONG,62463.55,2.172,0.0,1,0,0,0,0,WIN,59,,,-1.658,-2.173,0.157,0.514,4.179,1.829,0.025,-0.0129,-1120.945,-0.182,-1496.987,-0.944,0.591,1.24,0.1718,6158.347
W4_APRIL,Bybit,28551377,2024-04-14,2024-04-14T08:17:00+00:00,SHORT,64591.75,1.741,0.365,0,0,0,0,1,TIMEOUT,,,,-0.201,0.621,0.086,1.209,0.412,0.499,0.015,0.1213,-246.815,-0.1058,-452.12,0.209,0.553,1.06,-0.0221,2333.405
W4_APRIL,Bybit,28551447,2024-04-14,2024-04-14T09:27:00+00:00,LONG,64273.05,0.851,1.535,0,0,0,1,0,LOSS,,,,-0.721,-0.319,0.081,0.293,0.903,0.673,0.016,-0.0185,-394.924,-0.172,-474.596,-0.31,0.586,1.21,0.0533,2296.512
W4_APRIL,Bybit,28551486,2024-04-14,2024-04-14T10:06:00+00:00,SHORT,64206.55,2.14,0.956,1,0,0,0,0,WIN,436,,,-0.637,-0.771,0.082,0.511,1.006,0.69,0.016,-0.0515,-493.242,-0.1294,-738.185,0.09,0.565,1.38,-0.0117,3813.1
W4_APRIL,Bybit,28551585,2024-04-14,2024-04-14T11:45:00+00:00,LONG,63945.15,1.368,1.74,0,0,0,1,0,LOSS,,,,-0.915,-0.912,0.085,0.135,1.361,0.443,0.017,0.2448,-548.244,-0.214,-810.452,-0.288,0.607,0.97,0.0617,2561.66
W4_APRIL,Bybit,28551600,2024-04-14,2024-04-14T12:00:00+00:00,SHORT,64128.15,2.021,1.079,1,0,0,0,0,WIN,322,,,-0.532,-0.621,0.085,0.421,1.079,0.473,0.016,-0.03,-46.154,-0.0233,-594.828,-0.022,0.512,0.77,0.0005,1981.832
W4_APRIL,Bybit,28551728,2024-04-14,2024-04-14T14:08:00+00:00,LONG,64049.75,0.955,1.51,0,0,0,1,0,LOSS,,,,-1.183,-0.324,0.085,0.298,1.188,1.008,0.039,0.2096,-820.032,-0.2567,-1212.588,-0.657,0.628,1.09,0.1686,3194.632
W4_APRIL,Bybit,28551755,2024-04-14,2024-04-14T14:35:00+00:00,SHORT,63937.85,1.991,1.731,0,0,0,1,0,LOSS,,,,-0.681,-0.261,0.094,0.167,1.361,0.492,0.016,-0.1384,-688.28,-0.174,-1399.496,-0.15,0.587,1.35,0.0261,3956.632
W4_APRIL,Bybit,28551759,2024-04-14,2024-04-14T14:39:00+00:00,LONG,63656.25,1.579,1.558,0,0,0,1,0,LOSS,,,,-1.239,-0.586,0.1,0.298,1.795,1.068,0.018,0.2107,-1989.224,-0.3101,-2794.222,-0.527,0.655,1.66,0.1635,6414.97
W4_APRIL,Bybit,28551787,2024-04-14,2024-04-14T15:07:00+00:00,SHORT,64051.95,2.088,0.952,1,0,0,0,0,WIN,137,,,0.222,-0.429,0.112,0.921,1.185,1.068,0.016,-0.0023,-552.143,-0.0857,-1705.749,0.802,0.543,1.57,-0.0687,6440.103
W4_APRIL,Bybit,28551844,2024-04-14,2024-04-14T16:04:00+00:00,SHORT,64248.35,2.204,0.643,1,0,0,0,0,WIN,78,,,0.256,-0.272,0.113,1.231,0.882,0.371,0.016,0.0184,174.611,0.0898,552.238,0.181,0.455,0.67,0.0163,1943.787
W4_APRIL,Bybit,28551919,2024-04-14,2024-04-14T17:19:00+00:00,LONG,63517.05,2.405,1.342,1,0,0,0,0,WIN,286,,,-1.373,-0.586,0.122,0.164,1.77,1.761,0.016,-0.1515,-1451.076,-0.2534,-1379.282,-1.318,0.627,1.46,0.3339,5727.396
W4_APRIL,Bybit,28551945,2024-04-14,2024-04-14T17:45:00+00:00,SHORT,63888.05,0.896,1.811,0,0,0,1,0,LOSS,,,,-0.77,-0.037,0.153,1.952,1.196,2.203,0.035,0.1022,582.737,0.0347,-476.385,0.58,0.483,3.04,0.0201,16796.317
W4_APRIL,Bybit,28552047,2024-04-14,2024-04-14T19:27:00+00:00,LONG,63986.75,2.111,1.049,1,0,0,0,0,WIN,160,,,-0.519,-1.013,0.16,2.11,1.044,0.789,0.016,0.1984,-275.923,-0.1425,66.991,-0.618,0.571,0.42,0.0881,1935.831
W4_APRIL,Bybit,28552066,2024-04-14,2024-04-14T19:46:00+00:00,SHORT,64140.15,1.286,1.867,0,0,0,1,0,LOSS,,,,-0.462,-0.282,0.16,2.355,0.806,0.48,0.016,-0.0064,135.46,0.0861,-316.147,0.131,0.457,0.33,0.0112,1573.416
W4_APRIL,Bybit,28552130,2024-04-14,2024-04-14T20:50:00+00:00,LONG,63816.15,2.384,0.785,1,0,0,0,0,WIN,77,,,-0.609,-0.19,0.094,1.838,1.278,0.649,0.016,-0.3195,-893.163,-0.4028,-925.249,-0.429,0.701,0.76,0.1728,2217.195
W4_APRIL,Bybit,28552165,2024-04-14,2024-04-14T21:25:00+00:00,LONG,63359.55,2.66,0.0,1,1,0,0,0,WIN,40,40,,-1.177,-1.45,0.083,1.109,1.984,0.85,0.016,-0.3412,-545.349,-0.2028,-1416.624,-0.706,0.601,1.2,0.1433,2688.867
W4_APRIL,Bybit,28552195,2024-04-14,2024-04-14T21:55:00+00:00,SHORT,63617.85,0.059,2.243,0,0,0,1,0,LOSS,,,,-0.302,-1.266,0.08,0.478,1.585,0.558,0.016,-0.2058,246.019,0.1817,-316.356,0.408,0.409,0.72,0.0741,1354.335
W4_APRIL,Bybit,28552391,2024-04-15,2024-04-15T01:11:00+00:00,LONG,65409.65,1.631,1.081,0,0,0,0,1,TIMEOUT,,,,-0.514,1.04,0.134,3.308,0.625,0.608,0.015,0.2635,-331.554,-0.1658,-379.622,-0.23,0.583,0.61,0.0381,1999.128
W4_APRIL,Bybit,28552405,2024-04-15,2024-04-15T01:25:00+00:00,SHORT,65461.05,1.158,1.551,0,0,0,1,0,LOSS,,,,0.112,0.312,0.123,3.317,0.547,0.393,0.015,-0.4104,-151.973,-0.0782,-228.267,0.142,0.539,0.61,-0.0111,1942.967
W4_APRIL,Bybit,28552480,2024-04-15,2024-04-15T02:40:00+00:00,LONG,65039.85,2.012,0.518,1,0,0,0,0,WIN,242,,,-0.604,-0.769,0.093,0.169,1.187,0.454,0.016,0.0181,-101.967,-0.0693,-460.55,-0.388,0.535,0.64,0.0269,1471.267
W4_APRIL,Bybit,28552511,2024-04-15,2024-04-15T03:11:00+00:00,SHORT,65170.45,0.718,1.669,0,0,0,1,0,LOSS,,,,-0.129,-0.878,0.087,0.336,0.988,0.475,0.015,-0.2589,140.189,0.0855,-7.571,0.336,0.457,0.78,0.0288,1639.475
W4_APRIL,Bybit,28552546,2024-04-15,2024-04-15T03:46:00+00:00,SHORT,65253.35,0.844,1.54,0,0,0,1,0,LOSS,,,,0.293,-0.562,0.069,0.464,0.837,0.225,0.015,-0.0721,182.202,0.224,310.59,0.017,0.388,0.6,0.0038,813.406
W4_APRIL,Bybit,28552572,2024-04-15,2024-04-15T04:12:00+00:00,LONG,64799.65,2.25,0.15,1,0,0,0,0,WIN,136,,,-0.611,-0.976,0.066,0.104,1.527,0.865,0.015,0.1512,-608.732,-0.2439,-474.876,-0.707,0.622,1.35,0.1725,2495.768
W4_APRIL,Bybit,28552603,2024-04-15,2024-04-15T04:43:00+00:00,SHORT,64887.15,0.103,1.777,0,0,0,1,0,LOSS,,,,-0.607,-0.755,0.066,0.285,1.198,0.353,0.015,0.0298,106.865,0.0512,-489.489,0.243,0.474,1.11,0.0125,2086.429
W4_APRIL,Bybit,28552645,2024-04-15,2024-04-15T05:25:00+00:00,SHORT,65040.05,0.0,1.538,0,0,0,1,0,LOSS,,,,0.286,-0.117,0.059,0.521,0.871,0.524,0.015,-0.3713,239.872,0.1598,515.574,0.339,0.42,0.85,0.0542,1500.708
W4_APRIL,Bybit,28552844,2024-04-15,2024-04-15T08:44:00+00:00,SHORT,66316.55,2.057,0.62,1,0,0,0,0,WIN,355,,,0.085,1.677,0.093,2.309,0.24,0.486,0.015,-0.3639,328.251,0.189,420.552,0.425,0.405,0.52,0.0803,1736.621
W4_APRIL,Bybit,28552978,2024-04-15,2024-04-15T10:58:00+00:00,SHORT,66486.85,2.086,0.2,1,0,0,0,0,WIN,220,,,-0.158,0.348,0.067,0.692,0.361,0.235,0.015,0.063,107.018,0.1141,-398.63,-0.052,0.443,0.46,-0.0059,938.058
W4_APRIL,Bybit,28553024,2024-04-15,2024-04-15T11:44:00+00:00,LONG,65995.05,0.441,1.579,0,0,0,1,0,LOSS,,,,-0.721,-0.485,0.066,0.192,1.098,0.588,0.015,0.3925,-330.24,-0.0887,-1001.439,-0.334,0.544,1.19,0.0297,3722.196
W4_APRIL,Bybit,28553056,2024-04-15,2024-04-15T12:16:00+00:00,SHORT,66031.75,2.241,0.385,1,0,0,0,0,WIN,150,,,-0.176,-0.445,0.068,0.3,1.043,0.434,0.015,0.4578,370.115,0.1524,218.516,-0.007,0.424,1.14,-0.0011,2428.973
W4_APRIL,Bybit,28553118,2024-04-15,2024-04-15T13:18:00+00:00,SHORT,66151.55,2.03,0.203,1,0,0,0,0,WIN,84,,,0.096,-0.42,0.069,0.482,0.864,0.465,0.015,-0.1955,99.515,0.0501,255.963,0.167,0.475,1.01,0.0084,1986.583
W4_APRIL,Bybit,28553149,2024-04-15,2024-04-15T13:49:00+00:00,SHORT,66250.45,2.176,0.049,1,0,0,0,0,WIN,53,,,0.257,-0.314,0.076,0.632,0.673,0.646,0.017,-0.2805,23.98,0.006,123.8,0.212,0.497,1.24,0.0013,3991.412
W4_APRIL,Bybit,28553172,2024-04-15,2024-04-15T14:12:00+00:00,LONG,65580.05,0.0,1.568,0,0,0,1,0,LOSS,,,,-0.854,-0.951,0.084,0.107,1.561,1.184,0.016,0.1198,-865.706,-0.1236,-969.011,-0.886,0.562,1.85,0.1095,7006.904
W4_APRIL,Bybit,28553204,2024-04-15,2024-04-15T14:44:00+00:00,LONG,64812.05,0.058,1.642,0,0,0,1,0,LOSS,,,,-2.068,-1.793,0.103,0.11,2.714,1.172,0.027,-0.0408,-1415.352,-0.1499,-2466.007,-0.558,0.575,1.87,0.0836,9443.94
W4_APRIL,Bybit,28553241,2024-04-15,2024-04-15T15:21:00+00:00,SHORT,64650.05,2.336,0.188,1,0,0,0,0,WIN,176,,,-0.985,-2.119,0.134,1.266,2.468,1.346,0.017,-0.1273,887.256,0.0786,-1562.201,0.257,0.461,1.71,0.0202,11288.48
W4_APRIL,Bybit,28553265,2024-04-15,2024-04-15T15:45:00+00:00,LONG,64349.25,0.656,1.879,0,0,0,1,0,LOSS,,,,-0.772,-2.601,0.137,0.795,2.922,0.627,0.022,0.2943,-258.92,-0.0443,-917.729,-0.066,0.522,0.87,0.0029,5849.122
W4_APRIL,Bybit,28553304,2024-04-15,2024-04-15T16:24:00+00:00,LONG,64140.35,0.861,1.56,0,0,0,1,0,LOSS,,,,-0.677,-2.862,0.141,0.467,3.237,1.015,0.016,-0.3013,-395.947,-0.0804,-780.684,-0.628,0.54,0.65,0.0505,4922.901
W4_APRIL,Bybit,28553350,2024-04-15,2024-04-15T17:10:00+00:00,SHORT,64557.65,2.196,0.209,1,0,0,0,0,WIN,67,,,0.027,-1.454,0.143,1.121,2.607,1.019,0.015,-0.0931,276.454,0.0748,-304.668,0.954,0.463,0.64,0.0713,3697.468
W4_APRIL,Bybit,28553383,2024-04-15,2024-04-15T17:43:00+00:00,LONG,63730.95,0.402,1.645,0,0,0,1,0,LOSS,,,,-0.584,-1.56,0.143,0.002,3.854,1.244,0.019,-0.0555,-1131.012,-0.1533,-679.3,-1.226,0.577,1.1,0.188,7376.402
W4_APRIL,Bybit,28553419,2024-04-15,2024-04-15T18:19:00+00:00,LONG,63491.45,0.518,1.902,0,0,0,1,0,LOSS,,,,-1.21,-1.87,0.136,0.557,3.013,1.342,0.022,0.1122,83.795,0.0125,-1194.412,0.123,0.494,1.05,0.0015,6728.341
W4_APRIL,Bybit,28553446,2024-04-15,2024-04-15T18:46:00+00:00,SHORT,63740.05,2.284,0.0,1,0,0,0,0,WIN,20,,,0.037,-1.008,0.133,0.951,1.593,1.077,0.016,-0.0863,400.816,0.0645,188.271,0.485,0.468,1.01,0.0313,6217.194
W4_APRIL,Bybit,28553468,2024-04-15,2024-04-15T19:08:00+00:00,LONG,62792.15,1.631,0.249,0,0,0,0,1,TIMEOUT,,,,-1.761,-2.865,0.145,0.816,3.056,2.466,0.034,0.1104,-1097.602,-0.1155,-1324.182,-1.314,0.558,1.42,0.1518,9500.35
W4_APRIL,Bybit,28553494,2024-04-15,2024-04-15T19:34:00+00:00,SHORT,63328.45,0.979,0.771,0,0,0,0,1,TIMEOUT,,,,-0.305,-1.276,0.153,1.677,2.228,1.753,0.028,0.0418,279.555,0.0288,-219.745,0.987,0.486,1.49,0.0285,9699.055
W4_APRIL,Bybit,28553591,2024-04-15,2024-04-15T21:11:00+00:00,SHORT,63303.85,2.019,0.81,1,0,0,0,0,WIN,453,,,-0.29,-0.718,0.137,1.637,2.147,0.611,0.021,0.0396,27.936,0.0133,-385.467,0.18,0.493,0.44,0.0024,2094.558
W4_APRIL,Bybit,28553614,2024-04-15,2024-04-15T21:34:00+00:00,LONG,62808.25,1.605,1.78,0,0,0,1,0,LOSS,,,,-0.81,-1.124,0.13,0.842,1.928,1.068,0.018,-0.0051,-440.355,-0.1491,-609.861,-0.651,0.575,0.65,0.0971,2954.187
W4_APRIL,Bybit,28553639,2024-04-15,2024-04-15T21:59:00+00:00,SHORT,63244.45,2.458,0.905,1,0,0,0,0,WIN,406,,,0.236,0.205,0.131,1.542,1.16,0.997,0.016,-0.1598,194.055,0.0954,50.164,0.372,0.452,0.48,0.0355,2034.059
W4_APRIL,Bybit,28553755,2024-04-15,2024-04-15T23:55:00+00:00,SHORT,63410.95,2.067,0.64,1,0,0,0,0,WIN,287,,,0.209,0.556,0.088,1.121,0.261,0.502,0.018,-0.0127,209.156,0.1923,439.511,0.248,0.404,0.55,0.0477,1087.758
W4_APRIL,Bybit,28553831,2024-04-16,2024-04-16T01:11:00+00:00,SHORT,63452.05,2.131,0.574,1,0,0,0,0,WIN,211,,,0.063,0.661,0.087,1.186,0.338,0.851,0.016,0.2331,84.668,0.0396,-186.976,0.533,0.48,1.1,0.0211,2138.392
W4_APRIL,Bybit,28553892,2024-04-16,2024-04-16T02:12:00+00:00,LONG,62976.35,0.848,1.509,0,0,0,1,0,LOSS,,,,-0.877,-0.826,0.09,0.382,1.317,0.919,0.017,0.2656,-592.08,-0.1988,-354.119,-0.684,0.599,1.21,0.1361,2977.666
W4_APRIL,Bybit,28553925,2024-04-16,2024-04-16T02:45:00+00:00,SHORT,63164.05,2.334,0.548,1,0,0,0,0,WIN,120,,,-0.501,-0.316,0.099,0.697,1.022,0.785,0.02,-0.1773,5.884,0.0023,-491.488,0.159,0.499,0.92,0.0004,2561.416
W4_APRIL,Bybit,28553996,2024-04-16,2024-04-16T03:56:00+00:00,LONG,62896.05,0.16,1.918,0,0,0,1,0,LOSS,,,,-0.732,-0.552,0.091,0.269,1.442,0.871,0.016,0.2775,-385.235,-0.1546,-455.96,-0.726,0.577,0.93,0.1123,2491.053
W4_APRIL,Bybit,28554028,2024-04-16,2024-04-16T04:28:00+00:00,LONG,62313.25,2.283,1.0,1,0,0,0,0,WIN,185,,,-1.361,-2.046,0.1,0.053,2.356,1.15,0.016,-0.0165,-1115.54,-0.1473,-1371.928,-1.013,0.574,1.85,0.1492,7574.698
W4_APRIL,Bybit,28554066,2024-04-16,2024-04-16T05:06:00+00:00,SHORT,62443.75,0.018,1.73,0,0,0,1,0,LOSS,,,,-0.817,-0.933,0.121,1.222,2.151,1.379,0.016,0.0209,-377.731,-0.0432,-1295.791,0.067,0.522,1.91,-0.0029,8749.959
W4_APRIL,Bybit,28554307,2024-04-16,2024-04-16T09:07:00+00:00,SHORT,63322.05,2.165,0.289,1,0,0,0,0,WIN,78,,,-0.156,0.812,0.081,1.425,0.65,0.577,0.018,-0.2425,-11.727,-0.0058,-255.417,-0.039,0.503,0.74,0.0002,2017.881
W4_APRIL,Bybit,28554382,2024-04-16,2024-04-16T10:22:00+00:00,LONG,62641.15,0.0,1.707,0,0,0,1,0,LOSS,,,,-1.077,-1.119,0.091,0.196,1.718,1.226,0.016,0.0772,-1165.825,-0.2294,-1151.133,-0.874,0.615,1.5,0.2005,5081.201
W4_APRIL,Bybit,28554425,2024-04-16,2024-04-16T11:05:00+00:00,SHORT,62685.55,1.588,1.078,0,0,0,0,1,TIMEOUT,,,,-0.946,-1.312,0.132,1.808,1.648,1.678,0.016,0.0447,319.177,0.0388,-1234.898,1.463,0.481,1.81,0.0568,8225.505
W4_APRIL,Bybit,28554570,2024-04-16,2024-04-16T13:30:00+00:00,SHORT,63189.35,2.083,0.087,1,0,0,0,0,WIN,91,,,-0.033,2.627,0.126,2.627,0.485,0.885,0.016,0.0609,276.374,0.0612,209.518,0.162,0.469,0.78,0.0099,4515.842
W4_APRIL,Bybit,28554584,2024-04-16,2024-04-16T13:44:00+00:00,LONG,62519.85,2.188,1.327,1,0,0,0,0,WIN,477,,,-0.947,0.356,0.131,1.539,1.328,1.541,0.023,-0.0988,-729.43,-0.0957,-917.627,-0.689,0.548,1.43,0.0659,7621.53
W4_APRIL,Bybit,28554611,2024-04-16,2024-04-16T14:11:00+00:00,SHORT,62682.75,1.584,1.514,0,0,0,1,0,LOSS,,,,-0.492,0.014,0.137,1.804,1.071,1.106,0.019,-0.0422,-143.589,-0.0163,-319.817,0.061,0.508,1.68,-0.001,8811.481
W4_APRIL,Bybit,28554636,2024-04-16,2024-04-16T14:36:00+00:00,LONG,62220.15,2.025,0.852,1,0,0,0,0,WIN,403,,,-0.862,-0.643,0.141,0.554,1.801,1.47,0.016,0.0039,-708.732,-0.1102,-928.542,-0.75,0.555,1.06,0.0826,6433.462
W4_APRIL,Bybit,28554689,2024-04-16,2024-04-16T15:29:00+00:00,SHORT,62237.25,0.879,1.613,0,0,0,1,0,LOSS,,,,-0.253,-1.452,0.151,0.589,1.774,0.732,0.016,-0.0051,-156.471,-0.028,-351.942,0.286,0.514,0.96,-0.008,5586.619
W4_APRIL,Bybit,28554701,2024-04-16,2024-04-16T15:41:00+00:00,LONG,61981.55,2.032,0.47,1,0,0,0,0,WIN,105,,,-0.522,-1.82,0.151,0.176,2.178,0.682,0.02,0.0337,-229.843,-0.0548,-361.877,-0.174,0.527,0.73,0.0095,4196.523
W4_APRIL,Bybit,28554737,2024-04-16,2024-04-16T16:17:00+00:00,SHORT,61975.95,0.461,1.559,0,0,0,1,0,LOSS,,,,-0.32,-1.188,0.155,0.439,2.186,0.553,0.029,-0.0562,165.941,0.03,-303.79,0.024,0.485,0.94,0.0007,5540.131
W4_APRIL,Bybit,28554744,2024-04-16,2024-04-16T16:24:00+00:00,LONG,61734.85,2.01,0.0,1,0,0,0,0,WIN,54,,,-0.844,-2.024,0.155,0.073,2.567,0.578,0.022,-0.0995,7.797,0.0015,-460.819,-0.106,0.499,0.9,-0.0002,5085.507
W4_APRIL,Bybit,28554853,2024-04-16,2024-04-16T18:13:00+00:00,SHORT,62841.25,0.557,1.665,0,0,0,1,0,LOSS,,,,0.064,1.265,0.145,1.866,0.632,1.015,0.016,-0.1684,55.728,0.0118,-611.514,0.032,0.494,0.89,0.0004,4716.406
W4_APRIL,Bybit,28554970,2024-04-16,2024-04-16T20:10:00+00:00,LONG,62587.85,2.077,0.0,1,0,0,0,0,WIN,91,,,-0.6,-0.296,0.109,1.456,1.033,0.386,0.016,-0.3468,-270.606,-0.1533,-412.63,-0.291,0.577,0.51,0.0446,1765.398
W4_APRIL,Bybit,28554985,2024-04-16,2024-04-16T20:25:00+00:00,SHORT,62784.05,0.0,1.51,0,0,0,1,0,LOSS,,,,-0.368,-0.494,0.103,1.679,0.723,0.419,0.016,-0.0748,132.35,0.0699,-2.595,0.131,0.465,0.52,0.0092,1893.41
W4_APRIL,Bybit,28555143,2024-04-16,2024-04-16T23:03:00+00:00,SHORT,63729.75,0.239,1.062,0,0,0,0,1,TIMEOUT,,,,-0.248,1.571,0.088,1.896,0.892,0.187,0.016,-0.408,210.04,0.2333,215.821,0.078,0.383,0.38,0.0182,900.36
W4_APRIL,Bybit,28555224,2024-04-17,2024-04-17T00:24:00+00:00,SHORT,63779.95,0.836,0.983,0,0,0,0,1,TIMEOUT,,,,-0.063,0.075,0.084,1.586,0.814,0.298,0.016,-0.2549,136.997,0.0911,61.483,0.207,0.454,0.85,0.0189,1504.273
W4_APRIL,Bybit,28555317,2024-04-17,2024-04-17T01:57:00+00:00,SHORT,63982.55,1.225,0.663,0,0,0,0,1,TIMEOUT,,,,0.124,0.418,0.067,0.637,0.255,0.442,0.016,0.3708,104.16,0.1197,-20.915,0.181,0.44,0.7,0.0217,869.85
W4_APRIL,Bybit,28555389,2024-04-17,2024-04-17T03:09:00+00:00,SHORT,63880.15,1.716,0.825,0,0,0,0,1,TIMEOUT,,,,-0.5,0.382,0.067,0.476,0.603,0.329,0.016,0.1251,-84.131,-0.0849,-403.35,0.035,0.542,0.59,-0.003,990.461
W4_APRIL,Bybit,28555476,2024-04-17,2024-04-17T04:36:00+00:00,SHORT,63962.95,2.05,0.694,1,0,0,0,0,WIN,438,,,-0.077,0.228,0.053,0.602,0.475,0.518,0.016,-0.1297,-1.911,-0.0021,-95.069,0.186,0.501,0.89,-0.0004,927.013
W4_APRIL,Bybit,28555563,2024-04-17,2024-04-17T06:03:00+00:00,LONG,63807.45,0.239,1.574,0,0,0,1,0,LOSS,,,,-0.595,-0.126,0.064,0.257,0.931,0.72,0.019,-0.2558,-341.245,-0.1677,-74.819,-0.513,0.584,1.31,0.086,2034.649
W4_APRIL,Bybit,28555599,2024-04-17,2024-04-17T06:39:00+00:00,SHORT,63909.35,2.08,0.079,1,0,0,0,0,WIN,316,,,-0.392,-0.123,0.065,0.417,0.772,0.318,0.016,-0.0706,57.869,0.0422,-368.788,0.021,0.479,0.77,0.0009,1370.941
W4_APRIL,Bybit,28555628,2024-04-17,2024-04-17T07:08:00+00:00,LONG,63445.15,0.246,1.584,0,0,0,1,0,LOSS,,,,-0.621,-0.533,0.079,0.233,1.493,1.046,0.016,-0.0908,-1247.869,-0.3387,-1141.759,-0.779,0.669,1.5,0.2637,3684.253
W4_APRIL,Bybit,28555681,2024-04-17,2024-04-17T08:01:00+00:00,LONG,63487.15,0.083,1.528,0,0,0,1,0,LOSS,,,,-0.619,-0.9,0.086,0.381,1.428,0.561,0.016,-0.1421,-407.411,-0.1683,-1772.237,-0.068,0.584,1.03,0.0114,2421.327
W4_APRIL,Bybit,28555711,2024-04-17,2024-04-17T08:31:00+00:00,SHORT,63454.85,2.082,0.078,1,0,0,0,0,WIN,246,,,-0.119,-1.062,0.087,0.33,1.478,0.396,0.016,-0.1045,-545.704,-0.1901,-947.244,-0.051,0.595,1.07,0.0097,2870.72
W4_APRIL,Bybit,28555757,2024-04-17,2024-04-17T09:17:00+00:00,SHORT,63354.65,2.065,0.214,1,0,0,0,0,WIN,205,,,-0.028,-0.721,0.084,0.246,1.615,0.333,0.016,-0.3994,224.544,0.1692,-364.594,0.185,0.415,0.69,0.0313,1327.302
W4_APRIL,Bybit,28555808,2024-04-17,2024-04-17T10:08:00+00:00,LONG,63050.15,0.098,1.592,0,0,0,1,0,LOSS,,,,-0.554,-0.623,0.074,0.002,1.422,0.626,0.018,-0.2655,-263.968,-0.1066,-308.011,-0.568,0.553,0.94,0.0606,2475.45
W4_APRIL,Bybit,28555869,2024-04-17,2024-04-17T11:09:00+00:00,SHORT,62981.25,2.112,0.208,1,0,0,0,0,WIN,189,,,-0.1,-0.711,0.066,0.314,0.974,0.279,0.016,0.1734,98.539,0.0638,-71.131,0.103,0.468,0.77,0.0066,1544.805
W4_APRIL,Bybit,28555949,2024-04-17,2024-04-17T12:29:00+00:00,LONG,62383.05,0.777,1.548,0,0,0,1,0,LOSS,,,,-0.922,-1.721,0.072,0.096,1.82,0.76,0.016,-0.2352,-576.757,-0.1486,-1736.688,-0.281,0.574,1.42,0.0417,3882.243
W4_APRIL,Bybit,28556065,2024-04-17,2024-04-17T14:25:00+00:00,LONG,61439.45,0.763,1.715,0,0,0,1,0,LOSS,,,,-1.435,-2.477,0.118,0.549,2.65,2.528,0.042,0.07,-1651.563,-0.1139,-829.951,-1.923,0.557,2.38,0.219,14496.295
W4_APRIL,Bybit,28556107,2024-04-17,2024-04-17T15:07:00+00:00,LONG,61148.95,0.022,1.508,0,0,0,1,0,LOSS,,,,-1.532,-2.567,0.153,0.424,3.11,1.562,0.019,0.0993,388.452,0.036,-1441.81,-0.472,0.482,1.41,-0.017,10785.892
W4_APRIL,Bybit,28556145,2024-04-17,2024-04-17T15:45:00+00:00,LONG,60384.55,2.203,0.937,1,0,0,0,0,WIN,139,,,-2.195,-2.911,0.176,0.471,4.103,1.566,0.1,0.0,-981.402,-0.0549,-1340.028,-0.421,0.527,1.83,0.0231,17869.034
W4_APRIL,Bybit,28556175,2024-04-17,2024-04-17T16:15:00+00:00,SHORT,60771.95,1.323,1.551,0,0,0,1,0,LOSS,,,,0.218,-2.22,0.197,1.594,3.334,1.861,0.02,0.0169,926.211,0.0586,251.464,0.642,0.471,1.37,0.0376,15792.323
W4_APRIL,Bybit,28556205,2024-04-17,2024-04-17T16:45:00+00:00,LONG,60052.15,2.031,0.14,1,0,0,0,0,WIN,72,,,-0.55,-4.283,0.204,0.391,4.479,1.567,0.031,-0.0217,-962.434,-0.1144,-93.376,-1.184,0.557,0.6,0.1355,8410.394
W4_APRIL,Bybit,28556229,2024-04-17,2024-04-17T17:09:00+00:00,SHORT,60464.95,0.311,1.684,0,0,0,1,0,LOSS,,,,0.141,-2.781,0.206,1.081,3.822,0.856,0.017,0.066,171.568,0.0257,700.338,0.297,0.487,0.52,0.0076,6673.074
W4_APRIL,Bybit,28556351,2024-04-17,2024-04-17T19:11:00+00:00,LONG,61216.05,0.832,0.755,0,0,0,0,1,TIMEOUT,,,,-0.549,0.923,0.144,2.336,1.093,1.215,0.016,0.0957,-435.645,-0.103,-1084.644,-0.632,0.551,0.6,0.0651,4230.579
W4_APRIL,Bybit,28556382,2024-04-17,2024-04-17T19:42:00+00:00,LONG,60847.45,1.443,0.117,0,0,0,0,1,TIMEOUT,,,,-1.443,1.247,0.119,1.72,1.688,0.787,0.023,-0.001,-299.184,-0.0699,-801.616,-0.58,0.535,0.76,0.0405,4281.814
W4_APRIL,Bybit,28556395,2024-04-17,2024-04-17T19:55:00+00:00,SHORT,61145.05,0.603,0.949,0,0,0,0,1,TIMEOUT,,,,-0.376,1.442,0.116,2.218,1.207,0.827,0.016,0.0157,685.714,0.1776,35.265,0.388,0.411,0.8,0.069,3861.834
W4_APRIL,Bybit,28556453,2024-04-17,2024-04-17T20:53:00+00:00,LONG,60887.75,1.375,0.183,0,0,0,0,1,TIMEOUT,,,,-0.602,-0.069,0.109,1.348,1.623,0.912,0.017,0.2977,-42.38,-0.0148,266.192,-0.721,0.507,0.62,0.0107,2862.83
W4_APRIL,Bybit,28556543,2024-04-17,2024-04-17T22:23:00+00:00,SHORT,61319.85,0.205,0.661,0,0,0,0,1,TIMEOUT,,,,-0.335,0.532,0.099,0.931,0.925,0.383,0.018,0.2399,41.619,0.039,-304.244,0.327,0.48,0.46,0.0128,1067.129
W4_APRIL,OKX,28548067,2024-04-12,2024-04-12T01:07:00+00:00,SHORT,70256.05,0.173,1.416,0,0,0,0,1,TIMEOUT,,,,0.088,,0.045,0.358,0.128,0.149,0.014,-0.3493,-1773.0,-0.0274,15706.0,0.021,0.514,0.83,-0.0006,64809.0
W4_APRIL,OKX,28548111,2024-04-12,2024-04-12T01:51:00+00:00,SHORT,70300.05,0.124,1.352,0,0,0,0,1,TIMEOUT,,,,-0.034,,0.043,0.421,0.065,0.259,0.014,-0.2521,-10631.0,-0.1526,-34651.0,0.124,0.576,0.84,-0.0189,69651.0
W4_APRIL,OKX,28548418,2024-04-12,2024-04-12T06:58:00+00:00,SHORT,70913.45,2.021,0.105,1,0,0,0,0,WIN,461,,,-0.074,-0.112,0.039,0.373,0.473,0.22,0.014,0.0226,5472.0,0.0586,-29633.0,0.135,0.471,0.75,0.0079,93428.0
W4_APRIL,OKX,28548491,2024-04-12,2024-04-12T08:11:00+00:00,SHORT,70799.85,2.063,0.217,1,0,0,0,0,WIN,399,,,-0.154,-0.254,0.04,0.267,0.633,0.346,0.014,-0.0717,24160.0,0.1518,748.0,0.243,0.424,1.17,0.0369,159208.0
W4_APRIL,OKX,28548544,2024-04-12,2024-04-12T09:04:00+00:00,SHORT,70823.05,2.095,0.184,1,0,0,0,0,WIN,346,,,0.075,-0.249,0.042,0.299,0.433,0.311,0.014,-0.0367,9079.0,0.0884,3865.0,0.238,0.456,0.84,0.0211,102733.0
W4_APRIL,OKX,28548615,2024-04-12,2024-04-12T10:15:00+00:00,SHORT,70729.75,2.057,0.316,1,0,0,0,0,WIN,277,,,-0.014,-0.108,0.041,0.221,0.364,0.236,0.014,-0.0406,-2501.0,-0.019,-6301.0,0.17,0.509,1.01,-0.0032,131713.0
W4_APRIL,OKX,28548705,2024-04-12,2024-04-12T11:45:00+00:00,SHORT,70934.05,2.05,0.027,1,0,0,0,0,WIN,174,,,0.174,0.204,0.041,0.51,0.015,0.232,0.014,-0.3067,-1863.0,-0.0226,31976.0,0.112,0.511,0.7,-0.0025,82313.0
W4_APRIL,OKX,28548765,2024-04-12,2024-04-12T12:45:00+00:00,LONG,70420.15,0.177,1.535,0,0,0,1,0,LOSS,,,,-0.724,-0.268,0.046,0.057,0.752,0.659,0.014,-0.0207,-45201.0,-0.0978,-51433.0,-0.522,0.549,2.13,0.051,462133.0
W4_APRIL,OKX,28548807,2024-04-12,2024-04-12T13:27:00+00:00,LONG,70114.15,0.208,1.618,0,0,0,1,0,LOSS,,,,-0.885,-0.857,0.055,0.106,1.183,0.697,0.014,-0.0401,3348.0,0.0058,-15891.0,-0.527,0.497,2.09,-0.003,579844.0
W4_APRIL,OKX,28548881,2024-04-12,2024-04-12T14:41:00+00:00,LONG,69510.05,0.273,1.695,0,0,0,1,0,LOSS,,,,-0.518,-1.905,0.074,0.043,2.034,0.656,0.014,0.1525,-19634.0,-0.0399,-34885.0,-0.208,0.52,1.13,0.0083,491560.0
W4_APRIL,OKX,28548922,2024-04-12,2024-04-12T15:22:00+00:00,SHORT,69493.15,2.029,0.298,1,0,0,0,0,WIN,123,,,-0.632,-1.788,0.086,0.361,2.058,0.422,0.014,-0.148,23007.0,0.0552,-25333.0,0.315,0.472,0.89,0.0174,416885.0
W4_APRIL,OKX,28548982,2024-04-12,2024-04-12T16:22:00+00:00,LONG,68899.25,0.261,1.786,0,0,0,1,0,LOSS,,,,-0.855,-1.723,0.088,0.228,2.744,1.182,0.028,0.0059,-145158.0,-0.1778,-138500.0,-0.701,0.589,1.34,0.1247,816498.0
W4_APRIL,OKX,28549027,2024-04-12,2024-04-12T17:07:00+00:00,LONG,68617.85,0.146,1.563,0,0,0,1,0,LOSS,,,,-1.267,-1.874,0.094,0.091,2.404,0.596,0.015,-0.0142,-23860.0,-0.0496,-148581.0,-0.364,0.525,0.98,0.0181,481104.0
W4_APRIL,OKX,28549104,2024-04-12,2024-04-12T18:24:00+00:00,LONG,67833.75,0.0,1.664,0,0,0,1,0,LOSS,,,,-1.149,-2.164,0.128,0.427,3.006,0.903,0.015,0.1262,-73411.0,-0.1247,-213865.0,-0.5,0.562,0.69,0.0623,588707.0
W4_APRIL,OKX,28549147,2024-04-12,2024-04-12T19:07:00+00:00,SHORT,66715.35,1.345,1.031,0,0,0,0,1,TIMEOUT,,,,-2.194,-3.791,0.204,1.533,4.282,1.472,0.015,0.0765,74832.0,0.0489,-257989.0,0.821,0.476,1.18,0.0402,1528986.0
W4_APRIL,OKX,28549283,2024-04-12,2024-04-12T21:23:00+00:00,LONG,66836.05,0.641,1.523,0,0,0,1,0,LOSS,,,,-0.643,-1.324,0.195,1.716,2.739,0.536,0.015,0.2765,-6404.0,-0.0302,-39623.0,-0.278,0.515,0.23,0.0084,211932.0
W4_APRIL,OKX,28549312,2024-04-12,2024-04-12T21:52:00+00:00,SHORT,66949.85,1.69,1.442,0,0,0,0,1,TIMEOUT,,,,-0.061,0.515,0.129,1.89,2.041,0.383,0.015,0.0141,1292.0,0.0111,28.0,0.251,0.494,0.38,0.0028,116896.0
W4_APRIL,OKX,28549414,2024-04-12,2024-04-12T23:34:00+00:00,SHORT,66983.55,1.74,1.391,0,0,0,0,1,TIMEOUT,,,,-0.078,-0.494,0.068,0.41,0.623,0.319,0.015,0.1299,-1964.0,-0.0234,-8253.0,0.114,0.512,0.73,-0.0027,84082.0
W4_APRIL,OKX,28549515,2024-04-13,2024-04-13T01:15:00+00:00,LONG,66579.65,2.006,1.144,1,0,0,0,0,WIN,180,,,-0.622,-0.888,0.057,0.093,1.018,0.635,0.015,0.0996,-35091.0,-0.1475,-55871.0,-0.38,0.574,1.62,0.0561,237909.0
W4_APRIL,OKX,28549552,2024-04-13,2024-04-13T01:52:00+00:00,LONG,66180.05,2.013,0.547,1,0,0,0,0,WIN,135,,,-1.062,-1.242,0.072,0.412,1.612,1.037,0.021,0.0147,-48551.0,-0.0894,-81180.0,-0.481,0.545,2.42,0.043,543101.0
W4_APRIL,OKX,28549571,2024-04-13,2024-04-13T02:11:00+00:00,SHORT,66355.65,0.086,1.537,0,0,0,1,0,LOSS,,,,-0.373,-0.797,0.083,0.816,1.351,0.847,0.015,-0.0239,-3326.0,-0.0047,-31759.0,0.19,0.502,2.45,-0.0009,705266.0
W4_APRIL,OKX,28549821,2024-04-13,2024-04-13T06:21:00+00:00,LONG,67319.95,0.676,0.36,0,0,0,0,1,TIMEOUT,,,,-0.544,1.233,0.074,2.282,0.876,0.325,0.015,-0.1242,-14053.0,-0.0794,-81334.0,-0.254,0.54,0.67,0.0202,177011.0
W4_APRIL,OKX,28549847,2024-04-13,2024-04-13T06:47:00+00:00,SHORT,67358.05,0.416,0.619,0,0,0,0,1,TIMEOUT,,,,-0.166,1.229,0.072,1.598,0.82,0.23,0.015,0.0481,12299.0,0.0863,-3722.0,0.086,0.457,0.56,0.0074,142525.0
W4_APRIL,OKX,28550001,2024-04-13,2024-04-13T09:21:00+00:00,SHORT,67182.65,0.465,1.064,0,0,0,0,1,TIMEOUT,,,,-0.125,-0.204,0.052,0.157,0.777,0.259,0.015,-0.0084,-1553.0,-0.0112,-16297.0,0.094,0.506,0.93,-0.001,138903.0
W4_APRIL,OKX,28550079,2024-04-13,2024-04-13T10:39:00+00:00,SHORT,67361.65,1.273,0.795,0,0,0,0,1,TIMEOUT,,,,0.065,-0.087,0.049,0.423,0.264,0.205,0.015,0.0048,5706.0,0.0594,-1950.0,0.011,0.47,0.76,0.0007,96094.0
W4_APRIL,OKX,28550197,2024-04-13,2024-04-13T12:37:00+00:00,SHORT,67530.05,2.22,0.544,1,0,0,0,0,WIN,432,,,-0.072,0.347,0.057,0.674,0.361,0.58,0.015,0.1184,9510.0,0.0487,-20119.0,0.431,0.476,1.23,0.021,195446.0
W4_APRIL,OKX,28550283,2024-04-13,2024-04-13T14:03:00+00:00,SHORT,67508.05,2.188,0.576,1,0,0,0,0,WIN,346,,,-0.112,0.065,0.06,0.485,0.394,0.256,0.015,-0.4022,-26042.0,-0.1867,-10664.0,0.06,0.593,0.68,-0.0112,139506.0
W4_APRIL,OKX,28550348,2024-04-13,2024-04-13T15:08:00+00:00,SHORT,67606.55,2.331,0.43,1,0,0,0,0,WIN,281,,,-0.037,0.506,0.056,0.631,0.248,0.3,0.015,-0.2168,-7661.0,-0.0544,-16695.0,0.194,0.527,0.9,-0.0105,140705.0
W4_APRIL,OKX,28550445,2024-04-13,2024-04-13T16:45:00+00:00,SHORT,67427.95,2.072,0.13,1,0,0,0,0,WIN,184,,,-0.587,-0.136,0.06,0.154,0.691,0.382,0.015,-0.0969,5595.0,0.0245,-39905.0,-0.041,0.488,1.33,-0.001,228409.0
W4_APRIL,OKX,28550463,2024-04-13,2024-04-13T17:03:00+00:00,LONG,67320.05,0.0,1.915,0,0,0,1,0,LOSS,,,,-0.61,-0.278,0.064,0.104,0.85,0.492,0.017,-0.0533,-23001.0,-0.12,-57485.0,-0.292,0.56,1.03,0.0351,191701.0
W4_APRIL,OKX,28550502,2024-04-13,2024-04-13T17:42:00+00:00,LONG,66858.55,0.55,1.582,0,0,0,1,0,LOSS,,,,-0.975,-0.892,0.076,0.348,1.53,0.869,0.017,-0.0947,-77537.0,-0.0994,-116327.0,-0.517,0.55,2.26,0.0513,780225.0
W4_APRIL,OKX,28550509,2024-04-13,2024-04-13T17:49:00+00:00,SHORT,67008.75,2.648,0.324,1,1,0,0,0,WIN,124,124,,-0.655,-0.77,0.079,0.573,1.308,0.605,0.015,-0.0608,-36536.0,-0.0556,-107224.0,0.125,0.528,1.84,-0.007,657378.0
W4_APRIL,OKX,28550566,2024-04-13,2024-04-13T18:46:00+00:00,SHORT,67084.05,2.758,0.212,1,1,0,0,0,WIN,67,67,,0.251,-1.077,0.083,0.872,1.198,0.599,0.015,0.0771,26240.0,0.1052,54326.0,0.371,0.447,0.76,0.0391,249314.0
W4_APRIL,OKX,28550638,2024-04-13,2024-04-13T19:58:00+00:00,LONG,64230.05,0.931,3.194,0,0,0,1,0,LOSS,,,,-4.395,-4.737,0.175,0.269,5.172,4.906,0.142,0.0646,-232767.0,-0.1073,-207328.0,-4.182,0.554,3.24,0.4487,2169419.0
W4_APRIL,OKX,28550683,2024-04-13,2024-04-13T20:43:00+00:00,SHORT,62500.15,1.649,1.984,0,0,0,1,0,LOSS,,,,-6.655,-6.54,0.357,2.395,7.518,1.809,0.016,0.3036,-12064.0,-0.0049,-433092.0,0.614,0.502,1.64,-0.003,2442238.0
W4_APRIL,OKX,28550696,2024-04-13,2024-04-13T20:56:00+00:00,LONG,61813.35,2.172,0.039,1,0,0,0,0,WIN,95,,,-3.504,-7.507,0.366,1.27,8.329,1.999,0.062,-0.0593,-107311.0,-0.0598,-282588.0,-0.277,0.53,1.04,0.0166,1794389.0
W4_APRIL,OKX,28550731,2024-04-13,2024-04-13T21:31:00+00:00,LONG,61983.95,2.063,0.0,1,0,0,0,0,WIN,61,,,-0.613,-7.195,0.377,1.55,7.798,1.192,0.016,-0.0535,-15579.0,-0.0173,-113462.0,-0.691,0.509,0.45,0.012,900893.0
W4_APRIL,OKX,28550745,2024-04-13,2024-04-13T21:45:00+00:00,SHORT,62256.55,0.065,1.617,0,0,0,1,0,LOSS,,,,-0.194,-7.277,0.378,1.996,7.392,1.039,0.016,0.0249,-14103.0,-0.0247,-66749.0,0.139,0.512,0.28,-0.0034,570991.0
W4_APRIL,OKX,28550879,2024-04-13,2024-04-13T23:59:00+00:00,LONG,63944.95,0.543,1.565,0,0,0,1,0,LOSS,,,,-0.53,3.41,0.211,4.762,2.282,1.334,0.016,0.0973,-23340.0,-0.0455,-20219.0,-0.721,0.523,0.66,0.0329,512468.0
W4_APRIL,OKX,28550927,2024-04-14,2024-04-14T00:47:00+00:00,SHORT,63916.95,2.038,0.227,1,0,0,0,0,WIN,138,,,-0.97,2.466,0.224,3.982,2.325,2.002,0.016,-0.1847,2203.0,0.0025,-840.0,0.279,0.499,1.08,0.0007,894489.0
W4_APRIL,OKX,28550942,2024-04-14,2024-04-14T01:02:00+00:00,LONG,63692.65,0.58,1.533,0,0,0,1,0,LOSS,,,,-0.749,1.848,0.22,3.081,2.668,0.976,0.016,0.1581,13110.0,0.0254,-19672.0,-0.096,0.487,0.69,-0.0024,517058.0
W4_APRIL,OKX,28550968,2024-04-14,2024-04-14T01:28:00+00:00,SHORT,63822.65,2.115,0.375,1,0,0,0,0,WIN,99,,,0.255,1.791,0.217,3.291,2.469,0.839,0.016,-0.1609,20562.0,0.0445,22773.0,0.345,0.478,0.56,0.0154,462004.0
W4_APRIL,OKX,28551035,2024-04-14,2024-04-14T02:35:00+00:00,LONG,63382.05,0.0,1.711,0,0,0,1,0,LOSS,,,,-0.854,-1.929,0.161,0.696,3.143,0.967,0.023,-0.0437,-54359.0,-0.2237,-58798.0,-0.862,0.612,0.56,0.1928,242961.0
W4_APRIL,OKX,28551076,2024-04-14,2024-04-14T03:16:00+00:00,LONG,62504.35,2.132,0.0,1,0,0,0,0,WIN,59,,,-1.631,-2.181,0.156,0.496,4.122,1.8,0.017,-0.0486,-78148.0,-0.1147,-126017.0,-0.933,0.557,1.32,0.107,681468.0
W4_APRIL,OKX,28551378,2024-04-14,2024-04-14T08:18:00+00:00,SHORT,64534.45,1.598,0.475,0,0,0,0,1,TIMEOUT,,,,-0.391,0.625,0.084,1.094,0.514,0.5,0.015,-0.14,-18705.0,-0.0702,-57146.0,0.072,0.535,1.01,-0.0051,266435.0
W4_APRIL,OKX,28551447,2024-04-14,2024-04-14T09:27:00+00:00,LONG,64298.25,0.844,1.801,0,0,0,1,0,LOSS,,,,-0.692,-0.303,0.08,0.303,0.879,0.649,0.016,0.0907,-49894.0,-0.2287,-75086.0,-0.294,0.614,0.97,0.0672,218206.0
W4_APRIL,OKX,28551486,2024-04-14,2024-04-14T10:06:00+00:00,SHORT,64232.05,2.1,0.948,1,0,0,0,0,WIN,436,,,-0.612,-0.749,0.082,0.496,0.981,0.673,0.016,0.0663,-40281.0,-0.113,-69662.0,0.086,0.556,1.49,-0.0097,356483.0
W4_APRIL,OKX,28551585,2024-04-14,2024-04-14T11:45:00+00:00,LONG,63976.05,1.352,1.708,0,0,0,1,0,LOSS,,,,-0.905,-0.88,0.084,0.128,1.314,0.428,0.016,0.0533,-38278.0,-0.1607,-60323.0,-0.299,0.58,1.08,0.0481,238126.0
W4_APRIL,OKX,28551600,2024-04-14,2024-04-14T12:00:00+00:00,SHORT,64157.85,2.003,1.065,1,0,0,0,0,WIN,323,,,-0.53,-0.595,0.084,0.412,1.034,0.455,0.016,-0.1242,8286.0,0.0512,-39866.0,-0.013,0.474,0.85,-0.0007,161954.0
W4_APRIL,OKX,28551728,2024-04-14,2024-04-14T14:08:00+00:00,LONG,64073.45,0.946,1.858,0,0,0,1,0,LOSS,,,,-1.166,-0.329,0.085,0.28,1.184,0.999,0.016,0.1029,-73204.0,-0.2012,-103850.0,-0.651,0.601,1.18,0.1309,363872.0
W4_APRIL,OKX,28551755,2024-04-14,2024-04-14T14:35:00+00:00,SHORT,63965.15,1.941,1.728,0,0,0,1,0,LOSS,,,,-0.672,-0.266,0.093,0.163,1.351,0.472,0.016,0.1796,-32068.0,-0.0717,-98627.0,-0.143,0.536,1.46,0.0102,446960.0
W4_APRIL,OKX,28551759,2024-04-14,2024-04-14T14:39:00+00:00,LONG,63687.55,1.558,1.513,0,0,0,1,0,LOSS,,,,-1.216,-0.584,0.099,0.29,1.779,1.037,0.016,0.1731,-102756.0,-0.1603,-170102.0,-0.513,0.58,1.75,0.0822,641090.0
W4_APRIL,OKX,28551787,2024-04-14,2024-04-14T15:07:00+00:00,SHORT,64079.35,2.052,0.937,1,0,0,0,0,WIN,137,,,0.228,-0.422,0.111,0.907,1.174,1.059,0.016,0.1037,29522.0,0.0514,-39725.0,0.792,0.474,1.53,0.0407,574678.0
W4_APRIL,OKX,28551919,2024-04-14,2024-04-14T17:19:00+00:00,LONG,63554.75,2.385,1.307,1,0,0,0,0,WIN,286,,,-1.335,-0.578,0.121,0.165,1.739,1.725,0.023,0.0418,-72974.0,-0.1325,-74856.0,-1.305,0.566,1.38,0.173,550606.0
W4_APRIL,OKX,28551945,2024-04-14,2024-04-14T17:45:00+00:00,SHORT,63897.45,0.847,1.836,0,0,0,1,0,LOSS,,,,-0.797,-0.063,0.151,1.871,1.21,2.122,0.016,-0.0124,8108.0,0.0046,-49867.0,0.534,0.498,3.07,0.0025,1753042.0
W4_APRIL,OKX,28552047,2024-04-14,2024-04-14T19:27:00+00:00,LONG,63995.95,2.099,1.0,1,0,0,0,0,WIN,160,,,-0.536,-1.013,0.157,2.028,1.057,0.802,0.016,-0.079,-27303.0,-0.1447,-10636.0,-0.64,0.572,0.34,0.0926,188699.0
W4_APRIL,OKX,28552066,2024-04-14,2024-04-14T19:46:00+00:00,SHORT,64153.85,1.244,1.847,0,0,0,1,0,LOSS,,,,-0.459,-0.287,0.157,2.28,0.813,0.482,0.016,0.0245,10140.0,0.0684,-18679.0,0.139,0.466,0.32,0.0095,148260.0
W4_APRIL,OKX,28552130,2024-04-14,2024-04-14T20:50:00+00:00,LONG,63845.55,2.339,0.767,1,0,0,0,0,WIN,77,,,-0.578,-0.167,0.093,1.788,1.254,0.616,0.018,-0.0501,-28104.0,-0.1814,-31519.0,-0.409,0.591,0.66,0.0743,154888.0
W4_APRIL,OKX,28552165,2024-04-14,2024-04-14T21:25:00+00:00,LONG,63398.95,2.636,0.0,1,1,0,0,0,WIN,40,40,,-1.147,-1.414,0.082,1.076,1.944,0.839,0.016,-0.08,-18386.0,-0.0718,-54642.0,-0.691,0.536,1.19,0.0496,256146.0
W4_APRIL,OKX,28552195,2024-04-14,2024-04-14T21:55:00+00:00,SHORT,63646.05,0.049,2.238,0,0,0,1,0,LOSS,,,,-0.304,-1.253,0.079,0.458,1.562,0.539,0.016,-0.6903,30815.0,0.2796,3618.0,0.39,0.36,0.66,0.109,110193.0
W4_APRIL,OKX,28552391,2024-04-15,2024-04-15T01:11:00+00:00,LONG,65437.45,1.655,1.058,0,0,0,0,1,TIMEOUT,,,,-0.526,1.046,0.133,3.285,0.65,0.599,0.015,-0.0195,-34635.0,-0.1805,-77364.0,-0.25,0.59,0.63,0.0452,191831.0
W4_APRIL,OKX,28552405,2024-04-15,2024-04-15T01:25:00+00:00,SHORT,65500.05,1.152,1.557,0,0,0,1,0,LOSS,,,,0.11,0.326,0.122,3.314,0.554,0.402,0.015,-0.0425,-16390.0,-0.0971,-41727.0,0.147,0.549,0.63,-0.0142,168808.0
W4_APRIL,OKX,28552480,2024-04-15,2024-04-15T02:40:00+00:00,LONG,65082.75,2.024,0.519,1,0,0,0,0,WIN,243,,,-0.597,-0.769,0.093,0.165,1.188,0.456,0.015,-0.1657,-18045.0,-0.0993,-42378.0,-0.361,0.55,0.71,0.0358,181779.0
W4_APRIL,OKX,28552507,2024-04-15,2024-04-15T03:07:00+00:00,SHORT,65158.05,0.634,1.72,0,0,0,1,0,LOSS,,,,-0.138,-0.446,0.09,0.263,1.074,0.302,0.015,-0.2554,-5390.0,-0.0311,-20668.0,0.098,0.516,0.84,-0.0031,173330.0
W4_APRIL,OKX,28552572,2024-04-15,2024-04-15T04:12:00+00:00,LONG,64836.95,2.224,0.141,1,0,0,0,0,WIN,136,,,-0.616,-0.962,0.065,0.097,1.528,0.861,0.015,0.1566,-47078.0,-0.2073,-34838.0,-0.711,0.604,1.19,0.1474,227128.0
W4_APRIL,OKX,28552603,2024-04-15,2024-04-15T04:43:00+00:00,SHORT,64914.85,0.092,1.778,0,0,0,1,0,LOSS,,,,-0.63,-0.756,0.065,0.262,1.193,0.329,0.015,-0.192,24209.0,0.1326,-19635.0,0.217,0.434,1.05,0.0288,182613.0
W4_APRIL,OKX,28552645,2024-04-15,2024-04-15T05:25:00+00:00,SHORT,65076.05,0.0,1.526,0,0,0,1,0,LOSS,,,,0.29,-0.113,0.059,0.511,0.859,0.515,0.015,-0.2919,28050.0,0.2144,62319.0,0.341,0.393,0.78,0.0731,130800.0
W4_APRIL,OKX,28552844,2024-04-15,2024-04-15T08:44:00+00:00,SHORT,66363.85,2.073,0.582,1,0,0,0,0,WIN,355,,,0.081,1.687,0.093,2.326,0.235,0.506,0.015,-0.2625,-8819.0,-0.0527,-29419.0,0.442,0.526,0.47,-0.0233,167445.0
W4_APRIL,OKX,28552978,2024-04-15,2024-04-15T10:58:00+00:00,SHORT,66509.85,2.057,0.214,1,0,0,0,0,WIN,220,,,-0.162,0.308,0.066,0.663,0.36,0.231,0.015,-0.0885,12050.0,0.1302,-45459.0,-0.053,0.435,0.49,-0.007,92556.0
W4_APRIL,OKX,28553024,2024-04-15,2024-04-15T11:44:00+00:00,LONG,66013.45,0.496,1.553,0,0,0,1,0,LOSS,,,,-0.733,-0.528,0.065,0.174,1.103,0.585,0.015,0.0464,-38071.0,-0.1336,-64481.0,-0.355,0.567,1.14,0.0475,285061.0
W4_APRIL,OKX,28553056,2024-04-15,2024-04-15T12:16:00+00:00,SHORT,66059.85,2.198,0.425,1,0,0,0,0,WIN,150,,,-0.175,-0.438,0.066,0.292,1.034,0.41,0.036,-0.111,28415.0,0.1215,5421.0,0.001,0.439,0.95,0.0001,233863.0
W4_APRIL,OKX,28553118,2024-04-15,2024-04-15T13:18:00+00:00,SHORT,66193.35,2.028,0.223,1,0,0,0,0,WIN,84,,,0.118,-0.385,0.068,0.494,0.834,0.476,0.015,0.0068,8097.0,0.0465,9235.0,0.178,0.477,0.82,0.0083,174099.0
W4_APRIL,OKX,28553149,2024-04-15,2024-04-15T13:49:00+00:00,SHORT,66300.05,2.186,0.053,1,0,0,0,0,WIN,53,,,0.287,-0.268,0.075,0.656,0.634,0.654,0.015,0.0411,-7557.0,-0.021,-6717.0,0.219,0.51,1.38,-0.0046,359939.0
W4_APRIL,OKX,28553172,2024-04-15,2024-04-15T14:12:00+00:00,LONG,65613.15,0.0,1.532,0,0,0,1,0,LOSS,,,,-0.864,-0.952,0.083,0.098,1.559,1.208,0.015,-0.059,-16837.0,-0.029,-24591.0,-0.916,0.515,1.85,0.0266,579751.0
W4_APRIL,OKX,28553204,2024-04-15,2024-04-15T14:44:00+00:00,LONG,64851.65,0.066,1.623,0,0,0,1,0,LOSS,,,,-2.076,-1.76,0.102,0.107,2.702,1.167,0.018,0.0501,-55361.0,-0.0675,-78575.0,-0.559,0.534,1.88,0.0377,819813.0
W4_APRIL,OKX,28553241,2024-04-15,2024-04-15T15:21:00+00:00,SHORT,64697.95,2.316,0.173,1,0,0,0,0,WIN,176,,,-0.963,-2.077,0.132,1.261,2.476,1.339,0.015,0.1087,49296.0,0.0402,-28325.0,0.273,0.48,1.92,0.011,1226368.0
W4_APRIL,OKX,28553265,2024-04-15,2024-04-15T15:45:00+00:00,LONG,64397.45,0.64,1.86,0,0,0,1,0,LOSS,,,,-0.766,-2.58,0.135,0.791,2.929,0.618,0.016,0.1231,-17009.0,-0.0298,-32352.0,-0.067,0.515,0.83,0.002,571255.0
W4_APRIL,OKX,28553304,2024-04-15,2024-04-15T16:24:00+00:00,LONG,64199.95,0.83,1.559,0,0,0,1,0,LOSS,,,,-0.667,-2.828,0.139,0.482,3.227,0.982,0.016,-0.1133,-699.0,-0.0015,-26191.0,-0.601,0.501,0.64,0.0009,464229.0
W4_APRIL,OKX,28553350,2024-04-15,2024-04-15T17:10:00+00:00,SHORT,64603.95,2.174,0.199,1,0,0,0,0,WIN,67,,,0.037,-1.441,0.14,1.114,2.618,1.01,0.015,-0.0822,56747.0,0.1466,56459.0,0.941,0.427,0.59,0.138,387151.0
W4_APRIL,OKX,28553386,2024-04-15,2024-04-15T17:46:00+00:00,LONG,63774.85,0.401,1.634,0,0,0,1,0,LOSS,,,,-0.598,-1.29,0.141,0.109,3.868,1.232,0.016,-0.0295,-70468.0,-0.096,-32591.0,-1.032,0.548,1.06,0.0991,734332.0
W4_APRIL,OKX,28553419,2024-04-15,2024-04-15T18:19:00+00:00,LONG,63548.05,0.49,1.904,0,0,0,1,0,LOSS,,,,-1.203,-1.853,0.134,0.552,2.98,1.315,0.016,0.1167,167.0,0.0003,-70371.0,0.109,0.5,1.1,0.0,605883.0
W4_APRIL,OKX,28553446,2024-04-15,2024-04-15T18:46:00+00:00,SHORT,63780.05,2.261,0.0,1,0,0,0,0,WIN,20,,,0.008,-1.026,0.131,0.919,1.589,1.045,0.016,0.0218,30134.0,0.0498,19272.0,0.449,0.475,1.13,0.0223,605534.0
W4_APRIL,OKX,28553459,2024-04-15,2024-04-15T18:59:00+00:00,LONG,63175.05,1.065,1.325,0,0,0,0,1,TIMEOUT,,,,-1.157,-2.167,0.132,0.021,2.522,1.104,0.016,-0.1762,-11770.0,-0.026,-16872.0,-0.498,0.513,0.84,0.013,452000.0
W4_APRIL,OKX,28553494,2024-04-15,2024-04-15T19:34:00+00:00,SHORT,63364.05,0.981,0.763,0,0,0,0,1,TIMEOUT,,,,-0.325,-1.307,0.15,1.646,2.231,1.699,0.016,-0.1936,15661.0,0.0168,-53384.0,0.973,0.492,1.37,0.0164,930913.0
W4_APRIL,OKX,28553573,2024-04-15,2024-04-15T20:53:00+00:00,LONG,63122.05,1.149,1.574,0,0,0,1,0,LOSS,,,,-0.546,-1.174,0.136,1.258,2.488,0.546,0.016,0.0499,22168.0,0.0819,19840.0,0.157,0.459,0.53,0.0129,270716.0
W4_APRIL,OKX,28553591,2024-04-15,2024-04-15T21:11:00+00:00,SHORT,63327.95,2.011,0.82,1,0,0,0,0,WIN,453,,,-0.288,-0.759,0.135,1.588,2.17,0.607,0.016,-0.1249,-3409.0,-0.0191,16724.0,0.158,0.51,0.42,-0.003,178203.0
W4_APRIL,OKX,28553614,2024-04-15,2024-04-15T21:34:00+00:00,LONG,62843.05,1.598,1.791,0,0,0,1,0,LOSS,,,,-0.808,-1.145,0.128,0.81,1.954,1.037,0.016,0.0034,-42214.0,-0.1723,-46829.0,-0.635,0.586,0.62,0.1093,245020.0
W4_APRIL,OKX,28553639,2024-04-15,2024-04-15T21:59:00+00:00,SHORT,63272.25,2.457,0.909,1,0,0,0,0,WIN,406,,,0.244,0.154,0.13,1.499,1.184,0.99,0.016,-0.1852,5191.0,0.031,-27737.0,0.368,0.485,0.52,0.0114,167711.0
W4_APRIL,OKX,28553755,2024-04-15,2024-04-15T23:55:00+00:00,SHORT,63434.85,2.06,0.651,1,0,0,0,0,WIN,287,,,0.213,0.556,0.088,1.104,0.265,0.487,0.02,-0.1953,5967.0,0.0549,1345.0,0.24,0.473,0.67,0.0132,108675.0
W4_APRIL,OKX,28553831,2024-04-16,2024-04-16T01:11:00+00:00,SHORT,63472.45,2.118,0.591,1,0,0,0,0,WIN,211,,,0.052,0.654,0.086,1.164,0.346,0.851,0.016,-0.1695,13428.0,0.0566,-1365.0,0.529,0.472,1.17,0.0299,237308.0
W4_APRIL,OKX,28553892,2024-04-16,2024-04-16T02:12:00+00:00,LONG,62998.05,0.848,2.033,0,0,0,1,0,LOSS,,,,-0.875,-0.841,0.089,0.377,1.331,0.932,0.016,0.1272,-29794.0,-0.0814,-6742.0,-0.697,0.541,1.53,0.0567,366116.0
W4_APRIL,OKX,28553925,2024-04-16,2024-04-16T02:45:00+00:00,SHORT,63199.65,2.345,0.527,1,0,0,0,0,WIN,120,,,-0.486,-0.301,0.099,0.703,1.015,0.784,0.016,-0.1553,10300.0,0.0341,-507.0,0.189,0.483,1.2,0.0065,301640.0
W4_APRIL,OKX,28553996,2024-04-16,2024-04-16T03:56:00+00:00,LONG,62919.45,0.173,1.91,0,0,0,1,0,LOSS,,,,-0.739,-0.556,0.092,0.257,1.454,0.864,0.016,0.1229,-63195.0,-0.1809,-98832.0,-0.715,0.59,1.07,0.1295,349261.0
W4_APRIL,OKX,28554028,2024-04-16,2024-04-16T04:28:00+00:00,LONG,62351.15,2.261,1.016,1,0,0,0,0,WIN,185,,,-1.328,-2.019,0.1,0.052,2.344,1.139,0.016,0.014,-74224.0,-0.1115,-102229.0,-0.992,0.556,1.64,0.1106,665936.0
W4_APRIL,OKX,28554066,2024-04-16,2024-04-16T05:06:00+00:00,SHORT,62472.05,0.025,1.716,0,0,0,1,0,LOSS,,,,-0.807,-0.923,0.12,1.223,2.154,1.364,0.016,-0.036,-107595.0,-0.1103,-168014.0,0.047,0.555,1.76,-0.0052,975867.0
W4_APRIL,OKX,28554307,2024-04-16,2024-04-16T09:07:00+00:00,SHORT,63358.75,2.162,0.273,1,0,0,0,0,WIN,78,,,-0.145,0.832,0.082,1.445,0.631,0.572,0.016,0.085,11798.0,0.0597,-3012.0,-0.018,0.47,0.73,-0.0011,197774.0
W4_APRIL,OKX,28554382,2024-04-16,2024-04-16T10:22:00+00:00,LONG,62689.95,0.0,1.713,0,0,0,1,0,LOSS,,,,-1.05,-1.085,0.091,0.204,1.68,1.22,0.017,0.0097,-65470.0,-0.1226,-57595.0,-0.85,0.561,1.6,0.1042,533812.0
W4_APRIL,OKX,28554425,2024-04-16,2024-04-16T11:05:00+00:00,SHORT,62714.55,1.586,1.056,0,0,0,0,1,TIMEOUT,,,,-0.965,-1.315,0.132,1.783,1.641,1.653,0.017,-0.0386,156057.0,0.1739,71184.0,1.443,0.413,1.66,0.251,897289.0
W4_APRIL,OKX,28554569,2024-04-16,2024-04-16T13:29:00+00:00,SHORT,63176.45,2.014,0.15,1,0,0,0,0,WIN,92,,,0.009,2.05,0.125,2.533,0.549,0.883,0.016,-0.0026,9838.0,0.019,40265.0,0.19,0.491,0.85,0.0036,517884.0
W4_APRIL,OKX,28554584,2024-04-16,2024-04-16T13:44:00+00:00,LONG,62566.65,2.166,1.354,1,0,0,0,0,WIN,477,,,-0.911,0.388,0.13,1.543,1.278,1.517,0.021,-0.0283,-33815.0,-0.0372,-12655.0,-0.665,0.519,1.59,0.0248,908019.0
W4_APRIL,OKX,28554611,2024-04-16,2024-04-16T14:11:00+00:00,SHORT,62717.25,1.591,1.516,0,0,0,1,0,LOSS,,,,-0.487,0.021,0.137,1.787,1.04,1.106,0.016,0.0573,42954.0,0.044,16085.0,0.054,0.478,1.72,0.0024,976864.0
W4_APRIL,OKX,28554636,2024-04-16,2024-04-16T14:36:00+00:00,LONG,62252.25,2.028,0.856,1,0,0,0,0,WIN,403,,,-0.872,-0.63,0.141,0.543,1.774,1.486,0.016,0.0003,-7534.0,-0.0121,1369.0,-0.743,0.506,1.05,0.009,621828.0
W4_APRIL,OKX,28554689,2024-04-16,2024-04-16T15:29:00+00:00,SHORT,62258.75,0.866,1.616,0,0,0,1,0,LOSS,,,,-0.281,-1.444,0.151,0.573,1.764,0.716,0.016,0.0204,-77610.0,-0.1254,-100915.0,0.275,0.563,0.98,-0.0345,619094.0
W4_APRIL,OKX,28554701,2024-04-16,2024-04-16T15:41:00+00:00,LONG,62012.05,2.02,0.472,1,0,0,0,0,WIN,105,,,-0.512,-1.81,0.151,0.174,2.153,0.665,0.016,0.0661,-54303.0,-0.1197,-124770.0,-0.158,0.56,0.77,0.0189,453823.0
W4_APRIL,OKX,28554737,2024-04-16,2024-04-16T16:17:00+00:00,SHORT,61999.65,0.452,1.568,0,0,0,1,0,LOSS,,,,-0.317,-1.199,0.155,0.441,2.173,0.555,0.016,0.0965,40744.0,0.0686,-1531.0,0.03,0.466,0.9,0.002,594206.0
W4_APRIL,OKX,28554744,2024-04-16,2024-04-16T16:24:00+00:00,LONG,61764.15,2.001,0.0,1,0,0,0,0,WIN,54,,,-0.833,-2.013,0.155,0.072,2.544,0.568,0.017,-0.0961,25848.0,0.046,-20757.0,-0.112,0.477,0.86,-0.0051,562196.0
W4_APRIL,OKX,28554853,2024-04-16,2024-04-16T18:13:00+00:00,SHORT,62877.35,0.555,1.661,0,0,0,1,0,LOSS,,,,0.067,1.284,0.144,1.876,0.613,1.017,0.016,0.0658,-272.0,-0.0005,4493.0,0.04,0.5,0.93,-0.0,590362.0
W4_APRIL,OKX,28554970,2024-04-16,2024-04-16T20:10:00+00:00,LONG,62630.75,2.061,0.0,1,0,0,0,0,WIN,91,,,-0.573,-0.273,0.109,1.476,1.002,0.374,0.016,0.1883,12356.0,0.0581,-5902.0,-0.272,0.471,0.54,-0.0158,212522.0
W4_APRIL,OKX,28554985,2024-04-16,2024-04-16T20:25:00+00:00,SHORT,62816.05,0.0,1.515,0,0,0,1,0,LOSS,,,,-0.355,-0.48,0.102,1.68,0.709,0.409,0.017,0.0286,33382.0,0.1928,26551.0,0.134,0.404,0.5,0.0258,173112.0
W4_APRIL,OKX,28555143,2024-04-16,2024-04-16T23:03:00+00:00,SHORT,63750.05,0.223,1.085,0,0,0,0,1,TIMEOUT,,,,-0.251,1.535,0.087,1.863,0.931,0.185,0.016,0.0359,6880.0,0.0874,41952.0,0.072,0.456,0.46,0.0063,78752.0
W4_APRIL,OKX,28555224,2024-04-17,2024-04-17T00:24:00+00:00,SHORT,63805.15,0.796,0.998,0,0,0,0,1,TIMEOUT,,,,-0.067,0.058,0.083,1.575,0.845,0.302,0.016,-0.2046,9793.0,0.0608,-4012.0,0.212,0.47,1.02,0.0129,161093.0
W4_APRIL,OKX,28555317,2024-04-17,2024-04-17T01:57:00+00:00,SHORT,63995.95,1.184,0.697,0,0,0,0,1,TIMEOUT,,,,0.113,0.392,0.067,0.61,0.265,0.427,0.016,-0.0688,-8828.0,-0.0858,-22039.0,0.166,0.543,0.64,-0.0143,102868.0
W4_APRIL,OKX,28555389,2024-04-17,2024-04-17T03:09:00+00:00,SHORT,63896.15,1.688,0.854,0,0,0,0,1,TIMEOUT,,,,-0.504,0.377,0.068,0.453,0.621,0.339,0.016,-0.1625,-348.0,-0.0024,-49417.0,0.025,0.501,0.63,-0.0001,142546.0
W4_APRIL,OKX,28555476,2024-04-17,2024-04-17T04:36:00+00:00,SHORT,63984.55,2.008,0.715,1,0,0,0,0,WIN,438,,,-0.08,0.239,0.053,0.592,0.483,0.515,0.016,0.005,21365.0,0.1384,13369.0,0.187,0.431,0.94,0.0259,154427.0
W4_APRIL,OKX,28555563,2024-04-17,2024-04-17T06:03:00+00:00,LONG,63850.05,0.235,1.587,0,0,0,1,0,LOSS,,,,-0.573,-0.11,0.065,0.28,0.919,0.714,0.016,0.0637,-7973.0,-0.0197,-2427.0,-0.495,0.51,1.32,0.0098,404335.0
W4_APRIL,OKX,28555599,2024-04-17,2024-04-17T06:39:00+00:00,SHORT,63947.85,2.057,0.081,1,0,0,0,0,WIN,316,,,-0.379,-0.09,0.066,0.433,0.767,0.324,0.016,-0.063,-8603.0,-0.0556,-50230.0,0.012,0.528,0.63,-0.0007,154845.0
W4_APRIL,OKX,28555628,2024-04-17,2024-04-17T07:08:00+00:00,LONG,63484.15,0.254,1.575,0,0,0,1,0,LOSS,,,,-0.632,-0.506,0.079,0.219,1.486,1.034,0.016,0.176,-65066.0,-0.1954,-61416.0,-0.778,0.598,1.14,0.1519,333034.0
W4_APRIL,OKX,28555681,2024-04-17,2024-04-17T08:01:00+00:00,LONG,63519.95,0.09,1.509,0,0,0,1,0,LOSS,,,,-0.626,-0.909,0.085,0.352,1.431,0.55,0.016,-0.151,-58776.0,-0.2315,-100049.0,-0.079,0.616,0.79,0.0182,253922.0
W4_APRIL,OKX,28555711,2024-04-17,2024-04-17T08:31:00+00:00,SHORT,63490.05,2.068,0.077,1,0,0,0,0,WIN,246,,,-0.126,-1.047,0.087,0.305,1.477,0.403,0.016,0.1294,2925.0,0.0085,-54187.0,-0.047,0.496,0.98,-0.0004,342357.0
W4_APRIL,OKX,28555748,2024-04-17,2024-04-17T09:08:00+00:00,SHORT,63439.05,2.129,0.128,1,0,0,0,0,WIN,214,,,-0.027,-0.703,0.083,0.318,1.556,0.389,0.016,0.0052,7214.0,0.0378,1920.0,-0.033,0.481,0.83,-0.0012,190886.0
W4_APRIL,OKX,28555808,2024-04-17,2024-04-17T10:08:00+00:00,LONG,63084.95,0.085,1.58,0,0,0,1,0,LOSS,,,,-0.558,-0.629,0.073,0.011,1.43,0.633,0.016,0.0127,-10864.0,-0.0504,-18210.0,-0.569,0.525,0.93,0.0287,215462.0
W4_APRIL,OKX,28555859,2024-04-17,2024-04-17T10:59:00+00:00,LONG,62899.95,0.38,1.59,0,0,0,1,0,LOSS,,,,-0.669,-0.628,0.076,0.131,1.627,0.318,0.016,0.0173,-28.0,-0.0002,-45066.0,-0.109,0.5,0.72,0.0,183564.0
W4_APRIL,OKX,28555869,2024-04-17,2024-04-17T11:09:00+00:00,SHORT,63007.95,2.11,0.208,1,0,0,0,0,WIN,189,,,-0.108,-0.726,0.066,0.303,1.002,0.281,0.016,0.2134,-9835.0,-0.064,-39770.0,0.103,0.532,0.72,-0.0066,153627.0
W4_APRIL,OKX,28555949,2024-04-17,2024-04-17T12:29:00+00:00,LONG,62428.55,0.737,1.583,0,0,0,1,0,LOSS,,,,-0.9,-1.704,0.072,0.11,1.807,0.77,0.016,0.1093,-23842.0,-0.0457,-68380.0,-0.293,0.523,1.53,0.0134,521620.0
W4_APRIL,OKX,28556065,2024-04-17,2024-04-17T14:25:00+00:00,LONG,61472.05,0.742,1.725,0,0,0,1,0,LOSS,,,,-1.432,-2.466,0.118,0.556,2.64,2.531,0.023,0.1957,-177745.0,-0.1023,-114549.0,-1.926,0.551,2.39,0.1971,1736973.0
W4_APRIL,OKX,28556107,2024-04-17,2024-04-17T15:07:00+00:00,LONG,61171.95,0.009,1.523,0,0,0,1,0,LOSS,,,,-1.524,-2.596,0.154,0.453,3.115,1.571,0.016,0.0528,-55533.0,-0.0429,-155138.0,-0.443,0.521,1.27,0.019,1294279.0
W4_APRIL,OKX,28556167,2024-04-17,2024-04-17T16:07:00+00:00,LONG,60202.85,2.181,0.337,1,0,0,0,0,WIN,116,,,-1.584,-3.273,0.184,0.586,4.271,1.328,0.044,0.1419,-121128.0,-0.0749,-240382.0,-0.406,0.537,1.22,0.0304,1617844.0
W4_APRIL,OKX,28556175,2024-04-17,2024-04-17T16:15:00+00:00,SHORT,60791.95,1.302,1.574,0,0,0,1,0,LOSS,,,,0.218,-2.248,0.197,1.571,3.334,1.838,0.016,0.0255,3964.0,0.0022,-114296.0,0.646,0.499,1.25,0.0014,1795782.0
W4_APRIL,OKX,28556205,2024-04-17,2024-04-17T16:45:00+00:00,LONG,60089.65,2.029,0.149,1,0,0,0,0,WIN,72,,,-0.516,-4.258,0.204,0.397,4.451,1.518,0.017,0.0526,-62337.0,-0.0666,-46101.0,-1.155,0.533,0.62,0.0769,935891.0
W4_APRIL,OKX,28556229,2024-04-17,2024-04-17T17:09:00+00:00,SHORT,60500.85,0.307,1.678,0,0,0,1,0,LOSS,,,,0.151,-2.763,0.205,1.084,3.797,0.847,0.017,0.2335,38434.0,0.0496,29863.0,0.303,0.475,0.54,0.015,775210.0
W4_APRIL,OKX,28556351,2024-04-17,2024-04-17T19:11:00+00:00,LONG,61240.05,0.833,0.76,0,0,0,0,1,TIMEOUT,,,,-0.552,0.938,0.143,2.319,1.11,1.222,0.016,0.0683,-13464.0,-0.0311,-85879.0,-0.638,0.516,0.6,0.0199,432366.0
W4_APRIL,OKX,28556382,2024-04-17,2024-04-17T19:42:00+00:00,LONG,60867.05,1.451,0.11,0,0,0,0,1,TIMEOUT,,,,-1.446,1.229,0.119,1.696,1.712,0.792,0.016,-0.0119,-13035.0,-0.0346,-29437.0,-0.593,0.517,0.69,0.0205,376445.0
W4_APRIL,OKX,28556391,2024-04-17,2024-04-17T19:51:00+00:00,SHORT,61087.95,0.472,1.084,0,0,0,0,1,TIMEOUT,,,,-0.836,1.194,0.116,2.065,1.355,0.722,0.016,-0.0648,238.0,0.0006,-17193.0,-0.036,0.5,0.77,-0.0,404882.0
W4_APRIL,OKX,28556453,2024-04-17,2024-04-17T20:53:00+00:00,LONG,60907.65,1.383,0.177,0,0,0,0,1,TIMEOUT,,,,-0.61,-0.08,0.11,1.314,1.646,0.894,0.016,-0.0519,-26999.0,-0.1098,-16390.0,-0.71,0.555,0.56,0.078,245975.0
W4_APRIL,OKX,28556543,2024-04-17,2024-04-17T22:23:00+00:00,SHORT,61358.15,0.206,0.639,0,0,0,0,1,TIMEOUT,,,,-0.299,0.552,0.098,0.96,0.919,0.376,0.016,0.1867,22249.0,0.2716,-4437.0,0.334,0.364,0.45,0.0907,81913.0
