selector,kind,selected_n,alerts_per_day,good_n,wrong_n,precision_pct,recall_pct,wrong_rate_pct,h1_n,h2_n,h1_precision_pct,h2_precision_pct,long_n,short_n,long_precision_pct,short_precision_pct
S::cand_pressure_against_ge_0.5579,single,835,28.793,101,109,12.1,82.11,13.05,411,424,13.38,10.85,403,432,12.41,11.81
S::cand_pressure_against_ge_0.5579::top1,single+top1,29,1.0,9,1,31.03,7.32,3.45,14,15,35.71,26.67,16,13,31.25,30.77
S::cand_pressure_against_ge_0.5579::top2,single+top2,58,2.0,14,2,24.14,11.38,3.45,28,30,25.0,23.33,31,27,32.26,14.81
S::cand_pressure_against_le_0.5579,single,209,7.207,22,30,10.53,17.89,14.35,95,114,12.63,8.77,106,103,12.26,8.74
S::cand_pressure_against_le_0.5579::top1,single+top1,29,1.0,5,2,17.24,4.07,6.9,14,15,14.29,20.0,12,17,16.67,17.65
S::cand_pressure_against_le_0.5579::top2,single+top2,57,1.966,11,5,19.3,8.94,8.77,28,29,25.0,13.79,30,27,23.33,14.81
S::cand_pressure_against_ge_0.572,single,627,21.621,78,86,12.44,63.41,13.72,310,317,14.52,10.41,307,320,13.36,11.56
S::cand_pressure_against_ge_0.572::top1,single+top1,29,1.0,7,0,24.14,5.69,0.0,14,15,28.57,20.0,15,14,33.33,14.29
S::cand_pressure_against_ge_0.572::top2,single+top2,58,2.0,12,2,20.69,9.76,3.45,28,30,25.0,16.67,30,28,33.33,7.14
S::cand_pressure_against_le_0.572,single,417,14.379,45,53,10.79,36.59,12.71,196,221,11.22,10.41,201,216,10.95,10.65
S::cand_pressure_against_le_0.572::top1,single+top1,29,1.0,6,3,20.69,4.88,10.34,14,15,14.29,26.67,14,15,14.29,26.67
S::cand_pressure_against_le_0.572::top2,single+top2,58,2.0,12,4,20.69,9.76,6.9,28,30,25.0,16.67,27,31,22.22,19.35
S::cand_pressure_against_ge_0.5921,single,418,14.414,54,58,12.92,43.9,13.88,202,216,15.35,10.65,204,214,14.71,11.21
S::cand_pressure_against_ge_0.5921::top1,single+top1,29,1.0,7,1,24.14,5.69,3.45,14,15,35.71,13.33,17,12,35.29,8.33
S::cand_pressure_against_ge_0.5921::top2,single+top2,58,2.0,13,1,22.41,10.57,1.72,28,30,25.0,20.0,31,27,35.48,7.41
S::cand_pressure_against_le_0.5921,single,626,21.586,70,81,11.18,56.91,12.94,305,321,12.13,10.28,304,322,10.86,11.49
S::cand_pressure_against_le_0.5921::top1,single+top1,29,1.0,7,2,24.14,5.69,6.9,14,15,21.43,26.67,16,13,18.75,30.77
S::cand_pressure_against_le_0.5921::top2,single+top2,58,2.0,10,6,17.24,8.13,10.34,28,30,17.86,16.67,27,31,14.81,19.35
S::cand_pressure_against_ge_0.6289,single,210,7.241,29,23,13.81,23.58,10.95,91,119,16.48,11.76,97,113,16.49,11.5
S::cand_pressure_against_ge_0.6289::top1,single+top1,29,1.0,7,1,24.14,5.69,3.45,14,15,35.71,13.33,14,15,42.86,6.67
S::cand_pressure_against_ge_0.6289::top2,single+top2,58,2.0,14,2,24.14,11.38,3.45,28,30,28.57,20.0,27,31,37.04,12.9
S::cand_pressure_against_le_0.6289,single,834,28.759,94,116,11.27,76.42,13.91,416,418,12.5,10.05,411,423,11.44,11.11
S::cand_pressure_against_le_0.6289::top1,single+top1,29,1.0,8,1,27.59,6.5,3.45,14,15,28.57,26.67,17,12,23.53,33.33
S::cand_pressure_against_le_0.6289::top2,single+top2,58,2.0,13,4,22.41,10.57,6.9,28,30,25.0,20.0,32,26,21.88,23.08
S::cand_buy_pressure_ge_0.558,single,429,14.793,51,58,11.89,41.46,13.52,210,219,11.43,12.33,0,429,,11.89
S::cand_buy_pressure_ge_0.558::top1,single+top1,29,1.0,4,0,13.79,3.25,0.0,14,15,14.29,13.33,0,29,,13.79
S::cand_buy_pressure_ge_0.558::top2,single+top2,58,2.0,9,2,15.52,7.32,3.45,28,30,14.29,16.67,0,58,,15.52
S::cand_buy_pressure_le_0.558,single,107,3.69,9,16,8.41,7.32,14.95,50,57,8.0,8.77,0,107,,8.41
S::cand_buy_pressure_le_0.558::top1,single+top1,27,0.931,4,2,14.81,3.25,7.41,13,14,15.38,14.29,0,27,,14.81
S::cand_buy_pressure_le_0.558::top2,single+top2,52,1.793,6,7,11.54,4.88,13.46,25,27,16.0,7.41,0,52,,11.54
S::cand_buy_pressure_ge_0.5716,single,322,11.103,38,49,11.8,30.89,15.22,157,165,12.74,10.91,0,322,,11.8
S::cand_buy_pressure_ge_0.5716::top1,single+top1,29,1.0,3,0,10.34,2.44,0.0,14,15,14.29,6.67,0,29,,10.34
S::cand_buy_pressure_ge_0.5716::top2,single+top2,58,2.0,10,2,17.24,8.13,3.45,28,30,21.43,13.33,0,58,,17.24
S::cand_buy_pressure_le_0.5716,single,214,7.379,23,25,10.75,18.7,11.68,103,111,8.74,12.61,0,214,,10.75
S::cand_buy_pressure_le_0.5716::top1,single+top1,29,1.0,6,3,20.69,4.88,10.34,14,15,21.43,20.0,0,29,,20.69
S::cand_buy_pressure_le_0.5716::top2,single+top2,57,1.966,9,7,15.79,7.32,12.28,28,29,14.29,17.24,0,57,,15.79
S::cand_buy_pressure_ge_0.592,single,215,7.414,25,32,11.63,20.33,14.88,105,110,13.33,10.0,0,215,,11.63
S::cand_buy_pressure_ge_0.592::top1,single+top1,29,1.0,6,1,20.69,4.88,3.45,14,15,21.43,20.0,0,29,,20.69
S::cand_buy_pressure_ge_0.592::top2,single+top2,58,2.0,9,2,15.52,7.32,3.45,28,30,21.43,10.0,0,58,,15.52
S::cand_buy_pressure_le_0.592,single,321,11.069,36,42,11.21,29.27,13.08,155,166,9.68,12.65,0,321,,11.21
S::cand_buy_pressure_le_0.592::top1,single+top1,29,1.0,6,1,20.69,4.88,3.45,14,15,14.29,26.67,0,29,,20.69
S::cand_buy_pressure_le_0.592::top2,single+top2,58,2.0,9,5,15.52,7.32,8.62,28,30,14.29,16.67,0,58,,15.52
S::cand_buy_pressure_ge_0.6299,single,108,3.724,13,11,12.04,10.57,10.19,49,59,12.24,11.86,0,108,,12.04
S::cand_buy_pressure_ge_0.6299::top1,single+top1,29,1.0,5,2,17.24,4.07,6.9,14,15,14.29,20.0,0,29,,17.24
S::cand_buy_pressure_ge_0.6299::top2,single+top2,56,1.931,8,4,14.29,6.5,7.14,26,30,15.38,13.33,0,56,,14.29
S::cand_buy_pressure_le_0.6299,single,428,14.759,47,64,10.98,38.21,14.95,211,217,10.43,11.52,0,428,,10.98
S::cand_buy_pressure_le_0.6299::top1,single+top1,29,1.0,6,1,20.69,4.88,3.45,14,15,14.29,26.67,0,29,,20.69
S::cand_buy_pressure_le_0.6299::top2,single+top2,58,2.0,9,5,15.52,7.32,8.62,28,30,14.29,16.67,0,58,,15.52
S::cand_sell_pressure_ge_0.5575,single,407,14.034,50,50,12.29,40.65,12.29,201,206,15.42,9.22,407,0,12.29,
S::cand_sell_pressure_ge_0.5575::top1,single+top1,29,1.0,8,2,27.59,6.5,6.9,14,15,35.71,20.0,29,0,27.59,
S::cand_sell_pressure_ge_0.5575::top2,single+top2,58,2.0,13,4,22.41,10.57,6.9,28,30,32.14,13.33,58,0,22.41,
S::cand_sell_pressure_le_0.5575,single,102,3.517,13,15,12.75,10.57,14.71,46,56,17.39,8.93,102,0,12.75,
S::cand_sell_pressure_le_0.5575::top1,single+top1,29,1.0,7,1,24.14,5.69,3.45,14,15,35.71,13.33,29,0,24.14,
S::cand_sell_pressure_le_0.5575::top2,single+top2,53,1.828,10,2,18.87,8.13,3.77,26,27,26.92,11.11,53,0,18.87,
S::cand_sell_pressure_ge_0.5726,single,306,10.552,41,37,13.4,33.33,12.09,153,153,16.99,9.8,306,0,13.4,
S::cand_sell_pressure_ge_0.5726::top1,single+top1,29,1.0,8,1,27.59,6.5,3.45,14,15,35.71,20.0,29,0,27.59,
S::cand_sell_pressure_ge_0.5726::top2,single+top2,58,2.0,14,3,24.14,11.38,5.17,28,30,32.14,16.67,58,0,24.14,
S::cand_sell_pressure_le_0.5726,single,203,7.0,22,28,10.84,17.89,13.79,95,108,13.68,8.33,203,0,10.84,
S::cand_sell_pressure_le_0.5726::top1,single+top1,29,1.0,6,4,20.69,4.88,13.79,14,15,28.57,13.33,29,0,20.69,
S::cand_sell_pressure_le_0.5726::top2,single+top2,58,2.0,10,7,17.24,8.13,12.07,28,30,28.57,6.67,58,0,17.24,
S::cand_sell_pressure_ge_0.5923,single,204,7.034,30,26,14.71,24.39,12.75,98,106,18.37,11.32,204,0,14.71,
S::cand_sell_pressure_ge_0.5923::top1,single+top1,29,1.0,9,1,31.03,7.32,3.45,14,15,42.86,20.0,29,0,31.03,
S::cand_sell_pressure_ge_0.5923::top2,single+top2,58,2.0,14,2,24.14,11.38,3.45,28,30,32.14,16.67,58,0,24.14,
S::cand_sell_pressure_le_0.5923,single,305,10.517,33,39,10.82,26.83,12.79,150,155,14.0,7.74,305,0,10.82,
S::cand_sell_pressure_le_0.5923::top1,single+top1,29,1.0,5,4,17.24,4.07,13.79,14,15,28.57,6.67,29,0,17.24,
S::cand_sell_pressure_le_0.5923::top2,single+top2,58,2.0,8,7,13.79,6.5,12.07,28,30,21.43,6.67,58,0,13.79,
S::cand_sell_pressure_ge_0.6243,single,103,3.552,17,12,16.5,13.82,11.65,45,58,22.22,12.07,103,0,16.5,
S::cand_sell_pressure_ge_0.6243::top1,single+top1,29,1.0,7,1,24.14,5.69,3.45,14,15,28.57,20.0,29,0,24.14,
S::cand_sell_pressure_ge_0.6243::top2,single+top2,55,1.897,11,6,20.0,8.94,10.91,25,30,28.0,13.33,55,0,20.0,
S::cand_sell_pressure_le_0.6243,single,406,14.0,46,54,11.33,37.4,13.3,203,203,14.29,8.37,406,0,11.33,
S::cand_sell_pressure_le_0.6243::top1,single+top1,29,1.0,6,2,20.69,4.88,6.9,14,15,35.71,6.67,29,0,20.69,
S::cand_sell_pressure_le_0.6243::top2,single+top2,58,2.0,11,5,18.97,8.94,8.62,28,30,28.57,10.0,58,0,18.97,
S::cand_absorb_score_ge_0.6119,single,835,28.793,100,110,11.98,81.3,13.17,412,423,13.35,10.64,401,434,12.47,11.52
S::cand_absorb_score_ge_0.6119::top1,single+top1,29,1.0,10,0,34.48,8.13,0.0,14,15,42.86,26.67,15,14,33.33,35.71
S::cand_absorb_score_ge_0.6119::top2,single+top2,58,2.0,14,1,24.14,11.38,1.72,28,30,28.57,20.0,31,27,29.03,18.52
S::cand_absorb_score_le_0.6119,single,209,7.207,23,29,11.0,18.7,13.88,94,115,12.77,9.57,107,102,12.15,9.8
S::cand_absorb_score_le_0.6119::top1,single+top1,29,1.0,6,3,20.69,4.88,10.34,14,15,21.43,20.0,12,17,25.0,17.65
S::cand_absorb_score_le_0.6119::top2,single+top2,58,2.0,9,7,15.52,7.32,12.07,28,30,17.86,13.33,23,35,17.39,14.29
S::cand_absorb_score_ge_0.6252,single,627,21.621,76,83,12.12,61.79,13.24,315,312,14.29,9.94,305,322,13.11,11.18
S::cand_absorb_score_ge_0.6252::top1,single+top1,29,1.0,7,1,24.14,5.69,3.45,14,15,28.57,20.0,14,15,28.57,20.0
S::cand_absorb_score_ge_0.6252::top2,single+top2,58,2.0,12,3,20.69,9.76,5.17,28,30,25.0,16.67,30,28,30.0,10.71
S::cand_absorb_score_le_0.6252,single,417,14.379,47,56,11.27,38.21,13.43,192,225,11.46,11.11,203,214,11.33,11.21
S::cand_absorb_score_le_0.6252::top1,single+top1,29,1.0,7,3,24.14,5.69,10.34,14,15,14.29,33.33,14,15,21.43,26.67
S::cand_absorb_score_le_0.6252::top2,single+top2,58,2.0,11,4,18.97,8.94,6.9,28,30,21.43,16.67,25,33,20.0,18.18
S::cand_absorb_score_ge_0.6446,single,418,14.414,53,59,12.68,43.09,14.11,209,209,14.83,10.53,208,210,14.42,10.95
S::cand_absorb_score_ge_0.6446::top1,single+top1,29,1.0,6,0,20.69,4.88,0.0,14,15,28.57,13.33,16,13,25.0,15.38
S::cand_absorb_score_ge_0.6446::top2,single+top2,58,2.0,13,2,22.41,10.57,3.45,28,30,25.0,20.0,31,27,35.48,7.41
S::cand_absorb_score_le_0.6446,single,626,21.586,70,80,11.18,56.91,12.78,298,328,12.08,10.37,300,326,11.0,11.35
S::cand_absorb_score_le_0.6446::top1,single+top1,29,1.0,7,3,24.14,5.69,10.34,14,15,21.43,26.67,17,12,23.53,25.0
S::cand_absorb_score_le_0.6446::top2,single+top2,58,2.0,10,4,17.24,8.13,6.9,28,30,17.86,16.67,27,31,18.52,16.13
S::cand_absorb_score_ge_0.6813,single,210,7.241,24,26,11.43,19.51,12.38,96,114,12.5,10.53,100,110,14.0,9.09
S::cand_absorb_score_ge_0.6813::top1,single+top1,29,1.0,5,1,17.24,4.07,3.45,14,15,35.71,0.0,14,15,28.57,6.67
S::cand_absorb_score_ge_0.6813::top2,single+top2,58,2.0,12,3,20.69,9.76,5.17,28,30,25.0,16.67,33,25,30.3,8.0
S::cand_absorb_score_le_0.6813,single,834,28.759,99,114,11.87,80.49,13.67,411,423,13.38,10.4,408,426,12.01,11.74
S::cand_absorb_score_le_0.6813::top1,single+top1,29,1.0,9,1,31.03,7.32,3.45,14,15,28.57,33.33,17,12,29.41,33.33
S::cand_absorb_score_le_0.6813::top2,single+top2,58,2.0,14,3,24.14,11.38,5.17,28,30,25.0,23.33,31,27,25.81,22.22
S::cand_bid_refill_score_ge_0.4994,single,407,14.034,50,50,12.29,40.65,12.29,206,201,14.56,9.95,407,0,12.29,
S::cand_bid_refill_score_ge_0.4994::top1,single+top1,29,1.0,7,1,24.14,5.69,3.45,14,15,28.57,20.0,29,0,24.14,
S::cand_bid_refill_score_ge_0.4994::top2,single+top2,58,2.0,14,3,24.14,11.38,5.17,28,30,32.14,16.67,58,0,24.14,
S::cand_bid_refill_score_le_0.4994,single,102,3.517,14,15,13.73,11.38,14.71,42,60,23.81,6.67,102,0,13.73,
S::cand_bid_refill_score_le_0.4994::top1,single+top1,28,0.966,4,5,14.29,3.25,17.86,13,15,30.77,0.0,28,0,14.29,
S::cand_bid_refill_score_le_0.4994::top2,single+top2,54,1.862,9,8,16.67,7.32,14.81,24,30,29.17,6.67,54,0,16.67,
S::cand_bid_refill_score_ge_0.5,single,306,10.552,37,41,12.09,30.08,13.4,142,164,14.79,9.76,306,0,12.09,
S::cand_bid_refill_score_ge_0.5::top1,single+top1,29,1.0,8,1,27.59,6.5,3.45,14,15,35.71,20.0,29,0,27.59,
S::cand_bid_refill_score_ge_0.5::top2,single+top2,58,2.0,13,3,22.41,10.57,5.17,28,30,28.57,16.67,58,0,22.41,
S::cand_bid_refill_score_le_0.5,single,203,7.0,26,25,12.81,21.14,12.32,106,97,16.98,8.25,203,0,12.81,
S::cand_bid_refill_score_le_0.5::top1,single+top1,29,1.0,5,3,17.24,4.07,10.34,14,15,28.57,6.67,29,0,17.24,
S::cand_bid_refill_score_le_0.5::top2,single+top2,58,2.0,9,6,15.52,7.32,10.34,28,30,21.43,10.0,58,0,15.52,
S::cand_bid_refill_score_ge_0.5005,single,204,7.034,24,25,11.76,19.51,12.25,89,115,13.48,10.43,204,0,11.76,
S::cand_bid_refill_score_ge_0.5005::top1,single+top1,29,1.0,8,2,27.59,6.5,6.9,14,15,42.86,13.33,29,0,27.59,
S::cand_bid_refill_score_ge_0.5005::top2,single+top2,58,2.0,12,5,20.69,9.76,8.62,28,30,28.57,13.33,58,0,20.69,
S::cand_bid_refill_score_le_0.5005,single,305,10.517,39,40,12.79,31.71,13.11,158,147,17.09,8.16,305,0,12.79,
S::cand_bid_refill_score_le_0.5005::top1,single+top1,29,1.0,7,2,24.14,5.69,6.9,14,15,35.71,13.33,29,0,24.14,
S::cand_bid_refill_score_le_0.5005::top2,single+top2,58,2.0,12,4,20.69,9.76,6.9,28,30,28.57,13.33,58,0,20.69,
S::cand_bid_refill_score_ge_0.5012,single,103,3.552,10,11,9.71,8.13,10.68,47,56,10.64,8.93,103,0,9.71,
S::cand_bid_refill_score_ge_0.5012::top1,single+top1,29,1.0,5,3,17.24,4.07,10.34,14,15,21.43,13.33,29,0,17.24,
S::cand_bid_refill_score_ge_0.5012::top2,single+top2,56,1.931,6,8,10.71,4.88,14.29,26,30,15.38,6.67,56,0,10.71,
S::cand_bid_refill_score_le_0.5012,single,406,14.0,53,54,13.05,43.09,13.3,200,206,17.0,9.22,406,0,13.05,
S::cand_bid_refill_score_le_0.5012::top1,single+top1,29,1.0,10,2,34.48,8.13,6.9,14,15,42.86,26.67,29,0,34.48,
S::cand_bid_refill_score_le_0.5012::top2,single+top2,58,2.0,12,5,20.69,9.76,8.62,28,30,28.57,13.33,58,0,20.69,
S::cand_ask_refill_score_ge_0.4994,single,429,14.793,49,54,11.42,39.84,12.59,202,227,10.89,11.89,0,429,,11.42
S::cand_ask_refill_score_ge_0.4994::top1,single+top1,29,1.0,6,1,20.69,4.88,3.45,14,15,21.43,20.0,0,29,,20.69
S::cand_ask_refill_score_ge_0.4994::top2,single+top2,58,2.0,8,2,13.79,6.5,3.45,28,30,14.29,13.33,0,58,,13.79
S::cand_ask_refill_score_le_0.4994,single,107,3.69,11,20,10.28,8.94,18.69,57,50,10.53,10.0,0,107,,10.28
S::cand_ask_refill_score_le_0.4994::top1,single+top1,29,1.0,7,2,24.14,5.69,6.9,14,15,21.43,26.67,0,29,,24.14
S::cand_ask_refill_score_le_0.4994::top2,single+top2,55,1.897,8,6,14.55,6.5,10.91,26,29,15.38,13.79,0,55,,14.55
S::cand_ask_refill_score_ge_0.5001,single,322,11.103,37,35,11.49,30.08,10.87,152,170,11.84,11.18,0,322,,11.49
S::cand_ask_refill_score_ge_0.5001::top1,single+top1,29,1.0,5,0,17.24,4.07,0.0,14,15,21.43,13.33,0,29,,17.24
S::cand_ask_refill_score_ge_0.5001::top2,single+top2,58,2.0,6,1,10.34,4.88,1.72,28,30,10.71,10.0,0,58,,10.34
S::cand_ask_refill_score_le_0.5001,single,214,7.379,23,39,10.75,18.7,18.22,107,107,9.35,12.15,0,214,,10.75
S::cand_ask_refill_score_le_0.5001::top1,single+top1,29,1.0,6,1,20.69,4.88,3.45,14,15,14.29,26.67,0,29,,20.69
S::cand_ask_refill_score_le_0.5001::top2,single+top2,57,1.966,14,5,24.56,11.38,8.77,27,30,18.52,30.0,0,57,,24.56
S::cand_ask_refill_score_ge_0.5005,single,215,7.414,27,20,12.56,21.95,9.3,93,122,15.05,10.66,0,215,,12.56
S::cand_ask_refill_score_ge_0.5005::top1,single+top1,29,1.0,6,0,20.69,4.88,0.0,14,15,21.43,20.0,0,29,,20.69
S::cand_ask_refill_score_ge_0.5005::top2,single+top2,58,2.0,7,2,12.07,5.69,3.45,28,30,10.71,13.33,0,58,,12.07
S::cand_ask_refill_score_le_0.5005,single,321,11.069,33,54,10.28,26.83,16.82,166,155,8.43,12.26,0,321,,10.28
S::cand_ask_refill_score_le_0.5005::top1,single+top1,29,1.0,3,0,10.34,2.44,0.0,14,15,14.29,6.67,0,29,,10.34
S::cand_ask_refill_score_le_0.5005::top2,single+top2,58,2.0,9,2,15.52,7.32,3.45,28,30,14.29,16.67,0,58,,15.52
S::cand_ask_refill_score_ge_0.5011,single,108,3.724,11,9,10.19,8.94,8.33,45,63,11.11,9.52,0,108,,10.19
S::cand_ask_refill_score_ge_0.5011::top1,single+top1,28,0.966,4,1,14.29,3.25,3.57,14,14,21.43,7.14,0,28,,14.29
S::cand_ask_refill_score_ge_0.5011::top2,single+top2,54,1.862,6,5,11.11,4.88,9.26,26,28,11.54,10.71,0,54,,11.11
S::cand_ask_refill_score_le_0.5011,single,428,14.759,49,65,11.45,39.84,15.19,214,214,10.75,12.15,0,428,,11.45
S::cand_ask_refill_score_le_0.5011::top1,single+top1,29,1.0,4,1,13.79,3.25,3.45,14,15,14.29,13.33,0,29,,13.79
S::cand_ask_refill_score_le_0.5011::top2,single+top2,58,2.0,9,4,15.52,7.32,6.9,28,30,14.29,16.67,0,58,,15.52
S::cand_refill_with_ge_0.4994,single,835,28.793,99,104,11.86,80.49,12.46,408,427,12.75,11.01,408,427,12.25,11.48
S::cand_refill_with_ge_0.4994::top1,single+top1,29,1.0,10,0,34.48,8.13,0.0,14,15,35.71,33.33,14,15,28.57,40.0
S::cand_refill_with_ge_0.4994::top2,single+top2,58,2.0,14,0,24.14,11.38,0.0,28,30,21.43,26.67,27,31,29.63,19.35
S::cand_refill_with_le_0.4994,single,209,7.207,24,35,11.48,19.51,16.75,99,110,15.15,8.18,101,108,12.87,10.19
S::cand_refill_with_le_0.4994::top1,single+top1,29,1.0,5,2,17.24,4.07,6.9,14,15,21.43,13.33,13,16,23.08,12.5
S::cand_refill_with_le_0.4994::top2,single+top2,58,2.0,11,3,18.97,8.94,5.17,28,30,25.0,13.33,29,29,20.69,17.24
S::cand_refill_with_ge_0.5,single,627,21.621,73,76,11.64,59.35,12.12,295,332,12.88,10.54,301,326,11.96,11.35
S::cand_refill_with_ge_0.5::top1,single+top1,29,1.0,8,0,27.59,6.5,0.0,14,15,28.57,26.67,14,15,28.57,26.67
S::cand_refill_with_ge_0.5::top2,single+top2,58,2.0,13,0,22.41,10.57,0.0,28,30,21.43,23.33,28,30,28.57,16.67
S::cand_refill_with_le_0.5,single,417,14.379,50,64,11.99,40.65,15.35,212,205,13.68,10.24,207,210,13.04,10.95
S::cand_refill_with_le_0.5::top1,single+top1,29,1.0,8,2,27.59,6.5,6.9,14,15,35.71,20.0,16,13,31.25,23.08
S::cand_refill_with_le_0.5::top2,single+top2,58,2.0,12,3,20.69,9.76,5.17,28,30,21.43,20.0,32,26,18.75,23.08
S::cand_refill_with_ge_0.5005,single,418,14.414,51,45,12.2,41.46,10.77,182,236,14.29,10.59,203,215,11.82,12.56
S::cand_refill_with_ge_0.5005::top1,single+top1,29,1.0,8,0,27.59,6.5,0.0,14,15,28.57,26.67,12,17,25.0,29.41
S::cand_refill_with_ge_0.5005::top2,single+top2,58,2.0,15,1,25.86,12.2,1.72,28,30,32.14,20.0,25,33,36.0,18.18
S::cand_refill_with_le_0.5005,single,626,21.586,72,94,11.5,58.54,15.02,324,302,12.65,10.26,305,321,12.79,10.28
S::cand_refill_with_le_0.5005::top1,single+top1,29,1.0,7,2,24.14,5.69,6.9,14,15,35.71,13.33,17,12,29.41,16.67
S::cand_refill_with_le_0.5005::top2,single+top2,58,2.0,12,2,20.69,9.76,3.45,28,30,25.0,16.67,27,31,29.63,12.9
S::cand_refill_with_ge_0.5012,single,210,7.241,20,20,9.52,16.26,9.52,93,117,9.68,9.4,109,101,9.17,9.9
S::cand_refill_with_ge_0.5012::top1,single+top1,29,1.0,7,2,24.14,5.69,6.9,14,15,28.57,20.0,15,14,26.67,21.43
S::cand_refill_with_ge_0.5012::top2,single+top2,58,2.0,11,5,18.97,8.94,8.62,28,30,17.86,20.0,28,30,17.86,20.0
S::cand_refill_with_le_0.5012,single,834,28.759,103,119,12.35,83.74,14.27,413,421,14.04,10.69,399,435,13.28,11.49
S::cand_refill_with_le_0.5012::top1,single+top1,29,1.0,9,2,31.03,7.32,6.9,14,15,35.71,26.67,17,12,35.29,25.0
S::cand_refill_with_le_0.5012::top2,single+top2,58,2.0,12,3,20.69,9.76,5.17,28,30,25.0,16.67,31,27,25.81,14.81
S::cand_prior_move_pct_ge_0.0,single,1043,35.966,123,139,11.79,100.0,13.33,506,537,13.24,10.43,508,535,12.4,11.21
S::cand_prior_move_pct_ge_0.0::top1,single+top1,29,1.0,11,1,37.93,8.94,3.45,14,15,42.86,33.33,16,13,37.5,38.46
S::cand_prior_move_pct_ge_0.0::top2,single+top2,58,2.0,16,2,27.59,13.01,3.45,28,30,32.14,23.33,33,25,30.3,24.0
S::cand_prior_move_pct_le_0.0,single,905,31.207,105,127,11.6,85.37,14.03,448,457,12.5,10.72,444,461,12.61,10.63
S::cand_prior_move_pct_le_0.0::top1,single+top1,29,1.0,11,2,37.93,8.94,6.9,14,15,42.86,33.33,16,13,37.5,38.46
S::cand_prior_move_pct_le_0.0::top2,single+top2,58,2.0,14,4,24.14,11.38,6.9,28,30,28.57,20.0,30,28,26.67,21.43
S::cand_prior_move_pct_ge_0.0,single,1043,35.966,123,139,11.79,100.0,13.33,506,537,13.24,10.43,508,535,12.4,11.21
S::cand_prior_move_pct_ge_0.0::top1,single+top1,29,1.0,11,1,37.93,8.94,3.45,14,15,42.86,33.33,16,13,37.5,38.46
S::cand_prior_move_pct_ge_0.0::top2,single+top2,58,2.0,16,2,27.59,13.01,3.45,28,30,32.14,23.33,33,25,30.3,24.0
S::cand_prior_move_pct_le_0.0,single,905,31.207,105,127,11.6,85.37,14.03,448,457,12.5,10.72,444,461,12.61,10.63
S::cand_prior_move_pct_le_0.0::top1,single+top1,29,1.0,11,2,37.93,8.94,6.9,14,15,42.86,33.33,16,13,37.5,38.46
S::cand_prior_move_pct_le_0.0::top2,single+top2,58,2.0,14,4,24.14,11.38,6.9,28,30,28.57,20.0,30,28,26.67,21.43
S::cand_prior_move_pct_ge_0.0,single,1043,35.966,123,139,11.79,100.0,13.33,506,537,13.24,10.43,508,535,12.4,11.21
S::cand_prior_move_pct_ge_0.0::top1,single+top1,29,1.0,11,1,37.93,8.94,3.45,14,15,42.86,33.33,16,13,37.5,38.46
S::cand_prior_move_pct_ge_0.0::top2,single+top2,58,2.0,16,2,27.59,13.01,3.45,28,30,32.14,23.33,33,25,30.3,24.0
S::cand_prior_move_pct_le_0.0,single,905,31.207,105,127,11.6,85.37,14.03,448,457,12.5,10.72,444,461,12.61,10.63
S::cand_prior_move_pct_le_0.0::top1,single+top1,29,1.0,11,2,37.93,8.94,6.9,14,15,42.86,33.33,16,13,37.5,38.46
S::cand_prior_move_pct_le_0.0::top2,single+top2,58,2.0,14,4,24.14,11.38,6.9,28,30,28.57,20.0,30,28,26.67,21.43
S::cand_prior_move_pct_ge_0.0,single,1043,35.966,123,139,11.79,100.0,13.33,506,537,13.24,10.43,508,535,12.4,11.21
S::cand_prior_move_pct_ge_0.0::top1,single+top1,29,1.0,11,1,37.93,8.94,3.45,14,15,42.86,33.33,16,13,37.5,38.46
S::cand_prior_move_pct_ge_0.0::top2,single+top2,58,2.0,16,2,27.59,13.01,3.45,28,30,32.14,23.33,33,25,30.3,24.0
S::cand_prior_move_pct_le_0.0,single,905,31.207,105,127,11.6,85.37,14.03,448,457,12.5,10.72,444,461,12.61,10.63
S::cand_prior_move_pct_le_0.0::top1,single+top1,29,1.0,11,2,37.93,8.94,6.9,14,15,42.86,33.33,16,13,37.5,38.46
S::cand_prior_move_pct_le_0.0::top2,single+top2,58,2.0,14,4,24.14,11.38,6.9,28,30,28.57,20.0,30,28,26.67,21.43
S::conf_cycles_seen_ge_12.0,single,849,29.276,105,106,12.37,85.37,12.49,416,433,13.94,10.85,417,432,13.19,11.57
S::conf_cycles_seen_ge_12.0::top1,single+top1,29,1.0,11,0,37.93,8.94,0.0,14,15,42.86,33.33,15,14,40.0,35.71
S::conf_cycles_seen_ge_12.0::top2,single+top2,58,2.0,17,1,29.31,13.82,1.72,28,30,32.14,26.67,34,24,35.29,20.83
S::conf_cycles_seen_le_12.0,single,213,7.345,20,36,9.39,16.26,16.9,102,111,9.8,9.01,99,114,9.09,9.65
S::conf_cycles_seen_le_12.0::top1,single+top1,29,1.0,2,3,6.9,1.63,10.34,14,15,14.29,0.0,13,16,7.69,6.25
S::conf_cycles_seen_le_12.0::top2,single+top2,58,2.0,7,6,12.07,5.69,10.34,28,30,17.86,6.67,28,30,14.29,10.0
S::conf_cycles_seen_ge_28.0,single,634,21.862,79,73,12.46,64.23,11.51,306,328,14.05,10.98,316,318,12.66,12.26
S::conf_cycles_seen_ge_28.0::top1,single+top1,29,1.0,5,1,17.24,4.07,3.45,14,15,21.43,13.33,12,17,16.67,17.65
S::conf_cycles_seen_ge_28.0::top2,single+top2,58,2.0,13,2,22.41,10.57,3.45,28,30,25.0,20.0,28,30,28.57,16.67
S::conf_cycles_seen_le_28.0,single,423,14.586,46,67,10.87,37.4,15.84,206,217,11.65,10.14,201,222,12.44,9.46
S::conf_cycles_seen_le_28.0::top1,single+top1,29,1.0,8,2,27.59,6.5,6.9,14,15,28.57,26.67,14,15,35.71,20.0
S::conf_cycles_seen_le_28.0::top2,single+top2,58,2.0,11,5,18.97,8.94,8.62,28,30,25.0,13.33,27,31,22.22,16.13
S::conf_cycles_seen_ge_54.0,single,423,14.586,48,43,11.35,39.02,10.17,203,220,13.3,9.55,204,219,11.27,11.42
S::conf_cycles_seen_ge_54.0::top1,single+top1,29,1.0,6,0,20.69,4.88,0.0,14,15,14.29,26.67,13,16,23.08,18.75
S::conf_cycles_seen_ge_54.0::top2,single+top2,58,2.0,12,0,20.69,9.76,0.0,28,30,17.86,23.33,26,32,26.92,15.62
S::conf_cycles_seen_le_54.0,single,630,21.724,75,98,11.9,60.98,15.56,310,320,12.9,10.94,309,321,12.94,10.9
S::conf_cycles_seen_le_54.0::top1,single+top1,29,1.0,10,2,34.48,8.13,6.9,14,15,35.71,33.33,18,11,38.89,27.27
S::conf_cycles_seen_le_54.0::top2,single+top2,58,2.0,12,5,20.69,9.76,8.62,28,30,21.43,20.0,30,28,23.33,17.86
S::conf_cycles_seen_ge_96.0,single,213,7.345,19,17,8.92,15.45,7.98,104,109,7.69,10.09,97,116,12.37,6.03
S::conf_cycles_seen_ge_96.0::top1,single+top1,29,1.0,4,3,13.79,3.25,10.34,14,15,7.14,20.0,12,17,16.67,11.76
S::conf_cycles_seen_ge_96.0::top2,single+top2,57,1.966,6,3,10.53,4.88,5.26,28,29,7.14,13.79,25,32,16.0,6.25
S::conf_cycles_seen_le_96.0,single,837,28.862,104,122,12.43,84.55,14.58,405,432,14.57,10.42,416,421,12.26,12.59
S::conf_cycles_seen_le_96.0::top1,single+top1,29,1.0,12,1,41.38,9.76,3.45,14,15,42.86,40.0,18,11,38.89,45.45
S::conf_cycles_seen_le_96.0::top2,single+top2,58,2.0,15,3,25.86,12.2,5.17,28,30,32.14,20.0,34,24,26.47,25.0
S::conf_age_min_ge_3.2333,single,837,28.862,101,116,12.07,82.11,13.86,409,428,14.18,10.05,414,423,11.84,12.29
S::conf_age_min_ge_3.2333::top1,single+top1,29,1.0,9,1,31.03,7.32,3.45,14,15,42.86,20.0,17,12,29.41,33.33
S::conf_age_min_ge_3.2333::top2,single+top2,58,2.0,12,3,20.69,9.76,5.17,28,30,28.57,13.33,29,29,24.14,17.24
S::conf_age_min_le_3.2333,single,212,7.31,23,24,10.85,18.7,11.32,98,114,9.18,12.28,98,114,15.31,7.02
S::conf_age_min_le_3.2333::top1,single+top1,29,1.0,9,1,31.03,7.32,3.45,14,15,14.29,46.67,17,12,29.41,33.33
S::conf_age_min_le_3.2333::top2,single+top2,57,1.966,14,2,24.56,11.38,3.51,28,29,17.86,31.03,28,29,32.14,17.24
S::conf_age_min_ge_6.5167,single,627,21.621,78,87,12.44,63.41,13.88,320,307,15.31,9.45,306,321,12.42,12.46
S::conf_age_min_ge_6.5167::top1,single+top1,29,1.0,7,0,24.14,5.69,0.0,14,15,42.86,6.67,16,13,31.25,15.38
S::conf_age_min_ge_6.5167::top2,single+top2,58,2.0,13,3,22.41,10.57,5.17,28,30,39.29,6.67,29,29,31.03,13.79
S::conf_age_min_le_6.5167,single,418,14.414,46,52,11.0,37.4,12.44,187,231,9.63,12.12,202,216,12.38,9.72
S::conf_age_min_le_6.5167::top1,single+top1,29,1.0,7,1,24.14,5.69,3.45,14,15,7.14,40.0,14,15,21.43,26.67
S::conf_age_min_le_6.5167::top2,single+top2,58,2.0,13,5,22.41,10.57,8.62,28,30,14.29,30.0,28,30,25.0,20.0
S::conf_age_min_ge_11.2667,single,418,14.414,53,63,12.68,43.09,15.07,215,203,15.81,9.36,206,212,12.14,13.21
S::conf_age_min_ge_11.2667::top1,single+top1,29,1.0,5,0,17.24,4.07,0.0,14,15,28.57,6.67,11,18,27.27,11.11
S::conf_age_min_ge_11.2667::top2,single+top2,58,2.0,7,3,12.07,5.69,5.17,28,30,21.43,3.33,27,31,14.81,9.68
S::conf_age_min_le_11.2667,single,626,21.586,70,76,11.18,56.91,12.14,292,334,11.3,11.08,303,323,12.54,9.91
S::conf_age_min_le_11.2667::top1,single+top1,29,1.0,8,1,27.59,6.5,3.45,14,15,21.43,33.33,13,16,23.08,31.25
S::conf_age_min_le_11.2667::top2,single+top2,58,2.0,12,4,20.69,9.76,6.9,28,30,17.86,23.33,29,29,24.14,17.24
S::conf_age_min_ge_18.8167,single,210,7.241,28,31,13.33,22.76,14.76,108,102,13.89,12.75,106,104,15.09,11.54
S::conf_age_min_ge_18.8167::top1,single+top1,29,1.0,4,2,13.79,3.25,6.9,14,15,21.43,6.67,17,12,17.65,8.33
S::conf_age_min_ge_18.8167::top2,single+top2,58,2.0,7,3,12.07,5.69,5.17,28,30,17.86,6.67,33,25,12.12,12.0
S::conf_age_min_le_18.8167,single,835,28.793,95,109,11.38,77.24,13.05,399,436,13.03,9.86,403,432,11.66,11.11
S::conf_age_min_le_18.8167::top1,single+top1,29,1.0,10,1,34.48,8.13,3.45,14,15,35.71,33.33,14,15,35.71,33.33
S::conf_age_min_le_18.8167::top2,single+top2,58,2.0,15,2,25.86,12.2,3.45,28,30,28.57,23.33,32,26,31.25,19.23
S::conf_defended_persistence_sec_ge_194.0,single,837,28.862,101,116,12.07,82.11,13.86,409,428,14.18,10.05,414,423,11.84,12.29
S::conf_defended_persistence_sec_ge_194.0::top1,single+top1,29,1.0,9,1,31.03,7.32,3.45,14,15,42.86,20.0,17,12,29.41,33.33
S::conf_defended_persistence_sec_ge_194.0::top2,single+top2,58,2.0,12,3,20.69,9.76,5.17,28,30,28.57,13.33,29,29,24.14,17.24
S::conf_defended_persistence_sec_le_194.0,single,212,7.31,23,24,10.85,18.7,11.32,98,114,9.18,12.28,98,114,15.31,7.02
S::conf_defended_persistence_sec_le_194.0::top1,single+top1,29,1.0,9,1,31.03,7.32,3.45,14,15,14.29,46.67,17,12,29.41,33.33
S::conf_defended_persistence_sec_le_194.0::top2,single+top2,57,1.966,14,2,24.56,11.38,3.51,28,29,17.86,31.03,28,29,32.14,17.24
S::conf_defended_persistence_sec_ge_391.0,single,627,21.621,78,87,12.44,63.41,13.88,320,307,15.31,9.45,306,321,12.42,12.46
S::conf_defended_persistence_sec_ge_391.0::top1,single+top1,29,1.0,7,0,24.14,5.69,0.0,14,15,42.86,6.67,16,13,31.25,15.38
S::conf_defended_persistence_sec_ge_391.0::top2,single+top2,58,2.0,13,3,22.41,10.57,5.17,28,30,39.29,6.67,29,29,31.03,13.79
S::conf_defended_persistence_sec_le_391.0,single,418,14.414,46,52,11.0,37.4,12.44,187,231,9.63,12.12,202,216,12.38,9.72
S::conf_defended_persistence_sec_le_391.0::top1,single+top1,29,1.0,7,1,24.14,5.69,3.45,14,15,7.14,40.0,14,15,21.43,26.67
S::conf_defended_persistence_sec_le_391.0::top2,single+top2,58,2.0,13,5,22.41,10.57,8.62,28,30,14.29,30.0,28,30,25.0,20.0
S::conf_defended_persistence_sec_ge_676.0,single,418,14.414,53,63,12.68,43.09,15.07,215,203,15.81,9.36,206,212,12.14,13.21
S::conf_defended_persistence_sec_ge_676.0::top1,single+top1,29,1.0,5,0,17.24,4.07,0.0,14,15,28.57,6.67,11,18,27.27,11.11
S::conf_defended_persistence_sec_ge_676.0::top2,single+top2,58,2.0,7,3,12.07,5.69,5.17,28,30,21.43,3.33,27,31,14.81,9.68
S::conf_defended_persistence_sec_le_676.0,single,626,21.586,70,76,11.18,56.91,12.14,292,334,11.3,11.08,303,323,12.54,9.91
S::conf_defended_persistence_sec_le_676.0::top1,single+top1,29,1.0,8,1,27.59,6.5,3.45,14,15,21.43,33.33,13,16,23.08,31.25
S::conf_defended_persistence_sec_le_676.0::top2,single+top2,58,2.0,12,4,20.69,9.76,6.9,28,30,17.86,23.33,29,29,24.14,17.24
S::conf_defended_persistence_sec_ge_1129.0,single,210,7.241,28,31,13.33,22.76,14.76,108,102,13.89,12.75,106,104,15.09,11.54
S::conf_defended_persistence_sec_ge_1129.0::top1,single+top1,29,1.0,4,2,13.79,3.25,6.9,14,15,21.43,6.67,17,12,17.65,8.33
S::conf_defended_persistence_sec_ge_1129.0::top2,single+top2,58,2.0,7,3,12.07,5.69,5.17,28,30,17.86,6.67,33,25,12.12,12.0
S::conf_defended_persistence_sec_le_1129.0,single,835,28.793,95,109,11.38,77.24,13.05,399,436,13.03,9.86,403,432,11.66,11.11
S::conf_defended_persistence_sec_le_1129.0::top1,single+top1,29,1.0,10,1,34.48,8.13,3.45,14,15,35.71,33.33,14,15,35.71,33.33
S::conf_defended_persistence_sec_le_1129.0::top2,single+top2,58,2.0,15,2,25.86,12.2,3.45,28,30,28.57,23.33,32,26,31.25,19.23
S::conf_opposite_thinning_ge_0.4994,single,835,28.793,90,114,10.78,73.17,13.65,413,422,11.38,10.19,399,436,12.03,9.63
S::conf_opposite_thinning_ge_0.4994::top1,single+top1,29,1.0,10,1,34.48,8.13,3.45,14,15,35.71,33.33,16,13,43.75,23.08
S::conf_opposite_thinning_ge_0.4994::top2,single+top2,58,2.0,14,3,24.14,11.38,5.17,28,30,25.0,23.33,26,32,34.62,15.62
S::conf_opposite_thinning_le_0.4994,single,209,7.207,33,26,15.79,26.83,12.44,94,115,21.28,11.3,109,100,13.76,18.0
S::conf_opposite_thinning_le_0.4994::top1,single+top1,29,1.0,10,0,34.48,8.13,0.0,14,15,42.86,26.67,14,15,28.57,40.0
S::conf_opposite_thinning_le_0.4994::top2,single+top2,58,2.0,14,1,24.14,11.38,1.72,28,30,35.71,13.33,30,28,23.33,25.0
S::conf_opposite_thinning_ge_0.5,single,627,21.621,75,81,11.96,60.98,12.92,301,326,12.96,11.04,292,335,14.04,10.15
S::conf_opposite_thinning_ge_0.5::top1,single+top1,29,1.0,9,1,31.03,7.32,3.45,14,15,35.71,26.67,17,12,35.29,25.0
S::conf_opposite_thinning_ge_0.5::top2,single+top2,58,2.0,12,4,20.69,9.76,6.9,28,30,21.43,20.0,25,33,24.0,18.18
S::conf_opposite_thinning_le_0.5,single,417,14.379,48,58,11.51,39.02,13.91,206,211,13.59,9.48,217,200,10.14,13.0
S::conf_opposite_thinning_le_0.5::top1,single+top1,29,1.0,9,1,31.03,7.32,3.45,14,15,28.57,33.33,14,15,35.71,26.67
S::conf_opposite_thinning_le_0.5::top2,single+top2,58,2.0,15,1,25.86,12.2,1.72,28,30,28.57,23.33,28,30,25.0,26.67
S::conf_opposite_thinning_ge_0.5005,single,418,14.414,48,51,11.48,39.02,12.2,196,222,12.76,10.36,192,226,14.06,9.29
S::conf_opposite_thinning_ge_0.5005::top1,single+top1,29,1.0,8,0,27.59,6.5,0.0,14,15,28.57,26.67,15,14,33.33,21.43
S::conf_opposite_thinning_ge_0.5005::top2,single+top2,58,2.0,13,2,22.41,10.57,3.45,28,30,25.0,20.0,25,33,32.0,15.15
S::conf_opposite_thinning_le_0.5005,single,627,21.621,75,88,11.96,60.98,14.04,312,315,13.46,10.48,318,309,11.32,12.62
S::conf_opposite_thinning_le_0.5005::top1,single+top1,29,1.0,9,2,31.03,7.32,6.9,14,15,28.57,33.33,14,15,35.71,26.67
S::conf_opposite_thinning_le_0.5005::top2,single+top2,58,2.0,13,2,22.41,10.57,3.45,28,30,25.0,20.0,31,27,22.58,22.22
S::conf_opposite_thinning_ge_0.5011,single,210,7.241,27,23,12.86,21.95,10.95,89,121,12.36,13.22,99,111,16.16,9.91
S::conf_opposite_thinning_ge_0.5011::top1,single+top1,29,1.0,10,1,34.48,8.13,3.45,14,15,35.71,33.33,17,12,35.29,33.33
S::conf_opposite_thinning_ge_0.5011::top2,single+top2,58,2.0,13,4,22.41,10.57,6.9,28,30,21.43,23.33,26,32,23.08,21.88
S::conf_opposite_thinning_le_0.5011,single,834,28.759,96,116,11.51,78.05,13.91,417,417,13.43,9.59,409,425,11.49,11.53
S::conf_opposite_thinning_le_0.5011::top1,single+top1,29,1.0,10,1,34.48,8.13,3.45,14,15,35.71,33.33,15,14,40.0,28.57
S::conf_opposite_thinning_le_0.5011::top2,single+top2,58,2.0,14,2,24.14,11.38,3.45,28,30,25.0,23.33,27,31,29.63,19.35
S::conf_void_score_ge_1.0,single,1043,35.966,123,139,11.79,100.0,13.33,506,537,13.24,10.43,508,535,12.4,11.21
S::conf_void_score_ge_1.0::top1,single+top1,29,1.0,11,1,37.93,8.94,3.45,14,15,42.86,33.33,16,13,37.5,38.46
S::conf_void_score_ge_1.0::top2,single+top2,58,2.0,16,2,27.59,13.01,3.45,28,30,32.14,23.33,33,25,30.3,24.0
S::conf_void_score_le_1.0,single,1043,35.966,123,139,11.79,100.0,13.33,506,537,13.24,10.43,508,535,12.4,11.21
S::conf_void_score_le_1.0::top1,single+top1,29,1.0,11,1,37.93,8.94,3.45,14,15,42.86,33.33,16,13,37.5,38.46
S::conf_void_score_le_1.0::top2,single+top2,58,2.0,16,2,27.59,13.01,3.45,28,30,32.14,23.33,33,25,30.3,24.0
S::conf_void_score_ge_1.0,single,1043,35.966,123,139,11.79,100.0,13.33,506,537,13.24,10.43,508,535,12.4,11.21
S::conf_void_score_ge_1.0::top1,single+top1,29,1.0,11,1,37.93,8.94,3.45,14,15,42.86,33.33,16,13,37.5,38.46
S::conf_void_score_ge_1.0::top2,single+top2,58,2.0,16,2,27.59,13.01,3.45,28,30,32.14,23.33,33,25,30.3,24.0
S::conf_void_score_le_1.0,single,1043,35.966,123,139,11.79,100.0,13.33,506,537,13.24,10.43,508,535,12.4,11.21
S::conf_void_score_le_1.0::top1,single+top1,29,1.0,11,1,37.93,8.94,3.45,14,15,42.86,33.33,16,13,37.5,38.46
S::conf_void_score_le_1.0::top2,single+top2,58,2.0,16,2,27.59,13.01,3.45,28,30,32.14,23.33,33,25,30.3,24.0
S::conf_void_score_ge_1.0,single,1043,35.966,123,139,11.79,100.0,13.33,506,537,13.24,10.43,508,535,12.4,11.21
S::conf_void_score_ge_1.0::top1,single+top1,29,1.0,11,1,37.93,8.94,3.45,14,15,42.86,33.33,16,13,37.5,38.46
S::conf_void_score_ge_1.0::top2,single+top2,58,2.0,16,2,27.59,13.01,3.45,28,30,32.14,23.33,33,25,30.3,24.0
S::conf_void_score_le_1.0,single,1043,35.966,123,139,11.79,100.0,13.33,506,537,13.24,10.43,508,535,12.4,11.21
S::conf_void_score_le_1.0::top1,single+top1,29,1.0,11,1,37.93,8.94,3.45,14,15,42.86,33.33,16,13,37.5,38.46
S::conf_void_score_le_1.0::top2,single+top2,58,2.0,16,2,27.59,13.01,3.45,28,30,32.14,23.33,33,25,30.3,24.0
S::conf_void_score_ge_1.0,single,1043,35.966,123,139,11.79,100.0,13.33,506,537,13.24,10.43,508,535,12.4,11.21
S::conf_void_score_ge_1.0::top1,single+top1,29,1.0,11,1,37.93,8.94,3.45,14,15,42.86,33.33,16,13,37.5,38.46
S::conf_void_score_ge_1.0::top2,single+top2,58,2.0,16,2,27.59,13.01,3.45,28,30,32.14,23.33,33,25,30.3,24.0
S::conf_void_score_le_1.0,single,1043,35.966,123,139,11.79,100.0,13.33,506,537,13.24,10.43,508,535,12.4,11.21
S::conf_void_score_le_1.0::top1,single+top1,29,1.0,11,1,37.93,8.94,3.45,14,15,42.86,33.33,16,13,37.5,38.46
S::conf_void_score_le_1.0::top2,single+top2,58,2.0,16,2,27.59,13.01,3.45,28,30,32.14,23.33,33,25,30.3,24.0
S::score_absorption_ge_0.6072,single,835,28.793,94,110,11.26,76.42,13.17,409,426,11.49,11.03,402,433,11.94,10.62
S::score_absorption_ge_0.6072::top1,single+top1,29,1.0,9,1,31.03,7.32,3.45,14,15,28.57,33.33,16,13,37.5,23.08
S::score_absorption_ge_0.6072::top2,single+top2,58,2.0,13,2,22.41,10.57,3.45,28,30,21.43,23.33,32,26,25.0,19.23
S::score_absorption_le_0.6072,single,209,7.207,29,29,13.88,23.58,13.88,97,112,20.62,8.04,106,103,14.15,13.59
S::score_absorption_le_0.6072::top1,single+top1,29,1.0,6,3,20.69,4.88,10.34,14,15,35.71,6.67,13,16,23.08,18.75
S::score_absorption_le_0.6072::top2,single+top2,58,2.0,10,4,17.24,8.13,6.9,28,30,25.0,10.0,29,29,17.24,17.24
S::score_absorption_ge_0.6205,single,627,21.621,74,82,11.8,60.16,13.08,316,311,10.44,13.18,290,337,12.07,11.57
S::score_absorption_ge_0.6205::top1,single+top1,29,1.0,10,1,34.48,8.13,3.45,14,15,28.57,40.0,19,10,42.11,20.0
S::score_absorption_ge_0.6205::top2,single+top2,58,2.0,15,3,25.86,12.2,5.17,28,30,21.43,30.0,32,26,34.38,15.38
S::score_absorption_le_0.6205,single,417,14.379,49,57,11.75,39.84,13.67,191,226,17.8,6.64,219,198,12.79,10.61
S::score_absorption_le_0.6205::top1,single+top1,29,1.0,6,2,20.69,4.88,6.9,14,15,35.71,6.67,11,18,27.27,16.67
S::score_absorption_le_0.6205::top2,single+top2,58,2.0,9,2,15.52,7.32,3.45,28,30,25.0,6.67,28,30,14.29,16.67
S::score_absorption_ge_0.6449,single,419,14.448,49,51,11.69,39.84,12.17,198,221,10.61,12.67,199,220,12.06,11.36
S::score_absorption_ge_0.6449::top1,single+top1,29,1.0,10,2,34.48,8.13,6.9,14,15,35.71,33.33,20,9,45.0,11.11
S::score_absorption_ge_0.6449::top2,single+top2,58,2.0,12,2,20.69,9.76,3.45,28,30,17.86,23.33,29,29,34.48,6.9
S::score_absorption_le_0.6449,single,626,21.586,74,90,11.82,60.16,14.38,310,316,14.84,8.86,311,315,12.54,11.11
S::score_absorption_le_0.6449::top1,single+top1,29,1.0,8,1,27.59,6.5,3.45,14,15,35.71,20.0,12,17,25.0,29.41
S::score_absorption_le_0.6449::top2,single+top2,58,2.0,10,3,17.24,8.13,5.17,28,30,25.0,10.0,25,33,16.0,18.18
S::score_absorption_ge_0.6836,single,210,7.241,28,19,13.33,22.76,9.05,91,119,10.99,15.13,101,109,14.85,11.93
S::score_absorption_ge_0.6836::top1,single+top1,29,1.0,7,0,24.14,5.69,0.0,14,15,21.43,26.67,17,12,41.18,0.0
S::score_absorption_ge_0.6836::top2,single+top2,57,1.966,11,1,19.3,8.94,1.75,27,30,14.81,23.33,27,30,29.63,10.0
S::score_absorption_le_0.6836,single,834,28.759,95,120,11.39,77.24,14.39,415,419,13.73,9.07,407,427,11.79,11.01
S::score_absorption_le_0.6836::top1,single+top1,29,1.0,8,1,27.59,6.5,3.45,14,15,28.57,26.67,13,16,23.08,31.25
S::score_absorption_le_0.6836::top2,single+top2,58,2.0,12,3,20.69,9.76,5.17,28,30,28.57,13.33,26,32,23.08,18.75
S::score_refill_ge_0.4994,single,835,28.793,96,113,11.5,78.05,13.53,416,419,12.98,10.02,399,436,12.78,10.32
S::score_refill_ge_0.4994::top1,single+top1,29,1.0,8,1,27.59,6.5,3.45,14,15,42.86,13.33,15,14,33.33,21.43
S::score_refill_ge_0.4994::top2,single+top2,58,2.0,13,4,22.41,10.57,6.9,28,30,28.57,16.67,27,31,25.93,19.35
S::score_refill_le_0.4994,single,209,7.207,27,26,12.92,21.95,12.44,90,119,14.44,11.76,110,99,10.91,15.15
S::score_refill_le_0.4994::top1,single+top1,29,1.0,8,0,27.59,6.5,0.0,14,15,21.43,33.33,14,15,21.43,33.33
S::score_refill_le_0.4994::top2,single+top2,58,2.0,14,5,24.14,11.38,8.62,28,30,21.43,26.67,32,26,21.88,26.92
S::score_refill_ge_0.5,single,627,21.621,73,84,11.64,59.35,13.4,304,323,13.49,9.91,299,328,13.04,10.37
S::score_refill_ge_0.5::top1,single+top1,29,1.0,10,0,34.48,8.13,0.0,14,15,50.0,20.0,15,14,33.33,35.71
S::score_refill_ge_0.5::top2,single+top2,58,2.0,12,3,20.69,9.76,5.17,28,30,25.0,16.67,24,34,20.83,20.59
S::score_refill_le_0.5,single,417,14.379,50,55,11.99,40.65,13.19,202,215,12.87,11.16,209,208,11.48,12.5
S::score_refill_le_0.5::top1,single+top1,29,1.0,9,1,31.03,7.32,3.45,14,15,28.57,33.33,15,14,40.0,21.43
S::score_refill_le_0.5::top2,single+top2,58,2.0,14,3,24.14,11.38,5.17,28,30,21.43,26.67,32,26,28.12,19.23
S::score_refill_ge_0.5006,single,418,14.414,43,50,10.29,34.96,11.96,194,224,10.31,10.27,200,218,12.0,8.72
S::score_refill_ge_0.5006::top1,single+top1,29,1.0,8,1,27.59,6.5,3.45,14,15,28.57,26.67,12,17,25.0,29.41
S::score_refill_ge_0.5006::top2,single+top2,58,2.0,9,4,15.52,7.32,6.9,28,30,14.29,16.67,24,34,12.5,17.65
S::score_refill_le_0.5006,single,626,21.586,81,89,12.94,65.85,14.22,313,313,15.34,10.54,309,317,12.94,12.93
S::score_refill_le_0.5006::top1,single+top1,29,1.0,9,1,31.03,7.32,3.45,14,15,28.57,33.33,17,12,35.29,25.0
S::score_refill_le_0.5006::top2,single+top2,58,2.0,16,2,27.59,13.01,3.45,28,30,25.0,30.0,32,26,34.38,19.23
S::score_refill_ge_0.5013,single,210,7.241,23,25,10.95,18.7,11.9,94,116,10.64,11.21,94,116,11.7,10.34
S::score_refill_ge_0.5013::top1,single+top1,29,1.0,8,1,27.59,6.5,3.45,14,15,21.43,33.33,9,20,33.33,25.0
S::score_refill_ge_0.5013::top2,single+top2,58,2.0,13,4,22.41,10.57,6.9,28,30,17.86,26.67,21,37,28.57,18.92
S::score_refill_le_0.5013,single,834,28.759,100,114,11.99,81.3,13.67,412,422,13.83,10.19,414,420,12.56,11.43
S::score_refill_le_0.5013::top1,single+top1,29,1.0,8,2,27.59,6.5,6.9,14,15,35.71,20.0,16,13,31.25,23.08
S::score_refill_le_0.5013::top2,single+top2,58,2.0,13,3,22.41,10.57,5.17,28,30,25.0,20.0,32,26,25.0,19.23
S::score_ofi_ge_-0.1703,single,835,28.793,104,117,12.46,84.55,14.01,404,431,13.12,11.83,468,367,12.61,12.26
S::score_ofi_ge_-0.1703::top1,single+top1,29,1.0,11,0,37.93,8.94,0.0,14,15,35.71,40.0,16,13,37.5,38.46
S::score_ofi_ge_-0.1703::top2,single+top2,58,2.0,16,3,27.59,13.01,5.17,28,30,32.14,23.33,33,25,30.3,24.0
S::score_ofi_le_-0.1703,single,209,7.207,20,22,9.57,16.26,10.53,103,106,14.56,4.72,40,169,10.0,9.47
S::score_ofi_le_-0.1703::top1,single+top1,29,1.0,3,2,10.34,2.44,6.9,14,15,21.43,0.0,5,24,20.0,8.33
S::score_ofi_le_-0.1703::top2,single+top2,56,1.931,7,4,12.5,5.69,7.14,28,28,14.29,10.71,10,46,10.0,13.04
S::score_ofi_ge_-0.0443,single,627,21.621,69,95,11.0,56.1,15.15,314,313,12.74,9.27,402,225,11.19,10.67
S::score_ofi_ge_-0.0443::top1,single+top1,29,1.0,8,1,27.59,6.5,3.45,14,15,21.43,33.33,18,11,27.78,27.27
S::score_ofi_ge_-0.0443::top2,single+top2,58,2.0,13,4,22.41,10.57,6.9,28,30,25.0,20.0,37,21,24.32,19.05
S::score_ofi_le_-0.0443,single,417,14.379,54,44,12.95,43.9,10.55,193,224,13.99,12.05,107,310,16.82,11.61
S::score_ofi_le_-0.0443::top1,single+top1,29,1.0,7,2,24.14,5.69,6.9,14,15,35.71,13.33,11,18,36.36,16.67
S::score_ofi_le_-0.0443::top2,single+top2,58,2.0,13,3,22.41,10.57,5.17,28,30,21.43,23.33,16,42,31.25,19.05
S::score_ofi_ge_0.0645,single,418,14.414,47,62,11.24,38.21,14.83,212,206,12.74,9.71,290,128,10.69,12.5
S::score_ofi_ge_0.0645::top1,single+top1,29,1.0,8,1,27.59,6.5,3.45,14,15,21.43,33.33,19,10,26.32,30.0
S::score_ofi_ge_0.0645::top2,single+top2,58,2.0,14,3,24.14,11.38,5.17,28,30,25.0,23.33,44,14,25.0,21.43
S::score_ofi_le_0.0645,single,626,21.586,76,77,12.14,61.79,12.3,295,331,13.56,10.88,219,407,14.61,10.81
S::score_ofi_le_0.0645::top1,single+top1,29,1.0,6,1,20.69,4.88,3.45,14,15,35.71,6.67,12,17,25.0,17.65
S::score_ofi_le_0.0645::top2,single+top2,58,2.0,11,3,18.97,8.94,5.17,28,30,25.0,13.33,20,38,25.0,15.79
S::score_ofi_ge_0.175,single,210,7.241,18,36,8.57,14.63,17.14,100,110,10.0,7.27,163,47,7.98,10.64
S::score_ofi_ge_0.175::top1,single+top1,29,1.0,8,1,27.59,6.5,3.45,14,15,21.43,33.33,28,1,28.57,0.0
S::score_ofi_ge_0.175::top2,single+top2,58,2.0,11,4,18.97,8.94,6.9,28,30,14.29,23.33,50,8,20.0,12.5
S::score_ofi_le_0.175,single,834,28.759,105,103,12.59,85.37,12.35,406,428,14.04,11.21,346,488,14.45,11.27
S::score_ofi_le_0.175::top1,single+top1,29,1.0,10,1,34.48,8.13,3.45,14,15,42.86,26.67,15,14,33.33,35.71
S::score_ofi_le_0.175::top2,single+top2,58,2.0,12,3,20.69,9.76,5.17,28,30,28.57,13.33,23,35,26.09,17.14
S::score_liquidity_void_ge_1.0,single,1043,35.966,123,139,11.79,100.0,13.33,506,537,13.24,10.43,508,535,12.4,11.21
S::score_liquidity_void_ge_1.0::top1,single+top1,29,1.0,11,1,37.93,8.94,3.45,14,15,42.86,33.33,16,13,37.5,38.46
S::score_liquidity_void_ge_1.0::top2,single+top2,58,2.0,16,2,27.59,13.01,3.45,28,30,32.14,23.33,33,25,30.3,24.0
S::score_liquidity_void_le_1.0,single,1043,35.966,123,139,11.79,100.0,13.33,506,537,13.24,10.43,508,535,12.4,11.21
S::score_liquidity_void_le_1.0::top1,single+top1,29,1.0,11,1,37.93,8.94,3.45,14,15,42.86,33.33,16,13,37.5,38.46
S::score_liquidity_void_le_1.0::top2,single+top2,58,2.0,16,2,27.59,13.01,3.45,28,30,32.14,23.33,33,25,30.3,24.0
S::score_liquidity_void_ge_1.0,single,1043,35.966,123,139,11.79,100.0,13.33,506,537,13.24,10.43,508,535,12.4,11.21
S::score_liquidity_void_ge_1.0::top1,single+top1,29,1.0,11,1,37.93,8.94,3.45,14,15,42.86,33.33,16,13,37.5,38.46
S::score_liquidity_void_ge_1.0::top2,single+top2,58,2.0,16,2,27.59,13.01,3.45,28,30,32.14,23.33,33,25,30.3,24.0
S::score_liquidity_void_le_1.0,single,1043,35.966,123,139,11.79,100.0,13.33,506,537,13.24,10.43,508,535,12.4,11.21
S::score_liquidity_void_le_1.0::top1,single+top1,29,1.0,11,1,37.93,8.94,3.45,14,15,42.86,33.33,16,13,37.5,38.46
S::score_liquidity_void_le_1.0::top2,single+top2,58,2.0,16,2,27.59,13.01,3.45,28,30,32.14,23.33,33,25,30.3,24.0
S::score_liquidity_void_ge_1.0,single,1043,35.966,123,139,11.79,100.0,13.33,506,537,13.24,10.43,508,535,12.4,11.21
S::score_liquidity_void_ge_1.0::top1,single+top1,29,1.0,11,1,37.93,8.94,3.45,14,15,42.86,33.33,16,13,37.5,38.46
S::score_liquidity_void_ge_1.0::top2,single+top2,58,2.0,16,2,27.59,13.01,3.45,28,30,32.14,23.33,33,25,30.3,24.0
S::score_liquidity_void_le_1.0,single,1043,35.966,123,139,11.79,100.0,13.33,506,537,13.24,10.43,508,535,12.4,11.21
S::score_liquidity_void_le_1.0::top1,single+top1,29,1.0,11,1,37.93,8.94,3.45,14,15,42.86,33.33,16,13,37.5,38.46
S::score_liquidity_void_le_1.0::top2,single+top2,58,2.0,16,2,27.59,13.01,3.45,28,30,32.14,23.33,33,25,30.3,24.0
S::score_liquidity_void_ge_1.0,single,1043,35.966,123,139,11.79,100.0,13.33,506,537,13.24,10.43,508,535,12.4,11.21
S::score_liquidity_void_ge_1.0::top1,single+top1,29,1.0,11,1,37.93,8.94,3.45,14,15,42.86,33.33,16,13,37.5,38.46
S::score_liquidity_void_ge_1.0::top2,single+top2,58,2.0,16,2,27.59,13.01,3.45,28,30,32.14,23.33,33,25,30.3,24.0
S::score_liquidity_void_le_1.0,single,1043,35.966,123,139,11.79,100.0,13.33,506,537,13.24,10.43,508,535,12.4,11.21
S::score_liquidity_void_le_1.0::top1,single+top1,29,1.0,11,1,37.93,8.94,3.45,14,15,42.86,33.33,16,13,37.5,38.46
S::score_liquidity_void_le_1.0::top2,single+top2,58,2.0,16,2,27.59,13.01,3.45,28,30,32.14,23.33,33,25,30.3,24.0
S::score_trigger_ge_0.9698,single,501,17.276,54,53,10.78,43.9,10.58,232,269,12.93,8.92,258,243,14.34,7.0
S::score_trigger_ge_0.9698::top1,single+top1,29,1.0,10,1,34.48,8.13,3.45,14,15,35.71,33.33,15,14,33.33,35.71
S::score_trigger_ge_0.9698::top2,single+top2,58,2.0,16,2,27.59,13.01,3.45,28,30,32.14,23.33,33,25,30.3,24.0
S::score_trigger_le_0.9698,single,125,4.31,17,8,13.6,13.82,6.4,64,61,18.75,8.2,50,75,20.0,9.33
S::score_trigger_le_0.9698::top1,single+top1,29,1.0,8,0,27.59,6.5,0.0,14,15,28.57,26.67,10,19,40.0,21.05
S::score_trigger_le_0.9698::top2,single+top2,56,1.931,10,2,17.86,8.13,3.57,27,29,22.22,13.79,20,36,25.0,13.89
S::score_trigger_ge_0.9876,single,376,12.966,43,41,11.44,34.96,10.9,174,202,13.22,9.9,192,184,14.58,8.15
S::score_trigger_ge_0.9876::top1,single+top1,29,1.0,11,1,37.93,8.94,3.45,14,15,42.86,33.33,16,13,37.5,38.46
S::score_trigger_ge_0.9876::top2,single+top2,58,2.0,17,3,29.31,13.82,5.17,28,30,39.29,20.0,34,24,32.35,25.0
S::score_trigger_le_0.9876,single,250,8.621,28,20,11.2,22.76,8.0,121,129,15.7,6.98,117,133,16.24,6.77
S::score_trigger_le_0.9876::top1,single+top1,29,1.0,6,1,20.69,4.88,3.45,14,15,28.57,13.33,14,15,21.43,20.0
S::score_trigger_le_0.9876::top2,single+top2,58,2.0,12,4,20.69,9.76,6.9,28,30,28.57,13.33,28,30,25.0,16.67
S::score_trigger_ge_1.0,single,326,11.241,38,35,11.66,30.89,10.74,151,175,13.25,10.29,158,168,14.56,8.93
S::score_trigger_ge_1.0::top1,single+top1,29,1.0,13,0,44.83,10.57,0.0,14,15,50.0,40.0,16,13,43.75,46.15
S::score_trigger_ge_1.0::top2,single+top2,58,2.0,17,2,29.31,13.82,3.45,28,30,39.29,20.0,31,27,35.48,22.22
S::score_trigger_le_1.0,single,625,21.552,71,61,11.36,57.72,9.76,295,330,14.24,8.79,308,317,15.26,7.57
S::score_trigger_le_1.0::top1,single+top1,29,1.0,11,1,37.93,8.94,3.45,14,15,42.86,33.33,16,13,37.5,38.46
S::score_trigger_le_1.0::top2,single+top2,58,2.0,16,2,27.59,13.01,3.45,28,30,32.14,23.33,33,25,30.3,24.0
S::score_trigger_ge_1.0,single,326,11.241,38,35,11.66,30.89,10.74,151,175,13.25,10.29,158,168,14.56,8.93
S::score_trigger_ge_1.0::top1,single+top1,29,1.0,13,0,44.83,10.57,0.0,14,15,50.0,40.0,16,13,43.75,46.15
S::score_trigger_ge_1.0::top2,single+top2,58,2.0,17,2,29.31,13.82,3.45,28,30,39.29,20.0,31,27,35.48,22.22
S::score_trigger_le_1.0,single,625,21.552,71,61,11.36,57.72,9.76,295,330,14.24,8.79,308,317,15.26,7.57
S::score_trigger_le_1.0::top1,single+top1,29,1.0,11,1,37.93,8.94,3.45,14,15,42.86,33.33,16,13,37.5,38.46
S::score_trigger_le_1.0::top2,single+top2,58,2.0,16,2,27.59,13.01,3.45,28,30,32.14,23.33,33,25,30.3,24.0
S::zone_width_pct_ge_0.1569,single,835,28.793,94,119,11.26,76.42,14.25,427,408,13.11,9.31,404,431,11.39,11.14
S::zone_width_pct_ge_0.1569::top1,single+top1,29,1.0,9,1,31.03,7.32,3.45,14,15,42.86,20.0,17,12,29.41,33.33
S::zone_width_pct_ge_0.1569::top2,single+top2,58,2.0,13,2,22.41,10.57,3.45,28,30,28.57,16.67,28,30,28.57,16.67
S::zone_width_pct_le_0.1569,single,209,7.207,30,20,14.35,24.39,9.57,79,130,13.92,14.62,104,105,16.35,12.38
S::zone_width_pct_le_0.1569::top1,single+top1,27,0.931,5,4,18.52,4.07,14.81,12,15,0.0,33.33,13,14,23.08,14.29
S::zone_width_pct_le_0.1569::top2,single+top2,53,1.828,9,8,16.98,7.32,15.09,23,30,8.7,23.33,25,28,24.0,10.71
S::zone_width_pct_ge_0.2324,single,627,21.621,67,89,10.69,54.47,14.19,329,298,13.37,7.72,307,320,10.42,10.94
S::zone_width_pct_ge_0.2324::top1,single+top1,29,1.0,5,0,17.24,4.07,0.0,14,15,28.57,6.67,13,16,23.08,12.5
S::zone_width_pct_ge_0.2324::top2,single+top2,58,2.0,10,2,17.24,8.13,3.45,28,30,28.57,6.67,29,29,20.69,13.79
S::zone_width_pct_le_0.2324,single,417,14.379,56,51,13.43,45.53,12.23,178,239,12.92,13.81,202,215,15.35,11.63
S::zone_width_pct_le_0.2324::top1,single+top1,29,1.0,10,1,34.48,8.13,3.45,14,15,21.43,46.67,13,16,38.46,31.25
S::zone_width_pct_le_0.2324::top2,single+top2,58,2.0,13,5,22.41,10.57,8.62,28,30,14.29,30.0,26,32,26.92,18.75
S::zone_width_pct_ge_0.3424,single,418,14.414,49,59,11.72,39.84,14.11,237,181,14.77,7.73,204,214,11.76,11.68
S::zone_width_pct_ge_0.3424::top1,single+top1,29,1.0,5,0,17.24,4.07,0.0,14,15,35.71,0.0,13,16,30.77,6.25
S::zone_width_pct_ge_0.3424::top2,single+top2,56,1.931,11,0,19.64,8.94,0.0,28,28,35.71,3.57,30,26,26.67,11.54
S::zone_width_pct_le_0.3424,single,626,21.586,74,81,11.82,60.16,12.94,269,357,11.9,11.76,305,321,12.79,10.9
S::zone_width_pct_le_0.3424::top1,single+top1,29,1.0,10,1,34.48,8.13,3.45,14,15,28.57,40.0,15,14,33.33,35.71
S::zone_width_pct_le_0.3424::top2,single+top2,58,2.0,12,3,20.69,9.76,5.17,28,30,17.86,23.33,31,27,22.58,18.52
S::zone_width_pct_ge_0.5231,single,210,7.241,20,31,9.52,16.26,14.76,130,80,10.0,8.75,104,106,12.5,6.6
S::zone_width_pct_ge_0.5231::top1,single+top1,27,0.931,5,1,18.52,4.07,3.7,14,13,35.71,0.0,16,11,25.0,9.09
S::zone_width_pct_ge_0.5231::top2,single+top2,53,1.828,8,2,15.09,6.5,3.77,27,26,25.93,3.85,31,22,22.58,4.55
S::zone_width_pct_le_0.5231,single,834,28.759,103,108,12.35,83.74,12.95,377,457,14.32,10.72,405,429,12.35,12.35
S::zone_width_pct_le_0.5231::top1,single+top1,29,1.0,9,1,31.03,7.32,3.45,14,15,28.57,33.33,15,14,26.67,35.71
S::zone_width_pct_le_0.5231::top2,single+top2,58,2.0,14,3,24.14,11.38,5.17,28,30,25.0,23.33,32,26,25.0,23.08
S::same_dir_zones_active_60m_ge_0.0,single,1043,35.966,123,139,11.79,100.0,13.33,506,537,13.24,10.43,508,535,12.4,11.21
S::same_dir_zones_active_60m_ge_0.0::top1,single+top1,29,1.0,11,1,37.93,8.94,3.45,14,15,42.86,33.33,16,13,37.5,38.46
S::same_dir_zones_active_60m_ge_0.0::top2,single+top2,58,2.0,16,2,27.59,13.01,3.45,28,30,32.14,23.33,33,25,30.3,24.0
S::same_dir_zones_active_60m_le_0.0,single,447,15.414,59,61,13.2,47.97,13.65,215,232,14.88,11.64,216,231,14.35,12.12
S::same_dir_zones_active_60m_le_0.0::top1,single+top1,29,1.0,11,1,37.93,8.94,3.45,14,15,42.86,33.33,15,14,40.0,35.71
S::same_dir_zones_active_60m_le_0.0::top2,single+top2,58,2.0,15,6,25.86,12.2,10.34,28,30,28.57,23.33,26,32,34.62,18.75
S::same_dir_zones_active_60m_ge_0.0,single,1043,35.966,123,139,11.79,100.0,13.33,506,537,13.24,10.43,508,535,12.4,11.21
S::same_dir_zones_active_60m_ge_0.0::top1,single+top1,29,1.0,11,1,37.93,8.94,3.45,14,15,42.86,33.33,16,13,37.5,38.46
S::same_dir_zones_active_60m_ge_0.0::top2,single+top2,58,2.0,16,2,27.59,13.01,3.45,28,30,32.14,23.33,33,25,30.3,24.0
S::same_dir_zones_active_60m_le_0.0,single,447,15.414,59,61,13.2,47.97,13.65,215,232,14.88,11.64,216,231,14.35,12.12
S::same_dir_zones_active_60m_le_0.0::top1,single+top1,29,1.0,11,1,37.93,8.94,3.45,14,15,42.86,33.33,15,14,40.0,35.71
S::same_dir_zones_active_60m_le_0.0::top2,single+top2,58,2.0,15,6,25.86,12.2,10.34,28,30,28.57,23.33,26,32,34.62,18.75
S::same_dir_zones_active_60m_ge_1.0,single,596,20.552,64,78,10.74,52.03,13.09,291,305,12.03,9.51,292,304,10.96,10.53
S::same_dir_zones_active_60m_ge_1.0::top1,single+top1,29,1.0,7,1,24.14,5.69,3.45,14,15,28.57,20.0,14,15,28.57,20.0
S::same_dir_zones_active_60m_ge_1.0::top2,single+top2,58,2.0,10,2,17.24,8.13,3.45,28,30,17.86,16.67,27,31,18.52,16.13
S::same_dir_zones_active_60m_le_1.0,single,787,27.138,96,106,12.2,78.05,13.47,369,418,14.09,10.53,394,393,13.2,11.2
S::same_dir_zones_active_60m_le_1.0::top1,single+top1,29,1.0,11,1,37.93,8.94,3.45,14,15,42.86,33.33,15,14,40.0,35.71
S::same_dir_zones_active_60m_le_1.0::top2,single+top2,58,2.0,16,2,27.59,13.01,3.45,28,30,32.14,23.33,30,28,30.0,25.0
S::same_dir_zones_active_60m_ge_2.0,single,256,8.828,27,33,10.55,21.95,12.89,137,119,10.95,10.08,114,142,9.65,11.27
S::same_dir_zones_active_60m_ge_2.0::top1,single+top1,29,1.0,3,0,10.34,2.44,0.0,14,15,0.0,20.0,8,21,12.5,9.52
S::same_dir_zones_active_60m_ge_2.0::top2,single+top2,57,1.966,6,1,10.53,4.88,1.75,28,29,7.14,13.79,25,32,12.0,9.38
S::same_dir_zones_active_60m_le_2.0,single,963,33.207,113,127,11.73,91.87,13.19,464,499,12.93,10.62,478,485,11.92,11.55
S::same_dir_zones_active_60m_le_2.0::top1,single+top1,29,1.0,10,1,34.48,8.13,3.45,14,15,42.86,26.67,15,14,33.33,35.71
S::same_dir_zones_active_60m_le_2.0::top2,single+top2,58,2.0,15,2,25.86,12.2,3.45,28,30,32.14,20.0,31,27,25.81,25.93
S::opp_dir_zones_active_60m_ge_0.0,single,1043,35.966,123,139,11.79,100.0,13.33,506,537,13.24,10.43,508,535,12.4,11.21
S::opp_dir_zones_active_60m_ge_0.0::top1,single+top1,29,1.0,11,1,37.93,8.94,3.45,14,15,42.86,33.33,16,13,37.5,38.46
S::opp_dir_zones_active_60m_ge_0.0::top2,single+top2,58,2.0,16,2,27.59,13.01,3.45,28,30,32.14,23.33,33,25,30.3,24.0
S::opp_dir_zones_active_60m_le_0.0,single,433,14.931,55,41,12.7,44.72,9.47,209,224,15.31,10.27,209,224,14.35,11.16
S::opp_dir_zones_active_60m_le_0.0::top1,single+top1,29,1.0,11,0,37.93,8.94,0.0,14,15,42.86,33.33,14,15,35.71,40.0
S::opp_dir_zones_active_60m_le_0.0::top2,single+top2,58,2.0,15,1,25.86,12.2,1.72,28,30,28.57,23.33,29,29,31.03,20.69
S::opp_dir_zones_active_60m_ge_0.0,single,1043,35.966,123,139,11.79,100.0,13.33,506,537,13.24,10.43,508,535,12.4,11.21
S::opp_dir_zones_active_60m_ge_0.0::top1,single+top1,29,1.0,11,1,37.93,8.94,3.45,14,15,42.86,33.33,16,13,37.5,38.46
S::opp_dir_zones_active_60m_ge_0.0::top2,single+top2,58,2.0,16,2,27.59,13.01,3.45,28,30,32.14,23.33,33,25,30.3,24.0
S::opp_dir_zones_active_60m_le_0.0,single,433,14.931,55,41,12.7,44.72,9.47,209,224,15.31,10.27,209,224,14.35,11.16
S::opp_dir_zones_active_60m_le_0.0::top1,single+top1,29,1.0,11,0,37.93,8.94,0.0,14,15,42.86,33.33,14,15,35.71,40.0
S::opp_dir_zones_active_60m_le_0.0::top2,single+top2,58,2.0,15,1,25.86,12.2,1.72,28,30,28.57,23.33,29,29,31.03,20.69
S::opp_dir_zones_active_60m_ge_1.0,single,610,21.034,68,98,11.15,55.28,16.07,297,313,11.78,10.54,299,311,11.04,11.25
S::opp_dir_zones_active_60m_ge_1.0::top1,single+top1,29,1.0,3,6,10.34,2.44,20.69,14,15,14.29,6.67,15,14,13.33,7.14
S::opp_dir_zones_active_60m_ge_1.0::top2,single+top2,58,2.0,9,9,15.52,7.32,15.52,28,30,17.86,13.33,26,32,15.38,15.62
S::opp_dir_zones_active_60m_le_1.0,single,726,25.034,90,79,12.4,73.17,10.88,346,380,13.29,11.58,337,389,13.65,11.31
S::opp_dir_zones_active_60m_le_1.0::top1,single+top1,29,1.0,10,1,34.48,8.13,3.45,14,15,35.71,33.33,15,14,33.33,35.71
S::opp_dir_zones_active_60m_le_1.0::top2,single+top2,58,2.0,15,2,25.86,12.2,3.45,28,30,28.57,23.33,30,28,30.0,21.43
S::opp_dir_zones_active_60m_ge_2.0,single,317,10.931,33,60,10.41,26.83,18.93,160,157,13.12,7.64,171,146,9.94,10.96
S::opp_dir_zones_active_60m_ge_2.0::top1,single+top1,29,1.0,3,4,10.34,2.44,13.79,14,15,21.43,0.0,16,13,18.75,0.0
S::opp_dir_zones_active_60m_ge_2.0::top2,single+top2,58,2.0,8,8,13.79,6.5,13.79,28,30,17.86,10.0,32,26,18.75,7.69
S::opp_dir_zones_active_60m_le_2.0,single,943,32.517,114,113,12.09,92.68,11.98,458,485,13.54,10.72,442,501,12.44,11.78
S::opp_dir_zones_active_60m_le_2.0::top1,single+top1,29,1.0,10,1,34.48,8.13,3.45,14,15,35.71,33.33,15,14,33.33,35.71
S::opp_dir_zones_active_60m_le_2.0::top2,single+top2,58,2.0,15,2,25.86,12.2,3.45,28,30,28.57,23.33,30,28,30.0,21.43
S::prior_move_15m_pct_ge_-0.1923,single,836,28.828,104,108,12.44,84.55,12.92,404,432,14.11,10.88,423,413,12.29,12.59
S::prior_move_15m_pct_ge_-0.1923::top1,single+top1,29,1.0,10,1,34.48,8.13,3.45,14,15,35.71,33.33,17,12,35.29,33.33
S::prior_move_15m_pct_ge_-0.1923::top2,single+top2,58,2.0,16,2,27.59,13.01,3.45,28,30,32.14,23.33,33,25,33.33,20.0
S::prior_move_15m_pct_le_-0.1923,single,209,7.207,19,33,9.09,15.45,15.79,104,105,9.62,8.57,85,124,12.94,6.45
S::prior_move_15m_pct_le_-0.1923::top1,single+top1,28,0.966,5,2,17.86,4.07,7.14,14,14,21.43,14.29,12,16,16.67,18.75
S::prior_move_15m_pct_le_-0.1923::top2,single+top2,56,1.931,8,3,14.29,6.5,5.36,28,28,21.43,7.14,22,34,13.64,14.71
S::prior_move_15m_pct_ge_-0.0599,single,627,21.621,80,82,12.76,65.04,13.08,315,312,13.65,11.86,312,315,12.18,13.33
S::prior_move_15m_pct_ge_-0.0599::top1,single+top1,29,1.0,11,1,37.93,8.94,3.45,14,15,42.86,33.33,16,13,43.75,30.77
S::prior_move_15m_pct_ge_-0.0599::top2,single+top2,58,2.0,15,4,25.86,12.2,6.9,28,30,32.14,20.0,31,27,32.26,18.52
S::prior_move_15m_pct_le_-0.0599,single,417,14.379,43,57,10.31,34.96,13.67,192,225,12.5,8.44,196,221,12.76,8.14
S::prior_move_15m_pct_le_-0.0599::top1,single+top1,29,1.0,5,2,17.24,4.07,6.9,14,15,14.29,20.0,13,16,23.08,12.5
S::prior_move_15m_pct_le_-0.0599::top2,single+top2,58,2.0,8,5,13.79,6.5,8.62,28,30,17.86,10.0,25,33,20.0,9.09
S::prior_move_15m_pct_ge_0.0423,single,418,14.414,55,48,13.16,44.72,11.48,218,200,13.76,12.5,202,216,11.88,14.35
S::prior_move_15m_pct_ge_0.0423::top1,single+top1,29,1.0,8,1,27.59,6.5,3.45,14,15,35.71,20.0,14,15,35.71,20.0
S::prior_move_15m_pct_ge_0.0423::top2,single+top2,58,2.0,11,4,18.97,8.94,6.9,28,30,25.0,13.33,28,30,25.0,13.33
S::prior_move_15m_pct_le_0.0423,single,626,21.586,68,91,10.86,55.28,14.54,289,337,12.8,9.2,307,319,12.7,9.09
S::prior_move_15m_pct_le_0.0423::top1,single+top1,29,1.0,7,1,24.14,5.69,3.45,14,15,14.29,33.33,16,13,25.0,23.08
S::prior_move_15m_pct_le_0.0423::top2,single+top2,58,2.0,11,4,18.97,8.94,6.9,28,30,17.86,20.0,30,28,23.33,14.29
S::prior_move_15m_pct_ge_0.1777,single,210,7.241,24,27,11.43,19.51,12.86,108,102,10.19,12.75,108,102,12.96,9.8
S::prior_move_15m_pct_ge_0.1777::top1,single+top1,28,0.966,6,0,21.43,4.88,0.0,14,14,21.43,21.43,15,13,33.33,7.69
S::prior_move_15m_pct_ge_0.1777::top2,single+top2,54,1.862,9,3,16.67,7.32,5.56,27,27,14.81,18.52,26,28,23.08,10.71
S::prior_move_15m_pct_le_0.1777,single,834,28.759,99,112,11.87,80.49,13.43,399,435,14.04,9.89,400,434,12.25,11.52
S::prior_move_15m_pct_le_0.1777::top1,single+top1,29,1.0,11,1,37.93,8.94,3.45,14,15,35.71,40.0,16,13,37.5,38.46
S::prior_move_15m_pct_le_0.1777::top2,single+top2,58,2.0,14,5,24.14,11.38,8.62,28,30,25.0,23.33,30,28,23.33,25.0
S::prior_move_30m_pct_ge_-0.304,single,835,28.793,107,115,12.81,86.99,13.77,413,422,14.04,11.61,442,393,12.44,13.23
S::prior_move_30m_pct_ge_-0.304::top1,single+top1,29,1.0,10,1,34.48,8.13,3.45,14,15,42.86,26.67,17,12,35.29,33.33
S::prior_move_30m_pct_ge_-0.304::top2,single+top2,58,2.0,16,2,27.59,13.01,3.45,28,30,32.14,23.33,33,25,30.3,24.0
S::prior_move_30m_pct_le_-0.304,single,209,7.207,16,24,7.66,13.01,11.48,94,115,9.57,6.09,66,143,12.12,5.59
S::prior_move_30m_pct_le_-0.304::top1,single+top1,27,0.931,3,2,11.11,2.44,7.41,13,14,7.69,14.29,6,21,16.67,9.52
S::prior_move_30m_pct_le_-0.304::top2,single+top2,52,1.793,6,4,11.54,4.88,7.69,25,27,8.0,14.81,17,35,17.65,8.57
S::prior_move_30m_pct_ge_-0.0998,single,627,21.621,86,95,13.72,69.92,15.15,309,318,15.21,12.26,351,276,12.54,15.22
S::prior_move_30m_pct_ge_-0.0998::top1,single+top1,29,1.0,9,1,31.03,7.32,3.45,14,15,35.71,26.67,17,12,35.29,25.0
S::prior_move_30m_pct_ge_-0.0998::top2,single+top2,58,2.0,15,3,25.86,12.2,5.17,28,30,35.71,16.67,35,23,31.43,17.39
S::prior_move_30m_pct_le_-0.0998,single,417,14.379,37,45,8.87,30.08,10.79,197,220,10.15,7.73,158,259,12.03,6.95
S::prior_move_30m_pct_le_-0.0998::top1,single+top1,29,1.0,5,3,17.24,4.07,10.34,14,15,7.14,26.67,9,20,22.22,15.0
S::prior_move_30m_pct_le_-0.0998::top2,single+top2,58,2.0,7,4,12.07,5.69,6.9,28,30,7.14,16.67,17,41,17.65,9.76
S::prior_move_30m_pct_ge_0.1138,single,418,14.414,57,64,13.64,46.34,15.31,208,210,15.38,11.9,241,177,12.03,15.82
S::prior_move_30m_pct_ge_0.1138::top1,single+top1,29,1.0,4,3,13.79,3.25,10.34,14,15,21.43,6.67,19,10,21.05,0.0
S::prior_move_30m_pct_ge_0.1138::top2,single+top2,58,2.0,11,3,18.97,8.94,5.17,28,30,28.57,10.0,38,20,23.68,10.0
S::prior_move_30m_pct_le_0.1138,single,626,21.586,66,75,10.54,53.66,11.98,298,328,11.74,9.45,268,358,12.69,8.94
S::prior_move_30m_pct_le_0.1138::top1,single+top1,29,1.0,11,0,37.93,8.94,0.0,14,15,28.57,46.67,14,15,42.86,33.33
S::prior_move_30m_pct_le_0.1138::top2,single+top2,58,2.0,12,2,20.69,9.76,3.45,28,30,17.86,23.33,24,34,29.17,14.71
S::prior_move_30m_pct_ge_0.3297,single,210,7.241,28,40,13.33,22.76,19.05,130,80,14.62,11.25,134,76,12.69,14.47
S::prior_move_30m_pct_ge_0.3297::top1,single+top1,27,0.931,5,1,18.52,4.07,3.7,13,14,30.77,7.14,23,4,21.74,0.0
S::prior_move_30m_pct_ge_0.3297::top2,single+top2,51,1.759,7,4,13.73,5.69,7.84,25,26,24.0,3.85,40,11,17.5,0.0
S::prior_move_30m_pct_le_0.3297,single,834,28.759,95,99,11.39,77.24,11.87,376,458,12.77,10.26,375,459,12.27,10.68
S::prior_move_30m_pct_le_0.3297::top1,single+top1,29,1.0,11,1,37.93,8.94,3.45,14,15,35.71,40.0,16,13,37.5,38.46
S::prior_move_30m_pct_le_0.3297::top2,single+top2,58,2.0,14,3,24.14,11.38,5.17,28,30,25.0,23.33,32,26,25.0,23.08
S::prior_move_60m_pct_ge_-0.5147,single,836,28.828,111,113,13.28,90.24,13.52,413,423,14.04,12.53,441,395,13.38,13.16
S::prior_move_60m_pct_ge_-0.5147::top1,single+top1,29,1.0,11,1,37.93,8.94,3.45,14,15,42.86,33.33,16,13,37.5,38.46
S::prior_move_60m_pct_ge_-0.5147::top2,single+top2,58,2.0,18,2,31.03,14.63,3.45,28,30,35.71,26.67,34,24,32.35,29.17
S::prior_move_60m_pct_le_-0.5147,single,209,7.207,12,26,5.74,9.76,12.44,93,116,9.68,2.59,67,142,5.97,5.63
S::prior_move_60m_pct_le_-0.5147::top1,single+top1,25,0.862,1,1,4.0,0.81,4.0,12,13,0.0,7.69,7,18,0.0,5.56
S::prior_move_60m_pct_le_-0.5147::top2,single+top2,50,1.724,2,3,4.0,1.63,6.0,24,26,0.0,7.69,15,35,0.0,5.71
S::prior_move_60m_pct_ge_-0.1913,single,627,21.621,85,90,13.56,69.11,14.35,318,309,15.09,11.97,350,277,12.29,15.16
S::prior_move_60m_pct_ge_-0.1913::top1,single+top1,29,1.0,8,1,27.59,6.5,3.45,14,15,28.57,26.67,18,11,27.78,27.27
S::prior_move_60m_pct_ge_-0.1913::top2,single+top2,58,2.0,15,3,25.86,12.2,5.17,28,30,28.57,23.33,33,25,27.27,24.0
S::prior_move_60m_pct_le_-0.1913,single,417,14.379,38,49,9.11,30.89,11.75,188,229,10.11,8.3,158,259,12.66,6.95
S::prior_move_60m_pct_le_-0.1913::top1,single+top1,29,1.0,4,2,13.79,3.25,6.9,14,15,14.29,13.33,7,22,28.57,9.09
S::prior_move_60m_pct_le_-0.1913::top2,single+top2,58,2.0,6,5,10.34,4.88,8.62,28,30,7.14,13.33,21,37,19.05,5.41
S::prior_move_60m_pct_ge_0.1551,single,418,14.414,57,66,13.64,46.34,15.79,231,187,15.58,11.23,244,174,11.89,16.09
S::prior_move_60m_pct_ge_0.1551::top1,single+top1,29,1.0,5,2,17.24,4.07,6.9,14,15,21.43,13.33,17,12,17.65,16.67
S::prior_move_60m_pct_ge_0.1551::top2,single+top2,58,2.0,12,2,20.69,9.76,3.45,28,30,32.14,10.0,36,22,22.22,18.18
S::prior_move_60m_pct_le_0.1551,single,626,21.586,66,73,10.54,53.66,11.66,275,351,11.27,9.97,264,362,12.88,8.84
S::prior_move_60m_pct_le_0.1551::top1,single+top1,29,1.0,9,2,31.03,7.32,6.9,14,15,28.57,33.33,13,16,38.46,25.0
S::prior_move_60m_pct_le_0.1551::top2,single+top2,58,2.0,13,4,22.41,10.57,6.9,28,30,17.86,26.67,25,33,32.0,15.15
S::prior_move_60m_pct_ge_0.4683,single,210,7.241,29,40,13.81,23.58,19.05,130,80,14.62,12.5,131,79,9.92,20.25
S::prior_move_60m_pct_ge_0.4683::top1,single+top1,27,0.931,3,2,11.11,2.44,7.41,13,14,23.08,0.0,22,5,13.64,0.0
S::prior_move_60m_pct_ge_0.4683::top2,single+top2,52,1.793,9,6,17.31,7.32,11.54,25,27,28.0,7.41,37,15,16.22,20.0
S::prior_move_60m_pct_le_0.4683,single,834,28.759,94,99,11.27,76.42,11.87,376,458,12.77,10.04,377,457,13.26,9.63
S::prior_move_60m_pct_le_0.4683::top1,single+top1,29,1.0,10,1,34.48,8.13,3.45,14,15,35.71,33.33,15,14,33.33,35.71
S::prior_move_60m_pct_le_0.4683::top2,single+top2,58,2.0,14,3,24.14,11.38,5.17,28,30,25.0,23.33,31,27,25.81,22.22
S::prior_move_180m_pct_ge_-0.718,single,835,28.793,114,117,13.65,92.68,14.01,417,418,14.63,12.68,431,404,14.15,13.12
S::prior_move_180m_pct_ge_-0.718::top1,single+top1,29,1.0,11,1,37.93,8.94,3.45,14,15,42.86,33.33,16,13,37.5,38.46
S::prior_move_180m_pct_ge_-0.718::top2,single+top2,58,2.0,17,2,29.31,13.82,3.45,28,30,35.71,23.33,34,24,32.35,25.0
S::prior_move_180m_pct_le_-0.718,single,209,7.207,9,22,4.31,7.32,10.53,90,119,6.67,2.52,78,131,2.56,5.34
S::prior_move_180m_pct_le_-0.718::top1,single+top1,25,0.862,1,2,4.0,0.81,8.0,13,12,0.0,8.33,10,15,0.0,6.67
S::prior_move_180m_pct_le_-0.718::top2,single+top2,48,1.655,1,6,2.08,0.81,12.5,25,23,0.0,4.35,20,28,0.0,3.57
S::prior_move_180m_pct_ge_-0.2247,single,627,21.621,90,98,14.35,73.17,15.63,328,299,15.24,13.38,341,286,14.66,13.99
S::prior_move_180m_pct_ge_-0.2247::top1,single+top1,29,1.0,10,1,34.48,8.13,3.45,14,15,28.57,40.0,17,12,35.29,33.33
S::prior_move_180m_pct_ge_-0.2247::top2,single+top2,58,2.0,16,2,27.59,13.01,3.45,28,30,32.14,23.33,35,23,31.43,21.74
S::prior_move_180m_pct_le_-0.2247,single,417,14.379,33,41,7.91,26.83,9.83,178,239,9.55,6.69,167,250,7.78,8.0
S::prior_move_180m_pct_le_-0.2247::top1,single+top1,29,1.0,3,1,10.34,2.44,3.45,14,15,14.29,6.67,10,19,20.0,5.26
S::prior_move_180m_pct_le_-0.2247::top2,single+top2,58,2.0,3,5,5.17,2.44,8.62,28,30,7.14,3.33,19,39,10.53,2.56
S::prior_move_180m_pct_ge_0.2478,single,418,14.414,55,72,13.16,44.72,17.22,243,175,14.4,11.43,239,179,12.55,13.97
S::prior_move_180m_pct_ge_0.2478::top1,single+top1,29,1.0,4,2,13.79,3.25,6.9,14,15,28.57,0.0,19,10,15.79,10.0
S::prior_move_180m_pct_ge_0.2478::top2,single+top2,58,2.0,14,2,24.14,11.38,3.45,28,30,35.71,13.33,36,22,25.0,22.73
S::prior_move_180m_pct_le_0.2478,single,626,21.586,68,67,10.86,55.28,10.7,263,363,12.17,9.92,270,356,12.22,9.83
S::prior_move_180m_pct_le_0.2478::top1,single+top1,29,1.0,10,1,34.48,8.13,3.45,14,15,28.57,40.0,15,14,33.33,35.71
S::prior_move_180m_pct_le_0.2478::top2,single+top2,58,2.0,12,3,20.69,9.76,5.17,28,30,14.29,26.67,28,30,25.0,16.67
S::prior_move_180m_pct_ge_0.8567,single,210,7.241,20,46,9.52,16.26,21.9,136,74,10.29,8.11,123,87,8.94,10.34
S::prior_move_180m_pct_ge_0.8567::top1,single+top1,22,0.759,2,0,9.09,1.63,0.0,11,11,18.18,0.0,16,6,12.5,0.0
S::prior_move_180m_pct_ge_0.8567::top2,single+top2,43,1.483,4,0,9.3,3.25,0.0,22,21,18.18,0.0,32,11,12.5,0.0
S::prior_move_180m_pct_le_0.8567,single,834,28.759,103,93,12.35,83.74,11.15,370,464,14.32,10.78,385,449,13.51,11.36
S::prior_move_180m_pct_le_0.8567::top1,single+top1,29,1.0,11,1,37.93,8.94,3.45,14,15,35.71,40.0,15,14,40.0,35.71
S::prior_move_180m_pct_le_0.8567::top2,single+top2,58,2.0,16,4,27.59,13.01,6.9,28,30,28.57,26.67,30,28,33.33,21.43
S::abs_prior_move_15m_pct_ge_0.0537,single,835,28.793,99,104,11.86,80.49,12.46,407,428,13.02,10.75,396,439,12.37,11.39
S::abs_prior_move_15m_pct_ge_0.0537::top1,single+top1,29,1.0,10,1,34.48,8.13,3.45,14,15,35.71,33.33,15,14,40.0,28.57
S::abs_prior_move_15m_pct_ge_0.0537::top2,single+top2,58,2.0,13,3,22.41,10.57,5.17,28,30,25.0,20.0,26,32,30.77,15.62
S::abs_prior_move_15m_pct_le_0.0537,single,209,7.207,24,35,11.48,19.51,16.75,100,109,14.0,9.17,112,97,12.5,10.31
S::abs_prior_move_15m_pct_le_0.0537::top1,single+top1,29,1.0,6,2,20.69,4.88,6.9,14,15,14.29,26.67,17,12,23.53,16.67
S::abs_prior_move_15m_pct_le_0.0537::top2,single+top2,58,2.0,11,6,18.97,8.94,10.34,28,30,17.86,20.0,33,25,24.24,12.0
S::abs_prior_move_15m_pct_ge_0.1135,single,628,21.655,64,86,10.19,52.03,13.69,312,316,11.22,9.18,296,332,12.84,7.83
S::abs_prior_move_15m_pct_ge_0.1135::top1,single+top1,29,1.0,6,1,20.69,4.88,3.45,14,15,28.57,13.33,14,15,28.57,13.33
S::abs_prior_move_15m_pct_ge_0.1135::top2,single+top2,58,2.0,14,3,24.14,11.38,5.17,28,30,35.71,13.33,26,32,38.46,12.5
S::abs_prior_move_15m_pct_le_0.1135,single,417,14.379,59,53,14.15,47.97,12.71,194,223,16.49,12.11,212,205,11.79,16.59
S::abs_prior_move_15m_pct_le_0.1135::top1,single+top1,29,1.0,9,1,31.03,7.32,3.45,14,15,21.43,40.0,15,14,26.67,35.71
S::abs_prior_move_15m_pct_le_0.1135::top2,single+top2,58,2.0,13,3,22.41,10.57,5.17,28,30,17.86,26.67,29,29,20.69,24.14
S::abs_prior_move_15m_pct_ge_0.1846,single,418,14.414,44,64,10.53,35.77,15.31,212,206,9.91,11.17,192,226,13.54,7.96
S::abs_prior_move_15m_pct_ge_0.1846::top1,single+top1,29,1.0,6,0,20.69,4.88,0.0,14,15,28.57,13.33,13,16,30.77,12.5
S::abs_prior_move_15m_pct_ge_0.1846::top2,single+top2,58,2.0,12,3,20.69,9.76,5.17,28,30,25.0,16.67,30,28,26.67,14.29
S::abs_prior_move_15m_pct_le_0.1846,single,626,21.586,79,75,12.62,64.23,11.98,295,331,15.59,9.97,316,310,11.71,13.55
S::abs_prior_move_15m_pct_le_0.1846::top1,single+top1,29,1.0,10,1,34.48,8.13,3.45,14,15,28.57,40.0,16,13,31.25,38.46
S::abs_prior_move_15m_pct_le_0.1846::top2,single+top2,58,2.0,13,4,22.41,10.57,6.9,28,30,21.43,23.33,31,27,22.58,22.22
S::abs_prior_move_15m_pct_ge_0.2953,single,210,7.241,18,32,8.57,14.63,15.24,119,91,9.24,7.69,91,119,10.99,6.72
S::abs_prior_move_15m_pct_ge_0.2953::top1,single+top1,27,0.931,6,1,22.22,4.88,3.7,14,13,28.57,15.38,14,13,28.57,15.38
S::abs_prior_move_15m_pct_ge_0.2953::top2,single+top2,53,1.828,9,4,16.98,7.32,7.55,28,25,21.43,12.0,31,22,19.35,13.64
S::abs_prior_move_15m_pct_le_0.2953,single,834,28.759,105,107,12.59,85.37,12.83,387,447,14.47,10.96,418,416,12.68,12.5
S::abs_prior_move_15m_pct_le_0.2953::top1,single+top1,29,1.0,9,1,31.03,7.32,3.45,14,15,28.57,33.33,16,13,31.25,30.77
S::abs_prior_move_15m_pct_le_0.2953::top2,single+top2,58,2.0,12,4,20.69,9.76,6.9,28,30,21.43,20.0,33,25,21.21,20.0
S::abs_prior_move_30m_pct_ge_0.1063,single,835,28.793,95,107,11.38,77.24,12.81,405,430,12.84,10.0,400,435,12.0,10.8
S::abs_prior_move_30m_pct_ge_0.1063::top1,single+top1,29,1.0,6,3,20.69,4.88,10.34,14,15,21.43,20.0,14,15,21.43,20.0
S::abs_prior_move_30m_pct_ge_0.1063::top2,single+top2,58,2.0,11,4,18.97,8.94,6.9,28,30,21.43,16.67,29,29,20.69,17.24
S::abs_prior_move_30m_pct_le_0.1063,single,209,7.207,28,32,13.4,22.76,15.31,102,107,14.71,12.15,108,101,13.89,12.87
S::abs_prior_move_30m_pct_le_0.1063::top1,single+top1,29,1.0,6,1,20.69,4.88,3.45,14,15,21.43,20.0,15,14,26.67,14.29
S::abs_prior_move_30m_pct_le_0.1063::top2,single+top2,58,2.0,8,5,13.79,6.5,8.62,28,30,17.86,10.0,31,27,19.35,7.41
S::abs_prior_move_30m_pct_ge_0.2102,single,627,21.621,70,90,11.16,56.91,14.35,323,304,13.93,8.22,292,335,14.04,8.66
S::abs_prior_move_30m_pct_ge_0.2102::top1,single+top1,29,1.0,8,1,27.59,6.5,3.45,14,15,35.71,20.0,14,15,28.57,26.67
S::abs_prior_move_30m_pct_ge_0.2102::top2,single+top2,58,2.0,12,2,20.69,9.76,3.45,28,30,32.14,10.0,30,28,26.67,14.29
S::abs_prior_move_30m_pct_le_0.2102,single,417,14.379,53,49,12.71,43.09,11.75,183,234,12.02,13.25,216,201,10.19,15.42
S::abs_prior_move_30m_pct_le_0.2102::top1,single+top1,29,1.0,8,1,27.59,6.5,3.45,14,15,21.43,33.33,17,12,29.41,25.0
S::abs_prior_move_30m_pct_le_0.2102::top2,single+top2,58,2.0,13,2,22.41,10.57,3.45,28,30,17.86,26.67,29,29,24.14,20.69
S::abs_prior_move_30m_pct_ge_0.3207,single,418,14.414,44,65,10.53,35.77,15.55,222,196,12.61,8.16,203,215,12.81,8.37
S::abs_prior_move_30m_pct_ge_0.3207::top1,single+top1,28,0.966,6,1,21.43,4.88,3.57,14,14,21.43,21.43,15,13,26.67,15.38
S::abs_prior_move_30m_pct_ge_0.3207::top2,single+top2,55,1.897,9,4,16.36,7.32,7.27,27,28,18.52,14.29,33,22,21.21,9.09
S::abs_prior_move_30m_pct_le_0.3207,single,626,21.586,79,74,12.62,64.23,11.82,284,342,13.73,11.7,306,320,12.09,13.12
S::abs_prior_move_30m_pct_le_0.3207::top1,single+top1,29,1.0,10,1,34.48,8.13,3.45,14,15,35.71,33.33,17,12,35.29,33.33
S::abs_prior_move_30m_pct_le_0.3207::top2,single+top2,58,2.0,14,3,24.14,11.38,5.17,28,30,25.0,23.33,33,25,24.24,24.0
S::abs_prior_move_30m_pct_ge_0.4942,single,211,7.276,17,35,8.06,13.82,16.59,120,91,8.33,7.69,97,114,7.22,8.77
S::abs_prior_move_30m_pct_ge_0.4942::top1,single+top1,26,0.897,2,2,7.69,1.63,7.69,13,13,7.69,7.69,18,8,11.11,0.0
S::abs_prior_move_30m_pct_ge_0.4942::top2,single+top2,50,1.724,6,3,12.0,4.88,6.0,25,25,12.0,12.0,32,18,18.75,0.0
S::abs_prior_move_30m_pct_le_0.4942,single,834,28.759,106,104,12.71,86.18,12.47,386,448,14.77,10.94,413,421,13.56,11.88
S::abs_prior_move_30m_pct_le_0.4942::top1,single+top1,29,1.0,10,1,34.48,8.13,3.45,14,15,35.71,33.33,15,14,33.33,35.71
S::abs_prior_move_30m_pct_le_0.4942::top2,single+top2,58,2.0,14,3,24.14,11.38,5.17,28,30,25.0,23.33,32,26,25.0,23.08
S::abs_prior_move_60m_pct_ge_0.1695,single,835,28.793,95,115,11.38,77.24,13.77,421,414,13.06,9.66,404,431,12.13,10.67
S::abs_prior_move_60m_pct_ge_0.1695::top1,single+top1,29,1.0,8,1,27.59,6.5,3.45,14,15,35.71,20.0,13,16,30.77,25.0
S::abs_prior_move_60m_pct_ge_0.1695::top2,single+top2,58,2.0,13,3,22.41,10.57,5.17,28,30,32.14,13.33,27,31,29.63,16.13
S::abs_prior_move_60m_pct_le_0.1695,single,209,7.207,28,24,13.4,22.76,11.48,85,124,14.12,12.9,105,104,13.33,13.46
S::abs_prior_move_60m_pct_le_0.1695::top1,single+top1,29,1.0,8,1,27.59,6.5,3.45,14,15,14.29,40.0,15,14,26.67,28.57
S::abs_prior_move_60m_pct_le_0.1695::top2,single+top2,58,2.0,10,5,17.24,8.13,8.62,28,30,14.29,20.0,30,28,16.67,17.86
S::abs_prior_move_60m_pct_ge_0.3302,single,627,21.621,59,93,9.41,47.97,14.83,334,293,12.28,6.14,299,328,10.37,8.54
S::abs_prior_move_60m_pct_ge_0.3302::top1,single+top1,29,1.0,4,0,13.79,3.25,0.0,14,15,14.29,13.33,13,16,30.77,0.0
S::abs_prior_move_60m_pct_ge_0.3302::top2,single+top2,58,2.0,8,3,13.79,6.5,5.17,28,30,21.43,6.67,33,25,24.24,0.0
S::abs_prior_move_60m_pct_le_0.3302,single,417,14.379,64,47,15.35,52.03,11.27,172,245,15.12,15.51,210,207,15.24,15.46
S::abs_prior_move_60m_pct_le_0.3302::top1,single+top1,29,1.0,10,2,34.48,8.13,6.9,14,15,28.57,40.0,14,15,35.71,33.33
S::abs_prior_move_60m_pct_le_0.3302::top2,single+top2,58,2.0,17,4,29.31,13.82,6.9,28,30,28.57,30.0,26,32,30.77,28.12
S::abs_prior_move_60m_pct_ge_0.4902,single,418,14.414,40,67,9.57,32.52,16.03,230,188,12.17,6.38,194,224,8.76,10.27
S::abs_prior_move_60m_pct_ge_0.4902::top1,single+top1,28,0.966,2,0,7.14,1.63,0.0,14,14,14.29,0.0,16,12,12.5,0.0
S::abs_prior_move_60m_pct_ge_0.4902::top2,single+top2,56,1.931,6,1,10.71,4.88,1.79,28,28,14.29,7.14,30,26,13.33,7.69
S::abs_prior_move_60m_pct_le_0.4902,single,626,21.586,84,72,13.42,68.29,11.5,276,350,14.13,12.86,314,312,14.65,12.18
S::abs_prior_move_60m_pct_le_0.4902::top1,single+top1,29,1.0,10,1,34.48,8.13,3.45,14,15,35.71,33.33,16,13,31.25,38.46
S::abs_prior_move_60m_pct_le_0.4902::top2,single+top2,58,2.0,16,4,27.59,13.01,6.9,28,30,28.57,26.67,32,26,28.12,26.92
S::abs_prior_move_60m_pct_ge_0.7694,single,210,7.241,15,34,7.14,12.2,16.19,125,85,8.0,5.88,92,118,6.52,7.63
S::abs_prior_move_60m_pct_ge_0.7694::top1,single+top1,23,0.793,3,0,13.04,2.44,0.0,11,12,18.18,8.33,11,12,18.18,8.33
S::abs_prior_move_60m_pct_ge_0.7694::top2,single+top2,45,1.552,6,1,13.33,4.88,2.22,22,23,18.18,8.7,21,24,14.29,12.5
S::abs_prior_move_60m_pct_le_0.7694,single,834,28.759,108,105,12.95,87.8,12.59,382,452,14.92,11.28,417,417,13.67,12.23
S::abs_prior_move_60m_pct_le_0.7694::top1,single+top1,29,1.0,10,1,34.48,8.13,3.45,14,15,35.71,33.33,16,13,31.25,38.46
S::abs_prior_move_60m_pct_le_0.7694::top2,single+top2,58,2.0,15,3,25.86,12.2,5.17,28,30,28.57,23.33,32,26,28.12,23.08
S::abs_prior_move_180m_pct_ge_0.2374,single,835,28.793,86,113,10.3,69.92,13.53,423,412,12.29,8.25,406,429,10.1,10.49
S::abs_prior_move_180m_pct_ge_0.2374::top1,single+top1,29,1.0,6,1,20.69,4.88,3.45,14,15,42.86,0.0,14,15,28.57,13.33
S::abs_prior_move_180m_pct_ge_0.2374::top2,single+top2,58,2.0,9,4,15.52,7.32,6.9,28,30,28.57,3.33,27,31,18.52,12.9
S::abs_prior_move_180m_pct_le_0.2374,single,209,7.207,37,26,17.7,30.08,12.44,83,126,18.07,17.46,102,107,21.57,14.02
S::abs_prior_move_180m_pct_le_0.2374::top1,single+top1,28,0.966,9,2,32.14,7.32,7.14,13,15,15.38,46.67,16,12,31.25,33.33
S::abs_prior_move_180m_pct_le_0.2374::top2,single+top2,55,1.897,12,4,21.82,9.76,7.27,25,30,8.0,33.33,26,29,26.92,17.24
S::abs_prior_move_180m_pct_ge_0.4995,single,627,21.621,57,95,9.09,46.34,15.15,332,295,11.14,6.78,312,315,9.62,8.57
S::abs_prior_move_180m_pct_ge_0.4995::top1,single+top1,29,1.0,4,0,13.79,3.25,0.0,14,15,21.43,6.67,15,14,20.0,7.14
S::abs_prior_move_180m_pct_ge_0.4995::top2,single+top2,58,2.0,7,2,12.07,5.69,3.45,28,30,17.86,6.67,30,28,16.67,7.14
S::abs_prior_move_180m_pct_le_0.4995,single,418,14.414,66,44,15.79,53.66,10.53,174,244,17.24,14.75,198,220,16.67,15.0
S::abs_prior_move_180m_pct_le_0.4995::top1,single+top1,29,1.0,10,1,34.48,8.13,3.45,14,15,28.57,40.0,14,15,35.71,33.33
S::abs_prior_move_180m_pct_le_0.4995::top2,single+top2,57,1.966,16,4,28.07,13.01,7.02,27,30,25.93,30.0,27,30,37.04,20.0
S::abs_prior_move_180m_pct_ge_0.7966,single,418,14.414,30,70,7.18,24.39,16.75,225,193,9.78,4.15,206,212,6.8,7.55
S::abs_prior_move_180m_pct_ge_0.7966::top1,single+top1,29,1.0,2,0,6.9,1.63,0.0,14,15,14.29,0.0,17,12,11.76,0.0
S::abs_prior_move_180m_pct_ge_0.7966::top2,single+top2,56,1.931,4,2,7.14,3.25,3.57,26,30,15.38,0.0,38,18,10.53,0.0
S::abs_prior_move_180m_pct_le_0.7966,single,627,21.621,93,69,14.83,75.61,11.0,281,346,16.01,13.87,302,325,16.23,13.54
S::abs_prior_move_180m_pct_le_0.7966::top1,single+top1,29,1.0,11,1,37.93,8.94,3.45,14,15,35.71,40.0,15,14,40.0,35.71
S::abs_prior_move_180m_pct_le_0.7966::top2,single+top2,58,2.0,17,3,29.31,13.82,5.17,28,30,32.14,26.67,31,27,35.48,22.22
S::abs_prior_move_180m_pct_ge_1.2998,single,210,7.241,15,29,7.14,12.2,13.81,127,83,7.87,6.02,87,123,6.9,7.32
S::abs_prior_move_180m_pct_ge_1.2998::top1,single+top1,22,0.759,1,0,4.55,0.81,0.0,12,10,8.33,0.0,12,10,8.33,0.0
S::abs_prior_move_180m_pct_ge_1.2998::top2,single+top2,44,1.517,2,0,4.55,1.63,0.0,24,20,8.33,0.0,19,25,10.53,0.0
S::abs_prior_move_180m_pct_le_1.2998,single,835,28.793,108,110,12.93,87.8,13.17,381,454,14.96,11.23,423,412,13.48,12.38
S::abs_prior_move_180m_pct_le_1.2998::top1,single+top1,29,1.0,10,1,34.48,8.13,3.45,14,15,35.71,33.33,16,13,31.25,38.46
S::abs_prior_move_180m_pct_le_1.2998::top2,single+top2,58,2.0,14,4,24.14,11.38,6.9,28,30,25.0,23.33,32,26,25.0,23.08
S::local_range_15m_pct_ge_0.2534,single,835,28.793,94,115,11.26,76.42,13.77,420,415,14.05,8.43,405,430,12.35,10.23
S::local_range_15m_pct_ge_0.2534::top1,single+top1,29,1.0,5,1,17.24,4.07,3.45,14,15,28.57,6.67,13,16,23.08,12.5
S::local_range_15m_pct_ge_0.2534::top2,single+top2,58,2.0,10,3,17.24,8.13,5.17,28,30,25.0,10.0,29,29,20.69,13.79
S::local_range_15m_pct_le_0.2534,single,210,7.241,29,24,13.81,23.58,11.43,87,123,9.2,17.07,105,105,12.38,15.24
S::local_range_15m_pct_le_0.2534::top1,single+top1,29,1.0,9,1,31.03,7.32,3.45,14,15,14.29,46.67,13,16,30.77,31.25
S::local_range_15m_pct_le_0.2534::top2,single+top2,56,1.931,14,5,25.0,11.38,8.93,26,30,15.38,33.33,22,34,31.82,20.59
S::local_range_15m_pct_ge_0.3375,single,627,21.621,65,82,10.37,52.85,13.08,346,281,12.72,7.47,292,335,10.96,9.85
S::local_range_15m_pct_ge_0.3375::top1,single+top1,29,1.0,6,1,20.69,4.88,3.45,14,15,28.57,13.33,18,11,27.78,9.09
S::local_range_15m_pct_ge_0.3375::top2,single+top2,58,2.0,12,3,20.69,9.76,5.17,28,30,32.14,10.0,32,26,31.25,7.69
S::local_range_15m_pct_le_0.3375,single,417,14.379,58,57,13.91,47.15,13.67,160,257,14.38,13.62,217,200,14.29,13.5
S::local_range_15m_pct_le_0.3375::top1,single+top1,29,1.0,9,0,31.03,7.32,0.0,14,15,21.43,40.0,14,15,28.57,33.33
S::local_range_15m_pct_le_0.3375::top2,single+top2,58,2.0,14,4,24.14,11.38,6.9,28,30,21.43,26.67,29,29,27.59,20.69
S::local_range_15m_pct_ge_0.4213,single,419,14.448,36,58,8.59,29.27,13.84,235,184,9.36,7.61,189,230,11.11,6.52
S::local_range_15m_pct_ge_0.4213::top1,single+top1,28,0.966,8,0,28.57,6.5,0.0,14,14,35.71,21.43,13,15,46.15,13.33
S::local_range_15m_pct_ge_0.4213::top2,single+top2,55,1.897,11,2,20.0,8.94,3.64,28,27,25.0,14.81,26,29,30.77,10.34
S::local_range_15m_pct_le_0.4213,single,626,21.586,87,81,13.9,70.73,12.94,273,353,16.48,11.9,319,307,13.17,14.66
S::local_range_15m_pct_le_0.4213::top1,single+top1,29,1.0,9,1,31.03,7.32,3.45,14,15,28.57,33.33,15,14,26.67,35.71
S::local_range_15m_pct_le_0.4213::top2,single+top2,58,2.0,13,4,22.41,10.57,6.9,28,30,25.0,20.0,31,27,22.58,22.22
S::local_range_15m_pct_ge_0.5664,single,210,7.241,14,32,6.67,11.38,15.24,129,81,7.75,4.94,95,115,9.47,4.35
S::local_range_15m_pct_ge_0.5664::top1,single+top1,24,0.828,5,1,20.83,4.07,4.17,12,12,33.33,8.33,14,10,28.57,10.0
S::local_range_15m_pct_ge_0.5664::top2,single+top2,48,1.655,7,4,14.58,5.69,8.33,24,24,20.83,8.33,25,23,20.0,8.7
S::local_range_15m_pct_le_0.5664,single,834,28.759,109,107,13.07,88.62,12.83,377,457,15.12,11.38,413,421,13.08,13.06
S::local_range_15m_pct_le_0.5664::top1,single+top1,29,1.0,9,1,31.03,7.32,3.45,14,15,28.57,33.33,14,15,28.57,33.33
S::local_range_15m_pct_le_0.5664::top2,single+top2,58,2.0,14,3,24.14,11.38,5.17,28,30,25.0,23.33,32,26,25.0,23.08
S::local_range_30m_pct_ge_0.3769,single,835,28.793,92,121,11.02,74.8,14.49,423,412,12.53,9.47,403,432,12.16,9.95
S::local_range_30m_pct_ge_0.3769::top1,single+top1,29,1.0,6,2,20.69,4.88,6.9,14,15,21.43,20.0,15,14,26.67,14.29
S::local_range_30m_pct_ge_0.3769::top2,single+top2,58,2.0,10,4,17.24,8.13,6.9,28,30,25.0,10.0,29,29,24.14,10.34
S::local_range_30m_pct_le_0.3769,single,209,7.207,31,18,14.83,25.2,8.61,83,126,16.87,13.49,106,103,13.21,16.5
S::local_range_30m_pct_le_0.3769::top1,single+top1,29,1.0,10,0,34.48,8.13,0.0,14,15,28.57,40.0,15,14,40.0,28.57
S::local_range_30m_pct_le_0.3769::top2,single+top2,54,1.862,17,3,31.48,13.82,5.56,24,30,37.5,26.67,26,28,34.62,28.57
S::local_range_30m_pct_ge_0.5118,single,627,21.621,64,94,10.21,52.03,14.99,346,281,12.14,7.83,298,329,12.08,8.51
S::local_range_30m_pct_ge_0.5118::top1,single+top1,29,1.0,4,2,13.79,3.25,6.9,14,15,21.43,6.67,15,14,26.67,0.0
S::local_range_30m_pct_ge_0.5118::top2,single+top2,58,2.0,10,4,17.24,8.13,6.9,28,30,25.0,10.0,34,24,23.53,8.33
S::local_range_30m_pct_le_0.5118,single,417,14.379,59,45,14.15,47.97,10.79,161,256,15.53,13.28,210,207,12.86,15.46
S::local_range_30m_pct_le_0.5118::top1,single+top1,29,1.0,11,0,37.93,8.94,0.0,14,15,35.71,40.0,16,13,31.25,46.15
S::local_range_30m_pct_le_0.5118::top2,single+top2,58,2.0,15,3,25.86,12.2,5.17,28,30,25.0,26.67,30,28,23.33,28.57
S::local_range_30m_pct_ge_0.6707,single,418,14.414,36,61,8.61,29.27,14.59,242,176,9.92,6.82,202,216,10.4,6.94
S::local_range_30m_pct_ge_0.6707::top1,single+top1,27,0.931,6,0,22.22,4.88,0.0,14,13,28.57,15.38,18,9,33.33,0.0
S::local_range_30m_pct_ge_0.6707::top2,single+top2,52,1.793,9,0,17.31,7.32,0.0,26,26,26.92,7.69,32,20,28.12,0.0
S::local_range_30m_pct_le_0.6707,single,626,21.586,87,78,13.9,70.73,12.46,265,361,16.23,12.19,306,320,13.73,14.06
S::local_range_30m_pct_le_0.6707::top1,single+top1,29,1.0,9,1,31.03,7.32,3.45,14,15,28.57,33.33,15,14,26.67,35.71
S::local_range_30m_pct_le_0.6707::top2,single+top2,58,2.0,13,4,22.41,10.57,6.9,28,30,21.43,23.33,31,27,19.35,25.93
S::local_range_30m_pct_ge_0.8987,single,210,7.241,11,28,5.24,8.94,13.33,130,80,6.15,3.75,96,114,5.21,5.26
S::local_range_30m_pct_ge_0.8987::top1,single+top1,25,0.862,2,1,8.0,1.63,4.0,12,13,16.67,0.0,12,13,16.67,0.0
S::local_range_30m_pct_ge_0.8987::top2,single+top2,47,1.621,3,2,6.38,2.44,4.26,24,23,12.5,0.0,23,24,13.04,0.0
S::local_range_30m_pct_le_0.8987,single,834,28.759,112,111,13.43,91.06,13.31,376,458,15.69,11.57,413,421,14.04,12.83
S::local_range_30m_pct_le_0.8987::top1,single+top1,29,1.0,10,1,34.48,8.13,3.45,14,15,35.71,33.33,16,13,31.25,38.46
S::local_range_30m_pct_le_0.8987::top2,single+top2,58,2.0,14,4,24.14,11.38,6.9,28,30,25.0,23.33,32,26,25.0,23.08
S::local_range_60m_pct_ge_0.5504,single,835,28.793,93,116,11.14,75.61,13.89,424,411,13.68,8.52,406,429,13.05,9.32
S::local_range_60m_pct_ge_0.5504::top1,single+top1,29,1.0,6,1,20.69,4.88,3.45,14,15,28.57,13.33,15,14,33.33,7.14
S::local_range_60m_pct_ge_0.5504::top2,single+top2,58,2.0,10,4,17.24,8.13,6.9,28,30,25.0,10.0,29,29,27.59,6.9
S::local_range_60m_pct_le_0.5504,single,209,7.207,30,23,14.35,24.39,11.0,82,127,10.98,16.54,102,107,9.8,18.69
S::local_range_60m_pct_le_0.5504::top1,single+top1,27,0.931,8,1,29.63,6.5,3.7,12,15,25.0,33.33,12,15,33.33,26.67
S::local_range_60m_pct_le_0.5504::top2,single+top2,53,1.828,12,4,22.64,9.76,7.55,23,30,17.39,26.67,23,30,26.09,20.0
S::local_range_60m_pct_ge_0.7506,single,627,21.621,59,96,9.41,47.97,15.31,343,284,11.95,6.34,304,323,10.86,8.05
S::local_range_60m_pct_ge_0.7506::top1,single+top1,28,0.966,3,2,10.71,2.44,7.14,14,14,14.29,7.14,13,15,23.08,0.0
S::local_range_60m_pct_ge_0.7506::top2,single+top2,55,1.897,6,3,10.91,4.88,5.45,27,28,14.81,7.14,31,24,19.35,0.0
S::local_range_60m_pct_le_0.7506,single,417,14.379,64,43,15.35,52.03,10.31,164,253,15.85,15.02,204,213,14.71,15.96
S::local_range_60m_pct_le_0.7506::top1,single+top1,29,1.0,9,2,31.03,7.32,6.9,14,15,35.71,26.67,14,15,28.57,33.33
S::local_range_60m_pct_le_0.7506::top2,single+top2,58,2.0,16,5,27.59,13.01,8.62,28,30,32.14,23.33,30,28,26.67,28.57
S::local_range_60m_pct_ge_0.9821,single,419,14.448,32,67,7.64,26.02,15.99,248,171,9.68,4.68,203,216,8.87,6.48
S::local_range_60m_pct_ge_0.9821::top1,single+top1,28,0.966,3,1,10.71,2.44,3.57,14,14,14.29,7.14,13,15,23.08,0.0
S::local_range_60m_pct_ge_0.9821::top2,single+top2,53,1.828,6,3,11.32,4.88,5.66,26,27,15.38,7.41,30,23,20.0,0.0
S::local_range_60m_pct_le_0.9821,single,626,21.586,91,72,14.54,73.98,11.5,260,366,16.54,13.11,305,321,14.75,14.33
S::local_range_60m_pct_le_0.9821::top1,single+top1,29,1.0,10,1,34.48,8.13,3.45,14,15,35.71,33.33,16,13,31.25,38.46
S::local_range_60m_pct_le_0.9821::top2,single+top2,58,2.0,14,4,24.14,11.38,6.9,28,30,28.57,20.0,32,26,25.0,23.08
S::local_range_60m_pct_ge_1.3004,single,210,7.241,17,31,8.1,13.82,14.76,132,78,9.85,5.13,96,114,10.42,6.14
S::local_range_60m_pct_ge_1.3004::top1,single+top1,25,0.862,4,2,16.0,3.25,8.0,12,13,25.0,7.69,10,15,30.0,6.67
S::local_range_60m_pct_ge_1.3004::top2,single+top2,48,1.655,8,4,16.67,6.5,8.33,24,24,20.83,12.5,20,28,30.0,7.14
S::local_range_60m_pct_le_1.3004,single,834,28.759,106,108,12.71,86.18,12.95,375,459,14.4,11.33,412,422,12.86,12.56
S::local_range_60m_pct_le_1.3004::top1,single+top1,29,1.0,10,1,34.48,8.13,3.45,14,15,35.71,33.33,16,13,31.25,38.46
S::local_range_60m_pct_le_1.3004::top2,single+top2,58,2.0,14,3,24.14,11.38,5.17,28,30,25.0,23.33,31,27,25.81,22.22
S::local_range_180m_pct_ge_0.8592,single,836,28.828,82,122,9.81,66.67,14.59,416,420,11.3,8.33,408,428,11.27,8.41
S::local_range_180m_pct_ge_0.8592::top1,single+top1,29,1.0,4,1,13.79,3.25,3.45,14,15,21.43,6.67,17,12,23.53,0.0
S::local_range_180m_pct_ge_0.8592::top2,single+top2,58,2.0,7,3,12.07,5.69,5.17,28,30,17.86,6.67,31,27,22.58,0.0
S::local_range_180m_pct_le_0.8592,single,211,7.276,41,17,19.43,33.33,8.06,90,121,22.22,17.36,103,108,16.5,22.22
S::local_range_180m_pct_le_0.8592::top1,single+top1,28,0.966,10,2,35.71,8.13,7.14,13,15,30.77,40.0,12,16,41.67,31.25
S::local_range_180m_pct_le_0.8592::top2,single+top2,55,1.897,16,4,29.09,13.01,7.27,25,30,28.0,30.0,25,30,32.0,26.67
S::local_range_180m_pct_ge_1.1989,single,627,21.621,57,97,9.09,46.34,15.47,330,297,10.61,7.41,306,321,10.46,7.79
S::local_range_180m_pct_ge_1.1989::top1,single+top1,29,1.0,3,0,10.34,2.44,0.0,14,15,14.29,6.67,15,14,13.33,7.14
S::local_range_180m_pct_ge_1.1989::top2,single+top2,58,2.0,7,3,12.07,5.69,5.17,28,30,17.86,6.67,34,24,14.71,8.33
S::local_range_180m_pct_le_1.1989,single,417,14.379,66,43,15.83,53.66,10.31,176,241,18.18,14.11,203,214,15.27,16.36
S::local_range_180m_pct_le_1.1989::top1,single+top1,29,1.0,11,2,37.93,8.94,6.9,14,15,35.71,40.0,14,15,42.86,33.33
S::local_range_180m_pct_le_1.1989::top2,single+top2,58,2.0,18,6,31.03,14.63,10.34,28,30,32.14,30.0,28,30,39.29,23.33
S::local_range_180m_pct_ge_1.5858,single,421,14.517,25,70,5.94,20.33,16.63,232,189,6.9,4.76,200,221,4.5,7.24
S::local_range_180m_pct_ge_1.5858::top1,single+top1,25,0.862,2,1,8.0,1.63,4.0,12,13,8.33,7.69,14,11,7.14,9.09
S::local_range_180m_pct_ge_1.5858::top2,single+top2,49,1.69,3,2,6.12,2.44,4.08,24,25,8.33,4.0,29,20,6.9,5.0
S::local_range_180m_pct_le_1.5858,single,628,21.655,98,73,15.61,79.67,11.62,274,354,18.61,13.28,312,316,17.31,13.92
S::local_range_180m_pct_le_1.5858::top1,single+top1,29,1.0,11,1,37.93,8.94,3.45,14,15,35.71,40.0,16,13,37.5,38.46
S::local_range_180m_pct_le_1.5858::top2,single+top2,58,2.0,16,4,27.59,13.01,6.9,28,30,25.0,30.0,30,28,33.33,21.43
S::local_range_180m_pct_ge_2.1449,single,210,7.241,14,30,6.67,11.38,14.29,141,69,7.09,5.8,105,105,4.76,8.57
S::local_range_180m_pct_ge_2.1449::top1,single+top1,20,0.69,0,2,0.0,0.0,10.0,11,9,0.0,0.0,12,8,0.0,0.0
S::local_range_180m_pct_ge_2.1449::top2,single+top2,39,1.345,0,4,0.0,0.0,10.26,22,17,0.0,0.0,25,14,0.0,0.0
S::local_range_180m_pct_le_2.1449,single,835,28.793,109,109,13.05,88.62,13.05,365,470,15.62,11.06,405,430,14.32,11.86
S::local_range_180m_pct_le_2.1449::top1,single+top1,29,1.0,11,1,37.93,8.94,3.45,14,15,42.86,33.33,16,13,37.5,38.46
S::local_range_180m_pct_le_2.1449::top2,single+top2,58,2.0,16,3,27.59,13.01,5.17,28,30,32.14,23.33,34,24,29.41,25.0
S::local_realized_vol_15m_ge_0.0004,single,836,28.828,100,125,11.96,81.3,14.95,434,402,13.59,10.2,404,432,13.12,10.88
S::local_realized_vol_15m_ge_0.0004::top1,single+top1,29,1.0,7,1,24.14,5.69,3.45,14,15,35.71,13.33,13,16,38.46,12.5
S::local_realized_vol_15m_ge_0.0004::top2,single+top2,58,2.0,12,4,20.69,9.76,6.9,28,30,28.57,13.33,29,29,27.59,13.79
S::local_realized_vol_15m_le_0.0004,single,211,7.276,23,15,10.9,18.7,7.11,74,137,10.81,10.95,108,103,9.26,12.62
S::local_realized_vol_15m_le_0.0004::top1,single+top1,22,0.759,6,0,27.27,4.88,0.0,8,14,25.0,28.57,13,9,23.08,33.33
S::local_realized_vol_15m_le_0.0004::top2,single+top2,42,1.448,8,2,19.05,6.5,4.76,14,28,14.29,21.43,19,23,15.79,21.74
S::local_realized_vol_15m_ge_0.0006,single,627,21.621,68,93,10.85,55.28,14.83,349,278,13.18,7.91,288,339,13.19,8.85
S::local_realized_vol_15m_ge_0.0006::top1,single+top1,28,0.966,6,1,21.43,4.88,3.57,14,14,28.57,14.29,12,16,33.33,12.5
S::local_realized_vol_15m_ge_0.0006::top2,single+top2,56,1.931,10,2,17.86,8.13,3.57,28,28,25.0,10.71,24,32,29.17,9.38
S::local_realized_vol_15m_le_0.0006,single,419,14.448,55,46,13.13,44.72,10.98,158,261,13.29,13.03,220,199,11.36,15.08
S::local_realized_vol_15m_le_0.0006::top1,single+top1,28,0.966,6,2,21.43,4.88,7.14,13,15,23.08,20.0,16,12,18.75,25.0
S::local_realized_vol_15m_le_0.0006::top2,single+top2,55,1.897,11,5,20.0,8.94,9.09,25,30,20.0,20.0,26,29,19.23,20.69
S::local_realized_vol_15m_ge_0.0007,single,418,14.414,37,57,8.85,30.08,13.64,244,174,11.07,5.75,188,230,11.17,6.96
S::local_realized_vol_15m_ge_0.0007::top1,single+top1,27,0.931,10,0,37.04,8.13,0.0,14,13,42.86,30.77,14,13,50.0,23.08
S::local_realized_vol_15m_ge_0.0007::top2,single+top2,52,1.793,13,1,25.0,10.57,1.92,26,26,34.62,15.38,27,25,37.04,12.0
S::local_realized_vol_15m_le_0.0007,single,629,21.69,86,84,13.67,69.92,13.35,265,364,15.09,12.64,320,309,13.12,14.24
S::local_realized_vol_15m_le_0.0007::top1,single+top1,29,1.0,6,2,20.69,4.88,6.9,14,15,14.29,26.67,17,12,17.65,25.0
S::local_realized_vol_15m_le_0.0007::top2,single+top2,58,2.0,9,5,15.52,7.32,8.62,28,30,14.29,16.67,32,26,15.62,15.38
S::local_realized_vol_15m_ge_0.0009,single,211,7.276,10,28,4.74,8.13,13.27,124,87,6.45,2.3,98,113,4.08,5.31
S::local_realized_vol_15m_ge_0.0009::top1,single+top1,25,0.862,2,1,8.0,1.63,4.0,13,12,15.38,0.0,13,12,15.38,0.0
S::local_realized_vol_15m_ge_0.0009::top2,single+top2,49,1.69,3,4,6.12,2.44,8.16,25,24,12.0,0.0,23,26,13.04,0.0
S::local_realized_vol_15m_le_0.0009,single,835,28.793,113,111,13.53,91.87,13.29,382,453,15.45,11.92,411,424,14.36,12.74
S::local_realized_vol_15m_le_0.0009::top1,single+top1,29,1.0,9,1,31.03,7.32,3.45,14,15,28.57,33.33,15,14,26.67,35.71
S::local_realized_vol_15m_le_0.0009::top2,single+top2,58,2.0,14,4,24.14,11.38,6.9,28,30,25.0,23.33,32,26,25.0,23.08
S::local_realized_vol_30m_ge_0.0005,single,835,28.793,99,121,11.86,80.49,14.49,434,401,13.36,10.22,398,437,13.07,10.76
S::local_realized_vol_30m_ge_0.0005::top1,single+top1,29,1.0,8,1,27.59,6.5,3.45,14,15,35.71,20.0,13,16,38.46,18.75
S::local_realized_vol_30m_ge_0.0005::top2,single+top2,58,2.0,11,3,18.97,8.94,5.17,28,30,25.0,13.33,27,31,25.93,12.9
S::local_realized_vol_30m_le_0.0005,single,210,7.241,25,18,11.9,20.33,8.57,72,138,12.5,11.59,110,100,10.0,14.0
S::local_realized_vol_30m_le_0.0005::top1,single+top1,23,0.793,5,2,21.74,4.07,8.7,8,15,25.0,20.0,14,9,21.43,22.22
S::local_realized_vol_30m_le_0.0005::top2,single+top2,44,1.517,10,4,22.73,8.13,9.09,15,29,26.67,20.69,23,21,26.09,19.05
S::local_realized_vol_30m_ge_0.0006,single,627,21.621,70,90,11.16,56.91,14.35,348,279,13.51,8.24,303,324,12.54,9.88
S::local_realized_vol_30m_ge_0.0006::top1,single+top1,28,0.966,6,2,21.43,4.88,7.14,14,14,28.57,14.29,12,16,33.33,12.5
S::local_realized_vol_30m_ge_0.0006::top2,single+top2,55,1.897,11,3,20.0,8.94,5.45,27,28,25.93,14.29,28,27,28.57,11.11
S::local_realized_vol_30m_le_0.0006,single,417,14.379,53,49,12.71,43.09,11.75,158,259,12.66,12.74,206,211,12.14,13.27
S::local_realized_vol_30m_le_0.0006::top1,single+top1,28,0.966,6,1,21.43,4.88,3.57,13,15,23.08,20.0,16,12,18.75,25.0
S::local_realized_vol_30m_le_0.0006::top2,single+top2,56,1.931,11,6,19.64,8.94,10.71,26,30,15.38,23.33,28,28,17.86,21.43
S::local_realized_vol_30m_ge_0.0007,single,418,14.414,39,56,9.33,31.71,13.4,243,175,11.11,6.86,204,214,10.78,7.94
S::local_realized_vol_30m_ge_0.0007::top1,single+top1,28,0.966,7,2,25.0,5.69,7.14,14,14,28.57,21.43,15,13,33.33,15.38
S::local_realized_vol_30m_ge_0.0007::top2,single+top2,54,1.862,11,2,20.37,8.94,3.7,27,27,22.22,18.52,30,24,30.0,8.33
S::local_realized_vol_30m_le_0.0007,single,626,21.586,84,83,13.42,68.29,13.26,264,362,15.15,12.15,305,321,13.44,13.4
S::local_realized_vol_30m_le_0.0007::top1,single+top1,29,1.0,6,2,20.69,4.88,6.9,14,15,14.29,26.67,17,12,17.65,25.0
S::local_realized_vol_30m_le_0.0007::top2,single+top2,58,2.0,9,5,15.52,7.32,8.62,28,30,14.29,16.67,31,27,16.13,14.81
S::local_realized_vol_30m_ge_0.0009,single,211,7.276,11,27,5.21,8.94,12.8,130,81,6.92,2.47,103,108,5.83,4.63
S::local_realized_vol_30m_ge_0.0009::top1,single+top1,25,0.862,3,1,12.0,2.44,4.0,12,13,16.67,7.69,15,10,20.0,0.0
S::local_realized_vol_30m_ge_0.0009::top2,single+top2,49,1.69,6,4,12.24,4.88,8.16,24,25,16.67,8.0,27,22,18.52,4.55
S::local_realized_vol_30m_le_0.0009,single,834,28.759,112,112,13.43,91.06,13.43,377,457,15.38,11.82,405,429,14.07,12.82
S::local_realized_vol_30m_le_0.0009::top1,single+top1,29,1.0,9,1,31.03,7.32,3.45,14,15,28.57,33.33,15,14,26.67,35.71
S::local_realized_vol_30m_le_0.0009::top2,single+top2,58,2.0,13,4,22.41,10.57,6.9,28,30,21.43,23.33,32,26,21.88,23.08
S::local_realized_vol_60m_ge_0.0005,single,835,28.793,100,116,11.98,81.3,13.89,424,411,13.92,9.98,406,429,13.3,10.72
S::local_realized_vol_60m_ge_0.0005::top1,single+top1,29,1.0,7,1,24.14,5.69,3.45,14,15,35.71,13.33,13,16,38.46,12.5
S::local_realized_vol_60m_ge_0.0005::top2,single+top2,57,1.966,12,3,21.05,9.76,5.26,28,29,28.57,13.79,29,28,27.59,14.29
S::local_realized_vol_60m_le_0.0005,single,209,7.207,23,24,11.0,18.7,11.48,83,126,9.64,11.9,102,107,8.82,13.08
S::local_realized_vol_60m_le_0.0005::top1,single+top1,22,0.759,6,1,27.27,4.88,4.55,8,14,25.0,28.57,15,7,20.0,42.86
S::local_realized_vol_60m_le_0.0005::top2,single+top2,43,1.483,8,7,18.6,6.5,16.28,16,27,18.75,18.52,23,20,17.39,20.0
S::local_realized_vol_60m_ge_0.0006,single,627,21.621,70,89,11.16,56.91,14.19,347,280,13.26,8.57,309,318,12.62,9.75
S::local_realized_vol_60m_ge_0.0006::top1,single+top1,27,0.931,6,2,22.22,4.88,7.41,13,14,30.77,14.29,15,12,26.67,16.67
S::local_realized_vol_60m_ge_0.0006::top2,single+top2,53,1.828,10,2,18.87,8.13,3.77,26,27,26.92,11.11,28,25,25.0,12.0
S::local_realized_vol_60m_le_0.0006,single,420,14.483,56,50,13.33,45.53,11.9,162,258,14.2,12.79,200,220,12.5,14.09
S::local_realized_vol_60m_le_0.0006::top1,single+top1,28,0.966,6,1,21.43,4.88,3.57,13,15,23.08,20.0,16,12,18.75,25.0
S::local_realized_vol_60m_le_0.0006::top2,single+top2,55,1.897,9,5,16.36,7.32,9.09,25,30,12.0,20.0,26,29,15.38,17.24
S::local_realized_vol_60m_ge_0.0007,single,418,14.414,42,60,10.05,34.15,14.35,237,181,12.66,6.63,208,210,11.06,9.05
S::local_realized_vol_60m_ge_0.0007::top1,single+top1,26,0.897,7,1,26.92,5.69,3.85,12,14,41.67,14.29,13,13,38.46,15.38
S::local_realized_vol_60m_ge_0.0007::top2,single+top2,51,1.759,11,2,21.57,8.94,3.92,24,27,33.33,11.11,28,23,28.57,13.04
S::local_realized_vol_60m_le_0.0007,single,627,21.621,81,80,12.92,65.85,12.76,271,356,13.65,12.36,302,325,13.25,12.62
S::local_realized_vol_60m_le_0.0007::top1,single+top1,29,1.0,6,2,20.69,4.88,6.9,14,15,14.29,26.67,16,13,18.75,23.08
S::local_realized_vol_60m_le_0.0007::top2,single+top2,58,2.0,10,4,17.24,8.13,6.9,28,30,17.86,16.67,30,28,16.67,17.86
S::local_realized_vol_60m_ge_0.0009,single,210,7.241,13,36,6.19,10.57,17.14,128,82,7.81,3.66,102,108,6.86,5.56
S::local_realized_vol_60m_ge_0.0009::top1,single+top1,24,0.828,2,3,8.33,1.63,12.5,12,12,16.67,0.0,11,13,18.18,0.0
S::local_realized_vol_60m_ge_0.0009::top2,single+top2,47,1.621,5,4,10.64,4.07,8.51,24,23,16.67,4.35,22,25,22.73,0.0
S::local_realized_vol_60m_le_0.0009,single,835,28.793,110,103,13.17,89.43,12.34,378,457,15.08,11.6,406,429,13.79,12.59
S::local_realized_vol_60m_le_0.0009::top1,single+top1,29,1.0,9,1,31.03,7.32,3.45,14,15,28.57,33.33,15,14,26.67,35.71
S::local_realized_vol_60m_le_0.0009::top2,single+top2,58,2.0,13,4,22.41,10.57,6.9,28,30,21.43,23.33,33,25,21.21,24.0
S::local_realized_vol_180m_ge_0.0005,single,835,28.793,103,120,12.34,83.74,14.37,421,414,14.01,10.63,412,423,12.86,11.82
S::local_realized_vol_180m_ge_0.0005::top1,single+top1,29,1.0,9,1,31.03,7.32,3.45,14,15,42.86,20.0,15,14,40.0,21.43
S::local_realized_vol_180m_ge_0.0005::top2,single+top2,56,1.931,13,2,23.21,10.57,3.57,28,28,28.57,17.86,29,27,27.59,18.52
S::local_realized_vol_180m_le_0.0005,single,211,7.276,21,19,9.95,17.07,9.0,86,125,9.3,10.4,98,113,10.2,9.73
S::local_realized_vol_180m_le_0.0005::top1,single+top1,17,0.586,6,0,35.29,4.88,0.0,6,11,33.33,36.36,9,8,33.33,37.5
S::local_realized_vol_180m_le_0.0005::top2,single+top2,34,1.172,8,1,23.53,6.5,2.94,12,22,25.0,22.73,17,17,23.53,23.53
S::local_realized_vol_180m_ge_0.0006,single,627,21.621,76,96,12.12,61.79,15.31,342,285,12.87,11.23,308,319,13.31,10.97
S::local_realized_vol_180m_ge_0.0006::top1,single+top1,26,0.897,6,2,23.08,4.88,7.69,12,14,33.33,14.29,13,13,30.77,15.38
S::local_realized_vol_180m_ge_0.0006::top2,single+top2,50,1.724,10,2,20.0,8.13,4.0,24,26,25.0,15.38,25,25,28.0,12.0
S::local_realized_vol_180m_le_0.0006,single,419,14.448,49,43,11.69,39.84,10.26,164,255,14.02,10.2,202,217,11.39,11.98
S::local_realized_vol_180m_le_0.0006::top1,single+top1,27,0.931,6,0,22.22,4.88,0.0,12,15,25.0,20.0,13,14,23.08,21.43
S::local_realized_vol_180m_le_0.0006::top2,single+top2,51,1.759,8,2,15.69,6.5,3.92,21,30,19.05,13.33,25,26,20.0,11.54
S::local_realized_vol_180m_ge_0.0007,single,418,14.414,45,71,10.77,36.59,16.99,244,174,11.48,9.77,207,211,12.08,9.48
S::local_realized_vol_180m_ge_0.0007::top1,single+top1,25,0.862,7,1,28.0,5.69,4.0,12,13,41.67,15.38,13,12,30.77,25.0
S::local_realized_vol_180m_ge_0.0007::top2,single+top2,49,1.69,11,1,22.45,8.94,2.04,24,25,29.17,16.0,29,20,27.59,15.0
S::local_realized_vol_180m_le_0.0007,single,626,21.586,78,69,12.46,63.41,11.02,263,363,14.83,10.74,302,324,12.58,12.35
S::local_realized_vol_180m_le_0.0007::top1,single+top1,29,1.0,5,2,17.24,4.07,6.9,14,15,14.29,20.0,16,13,12.5,23.08
S::local_realized_vol_180m_le_0.0007::top2,single+top2,58,2.0,10,4,17.24,8.13,6.9,28,30,17.86,16.67,31,27,12.9,22.22
S::local_realized_vol_180m_ge_0.0009,single,211,7.276,11,37,5.21,8.94,17.54,139,72,6.47,2.78,102,109,5.88,4.59
S::local_realized_vol_180m_ge_0.0009::top1,single+top1,23,0.793,2,2,8.7,1.63,8.7,11,12,18.18,0.0,15,8,13.33,0.0
S::local_realized_vol_180m_ge_0.0009::top2,single+top2,44,1.517,5,2,11.36,4.07,4.55,22,22,18.18,4.55,27,17,18.52,0.0
S::local_realized_vol_180m_le_0.0009,single,834,28.759,112,102,13.43,91.06,12.23,369,465,15.72,11.61,406,428,14.04,12.85
S::local_realized_vol_180m_le_0.0009::top1,single+top1,29,1.0,10,1,34.48,8.13,3.45,14,15,28.57,40.0,15,14,33.33,35.71
S::local_realized_vol_180m_le_0.0009::top2,single+top2,58,2.0,14,4,24.14,11.38,6.9,28,30,21.43,26.67,32,26,25.0,23.08
S::dist_to_recent_swing_high_pct_ge_0.2294,single,835,28.793,85,113,10.18,69.11,13.53,411,424,12.17,8.25,391,444,11.25,9.23
S::dist_to_recent_swing_high_pct_ge_0.2294::top1,single+top1,29,1.0,6,1,20.69,4.88,3.45,14,15,28.57,13.33,15,14,26.67,14.29
S::dist_to_recent_swing_high_pct_ge_0.2294::top2,single+top2,58,2.0,9,3,15.52,7.32,5.17,28,30,14.29,16.67,26,32,23.08,9.38
S::dist_to_recent_swing_high_pct_le_0.2294,single,209,7.207,38,26,18.18,30.89,12.44,96,113,17.71,18.58,118,91,16.1,20.88
S::dist_to_recent_swing_high_pct_le_0.2294::top1,single+top1,29,1.0,9,1,31.03,7.32,3.45,14,15,35.71,26.67,16,13,25.0,38.46
S::dist_to_recent_swing_high_pct_le_0.2294::top2,single+top2,57,1.966,16,3,28.07,13.01,5.26,27,30,33.33,23.33,35,22,25.71,31.82
S::dist_to_recent_swing_high_pct_ge_0.4616,single,627,21.621,53,79,8.45,43.09,12.6,302,325,10.26,6.77,275,352,10.55,6.82
S::dist_to_recent_swing_high_pct_ge_0.4616::top1,single+top1,29,1.0,3,0,10.34,2.44,0.0,14,15,7.14,13.33,9,20,11.11,10.0
S::dist_to_recent_swing_high_pct_ge_0.4616::top2,single+top2,58,2.0,5,3,8.62,4.07,5.17,28,30,7.14,10.0,21,37,14.29,5.41
S::dist_to_recent_swing_high_pct_le_0.4616,single,417,14.379,70,60,16.79,56.91,14.39,205,212,17.56,16.04,234,183,14.53,19.67
S::dist_to_recent_swing_high_pct_le_0.4616::top1,single+top1,29,1.0,10,1,34.48,8.13,3.45,14,15,35.71,33.33,17,12,35.29,33.33
S::dist_to_recent_swing_high_pct_le_0.4616::top2,single+top2,58,2.0,21,4,36.21,17.07,6.9,28,30,39.29,33.33,36,22,38.89,31.82
S::dist_to_recent_swing_high_pct_ge_0.8445,single,418,14.414,30,52,7.18,24.39,12.44,198,220,9.6,5.0,166,252,9.64,5.56
S::dist_to_recent_swing_high_pct_ge_0.8445::top1,single+top1,27,0.931,1,0,3.7,0.81,0.0,13,14,7.69,0.0,10,17,10.0,0.0
S::dist_to_recent_swing_high_pct_ge_0.8445::top2,single+top2,53,1.828,2,3,3.77,1.63,5.66,26,27,3.85,3.7,18,35,5.56,2.86
S::dist_to_recent_swing_high_pct_le_0.8445,single,626,21.586,94,87,15.02,76.42,13.9,309,317,15.86,14.2,343,283,13.99,16.25
S::dist_to_recent_swing_high_pct_le_0.8445::top1,single+top1,29,1.0,11,1,37.93,8.94,3.45,14,15,35.71,40.0,16,13,37.5,38.46
S::dist_to_recent_swing_high_pct_le_0.8445::top2,single+top2,58,2.0,16,3,27.59,13.01,5.17,28,30,32.14,23.33,34,24,29.41,25.0
S::dist_to_recent_swing_high_pct_ge_1.3224,single,210,7.241,10,24,4.76,8.13,11.43,100,110,6.0,3.64,74,136,5.41,4.41
S::dist_to_recent_swing_high_pct_ge_1.3224::top1,single+top1,24,0.828,0,1,0.0,0.0,4.17,12,12,0.0,0.0,10,14,0.0,0.0
S::dist_to_recent_swing_high_pct_ge_1.3224::top2,single+top2,47,1.621,0,4,0.0,0.0,8.51,23,24,0.0,0.0,18,29,0.0,0.0
S::dist_to_recent_swing_high_pct_le_1.3224,single,834,28.759,113,116,13.55,91.87,13.91,406,428,15.02,12.15,435,399,13.56,13.53
S::dist_to_recent_swing_high_pct_le_1.3224::top1,single+top1,29,1.0,11,1,37.93,8.94,3.45,14,15,42.86,33.33,16,13,37.5,38.46
S::dist_to_recent_swing_high_pct_le_1.3224::top2,single+top2,58,2.0,16,2,27.59,13.01,3.45,28,30,32.14,23.33,33,25,30.3,24.0
S::dist_to_recent_swing_low_pct_ge_0.2045,single,835,28.793,91,124,10.9,73.98,14.85,422,413,13.03,8.72,428,407,11.21,10.57
S::dist_to_recent_swing_low_pct_ge_0.2045::top1,single+top1,29,1.0,5,2,17.24,4.07,6.9,14,15,21.43,13.33,17,12,23.53,8.33
S::dist_to_recent_swing_low_pct_ge_0.2045::top2,single+top2,58,2.0,9,3,15.52,7.32,5.17,28,30,17.86,13.33,27,31,25.93,6.45
S::dist_to_recent_swing_low_pct_le_0.2045,single,209,7.207,32,16,15.31,26.02,7.66,84,125,14.29,16.0,81,128,18.52,13.28
S::dist_to_recent_swing_low_pct_le_0.2045::top1,single+top1,28,0.966,9,1,32.14,7.32,3.57,14,14,28.57,35.71,12,16,33.33,31.25
S::dist_to_recent_swing_low_pct_le_0.2045::top2,single+top2,55,1.897,13,5,23.64,10.57,9.09,27,28,18.52,28.57,23,32,26.09,21.88
S::dist_to_recent_swing_low_pct_ge_0.4255,single,629,21.69,75,102,11.92,60.98,16.22,333,296,12.91,10.81,348,281,12.64,11.03
S::dist_to_recent_swing_low_pct_ge_0.4255::top1,single+top1,29,1.0,5,2,17.24,4.07,6.9,14,15,21.43,13.33,17,12,17.65,16.67
S::dist_to_recent_swing_low_pct_ge_0.4255::top2,single+top2,58,2.0,11,2,18.97,8.94,3.45,28,30,25.0,13.33,32,26,25.0,11.54
S::dist_to_recent_swing_low_pct_le_0.4255,single,417,14.379,48,37,11.51,39.02,8.87,176,241,13.64,9.96,162,255,11.73,11.37
S::dist_to_recent_swing_low_pct_le_0.4255::top1,single+top1,29,1.0,10,2,34.48,8.13,6.9,14,15,35.71,33.33,13,16,38.46,31.25
S::dist_to_recent_swing_low_pct_le_0.4255::top2,single+top2,58,2.0,11,5,18.97,8.94,8.62,28,30,17.86,20.0,23,35,26.09,14.29
S::dist_to_recent_swing_low_pct_ge_0.8233,single,418,14.414,48,78,11.48,39.02,18.66,240,178,12.08,10.67,242,176,12.81,9.66
S::dist_to_recent_swing_low_pct_ge_0.8233::top1,single+top1,28,0.966,2,0,7.14,1.63,0.0,14,14,14.29,0.0,17,11,11.76,0.0
S::dist_to_recent_swing_low_pct_ge_0.8233::top2,single+top2,55,1.897,7,2,12.73,5.69,3.64,27,28,18.52,7.14,33,22,15.15,9.09
S::dist_to_recent_swing_low_pct_le_0.8233,single,626,21.586,75,61,11.98,60.98,9.74,266,360,14.29,10.28,267,359,11.99,11.98
S::dist_to_recent_swing_low_pct_le_0.8233::top1,single+top1,29,1.0,11,1,37.93,8.94,3.45,14,15,35.71,40.0,14,15,42.86,33.33
S::dist_to_recent_swing_low_pct_le_0.8233::top2,single+top2,58,2.0,14,3,24.14,11.38,5.17,28,30,21.43,26.67,26,32,30.77,18.75
S::dist_to_recent_swing_low_pct_ge_1.4109,single,210,7.241,14,43,6.67,11.38,20.48,143,67,5.59,8.96,119,91,6.72,6.59
S::dist_to_recent_swing_low_pct_ge_1.4109::top1,single+top1,22,0.759,2,0,9.09,1.63,0.0,11,11,18.18,0.0,13,9,15.38,0.0
S::dist_to_recent_swing_low_pct_ge_1.4109::top2,single+top2,40,1.379,3,1,7.5,2.44,2.5,21,19,14.29,0.0,24,16,12.5,0.0
S::dist_to_recent_swing_low_pct_le_1.4109,single,834,28.759,110,96,13.19,89.43,11.51,364,470,16.48,10.64,390,444,14.36,12.16
S::dist_to_recent_swing_low_pct_le_1.4109::top1,single+top1,29,1.0,11,1,37.93,8.94,3.45,14,15,35.71,40.0,15,14,40.0,35.71
S::dist_to_recent_swing_low_pct_le_1.4109::top2,single+top2,58,2.0,15,3,25.86,12.2,5.17,28,30,25.0,26.67,29,29,31.03,20.69
S::dist_to_4h_mean_pct_ge_-0.5557,single,835,28.793,115,122,13.77,93.5,14.61,411,424,14.84,12.74,441,394,13.83,13.71
S::dist_to_4h_mean_pct_ge_-0.5557::top1,single+top1,29,1.0,11,1,37.93,8.94,3.45,14,15,42.86,33.33,16,13,37.5,38.46
S::dist_to_4h_mean_pct_ge_-0.5557::top2,single+top2,58,2.0,17,2,29.31,13.82,3.45,28,30,35.71,23.33,34,24,32.35,25.0
S::dist_to_4h_mean_pct_le_-0.5557,single,209,7.207,8,18,3.83,6.5,8.61,96,113,6.25,1.77,67,142,2.99,4.23
S::dist_to_4h_mean_pct_le_-0.5557::top1,single+top1,27,0.931,0,2,0.0,0.0,7.41,13,14,0.0,0.0,9,18,0.0,0.0
S::dist_to_4h_mean_pct_le_-0.5557::top2,single+top2,50,1.724,0,3,0.0,0.0,6.0,24,26,0.0,0.0,14,36,0.0,0.0
S::dist_to_4h_mean_pct_ge_-0.1508,single,627,21.621,92,94,14.67,74.8,14.99,322,305,15.53,13.77,346,281,14.16,15.3
S::dist_to_4h_mean_pct_ge_-0.1508::top1,single+top1,29,1.0,9,1,31.03,7.32,3.45,14,15,35.71,26.67,16,13,31.25,30.77
S::dist_to_4h_mean_pct_ge_-0.1508::top2,single+top2,58,2.0,16,2,27.59,13.01,3.45,28,30,35.71,20.0,34,24,29.41,25.0
S::dist_to_4h_mean_pct_le_-0.1508,single,417,14.379,31,45,7.43,25.2,10.79,184,233,9.24,6.01,162,255,8.64,6.67
S::dist_to_4h_mean_pct_le_-0.1508::top1,single+top1,29,1.0,4,2,13.79,3.25,6.9,14,15,14.29,13.33,10,19,30.0,5.26
S::dist_to_4h_mean_pct_le_-0.1508::top2,single+top2,58,2.0,5,4,8.62,4.07,6.9,28,30,7.14,10.0,19,39,21.05,2.56
S::dist_to_4h_mean_pct_ge_0.1715,single,418,14.414,58,72,13.88,47.15,17.22,228,190,14.04,13.68,245,173,14.29,13.29
S::dist_to_4h_mean_pct_ge_0.1715::top1,single+top1,29,1.0,4,2,13.79,3.25,6.9,14,15,21.43,6.67,19,10,15.79,10.0
S::dist_to_4h_mean_pct_ge_0.1715::top2,single+top2,58,2.0,11,2,18.97,8.94,3.45,28,30,25.0,13.33,38,20,21.05,15.0
S::dist_to_4h_mean_pct_le_0.1715,single,626,21.586,65,67,10.38,52.85,10.7,278,348,12.59,8.62,264,362,10.61,10.22
S::dist_to_4h_mean_pct_le_0.1715::top1,single+top1,29,1.0,11,1,37.93,8.94,3.45,14,15,35.71,40.0,15,14,40.0,35.71
S::dist_to_4h_mean_pct_le_0.1715::top2,single+top2,58,2.0,13,4,22.41,10.57,6.9,28,30,21.43,23.33,24,34,29.17,17.65
S::dist_to_4h_mean_pct_ge_0.5432,single,210,7.241,20,45,9.52,16.26,21.43,134,76,9.7,9.21,122,88,5.74,14.77
S::dist_to_4h_mean_pct_ge_0.5432::top1,single+top1,24,0.828,3,1,12.5,2.44,4.17,12,12,16.67,8.33,19,5,10.53,20.0
S::dist_to_4h_mean_pct_ge_0.5432::top2,single+top2,47,1.621,6,2,12.77,4.88,4.26,24,23,20.83,4.35,33,14,12.12,14.29
S::dist_to_4h_mean_pct_le_0.5432,single,834,28.759,103,94,12.35,83.74,11.27,373,461,14.48,10.63,387,447,14.47,10.51
S::dist_to_4h_mean_pct_le_0.5432::top1,single+top1,29,1.0,10,1,34.48,8.13,3.45,14,15,35.71,33.33,15,14,33.33,35.71
S::dist_to_4h_mean_pct_le_0.5432::top2,single+top2,58,2.0,15,4,25.86,12.2,6.9,28,30,28.57,23.33,32,26,28.12,23.08
S::abs_dist_to_4h_mean_pct_ge_0.1582,single,835,28.793,90,118,10.78,73.17,14.13,414,421,12.08,9.5,408,427,12.25,9.37
S::abs_dist_to_4h_mean_pct_ge_0.1582::top1,single+top1,29,1.0,7,1,24.14,5.69,3.45,14,15,28.57,20.0,16,13,31.25,15.38
S::abs_dist_to_4h_mean_pct_ge_0.1582::top2,single+top2,58,2.0,8,4,13.79,6.5,6.9,28,30,17.86,10.0,30,28,20.0,7.14
S::abs_dist_to_4h_mean_pct_le_0.1582,single,209,7.207,34,21,16.27,27.64,10.05,93,116,19.35,13.79,101,108,13.86,18.52
S::abs_dist_to_4h_mean_pct_le_0.1582::top1,single+top1,29,1.0,9,1,31.03,7.32,3.45,14,15,28.57,33.33,15,14,33.33,28.57
S::abs_dist_to_4h_mean_pct_le_0.1582::top2,single+top2,58,2.0,16,3,27.59,13.01,5.17,28,30,28.57,26.67,28,30,32.14,23.33
S::abs_dist_to_4h_mean_pct_ge_0.3438,single,627,21.621,56,92,8.93,45.53,14.67,320,307,10.94,6.84,301,326,9.63,8.28
S::abs_dist_to_4h_mean_pct_ge_0.3438::top1,single+top1,29,1.0,3,1,10.34,2.44,3.45,14,15,21.43,0.0,15,14,20.0,0.0
S::abs_dist_to_4h_mean_pct_ge_0.3438::top2,single+top2,58,2.0,9,2,15.52,7.32,3.45,28,30,25.0,6.67,30,28,26.67,3.57
S::abs_dist_to_4h_mean_pct_le_0.3438,single,417,14.379,67,47,16.07,54.47,11.27,187,230,17.11,15.22,208,209,16.35,15.79
S::abs_dist_to_4h_mean_pct_le_0.3438::top1,single+top1,29,1.0,10,1,34.48,8.13,3.45,14,15,28.57,40.0,15,14,33.33,35.71
S::abs_dist_to_4h_mean_pct_le_0.3438::top2,single+top2,58,2.0,15,4,25.86,12.2,6.9,28,30,21.43,30.0,32,26,28.12,23.08
S::abs_dist_to_4h_mean_pct_ge_0.5467,single,418,14.414,26,63,6.22,21.14,15.07,228,190,7.46,4.74,188,230,4.79,7.39
S::abs_dist_to_4h_mean_pct_ge_0.5467::top1,single+top1,29,1.0,3,0,10.34,2.44,0.0,14,15,14.29,6.67,18,11,11.11,9.09
S::abs_dist_to_4h_mean_pct_ge_0.5467::top2,single+top2,57,1.966,5,2,8.77,4.07,3.51,27,30,14.81,3.33,35,22,8.57,9.09
S::abs_dist_to_4h_mean_pct_le_0.5467,single,626,21.586,97,76,15.5,78.86,12.14,278,348,17.99,13.51,321,305,16.82,14.1
S::abs_dist_to_4h_mean_pct_le_0.5467::top1,single+top1,29,1.0,10,2,34.48,8.13,6.9,14,15,35.71,33.33,15,14,33.33,35.71
S::abs_dist_to_4h_mean_pct_le_0.5467::top2,single+top2,58,2.0,16,4,27.59,13.01,6.9,28,30,32.14,23.33,34,24,29.41,25.0
S::abs_dist_to_4h_mean_pct_ge_0.8944,single,210,7.241,11,22,5.24,8.94,10.48,119,91,5.04,5.49,96,114,3.12,7.02
S::abs_dist_to_4h_mean_pct_ge_0.8944::top1,single+top1,23,0.793,1,1,4.35,0.81,4.35,12,11,8.33,0.0,12,11,8.33,0.0
S::abs_dist_to_4h_mean_pct_ge_0.8944::top2,single+top2,45,1.552,2,2,4.44,1.63,4.44,24,21,8.33,0.0,23,22,8.7,0.0
S::abs_dist_to_4h_mean_pct_le_0.8944,single,834,28.759,112,117,13.43,91.06,14.03,388,446,15.72,11.43,413,421,14.53,12.35
S::abs_dist_to_4h_mean_pct_le_0.8944::top1,single+top1,29,1.0,10,1,34.48,8.13,3.45,14,15,35.71,33.33,16,13,31.25,38.46
S::abs_dist_to_4h_mean_pct_le_0.8944::top2,single+top2,58,2.0,14,4,24.14,11.38,6.9,28,30,25.0,23.33,31,27,25.81,22.22
S::taker_imb_5m_ge_-0.1777,single,835,28.793,97,114,11.62,78.86,13.65,413,422,12.83,10.43,300,535,12.33,11.21
S::taker_imb_5m_ge_-0.1777::top1,single+top1,29,1.0,6,1,20.69,4.88,3.45,14,15,21.43,20.0,8,21,12.5,23.81
S::taker_imb_5m_ge_-0.1777::top2,single+top2,58,2.0,10,3,17.24,8.13,5.17,28,30,21.43,13.33,19,39,15.79,17.95
S::taker_imb_5m_le_-0.1777,single,209,7.207,26,25,12.44,21.14,11.96,94,115,14.89,10.43,209,0,12.44,
S::taker_imb_5m_le_-0.1777::top1,single+top1,29,1.0,10,3,34.48,8.13,10.34,14,15,42.86,26.67,29,0,34.48,
S::taker_imb_5m_le_-0.1777::top2,single+top2,58,2.0,15,5,25.86,12.2,8.62,28,30,32.14,20.0,58,0,25.86,
S::taker_imb_5m_ge_-0.1034,single,627,21.621,71,85,11.32,57.72,13.56,304,323,11.51,11.15,92,535,11.96,11.21
S::taker_imb_5m_ge_-0.1034::top1,single+top1,29,1.0,6,1,20.69,4.88,3.45,14,15,21.43,20.0,3,26,33.33,19.23
S::taker_imb_5m_ge_-0.1034::top2,single+top2,58,2.0,11,3,18.97,8.94,5.17,28,30,21.43,16.67,8,50,37.5,16.0
S::taker_imb_5m_le_-0.1034,single,418,14.414,52,55,12.44,42.28,13.16,203,215,15.76,9.3,418,0,12.44,
S::taker_imb_5m_le_-0.1034::top1,single+top1,29,1.0,8,4,27.59,6.5,13.79,14,15,35.71,20.0,29,0,27.59,
S::taker_imb_5m_le_-0.1034::top2,single+top2,58,2.0,11,7,18.97,8.94,12.07,28,30,25.0,13.33,58,0,18.97,
S::taker_imb_5m_ge_0.1114,single,418,14.414,45,59,10.77,36.59,14.11,208,210,8.65,12.86,0,418,,10.77
S::taker_imb_5m_ge_0.1114::top1,single+top1,29,1.0,6,1,20.69,4.88,3.45,14,15,14.29,26.67,0,29,,20.69
S::taker_imb_5m_ge_0.1114::top2,single+top2,58,2.0,10,2,17.24,8.13,3.45,28,30,14.29,20.0,0,58,,17.24
S::taker_imb_5m_le_0.1114,single,626,21.586,78,81,12.46,63.41,12.94,298,328,16.44,8.84,508,118,12.4,12.71
S::taker_imb_5m_le_0.1114::top1,single+top1,29,1.0,9,2,31.03,7.32,6.9,14,15,42.86,20.0,23,6,30.43,33.33
S::taker_imb_5m_le_0.1114::top2,single+top2,58,2.0,13,4,22.41,10.57,6.9,28,30,28.57,16.67,46,12,23.91,16.67
S::taker_imb_5m_ge_0.1978,single,210,7.241,22,21,10.48,17.89,10.0,98,112,9.18,11.61,0,210,,10.48
S::taker_imb_5m_ge_0.1978::top1,single+top1,29,1.0,3,2,10.34,2.44,6.9,14,15,7.14,13.33,0,29,,10.34
S::taker_imb_5m_ge_0.1978::top2,single+top2,58,2.0,6,4,10.34,4.88,6.9,28,30,3.57,16.67,0,58,,10.34
S::taker_imb_5m_le_0.1978,single,835,28.793,103,118,12.34,83.74,14.13,410,425,14.63,10.12,508,327,12.4,12.23
S::taker_imb_5m_le_0.1978::top1,single+top1,29,1.0,10,1,34.48,8.13,3.45,14,15,35.71,33.33,17,12,35.29,33.33
S::taker_imb_5m_le_0.1978::top2,single+top2,58,2.0,16,3,27.59,13.01,5.17,28,30,32.14,23.33,36,22,30.56,22.73
S::taker_imb_15m_ge_-0.1285,single,835,28.793,96,112,11.5,78.05,13.41,428,407,12.38,10.57,373,462,11.53,11.47
S::taker_imb_15m_ge_-0.1285::top1,single+top1,29,1.0,10,2,34.48,8.13,6.9,14,15,42.86,26.67,15,14,33.33,35.71
S::taker_imb_15m_ge_-0.1285::top2,single+top2,58,2.0,13,3,22.41,10.57,5.17,28,30,32.14,13.33,26,32,26.92,18.75
S::taker_imb_15m_le_-0.1285,single,209,7.207,27,27,12.92,21.95,12.92,78,131,17.95,9.92,135,74,14.81,9.46
S::taker_imb_15m_le_-0.1285::top1,single+top1,29,1.0,7,3,24.14,5.69,10.34,14,15,21.43,26.67,25,4,28.0,0.0
S::taker_imb_15m_le_-0.1285::top2,single+top2,57,1.966,10,6,17.54,8.13,10.53,27,30,14.81,20.0,40,17,22.5,5.88
S::taker_imb_15m_ge_-0.0383,single,627,21.621,76,79,12.12,61.79,12.6,325,302,12.31,11.92,255,372,11.37,12.63
S::taker_imb_15m_ge_-0.0383::top1,single+top1,29,1.0,9,2,31.03,7.32,6.9,14,15,35.71,26.67,13,16,30.77,31.25
S::taker_imb_15m_ge_-0.0383::top2,single+top2,58,2.0,13,3,22.41,10.57,5.17,28,30,32.14,13.33,26,32,26.92,18.75
S::taker_imb_15m_le_-0.0383,single,418,14.414,47,60,11.24,38.21,14.35,183,235,14.75,8.51,253,165,13.44,7.88
S::taker_imb_15m_le_-0.0383::top1,single+top1,29,1.0,8,1,27.59,6.5,3.45,14,15,21.43,33.33,21,8,28.57,25.0
S::taker_imb_15m_le_-0.0383::top2,single+top2,58,2.0,13,5,22.41,10.57,8.62,28,30,21.43,23.33,37,21,24.32,19.05
S::taker_imb_15m_ge_0.0443,single,420,14.483,57,52,13.57,46.34,12.38,217,203,12.44,14.78,150,270,12.0,14.44
S::taker_imb_15m_ge_0.0443::top1,single+top1,29,1.0,7,1,24.14,5.69,3.45,14,15,21.43,26.67,7,22,14.29,27.27
S::taker_imb_15m_ge_0.0443::top2,single+top2,58,2.0,11,3,18.97,8.94,5.17,28,30,25.0,13.33,18,40,22.22,17.5
S::taker_imb_15m_le_0.0443,single,626,21.586,66,87,10.54,53.66,13.9,290,336,13.79,7.74,359,267,12.53,7.87
S::taker_imb_15m_le_0.0443::top1,single+top1,29,1.0,9,1,31.03,7.32,3.45,14,15,35.71,26.67,19,10,36.84,20.0
S::taker_imb_15m_le_0.0443::top2,single+top2,58,2.0,14,3,24.14,11.38,5.17,28,30,28.57,20.0,38,20,26.32,20.0
S::taker_imb_15m_ge_0.1432,single,210,7.241,30,29,14.29,24.39,13.81,103,107,12.62,15.89,57,153,14.04,14.38
S::taker_imb_15m_ge_0.1432::top1,single+top1,29,1.0,6,3,20.69,4.88,10.34,14,15,28.57,13.33,9,20,44.44,10.0
S::taker_imb_15m_ge_0.1432::top2,single+top2,57,1.966,10,6,17.54,8.13,10.53,27,30,22.22,13.33,14,43,35.71,11.63
S::taker_imb_15m_le_0.1432,single,834,28.759,94,110,11.27,76.42,13.19,403,431,13.4,9.28,451,383,12.2,10.18
S::taker_imb_15m_le_0.1432::top1,single+top1,29,1.0,10,1,34.48,8.13,3.45,14,15,28.57,40.0,17,12,35.29,33.33
S::taker_imb_15m_le_0.1432::top2,single+top2,58,2.0,13,2,22.41,10.57,3.45,28,30,17.86,26.67,35,23,20.0,26.09
S::taker_imb_30m_ge_-0.1186,single,835,28.793,105,114,12.57,85.37,13.65,436,399,13.76,11.28,412,423,12.38,12.77
S::taker_imb_30m_ge_-0.1186::top1,single+top1,29,1.0,9,1,31.03,7.32,3.45,14,15,42.86,20.0,16,13,31.25,30.77
S::taker_imb_30m_ge_-0.1186::top2,single+top2,58,2.0,15,3,25.86,12.2,5.17,28,30,35.71,16.67,30,28,30.0,21.43
S::taker_imb_30m_le_-0.1186,single,209,7.207,18,26,8.61,14.63,12.44,70,139,10.0,7.91,96,113,12.5,5.31
S::taker_imb_30m_le_-0.1186::top1,single+top1,29,1.0,6,3,20.69,4.88,10.34,14,15,7.14,33.33,13,16,30.77,12.5
S::taker_imb_30m_le_-0.1186::top2,single+top2,57,1.966,9,6,15.79,7.32,10.53,27,30,11.11,20.0,26,31,26.92,6.45
S::taker_imb_30m_ge_-0.0275,single,627,21.621,82,88,13.08,66.67,14.04,337,290,13.35,12.76,315,312,11.75,14.42
S::taker_imb_30m_ge_-0.0275::top1,single+top1,29,1.0,7,1,24.14,5.69,3.45,14,15,35.71,13.33,14,15,28.57,20.0
S::taker_imb_30m_ge_-0.0275::top2,single+top2,58,2.0,11,4,18.97,8.94,6.9,28,30,32.14,6.67,27,31,25.93,12.9
S::taker_imb_30m_le_-0.0275,single,417,14.379,41,51,9.83,33.33,12.23,169,248,13.02,7.66,193,224,13.47,6.7
S::taker_imb_30m_le_-0.0275::top1,single+top1,29,1.0,7,2,24.14,5.69,6.9,14,15,14.29,33.33,13,16,38.46,12.5
S::taker_imb_30m_le_-0.0275::top2,single+top2,58,2.0,11,4,18.97,8.94,6.9,28,30,14.29,23.33,26,32,30.77,9.38
S::taker_imb_30m_ge_0.0385,single,418,14.414,54,58,12.92,43.9,13.88,211,207,11.85,14.01,200,218,10.5,15.14
S::taker_imb_30m_ge_0.0385::top1,single+top1,29,1.0,6,1,20.69,4.88,3.45,14,15,28.57,13.33,12,17,16.67,23.53
S::taker_imb_30m_ge_0.0385::top2,single+top2,58,2.0,7,2,12.07,5.69,3.45,28,30,17.86,6.67,26,32,11.54,12.5
S::taker_imb_30m_le_0.0385,single,626,21.586,69,81,11.02,56.1,12.94,296,330,14.19,8.18,309,317,13.59,8.52
S::taker_imb_30m_le_0.0385::top1,single+top1,29,1.0,9,2,31.03,7.32,6.9,14,15,35.71,26.67,16,13,43.75,15.38
S::taker_imb_30m_le_0.0385::top2,single+top2,58,2.0,13,4,22.41,10.57,6.9,28,30,25.0,20.0,28,30,32.14,13.33
S::taker_imb_30m_ge_0.1277,single,210,7.241,29,36,13.81,23.58,17.14,111,99,12.61,15.15,91,119,12.09,15.13
S::taker_imb_30m_ge_0.1277::top1,single+top1,28,0.966,6,2,21.43,4.88,7.14,13,15,23.08,20.0,11,17,18.18,23.53
S::taker_imb_30m_ge_0.1277::top2,single+top2,56,1.931,9,5,16.07,7.32,8.93,26,30,23.08,10.0,22,34,13.64,17.65
S::taker_imb_30m_le_0.1277,single,834,28.759,94,103,11.27,76.42,12.35,396,438,13.38,9.36,417,417,12.47,10.07
S::taker_imb_30m_le_0.1277::top1,single+top1,29,1.0,8,1,27.59,6.5,3.45,14,15,35.71,20.0,17,12,35.29,16.67
S::taker_imb_30m_le_0.1277::top2,single+top2,58,2.0,13,3,22.41,10.57,5.17,28,30,25.0,20.0,35,23,25.71,17.39
S::taker_imb_60m_ge_-0.1087,single,835,28.793,108,115,12.93,87.8,13.77,434,401,14.06,11.72,418,417,12.44,13.43
S::taker_imb_60m_ge_-0.1087::top1,single+top1,29,1.0,11,1,37.93,8.94,3.45,14,15,42.86,33.33,16,13,37.5,38.46
S::taker_imb_60m_ge_-0.1087::top2,single+top2,58,2.0,15,3,25.86,12.2,5.17,28,30,32.14,20.0,30,28,26.67,25.0
S::taker_imb_60m_le_-0.1087,single,209,7.207,15,24,7.18,12.2,11.48,72,137,8.33,6.57,91,118,12.09,3.39
S::taker_imb_60m_le_-0.1087::top1,single+top1,29,1.0,3,1,10.34,2.44,3.45,14,15,0.0,20.0,12,17,25.0,0.0
S::taker_imb_60m_le_-0.1087::top2,single+top2,56,1.931,6,4,10.71,4.88,7.14,26,30,3.85,16.67,23,33,26.09,0.0
S::taker_imb_60m_ge_-0.0363,single,627,21.621,86,93,13.72,69.92,14.83,335,292,14.93,12.33,331,296,12.39,15.2
S::taker_imb_60m_ge_-0.0363::top1,single+top1,29,1.0,8,2,27.59,6.5,6.9,14,15,28.57,26.67,15,14,26.67,28.57
S::taker_imb_60m_ge_-0.0363::top2,single+top2,58,2.0,13,3,22.41,10.57,5.17,28,30,28.57,16.67,29,29,24.14,20.69
S::taker_imb_60m_le_-0.0363,single,418,14.414,37,46,8.85,30.08,11.0,171,247,9.94,8.1,178,240,12.36,6.25
S::taker_imb_60m_le_-0.0363::top1,single+top1,29,1.0,5,1,17.24,4.07,3.45,14,15,14.29,20.0,12,17,33.33,5.88
S::taker_imb_60m_le_-0.0363::top2,single+top2,58,2.0,9,1,15.52,7.32,1.72,28,30,7.14,23.33,26,32,26.92,6.25
S::taker_imb_60m_ge_0.0336,single,418,14.414,59,60,14.11,47.97,14.35,223,195,14.35,13.85,225,193,11.11,17.62
S::taker_imb_60m_ge_0.0336::top1,single+top1,29,1.0,6,0,20.69,4.88,0.0,14,15,28.57,13.33,15,14,13.33,28.57
S::taker_imb_60m_ge_0.0336::top2,single+top2,58,2.0,12,2,20.69,9.76,3.45,28,30,25.0,16.67,28,30,17.86,23.33
S::taker_imb_60m_le_0.0336,single,626,21.586,64,79,10.22,52.03,12.62,284,342,12.32,8.48,284,342,13.38,7.6
S::taker_imb_60m_le_0.0336::top1,single+top1,29,1.0,8,2,27.59,6.5,6.9,14,15,28.57,26.67,14,15,42.86,13.33
S::taker_imb_60m_le_0.0336::top2,single+top2,58,2.0,14,4,24.14,11.38,6.9,28,30,25.0,23.33,27,31,37.04,12.9
S::taker_imb_60m_ge_0.114,single,210,7.241,35,28,16.67,28.46,13.33,109,101,16.51,16.83,108,102,12.04,21.57
S::taker_imb_60m_ge_0.114::top1,single+top1,28,0.966,8,1,28.57,6.5,3.57,14,14,28.57,28.57,13,15,23.08,33.33
S::taker_imb_60m_ge_0.114::top2,single+top2,54,1.862,13,4,24.07,10.57,7.41,27,27,33.33,14.81,28,26,21.43,26.92
S::taker_imb_60m_le_0.114,single,834,28.759,88,111,10.55,71.54,13.31,398,436,12.31,8.94,401,433,12.47,8.78
S::taker_imb_60m_le_0.114::top1,single+top1,29,1.0,7,1,24.14,5.69,3.45,14,15,28.57,20.0,15,14,33.33,14.29
S::taker_imb_60m_le_0.114::top2,single+top2,58,2.0,12,3,20.69,9.76,5.17,28,30,21.43,20.0,30,28,26.67,14.29
S::taker_imb_180m_ge_-0.0633,single,835,28.793,103,122,12.34,83.74,14.61,441,394,13.38,11.17,408,427,12.5,12.18
S::taker_imb_180m_ge_-0.0633::top1,single+top1,29,1.0,9,1,31.03,7.32,3.45,14,15,35.71,26.67,16,13,31.25,30.77
S::taker_imb_180m_ge_-0.0633::top2,single+top2,58,2.0,13,3,22.41,10.57,5.17,28,30,28.57,16.67,28,30,28.57,16.67
S::taker_imb_180m_le_-0.0633,single,209,7.207,21,17,10.05,17.07,8.13,66,143,13.64,8.39,100,109,12.0,8.26
S::taker_imb_180m_le_-0.0633::top1,single+top1,27,0.931,5,1,18.52,4.07,3.7,13,14,15.38,21.43,12,15,33.33,6.67
S::taker_imb_180m_le_-0.0633::top2,single+top2,51,1.759,10,1,19.61,8.13,1.96,23,28,13.04,25.0,22,29,31.82,10.34
S::taker_imb_180m_ge_-0.0115,single,628,21.655,83,99,13.22,67.48,15.76,348,280,14.08,12.14,327,301,12.84,13.62
S::taker_imb_180m_ge_-0.0115::top1,single+top1,29,1.0,7,2,24.14,5.69,6.9,14,15,21.43,26.67,13,16,23.08,25.0
S::taker_imb_180m_ge_-0.0115::top2,single+top2,58,2.0,14,3,24.14,11.38,5.17,28,30,28.57,20.0,27,31,29.63,19.35
S::taker_imb_180m_le_-0.0115,single,417,14.379,40,41,9.59,32.52,9.83,160,257,11.25,8.56,182,235,11.54,8.09
S::taker_imb_180m_le_-0.0115::top1,single+top1,29,1.0,7,1,24.14,5.69,3.45,14,15,28.57,20.0,14,15,35.71,13.33
S::taker_imb_180m_le_-0.0115::top2,single+top2,58,2.0,12,4,20.69,9.76,6.9,28,30,21.43,20.0,27,31,25.93,16.13
S::taker_imb_180m_ge_0.0326,single,418,14.414,62,65,14.83,50.41,15.55,228,190,17.11,12.11,219,199,14.61,15.08
S::taker_imb_180m_ge_0.0326::top1,single+top1,27,0.931,7,1,25.93,5.69,3.7,14,13,28.57,23.08,10,17,20.0,29.41
S::taker_imb_180m_ge_0.0326::top2,single+top2,54,1.862,13,3,24.07,10.57,5.56,28,26,25.0,23.08,22,32,27.27,21.88
S::taker_imb_180m_le_0.0326,single,626,21.586,61,74,9.74,49.59,11.82,279,347,10.04,9.51,290,336,10.69,8.93
S::taker_imb_180m_le_0.0326::top1,single+top1,29,1.0,8,1,27.59,6.5,3.45,14,15,35.71,20.0,17,12,41.18,8.33
S::taker_imb_180m_le_0.0326::top2,single+top2,58,2.0,12,4,20.69,9.76,6.9,28,30,21.43,20.0,29,29,31.03,10.34
S::taker_imb_180m_ge_0.0875,single,211,7.276,33,35,15.64,26.83,16.59,102,109,16.67,14.68,108,103,14.81,16.5
S::taker_imb_180m_ge_0.0875::top1,single+top1,26,0.897,5,1,19.23,4.07,3.85,13,13,23.08,15.38,13,13,23.08,15.38
S::taker_imb_180m_ge_0.0875::top2,single+top2,49,1.69,11,3,22.45,8.94,6.12,25,24,28.0,16.67,25,24,24.0,20.83
S::taker_imb_180m_le_0.0875,single,834,28.759,90,104,10.79,73.17,12.47,406,428,12.32,9.35,400,434,11.75,9.91
S::taker_imb_180m_le_0.0875::top1,single+top1,29,1.0,8,1,27.59,6.5,3.45,14,15,28.57,26.67,15,14,33.33,21.43
S::taker_imb_180m_le_0.0875::top2,single+top2,58,2.0,13,4,22.41,10.57,6.9,28,30,25.0,20.0,30,28,30.0,14.29
S::taker_imb_aligned_5m_ge_-0.2673,single,835,28.793,96,121,11.5,78.05,14.49,411,424,13.38,9.67,405,430,12.1,10.93
S::taker_imb_aligned_5m_ge_-0.2673::top1,single+top1,29,1.0,8,1,27.59,6.5,3.45,14,15,28.57,26.67,15,14,26.67,28.57
S::taker_imb_aligned_5m_ge_-0.2673::top2,single+top2,58,2.0,11,4,18.97,8.94,6.9,28,30,25.0,13.33,27,31,22.22,16.13
S::taker_imb_aligned_5m_le_-0.2673,single,209,7.207,27,18,12.92,21.95,8.61,96,113,12.5,13.27,104,105,13.46,12.38
S::taker_imb_aligned_5m_le_-0.2673::top1,single+top1,29,1.0,9,1,31.03,7.32,3.45,14,15,35.71,26.67,19,10,36.84,20.0
S::taker_imb_aligned_5m_le_-0.2673::top2,single+top2,57,1.966,14,1,24.56,11.38,1.75,27,30,25.93,23.33,31,26,29.03,19.23
S::taker_imb_aligned_5m_ge_-0.1868,single,627,21.621,74,91,11.8,60.16,14.51,310,317,14.19,9.46,317,310,11.67,11.94
S::taker_imb_aligned_5m_ge_-0.1868::top1,single+top1,29,1.0,6,1,20.69,4.88,3.45,14,15,21.43,20.0,11,18,18.18,22.22
S::taker_imb_aligned_5m_ge_-0.1868::top2,single+top2,58,2.0,9,4,15.52,7.32,6.9,28,30,21.43,10.0,25,33,16.0,15.15
S::taker_imb_aligned_5m_le_-0.1868,single,418,14.414,49,48,11.72,39.84,11.48,196,222,11.73,11.71,193,225,13.47,10.22
S::taker_imb_aligned_5m_le_-0.1868::top1,single+top1,29,1.0,11,1,37.93,8.94,3.45,14,15,50.0,26.67,21,8,47.62,12.5
S::taker_imb_aligned_5m_le_-0.1868::top2,single+top2,58,2.0,14,3,24.14,11.38,5.17,28,30,28.57,20.0,33,25,36.36,8.0
S::taker_imb_aligned_5m_ge_-0.1356,single,418,14.414,48,58,11.48,39.02,13.88,207,211,15.94,7.11,218,200,11.47,11.5
S::taker_imb_aligned_5m_ge_-0.1356::top1,single+top1,29,1.0,6,1,20.69,4.88,3.45,14,15,21.43,20.0,11,18,18.18,22.22
S::taker_imb_aligned_5m_ge_-0.1356::top2,single+top2,58,2.0,9,4,15.52,7.32,6.9,28,30,21.43,10.0,27,31,14.81,16.13
S::taker_imb_aligned_5m_le_-0.1356,single,626,21.586,75,81,11.98,60.98,12.94,300,326,11.33,12.58,291,335,13.06,11.04
S::taker_imb_aligned_5m_le_-0.1356::top1,single+top1,29,1.0,10,1,34.48,8.13,3.45,14,15,42.86,26.67,22,7,40.91,14.29
S::taker_imb_aligned_5m_le_-0.1356::top2,single+top2,58,2.0,16,3,27.59,13.01,5.17,28,30,28.57,26.67,35,23,34.29,17.39
S::taker_imb_aligned_5m_ge_-0.1074,single,212,7.31,25,29,11.79,20.33,13.68,99,113,18.18,6.19,108,104,12.04,11.54
S::taker_imb_aligned_5m_ge_-0.1074::top1,single+top1,29,1.0,4,3,13.79,3.25,10.34,14,15,21.43,6.67,14,15,14.29,13.33
S::taker_imb_aligned_5m_ge_-0.1074::top2,single+top2,58,2.0,8,4,13.79,6.5,6.9,28,30,21.43,6.67,29,29,10.34,17.24
S::taker_imb_aligned_5m_le_-0.1074,single,834,28.759,98,112,11.75,79.67,13.43,408,426,12.01,11.5,402,432,12.44,11.11
S::taker_imb_aligned_5m_le_-0.1074::top1,single+top1,29,1.0,11,0,37.93,8.94,0.0,14,15,42.86,33.33,17,12,41.18,33.33
S::taker_imb_aligned_5m_le_-0.1074::top2,single+top2,58,2.0,16,1,27.59,13.01,1.72,28,30,28.57,26.67,30,28,30.0,25.0
S::taker_imb_aligned_15m_ge_-0.1765,single,835,28.793,97,104,11.62,78.86,12.46,411,424,13.38,9.91,417,418,12.23,11.0
S::taker_imb_aligned_15m_ge_-0.1765::top1,single+top1,29,1.0,9,1,31.03,7.32,3.45,14,15,35.71,26.67,16,13,31.25,30.77
S::taker_imb_aligned_15m_ge_-0.1765::top2,single+top2,58,2.0,14,3,24.14,11.38,5.17,28,30,28.57,20.0,32,26,25.0,23.08
S::taker_imb_aligned_15m_le_-0.1765,single,209,7.207,26,35,12.44,21.14,16.75,95,114,12.63,12.28,92,117,13.04,11.97
S::taker_imb_aligned_15m_le_-0.1765::top1,single+top1,29,1.0,5,1,17.24,4.07,3.45,14,15,14.29,20.0,13,16,30.77,6.25
S::taker_imb_aligned_15m_le_-0.1765::top2,single+top2,58,2.0,11,5,18.97,8.94,8.62,28,30,17.86,20.0,25,33,32.0,9.09
S::taker_imb_aligned_15m_ge_-0.0813,single,627,21.621,73,74,11.64,59.35,11.8,296,331,15.2,8.46,318,309,12.89,10.36
S::taker_imb_aligned_15m_ge_-0.0813::top1,single+top1,29,1.0,9,2,31.03,7.32,6.9,14,15,42.86,20.0,20,9,30.0,33.33
S::taker_imb_aligned_15m_ge_-0.0813::top2,single+top2,58,2.0,13,3,22.41,10.57,5.17,28,30,32.14,13.33,32,26,25.0,19.23
S::taker_imb_aligned_15m_le_-0.0813,single,417,14.379,51,65,12.23,41.46,15.59,211,206,10.9,13.59,191,226,12.04,12.39
S::taker_imb_aligned_15m_le_-0.0813::top1,single+top1,29,1.0,8,0,27.59,6.5,0.0,14,15,21.43,33.33,11,18,36.36,22.22
S::taker_imb_aligned_15m_le_-0.0813::top2,single+top2,58,2.0,10,3,17.24,8.13,5.17,28,30,10.71,23.33,23,35,26.09,11.43
S::taker_imb_aligned_15m_ge_-0.0071,single,419,14.448,37,53,8.83,30.08,12.65,197,222,12.18,5.86,206,213,11.17,6.57
S::taker_imb_aligned_15m_ge_-0.0071::top1,single+top1,29,1.0,5,1,17.24,4.07,3.45,14,15,28.57,6.67,18,11,16.67,18.18
S::taker_imb_aligned_15m_ge_-0.0071::top2,single+top2,58,2.0,8,3,13.79,6.5,5.17,28,30,21.43,6.67,35,23,14.29,13.04
S::taker_imb_aligned_15m_le_-0.0071,single,626,21.586,86,87,13.74,69.92,13.9,310,316,13.87,13.61,303,323,13.2,14.24
S::taker_imb_aligned_15m_le_-0.0071::top1,single+top1,29,1.0,9,1,31.03,7.32,3.45,14,15,28.57,33.33,15,14,33.33,28.57
S::taker_imb_aligned_15m_le_-0.0071::top2,single+top2,58,2.0,12,4,20.69,9.76,6.9,28,30,17.86,23.33,29,29,24.14,17.24
S::taker_imb_aligned_15m_ge_0.0914,single,210,7.241,25,19,11.9,20.33,9.05,84,126,16.67,8.73,105,105,14.29,9.52
S::taker_imb_aligned_15m_ge_0.0914::top1,single+top1,29,1.0,5,1,17.24,4.07,3.45,14,15,21.43,13.33,18,11,16.67,18.18
S::taker_imb_aligned_15m_ge_0.0914::top2,single+top2,58,2.0,12,1,20.69,9.76,1.72,28,30,25.0,16.67,36,22,16.67,27.27
S::taker_imb_aligned_15m_le_0.0914,single,834,28.759,98,120,11.75,79.67,14.39,423,411,12.53,10.95,404,430,11.88,11.63
S::taker_imb_aligned_15m_le_0.0914::top1,single+top1,29,1.0,10,1,34.48,8.13,3.45,14,15,35.71,33.33,14,15,35.71,33.33
S::taker_imb_aligned_15m_le_0.0914::top2,single+top2,58,2.0,13,2,22.41,10.57,3.45,28,30,21.43,23.33,26,32,26.92,18.75
S::taker_imb_aligned_30m_ge_-0.1277,single,835,28.793,94,103,11.26,76.42,12.34,411,424,13.63,8.96,418,417,12.44,10.07
S::taker_imb_aligned_30m_ge_-0.1277::top1,single+top1,29,1.0,9,2,31.03,7.32,6.9,14,15,50.0,13.33,19,10,36.84,20.0
S::taker_imb_aligned_30m_ge_-0.1277::top2,single+top2,58,2.0,14,3,24.14,11.38,5.17,28,30,35.71,13.33,34,24,29.41,16.67
S::taker_imb_aligned_30m_le_-0.1277,single,210,7.241,29,36,13.81,23.58,17.14,97,113,11.34,15.93,91,119,12.09,15.13
S::taker_imb_aligned_30m_le_-0.1277::top1,single+top1,29,1.0,8,1,27.59,6.5,3.45,14,15,14.29,40.0,14,15,28.57,26.67
S::taker_imb_aligned_30m_le_-0.1277::top2,single+top2,58,2.0,14,4,24.14,11.38,6.9,28,30,17.86,30.0,24,34,29.17,20.59
S::taker_imb_aligned_30m_ge_-0.031,single,627,21.621,64,75,10.21,52.03,11.96,315,312,13.33,7.05,319,308,11.6,8.77
S::taker_imb_aligned_30m_ge_-0.031::top1,single+top1,29,1.0,9,2,31.03,7.32,6.9,14,15,50.0,13.33,18,11,33.33,27.27
S::taker_imb_aligned_30m_ge_-0.031::top2,single+top2,58,2.0,13,4,22.41,10.57,6.9,28,30,35.71,10.0,30,28,26.67,17.86
S::taker_imb_aligned_30m_le_-0.031,single,418,14.414,59,64,14.11,47.97,15.31,193,225,12.95,15.11,189,229,13.76,14.41
S::taker_imb_aligned_30m_le_-0.031::top1,single+top1,29,1.0,8,2,27.59,6.5,6.9,14,15,21.43,33.33,10,19,30.0,26.32
S::taker_imb_aligned_30m_le_-0.031::top2,single+top2,58,2.0,15,5,25.86,12.2,8.62,28,30,17.86,33.33,24,34,33.33,20.59
S::taker_imb_aligned_30m_ge_0.0368,single,418,14.414,36,47,8.61,29.27,11.24,187,231,11.76,6.06,204,214,10.29,7.01
S::taker_imb_aligned_30m_ge_0.0368::top1,single+top1,29,1.0,7,1,24.14,5.69,3.45,14,15,35.71,13.33,14,15,28.57,20.0
S::taker_imb_aligned_30m_ge_0.0368::top2,single+top2,58,2.0,9,2,15.52,7.32,3.45,28,30,21.43,10.0,27,31,18.52,12.9
S::taker_imb_aligned_30m_le_0.0368,single,626,21.586,87,92,13.9,70.73,14.7,319,307,14.11,13.68,305,321,13.77,14.02
S::taker_imb_aligned_30m_le_0.0368::top1,single+top1,29,1.0,8,1,27.59,6.5,3.45,14,15,28.57,26.67,14,15,35.71,20.0
S::taker_imb_aligned_30m_le_0.0368::top2,single+top2,58,2.0,12,6,20.69,9.76,10.34,28,30,21.43,20.0,28,30,28.57,13.33
S::taker_imb_aligned_30m_ge_0.1198,single,210,7.241,16,27,7.62,13.01,12.86,84,126,11.9,4.76,102,108,10.78,4.63
S::taker_imb_aligned_30m_ge_0.1198::top1,single+top1,29,1.0,3,3,10.34,2.44,10.34,14,15,14.29,6.67,14,15,14.29,6.67
S::taker_imb_aligned_30m_ge_0.1198::top2,single+top2,57,1.966,5,4,8.77,4.07,7.02,27,30,11.11,6.67,28,29,14.29,3.45
S::taker_imb_aligned_30m_le_0.1198,single,834,28.759,107,112,12.83,86.99,13.43,422,412,13.51,12.14,407,427,12.78,12.88
S::taker_imb_aligned_30m_le_0.1198::top1,single+top1,29,1.0,10,1,34.48,8.13,3.45,14,15,35.71,33.33,14,15,35.71,33.33
S::taker_imb_aligned_30m_le_0.1198::top2,single+top2,58,2.0,15,2,25.86,12.2,3.45,28,30,25.0,26.67,29,29,27.59,24.14
S::taker_imb_aligned_60m_ge_-0.1037,single,835,28.793,90,105,10.78,73.17,12.57,414,421,13.53,8.08,412,423,12.62,8.98
S::taker_imb_aligned_60m_ge_-0.1037::top1,single+top1,29,1.0,8,2,27.59,6.5,6.9,14,15,42.86,13.33,18,11,33.33,18.18
S::taker_imb_aligned_60m_ge_-0.1037::top2,single+top2,58,2.0,13,3,22.41,10.57,5.17,28,30,32.14,13.33,30,28,30.0,14.29
S::taker_imb_aligned_60m_le_-0.1037,single,209,7.207,33,34,15.79,26.83,16.27,92,117,11.96,18.8,97,112,11.34,19.64
S::taker_imb_aligned_60m_le_-0.1037::top1,single+top1,29,1.0,7,2,24.14,5.69,6.9,14,15,7.14,40.0,13,16,30.77,18.75
S::taker_imb_aligned_60m_le_-0.1037::top2,single+top2,58,2.0,13,6,22.41,10.57,10.34,28,30,10.71,33.33,26,32,23.08,21.88
S::taker_imb_aligned_60m_ge_-0.0169,single,627,21.621,60,77,9.57,48.78,12.28,311,316,11.9,7.28,306,321,11.76,7.48
S::taker_imb_aligned_60m_ge_-0.0169::top1,single+top1,29,1.0,7,2,24.14,5.69,6.9,14,15,35.71,13.33,17,12,29.41,16.67
S::taker_imb_aligned_60m_ge_-0.0169::top2,single+top2,58,2.0,10,4,17.24,8.13,6.9,28,30,25.0,10.0,30,28,20.0,14.29
S::taker_imb_aligned_60m_le_-0.0169,single,417,14.379,64,62,15.35,52.03,14.87,195,222,15.38,15.32,202,215,13.37,17.21
S::taker_imb_aligned_60m_le_-0.0169::top1,single+top1,29,1.0,11,0,37.93,8.94,0.0,14,15,28.57,46.67,15,14,46.67,28.57
S::taker_imb_aligned_60m_le_-0.0169::top2,single+top2,58,2.0,16,1,27.59,13.01,1.72,28,30,17.86,36.67,26,32,34.62,21.88
S::taker_imb_aligned_60m_ge_0.0501,single,419,14.448,36,46,8.59,29.27,10.98,199,220,11.56,5.91,199,220,11.56,5.91
S::taker_imb_aligned_60m_ge_0.0501::top1,single+top1,29,1.0,6,2,20.69,4.88,6.9,14,15,42.86,0.0,18,11,27.78,9.09
S::taker_imb_aligned_60m_ge_0.0501::top2,single+top2,58,2.0,10,2,17.24,8.13,3.45,28,30,28.57,6.67,28,30,28.57,6.67
S::taker_imb_aligned_60m_le_0.0501,single,626,21.586,87,93,13.9,70.73,14.86,309,317,14.24,13.56,310,316,12.9,14.87
S::taker_imb_aligned_60m_le_0.0501::top1,single+top1,29,1.0,11,1,37.93,8.94,3.45,14,15,28.57,46.67,16,13,43.75,30.77
S::taker_imb_aligned_60m_le_0.0501::top2,single+top2,58,2.0,16,3,27.59,13.01,5.17,28,30,21.43,33.33,27,31,37.04,19.35
S::taker_imb_aligned_60m_ge_0.1161,single,210,7.241,17,18,8.1,13.82,8.57,89,121,14.61,3.31,102,108,12.75,3.7
S::taker_imb_aligned_60m_ge_0.1161::top1,single+top1,29,1.0,6,3,20.69,4.88,10.34,14,15,35.71,6.67,15,14,40.0,0.0
S::taker_imb_aligned_60m_ge_0.1161::top2,single+top2,58,2.0,7,3,12.07,5.69,5.17,28,30,21.43,3.33,31,27,22.58,0.0
S::taker_imb_aligned_60m_le_0.1161,single,834,28.759,107,121,12.83,86.99,14.51,417,417,12.95,12.71,407,427,12.53,13.11
S::taker_imb_aligned_60m_le_0.1161::top1,single+top1,29,1.0,11,1,37.93,8.94,3.45,14,15,35.71,40.0,15,14,40.0,35.71
S::taker_imb_aligned_60m_le_0.1161::top2,single+top2,58,2.0,15,3,25.86,12.2,5.17,28,30,21.43,30.0,28,30,25.0,26.67
S::taker_imb_aligned_180m_ge_-0.0742,single,835,28.793,92,105,11.02,74.8,12.57,421,414,13.54,8.45,419,416,12.17,9.86
S::taker_imb_aligned_180m_ge_-0.0742::top1,single+top1,29,1.0,9,2,31.03,7.32,6.9,14,15,42.86,20.0,18,11,33.33,27.27
S::taker_imb_aligned_180m_ge_-0.0742::top2,single+top2,58,2.0,14,3,24.14,11.38,5.17,28,30,32.14,16.67,32,26,28.12,19.23
S::taker_imb_aligned_180m_le_-0.0742,single,209,7.207,32,34,15.31,26.02,16.27,86,123,12.79,17.07,89,120,13.48,16.67
S::taker_imb_aligned_180m_le_-0.0742::top1,single+top1,29,1.0,8,2,27.59,6.5,6.9,14,15,21.43,33.33,11,18,36.36,22.22
S::taker_imb_aligned_180m_le_-0.0742::top2,single+top2,58,2.0,12,6,20.69,9.76,10.34,28,30,17.86,23.33,22,36,27.27,16.67
S::taker_imb_aligned_180m_ge_-0.0113,single,627,21.621,68,71,10.85,55.28,11.32,306,321,14.71,7.17,326,301,12.88,8.64
S::taker_imb_aligned_180m_ge_-0.0113::top1,single+top1,29,1.0,5,2,17.24,4.07,6.9,14,15,35.71,0.0,19,10,21.05,10.0
S::taker_imb_aligned_180m_ge_-0.0113::top2,single+top2,58,2.0,9,4,15.52,7.32,6.9,28,30,21.43,10.0,31,27,22.58,7.41
S::taker_imb_aligned_180m_le_-0.0113,single,417,14.379,55,68,13.19,44.72,16.31,200,217,11.0,15.21,182,235,11.54,14.47
S::taker_imb_aligned_180m_le_-0.0113::top1,single+top1,29,1.0,11,0,37.93,8.94,0.0,14,15,28.57,46.67,13,16,38.46,37.5
S::taker_imb_aligned_180m_le_-0.0113::top2,single+top2,58,2.0,17,2,29.31,13.82,3.45,28,30,25.0,33.33,25,33,36.0,24.24
S::taker_imb_aligned_180m_ge_0.0293,single,418,14.414,49,34,11.72,39.84,8.13,194,224,19.07,5.36,222,196,14.41,8.67
S::taker_imb_aligned_180m_ge_0.0293::top1,single+top1,29,1.0,6,2,20.69,4.88,6.9,14,15,35.71,6.67,15,14,33.33,7.14
S::taker_imb_aligned_180m_ge_0.0293::top2,single+top2,58,2.0,9,5,15.52,7.32,8.62,28,30,25.0,6.67,30,28,23.33,7.14
S::taker_imb_aligned_180m_le_0.0293,single,627,21.621,76,105,12.12,61.79,16.75,314,313,10.19,14.06,286,341,10.84,13.2
S::taker_imb_aligned_180m_le_0.0293::top1,single+top1,29,1.0,11,1,37.93,8.94,3.45,14,15,28.57,46.67,15,14,46.67,28.57
S::taker_imb_aligned_180m_le_0.0293::top2,single+top2,58,2.0,15,4,25.86,12.2,6.9,28,30,21.43,30.0,27,31,33.33,19.35
S::taker_imb_aligned_180m_ge_0.0779,single,211,7.276,25,16,11.85,20.33,7.58,85,126,21.18,5.56,126,85,15.08,7.06
S::taker_imb_aligned_180m_ge_0.0779::top1,single+top1,29,1.0,8,1,27.59,6.5,3.45,14,15,35.71,20.0,20,9,35.0,11.11
S::taker_imb_aligned_180m_ge_0.0779::top2,single+top2,57,1.966,12,3,21.05,9.76,5.26,28,29,32.14,10.34,37,20,29.73,5.0
S::taker_imb_aligned_180m_le_0.0779,single,834,28.759,98,123,11.75,79.67,14.75,421,413,11.64,11.86,384,450,11.46,12.0
S::taker_imb_aligned_180m_le_0.0779::top1,single+top1,29,1.0,10,1,34.48,8.13,3.45,14,15,35.71,33.33,14,15,35.71,33.33
S::taker_imb_aligned_180m_le_0.0779::top2,single+top2,58,2.0,13,4,22.41,10.57,6.9,28,30,21.43,23.33,25,33,28.0,18.18
S::taker_total_vol_15m_ge_55572.16,single,835,28.793,94,119,11.26,76.42,14.25,420,415,13.33,9.16,399,436,13.53,9.17
S::taker_total_vol_15m_ge_55572.16::top1,single+top1,29,1.0,5,2,17.24,4.07,6.9,14,15,21.43,13.33,16,13,25.0,7.69
S::taker_total_vol_15m_ge_55572.16::top2,single+top2,58,2.0,11,4,18.97,8.94,6.9,28,30,25.0,13.33,30,28,30.0,7.14
S::taker_total_vol_15m_le_55572.16,single,209,7.207,30,20,14.35,24.39,9.57,87,122,13.79,14.75,109,100,8.26,21.0
S::taker_total_vol_15m_le_55572.16::top1,single+top1,29,1.0,11,1,37.93,8.94,3.45,14,15,35.71,40.0,11,18,27.27,44.44
S::taker_total_vol_15m_le_55572.16::top2,single+top2,55,1.897,16,2,29.09,13.01,3.64,25,30,36.0,23.33,23,32,21.74,34.38
S::taker_total_vol_15m_ge_84149.41,single,628,21.655,62,90,9.87,50.41,14.33,325,303,11.38,8.25,297,331,12.46,7.55
S::taker_total_vol_15m_ge_84149.41::top1,single+top1,29,1.0,5,0,17.24,4.07,0.0,14,15,21.43,13.33,17,12,29.41,0.0
S::taker_total_vol_15m_ge_84149.41::top2,single+top2,58,2.0,11,3,18.97,8.94,5.17,28,30,25.0,13.33,35,23,31.43,0.0
S::taker_total_vol_15m_le_84149.41,single,417,14.379,61,49,14.63,49.59,11.75,183,234,16.39,13.25,213,204,12.21,17.16
S::taker_total_vol_15m_le_84149.41::top1,single+top1,29,1.0,10,1,34.48,8.13,3.45,14,15,28.57,40.0,13,16,30.77,37.5
S::taker_total_vol_15m_le_84149.41::top2,single+top2,58,2.0,14,5,24.14,11.38,8.62,28,30,25.0,23.33,28,30,21.43,26.67
S::taker_total_vol_15m_ge_125233.47,single,418,14.414,34,58,8.13,27.64,13.88,220,198,9.09,7.07,190,228,8.42,7.89
S::taker_total_vol_15m_ge_125233.47::top1,single+top1,29,1.0,6,0,20.69,4.88,0.0,14,15,28.57,13.33,15,14,33.33,7.14
S::taker_total_vol_15m_ge_125233.47::top2,single+top2,54,1.862,8,1,14.81,6.5,1.85,27,27,22.22,7.41,29,25,24.14,4.0
S::taker_total_vol_15m_le_125233.47,single,626,21.586,89,81,14.22,72.36,12.94,286,340,16.43,12.35,319,307,14.73,13.68
S::taker_total_vol_15m_le_125233.47::top1,single+top1,29,1.0,9,2,31.03,7.32,6.9,14,15,28.57,33.33,14,15,28.57,33.33
S::taker_total_vol_15m_le_125233.47::top2,single+top2,58,2.0,14,4,24.14,11.38,6.9,28,30,28.57,20.0,31,27,25.81,22.22
S::taker_total_vol_15m_ge_196633.45,single,211,7.276,7,26,3.32,5.69,12.32,123,88,4.88,1.14,90,121,3.33,3.31
S::taker_total_vol_15m_ge_196633.45::top1,single+top1,26,0.897,2,0,7.69,1.63,0.0,14,12,14.29,0.0,12,14,16.67,0.0
S::taker_total_vol_15m_ge_196633.45::top2,single+top2,50,1.724,4,3,8.0,3.25,6.0,26,24,15.38,0.0,25,25,12.0,4.0
S::taker_total_vol_15m_le_196633.45,single,834,28.759,116,113,13.91,94.31,13.55,385,449,15.84,12.25,418,416,14.35,13.46
S::taker_total_vol_15m_le_196633.45::top1,single+top1,29,1.0,10,1,34.48,8.13,3.45,14,15,35.71,33.33,16,13,31.25,38.46
S::taker_total_vol_15m_le_196633.45::top2,single+top2,58,2.0,14,3,24.14,11.38,5.17,28,30,25.0,23.33,32,26,25.0,23.08
S::taker_total_vol_60m_ge_222160.69,single,835,28.793,90,123,10.78,73.17,14.73,428,407,12.62,8.85,402,433,12.44,9.24
S::taker_total_vol_60m_ge_222160.69::top1,single+top1,29,1.0,4,0,13.79,3.25,0.0,14,15,21.43,6.67,16,13,25.0,0.0
S::taker_total_vol_60m_ge_222160.69::top2,single+top2,58,2.0,7,3,12.07,5.69,5.17,28,30,14.29,10.0,32,26,21.88,0.0
S::taker_total_vol_60m_le_222160.69,single,209,7.207,33,16,15.79,26.83,7.66,79,130,16.46,15.38,107,102,12.15,19.61
S::taker_total_vol_60m_le_222160.69::top1,single+top1,28,0.966,10,1,35.71,8.13,3.57,13,15,30.77,40.0,13,15,38.46,33.33
S::taker_total_vol_60m_le_222160.69::top2,single+top2,56,1.931,17,4,30.36,13.82,7.14,26,30,30.77,30.0,26,30,34.62,26.67
S::taker_total_vol_60m_ge_369207.58,single,627,21.621,56,87,8.93,45.53,13.88,325,302,11.38,6.29,311,316,10.29,7.59
S::taker_total_vol_60m_ge_369207.58::top1,single+top1,28,0.966,3,0,10.71,2.44,0.0,14,14,14.29,7.14,15,13,20.0,0.0
S::taker_total_vol_60m_ge_369207.58::top2,single+top2,54,1.862,7,1,12.96,5.69,1.85,27,27,18.52,7.41,30,24,23.33,0.0
S::taker_total_vol_60m_le_369207.58,single,417,14.379,67,52,16.07,54.47,12.47,181,236,16.57,15.68,197,220,15.74,16.36
S::taker_total_vol_60m_le_369207.58::top1,single+top1,29,1.0,11,2,37.93,8.94,6.9,14,15,35.71,40.0,14,15,35.71,40.0
S::taker_total_vol_60m_le_369207.58::top2,single+top2,57,1.966,16,4,28.07,13.01,7.02,27,30,29.63,26.67,29,28,27.59,28.57
S::taker_total_vol_60m_ge_520220.37,single,418,14.414,30,60,7.18,24.39,14.35,221,197,9.5,4.57,200,218,6.5,7.8
S::taker_total_vol_60m_ge_520220.37::top1,single+top1,28,0.966,4,2,14.29,3.25,7.14,14,14,21.43,7.14,14,14,28.57,0.0
S::taker_total_vol_60m_ge_520220.37::top2,single+top2,54,1.862,7,3,12.96,5.69,5.56,27,27,14.81,11.11,32,22,21.88,0.0
S::taker_total_vol_60m_le_520220.37,single,626,21.586,93,79,14.86,75.61,12.62,285,341,16.14,13.78,308,318,16.23,13.52
S::taker_total_vol_60m_le_520220.37::top1,single+top1,29,1.0,10,2,34.48,8.13,6.9,14,15,35.71,33.33,15,14,33.33,35.71
S::taker_total_vol_60m_le_520220.37::top2,single+top2,58,2.0,13,4,22.41,10.57,6.9,28,30,25.0,20.0,30,28,23.33,21.43
S::taker_total_vol_60m_ge_795764.22,single,210,7.241,10,31,4.76,8.13,14.76,117,93,5.13,4.3,105,105,0.95,8.57
S::taker_total_vol_60m_ge_795764.22::top1,single+top1,25,0.862,1,3,4.0,0.81,12.0,12,13,8.33,0.0,13,12,0.0,8.33
S::taker_total_vol_60m_ge_795764.22::top2,single+top2,49,1.69,4,5,8.16,3.25,10.2,24,25,8.33,8.0,26,23,3.85,13.04
S::taker_total_vol_60m_le_795764.22,single,834,28.759,113,108,13.55,91.87,12.95,389,445,15.68,11.69,403,431,15.38,11.83
S::taker_total_vol_60m_le_795764.22::top1,single+top1,29,1.0,11,1,37.93,8.94,3.45,14,15,42.86,33.33,16,13,37.5,38.46
S::taker_total_vol_60m_le_795764.22::top2,single+top2,58,2.0,16,2,27.59,13.01,3.45,28,30,32.14,23.33,33,25,30.3,24.0
S::vol_anomaly_15m_vs_bg_ge_0.6448,single,786,27.103,89,109,11.32,72.36,13.87,387,399,12.14,10.53,375,411,12.53,10.22
S::vol_anomaly_15m_vs_bg_ge_0.6448::top1,single+top1,29,1.0,4,3,13.79,3.25,10.34,14,15,7.14,20.0,13,16,15.38,12.5
S::vol_anomaly_15m_vs_bg_ge_0.6448::top2,single+top2,58,2.0,10,4,17.24,8.13,6.9,28,30,17.86,16.67,27,31,25.93,9.68
S::vol_anomaly_15m_vs_bg_le_0.6448,single,197,6.793,15,26,7.61,12.2,13.2,93,104,9.68,5.77,103,94,5.83,9.57
S::vol_anomaly_15m_vs_bg_le_0.6448::top1,single+top1,28,0.966,2,0,7.14,1.63,0.0,14,14,7.14,7.14,13,15,7.69,6.67
S::vol_anomaly_15m_vs_bg_le_0.6448::top2,single+top2,54,1.862,4,0,7.41,3.25,0.0,28,26,10.71,3.85,30,24,6.67,8.33
S::vol_anomaly_15m_vs_bg_ge_0.9607,single,589,20.31,76,71,12.9,61.79,12.05,295,294,14.24,11.56,279,310,13.98,11.94
S::vol_anomaly_15m_vs_bg_ge_0.9607::top1,single+top1,29,1.0,4,4,13.79,3.25,13.79,14,15,7.14,20.0,13,16,23.08,6.25
S::vol_anomaly_15m_vs_bg_ge_0.9607::top2,single+top2,58,2.0,11,6,18.97,8.94,10.34,28,30,17.86,20.0,25,33,28.0,12.12
S::vol_anomaly_15m_vs_bg_le_0.9607,single,393,13.552,28,64,7.12,22.76,16.28,184,209,7.61,6.7,200,193,7.0,7.25
S::vol_anomaly_15m_vs_bg_le_0.9607::top1,single+top1,29,1.0,4,1,13.79,3.25,3.45,14,15,14.29,13.33,15,14,13.33,14.29
S::vol_anomaly_15m_vs_bg_le_0.9607::top2,single+top2,58,2.0,7,2,12.07,5.69,3.45,28,30,14.29,10.0,33,25,15.15,8.0
S::vol_anomaly_15m_vs_bg_ge_1.5416,single,393,13.552,48,50,12.21,39.02,12.72,195,198,12.82,11.62,180,213,11.67,12.68
S::vol_anomaly_15m_vs_bg_ge_1.5416::top1,single+top1,29,1.0,4,3,13.79,3.25,10.34,14,15,7.14,20.0,13,16,23.08,6.25
S::vol_anomaly_15m_vs_bg_ge_1.5416::top2,single+top2,58,2.0,8,5,13.79,6.5,8.62,28,30,10.71,16.67,26,32,19.23,9.38
S::vol_anomaly_15m_vs_bg_le_1.5416,single,589,20.31,56,85,9.51,45.53,14.43,284,305,10.92,8.2,299,290,10.7,8.28
S::vol_anomaly_15m_vs_bg_le_1.5416::top1,single+top1,29,1.0,5,1,17.24,4.07,3.45,14,15,14.29,20.0,16,13,18.75,15.38
S::vol_anomaly_15m_vs_bg_le_1.5416::top2,single+top2,58,2.0,8,3,13.79,6.5,5.17,28,30,14.29,13.33,32,26,18.75,7.69
S::vol_anomaly_15m_vs_bg_ge_2.6508,single,197,6.793,25,24,12.69,20.33,12.18,97,100,14.43,11.0,82,115,12.2,13.04
S::vol_anomaly_15m_vs_bg_ge_2.6508::top1,single+top1,29,1.0,4,5,13.79,3.25,17.24,14,15,7.14,20.0,12,17,25.0,5.88
S::vol_anomaly_15m_vs_bg_ge_2.6508::top2,single+top2,57,1.966,8,7,14.04,6.5,12.28,28,29,10.71,17.24,28,29,17.86,10.34
S::vol_anomaly_15m_vs_bg_le_2.6508,single,786,27.103,79,111,10.05,64.23,14.12,381,405,11.02,9.14,396,390,10.86,9.23
S::vol_anomaly_15m_vs_bg_le_2.6508::top1,single+top1,29,1.0,5,1,17.24,4.07,3.45,14,15,14.29,20.0,16,13,18.75,15.38
S::vol_anomaly_15m_vs_bg_le_2.6508::top2,single+top2,58,2.0,7,3,12.07,5.69,5.17,28,30,7.14,16.67,31,27,16.13,7.41
S::ofi_shift_5m_vs_30m_ge_-0.2608,single,835,28.793,94,111,11.26,76.42,13.29,405,430,11.85,10.7,301,534,11.3,11.24
S::ofi_shift_5m_vs_30m_ge_-0.2608::top1,single+top1,29,1.0,7,1,24.14,5.69,3.45,14,15,14.29,33.33,10,19,20.0,26.32
S::ofi_shift_5m_vs_30m_ge_-0.2608::top2,single+top2,58,2.0,10,2,17.24,8.13,3.45,28,30,14.29,20.0,20,38,20.0,15.79
S::ofi_shift_5m_vs_30m_le_-0.2608,single,209,7.207,29,28,13.88,23.58,13.4,101,108,18.81,9.26,208,1,13.94,0.0
S::ofi_shift_5m_vs_30m_le_-0.2608::top1,single+top1,29,1.0,8,3,27.59,6.5,10.34,14,15,42.86,13.33,28,1,28.57,0.0
S::ofi_shift_5m_vs_30m_le_-0.2608::top2,single+top2,57,1.966,13,5,22.81,10.57,8.77,28,29,35.71,10.34,56,1,23.21,0.0
S::ofi_shift_5m_vs_30m_ge_-0.0938,single,627,21.621,69,86,11.0,56.1,13.72,293,334,11.6,10.48,117,510,10.26,11.18
S::ofi_shift_5m_vs_30m_ge_-0.0938::top1,single+top1,29,1.0,8,0,27.59,6.5,0.0,14,15,21.43,33.33,5,24,40.0,25.0
S::ofi_shift_5m_vs_30m_ge_-0.0938::top2,single+top2,58,2.0,13,3,22.41,10.57,5.17,28,30,21.43,23.33,9,49,33.33,20.41
S::ofi_shift_5m_vs_30m_le_-0.0938,single,417,14.379,54,53,12.95,43.9,12.71,213,204,15.49,10.29,392,25,13.01,12.0
S::ofi_shift_5m_vs_30m_le_-0.0938::top1,single+top1,29,1.0,7,2,24.14,5.69,6.9,14,15,35.71,13.33,26,3,26.92,0.0
S::ofi_shift_5m_vs_30m_le_-0.0938::top2,single+top2,58,2.0,12,4,20.69,9.76,6.9,28,30,32.14,10.0,53,5,22.64,0.0
S::ofi_shift_5m_vs_30m_ge_0.0787,single,418,14.414,43,49,10.29,34.96,11.72,191,227,11.52,9.25,25,393,20.0,9.67
S::ofi_shift_5m_vs_30m_ge_0.0787::top1,single+top1,29,1.0,7,1,24.14,5.69,3.45,14,15,28.57,20.0,2,27,100.0,18.52
S::ofi_shift_5m_vs_30m_ge_0.0787::top2,single+top2,58,2.0,9,3,15.52,7.32,5.17,28,30,17.86,13.33,3,55,66.67,12.73
S::ofi_shift_5m_vs_30m_le_0.0787,single,626,21.586,80,90,12.78,65.04,14.38,315,311,14.29,11.25,484,142,11.98,15.49
S::ofi_shift_5m_vs_30m_le_0.0787::top1,single+top1,29,1.0,8,1,27.59,6.5,3.45,14,15,28.57,26.67,20,9,30.0,22.22
S::ofi_shift_5m_vs_30m_le_0.0787::top2,single+top2,58,2.0,14,3,24.14,11.38,5.17,28,30,28.57,20.0,42,16,26.19,18.75
S::ofi_shift_5m_vs_30m_ge_0.272,single,210,7.241,18,23,8.57,14.63,10.95,84,126,7.14,9.52,0,210,,8.57
S::ofi_shift_5m_vs_30m_ge_0.272::top1,single+top1,29,1.0,2,2,6.9,1.63,6.9,14,15,0.0,13.33,0,29,,6.9
S::ofi_shift_5m_vs_30m_ge_0.272::top2,single+top2,58,2.0,3,2,5.17,2.44,3.45,28,30,0.0,10.0,0,58,,5.17
S::ofi_shift_5m_vs_30m_le_0.272,single,834,28.759,105,117,12.59,85.37,14.03,423,411,14.42,10.71,508,326,12.4,12.88
S::ofi_shift_5m_vs_30m_le_0.272::top1,single+top1,29,1.0,10,1,34.48,8.13,3.45,14,15,42.86,26.67,17,12,35.29,33.33
S::ofi_shift_5m_vs_30m_le_0.272::top2,single+top2,58,2.0,16,3,27.59,13.01,5.17,28,30,35.71,20.0,36,22,30.56,22.73
S::ofi_shift_aligned_ge_-0.377,single,835,28.793,96,122,11.5,78.05,14.61,421,414,12.59,10.39,410,425,11.71,11.29
S::ofi_shift_aligned_ge_-0.377::top1,single+top1,29,1.0,8,1,27.59,6.5,3.45,14,15,21.43,33.33,12,17,25.0,29.41
S::ofi_shift_aligned_ge_-0.377::top2,single+top2,58,2.0,12,3,20.69,9.76,5.17,28,30,17.86,23.33,28,30,17.86,23.33
S::ofi_shift_aligned_le_-0.377,single,209,7.207,27,17,12.92,21.95,8.13,85,124,16.47,10.48,99,110,15.15,10.91
S::ofi_shift_aligned_le_-0.377::top1,single+top1,28,0.966,7,1,25.0,5.69,3.57,13,15,46.15,6.67,18,10,38.89,0.0
S::ofi_shift_aligned_le_-0.377::top2,single+top2,56,1.931,12,2,21.43,9.76,3.57,26,30,26.92,16.67,29,27,27.59,14.81
S::ofi_shift_aligned_ge_-0.2674,single,627,21.621,76,91,12.12,61.79,14.51,321,306,13.08,11.11,308,319,11.04,13.17
S::ofi_shift_aligned_ge_-0.2674::top1,single+top1,29,1.0,7,2,24.14,5.69,6.9,14,15,21.43,26.67,12,17,25.0,23.53
S::ofi_shift_aligned_ge_-0.2674::top2,single+top2,58,2.0,9,2,15.52,7.32,3.45,28,30,14.29,16.67,25,33,16.0,15.15
S::ofi_shift_aligned_le_-0.2674,single,417,14.379,47,48,11.27,38.21,11.51,185,232,13.51,9.48,201,216,14.43,8.33
S::ofi_shift_aligned_le_-0.2674::top1,single+top1,29,1.0,8,2,27.59,6.5,6.9,14,15,42.86,13.33,20,9,35.0,11.11
S::ofi_shift_aligned_le_-0.2674::top2,single+top2,58,2.0,14,3,24.14,11.38,5.17,28,30,32.14,16.67,35,23,31.43,13.04
S::ofi_shift_aligned_ge_-0.1736,single,418,14.414,52,70,12.44,42.28,16.75,214,204,11.21,13.73,203,215,10.84,13.95
S::ofi_shift_aligned_ge_-0.1736::top1,single+top1,29,1.0,5,2,17.24,4.07,6.9,14,15,14.29,20.0,11,18,18.18,16.67
S::ofi_shift_aligned_ge_-0.1736::top2,single+top2,58,2.0,11,4,18.97,8.94,6.9,28,30,14.29,23.33,27,31,18.52,19.35
S::ofi_shift_aligned_le_-0.1736,single,626,21.586,71,69,11.34,57.72,11.02,292,334,14.73,8.38,305,321,13.44,9.35
S::ofi_shift_aligned_le_-0.1736::top1,single+top1,29,1.0,11,2,37.93,8.94,6.9,14,15,57.14,20.0,18,11,44.44,27.27
S::ofi_shift_aligned_le_-0.1736::top2,single+top2,58,2.0,16,2,27.59,13.01,3.45,28,30,35.71,20.0,32,26,37.5,15.38
S::ofi_shift_aligned_ge_-0.0491,single,210,7.241,30,34,14.29,24.39,16.19,96,114,12.5,15.79,87,123,11.49,16.26
S::ofi_shift_aligned_ge_-0.0491::top1,single+top1,29,1.0,6,2,20.69,4.88,6.9,14,15,14.29,26.67,10,19,20.0,21.05
S::ofi_shift_aligned_ge_-0.0491::top2,single+top2,58,2.0,13,5,22.41,10.57,8.62,28,30,17.86,26.67,18,40,22.22,22.5
S::ofi_shift_aligned_le_-0.0491,single,834,28.759,94,105,11.27,76.42,12.59,411,423,13.63,8.98,422,412,12.8,9.71
S::ofi_shift_aligned_le_-0.0491::top1,single+top1,29,1.0,11,2,37.93,8.94,6.9,14,15,57.14,20.0,19,10,42.11,30.0
S::ofi_shift_aligned_le_-0.0491::top2,single+top2,58,2.0,16,2,27.59,13.01,3.45,28,30,39.29,16.67,32,26,34.38,19.23
S::pct_correct_move_already_done_ge_0.0,single,1043,35.966,123,139,11.79,100.0,13.33,506,537,13.24,10.43,508,535,12.4,11.21
S::pct_correct_move_already_done_ge_0.0::top1,single+top1,29,1.0,11,1,37.93,8.94,3.45,14,15,42.86,33.33,16,13,37.5,38.46
S::pct_correct_move_already_done_ge_0.0::top2,single+top2,58,2.0,16,2,27.59,13.01,3.45,28,30,32.14,23.33,33,25,30.3,24.0
S::pct_correct_move_already_done_le_0.0,single,808,27.862,121,118,14.98,98.37,14.6,365,443,17.81,12.64,403,405,15.63,14.32
S::pct_correct_move_already_done_le_0.0::top1,single+top1,29,1.0,13,1,44.83,10.57,3.45,14,15,42.86,46.67,17,12,47.06,41.67
S::pct_correct_move_already_done_le_0.0::top2,single+top2,58,2.0,19,2,32.76,15.45,3.45,28,30,39.29,26.67,33,25,36.36,28.0
S::pct_correct_move_already_done_ge_0.0,single,1043,35.966,123,139,11.79,100.0,13.33,506,537,13.24,10.43,508,535,12.4,11.21
S::pct_correct_move_already_done_ge_0.0::top1,single+top1,29,1.0,11,1,37.93,8.94,3.45,14,15,42.86,33.33,16,13,37.5,38.46
S::pct_correct_move_already_done_ge_0.0::top2,single+top2,58,2.0,16,2,27.59,13.01,3.45,28,30,32.14,23.33,33,25,30.3,24.0
S::pct_correct_move_already_done_le_0.0,single,808,27.862,121,118,14.98,98.37,14.6,365,443,17.81,12.64,403,405,15.63,14.32
S::pct_correct_move_already_done_le_0.0::top1,single+top1,29,1.0,13,1,44.83,10.57,3.45,14,15,42.86,46.67,17,12,47.06,41.67
S::pct_correct_move_already_done_le_0.0::top2,single+top2,58,2.0,19,2,32.76,15.45,3.45,28,30,39.29,26.67,33,25,36.36,28.0
S::pct_correct_move_already_done_ge_0.0,single,1043,35.966,123,139,11.79,100.0,13.33,506,537,13.24,10.43,508,535,12.4,11.21
S::pct_correct_move_already_done_ge_0.0::top1,single+top1,29,1.0,11,1,37.93,8.94,3.45,14,15,42.86,33.33,16,13,37.5,38.46
S::pct_correct_move_already_done_ge_0.0::top2,single+top2,58,2.0,16,2,27.59,13.01,3.45,28,30,32.14,23.33,33,25,30.3,24.0
S::pct_correct_move_already_done_le_0.0,single,808,27.862,121,118,14.98,98.37,14.6,365,443,17.81,12.64,403,405,15.63,14.32
S::pct_correct_move_already_done_le_0.0::top1,single+top1,29,1.0,13,1,44.83,10.57,3.45,14,15,42.86,46.67,17,12,47.06,41.67
S::pct_correct_move_already_done_le_0.0::top2,single+top2,58,2.0,19,2,32.76,15.45,3.45,28,30,39.29,26.67,33,25,36.36,28.0
S::pct_correct_move_already_done_ge_9.83,single,210,7.241,2,20,0.95,1.63,9.52,129,81,1.55,0.0,96,114,0.0,1.75
S::pct_correct_move_already_done_ge_9.83::top1,single+top1,20,0.69,0,1,0.0,0.0,5.0,10,10,0.0,0.0,7,13,0.0,0.0
S::pct_correct_move_already_done_ge_9.83::top2,single+top2,39,1.345,0,2,0.0,0.0,5.13,19,20,0.0,0.0,13,26,0.0,0.0
S::pct_correct_move_already_done_le_9.83,single,834,28.759,121,119,14.51,98.37,14.27,377,457,17.24,12.25,413,421,15.25,13.78
S::pct_correct_move_already_done_le_9.83::top1,single+top1,29,1.0,13,1,44.83,10.57,3.45,14,15,42.86,46.67,17,12,47.06,41.67
S::pct_correct_move_already_done_le_9.83::top2,single+top2,58,2.0,18,2,31.03,14.63,3.45,28,30,35.71,26.67,33,25,36.36,24.0
S::pct_opposite_move_already_done_ge_0.0,single,1043,35.966,123,139,11.79,100.0,13.33,506,537,13.24,10.43,508,535,12.4,11.21
S::pct_opposite_move_already_done_ge_0.0::top1,single+top1,29,1.0,11,1,37.93,8.94,3.45,14,15,42.86,33.33,16,13,37.5,38.46
S::pct_opposite_move_already_done_ge_0.0::top2,single+top2,58,2.0,16,2,27.59,13.01,3.45,28,30,32.14,23.33,33,25,30.3,24.0
S::pct_opposite_move_already_done_le_0.0,single,861,29.69,84,28,9.76,68.29,3.25,396,465,10.1,9.46,420,441,10.71,8.84
S::pct_opposite_move_already_done_le_0.0::top1,single+top1,29,1.0,11,1,37.93,8.94,3.45,14,15,42.86,33.33,16,13,37.5,38.46
S::pct_opposite_move_already_done_le_0.0::top2,single+top2,58,2.0,16,2,27.59,13.01,3.45,28,30,32.14,23.33,33,25,30.3,24.0
S::pct_opposite_move_already_done_ge_0.0,single,1043,35.966,123,139,11.79,100.0,13.33,506,537,13.24,10.43,508,535,12.4,11.21
S::pct_opposite_move_already_done_ge_0.0::top1,single+top1,29,1.0,11,1,37.93,8.94,3.45,14,15,42.86,33.33,16,13,37.5,38.46
S::pct_opposite_move_already_done_ge_0.0::top2,single+top2,58,2.0,16,2,27.59,13.01,3.45,28,30,32.14,23.33,33,25,30.3,24.0
S::pct_opposite_move_already_done_le_0.0,single,861,29.69,84,28,9.76,68.29,3.25,396,465,10.1,9.46,420,441,10.71,8.84
S::pct_opposite_move_already_done_le_0.0::top1,single+top1,29,1.0,11,1,37.93,8.94,3.45,14,15,42.86,33.33,16,13,37.5,38.46
S::pct_opposite_move_already_done_le_0.0::top2,single+top2,58,2.0,16,2,27.59,13.01,3.45,28,30,32.14,23.33,33,25,30.3,24.0
S::pct_opposite_move_already_done_ge_0.0,single,1043,35.966,123,139,11.79,100.0,13.33,506,537,13.24,10.43,508,535,12.4,11.21
S::pct_opposite_move_already_done_ge_0.0::top1,single+top1,29,1.0,11,1,37.93,8.94,3.45,14,15,42.86,33.33,16,13,37.5,38.46
S::pct_opposite_move_already_done_ge_0.0::top2,single+top2,58,2.0,16,2,27.59,13.01,3.45,28,30,32.14,23.33,33,25,30.3,24.0
S::pct_opposite_move_already_done_le_0.0,single,861,29.69,84,28,9.76,68.29,3.25,396,465,10.1,9.46,420,441,10.71,8.84
S::pct_opposite_move_already_done_le_0.0::top1,single+top1,29,1.0,11,1,37.93,8.94,3.45,14,15,42.86,33.33,16,13,37.5,38.46
S::pct_opposite_move_already_done_le_0.0::top2,single+top2,58,2.0,16,2,27.59,13.01,3.45,28,30,32.14,23.33,33,25,30.3,24.0
S::pct_opposite_move_already_done_ge_0.0,single,1043,35.966,123,139,11.79,100.0,13.33,506,537,13.24,10.43,508,535,12.4,11.21
S::pct_opposite_move_already_done_ge_0.0::top1,single+top1,29,1.0,11,1,37.93,8.94,3.45,14,15,42.86,33.33,16,13,37.5,38.46
S::pct_opposite_move_already_done_ge_0.0::top2,single+top2,58,2.0,16,2,27.59,13.01,3.45,28,30,32.14,23.33,33,25,30.3,24.0
S::pct_opposite_move_already_done_le_0.0,single,861,29.69,84,28,9.76,68.29,3.25,396,465,10.1,9.46,420,441,10.71,8.84
S::pct_opposite_move_already_done_le_0.0::top1,single+top1,29,1.0,11,1,37.93,8.94,3.45,14,15,42.86,33.33,16,13,37.5,38.46
S::pct_opposite_move_already_done_le_0.0::top2,single+top2,58,2.0,16,2,27.59,13.01,3.45,28,30,32.14,23.33,33,25,30.3,24.0
S::utc_hour_ge_2.0,single,848,29.241,75,109,8.84,60.98,12.85,414,434,10.14,7.6,408,440,9.31,8.41
S::utc_hour_ge_2.0::top1,single+top1,29,1.0,4,1,13.79,3.25,3.45,14,15,14.29,13.33,14,15,14.29,13.33
S::utc_hour_ge_2.0::top2,single+top2,58,2.0,7,3,12.07,5.69,5.17,28,30,10.71,13.33,29,29,13.79,10.34
S::utc_hour_le_2.0,single,251,8.655,59,36,23.51,47.97,14.34,118,133,22.88,24.06,125,126,23.2,23.81
S::utc_hour_le_2.0::top1,single+top1,29,1.0,9,3,31.03,7.32,10.34,14,15,35.71,26.67,14,15,35.71,26.67
S::utc_hour_le_2.0::top2,single+top2,58,2.0,18,5,31.03,14.63,8.62,28,30,32.14,30.0,30,28,40.0,21.43
S::utc_hour_ge_6.0,single,639,22.034,49,71,7.67,39.84,11.11,309,330,11.65,3.94,312,327,8.97,6.42
S::utc_hour_ge_6.0::top1,single+top1,29,1.0,1,1,3.45,0.81,3.45,14,15,7.14,0.0,13,16,7.69,0.0
S::utc_hour_ge_6.0::top2,single+top2,58,2.0,5,1,8.62,4.07,1.72,28,30,14.29,3.33,30,28,16.67,0.0
S::utc_hour_le_6.0,single,443,15.276,81,70,18.28,65.85,15.8,218,225,15.6,20.89,211,232,19.43,17.24
S::utc_hour_le_6.0::top1,single+top1,29,1.0,12,1,41.38,9.76,3.45,14,15,42.86,40.0,15,14,46.67,35.71
S::utc_hour_le_6.0::top2,single+top2,58,2.0,17,5,29.31,13.82,8.62,28,30,32.14,26.67,27,31,37.04,22.58
S::utc_hour_ge_11.0,single,434,14.966,13,38,3.0,10.57,8.76,198,236,6.06,0.42,207,227,2.42,3.52
S::utc_hour_ge_11.0::top1,single+top1,28,0.966,0,0,0.0,0.0,0.0,13,15,0.0,0.0,15,13,0.0,0.0
S::utc_hour_ge_11.0::top2,single+top2,56,1.931,0,1,0.0,0.0,1.79,26,30,0.0,0.0,29,27,0.0,0.0
S::utc_hour_le_11.0,single,646,22.276,114,106,17.65,92.68,16.41,325,321,17.85,17.45,319,327,18.18,17.13
S::utc_hour_le_11.0::top1,single+top1,29,1.0,12,1,41.38,9.76,3.45,14,15,42.86,40.0,16,13,43.75,38.46
S::utc_hour_le_11.0::top2,single+top2,58,2.0,17,4,29.31,13.82,6.9,28,30,32.14,26.67,30,28,33.33,25.0
S::utc_hour_ge_16.0,single,223,7.69,0,7,0.0,0.0,3.14,102,121,0.0,0.0,102,121,0.0,0.0
S::utc_hour_ge_16.0::top1,single+top1,27,0.931,0,0,0.0,0.0,0.0,12,15,0.0,0.0,12,15,0.0,0.0
S::utc_hour_ge_16.0::top2,single+top2,54,1.862,0,0,0.0,0.0,0.0,24,30,0.0,0.0,25,29,0.0,0.0
S::utc_hour_le_16.0,single,861,29.69,123,137,14.29,100.0,15.91,431,430,15.55,13.02,423,438,14.89,13.7
S::utc_hour_le_16.0::top1,single+top1,29,1.0,11,1,37.93,8.94,3.45,14,15,42.86,33.33,16,13,37.5,38.46
S::utc_hour_le_16.0::top2,single+top2,58,2.0,17,3,29.31,13.82,5.17,28,30,32.14,26.67,29,29,34.48,24.14
S::filter_kept_TRUE,single,224,7.724,32,28,14.29,26.02,12.5,103,121,15.53,13.22,118,106,16.95,11.32
S::filter_kept_TRUE::top1,single+top1,29,1.0,11,1,37.93,8.94,3.45,14,15,42.86,33.33,16,13,37.5,38.46
S::filter_kept_TRUE::top2,single+top2,58,2.0,16,3,27.59,13.01,5.17,28,30,32.14,23.33,33,25,30.3,24.0
S::filter_kept_FALSE,single,819,28.241,91,111,11.11,73.98,13.55,403,416,12.66,9.62,390,429,11.03,11.19
S::filter_kept_FALSE::top1,single+top1,29,1.0,8,2,27.59,6.5,6.9,14,15,35.71,20.0,11,18,36.36,22.22
S::filter_kept_FALSE::top2,single+top2,58,2.0,11,3,18.97,8.94,5.17,28,30,21.43,16.67,20,38,25.0,15.79
S::filter_dup_suppressed_TRUE,single,302,10.414,27,24,8.94,21.95,7.95,145,157,13.79,4.46,150,152,13.33,4.61
S::filter_dup_suppressed_TRUE::top1,single+top1,29,1.0,5,2,17.24,4.07,6.9,14,15,35.71,0.0,8,21,25.0,14.29
S::filter_dup_suppressed_TRUE::top2,single+top2,58,2.0,6,4,10.34,4.88,6.9,28,30,17.86,3.33,18,40,16.67,7.5
S::filter_dup_suppressed_FALSE,single,741,25.552,96,115,12.96,78.05,15.52,361,380,13.02,12.89,358,383,12.01,13.84
S::filter_dup_suppressed_FALSE::top1,single+top1,29,1.0,11,1,37.93,8.94,3.45,14,15,42.86,33.33,16,13,37.5,38.46
S::filter_dup_suppressed_FALSE::top2,single+top2,58,2.0,16,2,27.59,13.01,3.45,28,30,32.14,23.33,33,25,30.3,24.0
S::filter_fast_ok_TRUE,single,443,15.276,52,46,11.74,42.28,10.38,210,233,14.76,9.01,227,216,15.86,7.41
S::filter_fast_ok_TRUE::top1,single+top1,29,1.0,11,1,37.93,8.94,3.45,14,15,42.86,33.33,16,13,37.5,38.46
S::filter_fast_ok_TRUE::top2,single+top2,58,2.0,16,3,27.59,13.01,5.17,28,30,32.14,23.33,33,25,30.3,24.0
S::filter_fast_ok_FALSE,single,600,20.69,71,93,11.83,57.72,15.5,296,304,12.16,11.51,281,319,9.61,13.79
S::filter_fast_ok_FALSE::top1,single+top1,29,1.0,7,2,24.14,5.69,6.9,14,15,21.43,26.67,12,17,25.0,23.53
S::filter_fast_ok_FALSE::top2,single+top2,58,2.0,12,4,20.69,9.76,6.9,28,30,14.29,26.67,22,36,22.73,19.44
S::cand_range_compression_TRUE,single,1043,35.966,123,139,11.79,100.0,13.33,506,537,13.24,10.43,508,535,12.4,11.21
S::cand_range_compression_TRUE::top1,single+top1,29,1.0,11,1,37.93,8.94,3.45,14,15,42.86,33.33,16,13,37.5,38.46
S::cand_range_compression_TRUE::top2,single+top2,58,2.0,16,2,27.59,13.01,3.45,28,30,32.14,23.33,33,25,30.3,24.0
S::cand_range_compression_FALSE,single,0,0.0,0,0,,0.0,,0,0,,,0,0,,
S::cand_range_compression_FALSE::top1,single+top1,0,0.0,0,0,,0.0,,0,0,,,0,0,,
S::cand_range_compression_FALSE::top2,single+top2,0,0.0,0,0,,0.0,,0,0,,,0,0,,
S::is_during_correct_move_TRUE,single,235,8.103,2,21,0.85,1.63,8.94,141,94,1.42,0.0,105,130,0.0,1.54
S::is_during_correct_move_TRUE::top1,single+top1,20,0.69,0,1,0.0,0.0,5.0,10,10,0.0,0.0,7,13,0.0,0.0
S::is_during_correct_move_TRUE::top2,single+top2,39,1.345,0,2,0.0,0.0,5.13,19,20,0.0,0.0,12,27,0.0,0.0
S::is_during_correct_move_FALSE,single,808,27.862,121,118,14.98,98.37,14.6,365,443,17.81,12.64,403,405,15.63,14.32
S::is_during_correct_move_FALSE::top1,single+top1,29,1.0,13,1,44.83,10.57,3.45,14,15,42.86,46.67,17,12,47.06,41.67
S::is_during_correct_move_FALSE::top2,single+top2,58,2.0,19,2,32.76,15.45,3.45,28,30,39.29,26.67,33,25,36.36,28.0
S::is_during_opposite_move_TRUE,single,182,6.276,39,111,21.43,31.71,60.99,110,72,24.55,16.67,88,94,20.45,22.34
S::is_during_opposite_move_TRUE::top1,single+top1,20,0.69,5,11,25.0,4.07,55.0,10,10,20.0,30.0,10,10,20.0,30.0
S::is_during_opposite_move_TRUE::top2,single+top2,40,1.379,8,23,20.0,6.5,57.5,20,20,20.0,20.0,21,19,19.05,21.05
S::is_during_opposite_move_FALSE,single,861,29.69,84,28,9.76,68.29,3.25,396,465,10.1,9.46,420,441,10.71,8.84
S::is_during_opposite_move_FALSE::top1,single+top1,29,1.0,11,1,37.93,8.94,3.45,14,15,42.86,33.33,16,13,37.5,38.46
S::is_during_opposite_move_FALSE::top2,single+top2,58,2.0,16,2,27.59,13.01,3.45,28,30,32.14,23.33,33,25,30.3,24.0
S::is_late_after_50pct_correct_move_TRUE,single,118,4.069,2,13,1.69,1.63,11.02,73,45,2.74,0.0,53,65,0.0,3.08
S::is_late_after_50pct_correct_move_TRUE::top1,single+top1,19,0.655,0,0,0.0,0.0,0.0,9,10,0.0,0.0,7,12,0.0,0.0
S::is_late_after_50pct_correct_move_TRUE::top2,single+top2,35,1.207,0,0,0.0,0.0,0.0,18,17,0.0,0.0,14,21,0.0,0.0
S::is_late_after_50pct_correct_move_FALSE,single,925,31.897,121,126,13.08,98.37,13.62,433,492,15.01,11.38,455,470,13.85,12.34
S::is_late_after_50pct_correct_move_FALSE::top1,single+top1,29,1.0,11,1,37.93,8.94,3.45,14,15,42.86,33.33,16,13,37.5,38.46
S::is_late_after_50pct_correct_move_FALSE::top2,single+top2,58,2.0,16,2,27.59,13.01,3.45,28,30,32.14,23.33,33,25,30.3,24.0
S::sweep_reclaim_aligned_TRUE,single,958,33.034,116,129,12.11,94.31,13.47,464,494,13.36,10.93,462,496,12.55,11.69
S::sweep_reclaim_aligned_TRUE::top1,single+top1,29,1.0,11,1,37.93,8.94,3.45,14,15,42.86,33.33,16,13,37.5,38.46
S::sweep_reclaim_aligned_TRUE::top2,single+top2,58,2.0,16,2,27.59,13.01,3.45,28,30,32.14,23.33,32,26,31.25,23.08
S::sweep_reclaim_aligned_FALSE,single,85,2.931,7,10,8.24,5.69,11.76,42,43,11.9,4.65,46,39,10.87,5.13
S::sweep_reclaim_aligned_FALSE::top1,single+top1,27,0.931,3,1,11.11,2.44,3.7,13,14,15.38,7.14,17,10,17.65,0.0
S::sweep_reclaim_aligned_FALSE::top2,single+top2,50,1.724,3,5,6.0,2.44,10.0,24,26,8.33,3.85,29,21,10.34,0.0
S::is_asia_session_TRUE,single,443,15.276,81,70,18.28,65.85,15.8,218,225,15.6,20.89,211,232,19.43,17.24
S::is_asia_session_TRUE::top1,single+top1,29,1.0,12,1,41.38,9.76,3.45,14,15,42.86,40.0,15,14,46.67,35.71
S::is_asia_session_TRUE::top2,single+top2,58,2.0,17,5,29.31,13.82,8.62,28,30,32.14,26.67,27,31,37.04,22.58
S::is_asia_session_FALSE,single,600,20.69,42,69,7.0,34.15,11.5,288,312,11.46,2.88,297,303,7.41,6.6
S::is_asia_session_FALSE::top1,single+top1,29,1.0,1,1,3.45,0.81,3.45,14,15,7.14,0.0,15,14,6.67,0.0
S::is_asia_session_FALSE::top2,single+top2,58,2.0,3,1,5.17,2.44,1.72,28,30,10.71,0.0,32,26,9.38,0.0
S::is_us_session_TRUE,single,277,9.552,1,19,0.36,0.81,6.86,116,161,0.86,0.0,129,148,0.0,0.68
S::is_us_session_TRUE::top1,single+top1,27,0.931,0,0,0.0,0.0,0.0,12,15,0.0,0.0,15,12,0.0,0.0
S::is_us_session_TRUE::top2,single+top2,53,1.828,0,0,0.0,0.0,0.0,24,29,0.0,0.0,25,28,0.0,0.0
S::is_us_session_FALSE,single,766,26.414,122,120,15.93,99.19,15.67,390,376,16.92,14.89,379,387,16.62,15.25
S::is_us_session_FALSE::top1,single+top1,29,1.0,11,1,37.93,8.94,3.45,14,15,42.86,33.33,16,13,37.5,38.46
S::is_us_session_FALSE::top2,single+top2,58,2.0,16,3,27.59,13.01,5.17,28,30,32.14,23.33,30,28,33.33,21.43
S::is_session_open_2h_TRUE,single,379,13.069,62,60,16.36,50.41,15.83,177,202,19.21,13.86,188,191,17.55,15.18
S::is_session_open_2h_TRUE::top1,single+top1,29,1.0,11,3,37.93,8.94,10.34,14,15,42.86,33.33,15,14,46.67,28.57
S::is_session_open_2h_TRUE::top2,single+top2,58,2.0,19,7,32.76,15.45,12.07,28,30,32.14,33.33,31,27,45.16,18.52
S::is_session_open_2h_FALSE,single,664,22.897,61,79,9.19,49.59,11.9,329,335,10.03,8.36,320,344,9.38,9.01
S::is_session_open_2h_FALSE::top1,single+top1,29,1.0,4,1,13.79,3.25,3.45,14,15,14.29,13.33,13,16,15.38,12.5
S::is_session_open_2h_FALSE::top2,single+top2,58,2.0,7,3,12.07,5.69,5.17,28,30,10.71,13.33,27,31,14.81,9.68
S::dir_LONG,single,508,17.517,63,65,12.4,51.22,12.8,247,261,15.79,9.2,508,0,12.4,
S::dir_LONG::top1,single+top1,29,1.0,9,2,31.03,7.32,6.9,14,15,42.86,20.0,29,0,31.03,
S::dir_LONG::top2,single+top2,58,2.0,13,4,22.41,10.57,6.9,28,30,32.14,13.33,58,0,22.41,
S::dir_SHORT,single,535,18.448,60,74,11.21,48.78,13.83,259,276,10.81,11.59,0,535,,11.21
S::dir_SHORT::top1,single+top1,29,1.0,6,0,20.69,4.88,0.0,14,15,21.43,20.0,0,29,,20.69
S::dir_SHORT::top2,single+top2,58,2.0,10,3,17.24,8.13,5.17,28,30,17.86,16.67,0,58,,17.24
P::score_trigger_ge_0.9737+pct_correct_move_already_done_ge_0.0,pair,438,15.103,50,48,11.42,40.65,10.96,203,235,13.79,9.36,226,212,15.49,7.08
P::score_trigger_ge_0.9737+pct_correct_move_already_done_ge_0.0::top1,pair+top1,29,1.0,10,1,34.48,8.13,3.45,14,15,35.71,33.33,15,14,33.33,35.71
P::score_trigger_ge_0.9737+pct_correct_move_already_done_le_0.0,pair,295,10.172,48,32,16.27,39.02,10.85,122,173,21.31,12.72,155,140,22.58,9.29
P::score_trigger_ge_0.9737+pct_correct_move_already_done_le_0.0::top1,pair+top1,29,1.0,12,1,41.38,9.76,3.45,14,15,35.71,46.67,16,13,43.75,38.46
P::score_trigger_ge_0.9737+pct_correct_move_already_done_ge_0.0,pair,438,15.103,50,48,11.42,40.65,10.96,203,235,13.79,9.36,226,212,15.49,7.08
P::score_trigger_ge_0.9737+pct_correct_move_already_done_ge_0.0::top1,pair+top1,29,1.0,10,1,34.48,8.13,3.45,14,15,35.71,33.33,15,14,33.33,35.71
P::score_trigger_ge_0.9737+pct_correct_move_already_done_le_0.0,pair,295,10.172,48,32,16.27,39.02,10.85,122,173,21.31,12.72,155,140,22.58,9.29
P::score_trigger_ge_0.9737+pct_correct_move_already_done_le_0.0::top1,pair+top1,29,1.0,12,1,41.38,9.76,3.45,14,15,35.71,46.67,16,13,43.75,38.46
P::score_trigger_ge_0.9737+pct_correct_move_already_done_ge_0.0,pair,438,15.103,50,48,11.42,40.65,10.96,203,235,13.79,9.36,226,212,15.49,7.08
P::score_trigger_ge_0.9737+pct_correct_move_already_done_ge_0.0::top1,pair+top1,29,1.0,10,1,34.48,8.13,3.45,14,15,35.71,33.33,15,14,33.33,35.71
P::score_trigger_ge_0.9737+pct_correct_move_already_done_le_0.0,pair,295,10.172,48,32,16.27,39.02,10.85,122,173,21.31,12.72,155,140,22.58,9.29
P::score_trigger_ge_0.9737+pct_correct_move_already_done_le_0.0::top1,pair+top1,29,1.0,12,1,41.38,9.76,3.45,14,15,35.71,46.67,16,13,43.75,38.46
P::score_trigger_le_0.9737+pct_correct_move_already_done_ge_0.0,pair,188,6.483,21,13,11.17,17.07,6.91,93,95,15.05,7.37,82,106,14.63,8.49
P::score_trigger_le_0.9737+pct_correct_move_already_done_ge_0.0::top1,pair+top1,29,1.0,7,1,24.14,5.69,3.45,14,15,35.71,13.33,12,17,25.0,23.53
P::score_trigger_le_0.9737+pct_correct_move_already_done_le_0.0,pair,128,4.414,21,12,16.41,17.07,9.38,55,73,25.45,9.59,56,72,21.43,12.5
P::score_trigger_le_0.9737+pct_correct_move_already_done_le_0.0::top1,pair+top1,27,0.931,8,1,29.63,6.5,3.7,14,13,42.86,15.38,12,15,33.33,26.67
P::score_trigger_le_0.9737+pct_correct_move_already_done_ge_0.0,pair,188,6.483,21,13,11.17,17.07,6.91,93,95,15.05,7.37,82,106,14.63,8.49
P::score_trigger_le_0.9737+pct_correct_move_already_done_ge_0.0::top1,pair+top1,29,1.0,7,1,24.14,5.69,3.45,14,15,35.71,13.33,12,17,25.0,23.53
P::score_trigger_le_0.9737+pct_correct_move_already_done_le_0.0,pair,128,4.414,21,12,16.41,17.07,9.38,55,73,25.45,9.59,56,72,21.43,12.5
P::score_trigger_le_0.9737+pct_correct_move_already_done_le_0.0::top1,pair+top1,27,0.931,8,1,29.63,6.5,3.7,14,13,42.86,15.38,12,15,33.33,26.67
P::score_trigger_le_0.9737+pct_correct_move_already_done_ge_0.0,pair,188,6.483,21,13,11.17,17.07,6.91,93,95,15.05,7.37,82,106,14.63,8.49
P::score_trigger_le_0.9737+pct_correct_move_already_done_ge_0.0::top1,pair+top1,29,1.0,7,1,24.14,5.69,3.45,14,15,35.71,13.33,12,17,25.0,23.53
P::score_trigger_le_0.9737+pct_correct_move_already_done_le_0.0,pair,128,4.414,21,12,16.41,17.07,9.38,55,73,25.45,9.59,56,72,21.43,12.5
P::score_trigger_le_0.9737+pct_correct_move_already_done_le_0.0::top1,pair+top1,27,0.931,8,1,29.63,6.5,3.7,14,13,42.86,15.38,12,15,33.33,26.67
P::score_trigger_ge_1.0+pct_correct_move_already_done_ge_0.0,pair,326,11.241,38,35,11.66,30.89,10.74,151,175,13.25,10.29,158,168,14.56,8.93
P::score_trigger_ge_1.0+pct_correct_move_already_done_ge_0.0::top1,pair+top1,29,1.0,13,0,44.83,10.57,0.0,14,15,50.0,40.0,16,13,43.75,46.15
P::score_trigger_ge_1.0+pct_correct_move_already_done_le_0.0,pair,215,7.414,36,21,16.74,29.27,9.77,86,129,20.93,13.95,106,109,21.7,11.93
P::score_trigger_ge_1.0+pct_correct_move_already_done_le_0.0::top1,pair+top1,29,1.0,14,0,48.28,11.38,0.0,14,15,50.0,46.67,16,13,50.0,46.15
P::score_trigger_ge_1.0+pct_correct_move_already_done_ge_0.0,pair,326,11.241,38,35,11.66,30.89,10.74,151,175,13.25,10.29,158,168,14.56,8.93
P::score_trigger_ge_1.0+pct_correct_move_already_done_ge_0.0::top1,pair+top1,29,1.0,13,0,44.83,10.57,0.0,14,15,50.0,40.0,16,13,43.75,46.15
P::score_trigger_ge_1.0+pct_correct_move_already_done_le_0.0,pair,215,7.414,36,21,16.74,29.27,9.77,86,129,20.93,13.95,106,109,21.7,11.93
P::score_trigger_ge_1.0+pct_correct_move_already_done_le_0.0::top1,pair+top1,29,1.0,14,0,48.28,11.38,0.0,14,15,50.0,46.67,16,13,50.0,46.15
P::score_trigger_ge_1.0+pct_correct_move_already_done_ge_0.0,pair,326,11.241,38,35,11.66,30.89,10.74,151,175,13.25,10.29,158,168,14.56,8.93
P::score_trigger_ge_1.0+pct_correct_move_already_done_ge_0.0::top1,pair+top1,29,1.0,13,0,44.83,10.57,0.0,14,15,50.0,40.0,16,13,43.75,46.15
P::score_trigger_ge_1.0+pct_correct_move_already_done_le_0.0,pair,215,7.414,36,21,16.74,29.27,9.77,86,129,20.93,13.95,106,109,21.7,11.93
P::score_trigger_ge_1.0+pct_correct_move_already_done_le_0.0::top1,pair+top1,29,1.0,14,0,48.28,11.38,0.0,14,15,50.0,46.67,16,13,50.0,46.15
P::score_trigger_le_1.0+pct_correct_move_already_done_ge_0.0,pair,625,21.552,71,61,11.36,57.72,9.76,295,330,14.24,8.79,308,317,15.26,7.57
P::score_trigger_le_1.0+pct_correct_move_already_done_ge_0.0::top1,pair+top1,29,1.0,11,1,37.93,8.94,3.45,14,15,42.86,33.33,16,13,37.5,38.46
P::score_trigger_le_1.0+pct_correct_move_already_done_le_0.0,pair,422,14.552,69,44,16.35,56.1,10.43,176,246,22.73,11.79,211,211,22.27,10.43
P::score_trigger_le_1.0+pct_correct_move_already_done_le_0.0::top1,pair+top1,29,1.0,13,1,44.83,10.57,3.45,14,15,42.86,46.67,17,12,47.06,41.67
P::score_trigger_le_1.0+pct_correct_move_already_done_ge_0.0,pair,625,21.552,71,61,11.36,57.72,9.76,295,330,14.24,8.79,308,317,15.26,7.57
P::score_trigger_le_1.0+pct_correct_move_already_done_ge_0.0::top1,pair+top1,29,1.0,11,1,37.93,8.94,3.45,14,15,42.86,33.33,16,13,37.5,38.46
P::score_trigger_le_1.0+pct_correct_move_already_done_le_0.0,pair,422,14.552,69,44,16.35,56.1,10.43,176,246,22.73,11.79,211,211,22.27,10.43
P::score_trigger_le_1.0+pct_correct_move_already_done_le_0.0::top1,pair+top1,29,1.0,13,1,44.83,10.57,3.45,14,15,42.86,46.67,17,12,47.06,41.67
P::score_trigger_le_1.0+pct_correct_move_already_done_ge_0.0,pair,625,21.552,71,61,11.36,57.72,9.76,295,330,14.24,8.79,308,317,15.26,7.57
P::score_trigger_le_1.0+pct_correct_move_already_done_ge_0.0::top1,pair+top1,29,1.0,11,1,37.93,8.94,3.45,14,15,42.86,33.33,16,13,37.5,38.46
P::score_trigger_le_1.0+pct_correct_move_already_done_le_0.0,pair,422,14.552,69,44,16.35,56.1,10.43,176,246,22.73,11.79,211,211,22.27,10.43
P::score_trigger_le_1.0+pct_correct_move_already_done_le_0.0::top1,pair+top1,29,1.0,13,1,44.83,10.57,3.45,14,15,42.86,46.67,17,12,47.06,41.67
P::score_trigger_ge_1.0+pct_correct_move_already_done_ge_0.0,pair,326,11.241,38,35,11.66,30.89,10.74,151,175,13.25,10.29,158,168,14.56,8.93
P::score_trigger_ge_1.0+pct_correct_move_already_done_ge_0.0::top1,pair+top1,29,1.0,13,0,44.83,10.57,0.0,14,15,50.0,40.0,16,13,43.75,46.15
P::score_trigger_ge_1.0+pct_correct_move_already_done_le_0.0,pair,215,7.414,36,21,16.74,29.27,9.77,86,129,20.93,13.95,106,109,21.7,11.93
P::score_trigger_ge_1.0+pct_correct_move_already_done_le_0.0::top1,pair+top1,29,1.0,14,0,48.28,11.38,0.0,14,15,50.0,46.67,16,13,50.0,46.15
P::score_trigger_ge_1.0+pct_correct_move_already_done_ge_0.0,pair,326,11.241,38,35,11.66,30.89,10.74,151,175,13.25,10.29,158,168,14.56,8.93
P::score_trigger_ge_1.0+pct_correct_move_already_done_ge_0.0::top1,pair+top1,29,1.0,13,0,44.83,10.57,0.0,14,15,50.0,40.0,16,13,43.75,46.15
P::score_trigger_ge_1.0+pct_correct_move_already_done_le_0.0,pair,215,7.414,36,21,16.74,29.27,9.77,86,129,20.93,13.95,106,109,21.7,11.93
P::score_trigger_ge_1.0+pct_correct_move_already_done_le_0.0::top1,pair+top1,29,1.0,14,0,48.28,11.38,0.0,14,15,50.0,46.67,16,13,50.0,46.15
P::score_trigger_ge_1.0+pct_correct_move_already_done_ge_0.0,pair,326,11.241,38,35,11.66,30.89,10.74,151,175,13.25,10.29,158,168,14.56,8.93
P::score_trigger_ge_1.0+pct_correct_move_already_done_ge_0.0::top1,pair+top1,29,1.0,13,0,44.83,10.57,0.0,14,15,50.0,40.0,16,13,43.75,46.15
P::score_trigger_ge_1.0+pct_correct_move_already_done_le_0.0,pair,215,7.414,36,21,16.74,29.27,9.77,86,129,20.93,13.95,106,109,21.7,11.93
P::score_trigger_ge_1.0+pct_correct_move_already_done_le_0.0::top1,pair+top1,29,1.0,14,0,48.28,11.38,0.0,14,15,50.0,46.67,16,13,50.0,46.15
P::score_trigger_le_1.0+pct_correct_move_already_done_ge_0.0,pair,625,21.552,71,61,11.36,57.72,9.76,295,330,14.24,8.79,308,317,15.26,7.57
P::score_trigger_le_1.0+pct_correct_move_already_done_ge_0.0::top1,pair+top1,29,1.0,11,1,37.93,8.94,3.45,14,15,42.86,33.33,16,13,37.5,38.46
P::score_trigger_le_1.0+pct_correct_move_already_done_le_0.0,pair,422,14.552,69,44,16.35,56.1,10.43,176,246,22.73,11.79,211,211,22.27,10.43
P::score_trigger_le_1.0+pct_correct_move_already_done_le_0.0::top1,pair+top1,29,1.0,13,1,44.83,10.57,3.45,14,15,42.86,46.67,17,12,47.06,41.67
P::score_trigger_le_1.0+pct_correct_move_already_done_ge_0.0,pair,625,21.552,71,61,11.36,57.72,9.76,295,330,14.24,8.79,308,317,15.26,7.57
P::score_trigger_le_1.0+pct_correct_move_already_done_ge_0.0::top1,pair+top1,29,1.0,11,1,37.93,8.94,3.45,14,15,42.86,33.33,16,13,37.5,38.46
P::score_trigger_le_1.0+pct_correct_move_already_done_le_0.0,pair,422,14.552,69,44,16.35,56.1,10.43,176,246,22.73,11.79,211,211,22.27,10.43
P::score_trigger_le_1.0+pct_correct_move_already_done_le_0.0::top1,pair+top1,29,1.0,13,1,44.83,10.57,3.45,14,15,42.86,46.67,17,12,47.06,41.67
P::score_trigger_le_1.0+pct_correct_move_already_done_ge_0.0,pair,625,21.552,71,61,11.36,57.72,9.76,295,330,14.24,8.79,308,317,15.26,7.57
P::score_trigger_le_1.0+pct_correct_move_already_done_ge_0.0::top1,pair+top1,29,1.0,11,1,37.93,8.94,3.45,14,15,42.86,33.33,16,13,37.5,38.46
P::score_trigger_le_1.0+pct_correct_move_already_done_le_0.0,pair,422,14.552,69,44,16.35,56.1,10.43,176,246,22.73,11.79,211,211,22.27,10.43
P::score_trigger_le_1.0+pct_correct_move_already_done_le_0.0::top1,pair+top1,29,1.0,13,1,44.83,10.57,3.45,14,15,42.86,46.67,17,12,47.06,41.67
P::score_trigger_ge_0.9737+is_during_correct_move_TRUE,pair,143,4.931,2,16,1.4,1.63,11.19,81,62,2.47,0.0,71,72,0.0,2.78
P::score_trigger_ge_0.9737+is_during_correct_move_TRUE::top1,pair+top1,20,0.69,0,1,0.0,0.0,5.0,10,10,0.0,0.0,8,12,0.0,0.0
P::score_trigger_ge_0.9737+is_during_correct_move_FALSE,pair,295,10.172,48,32,16.27,39.02,10.85,122,173,21.31,12.72,155,140,22.58,9.29
P::score_trigger_ge_0.9737+is_during_correct_move_FALSE::top1,pair+top1,29,1.0,12,1,41.38,9.76,3.45,14,15,35.71,46.67,16,13,43.75,38.46
P::score_trigger_le_0.9737+is_during_correct_move_TRUE,pair,60,2.069,0,1,0.0,0.0,1.67,38,22,0.0,0.0,26,34,0.0,0.0
P::score_trigger_le_0.9737+is_during_correct_move_TRUE::top1,pair+top1,19,0.655,0,1,0.0,0.0,5.26,9,10,0.0,0.0,8,11,0.0,0.0
P::score_trigger_le_0.9737+is_during_correct_move_FALSE,pair,128,4.414,21,12,16.41,17.07,9.38,55,73,25.45,9.59,56,72,21.43,12.5
P::score_trigger_le_0.9737+is_during_correct_move_FALSE::top1,pair+top1,27,0.931,8,1,29.63,6.5,3.7,14,13,42.86,15.38,12,15,33.33,26.67
P::score_trigger_ge_1.0+is_during_correct_move_TRUE,pair,111,3.828,2,14,1.8,1.63,12.61,65,46,3.08,0.0,52,59,0.0,3.39
P::score_trigger_ge_1.0+is_during_correct_move_TRUE::top1,pair+top1,18,0.621,0,1,0.0,0.0,5.56,9,9,0.0,0.0,6,12,0.0,0.0
P::score_trigger_ge_1.0+is_during_correct_move_FALSE,pair,215,7.414,36,21,16.74,29.27,9.77,86,129,20.93,13.95,106,109,21.7,11.93
P::score_trigger_ge_1.0+is_during_correct_move_FALSE::top1,pair+top1,29,1.0,14,0,48.28,11.38,0.0,14,15,50.0,46.67,16,13,50.0,46.15
P::score_trigger_le_1.0+is_during_correct_move_TRUE,pair,203,7.0,2,17,0.99,1.63,8.37,119,84,1.68,0.0,97,106,0.0,1.89
P::score_trigger_le_1.0+is_during_correct_move_TRUE::top1,pair+top1,20,0.69,0,1,0.0,0.0,5.0,10,10,0.0,0.0,7,13,0.0,0.0
P::score_trigger_le_1.0+is_during_correct_move_FALSE,pair,422,14.552,69,44,16.35,56.1,10.43,176,246,22.73,11.79,211,211,22.27,10.43
P::score_trigger_le_1.0+is_during_correct_move_FALSE::top1,pair+top1,29,1.0,13,1,44.83,10.57,3.45,14,15,42.86,46.67,17,12,47.06,41.67
P::score_trigger_ge_1.0+is_during_correct_move_TRUE,pair,111,3.828,2,14,1.8,1.63,12.61,65,46,3.08,0.0,52,59,0.0,3.39
P::score_trigger_ge_1.0+is_during_correct_move_TRUE::top1,pair+top1,18,0.621,0,1,0.0,0.0,5.56,9,9,0.0,0.0,6,12,0.0,0.0
P::score_trigger_ge_1.0+is_during_correct_move_FALSE,pair,215,7.414,36,21,16.74,29.27,9.77,86,129,20.93,13.95,106,109,21.7,11.93
P::score_trigger_ge_1.0+is_during_correct_move_FALSE::top1,pair+top1,29,1.0,14,0,48.28,11.38,0.0,14,15,50.0,46.67,16,13,50.0,46.15
P::score_trigger_le_1.0+is_during_correct_move_TRUE,pair,203,7.0,2,17,0.99,1.63,8.37,119,84,1.68,0.0,97,106,0.0,1.89
P::score_trigger_le_1.0+is_during_correct_move_TRUE::top1,pair+top1,20,0.69,0,1,0.0,0.0,5.0,10,10,0.0,0.0,7,13,0.0,0.0
P::score_trigger_le_1.0+is_during_correct_move_FALSE,pair,422,14.552,69,44,16.35,56.1,10.43,176,246,22.73,11.79,211,211,22.27,10.43
P::score_trigger_le_1.0+is_during_correct_move_FALSE::top1,pair+top1,29,1.0,13,1,44.83,10.57,3.45,14,15,42.86,46.67,17,12,47.06,41.67
P::score_trigger_ge_0.9737+conf_cycles_seen_ge_20.0,pair,312,10.759,39,31,12.5,31.71,9.94,142,170,14.08,11.18,165,147,15.76,8.84
P::score_trigger_ge_0.9737+conf_cycles_seen_ge_20.0::top1,pair+top1,29,1.0,9,0,31.03,7.32,0.0,14,15,28.57,33.33,14,15,28.57,33.33
P::score_trigger_ge_0.9737+conf_cycles_seen_le_20.0,pair,136,4.69,12,19,8.82,9.76,13.97,67,69,13.43,4.35,67,69,14.93,2.9
P::score_trigger_ge_0.9737+conf_cycles_seen_le_20.0::top1,pair+top1,29,1.0,4,4,13.79,3.25,13.79,14,15,28.57,0.0,14,15,21.43,6.67
P::score_trigger_ge_0.9737+conf_cycles_seen_ge_39.0,pair,214,7.379,24,23,11.21,19.51,10.75,92,122,14.13,9.02,112,102,13.39,8.82
P::score_trigger_ge_0.9737+conf_cycles_seen_ge_39.0::top1,pair+top1,29,1.0,5,1,17.24,4.07,3.45,14,15,14.29,20.0,13,16,23.08,12.5
P::score_trigger_ge_0.9737+conf_cycles_seen_le_39.0,pair,226,7.793,26,25,11.5,21.14,11.06,112,114,13.39,9.65,116,110,17.24,5.45
P::score_trigger_ge_0.9737+conf_cycles_seen_le_39.0::top1,pair+top1,29,1.0,9,2,31.03,7.32,6.9,14,15,28.57,33.33,15,14,40.0,21.43
P::score_trigger_ge_0.9737+conf_cycles_seen_ge_73.0,pair,127,4.379,15,10,11.81,12.2,7.87,58,69,12.07,11.59,67,60,17.91,5.0
P::score_trigger_ge_0.9737+conf_cycles_seen_ge_73.0::top1,pair+top1,28,0.966,4,1,14.29,3.25,3.57,13,15,7.69,20.0,15,13,20.0,7.69
P::score_trigger_ge_0.9737+conf_cycles_seen_le_73.0,pair,314,10.828,35,38,11.15,28.46,12.1,145,169,14.48,8.28,161,153,14.29,7.84
P::score_trigger_ge_0.9737+conf_cycles_seen_le_73.0::top1,pair+top1,29,1.0,11,1,37.93,8.94,3.45,14,15,35.71,40.0,17,12,35.29,41.67
P::score_trigger_le_0.9737+conf_cycles_seen_ge_20.0,pair,139,4.793,17,8,12.23,13.82,5.76,75,64,14.67,9.38,62,77,14.52,10.39
P::score_trigger_le_0.9737+conf_cycles_seen_ge_20.0::top1,pair+top1,29,1.0,5,1,17.24,4.07,3.45,14,15,21.43,13.33,11,18,18.18,16.67
P::score_trigger_le_0.9737+conf_cycles_seen_le_20.0,pair,50,1.724,4,5,8.0,3.25,10.0,18,32,16.67,3.12,20,30,15.0,3.33
P::score_trigger_le_0.9737+conf_cycles_seen_le_20.0::top1,pair+top1,21,0.724,3,1,14.29,2.44,4.76,8,13,37.5,0.0,9,12,22.22,8.33
P::score_trigger_le_0.9737+conf_cycles_seen_ge_39.0,pair,108,3.724,11,6,10.19,8.94,5.56,56,52,14.29,5.77,51,57,11.76,8.77
P::score_trigger_le_0.9737+conf_cycles_seen_ge_39.0::top1,pair+top1,29,1.0,5,1,17.24,4.07,3.45,14,15,21.43,13.33,13,16,15.38,18.75
P::score_trigger_le_0.9737+conf_cycles_seen_le_39.0,pair,81,2.793,10,7,12.35,8.13,8.64,38,43,15.79,9.3,32,49,18.75,8.16
P::score_trigger_le_0.9737+conf_cycles_seen_le_39.0::top1,pair+top1,25,0.862,5,1,20.0,4.07,4.0,12,13,25.0,15.38,13,12,23.08,16.67
P::score_trigger_le_0.9737+conf_cycles_seen_ge_73.0,pair,65,2.241,6,4,9.23,4.88,6.15,36,29,11.11,6.9,30,35,13.33,5.71
P::score_trigger_le_0.9737+conf_cycles_seen_ge_73.0::top1,pair+top1,27,0.931,4,0,14.81,3.25,0.0,13,14,15.38,14.29,11,16,18.18,12.5
P::score_trigger_le_0.9737+conf_cycles_seen_le_73.0,pair,124,4.276,15,9,12.1,12.2,7.26,58,66,17.24,7.58,53,71,15.09,9.86
P::score_trigger_le_0.9737+conf_cycles_seen_le_73.0::top1,pair+top1,28,0.966,4,1,14.29,3.25,3.57,14,14,21.43,7.14,9,19,22.22,10.53
P::score_trigger_ge_1.0+conf_cycles_seen_ge_20.0,pair,236,8.138,30,26,12.71,24.39,11.02,111,125,13.51,12.0,119,117,14.29,11.11
P::score_trigger_ge_1.0+conf_cycles_seen_ge_20.0::top1,pair+top1,29,1.0,11,0,37.93,8.94,0.0,14,15,35.71,40.0,16,13,37.5,38.46
P::score_trigger_ge_1.0+conf_cycles_seen_le_20.0,pair,98,3.379,9,11,9.18,7.32,11.22,45,53,13.33,5.66,45,53,15.56,3.77
P::score_trigger_ge_1.0+conf_cycles_seen_le_20.0::top1,pair+top1,29,1.0,4,4,13.79,3.25,13.79,14,15,28.57,0.0,13,16,23.08,6.25
P::score_trigger_ge_1.0+conf_cycles_seen_ge_39.0,pair,157,5.414,16,21,10.19,13.01,13.38,71,86,12.68,8.14,78,79,8.97,11.39
P::score_trigger_ge_1.0+conf_cycles_seen_ge_39.0::top1,pair+top1,29,1.0,6,0,20.69,4.88,0.0,14,15,21.43,20.0,12,17,25.0,17.65
P::score_trigger_ge_1.0+conf_cycles_seen_le_39.0,pair,170,5.862,22,14,12.94,17.89,8.24,81,89,13.58,12.36,81,89,19.75,6.74
P::score_trigger_ge_1.0+conf_cycles_seen_le_39.0::top1,pair+top1,29,1.0,11,0,37.93,8.94,0.0,14,15,42.86,33.33,13,16,53.85,25.0
P::score_trigger_ge_1.0+conf_cycles_seen_ge_73.0,pair,93,3.207,9,9,9.68,7.32,9.68,44,49,9.09,10.2,48,45,12.5,6.67
P::score_trigger_ge_1.0+conf_cycles_seen_ge_73.0::top1,pair+top1,28,0.966,4,2,14.29,3.25,7.14,13,15,15.38,13.33,14,14,21.43,7.14
P::score_trigger_ge_1.0+conf_cycles_seen_le_73.0,pair,236,8.138,29,26,12.29,23.58,11.02,107,129,14.95,10.08,112,124,15.18,9.68
P::score_trigger_ge_1.0+conf_cycles_seen_le_73.0::top1,pair+top1,29,1.0,13,0,44.83,10.57,0.0,14,15,50.0,40.0,16,13,43.75,46.15
P::score_trigger_le_1.0+conf_cycles_seen_ge_20.0,pair,450,15.517,56,39,12.44,45.53,8.67,216,234,14.35,10.68,227,223,15.42,9.42
P::score_trigger_le_1.0+conf_cycles_seen_ge_20.0::top1,pair+top1,29,1.0,9,0,31.03,7.32,0.0,14,15,28.57,33.33,14,15,28.57,33.33
P::score_trigger_le_1.0+conf_cycles_seen_le_20.0,pair,186,6.414,16,24,8.6,13.01,12.9,85,101,14.12,3.96,87,99,14.94,3.03
P::score_trigger_le_1.0+conf_cycles_seen_le_20.0::top1,pair+top1,29,1.0,4,4,13.79,3.25,13.79,14,15,28.57,0.0,16,13,18.75,7.69
P::score_trigger_le_1.0+conf_cycles_seen_ge_39.0,pair,321,11.069,35,29,10.9,28.46,9.03,147,174,14.29,8.05,163,158,12.88,8.86
P::score_trigger_le_1.0+conf_cycles_seen_ge_39.0::top1,pair+top1,29,1.0,5,1,17.24,4.07,3.45,14,15,14.29,20.0,12,17,25.0,11.76
P::score_trigger_le_1.0+conf_cycles_seen_le_39.0,pair,307,10.586,36,32,11.73,29.27,10.42,150,157,14.0,9.55,148,159,17.57,6.29
P::score_trigger_le_1.0+conf_cycles_seen_le_39.0::top1,pair+top1,29,1.0,10,2,34.48,8.13,6.9,14,15,35.71,33.33,16,13,43.75,23.08
P::score_trigger_le_1.0+conf_cycles_seen_ge_73.0,pair,192,6.621,21,14,10.94,17.07,7.29,94,98,11.7,10.2,97,95,16.49,5.26
P::score_trigger_le_1.0+conf_cycles_seen_ge_73.0::top1,pair+top1,29,1.0,4,0,13.79,3.25,0.0,14,15,7.14,20.0,16,13,18.75,7.69
P::score_trigger_le_1.0+conf_cycles_seen_le_73.0,pair,437,15.069,50,47,11.44,40.65,10.76,202,235,15.35,8.09,214,223,14.49,8.52
P::score_trigger_le_1.0+conf_cycles_seen_le_73.0::top1,pair+top1,29,1.0,12,1,41.38,9.76,3.45,14,15,42.86,40.0,18,11,38.89,45.45
P::score_trigger_ge_1.0+conf_cycles_seen_ge_20.0,pair,236,8.138,30,26,12.71,24.39,11.02,111,125,13.51,12.0,119,117,14.29,11.11
P::score_trigger_ge_1.0+conf_cycles_seen_ge_20.0::top1,pair+top1,29,1.0,11,0,37.93,8.94,0.0,14,15,35.71,40.0,16,13,37.5,38.46
P::score_trigger_ge_1.0+conf_cycles_seen_le_20.0,pair,98,3.379,9,11,9.18,7.32,11.22,45,53,13.33,5.66,45,53,15.56,3.77
P::score_trigger_ge_1.0+conf_cycles_seen_le_20.0::top1,pair+top1,29,1.0,4,4,13.79,3.25,13.79,14,15,28.57,0.0,13,16,23.08,6.25
P::score_trigger_ge_1.0+conf_cycles_seen_ge_39.0,pair,157,5.414,16,21,10.19,13.01,13.38,71,86,12.68,8.14,78,79,8.97,11.39
P::score_trigger_ge_1.0+conf_cycles_seen_ge_39.0::top1,pair+top1,29,1.0,6,0,20.69,4.88,0.0,14,15,21.43,20.0,12,17,25.0,17.65
P::score_trigger_ge_1.0+conf_cycles_seen_le_39.0,pair,170,5.862,22,14,12.94,17.89,8.24,81,89,13.58,12.36,81,89,19.75,6.74
P::score_trigger_ge_1.0+conf_cycles_seen_le_39.0::top1,pair+top1,29,1.0,11,0,37.93,8.94,0.0,14,15,42.86,33.33,13,16,53.85,25.0
P::score_trigger_ge_1.0+conf_cycles_seen_ge_73.0,pair,93,3.207,9,9,9.68,7.32,9.68,44,49,9.09,10.2,48,45,12.5,6.67
P::score_trigger_ge_1.0+conf_cycles_seen_ge_73.0::top1,pair+top1,28,0.966,4,2,14.29,3.25,7.14,13,15,15.38,13.33,14,14,21.43,7.14
P::score_trigger_ge_1.0+conf_cycles_seen_le_73.0,pair,236,8.138,29,26,12.29,23.58,11.02,107,129,14.95,10.08,112,124,15.18,9.68
P::score_trigger_ge_1.0+conf_cycles_seen_le_73.0::top1,pair+top1,29,1.0,13,0,44.83,10.57,0.0,14,15,50.0,40.0,16,13,43.75,46.15
P::score_trigger_le_1.0+conf_cycles_seen_ge_20.0,pair,450,15.517,56,39,12.44,45.53,8.67,216,234,14.35,10.68,227,223,15.42,9.42
P::score_trigger_le_1.0+conf_cycles_seen_ge_20.0::top1,pair+top1,29,1.0,9,0,31.03,7.32,0.0,14,15,28.57,33.33,14,15,28.57,33.33
P::score_trigger_le_1.0+conf_cycles_seen_le_20.0,pair,186,6.414,16,24,8.6,13.01,12.9,85,101,14.12,3.96,87,99,14.94,3.03
P::score_trigger_le_1.0+conf_cycles_seen_le_20.0::top1,pair+top1,29,1.0,4,4,13.79,3.25,13.79,14,15,28.57,0.0,16,13,18.75,7.69
P::score_trigger_le_1.0+conf_cycles_seen_ge_39.0,pair,321,11.069,35,29,10.9,28.46,9.03,147,174,14.29,8.05,163,158,12.88,8.86
P::score_trigger_le_1.0+conf_cycles_seen_ge_39.0::top1,pair+top1,29,1.0,5,1,17.24,4.07,3.45,14,15,14.29,20.0,12,17,25.0,11.76
P::score_trigger_le_1.0+conf_cycles_seen_le_39.0,pair,307,10.586,36,32,11.73,29.27,10.42,150,157,14.0,9.55,148,159,17.57,6.29
P::score_trigger_le_1.0+conf_cycles_seen_le_39.0::top1,pair+top1,29,1.0,10,2,34.48,8.13,6.9,14,15,35.71,33.33,16,13,43.75,23.08
P::score_trigger_le_1.0+conf_cycles_seen_ge_73.0,pair,192,6.621,21,14,10.94,17.07,7.29,94,98,11.7,10.2,97,95,16.49,5.26
P::score_trigger_le_1.0+conf_cycles_seen_ge_73.0::top1,pair+top1,29,1.0,4,0,13.79,3.25,0.0,14,15,7.14,20.0,16,13,18.75,7.69
P::score_trigger_le_1.0+conf_cycles_seen_le_73.0,pair,437,15.069,50,47,11.44,40.65,10.76,202,235,15.35,8.09,214,223,14.49,8.52
P::score_trigger_le_1.0+conf_cycles_seen_le_73.0::top1,pair+top1,29,1.0,12,1,41.38,9.76,3.45,14,15,42.86,40.0,18,11,38.89,45.45
P::score_trigger_ge_0.9737+utc_hour_ge_4.0,pair,280,9.655,21,29,7.5,17.07,10.36,131,149,12.21,3.36,140,140,10.0,5.0
P::score_trigger_ge_0.9737+utc_hour_ge_4.0::top1,pair+top1,29,1.0,3,0,10.34,2.44,0.0,14,15,14.29,6.67,13,16,15.38,6.25
P::score_trigger_ge_0.9737+utc_hour_le_4.0,pair,173,5.966,30,20,17.34,24.39,11.56,79,94,15.19,19.15,93,80,22.58,11.25
P::score_trigger_ge_0.9737+utc_hour_le_4.0::top1,pair+top1,29,1.0,10,2,34.48,8.13,6.9,14,15,35.71,33.33,14,15,35.71,33.33
P::score_trigger_ge_0.9737+utc_hour_ge_8.0,pair,207,7.138,15,20,7.25,12.2,9.66,97,110,13.4,1.82,109,98,8.26,6.12
P::score_trigger_ge_0.9737+utc_hour_ge_8.0::top1,pair+top1,26,0.897,1,0,3.85,0.81,0.0,12,14,8.33,0.0,14,12,7.14,0.0
P::score_trigger_ge_0.9737+utc_hour_le_8.0,pair,255,8.793,38,33,14.9,30.89,12.94,117,138,15.38,14.49,129,126,21.71,7.94
P::score_trigger_ge_0.9737+utc_hour_le_8.0::top1,pair+top1,29,1.0,11,1,37.93,8.94,3.45,14,15,35.71,40.0,14,15,42.86,33.33
P::score_trigger_ge_0.9737+utc_hour_ge_14.0,pair,96,3.31,0,4,0.0,0.0,4.17,42,54,0.0,0.0,42,54,0.0,0.0
P::score_trigger_ge_0.9737+utc_hour_ge_14.0::top1,pair+top1,25,0.862,0,0,0.0,0.0,0.0,11,14,0.0,0.0,12,13,0.0,0.0
P::score_trigger_ge_0.9737+utc_hour_le_14.0,pair,362,12.483,50,46,13.81,40.65,12.71,172,190,16.28,11.58,191,171,18.32,8.77
P::score_trigger_ge_0.9737+utc_hour_le_14.0::top1,pair+top1,29,1.0,10,1,34.48,8.13,3.45,14,15,35.71,33.33,15,14,33.33,35.71
P::score_trigger_le_0.9737+utc_hour_ge_4.0,pair,136,4.69,9,8,6.62,7.32,5.88,64,72,9.38,4.17,58,78,8.62,5.13
P::score_trigger_le_0.9737+utc_hour_ge_4.0::top1,pair+top1,29,1.0,4,2,13.79,3.25,6.9,14,15,21.43,6.67,16,13,18.75,7.69
P::score_trigger_le_0.9737+utc_hour_le_4.0,pair,68,2.345,14,7,20.59,11.38,10.29,38,30,23.68,16.67,32,36,25.0,16.67
P::score_trigger_le_0.9737+utc_hour_le_4.0::top1,pair+top1,25,0.862,7,1,28.0,5.69,4.0,12,13,41.67,15.38,10,15,30.0,26.67
P::score_trigger_le_0.9737+utc_hour_ge_8.0,pair,97,3.345,3,4,3.09,2.44,4.12,43,54,6.98,0.0,41,56,4.88,1.79
P::score_trigger_le_0.9737+utc_hour_ge_8.0::top1,pair+top1,27,0.931,2,0,7.41,1.63,0.0,12,15,16.67,0.0,15,12,13.33,0.0
P::score_trigger_le_0.9737+utc_hour_le_8.0,pair,101,3.483,20,10,19.8,16.26,9.9,55,46,23.64,15.22,46,55,23.91,16.36
P::score_trigger_le_0.9737+utc_hour_le_8.0::top1,pair+top1,27,0.931,7,1,25.93,5.69,3.7,13,14,38.46,14.29,11,16,27.27,25.0
P::score_trigger_le_0.9737+utc_hour_ge_14.0,pair,50,1.724,0,2,0.0,0.0,4.0,21,29,0.0,0.0,18,32,0.0,0.0
P::score_trigger_le_0.9737+utc_hour_ge_14.0::top1,pair+top1,20,0.69,0,1,0.0,0.0,5.0,9,11,0.0,0.0,6,14,0.0,0.0
P::score_trigger_le_0.9737+utc_hour_le_14.0,pair,150,5.172,21,11,14.0,17.07,7.33,75,75,18.67,9.33,67,83,17.91,10.84
P::score_trigger_le_0.9737+utc_hour_le_14.0::top1,pair+top1,29,1.0,7,1,24.14,5.69,3.45,14,15,35.71,13.33,12,17,25.0,23.53
P::score_trigger_ge_1.0+utc_hour_ge_4.0,pair,207,7.138,13,23,6.28,10.57,11.11,97,110,9.28,3.64,99,108,6.06,6.48
P::score_trigger_ge_1.0+utc_hour_ge_4.0::top1,pair+top1,29,1.0,3,1,10.34,2.44,3.45,14,15,7.14,13.33,14,15,14.29,6.67
P::score_trigger_ge_1.0+utc_hour_le_4.0,pair,131,4.517,26,12,19.85,21.14,9.16,59,72,18.64,20.83,63,68,26.98,13.24
P::score_trigger_ge_1.0+utc_hour_le_4.0::top1,pair+top1,29,1.0,12,1,41.38,9.76,3.45,14,15,50.0,33.33,12,17,50.0,35.29
P::score_trigger_ge_1.0+utc_hour_ge_8.0,pair,153,5.276,10,17,6.54,8.13,11.11,72,81,11.11,2.47,78,75,5.13,8.0
P::score_trigger_ge_1.0+utc_hour_ge_8.0::top1,pair+top1,26,0.897,2,1,7.69,1.63,3.85,12,14,16.67,0.0,15,11,13.33,0.0
P::score_trigger_ge_1.0+utc_hour_le_8.0,pair,194,6.69,31,23,15.98,25.2,11.86,89,105,16.85,15.24,91,103,23.08,9.71
P::score_trigger_ge_1.0+utc_hour_le_8.0::top1,pair+top1,29,1.0,13,0,44.83,10.57,0.0,14,15,50.0,40.0,13,16,53.85,37.5
P::score_trigger_ge_1.0+utc_hour_ge_14.0,pair,74,2.552,0,3,0.0,0.0,4.05,32,42,0.0,0.0,33,41,0.0,0.0
P::score_trigger_ge_1.0+utc_hour_ge_14.0::top1,pair+top1,22,0.759,0,0,0.0,0.0,0.0,9,13,0.0,0.0,9,13,0.0,0.0
P::score_trigger_ge_1.0+utc_hour_le_14.0,pair,267,9.207,38,34,14.23,30.89,12.73,127,140,15.75,12.86,131,136,17.56,11.03
P::score_trigger_ge_1.0+utc_hour_le_14.0::top1,pair+top1,29,1.0,13,0,44.83,10.57,0.0,14,15,50.0,40.0,15,14,46.67,42.86
P::score_trigger_le_1.0+utc_hour_ge_4.0,pair,415,14.31,30,37,7.23,24.39,8.92,194,221,11.34,3.62,198,217,9.6,5.07
P::score_trigger_le_1.0+utc_hour_ge_4.0::top1,pair+top1,29,1.0,4,0,13.79,3.25,0.0,14,15,21.43,6.67,13,16,23.08,6.25
P::score_trigger_le_1.0+utc_hour_le_4.0,pair,241,8.31,44,27,18.26,35.77,11.2,117,124,17.95,18.55,125,116,23.2,12.93
P::score_trigger_le_1.0+utc_hour_le_4.0::top1,pair+top1,29,1.0,11,3,37.93,8.94,10.34,14,15,42.86,33.33,15,14,40.0,35.71
P::score_trigger_le_1.0+utc_hour_ge_8.0,pair,303,10.448,18,24,5.94,14.63,7.92,139,164,11.51,1.22,150,153,7.33,4.58
P::score_trigger_le_1.0+utc_hour_ge_8.0::top1,pair+top1,29,1.0,2,0,6.9,1.63,0.0,14,15,14.29,0.0,16,13,12.5,0.0
P::score_trigger_le_1.0+utc_hour_le_8.0,pair,356,12.276,58,43,16.29,47.15,12.08,172,184,18.02,14.67,175,181,22.29,10.5
P::score_trigger_le_1.0+utc_hour_le_8.0::top1,pair+top1,29,1.0,12,1,41.38,9.76,3.45,14,15,42.86,40.0,15,14,46.67,35.71
P::score_trigger_le_1.0+utc_hour_ge_14.0,pair,145,5.0,0,6,0.0,0.0,4.14,62,83,0.0,0.0,60,85,0.0,0.0
P::score_trigger_le_1.0+utc_hour_ge_14.0::top1,pair+top1,26,0.897,0,0,0.0,0.0,0.0,11,15,0.0,0.0,13,13,0.0,0.0
P::score_trigger_le_1.0+utc_hour_le_14.0,pair,512,17.655,71,57,13.87,57.72,11.13,247,265,17.0,10.94,258,254,18.22,9.45
P::score_trigger_le_1.0+utc_hour_le_14.0::top1,pair+top1,29,1.0,11,1,37.93,8.94,3.45,14,15,42.86,33.33,16,13,37.5,38.46
P::score_trigger_ge_1.0+utc_hour_ge_4.0,pair,207,7.138,13,23,6.28,10.57,11.11,97,110,9.28,3.64,99,108,6.06,6.48
P::score_trigger_ge_1.0+utc_hour_ge_4.0::top1,pair+top1,29,1.0,3,1,10.34,2.44,3.45,14,15,7.14,13.33,14,15,14.29,6.67
P::score_trigger_ge_1.0+utc_hour_le_4.0,pair,131,4.517,26,12,19.85,21.14,9.16,59,72,18.64,20.83,63,68,26.98,13.24
P::score_trigger_ge_1.0+utc_hour_le_4.0::top1,pair+top1,29,1.0,12,1,41.38,9.76,3.45,14,15,50.0,33.33,12,17,50.0,35.29
P::score_trigger_ge_1.0+utc_hour_ge_8.0,pair,153,5.276,10,17,6.54,8.13,11.11,72,81,11.11,2.47,78,75,5.13,8.0
P::score_trigger_ge_1.0+utc_hour_ge_8.0::top1,pair+top1,26,0.897,2,1,7.69,1.63,3.85,12,14,16.67,0.0,15,11,13.33,0.0
P::score_trigger_ge_1.0+utc_hour_le_8.0,pair,194,6.69,31,23,15.98,25.2,11.86,89,105,16.85,15.24,91,103,23.08,9.71
P::score_trigger_ge_1.0+utc_hour_le_8.0::top1,pair+top1,29,1.0,13,0,44.83,10.57,0.0,14,15,50.0,40.0,13,16,53.85,37.5
P::score_trigger_ge_1.0+utc_hour_ge_14.0,pair,74,2.552,0,3,0.0,0.0,4.05,32,42,0.0,0.0,33,41,0.0,0.0
P::score_trigger_ge_1.0+utc_hour_ge_14.0::top1,pair+top1,22,0.759,0,0,0.0,0.0,0.0,9,13,0.0,0.0,9,13,0.0,0.0
P::score_trigger_ge_1.0+utc_hour_le_14.0,pair,267,9.207,38,34,14.23,30.89,12.73,127,140,15.75,12.86,131,136,17.56,11.03
P::score_trigger_ge_1.0+utc_hour_le_14.0::top1,pair+top1,29,1.0,13,0,44.83,10.57,0.0,14,15,50.0,40.0,15,14,46.67,42.86
P::score_trigger_le_1.0+utc_hour_ge_4.0,pair,415,14.31,30,37,7.23,24.39,8.92,194,221,11.34,3.62,198,217,9.6,5.07
P::score_trigger_le_1.0+utc_hour_ge_4.0::top1,pair+top1,29,1.0,4,0,13.79,3.25,0.0,14,15,21.43,6.67,13,16,23.08,6.25
P::score_trigger_le_1.0+utc_hour_le_4.0,pair,241,8.31,44,27,18.26,35.77,11.2,117,124,17.95,18.55,125,116,23.2,12.93
P::score_trigger_le_1.0+utc_hour_le_4.0::top1,pair+top1,29,1.0,11,3,37.93,8.94,10.34,14,15,42.86,33.33,15,14,40.0,35.71
P::score_trigger_le_1.0+utc_hour_ge_8.0,pair,303,10.448,18,24,5.94,14.63,7.92,139,164,11.51,1.22,150,153,7.33,4.58
P::score_trigger_le_1.0+utc_hour_ge_8.0::top1,pair+top1,29,1.0,2,0,6.9,1.63,0.0,14,15,14.29,0.0,16,13,12.5,0.0
P::score_trigger_le_1.0+utc_hour_le_8.0,pair,356,12.276,58,43,16.29,47.15,12.08,172,184,18.02,14.67,175,181,22.29,10.5
P::score_trigger_le_1.0+utc_hour_le_8.0::top1,pair+top1,29,1.0,12,1,41.38,9.76,3.45,14,15,42.86,40.0,15,14,46.67,35.71
P::score_trigger_le_1.0+utc_hour_ge_14.0,pair,145,5.0,0,6,0.0,0.0,4.14,62,83,0.0,0.0,60,85,0.0,0.0
P::score_trigger_le_1.0+utc_hour_ge_14.0::top1,pair+top1,26,0.897,0,0,0.0,0.0,0.0,11,15,0.0,0.0,13,13,0.0,0.0
P::score_trigger_le_1.0+utc_hour_le_14.0,pair,512,17.655,71,57,13.87,57.72,11.13,247,265,17.0,10.94,258,254,18.22,9.45
P::score_trigger_le_1.0+utc_hour_le_14.0::top1,pair+top1,29,1.0,11,1,37.93,8.94,3.45,14,15,42.86,33.33,16,13,37.5,38.46
P::score_trigger_ge_0.9737+is_asia_session_TRUE,pair,219,7.552,32,26,14.61,26.02,11.87,99,120,13.13,15.83,109,110,21.1,8.18
P::score_trigger_ge_0.9737+is_asia_session_TRUE::top1,pair+top1,29,1.0,11,1,37.93,8.94,3.45,14,15,35.71,40.0,14,15,42.86,33.33
P::score_trigger_ge_0.9737+is_asia_session_FALSE,pair,219,7.552,18,22,8.22,14.63,10.05,104,115,14.42,2.61,117,102,10.26,5.88
P::score_trigger_ge_0.9737+is_asia_session_FALSE::top1,pair+top1,26,0.897,1,0,3.85,0.81,0.0,12,14,8.33,0.0,14,12,7.14,0.0
P::score_trigger_le_0.9737+is_asia_session_TRUE,pair,81,2.793,17,8,20.99,13.82,9.88,43,38,25.58,15.79,38,43,26.32,16.28
P::score_trigger_le_0.9737+is_asia_session_TRUE::top1,pair+top1,26,0.897,7,1,26.92,5.69,3.85,12,14,41.67,14.29,9,17,33.33,23.53
P::score_trigger_le_0.9737+is_asia_session_FALSE,pair,107,3.69,4,5,3.74,3.25,4.67,50,57,6.0,1.75,44,63,4.55,3.17
P::score_trigger_le_0.9737+is_asia_session_FALSE::top1,pair+top1,28,0.966,3,1,10.71,2.44,3.57,13,15,15.38,6.67,15,13,13.33,7.69
P::score_trigger_ge_1.0+is_asia_session_TRUE,pair,165,5.69,27,16,16.36,21.95,9.7,74,91,14.86,17.58,75,90,24.0,10.0
P::score_trigger_ge_1.0+is_asia_session_TRUE::top1,pair+top1,29,1.0,13,0,44.83,10.57,0.0,14,15,50.0,40.0,13,16,53.85,37.5
P::score_trigger_ge_1.0+is_asia_session_FALSE,pair,161,5.552,11,19,6.83,8.94,11.8,77,84,11.69,2.38,83,78,6.02,7.69
P::score_trigger_ge_1.0+is_asia_session_FALSE::top1,pair+top1,26,0.897,2,1,7.69,1.63,3.85,12,14,16.67,0.0,13,13,15.38,0.0
P::score_trigger_le_1.0+is_asia_session_TRUE,pair,300,10.345,49,34,16.33,39.84,11.33,142,158,16.9,15.82,147,153,22.45,10.46
P::score_trigger_le_1.0+is_asia_session_TRUE::top1,pair+top1,29,1.0,12,1,41.38,9.76,3.45,14,15,42.86,40.0,15,14,46.67,35.71
P::score_trigger_le_1.0+is_asia_session_FALSE,pair,325,11.207,22,27,6.77,17.89,8.31,153,172,11.76,2.33,161,164,8.7,4.88
P::score_trigger_le_1.0+is_asia_session_FALSE::top1,pair+top1,29,1.0,2,1,6.9,1.63,3.45,14,15,14.29,0.0,15,14,13.33,0.0
P::score_trigger_ge_1.0+is_asia_session_TRUE,pair,165,5.69,27,16,16.36,21.95,9.7,74,91,14.86,17.58,75,90,24.0,10.0
P::score_trigger_ge_1.0+is_asia_session_TRUE::top1,pair+top1,29,1.0,13,0,44.83,10.57,0.0,14,15,50.0,40.0,13,16,53.85,37.5
P::score_trigger_ge_1.0+is_asia_session_FALSE,pair,161,5.552,11,19,6.83,8.94,11.8,77,84,11.69,2.38,83,78,6.02,7.69
P::score_trigger_ge_1.0+is_asia_session_FALSE::top1,pair+top1,26,0.897,2,1,7.69,1.63,3.85,12,14,16.67,0.0,13,13,15.38,0.0
P::score_trigger_le_1.0+is_asia_session_TRUE,pair,300,10.345,49,34,16.33,39.84,11.33,142,158,16.9,15.82,147,153,22.45,10.46
P::score_trigger_le_1.0+is_asia_session_TRUE::top1,pair+top1,29,1.0,12,1,41.38,9.76,3.45,14,15,42.86,40.0,15,14,46.67,35.71
P::score_trigger_le_1.0+is_asia_session_FALSE,pair,325,11.207,22,27,6.77,17.89,8.31,153,172,11.76,2.33,161,164,8.7,4.88
P::score_trigger_le_1.0+is_asia_session_FALSE::top1,pair+top1,29,1.0,2,1,6.9,1.63,3.45,14,15,14.29,0.0,15,14,13.33,0.0
P::score_trigger_ge_0.9737+cand_prior_move_pct_ge_0.0,pair,438,15.103,50,48,11.42,40.65,10.96,203,235,13.79,9.36,226,212,15.49,7.08
P::score_trigger_ge_0.9737+cand_prior_move_pct_ge_0.0::top1,pair+top1,29,1.0,10,1,34.48,8.13,3.45,14,15,35.71,33.33,15,14,33.33,35.71
P::score_trigger_ge_0.9737+cand_prior_move_pct_le_0.0,pair,374,12.897,43,42,11.5,34.96,11.23,172,202,13.37,9.9,196,178,15.82,6.74
P::score_trigger_ge_0.9737+cand_prior_move_pct_le_0.0::top1,pair+top1,29,1.0,10,1,34.48,8.13,3.45,14,15,35.71,33.33,16,13,31.25,38.46
P::score_trigger_ge_0.9737+cand_prior_move_pct_ge_0.0,pair,438,15.103,50,48,11.42,40.65,10.96,203,235,13.79,9.36,226,212,15.49,7.08
P::score_trigger_ge_0.9737+cand_prior_move_pct_ge_0.0::top1,pair+top1,29,1.0,10,1,34.48,8.13,3.45,14,15,35.71,33.33,15,14,33.33,35.71
P::score_trigger_ge_0.9737+cand_prior_move_pct_le_0.0,pair,374,12.897,43,42,11.5,34.96,11.23,172,202,13.37,9.9,196,178,15.82,6.74
P::score_trigger_ge_0.9737+cand_prior_move_pct_le_0.0::top1,pair+top1,29,1.0,10,1,34.48,8.13,3.45,14,15,35.71,33.33,16,13,31.25,38.46
P::score_trigger_ge_0.9737+cand_prior_move_pct_ge_0.0,pair,438,15.103,50,48,11.42,40.65,10.96,203,235,13.79,9.36,226,212,15.49,7.08
P::score_trigger_ge_0.9737+cand_prior_move_pct_ge_0.0::top1,pair+top1,29,1.0,10,1,34.48,8.13,3.45,14,15,35.71,33.33,15,14,33.33,35.71
P::score_trigger_ge_0.9737+cand_prior_move_pct_le_0.0,pair,374,12.897,43,42,11.5,34.96,11.23,172,202,13.37,9.9,196,178,15.82,6.74
P::score_trigger_ge_0.9737+cand_prior_move_pct_le_0.0::top1,pair+top1,29,1.0,10,1,34.48,8.13,3.45,14,15,35.71,33.33,16,13,31.25,38.46
P::score_trigger_le_0.9737+cand_prior_move_pct_ge_0.0,pair,188,6.483,21,13,11.17,17.07,6.91,93,95,15.05,7.37,82,106,14.63,8.49
P::score_trigger_le_0.9737+cand_prior_move_pct_ge_0.0::top1,pair+top1,29,1.0,7,1,24.14,5.69,3.45,14,15,35.71,13.33,12,17,25.0,23.53
P::score_trigger_le_0.9737+cand_prior_move_pct_le_0.0,pair,161,5.552,17,12,10.56,13.82,7.45,82,79,13.41,7.59,69,92,15.94,6.52
P::score_trigger_le_0.9737+cand_prior_move_pct_le_0.0::top1,pair+top1,29,1.0,6,1,20.69,4.88,3.45,14,15,28.57,13.33,12,17,25.0,17.65
P::score_trigger_le_0.9737+cand_prior_move_pct_ge_0.0,pair,188,6.483,21,13,11.17,17.07,6.91,93,95,15.05,7.37,82,106,14.63,8.49
P::score_trigger_le_0.9737+cand_prior_move_pct_ge_0.0::top1,pair+top1,29,1.0,7,1,24.14,5.69,3.45,14,15,35.71,13.33,12,17,25.0,23.53
P::score_trigger_le_0.9737+cand_prior_move_pct_le_0.0,pair,161,5.552,17,12,10.56,13.82,7.45,82,79,13.41,7.59,69,92,15.94,6.52
P::score_trigger_le_0.9737+cand_prior_move_pct_le_0.0::top1,pair+top1,29,1.0,6,1,20.69,4.88,3.45,14,15,28.57,13.33,12,17,25.0,17.65
P::score_trigger_le_0.9737+cand_prior_move_pct_ge_0.0,pair,188,6.483,21,13,11.17,17.07,6.91,93,95,15.05,7.37,82,106,14.63,8.49
P::score_trigger_le_0.9737+cand_prior_move_pct_ge_0.0::top1,pair+top1,29,1.0,7,1,24.14,5.69,3.45,14,15,35.71,13.33,12,17,25.0,23.53
P::score_trigger_le_0.9737+cand_prior_move_pct_le_0.0,pair,161,5.552,17,12,10.56,13.82,7.45,82,79,13.41,7.59,69,92,15.94,6.52
P::score_trigger_le_0.9737+cand_prior_move_pct_le_0.0::top1,pair+top1,29,1.0,6,1,20.69,4.88,3.45,14,15,28.57,13.33,12,17,25.0,17.65
P::score_trigger_ge_1.0+cand_prior_move_pct_ge_0.0,pair,326,11.241,38,35,11.66,30.89,10.74,151,175,13.25,10.29,158,168,14.56,8.93
P::score_trigger_ge_1.0+cand_prior_move_pct_ge_0.0::top1,pair+top1,29,1.0,13,0,44.83,10.57,0.0,14,15,50.0,40.0,16,13,43.75,46.15
P::score_trigger_ge_1.0+cand_prior_move_pct_le_0.0,pair,278,9.586,32,31,11.51,26.02,11.15,130,148,12.31,10.81,138,140,14.49,8.57
P::score_trigger_ge_1.0+cand_prior_move_pct_le_0.0::top1,pair+top1,29,1.0,11,1,37.93,8.94,3.45,14,15,42.86,33.33,17,12,35.29,41.67
P::score_trigger_ge_1.0+cand_prior_move_pct_ge_0.0,pair,326,11.241,38,35,11.66,30.89,10.74,151,175,13.25,10.29,158,168,14.56,8.93
P::score_trigger_ge_1.0+cand_prior_move_pct_ge_0.0::top1,pair+top1,29,1.0,13,0,44.83,10.57,0.0,14,15,50.0,40.0,16,13,43.75,46.15
P::score_trigger_ge_1.0+cand_prior_move_pct_le_0.0,pair,278,9.586,32,31,11.51,26.02,11.15,130,148,12.31,10.81,138,140,14.49,8.57
P::score_trigger_ge_1.0+cand_prior_move_pct_le_0.0::top1,pair+top1,29,1.0,11,1,37.93,8.94,3.45,14,15,42.86,33.33,17,12,35.29,41.67
P::score_trigger_ge_1.0+cand_prior_move_pct_ge_0.0,pair,326,11.241,38,35,11.66,30.89,10.74,151,175,13.25,10.29,158,168,14.56,8.93
P::score_trigger_ge_1.0+cand_prior_move_pct_ge_0.0::top1,pair+top1,29,1.0,13,0,44.83,10.57,0.0,14,15,50.0,40.0,16,13,43.75,46.15
P::score_trigger_ge_1.0+cand_prior_move_pct_le_0.0,pair,278,9.586,32,31,11.51,26.02,11.15,130,148,12.31,10.81,138,140,14.49,8.57
P::score_trigger_ge_1.0+cand_prior_move_pct_le_0.0::top1,pair+top1,29,1.0,11,1,37.93,8.94,3.45,14,15,42.86,33.33,17,12,35.29,41.67
P::score_trigger_le_1.0+cand_prior_move_pct_ge_0.0,pair,625,21.552,71,61,11.36,57.72,9.76,295,330,14.24,8.79,308,317,15.26,7.57
P::score_trigger_le_1.0+cand_prior_move_pct_ge_0.0::top1,pair+top1,29,1.0,11,1,37.93,8.94,3.45,14,15,42.86,33.33,16,13,37.5,38.46
P::score_trigger_le_1.0+cand_prior_move_pct_le_0.0,pair,534,18.414,60,54,11.24,48.78,10.11,253,281,13.44,9.25,265,269,15.85,6.69
P::score_trigger_le_1.0+cand_prior_move_pct_le_0.0::top1,pair+top1,29,1.0,11,2,37.93,8.94,6.9,14,15,42.86,33.33,16,13,37.5,38.46
P::score_trigger_le_1.0+cand_prior_move_pct_ge_0.0,pair,625,21.552,71,61,11.36,57.72,9.76,295,330,14.24,8.79,308,317,15.26,7.57
P::score_trigger_le_1.0+cand_prior_move_pct_ge_0.0::top1,pair+top1,29,1.0,11,1,37.93,8.94,3.45,14,15,42.86,33.33,16,13,37.5,38.46
P::score_trigger_le_1.0+cand_prior_move_pct_le_0.0,pair,534,18.414,60,54,11.24,48.78,10.11,253,281,13.44,9.25,265,269,15.85,6.69
P::score_trigger_le_1.0+cand_prior_move_pct_le_0.0::top1,pair+top1,29,1.0,11,2,37.93,8.94,6.9,14,15,42.86,33.33,16,13,37.5,38.46
P::score_trigger_le_1.0+cand_prior_move_pct_ge_0.0,pair,625,21.552,71,61,11.36,57.72,9.76,295,330,14.24,8.79,308,317,15.26,7.57
P::score_trigger_le_1.0+cand_prior_move_pct_ge_0.0::top1,pair+top1,29,1.0,11,1,37.93,8.94,3.45,14,15,42.86,33.33,16,13,37.5,38.46
P::score_trigger_le_1.0+cand_prior_move_pct_le_0.0,pair,534,18.414,60,54,11.24,48.78,10.11,253,281,13.44,9.25,265,269,15.85,6.69
P::score_trigger_le_1.0+cand_prior_move_pct_le_0.0::top1,pair+top1,29,1.0,11,2,37.93,8.94,6.9,14,15,42.86,33.33,16,13,37.5,38.46
P::score_trigger_ge_1.0+cand_prior_move_pct_ge_0.0,pair,326,11.241,38,35,11.66,30.89,10.74,151,175,13.25,10.29,158,168,14.56,8.93
P::score_trigger_ge_1.0+cand_prior_move_pct_ge_0.0::top1,pair+top1,29,1.0,13,0,44.83,10.57,0.0,14,15,50.0,40.0,16,13,43.75,46.15
P::score_trigger_ge_1.0+cand_prior_move_pct_le_0.0,pair,278,9.586,32,31,11.51,26.02,11.15,130,148,12.31,10.81,138,140,14.49,8.57
P::score_trigger_ge_1.0+cand_prior_move_pct_le_0.0::top1,pair+top1,29,1.0,11,1,37.93,8.94,3.45,14,15,42.86,33.33,17,12,35.29,41.67
P::score_trigger_ge_1.0+cand_prior_move_pct_ge_0.0,pair,326,11.241,38,35,11.66,30.89,10.74,151,175,13.25,10.29,158,168,14.56,8.93
P::score_trigger_ge_1.0+cand_prior_move_pct_ge_0.0::top1,pair+top1,29,1.0,13,0,44.83,10.57,0.0,14,15,50.0,40.0,16,13,43.75,46.15
P::score_trigger_ge_1.0+cand_prior_move_pct_le_0.0,pair,278,9.586,32,31,11.51,26.02,11.15,130,148,12.31,10.81,138,140,14.49,8.57
P::score_trigger_ge_1.0+cand_prior_move_pct_le_0.0::top1,pair+top1,29,1.0,11,1,37.93,8.94,3.45,14,15,42.86,33.33,17,12,35.29,41.67
P::score_trigger_ge_1.0+cand_prior_move_pct_ge_0.0,pair,326,11.241,38,35,11.66,30.89,10.74,151,175,13.25,10.29,158,168,14.56,8.93
P::score_trigger_ge_1.0+cand_prior_move_pct_ge_0.0::top1,pair+top1,29,1.0,13,0,44.83,10.57,0.0,14,15,50.0,40.0,16,13,43.75,46.15
P::score_trigger_ge_1.0+cand_prior_move_pct_le_0.0,pair,278,9.586,32,31,11.51,26.02,11.15,130,148,12.31,10.81,138,140,14.49,8.57
P::score_trigger_ge_1.0+cand_prior_move_pct_le_0.0::top1,pair+top1,29,1.0,11,1,37.93,8.94,3.45,14,15,42.86,33.33,17,12,35.29,41.67
P::score_trigger_le_1.0+cand_prior_move_pct_ge_0.0,pair,625,21.552,71,61,11.36,57.72,9.76,295,330,14.24,8.79,308,317,15.26,7.57
P::score_trigger_le_1.0+cand_prior_move_pct_ge_0.0::top1,pair+top1,29,1.0,11,1,37.93,8.94,3.45,14,15,42.86,33.33,16,13,37.5,38.46
P::score_trigger_le_1.0+cand_prior_move_pct_le_0.0,pair,534,18.414,60,54,11.24,48.78,10.11,253,281,13.44,9.25,265,269,15.85,6.69
P::score_trigger_le_1.0+cand_prior_move_pct_le_0.0::top1,pair+top1,29,1.0,11,2,37.93,8.94,6.9,14,15,42.86,33.33,16,13,37.5,38.46
P::score_trigger_le_1.0+cand_prior_move_pct_ge_0.0,pair,625,21.552,71,61,11.36,57.72,9.76,295,330,14.24,8.79,308,317,15.26,7.57
P::score_trigger_le_1.0+cand_prior_move_pct_ge_0.0::top1,pair+top1,29,1.0,11,1,37.93,8.94,3.45,14,15,42.86,33.33,16,13,37.5,38.46
P::score_trigger_le_1.0+cand_prior_move_pct_le_0.0,pair,534,18.414,60,54,11.24,48.78,10.11,253,281,13.44,9.25,265,269,15.85,6.69
P::score_trigger_le_1.0+cand_prior_move_pct_le_0.0::top1,pair+top1,29,1.0,11,2,37.93,8.94,6.9,14,15,42.86,33.33,16,13,37.5,38.46
P::score_trigger_le_1.0+cand_prior_move_pct_ge_0.0,pair,625,21.552,71,61,11.36,57.72,9.76,295,330,14.24,8.79,308,317,15.26,7.57
P::score_trigger_le_1.0+cand_prior_move_pct_ge_0.0::top1,pair+top1,29,1.0,11,1,37.93,8.94,3.45,14,15,42.86,33.33,16,13,37.5,38.46
P::score_trigger_le_1.0+cand_prior_move_pct_le_0.0,pair,534,18.414,60,54,11.24,48.78,10.11,253,281,13.44,9.25,265,269,15.85,6.69
P::score_trigger_le_1.0+cand_prior_move_pct_le_0.0::top1,pair+top1,29,1.0,11,2,37.93,8.94,6.9,14,15,42.86,33.33,16,13,37.5,38.46
P::score_trigger_ge_0.9737+conf_void_score_ge_1.0,pair,438,15.103,50,48,11.42,40.65,10.96,203,235,13.79,9.36,226,212,15.49,7.08
P::score_trigger_ge_0.9737+conf_void_score_ge_1.0::top1,pair+top1,29,1.0,10,1,34.48,8.13,3.45,14,15,35.71,33.33,15,14,33.33,35.71
P::score_trigger_ge_0.9737+conf_void_score_le_1.0,pair,438,15.103,50,48,11.42,40.65,10.96,203,235,13.79,9.36,226,212,15.49,7.08
P::score_trigger_ge_0.9737+conf_void_score_le_1.0::top1,pair+top1,29,1.0,10,1,34.48,8.13,3.45,14,15,35.71,33.33,15,14,33.33,35.71
P::score_trigger_ge_0.9737+conf_void_score_ge_1.0,pair,438,15.103,50,48,11.42,40.65,10.96,203,235,13.79,9.36,226,212,15.49,7.08
P::score_trigger_ge_0.9737+conf_void_score_ge_1.0::top1,pair+top1,29,1.0,10,1,34.48,8.13,3.45,14,15,35.71,33.33,15,14,33.33,35.71
P::score_trigger_ge_0.9737+conf_void_score_le_1.0,pair,438,15.103,50,48,11.42,40.65,10.96,203,235,13.79,9.36,226,212,15.49,7.08
P::score_trigger_ge_0.9737+conf_void_score_le_1.0::top1,pair+top1,29,1.0,10,1,34.48,8.13,3.45,14,15,35.71,33.33,15,14,33.33,35.71
P::score_trigger_ge_0.9737+conf_void_score_ge_1.0,pair,438,15.103,50,48,11.42,40.65,10.96,203,235,13.79,9.36,226,212,15.49,7.08
P::score_trigger_ge_0.9737+conf_void_score_ge_1.0::top1,pair+top1,29,1.0,10,1,34.48,8.13,3.45,14,15,35.71,33.33,15,14,33.33,35.71
P::score_trigger_ge_0.9737+conf_void_score_le_1.0,pair,438,15.103,50,48,11.42,40.65,10.96,203,235,13.79,9.36,226,212,15.49,7.08
P::score_trigger_ge_0.9737+conf_void_score_le_1.0::top1,pair+top1,29,1.0,10,1,34.48,8.13,3.45,14,15,35.71,33.33,15,14,33.33,35.71
P::score_trigger_le_0.9737+conf_void_score_ge_1.0,pair,188,6.483,21,13,11.17,17.07,6.91,93,95,15.05,7.37,82,106,14.63,8.49
P::score_trigger_le_0.9737+conf_void_score_ge_1.0::top1,pair+top1,29,1.0,7,1,24.14,5.69,3.45,14,15,35.71,13.33,12,17,25.0,23.53
P::score_trigger_le_0.9737+conf_void_score_le_1.0,pair,188,6.483,21,13,11.17,17.07,6.91,93,95,15.05,7.37,82,106,14.63,8.49
P::score_trigger_le_0.9737+conf_void_score_le_1.0::top1,pair+top1,29,1.0,7,1,24.14,5.69,3.45,14,15,35.71,13.33,12,17,25.0,23.53
P::score_trigger_le_0.9737+conf_void_score_ge_1.0,pair,188,6.483,21,13,11.17,17.07,6.91,93,95,15.05,7.37,82,106,14.63,8.49
P::score_trigger_le_0.9737+conf_void_score_ge_1.0::top1,pair+top1,29,1.0,7,1,24.14,5.69,3.45,14,15,35.71,13.33,12,17,25.0,23.53
P::score_trigger_le_0.9737+conf_void_score_le_1.0,pair,188,6.483,21,13,11.17,17.07,6.91,93,95,15.05,7.37,82,106,14.63,8.49
P::score_trigger_le_0.9737+conf_void_score_le_1.0::top1,pair+top1,29,1.0,7,1,24.14,5.69,3.45,14,15,35.71,13.33,12,17,25.0,23.53
P::score_trigger_le_0.9737+conf_void_score_ge_1.0,pair,188,6.483,21,13,11.17,17.07,6.91,93,95,15.05,7.37,82,106,14.63,8.49
P::score_trigger_le_0.9737+conf_void_score_ge_1.0::top1,pair+top1,29,1.0,7,1,24.14,5.69,3.45,14,15,35.71,13.33,12,17,25.0,23.53
P::score_trigger_le_0.9737+conf_void_score_le_1.0,pair,188,6.483,21,13,11.17,17.07,6.91,93,95,15.05,7.37,82,106,14.63,8.49
P::score_trigger_le_0.9737+conf_void_score_le_1.0::top1,pair+top1,29,1.0,7,1,24.14,5.69,3.45,14,15,35.71,13.33,12,17,25.0,23.53
P::score_trigger_ge_1.0+conf_void_score_ge_1.0,pair,326,11.241,38,35,11.66,30.89,10.74,151,175,13.25,10.29,158,168,14.56,8.93
P::score_trigger_ge_1.0+conf_void_score_ge_1.0::top1,pair+top1,29,1.0,13,0,44.83,10.57,0.0,14,15,50.0,40.0,16,13,43.75,46.15
P::score_trigger_ge_1.0+conf_void_score_le_1.0,pair,326,11.241,38,35,11.66,30.89,10.74,151,175,13.25,10.29,158,168,14.56,8.93
P::score_trigger_ge_1.0+conf_void_score_le_1.0::top1,pair+top1,29,1.0,13,0,44.83,10.57,0.0,14,15,50.0,40.0,16,13,43.75,46.15
P::score_trigger_ge_1.0+conf_void_score_ge_1.0,pair,326,11.241,38,35,11.66,30.89,10.74,151,175,13.25,10.29,158,168,14.56,8.93
P::score_trigger_ge_1.0+conf_void_score_ge_1.0::top1,pair+top1,29,1.0,13,0,44.83,10.57,0.0,14,15,50.0,40.0,16,13,43.75,46.15
P::score_trigger_ge_1.0+conf_void_score_le_1.0,pair,326,11.241,38,35,11.66,30.89,10.74,151,175,13.25,10.29,158,168,14.56,8.93
P::score_trigger_ge_1.0+conf_void_score_le_1.0::top1,pair+top1,29,1.0,13,0,44.83,10.57,0.0,14,15,50.0,40.0,16,13,43.75,46.15
P::score_trigger_ge_1.0+conf_void_score_ge_1.0,pair,326,11.241,38,35,11.66,30.89,10.74,151,175,13.25,10.29,158,168,14.56,8.93
P::score_trigger_ge_1.0+conf_void_score_ge_1.0::top1,pair+top1,29,1.0,13,0,44.83,10.57,0.0,14,15,50.0,40.0,16,13,43.75,46.15
P::score_trigger_ge_1.0+conf_void_score_le_1.0,pair,326,11.241,38,35,11.66,30.89,10.74,151,175,13.25,10.29,158,168,14.56,8.93
P::score_trigger_ge_1.0+conf_void_score_le_1.0::top1,pair+top1,29,1.0,13,0,44.83,10.57,0.0,14,15,50.0,40.0,16,13,43.75,46.15
P::score_trigger_le_1.0+conf_void_score_ge_1.0,pair,625,21.552,71,61,11.36,57.72,9.76,295,330,14.24,8.79,308,317,15.26,7.57
P::score_trigger_le_1.0+conf_void_score_ge_1.0::top1,pair+top1,29,1.0,11,1,37.93,8.94,3.45,14,15,42.86,33.33,16,13,37.5,38.46
P::score_trigger_le_1.0+conf_void_score_le_1.0,pair,625,21.552,71,61,11.36,57.72,9.76,295,330,14.24,8.79,308,317,15.26,7.57
P::score_trigger_le_1.0+conf_void_score_le_1.0::top1,pair+top1,29,1.0,11,1,37.93,8.94,3.45,14,15,42.86,33.33,16,13,37.5,38.46
P::score_trigger_le_1.0+conf_void_score_ge_1.0,pair,625,21.552,71,61,11.36,57.72,9.76,295,330,14.24,8.79,308,317,15.26,7.57
P::score_trigger_le_1.0+conf_void_score_ge_1.0::top1,pair+top1,29,1.0,11,1,37.93,8.94,3.45,14,15,42.86,33.33,16,13,37.5,38.46
P::score_trigger_le_1.0+conf_void_score_le_1.0,pair,625,21.552,71,61,11.36,57.72,9.76,295,330,14.24,8.79,308,317,15.26,7.57
P::score_trigger_le_1.0+conf_void_score_le_1.0::top1,pair+top1,29,1.0,11,1,37.93,8.94,3.45,14,15,42.86,33.33,16,13,37.5,38.46
P::score_trigger_le_1.0+conf_void_score_ge_1.0,pair,625,21.552,71,61,11.36,57.72,9.76,295,330,14.24,8.79,308,317,15.26,7.57
P::score_trigger_le_1.0+conf_void_score_ge_1.0::top1,pair+top1,29,1.0,11,1,37.93,8.94,3.45,14,15,42.86,33.33,16,13,37.5,38.46
P::score_trigger_le_1.0+conf_void_score_le_1.0,pair,625,21.552,71,61,11.36,57.72,9.76,295,330,14.24,8.79,308,317,15.26,7.57
P::score_trigger_le_1.0+conf_void_score_le_1.0::top1,pair+top1,29,1.0,11,1,37.93,8.94,3.45,14,15,42.86,33.33,16,13,37.5,38.46
P::score_trigger_ge_1.0+conf_void_score_ge_1.0,pair,326,11.241,38,35,11.66,30.89,10.74,151,175,13.25,10.29,158,168,14.56,8.93
P::score_trigger_ge_1.0+conf_void_score_ge_1.0::top1,pair+top1,29,1.0,13,0,44.83,10.57,0.0,14,15,50.0,40.0,16,13,43.75,46.15
P::score_trigger_ge_1.0+conf_void_score_le_1.0,pair,326,11.241,38,35,11.66,30.89,10.74,151,175,13.25,10.29,158,168,14.56,8.93
P::score_trigger_ge_1.0+conf_void_score_le_1.0::top1,pair+top1,29,1.0,13,0,44.83,10.57,0.0,14,15,50.0,40.0,16,13,43.75,46.15
P::score_trigger_ge_1.0+conf_void_score_ge_1.0,pair,326,11.241,38,35,11.66,30.89,10.74,151,175,13.25,10.29,158,168,14.56,8.93
P::score_trigger_ge_1.0+conf_void_score_ge_1.0::top1,pair+top1,29,1.0,13,0,44.83,10.57,0.0,14,15,50.0,40.0,16,13,43.75,46.15
P::score_trigger_ge_1.0+conf_void_score_le_1.0,pair,326,11.241,38,35,11.66,30.89,10.74,151,175,13.25,10.29,158,168,14.56,8.93
P::score_trigger_ge_1.0+conf_void_score_le_1.0::top1,pair+top1,29,1.0,13,0,44.83,10.57,0.0,14,15,50.0,40.0,16,13,43.75,46.15
P::score_trigger_ge_1.0+conf_void_score_ge_1.0,pair,326,11.241,38,35,11.66,30.89,10.74,151,175,13.25,10.29,158,168,14.56,8.93
P::score_trigger_ge_1.0+conf_void_score_ge_1.0::top1,pair+top1,29,1.0,13,0,44.83,10.57,0.0,14,15,50.0,40.0,16,13,43.75,46.15
P::score_trigger_ge_1.0+conf_void_score_le_1.0,pair,326,11.241,38,35,11.66,30.89,10.74,151,175,13.25,10.29,158,168,14.56,8.93
P::score_trigger_ge_1.0+conf_void_score_le_1.0::top1,pair+top1,29,1.0,13,0,44.83,10.57,0.0,14,15,50.0,40.0,16,13,43.75,46.15
P::score_trigger_le_1.0+conf_void_score_ge_1.0,pair,625,21.552,71,61,11.36,57.72,9.76,295,330,14.24,8.79,308,317,15.26,7.57
P::score_trigger_le_1.0+conf_void_score_ge_1.0::top1,pair+top1,29,1.0,11,1,37.93,8.94,3.45,14,15,42.86,33.33,16,13,37.5,38.46
P::score_trigger_le_1.0+conf_void_score_le_1.0,pair,625,21.552,71,61,11.36,57.72,9.76,295,330,14.24,8.79,308,317,15.26,7.57
P::score_trigger_le_1.0+conf_void_score_le_1.0::top1,pair+top1,29,1.0,11,1,37.93,8.94,3.45,14,15,42.86,33.33,16,13,37.5,38.46
P::score_trigger_le_1.0+conf_void_score_ge_1.0,pair,625,21.552,71,61,11.36,57.72,9.76,295,330,14.24,8.79,308,317,15.26,7.57
P::score_trigger_le_1.0+conf_void_score_ge_1.0::top1,pair+top1,29,1.0,11,1,37.93,8.94,3.45,14,15,42.86,33.33,16,13,37.5,38.46
P::score_trigger_le_1.0+conf_void_score_le_1.0,pair,625,21.552,71,61,11.36,57.72,9.76,295,330,14.24,8.79,308,317,15.26,7.57
P::score_trigger_le_1.0+conf_void_score_le_1.0::top1,pair+top1,29,1.0,11,1,37.93,8.94,3.45,14,15,42.86,33.33,16,13,37.5,38.46
P::score_trigger_le_1.0+conf_void_score_ge_1.0,pair,625,21.552,71,61,11.36,57.72,9.76,295,330,14.24,8.79,308,317,15.26,7.57
P::score_trigger_le_1.0+conf_void_score_ge_1.0::top1,pair+top1,29,1.0,11,1,37.93,8.94,3.45,14,15,42.86,33.33,16,13,37.5,38.46
P::score_trigger_le_1.0+conf_void_score_le_1.0,pair,625,21.552,71,61,11.36,57.72,9.76,295,330,14.24,8.79,308,317,15.26,7.57
P::score_trigger_le_1.0+conf_void_score_le_1.0::top1,pair+top1,29,1.0,11,1,37.93,8.94,3.45,14,15,42.86,33.33,16,13,37.5,38.46
P::score_trigger_ge_0.9737+score_ofi_ge_-0.1041,pair,317,10.931,42,40,13.25,34.15,12.62,152,165,15.79,10.91,204,113,16.18,7.96
P::score_trigger_ge_0.9737+score_ofi_ge_-0.1041::top1,pair+top1,29,1.0,10,1,34.48,8.13,3.45,14,15,35.71,33.33,18,11,33.33,36.36
P::score_trigger_ge_0.9737+score_ofi_le_-0.1041,pair,122,4.207,8,8,6.56,6.5,6.56,52,70,7.69,5.71,22,100,9.09,6.0
P::score_trigger_ge_0.9737+score_ofi_le_-0.1041::top1,pair+top1,29,1.0,2,4,6.9,1.63,13.79,14,15,7.14,6.67,6,23,0.0,8.7
P::score_trigger_ge_0.9737+score_ofi_ge_0.0069,pair,229,7.897,28,27,12.23,22.76,11.79,108,121,13.89,10.74,163,66,14.72,6.06
P::score_trigger_ge_0.9737+score_ofi_ge_0.0069::top1,pair+top1,29,1.0,9,0,31.03,7.32,0.0,14,15,28.57,33.33,19,10,36.84,20.0
P::score_trigger_ge_0.9737+score_ofi_le_0.0069,pair,210,7.241,22,21,10.48,17.89,10.0,95,115,13.68,7.83,63,147,17.46,7.48
P::score_trigger_ge_0.9737+score_ofi_le_0.0069::top1,pair+top1,29,1.0,5,1,17.24,4.07,3.45,14,15,28.57,6.67,10,19,20.0,15.79
P::score_trigger_ge_0.9737+score_ofi_ge_0.1195,pair,147,5.069,17,19,11.56,13.82,12.93,72,75,11.11,12.0,113,34,12.39,8.82
P::score_trigger_ge_0.9737+score_ofi_ge_0.1195::top1,pair+top1,29,1.0,8,1,27.59,6.5,3.45,14,15,28.57,26.67,23,6,30.43,16.67
P::score_trigger_ge_0.9737+score_ofi_le_0.1195,pair,291,10.034,33,29,11.34,26.83,9.97,131,160,15.27,8.12,113,178,18.58,6.74
P::score_trigger_ge_0.9737+score_ofi_le_0.1195::top1,pair+top1,29,1.0,7,1,24.14,5.69,3.45,14,15,28.57,20.0,11,18,27.27,22.22
P::score_trigger_le_0.9737+score_ofi_ge_-0.1041,pair,117,4.034,10,10,8.55,8.13,8.55,63,54,12.7,3.7,63,54,14.29,1.85
P::score_trigger_le_0.9737+score_ofi_ge_-0.1041::top1,pair+top1,29,1.0,4,2,13.79,3.25,6.9,14,15,21.43,6.67,14,15,21.43,6.67
P::score_trigger_le_0.9737+score_ofi_le_-0.1041,pair,71,2.448,11,3,15.49,8.94,4.23,30,41,20.0,12.2,19,52,15.79,15.38
P::score_trigger_le_0.9737+score_ofi_le_-0.1041::top1,pair+top1,23,0.793,7,0,30.43,5.69,0.0,10,13,30.0,30.77,8,15,25.0,33.33
P::score_trigger_le_0.9737+score_ofi_ge_0.0069,pair,83,2.862,9,9,10.84,7.32,10.84,45,38,15.56,5.26,54,29,14.81,3.45
P::score_trigger_le_0.9737+score_ofi_ge_0.0069::top1,pair+top1,26,0.897,4,3,15.38,3.25,11.54,12,14,25.0,7.14,16,10,18.75,10.0
P::score_trigger_le_0.9737+score_ofi_le_0.0069,pair,105,3.621,12,4,11.43,9.76,3.81,48,57,14.58,8.77,28,77,14.29,10.39
P::score_trigger_le_0.9737+score_ofi_le_0.0069::top1,pair+top1,28,0.966,6,0,21.43,4.88,0.0,13,15,23.08,20.0,10,18,20.0,22.22
P::score_trigger_le_0.9737+score_ofi_ge_0.1195,pair,48,1.655,4,5,8.33,3.25,10.42,25,23,12.0,4.35,33,15,9.09,6.67
P::score_trigger_le_0.9737+score_ofi_ge_0.1195::top1,pair+top1,24,0.828,3,1,12.5,2.44,4.17,11,13,18.18,7.69,17,7,11.76,14.29
P::score_trigger_le_0.9737+score_ofi_le_0.1195,pair,141,4.862,17,9,12.06,13.82,6.38,69,72,15.94,8.33,49,92,18.37,8.7
P::score_trigger_le_0.9737+score_ofi_le_0.1195::top1,pair+top1,29,1.0,8,1,27.59,6.5,3.45,14,15,35.71,20.0,11,18,36.36,22.22
P::score_trigger_ge_1.0+score_ofi_ge_-0.1041,pair,234,8.069,31,29,13.25,25.2,12.39,108,126,15.74,11.11,146,88,15.07,10.23
P::score_trigger_ge_1.0+score_ofi_ge_-0.1041::top1,pair+top1,29,1.0,12,1,41.38,9.76,3.45,14,15,50.0,33.33,19,10,42.11,40.0
P::score_trigger_ge_1.0+score_ofi_le_-0.1041,pair,93,3.207,7,6,7.53,5.69,6.45,44,49,6.82,8.16,12,81,8.33,7.41
P::score_trigger_ge_1.0+score_ofi_le_-0.1041::top1,pair+top1,28,0.966,2,3,7.14,1.63,10.71,14,14,7.14,7.14,3,25,0.0,8.0
P::score_trigger_ge_1.0+score_ofi_ge_0.0069,pair,160,5.517,18,21,11.25,14.63,13.12,72,88,12.5,10.23,112,48,12.5,8.33
P::score_trigger_ge_1.0+score_ofi_ge_0.0069::top1,pair+top1,29,1.0,8,1,27.59,6.5,3.45,14,15,21.43,33.33,21,8,28.57,25.0
P::score_trigger_ge_1.0+score_ofi_le_0.0069,pair,166,5.724,20,14,12.05,16.26,8.43,79,87,13.92,10.34,46,120,19.57,9.17
P::score_trigger_ge_1.0+score_ofi_le_0.0069::top1,pair+top1,29,1.0,6,1,20.69,4.88,3.45,14,15,35.71,6.67,7,22,28.57,18.18
P::score_trigger_ge_1.0+score_ofi_ge_0.1195,pair,105,3.621,12,16,11.43,9.76,15.24,46,59,8.7,13.56,80,25,11.25,12.0
P::score_trigger_ge_1.0+score_ofi_ge_0.1195::top1,pair+top1,29,1.0,6,2,20.69,4.88,6.9,14,15,14.29,26.67,24,5,20.83,20.0
P::score_trigger_ge_1.0+score_ofi_le_0.1195,pair,221,7.621,26,19,11.76,21.14,8.6,105,116,15.24,8.62,78,143,17.95,8.39
P::score_trigger_ge_1.0+score_ofi_le_0.1195::top1,pair+top1,29,1.0,8,1,27.59,6.5,3.45,14,15,42.86,13.33,9,20,33.33,25.0
P::score_trigger_le_1.0+score_ofi_ge_-0.1041,pair,434,14.966,52,50,11.98,42.28,11.52,215,219,14.88,9.13,267,167,15.73,5.99
P::score_trigger_le_1.0+score_ofi_ge_-0.1041::top1,pair+top1,29,1.0,10,1,34.48,8.13,3.45,14,15,35.71,33.33,18,11,33.33,36.36
P::score_trigger_le_1.0+score_ofi_le_-0.1041,pair,192,6.621,19,11,9.9,15.45,5.73,81,111,12.35,8.11,41,151,12.2,9.27
P::score_trigger_le_1.0+score_ofi_le_-0.1041::top1,pair+top1,29,1.0,4,3,13.79,3.25,10.34,14,15,21.43,6.67,8,21,12.5,14.29
P::score_trigger_le_1.0+score_ofi_ge_0.0069,pair,312,10.759,37,36,11.86,30.08,11.54,153,159,14.38,9.43,217,95,14.75,5.26
P::score_trigger_le_1.0+score_ofi_ge_0.0069::top1,pair+top1,29,1.0,8,2,27.59,6.5,6.9,14,15,21.43,33.33,16,13,31.25,23.08
P::score_trigger_le_1.0+score_ofi_le_0.0069,pair,314,10.828,34,25,10.83,27.64,7.96,142,172,14.08,8.14,91,223,16.48,8.52
P::score_trigger_le_1.0+score_ofi_le_0.0069::top1,pair+top1,29,1.0,6,1,20.69,4.88,3.45,14,15,35.71,6.67,11,18,27.27,16.67
P::score_trigger_le_1.0+score_ofi_ge_0.1195,pair,195,6.724,21,24,10.77,17.07,12.31,97,98,11.34,10.2,146,49,11.64,8.16
P::score_trigger_le_1.0+score_ofi_ge_0.1195::top1,pair+top1,29,1.0,8,1,27.59,6.5,3.45,14,15,21.43,33.33,22,7,27.27,28.57
P::score_trigger_le_1.0+score_ofi_le_0.1195,pair,431,14.862,50,38,11.6,40.65,8.82,199,232,15.58,8.19,162,269,18.52,7.43
P::score_trigger_le_1.0+score_ofi_le_0.1195::top1,pair+top1,29,1.0,8,1,27.59,6.5,3.45,14,15,35.71,20.0,12,17,33.33,23.53
P::score_trigger_ge_1.0+score_ofi_ge_-0.1041,pair,234,8.069,31,29,13.25,25.2,12.39,108,126,15.74,11.11,146,88,15.07,10.23
P::score_trigger_ge_1.0+score_ofi_ge_-0.1041::top1,pair+top1,29,1.0,12,1,41.38,9.76,3.45,14,15,50.0,33.33,19,10,42.11,40.0
P::score_trigger_ge_1.0+score_ofi_le_-0.1041,pair,93,3.207,7,6,7.53,5.69,6.45,44,49,6.82,8.16,12,81,8.33,7.41
P::score_trigger_ge_1.0+score_ofi_le_-0.1041::top1,pair+top1,28,0.966,2,3,7.14,1.63,10.71,14,14,7.14,7.14,3,25,0.0,8.0
P::score_trigger_ge_1.0+score_ofi_ge_0.0069,pair,160,5.517,18,21,11.25,14.63,13.12,72,88,12.5,10.23,112,48,12.5,8.33
P::score_trigger_ge_1.0+score_ofi_ge_0.0069::top1,pair+top1,29,1.0,8,1,27.59,6.5,3.45,14,15,21.43,33.33,21,8,28.57,25.0
P::score_trigger_ge_1.0+score_ofi_le_0.0069,pair,166,5.724,20,14,12.05,16.26,8.43,79,87,13.92,10.34,46,120,19.57,9.17
P::score_trigger_ge_1.0+score_ofi_le_0.0069::top1,pair+top1,29,1.0,6,1,20.69,4.88,3.45,14,15,35.71,6.67,7,22,28.57,18.18
P::score_trigger_ge_1.0+score_ofi_ge_0.1195,pair,105,3.621,12,16,11.43,9.76,15.24,46,59,8.7,13.56,80,25,11.25,12.0
P::score_trigger_ge_1.0+score_ofi_ge_0.1195::top1,pair+top1,29,1.0,6,2,20.69,4.88,6.9,14,15,14.29,26.67,24,5,20.83,20.0
P::score_trigger_ge_1.0+score_ofi_le_0.1195,pair,221,7.621,26,19,11.76,21.14,8.6,105,116,15.24,8.62,78,143,17.95,8.39
P::score_trigger_ge_1.0+score_ofi_le_0.1195::top1,pair+top1,29,1.0,8,1,27.59,6.5,3.45,14,15,42.86,13.33,9,20,33.33,25.0
P::score_trigger_le_1.0+score_ofi_ge_-0.1041,pair,434,14.966,52,50,11.98,42.28,11.52,215,219,14.88,9.13,267,167,15.73,5.99
P::score_trigger_le_1.0+score_ofi_ge_-0.1041::top1,pair+top1,29,1.0,10,1,34.48,8.13,3.45,14,15,35.71,33.33,18,11,33.33,36.36
P::score_trigger_le_1.0+score_ofi_le_-0.1041,pair,192,6.621,19,11,9.9,15.45,5.73,81,111,12.35,8.11,41,151,12.2,9.27
P::score_trigger_le_1.0+score_ofi_le_-0.1041::top1,pair+top1,29,1.0,4,3,13.79,3.25,10.34,14,15,21.43,6.67,8,21,12.5,14.29
P::score_trigger_le_1.0+score_ofi_ge_0.0069,pair,312,10.759,37,36,11.86,30.08,11.54,153,159,14.38,9.43,217,95,14.75,5.26
P::score_trigger_le_1.0+score_ofi_ge_0.0069::top1,pair+top1,29,1.0,8,2,27.59,6.5,6.9,14,15,21.43,33.33,16,13,31.25,23.08
P::score_trigger_le_1.0+score_ofi_le_0.0069,pair,314,10.828,34,25,10.83,27.64,7.96,142,172,14.08,8.14,91,223,16.48,8.52
P::score_trigger_le_1.0+score_ofi_le_0.0069::top1,pair+top1,29,1.0,6,1,20.69,4.88,3.45,14,15,35.71,6.67,11,18,27.27,16.67
P::score_trigger_le_1.0+score_ofi_ge_0.1195,pair,195,6.724,21,24,10.77,17.07,12.31,97,98,11.34,10.2,146,49,11.64,8.16
P::score_trigger_le_1.0+score_ofi_ge_0.1195::top1,pair+top1,29,1.0,8,1,27.59,6.5,3.45,14,15,21.43,33.33,22,7,27.27,28.57
P::score_trigger_le_1.0+score_ofi_le_0.1195,pair,431,14.862,50,38,11.6,40.65,8.82,199,232,15.58,8.19,162,269,18.52,7.43
P::score_trigger_le_1.0+score_ofi_le_0.1195::top1,pair+top1,29,1.0,8,1,27.59,6.5,3.45,14,15,35.71,20.0,12,17,33.33,23.53
P::score_trigger_ge_0.9737+score_liquidity_void_ge_1.0,pair,438,15.103,50,48,11.42,40.65,10.96,203,235,13.79,9.36,226,212,15.49,7.08
P::score_trigger_ge_0.9737+score_liquidity_void_ge_1.0::top1,pair+top1,29,1.0,10,1,34.48,8.13,3.45,14,15,35.71,33.33,15,14,33.33,35.71
P::score_trigger_ge_0.9737+score_liquidity_void_le_1.0,pair,438,15.103,50,48,11.42,40.65,10.96,203,235,13.79,9.36,226,212,15.49,7.08
P::score_trigger_ge_0.9737+score_liquidity_void_le_1.0::top1,pair+top1,29,1.0,10,1,34.48,8.13,3.45,14,15,35.71,33.33,15,14,33.33,35.71
P::score_trigger_ge_0.9737+score_liquidity_void_ge_1.0,pair,438,15.103,50,48,11.42,40.65,10.96,203,235,13.79,9.36,226,212,15.49,7.08
P::score_trigger_ge_0.9737+score_liquidity_void_ge_1.0::top1,pair+top1,29,1.0,10,1,34.48,8.13,3.45,14,15,35.71,33.33,15,14,33.33,35.71
P::score_trigger_ge_0.9737+score_liquidity_void_le_1.0,pair,438,15.103,50,48,11.42,40.65,10.96,203,235,13.79,9.36,226,212,15.49,7.08
P::score_trigger_ge_0.9737+score_liquidity_void_le_1.0::top1,pair+top1,29,1.0,10,1,34.48,8.13,3.45,14,15,35.71,33.33,15,14,33.33,35.71
P::score_trigger_ge_0.9737+score_liquidity_void_ge_1.0,pair,438,15.103,50,48,11.42,40.65,10.96,203,235,13.79,9.36,226,212,15.49,7.08
P::score_trigger_ge_0.9737+score_liquidity_void_ge_1.0::top1,pair+top1,29,1.0,10,1,34.48,8.13,3.45,14,15,35.71,33.33,15,14,33.33,35.71
P::score_trigger_ge_0.9737+score_liquidity_void_le_1.0,pair,438,15.103,50,48,11.42,40.65,10.96,203,235,13.79,9.36,226,212,15.49,7.08
P::score_trigger_ge_0.9737+score_liquidity_void_le_1.0::top1,pair+top1,29,1.0,10,1,34.48,8.13,3.45,14,15,35.71,33.33,15,14,33.33,35.71
P::score_trigger_le_0.9737+score_liquidity_void_ge_1.0,pair,188,6.483,21,13,11.17,17.07,6.91,93,95,15.05,7.37,82,106,14.63,8.49
P::score_trigger_le_0.9737+score_liquidity_void_ge_1.0::top1,pair+top1,29,1.0,7,1,24.14,5.69,3.45,14,15,35.71,13.33,12,17,25.0,23.53
P::score_trigger_le_0.9737+score_liquidity_void_le_1.0,pair,188,6.483,21,13,11.17,17.07,6.91,93,95,15.05,7.37,82,106,14.63,8.49
P::score_trigger_le_0.9737+score_liquidity_void_le_1.0::top1,pair+top1,29,1.0,7,1,24.14,5.69,3.45,14,15,35.71,13.33,12,17,25.0,23.53
P::score_trigger_le_0.9737+score_liquidity_void_ge_1.0,pair,188,6.483,21,13,11.17,17.07,6.91,93,95,15.05,7.37,82,106,14.63,8.49
P::score_trigger_le_0.9737+score_liquidity_void_ge_1.0::top1,pair+top1,29,1.0,7,1,24.14,5.69,3.45,14,15,35.71,13.33,12,17,25.0,23.53
P::score_trigger_le_0.9737+score_liquidity_void_le_1.0,pair,188,6.483,21,13,11.17,17.07,6.91,93,95,15.05,7.37,82,106,14.63,8.49
P::score_trigger_le_0.9737+score_liquidity_void_le_1.0::top1,pair+top1,29,1.0,7,1,24.14,5.69,3.45,14,15,35.71,13.33,12,17,25.0,23.53
P::score_trigger_le_0.9737+score_liquidity_void_ge_1.0,pair,188,6.483,21,13,11.17,17.07,6.91,93,95,15.05,7.37,82,106,14.63,8.49
P::score_trigger_le_0.9737+score_liquidity_void_ge_1.0::top1,pair+top1,29,1.0,7,1,24.14,5.69,3.45,14,15,35.71,13.33,12,17,25.0,23.53
P::score_trigger_le_0.9737+score_liquidity_void_le_1.0,pair,188,6.483,21,13,11.17,17.07,6.91,93,95,15.05,7.37,82,106,14.63,8.49
P::score_trigger_le_0.9737+score_liquidity_void_le_1.0::top1,pair+top1,29,1.0,7,1,24.14,5.69,3.45,14,15,35.71,13.33,12,17,25.0,23.53
P::score_trigger_ge_1.0+score_liquidity_void_ge_1.0,pair,326,11.241,38,35,11.66,30.89,10.74,151,175,13.25,10.29,158,168,14.56,8.93
P::score_trigger_ge_1.0+score_liquidity_void_ge_1.0::top1,pair+top1,29,1.0,13,0,44.83,10.57,0.0,14,15,50.0,40.0,16,13,43.75,46.15
P::score_trigger_ge_1.0+score_liquidity_void_le_1.0,pair,326,11.241,38,35,11.66,30.89,10.74,151,175,13.25,10.29,158,168,14.56,8.93
P::score_trigger_ge_1.0+score_liquidity_void_le_1.0::top1,pair+top1,29,1.0,13,0,44.83,10.57,0.0,14,15,50.0,40.0,16,13,43.75,46.15
P::score_trigger_ge_1.0+score_liquidity_void_ge_1.0,pair,326,11.241,38,35,11.66,30.89,10.74,151,175,13.25,10.29,158,168,14.56,8.93
P::score_trigger_ge_1.0+score_liquidity_void_ge_1.0::top1,pair+top1,29,1.0,13,0,44.83,10.57,0.0,14,15,50.0,40.0,16,13,43.75,46.15
P::score_trigger_ge_1.0+score_liquidity_void_le_1.0,pair,326,11.241,38,35,11.66,30.89,10.74,151,175,13.25,10.29,158,168,14.56,8.93
P::score_trigger_ge_1.0+score_liquidity_void_le_1.0::top1,pair+top1,29,1.0,13,0,44.83,10.57,0.0,14,15,50.0,40.0,16,13,43.75,46.15
P::score_trigger_ge_1.0+score_liquidity_void_ge_1.0,pair,326,11.241,38,35,11.66,30.89,10.74,151,175,13.25,10.29,158,168,14.56,8.93
P::score_trigger_ge_1.0+score_liquidity_void_ge_1.0::top1,pair+top1,29,1.0,13,0,44.83,10.57,0.0,14,15,50.0,40.0,16,13,43.75,46.15
P::score_trigger_ge_1.0+score_liquidity_void_le_1.0,pair,326,11.241,38,35,11.66,30.89,10.74,151,175,13.25,10.29,158,168,14.56,8.93
P::score_trigger_ge_1.0+score_liquidity_void_le_1.0::top1,pair+top1,29,1.0,13,0,44.83,10.57,0.0,14,15,50.0,40.0,16,13,43.75,46.15
P::score_trigger_le_1.0+score_liquidity_void_ge_1.0,pair,625,21.552,71,61,11.36,57.72,9.76,295,330,14.24,8.79,308,317,15.26,7.57
P::score_trigger_le_1.0+score_liquidity_void_ge_1.0::top1,pair+top1,29,1.0,11,1,37.93,8.94,3.45,14,15,42.86,33.33,16,13,37.5,38.46
P::score_trigger_le_1.0+score_liquidity_void_le_1.0,pair,625,21.552,71,61,11.36,57.72,9.76,295,330,14.24,8.79,308,317,15.26,7.57
P::score_trigger_le_1.0+score_liquidity_void_le_1.0::top1,pair+top1,29,1.0,11,1,37.93,8.94,3.45,14,15,42.86,33.33,16,13,37.5,38.46
P::score_trigger_le_1.0+score_liquidity_void_ge_1.0,pair,625,21.552,71,61,11.36,57.72,9.76,295,330,14.24,8.79,308,317,15.26,7.57
P::score_trigger_le_1.0+score_liquidity_void_ge_1.0::top1,pair+top1,29,1.0,11,1,37.93,8.94,3.45,14,15,42.86,33.33,16,13,37.5,38.46
P::score_trigger_le_1.0+score_liquidity_void_le_1.0,pair,625,21.552,71,61,11.36,57.72,9.76,295,330,14.24,8.79,308,317,15.26,7.57
P::score_trigger_le_1.0+score_liquidity_void_le_1.0::top1,pair+top1,29,1.0,11,1,37.93,8.94,3.45,14,15,42.86,33.33,16,13,37.5,38.46
P::score_trigger_le_1.0+score_liquidity_void_ge_1.0,pair,625,21.552,71,61,11.36,57.72,9.76,295,330,14.24,8.79,308,317,15.26,7.57
P::score_trigger_le_1.0+score_liquidity_void_ge_1.0::top1,pair+top1,29,1.0,11,1,37.93,8.94,3.45,14,15,42.86,33.33,16,13,37.5,38.46
P::score_trigger_le_1.0+score_liquidity_void_le_1.0,pair,625,21.552,71,61,11.36,57.72,9.76,295,330,14.24,8.79,308,317,15.26,7.57
P::score_trigger_le_1.0+score_liquidity_void_le_1.0::top1,pair+top1,29,1.0,11,1,37.93,8.94,3.45,14,15,42.86,33.33,16,13,37.5,38.46
P::score_trigger_ge_1.0+score_liquidity_void_ge_1.0,pair,326,11.241,38,35,11.66,30.89,10.74,151,175,13.25,10.29,158,168,14.56,8.93
P::score_trigger_ge_1.0+score_liquidity_void_ge_1.0::top1,pair+top1,29,1.0,13,0,44.83,10.57,0.0,14,15,50.0,40.0,16,13,43.75,46.15
P::score_trigger_ge_1.0+score_liquidity_void_le_1.0,pair,326,11.241,38,35,11.66,30.89,10.74,151,175,13.25,10.29,158,168,14.56,8.93
P::score_trigger_ge_1.0+score_liquidity_void_le_1.0::top1,pair+top1,29,1.0,13,0,44.83,10.57,0.0,14,15,50.0,40.0,16,13,43.75,46.15
P::score_trigger_ge_1.0+score_liquidity_void_ge_1.0,pair,326,11.241,38,35,11.66,30.89,10.74,151,175,13.25,10.29,158,168,14.56,8.93
P::score_trigger_ge_1.0+score_liquidity_void_ge_1.0::top1,pair+top1,29,1.0,13,0,44.83,10.57,0.0,14,15,50.0,40.0,16,13,43.75,46.15
P::score_trigger_ge_1.0+score_liquidity_void_le_1.0,pair,326,11.241,38,35,11.66,30.89,10.74,151,175,13.25,10.29,158,168,14.56,8.93
P::score_trigger_ge_1.0+score_liquidity_void_le_1.0::top1,pair+top1,29,1.0,13,0,44.83,10.57,0.0,14,15,50.0,40.0,16,13,43.75,46.15
P::score_trigger_ge_1.0+score_liquidity_void_ge_1.0,pair,326,11.241,38,35,11.66,30.89,10.74,151,175,13.25,10.29,158,168,14.56,8.93
P::score_trigger_ge_1.0+score_liquidity_void_ge_1.0::top1,pair+top1,29,1.0,13,0,44.83,10.57,0.0,14,15,50.0,40.0,16,13,43.75,46.15
P::score_trigger_ge_1.0+score_liquidity_void_le_1.0,pair,326,11.241,38,35,11.66,30.89,10.74,151,175,13.25,10.29,158,168,14.56,8.93
P::score_trigger_ge_1.0+score_liquidity_void_le_1.0::top1,pair+top1,29,1.0,13,0,44.83,10.57,0.0,14,15,50.0,40.0,16,13,43.75,46.15
P::score_trigger_le_1.0+score_liquidity_void_ge_1.0,pair,625,21.552,71,61,11.36,57.72,9.76,295,330,14.24,8.79,308,317,15.26,7.57
P::score_trigger_le_1.0+score_liquidity_void_ge_1.0::top1,pair+top1,29,1.0,11,1,37.93,8.94,3.45,14,15,42.86,33.33,16,13,37.5,38.46
P::score_trigger_le_1.0+score_liquidity_void_le_1.0,pair,625,21.552,71,61,11.36,57.72,9.76,295,330,14.24,8.79,308,317,15.26,7.57
P::score_trigger_le_1.0+score_liquidity_void_le_1.0::top1,pair+top1,29,1.0,11,1,37.93,8.94,3.45,14,15,42.86,33.33,16,13,37.5,38.46
P::score_trigger_le_1.0+score_liquidity_void_ge_1.0,pair,625,21.552,71,61,11.36,57.72,9.76,295,330,14.24,8.79,308,317,15.26,7.57
P::score_trigger_le_1.0+score_liquidity_void_ge_1.0::top1,pair+top1,29,1.0,11,1,37.93,8.94,3.45,14,15,42.86,33.33,16,13,37.5,38.46
P::score_trigger_le_1.0+score_liquidity_void_le_1.0,pair,625,21.552,71,61,11.36,57.72,9.76,295,330,14.24,8.79,308,317,15.26,7.57
P::score_trigger_le_1.0+score_liquidity_void_le_1.0::top1,pair+top1,29,1.0,11,1,37.93,8.94,3.45,14,15,42.86,33.33,16,13,37.5,38.46
P::score_trigger_le_1.0+score_liquidity_void_ge_1.0,pair,625,21.552,71,61,11.36,57.72,9.76,295,330,14.24,8.79,308,317,15.26,7.57
P::score_trigger_le_1.0+score_liquidity_void_ge_1.0::top1,pair+top1,29,1.0,11,1,37.93,8.94,3.45,14,15,42.86,33.33,16,13,37.5,38.46
P::score_trigger_le_1.0+score_liquidity_void_le_1.0,pair,625,21.552,71,61,11.36,57.72,9.76,295,330,14.24,8.79,308,317,15.26,7.57
P::score_trigger_le_1.0+score_liquidity_void_le_1.0::top1,pair+top1,29,1.0,11,1,37.93,8.94,3.45,14,15,42.86,33.33,16,13,37.5,38.46
P::pct_correct_move_already_done_ge_0.0+is_during_correct_move_TRUE,pair,235,8.103,2,21,0.85,1.63,8.94,141,94,1.42,0.0,105,130,0.0,1.54
P::pct_correct_move_already_done_ge_0.0+is_during_correct_move_TRUE::top1,pair+top1,20,0.69,0,1,0.0,0.0,5.0,10,10,0.0,0.0,7,13,0.0,0.0
P::pct_correct_move_already_done_ge_0.0+is_during_correct_move_FALSE,pair,808,27.862,121,118,14.98,98.37,14.6,365,443,17.81,12.64,403,405,15.63,14.32
P::pct_correct_move_already_done_ge_0.0+is_during_correct_move_FALSE::top1,pair+top1,29,1.0,13,1,44.83,10.57,3.45,14,15,42.86,46.67,17,12,47.06,41.67
P::pct_correct_move_already_done_le_0.0+is_during_correct_move_FALSE,pair,808,27.862,121,118,14.98,98.37,14.6,365,443,17.81,12.64,403,405,15.63,14.32
P::pct_correct_move_already_done_le_0.0+is_during_correct_move_FALSE::top1,pair+top1,29,1.0,13,1,44.83,10.57,3.45,14,15,42.86,46.67,17,12,47.06,41.67
P::pct_correct_move_already_done_ge_0.0+is_during_correct_move_TRUE,pair,235,8.103,2,21,0.85,1.63,8.94,141,94,1.42,0.0,105,130,0.0,1.54
P::pct_correct_move_already_done_ge_0.0+is_during_correct_move_TRUE::top1,pair+top1,20,0.69,0,1,0.0,0.0,5.0,10,10,0.0,0.0,7,13,0.0,0.0
P::pct_correct_move_already_done_ge_0.0+is_during_correct_move_FALSE,pair,808,27.862,121,118,14.98,98.37,14.6,365,443,17.81,12.64,403,405,15.63,14.32
P::pct_correct_move_already_done_ge_0.0+is_during_correct_move_FALSE::top1,pair+top1,29,1.0,13,1,44.83,10.57,3.45,14,15,42.86,46.67,17,12,47.06,41.67
P::pct_correct_move_already_done_le_0.0+is_during_correct_move_FALSE,pair,808,27.862,121,118,14.98,98.37,14.6,365,443,17.81,12.64,403,405,15.63,14.32
P::pct_correct_move_already_done_le_0.0+is_during_correct_move_FALSE::top1,pair+top1,29,1.0,13,1,44.83,10.57,3.45,14,15,42.86,46.67,17,12,47.06,41.67
P::pct_correct_move_already_done_ge_0.0+is_during_correct_move_TRUE,pair,235,8.103,2,21,0.85,1.63,8.94,141,94,1.42,0.0,105,130,0.0,1.54
P::pct_correct_move_already_done_ge_0.0+is_during_correct_move_TRUE::top1,pair+top1,20,0.69,0,1,0.0,0.0,5.0,10,10,0.0,0.0,7,13,0.0,0.0
P::pct_correct_move_already_done_ge_0.0+is_during_correct_move_FALSE,pair,808,27.862,121,118,14.98,98.37,14.6,365,443,17.81,12.64,403,405,15.63,14.32
P::pct_correct_move_already_done_ge_0.0+is_during_correct_move_FALSE::top1,pair+top1,29,1.0,13,1,44.83,10.57,3.45,14,15,42.86,46.67,17,12,47.06,41.67
P::pct_correct_move_already_done_le_0.0+is_during_correct_move_FALSE,pair,808,27.862,121,118,14.98,98.37,14.6,365,443,17.81,12.64,403,405,15.63,14.32
P::pct_correct_move_already_done_le_0.0+is_during_correct_move_FALSE::top1,pair+top1,29,1.0,13,1,44.83,10.57,3.45,14,15,42.86,46.67,17,12,47.06,41.67
P::pct_correct_move_already_done_ge_0.0+conf_cycles_seen_ge_20.0,pair,732,25.241,89,87,12.16,72.36,11.89,355,377,13.24,11.14,364,368,12.64,11.68
P::pct_correct_move_already_done_ge_0.0+conf_cycles_seen_ge_20.0::top1,pair+top1,29,1.0,9,0,31.03,7.32,0.0,14,15,28.57,33.33,14,15,28.57,33.33
P::pct_correct_move_already_done_ge_0.0+conf_cycles_seen_le_20.0,pair,332,11.448,35,55,10.54,28.46,16.57,161,171,13.04,8.19,153,179,11.76,9.5
P::pct_correct_move_already_done_ge_0.0+conf_cycles_seen_le_20.0::top1,pair+top1,29,1.0,5,3,17.24,4.07,10.34,14,15,28.57,6.67,16,13,18.75,15.38
P::pct_correct_move_already_done_ge_0.0+conf_cycles_seen_ge_39.0,pair,523,18.034,64,63,12.24,52.03,12.05,250,273,14.0,10.62,260,263,11.54,12.93
P::pct_correct_move_already_done_ge_0.0+conf_cycles_seen_ge_39.0::top1,pair+top1,29,1.0,5,1,17.24,4.07,3.45,14,15,14.29,20.0,13,16,23.08,12.5
P::pct_correct_move_already_done_ge_0.0+conf_cycles_seen_le_39.0,pair,524,18.069,59,77,11.26,47.97,14.69,258,266,12.4,10.15,252,272,13.1,9.56
P::pct_correct_move_already_done_ge_0.0+conf_cycles_seen_le_39.0::top1,pair+top1,29,1.0,10,2,34.48,8.13,6.9,14,15,35.71,33.33,16,13,43.75,23.08
P::pct_correct_move_already_done_ge_0.0+conf_cycles_seen_ge_73.0,pair,315,10.862,37,28,11.75,30.08,8.89,156,159,12.18,11.32,149,166,14.09,9.64
P::pct_correct_move_already_done_ge_0.0+conf_cycles_seen_ge_73.0::top1,pair+top1,29,1.0,4,0,13.79,3.25,0.0,14,15,7.14,20.0,17,12,17.65,8.33
P::pct_correct_move_already_done_ge_0.0+conf_cycles_seen_le_73.0,pair,733,25.276,86,111,11.73,69.92,15.14,352,381,13.64,9.97,362,371,11.6,11.86
P::pct_correct_move_already_done_ge_0.0+conf_cycles_seen_le_73.0::top1,pair+top1,29,1.0,12,1,41.38,9.76,3.45,14,15,42.86,40.0,18,11,38.89,45.45
P::pct_correct_move_already_done_le_0.0+conf_cycles_seen_ge_20.0,pair,567,19.552,87,69,15.34,70.73,12.17,254,313,17.72,13.42,286,281,16.08,14.59
P::pct_correct_move_already_done_le_0.0+conf_cycles_seen_ge_20.0::top1,pair+top1,29,1.0,13,0,44.83,10.57,0.0,14,15,42.86,46.67,15,14,46.67,42.86
P::pct_correct_move_already_done_le_0.0+conf_cycles_seen_le_20.0,pair,256,8.828,35,51,13.67,28.46,19.92,116,140,18.1,10.0,123,133,14.63,12.78
P::pct_correct_move_already_done_le_0.0+conf_cycles_seen_le_20.0::top1,pair+top1,29,1.0,6,3,20.69,4.88,10.34,14,15,35.71,6.67,16,13,25.0,15.38
P::pct_correct_move_already_done_le_0.0+conf_cycles_seen_ge_39.0,pair,409,14.103,62,50,15.16,50.41,12.22,182,227,18.13,12.78,203,206,14.78,15.53
P::pct_correct_move_already_done_le_0.0+conf_cycles_seen_ge_39.0::top1,pair+top1,29,1.0,9,1,31.03,7.32,3.45,14,15,28.57,33.33,14,15,35.71,26.67
P::pct_correct_move_already_done_le_0.0+conf_cycles_seen_le_39.0,pair,403,13.897,59,69,14.64,47.97,17.12,185,218,17.3,12.39,204,199,16.18,13.07
P::pct_correct_move_already_done_le_0.0+conf_cycles_seen_le_39.0::top1,pair+top1,29,1.0,11,2,37.93,8.94,6.9,14,15,42.86,33.33,17,12,47.06,25.0
P::pct_correct_move_already_done_le_0.0+conf_cycles_seen_ge_73.0,pair,242,8.345,36,21,14.88,29.27,8.68,108,134,16.67,13.43,113,129,18.58,11.63
P::pct_correct_move_already_done_le_0.0+conf_cycles_seen_ge_73.0::top1,pair+top1,29,1.0,7,2,24.14,5.69,6.9,14,15,14.29,33.33,15,14,26.67,21.43
P::pct_correct_move_already_done_le_0.0+conf_cycles_seen_le_73.0,pair,570,19.655,85,97,14.91,69.11,17.02,259,311,18.15,12.22,293,277,14.33,15.52
P::pct_correct_move_already_done_le_0.0+conf_cycles_seen_le_73.0::top1,pair+top1,29,1.0,12,1,41.38,9.76,3.45,14,15,42.86,40.0,17,12,41.18,41.67
P::pct_correct_move_already_done_ge_0.0+conf_cycles_seen_ge_20.0,pair,732,25.241,89,87,12.16,72.36,11.89,355,377,13.24,11.14,364,368,12.64,11.68
P::pct_correct_move_already_done_ge_0.0+conf_cycles_seen_ge_20.0::top1,pair+top1,29,1.0,9,0,31.03,7.32,0.0,14,15,28.57,33.33,14,15,28.57,33.33
P::pct_correct_move_already_done_ge_0.0+conf_cycles_seen_le_20.0,pair,332,11.448,35,55,10.54,28.46,16.57,161,171,13.04,8.19,153,179,11.76,9.5
P::pct_correct_move_already_done_ge_0.0+conf_cycles_seen_le_20.0::top1,pair+top1,29,1.0,5,3,17.24,4.07,10.34,14,15,28.57,6.67,16,13,18.75,15.38
P::pct_correct_move_already_done_ge_0.0+conf_cycles_seen_ge_39.0,pair,523,18.034,64,63,12.24,52.03,12.05,250,273,14.0,10.62,260,263,11.54,12.93
P::pct_correct_move_already_done_ge_0.0+conf_cycles_seen_ge_39.0::top1,pair+top1,29,1.0,5,1,17.24,4.07,3.45,14,15,14.29,20.0,13,16,23.08,12.5
P::pct_correct_move_already_done_ge_0.0+conf_cycles_seen_le_39.0,pair,524,18.069,59,77,11.26,47.97,14.69,258,266,12.4,10.15,252,272,13.1,9.56
P::pct_correct_move_already_done_ge_0.0+conf_cycles_seen_le_39.0::top1,pair+top1,29,1.0,10,2,34.48,8.13,6.9,14,15,35.71,33.33,16,13,43.75,23.08
P::pct_correct_move_already_done_ge_0.0+conf_cycles_seen_ge_73.0,pair,315,10.862,37,28,11.75,30.08,8.89,156,159,12.18,11.32,149,166,14.09,9.64
P::pct_correct_move_already_done_ge_0.0+conf_cycles_seen_ge_73.0::top1,pair+top1,29,1.0,4,0,13.79,3.25,0.0,14,15,7.14,20.0,17,12,17.65,8.33
P::pct_correct_move_already_done_ge_0.0+conf_cycles_seen_le_73.0,pair,733,25.276,86,111,11.73,69.92,15.14,352,381,13.64,9.97,362,371,11.6,11.86
P::pct_correct_move_already_done_ge_0.0+conf_cycles_seen_le_73.0::top1,pair+top1,29,1.0,12,1,41.38,9.76,3.45,14,15,42.86,40.0,18,11,38.89,45.45
P::pct_correct_move_already_done_le_0.0+conf_cycles_seen_ge_20.0,pair,567,19.552,87,69,15.34,70.73,12.17,254,313,17.72,13.42,286,281,16.08,14.59
P::pct_correct_move_already_done_le_0.0+conf_cycles_seen_ge_20.0::top1,pair+top1,29,1.0,13,0,44.83,10.57,0.0,14,15,42.86,46.67,15,14,46.67,42.86
P::pct_correct_move_already_done_le_0.0+conf_cycles_seen_le_20.0,pair,256,8.828,35,51,13.67,28.46,19.92,116,140,18.1,10.0,123,133,14.63,12.78
P::pct_correct_move_already_done_le_0.0+conf_cycles_seen_le_20.0::top1,pair+top1,29,1.0,6,3,20.69,4.88,10.34,14,15,35.71,6.67,16,13,25.0,15.38
P::pct_correct_move_already_done_le_0.0+conf_cycles_seen_ge_39.0,pair,409,14.103,62,50,15.16,50.41,12.22,182,227,18.13,12.78,203,206,14.78,15.53
P::pct_correct_move_already_done_le_0.0+conf_cycles_seen_ge_39.0::top1,pair+top1,29,1.0,9,1,31.03,7.32,3.45,14,15,28.57,33.33,14,15,35.71,26.67
P::pct_correct_move_already_done_le_0.0+conf_cycles_seen_le_39.0,pair,403,13.897,59,69,14.64,47.97,17.12,185,218,17.3,12.39,204,199,16.18,13.07
P::pct_correct_move_already_done_le_0.0+conf_cycles_seen_le_39.0::top1,pair+top1,29,1.0,11,2,37.93,8.94,6.9,14,15,42.86,33.33,17,12,47.06,25.0
P::pct_correct_move_already_done_le_0.0+conf_cycles_seen_ge_73.0,pair,242,8.345,36,21,14.88,29.27,8.68,108,134,16.67,13.43,113,129,18.58,11.63
P::pct_correct_move_already_done_le_0.0+conf_cycles_seen_ge_73.0::top1,pair+top1,29,1.0,7,2,24.14,5.69,6.9,14,15,14.29,33.33,15,14,26.67,21.43
P::pct_correct_move_already_done_le_0.0+conf_cycles_seen_le_73.0,pair,570,19.655,85,97,14.91,69.11,17.02,259,311,18.15,12.22,293,277,14.33,15.52
P::pct_correct_move_already_done_le_0.0+conf_cycles_seen_le_73.0::top1,pair+top1,29,1.0,12,1,41.38,9.76,3.45,14,15,42.86,40.0,17,12,41.18,41.67
P::pct_correct_move_already_done_ge_0.0+conf_cycles_seen_ge_20.0,pair,732,25.241,89,87,12.16,72.36,11.89,355,377,13.24,11.14,364,368,12.64,11.68
P::pct_correct_move_already_done_ge_0.0+conf_cycles_seen_ge_20.0::top1,pair+top1,29,1.0,9,0,31.03,7.32,0.0,14,15,28.57,33.33,14,15,28.57,33.33
P::pct_correct_move_already_done_ge_0.0+conf_cycles_seen_le_20.0,pair,332,11.448,35,55,10.54,28.46,16.57,161,171,13.04,8.19,153,179,11.76,9.5
P::pct_correct_move_already_done_ge_0.0+conf_cycles_seen_le_20.0::top1,pair+top1,29,1.0,5,3,17.24,4.07,10.34,14,15,28.57,6.67,16,13,18.75,15.38
P::pct_correct_move_already_done_ge_0.0+conf_cycles_seen_ge_39.0,pair,523,18.034,64,63,12.24,52.03,12.05,250,273,14.0,10.62,260,263,11.54,12.93
P::pct_correct_move_already_done_ge_0.0+conf_cycles_seen_ge_39.0::top1,pair+top1,29,1.0,5,1,17.24,4.07,3.45,14,15,14.29,20.0,13,16,23.08,12.5
P::pct_correct_move_already_done_ge_0.0+conf_cycles_seen_le_39.0,pair,524,18.069,59,77,11.26,47.97,14.69,258,266,12.4,10.15,252,272,13.1,9.56
P::pct_correct_move_already_done_ge_0.0+conf_cycles_seen_le_39.0::top1,pair+top1,29,1.0,10,2,34.48,8.13,6.9,14,15,35.71,33.33,16,13,43.75,23.08
P::pct_correct_move_already_done_ge_0.0+conf_cycles_seen_ge_73.0,pair,315,10.862,37,28,11.75,30.08,8.89,156,159,12.18,11.32,149,166,14.09,9.64
P::pct_correct_move_already_done_ge_0.0+conf_cycles_seen_ge_73.0::top1,pair+top1,29,1.0,4,0,13.79,3.25,0.0,14,15,7.14,20.0,17,12,17.65,8.33
P::pct_correct_move_already_done_ge_0.0+conf_cycles_seen_le_73.0,pair,733,25.276,86,111,11.73,69.92,15.14,352,381,13.64,9.97,362,371,11.6,11.86
P::pct_correct_move_already_done_ge_0.0+conf_cycles_seen_le_73.0::top1,pair+top1,29,1.0,12,1,41.38,9.76,3.45,14,15,42.86,40.0,18,11,38.89,45.45
P::pct_correct_move_already_done_le_0.0+conf_cycles_seen_ge_20.0,pair,567,19.552,87,69,15.34,70.73,12.17,254,313,17.72,13.42,286,281,16.08,14.59
P::pct_correct_move_already_done_le_0.0+conf_cycles_seen_ge_20.0::top1,pair+top1,29,1.0,13,0,44.83,10.57,0.0,14,15,42.86,46.67,15,14,46.67,42.86
P::pct_correct_move_already_done_le_0.0+conf_cycles_seen_le_20.0,pair,256,8.828,35,51,13.67,28.46,19.92,116,140,18.1,10.0,123,133,14.63,12.78
P::pct_correct_move_already_done_le_0.0+conf_cycles_seen_le_20.0::top1,pair+top1,29,1.0,6,3,20.69,4.88,10.34,14,15,35.71,6.67,16,13,25.0,15.38
P::pct_correct_move_already_done_le_0.0+conf_cycles_seen_ge_39.0,pair,409,14.103,62,50,15.16,50.41,12.22,182,227,18.13,12.78,203,206,14.78,15.53
P::pct_correct_move_already_done_le_0.0+conf_cycles_seen_ge_39.0::top1,pair+top1,29,1.0,9,1,31.03,7.32,3.45,14,15,28.57,33.33,14,15,35.71,26.67
P::pct_correct_move_already_done_le_0.0+conf_cycles_seen_le_39.0,pair,403,13.897,59,69,14.64,47.97,17.12,185,218,17.3,12.39,204,199,16.18,13.07
P::pct_correct_move_already_done_le_0.0+conf_cycles_seen_le_39.0::top1,pair+top1,29,1.0,11,2,37.93,8.94,6.9,14,15,42.86,33.33,17,12,47.06,25.0
P::pct_correct_move_already_done_le_0.0+conf_cycles_seen_ge_73.0,pair,242,8.345,36,21,14.88,29.27,8.68,108,134,16.67,13.43,113,129,18.58,11.63
P::pct_correct_move_already_done_le_0.0+conf_cycles_seen_ge_73.0::top1,pair+top1,29,1.0,7,2,24.14,5.69,6.9,14,15,14.29,33.33,15,14,26.67,21.43
P::pct_correct_move_already_done_le_0.0+conf_cycles_seen_le_73.0,pair,570,19.655,85,97,14.91,69.11,17.02,259,311,18.15,12.22,293,277,14.33,15.52
P::pct_correct_move_already_done_le_0.0+conf_cycles_seen_le_73.0::top1,pair+top1,29,1.0,12,1,41.38,9.76,3.45,14,15,42.86,40.0,17,12,41.18,41.67
P::pct_correct_move_already_done_ge_0.0+utc_hour_ge_4.0,pair,731,25.207,60,89,8.21,48.78,12.18,354,377,11.02,5.57,354,377,9.04,7.43
P::pct_correct_move_already_done_ge_0.0+utc_hour_ge_4.0::top1,pair+top1,29,1.0,3,0,10.34,2.44,0.0,14,15,14.29,6.67,13,16,15.38,6.25
P::pct_correct_move_already_done_ge_0.0+utc_hour_le_4.0,pair,358,12.345,69,59,19.27,56.1,16.48,176,182,16.48,21.98,178,180,18.54,20.0
P::pct_correct_move_already_done_ge_0.0+utc_hour_le_4.0::top1,pair+top1,29,1.0,11,3,37.93,8.94,10.34,14,15,42.86,33.33,15,14,40.0,35.71
P::pct_correct_move_already_done_ge_0.0+utc_hour_ge_8.0,pair,564,19.448,37,63,6.56,30.08,11.17,265,299,11.7,2.01,282,282,6.74,6.38
P::pct_correct_move_already_done_ge_0.0+utc_hour_ge_8.0::top1,pair+top1,29,1.0,1,0,3.45,0.81,0.0,14,15,7.14,0.0,16,13,6.25,0.0
P::pct_correct_move_already_done_ge_0.0+utc_hour_le_8.0,pair,528,18.207,94,88,17.8,76.42,16.67,262,266,16.03,19.55,251,277,19.52,16.25
P::pct_correct_move_already_done_ge_0.0+utc_hour_le_8.0::top1,pair+top1,29,1.0,12,1,41.38,9.76,3.45,14,15,42.86,40.0,15,14,46.67,35.71
P::pct_correct_move_already_done_ge_0.0+utc_hour_ge_14.0,pair,322,11.103,1,19,0.31,0.81,5.9,143,179,0.7,0.0,150,172,0.0,0.58
P::pct_correct_move_already_done_ge_0.0+utc_hour_ge_14.0::top1,pair+top1,28,0.966,0,0,0.0,0.0,0.0,13,15,0.0,0.0,14,14,0.0,0.0
P::pct_correct_move_already_done_ge_0.0+utc_hour_le_14.0,pair,780,26.897,122,129,15.64,99.19,16.54,388,392,17.01,14.29,384,396,16.41,14.9
P::pct_correct_move_already_done_ge_0.0+utc_hour_le_14.0::top1,pair+top1,29,1.0,11,1,37.93,8.94,3.45,14,15,42.86,33.33,16,13,37.5,38.46
P::pct_correct_move_already_done_le_0.0+utc_hour_ge_4.0,pair,538,18.552,58,72,10.78,47.15,13.38,243,295,15.23,7.12,264,274,12.12,9.49
P::pct_correct_move_already_done_le_0.0+utc_hour_ge_4.0::top1,pair+top1,29,1.0,4,0,13.79,3.25,0.0,14,15,14.29,13.33,15,14,20.0,7.14
P::pct_correct_move_already_done_le_0.0+utc_hour_le_4.0,pair,306,10.552,69,55,22.55,56.1,17.97,141,165,20.57,24.24,157,149,21.02,24.16
P::pct_correct_move_already_done_le_0.0+utc_hour_le_4.0::top1,pair+top1,29,1.0,12,3,41.38,9.76,10.34,14,15,42.86,40.0,15,14,46.67,35.71
P::pct_correct_move_already_done_le_0.0+utc_hour_ge_8.0,pair,428,14.759,35,50,8.18,28.46,11.68,187,241,15.51,2.49,210,218,9.05,7.34
P::pct_correct_move_already_done_le_0.0+utc_hour_ge_8.0::top1,pair+top1,29,1.0,1,0,3.45,0.81,0.0,14,15,7.14,0.0,16,13,6.25,0.0
P::pct_correct_move_already_done_le_0.0+utc_hour_le_8.0,pair,414,14.276,94,77,22.71,76.42,18.6,192,222,21.88,23.42,209,205,23.44,21.95
P::pct_correct_move_already_done_le_0.0+utc_hour_le_8.0::top1,pair+top1,29,1.0,13,2,44.83,10.57,6.9,14,15,42.86,46.67,15,14,53.33,35.71
P::pct_correct_move_already_done_le_0.0+utc_hour_ge_14.0,pair,277,9.552,1,18,0.36,0.81,6.5,115,162,0.87,0.0,130,147,0.0,0.68
P::pct_correct_move_already_done_le_0.0+utc_hour_ge_14.0::top1,pair+top1,28,0.966,0,0,0.0,0.0,0.0,13,15,0.0,0.0,13,15,0.0,0.0
P::pct_correct_move_already_done_le_0.0+utc_hour_le_14.0,pair,575,19.828,120,108,20.87,97.56,18.78,267,308,23.97,18.18,295,280,21.36,20.36
P::pct_correct_move_already_done_le_0.0+utc_hour_le_14.0::top1,pair+top1,29,1.0,13,2,44.83,10.57,6.9,14,15,42.86,46.67,16,13,50.0,38.46
P::pct_correct_move_already_done_ge_0.0+utc_hour_ge_4.0,pair,731,25.207,60,89,8.21,48.78,12.18,354,377,11.02,5.57,354,377,9.04,7.43
P::pct_correct_move_already_done_ge_0.0+utc_hour_ge_4.0::top1,pair+top1,29,1.0,3,0,10.34,2.44,0.0,14,15,14.29,6.67,13,16,15.38,6.25
P::pct_correct_move_already_done_ge_0.0+utc_hour_le_4.0,pair,358,12.345,69,59,19.27,56.1,16.48,176,182,16.48,21.98,178,180,18.54,20.0
P::pct_correct_move_already_done_ge_0.0+utc_hour_le_4.0::top1,pair+top1,29,1.0,11,3,37.93,8.94,10.34,14,15,42.86,33.33,15,14,40.0,35.71
P::pct_correct_move_already_done_ge_0.0+utc_hour_ge_8.0,pair,564,19.448,37,63,6.56,30.08,11.17,265,299,11.7,2.01,282,282,6.74,6.38
P::pct_correct_move_already_done_ge_0.0+utc_hour_ge_8.0::top1,pair+top1,29,1.0,1,0,3.45,0.81,0.0,14,15,7.14,0.0,16,13,6.25,0.0
P::pct_correct_move_already_done_ge_0.0+utc_hour_le_8.0,pair,528,18.207,94,88,17.8,76.42,16.67,262,266,16.03,19.55,251,277,19.52,16.25
P::pct_correct_move_already_done_ge_0.0+utc_hour_le_8.0::top1,pair+top1,29,1.0,12,1,41.38,9.76,3.45,14,15,42.86,40.0,15,14,46.67,35.71
P::pct_correct_move_already_done_ge_0.0+utc_hour_ge_14.0,pair,322,11.103,1,19,0.31,0.81,5.9,143,179,0.7,0.0,150,172,0.0,0.58
P::pct_correct_move_already_done_ge_0.0+utc_hour_ge_14.0::top1,pair+top1,28,0.966,0,0,0.0,0.0,0.0,13,15,0.0,0.0,14,14,0.0,0.0
P::pct_correct_move_already_done_ge_0.0+utc_hour_le_14.0,pair,780,26.897,122,129,15.64,99.19,16.54,388,392,17.01,14.29,384,396,16.41,14.9
P::pct_correct_move_already_done_ge_0.0+utc_hour_le_14.0::top1,pair+top1,29,1.0,11,1,37.93,8.94,3.45,14,15,42.86,33.33,16,13,37.5,38.46
P::pct_correct_move_already_done_le_0.0+utc_hour_ge_4.0,pair,538,18.552,58,72,10.78,47.15,13.38,243,295,15.23,7.12,264,274,12.12,9.49
P::pct_correct_move_already_done_le_0.0+utc_hour_ge_4.0::top1,pair+top1,29,1.0,4,0,13.79,3.25,0.0,14,15,14.29,13.33,15,14,20.0,7.14
P::pct_correct_move_already_done_le_0.0+utc_hour_le_4.0,pair,306,10.552,69,55,22.55,56.1,17.97,141,165,20.57,24.24,157,149,21.02,24.16
P::pct_correct_move_already_done_le_0.0+utc_hour_le_4.0::top1,pair+top1,29,1.0,12,3,41.38,9.76,10.34,14,15,42.86,40.0,15,14,46.67,35.71
P::pct_correct_move_already_done_le_0.0+utc_hour_ge_8.0,pair,428,14.759,35,50,8.18,28.46,11.68,187,241,15.51,2.49,210,218,9.05,7.34
P::pct_correct_move_already_done_le_0.0+utc_hour_ge_8.0::top1,pair+top1,29,1.0,1,0,3.45,0.81,0.0,14,15,7.14,0.0,16,13,6.25,0.0
P::pct_correct_move_already_done_le_0.0+utc_hour_le_8.0,pair,414,14.276,94,77,22.71,76.42,18.6,192,222,21.88,23.42,209,205,23.44,21.95
P::pct_correct_move_already_done_le_0.0+utc_hour_le_8.0::top1,pair+top1,29,1.0,13,2,44.83,10.57,6.9,14,15,42.86,46.67,15,14,53.33,35.71
P::pct_correct_move_already_done_le_0.0+utc_hour_ge_14.0,pair,277,9.552,1,18,0.36,0.81,6.5,115,162,0.87,0.0,130,147,0.0,0.68
P::pct_correct_move_already_done_le_0.0+utc_hour_ge_14.0::top1,pair+top1,28,0.966,0,0,0.0,0.0,0.0,13,15,0.0,0.0,13,15,0.0,0.0
P::pct_correct_move_already_done_le_0.0+utc_hour_le_14.0,pair,575,19.828,120,108,20.87,97.56,18.78,267,308,23.97,18.18,295,280,21.36,20.36
P::pct_correct_move_already_done_le_0.0+utc_hour_le_14.0::top1,pair+top1,29,1.0,13,2,44.83,10.57,6.9,14,15,42.86,46.67,16,13,50.0,38.46
P::pct_correct_move_already_done_ge_0.0+utc_hour_ge_4.0,pair,731,25.207,60,89,8.21,48.78,12.18,354,377,11.02,5.57,354,377,9.04,7.43
P::pct_correct_move_already_done_ge_0.0+utc_hour_ge_4.0::top1,pair+top1,29,1.0,3,0,10.34,2.44,0.0,14,15,14.29,6.67,13,16,15.38,6.25
P::pct_correct_move_already_done_ge_0.0+utc_hour_le_4.0,pair,358,12.345,69,59,19.27,56.1,16.48,176,182,16.48,21.98,178,180,18.54,20.0
P::pct_correct_move_already_done_ge_0.0+utc_hour_le_4.0::top1,pair+top1,29,1.0,11,3,37.93,8.94,10.34,14,15,42.86,33.33,15,14,40.0,35.71
P::pct_correct_move_already_done_ge_0.0+utc_hour_ge_8.0,pair,564,19.448,37,63,6.56,30.08,11.17,265,299,11.7,2.01,282,282,6.74,6.38
P::pct_correct_move_already_done_ge_0.0+utc_hour_ge_8.0::top1,pair+top1,29,1.0,1,0,3.45,0.81,0.0,14,15,7.14,0.0,16,13,6.25,0.0
P::pct_correct_move_already_done_ge_0.0+utc_hour_le_8.0,pair,528,18.207,94,88,17.8,76.42,16.67,262,266,16.03,19.55,251,277,19.52,16.25
P::pct_correct_move_already_done_ge_0.0+utc_hour_le_8.0::top1,pair+top1,29,1.0,12,1,41.38,9.76,3.45,14,15,42.86,40.0,15,14,46.67,35.71
P::pct_correct_move_already_done_ge_0.0+utc_hour_ge_14.0,pair,322,11.103,1,19,0.31,0.81,5.9,143,179,0.7,0.0,150,172,0.0,0.58
P::pct_correct_move_already_done_ge_0.0+utc_hour_ge_14.0::top1,pair+top1,28,0.966,0,0,0.0,0.0,0.0,13,15,0.0,0.0,14,14,0.0,0.0
P::pct_correct_move_already_done_ge_0.0+utc_hour_le_14.0,pair,780,26.897,122,129,15.64,99.19,16.54,388,392,17.01,14.29,384,396,16.41,14.9
P::pct_correct_move_already_done_ge_0.0+utc_hour_le_14.0::top1,pair+top1,29,1.0,11,1,37.93,8.94,3.45,14,15,42.86,33.33,16,13,37.5,38.46
P::pct_correct_move_already_done_le_0.0+utc_hour_ge_4.0,pair,538,18.552,58,72,10.78,47.15,13.38,243,295,15.23,7.12,264,274,12.12,9.49
P::pct_correct_move_already_done_le_0.0+utc_hour_ge_4.0::top1,pair+top1,29,1.0,4,0,13.79,3.25,0.0,14,15,14.29,13.33,15,14,20.0,7.14
P::pct_correct_move_already_done_le_0.0+utc_hour_le_4.0,pair,306,10.552,69,55,22.55,56.1,17.97,141,165,20.57,24.24,157,149,21.02,24.16
P::pct_correct_move_already_done_le_0.0+utc_hour_le_4.0::top1,pair+top1,29,1.0,12,3,41.38,9.76,10.34,14,15,42.86,40.0,15,14,46.67,35.71
P::pct_correct_move_already_done_le_0.0+utc_hour_ge_8.0,pair,428,14.759,35,50,8.18,28.46,11.68,187,241,15.51,2.49,210,218,9.05,7.34
P::pct_correct_move_already_done_le_0.0+utc_hour_ge_8.0::top1,pair+top1,29,1.0,1,0,3.45,0.81,0.0,14,15,7.14,0.0,16,13,6.25,0.0
P::pct_correct_move_already_done_le_0.0+utc_hour_le_8.0,pair,414,14.276,94,77,22.71,76.42,18.6,192,222,21.88,23.42,209,205,23.44,21.95
P::pct_correct_move_already_done_le_0.0+utc_hour_le_8.0::top1,pair+top1,29,1.0,13,2,44.83,10.57,6.9,14,15,42.86,46.67,15,14,53.33,35.71
P::pct_correct_move_already_done_le_0.0+utc_hour_ge_14.0,pair,277,9.552,1,18,0.36,0.81,6.5,115,162,0.87,0.0,130,147,0.0,0.68
P::pct_correct_move_already_done_le_0.0+utc_hour_ge_14.0::top1,pair+top1,28,0.966,0,0,0.0,0.0,0.0,13,15,0.0,0.0,13,15,0.0,0.0
P::pct_correct_move_already_done_le_0.0+utc_hour_le_14.0,pair,575,19.828,120,108,20.87,97.56,18.78,267,308,23.97,18.18,295,280,21.36,20.36
P::pct_correct_move_already_done_le_0.0+utc_hour_le_14.0::top1,pair+top1,29,1.0,13,2,44.83,10.57,6.9,14,15,42.86,46.67,16,13,50.0,38.46
P::pct_correct_move_already_done_ge_0.0+is_asia_session_TRUE,pair,443,15.276,81,70,18.28,65.85,15.8,218,225,15.6,20.89,211,232,19.43,17.24
P::pct_correct_move_already_done_ge_0.0+is_asia_session_TRUE::top1,pair+top1,29,1.0,12,1,41.38,9.76,3.45,14,15,42.86,40.0,15,14,46.67,35.71
P::pct_correct_move_already_done_ge_0.0+is_asia_session_FALSE,pair,600,20.69,42,69,7.0,34.15,11.5,288,312,11.46,2.88,297,303,7.41,6.6
P::pct_correct_move_already_done_ge_0.0+is_asia_session_FALSE::top1,pair+top1,29,1.0,1,1,3.45,0.81,3.45,14,15,7.14,0.0,15,14,6.67,0.0
P::pct_correct_move_already_done_le_0.0+is_asia_session_TRUE,pair,357,12.31,81,64,22.69,65.85,17.93,164,193,20.73,24.35,181,176,22.65,22.73
P::pct_correct_move_already_done_le_0.0+is_asia_session_TRUE::top1,pair+top1,29,1.0,13,2,44.83,10.57,6.9,14,15,42.86,46.67,15,14,53.33,35.71
P::pct_correct_move_already_done_le_0.0+is_asia_session_FALSE,pair,451,15.552,40,54,8.87,32.52,11.97,201,250,15.42,3.6,222,229,9.91,7.86
P::pct_correct_move_already_done_le_0.0+is_asia_session_FALSE::top1,pair+top1,29,1.0,1,0,3.45,0.81,0.0,14,15,7.14,0.0,17,12,5.88,0.0
P::pct_correct_move_already_done_ge_0.0+is_asia_session_TRUE,pair,443,15.276,81,70,18.28,65.85,15.8,218,225,15.6,20.89,211,232,19.43,17.24
P::pct_correct_move_already_done_ge_0.0+is_asia_session_TRUE::top1,pair+top1,29,1.0,12,1,41.38,9.76,3.45,14,15,42.86,40.0,15,14,46.67,35.71
P::pct_correct_move_already_done_ge_0.0+is_asia_session_FALSE,pair,600,20.69,42,69,7.0,34.15,11.5,288,312,11.46,2.88,297,303,7.41,6.6
P::pct_correct_move_already_done_ge_0.0+is_asia_session_FALSE::top1,pair+top1,29,1.0,1,1,3.45,0.81,3.45,14,15,7.14,0.0,15,14,6.67,0.0
P::pct_correct_move_already_done_le_0.0+is_asia_session_TRUE,pair,357,12.31,81,64,22.69,65.85,17.93,164,193,20.73,24.35,181,176,22.65,22.73
P::pct_correct_move_already_done_le_0.0+is_asia_session_TRUE::top1,pair+top1,29,1.0,13,2,44.83,10.57,6.9,14,15,42.86,46.67,15,14,53.33,35.71
P::pct_correct_move_already_done_le_0.0+is_asia_session_FALSE,pair,451,15.552,40,54,8.87,32.52,11.97,201,250,15.42,3.6,222,229,9.91,7.86
P::pct_correct_move_already_done_le_0.0+is_asia_session_FALSE::top1,pair+top1,29,1.0,1,0,3.45,0.81,0.0,14,15,7.14,0.0,17,12,5.88,0.0
P::pct_correct_move_already_done_ge_0.0+is_asia_session_TRUE,pair,443,15.276,81,70,18.28,65.85,15.8,218,225,15.6,20.89,211,232,19.43,17.24
P::pct_correct_move_already_done_ge_0.0+is_asia_session_TRUE::top1,pair+top1,29,1.0,12,1,41.38,9.76,3.45,14,15,42.86,40.0,15,14,46.67,35.71
P::pct_correct_move_already_done_ge_0.0+is_asia_session_FALSE,pair,600,20.69,42,69,7.0,34.15,11.5,288,312,11.46,2.88,297,303,7.41,6.6
P::pct_correct_move_already_done_ge_0.0+is_asia_session_FALSE::top1,pair+top1,29,1.0,1,1,3.45,0.81,3.45,14,15,7.14,0.0,15,14,6.67,0.0
P::pct_correct_move_already_done_le_0.0+is_asia_session_TRUE,pair,357,12.31,81,64,22.69,65.85,17.93,164,193,20.73,24.35,181,176,22.65,22.73
P::pct_correct_move_already_done_le_0.0+is_asia_session_TRUE::top1,pair+top1,29,1.0,13,2,44.83,10.57,6.9,14,15,42.86,46.67,15,14,53.33,35.71
P::pct_correct_move_already_done_le_0.0+is_asia_session_FALSE,pair,451,15.552,40,54,8.87,32.52,11.97,201,250,15.42,3.6,222,229,9.91,7.86
P::pct_correct_move_already_done_le_0.0+is_asia_session_FALSE::top1,pair+top1,29,1.0,1,0,3.45,0.81,0.0,14,15,7.14,0.0,17,12,5.88,0.0
P::pct_correct_move_already_done_ge_0.0+cand_prior_move_pct_ge_0.0,pair,1043,35.966,123,139,11.79,100.0,13.33,506,537,13.24,10.43,508,535,12.4,11.21
P::pct_correct_move_already_done_ge_0.0+cand_prior_move_pct_ge_0.0::top1,pair+top1,29,1.0,11,1,37.93,8.94,3.45,14,15,42.86,33.33,16,13,37.5,38.46
P::pct_correct_move_already_done_ge_0.0+cand_prior_move_pct_le_0.0,pair,905,31.207,105,127,11.6,85.37,14.03,448,457,12.5,10.72,444,461,12.61,10.63
P::pct_correct_move_already_done_ge_0.0+cand_prior_move_pct_le_0.0::top1,pair+top1,29,1.0,11,2,37.93,8.94,6.9,14,15,42.86,33.33,16,13,37.5,38.46
P::pct_correct_move_already_done_ge_0.0+cand_prior_move_pct_ge_0.0,pair,1043,35.966,123,139,11.79,100.0,13.33,506,537,13.24,10.43,508,535,12.4,11.21
P::pct_correct_move_already_done_ge_0.0+cand_prior_move_pct_ge_0.0::top1,pair+top1,29,1.0,11,1,37.93,8.94,3.45,14,15,42.86,33.33,16,13,37.5,38.46
P::pct_correct_move_already_done_ge_0.0+cand_prior_move_pct_le_0.0,pair,905,31.207,105,127,11.6,85.37,14.03,448,457,12.5,10.72,444,461,12.61,10.63
P::pct_correct_move_already_done_ge_0.0+cand_prior_move_pct_le_0.0::top1,pair+top1,29,1.0,11,2,37.93,8.94,6.9,14,15,42.86,33.33,16,13,37.5,38.46
P::pct_correct_move_already_done_ge_0.0+cand_prior_move_pct_ge_0.0,pair,1043,35.966,123,139,11.79,100.0,13.33,506,537,13.24,10.43,508,535,12.4,11.21
P::pct_correct_move_already_done_ge_0.0+cand_prior_move_pct_ge_0.0::top1,pair+top1,29,1.0,11,1,37.93,8.94,3.45,14,15,42.86,33.33,16,13,37.5,38.46
P::pct_correct_move_already_done_ge_0.0+cand_prior_move_pct_le_0.0,pair,905,31.207,105,127,11.6,85.37,14.03,448,457,12.5,10.72,444,461,12.61,10.63
P::pct_correct_move_already_done_ge_0.0+cand_prior_move_pct_le_0.0::top1,pair+top1,29,1.0,11,2,37.93,8.94,6.9,14,15,42.86,33.33,16,13,37.5,38.46
P::pct_correct_move_already_done_le_0.0+cand_prior_move_pct_ge_0.0,pair,808,27.862,121,118,14.98,98.37,14.6,365,443,17.81,12.64,403,405,15.63,14.32
P::pct_correct_move_already_done_le_0.0+cand_prior_move_pct_ge_0.0::top1,pair+top1,29,1.0,13,1,44.83,10.57,3.45,14,15,42.86,46.67,17,12,47.06,41.67
P::pct_correct_move_already_done_le_0.0+cand_prior_move_pct_le_0.0,pair,688,23.724,103,106,14.97,83.74,15.41,317,371,17.03,13.21,347,341,16.14,13.78
P::pct_correct_move_already_done_le_0.0+cand_prior_move_pct_le_0.0::top1,pair+top1,29,1.0,12,2,41.38,9.76,6.9,14,15,42.86,40.0,16,13,43.75,38.46
P::pct_correct_move_already_done_le_0.0+cand_prior_move_pct_ge_0.0,pair,808,27.862,121,118,14.98,98.37,14.6,365,443,17.81,12.64,403,405,15.63,14.32
P::pct_correct_move_already_done_le_0.0+cand_prior_move_pct_ge_0.0::top1,pair+top1,29,1.0,13,1,44.83,10.57,3.45,14,15,42.86,46.67,17,12,47.06,41.67
P::pct_correct_move_already_done_le_0.0+cand_prior_move_pct_le_0.0,pair,688,23.724,103,106,14.97,83.74,15.41,317,371,17.03,13.21,347,341,16.14,13.78
P::pct_correct_move_already_done_le_0.0+cand_prior_move_pct_le_0.0::top1,pair+top1,29,1.0,12,2,41.38,9.76,6.9,14,15,42.86,40.0,16,13,43.75,38.46
P::pct_correct_move_already_done_le_0.0+cand_prior_move_pct_ge_0.0,pair,808,27.862,121,118,14.98,98.37,14.6,365,443,17.81,12.64,403,405,15.63,14.32
P::pct_correct_move_already_done_le_0.0+cand_prior_move_pct_ge_0.0::top1,pair+top1,29,1.0,13,1,44.83,10.57,3.45,14,15,42.86,46.67,17,12,47.06,41.67
P::pct_correct_move_already_done_le_0.0+cand_prior_move_pct_le_0.0,pair,688,23.724,103,106,14.97,83.74,15.41,317,371,17.03,13.21,347,341,16.14,13.78
P::pct_correct_move_already_done_le_0.0+cand_prior_move_pct_le_0.0::top1,pair+top1,29,1.0,12,2,41.38,9.76,6.9,14,15,42.86,40.0,16,13,43.75,38.46
P::pct_correct_move_already_done_ge_0.0+cand_prior_move_pct_ge_0.0,pair,1043,35.966,123,139,11.79,100.0,13.33,506,537,13.24,10.43,508,535,12.4,11.21
P::pct_correct_move_already_done_ge_0.0+cand_prior_move_pct_ge_0.0::top1,pair+top1,29,1.0,11,1,37.93,8.94,3.45,14,15,42.86,33.33,16,13,37.5,38.46
P::pct_correct_move_already_done_ge_0.0+cand_prior_move_pct_le_0.0,pair,905,31.207,105,127,11.6,85.37,14.03,448,457,12.5,10.72,444,461,12.61,10.63
P::pct_correct_move_already_done_ge_0.0+cand_prior_move_pct_le_0.0::top1,pair+top1,29,1.0,11,2,37.93,8.94,6.9,14,15,42.86,33.33,16,13,37.5,38.46
P::pct_correct_move_already_done_ge_0.0+cand_prior_move_pct_ge_0.0,pair,1043,35.966,123,139,11.79,100.0,13.33,506,537,13.24,10.43,508,535,12.4,11.21
P::pct_correct_move_already_done_ge_0.0+cand_prior_move_pct_ge_0.0::top1,pair+top1,29,1.0,11,1,37.93,8.94,3.45,14,15,42.86,33.33,16,13,37.5,38.46
P::pct_correct_move_already_done_ge_0.0+cand_prior_move_pct_le_0.0,pair,905,31.207,105,127,11.6,85.37,14.03,448,457,12.5,10.72,444,461,12.61,10.63
P::pct_correct_move_already_done_ge_0.0+cand_prior_move_pct_le_0.0::top1,pair+top1,29,1.0,11,2,37.93,8.94,6.9,14,15,42.86,33.33,16,13,37.5,38.46
P::pct_correct_move_already_done_ge_0.0+cand_prior_move_pct_ge_0.0,pair,1043,35.966,123,139,11.79,100.0,13.33,506,537,13.24,10.43,508,535,12.4,11.21
P::pct_correct_move_already_done_ge_0.0+cand_prior_move_pct_ge_0.0::top1,pair+top1,29,1.0,11,1,37.93,8.94,3.45,14,15,42.86,33.33,16,13,37.5,38.46
P::pct_correct_move_already_done_ge_0.0+cand_prior_move_pct_le_0.0,pair,905,31.207,105,127,11.6,85.37,14.03,448,457,12.5,10.72,444,461,12.61,10.63
P::pct_correct_move_already_done_ge_0.0+cand_prior_move_pct_le_0.0::top1,pair+top1,29,1.0,11,2,37.93,8.94,6.9,14,15,42.86,33.33,16,13,37.5,38.46
P::pct_correct_move_already_done_le_0.0+cand_prior_move_pct_ge_0.0,pair,808,27.862,121,118,14.98,98.37,14.6,365,443,17.81,12.64,403,405,15.63,14.32
P::pct_correct_move_already_done_le_0.0+cand_prior_move_pct_ge_0.0::top1,pair+top1,29,1.0,13,1,44.83,10.57,3.45,14,15,42.86,46.67,17,12,47.06,41.67
P::pct_correct_move_already_done_le_0.0+cand_prior_move_pct_le_0.0,pair,688,23.724,103,106,14.97,83.74,15.41,317,371,17.03,13.21,347,341,16.14,13.78
P::pct_correct_move_already_done_le_0.0+cand_prior_move_pct_le_0.0::top1,pair+top1,29,1.0,12,2,41.38,9.76,6.9,14,15,42.86,40.0,16,13,43.75,38.46
P::pct_correct_move_already_done_le_0.0+cand_prior_move_pct_ge_0.0,pair,808,27.862,121,118,14.98,98.37,14.6,365,443,17.81,12.64,403,405,15.63,14.32
P::pct_correct_move_already_done_le_0.0+cand_prior_move_pct_ge_0.0::top1,pair+top1,29,1.0,13,1,44.83,10.57,3.45,14,15,42.86,46.67,17,12,47.06,41.67
P::pct_correct_move_already_done_le_0.0+cand_prior_move_pct_le_0.0,pair,688,23.724,103,106,14.97,83.74,15.41,317,371,17.03,13.21,347,341,16.14,13.78
P::pct_correct_move_already_done_le_0.0+cand_prior_move_pct_le_0.0::top1,pair+top1,29,1.0,12,2,41.38,9.76,6.9,14,15,42.86,40.0,16,13,43.75,38.46
P::pct_correct_move_already_done_le_0.0+cand_prior_move_pct_ge_0.0,pair,808,27.862,121,118,14.98,98.37,14.6,365,443,17.81,12.64,403,405,15.63,14.32
P::pct_correct_move_already_done_le_0.0+cand_prior_move_pct_ge_0.0::top1,pair+top1,29,1.0,13,1,44.83,10.57,3.45,14,15,42.86,46.67,17,12,47.06,41.67
P::pct_correct_move_already_done_le_0.0+cand_prior_move_pct_le_0.0,pair,688,23.724,103,106,14.97,83.74,15.41,317,371,17.03,13.21,347,341,16.14,13.78
P::pct_correct_move_already_done_le_0.0+cand_prior_move_pct_le_0.0::top1,pair+top1,29,1.0,12,2,41.38,9.76,6.9,14,15,42.86,40.0,16,13,43.75,38.46
P::pct_correct_move_already_done_ge_0.0+cand_prior_move_pct_ge_0.0,pair,1043,35.966,123,139,11.79,100.0,13.33,506,537,13.24,10.43,508,535,12.4,11.21
P::pct_correct_move_already_done_ge_0.0+cand_prior_move_pct_ge_0.0::top1,pair+top1,29,1.0,11,1,37.93,8.94,3.45,14,15,42.86,33.33,16,13,37.5,38.46
P::pct_correct_move_already_done_ge_0.0+cand_prior_move_pct_le_0.0,pair,905,31.207,105,127,11.6,85.37,14.03,448,457,12.5,10.72,444,461,12.61,10.63
P::pct_correct_move_already_done_ge_0.0+cand_prior_move_pct_le_0.0::top1,pair+top1,29,1.0,11,2,37.93,8.94,6.9,14,15,42.86,33.33,16,13,37.5,38.46
P::pct_correct_move_already_done_ge_0.0+cand_prior_move_pct_ge_0.0,pair,1043,35.966,123,139,11.79,100.0,13.33,506,537,13.24,10.43,508,535,12.4,11.21
P::pct_correct_move_already_done_ge_0.0+cand_prior_move_pct_ge_0.0::top1,pair+top1,29,1.0,11,1,37.93,8.94,3.45,14,15,42.86,33.33,16,13,37.5,38.46
P::pct_correct_move_already_done_ge_0.0+cand_prior_move_pct_le_0.0,pair,905,31.207,105,127,11.6,85.37,14.03,448,457,12.5,10.72,444,461,12.61,10.63
P::pct_correct_move_already_done_ge_0.0+cand_prior_move_pct_le_0.0::top1,pair+top1,29,1.0,11,2,37.93,8.94,6.9,14,15,42.86,33.33,16,13,37.5,38.46
P::pct_correct_move_already_done_ge_0.0+cand_prior_move_pct_ge_0.0,pair,1043,35.966,123,139,11.79,100.0,13.33,506,537,13.24,10.43,508,535,12.4,11.21
P::pct_correct_move_already_done_ge_0.0+cand_prior_move_pct_ge_0.0::top1,pair+top1,29,1.0,11,1,37.93,8.94,3.45,14,15,42.86,33.33,16,13,37.5,38.46
P::pct_correct_move_already_done_ge_0.0+cand_prior_move_pct_le_0.0,pair,905,31.207,105,127,11.6,85.37,14.03,448,457,12.5,10.72,444,461,12.61,10.63
P::pct_correct_move_already_done_ge_0.0+cand_prior_move_pct_le_0.0::top1,pair+top1,29,1.0,11,2,37.93,8.94,6.9,14,15,42.86,33.33,16,13,37.5,38.46
P::pct_correct_move_already_done_le_0.0+cand_prior_move_pct_ge_0.0,pair,808,27.862,121,118,14.98,98.37,14.6,365,443,17.81,12.64,403,405,15.63,14.32
P::pct_correct_move_already_done_le_0.0+cand_prior_move_pct_ge_0.0::top1,pair+top1,29,1.0,13,1,44.83,10.57,3.45,14,15,42.86,46.67,17,12,47.06,41.67
P::pct_correct_move_already_done_le_0.0+cand_prior_move_pct_le_0.0,pair,688,23.724,103,106,14.97,83.74,15.41,317,371,17.03,13.21,347,341,16.14,13.78
P::pct_correct_move_already_done_le_0.0+cand_prior_move_pct_le_0.0::top1,pair+top1,29,1.0,12,2,41.38,9.76,6.9,14,15,42.86,40.0,16,13,43.75,38.46
P::pct_correct_move_already_done_le_0.0+cand_prior_move_pct_ge_0.0,pair,808,27.862,121,118,14.98,98.37,14.6,365,443,17.81,12.64,403,405,15.63,14.32
P::pct_correct_move_already_done_le_0.0+cand_prior_move_pct_ge_0.0::top1,pair+top1,29,1.0,13,1,44.83,10.57,3.45,14,15,42.86,46.67,17,12,47.06,41.67
P::pct_correct_move_already_done_le_0.0+cand_prior_move_pct_le_0.0,pair,688,23.724,103,106,14.97,83.74,15.41,317,371,17.03,13.21,347,341,16.14,13.78
P::pct_correct_move_already_done_le_0.0+cand_prior_move_pct_le_0.0::top1,pair+top1,29,1.0,12,2,41.38,9.76,6.9,14,15,42.86,40.0,16,13,43.75,38.46
P::pct_correct_move_already_done_le_0.0+cand_prior_move_pct_ge_0.0,pair,808,27.862,121,118,14.98,98.37,14.6,365,443,17.81,12.64,403,405,15.63,14.32
P::pct_correct_move_already_done_le_0.0+cand_prior_move_pct_ge_0.0::top1,pair+top1,29,1.0,13,1,44.83,10.57,3.45,14,15,42.86,46.67,17,12,47.06,41.67
P::pct_correct_move_already_done_le_0.0+cand_prior_move_pct_le_0.0,pair,688,23.724,103,106,14.97,83.74,15.41,317,371,17.03,13.21,347,341,16.14,13.78
P::pct_correct_move_already_done_le_0.0+cand_prior_move_pct_le_0.0::top1,pair+top1,29,1.0,12,2,41.38,9.76,6.9,14,15,42.86,40.0,16,13,43.75,38.46
P::pct_correct_move_already_done_ge_0.0+conf_void_score_ge_1.0,pair,1043,35.966,123,139,11.79,100.0,13.33,506,537,13.24,10.43,508,535,12.4,11.21
P::pct_correct_move_already_done_ge_0.0+conf_void_score_ge_1.0::top1,pair+top1,29,1.0,11,1,37.93,8.94,3.45,14,15,42.86,33.33,16,13,37.5,38.46
P::pct_correct_move_already_done_ge_0.0+conf_void_score_le_1.0,pair,1043,35.966,123,139,11.79,100.0,13.33,506,537,13.24,10.43,508,535,12.4,11.21
P::pct_correct_move_already_done_ge_0.0+conf_void_score_le_1.0::top1,pair+top1,29,1.0,11,1,37.93,8.94,3.45,14,15,42.86,33.33,16,13,37.5,38.46
P::pct_correct_move_already_done_ge_0.0+conf_void_score_ge_1.0,pair,1043,35.966,123,139,11.79,100.0,13.33,506,537,13.24,10.43,508,535,12.4,11.21
P::pct_correct_move_already_done_ge_0.0+conf_void_score_ge_1.0::top1,pair+top1,29,1.0,11,1,37.93,8.94,3.45,14,15,42.86,33.33,16,13,37.5,38.46
P::pct_correct_move_already_done_ge_0.0+conf_void_score_le_1.0,pair,1043,35.966,123,139,11.79,100.0,13.33,506,537,13.24,10.43,508,535,12.4,11.21
P::pct_correct_move_already_done_ge_0.0+conf_void_score_le_1.0::top1,pair+top1,29,1.0,11,1,37.93,8.94,3.45,14,15,42.86,33.33,16,13,37.5,38.46
P::pct_correct_move_already_done_ge_0.0+conf_void_score_ge_1.0,pair,1043,35.966,123,139,11.79,100.0,13.33,506,537,13.24,10.43,508,535,12.4,11.21
P::pct_correct_move_already_done_ge_0.0+conf_void_score_ge_1.0::top1,pair+top1,29,1.0,11,1,37.93,8.94,3.45,14,15,42.86,33.33,16,13,37.5,38.46
P::pct_correct_move_already_done_ge_0.0+conf_void_score_le_1.0,pair,1043,35.966,123,139,11.79,100.0,13.33,506,537,13.24,10.43,508,535,12.4,11.21
P::pct_correct_move_already_done_ge_0.0+conf_void_score_le_1.0::top1,pair+top1,29,1.0,11,1,37.93,8.94,3.45,14,15,42.86,33.33,16,13,37.5,38.46
P::pct_correct_move_already_done_le_0.0+conf_void_score_ge_1.0,pair,808,27.862,121,118,14.98,98.37,14.6,365,443,17.81,12.64,403,405,15.63,14.32
P::pct_correct_move_already_done_le_0.0+conf_void_score_ge_1.0::top1,pair+top1,29,1.0,13,1,44.83,10.57,3.45,14,15,42.86,46.67,17,12,47.06,41.67
P::pct_correct_move_already_done_le_0.0+conf_void_score_le_1.0,pair,808,27.862,121,118,14.98,98.37,14.6,365,443,17.81,12.64,403,405,15.63,14.32
P::pct_correct_move_already_done_le_0.0+conf_void_score_le_1.0::top1,pair+top1,29,1.0,13,1,44.83,10.57,3.45,14,15,42.86,46.67,17,12,47.06,41.67
P::pct_correct_move_already_done_le_0.0+conf_void_score_ge_1.0,pair,808,27.862,121,118,14.98,98.37,14.6,365,443,17.81,12.64,403,405,15.63,14.32
P::pct_correct_move_already_done_le_0.0+conf_void_score_ge_1.0::top1,pair+top1,29,1.0,13,1,44.83,10.57,3.45,14,15,42.86,46.67,17,12,47.06,41.67
P::pct_correct_move_already_done_le_0.0+conf_void_score_le_1.0,pair,808,27.862,121,118,14.98,98.37,14.6,365,443,17.81,12.64,403,405,15.63,14.32
P::pct_correct_move_already_done_le_0.0+conf_void_score_le_1.0::top1,pair+top1,29,1.0,13,1,44.83,10.57,3.45,14,15,42.86,46.67,17,12,47.06,41.67
P::pct_correct_move_already_done_le_0.0+conf_void_score_ge_1.0,pair,808,27.862,121,118,14.98,98.37,14.6,365,443,17.81,12.64,403,405,15.63,14.32
P::pct_correct_move_already_done_le_0.0+conf_void_score_ge_1.0::top1,pair+top1,29,1.0,13,1,44.83,10.57,3.45,14,15,42.86,46.67,17,12,47.06,41.67
P::pct_correct_move_already_done_le_0.0+conf_void_score_le_1.0,pair,808,27.862,121,118,14.98,98.37,14.6,365,443,17.81,12.64,403,405,15.63,14.32
P::pct_correct_move_already_done_le_0.0+conf_void_score_le_1.0::top1,pair+top1,29,1.0,13,1,44.83,10.57,3.45,14,15,42.86,46.67,17,12,47.06,41.67
P::pct_correct_move_already_done_ge_0.0+conf_void_score_ge_1.0,pair,1043,35.966,123,139,11.79,100.0,13.33,506,537,13.24,10.43,508,535,12.4,11.21
P::pct_correct_move_already_done_ge_0.0+conf_void_score_ge_1.0::top1,pair+top1,29,1.0,11,1,37.93,8.94,3.45,14,15,42.86,33.33,16,13,37.5,38.46
P::pct_correct_move_already_done_ge_0.0+conf_void_score_le_1.0,pair,1043,35.966,123,139,11.79,100.0,13.33,506,537,13.24,10.43,508,535,12.4,11.21
P::pct_correct_move_already_done_ge_0.0+conf_void_score_le_1.0::top1,pair+top1,29,1.0,11,1,37.93,8.94,3.45,14,15,42.86,33.33,16,13,37.5,38.46
P::pct_correct_move_already_done_ge_0.0+conf_void_score_ge_1.0,pair,1043,35.966,123,139,11.79,100.0,13.33,506,537,13.24,10.43,508,535,12.4,11.21
P::pct_correct_move_already_done_ge_0.0+conf_void_score_ge_1.0::top1,pair+top1,29,1.0,11,1,37.93,8.94,3.45,14,15,42.86,33.33,16,13,37.5,38.46
P::pct_correct_move_already_done_ge_0.0+conf_void_score_le_1.0,pair,1043,35.966,123,139,11.79,100.0,13.33,506,537,13.24,10.43,508,535,12.4,11.21
P::pct_correct_move_already_done_ge_0.0+conf_void_score_le_1.0::top1,pair+top1,29,1.0,11,1,37.93,8.94,3.45,14,15,42.86,33.33,16,13,37.5,38.46
P::pct_correct_move_already_done_ge_0.0+conf_void_score_ge_1.0,pair,1043,35.966,123,139,11.79,100.0,13.33,506,537,13.24,10.43,508,535,12.4,11.21
P::pct_correct_move_already_done_ge_0.0+conf_void_score_ge_1.0::top1,pair+top1,29,1.0,11,1,37.93,8.94,3.45,14,15,42.86,33.33,16,13,37.5,38.46
P::pct_correct_move_already_done_ge_0.0+conf_void_score_le_1.0,pair,1043,35.966,123,139,11.79,100.0,13.33,506,537,13.24,10.43,508,535,12.4,11.21
P::pct_correct_move_already_done_ge_0.0+conf_void_score_le_1.0::top1,pair+top1,29,1.0,11,1,37.93,8.94,3.45,14,15,42.86,33.33,16,13,37.5,38.46
P::pct_correct_move_already_done_le_0.0+conf_void_score_ge_1.0,pair,808,27.862,121,118,14.98,98.37,14.6,365,443,17.81,12.64,403,405,15.63,14.32
P::pct_correct_move_already_done_le_0.0+conf_void_score_ge_1.0::top1,pair+top1,29,1.0,13,1,44.83,10.57,3.45,14,15,42.86,46.67,17,12,47.06,41.67
P::pct_correct_move_already_done_le_0.0+conf_void_score_le_1.0,pair,808,27.862,121,118,14.98,98.37,14.6,365,443,17.81,12.64,403,405,15.63,14.32
P::pct_correct_move_already_done_le_0.0+conf_void_score_le_1.0::top1,pair+top1,29,1.0,13,1,44.83,10.57,3.45,14,15,42.86,46.67,17,12,47.06,41.67
P::pct_correct_move_already_done_le_0.0+conf_void_score_ge_1.0,pair,808,27.862,121,118,14.98,98.37,14.6,365,443,17.81,12.64,403,405,15.63,14.32
P::pct_correct_move_already_done_le_0.0+conf_void_score_ge_1.0::top1,pair+top1,29,1.0,13,1,44.83,10.57,3.45,14,15,42.86,46.67,17,12,47.06,41.67
P::pct_correct_move_already_done_le_0.0+conf_void_score_le_1.0,pair,808,27.862,121,118,14.98,98.37,14.6,365,443,17.81,12.64,403,405,15.63,14.32
P::pct_correct_move_already_done_le_0.0+conf_void_score_le_1.0::top1,pair+top1,29,1.0,13,1,44.83,10.57,3.45,14,15,42.86,46.67,17,12,47.06,41.67
P::pct_correct_move_already_done_le_0.0+conf_void_score_ge_1.0,pair,808,27.862,121,118,14.98,98.37,14.6,365,443,17.81,12.64,403,405,15.63,14.32
P::pct_correct_move_already_done_le_0.0+conf_void_score_ge_1.0::top1,pair+top1,29,1.0,13,1,44.83,10.57,3.45,14,15,42.86,46.67,17,12,47.06,41.67
P::pct_correct_move_already_done_le_0.0+conf_void_score_le_1.0,pair,808,27.862,121,118,14.98,98.37,14.6,365,443,17.81,12.64,403,405,15.63,14.32
P::pct_correct_move_already_done_le_0.0+conf_void_score_le_1.0::top1,pair+top1,29,1.0,13,1,44.83,10.57,3.45,14,15,42.86,46.67,17,12,47.06,41.67
P::pct_correct_move_already_done_ge_0.0+conf_void_score_ge_1.0,pair,1043,35.966,123,139,11.79,100.0,13.33,506,537,13.24,10.43,508,535,12.4,11.21
P::pct_correct_move_already_done_ge_0.0+conf_void_score_ge_1.0::top1,pair+top1,29,1.0,11,1,37.93,8.94,3.45,14,15,42.86,33.33,16,13,37.5,38.46
P::pct_correct_move_already_done_ge_0.0+conf_void_score_le_1.0,pair,1043,35.966,123,139,11.79,100.0,13.33,506,537,13.24,10.43,508,535,12.4,11.21
P::pct_correct_move_already_done_ge_0.0+conf_void_score_le_1.0::top1,pair+top1,29,1.0,11,1,37.93,8.94,3.45,14,15,42.86,33.33,16,13,37.5,38.46
P::pct_correct_move_already_done_ge_0.0+conf_void_score_ge_1.0,pair,1043,35.966,123,139,11.79,100.0,13.33,506,537,13.24,10.43,508,535,12.4,11.21
P::pct_correct_move_already_done_ge_0.0+conf_void_score_ge_1.0::top1,pair+top1,29,1.0,11,1,37.93,8.94,3.45,14,15,42.86,33.33,16,13,37.5,38.46
P::pct_correct_move_already_done_ge_0.0+conf_void_score_le_1.0,pair,1043,35.966,123,139,11.79,100.0,13.33,506,537,13.24,10.43,508,535,12.4,11.21
P::pct_correct_move_already_done_ge_0.0+conf_void_score_le_1.0::top1,pair+top1,29,1.0,11,1,37.93,8.94,3.45,14,15,42.86,33.33,16,13,37.5,38.46
P::pct_correct_move_already_done_ge_0.0+conf_void_score_ge_1.0,pair,1043,35.966,123,139,11.79,100.0,13.33,506,537,13.24,10.43,508,535,12.4,11.21
P::pct_correct_move_already_done_ge_0.0+conf_void_score_ge_1.0::top1,pair+top1,29,1.0,11,1,37.93,8.94,3.45,14,15,42.86,33.33,16,13,37.5,38.46
P::pct_correct_move_already_done_ge_0.0+conf_void_score_le_1.0,pair,1043,35.966,123,139,11.79,100.0,13.33,506,537,13.24,10.43,508,535,12.4,11.21
P::pct_correct_move_already_done_ge_0.0+conf_void_score_le_1.0::top1,pair+top1,29,1.0,11,1,37.93,8.94,3.45,14,15,42.86,33.33,16,13,37.5,38.46
P::pct_correct_move_already_done_le_0.0+conf_void_score_ge_1.0,pair,808,27.862,121,118,14.98,98.37,14.6,365,443,17.81,12.64,403,405,15.63,14.32
P::pct_correct_move_already_done_le_0.0+conf_void_score_ge_1.0::top1,pair+top1,29,1.0,13,1,44.83,10.57,3.45,14,15,42.86,46.67,17,12,47.06,41.67
P::pct_correct_move_already_done_le_0.0+conf_void_score_le_1.0,pair,808,27.862,121,118,14.98,98.37,14.6,365,443,17.81,12.64,403,405,15.63,14.32
P::pct_correct_move_already_done_le_0.0+conf_void_score_le_1.0::top1,pair+top1,29,1.0,13,1,44.83,10.57,3.45,14,15,42.86,46.67,17,12,47.06,41.67
P::pct_correct_move_already_done_le_0.0+conf_void_score_ge_1.0,pair,808,27.862,121,118,14.98,98.37,14.6,365,443,17.81,12.64,403,405,15.63,14.32
P::pct_correct_move_already_done_le_0.0+conf_void_score_ge_1.0::top1,pair+top1,29,1.0,13,1,44.83,10.57,3.45,14,15,42.86,46.67,17,12,47.06,41.67
P::pct_correct_move_already_done_le_0.0+conf_void_score_le_1.0,pair,808,27.862,121,118,14.98,98.37,14.6,365,443,17.81,12.64,403,405,15.63,14.32
P::pct_correct_move_already_done_le_0.0+conf_void_score_le_1.0::top1,pair+top1,29,1.0,13,1,44.83,10.57,3.45,14,15,42.86,46.67,17,12,47.06,41.67
P::pct_correct_move_already_done_le_0.0+conf_void_score_ge_1.0,pair,808,27.862,121,118,14.98,98.37,14.6,365,443,17.81,12.64,403,405,15.63,14.32
P::pct_correct_move_already_done_le_0.0+conf_void_score_ge_1.0::top1,pair+top1,29,1.0,13,1,44.83,10.57,3.45,14,15,42.86,46.67,17,12,47.06,41.67
P::pct_correct_move_already_done_le_0.0+conf_void_score_le_1.0,pair,808,27.862,121,118,14.98,98.37,14.6,365,443,17.81,12.64,403,405,15.63,14.32
P::pct_correct_move_already_done_le_0.0+conf_void_score_le_1.0::top1,pair+top1,29,1.0,13,1,44.83,10.57,3.45,14,15,42.86,46.67,17,12,47.06,41.67
P::pct_correct_move_already_done_ge_0.0+score_ofi_ge_-0.1041,pair,731,25.207,89,109,12.18,72.36,14.91,365,366,13.15,11.2,437,294,12.81,11.22
P::pct_correct_move_already_done_ge_0.0+score_ofi_ge_-0.1041::top1,pair+top1,29,1.0,10,1,34.48,8.13,3.45,14,15,35.71,33.33,18,11,33.33,36.36
P::pct_correct_move_already_done_ge_0.0+score_ofi_le_-0.1041,pair,313,10.793,34,30,10.86,27.64,9.58,142,171,13.38,8.77,71,242,9.86,11.16
P::pct_correct_move_already_done_ge_0.0+score_ofi_le_-0.1041::top1,pair+top1,29,1.0,4,2,13.79,3.25,6.9,14,15,21.43,6.67,9,20,11.11,15.0
P::pct_correct_move_already_done_ge_0.0+score_ofi_ge_0.0069,pair,522,18.0,58,79,11.11,47.15,15.13,261,261,12.64,9.58,353,169,11.33,10.65
P::pct_correct_move_already_done_ge_0.0+score_ofi_ge_0.0069::top1,pair+top1,29,1.0,9,1,31.03,7.32,3.45,14,15,21.43,40.0,17,12,29.41,33.33
P::pct_correct_move_already_done_ge_0.0+score_ofi_le_0.0069,pair,522,18.0,65,60,12.45,52.85,11.49,245,277,13.88,11.19,155,367,14.84,11.44
P::pct_correct_move_already_done_ge_0.0+score_ofi_le_0.0069::top1,pair+top1,29,1.0,6,1,20.69,4.88,3.45,14,15,35.71,6.67,11,18,27.27,16.67
P::pct_correct_move_already_done_ge_0.0+score_ofi_ge_0.1195,pair,314,10.828,30,47,9.55,24.39,14.97,160,154,11.25,7.79,223,91,8.52,12.09
P::pct_correct_move_already_done_ge_0.0+score_ofi_ge_0.1195::top1,pair+top1,29,1.0,8,1,27.59,6.5,3.45,14,15,21.43,33.33,23,6,26.09,33.33
P::pct_correct_move_already_done_ge_0.0+score_ofi_le_0.1195,pair,730,25.172,93,93,12.74,75.61,12.74,347,383,14.12,11.49,285,445,15.44,11.01
P::pct_correct_move_already_done_ge_0.0+score_ofi_le_0.1195::top1,pair+top1,29,1.0,8,1,27.59,6.5,3.45,14,15,35.71,20.0,12,17,33.33,23.53
P::pct_correct_move_already_done_le_0.0+score_ofi_ge_-0.1041,pair,564,19.448,88,91,15.6,71.54,16.13,261,303,18.01,13.53,343,221,16.33,14.48
P::pct_correct_move_already_done_le_0.0+score_ofi_ge_-0.1041::top1,pair+top1,29,1.0,12,1,41.38,9.76,3.45,14,15,42.86,40.0,18,11,44.44,36.36
P::pct_correct_move_already_done_le_0.0+score_ofi_le_-0.1041,pair,245,8.448,33,27,13.47,26.83,11.02,105,140,17.14,10.71,60,185,11.67,14.05
P::pct_correct_move_already_done_le_0.0+score_ofi_le_-0.1041::top1,pair+top1,29,1.0,6,2,20.69,4.88,6.9,14,15,28.57,13.33,10,19,10.0,26.32
P::pct_correct_move_already_done_le_0.0+score_ofi_ge_0.0069,pair,401,13.828,57,67,14.21,46.34,16.71,187,214,17.11,11.68,274,127,14.6,13.39
P::pct_correct_move_already_done_le_0.0+score_ofi_ge_0.0069::top1,pair+top1,29,1.0,10,1,34.48,8.13,3.45,14,15,21.43,46.67,17,12,35.29,33.33
P::pct_correct_move_already_done_le_0.0+score_ofi_le_0.0069,pair,407,14.034,64,51,15.72,52.03,12.53,178,229,18.54,13.54,129,278,17.83,14.75
P::pct_correct_move_already_done_le_0.0+score_ofi_le_0.0069::top1,pair+top1,29,1.0,7,2,24.14,5.69,6.9,14,15,35.71,13.33,12,17,25.0,23.53
P::pct_correct_move_already_done_le_0.0+score_ofi_ge_0.1195,pair,240,8.276,29,37,12.08,23.58,15.42,112,128,15.18,9.38,169,71,11.24,14.08
P::pct_correct_move_already_done_le_0.0+score_ofi_ge_0.1195::top1,pair+top1,29,1.0,10,1,34.48,8.13,3.45,14,15,28.57,40.0,22,7,31.82,42.86
P::pct_correct_move_already_done_le_0.0+score_ofi_le_0.1195,pair,569,19.621,92,82,16.17,74.8,14.41,254,315,18.9,13.97,234,335,18.8,14.33
P::pct_correct_move_already_done_le_0.0+score_ofi_le_0.1195::top1,pair+top1,29,1.0,8,1,27.59,6.5,3.45,14,15,35.71,20.0,13,16,30.77,25.0
P::pct_correct_move_already_done_ge_0.0+score_ofi_ge_-0.1041,pair,731,25.207,89,109,12.18,72.36,14.91,365,366,13.15,11.2,437,294,12.81,11.22
P::pct_correct_move_already_done_ge_0.0+score_ofi_ge_-0.1041::top1,pair+top1,29,1.0,10,1,34.48,8.13,3.45,14,15,35.71,33.33,18,11,33.33,36.36
P::pct_correct_move_already_done_ge_0.0+score_ofi_le_-0.1041,pair,313,10.793,34,30,10.86,27.64,9.58,142,171,13.38,8.77,71,242,9.86,11.16
P::pct_correct_move_already_done_ge_0.0+score_ofi_le_-0.1041::top1,pair+top1,29,1.0,4,2,13.79,3.25,6.9,14,15,21.43,6.67,9,20,11.11,15.0
P::pct_correct_move_already_done_ge_0.0+score_ofi_ge_0.0069,pair,522,18.0,58,79,11.11,47.15,15.13,261,261,12.64,9.58,353,169,11.33,10.65
P::pct_correct_move_already_done_ge_0.0+score_ofi_ge_0.0069::top1,pair+top1,29,1.0,9,1,31.03,7.32,3.45,14,15,21.43,40.0,17,12,29.41,33.33
P::pct_correct_move_already_done_ge_0.0+score_ofi_le_0.0069,pair,522,18.0,65,60,12.45,52.85,11.49,245,277,13.88,11.19,155,367,14.84,11.44
P::pct_correct_move_already_done_ge_0.0+score_ofi_le_0.0069::top1,pair+top1,29,1.0,6,1,20.69,4.88,3.45,14,15,35.71,6.67,11,18,27.27,16.67
P::pct_correct_move_already_done_ge_0.0+score_ofi_ge_0.1195,pair,314,10.828,30,47,9.55,24.39,14.97,160,154,11.25,7.79,223,91,8.52,12.09
P::pct_correct_move_already_done_ge_0.0+score_ofi_ge_0.1195::top1,pair+top1,29,1.0,8,1,27.59,6.5,3.45,14,15,21.43,33.33,23,6,26.09,33.33
P::pct_correct_move_already_done_ge_0.0+score_ofi_le_0.1195,pair,730,25.172,93,93,12.74,75.61,12.74,347,383,14.12,11.49,285,445,15.44,11.01
P::pct_correct_move_already_done_ge_0.0+score_ofi_le_0.1195::top1,pair+top1,29,1.0,8,1,27.59,6.5,3.45,14,15,35.71,20.0,12,17,33.33,23.53
P::pct_correct_move_already_done_le_0.0+score_ofi_ge_-0.1041,pair,564,19.448,88,91,15.6,71.54,16.13,261,303,18.01,13.53,343,221,16.33,14.48
P::pct_correct_move_already_done_le_0.0+score_ofi_ge_-0.1041::top1,pair+top1,29,1.0,12,1,41.38,9.76,3.45,14,15,42.86,40.0,18,11,44.44,36.36
P::pct_correct_move_already_done_le_0.0+score_ofi_le_-0.1041,pair,245,8.448,33,27,13.47,26.83,11.02,105,140,17.14,10.71,60,185,11.67,14.05
P::pct_correct_move_already_done_le_0.0+score_ofi_le_-0.1041::top1,pair+top1,29,1.0,6,2,20.69,4.88,6.9,14,15,28.57,13.33,10,19,10.0,26.32
P::pct_correct_move_already_done_le_0.0+score_ofi_ge_0.0069,pair,401,13.828,57,67,14.21,46.34,16.71,187,214,17.11,11.68,274,127,14.6,13.39
P::pct_correct_move_already_done_le_0.0+score_ofi_ge_0.0069::top1,pair+top1,29,1.0,10,1,34.48,8.13,3.45,14,15,21.43,46.67,17,12,35.29,33.33
P::pct_correct_move_already_done_le_0.0+score_ofi_le_0.0069,pair,407,14.034,64,51,15.72,52.03,12.53,178,229,18.54,13.54,129,278,17.83,14.75
P::pct_correct_move_already_done_le_0.0+score_ofi_le_0.0069::top1,pair+top1,29,1.0,7,2,24.14,5.69,6.9,14,15,35.71,13.33,12,17,25.0,23.53
P::pct_correct_move_already_done_le_0.0+score_ofi_ge_0.1195,pair,240,8.276,29,37,12.08,23.58,15.42,112,128,15.18,9.38,169,71,11.24,14.08
P::pct_correct_move_already_done_le_0.0+score_ofi_ge_0.1195::top1,pair+top1,29,1.0,10,1,34.48,8.13,3.45,14,15,28.57,40.0,22,7,31.82,42.86
P::pct_correct_move_already_done_le_0.0+score_ofi_le_0.1195,pair,569,19.621,92,82,16.17,74.8,14.41,254,315,18.9,13.97,234,335,18.8,14.33
P::pct_correct_move_already_done_le_0.0+score_ofi_le_0.1195::top1,pair+top1,29,1.0,8,1,27.59,6.5,3.45,14,15,35.71,20.0,13,16,30.77,25.0
P::pct_correct_move_already_done_ge_0.0+score_ofi_ge_-0.1041,pair,731,25.207,89,109,12.18,72.36,14.91,365,366,13.15,11.2,437,294,12.81,11.22
P::pct_correct_move_already_done_ge_0.0+score_ofi_ge_-0.1041::top1,pair+top1,29,1.0,10,1,34.48,8.13,3.45,14,15,35.71,33.33,18,11,33.33,36.36
P::pct_correct_move_already_done_ge_0.0+score_ofi_le_-0.1041,pair,313,10.793,34,30,10.86,27.64,9.58,142,171,13.38,8.77,71,242,9.86,11.16
P::pct_correct_move_already_done_ge_0.0+score_ofi_le_-0.1041::top1,pair+top1,29,1.0,4,2,13.79,3.25,6.9,14,15,21.43,6.67,9,20,11.11,15.0
P::pct_correct_move_already_done_ge_0.0+score_ofi_ge_0.0069,pair,522,18.0,58,79,11.11,47.15,15.13,261,261,12.64,9.58,353,169,11.33,10.65
P::pct_correct_move_already_done_ge_0.0+score_ofi_ge_0.0069::top1,pair+top1,29,1.0,9,1,31.03,7.32,3.45,14,15,21.43,40.0,17,12,29.41,33.33
P::pct_correct_move_already_done_ge_0.0+score_ofi_le_0.0069,pair,522,18.0,65,60,12.45,52.85,11.49,245,277,13.88,11.19,155,367,14.84,11.44
P::pct_correct_move_already_done_ge_0.0+score_ofi_le_0.0069::top1,pair+top1,29,1.0,6,1,20.69,4.88,3.45,14,15,35.71,6.67,11,18,27.27,16.67
P::pct_correct_move_already_done_ge_0.0+score_ofi_ge_0.1195,pair,314,10.828,30,47,9.55,24.39,14.97,160,154,11.25,7.79,223,91,8.52,12.09
P::pct_correct_move_already_done_ge_0.0+score_ofi_ge_0.1195::top1,pair+top1,29,1.0,8,1,27.59,6.5,3.45,14,15,21.43,33.33,23,6,26.09,33.33
P::pct_correct_move_already_done_ge_0.0+score_ofi_le_0.1195,pair,730,25.172,93,93,12.74,75.61,12.74,347,383,14.12,11.49,285,445,15.44,11.01
P::pct_correct_move_already_done_ge_0.0+score_ofi_le_0.1195::top1,pair+top1,29,1.0,8,1,27.59,6.5,3.45,14,15,35.71,20.0,12,17,33.33,23.53
P::pct_correct_move_already_done_le_0.0+score_ofi_ge_-0.1041,pair,564,19.448,88,91,15.6,71.54,16.13,261,303,18.01,13.53,343,221,16.33,14.48
P::pct_correct_move_already_done_le_0.0+score_ofi_ge_-0.1041::top1,pair+top1,29,1.0,12,1,41.38,9.76,3.45,14,15,42.86,40.0,18,11,44.44,36.36
P::pct_correct_move_already_done_le_0.0+score_ofi_le_-0.1041,pair,245,8.448,33,27,13.47,26.83,11.02,105,140,17.14,10.71,60,185,11.67,14.05
P::pct_correct_move_already_done_le_0.0+score_ofi_le_-0.1041::top1,pair+top1,29,1.0,6,2,20.69,4.88,6.9,14,15,28.57,13.33,10,19,10.0,26.32
P::pct_correct_move_already_done_le_0.0+score_ofi_ge_0.0069,pair,401,13.828,57,67,14.21,46.34,16.71,187,214,17.11,11.68,274,127,14.6,13.39
P::pct_correct_move_already_done_le_0.0+score_ofi_ge_0.0069::top1,pair+top1,29,1.0,10,1,34.48,8.13,3.45,14,15,21.43,46.67,17,12,35.29,33.33
P::pct_correct_move_already_done_le_0.0+score_ofi_le_0.0069,pair,407,14.034,64,51,15.72,52.03,12.53,178,229,18.54,13.54,129,278,17.83,14.75
P::pct_correct_move_already_done_le_0.0+score_ofi_le_0.0069::top1,pair+top1,29,1.0,7,2,24.14,5.69,6.9,14,15,35.71,13.33,12,17,25.0,23.53
P::pct_correct_move_already_done_le_0.0+score_ofi_ge_0.1195,pair,240,8.276,29,37,12.08,23.58,15.42,112,128,15.18,9.38,169,71,11.24,14.08
P::pct_correct_move_already_done_le_0.0+score_ofi_ge_0.1195::top1,pair+top1,29,1.0,10,1,34.48,8.13,3.45,14,15,28.57,40.0,22,7,31.82,42.86
P::pct_correct_move_already_done_le_0.0+score_ofi_le_0.1195,pair,569,19.621,92,82,16.17,74.8,14.41,254,315,18.9,13.97,234,335,18.8,14.33
P::pct_correct_move_already_done_le_0.0+score_ofi_le_0.1195::top1,pair+top1,29,1.0,8,1,27.59,6.5,3.45,14,15,35.71,20.0,13,16,30.77,25.0
P::pct_correct_move_already_done_ge_0.0+score_liquidity_void_ge_1.0,pair,1043,35.966,123,139,11.79,100.0,13.33,506,537,13.24,10.43,508,535,12.4,11.21
P::pct_correct_move_already_done_ge_0.0+score_liquidity_void_ge_1.0::top1,pair+top1,29,1.0,11,1,37.93,8.94,3.45,14,15,42.86,33.33,16,13,37.5,38.46
P::pct_correct_move_already_done_ge_0.0+score_liquidity_void_le_1.0,pair,1043,35.966,123,139,11.79,100.0,13.33,506,537,13.24,10.43,508,535,12.4,11.21
P::pct_correct_move_already_done_ge_0.0+score_liquidity_void_le_1.0::top1,pair+top1,29,1.0,11,1,37.93,8.94,3.45,14,15,42.86,33.33,16,13,37.5,38.46
P::pct_correct_move_already_done_ge_0.0+score_liquidity_void_ge_1.0,pair,1043,35.966,123,139,11.79,100.0,13.33,506,537,13.24,10.43,508,535,12.4,11.21
P::pct_correct_move_already_done_ge_0.0+score_liquidity_void_ge_1.0::top1,pair+top1,29,1.0,11,1,37.93,8.94,3.45,14,15,42.86,33.33,16,13,37.5,38.46
P::pct_correct_move_already_done_ge_0.0+score_liquidity_void_le_1.0,pair,1043,35.966,123,139,11.79,100.0,13.33,506,537,13.24,10.43,508,535,12.4,11.21
P::pct_correct_move_already_done_ge_0.0+score_liquidity_void_le_1.0::top1,pair+top1,29,1.0,11,1,37.93,8.94,3.45,14,15,42.86,33.33,16,13,37.5,38.46
P::pct_correct_move_already_done_ge_0.0+score_liquidity_void_ge_1.0,pair,1043,35.966,123,139,11.79,100.0,13.33,506,537,13.24,10.43,508,535,12.4,11.21
P::pct_correct_move_already_done_ge_0.0+score_liquidity_void_ge_1.0::top1,pair+top1,29,1.0,11,1,37.93,8.94,3.45,14,15,42.86,33.33,16,13,37.5,38.46
P::pct_correct_move_already_done_ge_0.0+score_liquidity_void_le_1.0,pair,1043,35.966,123,139,11.79,100.0,13.33,506,537,13.24,10.43,508,535,12.4,11.21
P::pct_correct_move_already_done_ge_0.0+score_liquidity_void_le_1.0::top1,pair+top1,29,1.0,11,1,37.93,8.94,3.45,14,15,42.86,33.33,16,13,37.5,38.46
P::pct_correct_move_already_done_le_0.0+score_liquidity_void_ge_1.0,pair,808,27.862,121,118,14.98,98.37,14.6,365,443,17.81,12.64,403,405,15.63,14.32
P::pct_correct_move_already_done_le_0.0+score_liquidity_void_ge_1.0::top1,pair+top1,29,1.0,13,1,44.83,10.57,3.45,14,15,42.86,46.67,17,12,47.06,41.67
P::pct_correct_move_already_done_le_0.0+score_liquidity_void_le_1.0,pair,808,27.862,121,118,14.98,98.37,14.6,365,443,17.81,12.64,403,405,15.63,14.32
P::pct_correct_move_already_done_le_0.0+score_liquidity_void_le_1.0::top1,pair+top1,29,1.0,13,1,44.83,10.57,3.45,14,15,42.86,46.67,17,12,47.06,41.67
P::pct_correct_move_already_done_le_0.0+score_liquidity_void_ge_1.0,pair,808,27.862,121,118,14.98,98.37,14.6,365,443,17.81,12.64,403,405,15.63,14.32
P::pct_correct_move_already_done_le_0.0+score_liquidity_void_ge_1.0::top1,pair+top1,29,1.0,13,1,44.83,10.57,3.45,14,15,42.86,46.67,17,12,47.06,41.67
P::pct_correct_move_already_done_le_0.0+score_liquidity_void_le_1.0,pair,808,27.862,121,118,14.98,98.37,14.6,365,443,17.81,12.64,403,405,15.63,14.32
P::pct_correct_move_already_done_le_0.0+score_liquidity_void_le_1.0::top1,pair+top1,29,1.0,13,1,44.83,10.57,3.45,14,15,42.86,46.67,17,12,47.06,41.67
P::pct_correct_move_already_done_le_0.0+score_liquidity_void_ge_1.0,pair,808,27.862,121,118,14.98,98.37,14.6,365,443,17.81,12.64,403,405,15.63,14.32
P::pct_correct_move_already_done_le_0.0+score_liquidity_void_ge_1.0::top1,pair+top1,29,1.0,13,1,44.83,10.57,3.45,14,15,42.86,46.67,17,12,47.06,41.67
P::pct_correct_move_already_done_le_0.0+score_liquidity_void_le_1.0,pair,808,27.862,121,118,14.98,98.37,14.6,365,443,17.81,12.64,403,405,15.63,14.32
P::pct_correct_move_already_done_le_0.0+score_liquidity_void_le_1.0::top1,pair+top1,29,1.0,13,1,44.83,10.57,3.45,14,15,42.86,46.67,17,12,47.06,41.67
P::pct_correct_move_already_done_ge_0.0+score_liquidity_void_ge_1.0,pair,1043,35.966,123,139,11.79,100.0,13.33,506,537,13.24,10.43,508,535,12.4,11.21
P::pct_correct_move_already_done_ge_0.0+score_liquidity_void_ge_1.0::top1,pair+top1,29,1.0,11,1,37.93,8.94,3.45,14,15,42.86,33.33,16,13,37.5,38.46
P::pct_correct_move_already_done_ge_0.0+score_liquidity_void_le_1.0,pair,1043,35.966,123,139,11.79,100.0,13.33,506,537,13.24,10.43,508,535,12.4,11.21
P::pct_correct_move_already_done_ge_0.0+score_liquidity_void_le_1.0::top1,pair+top1,29,1.0,11,1,37.93,8.94,3.45,14,15,42.86,33.33,16,13,37.5,38.46
P::pct_correct_move_already_done_ge_0.0+score_liquidity_void_ge_1.0,pair,1043,35.966,123,139,11.79,100.0,13.33,506,537,13.24,10.43,508,535,12.4,11.21
P::pct_correct_move_already_done_ge_0.0+score_liquidity_void_ge_1.0::top1,pair+top1,29,1.0,11,1,37.93,8.94,3.45,14,15,42.86,33.33,16,13,37.5,38.46
P::pct_correct_move_already_done_ge_0.0+score_liquidity_void_le_1.0,pair,1043,35.966,123,139,11.79,100.0,13.33,506,537,13.24,10.43,508,535,12.4,11.21
P::pct_correct_move_already_done_ge_0.0+score_liquidity_void_le_1.0::top1,pair+top1,29,1.0,11,1,37.93,8.94,3.45,14,15,42.86,33.33,16,13,37.5,38.46
P::pct_correct_move_already_done_ge_0.0+score_liquidity_void_ge_1.0,pair,1043,35.966,123,139,11.79,100.0,13.33,506,537,13.24,10.43,508,535,12.4,11.21
P::pct_correct_move_already_done_ge_0.0+score_liquidity_void_ge_1.0::top1,pair+top1,29,1.0,11,1,37.93,8.94,3.45,14,15,42.86,33.33,16,13,37.5,38.46
P::pct_correct_move_already_done_ge_0.0+score_liquidity_void_le_1.0,pair,1043,35.966,123,139,11.79,100.0,13.33,506,537,13.24,10.43,508,535,12.4,11.21
P::pct_correct_move_already_done_ge_0.0+score_liquidity_void_le_1.0::top1,pair+top1,29,1.0,11,1,37.93,8.94,3.45,14,15,42.86,33.33,16,13,37.5,38.46
P::pct_correct_move_already_done_le_0.0+score_liquidity_void_ge_1.0,pair,808,27.862,121,118,14.98,98.37,14.6,365,443,17.81,12.64,403,405,15.63,14.32
P::pct_correct_move_already_done_le_0.0+score_liquidity_void_ge_1.0::top1,pair+top1,29,1.0,13,1,44.83,10.57,3.45,14,15,42.86,46.67,17,12,47.06,41.67
P::pct_correct_move_already_done_le_0.0+score_liquidity_void_le_1.0,pair,808,27.862,121,118,14.98,98.37,14.6,365,443,17.81,12.64,403,405,15.63,14.32
P::pct_correct_move_already_done_le_0.0+score_liquidity_void_le_1.0::top1,pair+top1,29,1.0,13,1,44.83,10.57,3.45,14,15,42.86,46.67,17,12,47.06,41.67
P::pct_correct_move_already_done_le_0.0+score_liquidity_void_ge_1.0,pair,808,27.862,121,118,14.98,98.37,14.6,365,443,17.81,12.64,403,405,15.63,14.32
P::pct_correct_move_already_done_le_0.0+score_liquidity_void_ge_1.0::top1,pair+top1,29,1.0,13,1,44.83,10.57,3.45,14,15,42.86,46.67,17,12,47.06,41.67
P::pct_correct_move_already_done_le_0.0+score_liquidity_void_le_1.0,pair,808,27.862,121,118,14.98,98.37,14.6,365,443,17.81,12.64,403,405,15.63,14.32
P::pct_correct_move_already_done_le_0.0+score_liquidity_void_le_1.0::top1,pair+top1,29,1.0,13,1,44.83,10.57,3.45,14,15,42.86,46.67,17,12,47.06,41.67
P::pct_correct_move_already_done_le_0.0+score_liquidity_void_ge_1.0,pair,808,27.862,121,118,14.98,98.37,14.6,365,443,17.81,12.64,403,405,15.63,14.32
P::pct_correct_move_already_done_le_0.0+score_liquidity_void_ge_1.0::top1,pair+top1,29,1.0,13,1,44.83,10.57,3.45,14,15,42.86,46.67,17,12,47.06,41.67
P::pct_correct_move_already_done_le_0.0+score_liquidity_void_le_1.0,pair,808,27.862,121,118,14.98,98.37,14.6,365,443,17.81,12.64,403,405,15.63,14.32
P::pct_correct_move_already_done_le_0.0+score_liquidity_void_le_1.0::top1,pair+top1,29,1.0,13,1,44.83,10.57,3.45,14,15,42.86,46.67,17,12,47.06,41.67
P::pct_correct_move_already_done_ge_0.0+score_liquidity_void_ge_1.0,pair,1043,35.966,123,139,11.79,100.0,13.33,506,537,13.24,10.43,508,535,12.4,11.21
P::pct_correct_move_already_done_ge_0.0+score_liquidity_void_ge_1.0::top1,pair+top1,29,1.0,11,1,37.93,8.94,3.45,14,15,42.86,33.33,16,13,37.5,38.46
P::pct_correct_move_already_done_ge_0.0+score_liquidity_void_le_1.0,pair,1043,35.966,123,139,11.79,100.0,13.33,506,537,13.24,10.43,508,535,12.4,11.21
P::pct_correct_move_already_done_ge_0.0+score_liquidity_void_le_1.0::top1,pair+top1,29,1.0,11,1,37.93,8.94,3.45,14,15,42.86,33.33,16,13,37.5,38.46
P::pct_correct_move_already_done_ge_0.0+score_liquidity_void_ge_1.0,pair,1043,35.966,123,139,11.79,100.0,13.33,506,537,13.24,10.43,508,535,12.4,11.21
P::pct_correct_move_already_done_ge_0.0+score_liquidity_void_ge_1.0::top1,pair+top1,29,1.0,11,1,37.93,8.94,3.45,14,15,42.86,33.33,16,13,37.5,38.46
P::pct_correct_move_already_done_ge_0.0+score_liquidity_void_le_1.0,pair,1043,35.966,123,139,11.79,100.0,13.33,506,537,13.24,10.43,508,535,12.4,11.21
P::pct_correct_move_already_done_ge_0.0+score_liquidity_void_le_1.0::top1,pair+top1,29,1.0,11,1,37.93,8.94,3.45,14,15,42.86,33.33,16,13,37.5,38.46
P::pct_correct_move_already_done_ge_0.0+score_liquidity_void_ge_1.0,pair,1043,35.966,123,139,11.79,100.0,13.33,506,537,13.24,10.43,508,535,12.4,11.21
P::pct_correct_move_already_done_ge_0.0+score_liquidity_void_ge_1.0::top1,pair+top1,29,1.0,11,1,37.93,8.94,3.45,14,15,42.86,33.33,16,13,37.5,38.46
P::pct_correct_move_already_done_ge_0.0+score_liquidity_void_le_1.0,pair,1043,35.966,123,139,11.79,100.0,13.33,506,537,13.24,10.43,508,535,12.4,11.21
P::pct_correct_move_already_done_ge_0.0+score_liquidity_void_le_1.0::top1,pair+top1,29,1.0,11,1,37.93,8.94,3.45,14,15,42.86,33.33,16,13,37.5,38.46
P::pct_correct_move_already_done_le_0.0+score_liquidity_void_ge_1.0,pair,808,27.862,121,118,14.98,98.37,14.6,365,443,17.81,12.64,403,405,15.63,14.32
P::pct_correct_move_already_done_le_0.0+score_liquidity_void_ge_1.0::top1,pair+top1,29,1.0,13,1,44.83,10.57,3.45,14,15,42.86,46.67,17,12,47.06,41.67
P::pct_correct_move_already_done_le_0.0+score_liquidity_void_le_1.0,pair,808,27.862,121,118,14.98,98.37,14.6,365,443,17.81,12.64,403,405,15.63,14.32
P::pct_correct_move_already_done_le_0.0+score_liquidity_void_le_1.0::top1,pair+top1,29,1.0,13,1,44.83,10.57,3.45,14,15,42.86,46.67,17,12,47.06,41.67
P::pct_correct_move_already_done_le_0.0+score_liquidity_void_ge_1.0,pair,808,27.862,121,118,14.98,98.37,14.6,365,443,17.81,12.64,403,405,15.63,14.32
P::pct_correct_move_already_done_le_0.0+score_liquidity_void_ge_1.0::top1,pair+top1,29,1.0,13,1,44.83,10.57,3.45,14,15,42.86,46.67,17,12,47.06,41.67
P::pct_correct_move_already_done_le_0.0+score_liquidity_void_le_1.0,pair,808,27.862,121,118,14.98,98.37,14.6,365,443,17.81,12.64,403,405,15.63,14.32
P::pct_correct_move_already_done_le_0.0+score_liquidity_void_le_1.0::top1,pair+top1,29,1.0,13,1,44.83,10.57,3.45,14,15,42.86,46.67,17,12,47.06,41.67
P::pct_correct_move_already_done_le_0.0+score_liquidity_void_ge_1.0,pair,808,27.862,121,118,14.98,98.37,14.6,365,443,17.81,12.64,403,405,15.63,14.32
P::pct_correct_move_already_done_le_0.0+score_liquidity_void_ge_1.0::top1,pair+top1,29,1.0,13,1,44.83,10.57,3.45,14,15,42.86,46.67,17,12,47.06,41.67
P::pct_correct_move_already_done_le_0.0+score_liquidity_void_le_1.0,pair,808,27.862,121,118,14.98,98.37,14.6,365,443,17.81,12.64,403,405,15.63,14.32
P::pct_correct_move_already_done_le_0.0+score_liquidity_void_le_1.0::top1,pair+top1,29,1.0,13,1,44.83,10.57,3.45,14,15,42.86,46.67,17,12,47.06,41.67
P::is_during_correct_move_TRUE+conf_cycles_seen_ge_20.0,pair,165,5.69,2,18,1.21,1.63,10.91,101,64,1.98,0.0,78,87,0.0,2.3
P::is_during_correct_move_TRUE+conf_cycles_seen_ge_20.0::top1,pair+top1,20,0.69,0,1,0.0,0.0,5.0,10,10,0.0,0.0,7,13,0.0,0.0
P::is_during_correct_move_TRUE+conf_cycles_seen_le_20.0,pair,76,2.621,0,4,0.0,0.0,5.26,45,31,0.0,0.0,30,46,0.0,0.0
P::is_during_correct_move_TRUE+conf_cycles_seen_le_20.0::top1,pair+top1,19,0.655,0,0,0.0,0.0,0.0,9,10,0.0,0.0,7,12,0.0,0.0
P::is_during_correct_move_TRUE+conf_cycles_seen_ge_39.0,pair,114,3.931,2,13,1.75,1.63,11.4,68,46,2.94,0.0,57,57,0.0,3.51
P::is_during_correct_move_TRUE+conf_cycles_seen_ge_39.0::top1,pair+top1,20,0.69,0,1,0.0,0.0,5.0,10,10,0.0,0.0,7,13,0.0,0.0
P::is_during_correct_move_TRUE+conf_cycles_seen_le_39.0,pair,121,4.172,0,8,0.0,0.0,6.61,73,48,0.0,0.0,48,73,0.0,0.0
P::is_during_correct_move_TRUE+conf_cycles_seen_le_39.0::top1,pair+top1,19,0.655,0,1,0.0,0.0,5.26,9,10,0.0,0.0,5,14,0.0,0.0
P::is_during_correct_move_TRUE+conf_cycles_seen_ge_73.0,pair,73,2.517,1,7,1.37,0.81,9.59,48,25,2.08,0.0,36,37,0.0,2.7
P::is_during_correct_move_TRUE+conf_cycles_seen_ge_73.0::top1,pair+top1,19,0.655,0,2,0.0,0.0,10.53,9,10,0.0,0.0,7,12,0.0,0.0
P::is_during_correct_move_TRUE+conf_cycles_seen_le_73.0,pair,163,5.621,1,14,0.61,0.81,8.59,93,70,1.08,0.0,69,94,0.0,1.06
P::is_during_correct_move_TRUE+conf_cycles_seen_le_73.0::top1,pair+top1,20,0.69,0,1,0.0,0.0,5.0,10,10,0.0,0.0,6,14,0.0,0.0
P::is_during_correct_move_FALSE+conf_cycles_seen_ge_20.0,pair,567,19.552,87,69,15.34,70.73,12.17,254,313,17.72,13.42,286,281,16.08,14.59
P::is_during_correct_move_FALSE+conf_cycles_seen_ge_20.0::top1,pair+top1,29,1.0,13,0,44.83,10.57,0.0,14,15,42.86,46.67,15,14,46.67,42.86
P::is_during_correct_move_FALSE+conf_cycles_seen_le_20.0,pair,256,8.828,35,51,13.67,28.46,19.92,116,140,18.1,10.0,123,133,14.63,12.78
P::is_during_correct_move_FALSE+conf_cycles_seen_le_20.0::top1,pair+top1,29,1.0,6,3,20.69,4.88,10.34,14,15,35.71,6.67,16,13,25.0,15.38
P::is_during_correct_move_FALSE+conf_cycles_seen_ge_39.0,pair,409,14.103,62,50,15.16,50.41,12.22,182,227,18.13,12.78,203,206,14.78,15.53
P::is_during_correct_move_FALSE+conf_cycles_seen_ge_39.0::top1,pair+top1,29,1.0,9,1,31.03,7.32,3.45,14,15,28.57,33.33,14,15,35.71,26.67
P::is_during_correct_move_FALSE+conf_cycles_seen_le_39.0,pair,403,13.897,59,69,14.64,47.97,17.12,185,218,17.3,12.39,204,199,16.18,13.07
P::is_during_correct_move_FALSE+conf_cycles_seen_le_39.0::top1,pair+top1,29,1.0,11,2,37.93,8.94,6.9,14,15,42.86,33.33,17,12,47.06,25.0
P::is_during_correct_move_FALSE+conf_cycles_seen_ge_73.0,pair,242,8.345,36,21,14.88,29.27,8.68,108,134,16.67,13.43,113,129,18.58,11.63
P::is_during_correct_move_FALSE+conf_cycles_seen_ge_73.0::top1,pair+top1,29,1.0,7,2,24.14,5.69,6.9,14,15,14.29,33.33,15,14,26.67,21.43
P::is_during_correct_move_FALSE+conf_cycles_seen_le_73.0,pair,570,19.655,85,97,14.91,69.11,17.02,259,311,18.15,12.22,293,277,14.33,15.52
P::is_during_correct_move_FALSE+conf_cycles_seen_le_73.0::top1,pair+top1,29,1.0,12,1,41.38,9.76,3.45,14,15,42.86,40.0,17,12,41.18,41.67
P::is_during_correct_move_TRUE+utc_hour_ge_4.0,pair,193,6.655,2,17,1.04,1.63,8.81,111,82,1.8,0.0,90,103,0.0,1.94
P::is_during_correct_move_TRUE+utc_hour_ge_4.0::top1,pair+top1,20,0.69,0,1,0.0,0.0,5.0,10,10,0.0,0.0,7,13,0.0,0.0
P::is_during_correct_move_TRUE+utc_hour_le_4.0,pair,52,1.793,0,4,0.0,0.0,7.69,35,17,0.0,0.0,21,31,0.0,0.0
P::is_during_correct_move_TRUE+utc_hour_le_4.0::top1,pair+top1,11,0.379,0,0,0.0,0.0,0.0,7,4,0.0,0.0,3,8,0.0,0.0
P::is_during_correct_move_TRUE+utc_hour_ge_8.0,pair,136,4.69,2,13,1.47,1.63,9.56,78,58,2.56,0.0,72,64,0.0,3.12
P::is_during_correct_move_TRUE+utc_hour_ge_8.0::top1,pair+top1,20,0.69,0,0,0.0,0.0,0.0,10,10,0.0,0.0,11,9,0.0,0.0
P::is_during_correct_move_TRUE+utc_hour_le_8.0,pair,114,3.931,0,11,0.0,0.0,9.65,70,44,0.0,0.0,42,72,0.0,0.0
P::is_during_correct_move_TRUE+utc_hour_le_8.0::top1,pair+top1,16,0.552,0,1,0.0,0.0,6.25,9,7,0.0,0.0,4,12,0.0,0.0
P::is_during_correct_move_TRUE+utc_hour_ge_14.0,pair,45,1.552,0,1,0.0,0.0,2.22,28,17,0.0,0.0,20,25,0.0,0.0
P::is_during_correct_move_TRUE+utc_hour_ge_14.0::top1,pair+top1,13,0.448,0,0,0.0,0.0,0.0,7,6,0.0,0.0,5,8,0.0,0.0
P::is_during_correct_move_TRUE+utc_hour_le_14.0,pair,205,7.069,2,21,0.98,1.63,10.24,121,84,1.65,0.0,89,116,0.0,1.72
P::is_during_correct_move_TRUE+utc_hour_le_14.0::top1,pair+top1,19,0.655,0,1,0.0,0.0,5.26,10,9,0.0,0.0,6,13,0.0,0.0
P::is_during_correct_move_FALSE+utc_hour_ge_4.0,pair,538,18.552,58,72,10.78,47.15,13.38,243,295,15.23,7.12,264,274,12.12,9.49
P::is_during_correct_move_FALSE+utc_hour_ge_4.0::top1,pair+top1,29,1.0,4,0,13.79,3.25,0.0,14,15,14.29,13.33,15,14,20.0,7.14
P::is_during_correct_move_FALSE+utc_hour_le_4.0,pair,306,10.552,69,55,22.55,56.1,17.97,141,165,20.57,24.24,157,149,21.02,24.16
P::is_during_correct_move_FALSE+utc_hour_le_4.0::top1,pair+top1,29,1.0,12,3,41.38,9.76,10.34,14,15,42.86,40.0,15,14,46.67,35.71
P::is_during_correct_move_FALSE+utc_hour_ge_8.0,pair,428,14.759,35,50,8.18,28.46,11.68,187,241,15.51,2.49,210,218,9.05,7.34
P::is_during_correct_move_FALSE+utc_hour_ge_8.0::top1,pair+top1,29,1.0,1,0,3.45,0.81,0.0,14,15,7.14,0.0,16,13,6.25,0.0
P::is_during_correct_move_FALSE+utc_hour_le_8.0,pair,414,14.276,94,77,22.71,76.42,18.6,192,222,21.88,23.42,209,205,23.44,21.95
P::is_during_correct_move_FALSE+utc_hour_le_8.0::top1,pair+top1,29,1.0,13,2,44.83,10.57,6.9,14,15,42.86,46.67,15,14,53.33,35.71
P::is_during_correct_move_FALSE+utc_hour_ge_14.0,pair,277,9.552,1,18,0.36,0.81,6.5,115,162,0.87,0.0,130,147,0.0,0.68
P::is_during_correct_move_FALSE+utc_hour_ge_14.0::top1,pair+top1,28,0.966,0,0,0.0,0.0,0.0,13,15,0.0,0.0,13,15,0.0,0.0
P::is_during_correct_move_FALSE+utc_hour_le_14.0,pair,575,19.828,120,108,20.87,97.56,18.78,267,308,23.97,18.18,295,280,21.36,20.36
P::is_during_correct_move_FALSE+utc_hour_le_14.0::top1,pair+top1,29,1.0,13,2,44.83,10.57,6.9,14,15,42.86,46.67,16,13,50.0,38.46
P::is_during_correct_move_TRUE+is_asia_session_TRUE,pair,86,2.966,0,6,0.0,0.0,6.98,54,32,0.0,0.0,30,56,0.0,0.0
P::is_during_correct_move_TRUE+is_asia_session_TRUE::top1,pair+top1,15,0.517,0,1,0.0,0.0,6.67,9,6,0.0,0.0,4,11,0.0,0.0
P::is_during_correct_move_TRUE+is_asia_session_FALSE,pair,149,5.138,2,15,1.34,1.63,10.07,87,62,2.3,0.0,75,74,0.0,2.7
P::is_during_correct_move_TRUE+is_asia_session_FALSE::top1,pair+top1,20,0.69,0,1,0.0,0.0,5.0,10,10,0.0,0.0,9,11,0.0,0.0
P::is_during_correct_move_FALSE+is_asia_session_TRUE,pair,357,12.31,81,64,22.69,65.85,17.93,164,193,20.73,24.35,181,176,22.65,22.73
P::is_during_correct_move_FALSE+is_asia_session_TRUE::top1,pair+top1,29,1.0,13,2,44.83,10.57,6.9,14,15,42.86,46.67,15,14,53.33,35.71
P::is_during_correct_move_FALSE+is_asia_session_FALSE,pair,451,15.552,40,54,8.87,32.52,11.97,201,250,15.42,3.6,222,229,9.91,7.86
P::is_during_correct_move_FALSE+is_asia_session_FALSE::top1,pair+top1,29,1.0,1,0,3.45,0.81,0.0,14,15,7.14,0.0,17,12,5.88,0.0
P::is_during_correct_move_TRUE+cand_prior_move_pct_ge_0.0,pair,235,8.103,2,21,0.85,1.63,8.94,141,94,1.42,0.0,105,130,0.0,1.54
P::is_during_correct_move_TRUE+cand_prior_move_pct_ge_0.0::top1,pair+top1,20,0.69,0,1,0.0,0.0,5.0,10,10,0.0,0.0,7,13,0.0,0.0
P::is_during_correct_move_TRUE+cand_prior_move_pct_le_0.0,pair,217,7.483,2,21,0.92,1.63,9.68,131,86,1.53,0.0,97,120,0.0,1.67
P::is_during_correct_move_TRUE+cand_prior_move_pct_le_0.0::top1,pair+top1,19,0.655,0,1,0.0,0.0,5.26,9,10,0.0,0.0,6,13,0.0,0.0
P::is_during_correct_move_TRUE+cand_prior_move_pct_ge_0.0,pair,235,8.103,2,21,0.85,1.63,8.94,141,94,1.42,0.0,105,130,0.0,1.54
P::is_during_correct_move_TRUE+cand_prior_move_pct_ge_0.0::top1,pair+top1,20,0.69,0,1,0.0,0.0,5.0,10,10,0.0,0.0,7,13,0.0,0.0
P::is_during_correct_move_TRUE+cand_prior_move_pct_le_0.0,pair,217,7.483,2,21,0.92,1.63,9.68,131,86,1.53,0.0,97,120,0.0,1.67
P::is_during_correct_move_TRUE+cand_prior_move_pct_le_0.0::top1,pair+top1,19,0.655,0,1,0.0,0.0,5.26,9,10,0.0,0.0,6,13,0.0,0.0
P::is_during_correct_move_TRUE+cand_prior_move_pct_ge_0.0,pair,235,8.103,2,21,0.85,1.63,8.94,141,94,1.42,0.0,105,130,0.0,1.54
P::is_during_correct_move_TRUE+cand_prior_move_pct_ge_0.0::top1,pair+top1,20,0.69,0,1,0.0,0.0,5.0,10,10,0.0,0.0,7,13,0.0,0.0
P::is_during_correct_move_TRUE+cand_prior_move_pct_le_0.0,pair,217,7.483,2,21,0.92,1.63,9.68,131,86,1.53,0.0,97,120,0.0,1.67
P::is_during_correct_move_TRUE+cand_prior_move_pct_le_0.0::top1,pair+top1,19,0.655,0,1,0.0,0.0,5.26,9,10,0.0,0.0,6,13,0.0,0.0
P::is_during_correct_move_FALSE+cand_prior_move_pct_ge_0.0,pair,808,27.862,121,118,14.98,98.37,14.6,365,443,17.81,12.64,403,405,15.63,14.32
P::is_during_correct_move_FALSE+cand_prior_move_pct_ge_0.0::top1,pair+top1,29,1.0,13,1,44.83,10.57,3.45,14,15,42.86,46.67,17,12,47.06,41.67
P::is_during_correct_move_FALSE+cand_prior_move_pct_le_0.0,pair,688,23.724,103,106,14.97,83.74,15.41,317,371,17.03,13.21,347,341,16.14,13.78
P::is_during_correct_move_FALSE+cand_prior_move_pct_le_0.0::top1,pair+top1,29,1.0,12,2,41.38,9.76,6.9,14,15,42.86,40.0,16,13,43.75,38.46
P::is_during_correct_move_FALSE+cand_prior_move_pct_ge_0.0,pair,808,27.862,121,118,14.98,98.37,14.6,365,443,17.81,12.64,403,405,15.63,14.32
P::is_during_correct_move_FALSE+cand_prior_move_pct_ge_0.0::top1,pair+top1,29,1.0,13,1,44.83,10.57,3.45,14,15,42.86,46.67,17,12,47.06,41.67
P::is_during_correct_move_FALSE+cand_prior_move_pct_le_0.0,pair,688,23.724,103,106,14.97,83.74,15.41,317,371,17.03,13.21,347,341,16.14,13.78
P::is_during_correct_move_FALSE+cand_prior_move_pct_le_0.0::top1,pair+top1,29,1.0,12,2,41.38,9.76,6.9,14,15,42.86,40.0,16,13,43.75,38.46
P::is_during_correct_move_FALSE+cand_prior_move_pct_ge_0.0,pair,808,27.862,121,118,14.98,98.37,14.6,365,443,17.81,12.64,403,405,15.63,14.32
P::is_during_correct_move_FALSE+cand_prior_move_pct_ge_0.0::top1,pair+top1,29,1.0,13,1,44.83,10.57,3.45,14,15,42.86,46.67,17,12,47.06,41.67
P::is_during_correct_move_FALSE+cand_prior_move_pct_le_0.0,pair,688,23.724,103,106,14.97,83.74,15.41,317,371,17.03,13.21,347,341,16.14,13.78
P::is_during_correct_move_FALSE+cand_prior_move_pct_le_0.0::top1,pair+top1,29,1.0,12,2,41.38,9.76,6.9,14,15,42.86,40.0,16,13,43.75,38.46
P::is_during_correct_move_TRUE+conf_void_score_ge_1.0,pair,235,8.103,2,21,0.85,1.63,8.94,141,94,1.42,0.0,105,130,0.0,1.54
P::is_during_correct_move_TRUE+conf_void_score_ge_1.0::top1,pair+top1,20,0.69,0,1,0.0,0.0,5.0,10,10,0.0,0.0,7,13,0.0,0.0
P::is_during_correct_move_TRUE+conf_void_score_le_1.0,pair,235,8.103,2,21,0.85,1.63,8.94,141,94,1.42,0.0,105,130,0.0,1.54
P::is_during_correct_move_TRUE+conf_void_score_le_1.0::top1,pair+top1,20,0.69,0,1,0.0,0.0,5.0,10,10,0.0,0.0,7,13,0.0,0.0
P::is_during_correct_move_TRUE+conf_void_score_ge_1.0,pair,235,8.103,2,21,0.85,1.63,8.94,141,94,1.42,0.0,105,130,0.0,1.54
P::is_during_correct_move_TRUE+conf_void_score_ge_1.0::top1,pair+top1,20,0.69,0,1,0.0,0.0,5.0,10,10,0.0,0.0,7,13,0.0,0.0
P::is_during_correct_move_TRUE+conf_void_score_le_1.0,pair,235,8.103,2,21,0.85,1.63,8.94,141,94,1.42,0.0,105,130,0.0,1.54
P::is_during_correct_move_TRUE+conf_void_score_le_1.0::top1,pair+top1,20,0.69,0,1,0.0,0.0,5.0,10,10,0.0,0.0,7,13,0.0,0.0
P::is_during_correct_move_TRUE+conf_void_score_ge_1.0,pair,235,8.103,2,21,0.85,1.63,8.94,141,94,1.42,0.0,105,130,0.0,1.54
P::is_during_correct_move_TRUE+conf_void_score_ge_1.0::top1,pair+top1,20,0.69,0,1,0.0,0.0,5.0,10,10,0.0,0.0,7,13,0.0,0.0
P::is_during_correct_move_TRUE+conf_void_score_le_1.0,pair,235,8.103,2,21,0.85,1.63,8.94,141,94,1.42,0.0,105,130,0.0,1.54
P::is_during_correct_move_TRUE+conf_void_score_le_1.0::top1,pair+top1,20,0.69,0,1,0.0,0.0,5.0,10,10,0.0,0.0,7,13,0.0,0.0
P::is_during_correct_move_FALSE+conf_void_score_ge_1.0,pair,808,27.862,121,118,14.98,98.37,14.6,365,443,17.81,12.64,403,405,15.63,14.32
P::is_during_correct_move_FALSE+conf_void_score_ge_1.0::top1,pair+top1,29,1.0,13,1,44.83,10.57,3.45,14,15,42.86,46.67,17,12,47.06,41.67
P::is_during_correct_move_FALSE+conf_void_score_le_1.0,pair,808,27.862,121,118,14.98,98.37,14.6,365,443,17.81,12.64,403,405,15.63,14.32
P::is_during_correct_move_FALSE+conf_void_score_le_1.0::top1,pair+top1,29,1.0,13,1,44.83,10.57,3.45,14,15,42.86,46.67,17,12,47.06,41.67
P::is_during_correct_move_FALSE+conf_void_score_ge_1.0,pair,808,27.862,121,118,14.98,98.37,14.6,365,443,17.81,12.64,403,405,15.63,14.32
P::is_during_correct_move_FALSE+conf_void_score_ge_1.0::top1,pair+top1,29,1.0,13,1,44.83,10.57,3.45,14,15,42.86,46.67,17,12,47.06,41.67
P::is_during_correct_move_FALSE+conf_void_score_le_1.0,pair,808,27.862,121,118,14.98,98.37,14.6,365,443,17.81,12.64,403,405,15.63,14.32
P::is_during_correct_move_FALSE+conf_void_score_le_1.0::top1,pair+top1,29,1.0,13,1,44.83,10.57,3.45,14,15,42.86,46.67,17,12,47.06,41.67
P::is_during_correct_move_FALSE+conf_void_score_ge_1.0,pair,808,27.862,121,118,14.98,98.37,14.6,365,443,17.81,12.64,403,405,15.63,14.32
P::is_during_correct_move_FALSE+conf_void_score_ge_1.0::top1,pair+top1,29,1.0,13,1,44.83,10.57,3.45,14,15,42.86,46.67,17,12,47.06,41.67
P::is_during_correct_move_FALSE+conf_void_score_le_1.0,pair,808,27.862,121,118,14.98,98.37,14.6,365,443,17.81,12.64,403,405,15.63,14.32
P::is_during_correct_move_FALSE+conf_void_score_le_1.0::top1,pair+top1,29,1.0,13,1,44.83,10.57,3.45,14,15,42.86,46.67,17,12,47.06,41.67
P::is_during_correct_move_TRUE+score_ofi_ge_-0.1041,pair,167,5.759,1,18,0.6,0.81,10.78,104,63,0.96,0.0,94,73,0.0,1.37
P::is_during_correct_move_TRUE+score_ofi_ge_-0.1041::top1,pair+top1,20,0.69,0,1,0.0,0.0,5.0,10,10,0.0,0.0,10,10,0.0,0.0
P::is_during_correct_move_TRUE+score_ofi_le_-0.1041,pair,68,2.345,1,3,1.47,0.81,4.41,37,31,2.7,0.0,11,57,0.0,1.75
P::is_during_correct_move_TRUE+score_ofi_le_-0.1041::top1,pair+top1,17,0.586,0,1,0.0,0.0,5.88,8,9,0.0,0.0,1,16,0.0,0.0
P::is_during_correct_move_TRUE+score_ofi_ge_0.0069,pair,121,4.172,1,12,0.83,0.81,9.92,74,47,1.35,0.0,79,42,0.0,2.38
P::is_during_correct_move_TRUE+score_ofi_ge_0.0069::top1,pair+top1,19,0.655,0,1,0.0,0.0,5.26,10,9,0.0,0.0,10,9,0.0,0.0
P::is_during_correct_move_TRUE+score_ofi_le_0.0069,pair,115,3.966,1,9,0.87,0.81,7.83,67,48,1.49,0.0,26,89,0.0,1.12
P::is_during_correct_move_TRUE+score_ofi_le_0.0069::top1,pair+top1,18,0.621,0,1,0.0,0.0,5.56,9,9,0.0,0.0,2,16,0.0,0.0
P::is_during_correct_move_TRUE+score_ofi_ge_0.1195,pair,74,2.552,1,10,1.35,0.81,13.51,48,26,2.08,0.0,54,20,0.0,5.0
P::is_during_correct_move_TRUE+score_ofi_ge_0.1195::top1,pair+top1,18,0.621,0,1,0.0,0.0,5.56,10,8,0.0,0.0,12,6,0.0,0.0
P::is_during_correct_move_TRUE+score_ofi_le_0.1195,pair,161,5.552,1,11,0.62,0.81,6.83,93,68,1.08,0.0,51,110,0.0,0.91
P::is_during_correct_move_TRUE+score_ofi_le_0.1195::top1,pair+top1,18,0.621,0,1,0.0,0.0,5.56,9,9,0.0,0.0,3,15,0.0,0.0
P::is_during_correct_move_FALSE+score_ofi_ge_-0.1041,pair,564,19.448,88,91,15.6,71.54,16.13,261,303,18.01,13.53,343,221,16.33,14.48
P::is_during_correct_move_FALSE+score_ofi_ge_-0.1041::top1,pair+top1,29,1.0,12,1,41.38,9.76,3.45,14,15,42.86,40.0,18,11,44.44,36.36
P::is_during_correct_move_FALSE+score_ofi_le_-0.1041,pair,245,8.448,33,27,13.47,26.83,11.02,105,140,17.14,10.71,60,185,11.67,14.05
P::is_during_correct_move_FALSE+score_ofi_le_-0.1041::top1,pair+top1,29,1.0,6,2,20.69,4.88,6.9,14,15,28.57,13.33,10,19,10.0,26.32
P::is_during_correct_move_FALSE+score_ofi_ge_0.0069,pair,401,13.828,57,67,14.21,46.34,16.71,187,214,17.11,11.68,274,127,14.6,13.39
P::is_during_correct_move_FALSE+score_ofi_ge_0.0069::top1,pair+top1,29,1.0,10,1,34.48,8.13,3.45,14,15,21.43,46.67,17,12,35.29,33.33
P::is_during_correct_move_FALSE+score_ofi_le_0.0069,pair,407,14.034,64,51,15.72,52.03,12.53,178,229,18.54,13.54,129,278,17.83,14.75
P::is_during_correct_move_FALSE+score_ofi_le_0.0069::top1,pair+top1,29,1.0,7,2,24.14,5.69,6.9,14,15,35.71,13.33,12,17,25.0,23.53
P::is_during_correct_move_FALSE+score_ofi_ge_0.1195,pair,240,8.276,29,37,12.08,23.58,15.42,112,128,15.18,9.38,169,71,11.24,14.08
P::is_during_correct_move_FALSE+score_ofi_ge_0.1195::top1,pair+top1,29,1.0,10,1,34.48,8.13,3.45,14,15,28.57,40.0,22,7,31.82,42.86
P::is_during_correct_move_FALSE+score_ofi_le_0.1195,pair,569,19.621,92,82,16.17,74.8,14.41,254,315,18.9,13.97,234,335,18.8,14.33
P::is_during_correct_move_FALSE+score_ofi_le_0.1195::top1,pair+top1,29,1.0,8,1,27.59,6.5,3.45,14,15,35.71,20.0,13,16,30.77,25.0
P::is_during_correct_move_TRUE+score_liquidity_void_ge_1.0,pair,235,8.103,2,21,0.85,1.63,8.94,141,94,1.42,0.0,105,130,0.0,1.54
P::is_during_correct_move_TRUE+score_liquidity_void_ge_1.0::top1,pair+top1,20,0.69,0,1,0.0,0.0,5.0,10,10,0.0,0.0,7,13,0.0,0.0
P::is_during_correct_move_TRUE+score_liquidity_void_le_1.0,pair,235,8.103,2,21,0.85,1.63,8.94,141,94,1.42,0.0,105,130,0.0,1.54
P::is_during_correct_move_TRUE+score_liquidity_void_le_1.0::top1,pair+top1,20,0.69,0,1,0.0,0.0,5.0,10,10,0.0,0.0,7,13,0.0,0.0
P::is_during_correct_move_TRUE+score_liquidity_void_ge_1.0,pair,235,8.103,2,21,0.85,1.63,8.94,141,94,1.42,0.0,105,130,0.0,1.54
P::is_during_correct_move_TRUE+score_liquidity_void_ge_1.0::top1,pair+top1,20,0.69,0,1,0.0,0.0,5.0,10,10,0.0,0.0,7,13,0.0,0.0
P::is_during_correct_move_TRUE+score_liquidity_void_le_1.0,pair,235,8.103,2,21,0.85,1.63,8.94,141,94,1.42,0.0,105,130,0.0,1.54
P::is_during_correct_move_TRUE+score_liquidity_void_le_1.0::top1,pair+top1,20,0.69,0,1,0.0,0.0,5.0,10,10,0.0,0.0,7,13,0.0,0.0
P::is_during_correct_move_TRUE+score_liquidity_void_ge_1.0,pair,235,8.103,2,21,0.85,1.63,8.94,141,94,1.42,0.0,105,130,0.0,1.54
P::is_during_correct_move_TRUE+score_liquidity_void_ge_1.0::top1,pair+top1,20,0.69,0,1,0.0,0.0,5.0,10,10,0.0,0.0,7,13,0.0,0.0
P::is_during_correct_move_TRUE+score_liquidity_void_le_1.0,pair,235,8.103,2,21,0.85,1.63,8.94,141,94,1.42,0.0,105,130,0.0,1.54
P::is_during_correct_move_TRUE+score_liquidity_void_le_1.0::top1,pair+top1,20,0.69,0,1,0.0,0.0,5.0,10,10,0.0,0.0,7,13,0.0,0.0
P::is_during_correct_move_FALSE+score_liquidity_void_ge_1.0,pair,808,27.862,121,118,14.98,98.37,14.6,365,443,17.81,12.64,403,405,15.63,14.32
P::is_during_correct_move_FALSE+score_liquidity_void_ge_1.0::top1,pair+top1,29,1.0,13,1,44.83,10.57,3.45,14,15,42.86,46.67,17,12,47.06,41.67
P::is_during_correct_move_FALSE+score_liquidity_void_le_1.0,pair,808,27.862,121,118,14.98,98.37,14.6,365,443,17.81,12.64,403,405,15.63,14.32
P::is_during_correct_move_FALSE+score_liquidity_void_le_1.0::top1,pair+top1,29,1.0,13,1,44.83,10.57,3.45,14,15,42.86,46.67,17,12,47.06,41.67
P::is_during_correct_move_FALSE+score_liquidity_void_ge_1.0,pair,808,27.862,121,118,14.98,98.37,14.6,365,443,17.81,12.64,403,405,15.63,14.32
P::is_during_correct_move_FALSE+score_liquidity_void_ge_1.0::top1,pair+top1,29,1.0,13,1,44.83,10.57,3.45,14,15,42.86,46.67,17,12,47.06,41.67
P::is_during_correct_move_FALSE+score_liquidity_void_le_1.0,pair,808,27.862,121,118,14.98,98.37,14.6,365,443,17.81,12.64,403,405,15.63,14.32
P::is_during_correct_move_FALSE+score_liquidity_void_le_1.0::top1,pair+top1,29,1.0,13,1,44.83,10.57,3.45,14,15,42.86,46.67,17,12,47.06,41.67
P::is_during_correct_move_FALSE+score_liquidity_void_ge_1.0,pair,808,27.862,121,118,14.98,98.37,14.6,365,443,17.81,12.64,403,405,15.63,14.32
P::is_during_correct_move_FALSE+score_liquidity_void_ge_1.0::top1,pair+top1,29,1.0,13,1,44.83,10.57,3.45,14,15,42.86,46.67,17,12,47.06,41.67
P::is_during_correct_move_FALSE+score_liquidity_void_le_1.0,pair,808,27.862,121,118,14.98,98.37,14.6,365,443,17.81,12.64,403,405,15.63,14.32
P::is_during_correct_move_FALSE+score_liquidity_void_le_1.0::top1,pair+top1,29,1.0,13,1,44.83,10.57,3.45,14,15,42.86,46.67,17,12,47.06,41.67
P::conf_cycles_seen_ge_20.0+utc_hour_ge_4.0,pair,505,17.414,45,60,8.91,36.59,11.88,245,260,11.84,6.15,249,256,9.24,8.59
P::conf_cycles_seen_ge_20.0+utc_hour_ge_4.0::top1,pair+top1,29,1.0,2,1,6.9,1.63,3.45,14,15,7.14,6.67,14,15,7.14,6.67
P::conf_cycles_seen_ge_20.0+utc_hour_le_4.0,pair,256,8.828,47,32,18.36,38.21,12.5,125,131,14.4,22.14,129,127,18.6,18.11
P::conf_cycles_seen_ge_20.0+utc_hour_le_4.0::top1,pair+top1,29,1.0,10,1,34.48,8.13,3.45,14,15,35.71,33.33,13,16,38.46,31.25
P::conf_cycles_seen_ge_20.0+utc_hour_ge_8.0,pair,388,13.379,28,41,7.22,22.76,10.57,183,205,13.11,1.95,201,187,6.97,7.49
P::conf_cycles_seen_ge_20.0+utc_hour_ge_8.0::top1,pair+top1,29,1.0,2,1,6.9,1.63,3.45,14,15,14.29,0.0,17,12,5.88,8.33
P::conf_cycles_seen_ge_20.0+utc_hour_le_8.0,pair,377,13.0,69,54,18.3,56.1,14.32,185,192,15.68,20.83,181,196,20.44,16.33
P::conf_cycles_seen_ge_20.0+utc_hour_le_8.0::top1,pair+top1,29,1.0,10,0,34.48,8.13,0.0,14,15,28.57,40.0,13,16,38.46,31.25
P::conf_cycles_seen_ge_20.0+utc_hour_ge_14.0,pair,229,7.897,1,11,0.44,0.81,4.8,104,125,0.96,0.0,111,118,0.0,0.85
P::conf_cycles_seen_ge_20.0+utc_hour_ge_14.0::top1,pair+top1,28,0.966,0,0,0.0,0.0,0.0,13,15,0.0,0.0,13,15,0.0,0.0
P::conf_cycles_seen_ge_20.0+utc_hour_le_14.0,pair,548,18.897,88,81,16.06,71.54,14.78,271,277,16.97,15.16,271,277,16.97,15.16
P::conf_cycles_seen_ge_20.0+utc_hour_le_14.0::top1,pair+top1,29,1.0,9,0,31.03,7.32,0.0,14,15,28.57,33.33,14,15,28.57,33.33
P::conf_cycles_seen_le_20.0+utc_hour_ge_4.0,pair,238,8.207,15,29,6.3,12.2,12.18,114,124,8.77,4.03,109,129,8.26,4.65
P::conf_cycles_seen_le_20.0+utc_hour_ge_4.0::top1,pair+top1,29,1.0,3,1,10.34,2.44,3.45,14,15,21.43,0.0,13,16,23.08,0.0
P::conf_cycles_seen_le_20.0+utc_hour_le_4.0,pair,111,3.828,23,30,20.72,18.7,27.03,56,55,21.43,20.0,54,57,18.52,22.81
P::conf_cycles_seen_le_20.0+utc_hour_le_4.0::top1,pair+top1,29,1.0,7,5,24.14,5.69,17.24,14,15,28.57,20.0,18,11,22.22,27.27
P::conf_cycles_seen_le_20.0+utc_hour_ge_8.0,pair,185,6.379,9,22,4.86,7.32,11.89,85,100,8.24,2.0,84,101,5.95,3.96
P::conf_cycles_seen_le_20.0+utc_hour_ge_8.0::top1,pair+top1,28,0.966,2,1,7.14,1.63,3.57,13,15,15.38,0.0,16,12,12.5,0.0
P::conf_cycles_seen_le_20.0+utc_hour_le_8.0,pair,163,5.621,26,37,15.95,21.14,22.7,84,79,16.67,15.19,76,87,17.11,14.94
P::conf_cycles_seen_le_20.0+utc_hour_le_8.0::top1,pair+top1,29,1.0,6,4,20.69,4.88,13.79,14,15,28.57,13.33,18,11,22.22,18.18
P::conf_cycles_seen_le_20.0+utc_hour_ge_14.0,pair,100,3.448,0,8,0.0,0.0,8.0,41,59,0.0,0.0,41,59,0.0,0.0
P::conf_cycles_seen_le_20.0+utc_hour_ge_14.0::top1,pair+top1,27,0.931,0,0,0.0,0.0,0.0,13,14,0.0,0.0,13,14,0.0,0.0
P::conf_cycles_seen_le_20.0+utc_hour_le_14.0,pair,248,8.552,35,51,14.11,28.46,20.56,126,122,16.67,11.48,120,128,15.0,13.28
P::conf_cycles_seen_le_20.0+utc_hour_le_14.0::top1,pair+top1,29,1.0,6,4,20.69,4.88,13.79,14,15,28.57,13.33,17,12,23.53,16.67
P::conf_cycles_seen_ge_39.0+utc_hour_ge_4.0,pair,360,12.414,35,46,9.72,28.46,12.78,174,186,13.22,6.45,177,183,9.6,9.84
P::conf_cycles_seen_ge_39.0+utc_hour_ge_4.0::top1,pair+top1,29,1.0,2,1,6.9,1.63,3.45,14,15,7.14,6.67,14,15,7.14,6.67
P::conf_cycles_seen_ge_39.0+utc_hour_le_4.0,pair,184,6.345,31,21,16.85,25.2,11.41,87,97,13.79,19.59,96,88,14.58,19.32
P::conf_cycles_seen_ge_39.0+utc_hour_le_4.0::top1,pair+top1,29,1.0,10,1,34.48,8.13,3.45,14,15,28.57,40.0,13,16,38.46,31.25
P::conf_cycles_seen_ge_39.0+utc_hour_ge_8.0,pair,280,9.655,24,32,8.57,19.51,11.43,133,147,15.79,2.04,147,133,8.16,9.02
P::conf_cycles_seen_ge_39.0+utc_hour_ge_8.0::top1,pair+top1,29,1.0,2,1,6.9,1.63,3.45,14,15,14.29,0.0,15,14,6.67,7.14
P::conf_cycles_seen_ge_39.0+utc_hour_le_8.0,pair,269,9.276,45,39,16.73,36.59,14.5,127,142,14.17,19.01,127,142,16.54,16.9
P::conf_cycles_seen_ge_39.0+utc_hour_le_8.0::top1,pair+top1,29,1.0,9,1,31.03,7.32,3.45,14,15,28.57,33.33,13,16,30.77,31.25
P::conf_cycles_seen_ge_39.0+utc_hour_ge_14.0,pair,162,5.586,0,9,0.0,0.0,5.56,71,91,0.0,0.0,79,83,0.0,0.0
P::conf_cycles_seen_ge_39.0+utc_hour_ge_14.0::top1,pair+top1,28,0.966,0,0,0.0,0.0,0.0,13,15,0.0,0.0,13,15,0.0,0.0
P::conf_cycles_seen_ge_39.0+utc_hour_le_14.0,pair,385,13.276,64,58,16.62,52.03,15.06,189,196,18.52,14.8,194,191,15.46,17.8
P::conf_cycles_seen_ge_39.0+utc_hour_le_14.0::top1,pair+top1,29,1.0,7,1,24.14,5.69,3.45,14,15,21.43,26.67,13,16,23.08,25.0
P::conf_cycles_seen_le_39.0+utc_hour_ge_4.0,pair,372,12.828,25,44,6.72,20.33,11.83,180,192,8.89,4.69,178,194,8.43,5.15
P::conf_cycles_seen_le_39.0+utc_hour_ge_4.0::top1,pair+top1,29,1.0,4,1,13.79,3.25,3.45,14,15,21.43,6.67,16,13,25.0,0.0
P::conf_cycles_seen_le_39.0+utc_hour_le_4.0,pair,177,6.103,38,38,21.47,30.89,21.47,91,86,18.68,24.42,85,92,22.35,20.65
P::conf_cycles_seen_le_39.0+utc_hour_le_4.0::top1,pair+top1,29,1.0,10,4,34.48,8.13,13.79,14,15,35.71,33.33,15,14,40.0,28.57
P::conf_cycles_seen_le_39.0+utc_hour_ge_8.0,pair,285,9.828,13,32,4.56,10.57,11.23,132,153,7.58,1.96,136,149,5.15,4.03
P::conf_cycles_seen_le_39.0+utc_hour_ge_8.0::top1,pair+top1,28,0.966,3,0,10.71,2.44,0.0,13,15,23.08,0.0,17,11,17.65,0.0
P::conf_cycles_seen_le_39.0+utc_hour_le_8.0,pair,263,9.069,49,50,18.63,39.84,19.01,137,126,17.52,19.84,128,135,21.88,15.56
P::conf_cycles_seen_le_39.0+utc_hour_le_8.0::top1,pair+top1,29,1.0,10,2,34.48,8.13,6.9,14,15,35.71,33.33,15,14,46.67,21.43
P::conf_cycles_seen_le_39.0+utc_hour_ge_14.0,pair,160,5.517,1,10,0.62,0.81,6.25,72,88,1.39,0.0,71,89,0.0,1.12
P::conf_cycles_seen_le_39.0+utc_hour_ge_14.0::top1,pair+top1,28,0.966,0,0,0.0,0.0,0.0,13,15,0.0,0.0,11,17,0.0,0.0
P::conf_cycles_seen_le_39.0+utc_hour_le_14.0,pair,399,13.759,58,72,14.54,47.15,18.05,201,198,15.42,13.64,194,205,17.01,12.2
P::conf_cycles_seen_le_39.0+utc_hour_le_14.0::top1,pair+top1,29,1.0,10,2,34.48,8.13,6.9,14,15,35.71,33.33,15,14,46.67,21.43
P::conf_cycles_seen_ge_73.0+utc_hour_ge_4.0,pair,220,7.586,19,19,8.64,15.45,8.64,112,108,12.5,4.63,98,122,11.22,6.56
P::conf_cycles_seen_ge_73.0+utc_hour_ge_4.0::top1,pair+top1,28,0.966,1,0,3.57,0.81,0.0,13,15,7.69,0.0,15,13,6.67,0.0
P::conf_cycles_seen_ge_73.0+utc_hour_le_4.0,pair,107,3.69,18,10,16.82,14.63,9.35,50,57,10.0,22.81,59,48,16.95,16.67
P::conf_cycles_seen_ge_73.0+utc_hour_le_4.0::top1,pair+top1,29,1.0,10,2,34.48,8.13,6.9,14,15,21.43,46.67,14,15,28.57,40.0
P::conf_cycles_seen_ge_73.0+utc_hour_ge_8.0,pair,174,6.0,14,13,8.05,11.38,7.47,84,90,14.29,2.22,80,94,10.0,6.38
P::conf_cycles_seen_ge_73.0+utc_hour_ge_8.0::top1,pair+top1,27,0.931,1,0,3.7,0.81,0.0,13,14,7.69,0.0,14,13,7.14,0.0
P::conf_cycles_seen_ge_73.0+utc_hour_le_8.0,pair,156,5.379,25,17,16.03,20.33,10.9,79,77,10.13,22.08,78,78,19.23,12.82
P::conf_cycles_seen_ge_73.0+utc_hour_le_8.0::top1,pair+top1,29,1.0,7,3,24.14,5.69,10.34,14,15,14.29,33.33,15,14,20.0,28.57
P::conf_cycles_seen_ge_73.0+utc_hour_ge_14.0,pair,101,3.483,0,2,0.0,0.0,1.98,41,60,0.0,0.0,43,58,0.0,0.0
P::conf_cycles_seen_ge_73.0+utc_hour_ge_14.0::top1,pair+top1,24,0.828,0,0,0.0,0.0,0.0,12,12,0.0,0.0,14,10,0.0,0.0
P::conf_cycles_seen_ge_73.0+utc_hour_le_14.0,pair,228,7.862,37,27,16.23,30.08,11.84,121,107,15.7,16.82,112,116,18.75,13.79
P::conf_cycles_seen_ge_73.0+utc_hour_le_14.0::top1,pair+top1,29,1.0,6,1,20.69,4.88,3.45,14,15,14.29,26.67,17,12,17.65,25.0
P::conf_cycles_seen_le_73.0+utc_hour_ge_4.0,pair,514,17.724,41,70,7.98,33.33,13.62,244,270,10.25,5.93,257,257,8.17,7.78
P::conf_cycles_seen_le_73.0+utc_hour_ge_4.0::top1,pair+top1,29,1.0,5,1,17.24,4.07,3.45,14,15,21.43,13.33,16,13,25.0,7.69
P::conf_cycles_seen_le_73.0+utc_hour_le_4.0,pair,253,8.724,51,49,20.16,41.46,19.37,126,127,19.05,21.26,121,132,19.01,21.21
P::conf_cycles_seen_le_73.0+utc_hour_le_4.0::top1,pair+top1,29,1.0,11,3,37.93,8.94,10.34,14,15,42.86,33.33,15,14,40.0,35.71
P::conf_cycles_seen_le_73.0+utc_hour_ge_8.0,pair,392,13.517,23,50,5.87,18.7,12.76,183,209,10.38,1.91,203,189,5.42,6.35
P::conf_cycles_seen_le_73.0+utc_hour_ge_8.0::top1,pair+top1,29,1.0,2,0,6.9,1.63,0.0,14,15,14.29,0.0,18,11,11.11,0.0
P::conf_cycles_seen_le_73.0+utc_hour_le_8.0,pair,375,12.931,69,71,18.4,56.1,18.93,183,192,18.58,18.23,175,200,19.43,17.5
P::conf_cycles_seen_le_73.0+utc_hour_le_8.0::top1,pair+top1,29,1.0,12,1,41.38,9.76,3.45,14,15,42.86,40.0,15,14,46.67,35.71
P::conf_cycles_seen_le_73.0+utc_hour_ge_14.0,pair,223,7.69,1,17,0.45,0.81,7.62,104,119,0.96,0.0,108,115,0.0,0.87
P::conf_cycles_seen_le_73.0+utc_hour_ge_14.0::top1,pair+top1,28,0.966,0,0,0.0,0.0,0.0,13,15,0.0,0.0,13,15,0.0,0.0
P::conf_cycles_seen_le_73.0+utc_hour_le_14.0,pair,555,19.138,85,102,15.32,69.11,18.38,267,288,17.6,13.19,274,281,15.33,15.3
P::conf_cycles_seen_le_73.0+utc_hour_le_14.0::top1,pair+top1,29,1.0,12,1,41.38,9.76,3.45,14,15,42.86,40.0,15,14,46.67,35.71
P::conf_cycles_seen_ge_20.0+is_asia_session_TRUE,pair,315,10.862,56,41,17.78,45.53,13.02,155,160,13.55,21.88,151,164,19.21,16.46
P::conf_cycles_seen_ge_20.0+is_asia_session_TRUE::top1,pair+top1,29,1.0,10,0,34.48,8.13,0.0,14,15,28.57,40.0,13,16,38.46,31.25
P::conf_cycles_seen_ge_20.0+is_asia_session_FALSE,pair,417,14.379,33,46,7.91,26.83,11.03,200,217,13.0,3.23,213,204,7.98,7.84
P::conf_cycles_seen_ge_20.0+is_asia_session_FALSE::top1,pair+top1,29,1.0,2,1,6.9,1.63,3.45,14,15,14.29,0.0,16,13,6.25,7.69
P::conf_cycles_seen_le_20.0+is_asia_session_TRUE,pair,140,4.828,26,32,18.57,21.14,22.86,70,70,20.0,17.14,66,74,19.7,17.57
P::conf_cycles_seen_le_20.0+is_asia_session_TRUE::top1,pair+top1,29,1.0,6,4,20.69,4.88,13.79,14,15,28.57,13.33,17,12,23.53,16.67
P::conf_cycles_seen_le_20.0+is_asia_session_FALSE,pair,192,6.621,9,23,4.69,7.32,11.98,91,101,7.69,1.98,87,105,5.75,3.81
P::conf_cycles_seen_le_20.0+is_asia_session_FALSE::top1,pair+top1,28,0.966,2,1,7.14,1.63,3.57,13,15,15.38,0.0,15,13,13.33,0.0
P::conf_cycles_seen_ge_39.0+is_asia_session_TRUE,pair,225,7.759,36,29,16.0,29.27,12.89,108,117,12.04,19.66,106,119,15.09,16.81
P::conf_cycles_seen_ge_39.0+is_asia_session_TRUE::top1,pair+top1,29,1.0,8,1,27.59,6.5,3.45,14,15,21.43,33.33,12,17,25.0,29.41
P::conf_cycles_seen_ge_39.0+is_asia_session_FALSE,pair,298,10.276,28,34,9.4,22.76,11.41,142,156,15.49,3.85,154,144,9.09,9.72
P::conf_cycles_seen_ge_39.0+is_asia_session_FALSE::top1,pair+top1,29,1.0,2,1,6.9,1.63,3.45,14,15,14.29,0.0,16,13,6.25,7.69
P::conf_cycles_seen_le_39.0+is_asia_session_TRUE,pair,221,7.621,45,41,20.36,36.59,18.55,112,109,18.75,22.02,108,113,23.15,17.7
P::conf_cycles_seen_le_39.0+is_asia_session_TRUE::top1,pair+top1,29,1.0,10,2,34.48,8.13,6.9,14,15,35.71,33.33,15,14,46.67,21.43
P::conf_cycles_seen_le_39.0+is_asia_session_FALSE,pair,303,10.448,14,36,4.62,11.38,11.88,146,157,7.53,1.91,144,159,5.56,3.77
P::conf_cycles_seen_le_39.0+is_asia_session_FALSE::top1,pair+top1,29,1.0,3,1,10.34,2.44,3.45,14,15,21.43,0.0,16,13,18.75,0.0
P::conf_cycles_seen_ge_73.0+is_asia_session_TRUE,pair,130,4.483,20,14,15.38,16.26,10.77,65,65,9.23,21.54,64,66,17.19,13.64
P::conf_cycles_seen_ge_73.0+is_asia_session_TRUE::top1,pair+top1,29,1.0,7,3,24.14,5.69,10.34,14,15,7.14,40.0,13,16,23.08,25.0
P::conf_cycles_seen_ge_73.0+is_asia_session_FALSE,pair,185,6.379,17,14,9.19,13.82,7.57,91,94,14.29,4.26,85,100,11.76,7.0
P::conf_cycles_seen_ge_73.0+is_asia_session_FALSE::top1,pair+top1,27,0.931,1,0,3.7,0.81,0.0,13,14,7.69,0.0,15,12,6.67,0.0
P::conf_cycles_seen_le_73.0+is_asia_session_TRUE,pair,316,10.897,61,56,19.3,49.59,17.72,153,163,18.3,20.25,149,167,20.13,18.56
P::conf_cycles_seen_le_73.0+is_asia_session_TRUE::top1,pair+top1,29,1.0,12,1,41.38,9.76,3.45,14,15,42.86,40.0,15,14,46.67,35.71
P::conf_cycles_seen_le_73.0+is_asia_session_FALSE,pair,417,14.379,25,55,6.0,20.33,13.19,199,218,10.05,2.29,213,204,5.63,6.37
P::conf_cycles_seen_le_73.0+is_asia_session_FALSE::top1,pair+top1,29,1.0,2,1,6.9,1.63,3.45,14,15,14.29,0.0,16,13,12.5,0.0
P::conf_cycles_seen_ge_20.0+cand_prior_move_pct_ge_0.0,pair,732,25.241,89,87,12.16,72.36,11.89,355,377,13.24,11.14,364,368,12.64,11.68
P::conf_cycles_seen_ge_20.0+cand_prior_move_pct_ge_0.0::top1,pair+top1,29,1.0,9,0,31.03,7.32,0.0,14,15,28.57,33.33,14,15,28.57,33.33
P::conf_cycles_seen_ge_20.0+cand_prior_move_pct_le_0.0,pair,631,21.759,75,80,11.89,60.98,12.68,313,318,11.82,11.95,317,314,12.62,11.15
P::conf_cycles_seen_ge_20.0+cand_prior_move_pct_le_0.0::top1,pair+top1,29,1.0,8,2,27.59,6.5,6.9,14,15,21.43,33.33,15,14,26.67,28.57
P::conf_cycles_seen_ge_20.0+cand_prior_move_pct_ge_0.0,pair,732,25.241,89,87,12.16,72.36,11.89,355,377,13.24,11.14,364,368,12.64,11.68
P::conf_cycles_seen_ge_20.0+cand_prior_move_pct_ge_0.0::top1,pair+top1,29,1.0,9,0,31.03,7.32,0.0,14,15,28.57,33.33,14,15,28.57,33.33
P::conf_cycles_seen_ge_20.0+cand_prior_move_pct_le_0.0,pair,631,21.759,75,80,11.89,60.98,12.68,313,318,11.82,11.95,317,314,12.62,11.15
P::conf_cycles_seen_ge_20.0+cand_prior_move_pct_le_0.0::top1,pair+top1,29,1.0,8,2,27.59,6.5,6.9,14,15,21.43,33.33,15,14,26.67,28.57
P::conf_cycles_seen_ge_20.0+cand_prior_move_pct_ge_0.0,pair,732,25.241,89,87,12.16,72.36,11.89,355,377,13.24,11.14,364,368,12.64,11.68
P::conf_cycles_seen_ge_20.0+cand_prior_move_pct_ge_0.0::top1,pair+top1,29,1.0,9,0,31.03,7.32,0.0,14,15,28.57,33.33,14,15,28.57,33.33
P::conf_cycles_seen_ge_20.0+cand_prior_move_pct_le_0.0,pair,631,21.759,75,80,11.89,60.98,12.68,313,318,11.82,11.95,317,314,12.62,11.15
P::conf_cycles_seen_ge_20.0+cand_prior_move_pct_le_0.0::top1,pair+top1,29,1.0,8,2,27.59,6.5,6.9,14,15,21.43,33.33,15,14,26.67,28.57
P::conf_cycles_seen_le_20.0+cand_prior_move_pct_ge_0.0,pair,332,11.448,35,55,10.54,28.46,16.57,161,171,13.04,8.19,153,179,11.76,9.5
P::conf_cycles_seen_le_20.0+cand_prior_move_pct_ge_0.0::top1,pair+top1,29,1.0,5,3,17.24,4.07,10.34,14,15,28.57,6.67,16,13,18.75,15.38
P::conf_cycles_seen_le_20.0+cand_prior_move_pct_le_0.0,pair,293,10.103,31,50,10.58,25.2,17.06,145,148,13.79,7.43,135,158,12.59,8.86
P::conf_cycles_seen_le_20.0+cand_prior_move_pct_le_0.0::top1,pair+top1,29,1.0,7,2,24.14,5.69,6.9,14,15,42.86,6.67,14,15,21.43,26.67
P::conf_cycles_seen_le_20.0+cand_prior_move_pct_ge_0.0,pair,332,11.448,35,55,10.54,28.46,16.57,161,171,13.04,8.19,153,179,11.76,9.5
P::conf_cycles_seen_le_20.0+cand_prior_move_pct_ge_0.0::top1,pair+top1,29,1.0,5,3,17.24,4.07,10.34,14,15,28.57,6.67,16,13,18.75,15.38
P::conf_cycles_seen_le_20.0+cand_prior_move_pct_le_0.0,pair,293,10.103,31,50,10.58,25.2,17.06,145,148,13.79,7.43,135,158,12.59,8.86
P::conf_cycles_seen_le_20.0+cand_prior_move_pct_le_0.0::top1,pair+top1,29,1.0,7,2,24.14,5.69,6.9,14,15,42.86,6.67,14,15,21.43,26.67
P::conf_cycles_seen_le_20.0+cand_prior_move_pct_ge_0.0,pair,332,11.448,35,55,10.54,28.46,16.57,161,171,13.04,8.19,153,179,11.76,9.5
P::conf_cycles_seen_le_20.0+cand_prior_move_pct_ge_0.0::top1,pair+top1,29,1.0,5,3,17.24,4.07,10.34,14,15,28.57,6.67,16,13,18.75,15.38
P::conf_cycles_seen_le_20.0+cand_prior_move_pct_le_0.0,pair,293,10.103,31,50,10.58,25.2,17.06,145,148,13.79,7.43,135,158,12.59,8.86
P::conf_cycles_seen_le_20.0+cand_prior_move_pct_le_0.0::top1,pair+top1,29,1.0,7,2,24.14,5.69,6.9,14,15,42.86,6.67,14,15,21.43,26.67
P::conf_cycles_seen_ge_39.0+cand_prior_move_pct_ge_0.0,pair,523,18.034,64,63,12.24,52.03,12.05,250,273,14.0,10.62,260,263,11.54,12.93
P::conf_cycles_seen_ge_39.0+cand_prior_move_pct_ge_0.0::top1,pair+top1,29,1.0,5,1,17.24,4.07,3.45,14,15,14.29,20.0,13,16,23.08,12.5
P::conf_cycles_seen_ge_39.0+cand_prior_move_pct_le_0.0,pair,445,15.345,52,56,11.69,42.28,12.58,212,233,11.79,11.59,225,220,11.11,12.27
P::conf_cycles_seen_ge_39.0+cand_prior_move_pct_le_0.0::top1,pair+top1,29,1.0,3,2,10.34,2.44,6.9,14,15,0.0,20.0,14,15,14.29,6.67
P::conf_cycles_seen_ge_39.0+cand_prior_move_pct_ge_0.0,pair,523,18.034,64,63,12.24,52.03,12.05,250,273,14.0,10.62,260,263,11.54,12.93
P::conf_cycles_seen_ge_39.0+cand_prior_move_pct_ge_0.0::top1,pair+top1,29,1.0,5,1,17.24,4.07,3.45,14,15,14.29,20.0,13,16,23.08,12.5
P::conf_cycles_seen_ge_39.0+cand_prior_move_pct_le_0.0,pair,445,15.345,52,56,11.69,42.28,12.58,212,233,11.79,11.59,225,220,11.11,12.27
P::conf_cycles_seen_ge_39.0+cand_prior_move_pct_le_0.0::top1,pair+top1,29,1.0,3,2,10.34,2.44,6.9,14,15,0.0,20.0,14,15,14.29,6.67
P::conf_cycles_seen_ge_39.0+cand_prior_move_pct_ge_0.0,pair,523,18.034,64,63,12.24,52.03,12.05,250,273,14.0,10.62,260,263,11.54,12.93
P::conf_cycles_seen_ge_39.0+cand_prior_move_pct_ge_0.0::top1,pair+top1,29,1.0,5,1,17.24,4.07,3.45,14,15,14.29,20.0,13,16,23.08,12.5
P::conf_cycles_seen_ge_39.0+cand_prior_move_pct_le_0.0,pair,445,15.345,52,56,11.69,42.28,12.58,212,233,11.79,11.59,225,220,11.11,12.27
P::conf_cycles_seen_ge_39.0+cand_prior_move_pct_le_0.0::top1,pair+top1,29,1.0,3,2,10.34,2.44,6.9,14,15,0.0,20.0,14,15,14.29,6.67
P::conf_cycles_seen_le_39.0+cand_prior_move_pct_ge_0.0,pair,524,18.069,59,77,11.26,47.97,14.69,258,266,12.4,10.15,252,272,13.1,9.56
P::conf_cycles_seen_le_39.0+cand_prior_move_pct_ge_0.0::top1,pair+top1,29,1.0,10,2,34.48,8.13,6.9,14,15,35.71,33.33,16,13,43.75,23.08
P::conf_cycles_seen_le_39.0+cand_prior_move_pct_le_0.0,pair,463,15.966,53,71,11.45,43.09,15.33,238,225,13.03,9.78,222,241,13.96,9.13
P::conf_cycles_seen_le_39.0+cand_prior_move_pct_le_0.0::top1,pair+top1,29,1.0,11,1,37.93,8.94,3.45,14,15,50.0,26.67,13,16,46.15,31.25
P::conf_cycles_seen_le_39.0+cand_prior_move_pct_ge_0.0,pair,524,18.069,59,77,11.26,47.97,14.69,258,266,12.4,10.15,252,272,13.1,9.56
P::conf_cycles_seen_le_39.0+cand_prior_move_pct_ge_0.0::top1,pair+top1,29,1.0,10,2,34.48,8.13,6.9,14,15,35.71,33.33,16,13,43.75,23.08
P::conf_cycles_seen_le_39.0+cand_prior_move_pct_le_0.0,pair,463,15.966,53,71,11.45,43.09,15.33,238,225,13.03,9.78,222,241,13.96,9.13
P::conf_cycles_seen_le_39.0+cand_prior_move_pct_le_0.0::top1,pair+top1,29,1.0,11,1,37.93,8.94,3.45,14,15,50.0,26.67,13,16,46.15,31.25
P::conf_cycles_seen_le_39.0+cand_prior_move_pct_ge_0.0,pair,524,18.069,59,77,11.26,47.97,14.69,258,266,12.4,10.15,252,272,13.1,9.56
P::conf_cycles_seen_le_39.0+cand_prior_move_pct_ge_0.0::top1,pair+top1,29,1.0,10,2,34.48,8.13,6.9,14,15,35.71,33.33,16,13,43.75,23.08
P::conf_cycles_seen_le_39.0+cand_prior_move_pct_le_0.0,pair,463,15.966,53,71,11.45,43.09,15.33,238,225,13.03,9.78,222,241,13.96,9.13
P::conf_cycles_seen_le_39.0+cand_prior_move_pct_le_0.0::top1,pair+top1,29,1.0,11,1,37.93,8.94,3.45,14,15,50.0,26.67,13,16,46.15,31.25
P::conf_cycles_seen_ge_73.0+cand_prior_move_pct_ge_0.0,pair,315,10.862,37,28,11.75,30.08,8.89,156,159,12.18,11.32,149,166,14.09,9.64
P::conf_cycles_seen_ge_73.0+cand_prior_move_pct_ge_0.0::top1,pair+top1,29,1.0,4,0,13.79,3.25,0.0,14,15,7.14,20.0,17,12,17.65,8.33
P::conf_cycles_seen_ge_73.0+cand_prior_move_pct_le_0.0,pair,267,9.207,30,24,11.24,24.39,8.99,134,133,9.7,12.78,128,139,13.28,9.35
P::conf_cycles_seen_ge_73.0+cand_prior_move_pct_le_0.0::top1,pair+top1,29,1.0,4,0,13.79,3.25,0.0,14,15,7.14,20.0,16,13,18.75,7.69
P::conf_cycles_seen_ge_73.0+cand_prior_move_pct_ge_0.0,pair,315,10.862,37,28,11.75,30.08,8.89,156,159,12.18,11.32,149,166,14.09,9.64
P::conf_cycles_seen_ge_73.0+cand_prior_move_pct_ge_0.0::top1,pair+top1,29,1.0,4,0,13.79,3.25,0.0,14,15,7.14,20.0,17,12,17.65,8.33
P::conf_cycles_seen_ge_73.0+cand_prior_move_pct_le_0.0,pair,267,9.207,30,24,11.24,24.39,8.99,134,133,9.7,12.78,128,139,13.28,9.35
P::conf_cycles_seen_ge_73.0+cand_prior_move_pct_le_0.0::top1,pair+top1,29,1.0,4,0,13.79,3.25,0.0,14,15,7.14,20.0,16,13,18.75,7.69
P::conf_cycles_seen_ge_73.0+cand_prior_move_pct_ge_0.0,pair,315,10.862,37,28,11.75,30.08,8.89,156,159,12.18,11.32,149,166,14.09,9.64
P::conf_cycles_seen_ge_73.0+cand_prior_move_pct_ge_0.0::top1,pair+top1,29,1.0,4,0,13.79,3.25,0.0,14,15,7.14,20.0,17,12,17.65,8.33
P::conf_cycles_seen_ge_73.0+cand_prior_move_pct_le_0.0,pair,267,9.207,30,24,11.24,24.39,8.99,134,133,9.7,12.78,128,139,13.28,9.35
P::conf_cycles_seen_ge_73.0+cand_prior_move_pct_le_0.0::top1,pair+top1,29,1.0,4,0,13.79,3.25,0.0,14,15,7.14,20.0,16,13,18.75,7.69
P::conf_cycles_seen_le_73.0+cand_prior_move_pct_ge_0.0,pair,733,25.276,86,111,11.73,69.92,15.14,352,381,13.64,9.97,362,371,11.6,11.86
P::conf_cycles_seen_le_73.0+cand_prior_move_pct_ge_0.0::top1,pair+top1,29,1.0,12,1,41.38,9.76,3.45,14,15,42.86,40.0,18,11,38.89,45.45
P::conf_cycles_seen_le_73.0+cand_prior_move_pct_le_0.0,pair,643,22.172,75,103,11.66,60.98,16.02,316,327,13.61,9.79,319,324,12.23,11.11
P::conf_cycles_seen_le_73.0+cand_prior_move_pct_le_0.0::top1,pair+top1,29,1.0,11,2,37.93,8.94,6.9,14,15,42.86,33.33,17,12,35.29,41.67
P::conf_cycles_seen_le_73.0+cand_prior_move_pct_ge_0.0,pair,733,25.276,86,111,11.73,69.92,15.14,352,381,13.64,9.97,362,371,11.6,11.86
P::conf_cycles_seen_le_73.0+cand_prior_move_pct_ge_0.0::top1,pair+top1,29,1.0,12,1,41.38,9.76,3.45,14,15,42.86,40.0,18,11,38.89,45.45
P::conf_cycles_seen_le_73.0+cand_prior_move_pct_le_0.0,pair,643,22.172,75,103,11.66,60.98,16.02,316,327,13.61,9.79,319,324,12.23,11.11
P::conf_cycles_seen_le_73.0+cand_prior_move_pct_le_0.0::top1,pair+top1,29,1.0,11,2,37.93,8.94,6.9,14,15,42.86,33.33,17,12,35.29,41.67
P::conf_cycles_seen_le_73.0+cand_prior_move_pct_ge_0.0,pair,733,25.276,86,111,11.73,69.92,15.14,352,381,13.64,9.97,362,371,11.6,11.86
P::conf_cycles_seen_le_73.0+cand_prior_move_pct_ge_0.0::top1,pair+top1,29,1.0,12,1,41.38,9.76,3.45,14,15,42.86,40.0,18,11,38.89,45.45
P::conf_cycles_seen_le_73.0+cand_prior_move_pct_le_0.0,pair,643,22.172,75,103,11.66,60.98,16.02,316,327,13.61,9.79,319,324,12.23,11.11
P::conf_cycles_seen_le_73.0+cand_prior_move_pct_le_0.0::top1,pair+top1,29,1.0,11,2,37.93,8.94,6.9,14,15,42.86,33.33,17,12,35.29,41.67
P::conf_cycles_seen_ge_20.0+conf_void_score_ge_1.0,pair,732,25.241,89,87,12.16,72.36,11.89,355,377,13.24,11.14,364,368,12.64,11.68
P::conf_cycles_seen_ge_20.0+conf_void_score_ge_1.0::top1,pair+top1,29,1.0,9,0,31.03,7.32,0.0,14,15,28.57,33.33,14,15,28.57,33.33
P::conf_cycles_seen_ge_20.0+conf_void_score_le_1.0,pair,732,25.241,89,87,12.16,72.36,11.89,355,377,13.24,11.14,364,368,12.64,11.68
P::conf_cycles_seen_ge_20.0+conf_void_score_le_1.0::top1,pair+top1,29,1.0,9,0,31.03,7.32,0.0,14,15,28.57,33.33,14,15,28.57,33.33
P::conf_cycles_seen_ge_20.0+conf_void_score_ge_1.0,pair,732,25.241,89,87,12.16,72.36,11.89,355,377,13.24,11.14,364,368,12.64,11.68
P::conf_cycles_seen_ge_20.0+conf_void_score_ge_1.0::top1,pair+top1,29,1.0,9,0,31.03,7.32,0.0,14,15,28.57,33.33,14,15,28.57,33.33
P::conf_cycles_seen_ge_20.0+conf_void_score_le_1.0,pair,732,25.241,89,87,12.16,72.36,11.89,355,377,13.24,11.14,364,368,12.64,11.68
P::conf_cycles_seen_ge_20.0+conf_void_score_le_1.0::top1,pair+top1,29,1.0,9,0,31.03,7.32,0.0,14,15,28.57,33.33,14,15,28.57,33.33
P::conf_cycles_seen_ge_20.0+conf_void_score_ge_1.0,pair,732,25.241,89,87,12.16,72.36,11.89,355,377,13.24,11.14,364,368,12.64,11.68
P::conf_cycles_seen_ge_20.0+conf_void_score_ge_1.0::top1,pair+top1,29,1.0,9,0,31.03,7.32,0.0,14,15,28.57,33.33,14,15,28.57,33.33
P::conf_cycles_seen_ge_20.0+conf_void_score_le_1.0,pair,732,25.241,89,87,12.16,72.36,11.89,355,377,13.24,11.14,364,368,12.64,11.68
P::conf_cycles_seen_ge_20.0+conf_void_score_le_1.0::top1,pair+top1,29,1.0,9,0,31.03,7.32,0.0,14,15,28.57,33.33,14,15,28.57,33.33
P::conf_cycles_seen_le_20.0+conf_void_score_ge_1.0,pair,332,11.448,35,55,10.54,28.46,16.57,161,171,13.04,8.19,153,179,11.76,9.5
P::conf_cycles_seen_le_20.0+conf_void_score_ge_1.0::top1,pair+top1,29,1.0,5,3,17.24,4.07,10.34,14,15,28.57,6.67,16,13,18.75,15.38
P::conf_cycles_seen_le_20.0+conf_void_score_le_1.0,pair,332,11.448,35,55,10.54,28.46,16.57,161,171,13.04,8.19,153,179,11.76,9.5
P::conf_cycles_seen_le_20.0+conf_void_score_le_1.0::top1,pair+top1,29,1.0,5,3,17.24,4.07,10.34,14,15,28.57,6.67,16,13,18.75,15.38
P::conf_cycles_seen_le_20.0+conf_void_score_ge_1.0,pair,332,11.448,35,55,10.54,28.46,16.57,161,171,13.04,8.19,153,179,11.76,9.5
P::conf_cycles_seen_le_20.0+conf_void_score_ge_1.0::top1,pair+top1,29,1.0,5,3,17.24,4.07,10.34,14,15,28.57,6.67,16,13,18.75,15.38
P::conf_cycles_seen_le_20.0+conf_void_score_le_1.0,pair,332,11.448,35,55,10.54,28.46,16.57,161,171,13.04,8.19,153,179,11.76,9.5
P::conf_cycles_seen_le_20.0+conf_void_score_le_1.0::top1,pair+top1,29,1.0,5,3,17.24,4.07,10.34,14,15,28.57,6.67,16,13,18.75,15.38
P::conf_cycles_seen_le_20.0+conf_void_score_ge_1.0,pair,332,11.448,35,55,10.54,28.46,16.57,161,171,13.04,8.19,153,179,11.76,9.5
P::conf_cycles_seen_le_20.0+conf_void_score_ge_1.0::top1,pair+top1,29,1.0,5,3,17.24,4.07,10.34,14,15,28.57,6.67,16,13,18.75,15.38
P::conf_cycles_seen_le_20.0+conf_void_score_le_1.0,pair,332,11.448,35,55,10.54,28.46,16.57,161,171,13.04,8.19,153,179,11.76,9.5
P::conf_cycles_seen_le_20.0+conf_void_score_le_1.0::top1,pair+top1,29,1.0,5,3,17.24,4.07,10.34,14,15,28.57,6.67,16,13,18.75,15.38
P::conf_cycles_seen_ge_39.0+conf_void_score_ge_1.0,pair,523,18.034,64,63,12.24,52.03,12.05,250,273,14.0,10.62,260,263,11.54,12.93
P::conf_cycles_seen_ge_39.0+conf_void_score_ge_1.0::top1,pair+top1,29,1.0,5,1,17.24,4.07,3.45,14,15,14.29,20.0,13,16,23.08,12.5
P::conf_cycles_seen_ge_39.0+conf_void_score_le_1.0,pair,523,18.034,64,63,12.24,52.03,12.05,250,273,14.0,10.62,260,263,11.54,12.93
P::conf_cycles_seen_ge_39.0+conf_void_score_le_1.0::top1,pair+top1,29,1.0,5,1,17.24,4.07,3.45,14,15,14.29,20.0,13,16,23.08,12.5
P::conf_cycles_seen_ge_39.0+conf_void_score_ge_1.0,pair,523,18.034,64,63,12.24,52.03,12.05,250,273,14.0,10.62,260,263,11.54,12.93
P::conf_cycles_seen_ge_39.0+conf_void_score_ge_1.0::top1,pair+top1,29,1.0,5,1,17.24,4.07,3.45,14,15,14.29,20.0,13,16,23.08,12.5
P::conf_cycles_seen_ge_39.0+conf_void_score_le_1.0,pair,523,18.034,64,63,12.24,52.03,12.05,250,273,14.0,10.62,260,263,11.54,12.93
P::conf_cycles_seen_ge_39.0+conf_void_score_le_1.0::top1,pair+top1,29,1.0,5,1,17.24,4.07,3.45,14,15,14.29,20.0,13,16,23.08,12.5
P::conf_cycles_seen_ge_39.0+conf_void_score_ge_1.0,pair,523,18.034,64,63,12.24,52.03,12.05,250,273,14.0,10.62,260,263,11.54,12.93
P::conf_cycles_seen_ge_39.0+conf_void_score_ge_1.0::top1,pair+top1,29,1.0,5,1,17.24,4.07,3.45,14,15,14.29,20.0,13,16,23.08,12.5
P::conf_cycles_seen_ge_39.0+conf_void_score_le_1.0,pair,523,18.034,64,63,12.24,52.03,12.05,250,273,14.0,10.62,260,263,11.54,12.93
P::conf_cycles_seen_ge_39.0+conf_void_score_le_1.0::top1,pair+top1,29,1.0,5,1,17.24,4.07,3.45,14,15,14.29,20.0,13,16,23.08,12.5
P::conf_cycles_seen_le_39.0+conf_void_score_ge_1.0,pair,524,18.069,59,77,11.26,47.97,14.69,258,266,12.4,10.15,252,272,13.1,9.56
P::conf_cycles_seen_le_39.0+conf_void_score_ge_1.0::top1,pair+top1,29,1.0,10,2,34.48,8.13,6.9,14,15,35.71,33.33,16,13,43.75,23.08
P::conf_cycles_seen_le_39.0+conf_void_score_le_1.0,pair,524,18.069,59,77,11.26,47.97,14.69,258,266,12.4,10.15,252,272,13.1,9.56
P::conf_cycles_seen_le_39.0+conf_void_score_le_1.0::top1,pair+top1,29,1.0,10,2,34.48,8.13,6.9,14,15,35.71,33.33,16,13,43.75,23.08
P::conf_cycles_seen_le_39.0+conf_void_score_ge_1.0,pair,524,18.069,59,77,11.26,47.97,14.69,258,266,12.4,10.15,252,272,13.1,9.56
P::conf_cycles_seen_le_39.0+conf_void_score_ge_1.0::top1,pair+top1,29,1.0,10,2,34.48,8.13,6.9,14,15,35.71,33.33,16,13,43.75,23.08
P::conf_cycles_seen_le_39.0+conf_void_score_le_1.0,pair,524,18.069,59,77,11.26,47.97,14.69,258,266,12.4,10.15,252,272,13.1,9.56
P::conf_cycles_seen_le_39.0+conf_void_score_le_1.0::top1,pair+top1,29,1.0,10,2,34.48,8.13,6.9,14,15,35.71,33.33,16,13,43.75,23.08
P::conf_cycles_seen_le_39.0+conf_void_score_ge_1.0,pair,524,18.069,59,77,11.26,47.97,14.69,258,266,12.4,10.15,252,272,13.1,9.56
P::conf_cycles_seen_le_39.0+conf_void_score_ge_1.0::top1,pair+top1,29,1.0,10,2,34.48,8.13,6.9,14,15,35.71,33.33,16,13,43.75,23.08
P::conf_cycles_seen_le_39.0+conf_void_score_le_1.0,pair,524,18.069,59,77,11.26,47.97,14.69,258,266,12.4,10.15,252,272,13.1,9.56
P::conf_cycles_seen_le_39.0+conf_void_score_le_1.0::top1,pair+top1,29,1.0,10,2,34.48,8.13,6.9,14,15,35.71,33.33,16,13,43.75,23.08
P::conf_cycles_seen_ge_73.0+conf_void_score_ge_1.0,pair,315,10.862,37,28,11.75,30.08,8.89,156,159,12.18,11.32,149,166,14.09,9.64
P::conf_cycles_seen_ge_73.0+conf_void_score_ge_1.0::top1,pair+top1,29,1.0,4,0,13.79,3.25,0.0,14,15,7.14,20.0,17,12,17.65,8.33
P::conf_cycles_seen_ge_73.0+conf_void_score_le_1.0,pair,315,10.862,37,28,11.75,30.08,8.89,156,159,12.18,11.32,149,166,14.09,9.64
P::conf_cycles_seen_ge_73.0+conf_void_score_le_1.0::top1,pair+top1,29,1.0,4,0,13.79,3.25,0.0,14,15,7.14,20.0,17,12,17.65,8.33
P::conf_cycles_seen_ge_73.0+conf_void_score_ge_1.0,pair,315,10.862,37,28,11.75,30.08,8.89,156,159,12.18,11.32,149,166,14.09,9.64
P::conf_cycles_seen_ge_73.0+conf_void_score_ge_1.0::top1,pair+top1,29,1.0,4,0,13.79,3.25,0.0,14,15,7.14,20.0,17,12,17.65,8.33
P::conf_cycles_seen_ge_73.0+conf_void_score_le_1.0,pair,315,10.862,37,28,11.75,30.08,8.89,156,159,12.18,11.32,149,166,14.09,9.64
P::conf_cycles_seen_ge_73.0+conf_void_score_le_1.0::top1,pair+top1,29,1.0,4,0,13.79,3.25,0.0,14,15,7.14,20.0,17,12,17.65,8.33
P::conf_cycles_seen_ge_73.0+conf_void_score_ge_1.0,pair,315,10.862,37,28,11.75,30.08,8.89,156,159,12.18,11.32,149,166,14.09,9.64
P::conf_cycles_seen_ge_73.0+conf_void_score_ge_1.0::top1,pair+top1,29,1.0,4,0,13.79,3.25,0.0,14,15,7.14,20.0,17,12,17.65,8.33
P::conf_cycles_seen_ge_73.0+conf_void_score_le_1.0,pair,315,10.862,37,28,11.75,30.08,8.89,156,159,12.18,11.32,149,166,14.09,9.64
P::conf_cycles_seen_ge_73.0+conf_void_score_le_1.0::top1,pair+top1,29,1.0,4,0,13.79,3.25,0.0,14,15,7.14,20.0,17,12,17.65,8.33
P::conf_cycles_seen_le_73.0+conf_void_score_ge_1.0,pair,733,25.276,86,111,11.73,69.92,15.14,352,381,13.64,9.97,362,371,11.6,11.86
P::conf_cycles_seen_le_73.0+conf_void_score_ge_1.0::top1,pair+top1,29,1.0,12,1,41.38,9.76,3.45,14,15,42.86,40.0,18,11,38.89,45.45
P::conf_cycles_seen_le_73.0+conf_void_score_le_1.0,pair,733,25.276,86,111,11.73,69.92,15.14,352,381,13.64,9.97,362,371,11.6,11.86
P::conf_cycles_seen_le_73.0+conf_void_score_le_1.0::top1,pair+top1,29,1.0,12,1,41.38,9.76,3.45,14,15,42.86,40.0,18,11,38.89,45.45
P::conf_cycles_seen_le_73.0+conf_void_score_ge_1.0,pair,733,25.276,86,111,11.73,69.92,15.14,352,381,13.64,9.97,362,371,11.6,11.86
P::conf_cycles_seen_le_73.0+conf_void_score_ge_1.0::top1,pair+top1,29,1.0,12,1,41.38,9.76,3.45,14,15,42.86,40.0,18,11,38.89,45.45
P::conf_cycles_seen_le_73.0+conf_void_score_le_1.0,pair,733,25.276,86,111,11.73,69.92,15.14,352,381,13.64,9.97,362,371,11.6,11.86
P::conf_cycles_seen_le_73.0+conf_void_score_le_1.0::top1,pair+top1,29,1.0,12,1,41.38,9.76,3.45,14,15,42.86,40.0,18,11,38.89,45.45
P::conf_cycles_seen_le_73.0+conf_void_score_ge_1.0,pair,733,25.276,86,111,11.73,69.92,15.14,352,381,13.64,9.97,362,371,11.6,11.86
P::conf_cycles_seen_le_73.0+conf_void_score_ge_1.0::top1,pair+top1,29,1.0,12,1,41.38,9.76,3.45,14,15,42.86,40.0,18,11,38.89,45.45
P::conf_cycles_seen_le_73.0+conf_void_score_le_1.0,pair,733,25.276,86,111,11.73,69.92,15.14,352,381,13.64,9.97,362,371,11.6,11.86
P::conf_cycles_seen_le_73.0+conf_void_score_le_1.0::top1,pair+top1,29,1.0,12,1,41.38,9.76,3.45,14,15,42.86,40.0,18,11,38.89,45.45
P::conf_cycles_seen_ge_20.0+score_ofi_ge_-0.1041,pair,517,17.828,65,67,12.57,52.85,12.96,251,266,13.94,11.28,321,196,13.08,11.73
P::conf_cycles_seen_ge_20.0+score_ofi_ge_-0.1041::top1,pair+top1,29,1.0,9,1,31.03,7.32,3.45,14,15,28.57,33.33,18,11,27.78,36.36
P::conf_cycles_seen_ge_20.0+score_ofi_le_-0.1041,pair,215,7.414,24,20,11.16,19.51,9.3,104,111,11.54,10.81,43,172,9.3,11.63
P::conf_cycles_seen_ge_20.0+score_ofi_le_-0.1041::top1,pair+top1,29,1.0,3,2,10.34,2.44,6.9,14,15,14.29,6.67,7,22,0.0,13.64
P::conf_cycles_seen_ge_20.0+score_ofi_ge_0.0069,pair,383,13.207,42,55,10.97,34.15,14.36,188,195,12.23,9.74,265,118,11.32,10.17
P::conf_cycles_seen_ge_20.0+score_ofi_ge_0.0069::top1,pair+top1,29,1.0,8,0,27.59,6.5,0.0,14,15,14.29,40.0,19,10,26.32,30.0
P::conf_cycles_seen_ge_20.0+score_ofi_le_0.0069,pair,350,12.069,47,32,13.43,38.21,9.14,167,183,14.37,12.57,99,251,16.16,12.35
P::conf_cycles_seen_ge_20.0+score_ofi_le_0.0069::top1,pair+top1,29,1.0,5,0,17.24,4.07,0.0,14,15,28.57,6.67,9,20,11.11,20.0
P::conf_cycles_seen_ge_20.0+score_ofi_ge_0.1195,pair,235,8.103,23,34,9.79,18.7,14.47,116,119,12.07,7.56,170,65,8.82,12.31
P::conf_cycles_seen_ge_20.0+score_ofi_ge_0.1195::top1,pair+top1,29,1.0,7,1,24.14,5.69,3.45,14,15,21.43,26.67,24,5,20.83,40.0
P::conf_cycles_seen_ge_20.0+score_ofi_le_0.1195,pair,498,17.172,66,54,13.25,53.66,10.84,240,258,13.75,12.79,194,304,15.98,11.51
P::conf_cycles_seen_ge_20.0+score_ofi_le_0.1195::top1,pair+top1,29,1.0,6,0,20.69,4.88,0.0,14,15,21.43,20.0,11,18,18.18,22.22
P::conf_cycles_seen_le_20.0+score_ofi_ge_-0.1041,pair,233,8.034,25,45,10.73,20.33,19.31,124,109,11.29,10.09,125,108,12.0,9.26
P::conf_cycles_seen_le_20.0+score_ofi_ge_-0.1041::top1,pair+top1,29,1.0,4,6,13.79,3.25,20.69,14,15,21.43,6.67,15,14,13.33,14.29
P::conf_cycles_seen_le_20.0+score_ofi_le_-0.1041,pair,100,3.448,10,10,10.0,8.13,10.0,38,62,18.42,4.84,28,72,10.71,9.72
P::conf_cycles_seen_le_20.0+score_ofi_le_-0.1041::top1,pair+top1,27,0.931,3,1,11.11,2.44,3.7,12,15,25.0,0.0,9,18,11.11,11.11
P::conf_cycles_seen_le_20.0+score_ofi_ge_0.0069,pair,149,5.138,17,26,11.41,13.82,17.45,79,70,13.92,8.57,94,55,11.7,10.91
P::conf_cycles_seen_le_20.0+score_ofi_ge_0.0069::top1,pair+top1,29,1.0,5,4,17.24,4.07,13.79,14,15,28.57,6.67,18,11,16.67,18.18
P::conf_cycles_seen_le_20.0+score_ofi_le_0.0069,pair,183,6.31,18,29,9.84,14.63,15.85,82,101,12.2,7.92,59,124,11.86,8.87
P::conf_cycles_seen_le_20.0+score_ofi_le_0.0069::top1,pair+top1,29,1.0,4,2,13.79,3.25,6.9,14,15,21.43,6.67,10,19,20.0,10.53
P::conf_cycles_seen_le_20.0+score_ofi_ge_0.1195,pair,87,3.0,8,15,9.2,6.5,17.24,49,38,10.2,7.89,59,28,8.47,10.71
P::conf_cycles_seen_le_20.0+score_ofi_ge_0.1195::top1,pair+top1,25,0.862,3,2,12.0,2.44,8.0,13,12,15.38,8.33,19,6,10.53,16.67
P::conf_cycles_seen_le_20.0+score_ofi_le_0.1195,pair,245,8.448,27,40,11.02,21.95,16.33,112,133,14.29,8.27,94,151,13.83,9.27
P::conf_cycles_seen_le_20.0+score_ofi_le_0.1195::top1,pair+top1,29,1.0,5,2,17.24,4.07,6.9,14,15,28.57,6.67,12,17,25.0,11.76
P::conf_cycles_seen_ge_39.0+score_ofi_ge_-0.1041,pair,370,12.759,48,52,12.97,39.02,14.05,174,196,14.94,11.22,233,137,12.02,14.6
P::conf_cycles_seen_ge_39.0+score_ofi_ge_-0.1041::top1,pair+top1,29,1.0,6,1,20.69,4.88,3.45,14,15,21.43,20.0,17,12,23.53,16.67
P::conf_cycles_seen_ge_39.0+score_ofi_le_-0.1041,pair,153,5.276,16,11,10.46,13.01,7.19,76,77,11.84,9.09,27,126,7.41,11.11
P::conf_cycles_seen_ge_39.0+score_ofi_le_-0.1041::top1,pair+top1,29,1.0,4,0,13.79,3.25,0.0,14,15,14.29,13.33,7,22,0.0,18.18
P::conf_cycles_seen_ge_39.0+score_ofi_ge_0.0069,pair,279,9.621,30,43,10.75,24.39,15.41,131,148,12.98,8.78,200,79,9.5,13.92
P::conf_cycles_seen_ge_39.0+score_ofi_ge_0.0069::top1,pair+top1,29,1.0,7,0,24.14,5.69,0.0,14,15,21.43,26.67,19,10,21.05,30.0
P::conf_cycles_seen_ge_39.0+score_ofi_le_0.0069,pair,245,8.448,34,20,13.88,27.64,8.16,119,126,15.13,12.7,60,185,18.33,12.43
P::conf_cycles_seen_ge_39.0+score_ofi_le_0.0069::top1,pair+top1,29,1.0,4,1,13.79,3.25,3.45,14,15,21.43,6.67,9,20,11.11,15.0
P::conf_cycles_seen_ge_39.0+score_ofi_ge_0.1195,pair,172,5.931,16,24,9.3,13.01,13.95,80,92,13.75,5.43,126,46,6.35,17.39
P::conf_cycles_seen_ge_39.0+score_ofi_ge_0.1195::top1,pair+top1,27,0.931,5,1,18.52,4.07,3.7,13,14,23.08,14.29,23,4,13.04,50.0
P::conf_cycles_seen_ge_39.0+score_ofi_le_0.1195,pair,351,12.103,48,39,13.68,39.02,11.11,170,181,14.12,13.26,134,217,16.42,11.98
P::conf_cycles_seen_ge_39.0+score_ofi_le_0.1195::top1,pair+top1,29,1.0,3,1,10.34,2.44,3.45,14,15,7.14,13.33,9,20,11.11,10.0
P::conf_cycles_seen_le_39.0+score_ofi_ge_-0.1041,pair,365,12.586,41,58,11.23,33.33,15.89,193,172,11.4,11.05,208,157,13.46,8.28
P::conf_cycles_seen_le_39.0+score_ofi_ge_-0.1041::top1,pair+top1,29,1.0,8,3,27.59,6.5,10.34,14,15,28.57,26.67,16,13,37.5,15.38
P::conf_cycles_seen_le_39.0+score_ofi_le_-0.1041,pair,160,5.517,18,19,11.25,14.63,11.88,66,94,15.15,8.51,44,116,11.36,11.21
P::conf_cycles_seen_le_39.0+score_ofi_le_-0.1041::top1,pair+top1,28,0.966,5,2,17.86,4.07,7.14,13,15,23.08,13.33,8,20,12.5,20.0
P::conf_cycles_seen_le_39.0+score_ofi_ge_0.0069,pair,247,8.517,28,37,11.34,22.76,14.98,132,115,12.12,10.43,157,90,13.38,7.78
P::conf_cycles_seen_le_39.0+score_ofi_ge_0.0069::top1,pair+top1,29,1.0,9,1,31.03,7.32,3.45,14,15,35.71,26.67,15,14,46.67,14.29
P::conf_cycles_seen_le_39.0+score_ofi_le_0.0069,pair,277,9.552,31,40,11.19,25.2,14.44,126,151,12.7,9.93,95,182,12.63,10.44
P::conf_cycles_seen_le_39.0+score_ofi_le_0.0069::top1,pair+top1,29,1.0,6,2,20.69,4.88,6.9,14,15,21.43,20.0,11,18,18.18,22.22
P::conf_cycles_seen_le_39.0+score_ofi_ge_0.1195,pair,145,5.0,14,23,9.66,11.38,15.86,82,63,8.54,11.11,100,45,11.0,6.67
P::conf_cycles_seen_le_39.0+score_ofi_ge_0.1195::top1,pair+top1,29,1.0,7,1,24.14,5.69,3.45,14,15,21.43,26.67,21,8,28.57,12.5
P::conf_cycles_seen_le_39.0+score_ofi_le_0.1195,pair,380,13.103,45,55,11.84,36.59,14.47,177,203,14.12,9.85,152,228,14.47,10.09
P::conf_cycles_seen_le_39.0+score_ofi_le_0.1195::top1,pair+top1,29,1.0,8,2,27.59,6.5,6.9,14,15,28.57,26.67,12,17,25.0,29.41
P::conf_cycles_seen_ge_73.0+score_ofi_ge_-0.1041,pair,220,7.586,29,23,13.18,23.58,10.45,111,109,14.41,11.93,133,87,15.79,9.2
P::conf_cycles_seen_ge_73.0+score_ofi_ge_-0.1041::top1,pair+top1,29,1.0,4,1,13.79,3.25,3.45,14,15,14.29,13.33,19,10,21.05,0.0
P::conf_cycles_seen_ge_73.0+score_ofi_le_-0.1041,pair,95,3.276,8,5,8.42,6.5,5.26,45,50,6.67,10.0,16,79,0.0,10.13
P::conf_cycles_seen_ge_73.0+score_ofi_le_-0.1041::top1,pair+top1,29,1.0,3,2,10.34,2.44,6.9,14,15,7.14,13.33,6,23,0.0,13.04
P::conf_cycles_seen_ge_73.0+score_ofi_ge_0.0069,pair,162,5.586,17,18,10.49,13.82,11.11,83,79,12.05,8.86,112,50,11.61,8.0
P::conf_cycles_seen_ge_73.0+score_ofi_ge_0.0069::top1,pair+top1,29,1.0,3,3,10.34,2.44,10.34,14,15,7.14,13.33,21,8,14.29,0.0
P::conf_cycles_seen_ge_73.0+score_ofi_le_0.0069,pair,153,5.276,20,10,13.07,16.26,6.54,73,80,12.33,13.75,37,116,21.62,10.34
P::conf_cycles_seen_ge_73.0+score_ofi_le_0.0069::top1,pair+top1,29,1.0,5,1,17.24,4.07,3.45,14,15,14.29,20.0,9,20,22.22,15.0
P::conf_cycles_seen_ge_73.0+score_ofi_ge_0.1195,pair,101,3.483,10,11,9.9,8.13,10.89,48,53,14.58,5.66,70,31,8.57,12.9
P::conf_cycles_seen_ge_73.0+score_ofi_ge_0.1195::top1,pair+top1,27,0.931,2,3,7.41,1.63,11.11,13,14,7.69,7.14,20,7,5.0,14.29
P::conf_cycles_seen_ge_73.0+score_ofi_le_0.1195,pair,214,7.379,27,17,12.62,21.95,7.94,108,106,11.11,14.15,79,135,18.99,8.89
P::conf_cycles_seen_ge_73.0+score_ofi_le_0.1195::top1,pair+top1,29,1.0,6,1,20.69,4.88,3.45,14,15,14.29,26.67,11,18,27.27,16.67
P::conf_cycles_seen_le_73.0+score_ofi_ge_-0.1041,pair,516,17.793,60,86,11.63,48.78,16.67,256,260,12.5,10.77,307,209,11.4,11.96
P::conf_cycles_seen_le_73.0+score_ofi_ge_-0.1041::top1,pair+top1,29,1.0,10,2,34.48,8.13,6.9,14,15,35.71,33.33,18,11,33.33,36.36
P::conf_cycles_seen_le_73.0+score_ofi_le_-0.1041,pair,218,7.517,26,25,11.93,21.14,11.47,97,121,16.49,8.26,55,163,12.73,11.66
P::conf_cycles_seen_le_73.0+score_ofi_le_-0.1041::top1,pair+top1,29,1.0,4,2,13.79,3.25,6.9,14,15,14.29,13.33,7,22,14.29,13.64
P::conf_cycles_seen_le_73.0+score_ofi_ge_0.0069,pair,364,12.552,41,61,11.26,33.33,16.76,179,185,12.85,9.73,244,120,11.07,11.67
P::conf_cycles_seen_le_73.0+score_ofi_ge_0.0069::top1,pair+top1,29,1.0,9,2,31.03,7.32,6.9,14,15,21.43,40.0,17,12,29.41,33.33
P::conf_cycles_seen_le_73.0+score_ofi_le_0.0069,pair,370,12.759,45,50,12.16,36.59,13.51,173,197,14.45,10.15,118,252,12.71,11.9
P::conf_cycles_seen_le_73.0+score_ofi_le_0.0069::top1,pair+top1,29,1.0,6,1,20.69,4.88,3.45,14,15,28.57,13.33,9,20,22.22,20.0
P::conf_cycles_seen_le_73.0+score_ofi_ge_0.1195,pair,215,7.414,20,36,9.3,16.26,16.74,112,103,9.82,8.74,155,60,8.39,11.67
P::conf_cycles_seen_le_73.0+score_ofi_ge_0.1195::top1,pair+top1,29,1.0,8,2,27.59,6.5,6.9,14,15,21.43,33.33,22,7,27.27,28.57
P::conf_cycles_seen_le_73.0+score_ofi_le_0.1195,pair,519,17.897,66,76,12.72,53.66,14.64,241,278,15.35,10.43,207,312,14.01,11.86
P::conf_cycles_seen_le_73.0+score_ofi_le_0.1195::top1,pair+top1,29,1.0,8,1,27.59,6.5,3.45,14,15,35.71,20.0,10,19,30.0,26.32
P::conf_cycles_seen_ge_20.0+score_liquidity_void_ge_1.0,pair,732,25.241,89,87,12.16,72.36,11.89,355,377,13.24,11.14,364,368,12.64,11.68
P::conf_cycles_seen_ge_20.0+score_liquidity_void_ge_1.0::top1,pair+top1,29,1.0,9,0,31.03,7.32,0.0,14,15,28.57,33.33,14,15,28.57,33.33
P::conf_cycles_seen_ge_20.0+score_liquidity_void_le_1.0,pair,732,25.241,89,87,12.16,72.36,11.89,355,377,13.24,11.14,364,368,12.64,11.68
P::conf_cycles_seen_ge_20.0+score_liquidity_void_le_1.0::top1,pair+top1,29,1.0,9,0,31.03,7.32,0.0,14,15,28.57,33.33,14,15,28.57,33.33
P::conf_cycles_seen_ge_20.0+score_liquidity_void_ge_1.0,pair,732,25.241,89,87,12.16,72.36,11.89,355,377,13.24,11.14,364,368,12.64,11.68
P::conf_cycles_seen_ge_20.0+score_liquidity_void_ge_1.0::top1,pair+top1,29,1.0,9,0,31.03,7.32,0.0,14,15,28.57,33.33,14,15,28.57,33.33
P::conf_cycles_seen_ge_20.0+score_liquidity_void_le_1.0,pair,732,25.241,89,87,12.16,72.36,11.89,355,377,13.24,11.14,364,368,12.64,11.68
P::conf_cycles_seen_ge_20.0+score_liquidity_void_le_1.0::top1,pair+top1,29,1.0,9,0,31.03,7.32,0.0,14,15,28.57,33.33,14,15,28.57,33.33
P::conf_cycles_seen_ge_20.0+score_liquidity_void_ge_1.0,pair,732,25.241,89,87,12.16,72.36,11.89,355,377,13.24,11.14,364,368,12.64,11.68
P::conf_cycles_seen_ge_20.0+score_liquidity_void_ge_1.0::top1,pair+top1,29,1.0,9,0,31.03,7.32,0.0,14,15,28.57,33.33,14,15,28.57,33.33
P::conf_cycles_seen_ge_20.0+score_liquidity_void_le_1.0,pair,732,25.241,89,87,12.16,72.36,11.89,355,377,13.24,11.14,364,368,12.64,11.68
P::conf_cycles_seen_ge_20.0+score_liquidity_void_le_1.0::top1,pair+top1,29,1.0,9,0,31.03,7.32,0.0,14,15,28.57,33.33,14,15,28.57,33.33
P::conf_cycles_seen_le_20.0+score_liquidity_void_ge_1.0,pair,332,11.448,35,55,10.54,28.46,16.57,161,171,13.04,8.19,153,179,11.76,9.5
P::conf_cycles_seen_le_20.0+score_liquidity_void_ge_1.0::top1,pair+top1,29,1.0,5,3,17.24,4.07,10.34,14,15,28.57,6.67,16,13,18.75,15.38
P::conf_cycles_seen_le_20.0+score_liquidity_void_le_1.0,pair,332,11.448,35,55,10.54,28.46,16.57,161,171,13.04,8.19,153,179,11.76,9.5
P::conf_cycles_seen_le_20.0+score_liquidity_void_le_1.0::top1,pair+top1,29,1.0,5,3,17.24,4.07,10.34,14,15,28.57,6.67,16,13,18.75,15.38
P::conf_cycles_seen_le_20.0+score_liquidity_void_ge_1.0,pair,332,11.448,35,55,10.54,28.46,16.57,161,171,13.04,8.19,153,179,11.76,9.5
P::conf_cycles_seen_le_20.0+score_liquidity_void_ge_1.0::top1,pair+top1,29,1.0,5,3,17.24,4.07,10.34,14,15,28.57,6.67,16,13,18.75,15.38
P::conf_cycles_seen_le_20.0+score_liquidity_void_le_1.0,pair,332,11.448,35,55,10.54,28.46,16.57,161,171,13.04,8.19,153,179,11.76,9.5
P::conf_cycles_seen_le_20.0+score_liquidity_void_le_1.0::top1,pair+top1,29,1.0,5,3,17.24,4.07,10.34,14,15,28.57,6.67,16,13,18.75,15.38
P::conf_cycles_seen_le_20.0+score_liquidity_void_ge_1.0,pair,332,11.448,35,55,10.54,28.46,16.57,161,171,13.04,8.19,153,179,11.76,9.5
P::conf_cycles_seen_le_20.0+score_liquidity_void_ge_1.0::top1,pair+top1,29,1.0,5,3,17.24,4.07,10.34,14,15,28.57,6.67,16,13,18.75,15.38
P::conf_cycles_seen_le_20.0+score_liquidity_void_le_1.0,pair,332,11.448,35,55,10.54,28.46,16.57,161,171,13.04,8.19,153,179,11.76,9.5
P::conf_cycles_seen_le_20.0+score_liquidity_void_le_1.0::top1,pair+top1,29,1.0,5,3,17.24,4.07,10.34,14,15,28.57,6.67,16,13,18.75,15.38
P::conf_cycles_seen_ge_39.0+score_liquidity_void_ge_1.0,pair,523,18.034,64,63,12.24,52.03,12.05,250,273,14.0,10.62,260,263,11.54,12.93
P::conf_cycles_seen_ge_39.0+score_liquidity_void_ge_1.0::top1,pair+top1,29,1.0,5,1,17.24,4.07,3.45,14,15,14.29,20.0,13,16,23.08,12.5
P::conf_cycles_seen_ge_39.0+score_liquidity_void_le_1.0,pair,523,18.034,64,63,12.24,52.03,12.05,250,273,14.0,10.62,260,263,11.54,12.93
P::conf_cycles_seen_ge_39.0+score_liquidity_void_le_1.0::top1,pair+top1,29,1.0,5,1,17.24,4.07,3.45,14,15,14.29,20.0,13,16,23.08,12.5
P::conf_cycles_seen_ge_39.0+score_liquidity_void_ge_1.0,pair,523,18.034,64,63,12.24,52.03,12.05,250,273,14.0,10.62,260,263,11.54,12.93
P::conf_cycles_seen_ge_39.0+score_liquidity_void_ge_1.0::top1,pair+top1,29,1.0,5,1,17.24,4.07,3.45,14,15,14.29,20.0,13,16,23.08,12.5
P::conf_cycles_seen_ge_39.0+score_liquidity_void_le_1.0,pair,523,18.034,64,63,12.24,52.03,12.05,250,273,14.0,10.62,260,263,11.54,12.93
P::conf_cycles_seen_ge_39.0+score_liquidity_void_le_1.0::top1,pair+top1,29,1.0,5,1,17.24,4.07,3.45,14,15,14.29,20.0,13,16,23.08,12.5
P::conf_cycles_seen_ge_39.0+score_liquidity_void_ge_1.0,pair,523,18.034,64,63,12.24,52.03,12.05,250,273,14.0,10.62,260,263,11.54,12.93
P::conf_cycles_seen_ge_39.0+score_liquidity_void_ge_1.0::top1,pair+top1,29,1.0,5,1,17.24,4.07,3.45,14,15,14.29,20.0,13,16,23.08,12.5
P::conf_cycles_seen_ge_39.0+score_liquidity_void_le_1.0,pair,523,18.034,64,63,12.24,52.03,12.05,250,273,14.0,10.62,260,263,11.54,12.93
P::conf_cycles_seen_ge_39.0+score_liquidity_void_le_1.0::top1,pair+top1,29,1.0,5,1,17.24,4.07,3.45,14,15,14.29,20.0,13,16,23.08,12.5
P::conf_cycles_seen_le_39.0+score_liquidity_void_ge_1.0,pair,524,18.069,59,77,11.26,47.97,14.69,258,266,12.4,10.15,252,272,13.1,9.56
P::conf_cycles_seen_le_39.0+score_liquidity_void_ge_1.0::top1,pair+top1,29,1.0,10,2,34.48,8.13,6.9,14,15,35.71,33.33,16,13,43.75,23.08
P::conf_cycles_seen_le_39.0+score_liquidity_void_le_1.0,pair,524,18.069,59,77,11.26,47.97,14.69,258,266,12.4,10.15,252,272,13.1,9.56
P::conf_cycles_seen_le_39.0+score_liquidity_void_le_1.0::top1,pair+top1,29,1.0,10,2,34.48,8.13,6.9,14,15,35.71,33.33,16,13,43.75,23.08
P::conf_cycles_seen_le_39.0+score_liquidity_void_ge_1.0,pair,524,18.069,59,77,11.26,47.97,14.69,258,266,12.4,10.15,252,272,13.1,9.56
P::conf_cycles_seen_le_39.0+score_liquidity_void_ge_1.0::top1,pair+top1,29,1.0,10,2,34.48,8.13,6.9,14,15,35.71,33.33,16,13,43.75,23.08
P::conf_cycles_seen_le_39.0+score_liquidity_void_le_1.0,pair,524,18.069,59,77,11.26,47.97,14.69,258,266,12.4,10.15,252,272,13.1,9.56
P::conf_cycles_seen_le_39.0+score_liquidity_void_le_1.0::top1,pair+top1,29,1.0,10,2,34.48,8.13,6.9,14,15,35.71,33.33,16,13,43.75,23.08
P::conf_cycles_seen_le_39.0+score_liquidity_void_ge_1.0,pair,524,18.069,59,77,11.26,47.97,14.69,258,266,12.4,10.15,252,272,13.1,9.56
P::conf_cycles_seen_le_39.0+score_liquidity_void_ge_1.0::top1,pair+top1,29,1.0,10,2,34.48,8.13,6.9,14,15,35.71,33.33,16,13,43.75,23.08
P::conf_cycles_seen_le_39.0+score_liquidity_void_le_1.0,pair,524,18.069,59,77,11.26,47.97,14.69,258,266,12.4,10.15,252,272,13.1,9.56
P::conf_cycles_seen_le_39.0+score_liquidity_void_le_1.0::top1,pair+top1,29,1.0,10,2,34.48,8.13,6.9,14,15,35.71,33.33,16,13,43.75,23.08
P::conf_cycles_seen_ge_73.0+score_liquidity_void_ge_1.0,pair,315,10.862,37,28,11.75,30.08,8.89,156,159,12.18,11.32,149,166,14.09,9.64
P::conf_cycles_seen_ge_73.0+score_liquidity_void_ge_1.0::top1,pair+top1,29,1.0,4,0,13.79,3.25,0.0,14,15,7.14,20.0,17,12,17.65,8.33
P::conf_cycles_seen_ge_73.0+score_liquidity_void_le_1.0,pair,315,10.862,37,28,11.75,30.08,8.89,156,159,12.18,11.32,149,166,14.09,9.64
P::conf_cycles_seen_ge_73.0+score_liquidity_void_le_1.0::top1,pair+top1,29,1.0,4,0,13.79,3.25,0.0,14,15,7.14,20.0,17,12,17.65,8.33
P::conf_cycles_seen_ge_73.0+score_liquidity_void_ge_1.0,pair,315,10.862,37,28,11.75,30.08,8.89,156,159,12.18,11.32,149,166,14.09,9.64
P::conf_cycles_seen_ge_73.0+score_liquidity_void_ge_1.0::top1,pair+top1,29,1.0,4,0,13.79,3.25,0.0,14,15,7.14,20.0,17,12,17.65,8.33
P::conf_cycles_seen_ge_73.0+score_liquidity_void_le_1.0,pair,315,10.862,37,28,11.75,30.08,8.89,156,159,12.18,11.32,149,166,14.09,9.64
P::conf_cycles_seen_ge_73.0+score_liquidity_void_le_1.0::top1,pair+top1,29,1.0,4,0,13.79,3.25,0.0,14,15,7.14,20.0,17,12,17.65,8.33
P::conf_cycles_seen_ge_73.0+score_liquidity_void_ge_1.0,pair,315,10.862,37,28,11.75,30.08,8.89,156,159,12.18,11.32,149,166,14.09,9.64
P::conf_cycles_seen_ge_73.0+score_liquidity_void_ge_1.0::top1,pair+top1,29,1.0,4,0,13.79,3.25,0.0,14,15,7.14,20.0,17,12,17.65,8.33
P::conf_cycles_seen_ge_73.0+score_liquidity_void_le_1.0,pair,315,10.862,37,28,11.75,30.08,8.89,156,159,12.18,11.32,149,166,14.09,9.64
P::conf_cycles_seen_ge_73.0+score_liquidity_void_le_1.0::top1,pair+top1,29,1.0,4,0,13.79,3.25,0.0,14,15,7.14,20.0,17,12,17.65,8.33
P::conf_cycles_seen_le_73.0+score_liquidity_void_ge_1.0,pair,733,25.276,86,111,11.73,69.92,15.14,352,381,13.64,9.97,362,371,11.6,11.86
P::conf_cycles_seen_le_73.0+score_liquidity_void_ge_1.0::top1,pair+top1,29,1.0,12,1,41.38,9.76,3.45,14,15,42.86,40.0,18,11,38.89,45.45
P::conf_cycles_seen_le_73.0+score_liquidity_void_le_1.0,pair,733,25.276,86,111,11.73,69.92,15.14,352,381,13.64,9.97,362,371,11.6,11.86
P::conf_cycles_seen_le_73.0+score_liquidity_void_le_1.0::top1,pair+top1,29,1.0,12,1,41.38,9.76,3.45,14,15,42.86,40.0,18,11,38.89,45.45
P::conf_cycles_seen_le_73.0+score_liquidity_void_ge_1.0,pair,733,25.276,86,111,11.73,69.92,15.14,352,381,13.64,9.97,362,371,11.6,11.86
P::conf_cycles_seen_le_73.0+score_liquidity_void_ge_1.0::top1,pair+top1,29,1.0,12,1,41.38,9.76,3.45,14,15,42.86,40.0,18,11,38.89,45.45
P::conf_cycles_seen_le_73.0+score_liquidity_void_le_1.0,pair,733,25.276,86,111,11.73,69.92,15.14,352,381,13.64,9.97,362,371,11.6,11.86
P::conf_cycles_seen_le_73.0+score_liquidity_void_le_1.0::top1,pair+top1,29,1.0,12,1,41.38,9.76,3.45,14,15,42.86,40.0,18,11,38.89,45.45
P::conf_cycles_seen_le_73.0+score_liquidity_void_ge_1.0,pair,733,25.276,86,111,11.73,69.92,15.14,352,381,13.64,9.97,362,371,11.6,11.86
P::conf_cycles_seen_le_73.0+score_liquidity_void_ge_1.0::top1,pair+top1,29,1.0,12,1,41.38,9.76,3.45,14,15,42.86,40.0,18,11,38.89,45.45
P::conf_cycles_seen_le_73.0+score_liquidity_void_le_1.0,pair,733,25.276,86,111,11.73,69.92,15.14,352,381,13.64,9.97,362,371,11.6,11.86
P::conf_cycles_seen_le_73.0+score_liquidity_void_le_1.0::top1,pair+top1,29,1.0,12,1,41.38,9.76,3.45,14,15,42.86,40.0,18,11,38.89,45.45
P::utc_hour_ge_4.0+is_asia_session_TRUE,pair,131,4.517,18,20,13.74,14.63,15.27,66,65,9.09,18.46,57,74,17.54,10.81
P::utc_hour_ge_4.0+is_asia_session_TRUE::top1,pair+top1,27,0.931,4,2,14.81,3.25,7.41,12,15,16.67,13.33,10,17,30.0,5.88
P::utc_hour_ge_4.0+is_asia_session_FALSE,pair,600,20.69,42,69,7.0,34.15,11.5,288,312,11.46,2.88,297,303,7.41,6.6
P::utc_hour_ge_4.0+is_asia_session_FALSE::top1,pair+top1,29,1.0,1,1,3.45,0.81,3.45,14,15,7.14,0.0,15,14,6.67,0.0
P::utc_hour_le_4.0+is_asia_session_TRUE,pair,358,12.345,69,59,19.27,56.1,16.48,176,182,16.48,21.98,178,180,18.54,20.0
P::utc_hour_le_4.0+is_asia_session_TRUE::top1,pair+top1,29,1.0,11,3,37.93,8.94,10.34,14,15,42.86,33.33,15,14,40.0,35.71
P::utc_hour_ge_8.0+is_asia_session_FALSE,pair,564,19.448,37,63,6.56,30.08,11.17,265,299,11.7,2.01,282,282,6.74,6.38
P::utc_hour_ge_8.0+is_asia_session_FALSE::top1,pair+top1,29,1.0,1,0,3.45,0.81,0.0,14,15,7.14,0.0,16,13,6.25,0.0
P::utc_hour_le_8.0+is_asia_session_TRUE,pair,443,15.276,81,70,18.28,65.85,15.8,218,225,15.6,20.89,211,232,19.43,17.24
P::utc_hour_le_8.0+is_asia_session_TRUE::top1,pair+top1,29,1.0,12,1,41.38,9.76,3.45,14,15,42.86,40.0,15,14,46.67,35.71
P::utc_hour_le_8.0+is_asia_session_FALSE,pair,85,2.931,13,18,15.29,10.57,21.18,44,41,18.18,12.2,40,45,20.0,11.11
P::utc_hour_le_8.0+is_asia_session_FALSE::top1,pair+top1,26,0.897,4,4,15.38,3.25,15.38,12,14,25.0,7.14,12,14,25.0,7.14
P::utc_hour_ge_14.0+is_asia_session_FALSE,pair,322,11.103,1,19,0.31,0.81,5.9,143,179,0.7,0.0,150,172,0.0,0.58
P::utc_hour_ge_14.0+is_asia_session_FALSE::top1,pair+top1,28,0.966,0,0,0.0,0.0,0.0,13,15,0.0,0.0,14,14,0.0,0.0
P::utc_hour_le_14.0+is_asia_session_TRUE,pair,443,15.276,81,70,18.28,65.85,15.8,218,225,15.6,20.89,211,232,19.43,17.24
P::utc_hour_le_14.0+is_asia_session_TRUE::top1,pair+top1,29,1.0,12,1,41.38,9.76,3.45,14,15,42.86,40.0,15,14,46.67,35.71
P::utc_hour_le_14.0+is_asia_session_FALSE,pair,337,11.621,41,59,12.17,33.33,17.51,170,167,18.82,5.39,173,164,12.72,11.59
P::utc_hour_le_14.0+is_asia_session_FALSE::top1,pair+top1,29,1.0,2,1,6.9,1.63,3.45,14,15,14.29,0.0,15,14,13.33,0.0
P::utc_hour_ge_4.0+cand_prior_move_pct_ge_0.0,pair,731,25.207,60,89,8.21,48.78,12.18,354,377,11.02,5.57,354,377,9.04,7.43
P::utc_hour_ge_4.0+cand_prior_move_pct_ge_0.0::top1,pair+top1,29,1.0,3,0,10.34,2.44,0.0,14,15,14.29,6.67,13,16,15.38,6.25
P::utc_hour_ge_4.0+cand_prior_move_pct_le_0.0,pair,643,22.172,51,82,7.93,41.46,12.75,320,323,10.62,5.26,310,333,8.71,7.21
P::utc_hour_ge_4.0+cand_prior_move_pct_le_0.0::top1,pair+top1,29,1.0,4,0,13.79,3.25,0.0,14,15,14.29,13.33,13,16,23.08,6.25
P::utc_hour_ge_4.0+cand_prior_move_pct_ge_0.0,pair,731,25.207,60,89,8.21,48.78,12.18,354,377,11.02,5.57,354,377,9.04,7.43
P::utc_hour_ge_4.0+cand_prior_move_pct_ge_0.0::top1,pair+top1,29,1.0,3,0,10.34,2.44,0.0,14,15,14.29,6.67,13,16,15.38,6.25
P::utc_hour_ge_4.0+cand_prior_move_pct_le_0.0,pair,643,22.172,51,82,7.93,41.46,12.75,320,323,10.62,5.26,310,333,8.71,7.21
P::utc_hour_ge_4.0+cand_prior_move_pct_le_0.0::top1,pair+top1,29,1.0,4,0,13.79,3.25,0.0,14,15,14.29,13.33,13,16,23.08,6.25
P::utc_hour_ge_4.0+cand_prior_move_pct_ge_0.0,pair,731,25.207,60,89,8.21,48.78,12.18,354,377,11.02,5.57,354,377,9.04,7.43
P::utc_hour_ge_4.0+cand_prior_move_pct_ge_0.0::top1,pair+top1,29,1.0,3,0,10.34,2.44,0.0,14,15,14.29,6.67,13,16,15.38,6.25
P::utc_hour_ge_4.0+cand_prior_move_pct_le_0.0,pair,643,22.172,51,82,7.93,41.46,12.75,320,323,10.62,5.26,310,333,8.71,7.21
P::utc_hour_ge_4.0+cand_prior_move_pct_le_0.0::top1,pair+top1,29,1.0,4,0,13.79,3.25,0.0,14,15,14.29,13.33,13,16,23.08,6.25
P::utc_hour_le_4.0+cand_prior_move_pct_ge_0.0,pair,358,12.345,69,59,19.27,56.1,16.48,176,182,16.48,21.98,178,180,18.54,20.0
P::utc_hour_le_4.0+cand_prior_move_pct_ge_0.0::top1,pair+top1,29,1.0,11,3,37.93,8.94,10.34,14,15,42.86,33.33,15,14,40.0,35.71
P::utc_hour_le_4.0+cand_prior_move_pct_le_0.0,pair,303,10.448,60,53,19.8,48.78,17.49,148,155,15.54,23.87,155,148,20.0,19.59
P::utc_hour_le_4.0+cand_prior_move_pct_le_0.0::top1,pair+top1,29,1.0,10,3,34.48,8.13,10.34,14,15,42.86,26.67,14,15,35.71,33.33
P::utc_hour_le_4.0+cand_prior_move_pct_ge_0.0,pair,358,12.345,69,59,19.27,56.1,16.48,176,182,16.48,21.98,178,180,18.54,20.0
P::utc_hour_le_4.0+cand_prior_move_pct_ge_0.0::top1,pair+top1,29,1.0,11,3,37.93,8.94,10.34,14,15,42.86,33.33,15,14,40.0,35.71
P::utc_hour_le_4.0+cand_prior_move_pct_le_0.0,pair,303,10.448,60,53,19.8,48.78,17.49,148,155,15.54,23.87,155,148,20.0,19.59
P::utc_hour_le_4.0+cand_prior_move_pct_le_0.0::top1,pair+top1,29,1.0,10,3,34.48,8.13,10.34,14,15,42.86,26.67,14,15,35.71,33.33
P::utc_hour_le_4.0+cand_prior_move_pct_ge_0.0,pair,358,12.345,69,59,19.27,56.1,16.48,176,182,16.48,21.98,178,180,18.54,20.0
P::utc_hour_le_4.0+cand_prior_move_pct_ge_0.0::top1,pair+top1,29,1.0,11,3,37.93,8.94,10.34,14,15,42.86,33.33,15,14,40.0,35.71
P::utc_hour_le_4.0+cand_prior_move_pct_le_0.0,pair,303,10.448,60,53,19.8,48.78,17.49,148,155,15.54,23.87,155,148,20.0,19.59
P::utc_hour_le_4.0+cand_prior_move_pct_le_0.0::top1,pair+top1,29,1.0,10,3,34.48,8.13,10.34,14,15,42.86,26.67,14,15,35.71,33.33
P::utc_hour_ge_8.0+cand_prior_move_pct_ge_0.0,pair,564,19.448,37,63,6.56,30.08,11.17,265,299,11.7,2.01,282,282,6.74,6.38
P::utc_hour_ge_8.0+cand_prior_move_pct_ge_0.0::top1,pair+top1,29,1.0,1,0,3.45,0.81,0.0,14,15,7.14,0.0,16,13,6.25,0.0
P::utc_hour_ge_8.0+cand_prior_move_pct_le_0.0,pair,499,17.207,30,58,6.01,24.39,11.62,241,258,10.79,1.55,248,251,5.65,6.37
P::utc_hour_ge_8.0+cand_prior_move_pct_le_0.0::top1,pair+top1,29,1.0,1,0,3.45,0.81,0.0,14,15,7.14,0.0,15,14,6.67,0.0
P::utc_hour_ge_8.0+cand_prior_move_pct_ge_0.0,pair,564,19.448,37,63,6.56,30.08,11.17,265,299,11.7,2.01,282,282,6.74,6.38
P::utc_hour_ge_8.0+cand_prior_move_pct_ge_0.0::top1,pair+top1,29,1.0,1,0,3.45,0.81,0.0,14,15,7.14,0.0,16,13,6.25,0.0
P::utc_hour_ge_8.0+cand_prior_move_pct_le_0.0,pair,499,17.207,30,58,6.01,24.39,11.62,241,258,10.79,1.55,248,251,5.65,6.37
P::utc_hour_ge_8.0+cand_prior_move_pct_le_0.0::top1,pair+top1,29,1.0,1,0,3.45,0.81,0.0,14,15,7.14,0.0,15,14,6.67,0.0
P::utc_hour_ge_8.0+cand_prior_move_pct_ge_0.0,pair,564,19.448,37,63,6.56,30.08,11.17,265,299,11.7,2.01,282,282,6.74,6.38
P::utc_hour_ge_8.0+cand_prior_move_pct_ge_0.0::top1,pair+top1,29,1.0,1,0,3.45,0.81,0.0,14,15,7.14,0.0,16,13,6.25,0.0
P::utc_hour_ge_8.0+cand_prior_move_pct_le_0.0,pair,499,17.207,30,58,6.01,24.39,11.62,241,258,10.79,1.55,248,251,5.65,6.37
P::utc_hour_ge_8.0+cand_prior_move_pct_le_0.0::top1,pair+top1,29,1.0,1,0,3.45,0.81,0.0,14,15,7.14,0.0,15,14,6.67,0.0
P::utc_hour_le_8.0+cand_prior_move_pct_ge_0.0,pair,528,18.207,94,88,17.8,76.42,16.67,262,266,16.03,19.55,251,277,19.52,16.25
P::utc_hour_le_8.0+cand_prior_move_pct_ge_0.0::top1,pair+top1,29,1.0,12,1,41.38,9.76,3.45,14,15,42.86,40.0,15,14,46.67,35.71
P::utc_hour_le_8.0+cand_prior_move_pct_le_0.0,pair,447,15.414,81,80,18.12,65.85,17.9,224,223,15.18,21.08,217,230,21.2,15.22
P::utc_hour_le_8.0+cand_prior_move_pct_le_0.0::top1,pair+top1,29,1.0,11,2,37.93,8.94,6.9,14,15,42.86,33.33,14,15,42.86,33.33
P::utc_hour_le_8.0+cand_prior_move_pct_ge_0.0,pair,528,18.207,94,88,17.8,76.42,16.67,262,266,16.03,19.55,251,277,19.52,16.25
P::utc_hour_le_8.0+cand_prior_move_pct_ge_0.0::top1,pair+top1,29,1.0,12,1,41.38,9.76,3.45,14,15,42.86,40.0,15,14,46.67,35.71
P::utc_hour_le_8.0+cand_prior_move_pct_le_0.0,pair,447,15.414,81,80,18.12,65.85,17.9,224,223,15.18,21.08,217,230,21.2,15.22
P::utc_hour_le_8.0+cand_prior_move_pct_le_0.0::top1,pair+top1,29,1.0,11,2,37.93,8.94,6.9,14,15,42.86,33.33,14,15,42.86,33.33
P::utc_hour_le_8.0+cand_prior_move_pct_ge_0.0,pair,528,18.207,94,88,17.8,76.42,16.67,262,266,16.03,19.55,251,277,19.52,16.25
P::utc_hour_le_8.0+cand_prior_move_pct_ge_0.0::top1,pair+top1,29,1.0,12,1,41.38,9.76,3.45,14,15,42.86,40.0,15,14,46.67,35.71
P::utc_hour_le_8.0+cand_prior_move_pct_le_0.0,pair,447,15.414,81,80,18.12,65.85,17.9,224,223,15.18,21.08,217,230,21.2,15.22
P::utc_hour_le_8.0+cand_prior_move_pct_le_0.0::top1,pair+top1,29,1.0,11,2,37.93,8.94,6.9,14,15,42.86,33.33,14,15,42.86,33.33
P::utc_hour_ge_14.0+cand_prior_move_pct_ge_0.0,pair,322,11.103,1,19,0.31,0.81,5.9,143,179,0.7,0.0,150,172,0.0,0.58
P::utc_hour_ge_14.0+cand_prior_move_pct_ge_0.0::top1,pair+top1,28,0.966,0,0,0.0,0.0,0.0,13,15,0.0,0.0,14,14,0.0,0.0
P::utc_hour_ge_14.0+cand_prior_move_pct_le_0.0,pair,292,10.069,1,17,0.34,0.81,5.82,131,161,0.76,0.0,137,155,0.0,0.65
P::utc_hour_ge_14.0+cand_prior_move_pct_le_0.0::top1,pair+top1,28,0.966,0,0,0.0,0.0,0.0,13,15,0.0,0.0,14,14,0.0,0.0
P::utc_hour_ge_14.0+cand_prior_move_pct_ge_0.0,pair,322,11.103,1,19,0.31,0.81,5.9,143,179,0.7,0.0,150,172,0.0,0.58
P::utc_hour_ge_14.0+cand_prior_move_pct_ge_0.0::top1,pair+top1,28,0.966,0,0,0.0,0.0,0.0,13,15,0.0,0.0,14,14,0.0,0.0
P::utc_hour_ge_14.0+cand_prior_move_pct_le_0.0,pair,292,10.069,1,17,0.34,0.81,5.82,131,161,0.76,0.0,137,155,0.0,0.65
P::utc_hour_ge_14.0+cand_prior_move_pct_le_0.0::top1,pair+top1,28,0.966,0,0,0.0,0.0,0.0,13,15,0.0,0.0,14,14,0.0,0.0
P::utc_hour_ge_14.0+cand_prior_move_pct_ge_0.0,pair,322,11.103,1,19,0.31,0.81,5.9,143,179,0.7,0.0,150,172,0.0,0.58
P::utc_hour_ge_14.0+cand_prior_move_pct_ge_0.0::top1,pair+top1,28,0.966,0,0,0.0,0.0,0.0,13,15,0.0,0.0,14,14,0.0,0.0
P::utc_hour_ge_14.0+cand_prior_move_pct_le_0.0,pair,292,10.069,1,17,0.34,0.81,5.82,131,161,0.76,0.0,137,155,0.0,0.65
P::utc_hour_ge_14.0+cand_prior_move_pct_le_0.0::top1,pair+top1,28,0.966,0,0,0.0,0.0,0.0,13,15,0.0,0.0,14,14,0.0,0.0
P::utc_hour_le_14.0+cand_prior_move_pct_ge_0.0,pair,780,26.897,122,129,15.64,99.19,16.54,388,392,17.01,14.29,384,396,16.41,14.9
P::utc_hour_le_14.0+cand_prior_move_pct_ge_0.0::top1,pair+top1,29,1.0,11,1,37.93,8.94,3.45,14,15,42.86,33.33,16,13,37.5,38.46
P::utc_hour_le_14.0+cand_prior_move_pct_le_0.0,pair,668,23.034,104,119,15.57,84.55,17.81,340,328,16.18,14.94,331,337,16.92,14.24
P::utc_hour_le_14.0+cand_prior_move_pct_le_0.0::top1,pair+top1,29,1.0,11,2,37.93,8.94,6.9,14,15,42.86,33.33,14,15,42.86,33.33
P::utc_hour_le_14.0+cand_prior_move_pct_ge_0.0,pair,780,26.897,122,129,15.64,99.19,16.54,388,392,17.01,14.29,384,396,16.41,14.9
P::utc_hour_le_14.0+cand_prior_move_pct_ge_0.0::top1,pair+top1,29,1.0,11,1,37.93,8.94,3.45,14,15,42.86,33.33,16,13,37.5,38.46
P::utc_hour_le_14.0+cand_prior_move_pct_le_0.0,pair,668,23.034,104,119,15.57,84.55,17.81,340,328,16.18,14.94,331,337,16.92,14.24
P::utc_hour_le_14.0+cand_prior_move_pct_le_0.0::top1,pair+top1,29,1.0,11,2,37.93,8.94,6.9,14,15,42.86,33.33,14,15,42.86,33.33
P::utc_hour_le_14.0+cand_prior_move_pct_ge_0.0,pair,780,26.897,122,129,15.64,99.19,16.54,388,392,17.01,14.29,384,396,16.41,14.9
P::utc_hour_le_14.0+cand_prior_move_pct_ge_0.0::top1,pair+top1,29,1.0,11,1,37.93,8.94,3.45,14,15,42.86,33.33,16,13,37.5,38.46
P::utc_hour_le_14.0+cand_prior_move_pct_le_0.0,pair,668,23.034,104,119,15.57,84.55,17.81,340,328,16.18,14.94,331,337,16.92,14.24
P::utc_hour_le_14.0+cand_prior_move_pct_le_0.0::top1,pair+top1,29,1.0,11,2,37.93,8.94,6.9,14,15,42.86,33.33,14,15,42.86,33.33
P::utc_hour_ge_4.0+conf_void_score_ge_1.0,pair,731,25.207,60,89,8.21,48.78,12.18,354,377,11.02,5.57,354,377,9.04,7.43
P::utc_hour_ge_4.0+conf_void_score_ge_1.0::top1,pair+top1,29,1.0,3,0,10.34,2.44,0.0,14,15,14.29,6.67,13,16,15.38,6.25
P::utc_hour_ge_4.0+conf_void_score_le_1.0,pair,731,25.207,60,89,8.21,48.78,12.18,354,377,11.02,5.57,354,377,9.04,7.43
P::utc_hour_ge_4.0+conf_void_score_le_1.0::top1,pair+top1,29,1.0,3,0,10.34,2.44,0.0,14,15,14.29,6.67,13,16,15.38,6.25
P::utc_hour_ge_4.0+conf_void_score_ge_1.0,pair,731,25.207,60,89,8.21,48.78,12.18,354,377,11.02,5.57,354,377,9.04,7.43
P::utc_hour_ge_4.0+conf_void_score_ge_1.0::top1,pair+top1,29,1.0,3,0,10.34,2.44,0.0,14,15,14.29,6.67,13,16,15.38,6.25
P::utc_hour_ge_4.0+conf_void_score_le_1.0,pair,731,25.207,60,89,8.21,48.78,12.18,354,377,11.02,5.57,354,377,9.04,7.43
P::utc_hour_ge_4.0+conf_void_score_le_1.0::top1,pair+top1,29,1.0,3,0,10.34,2.44,0.0,14,15,14.29,6.67,13,16,15.38,6.25
P::utc_hour_ge_4.0+conf_void_score_ge_1.0,pair,731,25.207,60,89,8.21,48.78,12.18,354,377,11.02,5.57,354,377,9.04,7.43
P::utc_hour_ge_4.0+conf_void_score_ge_1.0::top1,pair+top1,29,1.0,3,0,10.34,2.44,0.0,14,15,14.29,6.67,13,16,15.38,6.25
P::utc_hour_ge_4.0+conf_void_score_le_1.0,pair,731,25.207,60,89,8.21,48.78,12.18,354,377,11.02,5.57,354,377,9.04,7.43
P::utc_hour_ge_4.0+conf_void_score_le_1.0::top1,pair+top1,29,1.0,3,0,10.34,2.44,0.0,14,15,14.29,6.67,13,16,15.38,6.25
P::utc_hour_le_4.0+conf_void_score_ge_1.0,pair,358,12.345,69,59,19.27,56.1,16.48,176,182,16.48,21.98,178,180,18.54,20.0
P::utc_hour_le_4.0+conf_void_score_ge_1.0::top1,pair+top1,29,1.0,11,3,37.93,8.94,10.34,14,15,42.86,33.33,15,14,40.0,35.71
P::utc_hour_le_4.0+conf_void_score_le_1.0,pair,358,12.345,69,59,19.27,56.1,16.48,176,182,16.48,21.98,178,180,18.54,20.0
P::utc_hour_le_4.0+conf_void_score_le_1.0::top1,pair+top1,29,1.0,11,3,37.93,8.94,10.34,14,15,42.86,33.33,15,14,40.0,35.71
P::utc_hour_le_4.0+conf_void_score_ge_1.0,pair,358,12.345,69,59,19.27,56.1,16.48,176,182,16.48,21.98,178,180,18.54,20.0
P::utc_hour_le_4.0+conf_void_score_ge_1.0::top1,pair+top1,29,1.0,11,3,37.93,8.94,10.34,14,15,42.86,33.33,15,14,40.0,35.71
P::utc_hour_le_4.0+conf_void_score_le_1.0,pair,358,12.345,69,59,19.27,56.1,16.48,176,182,16.48,21.98,178,180,18.54,20.0
P::utc_hour_le_4.0+conf_void_score_le_1.0::top1,pair+top1,29,1.0,11,3,37.93,8.94,10.34,14,15,42.86,33.33,15,14,40.0,35.71
P::utc_hour_le_4.0+conf_void_score_ge_1.0,pair,358,12.345,69,59,19.27,56.1,16.48,176,182,16.48,21.98,178,180,18.54,20.0
P::utc_hour_le_4.0+conf_void_score_ge_1.0::top1,pair+top1,29,1.0,11,3,37.93,8.94,10.34,14,15,42.86,33.33,15,14,40.0,35.71
P::utc_hour_le_4.0+conf_void_score_le_1.0,pair,358,12.345,69,59,19.27,56.1,16.48,176,182,16.48,21.98,178,180,18.54,20.0
P::utc_hour_le_4.0+conf_void_score_le_1.0::top1,pair+top1,29,1.0,11,3,37.93,8.94,10.34,14,15,42.86,33.33,15,14,40.0,35.71
P::utc_hour_ge_8.0+conf_void_score_ge_1.0,pair,564,19.448,37,63,6.56,30.08,11.17,265,299,11.7,2.01,282,282,6.74,6.38
P::utc_hour_ge_8.0+conf_void_score_ge_1.0::top1,pair+top1,29,1.0,1,0,3.45,0.81,0.0,14,15,7.14,0.0,16,13,6.25,0.0
P::utc_hour_ge_8.0+conf_void_score_le_1.0,pair,564,19.448,37,63,6.56,30.08,11.17,265,299,11.7,2.01,282,282,6.74,6.38
P::utc_hour_ge_8.0+conf_void_score_le_1.0::top1,pair+top1,29,1.0,1,0,3.45,0.81,0.0,14,15,7.14,0.0,16,13,6.25,0.0
P::utc_hour_ge_8.0+conf_void_score_ge_1.0,pair,564,19.448,37,63,6.56,30.08,11.17,265,299,11.7,2.01,282,282,6.74,6.38
P::utc_hour_ge_8.0+conf_void_score_ge_1.0::top1,pair+top1,29,1.0,1,0,3.45,0.81,0.0,14,15,7.14,0.0,16,13,6.25,0.0
P::utc_hour_ge_8.0+conf_void_score_le_1.0,pair,564,19.448,37,63,6.56,30.08,11.17,265,299,11.7,2.01,282,282,6.74,6.38
P::utc_hour_ge_8.0+conf_void_score_le_1.0::top1,pair+top1,29,1.0,1,0,3.45,0.81,0.0,14,15,7.14,0.0,16,13,6.25,0.0
P::utc_hour_ge_8.0+conf_void_score_ge_1.0,pair,564,19.448,37,63,6.56,30.08,11.17,265,299,11.7,2.01,282,282,6.74,6.38
P::utc_hour_ge_8.0+conf_void_score_ge_1.0::top1,pair+top1,29,1.0,1,0,3.45,0.81,0.0,14,15,7.14,0.0,16,13,6.25,0.0
P::utc_hour_ge_8.0+conf_void_score_le_1.0,pair,564,19.448,37,63,6.56,30.08,11.17,265,299,11.7,2.01,282,282,6.74,6.38
P::utc_hour_ge_8.0+conf_void_score_le_1.0::top1,pair+top1,29,1.0,1,0,3.45,0.81,0.0,14,15,7.14,0.0,16,13,6.25,0.0
P::utc_hour_le_8.0+conf_void_score_ge_1.0,pair,528,18.207,94,88,17.8,76.42,16.67,262,266,16.03,19.55,251,277,19.52,16.25
P::utc_hour_le_8.0+conf_void_score_ge_1.0::top1,pair+top1,29,1.0,12,1,41.38,9.76,3.45,14,15,42.86,40.0,15,14,46.67,35.71
P::utc_hour_le_8.0+conf_void_score_le_1.0,pair,528,18.207,94,88,17.8,76.42,16.67,262,266,16.03,19.55,251,277,19.52,16.25
P::utc_hour_le_8.0+conf_void_score_le_1.0::top1,pair+top1,29,1.0,12,1,41.38,9.76,3.45,14,15,42.86,40.0,15,14,46.67,35.71
P::utc_hour_le_8.0+conf_void_score_ge_1.0,pair,528,18.207,94,88,17.8,76.42,16.67,262,266,16.03,19.55,251,277,19.52,16.25
P::utc_hour_le_8.0+conf_void_score_ge_1.0::top1,pair+top1,29,1.0,12,1,41.38,9.76,3.45,14,15,42.86,40.0,15,14,46.67,35.71
P::utc_hour_le_8.0+conf_void_score_le_1.0,pair,528,18.207,94,88,17.8,76.42,16.67,262,266,16.03,19.55,251,277,19.52,16.25
P::utc_hour_le_8.0+conf_void_score_le_1.0::top1,pair+top1,29,1.0,12,1,41.38,9.76,3.45,14,15,42.86,40.0,15,14,46.67,35.71
P::utc_hour_le_8.0+conf_void_score_ge_1.0,pair,528,18.207,94,88,17.8,76.42,16.67,262,266,16.03,19.55,251,277,19.52,16.25
P::utc_hour_le_8.0+conf_void_score_ge_1.0::top1,pair+top1,29,1.0,12,1,41.38,9.76,3.45,14,15,42.86,40.0,15,14,46.67,35.71
P::utc_hour_le_8.0+conf_void_score_le_1.0,pair,528,18.207,94,88,17.8,76.42,16.67,262,266,16.03,19.55,251,277,19.52,16.25
P::utc_hour_le_8.0+conf_void_score_le_1.0::top1,pair+top1,29,1.0,12,1,41.38,9.76,3.45,14,15,42.86,40.0,15,14,46.67,35.71
P::utc_hour_ge_14.0+conf_void_score_ge_1.0,pair,322,11.103,1,19,0.31,0.81,5.9,143,179,0.7,0.0,150,172,0.0,0.58
P::utc_hour_ge_14.0+conf_void_score_ge_1.0::top1,pair+top1,28,0.966,0,0,0.0,0.0,0.0,13,15,0.0,0.0,14,14,0.0,0.0
P::utc_hour_ge_14.0+conf_void_score_le_1.0,pair,322,11.103,1,19,0.31,0.81,5.9,143,179,0.7,0.0,150,172,0.0,0.58
P::utc_hour_ge_14.0+conf_void_score_le_1.0::top1,pair+top1,28,0.966,0,0,0.0,0.0,0.0,13,15,0.0,0.0,14,14,0.0,0.0
P::utc_hour_ge_14.0+conf_void_score_ge_1.0,pair,322,11.103,1,19,0.31,0.81,5.9,143,179,0.7,0.0,150,172,0.0,0.58
P::utc_hour_ge_14.0+conf_void_score_ge_1.0::top1,pair+top1,28,0.966,0,0,0.0,0.0,0.0,13,15,0.0,0.0,14,14,0.0,0.0
P::utc_hour_ge_14.0+conf_void_score_le_1.0,pair,322,11.103,1,19,0.31,0.81,5.9,143,179,0.7,0.0,150,172,0.0,0.58
P::utc_hour_ge_14.0+conf_void_score_le_1.0::top1,pair+top1,28,0.966,0,0,0.0,0.0,0.0,13,15,0.0,0.0,14,14,0.0,0.0
P::utc_hour_ge_14.0+conf_void_score_ge_1.0,pair,322,11.103,1,19,0.31,0.81,5.9,143,179,0.7,0.0,150,172,0.0,0.58
P::utc_hour_ge_14.0+conf_void_score_ge_1.0::top1,pair+top1,28,0.966,0,0,0.0,0.0,0.0,13,15,0.0,0.0,14,14,0.0,0.0
P::utc_hour_ge_14.0+conf_void_score_le_1.0,pair,322,11.103,1,19,0.31,0.81,5.9,143,179,0.7,0.0,150,172,0.0,0.58
P::utc_hour_ge_14.0+conf_void_score_le_1.0::top1,pair+top1,28,0.966,0,0,0.0,0.0,0.0,13,15,0.0,0.0,14,14,0.0,0.0
P::utc_hour_le_14.0+conf_void_score_ge_1.0,pair,780,26.897,122,129,15.64,99.19,16.54,388,392,17.01,14.29,384,396,16.41,14.9
P::utc_hour_le_14.0+conf_void_score_ge_1.0::top1,pair+top1,29,1.0,11,1,37.93,8.94,3.45,14,15,42.86,33.33,16,13,37.5,38.46
P::utc_hour_le_14.0+conf_void_score_le_1.0,pair,780,26.897,122,129,15.64,99.19,16.54,388,392,17.01,14.29,384,396,16.41,14.9
P::utc_hour_le_14.0+conf_void_score_le_1.0::top1,pair+top1,29,1.0,11,1,37.93,8.94,3.45,14,15,42.86,33.33,16,13,37.5,38.46
P::utc_hour_le_14.0+conf_void_score_ge_1.0,pair,780,26.897,122,129,15.64,99.19,16.54,388,392,17.01,14.29,384,396,16.41,14.9
P::utc_hour_le_14.0+conf_void_score_ge_1.0::top1,pair+top1,29,1.0,11,1,37.93,8.94,3.45,14,15,42.86,33.33,16,13,37.5,38.46
P::utc_hour_le_14.0+conf_void_score_le_1.0,pair,780,26.897,122,129,15.64,99.19,16.54,388,392,17.01,14.29,384,396,16.41,14.9
P::utc_hour_le_14.0+conf_void_score_le_1.0::top1,pair+top1,29,1.0,11,1,37.93,8.94,3.45,14,15,42.86,33.33,16,13,37.5,38.46
P::utc_hour_le_14.0+conf_void_score_ge_1.0,pair,780,26.897,122,129,15.64,99.19,16.54,388,392,17.01,14.29,384,396,16.41,14.9
P::utc_hour_le_14.0+conf_void_score_ge_1.0::top1,pair+top1,29,1.0,11,1,37.93,8.94,3.45,14,15,42.86,33.33,16,13,37.5,38.46
P::utc_hour_le_14.0+conf_void_score_le_1.0,pair,780,26.897,122,129,15.64,99.19,16.54,388,392,17.01,14.29,384,396,16.41,14.9
P::utc_hour_le_14.0+conf_void_score_le_1.0::top1,pair+top1,29,1.0,11,1,37.93,8.94,3.45,14,15,42.86,33.33,16,13,37.5,38.46
P::utc_hour_ge_4.0+score_ofi_ge_-0.1041,pair,509,17.552,45,69,8.84,36.59,13.56,260,249,11.15,6.43,300,209,9.33,8.13
P::utc_hour_ge_4.0+score_ofi_ge_-0.1041::top1,pair+top1,29,1.0,3,0,10.34,2.44,0.0,14,15,7.14,13.33,17,12,11.76,8.33
P::utc_hour_ge_4.0+score_ofi_le_-0.1041,pair,223,7.69,15,20,6.73,12.2,8.97,95,128,10.53,3.91,54,169,7.41,6.51
P::utc_hour_ge_4.0+score_ofi_le_-0.1041::top1,pair+top1,28,0.966,2,0,7.14,1.63,0.0,13,15,15.38,0.0,10,18,20.0,0.0
P::utc_hour_ge_4.0+score_ofi_ge_0.0069,pair,371,12.793,32,52,8.63,26.02,14.02,193,178,10.88,6.18,247,124,8.5,8.87
P::utc_hour_ge_4.0+score_ofi_ge_0.0069::top1,pair+top1,29,1.0,4,0,13.79,3.25,0.0,14,15,14.29,13.33,16,13,18.75,7.69
P::utc_hour_ge_4.0+score_ofi_le_0.0069,pair,361,12.448,28,37,7.76,22.76,10.25,161,200,11.18,5.0,107,254,10.28,6.69
P::utc_hour_ge_4.0+score_ofi_le_0.0069::top1,pair+top1,29,1.0,2,1,6.9,1.63,3.45,14,15,14.29,0.0,10,19,20.0,0.0
P::utc_hour_ge_4.0+score_ofi_ge_0.1195,pair,223,7.69,17,30,7.62,13.82,13.45,119,104,10.08,4.81,156,67,6.41,10.45
P::utc_hour_ge_4.0+score_ofi_ge_0.1195::top1,pair+top1,29,1.0,4,1,13.79,3.25,3.45,14,15,14.29,13.33,18,11,16.67,9.09
P::utc_hour_ge_4.0+score_ofi_le_0.1195,pair,509,17.552,43,60,8.45,34.96,11.79,236,273,11.44,5.86,198,311,11.11,6.75
P::utc_hour_ge_4.0+score_ofi_le_0.1195::top1,pair+top1,29,1.0,2,1,6.9,1.63,3.45,14,15,14.29,0.0,12,17,16.67,0.0
P::utc_hour_le_4.0+score_ofi_ge_-0.1041,pair,257,8.862,47,47,18.29,38.21,18.29,126,131,15.08,21.37,156,101,17.95,18.81
P::utc_hour_le_4.0+score_ofi_ge_-0.1041::top1,pair+top1,29,1.0,10,2,34.48,8.13,6.9,14,15,35.71,33.33,17,12,35.29,33.33
P::utc_hour_le_4.0+score_ofi_le_-0.1041,pair,101,3.483,22,12,21.78,17.89,11.88,50,51,20.0,23.53,22,79,22.73,21.52
P::utc_hour_le_4.0+score_ofi_le_-0.1041::top1,pair+top1,28,0.966,8,5,28.57,6.5,17.86,14,14,28.57,28.57,9,19,33.33,26.32
P::utc_hour_le_4.0+score_ofi_ge_0.0069,pair,175,6.034,29,31,16.57,23.58,17.71,83,92,14.46,18.48,121,54,15.7,18.52
P::utc_hour_le_4.0+score_ofi_ge_0.0069::top1,pair+top1,29,1.0,10,3,34.48,8.13,10.34,14,15,28.57,40.0,19,10,31.58,40.0
P::utc_hour_le_4.0+score_ofi_le_0.0069,pair,183,6.31,40,28,21.86,32.52,15.3,93,90,18.28,25.56,57,126,24.56,20.63
P::utc_hour_le_4.0+score_ofi_le_0.0069::top1,pair+top1,29,1.0,8,3,27.59,6.5,10.34,14,15,28.57,26.67,10,19,30.0,26.32
P::utc_hour_le_4.0+score_ofi_ge_0.1195,pair,106,3.655,15,19,14.15,12.2,17.92,52,54,11.54,16.67,77,29,11.69,20.69
P::utc_hour_le_4.0+score_ofi_ge_0.1195::top1,pair+top1,28,0.966,9,3,32.14,7.32,10.71,14,14,28.57,35.71,21,7,23.81,57.14
P::utc_hour_le_4.0+score_ofi_le_0.1195,pair,252,8.69,54,40,21.43,43.9,15.87,124,128,18.55,24.22,101,151,23.76,19.87
P::utc_hour_le_4.0+score_ofi_le_0.1195::top1,pair+top1,29,1.0,9,4,31.03,7.32,13.79,14,15,35.71,26.67,11,18,45.45,22.22
P::utc_hour_ge_8.0+score_ofi_ge_-0.1041,pair,382,13.172,29,49,7.59,23.58,12.83,191,191,12.04,3.14,234,148,7.69,7.43
P::utc_hour_ge_8.0+score_ofi_ge_-0.1041::top1,pair+top1,29,1.0,1,1,3.45,0.81,3.45,14,15,7.14,0.0,20,9,5.0,0.0
P::utc_hour_ge_8.0+score_ofi_le_-0.1041,pair,183,6.31,8,14,4.37,6.5,7.65,75,108,10.67,0.0,48,135,2.08,5.19
P::utc_hour_ge_8.0+score_ofi_le_-0.1041::top1,pair+top1,28,0.966,2,0,7.14,1.63,0.0,13,15,15.38,0.0,10,18,0.0,11.11
P::utc_hour_ge_8.0+score_ofi_ge_0.0069,pair,277,9.552,18,36,6.5,14.63,13.0,142,135,10.56,2.22,190,87,5.79,8.05
P::utc_hour_ge_8.0+score_ofi_ge_0.0069::top1,pair+top1,29,1.0,1,1,3.45,0.81,3.45,14,15,7.14,0.0,22,7,4.55,0.0
P::utc_hour_ge_8.0+score_ofi_le_0.0069,pair,287,9.897,19,27,6.62,15.45,9.41,123,164,13.01,1.83,92,195,8.7,5.64
P::utc_hour_ge_8.0+score_ofi_le_0.0069::top1,pair+top1,28,0.966,2,0,7.14,1.63,0.0,13,15,15.38,0.0,12,16,16.67,0.0
P::utc_hour_ge_8.0+score_ofi_ge_0.1195,pair,169,5.828,9,21,5.33,7.32,12.43,88,81,9.09,1.23,121,48,3.31,10.42
P::utc_hour_ge_8.0+score_ofi_ge_0.1195::top1,pair+top1,28,0.966,1,1,3.57,0.81,3.57,13,15,7.69,0.0,22,6,4.55,0.0
P::utc_hour_ge_8.0+score_ofi_le_0.1195,pair,396,13.655,28,43,7.07,22.76,10.86,178,218,12.92,2.29,161,235,9.32,5.53
P::utc_hour_ge_8.0+score_ofi_le_0.1195::top1,pair+top1,29,1.0,1,0,3.45,0.81,0.0,14,15,7.14,0.0,15,14,6.67,0.0
P::utc_hour_le_8.0+score_ofi_ge_-0.1041,pair,382,13.172,65,70,17.02,52.85,18.32,188,194,14.89,19.07,224,158,19.2,13.92
P::utc_hour_le_8.0+score_ofi_ge_-0.1041::top1,pair+top1,29,1.0,10,2,34.48,8.13,6.9,14,15,35.71,33.33,16,13,37.5,30.77
P::utc_hour_le_8.0+score_ofi_le_-0.1041,pair,146,5.034,29,18,19.86,23.58,12.33,74,72,18.92,20.83,27,119,22.22,19.33
P::utc_hour_le_8.0+score_ofi_le_-0.1041::top1,pair+top1,29,1.0,7,4,24.14,5.69,13.79,14,15,28.57,20.0,7,22,14.29,27.27
P::utc_hour_le_8.0+score_ofi_ge_0.0069,pair,273,9.414,43,53,15.75,34.96,19.41,131,142,14.5,16.9,182,91,17.58,12.09
P::utc_hour_le_8.0+score_ofi_ge_0.0069::top1,pair+top1,29,1.0,10,3,34.48,8.13,10.34,14,15,21.43,46.67,18,11,33.33,36.36
P::utc_hour_le_8.0+score_ofi_le_0.0069,pair,256,8.828,51,35,19.92,41.46,13.67,131,125,17.56,22.4,69,187,24.64,18.18
P::utc_hour_le_8.0+score_ofi_le_0.0069::top1,pair+top1,29,1.0,7,2,24.14,5.69,6.9,14,15,28.57,20.0,9,20,33.33,20.0
P::utc_hour_le_8.0+score_ofi_ge_0.1195,pair,161,5.552,21,31,13.04,17.07,19.25,81,80,12.35,13.75,113,48,13.27,12.5
P::utc_hour_le_8.0+score_ofi_ge_0.1195::top1,pair+top1,29,1.0,9,5,31.03,7.32,17.24,14,15,21.43,40.0,21,8,28.57,37.5
P::utc_hour_le_8.0+score_ofi_le_0.1195,pair,367,12.655,73,57,19.89,59.35,15.53,181,186,17.68,22.04,138,229,24.64,17.03
P::utc_hour_le_8.0+score_ofi_le_0.1195::top1,pair+top1,29,1.0,10,2,34.48,8.13,6.9,14,15,42.86,26.67,11,18,54.55,22.22
P::utc_hour_ge_14.0+score_ofi_ge_-0.1041,pair,215,7.414,0,15,0.0,0.0,6.98,97,118,0.0,0.0,126,89,0.0,0.0
P::utc_hour_ge_14.0+score_ofi_ge_-0.1041::top1,pair+top1,28,0.966,0,0,0.0,0.0,0.0,13,15,0.0,0.0,16,12,0.0,0.0
P::utc_hour_ge_14.0+score_ofi_le_-0.1041,pair,108,3.724,1,4,0.93,0.81,3.7,47,61,2.13,0.0,24,84,0.0,1.19
P::utc_hour_ge_14.0+score_ofi_le_-0.1041::top1,pair+top1,26,0.897,0,0,0.0,0.0,0.0,11,15,0.0,0.0,6,20,0.0,0.0
P::utc_hour_ge_14.0+score_ofi_ge_0.0069,pair,154,5.31,0,11,0.0,0.0,7.14,72,82,0.0,0.0,103,51,0.0,0.0
P::utc_hour_ge_14.0+score_ofi_ge_0.0069::top1,pair+top1,28,0.966,0,0,0.0,0.0,0.0,13,15,0.0,0.0,19,9,0.0,0.0
P::utc_hour_ge_14.0+score_ofi_le_0.0069,pair,168,5.793,1,8,0.6,0.81,4.76,71,97,1.41,0.0,47,121,0.0,0.83
P::utc_hour_ge_14.0+score_ofi_le_0.0069::top1,pair+top1,27,0.931,0,0,0.0,0.0,0.0,12,15,0.0,0.0,8,19,0.0,0.0
P::utc_hour_ge_14.0+score_ofi_ge_0.1195,pair,95,3.276,0,5,0.0,0.0,5.26,40,55,0.0,0.0,67,28,0.0,0.0
P::utc_hour_ge_14.0+score_ofi_ge_0.1195::top1,pair+top1,28,0.966,0,0,0.0,0.0,0.0,13,15,0.0,0.0,20,8,0.0,0.0
P::utc_hour_ge_14.0+score_ofi_le_0.1195,pair,228,7.862,1,15,0.44,0.81,6.58,104,124,0.96,0.0,83,145,0.0,0.69
P::utc_hour_ge_14.0+score_ofi_le_0.1195::top1,pair+top1,27,0.931,0,0,0.0,0.0,0.0,12,15,0.0,0.0,11,16,0.0,0.0
P::utc_hour_le_14.0+score_ofi_ge_-0.1041,pair,554,19.103,89,100,16.06,72.36,18.05,285,269,16.84,15.24,333,221,16.82,14.93
P::utc_hour_le_14.0+score_ofi_ge_-0.1041::top1,pair+top1,29,1.0,10,1,34.48,8.13,3.45,14,15,35.71,33.33,18,11,33.33,36.36
P::utc_hour_le_14.0+score_ofi_le_-0.1041,pair,226,7.793,33,29,14.6,26.83,12.83,103,123,17.48,12.2,51,175,13.73,14.86
P::utc_hour_le_14.0+score_ofi_le_-0.1041::top1,pair+top1,29,1.0,5,4,17.24,4.07,13.79,14,15,21.43,13.33,8,21,12.5,19.05
P::utc_hour_le_14.0+score_ofi_ge_0.0069,pair,394,13.586,58,72,14.72,47.15,18.27,201,193,16.42,12.95,265,129,15.09,13.95
P::utc_hour_le_14.0+score_ofi_ge_0.0069::top1,pair+top1,29,1.0,9,3,31.03,7.32,10.34,14,15,21.43,40.0,17,12,29.41,33.33
P::utc_hour_le_14.0+score_ofi_le_0.0069,pair,387,13.345,64,57,16.54,52.03,14.73,187,200,17.65,15.5,119,268,19.33,15.3
P::utc_hour_le_14.0+score_ofi_le_0.0069::top1,pair+top1,29,1.0,8,1,27.59,6.5,3.45,14,15,35.71,20.0,12,17,33.33,23.53
P::utc_hour_le_14.0+score_ofi_ge_0.1195,pair,230,7.931,30,42,13.04,24.39,18.26,126,104,14.29,11.54,162,68,11.73,16.18
P::utc_hour_le_14.0+score_ofi_ge_0.1195::top1,pair+top1,29,1.0,9,4,31.03,7.32,13.79,14,15,28.57,33.33,22,7,27.27,42.86
P::utc_hour_le_14.0+score_ofi_le_0.1195,pair,550,18.966,92,87,16.73,74.8,15.82,262,288,18.32,15.28,222,328,19.82,14.63
P::utc_hour_le_14.0+score_ofi_le_0.1195::top1,pair+top1,29,1.0,9,1,31.03,7.32,3.45,14,15,35.71,26.67,12,17,41.67,23.53
P::utc_hour_ge_4.0+score_liquidity_void_ge_1.0,pair,731,25.207,60,89,8.21,48.78,12.18,354,377,11.02,5.57,354,377,9.04,7.43
P::utc_hour_ge_4.0+score_liquidity_void_ge_1.0::top1,pair+top1,29,1.0,3,0,10.34,2.44,0.0,14,15,14.29,6.67,13,16,15.38,6.25
P::utc_hour_ge_4.0+score_liquidity_void_le_1.0,pair,731,25.207,60,89,8.21,48.78,12.18,354,377,11.02,5.57,354,377,9.04,7.43
P::utc_hour_ge_4.0+score_liquidity_void_le_1.0::top1,pair+top1,29,1.0,3,0,10.34,2.44,0.0,14,15,14.29,6.67,13,16,15.38,6.25
P::utc_hour_ge_4.0+score_liquidity_void_ge_1.0,pair,731,25.207,60,89,8.21,48.78,12.18,354,377,11.02,5.57,354,377,9.04,7.43
P::utc_hour_ge_4.0+score_liquidity_void_ge_1.0::top1,pair+top1,29,1.0,3,0,10.34,2.44,0.0,14,15,14.29,6.67,13,16,15.38,6.25
P::utc_hour_ge_4.0+score_liquidity_void_le_1.0,pair,731,25.207,60,89,8.21,48.78,12.18,354,377,11.02,5.57,354,377,9.04,7.43
P::utc_hour_ge_4.0+score_liquidity_void_le_1.0::top1,pair+top1,29,1.0,3,0,10.34,2.44,0.0,14,15,14.29,6.67,13,16,15.38,6.25
P::utc_hour_ge_4.0+score_liquidity_void_ge_1.0,pair,731,25.207,60,89,8.21,48.78,12.18,354,377,11.02,5.57,354,377,9.04,7.43
P::utc_hour_ge_4.0+score_liquidity_void_ge_1.0::top1,pair+top1,29,1.0,3,0,10.34,2.44,0.0,14,15,14.29,6.67,13,16,15.38,6.25
P::utc_hour_ge_4.0+score_liquidity_void_le_1.0,pair,731,25.207,60,89,8.21,48.78,12.18,354,377,11.02,5.57,354,377,9.04,7.43
P::utc_hour_ge_4.0+score_liquidity_void_le_1.0::top1,pair+top1,29,1.0,3,0,10.34,2.44,0.0,14,15,14.29,6.67,13,16,15.38,6.25
P::utc_hour_le_4.0+score_liquidity_void_ge_1.0,pair,358,12.345,69,59,19.27,56.1,16.48,176,182,16.48,21.98,178,180,18.54,20.0
P::utc_hour_le_4.0+score_liquidity_void_ge_1.0::top1,pair+top1,29,1.0,11,3,37.93,8.94,10.34,14,15,42.86,33.33,15,14,40.0,35.71
P::utc_hour_le_4.0+score_liquidity_void_le_1.0,pair,358,12.345,69,59,19.27,56.1,16.48,176,182,16.48,21.98,178,180,18.54,20.0
P::utc_hour_le_4.0+score_liquidity_void_le_1.0::top1,pair+top1,29,1.0,11,3,37.93,8.94,10.34,14,15,42.86,33.33,15,14,40.0,35.71
P::utc_hour_le_4.0+score_liquidity_void_ge_1.0,pair,358,12.345,69,59,19.27,56.1,16.48,176,182,16.48,21.98,178,180,18.54,20.0
P::utc_hour_le_4.0+score_liquidity_void_ge_1.0::top1,pair+top1,29,1.0,11,3,37.93,8.94,10.34,14,15,42.86,33.33,15,14,40.0,35.71
P::utc_hour_le_4.0+score_liquidity_void_le_1.0,pair,358,12.345,69,59,19.27,56.1,16.48,176,182,16.48,21.98,178,180,18.54,20.0
P::utc_hour_le_4.0+score_liquidity_void_le_1.0::top1,pair+top1,29,1.0,11,3,37.93,8.94,10.34,14,15,42.86,33.33,15,14,40.0,35.71
P::utc_hour_le_4.0+score_liquidity_void_ge_1.0,pair,358,12.345,69,59,19.27,56.1,16.48,176,182,16.48,21.98,178,180,18.54,20.0
P::utc_hour_le_4.0+score_liquidity_void_ge_1.0::top1,pair+top1,29,1.0,11,3,37.93,8.94,10.34,14,15,42.86,33.33,15,14,40.0,35.71
P::utc_hour_le_4.0+score_liquidity_void_le_1.0,pair,358,12.345,69,59,19.27,56.1,16.48,176,182,16.48,21.98,178,180,18.54,20.0
P::utc_hour_le_4.0+score_liquidity_void_le_1.0::top1,pair+top1,29,1.0,11,3,37.93,8.94,10.34,14,15,42.86,33.33,15,14,40.0,35.71
P::utc_hour_ge_8.0+score_liquidity_void_ge_1.0,pair,564,19.448,37,63,6.56,30.08,11.17,265,299,11.7,2.01,282,282,6.74,6.38
P::utc_hour_ge_8.0+score_liquidity_void_ge_1.0::top1,pair+top1,29,1.0,1,0,3.45,0.81,0.0,14,15,7.14,0.0,16,13,6.25,0.0
P::utc_hour_ge_8.0+score_liquidity_void_le_1.0,pair,564,19.448,37,63,6.56,30.08,11.17,265,299,11.7,2.01,282,282,6.74,6.38
P::utc_hour_ge_8.0+score_liquidity_void_le_1.0::top1,pair+top1,29,1.0,1,0,3.45,0.81,0.0,14,15,7.14,0.0,16,13,6.25,0.0
P::utc_hour_ge_8.0+score_liquidity_void_ge_1.0,pair,564,19.448,37,63,6.56,30.08,11.17,265,299,11.7,2.01,282,282,6.74,6.38
P::utc_hour_ge_8.0+score_liquidity_void_ge_1.0::top1,pair+top1,29,1.0,1,0,3.45,0.81,0.0,14,15,7.14,0.0,16,13,6.25,0.0
P::utc_hour_ge_8.0+score_liquidity_void_le_1.0,pair,564,19.448,37,63,6.56,30.08,11.17,265,299,11.7,2.01,282,282,6.74,6.38
P::utc_hour_ge_8.0+score_liquidity_void_le_1.0::top1,pair+top1,29,1.0,1,0,3.45,0.81,0.0,14,15,7.14,0.0,16,13,6.25,0.0
P::utc_hour_ge_8.0+score_liquidity_void_ge_1.0,pair,564,19.448,37,63,6.56,30.08,11.17,265,299,11.7,2.01,282,282,6.74,6.38
P::utc_hour_ge_8.0+score_liquidity_void_ge_1.0::top1,pair+top1,29,1.0,1,0,3.45,0.81,0.0,14,15,7.14,0.0,16,13,6.25,0.0
P::utc_hour_ge_8.0+score_liquidity_void_le_1.0,pair,564,19.448,37,63,6.56,30.08,11.17,265,299,11.7,2.01,282,282,6.74,6.38
P::utc_hour_ge_8.0+score_liquidity_void_le_1.0::top1,pair+top1,29,1.0,1,0,3.45,0.81,0.0,14,15,7.14,0.0,16,13,6.25,0.0
P::utc_hour_le_8.0+score_liquidity_void_ge_1.0,pair,528,18.207,94,88,17.8,76.42,16.67,262,266,16.03,19.55,251,277,19.52,16.25
P::utc_hour_le_8.0+score_liquidity_void_ge_1.0::top1,pair+top1,29,1.0,12,1,41.38,9.76,3.45,14,15,42.86,40.0,15,14,46.67,35.71
P::utc_hour_le_8.0+score_liquidity_void_le_1.0,pair,528,18.207,94,88,17.8,76.42,16.67,262,266,16.03,19.55,251,277,19.52,16.25
P::utc_hour_le_8.0+score_liquidity_void_le_1.0::top1,pair+top1,29,1.0,12,1,41.38,9.76,3.45,14,15,42.86,40.0,15,14,46.67,35.71
P::utc_hour_le_8.0+score_liquidity_void_ge_1.0,pair,528,18.207,94,88,17.8,76.42,16.67,262,266,16.03,19.55,251,277,19.52,16.25
P::utc_hour_le_8.0+score_liquidity_void_ge_1.0::top1,pair+top1,29,1.0,12,1,41.38,9.76,3.45,14,15,42.86,40.0,15,14,46.67,35.71
P::utc_hour_le_8.0+score_liquidity_void_le_1.0,pair,528,18.207,94,88,17.8,76.42,16.67,262,266,16.03,19.55,251,277,19.52,16.25
P::utc_hour_le_8.0+score_liquidity_void_le_1.0::top1,pair+top1,29,1.0,12,1,41.38,9.76,3.45,14,15,42.86,40.0,15,14,46.67,35.71
P::utc_hour_le_8.0+score_liquidity_void_ge_1.0,pair,528,18.207,94,88,17.8,76.42,16.67,262,266,16.03,19.55,251,277,19.52,16.25
P::utc_hour_le_8.0+score_liquidity_void_ge_1.0::top1,pair+top1,29,1.0,12,1,41.38,9.76,3.45,14,15,42.86,40.0,15,14,46.67,35.71
P::utc_hour_le_8.0+score_liquidity_void_le_1.0,pair,528,18.207,94,88,17.8,76.42,16.67,262,266,16.03,19.55,251,277,19.52,16.25
P::utc_hour_le_8.0+score_liquidity_void_le_1.0::top1,pair+top1,29,1.0,12,1,41.38,9.76,3.45,14,15,42.86,40.0,15,14,46.67,35.71
P::utc_hour_ge_14.0+score_liquidity_void_ge_1.0,pair,322,11.103,1,19,0.31,0.81,5.9,143,179,0.7,0.0,150,172,0.0,0.58
P::utc_hour_ge_14.0+score_liquidity_void_ge_1.0::top1,pair+top1,28,0.966,0,0,0.0,0.0,0.0,13,15,0.0,0.0,14,14,0.0,0.0
P::utc_hour_ge_14.0+score_liquidity_void_le_1.0,pair,322,11.103,1,19,0.31,0.81,5.9,143,179,0.7,0.0,150,172,0.0,0.58
P::utc_hour_ge_14.0+score_liquidity_void_le_1.0::top1,pair+top1,28,0.966,0,0,0.0,0.0,0.0,13,15,0.0,0.0,14,14,0.0,0.0
P::utc_hour_ge_14.0+score_liquidity_void_ge_1.0,pair,322,11.103,1,19,0.31,0.81,5.9,143,179,0.7,0.0,150,172,0.0,0.58
P::utc_hour_ge_14.0+score_liquidity_void_ge_1.0::top1,pair+top1,28,0.966,0,0,0.0,0.0,0.0,13,15,0.0,0.0,14,14,0.0,0.0
P::utc_hour_ge_14.0+score_liquidity_void_le_1.0,pair,322,11.103,1,19,0.31,0.81,5.9,143,179,0.7,0.0,150,172,0.0,0.58
P::utc_hour_ge_14.0+score_liquidity_void_le_1.0::top1,pair+top1,28,0.966,0,0,0.0,0.0,0.0,13,15,0.0,0.0,14,14,0.0,0.0
P::utc_hour_ge_14.0+score_liquidity_void_ge_1.0,pair,322,11.103,1,19,0.31,0.81,5.9,143,179,0.7,0.0,150,172,0.0,0.58
P::utc_hour_ge_14.0+score_liquidity_void_ge_1.0::top1,pair+top1,28,0.966,0,0,0.0,0.0,0.0,13,15,0.0,0.0,14,14,0.0,0.0
P::utc_hour_ge_14.0+score_liquidity_void_le_1.0,pair,322,11.103,1,19,0.31,0.81,5.9,143,179,0.7,0.0,150,172,0.0,0.58
P::utc_hour_ge_14.0+score_liquidity_void_le_1.0::top1,pair+top1,28,0.966,0,0,0.0,0.0,0.0,13,15,0.0,0.0,14,14,0.0,0.0
P::utc_hour_le_14.0+score_liquidity_void_ge_1.0,pair,780,26.897,122,129,15.64,99.19,16.54,388,392,17.01,14.29,384,396,16.41,14.9
P::utc_hour_le_14.0+score_liquidity_void_ge_1.0::top1,pair+top1,29,1.0,11,1,37.93,8.94,3.45,14,15,42.86,33.33,16,13,37.5,38.46
P::utc_hour_le_14.0+score_liquidity_void_le_1.0,pair,780,26.897,122,129,15.64,99.19,16.54,388,392,17.01,14.29,384,396,16.41,14.9
P::utc_hour_le_14.0+score_liquidity_void_le_1.0::top1,pair+top1,29,1.0,11,1,37.93,8.94,3.45,14,15,42.86,33.33,16,13,37.5,38.46
P::utc_hour_le_14.0+score_liquidity_void_ge_1.0,pair,780,26.897,122,129,15.64,99.19,16.54,388,392,17.01,14.29,384,396,16.41,14.9
P::utc_hour_le_14.0+score_liquidity_void_ge_1.0::top1,pair+top1,29,1.0,11,1,37.93,8.94,3.45,14,15,42.86,33.33,16,13,37.5,38.46
P::utc_hour_le_14.0+score_liquidity_void_le_1.0,pair,780,26.897,122,129,15.64,99.19,16.54,388,392,17.01,14.29,384,396,16.41,14.9
P::utc_hour_le_14.0+score_liquidity_void_le_1.0::top1,pair+top1,29,1.0,11,1,37.93,8.94,3.45,14,15,42.86,33.33,16,13,37.5,38.46
P::utc_hour_le_14.0+score_liquidity_void_ge_1.0,pair,780,26.897,122,129,15.64,99.19,16.54,388,392,17.01,14.29,384,396,16.41,14.9
P::utc_hour_le_14.0+score_liquidity_void_ge_1.0::top1,pair+top1,29,1.0,11,1,37.93,8.94,3.45,14,15,42.86,33.33,16,13,37.5,38.46
P::utc_hour_le_14.0+score_liquidity_void_le_1.0,pair,780,26.897,122,129,15.64,99.19,16.54,388,392,17.01,14.29,384,396,16.41,14.9
P::utc_hour_le_14.0+score_liquidity_void_le_1.0::top1,pair+top1,29,1.0,11,1,37.93,8.94,3.45,14,15,42.86,33.33,16,13,37.5,38.46
P::is_asia_session_TRUE+cand_prior_move_pct_ge_0.0,pair,443,15.276,81,70,18.28,65.85,15.8,218,225,15.6,20.89,211,232,19.43,17.24
P::is_asia_session_TRUE+cand_prior_move_pct_ge_0.0::top1,pair+top1,29,1.0,12,1,41.38,9.76,3.45,14,15,42.86,40.0,15,14,46.67,35.71
P::is_asia_session_TRUE+cand_prior_move_pct_le_0.0,pair,377,13.0,71,64,18.83,57.72,16.98,187,190,14.97,22.63,184,193,21.2,16.58
P::is_asia_session_TRUE+cand_prior_move_pct_le_0.0::top1,pair+top1,29,1.0,11,2,37.93,8.94,6.9,14,15,42.86,33.33,14,15,42.86,33.33
P::is_asia_session_TRUE+cand_prior_move_pct_ge_0.0,pair,443,15.276,81,70,18.28,65.85,15.8,218,225,15.6,20.89,211,232,19.43,17.24
P::is_asia_session_TRUE+cand_prior_move_pct_ge_0.0::top1,pair+top1,29,1.0,12,1,41.38,9.76,3.45,14,15,42.86,40.0,15,14,46.67,35.71
P::is_asia_session_TRUE+cand_prior_move_pct_le_0.0,pair,377,13.0,71,64,18.83,57.72,16.98,187,190,14.97,22.63,184,193,21.2,16.58
P::is_asia_session_TRUE+cand_prior_move_pct_le_0.0::top1,pair+top1,29,1.0,11,2,37.93,8.94,6.9,14,15,42.86,33.33,14,15,42.86,33.33
P::is_asia_session_TRUE+cand_prior_move_pct_ge_0.0,pair,443,15.276,81,70,18.28,65.85,15.8,218,225,15.6,20.89,211,232,19.43,17.24
P::is_asia_session_TRUE+cand_prior_move_pct_ge_0.0::top1,pair+top1,29,1.0,12,1,41.38,9.76,3.45,14,15,42.86,40.0,15,14,46.67,35.71
P::is_asia_session_TRUE+cand_prior_move_pct_le_0.0,pair,377,13.0,71,64,18.83,57.72,16.98,187,190,14.97,22.63,184,193,21.2,16.58
P::is_asia_session_TRUE+cand_prior_move_pct_le_0.0::top1,pair+top1,29,1.0,11,2,37.93,8.94,6.9,14,15,42.86,33.33,14,15,42.86,33.33
P::is_asia_session_FALSE+cand_prior_move_pct_ge_0.0,pair,600,20.69,42,69,7.0,34.15,11.5,288,312,11.46,2.88,297,303,7.41,6.6
P::is_asia_session_FALSE+cand_prior_move_pct_ge_0.0::top1,pair+top1,29,1.0,1,1,3.45,0.81,3.45,14,15,7.14,0.0,15,14,6.67,0.0
P::is_asia_session_FALSE+cand_prior_move_pct_le_0.0,pair,528,18.207,34,63,6.44,27.64,11.93,261,267,10.73,2.25,260,268,6.54,6.34
P::is_asia_session_FALSE+cand_prior_move_pct_le_0.0::top1,pair+top1,29,1.0,1,1,3.45,0.81,3.45,14,15,7.14,0.0,14,15,7.14,0.0
P::is_asia_session_FALSE+cand_prior_move_pct_ge_0.0,pair,600,20.69,42,69,7.0,34.15,11.5,288,312,11.46,2.88,297,303,7.41,6.6
P::is_asia_session_FALSE+cand_prior_move_pct_ge_0.0::top1,pair+top1,29,1.0,1,1,3.45,0.81,3.45,14,15,7.14,0.0,15,14,6.67,0.0
P::is_asia_session_FALSE+cand_prior_move_pct_le_0.0,pair,528,18.207,34,63,6.44,27.64,11.93,261,267,10.73,2.25,260,268,6.54,6.34
P::is_asia_session_FALSE+cand_prior_move_pct_le_0.0::top1,pair+top1,29,1.0,1,1,3.45,0.81,3.45,14,15,7.14,0.0,14,15,7.14,0.0
P::is_asia_session_FALSE+cand_prior_move_pct_ge_0.0,pair,600,20.69,42,69,7.0,34.15,11.5,288,312,11.46,2.88,297,303,7.41,6.6
P::is_asia_session_FALSE+cand_prior_move_pct_ge_0.0::top1,pair+top1,29,1.0,1,1,3.45,0.81,3.45,14,15,7.14,0.0,15,14,6.67,0.0
P::is_asia_session_FALSE+cand_prior_move_pct_le_0.0,pair,528,18.207,34,63,6.44,27.64,11.93,261,267,10.73,2.25,260,268,6.54,6.34
P::is_asia_session_FALSE+cand_prior_move_pct_le_0.0::top1,pair+top1,29,1.0,1,1,3.45,0.81,3.45,14,15,7.14,0.0,14,15,7.14,0.0
P::is_asia_session_TRUE+conf_void_score_ge_1.0,pair,443,15.276,81,70,18.28,65.85,15.8,218,225,15.6,20.89,211,232,19.43,17.24
P::is_asia_session_TRUE+conf_void_score_ge_1.0::top1,pair+top1,29,1.0,12,1,41.38,9.76,3.45,14,15,42.86,40.0,15,14,46.67,35.71
P::is_asia_session_TRUE+conf_void_score_le_1.0,pair,443,15.276,81,70,18.28,65.85,15.8,218,225,15.6,20.89,211,232,19.43,17.24
P::is_asia_session_TRUE+conf_void_score_le_1.0::top1,pair+top1,29,1.0,12,1,41.38,9.76,3.45,14,15,42.86,40.0,15,14,46.67,35.71
P::is_asia_session_TRUE+conf_void_score_ge_1.0,pair,443,15.276,81,70,18.28,65.85,15.8,218,225,15.6,20.89,211,232,19.43,17.24
P::is_asia_session_TRUE+conf_void_score_ge_1.0::top1,pair+top1,29,1.0,12,1,41.38,9.76,3.45,14,15,42.86,40.0,15,14,46.67,35.71
P::is_asia_session_TRUE+conf_void_score_le_1.0,pair,443,15.276,81,70,18.28,65.85,15.8,218,225,15.6,20.89,211,232,19.43,17.24
P::is_asia_session_TRUE+conf_void_score_le_1.0::top1,pair+top1,29,1.0,12,1,41.38,9.76,3.45,14,15,42.86,40.0,15,14,46.67,35.71
P::is_asia_session_TRUE+conf_void_score_ge_1.0,pair,443,15.276,81,70,18.28,65.85,15.8,218,225,15.6,20.89,211,232,19.43,17.24
P::is_asia_session_TRUE+conf_void_score_ge_1.0::top1,pair+top1,29,1.0,12,1,41.38,9.76,3.45,14,15,42.86,40.0,15,14,46.67,35.71
P::is_asia_session_TRUE+conf_void_score_le_1.0,pair,443,15.276,81,70,18.28,65.85,15.8,218,225,15.6,20.89,211,232,19.43,17.24
P::is_asia_session_TRUE+conf_void_score_le_1.0::top1,pair+top1,29,1.0,12,1,41.38,9.76,3.45,14,15,42.86,40.0,15,14,46.67,35.71
P::is_asia_session_FALSE+conf_void_score_ge_1.0,pair,600,20.69,42,69,7.0,34.15,11.5,288,312,11.46,2.88,297,303,7.41,6.6
P::is_asia_session_FALSE+conf_void_score_ge_1.0::top1,pair+top1,29,1.0,1,1,3.45,0.81,3.45,14,15,7.14,0.0,15,14,6.67,0.0
P::is_asia_session_FALSE+conf_void_score_le_1.0,pair,600,20.69,42,69,7.0,34.15,11.5,288,312,11.46,2.88,297,303,7.41,6.6
P::is_asia_session_FALSE+conf_void_score_le_1.0::top1,pair+top1,29,1.0,1,1,3.45,0.81,3.45,14,15,7.14,0.0,15,14,6.67,0.0
P::is_asia_session_FALSE+conf_void_score_ge_1.0,pair,600,20.69,42,69,7.0,34.15,11.5,288,312,11.46,2.88,297,303,7.41,6.6
P::is_asia_session_FALSE+conf_void_score_ge_1.0::top1,pair+top1,29,1.0,1,1,3.45,0.81,3.45,14,15,7.14,0.0,15,14,6.67,0.0
P::is_asia_session_FALSE+conf_void_score_le_1.0,pair,600,20.69,42,69,7.0,34.15,11.5,288,312,11.46,2.88,297,303,7.41,6.6
P::is_asia_session_FALSE+conf_void_score_le_1.0::top1,pair+top1,29,1.0,1,1,3.45,0.81,3.45,14,15,7.14,0.0,15,14,6.67,0.0
P::is_asia_session_FALSE+conf_void_score_ge_1.0,pair,600,20.69,42,69,7.0,34.15,11.5,288,312,11.46,2.88,297,303,7.41,6.6
P::is_asia_session_FALSE+conf_void_score_ge_1.0::top1,pair+top1,29,1.0,1,1,3.45,0.81,3.45,14,15,7.14,0.0,15,14,6.67,0.0
P::is_asia_session_FALSE+conf_void_score_le_1.0,pair,600,20.69,42,69,7.0,34.15,11.5,288,312,11.46,2.88,297,303,7.41,6.6
P::is_asia_session_FALSE+conf_void_score_le_1.0::top1,pair+top1,29,1.0,1,1,3.45,0.81,3.45,14,15,7.14,0.0,15,14,6.67,0.0
P::is_asia_session_TRUE+score_ofi_ge_-0.1041,pair,323,11.138,57,56,17.65,46.34,17.34,159,164,15.09,20.12,189,134,19.05,15.67
P::is_asia_session_TRUE+score_ofi_ge_-0.1041::top1,pair+top1,29,1.0,10,2,34.48,8.13,6.9,14,15,35.71,33.33,16,13,37.5,30.77
P::is_asia_session_TRUE+score_ofi_le_-0.1041,pair,120,4.138,24,14,20.0,19.51,11.67,59,61,16.95,22.95,22,98,22.73,19.39
P::is_asia_session_TRUE+score_ofi_le_-0.1041::top1,pair+top1,29,1.0,7,4,24.14,5.69,13.79,14,15,28.57,20.0,8,21,25.0,23.81
P::is_asia_session_TRUE+score_ofi_ge_0.0069,pair,225,7.759,38,39,16.89,30.89,17.33,108,117,15.74,17.95,151,74,17.88,14.86
P::is_asia_session_TRUE+score_ofi_ge_0.0069::top1,pair+top1,29,1.0,10,3,34.48,8.13,10.34,14,15,21.43,46.67,18,11,33.33,36.36
P::is_asia_session_TRUE+score_ofi_le_0.0069,pair,218,7.517,43,31,19.72,34.96,14.22,110,108,15.45,24.07,60,158,23.33,18.35
P::is_asia_session_TRUE+score_ofi_le_0.0069::top1,pair+top1,29,1.0,7,2,24.14,5.69,6.9,14,15,28.57,20.0,10,19,30.0,21.05
P::is_asia_session_TRUE+score_ofi_ge_0.1195,pair,134,4.621,20,24,14.93,16.26,17.91,65,69,15.38,14.49,95,39,14.74,15.38
P::is_asia_session_TRUE+score_ofi_ge_0.1195::top1,pair+top1,29,1.0,9,4,31.03,7.32,13.79,14,15,21.43,40.0,22,7,27.27,42.86
P::is_asia_session_TRUE+score_ofi_le_0.1195,pair,309,10.655,61,46,19.74,49.59,14.89,153,156,15.69,23.72,116,193,23.28,17.62
P::is_asia_session_TRUE+score_ofi_le_0.1195::top1,pair+top1,29,1.0,9,2,31.03,7.32,6.9,14,15,35.71,26.67,11,18,45.45,22.22
P::is_asia_session_FALSE+score_ofi_ge_-0.1041,pair,408,14.069,32,53,7.84,26.02,12.99,206,202,11.65,3.96,248,160,8.06,7.5
P::is_asia_session_FALSE+score_ofi_ge_-0.1041::top1,pair+top1,29,1.0,2,0,6.9,1.63,0.0,14,15,14.29,0.0,20,9,10.0,0.0
P::is_asia_session_FALSE+score_ofi_le_-0.1041,pair,193,6.655,10,16,5.18,8.13,8.29,83,110,10.84,0.91,49,144,4.08,5.56
P::is_asia_session_FALSE+score_ofi_le_-0.1041::top1,pair+top1,28,0.966,2,1,7.14,1.63,3.57,13,15,15.38,0.0,11,17,9.09,5.88
P::is_asia_session_FALSE+score_ofi_ge_0.0069,pair,297,10.241,20,40,6.73,16.26,13.47,153,144,10.46,2.78,202,95,6.44,7.37
P::is_asia_session_FALSE+score_ofi_ge_0.0069::top1,pair+top1,29,1.0,2,0,6.9,1.63,0.0,14,15,14.29,0.0,21,8,9.52,0.0
P::is_asia_session_FALSE+score_ofi_le_0.0069,pair,304,10.483,22,29,7.24,17.89,9.54,135,169,12.59,2.96,95,209,9.47,6.22
P::is_asia_session_FALSE+score_ofi_le_0.0069::top1,pair+top1,28,0.966,2,1,7.14,1.63,3.57,13,15,15.38,0.0,11,17,18.18,0.0
P::is_asia_session_FALSE+score_ofi_ge_0.1195,pair,180,6.207,10,23,5.56,8.13,12.78,95,85,8.42,2.35,128,52,3.91,9.62
P::is_asia_session_FALSE+score_ofi_ge_0.1195::top1,pair+top1,28,0.966,1,1,3.57,0.81,3.57,13,15,7.69,0.0,22,6,4.55,0.0
P::is_asia_session_FALSE+score_ofi_le_0.1195,pair,421,14.517,32,47,7.6,26.02,11.16,194,227,12.89,3.08,169,252,10.06,5.95
P::is_asia_session_FALSE+score_ofi_le_0.1195::top1,pair+top1,29,1.0,1,1,3.45,0.81,3.45,14,15,7.14,0.0,13,16,7.69,0.0
P::is_asia_session_TRUE+score_liquidity_void_ge_1.0,pair,443,15.276,81,70,18.28,65.85,15.8,218,225,15.6,20.89,211,232,19.43,17.24
P::is_asia_session_TRUE+score_liquidity_void_ge_1.0::top1,pair+top1,29,1.0,12,1,41.38,9.76,3.45,14,15,42.86,40.0,15,14,46.67,35.71
P::is_asia_session_TRUE+score_liquidity_void_le_1.0,pair,443,15.276,81,70,18.28,65.85,15.8,218,225,15.6,20.89,211,232,19.43,17.24
P::is_asia_session_TRUE+score_liquidity_void_le_1.0::top1,pair+top1,29,1.0,12,1,41.38,9.76,3.45,14,15,42.86,40.0,15,14,46.67,35.71
P::is_asia_session_TRUE+score_liquidity_void_ge_1.0,pair,443,15.276,81,70,18.28,65.85,15.8,218,225,15.6,20.89,211,232,19.43,17.24
P::is_asia_session_TRUE+score_liquidity_void_ge_1.0::top1,pair+top1,29,1.0,12,1,41.38,9.76,3.45,14,15,42.86,40.0,15,14,46.67,35.71
P::is_asia_session_TRUE+score_liquidity_void_le_1.0,pair,443,15.276,81,70,18.28,65.85,15.8,218,225,15.6,20.89,211,232,19.43,17.24
P::is_asia_session_TRUE+score_liquidity_void_le_1.0::top1,pair+top1,29,1.0,12,1,41.38,9.76,3.45,14,15,42.86,40.0,15,14,46.67,35.71
P::is_asia_session_TRUE+score_liquidity_void_ge_1.0,pair,443,15.276,81,70,18.28,65.85,15.8,218,225,15.6,20.89,211,232,19.43,17.24
P::is_asia_session_TRUE+score_liquidity_void_ge_1.0::top1,pair+top1,29,1.0,12,1,41.38,9.76,3.45,14,15,42.86,40.0,15,14,46.67,35.71
P::is_asia_session_TRUE+score_liquidity_void_le_1.0,pair,443,15.276,81,70,18.28,65.85,15.8,218,225,15.6,20.89,211,232,19.43,17.24
P::is_asia_session_TRUE+score_liquidity_void_le_1.0::top1,pair+top1,29,1.0,12,1,41.38,9.76,3.45,14,15,42.86,40.0,15,14,46.67,35.71
P::is_asia_session_FALSE+score_liquidity_void_ge_1.0,pair,600,20.69,42,69,7.0,34.15,11.5,288,312,11.46,2.88,297,303,7.41,6.6
P::is_asia_session_FALSE+score_liquidity_void_ge_1.0::top1,pair+top1,29,1.0,1,1,3.45,0.81,3.45,14,15,7.14,0.0,15,14,6.67,0.0
P::is_asia_session_FALSE+score_liquidity_void_le_1.0,pair,600,20.69,42,69,7.0,34.15,11.5,288,312,11.46,2.88,297,303,7.41,6.6
P::is_asia_session_FALSE+score_liquidity_void_le_1.0::top1,pair+top1,29,1.0,1,1,3.45,0.81,3.45,14,15,7.14,0.0,15,14,6.67,0.0
P::is_asia_session_FALSE+score_liquidity_void_ge_1.0,pair,600,20.69,42,69,7.0,34.15,11.5,288,312,11.46,2.88,297,303,7.41,6.6
P::is_asia_session_FALSE+score_liquidity_void_ge_1.0::top1,pair+top1,29,1.0,1,1,3.45,0.81,3.45,14,15,7.14,0.0,15,14,6.67,0.0
P::is_asia_session_FALSE+score_liquidity_void_le_1.0,pair,600,20.69,42,69,7.0,34.15,11.5,288,312,11.46,2.88,297,303,7.41,6.6
P::is_asia_session_FALSE+score_liquidity_void_le_1.0::top1,pair+top1,29,1.0,1,1,3.45,0.81,3.45,14,15,7.14,0.0,15,14,6.67,0.0
P::is_asia_session_FALSE+score_liquidity_void_ge_1.0,pair,600,20.69,42,69,7.0,34.15,11.5,288,312,11.46,2.88,297,303,7.41,6.6
P::is_asia_session_FALSE+score_liquidity_void_ge_1.0::top1,pair+top1,29,1.0,1,1,3.45,0.81,3.45,14,15,7.14,0.0,15,14,6.67,0.0
P::is_asia_session_FALSE+score_liquidity_void_le_1.0,pair,600,20.69,42,69,7.0,34.15,11.5,288,312,11.46,2.88,297,303,7.41,6.6
P::is_asia_session_FALSE+score_liquidity_void_le_1.0::top1,pair+top1,29,1.0,1,1,3.45,0.81,3.45,14,15,7.14,0.0,15,14,6.67,0.0
P::cand_prior_move_pct_ge_0.0+conf_void_score_ge_1.0,pair,1043,35.966,123,139,11.79,100.0,13.33,506,537,13.24,10.43,508,535,12.4,11.21
P::cand_prior_move_pct_ge_0.0+conf_void_score_ge_1.0::top1,pair+top1,29,1.0,11,1,37.93,8.94,3.45,14,15,42.86,33.33,16,13,37.5,38.46
P::cand_prior_move_pct_ge_0.0+conf_void_score_le_1.0,pair,1043,35.966,123,139,11.79,100.0,13.33,506,537,13.24,10.43,508,535,12.4,11.21
P::cand_prior_move_pct_ge_0.0+conf_void_score_le_1.0::top1,pair+top1,29,1.0,11,1,37.93,8.94,3.45,14,15,42.86,33.33,16,13,37.5,38.46
P::cand_prior_move_pct_ge_0.0+conf_void_score_ge_1.0,pair,1043,35.966,123,139,11.79,100.0,13.33,506,537,13.24,10.43,508,535,12.4,11.21
P::cand_prior_move_pct_ge_0.0+conf_void_score_ge_1.0::top1,pair+top1,29,1.0,11,1,37.93,8.94,3.45,14,15,42.86,33.33,16,13,37.5,38.46
P::cand_prior_move_pct_ge_0.0+conf_void_score_le_1.0,pair,1043,35.966,123,139,11.79,100.0,13.33,506,537,13.24,10.43,508,535,12.4,11.21
P::cand_prior_move_pct_ge_0.0+conf_void_score_le_1.0::top1,pair+top1,29,1.0,11,1,37.93,8.94,3.45,14,15,42.86,33.33,16,13,37.5,38.46
P::cand_prior_move_pct_ge_0.0+conf_void_score_ge_1.0,pair,1043,35.966,123,139,11.79,100.0,13.33,506,537,13.24,10.43,508,535,12.4,11.21
P::cand_prior_move_pct_ge_0.0+conf_void_score_ge_1.0::top1,pair+top1,29,1.0,11,1,37.93,8.94,3.45,14,15,42.86,33.33,16,13,37.5,38.46
P::cand_prior_move_pct_ge_0.0+conf_void_score_le_1.0,pair,1043,35.966,123,139,11.79,100.0,13.33,506,537,13.24,10.43,508,535,12.4,11.21
P::cand_prior_move_pct_ge_0.0+conf_void_score_le_1.0::top1,pair+top1,29,1.0,11,1,37.93,8.94,3.45,14,15,42.86,33.33,16,13,37.5,38.46
P::cand_prior_move_pct_le_0.0+conf_void_score_ge_1.0,pair,905,31.207,105,127,11.6,85.37,14.03,448,457,12.5,10.72,444,461,12.61,10.63
P::cand_prior_move_pct_le_0.0+conf_void_score_ge_1.0::top1,pair+top1,29,1.0,11,2,37.93,8.94,6.9,14,15,42.86,33.33,16,13,37.5,38.46
P::cand_prior_move_pct_le_0.0+conf_void_score_le_1.0,pair,905,31.207,105,127,11.6,85.37,14.03,448,457,12.5,10.72,444,461,12.61,10.63
P::cand_prior_move_pct_le_0.0+conf_void_score_le_1.0::top1,pair+top1,29,1.0,11,2,37.93,8.94,6.9,14,15,42.86,33.33,16,13,37.5,38.46
P::cand_prior_move_pct_le_0.0+conf_void_score_ge_1.0,pair,905,31.207,105,127,11.6,85.37,14.03,448,457,12.5,10.72,444,461,12.61,10.63
P::cand_prior_move_pct_le_0.0+conf_void_score_ge_1.0::top1,pair+top1,29,1.0,11,2,37.93,8.94,6.9,14,15,42.86,33.33,16,13,37.5,38.46
P::cand_prior_move_pct_le_0.0+conf_void_score_le_1.0,pair,905,31.207,105,127,11.6,85.37,14.03,448,457,12.5,10.72,444,461,12.61,10.63
P::cand_prior_move_pct_le_0.0+conf_void_score_le_1.0::top1,pair+top1,29,1.0,11,2,37.93,8.94,6.9,14,15,42.86,33.33,16,13,37.5,38.46
P::cand_prior_move_pct_le_0.0+conf_void_score_ge_1.0,pair,905,31.207,105,127,11.6,85.37,14.03,448,457,12.5,10.72,444,461,12.61,10.63
P::cand_prior_move_pct_le_0.0+conf_void_score_ge_1.0::top1,pair+top1,29,1.0,11,2,37.93,8.94,6.9,14,15,42.86,33.33,16,13,37.5,38.46
P::cand_prior_move_pct_le_0.0+conf_void_score_le_1.0,pair,905,31.207,105,127,11.6,85.37,14.03,448,457,12.5,10.72,444,461,12.61,10.63
P::cand_prior_move_pct_le_0.0+conf_void_score_le_1.0::top1,pair+top1,29,1.0,11,2,37.93,8.94,6.9,14,15,42.86,33.33,16,13,37.5,38.46
P::cand_prior_move_pct_ge_0.0+conf_void_score_ge_1.0,pair,1043,35.966,123,139,11.79,100.0,13.33,506,537,13.24,10.43,508,535,12.4,11.21
P::cand_prior_move_pct_ge_0.0+conf_void_score_ge_1.0::top1,pair+top1,29,1.0,11,1,37.93,8.94,3.45,14,15,42.86,33.33,16,13,37.5,38.46
P::cand_prior_move_pct_ge_0.0+conf_void_score_le_1.0,pair,1043,35.966,123,139,11.79,100.0,13.33,506,537,13.24,10.43,508,535,12.4,11.21
P::cand_prior_move_pct_ge_0.0+conf_void_score_le_1.0::top1,pair+top1,29,1.0,11,1,37.93,8.94,3.45,14,15,42.86,33.33,16,13,37.5,38.46
P::cand_prior_move_pct_ge_0.0+conf_void_score_ge_1.0,pair,1043,35.966,123,139,11.79,100.0,13.33,506,537,13.24,10.43,508,535,12.4,11.21
P::cand_prior_move_pct_ge_0.0+conf_void_score_ge_1.0::top1,pair+top1,29,1.0,11,1,37.93,8.94,3.45,14,15,42.86,33.33,16,13,37.5,38.46
P::cand_prior_move_pct_ge_0.0+conf_void_score_le_1.0,pair,1043,35.966,123,139,11.79,100.0,13.33,506,537,13.24,10.43,508,535,12.4,11.21
P::cand_prior_move_pct_ge_0.0+conf_void_score_le_1.0::top1,pair+top1,29,1.0,11,1,37.93,8.94,3.45,14,15,42.86,33.33,16,13,37.5,38.46
P::cand_prior_move_pct_ge_0.0+conf_void_score_ge_1.0,pair,1043,35.966,123,139,11.79,100.0,13.33,506,537,13.24,10.43,508,535,12.4,11.21
P::cand_prior_move_pct_ge_0.0+conf_void_score_ge_1.0::top1,pair+top1,29,1.0,11,1,37.93,8.94,3.45,14,15,42.86,33.33,16,13,37.5,38.46
P::cand_prior_move_pct_ge_0.0+conf_void_score_le_1.0,pair,1043,35.966,123,139,11.79,100.0,13.33,506,537,13.24,10.43,508,535,12.4,11.21
P::cand_prior_move_pct_ge_0.0+conf_void_score_le_1.0::top1,pair+top1,29,1.0,11,1,37.93,8.94,3.45,14,15,42.86,33.33,16,13,37.5,38.46
P::cand_prior_move_pct_le_0.0+conf_void_score_ge_1.0,pair,905,31.207,105,127,11.6,85.37,14.03,448,457,12.5,10.72,444,461,12.61,10.63
P::cand_prior_move_pct_le_0.0+conf_void_score_ge_1.0::top1,pair+top1,29,1.0,11,2,37.93,8.94,6.9,14,15,42.86,33.33,16,13,37.5,38.46
P::cand_prior_move_pct_le_0.0+conf_void_score_le_1.0,pair,905,31.207,105,127,11.6,85.37,14.03,448,457,12.5,10.72,444,461,12.61,10.63
P::cand_prior_move_pct_le_0.0+conf_void_score_le_1.0::top1,pair+top1,29,1.0,11,2,37.93,8.94,6.9,14,15,42.86,33.33,16,13,37.5,38.46
P::cand_prior_move_pct_le_0.0+conf_void_score_ge_1.0,pair,905,31.207,105,127,11.6,85.37,14.03,448,457,12.5,10.72,444,461,12.61,10.63
P::cand_prior_move_pct_le_0.0+conf_void_score_ge_1.0::top1,pair+top1,29,1.0,11,2,37.93,8.94,6.9,14,15,42.86,33.33,16,13,37.5,38.46
P::cand_prior_move_pct_le_0.0+conf_void_score_le_1.0,pair,905,31.207,105,127,11.6,85.37,14.03,448,457,12.5,10.72,444,461,12.61,10.63
P::cand_prior_move_pct_le_0.0+conf_void_score_le_1.0::top1,pair+top1,29,1.0,11,2,37.93,8.94,6.9,14,15,42.86,33.33,16,13,37.5,38.46
P::cand_prior_move_pct_le_0.0+conf_void_score_ge_1.0,pair,905,31.207,105,127,11.6,85.37,14.03,448,457,12.5,10.72,444,461,12.61,10.63
P::cand_prior_move_pct_le_0.0+conf_void_score_ge_1.0::top1,pair+top1,29,1.0,11,2,37.93,8.94,6.9,14,15,42.86,33.33,16,13,37.5,38.46
P::cand_prior_move_pct_le_0.0+conf_void_score_le_1.0,pair,905,31.207,105,127,11.6,85.37,14.03,448,457,12.5,10.72,444,461,12.61,10.63
P::cand_prior_move_pct_le_0.0+conf_void_score_le_1.0::top1,pair+top1,29,1.0,11,2,37.93,8.94,6.9,14,15,42.86,33.33,16,13,37.5,38.46
P::cand_prior_move_pct_ge_0.0+conf_void_score_ge_1.0,pair,1043,35.966,123,139,11.79,100.0,13.33,506,537,13.24,10.43,508,535,12.4,11.21
P::cand_prior_move_pct_ge_0.0+conf_void_score_ge_1.0::top1,pair+top1,29,1.0,11,1,37.93,8.94,3.45,14,15,42.86,33.33,16,13,37.5,38.46
P::cand_prior_move_pct_ge_0.0+conf_void_score_le_1.0,pair,1043,35.966,123,139,11.79,100.0,13.33,506,537,13.24,10.43,508,535,12.4,11.21
P::cand_prior_move_pct_ge_0.0+conf_void_score_le_1.0::top1,pair+top1,29,1.0,11,1,37.93,8.94,3.45,14,15,42.86,33.33,16,13,37.5,38.46
P::cand_prior_move_pct_ge_0.0+conf_void_score_ge_1.0,pair,1043,35.966,123,139,11.79,100.0,13.33,506,537,13.24,10.43,508,535,12.4,11.21
P::cand_prior_move_pct_ge_0.0+conf_void_score_ge_1.0::top1,pair+top1,29,1.0,11,1,37.93,8.94,3.45,14,15,42.86,33.33,16,13,37.5,38.46
P::cand_prior_move_pct_ge_0.0+conf_void_score_le_1.0,pair,1043,35.966,123,139,11.79,100.0,13.33,506,537,13.24,10.43,508,535,12.4,11.21
P::cand_prior_move_pct_ge_0.0+conf_void_score_le_1.0::top1,pair+top1,29,1.0,11,1,37.93,8.94,3.45,14,15,42.86,33.33,16,13,37.5,38.46
P::cand_prior_move_pct_ge_0.0+conf_void_score_ge_1.0,pair,1043,35.966,123,139,11.79,100.0,13.33,506,537,13.24,10.43,508,535,12.4,11.21
P::cand_prior_move_pct_ge_0.0+conf_void_score_ge_1.0::top1,pair+top1,29,1.0,11,1,37.93,8.94,3.45,14,15,42.86,33.33,16,13,37.5,38.46
P::cand_prior_move_pct_ge_0.0+conf_void_score_le_1.0,pair,1043,35.966,123,139,11.79,100.0,13.33,506,537,13.24,10.43,508,535,12.4,11.21
P::cand_prior_move_pct_ge_0.0+conf_void_score_le_1.0::top1,pair+top1,29,1.0,11,1,37.93,8.94,3.45,14,15,42.86,33.33,16,13,37.5,38.46
P::cand_prior_move_pct_le_0.0+conf_void_score_ge_1.0,pair,905,31.207,105,127,11.6,85.37,14.03,448,457,12.5,10.72,444,461,12.61,10.63
P::cand_prior_move_pct_le_0.0+conf_void_score_ge_1.0::top1,pair+top1,29,1.0,11,2,37.93,8.94,6.9,14,15,42.86,33.33,16,13,37.5,38.46
P::cand_prior_move_pct_le_0.0+conf_void_score_le_1.0,pair,905,31.207,105,127,11.6,85.37,14.03,448,457,12.5,10.72,444,461,12.61,10.63
P::cand_prior_move_pct_le_0.0+conf_void_score_le_1.0::top1,pair+top1,29,1.0,11,2,37.93,8.94,6.9,14,15,42.86,33.33,16,13,37.5,38.46
P::cand_prior_move_pct_le_0.0+conf_void_score_ge_1.0,pair,905,31.207,105,127,11.6,85.37,14.03,448,457,12.5,10.72,444,461,12.61,10.63
P::cand_prior_move_pct_le_0.0+conf_void_score_ge_1.0::top1,pair+top1,29,1.0,11,2,37.93,8.94,6.9,14,15,42.86,33.33,16,13,37.5,38.46
P::cand_prior_move_pct_le_0.0+conf_void_score_le_1.0,pair,905,31.207,105,127,11.6,85.37,14.03,448,457,12.5,10.72,444,461,12.61,10.63
P::cand_prior_move_pct_le_0.0+conf_void_score_le_1.0::top1,pair+top1,29,1.0,11,2,37.93,8.94,6.9,14,15,42.86,33.33,16,13,37.5,38.46
P::cand_prior_move_pct_le_0.0+conf_void_score_ge_1.0,pair,905,31.207,105,127,11.6,85.37,14.03,448,457,12.5,10.72,444,461,12.61,10.63
P::cand_prior_move_pct_le_0.0+conf_void_score_ge_1.0::top1,pair+top1,29,1.0,11,2,37.93,8.94,6.9,14,15,42.86,33.33,16,13,37.5,38.46
P::cand_prior_move_pct_le_0.0+conf_void_score_le_1.0,pair,905,31.207,105,127,11.6,85.37,14.03,448,457,12.5,10.72,444,461,12.61,10.63
P::cand_prior_move_pct_le_0.0+conf_void_score_le_1.0::top1,pair+top1,29,1.0,11,2,37.93,8.94,6.9,14,15,42.86,33.33,16,13,37.5,38.46
P::cand_prior_move_pct_ge_0.0+score_ofi_ge_-0.1041,pair,731,25.207,89,109,12.18,72.36,14.91,365,366,13.15,11.2,437,294,12.81,11.22
P::cand_prior_move_pct_ge_0.0+score_ofi_ge_-0.1041::top1,pair+top1,29,1.0,10,1,34.48,8.13,3.45,14,15,35.71,33.33,18,11,33.33,36.36
P::cand_prior_move_pct_ge_0.0+score_ofi_le_-0.1041,pair,313,10.793,34,30,10.86,27.64,9.58,142,171,13.38,8.77,71,242,9.86,11.16
P::cand_prior_move_pct_ge_0.0+score_ofi_le_-0.1041::top1,pair+top1,29,1.0,4,2,13.79,3.25,6.9,14,15,21.43,6.67,9,20,11.11,15.0
P::cand_prior_move_pct_ge_0.0+score_ofi_ge_0.0069,pair,522,18.0,58,79,11.11,47.15,15.13,261,261,12.64,9.58,353,169,11.33,10.65
P::cand_prior_move_pct_ge_0.0+score_ofi_ge_0.0069::top1,pair+top1,29,1.0,9,1,31.03,7.32,3.45,14,15,21.43,40.0,17,12,29.41,33.33
P::cand_prior_move_pct_ge_0.0+score_ofi_le_0.0069,pair,522,18.0,65,60,12.45,52.85,11.49,245,277,13.88,11.19,155,367,14.84,11.44
P::cand_prior_move_pct_ge_0.0+score_ofi_le_0.0069::top1,pair+top1,29,1.0,6,1,20.69,4.88,3.45,14,15,35.71,6.67,11,18,27.27,16.67
P::cand_prior_move_pct_ge_0.0+score_ofi_ge_0.1195,pair,314,10.828,30,47,9.55,24.39,14.97,160,154,11.25,7.79,223,91,8.52,12.09
P::cand_prior_move_pct_ge_0.0+score_ofi_ge_0.1195::top1,pair+top1,29,1.0,8,1,27.59,6.5,3.45,14,15,21.43,33.33,23,6,26.09,33.33
P::cand_prior_move_pct_ge_0.0+score_ofi_le_0.1195,pair,730,25.172,93,93,12.74,75.61,12.74,347,383,14.12,11.49,285,445,15.44,11.01
P::cand_prior_move_pct_ge_0.0+score_ofi_le_0.1195::top1,pair+top1,29,1.0,8,1,27.59,6.5,3.45,14,15,35.71,20.0,12,17,33.33,23.53
P::cand_prior_move_pct_le_0.0+score_ofi_ge_-0.1041,pair,639,22.034,76,99,11.89,61.79,15.49,328,311,12.5,11.25,380,259,12.89,10.42
P::cand_prior_move_pct_le_0.0+score_ofi_ge_-0.1041::top1,pair+top1,29,1.0,8,4,27.59,6.5,13.79,14,15,28.57,26.67,18,11,27.78,27.27
P::cand_prior_move_pct_le_0.0+score_ofi_le_-0.1041,pair,267,9.207,29,28,10.86,23.58,10.49,121,146,12.4,9.59,64,203,10.94,10.84
P::cand_prior_move_pct_le_0.0+score_ofi_le_-0.1041::top1,pair+top1,29,1.0,4,1,13.79,3.25,3.45,14,15,14.29,13.33,7,22,14.29,13.64
P::cand_prior_move_pct_le_0.0+score_ofi_ge_0.0069,pair,469,16.172,51,74,10.87,41.46,15.78,238,231,11.76,9.96,312,157,11.22,10.19
P::cand_prior_move_pct_le_0.0+score_ofi_ge_0.0069::top1,pair+top1,29,1.0,7,2,24.14,5.69,6.9,14,15,21.43,26.67,17,12,23.53,25.0
P::cand_prior_move_pct_le_0.0+score_ofi_le_0.0069,pair,437,15.069,54,53,12.36,43.9,12.13,210,227,13.33,11.45,132,305,15.91,10.82
P::cand_prior_move_pct_le_0.0+score_ofi_le_0.0069::top1,pair+top1,29,1.0,6,0,20.69,4.88,0.0,14,15,35.71,6.67,9,20,33.33,15.0
P::cand_prior_move_pct_le_0.0+score_ofi_ge_0.1195,pair,277,9.552,25,44,9.03,20.33,15.88,140,137,10.0,8.03,194,83,7.73,12.05
P::cand_prior_move_pct_le_0.0+score_ofi_ge_0.1195::top1,pair+top1,29,1.0,7,2,24.14,5.69,6.9,14,15,21.43,26.67,23,6,21.74,33.33
P::cand_prior_move_pct_le_0.0+score_ofi_le_0.1195,pair,629,21.69,80,84,12.72,65.04,13.35,309,320,13.59,11.88,250,379,16.4,10.29
P::cand_prior_move_pct_le_0.0+score_ofi_le_0.1195::top1,pair+top1,29,1.0,8,1,27.59,6.5,3.45,14,15,35.71,20.0,10,19,40.0,21.05
P::cand_prior_move_pct_ge_0.0+score_ofi_ge_-0.1041,pair,731,25.207,89,109,12.18,72.36,14.91,365,366,13.15,11.2,437,294,12.81,11.22
P::cand_prior_move_pct_ge_0.0+score_ofi_ge_-0.1041::top1,pair+top1,29,1.0,10,1,34.48,8.13,3.45,14,15,35.71,33.33,18,11,33.33,36.36
P::cand_prior_move_pct_ge_0.0+score_ofi_le_-0.1041,pair,313,10.793,34,30,10.86,27.64,9.58,142,171,13.38,8.77,71,242,9.86,11.16
P::cand_prior_move_pct_ge_0.0+score_ofi_le_-0.1041::top1,pair+top1,29,1.0,4,2,13.79,3.25,6.9,14,15,21.43,6.67,9,20,11.11,15.0
P::cand_prior_move_pct_ge_0.0+score_ofi_ge_0.0069,pair,522,18.0,58,79,11.11,47.15,15.13,261,261,12.64,9.58,353,169,11.33,10.65
P::cand_prior_move_pct_ge_0.0+score_ofi_ge_0.0069::top1,pair+top1,29,1.0,9,1,31.03,7.32,3.45,14,15,21.43,40.0,17,12,29.41,33.33
P::cand_prior_move_pct_ge_0.0+score_ofi_le_0.0069,pair,522,18.0,65,60,12.45,52.85,11.49,245,277,13.88,11.19,155,367,14.84,11.44
P::cand_prior_move_pct_ge_0.0+score_ofi_le_0.0069::top1,pair+top1,29,1.0,6,1,20.69,4.88,3.45,14,15,35.71,6.67,11,18,27.27,16.67
P::cand_prior_move_pct_ge_0.0+score_ofi_ge_0.1195,pair,314,10.828,30,47,9.55,24.39,14.97,160,154,11.25,7.79,223,91,8.52,12.09
P::cand_prior_move_pct_ge_0.0+score_ofi_ge_0.1195::top1,pair+top1,29,1.0,8,1,27.59,6.5,3.45,14,15,21.43,33.33,23,6,26.09,33.33
P::cand_prior_move_pct_ge_0.0+score_ofi_le_0.1195,pair,730,25.172,93,93,12.74,75.61,12.74,347,383,14.12,11.49,285,445,15.44,11.01
P::cand_prior_move_pct_ge_0.0+score_ofi_le_0.1195::top1,pair+top1,29,1.0,8,1,27.59,6.5,3.45,14,15,35.71,20.0,12,17,33.33,23.53
P::cand_prior_move_pct_le_0.0+score_ofi_ge_-0.1041,pair,639,22.034,76,99,11.89,61.79,15.49,328,311,12.5,11.25,380,259,12.89,10.42
P::cand_prior_move_pct_le_0.0+score_ofi_ge_-0.1041::top1,pair+top1,29,1.0,8,4,27.59,6.5,13.79,14,15,28.57,26.67,18,11,27.78,27.27
P::cand_prior_move_pct_le_0.0+score_ofi_le_-0.1041,pair,267,9.207,29,28,10.86,23.58,10.49,121,146,12.4,9.59,64,203,10.94,10.84
P::cand_prior_move_pct_le_0.0+score_ofi_le_-0.1041::top1,pair+top1,29,1.0,4,1,13.79,3.25,3.45,14,15,14.29,13.33,7,22,14.29,13.64
P::cand_prior_move_pct_le_0.0+score_ofi_ge_0.0069,pair,469,16.172,51,74,10.87,41.46,15.78,238,231,11.76,9.96,312,157,11.22,10.19
P::cand_prior_move_pct_le_0.0+score_ofi_ge_0.0069::top1,pair+top1,29,1.0,7,2,24.14,5.69,6.9,14,15,21.43,26.67,17,12,23.53,25.0
P::cand_prior_move_pct_le_0.0+score_ofi_le_0.0069,pair,437,15.069,54,53,12.36,43.9,12.13,210,227,13.33,11.45,132,305,15.91,10.82
P::cand_prior_move_pct_le_0.0+score_ofi_le_0.0069::top1,pair+top1,29,1.0,6,0,20.69,4.88,0.0,14,15,35.71,6.67,9,20,33.33,15.0
P::cand_prior_move_pct_le_0.0+score_ofi_ge_0.1195,pair,277,9.552,25,44,9.03,20.33,15.88,140,137,10.0,8.03,194,83,7.73,12.05
P::cand_prior_move_pct_le_0.0+score_ofi_ge_0.1195::top1,pair+top1,29,1.0,7,2,24.14,5.69,6.9,14,15,21.43,26.67,23,6,21.74,33.33
P::cand_prior_move_pct_le_0.0+score_ofi_le_0.1195,pair,629,21.69,80,84,12.72,65.04,13.35,309,320,13.59,11.88,250,379,16.4,10.29
P::cand_prior_move_pct_le_0.0+score_ofi_le_0.1195::top1,pair+top1,29,1.0,8,1,27.59,6.5,3.45,14,15,35.71,20.0,10,19,40.0,21.05
P::cand_prior_move_pct_ge_0.0+score_ofi_ge_-0.1041,pair,731,25.207,89,109,12.18,72.36,14.91,365,366,13.15,11.2,437,294,12.81,11.22
P::cand_prior_move_pct_ge_0.0+score_ofi_ge_-0.1041::top1,pair+top1,29,1.0,10,1,34.48,8.13,3.45,14,15,35.71,33.33,18,11,33.33,36.36
P::cand_prior_move_pct_ge_0.0+score_ofi_le_-0.1041,pair,313,10.793,34,30,10.86,27.64,9.58,142,171,13.38,8.77,71,242,9.86,11.16
P::cand_prior_move_pct_ge_0.0+score_ofi_le_-0.1041::top1,pair+top1,29,1.0,4,2,13.79,3.25,6.9,14,15,21.43,6.67,9,20,11.11,15.0
P::cand_prior_move_pct_ge_0.0+score_ofi_ge_0.0069,pair,522,18.0,58,79,11.11,47.15,15.13,261,261,12.64,9.58,353,169,11.33,10.65
P::cand_prior_move_pct_ge_0.0+score_ofi_ge_0.0069::top1,pair+top1,29,1.0,9,1,31.03,7.32,3.45,14,15,21.43,40.0,17,12,29.41,33.33
P::cand_prior_move_pct_ge_0.0+score_ofi_le_0.0069,pair,522,18.0,65,60,12.45,52.85,11.49,245,277,13.88,11.19,155,367,14.84,11.44
P::cand_prior_move_pct_ge_0.0+score_ofi_le_0.0069::top1,pair+top1,29,1.0,6,1,20.69,4.88,3.45,14,15,35.71,6.67,11,18,27.27,16.67
P::cand_prior_move_pct_ge_0.0+score_ofi_ge_0.1195,pair,314,10.828,30,47,9.55,24.39,14.97,160,154,11.25,7.79,223,91,8.52,12.09
P::cand_prior_move_pct_ge_0.0+score_ofi_ge_0.1195::top1,pair+top1,29,1.0,8,1,27.59,6.5,3.45,14,15,21.43,33.33,23,6,26.09,33.33
P::cand_prior_move_pct_ge_0.0+score_ofi_le_0.1195,pair,730,25.172,93,93,12.74,75.61,12.74,347,383,14.12,11.49,285,445,15.44,11.01
P::cand_prior_move_pct_ge_0.0+score_ofi_le_0.1195::top1,pair+top1,29,1.0,8,1,27.59,6.5,3.45,14,15,35.71,20.0,12,17,33.33,23.53
P::cand_prior_move_pct_le_0.0+score_ofi_ge_-0.1041,pair,639,22.034,76,99,11.89,61.79,15.49,328,311,12.5,11.25,380,259,12.89,10.42
P::cand_prior_move_pct_le_0.0+score_ofi_ge_-0.1041::top1,pair+top1,29,1.0,8,4,27.59,6.5,13.79,14,15,28.57,26.67,18,11,27.78,27.27
P::cand_prior_move_pct_le_0.0+score_ofi_le_-0.1041,pair,267,9.207,29,28,10.86,23.58,10.49,121,146,12.4,9.59,64,203,10.94,10.84
P::cand_prior_move_pct_le_0.0+score_ofi_le_-0.1041::top1,pair+top1,29,1.0,4,1,13.79,3.25,3.45,14,15,14.29,13.33,7,22,14.29,13.64
P::cand_prior_move_pct_le_0.0+score_ofi_ge_0.0069,pair,469,16.172,51,74,10.87,41.46,15.78,238,231,11.76,9.96,312,157,11.22,10.19
P::cand_prior_move_pct_le_0.0+score_ofi_ge_0.0069::top1,pair+top1,29,1.0,7,2,24.14,5.69,6.9,14,15,21.43,26.67,17,12,23.53,25.0
P::cand_prior_move_pct_le_0.0+score_ofi_le_0.0069,pair,437,15.069,54,53,12.36,43.9,12.13,210,227,13.33,11.45,132,305,15.91,10.82
P::cand_prior_move_pct_le_0.0+score_ofi_le_0.0069::top1,pair+top1,29,1.0,6,0,20.69,4.88,0.0,14,15,35.71,6.67,9,20,33.33,15.0
P::cand_prior_move_pct_le_0.0+score_ofi_ge_0.1195,pair,277,9.552,25,44,9.03,20.33,15.88,140,137,10.0,8.03,194,83,7.73,12.05
P::cand_prior_move_pct_le_0.0+score_ofi_ge_0.1195::top1,pair+top1,29,1.0,7,2,24.14,5.69,6.9,14,15,21.43,26.67,23,6,21.74,33.33
P::cand_prior_move_pct_le_0.0+score_ofi_le_0.1195,pair,629,21.69,80,84,12.72,65.04,13.35,309,320,13.59,11.88,250,379,16.4,10.29
P::cand_prior_move_pct_le_0.0+score_ofi_le_0.1195::top1,pair+top1,29,1.0,8,1,27.59,6.5,3.45,14,15,35.71,20.0,10,19,40.0,21.05
P::cand_prior_move_pct_ge_0.0+score_liquidity_void_ge_1.0,pair,1043,35.966,123,139,11.79,100.0,13.33,506,537,13.24,10.43,508,535,12.4,11.21
P::cand_prior_move_pct_ge_0.0+score_liquidity_void_ge_1.0::top1,pair+top1,29,1.0,11,1,37.93,8.94,3.45,14,15,42.86,33.33,16,13,37.5,38.46
P::cand_prior_move_pct_ge_0.0+score_liquidity_void_le_1.0,pair,1043,35.966,123,139,11.79,100.0,13.33,506,537,13.24,10.43,508,535,12.4,11.21
P::cand_prior_move_pct_ge_0.0+score_liquidity_void_le_1.0::top1,pair+top1,29,1.0,11,1,37.93,8.94,3.45,14,15,42.86,33.33,16,13,37.5,38.46
P::cand_prior_move_pct_ge_0.0+score_liquidity_void_ge_1.0,pair,1043,35.966,123,139,11.79,100.0,13.33,506,537,13.24,10.43,508,535,12.4,11.21
P::cand_prior_move_pct_ge_0.0+score_liquidity_void_ge_1.0::top1,pair+top1,29,1.0,11,1,37.93,8.94,3.45,14,15,42.86,33.33,16,13,37.5,38.46
P::cand_prior_move_pct_ge_0.0+score_liquidity_void_le_1.0,pair,1043,35.966,123,139,11.79,100.0,13.33,506,537,13.24,10.43,508,535,12.4,11.21
P::cand_prior_move_pct_ge_0.0+score_liquidity_void_le_1.0::top1,pair+top1,29,1.0,11,1,37.93,8.94,3.45,14,15,42.86,33.33,16,13,37.5,38.46
P::cand_prior_move_pct_ge_0.0+score_liquidity_void_ge_1.0,pair,1043,35.966,123,139,11.79,100.0,13.33,506,537,13.24,10.43,508,535,12.4,11.21
P::cand_prior_move_pct_ge_0.0+score_liquidity_void_ge_1.0::top1,pair+top1,29,1.0,11,1,37.93,8.94,3.45,14,15,42.86,33.33,16,13,37.5,38.46
P::cand_prior_move_pct_ge_0.0+score_liquidity_void_le_1.0,pair,1043,35.966,123,139,11.79,100.0,13.33,506,537,13.24,10.43,508,535,12.4,11.21
P::cand_prior_move_pct_ge_0.0+score_liquidity_void_le_1.0::top1,pair+top1,29,1.0,11,1,37.93,8.94,3.45,14,15,42.86,33.33,16,13,37.5,38.46
P::cand_prior_move_pct_le_0.0+score_liquidity_void_ge_1.0,pair,905,31.207,105,127,11.6,85.37,14.03,448,457,12.5,10.72,444,461,12.61,10.63
P::cand_prior_move_pct_le_0.0+score_liquidity_void_ge_1.0::top1,pair+top1,29,1.0,11,2,37.93,8.94,6.9,14,15,42.86,33.33,16,13,37.5,38.46
P::cand_prior_move_pct_le_0.0+score_liquidity_void_le_1.0,pair,905,31.207,105,127,11.6,85.37,14.03,448,457,12.5,10.72,444,461,12.61,10.63
P::cand_prior_move_pct_le_0.0+score_liquidity_void_le_1.0::top1,pair+top1,29,1.0,11,2,37.93,8.94,6.9,14,15,42.86,33.33,16,13,37.5,38.46
P::cand_prior_move_pct_le_0.0+score_liquidity_void_ge_1.0,pair,905,31.207,105,127,11.6,85.37,14.03,448,457,12.5,10.72,444,461,12.61,10.63
P::cand_prior_move_pct_le_0.0+score_liquidity_void_ge_1.0::top1,pair+top1,29,1.0,11,2,37.93,8.94,6.9,14,15,42.86,33.33,16,13,37.5,38.46
P::cand_prior_move_pct_le_0.0+score_liquidity_void_le_1.0,pair,905,31.207,105,127,11.6,85.37,14.03,448,457,12.5,10.72,444,461,12.61,10.63
P::cand_prior_move_pct_le_0.0+score_liquidity_void_le_1.0::top1,pair+top1,29,1.0,11,2,37.93,8.94,6.9,14,15,42.86,33.33,16,13,37.5,38.46
P::cand_prior_move_pct_le_0.0+score_liquidity_void_ge_1.0,pair,905,31.207,105,127,11.6,85.37,14.03,448,457,12.5,10.72,444,461,12.61,10.63
P::cand_prior_move_pct_le_0.0+score_liquidity_void_ge_1.0::top1,pair+top1,29,1.0,11,2,37.93,8.94,6.9,14,15,42.86,33.33,16,13,37.5,38.46
P::cand_prior_move_pct_le_0.0+score_liquidity_void_le_1.0,pair,905,31.207,105,127,11.6,85.37,14.03,448,457,12.5,10.72,444,461,12.61,10.63
P::cand_prior_move_pct_le_0.0+score_liquidity_void_le_1.0::top1,pair+top1,29,1.0,11,2,37.93,8.94,6.9,14,15,42.86,33.33,16,13,37.5,38.46
P::cand_prior_move_pct_ge_0.0+score_liquidity_void_ge_1.0,pair,1043,35.966,123,139,11.79,100.0,13.33,506,537,13.24,10.43,508,535,12.4,11.21
P::cand_prior_move_pct_ge_0.0+score_liquidity_void_ge_1.0::top1,pair+top1,29,1.0,11,1,37.93,8.94,3.45,14,15,42.86,33.33,16,13,37.5,38.46
P::cand_prior_move_pct_ge_0.0+score_liquidity_void_le_1.0,pair,1043,35.966,123,139,11.79,100.0,13.33,506,537,13.24,10.43,508,535,12.4,11.21
P::cand_prior_move_pct_ge_0.0+score_liquidity_void_le_1.0::top1,pair+top1,29,1.0,11,1,37.93,8.94,3.45,14,15,42.86,33.33,16,13,37.5,38.46
P::cand_prior_move_pct_ge_0.0+score_liquidity_void_ge_1.0,pair,1043,35.966,123,139,11.79,100.0,13.33,506,537,13.24,10.43,508,535,12.4,11.21
P::cand_prior_move_pct_ge_0.0+score_liquidity_void_ge_1.0::top1,pair+top1,29,1.0,11,1,37.93,8.94,3.45,14,15,42.86,33.33,16,13,37.5,38.46
P::cand_prior_move_pct_ge_0.0+score_liquidity_void_le_1.0,pair,1043,35.966,123,139,11.79,100.0,13.33,506,537,13.24,10.43,508,535,12.4,11.21
P::cand_prior_move_pct_ge_0.0+score_liquidity_void_le_1.0::top1,pair+top1,29,1.0,11,1,37.93,8.94,3.45,14,15,42.86,33.33,16,13,37.5,38.46
P::cand_prior_move_pct_ge_0.0+score_liquidity_void_ge_1.0,pair,1043,35.966,123,139,11.79,100.0,13.33,506,537,13.24,10.43,508,535,12.4,11.21
P::cand_prior_move_pct_ge_0.0+score_liquidity_void_ge_1.0::top1,pair+top1,29,1.0,11,1,37.93,8.94,3.45,14,15,42.86,33.33,16,13,37.5,38.46
P::cand_prior_move_pct_ge_0.0+score_liquidity_void_le_1.0,pair,1043,35.966,123,139,11.79,100.0,13.33,506,537,13.24,10.43,508,535,12.4,11.21
P::cand_prior_move_pct_ge_0.0+score_liquidity_void_le_1.0::top1,pair+top1,29,1.0,11,1,37.93,8.94,3.45,14,15,42.86,33.33,16,13,37.5,38.46
P::cand_prior_move_pct_le_0.0+score_liquidity_void_ge_1.0,pair,905,31.207,105,127,11.6,85.37,14.03,448,457,12.5,10.72,444,461,12.61,10.63
P::cand_prior_move_pct_le_0.0+score_liquidity_void_ge_1.0::top1,pair+top1,29,1.0,11,2,37.93,8.94,6.9,14,15,42.86,33.33,16,13,37.5,38.46
P::cand_prior_move_pct_le_0.0+score_liquidity_void_le_1.0,pair,905,31.207,105,127,11.6,85.37,14.03,448,457,12.5,10.72,444,461,12.61,10.63
P::cand_prior_move_pct_le_0.0+score_liquidity_void_le_1.0::top1,pair+top1,29,1.0,11,2,37.93,8.94,6.9,14,15,42.86,33.33,16,13,37.5,38.46
P::cand_prior_move_pct_le_0.0+score_liquidity_void_ge_1.0,pair,905,31.207,105,127,11.6,85.37,14.03,448,457,12.5,10.72,444,461,12.61,10.63
P::cand_prior_move_pct_le_0.0+score_liquidity_void_ge_1.0::top1,pair+top1,29,1.0,11,2,37.93,8.94,6.9,14,15,42.86,33.33,16,13,37.5,38.46
P::cand_prior_move_pct_le_0.0+score_liquidity_void_le_1.0,pair,905,31.207,105,127,11.6,85.37,14.03,448,457,12.5,10.72,444,461,12.61,10.63
P::cand_prior_move_pct_le_0.0+score_liquidity_void_le_1.0::top1,pair+top1,29,1.0,11,2,37.93,8.94,6.9,14,15,42.86,33.33,16,13,37.5,38.46
P::cand_prior_move_pct_le_0.0+score_liquidity_void_ge_1.0,pair,905,31.207,105,127,11.6,85.37,14.03,448,457,12.5,10.72,444,461,12.61,10.63
P::cand_prior_move_pct_le_0.0+score_liquidity_void_ge_1.0::top1,pair+top1,29,1.0,11,2,37.93,8.94,6.9,14,15,42.86,33.33,16,13,37.5,38.46
P::cand_prior_move_pct_le_0.0+score_liquidity_void_le_1.0,pair,905,31.207,105,127,11.6,85.37,14.03,448,457,12.5,10.72,444,461,12.61,10.63
P::cand_prior_move_pct_le_0.0+score_liquidity_void_le_1.0::top1,pair+top1,29,1.0,11,2,37.93,8.94,6.9,14,15,42.86,33.33,16,13,37.5,38.46
P::cand_prior_move_pct_ge_0.0+score_liquidity_void_ge_1.0,pair,1043,35.966,123,139,11.79,100.0,13.33,506,537,13.24,10.43,508,535,12.4,11.21
P::cand_prior_move_pct_ge_0.0+score_liquidity_void_ge_1.0::top1,pair+top1,29,1.0,11,1,37.93,8.94,3.45,14,15,42.86,33.33,16,13,37.5,38.46
P::cand_prior_move_pct_ge_0.0+score_liquidity_void_le_1.0,pair,1043,35.966,123,139,11.79,100.0,13.33,506,537,13.24,10.43,508,535,12.4,11.21
P::cand_prior_move_pct_ge_0.0+score_liquidity_void_le_1.0::top1,pair+top1,29,1.0,11,1,37.93,8.94,3.45,14,15,42.86,33.33,16,13,37.5,38.46
P::cand_prior_move_pct_ge_0.0+score_liquidity_void_ge_1.0,pair,1043,35.966,123,139,11.79,100.0,13.33,506,537,13.24,10.43,508,535,12.4,11.21
P::cand_prior_move_pct_ge_0.0+score_liquidity_void_ge_1.0::top1,pair+top1,29,1.0,11,1,37.93,8.94,3.45,14,15,42.86,33.33,16,13,37.5,38.46
P::cand_prior_move_pct_ge_0.0+score_liquidity_void_le_1.0,pair,1043,35.966,123,139,11.79,100.0,13.33,506,537,13.24,10.43,508,535,12.4,11.21
P::cand_prior_move_pct_ge_0.0+score_liquidity_void_le_1.0::top1,pair+top1,29,1.0,11,1,37.93,8.94,3.45,14,15,42.86,33.33,16,13,37.5,38.46
P::cand_prior_move_pct_ge_0.0+score_liquidity_void_ge_1.0,pair,1043,35.966,123,139,11.79,100.0,13.33,506,537,13.24,10.43,508,535,12.4,11.21
P::cand_prior_move_pct_ge_0.0+score_liquidity_void_ge_1.0::top1,pair+top1,29,1.0,11,1,37.93,8.94,3.45,14,15,42.86,33.33,16,13,37.5,38.46
P::cand_prior_move_pct_ge_0.0+score_liquidity_void_le_1.0,pair,1043,35.966,123,139,11.79,100.0,13.33,506,537,13.24,10.43,508,535,12.4,11.21
P::cand_prior_move_pct_ge_0.0+score_liquidity_void_le_1.0::top1,pair+top1,29,1.0,11,1,37.93,8.94,3.45,14,15,42.86,33.33,16,13,37.5,38.46
P::cand_prior_move_pct_le_0.0+score_liquidity_void_ge_1.0,pair,905,31.207,105,127,11.6,85.37,14.03,448,457,12.5,10.72,444,461,12.61,10.63
P::cand_prior_move_pct_le_0.0+score_liquidity_void_ge_1.0::top1,pair+top1,29,1.0,11,2,37.93,8.94,6.9,14,15,42.86,33.33,16,13,37.5,38.46
P::cand_prior_move_pct_le_0.0+score_liquidity_void_le_1.0,pair,905,31.207,105,127,11.6,85.37,14.03,448,457,12.5,10.72,444,461,12.61,10.63
P::cand_prior_move_pct_le_0.0+score_liquidity_void_le_1.0::top1,pair+top1,29,1.0,11,2,37.93,8.94,6.9,14,15,42.86,33.33,16,13,37.5,38.46
P::cand_prior_move_pct_le_0.0+score_liquidity_void_ge_1.0,pair,905,31.207,105,127,11.6,85.37,14.03,448,457,12.5,10.72,444,461,12.61,10.63
P::cand_prior_move_pct_le_0.0+score_liquidity_void_ge_1.0::top1,pair+top1,29,1.0,11,2,37.93,8.94,6.9,14,15,42.86,33.33,16,13,37.5,38.46
P::cand_prior_move_pct_le_0.0+score_liquidity_void_le_1.0,pair,905,31.207,105,127,11.6,85.37,14.03,448,457,12.5,10.72,444,461,12.61,10.63
P::cand_prior_move_pct_le_0.0+score_liquidity_void_le_1.0::top1,pair+top1,29,1.0,11,2,37.93,8.94,6.9,14,15,42.86,33.33,16,13,37.5,38.46
P::cand_prior_move_pct_le_0.0+score_liquidity_void_ge_1.0,pair,905,31.207,105,127,11.6,85.37,14.03,448,457,12.5,10.72,444,461,12.61,10.63
P::cand_prior_move_pct_le_0.0+score_liquidity_void_ge_1.0::top1,pair+top1,29,1.0,11,2,37.93,8.94,6.9,14,15,42.86,33.33,16,13,37.5,38.46
P::cand_prior_move_pct_le_0.0+score_liquidity_void_le_1.0,pair,905,31.207,105,127,11.6,85.37,14.03,448,457,12.5,10.72,444,461,12.61,10.63
P::cand_prior_move_pct_le_0.0+score_liquidity_void_le_1.0::top1,pair+top1,29,1.0,11,2,37.93,8.94,6.9,14,15,42.86,33.33,16,13,37.5,38.46
P::conf_void_score_ge_1.0+score_ofi_ge_-0.1041,pair,731,25.207,89,109,12.18,72.36,14.91,365,366,13.15,11.2,437,294,12.81,11.22
P::conf_void_score_ge_1.0+score_ofi_ge_-0.1041::top1,pair+top1,29,1.0,10,1,34.48,8.13,3.45,14,15,35.71,33.33,18,11,33.33,36.36
P::conf_void_score_ge_1.0+score_ofi_le_-0.1041,pair,313,10.793,34,30,10.86,27.64,9.58,142,171,13.38,8.77,71,242,9.86,11.16
P::conf_void_score_ge_1.0+score_ofi_le_-0.1041::top1,pair+top1,29,1.0,4,2,13.79,3.25,6.9,14,15,21.43,6.67,9,20,11.11,15.0
P::conf_void_score_ge_1.0+score_ofi_ge_0.0069,pair,522,18.0,58,79,11.11,47.15,15.13,261,261,12.64,9.58,353,169,11.33,10.65
P::conf_void_score_ge_1.0+score_ofi_ge_0.0069::top1,pair+top1,29,1.0,9,1,31.03,7.32,3.45,14,15,21.43,40.0,17,12,29.41,33.33
P::conf_void_score_ge_1.0+score_ofi_le_0.0069,pair,522,18.0,65,60,12.45,52.85,11.49,245,277,13.88,11.19,155,367,14.84,11.44
P::conf_void_score_ge_1.0+score_ofi_le_0.0069::top1,pair+top1,29,1.0,6,1,20.69,4.88,3.45,14,15,35.71,6.67,11,18,27.27,16.67
P::conf_void_score_ge_1.0+score_ofi_ge_0.1195,pair,314,10.828,30,47,9.55,24.39,14.97,160,154,11.25,7.79,223,91,8.52,12.09
P::conf_void_score_ge_1.0+score_ofi_ge_0.1195::top1,pair+top1,29,1.0,8,1,27.59,6.5,3.45,14,15,21.43,33.33,23,6,26.09,33.33
P::conf_void_score_ge_1.0+score_ofi_le_0.1195,pair,730,25.172,93,93,12.74,75.61,12.74,347,383,14.12,11.49,285,445,15.44,11.01
P::conf_void_score_ge_1.0+score_ofi_le_0.1195::top1,pair+top1,29,1.0,8,1,27.59,6.5,3.45,14,15,35.71,20.0,12,17,33.33,23.53
P::conf_void_score_le_1.0+score_ofi_ge_-0.1041,pair,731,25.207,89,109,12.18,72.36,14.91,365,366,13.15,11.2,437,294,12.81,11.22
P::conf_void_score_le_1.0+score_ofi_ge_-0.1041::top1,pair+top1,29,1.0,10,1,34.48,8.13,3.45,14,15,35.71,33.33,18,11,33.33,36.36
P::conf_void_score_le_1.0+score_ofi_le_-0.1041,pair,313,10.793,34,30,10.86,27.64,9.58,142,171,13.38,8.77,71,242,9.86,11.16
P::conf_void_score_le_1.0+score_ofi_le_-0.1041::top1,pair+top1,29,1.0,4,2,13.79,3.25,6.9,14,15,21.43,6.67,9,20,11.11,15.0
P::conf_void_score_le_1.0+score_ofi_ge_0.0069,pair,522,18.0,58,79,11.11,47.15,15.13,261,261,12.64,9.58,353,169,11.33,10.65
P::conf_void_score_le_1.0+score_ofi_ge_0.0069::top1,pair+top1,29,1.0,9,1,31.03,7.32,3.45,14,15,21.43,40.0,17,12,29.41,33.33
P::conf_void_score_le_1.0+score_ofi_le_0.0069,pair,522,18.0,65,60,12.45,52.85,11.49,245,277,13.88,11.19,155,367,14.84,11.44
P::conf_void_score_le_1.0+score_ofi_le_0.0069::top1,pair+top1,29,1.0,6,1,20.69,4.88,3.45,14,15,35.71,6.67,11,18,27.27,16.67
P::conf_void_score_le_1.0+score_ofi_ge_0.1195,pair,314,10.828,30,47,9.55,24.39,14.97,160,154,11.25,7.79,223,91,8.52,12.09
P::conf_void_score_le_1.0+score_ofi_ge_0.1195::top1,pair+top1,29,1.0,8,1,27.59,6.5,3.45,14,15,21.43,33.33,23,6,26.09,33.33
P::conf_void_score_le_1.0+score_ofi_le_0.1195,pair,730,25.172,93,93,12.74,75.61,12.74,347,383,14.12,11.49,285,445,15.44,11.01
P::conf_void_score_le_1.0+score_ofi_le_0.1195::top1,pair+top1,29,1.0,8,1,27.59,6.5,3.45,14,15,35.71,20.0,12,17,33.33,23.53
P::conf_void_score_ge_1.0+score_ofi_ge_-0.1041,pair,731,25.207,89,109,12.18,72.36,14.91,365,366,13.15,11.2,437,294,12.81,11.22
P::conf_void_score_ge_1.0+score_ofi_ge_-0.1041::top1,pair+top1,29,1.0,10,1,34.48,8.13,3.45,14,15,35.71,33.33,18,11,33.33,36.36
P::conf_void_score_ge_1.0+score_ofi_le_-0.1041,pair,313,10.793,34,30,10.86,27.64,9.58,142,171,13.38,8.77,71,242,9.86,11.16
P::conf_void_score_ge_1.0+score_ofi_le_-0.1041::top1,pair+top1,29,1.0,4,2,13.79,3.25,6.9,14,15,21.43,6.67,9,20,11.11,15.0
P::conf_void_score_ge_1.0+score_ofi_ge_0.0069,pair,522,18.0,58,79,11.11,47.15,15.13,261,261,12.64,9.58,353,169,11.33,10.65
P::conf_void_score_ge_1.0+score_ofi_ge_0.0069::top1,pair+top1,29,1.0,9,1,31.03,7.32,3.45,14,15,21.43,40.0,17,12,29.41,33.33
P::conf_void_score_ge_1.0+score_ofi_le_0.0069,pair,522,18.0,65,60,12.45,52.85,11.49,245,277,13.88,11.19,155,367,14.84,11.44
P::conf_void_score_ge_1.0+score_ofi_le_0.0069::top1,pair+top1,29,1.0,6,1,20.69,4.88,3.45,14,15,35.71,6.67,11,18,27.27,16.67
P::conf_void_score_ge_1.0+score_ofi_ge_0.1195,pair,314,10.828,30,47,9.55,24.39,14.97,160,154,11.25,7.79,223,91,8.52,12.09
P::conf_void_score_ge_1.0+score_ofi_ge_0.1195::top1,pair+top1,29,1.0,8,1,27.59,6.5,3.45,14,15,21.43,33.33,23,6,26.09,33.33
P::conf_void_score_ge_1.0+score_ofi_le_0.1195,pair,730,25.172,93,93,12.74,75.61,12.74,347,383,14.12,11.49,285,445,15.44,11.01
P::conf_void_score_ge_1.0+score_ofi_le_0.1195::top1,pair+top1,29,1.0,8,1,27.59,6.5,3.45,14,15,35.71,20.0,12,17,33.33,23.53
P::conf_void_score_le_1.0+score_ofi_ge_-0.1041,pair,731,25.207,89,109,12.18,72.36,14.91,365,366,13.15,11.2,437,294,12.81,11.22
P::conf_void_score_le_1.0+score_ofi_ge_-0.1041::top1,pair+top1,29,1.0,10,1,34.48,8.13,3.45,14,15,35.71,33.33,18,11,33.33,36.36
P::conf_void_score_le_1.0+score_ofi_le_-0.1041,pair,313,10.793,34,30,10.86,27.64,9.58,142,171,13.38,8.77,71,242,9.86,11.16
P::conf_void_score_le_1.0+score_ofi_le_-0.1041::top1,pair+top1,29,1.0,4,2,13.79,3.25,6.9,14,15,21.43,6.67,9,20,11.11,15.0
P::conf_void_score_le_1.0+score_ofi_ge_0.0069,pair,522,18.0,58,79,11.11,47.15,15.13,261,261,12.64,9.58,353,169,11.33,10.65
P::conf_void_score_le_1.0+score_ofi_ge_0.0069::top1,pair+top1,29,1.0,9,1,31.03,7.32,3.45,14,15,21.43,40.0,17,12,29.41,33.33
P::conf_void_score_le_1.0+score_ofi_le_0.0069,pair,522,18.0,65,60,12.45,52.85,11.49,245,277,13.88,11.19,155,367,14.84,11.44
P::conf_void_score_le_1.0+score_ofi_le_0.0069::top1,pair+top1,29,1.0,6,1,20.69,4.88,3.45,14,15,35.71,6.67,11,18,27.27,16.67
P::conf_void_score_le_1.0+score_ofi_ge_0.1195,pair,314,10.828,30,47,9.55,24.39,14.97,160,154,11.25,7.79,223,91,8.52,12.09
P::conf_void_score_le_1.0+score_ofi_ge_0.1195::top1,pair+top1,29,1.0,8,1,27.59,6.5,3.45,14,15,21.43,33.33,23,6,26.09,33.33
P::conf_void_score_le_1.0+score_ofi_le_0.1195,pair,730,25.172,93,93,12.74,75.61,12.74,347,383,14.12,11.49,285,445,15.44,11.01
P::conf_void_score_le_1.0+score_ofi_le_0.1195::top1,pair+top1,29,1.0,8,1,27.59,6.5,3.45,14,15,35.71,20.0,12,17,33.33,23.53
P::conf_void_score_ge_1.0+score_ofi_ge_-0.1041,pair,731,25.207,89,109,12.18,72.36,14.91,365,366,13.15,11.2,437,294,12.81,11.22
P::conf_void_score_ge_1.0+score_ofi_ge_-0.1041::top1,pair+top1,29,1.0,10,1,34.48,8.13,3.45,14,15,35.71,33.33,18,11,33.33,36.36
P::conf_void_score_ge_1.0+score_ofi_le_-0.1041,pair,313,10.793,34,30,10.86,27.64,9.58,142,171,13.38,8.77,71,242,9.86,11.16
P::conf_void_score_ge_1.0+score_ofi_le_-0.1041::top1,pair+top1,29,1.0,4,2,13.79,3.25,6.9,14,15,21.43,6.67,9,20,11.11,15.0
P::conf_void_score_ge_1.0+score_ofi_ge_0.0069,pair,522,18.0,58,79,11.11,47.15,15.13,261,261,12.64,9.58,353,169,11.33,10.65
P::conf_void_score_ge_1.0+score_ofi_ge_0.0069::top1,pair+top1,29,1.0,9,1,31.03,7.32,3.45,14,15,21.43,40.0,17,12,29.41,33.33
P::conf_void_score_ge_1.0+score_ofi_le_0.0069,pair,522,18.0,65,60,12.45,52.85,11.49,245,277,13.88,11.19,155,367,14.84,11.44
P::conf_void_score_ge_1.0+score_ofi_le_0.0069::top1,pair+top1,29,1.0,6,1,20.69,4.88,3.45,14,15,35.71,6.67,11,18,27.27,16.67
P::conf_void_score_ge_1.0+score_ofi_ge_0.1195,pair,314,10.828,30,47,9.55,24.39,14.97,160,154,11.25,7.79,223,91,8.52,12.09
P::conf_void_score_ge_1.0+score_ofi_ge_0.1195::top1,pair+top1,29,1.0,8,1,27.59,6.5,3.45,14,15,21.43,33.33,23,6,26.09,33.33
P::conf_void_score_ge_1.0+score_ofi_le_0.1195,pair,730,25.172,93,93,12.74,75.61,12.74,347,383,14.12,11.49,285,445,15.44,11.01
P::conf_void_score_ge_1.0+score_ofi_le_0.1195::top1,pair+top1,29,1.0,8,1,27.59,6.5,3.45,14,15,35.71,20.0,12,17,33.33,23.53
P::conf_void_score_le_1.0+score_ofi_ge_-0.1041,pair,731,25.207,89,109,12.18,72.36,14.91,365,366,13.15,11.2,437,294,12.81,11.22
P::conf_void_score_le_1.0+score_ofi_ge_-0.1041::top1,pair+top1,29,1.0,10,1,34.48,8.13,3.45,14,15,35.71,33.33,18,11,33.33,36.36
P::conf_void_score_le_1.0+score_ofi_le_-0.1041,pair,313,10.793,34,30,10.86,27.64,9.58,142,171,13.38,8.77,71,242,9.86,11.16
P::conf_void_score_le_1.0+score_ofi_le_-0.1041::top1,pair+top1,29,1.0,4,2,13.79,3.25,6.9,14,15,21.43,6.67,9,20,11.11,15.0
P::conf_void_score_le_1.0+score_ofi_ge_0.0069,pair,522,18.0,58,79,11.11,47.15,15.13,261,261,12.64,9.58,353,169,11.33,10.65
P::conf_void_score_le_1.0+score_ofi_ge_0.0069::top1,pair+top1,29,1.0,9,1,31.03,7.32,3.45,14,15,21.43,40.0,17,12,29.41,33.33
P::conf_void_score_le_1.0+score_ofi_le_0.0069,pair,522,18.0,65,60,12.45,52.85,11.49,245,277,13.88,11.19,155,367,14.84,11.44
P::conf_void_score_le_1.0+score_ofi_le_0.0069::top1,pair+top1,29,1.0,6,1,20.69,4.88,3.45,14,15,35.71,6.67,11,18,27.27,16.67
P::conf_void_score_le_1.0+score_ofi_ge_0.1195,pair,314,10.828,30,47,9.55,24.39,14.97,160,154,11.25,7.79,223,91,8.52,12.09
P::conf_void_score_le_1.0+score_ofi_ge_0.1195::top1,pair+top1,29,1.0,8,1,27.59,6.5,3.45,14,15,21.43,33.33,23,6,26.09,33.33
P::conf_void_score_le_1.0+score_ofi_le_0.1195,pair,730,25.172,93,93,12.74,75.61,12.74,347,383,14.12,11.49,285,445,15.44,11.01
P::conf_void_score_le_1.0+score_ofi_le_0.1195::top1,pair+top1,29,1.0,8,1,27.59,6.5,3.45,14,15,35.71,20.0,12,17,33.33,23.53
P::conf_void_score_ge_1.0+score_liquidity_void_ge_1.0,pair,1043,35.966,123,139,11.79,100.0,13.33,506,537,13.24,10.43,508,535,12.4,11.21
P::conf_void_score_ge_1.0+score_liquidity_void_ge_1.0::top1,pair+top1,29,1.0,11,1,37.93,8.94,3.45,14,15,42.86,33.33,16,13,37.5,38.46
P::conf_void_score_ge_1.0+score_liquidity_void_le_1.0,pair,1043,35.966,123,139,11.79,100.0,13.33,506,537,13.24,10.43,508,535,12.4,11.21
P::conf_void_score_ge_1.0+score_liquidity_void_le_1.0::top1,pair+top1,29,1.0,11,1,37.93,8.94,3.45,14,15,42.86,33.33,16,13,37.5,38.46
P::conf_void_score_ge_1.0+score_liquidity_void_ge_1.0,pair,1043,35.966,123,139,11.79,100.0,13.33,506,537,13.24,10.43,508,535,12.4,11.21
P::conf_void_score_ge_1.0+score_liquidity_void_ge_1.0::top1,pair+top1,29,1.0,11,1,37.93,8.94,3.45,14,15,42.86,33.33,16,13,37.5,38.46
P::conf_void_score_ge_1.0+score_liquidity_void_le_1.0,pair,1043,35.966,123,139,11.79,100.0,13.33,506,537,13.24,10.43,508,535,12.4,11.21
P::conf_void_score_ge_1.0+score_liquidity_void_le_1.0::top1,pair+top1,29,1.0,11,1,37.93,8.94,3.45,14,15,42.86,33.33,16,13,37.5,38.46
P::conf_void_score_ge_1.0+score_liquidity_void_ge_1.0,pair,1043,35.966,123,139,11.79,100.0,13.33,506,537,13.24,10.43,508,535,12.4,11.21
P::conf_void_score_ge_1.0+score_liquidity_void_ge_1.0::top1,pair+top1,29,1.0,11,1,37.93,8.94,3.45,14,15,42.86,33.33,16,13,37.5,38.46
P::conf_void_score_ge_1.0+score_liquidity_void_le_1.0,pair,1043,35.966,123,139,11.79,100.0,13.33,506,537,13.24,10.43,508,535,12.4,11.21
P::conf_void_score_ge_1.0+score_liquidity_void_le_1.0::top1,pair+top1,29,1.0,11,1,37.93,8.94,3.45,14,15,42.86,33.33,16,13,37.5,38.46
P::conf_void_score_le_1.0+score_liquidity_void_ge_1.0,pair,1043,35.966,123,139,11.79,100.0,13.33,506,537,13.24,10.43,508,535,12.4,11.21
P::conf_void_score_le_1.0+score_liquidity_void_ge_1.0::top1,pair+top1,29,1.0,11,1,37.93,8.94,3.45,14,15,42.86,33.33,16,13,37.5,38.46
P::conf_void_score_le_1.0+score_liquidity_void_le_1.0,pair,1043,35.966,123,139,11.79,100.0,13.33,506,537,13.24,10.43,508,535,12.4,11.21
P::conf_void_score_le_1.0+score_liquidity_void_le_1.0::top1,pair+top1,29,1.0,11,1,37.93,8.94,3.45,14,15,42.86,33.33,16,13,37.5,38.46
P::conf_void_score_le_1.0+score_liquidity_void_ge_1.0,pair,1043,35.966,123,139,11.79,100.0,13.33,506,537,13.24,10.43,508,535,12.4,11.21
P::conf_void_score_le_1.0+score_liquidity_void_ge_1.0::top1,pair+top1,29,1.0,11,1,37.93,8.94,3.45,14,15,42.86,33.33,16,13,37.5,38.46
P::conf_void_score_le_1.0+score_liquidity_void_le_1.0,pair,1043,35.966,123,139,11.79,100.0,13.33,506,537,13.24,10.43,508,535,12.4,11.21
P::conf_void_score_le_1.0+score_liquidity_void_le_1.0::top1,pair+top1,29,1.0,11,1,37.93,8.94,3.45,14,15,42.86,33.33,16,13,37.5,38.46
P::conf_void_score_le_1.0+score_liquidity_void_ge_1.0,pair,1043,35.966,123,139,11.79,100.0,13.33,506,537,13.24,10.43,508,535,12.4,11.21
P::conf_void_score_le_1.0+score_liquidity_void_ge_1.0::top1,pair+top1,29,1.0,11,1,37.93,8.94,3.45,14,15,42.86,33.33,16,13,37.5,38.46
P::conf_void_score_le_1.0+score_liquidity_void_le_1.0,pair,1043,35.966,123,139,11.79,100.0,13.33,506,537,13.24,10.43,508,535,12.4,11.21
P::conf_void_score_le_1.0+score_liquidity_void_le_1.0::top1,pair+top1,29,1.0,11,1,37.93,8.94,3.45,14,15,42.86,33.33,16,13,37.5,38.46
P::conf_void_score_ge_1.0+score_liquidity_void_ge_1.0,pair,1043,35.966,123,139,11.79,100.0,13.33,506,537,13.24,10.43,508,535,12.4,11.21
P::conf_void_score_ge_1.0+score_liquidity_void_ge_1.0::top1,pair+top1,29,1.0,11,1,37.93,8.94,3.45,14,15,42.86,33.33,16,13,37.5,38.46
P::conf_void_score_ge_1.0+score_liquidity_void_le_1.0,pair,1043,35.966,123,139,11.79,100.0,13.33,506,537,13.24,10.43,508,535,12.4,11.21
P::conf_void_score_ge_1.0+score_liquidity_void_le_1.0::top1,pair+top1,29,1.0,11,1,37.93,8.94,3.45,14,15,42.86,33.33,16,13,37.5,38.46
P::conf_void_score_ge_1.0+score_liquidity_void_ge_1.0,pair,1043,35.966,123,139,11.79,100.0,13.33,506,537,13.24,10.43,508,535,12.4,11.21
P::conf_void_score_ge_1.0+score_liquidity_void_ge_1.0::top1,pair+top1,29,1.0,11,1,37.93,8.94,3.45,14,15,42.86,33.33,16,13,37.5,38.46
P::conf_void_score_ge_1.0+score_liquidity_void_le_1.0,pair,1043,35.966,123,139,11.79,100.0,13.33,506,537,13.24,10.43,508,535,12.4,11.21
P::conf_void_score_ge_1.0+score_liquidity_void_le_1.0::top1,pair+top1,29,1.0,11,1,37.93,8.94,3.45,14,15,42.86,33.33,16,13,37.5,38.46
P::conf_void_score_ge_1.0+score_liquidity_void_ge_1.0,pair,1043,35.966,123,139,11.79,100.0,13.33,506,537,13.24,10.43,508,535,12.4,11.21
P::conf_void_score_ge_1.0+score_liquidity_void_ge_1.0::top1,pair+top1,29,1.0,11,1,37.93,8.94,3.45,14,15,42.86,33.33,16,13,37.5,38.46
P::conf_void_score_ge_1.0+score_liquidity_void_le_1.0,pair,1043,35.966,123,139,11.79,100.0,13.33,506,537,13.24,10.43,508,535,12.4,11.21
P::conf_void_score_ge_1.0+score_liquidity_void_le_1.0::top1,pair+top1,29,1.0,11,1,37.93,8.94,3.45,14,15,42.86,33.33,16,13,37.5,38.46
P::conf_void_score_le_1.0+score_liquidity_void_ge_1.0,pair,1043,35.966,123,139,11.79,100.0,13.33,506,537,13.24,10.43,508,535,12.4,11.21
P::conf_void_score_le_1.0+score_liquidity_void_ge_1.0::top1,pair+top1,29,1.0,11,1,37.93,8.94,3.45,14,15,42.86,33.33,16,13,37.5,38.46
P::conf_void_score_le_1.0+score_liquidity_void_le_1.0,pair,1043,35.966,123,139,11.79,100.0,13.33,506,537,13.24,10.43,508,535,12.4,11.21
P::conf_void_score_le_1.0+score_liquidity_void_le_1.0::top1,pair+top1,29,1.0,11,1,37.93,8.94,3.45,14,15,42.86,33.33,16,13,37.5,38.46
P::conf_void_score_le_1.0+score_liquidity_void_ge_1.0,pair,1043,35.966,123,139,11.79,100.0,13.33,506,537,13.24,10.43,508,535,12.4,11.21
P::conf_void_score_le_1.0+score_liquidity_void_ge_1.0::top1,pair+top1,29,1.0,11,1,37.93,8.94,3.45,14,15,42.86,33.33,16,13,37.5,38.46
P::conf_void_score_le_1.0+score_liquidity_void_le_1.0,pair,1043,35.966,123,139,11.79,100.0,13.33,506,537,13.24,10.43,508,535,12.4,11.21
P::conf_void_score_le_1.0+score_liquidity_void_le_1.0::top1,pair+top1,29,1.0,11,1,37.93,8.94,3.45,14,15,42.86,33.33,16,13,37.5,38.46
P::conf_void_score_le_1.0+score_liquidity_void_ge_1.0,pair,1043,35.966,123,139,11.79,100.0,13.33,506,537,13.24,10.43,508,535,12.4,11.21
P::conf_void_score_le_1.0+score_liquidity_void_ge_1.0::top1,pair+top1,29,1.0,11,1,37.93,8.94,3.45,14,15,42.86,33.33,16,13,37.5,38.46
P::conf_void_score_le_1.0+score_liquidity_void_le_1.0,pair,1043,35.966,123,139,11.79,100.0,13.33,506,537,13.24,10.43,508,535,12.4,11.21
P::conf_void_score_le_1.0+score_liquidity_void_le_1.0::top1,pair+top1,29,1.0,11,1,37.93,8.94,3.45,14,15,42.86,33.33,16,13,37.5,38.46
P::conf_void_score_ge_1.0+score_liquidity_void_ge_1.0,pair,1043,35.966,123,139,11.79,100.0,13.33,506,537,13.24,10.43,508,535,12.4,11.21
P::conf_void_score_ge_1.0+score_liquidity_void_ge_1.0::top1,pair+top1,29,1.0,11,1,37.93,8.94,3.45,14,15,42.86,33.33,16,13,37.5,38.46
P::conf_void_score_ge_1.0+score_liquidity_void_le_1.0,pair,1043,35.966,123,139,11.79,100.0,13.33,506,537,13.24,10.43,508,535,12.4,11.21
P::conf_void_score_ge_1.0+score_liquidity_void_le_1.0::top1,pair+top1,29,1.0,11,1,37.93,8.94,3.45,14,15,42.86,33.33,16,13,37.5,38.46
P::conf_void_score_ge_1.0+score_liquidity_void_ge_1.0,pair,1043,35.966,123,139,11.79,100.0,13.33,506,537,13.24,10.43,508,535,12.4,11.21
P::conf_void_score_ge_1.0+score_liquidity_void_ge_1.0::top1,pair+top1,29,1.0,11,1,37.93,8.94,3.45,14,15,42.86,33.33,16,13,37.5,38.46
P::conf_void_score_ge_1.0+score_liquidity_void_le_1.0,pair,1043,35.966,123,139,11.79,100.0,13.33,506,537,13.24,10.43,508,535,12.4,11.21
P::conf_void_score_ge_1.0+score_liquidity_void_le_1.0::top1,pair+top1,29,1.0,11,1,37.93,8.94,3.45,14,15,42.86,33.33,16,13,37.5,38.46
P::conf_void_score_ge_1.0+score_liquidity_void_ge_1.0,pair,1043,35.966,123,139,11.79,100.0,13.33,506,537,13.24,10.43,508,535,12.4,11.21
P::conf_void_score_ge_1.0+score_liquidity_void_ge_1.0::top1,pair+top1,29,1.0,11,1,37.93,8.94,3.45,14,15,42.86,33.33,16,13,37.5,38.46
P::conf_void_score_ge_1.0+score_liquidity_void_le_1.0,pair,1043,35.966,123,139,11.79,100.0,13.33,506,537,13.24,10.43,508,535,12.4,11.21
P::conf_void_score_ge_1.0+score_liquidity_void_le_1.0::top1,pair+top1,29,1.0,11,1,37.93,8.94,3.45,14,15,42.86,33.33,16,13,37.5,38.46
P::conf_void_score_le_1.0+score_liquidity_void_ge_1.0,pair,1043,35.966,123,139,11.79,100.0,13.33,506,537,13.24,10.43,508,535,12.4,11.21
P::conf_void_score_le_1.0+score_liquidity_void_ge_1.0::top1,pair+top1,29,1.0,11,1,37.93,8.94,3.45,14,15,42.86,33.33,16,13,37.5,38.46
P::conf_void_score_le_1.0+score_liquidity_void_le_1.0,pair,1043,35.966,123,139,11.79,100.0,13.33,506,537,13.24,10.43,508,535,12.4,11.21
P::conf_void_score_le_1.0+score_liquidity_void_le_1.0::top1,pair+top1,29,1.0,11,1,37.93,8.94,3.45,14,15,42.86,33.33,16,13,37.5,38.46
P::conf_void_score_le_1.0+score_liquidity_void_ge_1.0,pair,1043,35.966,123,139,11.79,100.0,13.33,506,537,13.24,10.43,508,535,12.4,11.21
P::conf_void_score_le_1.0+score_liquidity_void_ge_1.0::top1,pair+top1,29,1.0,11,1,37.93,8.94,3.45,14,15,42.86,33.33,16,13,37.5,38.46
P::conf_void_score_le_1.0+score_liquidity_void_le_1.0,pair,1043,35.966,123,139,11.79,100.0,13.33,506,537,13.24,10.43,508,535,12.4,11.21
P::conf_void_score_le_1.0+score_liquidity_void_le_1.0::top1,pair+top1,29,1.0,11,1,37.93,8.94,3.45,14,15,42.86,33.33,16,13,37.5,38.46
P::conf_void_score_le_1.0+score_liquidity_void_ge_1.0,pair,1043,35.966,123,139,11.79,100.0,13.33,506,537,13.24,10.43,508,535,12.4,11.21
P::conf_void_score_le_1.0+score_liquidity_void_ge_1.0::top1,pair+top1,29,1.0,11,1,37.93,8.94,3.45,14,15,42.86,33.33,16,13,37.5,38.46
P::conf_void_score_le_1.0+score_liquidity_void_le_1.0,pair,1043,35.966,123,139,11.79,100.0,13.33,506,537,13.24,10.43,508,535,12.4,11.21
P::conf_void_score_le_1.0+score_liquidity_void_le_1.0::top1,pair+top1,29,1.0,11,1,37.93,8.94,3.45,14,15,42.86,33.33,16,13,37.5,38.46
P::score_ofi_ge_-0.1041+score_liquidity_void_ge_1.0,pair,731,25.207,89,109,12.18,72.36,14.91,365,366,13.15,11.2,437,294,12.81,11.22
P::score_ofi_ge_-0.1041+score_liquidity_void_ge_1.0::top1,pair+top1,29,1.0,10,1,34.48,8.13,3.45,14,15,35.71,33.33,18,11,33.33,36.36
P::score_ofi_ge_-0.1041+score_liquidity_void_le_1.0,pair,731,25.207,89,109,12.18,72.36,14.91,365,366,13.15,11.2,437,294,12.81,11.22
P::score_ofi_ge_-0.1041+score_liquidity_void_le_1.0::top1,pair+top1,29,1.0,10,1,34.48,8.13,3.45,14,15,35.71,33.33,18,11,33.33,36.36
P::score_ofi_ge_-0.1041+score_liquidity_void_ge_1.0,pair,731,25.207,89,109,12.18,72.36,14.91,365,366,13.15,11.2,437,294,12.81,11.22
P::score_ofi_ge_-0.1041+score_liquidity_void_ge_1.0::top1,pair+top1,29,1.0,10,1,34.48,8.13,3.45,14,15,35.71,33.33,18,11,33.33,36.36
P::score_ofi_ge_-0.1041+score_liquidity_void_le_1.0,pair,731,25.207,89,109,12.18,72.36,14.91,365,366,13.15,11.2,437,294,12.81,11.22
P::score_ofi_ge_-0.1041+score_liquidity_void_le_1.0::top1,pair+top1,29,1.0,10,1,34.48,8.13,3.45,14,15,35.71,33.33,18,11,33.33,36.36
P::score_ofi_ge_-0.1041+score_liquidity_void_ge_1.0,pair,731,25.207,89,109,12.18,72.36,14.91,365,366,13.15,11.2,437,294,12.81,11.22
P::score_ofi_ge_-0.1041+score_liquidity_void_ge_1.0::top1,pair+top1,29,1.0,10,1,34.48,8.13,3.45,14,15,35.71,33.33,18,11,33.33,36.36
P::score_ofi_ge_-0.1041+score_liquidity_void_le_1.0,pair,731,25.207,89,109,12.18,72.36,14.91,365,366,13.15,11.2,437,294,12.81,11.22
P::score_ofi_ge_-0.1041+score_liquidity_void_le_1.0::top1,pair+top1,29,1.0,10,1,34.48,8.13,3.45,14,15,35.71,33.33,18,11,33.33,36.36
P::score_ofi_le_-0.1041+score_liquidity_void_ge_1.0,pair,313,10.793,34,30,10.86,27.64,9.58,142,171,13.38,8.77,71,242,9.86,11.16
P::score_ofi_le_-0.1041+score_liquidity_void_ge_1.0::top1,pair+top1,29,1.0,4,2,13.79,3.25,6.9,14,15,21.43,6.67,9,20,11.11,15.0
P::score_ofi_le_-0.1041+score_liquidity_void_le_1.0,pair,313,10.793,34,30,10.86,27.64,9.58,142,171,13.38,8.77,71,242,9.86,11.16
P::score_ofi_le_-0.1041+score_liquidity_void_le_1.0::top1,pair+top1,29,1.0,4,2,13.79,3.25,6.9,14,15,21.43,6.67,9,20,11.11,15.0
P::score_ofi_le_-0.1041+score_liquidity_void_ge_1.0,pair,313,10.793,34,30,10.86,27.64,9.58,142,171,13.38,8.77,71,242,9.86,11.16
P::score_ofi_le_-0.1041+score_liquidity_void_ge_1.0::top1,pair+top1,29,1.0,4,2,13.79,3.25,6.9,14,15,21.43,6.67,9,20,11.11,15.0
P::score_ofi_le_-0.1041+score_liquidity_void_le_1.0,pair,313,10.793,34,30,10.86,27.64,9.58,142,171,13.38,8.77,71,242,9.86,11.16
P::score_ofi_le_-0.1041+score_liquidity_void_le_1.0::top1,pair+top1,29,1.0,4,2,13.79,3.25,6.9,14,15,21.43,6.67,9,20,11.11,15.0
P::score_ofi_le_-0.1041+score_liquidity_void_ge_1.0,pair,313,10.793,34,30,10.86,27.64,9.58,142,171,13.38,8.77,71,242,9.86,11.16
P::score_ofi_le_-0.1041+score_liquidity_void_ge_1.0::top1,pair+top1,29,1.0,4,2,13.79,3.25,6.9,14,15,21.43,6.67,9,20,11.11,15.0
P::score_ofi_le_-0.1041+score_liquidity_void_le_1.0,pair,313,10.793,34,30,10.86,27.64,9.58,142,171,13.38,8.77,71,242,9.86,11.16
P::score_ofi_le_-0.1041+score_liquidity_void_le_1.0::top1,pair+top1,29,1.0,4,2,13.79,3.25,6.9,14,15,21.43,6.67,9,20,11.11,15.0
P::score_ofi_ge_0.0069+score_liquidity_void_ge_1.0,pair,522,18.0,58,79,11.11,47.15,15.13,261,261,12.64,9.58,353,169,11.33,10.65
P::score_ofi_ge_0.0069+score_liquidity_void_ge_1.0::top1,pair+top1,29,1.0,9,1,31.03,7.32,3.45,14,15,21.43,40.0,17,12,29.41,33.33
P::score_ofi_ge_0.0069+score_liquidity_void_le_1.0,pair,522,18.0,58,79,11.11,47.15,15.13,261,261,12.64,9.58,353,169,11.33,10.65
P::score_ofi_ge_0.0069+score_liquidity_void_le_1.0::top1,pair+top1,29,1.0,9,1,31.03,7.32,3.45,14,15,21.43,40.0,17,12,29.41,33.33
P::score_ofi_ge_0.0069+score_liquidity_void_ge_1.0,pair,522,18.0,58,79,11.11,47.15,15.13,261,261,12.64,9.58,353,169,11.33,10.65
P::score_ofi_ge_0.0069+score_liquidity_void_ge_1.0::top1,pair+top1,29,1.0,9,1,31.03,7.32,3.45,14,15,21.43,40.0,17,12,29.41,33.33
P::score_ofi_ge_0.0069+score_liquidity_void_le_1.0,pair,522,18.0,58,79,11.11,47.15,15.13,261,261,12.64,9.58,353,169,11.33,10.65
P::score_ofi_ge_0.0069+score_liquidity_void_le_1.0::top1,pair+top1,29,1.0,9,1,31.03,7.32,3.45,14,15,21.43,40.0,17,12,29.41,33.33
P::score_ofi_ge_0.0069+score_liquidity_void_ge_1.0,pair,522,18.0,58,79,11.11,47.15,15.13,261,261,12.64,9.58,353,169,11.33,10.65
P::score_ofi_ge_0.0069+score_liquidity_void_ge_1.0::top1,pair+top1,29,1.0,9,1,31.03,7.32,3.45,14,15,21.43,40.0,17,12,29.41,33.33
P::score_ofi_ge_0.0069+score_liquidity_void_le_1.0,pair,522,18.0,58,79,11.11,47.15,15.13,261,261,12.64,9.58,353,169,11.33,10.65
P::score_ofi_ge_0.0069+score_liquidity_void_le_1.0::top1,pair+top1,29,1.0,9,1,31.03,7.32,3.45,14,15,21.43,40.0,17,12,29.41,33.33
P::score_ofi_le_0.0069+score_liquidity_void_ge_1.0,pair,522,18.0,65,60,12.45,52.85,11.49,245,277,13.88,11.19,155,367,14.84,11.44
P::score_ofi_le_0.0069+score_liquidity_void_ge_1.0::top1,pair+top1,29,1.0,6,1,20.69,4.88,3.45,14,15,35.71,6.67,11,18,27.27,16.67
P::score_ofi_le_0.0069+score_liquidity_void_le_1.0,pair,522,18.0,65,60,12.45,52.85,11.49,245,277,13.88,11.19,155,367,14.84,11.44
P::score_ofi_le_0.0069+score_liquidity_void_le_1.0::top1,pair+top1,29,1.0,6,1,20.69,4.88,3.45,14,15,35.71,6.67,11,18,27.27,16.67
P::score_ofi_le_0.0069+score_liquidity_void_ge_1.0,pair,522,18.0,65,60,12.45,52.85,11.49,245,277,13.88,11.19,155,367,14.84,11.44
P::score_ofi_le_0.0069+score_liquidity_void_ge_1.0::top1,pair+top1,29,1.0,6,1,20.69,4.88,3.45,14,15,35.71,6.67,11,18,27.27,16.67
P::score_ofi_le_0.0069+score_liquidity_void_le_1.0,pair,522,18.0,65,60,12.45,52.85,11.49,245,277,13.88,11.19,155,367,14.84,11.44
P::score_ofi_le_0.0069+score_liquidity_void_le_1.0::top1,pair+top1,29,1.0,6,1,20.69,4.88,3.45,14,15,35.71,6.67,11,18,27.27,16.67
P::score_ofi_le_0.0069+score_liquidity_void_ge_1.0,pair,522,18.0,65,60,12.45,52.85,11.49,245,277,13.88,11.19,155,367,14.84,11.44
P::score_ofi_le_0.0069+score_liquidity_void_ge_1.0::top1,pair+top1,29,1.0,6,1,20.69,4.88,3.45,14,15,35.71,6.67,11,18,27.27,16.67
P::score_ofi_le_0.0069+score_liquidity_void_le_1.0,pair,522,18.0,65,60,12.45,52.85,11.49,245,277,13.88,11.19,155,367,14.84,11.44
P::score_ofi_le_0.0069+score_liquidity_void_le_1.0::top1,pair+top1,29,1.0,6,1,20.69,4.88,3.45,14,15,35.71,6.67,11,18,27.27,16.67
P::score_ofi_ge_0.1195+score_liquidity_void_ge_1.0,pair,314,10.828,30,47,9.55,24.39,14.97,160,154,11.25,7.79,223,91,8.52,12.09
P::score_ofi_ge_0.1195+score_liquidity_void_ge_1.0::top1,pair+top1,29,1.0,8,1,27.59,6.5,3.45,14,15,21.43,33.33,23,6,26.09,33.33
P::score_ofi_ge_0.1195+score_liquidity_void_le_1.0,pair,314,10.828,30,47,9.55,24.39,14.97,160,154,11.25,7.79,223,91,8.52,12.09
P::score_ofi_ge_0.1195+score_liquidity_void_le_1.0::top1,pair+top1,29,1.0,8,1,27.59,6.5,3.45,14,15,21.43,33.33,23,6,26.09,33.33
P::score_ofi_ge_0.1195+score_liquidity_void_ge_1.0,pair,314,10.828,30,47,9.55,24.39,14.97,160,154,11.25,7.79,223,91,8.52,12.09
P::score_ofi_ge_0.1195+score_liquidity_void_ge_1.0::top1,pair+top1,29,1.0,8,1,27.59,6.5,3.45,14,15,21.43,33.33,23,6,26.09,33.33
P::score_ofi_ge_0.1195+score_liquidity_void_le_1.0,pair,314,10.828,30,47,9.55,24.39,14.97,160,154,11.25,7.79,223,91,8.52,12.09
P::score_ofi_ge_0.1195+score_liquidity_void_le_1.0::top1,pair+top1,29,1.0,8,1,27.59,6.5,3.45,14,15,21.43,33.33,23,6,26.09,33.33
P::score_ofi_ge_0.1195+score_liquidity_void_ge_1.0,pair,314,10.828,30,47,9.55,24.39,14.97,160,154,11.25,7.79,223,91,8.52,12.09
P::score_ofi_ge_0.1195+score_liquidity_void_ge_1.0::top1,pair+top1,29,1.0,8,1,27.59,6.5,3.45,14,15,21.43,33.33,23,6,26.09,33.33
P::score_ofi_ge_0.1195+score_liquidity_void_le_1.0,pair,314,10.828,30,47,9.55,24.39,14.97,160,154,11.25,7.79,223,91,8.52,12.09
P::score_ofi_ge_0.1195+score_liquidity_void_le_1.0::top1,pair+top1,29,1.0,8,1,27.59,6.5,3.45,14,15,21.43,33.33,23,6,26.09,33.33
P::score_ofi_le_0.1195+score_liquidity_void_ge_1.0,pair,730,25.172,93,93,12.74,75.61,12.74,347,383,14.12,11.49,285,445,15.44,11.01
P::score_ofi_le_0.1195+score_liquidity_void_ge_1.0::top1,pair+top1,29,1.0,8,1,27.59,6.5,3.45,14,15,35.71,20.0,12,17,33.33,23.53
P::score_ofi_le_0.1195+score_liquidity_void_le_1.0,pair,730,25.172,93,93,12.74,75.61,12.74,347,383,14.12,11.49,285,445,15.44,11.01
P::score_ofi_le_0.1195+score_liquidity_void_le_1.0::top1,pair+top1,29,1.0,8,1,27.59,6.5,3.45,14,15,35.71,20.0,12,17,33.33,23.53
P::score_ofi_le_0.1195+score_liquidity_void_ge_1.0,pair,730,25.172,93,93,12.74,75.61,12.74,347,383,14.12,11.49,285,445,15.44,11.01
P::score_ofi_le_0.1195+score_liquidity_void_ge_1.0::top1,pair+top1,29,1.0,8,1,27.59,6.5,3.45,14,15,35.71,20.0,12,17,33.33,23.53
P::score_ofi_le_0.1195+score_liquidity_void_le_1.0,pair,730,25.172,93,93,12.74,75.61,12.74,347,383,14.12,11.49,285,445,15.44,11.01
P::score_ofi_le_0.1195+score_liquidity_void_le_1.0::top1,pair+top1,29,1.0,8,1,27.59,6.5,3.45,14,15,35.71,20.0,12,17,33.33,23.53
P::score_ofi_le_0.1195+score_liquidity_void_ge_1.0,pair,730,25.172,93,93,12.74,75.61,12.74,347,383,14.12,11.49,285,445,15.44,11.01
P::score_ofi_le_0.1195+score_liquidity_void_ge_1.0::top1,pair+top1,29,1.0,8,1,27.59,6.5,3.45,14,15,35.71,20.0,12,17,33.33,23.53
P::score_ofi_le_0.1195+score_liquidity_void_le_1.0,pair,730,25.172,93,93,12.74,75.61,12.74,347,383,14.12,11.49,285,445,15.44,11.01
P::score_ofi_le_0.1195+score_liquidity_void_le_1.0::top1,pair+top1,29,1.0,8,1,27.59,6.5,3.45,14,15,35.71,20.0,12,17,33.33,23.53
T::score_trigger_ge_0.9737+pct_correct_move_already_done_ge_0.0+is_during_correct_move_TRUE,triple,143,4.931,2,16,1.4,1.63,11.19,81,62,2.47,0.0,71,72,0.0,2.78
T::score_trigger_ge_0.9737+pct_correct_move_already_done_ge_0.0+is_during_correct_move_FALSE,triple,295,10.172,48,32,16.27,39.02,10.85,122,173,21.31,12.72,155,140,22.58,9.29
T::score_trigger_ge_0.9737+pct_correct_move_already_done_le_0.0+is_during_correct_move_FALSE,triple,295,10.172,48,32,16.27,39.02,10.85,122,173,21.31,12.72,155,140,22.58,9.29
T::score_trigger_le_0.9737+pct_correct_move_already_done_ge_0.0+is_during_correct_move_TRUE,triple,60,2.069,0,1,0.0,0.0,1.67,38,22,0.0,0.0,26,34,0.0,0.0
T::score_trigger_le_0.9737+pct_correct_move_already_done_ge_0.0+is_during_correct_move_FALSE,triple,128,4.414,21,12,16.41,17.07,9.38,55,73,25.45,9.59,56,72,21.43,12.5
T::score_trigger_le_0.9737+pct_correct_move_already_done_le_0.0+is_during_correct_move_FALSE,triple,128,4.414,21,12,16.41,17.07,9.38,55,73,25.45,9.59,56,72,21.43,12.5
T::score_trigger_ge_0.9737+pct_correct_move_already_done_ge_0.0+conf_cycles_seen_ge_20.0,triple,312,10.759,39,31,12.5,31.71,9.94,142,170,14.08,11.18,165,147,15.76,8.84
T::score_trigger_ge_0.9737+pct_correct_move_already_done_ge_0.0+conf_cycles_seen_le_20.0,triple,136,4.69,12,19,8.82,9.76,13.97,67,69,13.43,4.35,67,69,14.93,2.9
T::score_trigger_ge_0.9737+pct_correct_move_already_done_le_0.0+conf_cycles_seen_ge_20.0,triple,208,7.172,37,18,17.79,30.08,8.65,84,124,21.43,15.32,110,98,23.64,11.22
T::score_trigger_ge_0.9737+pct_correct_move_already_done_le_0.0+conf_cycles_seen_le_20.0,triple,92,3.172,12,15,13.04,9.76,16.3,40,52,22.5,5.77,48,44,20.83,4.55
T::score_trigger_le_0.9737+pct_correct_move_already_done_ge_0.0+conf_cycles_seen_ge_20.0,triple,139,4.793,17,8,12.23,13.82,5.76,75,64,14.67,9.38,62,77,14.52,10.39
T::score_trigger_le_0.9737+pct_correct_move_already_done_ge_0.0+conf_cycles_seen_le_20.0,triple,50,1.724,4,5,8.0,3.25,10.0,18,32,16.67,3.12,20,30,15.0,3.33
T::score_trigger_le_0.9737+pct_correct_move_already_done_le_0.0+conf_cycles_seen_ge_20.0,triple,100,3.448,17,7,17.0,13.82,7.0,48,52,22.92,11.54,44,56,20.45,14.29
T::score_trigger_le_0.9737+pct_correct_move_already_done_le_0.0+conf_cycles_seen_le_20.0,triple,29,1.0,4,5,13.79,3.25,17.24,7,22,42.86,4.55,12,17,25.0,5.88
T::score_trigger_ge_0.9737+pct_correct_move_already_done_ge_0.0+utc_hour_ge_4.0,triple,280,9.655,21,29,7.5,17.07,10.36,131,149,12.21,3.36,140,140,10.0,5.0
T::score_trigger_ge_0.9737+pct_correct_move_already_done_ge_0.0+utc_hour_le_4.0,triple,173,5.966,30,20,17.34,24.39,11.56,79,94,15.19,19.15,93,80,22.58,11.25
T::score_trigger_ge_0.9737+pct_correct_move_already_done_le_0.0+utc_hour_ge_4.0,triple,163,5.621,19,17,11.66,15.45,10.43,67,96,20.9,5.21,80,83,17.5,6.02
T::score_trigger_ge_0.9737+pct_correct_move_already_done_le_0.0+utc_hour_le_4.0,triple,144,4.966,30,16,20.83,24.39,11.11,62,82,19.35,21.95,81,63,25.93,14.29
T::score_trigger_le_0.9737+pct_correct_move_already_done_ge_0.0+utc_hour_ge_4.0,triple,136,4.69,9,8,6.62,7.32,5.88,64,72,9.38,4.17,58,78,8.62,5.13
T::score_trigger_le_0.9737+pct_correct_move_already_done_ge_0.0+utc_hour_le_4.0,triple,68,2.345,14,7,20.59,11.38,10.29,38,30,23.68,16.67,32,36,25.0,16.67
T::score_trigger_le_0.9737+pct_correct_move_already_done_le_0.0+utc_hour_ge_4.0,triple,87,3.0,9,7,10.34,7.32,8.05,34,53,17.65,5.66,35,52,14.29,7.69
T::score_trigger_le_0.9737+pct_correct_move_already_done_le_0.0+utc_hour_le_4.0,triple,50,1.724,14,7,28.0,11.38,14.0,25,25,36.0,20.0,24,26,33.33,23.08
T::score_trigger_ge_0.9737+pct_correct_move_already_done_ge_0.0+is_asia_session_TRUE,triple,219,7.552,32,26,14.61,26.02,11.87,99,120,13.13,15.83,109,110,21.1,8.18
T::score_trigger_ge_0.9737+pct_correct_move_already_done_ge_0.0+is_asia_session_FALSE,triple,219,7.552,18,22,8.22,14.63,10.05,104,115,14.42,2.61,117,102,10.26,5.88
T::score_trigger_ge_0.9737+pct_correct_move_already_done_le_0.0+is_asia_session_TRUE,triple,165,5.69,32,21,19.39,26.02,12.73,69,96,18.84,19.79,91,74,25.27,12.16
T::score_trigger_ge_0.9737+pct_correct_move_already_done_le_0.0+is_asia_session_FALSE,triple,130,4.483,16,11,12.31,13.01,8.46,53,77,24.53,3.9,64,66,18.75,6.06
T::score_trigger_le_0.9737+pct_correct_move_already_done_ge_0.0+is_asia_session_TRUE,triple,81,2.793,17,8,20.99,13.82,9.88,43,38,25.58,15.79,38,43,26.32,16.28
T::score_trigger_le_0.9737+pct_correct_move_already_done_ge_0.0+is_asia_session_FALSE,triple,107,3.69,4,5,3.74,3.25,4.67,50,57,6.0,1.75,44,63,4.55,3.17
T::score_trigger_le_0.9737+pct_correct_move_already_done_le_0.0+is_asia_session_TRUE,triple,60,2.069,17,8,28.33,13.82,13.33,28,32,39.29,18.75,29,31,34.48,22.58
T::score_trigger_le_0.9737+pct_correct_move_already_done_le_0.0+is_asia_session_FALSE,triple,68,2.345,4,4,5.88,3.25,5.88,27,41,11.11,2.44,27,41,7.41,4.88
T::score_trigger_ge_0.9737+pct_correct_move_already_done_ge_0.0+cand_prior_move_pct_ge_0.0,triple,438,15.103,50,48,11.42,40.65,10.96,203,235,13.79,9.36,226,212,15.49,7.08
T::score_trigger_ge_0.9737+pct_correct_move_already_done_ge_0.0+cand_prior_move_pct_le_0.0,triple,374,12.897,43,42,11.5,34.96,11.23,172,202,13.37,9.9,196,178,15.82,6.74
T::score_trigger_ge_0.9737+pct_correct_move_already_done_le_0.0+cand_prior_move_pct_ge_0.0,triple,295,10.172,48,32,16.27,39.02,10.85,122,173,21.31,12.72,155,140,22.58,9.29
T::score_trigger_ge_0.9737+pct_correct_move_already_done_le_0.0+cand_prior_move_pct_le_0.0,triple,240,8.276,41,26,17.08,33.33,10.83,96,144,21.88,13.89,130,110,23.85,9.09
T::score_trigger_le_0.9737+pct_correct_move_already_done_ge_0.0+cand_prior_move_pct_ge_0.0,triple,188,6.483,21,13,11.17,17.07,6.91,93,95,15.05,7.37,82,106,14.63,8.49
T::score_trigger_le_0.9737+pct_correct_move_already_done_ge_0.0+cand_prior_move_pct_le_0.0,triple,161,5.552,17,12,10.56,13.82,7.45,82,79,13.41,7.59,69,92,15.94,6.52
T::score_trigger_le_0.9737+pct_correct_move_already_done_le_0.0+cand_prior_move_pct_ge_0.0,triple,128,4.414,21,12,16.41,17.07,9.38,55,73,25.45,9.59,56,72,21.43,12.5
T::score_trigger_le_0.9737+pct_correct_move_already_done_le_0.0+cand_prior_move_pct_le_0.0,triple,106,3.655,17,11,16.04,13.82,10.38,47,59,23.4,10.17,46,60,23.91,10.0
T::score_trigger_ge_0.9737+pct_correct_move_already_done_ge_0.0+conf_void_score_ge_1.0,triple,438,15.103,50,48,11.42,40.65,10.96,203,235,13.79,9.36,226,212,15.49,7.08
T::score_trigger_ge_0.9737+pct_correct_move_already_done_ge_0.0+conf_void_score_le_1.0,triple,438,15.103,50,48,11.42,40.65,10.96,203,235,13.79,9.36,226,212,15.49,7.08
T::score_trigger_ge_0.9737+pct_correct_move_already_done_le_0.0+conf_void_score_ge_1.0,triple,295,10.172,48,32,16.27,39.02,10.85,122,173,21.31,12.72,155,140,22.58,9.29
T::score_trigger_ge_0.9737+pct_correct_move_already_done_le_0.0+conf_void_score_le_1.0,triple,295,10.172,48,32,16.27,39.02,10.85,122,173,21.31,12.72,155,140,22.58,9.29
T::score_trigger_le_0.9737+pct_correct_move_already_done_ge_0.0+conf_void_score_ge_1.0,triple,188,6.483,21,13,11.17,17.07,6.91,93,95,15.05,7.37,82,106,14.63,8.49
T::score_trigger_le_0.9737+pct_correct_move_already_done_ge_0.0+conf_void_score_le_1.0,triple,188,6.483,21,13,11.17,17.07,6.91,93,95,15.05,7.37,82,106,14.63,8.49
T::score_trigger_le_0.9737+pct_correct_move_already_done_le_0.0+conf_void_score_ge_1.0,triple,128,4.414,21,12,16.41,17.07,9.38,55,73,25.45,9.59,56,72,21.43,12.5
T::score_trigger_le_0.9737+pct_correct_move_already_done_le_0.0+conf_void_score_le_1.0,triple,128,4.414,21,12,16.41,17.07,9.38,55,73,25.45,9.59,56,72,21.43,12.5
T::score_trigger_ge_0.9737+is_during_correct_move_TRUE+conf_cycles_seen_ge_20.0,triple,104,3.586,2,13,1.92,1.63,12.5,58,46,3.45,0.0,55,49,0.0,4.08
T::score_trigger_ge_0.9737+is_during_correct_move_TRUE+conf_cycles_seen_le_20.0,triple,44,1.517,0,4,0.0,0.0,9.09,27,17,0.0,0.0,19,25,0.0,0.0
T::score_trigger_ge_0.9737+is_during_correct_move_FALSE+conf_cycles_seen_ge_20.0,triple,208,7.172,37,18,17.79,30.08,8.65,84,124,21.43,15.32,110,98,23.64,11.22
T::score_trigger_ge_0.9737+is_during_correct_move_FALSE+conf_cycles_seen_le_20.0,triple,92,3.172,12,15,13.04,9.76,16.3,40,52,22.5,5.77,48,44,20.83,4.55
T::score_trigger_le_0.9737+is_during_correct_move_TRUE+conf_cycles_seen_ge_20.0,triple,39,1.345,0,1,0.0,0.0,2.56,27,12,0.0,0.0,18,21,0.0,0.0
T::score_trigger_le_0.9737+is_during_correct_move_TRUE+conf_cycles_seen_le_20.0,triple,21,0.724,0,0,0.0,0.0,0.0,11,10,0.0,0.0,8,13,0.0,0.0
T::score_trigger_le_0.9737+is_during_correct_move_FALSE+conf_cycles_seen_ge_20.0,triple,100,3.448,17,7,17.0,13.82,7.0,48,52,22.92,11.54,44,56,20.45,14.29
T::score_trigger_le_0.9737+is_during_correct_move_FALSE+conf_cycles_seen_le_20.0,triple,29,1.0,4,5,13.79,3.25,17.24,7,22,42.86,4.55,12,17,25.0,5.88
T::score_trigger_ge_0.9737+is_during_correct_move_TRUE+utc_hour_ge_4.0,triple,117,4.034,2,12,1.71,1.63,10.26,64,53,3.12,0.0,60,57,0.0,3.51
T::score_trigger_ge_0.9737+is_during_correct_move_TRUE+utc_hour_le_4.0,triple,29,1.0,0,4,0.0,0.0,13.79,17,12,0.0,0.0,12,17,0.0,0.0
T::score_trigger_ge_0.9737+is_during_correct_move_FALSE+utc_hour_ge_4.0,triple,163,5.621,19,17,11.66,15.45,10.43,67,96,20.9,5.21,80,83,17.5,6.02
T::score_trigger_ge_0.9737+is_during_correct_move_FALSE+utc_hour_le_4.0,triple,144,4.966,30,16,20.83,24.39,11.11,62,82,19.35,21.95,81,63,25.93,14.29
T::score_trigger_le_0.9737+is_during_correct_move_TRUE+utc_hour_ge_4.0,triple,49,1.69,0,1,0.0,0.0,2.04,30,19,0.0,0.0,23,26,0.0,0.0
T::score_trigger_le_0.9737+is_during_correct_move_TRUE+utc_hour_le_4.0,triple,18,0.621,0,0,0.0,0.0,0.0,13,5,0.0,0.0,8,10,0.0,0.0
T::score_trigger_le_0.9737+is_during_correct_move_FALSE+utc_hour_ge_4.0,triple,87,3.0,9,7,10.34,7.32,8.05,34,53,17.65,5.66,35,52,14.29,7.69
T::score_trigger_le_0.9737+is_during_correct_move_FALSE+utc_hour_le_4.0,triple,50,1.724,14,7,28.0,11.38,14.0,25,25,36.0,20.0,24,26,33.33,23.08
T::score_trigger_ge_0.9737+is_during_correct_move_TRUE+is_asia_session_TRUE,triple,54,1.862,0,5,0.0,0.0,9.26,30,24,0.0,0.0,18,36,0.0,0.0
T::score_trigger_ge_0.9737+is_during_correct_move_TRUE+is_asia_session_FALSE,triple,89,3.069,2,11,2.25,1.63,12.36,51,38,3.92,0.0,53,36,0.0,5.56
T::score_trigger_ge_0.9737+is_during_correct_move_FALSE+is_asia_session_TRUE,triple,165,5.69,32,21,19.39,26.02,12.73,69,96,18.84,19.79,91,74,25.27,12.16
T::score_trigger_ge_0.9737+is_during_correct_move_FALSE+is_asia_session_FALSE,triple,130,4.483,16,11,12.31,13.01,8.46,53,77,24.53,3.9,64,66,18.75,6.06
T::score_trigger_le_0.9737+is_during_correct_move_TRUE+is_asia_session_TRUE,triple,21,0.724,0,0,0.0,0.0,0.0,15,6,0.0,0.0,9,12,0.0,0.0
T::score_trigger_le_0.9737+is_during_correct_move_TRUE+is_asia_session_FALSE,triple,39,1.345,0,1,0.0,0.0,2.56,23,16,0.0,0.0,17,22,0.0,0.0
T::score_trigger_le_0.9737+is_during_correct_move_FALSE+is_asia_session_TRUE,triple,60,2.069,17,8,28.33,13.82,13.33,28,32,39.29,18.75,29,31,34.48,22.58
T::score_trigger_le_0.9737+is_during_correct_move_FALSE+is_asia_session_FALSE,triple,68,2.345,4,4,5.88,3.25,5.88,27,41,11.11,2.44,27,41,7.41,4.88
T::score_trigger_ge_0.9737+is_during_correct_move_TRUE+cand_prior_move_pct_ge_0.0,triple,143,4.931,2,16,1.4,1.63,11.19,81,62,2.47,0.0,71,72,0.0,2.78
T::score_trigger_ge_0.9737+is_during_correct_move_TRUE+cand_prior_move_pct_le_0.0,triple,134,4.621,2,16,1.49,1.63,11.94,76,58,2.63,0.0,66,68,0.0,2.94
T::score_trigger_ge_0.9737+is_during_correct_move_FALSE+cand_prior_move_pct_ge_0.0,triple,295,10.172,48,32,16.27,39.02,10.85,122,173,21.31,12.72,155,140,22.58,9.29
T::score_trigger_ge_0.9737+is_during_correct_move_FALSE+cand_prior_move_pct_le_0.0,triple,240,8.276,41,26,17.08,33.33,10.83,96,144,21.88,13.89,130,110,23.85,9.09
T::score_trigger_le_0.9737+is_during_correct_move_TRUE+cand_prior_move_pct_ge_0.0,triple,60,2.069,0,1,0.0,0.0,1.67,38,22,0.0,0.0,26,34,0.0,0.0
T::score_trigger_le_0.9737+is_during_correct_move_TRUE+cand_prior_move_pct_le_0.0,triple,55,1.897,0,1,0.0,0.0,1.82,35,20,0.0,0.0,23,32,0.0,0.0
T::score_trigger_le_0.9737+is_during_correct_move_FALSE+cand_prior_move_pct_ge_0.0,triple,128,4.414,21,12,16.41,17.07,9.38,55,73,25.45,9.59,56,72,21.43,12.5
T::score_trigger_le_0.9737+is_during_correct_move_FALSE+cand_prior_move_pct_le_0.0,triple,106,3.655,17,11,16.04,13.82,10.38,47,59,23.4,10.17,46,60,23.91,10.0
T::score_trigger_ge_0.9737+is_during_correct_move_TRUE+conf_void_score_ge_1.0,triple,143,4.931,2,16,1.4,1.63,11.19,81,62,2.47,0.0,71,72,0.0,2.78
T::score_trigger_ge_0.9737+is_during_correct_move_TRUE+conf_void_score_le_1.0,triple,143,4.931,2,16,1.4,1.63,11.19,81,62,2.47,0.0,71,72,0.0,2.78
T::score_trigger_ge_0.9737+is_during_correct_move_FALSE+conf_void_score_ge_1.0,triple,295,10.172,48,32,16.27,39.02,10.85,122,173,21.31,12.72,155,140,22.58,9.29
T::score_trigger_ge_0.9737+is_during_correct_move_FALSE+conf_void_score_le_1.0,triple,295,10.172,48,32,16.27,39.02,10.85,122,173,21.31,12.72,155,140,22.58,9.29
T::score_trigger_le_0.9737+is_during_correct_move_TRUE+conf_void_score_ge_1.0,triple,60,2.069,0,1,0.0,0.0,1.67,38,22,0.0,0.0,26,34,0.0,0.0
T::score_trigger_le_0.9737+is_during_correct_move_TRUE+conf_void_score_le_1.0,triple,60,2.069,0,1,0.0,0.0,1.67,38,22,0.0,0.0,26,34,0.0,0.0
T::score_trigger_le_0.9737+is_during_correct_move_FALSE+conf_void_score_ge_1.0,triple,128,4.414,21,12,16.41,17.07,9.38,55,73,25.45,9.59,56,72,21.43,12.5
T::score_trigger_le_0.9737+is_during_correct_move_FALSE+conf_void_score_le_1.0,triple,128,4.414,21,12,16.41,17.07,9.38,55,73,25.45,9.59,56,72,21.43,12.5
T::score_trigger_ge_0.9737+conf_cycles_seen_ge_20.0+utc_hour_ge_4.0,triple,188,6.483,16,18,8.51,13.01,9.57,86,102,13.95,3.92,98,90,10.2,6.67
T::score_trigger_ge_0.9737+conf_cycles_seen_ge_20.0+utc_hour_le_4.0,triple,134,4.621,24,13,17.91,19.51,9.7,59,75,13.56,21.33,71,63,22.54,12.7
T::score_trigger_ge_0.9737+conf_cycles_seen_le_20.0+utc_hour_ge_4.0,triple,96,3.31,5,11,5.21,4.07,11.46,47,49,8.51,2.04,43,53,9.3,1.89
T::score_trigger_ge_0.9737+conf_cycles_seen_le_20.0+utc_hour_le_4.0,triple,45,1.552,7,9,15.56,5.69,20.0,24,21,20.83,9.52,27,18,22.22,5.56
T::score_trigger_le_0.9737+conf_cycles_seen_ge_20.0+utc_hour_ge_4.0,triple,102,3.517,8,7,7.84,6.5,6.86,53,49,9.43,6.12,41,61,9.76,6.56
T::score_trigger_le_0.9737+conf_cycles_seen_ge_20.0+utc_hour_le_4.0,triple,49,1.69,10,2,20.41,8.13,4.08,30,19,20.0,21.05,27,22,18.52,22.73
T::score_trigger_le_0.9737+conf_cycles_seen_le_20.0+utc_hour_ge_4.0,triple,35,1.207,1,1,2.86,0.81,2.86,11,24,9.09,0.0,17,18,5.88,0.0
T::score_trigger_le_0.9737+conf_cycles_seen_le_20.0+utc_hour_le_4.0,triple,19,0.655,4,5,21.05,3.25,26.32,8,11,37.5,9.09,5,14,60.0,7.14
T::score_trigger_ge_0.9737+conf_cycles_seen_ge_20.0+is_asia_session_TRUE,triple,162,5.586,25,17,15.43,20.33,10.49,72,90,11.11,18.89,80,82,21.25,9.76
T::score_trigger_ge_0.9737+conf_cycles_seen_ge_20.0+is_asia_session_FALSE,triple,150,5.172,14,14,9.33,11.38,9.33,70,80,17.14,2.5,85,65,10.59,7.69
T::score_trigger_ge_0.9737+conf_cycles_seen_le_20.0+is_asia_session_TRUE,triple,65,2.241,8,11,12.31,6.5,16.92,32,33,18.75,6.06,34,31,20.59,3.23
T::score_trigger_ge_0.9737+conf_cycles_seen_le_20.0+is_asia_session_FALSE,triple,71,2.448,4,8,5.63,3.25,11.27,35,36,8.57,2.78,33,38,9.09,2.63
T::score_trigger_le_0.9737+conf_cycles_seen_ge_20.0+is_asia_session_TRUE,triple,61,2.103,13,3,21.31,10.57,4.92,35,26,22.86,19.23,33,28,21.21,21.43
T::score_trigger_le_0.9737+conf_cycles_seen_ge_20.0+is_asia_session_FALSE,triple,78,2.69,4,5,5.13,3.25,6.41,40,38,7.5,2.63,29,49,6.9,4.08
T::score_trigger_le_0.9737+conf_cycles_seen_le_20.0+is_asia_session_TRUE,triple,20,0.69,4,5,20.0,3.25,25.0,8,12,37.5,8.33,5,15,60.0,6.67
T::score_trigger_le_0.9737+conf_cycles_seen_le_20.0+is_asia_session_FALSE,triple,30,1.034,0,0,0.0,0.0,0.0,10,20,0.0,0.0,15,15,0.0,0.0
T::score_trigger_ge_0.9737+conf_cycles_seen_ge_20.0+cand_prior_move_pct_ge_0.0,triple,312,10.759,39,31,12.5,31.71,9.94,142,170,14.08,11.18,165,147,15.76,8.84
T::score_trigger_ge_0.9737+conf_cycles_seen_ge_20.0+cand_prior_move_pct_le_0.0,triple,264,9.103,33,28,12.5,26.83,10.61,119,145,12.61,12.41,142,122,15.49,9.02
T::score_trigger_ge_0.9737+conf_cycles_seen_le_20.0+cand_prior_move_pct_ge_0.0,triple,136,4.69,12,19,8.82,9.76,13.97,67,69,13.43,4.35,67,69,14.93,2.9
T::score_trigger_ge_0.9737+conf_cycles_seen_le_20.0+cand_prior_move_pct_le_0.0,triple,119,4.103,11,16,9.24,8.94,13.45,59,60,15.25,3.33,60,59,16.67,1.69
T::score_trigger_le_0.9737+conf_cycles_seen_ge_20.0+cand_prior_move_pct_ge_0.0,triple,139,4.793,17,8,12.23,13.82,5.76,75,64,14.67,9.38,62,77,14.52,10.39
T::score_trigger_le_0.9737+conf_cycles_seen_ge_20.0+cand_prior_move_pct_le_0.0,triple,119,4.103,13,7,10.92,10.57,5.88,67,52,11.94,9.62,54,65,14.81,7.69
T::score_trigger_le_0.9737+conf_cycles_seen_le_20.0+cand_prior_move_pct_ge_0.0,triple,50,1.724,4,5,8.0,3.25,10.0,18,32,16.67,3.12,20,30,15.0,3.33
T::score_trigger_le_0.9737+conf_cycles_seen_le_20.0+cand_prior_move_pct_le_0.0,triple,43,1.483,4,5,9.3,3.25,11.63,15,28,20.0,3.57,15,28,20.0,3.57
T::score_trigger_ge_0.9737+conf_cycles_seen_ge_20.0+conf_void_score_ge_1.0,triple,312,10.759,39,31,12.5,31.71,9.94,142,170,14.08,11.18,165,147,15.76,8.84
T::score_trigger_ge_0.9737+conf_cycles_seen_ge_20.0+conf_void_score_le_1.0,triple,312,10.759,39,31,12.5,31.71,9.94,142,170,14.08,11.18,165,147,15.76,8.84
T::score_trigger_ge_0.9737+conf_cycles_seen_le_20.0+conf_void_score_ge_1.0,triple,136,4.69,12,19,8.82,9.76,13.97,67,69,13.43,4.35,67,69,14.93,2.9
T::score_trigger_ge_0.9737+conf_cycles_seen_le_20.0+conf_void_score_le_1.0,triple,136,4.69,12,19,8.82,9.76,13.97,67,69,13.43,4.35,67,69,14.93,2.9
T::score_trigger_le_0.9737+conf_cycles_seen_ge_20.0+conf_void_score_ge_1.0,triple,139,4.793,17,8,12.23,13.82,5.76,75,64,14.67,9.38,62,77,14.52,10.39
T::score_trigger_le_0.9737+conf_cycles_seen_ge_20.0+conf_void_score_le_1.0,triple,139,4.793,17,8,12.23,13.82,5.76,75,64,14.67,9.38,62,77,14.52,10.39
T::score_trigger_le_0.9737+conf_cycles_seen_le_20.0+conf_void_score_ge_1.0,triple,50,1.724,4,5,8.0,3.25,10.0,18,32,16.67,3.12,20,30,15.0,3.33
T::score_trigger_le_0.9737+conf_cycles_seen_le_20.0+conf_void_score_le_1.0,triple,50,1.724,4,5,8.0,3.25,10.0,18,32,16.67,3.12,20,30,15.0,3.33
T::score_trigger_ge_0.9737+utc_hour_ge_4.0+is_asia_session_TRUE,triple,61,2.103,3,7,4.92,2.44,11.48,27,34,3.7,5.88,23,38,8.7,2.63
T::score_trigger_ge_0.9737+utc_hour_ge_4.0+is_asia_session_FALSE,triple,219,7.552,18,22,8.22,14.63,10.05,104,115,14.42,2.61,117,102,10.26,5.88
T::score_trigger_ge_0.9737+utc_hour_le_4.0+is_asia_session_TRUE,triple,173,5.966,30,20,17.34,24.39,11.56,79,94,15.19,19.15,93,80,22.58,11.25
T::score_trigger_le_0.9737+utc_hour_ge_4.0+is_asia_session_TRUE,triple,29,1.0,5,3,17.24,4.07,10.34,14,15,21.43,13.33,14,15,21.43,13.33
T::score_trigger_le_0.9737+utc_hour_ge_4.0+is_asia_session_FALSE,triple,107,3.69,4,5,3.74,3.25,4.67,50,57,6.0,1.75,44,63,4.55,3.17
T::score_trigger_le_0.9737+utc_hour_le_4.0+is_asia_session_TRUE,triple,68,2.345,14,7,20.59,11.38,10.29,38,30,23.68,16.67,32,36,25.0,16.67
T::score_trigger_ge_0.9737+utc_hour_ge_4.0+cand_prior_move_pct_ge_0.0,triple,280,9.655,21,29,7.5,17.07,10.36,131,149,12.21,3.36,140,140,10.0,5.0
T::score_trigger_ge_0.9737+utc_hour_ge_4.0+cand_prior_move_pct_le_0.0,triple,245,8.448,17,26,6.94,13.82,10.61,114,131,11.4,3.05,122,123,9.84,4.07
T::score_trigger_ge_0.9737+utc_hour_le_4.0+cand_prior_move_pct_ge_0.0,triple,173,5.966,30,20,17.34,24.39,11.56,79,94,15.19,19.15,93,80,22.58,11.25
T::score_trigger_ge_0.9737+utc_hour_le_4.0+cand_prior_move_pct_le_0.0,triple,141,4.862,27,16,19.15,21.95,11.35,63,78,15.87,21.79,79,62,24.05,12.9
T::score_trigger_le_0.9737+utc_hour_ge_4.0+cand_prior_move_pct_ge_0.0,triple,136,4.69,9,8,6.62,7.32,5.88,64,72,9.38,4.17,58,78,8.62,5.13
T::score_trigger_le_0.9737+utc_hour_ge_4.0+cand_prior_move_pct_le_0.0,triple,115,3.966,7,7,6.09,5.69,6.09,57,58,8.77,3.45,47,68,8.51,4.41
T::score_trigger_le_0.9737+utc_hour_le_4.0+cand_prior_move_pct_ge_0.0,triple,68,2.345,14,7,20.59,11.38,10.29,38,30,23.68,16.67,32,36,25.0,16.67
T::score_trigger_le_0.9737+utc_hour_le_4.0+cand_prior_move_pct_le_0.0,triple,61,2.103,12,7,19.67,9.76,11.48,33,28,21.21,17.86,30,31,26.67,12.9
T::score_trigger_ge_0.9737+utc_hour_ge_4.0+conf_void_score_ge_1.0,triple,280,9.655,21,29,7.5,17.07,10.36,131,149,12.21,3.36,140,140,10.0,5.0
T::score_trigger_ge_0.9737+utc_hour_ge_4.0+conf_void_score_le_1.0,triple,280,9.655,21,29,7.5,17.07,10.36,131,149,12.21,3.36,140,140,10.0,5.0
T::score_trigger_ge_0.9737+utc_hour_le_4.0+conf_void_score_ge_1.0,triple,173,5.966,30,20,17.34,24.39,11.56,79,94,15.19,19.15,93,80,22.58,11.25
T::score_trigger_ge_0.9737+utc_hour_le_4.0+conf_void_score_le_1.0,triple,173,5.966,30,20,17.34,24.39,11.56,79,94,15.19,19.15,93,80,22.58,11.25
T::score_trigger_le_0.9737+utc_hour_ge_4.0+conf_void_score_ge_1.0,triple,136,4.69,9,8,6.62,7.32,5.88,64,72,9.38,4.17,58,78,8.62,5.13
T::score_trigger_le_0.9737+utc_hour_ge_4.0+conf_void_score_le_1.0,triple,136,4.69,9,8,6.62,7.32,5.88,64,72,9.38,4.17,58,78,8.62,5.13
T::score_trigger_le_0.9737+utc_hour_le_4.0+conf_void_score_ge_1.0,triple,68,2.345,14,7,20.59,11.38,10.29,38,30,23.68,16.67,32,36,25.0,16.67
T::score_trigger_le_0.9737+utc_hour_le_4.0+conf_void_score_le_1.0,triple,68,2.345,14,7,20.59,11.38,10.29,38,30,23.68,16.67,32,36,25.0,16.67
T::score_trigger_ge_0.9737+is_asia_session_TRUE+cand_prior_move_pct_ge_0.0,triple,219,7.552,32,26,14.61,26.02,11.87,99,120,13.13,15.83,109,110,21.1,8.18
T::score_trigger_ge_0.9737+is_asia_session_TRUE+cand_prior_move_pct_le_0.0,triple,180,6.207,29,22,16.11,23.58,12.22,82,98,13.41,18.37,92,88,22.83,9.09
T::score_trigger_ge_0.9737+is_asia_session_FALSE+cand_prior_move_pct_ge_0.0,triple,219,7.552,18,22,8.22,14.63,10.05,104,115,14.42,2.61,117,102,10.26,5.88
T::score_trigger_ge_0.9737+is_asia_session_FALSE+cand_prior_move_pct_le_0.0,triple,194,6.69,14,20,7.22,11.38,10.31,90,104,13.33,1.92,104,90,9.62,4.44
T::score_trigger_le_0.9737+is_asia_session_TRUE+cand_prior_move_pct_ge_0.0,triple,81,2.793,17,8,20.99,13.82,9.88,43,38,25.58,15.79,38,43,26.32,16.28
T::score_trigger_le_0.9737+is_asia_session_TRUE+cand_prior_move_pct_le_0.0,triple,72,2.483,14,8,19.44,11.38,11.11,38,34,23.68,14.71,35,37,28.57,10.81
T::score_trigger_le_0.9737+is_asia_session_FALSE+cand_prior_move_pct_ge_0.0,triple,107,3.69,4,5,3.74,3.25,4.67,50,57,6.0,1.75,44,63,4.55,3.17
T::score_trigger_le_0.9737+is_asia_session_FALSE+cand_prior_move_pct_le_0.0,triple,89,3.069,3,4,3.37,2.44,4.49,44,45,4.55,2.22,34,55,2.94,3.64
T::score_trigger_ge_0.9737+is_asia_session_TRUE+conf_void_score_ge_1.0,triple,219,7.552,32,26,14.61,26.02,11.87,99,120,13.13,15.83,109,110,21.1,8.18
T::score_trigger_ge_0.9737+is_asia_session_TRUE+conf_void_score_le_1.0,triple,219,7.552,32,26,14.61,26.02,11.87,99,120,13.13,15.83,109,110,21.1,8.18
T::score_trigger_ge_0.9737+is_asia_session_FALSE+conf_void_score_ge_1.0,triple,219,7.552,18,22,8.22,14.63,10.05,104,115,14.42,2.61,117,102,10.26,5.88
T::score_trigger_ge_0.9737+is_asia_session_FALSE+conf_void_score_le_1.0,triple,219,7.552,18,22,8.22,14.63,10.05,104,115,14.42,2.61,117,102,10.26,5.88
T::score_trigger_le_0.9737+is_asia_session_TRUE+conf_void_score_ge_1.0,triple,81,2.793,17,8,20.99,13.82,9.88,43,38,25.58,15.79,38,43,26.32,16.28
T::score_trigger_le_0.9737+is_asia_session_TRUE+conf_void_score_le_1.0,triple,81,2.793,17,8,20.99,13.82,9.88,43,38,25.58,15.79,38,43,26.32,16.28
T::score_trigger_le_0.9737+is_asia_session_FALSE+conf_void_score_ge_1.0,triple,107,3.69,4,5,3.74,3.25,4.67,50,57,6.0,1.75,44,63,4.55,3.17
T::score_trigger_le_0.9737+is_asia_session_FALSE+conf_void_score_le_1.0,triple,107,3.69,4,5,3.74,3.25,4.67,50,57,6.0,1.75,44,63,4.55,3.17
T::score_trigger_ge_0.9737+cand_prior_move_pct_ge_0.0+conf_void_score_ge_1.0,triple,438,15.103,50,48,11.42,40.65,10.96,203,235,13.79,9.36,226,212,15.49,7.08
T::score_trigger_ge_0.9737+cand_prior_move_pct_ge_0.0+conf_void_score_le_1.0,triple,438,15.103,50,48,11.42,40.65,10.96,203,235,13.79,9.36,226,212,15.49,7.08
T::score_trigger_ge_0.9737+cand_prior_move_pct_le_0.0+conf_void_score_ge_1.0,triple,374,12.897,43,42,11.5,34.96,11.23,172,202,13.37,9.9,196,178,15.82,6.74
T::score_trigger_ge_0.9737+cand_prior_move_pct_le_0.0+conf_void_score_le_1.0,triple,374,12.897,43,42,11.5,34.96,11.23,172,202,13.37,9.9,196,178,15.82,6.74
T::score_trigger_le_0.9737+cand_prior_move_pct_ge_0.0+conf_void_score_ge_1.0,triple,188,6.483,21,13,11.17,17.07,6.91,93,95,15.05,7.37,82,106,14.63,8.49
T::score_trigger_le_0.9737+cand_prior_move_pct_ge_0.0+conf_void_score_le_1.0,triple,188,6.483,21,13,11.17,17.07,6.91,93,95,15.05,7.37,82,106,14.63,8.49
T::score_trigger_le_0.9737+cand_prior_move_pct_le_0.0+conf_void_score_ge_1.0,triple,161,5.552,17,12,10.56,13.82,7.45,82,79,13.41,7.59,69,92,15.94,6.52
T::score_trigger_le_0.9737+cand_prior_move_pct_le_0.0+conf_void_score_le_1.0,triple,161,5.552,17,12,10.56,13.82,7.45,82,79,13.41,7.59,69,92,15.94,6.52
T::pct_correct_move_already_done_ge_0.0+is_during_correct_move_TRUE+conf_cycles_seen_ge_20.0,triple,165,5.69,2,18,1.21,1.63,10.91,101,64,1.98,0.0,78,87,0.0,2.3
T::pct_correct_move_already_done_ge_0.0+is_during_correct_move_TRUE+conf_cycles_seen_le_20.0,triple,76,2.621,0,4,0.0,0.0,5.26,45,31,0.0,0.0,30,46,0.0,0.0
T::pct_correct_move_already_done_ge_0.0+is_during_correct_move_FALSE+conf_cycles_seen_ge_20.0,triple,567,19.552,87,69,15.34,70.73,12.17,254,313,17.72,13.42,286,281,16.08,14.59
T::pct_correct_move_already_done_ge_0.0+is_during_correct_move_FALSE+conf_cycles_seen_le_20.0,triple,256,8.828,35,51,13.67,28.46,19.92,116,140,18.1,10.0,123,133,14.63,12.78
T::pct_correct_move_already_done_le_0.0+is_during_correct_move_FALSE+conf_cycles_seen_ge_20.0,triple,567,19.552,87,69,15.34,70.73,12.17,254,313,17.72,13.42,286,281,16.08,14.59
T::pct_correct_move_already_done_le_0.0+is_during_correct_move_FALSE+conf_cycles_seen_le_20.0,triple,256,8.828,35,51,13.67,28.46,19.92,116,140,18.1,10.0,123,133,14.63,12.78
T::pct_correct_move_already_done_ge_0.0+is_during_correct_move_TRUE+utc_hour_ge_4.0,triple,193,6.655,2,17,1.04,1.63,8.81,111,82,1.8,0.0,90,103,0.0,1.94
T::pct_correct_move_already_done_ge_0.0+is_during_correct_move_TRUE+utc_hour_le_4.0,triple,52,1.793,0,4,0.0,0.0,7.69,35,17,0.0,0.0,21,31,0.0,0.0
T::pct_correct_move_already_done_ge_0.0+is_during_correct_move_FALSE+utc_hour_ge_4.0,triple,538,18.552,58,72,10.78,47.15,13.38,243,295,15.23,7.12,264,274,12.12,9.49
T::pct_correct_move_already_done_ge_0.0+is_during_correct_move_FALSE+utc_hour_le_4.0,triple,306,10.552,69,55,22.55,56.1,17.97,141,165,20.57,24.24,157,149,21.02,24.16
T::pct_correct_move_already_done_le_0.0+is_during_correct_move_FALSE+utc_hour_ge_4.0,triple,538,18.552,58,72,10.78,47.15,13.38,243,295,15.23,7.12,264,274,12.12,9.49
T::pct_correct_move_already_done_le_0.0+is_during_correct_move_FALSE+utc_hour_le_4.0,triple,306,10.552,69,55,22.55,56.1,17.97,141,165,20.57,24.24,157,149,21.02,24.16
T::pct_correct_move_already_done_ge_0.0+is_during_correct_move_TRUE+is_asia_session_TRUE,triple,86,2.966,0,6,0.0,0.0,6.98,54,32,0.0,0.0,30,56,0.0,0.0
T::pct_correct_move_already_done_ge_0.0+is_during_correct_move_TRUE+is_asia_session_FALSE,triple,149,5.138,2,15,1.34,1.63,10.07,87,62,2.3,0.0,75,74,0.0,2.7
T::pct_correct_move_already_done_ge_0.0+is_during_correct_move_FALSE+is_asia_session_TRUE,triple,357,12.31,81,64,22.69,65.85,17.93,164,193,20.73,24.35,181,176,22.65,22.73
T::pct_correct_move_already_done_ge_0.0+is_during_correct_move_FALSE+is_asia_session_FALSE,triple,451,15.552,40,54,8.87,32.52,11.97,201,250,15.42,3.6,222,229,9.91,7.86
T::pct_correct_move_already_done_le_0.0+is_during_correct_move_FALSE+is_asia_session_TRUE,triple,357,12.31,81,64,22.69,65.85,17.93,164,193,20.73,24.35,181,176,22.65,22.73
T::pct_correct_move_already_done_le_0.0+is_during_correct_move_FALSE+is_asia_session_FALSE,triple,451,15.552,40,54,8.87,32.52,11.97,201,250,15.42,3.6,222,229,9.91,7.86
T::pct_correct_move_already_done_ge_0.0+is_during_correct_move_TRUE+cand_prior_move_pct_ge_0.0,triple,235,8.103,2,21,0.85,1.63,8.94,141,94,1.42,0.0,105,130,0.0,1.54
T::pct_correct_move_already_done_ge_0.0+is_during_correct_move_TRUE+cand_prior_move_pct_le_0.0,triple,217,7.483,2,21,0.92,1.63,9.68,131,86,1.53,0.0,97,120,0.0,1.67
T::pct_correct_move_already_done_ge_0.0+is_during_correct_move_FALSE+cand_prior_move_pct_ge_0.0,triple,808,27.862,121,118,14.98,98.37,14.6,365,443,17.81,12.64,403,405,15.63,14.32
T::pct_correct_move_already_done_ge_0.0+is_during_correct_move_FALSE+cand_prior_move_pct_le_0.0,triple,688,23.724,103,106,14.97,83.74,15.41,317,371,17.03,13.21,347,341,16.14,13.78
T::pct_correct_move_already_done_le_0.0+is_during_correct_move_FALSE+cand_prior_move_pct_ge_0.0,triple,808,27.862,121,118,14.98,98.37,14.6,365,443,17.81,12.64,403,405,15.63,14.32
T::pct_correct_move_already_done_le_0.0+is_during_correct_move_FALSE+cand_prior_move_pct_le_0.0,triple,688,23.724,103,106,14.97,83.74,15.41,317,371,17.03,13.21,347,341,16.14,13.78
T::pct_correct_move_already_done_ge_0.0+is_during_correct_move_TRUE+conf_void_score_ge_1.0,triple,235,8.103,2,21,0.85,1.63,8.94,141,94,1.42,0.0,105,130,0.0,1.54
T::pct_correct_move_already_done_ge_0.0+is_during_correct_move_TRUE+conf_void_score_le_1.0,triple,235,8.103,2,21,0.85,1.63,8.94,141,94,1.42,0.0,105,130,0.0,1.54
T::pct_correct_move_already_done_ge_0.0+is_during_correct_move_FALSE+conf_void_score_ge_1.0,triple,808,27.862,121,118,14.98,98.37,14.6,365,443,17.81,12.64,403,405,15.63,14.32
T::pct_correct_move_already_done_ge_0.0+is_during_correct_move_FALSE+conf_void_score_le_1.0,triple,808,27.862,121,118,14.98,98.37,14.6,365,443,17.81,12.64,403,405,15.63,14.32
T::pct_correct_move_already_done_le_0.0+is_during_correct_move_FALSE+conf_void_score_ge_1.0,triple,808,27.862,121,118,14.98,98.37,14.6,365,443,17.81,12.64,403,405,15.63,14.32
T::pct_correct_move_already_done_le_0.0+is_during_correct_move_FALSE+conf_void_score_le_1.0,triple,808,27.862,121,118,14.98,98.37,14.6,365,443,17.81,12.64,403,405,15.63,14.32
T::pct_correct_move_already_done_ge_0.0+conf_cycles_seen_ge_20.0+utc_hour_ge_4.0,triple,505,17.414,45,60,8.91,36.59,11.88,245,260,11.84,6.15,249,256,9.24,8.59
T::pct_correct_move_already_done_ge_0.0+conf_cycles_seen_ge_20.0+utc_hour_le_4.0,triple,256,8.828,47,32,18.36,38.21,12.5,125,131,14.4,22.14,129,127,18.6,18.11
T::pct_correct_move_already_done_ge_0.0+conf_cycles_seen_le_20.0+utc_hour_ge_4.0,triple,238,8.207,15,29,6.3,12.2,12.18,114,124,8.77,4.03,109,129,8.26,4.65
T::pct_correct_move_already_done_ge_0.0+conf_cycles_seen_le_20.0+utc_hour_le_4.0,triple,111,3.828,23,30,20.72,18.7,27.03,56,55,21.43,20.0,54,57,18.52,22.81
T::pct_correct_move_already_done_le_0.0+conf_cycles_seen_ge_20.0+utc_hour_ge_4.0,triple,373,12.862,43,46,11.53,34.96,12.33,166,207,16.27,7.73,184,189,12.5,10.58
T::pct_correct_move_already_done_le_0.0+conf_cycles_seen_ge_20.0+utc_hour_le_4.0,triple,215,7.414,47,28,21.86,38.21,13.02,98,117,18.37,24.79,110,105,21.82,21.9
T::pct_correct_move_already_done_le_0.0+conf_cycles_seen_le_20.0+utc_hour_ge_4.0,triple,173,5.966,15,26,8.67,12.2,15.03,79,94,12.66,5.32,83,90,10.84,6.67
T::pct_correct_move_already_done_le_0.0+conf_cycles_seen_le_20.0+utc_hour_le_4.0,triple,98,3.379,23,29,23.47,18.7,29.59,46,52,26.09,21.15,50,48,20.0,27.08
T::pct_correct_move_already_done_ge_0.0+conf_cycles_seen_ge_20.0+is_asia_session_TRUE,triple,315,10.862,56,41,17.78,45.53,13.02,155,160,13.55,21.88,151,164,19.21,16.46
T::pct_correct_move_already_done_ge_0.0+conf_cycles_seen_ge_20.0+is_asia_session_FALSE,triple,417,14.379,33,46,7.91,26.83,11.03,200,217,13.0,3.23,213,204,7.98,7.84
T::pct_correct_move_already_done_ge_0.0+conf_cycles_seen_le_20.0+is_asia_session_TRUE,triple,140,4.828,26,32,18.57,21.14,22.86,70,70,20.0,17.14,66,74,19.7,17.57
T::pct_correct_move_already_done_ge_0.0+conf_cycles_seen_le_20.0+is_asia_session_FALSE,triple,192,6.621,9,23,4.69,7.32,11.98,91,101,7.69,1.98,87,105,5.75,3.81
T::pct_correct_move_already_done_le_0.0+conf_cycles_seen_ge_20.0+is_asia_session_TRUE,triple,249,8.586,56,35,22.49,45.53,14.06,114,135,18.42,25.93,126,123,23.02,21.95
T::pct_correct_move_already_done_le_0.0+conf_cycles_seen_ge_20.0+is_asia_session_FALSE,triple,318,10.966,31,34,9.75,25.2,10.69,140,178,17.14,3.93,160,158,10.62,8.86
T::pct_correct_move_already_done_le_0.0+conf_cycles_seen_le_20.0+is_asia_session_TRUE,triple,117,4.034,26,31,22.22,21.14,26.5,54,63,25.93,19.05,59,58,22.03,22.41
T::pct_correct_move_already_done_le_0.0+conf_cycles_seen_le_20.0+is_asia_session_FALSE,triple,139,4.793,9,20,6.47,7.32,14.39,62,77,11.29,2.6,64,75,7.81,5.33
T::pct_correct_move_already_done_ge_0.0+conf_cycles_seen_ge_20.0+cand_prior_move_pct_ge_0.0,triple,732,25.241,89,87,12.16,72.36,11.89,355,377,13.24,11.14,364,368,12.64,11.68
T::pct_correct_move_already_done_ge_0.0+conf_cycles_seen_ge_20.0+cand_prior_move_pct_le_0.0,triple,631,21.759,75,80,11.89,60.98,12.68,313,318,11.82,11.95,317,314,12.62,11.15
T::pct_correct_move_already_done_ge_0.0+conf_cycles_seen_le_20.0+cand_prior_move_pct_ge_0.0,triple,332,11.448,35,55,10.54,28.46,16.57,161,171,13.04,8.19,153,179,11.76,9.5
T::pct_correct_move_already_done_ge_0.0+conf_cycles_seen_le_20.0+cand_prior_move_pct_le_0.0,triple,293,10.103,31,50,10.58,25.2,17.06,145,148,13.79,7.43,135,158,12.59,8.86
T::pct_correct_move_already_done_le_0.0+conf_cycles_seen_ge_20.0+cand_prior_move_pct_ge_0.0,triple,567,19.552,87,69,15.34,70.73,12.17,254,313,17.72,13.42,286,281,16.08,14.59
T::pct_correct_move_already_done_le_0.0+conf_cycles_seen_ge_20.0+cand_prior_move_pct_le_0.0,triple,476,16.414,73,62,15.34,59.35,13.03,217,259,16.13,14.67,243,233,16.46,14.16
T::pct_correct_move_already_done_le_0.0+conf_cycles_seen_le_20.0+cand_prior_move_pct_ge_0.0,triple,256,8.828,35,51,13.67,28.46,19.92,116,140,18.1,10.0,123,133,14.63,12.78
T::pct_correct_move_already_done_le_0.0+conf_cycles_seen_le_20.0+cand_prior_move_pct_le_0.0,triple,225,7.759,31,46,13.78,25.2,20.44,105,120,19.05,9.17,109,116,15.6,12.07
T::pct_correct_move_already_done_ge_0.0+conf_cycles_seen_ge_20.0+conf_void_score_ge_1.0,triple,732,25.241,89,87,12.16,72.36,11.89,355,377,13.24,11.14,364,368,12.64,11.68
T::pct_correct_move_already_done_ge_0.0+conf_cycles_seen_ge_20.0+conf_void_score_le_1.0,triple,732,25.241,89,87,12.16,72.36,11.89,355,377,13.24,11.14,364,368,12.64,11.68
T::pct_correct_move_already_done_ge_0.0+conf_cycles_seen_le_20.0+conf_void_score_ge_1.0,triple,332,11.448,35,55,10.54,28.46,16.57,161,171,13.04,8.19,153,179,11.76,9.5
T::pct_correct_move_already_done_ge_0.0+conf_cycles_seen_le_20.0+conf_void_score_le_1.0,triple,332,11.448,35,55,10.54,28.46,16.57,161,171,13.04,8.19,153,179,11.76,9.5
T::pct_correct_move_already_done_le_0.0+conf_cycles_seen_ge_20.0+conf_void_score_ge_1.0,triple,567,19.552,87,69,15.34,70.73,12.17,254,313,17.72,13.42,286,281,16.08,14.59
T::pct_correct_move_already_done_le_0.0+conf_cycles_seen_ge_20.0+conf_void_score_le_1.0,triple,567,19.552,87,69,15.34,70.73,12.17,254,313,17.72,13.42,286,281,16.08,14.59
T::pct_correct_move_already_done_le_0.0+conf_cycles_seen_le_20.0+conf_void_score_ge_1.0,triple,256,8.828,35,51,13.67,28.46,19.92,116,140,18.1,10.0,123,133,14.63,12.78
T::pct_correct_move_already_done_le_0.0+conf_cycles_seen_le_20.0+conf_void_score_le_1.0,triple,256,8.828,35,51,13.67,28.46,19.92,116,140,18.1,10.0,123,133,14.63,12.78
T::pct_correct_move_already_done_ge_0.0+utc_hour_ge_4.0+is_asia_session_TRUE,triple,131,4.517,18,20,13.74,14.63,15.27,66,65,9.09,18.46,57,74,17.54,10.81
T::pct_correct_move_already_done_ge_0.0+utc_hour_ge_4.0+is_asia_session_FALSE,triple,600,20.69,42,69,7.0,34.15,11.5,288,312,11.46,2.88,297,303,7.41,6.6
T::pct_correct_move_already_done_ge_0.0+utc_hour_le_4.0+is_asia_session_TRUE,triple,358,12.345,69,59,19.27,56.1,16.48,176,182,16.48,21.98,178,180,18.54,20.0
T::pct_correct_move_already_done_le_0.0+utc_hour_ge_4.0+is_asia_session_TRUE,triple,87,3.0,18,18,20.69,14.63,20.69,42,45,14.29,26.67,42,45,23.81,17.78
T::pct_correct_move_already_done_le_0.0+utc_hour_ge_4.0+is_asia_session_FALSE,triple,451,15.552,40,54,8.87,32.52,11.97,201,250,15.42,3.6,222,229,9.91,7.86
T::pct_correct_move_already_done_le_0.0+utc_hour_le_4.0+is_asia_session_TRUE,triple,306,10.552,69,55,22.55,56.1,17.97,141,165,20.57,24.24,157,149,21.02,24.16
T::pct_correct_move_already_done_ge_0.0+utc_hour_ge_4.0+cand_prior_move_pct_ge_0.0,triple,731,25.207,60,89,8.21,48.78,12.18,354,377,11.02,5.57,354,377,9.04,7.43
T::pct_correct_move_already_done_ge_0.0+utc_hour_ge_4.0+cand_prior_move_pct_le_0.0,triple,643,22.172,51,82,7.93,41.46,12.75,320,323,10.62,5.26,310,333,8.71,7.21
T::pct_correct_move_already_done_ge_0.0+utc_hour_le_4.0+cand_prior_move_pct_ge_0.0,triple,358,12.345,69,59,19.27,56.1,16.48,176,182,16.48,21.98,178,180,18.54,20.0
T::pct_correct_move_already_done_ge_0.0+utc_hour_le_4.0+cand_prior_move_pct_le_0.0,triple,303,10.448,60,53,19.8,48.78,17.49,148,155,15.54,23.87,155,148,20.0,19.59
T::pct_correct_move_already_done_le_0.0+utc_hour_ge_4.0+cand_prior_move_pct_ge_0.0,triple,538,18.552,58,72,10.78,47.15,13.38,243,295,15.23,7.12,264,274,12.12,9.49
T::pct_correct_move_already_done_le_0.0+utc_hour_ge_4.0+cand_prior_move_pct_le_0.0,triple,466,16.069,49,65,10.52,39.84,13.95,217,249,14.75,6.83,228,238,11.84,9.24
T::pct_correct_move_already_done_le_0.0+utc_hour_le_4.0+cand_prior_move_pct_ge_0.0,triple,306,10.552,69,55,22.55,56.1,17.97,141,165,20.57,24.24,157,149,21.02,24.16
T::pct_correct_move_already_done_le_0.0+utc_hour_le_4.0+cand_prior_move_pct_le_0.0,triple,253,8.724,60,49,23.72,48.78,19.37,115,138,20.0,26.81,134,119,23.13,24.37
T::pct_correct_move_already_done_ge_0.0+utc_hour_ge_4.0+conf_void_score_ge_1.0,triple,731,25.207,60,89,8.21,48.78,12.18,354,377,11.02,5.57,354,377,9.04,7.43
T::pct_correct_move_already_done_ge_0.0+utc_hour_ge_4.0+conf_void_score_le_1.0,triple,731,25.207,60,89,8.21,48.78,12.18,354,377,11.02,5.57,354,377,9.04,7.43
T::pct_correct_move_already_done_ge_0.0+utc_hour_le_4.0+conf_void_score_ge_1.0,triple,358,12.345,69,59,19.27,56.1,16.48,176,182,16.48,21.98,178,180,18.54,20.0
T::pct_correct_move_already_done_ge_0.0+utc_hour_le_4.0+conf_void_score_le_1.0,triple,358,12.345,69,59,19.27,56.1,16.48,176,182,16.48,21.98,178,180,18.54,20.0
T::pct_correct_move_already_done_le_0.0+utc_hour_ge_4.0+conf_void_score_ge_1.0,triple,538,18.552,58,72,10.78,47.15,13.38,243,295,15.23,7.12,264,274,12.12,9.49
T::pct_correct_move_already_done_le_0.0+utc_hour_ge_4.0+conf_void_score_le_1.0,triple,538,18.552,58,72,10.78,47.15,13.38,243,295,15.23,7.12,264,274,12.12,9.49
T::pct_correct_move_already_done_le_0.0+utc_hour_le_4.0+conf_void_score_ge_1.0,triple,306,10.552,69,55,22.55,56.1,17.97,141,165,20.57,24.24,157,149,21.02,24.16
T::pct_correct_move_already_done_le_0.0+utc_hour_le_4.0+conf_void_score_le_1.0,triple,306,10.552,69,55,22.55,56.1,17.97,141,165,20.57,24.24,157,149,21.02,24.16
T::pct_correct_move_already_done_ge_0.0+is_asia_session_TRUE+cand_prior_move_pct_ge_0.0,triple,443,15.276,81,70,18.28,65.85,15.8,218,225,15.6,20.89,211,232,19.43,17.24
T::pct_correct_move_already_done_ge_0.0+is_asia_session_TRUE+cand_prior_move_pct_le_0.0,triple,377,13.0,71,64,18.83,57.72,16.98,187,190,14.97,22.63,184,193,21.2,16.58
T::pct_correct_move_already_done_ge_0.0+is_asia_session_FALSE+cand_prior_move_pct_ge_0.0,triple,600,20.69,42,69,7.0,34.15,11.5,288,312,11.46,2.88,297,303,7.41,6.6
T::pct_correct_move_already_done_ge_0.0+is_asia_session_FALSE+cand_prior_move_pct_le_0.0,triple,528,18.207,34,63,6.44,27.64,11.93,261,267,10.73,2.25,260,268,6.54,6.34
T::pct_correct_move_already_done_le_0.0+is_asia_session_TRUE+cand_prior_move_pct_ge_0.0,triple,357,12.31,81,64,22.69,65.85,17.93,164,193,20.73,24.35,181,176,22.65,22.73
T::pct_correct_move_already_done_le_0.0+is_asia_session_TRUE+cand_prior_move_pct_le_0.0,triple,296,10.207,71,58,23.99,57.72,19.59,137,159,20.44,27.04,155,141,25.16,22.7
T::pct_correct_move_already_done_le_0.0+is_asia_session_FALSE+cand_prior_move_pct_ge_0.0,triple,451,15.552,40,54,8.87,32.52,11.97,201,250,15.42,3.6,222,229,9.91,7.86
T::pct_correct_move_already_done_le_0.0+is_asia_session_FALSE+cand_prior_move_pct_le_0.0,triple,392,13.517,32,48,8.16,26.02,12.24,180,212,14.44,2.83,192,200,8.85,7.5
T::pct_correct_move_already_done_ge_0.0+is_asia_session_TRUE+conf_void_score_ge_1.0,triple,443,15.276,81,70,18.28,65.85,15.8,218,225,15.6,20.89,211,232,19.43,17.24
T::pct_correct_move_already_done_ge_0.0+is_asia_session_TRUE+conf_void_score_le_1.0,triple,443,15.276,81,70,18.28,65.85,15.8,218,225,15.6,20.89,211,232,19.43,17.24
T::pct_correct_move_already_done_ge_0.0+is_asia_session_FALSE+conf_void_score_ge_1.0,triple,600,20.69,42,69,7.0,34.15,11.5,288,312,11.46,2.88,297,303,7.41,6.6
T::pct_correct_move_already_done_ge_0.0+is_asia_session_FALSE+conf_void_score_le_1.0,triple,600,20.69,42,69,7.0,34.15,11.5,288,312,11.46,2.88,297,303,7.41,6.6
T::pct_correct_move_already_done_le_0.0+is_asia_session_TRUE+conf_void_score_ge_1.0,triple,357,12.31,81,64,22.69,65.85,17.93,164,193,20.73,24.35,181,176,22.65,22.73
T::pct_correct_move_already_done_le_0.0+is_asia_session_TRUE+conf_void_score_le_1.0,triple,357,12.31,81,64,22.69,65.85,17.93,164,193,20.73,24.35,181,176,22.65,22.73
T::pct_correct_move_already_done_le_0.0+is_asia_session_FALSE+conf_void_score_ge_1.0,triple,451,15.552,40,54,8.87,32.52,11.97,201,250,15.42,3.6,222,229,9.91,7.86
T::pct_correct_move_already_done_le_0.0+is_asia_session_FALSE+conf_void_score_le_1.0,triple,451,15.552,40,54,8.87,32.52,11.97,201,250,15.42,3.6,222,229,9.91,7.86
T::pct_correct_move_already_done_ge_0.0+cand_prior_move_pct_ge_0.0+conf_void_score_ge_1.0,triple,1043,35.966,123,139,11.79,100.0,13.33,506,537,13.24,10.43,508,535,12.4,11.21
T::pct_correct_move_already_done_ge_0.0+cand_prior_move_pct_ge_0.0+conf_void_score_le_1.0,triple,1043,35.966,123,139,11.79,100.0,13.33,506,537,13.24,10.43,508,535,12.4,11.21
T::pct_correct_move_already_done_ge_0.0+cand_prior_move_pct_le_0.0+conf_void_score_ge_1.0,triple,905,31.207,105,127,11.6,85.37,14.03,448,457,12.5,10.72,444,461,12.61,10.63
T::pct_correct_move_already_done_ge_0.0+cand_prior_move_pct_le_0.0+conf_void_score_le_1.0,triple,905,31.207,105,127,11.6,85.37,14.03,448,457,12.5,10.72,444,461,12.61,10.63
T::pct_correct_move_already_done_le_0.0+cand_prior_move_pct_ge_0.0+conf_void_score_ge_1.0,triple,808,27.862,121,118,14.98,98.37,14.6,365,443,17.81,12.64,403,405,15.63,14.32
T::pct_correct_move_already_done_le_0.0+cand_prior_move_pct_ge_0.0+conf_void_score_le_1.0,triple,808,27.862,121,118,14.98,98.37,14.6,365,443,17.81,12.64,403,405,15.63,14.32
T::pct_correct_move_already_done_le_0.0+cand_prior_move_pct_le_0.0+conf_void_score_ge_1.0,triple,688,23.724,103,106,14.97,83.74,15.41,317,371,17.03,13.21,347,341,16.14,13.78
T::pct_correct_move_already_done_le_0.0+cand_prior_move_pct_le_0.0+conf_void_score_le_1.0,triple,688,23.724,103,106,14.97,83.74,15.41,317,371,17.03,13.21,347,341,16.14,13.78
T::is_during_correct_move_TRUE+conf_cycles_seen_ge_20.0+utc_hour_ge_4.0,triple,132,4.552,2,14,1.52,1.63,10.61,79,53,2.53,0.0,65,67,0.0,2.99
T::is_during_correct_move_TRUE+conf_cycles_seen_ge_20.0+utc_hour_le_4.0,triple,41,1.414,0,4,0.0,0.0,9.76,27,14,0.0,0.0,19,22,0.0,0.0
T::is_during_correct_move_TRUE+conf_cycles_seen_le_20.0+utc_hour_ge_4.0,triple,65,2.241,0,3,0.0,0.0,4.62,35,30,0.0,0.0,26,39,0.0,0.0
T::is_during_correct_move_TRUE+conf_cycles_seen_le_20.0+utc_hour_le_4.0,triple,13,0.448,0,1,0.0,0.0,7.69,10,3,0.0,0.0,4,9,0.0,0.0
T::is_during_correct_move_FALSE+conf_cycles_seen_ge_20.0+utc_hour_ge_4.0,triple,373,12.862,43,46,11.53,34.96,12.33,166,207,16.27,7.73,184,189,12.5,10.58
T::is_during_correct_move_FALSE+conf_cycles_seen_ge_20.0+utc_hour_le_4.0,triple,215,7.414,47,28,21.86,38.21,13.02,98,117,18.37,24.79,110,105,21.82,21.9
T::is_during_correct_move_FALSE+conf_cycles_seen_le_20.0+utc_hour_ge_4.0,triple,173,5.966,15,26,8.67,12.2,15.03,79,94,12.66,5.32,83,90,10.84,6.67
T::is_during_correct_move_FALSE+conf_cycles_seen_le_20.0+utc_hour_le_4.0,triple,98,3.379,23,29,23.47,18.7,29.59,46,52,26.09,21.15,50,48,20.0,27.08
T::is_during_correct_move_TRUE+conf_cycles_seen_ge_20.0+is_asia_session_TRUE,triple,66,2.276,0,6,0.0,0.0,9.09,41,25,0.0,0.0,25,41,0.0,0.0
T::is_during_correct_move_TRUE+conf_cycles_seen_ge_20.0+is_asia_session_FALSE,triple,99,3.414,2,12,2.02,1.63,12.12,60,39,3.33,0.0,53,46,0.0,4.35
T::is_during_correct_move_TRUE+conf_cycles_seen_le_20.0+is_asia_session_TRUE,triple,23,0.793,0,1,0.0,0.0,4.35,16,7,0.0,0.0,7,16,0.0,0.0
T::is_during_correct_move_TRUE+conf_cycles_seen_le_20.0+is_asia_session_FALSE,triple,53,1.828,0,3,0.0,0.0,5.66,29,24,0.0,0.0,23,30,0.0,0.0
T::is_during_correct_move_FALSE+conf_cycles_seen_ge_20.0+is_asia_session_TRUE,triple,249,8.586,56,35,22.49,45.53,14.06,114,135,18.42,25.93,126,123,23.02,21.95
T::is_during_correct_move_FALSE+conf_cycles_seen_ge_20.0+is_asia_session_FALSE,triple,318,10.966,31,34,9.75,25.2,10.69,140,178,17.14,3.93,160,158,10.62,8.86
T::is_during_correct_move_FALSE+conf_cycles_seen_le_20.0+is_asia_session_TRUE,triple,117,4.034,26,31,22.22,21.14,26.5,54,63,25.93,19.05,59,58,22.03,22.41
T::is_during_correct_move_FALSE+conf_cycles_seen_le_20.0+is_asia_session_FALSE,triple,139,4.793,9,20,6.47,7.32,14.39,62,77,11.29,2.6,64,75,7.81,5.33
T::is_during_correct_move_TRUE+conf_cycles_seen_ge_20.0+cand_prior_move_pct_ge_0.0,triple,165,5.69,2,18,1.21,1.63,10.91,101,64,1.98,0.0,78,87,0.0,2.3
T::is_during_correct_move_TRUE+conf_cycles_seen_ge_20.0+cand_prior_move_pct_le_0.0,triple,155,5.345,2,18,1.29,1.63,11.61,96,59,2.08,0.0,74,81,0.0,2.47
T::is_during_correct_move_TRUE+conf_cycles_seen_le_20.0+cand_prior_move_pct_ge_0.0,triple,76,2.621,0,4,0.0,0.0,5.26,45,31,0.0,0.0,30,46,0.0,0.0
T::is_during_correct_move_TRUE+conf_cycles_seen_le_20.0+cand_prior_move_pct_le_0.0,triple,68,2.345,0,4,0.0,0.0,5.88,40,28,0.0,0.0,26,42,0.0,0.0
T::is_during_correct_move_FALSE+conf_cycles_seen_ge_20.0+cand_prior_move_pct_ge_0.0,triple,567,19.552,87,69,15.34,70.73,12.17,254,313,17.72,13.42,286,281,16.08,14.59
T::is_during_correct_move_FALSE+conf_cycles_seen_ge_20.0+cand_prior_move_pct_le_0.0,triple,476,16.414,73,62,15.34,59.35,13.03,217,259,16.13,14.67,243,233,16.46,14.16
T::is_during_correct_move_FALSE+conf_cycles_seen_le_20.0+cand_prior_move_pct_ge_0.0,triple,256,8.828,35,51,13.67,28.46,19.92,116,140,18.1,10.0,123,133,14.63,12.78
T::is_during_correct_move_FALSE+conf_cycles_seen_le_20.0+cand_prior_move_pct_le_0.0,triple,225,7.759,31,46,13.78,25.2,20.44,105,120,19.05,9.17,109,116,15.6,12.07
T::is_during_correct_move_TRUE+conf_cycles_seen_ge_20.0+conf_void_score_ge_1.0,triple,165,5.69,2,18,1.21,1.63,10.91,101,64,1.98,0.0,78,87,0.0,2.3
T::is_during_correct_move_TRUE+conf_cycles_seen_ge_20.0+conf_void_score_le_1.0,triple,165,5.69,2,18,1.21,1.63,10.91,101,64,1.98,0.0,78,87,0.0,2.3
T::is_during_correct_move_TRUE+conf_cycles_seen_le_20.0+conf_void_score_ge_1.0,triple,76,2.621,0,4,0.0,0.0,5.26,45,31,0.0,0.0,30,46,0.0,0.0
T::is_during_correct_move_TRUE+conf_cycles_seen_le_20.0+conf_void_score_le_1.0,triple,76,2.621,0,4,0.0,0.0,5.26,45,31,0.0,0.0,30,46,0.0,0.0
T::is_during_correct_move_FALSE+conf_cycles_seen_ge_20.0+conf_void_score_ge_1.0,triple,567,19.552,87,69,15.34,70.73,12.17,254,313,17.72,13.42,286,281,16.08,14.59
T::is_during_correct_move_FALSE+conf_cycles_seen_ge_20.0+conf_void_score_le_1.0,triple,567,19.552,87,69,15.34,70.73,12.17,254,313,17.72,13.42,286,281,16.08,14.59
T::is_during_correct_move_FALSE+conf_cycles_seen_le_20.0+conf_void_score_ge_1.0,triple,256,8.828,35,51,13.67,28.46,19.92,116,140,18.1,10.0,123,133,14.63,12.78
T::is_during_correct_move_FALSE+conf_cycles_seen_le_20.0+conf_void_score_le_1.0,triple,256,8.828,35,51,13.67,28.46,19.92,116,140,18.1,10.0,123,133,14.63,12.78
T::is_during_correct_move_TRUE+utc_hour_ge_4.0+is_asia_session_TRUE,triple,44,1.517,0,2,0.0,0.0,4.55,24,20,0.0,0.0,15,29,0.0,0.0
T::is_during_correct_move_TRUE+utc_hour_ge_4.0+is_asia_session_FALSE,triple,149,5.138,2,15,1.34,1.63,10.07,87,62,2.3,0.0,75,74,0.0,2.7
T::is_during_correct_move_TRUE+utc_hour_le_4.0+is_asia_session_TRUE,triple,52,1.793,0,4,0.0,0.0,7.69,35,17,0.0,0.0,21,31,0.0,0.0
T::is_during_correct_move_FALSE+utc_hour_ge_4.0+is_asia_session_TRUE,triple,87,3.0,18,18,20.69,14.63,20.69,42,45,14.29,26.67,42,45,23.81,17.78
T::is_during_correct_move_FALSE+utc_hour_ge_4.0+is_asia_session_FALSE,triple,451,15.552,40,54,8.87,32.52,11.97,201,250,15.42,3.6,222,229,9.91,7.86
T::is_during_correct_move_FALSE+utc_hour_le_4.0+is_asia_session_TRUE,triple,306,10.552,69,55,22.55,56.1,17.97,141,165,20.57,24.24,157,149,21.02,24.16
T::is_during_correct_move_TRUE+utc_hour_ge_4.0+cand_prior_move_pct_ge_0.0,triple,193,6.655,2,17,1.04,1.63,8.81,111,82,1.8,0.0,90,103,0.0,1.94
T::is_during_correct_move_TRUE+utc_hour_ge_4.0+cand_prior_move_pct_le_0.0,triple,177,6.103,2,17,1.13,1.63,9.6,103,74,1.94,0.0,82,95,0.0,2.11
T::is_during_correct_move_TRUE+utc_hour_le_4.0+cand_prior_move_pct_ge_0.0,triple,52,1.793,0,4,0.0,0.0,7.69,35,17,0.0,0.0,21,31,0.0,0.0
T::is_during_correct_move_TRUE+utc_hour_le_4.0+cand_prior_move_pct_le_0.0,triple,50,1.724,0,4,0.0,0.0,8.0,33,17,0.0,0.0,21,29,0.0,0.0
T::is_during_correct_move_FALSE+utc_hour_ge_4.0+cand_prior_move_pct_ge_0.0,triple,538,18.552,58,72,10.78,47.15,13.38,243,295,15.23,7.12,264,274,12.12,9.49
T::is_during_correct_move_FALSE+utc_hour_ge_4.0+cand_prior_move_pct_le_0.0,triple,466,16.069,49,65,10.52,39.84,13.95,217,249,14.75,6.83,228,238,11.84,9.24
T::is_during_correct_move_FALSE+utc_hour_le_4.0+cand_prior_move_pct_ge_0.0,triple,306,10.552,69,55,22.55,56.1,17.97,141,165,20.57,24.24,157,149,21.02,24.16
T::is_during_correct_move_FALSE+utc_hour_le_4.0+cand_prior_move_pct_le_0.0,triple,253,8.724,60,49,23.72,48.78,19.37,115,138,20.0,26.81,134,119,23.13,24.37
T::is_during_correct_move_TRUE+utc_hour_ge_4.0+conf_void_score_ge_1.0,triple,193,6.655,2,17,1.04,1.63,8.81,111,82,1.8,0.0,90,103,0.0,1.94
T::is_during_correct_move_TRUE+utc_hour_ge_4.0+conf_void_score_le_1.0,triple,193,6.655,2,17,1.04,1.63,8.81,111,82,1.8,0.0,90,103,0.0,1.94
T::is_during_correct_move_TRUE+utc_hour_le_4.0+conf_void_score_ge_1.0,triple,52,1.793,0,4,0.0,0.0,7.69,35,17,0.0,0.0,21,31,0.0,0.0
T::is_during_correct_move_TRUE+utc_hour_le_4.0+conf_void_score_le_1.0,triple,52,1.793,0,4,0.0,0.0,7.69,35,17,0.0,0.0,21,31,0.0,0.0
T::is_during_correct_move_FALSE+utc_hour_ge_4.0+conf_void_score_ge_1.0,triple,538,18.552,58,72,10.78,47.15,13.38,243,295,15.23,7.12,264,274,12.12,9.49
T::is_during_correct_move_FALSE+utc_hour_ge_4.0+conf_void_score_le_1.0,triple,538,18.552,58,72,10.78,47.15,13.38,243,295,15.23,7.12,264,274,12.12,9.49
T::is_during_correct_move_FALSE+utc_hour_le_4.0+conf_void_score_ge_1.0,triple,306,10.552,69,55,22.55,56.1,17.97,141,165,20.57,24.24,157,149,21.02,24.16
T::is_during_correct_move_FALSE+utc_hour_le_4.0+conf_void_score_le_1.0,triple,306,10.552,69,55,22.55,56.1,17.97,141,165,20.57,24.24,157,149,21.02,24.16
T::is_during_correct_move_TRUE+is_asia_session_TRUE+cand_prior_move_pct_ge_0.0,triple,86,2.966,0,6,0.0,0.0,6.98,54,32,0.0,0.0,30,56,0.0,0.0
T::is_during_correct_move_TRUE+is_asia_session_TRUE+cand_prior_move_pct_le_0.0,triple,81,2.793,0,6,0.0,0.0,7.41,50,31,0.0,0.0,29,52,0.0,0.0
T::is_during_correct_move_TRUE+is_asia_session_FALSE+cand_prior_move_pct_ge_0.0,triple,149,5.138,2,15,1.34,1.63,10.07,87,62,2.3,0.0,75,74,0.0,2.7
T::is_during_correct_move_TRUE+is_asia_session_FALSE+cand_prior_move_pct_le_0.0,triple,136,4.69,2,15,1.47,1.63,11.03,81,55,2.47,0.0,68,68,0.0,2.94
T::is_during_correct_move_FALSE+is_asia_session_TRUE+cand_prior_move_pct_ge_0.0,triple,357,12.31,81,64,22.69,65.85,17.93,164,193,20.73,24.35,181,176,22.65,22.73
T::is_during_correct_move_FALSE+is_asia_session_TRUE+cand_prior_move_pct_le_0.0,triple,296,10.207,71,58,23.99,57.72,19.59,137,159,20.44,27.04,155,141,25.16,22.7
T::is_during_correct_move_FALSE+is_asia_session_FALSE+cand_prior_move_pct_ge_0.0,triple,451,15.552,40,54,8.87,32.52,11.97,201,250,15.42,3.6,222,229,9.91,7.86
T::is_during_correct_move_FALSE+is_asia_session_FALSE+cand_prior_move_pct_le_0.0,triple,392,13.517,32,48,8.16,26.02,12.24,180,212,14.44,2.83,192,200,8.85,7.5
T::is_during_correct_move_TRUE+is_asia_session_TRUE+conf_void_score_ge_1.0,triple,86,2.966,0,6,0.0,0.0,6.98,54,32,0.0,0.0,30,56,0.0,0.0
T::is_during_correct_move_TRUE+is_asia_session_TRUE+conf_void_score_le_1.0,triple,86,2.966,0,6,0.0,0.0,6.98,54,32,0.0,0.0,30,56,0.0,0.0
T::is_during_correct_move_TRUE+is_asia_session_FALSE+conf_void_score_ge_1.0,triple,149,5.138,2,15,1.34,1.63,10.07,87,62,2.3,0.0,75,74,0.0,2.7
T::is_during_correct_move_TRUE+is_asia_session_FALSE+conf_void_score_le_1.0,triple,149,5.138,2,15,1.34,1.63,10.07,87,62,2.3,0.0,75,74,0.0,2.7
T::is_during_correct_move_FALSE+is_asia_session_TRUE+conf_void_score_ge_1.0,triple,357,12.31,81,64,22.69,65.85,17.93,164,193,20.73,24.35,181,176,22.65,22.73
T::is_during_correct_move_FALSE+is_asia_session_TRUE+conf_void_score_le_1.0,triple,357,12.31,81,64,22.69,65.85,17.93,164,193,20.73,24.35,181,176,22.65,22.73
T::is_during_correct_move_FALSE+is_asia_session_FALSE+conf_void_score_ge_1.0,triple,451,15.552,40,54,8.87,32.52,11.97,201,250,15.42,3.6,222,229,9.91,7.86
T::is_during_correct_move_FALSE+is_asia_session_FALSE+conf_void_score_le_1.0,triple,451,15.552,40,54,8.87,32.52,11.97,201,250,15.42,3.6,222,229,9.91,7.86
T::is_during_correct_move_TRUE+cand_prior_move_pct_ge_0.0+conf_void_score_ge_1.0,triple,235,8.103,2,21,0.85,1.63,8.94,141,94,1.42,0.0,105,130,0.0,1.54
T::is_during_correct_move_TRUE+cand_prior_move_pct_ge_0.0+conf_void_score_le_1.0,triple,235,8.103,2,21,0.85,1.63,8.94,141,94,1.42,0.0,105,130,0.0,1.54
T::is_during_correct_move_TRUE+cand_prior_move_pct_le_0.0+conf_void_score_ge_1.0,triple,217,7.483,2,21,0.92,1.63,9.68,131,86,1.53,0.0,97,120,0.0,1.67
T::is_during_correct_move_TRUE+cand_prior_move_pct_le_0.0+conf_void_score_le_1.0,triple,217,7.483,2,21,0.92,1.63,9.68,131,86,1.53,0.0,97,120,0.0,1.67
T::is_during_correct_move_FALSE+cand_prior_move_pct_ge_0.0+conf_void_score_ge_1.0,triple,808,27.862,121,118,14.98,98.37,14.6,365,443,17.81,12.64,403,405,15.63,14.32
T::is_during_correct_move_FALSE+cand_prior_move_pct_ge_0.0+conf_void_score_le_1.0,triple,808,27.862,121,118,14.98,98.37,14.6,365,443,17.81,12.64,403,405,15.63,14.32
T::is_during_correct_move_FALSE+cand_prior_move_pct_le_0.0+conf_void_score_ge_1.0,triple,688,23.724,103,106,14.97,83.74,15.41,317,371,17.03,13.21,347,341,16.14,13.78
T::is_during_correct_move_FALSE+cand_prior_move_pct_le_0.0+conf_void_score_le_1.0,triple,688,23.724,103,106,14.97,83.74,15.41,317,371,17.03,13.21,347,341,16.14,13.78
T::conf_cycles_seen_ge_20.0+utc_hour_ge_4.0+is_asia_session_TRUE,triple,88,3.034,12,14,13.64,9.76,15.91,45,43,6.67,20.93,36,52,16.67,11.54
T::conf_cycles_seen_ge_20.0+utc_hour_ge_4.0+is_asia_session_FALSE,triple,417,14.379,33,46,7.91,26.83,11.03,200,217,13.0,3.23,213,204,7.98,7.84
T::conf_cycles_seen_ge_20.0+utc_hour_le_4.0+is_asia_session_TRUE,triple,256,8.828,47,32,18.36,38.21,12.5,125,131,14.4,22.14,129,127,18.6,18.11
T::conf_cycles_seen_le_20.0+utc_hour_ge_4.0+is_asia_session_TRUE,triple,46,1.586,6,6,13.04,4.88,13.04,23,23,13.04,13.04,22,24,18.18,8.33
T::conf_cycles_seen_le_20.0+utc_hour_ge_4.0+is_asia_session_FALSE,triple,192,6.621,9,23,4.69,7.32,11.98,91,101,7.69,1.98,87,105,5.75,3.81
T::conf_cycles_seen_le_20.0+utc_hour_le_4.0+is_asia_session_TRUE,triple,111,3.828,23,30,20.72,18.7,27.03,56,55,21.43,20.0,54,57,18.52,22.81
T::conf_cycles_seen_ge_20.0+utc_hour_ge_4.0+cand_prior_move_pct_ge_0.0,triple,505,17.414,45,60,8.91,36.59,11.88,245,260,11.84,6.15,249,256,9.24,8.59
T::conf_cycles_seen_ge_20.0+utc_hour_ge_4.0+cand_prior_move_pct_le_0.0,triple,443,15.276,38,56,8.58,30.89,12.64,221,222,10.86,6.31,218,225,8.72,8.44
T::conf_cycles_seen_ge_20.0+utc_hour_le_4.0+cand_prior_move_pct_ge_0.0,triple,256,8.828,47,32,18.36,38.21,12.5,125,131,14.4,22.14,129,127,18.6,18.11
T::conf_cycles_seen_ge_20.0+utc_hour_le_4.0+cand_prior_move_pct_le_0.0,triple,214,7.379,40,29,18.69,32.52,13.55,105,109,12.38,24.77,112,102,19.64,17.65
T::conf_cycles_seen_le_20.0+utc_hour_ge_4.0+cand_prior_move_pct_ge_0.0,triple,238,8.207,15,29,6.3,12.2,12.18,114,124,8.77,4.03,109,129,8.26,4.65
T::conf_cycles_seen_le_20.0+utc_hour_ge_4.0+cand_prior_move_pct_le_0.0,triple,210,7.241,13,26,6.19,10.57,12.38,104,106,9.62,2.83,95,115,8.42,4.35
T::conf_cycles_seen_le_20.0+utc_hour_le_4.0+cand_prior_move_pct_ge_0.0,triple,111,3.828,23,30,20.72,18.7,27.03,56,55,21.43,20.0,54,57,18.52,22.81
T::conf_cycles_seen_le_20.0+utc_hour_le_4.0+cand_prior_move_pct_le_0.0,triple,98,3.379,21,27,21.43,17.07,27.55,48,50,22.92,20.0,48,50,20.83,22.0
T::conf_cycles_seen_ge_20.0+utc_hour_ge_4.0+conf_void_score_ge_1.0,triple,505,17.414,45,60,8.91,36.59,11.88,245,260,11.84,6.15,249,256,9.24,8.59
T::conf_cycles_seen_ge_20.0+utc_hour_ge_4.0+conf_void_score_le_1.0,triple,505,17.414,45,60,8.91,36.59,11.88,245,260,11.84,6.15,249,256,9.24,8.59
T::conf_cycles_seen_ge_20.0+utc_hour_le_4.0+conf_void_score_ge_1.0,triple,256,8.828,47,32,18.36,38.21,12.5,125,131,14.4,22.14,129,127,18.6,18.11
T::conf_cycles_seen_ge_20.0+utc_hour_le_4.0+conf_void_score_le_1.0,triple,256,8.828,47,32,18.36,38.21,12.5,125,131,14.4,22.14,129,127,18.6,18.11
T::conf_cycles_seen_le_20.0+utc_hour_ge_4.0+conf_void_score_ge_1.0,triple,238,8.207,15,29,6.3,12.2,12.18,114,124,8.77,4.03,109,129,8.26,4.65
T::conf_cycles_seen_le_20.0+utc_hour_ge_4.0+conf_void_score_le_1.0,triple,238,8.207,15,29,6.3,12.2,12.18,114,124,8.77,4.03,109,129,8.26,4.65
T::conf_cycles_seen_le_20.0+utc_hour_le_4.0+conf_void_score_ge_1.0,triple,111,3.828,23,30,20.72,18.7,27.03,56,55,21.43,20.0,54,57,18.52,22.81
T::conf_cycles_seen_le_20.0+utc_hour_le_4.0+conf_void_score_le_1.0,triple,111,3.828,23,30,20.72,18.7,27.03,56,55,21.43,20.0,54,57,18.52,22.81
T::conf_cycles_seen_ge_20.0+is_asia_session_TRUE+cand_prior_move_pct_ge_0.0,triple,315,10.862,56,41,17.78,45.53,13.02,155,160,13.55,21.88,151,164,19.21,16.46
T::conf_cycles_seen_ge_20.0+is_asia_session_TRUE+cand_prior_move_pct_le_0.0,triple,265,9.138,48,38,18.11,39.02,14.34,132,133,12.12,24.06,131,134,20.61,15.67
T::conf_cycles_seen_ge_20.0+is_asia_session_FALSE+cand_prior_move_pct_ge_0.0,triple,417,14.379,33,46,7.91,26.83,11.03,200,217,13.0,3.23,213,204,7.98,7.84
T::conf_cycles_seen_ge_20.0+is_asia_session_FALSE+cand_prior_move_pct_le_0.0,triple,366,12.621,27,42,7.38,21.95,11.48,181,185,11.6,3.24,186,180,6.99,7.78
T::conf_cycles_seen_le_20.0+is_asia_session_TRUE+cand_prior_move_pct_ge_0.0,triple,140,4.828,26,32,18.57,21.14,22.86,70,70,20.0,17.14,66,74,19.7,17.57
T::conf_cycles_seen_le_20.0+is_asia_session_TRUE+cand_prior_move_pct_le_0.0,triple,123,4.241,24,29,19.51,19.51,23.58,62,61,20.97,18.03,59,64,22.03,17.19
T::conf_cycles_seen_le_20.0+is_asia_session_FALSE+cand_prior_move_pct_ge_0.0,triple,192,6.621,9,23,4.69,7.32,11.98,91,101,7.69,1.98,87,105,5.75,3.81
T::conf_cycles_seen_le_20.0+is_asia_session_FALSE+cand_prior_move_pct_le_0.0,triple,170,5.862,7,21,4.12,5.69,12.35,83,87,8.43,0.0,76,94,5.26,3.19
T::conf_cycles_seen_ge_20.0+is_asia_session_TRUE+conf_void_score_ge_1.0,triple,315,10.862,56,41,17.78,45.53,13.02,155,160,13.55,21.88,151,164,19.21,16.46
T::conf_cycles_seen_ge_20.0+is_asia_session_TRUE+conf_void_score_le_1.0,triple,315,10.862,56,41,17.78,45.53,13.02,155,160,13.55,21.88,151,164,19.21,16.46
T::conf_cycles_seen_ge_20.0+is_asia_session_FALSE+conf_void_score_ge_1.0,triple,417,14.379,33,46,7.91,26.83,11.03,200,217,13.0,3.23,213,204,7.98,7.84
T::conf_cycles_seen_ge_20.0+is_asia_session_FALSE+conf_void_score_le_1.0,triple,417,14.379,33,46,7.91,26.83,11.03,200,217,13.0,3.23,213,204,7.98,7.84
T::conf_cycles_seen_le_20.0+is_asia_session_TRUE+conf_void_score_ge_1.0,triple,140,4.828,26,32,18.57,21.14,22.86,70,70,20.0,17.14,66,74,19.7,17.57
T::conf_cycles_seen_le_20.0+is_asia_session_TRUE+conf_void_score_le_1.0,triple,140,4.828,26,32,18.57,21.14,22.86,70,70,20.0,17.14,66,74,19.7,17.57
T::conf_cycles_seen_le_20.0+is_asia_session_FALSE+conf_void_score_ge_1.0,triple,192,6.621,9,23,4.69,7.32,11.98,91,101,7.69,1.98,87,105,5.75,3.81
T::conf_cycles_seen_le_20.0+is_asia_session_FALSE+conf_void_score_le_1.0,triple,192,6.621,9,23,4.69,7.32,11.98,91,101,7.69,1.98,87,105,5.75,3.81
T::conf_cycles_seen_ge_20.0+cand_prior_move_pct_ge_0.0+conf_void_score_ge_1.0,triple,732,25.241,89,87,12.16,72.36,11.89,355,377,13.24,11.14,364,368,12.64,11.68
T::conf_cycles_seen_ge_20.0+cand_prior_move_pct_ge_0.0+conf_void_score_le_1.0,triple,732,25.241,89,87,12.16,72.36,11.89,355,377,13.24,11.14,364,368,12.64,11.68
T::conf_cycles_seen_ge_20.0+cand_prior_move_pct_le_0.0+conf_void_score_ge_1.0,triple,631,21.759,75,80,11.89,60.98,12.68,313,318,11.82,11.95,317,314,12.62,11.15
T::conf_cycles_seen_ge_20.0+cand_prior_move_pct_le_0.0+conf_void_score_le_1.0,triple,631,21.759,75,80,11.89,60.98,12.68,313,318,11.82,11.95,317,314,12.62,11.15
T::conf_cycles_seen_le_20.0+cand_prior_move_pct_ge_0.0+conf_void_score_ge_1.0,triple,332,11.448,35,55,10.54,28.46,16.57,161,171,13.04,8.19,153,179,11.76,9.5
T::conf_cycles_seen_le_20.0+cand_prior_move_pct_ge_0.0+conf_void_score_le_1.0,triple,332,11.448,35,55,10.54,28.46,16.57,161,171,13.04,8.19,153,179,11.76,9.5
T::conf_cycles_seen_le_20.0+cand_prior_move_pct_le_0.0+conf_void_score_ge_1.0,triple,293,10.103,31,50,10.58,25.2,17.06,145,148,13.79,7.43,135,158,12.59,8.86
T::conf_cycles_seen_le_20.0+cand_prior_move_pct_le_0.0+conf_void_score_le_1.0,triple,293,10.103,31,50,10.58,25.2,17.06,145,148,13.79,7.43,135,158,12.59,8.86
T::utc_hour_ge_4.0+is_asia_session_TRUE+cand_prior_move_pct_ge_0.0,triple,131,4.517,18,20,13.74,14.63,15.27,66,65,9.09,18.46,57,74,17.54,10.81
T::utc_hour_ge_4.0+is_asia_session_TRUE+cand_prior_move_pct_le_0.0,triple,115,3.966,17,19,14.78,13.82,16.52,59,56,10.17,19.64,50,65,20.0,10.77
T::utc_hour_ge_4.0+is_asia_session_FALSE+cand_prior_move_pct_ge_0.0,triple,600,20.69,42,69,7.0,34.15,11.5,288,312,11.46,2.88,297,303,7.41,6.6
T::utc_hour_ge_4.0+is_asia_session_FALSE+cand_prior_move_pct_le_0.0,triple,528,18.207,34,63,6.44,27.64,11.93,261,267,10.73,2.25,260,268,6.54,6.34
T::utc_hour_le_4.0+is_asia_session_TRUE+cand_prior_move_pct_ge_0.0,triple,358,12.345,69,59,19.27,56.1,16.48,176,182,16.48,21.98,178,180,18.54,20.0
T::utc_hour_le_4.0+is_asia_session_TRUE+cand_prior_move_pct_le_0.0,triple,303,10.448,60,53,19.8,48.78,17.49,148,155,15.54,23.87,155,148,20.0,19.59
T::utc_hour_ge_4.0+is_asia_session_TRUE+conf_void_score_ge_1.0,triple,131,4.517,18,20,13.74,14.63,15.27,66,65,9.09,18.46,57,74,17.54,10.81
T::utc_hour_ge_4.0+is_asia_session_TRUE+conf_void_score_le_1.0,triple,131,4.517,18,20,13.74,14.63,15.27,66,65,9.09,18.46,57,74,17.54,10.81
T::utc_hour_ge_4.0+is_asia_session_FALSE+conf_void_score_ge_1.0,triple,600,20.69,42,69,7.0,34.15,11.5,288,312,11.46,2.88,297,303,7.41,6.6
T::utc_hour_ge_4.0+is_asia_session_FALSE+conf_void_score_le_1.0,triple,600,20.69,42,69,7.0,34.15,11.5,288,312,11.46,2.88,297,303,7.41,6.6
T::utc_hour_le_4.0+is_asia_session_TRUE+conf_void_score_ge_1.0,triple,358,12.345,69,59,19.27,56.1,16.48,176,182,16.48,21.98,178,180,18.54,20.0
T::utc_hour_le_4.0+is_asia_session_TRUE+conf_void_score_le_1.0,triple,358,12.345,69,59,19.27,56.1,16.48,176,182,16.48,21.98,178,180,18.54,20.0
T::utc_hour_ge_4.0+cand_prior_move_pct_ge_0.0+conf_void_score_ge_1.0,triple,731,25.207,60,89,8.21,48.78,12.18,354,377,11.02,5.57,354,377,9.04,7.43
T::utc_hour_ge_4.0+cand_prior_move_pct_ge_0.0+conf_void_score_le_1.0,triple,731,25.207,60,89,8.21,48.78,12.18,354,377,11.02,5.57,354,377,9.04,7.43
T::utc_hour_ge_4.0+cand_prior_move_pct_le_0.0+conf_void_score_ge_1.0,triple,643,22.172,51,82,7.93,41.46,12.75,320,323,10.62,5.26,310,333,8.71,7.21
T::utc_hour_ge_4.0+cand_prior_move_pct_le_0.0+conf_void_score_le_1.0,triple,643,22.172,51,82,7.93,41.46,12.75,320,323,10.62,5.26,310,333,8.71,7.21
T::utc_hour_le_4.0+cand_prior_move_pct_ge_0.0+conf_void_score_ge_1.0,triple,358,12.345,69,59,19.27,56.1,16.48,176,182,16.48,21.98,178,180,18.54,20.0
T::utc_hour_le_4.0+cand_prior_move_pct_ge_0.0+conf_void_score_le_1.0,triple,358,12.345,69,59,19.27,56.1,16.48,176,182,16.48,21.98,178,180,18.54,20.0
T::utc_hour_le_4.0+cand_prior_move_pct_le_0.0+conf_void_score_ge_1.0,triple,303,10.448,60,53,19.8,48.78,17.49,148,155,15.54,23.87,155,148,20.0,19.59
T::utc_hour_le_4.0+cand_prior_move_pct_le_0.0+conf_void_score_le_1.0,triple,303,10.448,60,53,19.8,48.78,17.49,148,155,15.54,23.87,155,148,20.0,19.59
T::is_asia_session_TRUE+cand_prior_move_pct_ge_0.0+conf_void_score_ge_1.0,triple,443,15.276,81,70,18.28,65.85,15.8,218,225,15.6,20.89,211,232,19.43,17.24
T::is_asia_session_TRUE+cand_prior_move_pct_ge_0.0+conf_void_score_le_1.0,triple,443,15.276,81,70,18.28,65.85,15.8,218,225,15.6,20.89,211,232,19.43,17.24
T::is_asia_session_TRUE+cand_prior_move_pct_le_0.0+conf_void_score_ge_1.0,triple,377,13.0,71,64,18.83,57.72,16.98,187,190,14.97,22.63,184,193,21.2,16.58
T::is_asia_session_TRUE+cand_prior_move_pct_le_0.0+conf_void_score_le_1.0,triple,377,13.0,71,64,18.83,57.72,16.98,187,190,14.97,22.63,184,193,21.2,16.58
T::is_asia_session_FALSE+cand_prior_move_pct_ge_0.0+conf_void_score_ge_1.0,triple,600,20.69,42,69,7.0,34.15,11.5,288,312,11.46,2.88,297,303,7.41,6.6
T::is_asia_session_FALSE+cand_prior_move_pct_ge_0.0+conf_void_score_le_1.0,triple,600,20.69,42,69,7.0,34.15,11.5,288,312,11.46,2.88,297,303,7.41,6.6
T::is_asia_session_FALSE+cand_prior_move_pct_le_0.0+conf_void_score_ge_1.0,triple,528,18.207,34,63,6.44,27.64,11.93,261,267,10.73,2.25,260,268,6.54,6.34
T::is_asia_session_FALSE+cand_prior_move_pct_le_0.0+conf_void_score_le_1.0,triple,528,18.207,34,63,6.44,27.64,11.93,261,267,10.73,2.25,260,268,6.54,6.34
TREE::leaf_1::pct_opposite_move_already_done > 66.04 AND local_realized_vol_180m <= 0.00064,tree_leaf,13,0.448,9,,69.23,,,,,,,,,,
TREE::leaf_2::pct_opposite_move_already_done > 66.04 AND local_realized_vol_180m > 0.00064 AND utc_hour <= 8.0,tree_leaf,10,0.345,6,,60.0,,,,,,,,,,
TREE::leaf_3::pct_opposite_move_already_done <= 66.04 AND pct_opposite_move_already_done > 39.88 AND prior_move_15m_pct > 0.059,tree_leaf,10,0.345,5,,50.0,,,,,,,,,,
TREE::leaf_4::pct_opposite_move_already_done <= 66.04 AND pct_opposite_move_already_done <= 39.88 AND pct_opposite_move_already_done > 30.27,tree_leaf,24,0.828,6,,25.0,,,,,,,,,,
TREE::leaf_5::pct_opposite_move_already_done <= 66.04 AND pct_opposite_move_already_done > 39.88 AND prior_move_15m_pct <= 0.059,tree_leaf,25,0.862,4,,16.0,,,,,,,,,,
TREE::leaf_6::pct_opposite_move_already_done <= 66.04 AND pct_opposite_move_already_done <= 39.88 AND pct_opposite_move_already_done <= 30.27,tree_leaf,936,32.276,93,,9.94,,,,,,,,,,
TREE::leaf_7::pct_opposite_move_already_done > 66.04 AND local_realized_vol_180m > 0.00064 AND utc_hour > 8.0,tree_leaf,25,0.862,0,,0.0,,,,,,,,,,
