zone_id,date,direction,setup_type,setup_type_score,setup_confidence,watch_label
BTC-USDT-SWAP-LONG-1772409634000-1,2026-03-02,LONG,absorption_reversal_long,114.101,7.65,GOOD
BTC-USDT-SWAP-SHORT-1772410491000-2,2026-03-02,SHORT,absorption_reversal_short,551.882,7.815,GOOD
BTC-USDT-SWAP-SHORT-1772410502000-3,2026-03-02,SHORT,absorption_reversal_short,551.882,7.815,GOOD
BTC-USDT-SWAP-LONG-1772410803000-4,2026-03-02,LONG,absorption_reversal_long,9.051,7.715,GOOD
BTC-USDT-SWAP-SHORT-1772412598000-5,2026-03-02,SHORT,absorption_reversal_short,18.839,2.84,GOOD
BTC-USDT-SWAP-SHORT-1772412610000-6,2026-03-02,SHORT,absorption_reversal_short,18.839,2.84,GOOD
BTC-USDT-SWAP-SHORT-1772415850000-9,2026-03-02,SHORT,absorption_reversal_short,45.776,7.393,MID
BTC-USDT-SWAP-LONG-1772414212000-7,2026-03-02,LONG,absorption_reversal_long,120.789,7.85,BAD
BTC-USDT-SWAP-LONG-1772414223000-8,2026-03-02,LONG,absorption_reversal_long,120.789,7.85,BAD
BTC-USDT-SWAP-LONG-1772416021000-10,2026-03-02,LONG,retest_after_breakout_long,20.61,11.684,BAD
BTC-USDT-SWAP-SHORT-1772418726000-11,2026-03-02,SHORT,absorption_reversal_short,44.343,7.52,MID
BTC-USDT-SWAP-LONG-1772419889000-13,2026-03-02,LONG,retest_after_breakout_long,9.081,0.54,BAD
BTC-USDT-SWAP-LONG-1772420096000-14,2026-03-02,LONG,absorption_reversal_long,69.336,7.572,BAD
BTC-USDT-SWAP-SHORT-1772419273000-12,2026-03-02,SHORT,absorption_reversal_short,48.87,7.706,MID
BTC-USDT-SWAP-LONG-1772420976000-15,2026-03-02,LONG,absorption_reversal_long,18.822,7.784,BAD
BTC-USDT-SWAP-SHORT-1772422168000-17,2026-03-02,SHORT,retest_after_breakout_short,35.926,27.554,MID
BTC-USDT-SWAP-SHORT-1772421927000-16,2026-03-02,SHORT,absorption_reversal_short,88.445,7.592,MID
BTC-USDT-SWAP-LONG-1772423133000-18,2026-03-02,LONG,absorption_reversal_long,76.08,7.655,BAD
BTC-USDT-SWAP-SHORT-1772434429000-19,2026-03-02,SHORT,retest_after_breakout_short,119.758,36.104,MID
BTC-USDT-SWAP-SHORT-1772436650000-21,2026-03-02,SHORT,retest_after_breakout_short,32.666,24.158,BAD
BTC-USDT-SWAP-SHORT-1772436154000-20,2026-03-02,SHORT,absorption_reversal_short,46.434,2.592,MID
BTC-USDT-SWAP-SHORT-1772454967000-22,2026-03-02,SHORT,absorption_reversal_short,50.336,7.47,BAD
BTC-USDT-SWAP-LONG-1772461492000-27,2026-03-02,LONG,absorption_reversal_long,89.822,8.144,MID
BTC-USDT-SWAP-SHORT-1772459757000-24,2026-03-02,SHORT,absorption_reversal_short,205.822,8.002,BAD
BTC-USDT-SWAP-SHORT-1772460162000-25,2026-03-02,SHORT,absorption_reversal_short,43.982,8.024,BAD
BTC-USDT-SWAP-LONG-1772459159000-23,2026-03-02,LONG,retest_after_breakout_long,58.159,31.404,MID
BTC-USDT-SWAP-SHORT-1772461132000-26,2026-03-02,SHORT,retest_after_breakout_short,44.574,34.104,BAD
BTC-USDT-SWAP-LONG-1772464005000-28,2026-03-02,LONG,absorption_reversal_long,10.624,9.257,MID
BTC-USDT-SWAP-LONG-1772464013000-29,2026-03-02,LONG,absorption_reversal_long,10.624,9.257,MID
BTC-USDT-SWAP-LONG-1772465497000-30,2026-03-02,LONG,absorption_reversal_long,42.704,8.769,BAD
BTC-USDT-SWAP-LONG-1772468544000-32,2026-03-02,LONG,absorption_reversal_long,223.136,8.425,BAD
BTC-USDT-SWAP-SHORT-1772471902000-34,2026-03-02,SHORT,absorption_reversal_short,91.169,8.386,BAD
BTC-USDT-SWAP-SHORT-1772471938000-35,2026-03-02,SHORT,absorption_reversal_short,97.106,8.103,BAD
BTC-USDT-SWAP-LONG-1772470363000-33,2026-03-02,LONG,absorption_reversal_long,193.971,8.244,BAD
BTC-USDT-SWAP-SHORT-1772472002000-36,2026-03-02,SHORT,absorption_reversal_short,97.106,8.103,BAD
BTC-USDT-SWAP-SHORT-1772468028000-31,2026-03-02,SHORT,absorption_reversal_short,19.963,9.259,BAD
BTC-USDT-SWAP-SHORT-1772474203000-37,2026-03-02,SHORT,retest_after_breakout_short,46.019,15.825,BAD
BTC-USDT-SWAP-SHORT-1772496035000-1,2026-03-03,SHORT,absorption_reversal_short,141.24,7.41,GOOD
BTC-USDT-SWAP-SHORT-1772496525000-2,2026-03-03,SHORT,absorption_reversal_short,9.736,7.593,GOOD
BTC-USDT-SWAP-LONG-1772496994000-4,2026-03-03,LONG,absorption_reversal_long,79.48,7.592,BAD
BTC-USDT-SWAP-SHORT-1772496865000-3,2026-03-03,SHORT,retest_after_breakout_short,18.529,10.036,GOOD
BTC-USDT-SWAP-LONG-1772499219000-6,2026-03-03,LONG,absorption_reversal_long,8.168,7.162,BAD
BTC-USDT-SWAP-SHORT-1772498676000-5,2026-03-03,SHORT,retest_after_breakout_short,26.419,18.16,GOOD
BTC-USDT-SWAP-LONG-1772499903000-7,2026-03-03,LONG,absorption_reversal_long,28.924,5.102,BAD
BTC-USDT-SWAP-SHORT-1772504097000-10,2026-03-03,SHORT,absorption_reversal_short,65.083,7.61,MID
BTC-USDT-SWAP-SHORT-1772504005000-9,2026-03-03,SHORT,absorption_reversal_short,65.083,7.61,MID
BTC-USDT-SWAP-SHORT-1772505226000-11,2026-03-03,SHORT,absorption_reversal_short,9.246,7.162,MID
BTC-USDT-SWAP-LONG-1772505728000-12,2026-03-03,LONG,absorption_reversal_long,109.313,7.407,BAD
BTC-USDT-SWAP-LONG-1772513128000-13,2026-03-03,LONG,absorption_reversal_long,70.236,7.675,BAD
BTC-USDT-SWAP-SHORT-1772514107000-15,2026-03-03,SHORT,retest_after_breakout_short,19.649,3.608,MID
BTC-USDT-SWAP-LONG-1772513606000-14,2026-03-03,LONG,absorption_reversal_long,14.686,7.312,BAD
BTC-USDT-SWAP-LONG-1772503614000-8,2026-03-03,LONG,absorption_reversal_long,13.276,7.528,BAD
BTC-USDT-SWAP-SHORT-1772517366000-17,2026-03-03,SHORT,absorption_reversal_short,36.494,7.652,BAD
BTC-USDT-SWAP-SHORT-1772517425000-18,2026-03-03,SHORT,absorption_reversal_short,59.231,7.591,BAD
BTC-USDT-SWAP-SHORT-1772522407000-20,2026-03-03,SHORT,retest_after_breakout_short,24.965,8.876,BAD
BTC-USDT-SWAP-SHORT-1772521223000-19,2026-03-03,SHORT,absorption_reversal_short,35.01,7.463,BAD
BTC-USDT-SWAP-LONG-1772517197000-16,2026-03-03,LONG,retest_after_breakout_long,54.582,9.341,GOOD
BTC-USDT-SWAP-SHORT-1772527118000-21,2026-03-03,SHORT,absorption_reversal_short,17.245,8.246,BAD
BTC-USDT-SWAP-SHORT-1772528107000-22,2026-03-03,SHORT,absorption_reversal_short,9.202,8.147,BAD
BTC-USDT-SWAP-SHORT-1772528433000-23,2026-03-03,SHORT,absorption_reversal_short,86.297,8.137,BAD
BTC-USDT-SWAP-SHORT-1772531394000-26,2026-03-03,SHORT,absorption_reversal_short,71.691,7.578,GOOD
BTC-USDT-SWAP-SHORT-1772531452000-27,2026-03-03,SHORT,absorption_reversal_short,71.691,7.578,GOOD
BTC-USDT-SWAP-SHORT-1772530692000-25,2026-03-03,SHORT,absorption_reversal_short,125.449,7.603,GOOD
BTC-USDT-SWAP-LONG-1772536899000-31,2026-03-03,LONG,absorption_reversal_long,51.675,7.477,BAD
BTC-USDT-SWAP-LONG-1772535551000-30,2026-03-03,LONG,absorption_reversal_long,59.466,7.202,BAD
BTC-USDT-SWAP-SHORT-1772535110000-28,2026-03-03,SHORT,absorption_reversal_short,10.551,7.565,GOOD
BTC-USDT-SWAP-SHORT-1772535134000-29,2026-03-03,SHORT,absorption_reversal_short,10.551,7.565,GOOD
BTC-USDT-SWAP-LONG-1772541712000-33,2026-03-03,LONG,absorption_reversal_long,9.035,7.741,GOOD
BTC-USDT-SWAP-LONG-1772541572000-32,2026-03-03,LONG,absorption_reversal_long,9.035,7.741,GOOD
BTC-USDT-SWAP-LONG-1772544123000-35,2026-03-03,LONG,retest_after_breakout_long,44.411,32.462,GOOD
BTC-USDT-SWAP-SHORT-1772546176000-36,2026-03-03,SHORT,absorption_reversal_short,153.288,7.867,BAD
BTC-USDT-SWAP-LONG-1772543243000-34,2026-03-03,LONG,absorption_reversal_long,8.864,6.307,GOOD
BTC-USDT-SWAP-LONG-1772553323000-38,2026-03-03,LONG,absorption_reversal_long,147.308,8.259,BAD
BTC-USDT-SWAP-LONG-1772553506000-39,2026-03-03,LONG,absorption_reversal_long,12.124,8.39,BAD
BTC-USDT-SWAP-LONG-1772553549000-40,2026-03-03,LONG,absorption_reversal_long,12.037,8.372,BAD
BTC-USDT-SWAP-SHORT-1772551037000-37,2026-03-03,SHORT,absorption_reversal_short,10.421,8.769,GOOD
BTC-USDT-SWAP-LONG-1772554627000-41,2026-03-03,LONG,absorption_reversal_long,10.554,8.815,BAD
BTC-USDT-SWAP-LONG-1772560656000-43,2026-03-03,LONG,absorption_reversal_long,8.486,7.486,BAD
BTC-USDT-SWAP-LONG-1772564438000-46,2026-03-03,LONG,absorption_reversal_long,9.237,7.846,BAD
BTC-USDT-SWAP-LONG-1772563749000-45,2026-03-03,LONG,absorption_reversal_long,10.407,7.902,BAD
BTC-USDT-SWAP-SHORT-1772563179000-44,2026-03-03,SHORT,absorption_reversal_short,121.888,8.04,MID
BTC-USDT-SWAP-LONG-1772558132000-42,2026-03-03,LONG,absorption_reversal_long,8.507,7.292,BAD
BTC-USDT-SWAP-SHORT-1772582934000-2,2026-03-04,SHORT,absorption_reversal_short,9.056,7.45,GOOD
BTC-USDT-SWAP-SHORT-1772582797000-1,2026-03-04,SHORT,absorption_reversal_short,9.056,7.45,GOOD
BTC-USDT-SWAP-LONG-1772584188000-4,2026-03-04,LONG,retest_after_breakout_long,66.074,34.123,GOOD
BTC-USDT-SWAP-LONG-1772584858000-5,2026-03-04,LONG,absorption_reversal_long,8.309,7.193,GOOD
BTC-USDT-SWAP-SHORT-1772583941000-3,2026-03-04,SHORT,retest_after_breakout_short,20.929,12.815,GOOD
BTC-USDT-SWAP-SHORT-1772588463000-6,2026-03-04,SHORT,absorption_reversal_short,72.826,7.947,MID
BTC-USDT-SWAP-SHORT-1772589606000-9,2026-03-04,SHORT,absorption_reversal_short,9.286,7.998,MID
BTC-USDT-SWAP-LONG-1772589121000-7,2026-03-04,LONG,absorption_reversal_long,89.758,7.748,GOOD
BTC-USDT-SWAP-SHORT-1772591636000-10,2026-03-04,SHORT,absorption_reversal_short,8.719,7.074,BAD
BTC-USDT-SWAP-LONG-1772589296000-8,2026-03-04,LONG,absorption_reversal_long,43.313,7.675,GOOD
BTC-USDT-SWAP-LONG-1772596380000-13,2026-03-04,LONG,absorption_reversal_long,31.154,7.634,MID
BTC-USDT-SWAP-LONG-1772602176000-17,2026-03-04,LONG,absorption_reversal_long,99.48,7.499,MID
BTC-USDT-SWAP-SHORT-1772596014000-12,2026-03-04,SHORT,absorption_reversal_short,68.948,7.967,BAD
BTC-USDT-SWAP-SHORT-1772597735000-15,2026-03-04,SHORT,absorption_reversal_short,9.007,7.355,BAD
BTC-USDT-SWAP-SHORT-1772601616000-16,2026-03-04,SHORT,retest_after_breakout_short,18.925,9.215,BAD
BTC-USDT-SWAP-LONG-1772595707000-11,2026-03-04,LONG,absorption_reversal_long,208.557,7.94,MID
BTC-USDT-SWAP-LONG-1772606412000-18,2026-03-04,LONG,retest_after_breakout_long,46.111,21.189,MID
BTC-USDT-SWAP-LONG-1772608667000-20,2026-03-04,LONG,absorption_reversal_long,8.798,7.691,MID
BTC-USDT-SWAP-LONG-1772606902000-19,2026-03-04,LONG,absorption_reversal_long,8.909,7.691,MID
BTC-USDT-SWAP-LONG-1772611621000-23,2026-03-04,LONG,absorption_reversal_long,10.657,7.228,MID
BTC-USDT-SWAP-LONG-1772611599000-22,2026-03-04,LONG,absorption_reversal_long,10.657,7.228,MID
BTC-USDT-SWAP-SHORT-1772612635000-24,2026-03-04,SHORT,absorption_reversal_short,8.872,7.044,BAD
BTC-USDT-SWAP-SHORT-1772611107000-21,2026-03-04,SHORT,absorption_reversal_short,86.559,2.897,BAD
BTC-USDT-SWAP-LONG-1772613179000-25,2026-03-04,LONG,retest_after_breakout_long,83.808,47.144,MID
BTC-USDT-SWAP-LONG-1772616258000-27,2026-03-04,LONG,retest_after_breakout_long,74.742,19.046,MID
BTC-USDT-SWAP-LONG-1772616423000-28,2026-03-04,LONG,retest_after_breakout_long,37.775,28.972,MID
BTC-USDT-SWAP-SHORT-1772616143000-26,2026-03-04,SHORT,absorption_reversal_short,179.007,7.78,BAD
BTC-USDT-SWAP-SHORT-1772623278000-32,2026-03-04,SHORT,absorption_reversal_short,45.859,7.047,BAD
BTC-USDT-SWAP-SHORT-1772621703000-31,2026-03-04,SHORT,absorption_reversal_short,75.792,6.962,BAD
BTC-USDT-SWAP-LONG-1772617742000-30,2026-03-04,LONG,absorption_reversal_long,169.939,7.692,MID
BTC-USDT-SWAP-LONG-1772616656000-29,2026-03-04,LONG,retest_after_breakout_long,81.145,32.343,MID
BTC-USDT-SWAP-SHORT-1772626585000-34,2026-03-04,SHORT,retest_after_breakout_short,20.312,11.963,BAD
BTC-USDT-SWAP-SHORT-1772626670000-35,2026-03-04,SHORT,absorption_reversal_short,8.337,7.336,BAD
BTC-USDT-SWAP-SHORT-1772626743000-36,2026-03-04,SHORT,absorption_reversal_short,8.241,7.241,BAD
BTC-USDT-SWAP-SHORT-1772624824000-33,2026-03-04,SHORT,absorption_reversal_short,8.107,7.107,BAD
BTC-USDT-SWAP-LONG-1772631907000-37,2026-03-04,LONG,absorption_reversal_long,8.287,7.287,BAD
BTC-USDT-SWAP-LONG-1772632793000-38,2026-03-04,LONG,absorption_reversal_long,9.114,8.114,BAD
BTC-USDT-SWAP-SHORT-1772633530000-39,2026-03-04,SHORT,absorption_reversal_short,20.696,8.858,BAD
BTC-USDT-SWAP-LONG-1772637425000-40,2026-03-04,LONG,absorption_reversal_long,210.076,7.74,BAD
BTC-USDT-SWAP-SHORT-1772638974000-41,2026-03-04,SHORT,absorption_reversal_short,145.55,7.959,BAD
BTC-USDT-SWAP-SHORT-1772639088000-42,2026-03-04,SHORT,absorption_reversal_short,145.55,7.959,BAD
BTC-USDT-SWAP-LONG-1772642212000-44,2026-03-04,LONG,retest_after_breakout_long,13.231,4.393,BAD
BTC-USDT-SWAP-LONG-1772642290000-45,2026-03-04,LONG,absorption_reversal_long,59.467,7.831,BAD
BTC-USDT-SWAP-LONG-1772642329000-46,2026-03-04,LONG,absorption_reversal_long,8.794,7.794,BAD
BTC-USDT-SWAP-SHORT-1772641162000-43,2026-03-04,SHORT,absorption_reversal_short,194.002,7.428,BAD
BTC-USDT-SWAP-LONG-1772648681000-47,2026-03-04,LONG,retest_after_breakout_long,14.238,6.269,BAD
BTC-USDT-SWAP-LONG-1772650765000-49,2026-03-04,LONG,absorption_reversal_long,124.251,7.655,BAD
BTC-USDT-SWAP-LONG-1772650789000-50,2026-03-04,LONG,absorption_reversal_long,124.251,7.655,BAD
BTC-USDT-SWAP-SHORT-1772650521000-48,2026-03-04,SHORT,absorption_reversal_short,49.81,7.382,BAD
BTC-USDT-SWAP-LONG-1772655497000-52,2026-03-04,LONG,absorption_reversal_long,30.42,6.982,BAD
BTC-USDT-SWAP-SHORT-1772651819000-51,2026-03-04,SHORT,absorption_reversal_short,111.877,7.614,BAD
BTC-USDT-SWAP-LONG-1772664633000-53,2026-03-04,LONG,absorption_reversal_long,77.137,7.529,BAD
BTC-USDT-SWAP-LONG-1772666739000-54,2026-03-04,LONG,retest_after_breakout_long,8.975,1.148,BAD
BTC-USDT-SWAP-LONG-1772670368000-3,2026-03-05,LONG,absorption_reversal_long,8.66,7.609,BAD
BTC-USDT-SWAP-SHORT-1772670314000-2,2026-03-05,SHORT,absorption_reversal_short,52.506,7.649,GOOD
BTC-USDT-SWAP-SHORT-1772669164000-1,2026-03-05,SHORT,retest_after_breakout_short,47.918,36.312,GOOD
BTC-USDT-SWAP-LONG-1772674125000-5,2026-03-05,LONG,absorption_reversal_long,80.695,7.596,BAD
BTC-USDT-SWAP-LONG-1772674326000-6,2026-03-05,LONG,absorption_reversal_long,55.974,7.653,BAD
BTC-USDT-SWAP-LONG-1772675238000-7,2026-03-05,LONG,retest_after_breakout_long,15.656,6.787,BAD
BTC-USDT-SWAP-LONG-1772675664000-8,2026-03-05,LONG,absorption_reversal_long,8.772,7.757,BAD
BTC-USDT-SWAP-SHORT-1772679264000-9,2026-03-05,SHORT,absorption_reversal_short,67.735,7.284,MID
BTC-USDT-SWAP-LONG-1772686945000-10,2026-03-05,LONG,absorption_reversal_long,42.494,7.079,GOOD
BTC-USDT-SWAP-SHORT-1772689407000-11,2026-03-05,SHORT,retest_after_breakout_short,10.2,2.183,BAD
BTC-USDT-SWAP-SHORT-1772673503000-4,2026-03-05,SHORT,retest_after_breakout_short,58.89,10.55,MID
BTC-USDT-SWAP-LONG-1772692402000-15,2026-03-05,LONG,absorption_reversal_long,67.036,7.353,GOOD
BTC-USDT-SWAP-SHORT-1772691308000-14,2026-03-05,SHORT,absorption_reversal_short,77.645,1.052,BAD
BTC-USDT-SWAP-SHORT-1772690822000-12,2026-03-05,SHORT,retest_after_breakout_short,70.789,12.189,BAD
BTC-USDT-SWAP-SHORT-1772698247000-17,2026-03-05,SHORT,absorption_reversal_short,8.82,7.28,BAD
BTC-USDT-SWAP-LONG-1772691247000-13,2026-03-05,LONG,absorption_reversal_long,68.315,7.361,GOOD
BTC-USDT-SWAP-LONG-1772697409000-16,2026-03-05,LONG,absorption_reversal_long,107.464,7.687,GOOD
BTC-USDT-SWAP-LONG-1772706691000-18,2026-03-05,LONG,absorption_reversal_long,83.561,7.665,BAD
BTC-USDT-SWAP-LONG-1772706721000-19,2026-03-05,LONG,absorption_reversal_long,83.561,7.665,BAD
BTC-USDT-SWAP-LONG-1772709083000-20,2026-03-05,LONG,absorption_reversal_long,9.455,7.285,BAD
BTC-USDT-SWAP-LONG-1772710207000-21,2026-03-05,LONG,absorption_reversal_long,31.313,7.653,BAD
BTC-USDT-SWAP-LONG-1772711263000-22,2026-03-05,LONG,absorption_reversal_long,8.739,7.299,BAD
BTC-USDT-SWAP-LONG-1772725319000-24,2026-03-05,LONG,retest_after_breakout_long,56.112,46.995,BAD
BTC-USDT-SWAP-LONG-1772725364000-25,2026-03-05,LONG,retest_after_breakout_long,71.745,51.628,BAD
BTC-USDT-SWAP-SHORT-1772733604000-28,2026-03-05,SHORT,absorption_reversal_short,9.805,7.553,BAD
BTC-USDT-SWAP-SHORT-1772733612000-29,2026-03-05,SHORT,retest_after_breakout_short,10.067,0.736,BAD
BTC-USDT-SWAP-SHORT-1772725116000-23,2026-03-05,SHORT,absorption_reversal_short,70.569,8.074,BAD
BTC-USDT-SWAP-LONG-1772726417000-26,2026-03-05,LONG,absorption_reversal_long,56.619,8.633,BAD
BTC-USDT-SWAP-LONG-1772727700000-27,2026-03-05,LONG,absorption_reversal_long,74.716,8.25,BAD
BTC-USDT-SWAP-SHORT-1772755231000-1,2026-03-06,SHORT,absorption_reversal_short,55.343,6.723,BAD
BTC-USDT-SWAP-SHORT-1772756173000-3,2026-03-06,SHORT,absorption_reversal_short,9.076,7.267,BAD
BTC-USDT-SWAP-SHORT-1772755356000-2,2026-03-06,SHORT,absorption_reversal_short,57.421,6.97,BAD
BTC-USDT-SWAP-LONG-1772756699000-4,2026-03-06,LONG,absorption_reversal_long,37.964,2.209,BAD
BTC-USDT-SWAP-LONG-1772757101000-5,2026-03-06,LONG,absorption_reversal_long,23.994,6.954,BAD
BTC-USDT-SWAP-LONG-1772759770000-6,2026-03-06,LONG,absorption_reversal_long,28.34,7.354,BAD
BTC-USDT-SWAP-SHORT-1772762906000-9,2026-03-06,SHORT,absorption_reversal_short,9.253,7.358,BAD
BTC-USDT-SWAP-LONG-1772764396000-10,2026-03-06,LONG,absorption_reversal_long,8.194,7.264,BAD
BTC-USDT-SWAP-LONG-1772767072000-11,2026-03-06,LONG,absorption_reversal_long,8.73,7.532,BAD
BTC-USDT-SWAP-SHORT-1772761567000-8,2026-03-06,SHORT,retest_after_breakout_short,78.659,12.501,BAD
BTC-USDT-SWAP-LONG-1772770545000-12,2026-03-06,LONG,absorption_reversal_long,56.75,7.751,BAD
BTC-USDT-SWAP-SHORT-1772760332000-7,2026-03-06,SHORT,absorption_reversal_short,51.29,7.758,BAD
BTC-USDT-SWAP-SHORT-1772775022000-15,2026-03-06,SHORT,absorption_reversal_short,191.664,7.513,BAD
BTC-USDT-SWAP-SHORT-1772775639000-16,2026-03-06,SHORT,retest_after_breakout_short,55.842,45.287,BAD
BTC-USDT-SWAP-LONG-1772776333000-19,2026-03-06,LONG,absorption_reversal_long,88.749,7.672,BAD
BTC-USDT-SWAP-LONG-1772773475000-14,2026-03-06,LONG,absorption_reversal_long,25.785,7.512,BAD
BTC-USDT-SWAP-SHORT-1772775732000-17,2026-03-06,SHORT,retest_after_breakout_short,55.774,29.017,BAD
BTC-USDT-SWAP-SHORT-1772775754000-18,2026-03-06,SHORT,retest_after_breakout_short,55.774,29.017,BAD
BTC-USDT-SWAP-LONG-1772780826000-20,2026-03-06,LONG,absorption_reversal_long,8.585,7.652,BAD
BTC-USDT-SWAP-LONG-1772783534000-22,2026-03-06,LONG,absorption_reversal_long,49.365,7.349,BAD
BTC-USDT-SWAP-LONG-1772782005000-21,2026-03-06,LONG,absorption_reversal_long,117.996,7.357,BAD
BTC-USDT-SWAP-LONG-1772772339000-13,2026-03-06,LONG,retest_after_breakout_long,54.685,46.386,BAD
BTC-USDT-SWAP-LONG-1772792968000-23,2026-03-06,LONG,absorption_reversal_long,38.47,5.956,BAD
BTC-USDT-SWAP-SHORT-1772798800000-24,2026-03-06,SHORT,absorption_reversal_short,9.128,7.783,BAD
BTC-USDT-SWAP-LONG-1772800868000-26,2026-03-06,LONG,retest_after_breakout_long,23.012,14.022,BAD
BTC-USDT-SWAP-LONG-1772799229000-25,2026-03-06,LONG,retest_after_breakout_long,51.757,42.585,BAD
BTC-USDT-SWAP-LONG-1772806967000-29,2026-03-06,LONG,absorption_reversal_long,9.006,7.871,BAD
BTC-USDT-SWAP-SHORT-1772806000000-27,2026-03-06,SHORT,absorption_reversal_short,171.646,8.26,BAD
BTC-USDT-SWAP-SHORT-1772806627000-28,2026-03-06,SHORT,absorption_reversal_short,9.873,8.636,BAD
BTC-USDT-SWAP-SHORT-1772808809000-30,2026-03-06,SHORT,absorption_reversal_short,9.583,8.247,BAD
BTC-USDT-SWAP-SHORT-1772808921000-31,2026-03-06,SHORT,absorption_reversal_short,40.148,8.231,BAD
BTC-USDT-SWAP-SHORT-1772813847000-35,2026-03-06,SHORT,absorption_reversal_short,211.466,8.173,BAD
BTC-USDT-SWAP-LONG-1772812900000-34,2026-03-06,LONG,absorption_reversal_long,10.194,8.098,BAD
BTC-USDT-SWAP-LONG-1772811186000-32,2026-03-06,LONG,retest_after_breakout_long,52.558,43.41,BAD
BTC-USDT-SWAP-LONG-1772811246000-33,2026-03-06,LONG,retest_after_breakout_long,52.558,43.41,BAD
BTC-USDT-SWAP-LONG-1772818299000-37,2026-03-06,LONG,absorption_reversal_long,43.837,7.971,BAD
BTC-USDT-SWAP-SHORT-1772819110000-38,2026-03-06,SHORT,absorption_reversal_short,180.589,8.124,BAD
BTC-USDT-SWAP-LONG-1772821141000-40,2026-03-06,LONG,absorption_reversal_long,144.309,7.987,BAD
BTC-USDT-SWAP-SHORT-1772819528000-39,2026-03-06,SHORT,absorption_reversal_short,115.599,8.006,BAD
BTC-USDT-SWAP-SHORT-1772829513000-41,2026-03-06,SHORT,retest_after_breakout_short,20.395,11.519,BAD
BTC-USDT-SWAP-LONG-1772818252000-36,2026-03-06,LONG,absorption_reversal_long,43.837,7.971,BAD
BTC-USDT-SWAP-LONG-1772834507000-42,2026-03-06,LONG,absorption_reversal_long,70.798,6.935,BAD
BTC-USDT-SWAP-LONG-1772837456000-43,2026-03-06,LONG,absorption_reversal_long,18.895,2.763,BAD
BTC-USDT-SWAP-LONG-1772842451000-1,2026-03-07,LONG,absorption_reversal_long,88.21,6.977,BAD
BTC-USDT-SWAP-SHORT-1772843979000-3,2026-03-07,SHORT,absorption_reversal_short,70.134,6.534,BAD
BTC-USDT-SWAP-LONG-1772844248000-4,2026-03-07,LONG,absorption_reversal_long,33.652,6.814,BAD
BTC-USDT-SWAP-SHORT-1772850673000-5,2026-03-07,SHORT,retest_after_breakout_short,62.284,27.902,BAD
BTC-USDT-SWAP-LONG-1772852776000-6,2026-03-07,LONG,absorption_reversal_long,20.212,7.026,BAD
BTC-USDT-SWAP-SHORT-1772842770000-2,2026-03-07,SHORT,absorption_reversal_short,126.378,6.756,BAD
BTC-USDT-SWAP-SHORT-1772860169000-10,2026-03-07,SHORT,absorption_reversal_short,62.49,7.161,BAD
BTC-USDT-SWAP-SHORT-1772857253000-9,2026-03-07,SHORT,absorption_reversal_short,7.758,6.647,BAD
BTC-USDT-SWAP-SHORT-1772856582000-8,2026-03-07,SHORT,retest_after_breakout_short,11.417,3.532,BAD
BTC-USDT-SWAP-LONG-1772856498000-7,2026-03-07,LONG,retest_after_breakout_long,112.174,105.226,BAD
BTC-USDT-SWAP-LONG-1772869985000-15,2026-03-07,LONG,absorption_reversal_long,8.055,7.015,BAD
BTC-USDT-SWAP-LONG-1772870125000-16,2026-03-07,LONG,absorption_reversal_long,139.679,6.609,BAD
BTC-USDT-SWAP-SHORT-1772867910000-12,2026-03-07,SHORT,absorption_reversal_short,201.684,6.909,BAD
BTC-USDT-SWAP-LONG-1772866698000-11,2026-03-07,LONG,retest_after_breakout_long,63.212,54.462,BAD
BTC-USDT-SWAP-LONG-1772872987000-18,2026-03-07,LONG,retest_after_breakout_long,65.546,35.647,BAD
BTC-USDT-SWAP-LONG-1772872211000-17,2026-03-07,LONG,absorption_reversal_long,8.225,7.017,BAD
BTC-USDT-SWAP-SHORT-1772868613000-13,2026-03-07,SHORT,absorption_reversal_short,25.336,7.155,BAD
BTC-USDT-SWAP-LONG-1772877219000-19,2026-03-07,LONG,absorption_reversal_long,115.542,6.766,BAD
BTC-USDT-SWAP-SHORT-1772869703000-14,2026-03-07,SHORT,retest_after_breakout_short,8.894,0.6,BAD
BTC-USDT-SWAP-SHORT-1772892481000-20,2026-03-07,SHORT,absorption_reversal_short,70.18,7.114,BAD
BTC-USDT-SWAP-SHORT-1772906920000-21,2026-03-07,SHORT,retest_after_breakout_short,28.167,19.753,BAD
BTC-USDT-SWAP-SHORT-1772910598000-22,2026-03-07,SHORT,absorption_reversal_short,151.326,7.538,BAD
BTC-USDT-SWAP-SHORT-1772911480000-23,2026-03-07,SHORT,absorption_reversal_short,50.569,7.407,BAD
BTC-USDT-SWAP-LONG-1772913422000-24,2026-03-07,LONG,absorption_reversal_long,9.074,7.211,BAD
BTC-USDT-SWAP-LONG-1772913488000-25,2026-03-07,LONG,absorption_reversal_long,59.593,7.203,BAD
BTC-USDT-SWAP-LONG-1772916785000-26,2026-03-07,LONG,absorption_reversal_long,7.372,6.303,BAD
BTC-USDT-SWAP-LONG-1772919621000-27,2026-03-07,LONG,retest_after_breakout_long,25.497,17.135,BAD
BTC-USDT-SWAP-SHORT-1772930593000-4,2026-03-08,SHORT,absorption_reversal_short,9.084,7.466,BAD
BTC-USDT-SWAP-LONG-1772931158000-5,2026-03-08,LONG,absorption_reversal_long,7.422,6.765,BAD
BTC-USDT-SWAP-SHORT-1772928898000-2,2026-03-08,SHORT,absorption_reversal_short,8.056,6.452,BAD
BTC-USDT-SWAP-SHORT-1772932298000-6,2026-03-08,SHORT,absorption_reversal_short,7.804,6.814,BAD
BTC-USDT-SWAP-SHORT-1772937050000-7,2026-03-08,SHORT,retest_after_breakout_short,43.127,25.466,BAD
BTC-USDT-SWAP-LONG-1772928031000-1,2026-03-08,LONG,absorption_reversal_long,88.876,7.265,BAD
BTC-USDT-SWAP-LONG-1772929845000-3,2026-03-08,LONG,absorption_reversal_long,72.989,7.193,BAD
BTC-USDT-SWAP-SHORT-1772937086000-8,2026-03-08,SHORT,absorption_reversal_short,8.037,7.018,BAD
BTC-USDT-SWAP-SHORT-1772942112000-11,2026-03-08,SHORT,absorption_reversal_short,7.826,6.826,BAD
BTC-USDT-SWAP-SHORT-1772938604000-10,2026-03-08,SHORT,absorption_reversal_short,135.289,6.882,BAD
BTC-USDT-SWAP-SHORT-1772945605000-12,2026-03-08,SHORT,absorption_reversal_short,15.421,6.818,BAD
BTC-USDT-SWAP-LONG-1772954182000-14,2026-03-08,LONG,absorption_reversal_long,15.113,7.355,GOOD
BTC-USDT-SWAP-SHORT-1772955851000-15,2026-03-08,SHORT,retest_after_breakout_short,49.839,0.415,BAD
BTC-USDT-SWAP-LONG-1772956387000-16,2026-03-08,LONG,absorption_reversal_long,8.051,6.97,GOOD
BTC-USDT-SWAP-LONG-1772960006000-18,2026-03-08,LONG,absorption_reversal_long,108.628,7.239,GOOD
BTC-USDT-SWAP-LONG-1772960711000-20,2026-03-08,LONG,absorption_reversal_long,29.335,7.637,GOOD
BTC-USDT-SWAP-LONG-1772945971000-13,2026-03-08,LONG,absorption_reversal_long,7.158,0.178,GOOD
BTC-USDT-SWAP-SHORT-1772959740000-17,2026-03-08,SHORT,absorption_reversal_short,97.89,7.072,BAD
BTC-USDT-SWAP-LONG-1772961897000-22,2026-03-08,LONG,retest_after_breakout_long,71.146,13.791,MID
BTC-USDT-SWAP-SHORT-1772961574000-21,2026-03-08,SHORT,retest_after_breakout_short,60.851,2.175,BAD
BTC-USDT-SWAP-LONG-1772938557000-9,2026-03-08,LONG,absorption_reversal_long,8.325,0.432,BAD
BTC-USDT-SWAP-SHORT-1772966351000-24,2026-03-08,SHORT,retest_after_breakout_short,18.48,9.211,BAD
BTC-USDT-SWAP-SHORT-1772965735000-23,2026-03-08,SHORT,absorption_reversal_short,9.404,7.307,BAD
BTC-USDT-SWAP-SHORT-1772960413000-19,2026-03-08,SHORT,absorption_reversal_short,89.409,7.93,BAD
BTC-USDT-SWAP-LONG-1772966741000-25,2026-03-08,LONG,absorption_reversal_long,8.198,7.198,BAD
BTC-USDT-SWAP-LONG-1773009806000-28,2026-03-08,LONG,retest_after_breakout_long,40.834,32.552,BAD
BTC-USDT-SWAP-SHORT-1773008368000-26,2026-03-08,SHORT,absorption_reversal_short,106.229,7.744,BAD
BTC-USDT-SWAP-SHORT-1773008374000-27,2026-03-08,SHORT,absorption_reversal_short,106.229,7.744,BAD
BTC-USDT-SWAP-LONG-1773009907000-29,2026-03-08,LONG,absorption_reversal_long,8.569,7.569,BAD
BTC-USDT-SWAP-SHORT-1773010345000-30,2026-03-08,SHORT,retest_after_breakout_short,212.373,204.733,BAD
BTC-USDT-SWAP-SHORT-1773012685000-31,2026-03-08,SHORT,absorption_reversal_short,150.698,7.383,BAD
BTC-USDT-SWAP-SHORT-1773012754000-32,2026-03-08,SHORT,absorption_reversal_short,150.698,7.383,BAD
BTC-USDT-SWAP-SHORT-1773013924000-33,2026-03-08,SHORT,absorption_reversal_short,53.311,7.318,BAD
BTC-USDT-SWAP-SHORT-1773014431000-1,2026-03-09,SHORT,absorption_reversal_short,8.992,7.745,BAD
BTC-USDT-SWAP-LONG-1773017505000-4,2026-03-09,LONG,absorption_reversal_long,14.492,7.622,BAD
BTC-USDT-SWAP-LONG-1773016156000-3,2026-03-09,LONG,retest_after_breakout_long,24.62,15.809,BAD
BTC-USDT-SWAP-SHORT-1773015207000-2,2026-03-09,SHORT,absorption_reversal_short,49.771,8.181,BAD
BTC-USDT-SWAP-LONG-1773028538000-9,2026-03-09,LONG,absorption_reversal_long,51.58,2.053,BAD
BTC-USDT-SWAP-LONG-1773031454000-10,2026-03-09,LONG,retest_after_breakout_long,19.636,9.384,BAD
BTC-USDT-SWAP-LONG-1773027249000-8,2026-03-09,LONG,retest_after_breakout_long,31.022,11.189,BAD
BTC-USDT-SWAP-LONG-1773026901000-6,2026-03-09,LONG,absorption_reversal_long,84.02,7.818,BAD
BTC-USDT-SWAP-LONG-1773027138000-7,2026-03-09,LONG,absorption_reversal_long,73.469,7.915,BAD
BTC-USDT-SWAP-SHORT-1773025639000-5,2026-03-09,SHORT,retest_after_breakout_short,44.925,35.365,MID
BTC-USDT-SWAP-SHORT-1773037195000-15,2026-03-09,SHORT,absorption_reversal_short,56.032,5.067,MID
BTC-USDT-SWAP-SHORT-1773037247000-16,2026-03-09,SHORT,absorption_reversal_short,134.316,7.619,MID
BTC-USDT-SWAP-SHORT-1773038614000-17,2026-03-09,SHORT,absorption_reversal_short,8.631,7.014,MID
BTC-USDT-SWAP-SHORT-1773038772000-18,2026-03-09,SHORT,absorption_reversal_short,72.968,7.404,MID
BTC-USDT-SWAP-LONG-1773036656000-13,2026-03-09,LONG,retest_after_breakout_long,46.574,23.387,BAD
BTC-USDT-SWAP-LONG-1773036806000-14,2026-03-09,LONG,retest_after_breakout_long,46.574,23.387,BAD
BTC-USDT-SWAP-SHORT-1773035662000-12,2026-03-09,SHORT,absorption_reversal_short,33.967,7.591,MID
BTC-USDT-SWAP-SHORT-1773040375000-19,2026-03-09,SHORT,retest_after_breakout_short,65.323,48.055,MID
BTC-USDT-SWAP-SHORT-1773042144000-20,2026-03-09,SHORT,absorption_reversal_short,62.164,7.24,MID
BTC-USDT-SWAP-LONG-1773045274000-22,2026-03-09,LONG,absorption_reversal_long,8.611,7.495,BAD
BTC-USDT-SWAP-SHORT-1773045071000-21,2026-03-09,SHORT,retest_after_breakout_short,67.464,58.955,MID
BTC-USDT-SWAP-SHORT-1773035272000-11,2026-03-09,SHORT,absorption_reversal_short,9.169,7.8,MID
BTC-USDT-SWAP-SHORT-1773052725000-24,2026-03-09,SHORT,absorption_reversal_short,100.02,7.551,MID
BTC-USDT-SWAP-LONG-1773053059000-25,2026-03-09,LONG,absorption_reversal_long,77.305,6.371,BAD
BTC-USDT-SWAP-LONG-1773059253000-26,2026-03-09,LONG,retest_after_breakout_long,25.35,16.824,BAD
BTC-USDT-SWAP-LONG-1773059276000-27,2026-03-09,LONG,retest_after_breakout_long,25.35,16.824,BAD
BTC-USDT-SWAP-SHORT-1773060996000-29,2026-03-09,SHORT,absorption_reversal_short,90.587,7.471,MID
BTC-USDT-SWAP-SHORT-1773060141000-28,2026-03-09,SHORT,retest_after_breakout_short,26.763,1.797,MID
BTC-USDT-SWAP-LONG-1773063517000-30,2026-03-09,LONG,retest_after_breakout_long,34.666,9.166,BAD
BTC-USDT-SWAP-LONG-1773063532000-31,2026-03-09,LONG,absorption_reversal_long,9.273,8.056,BAD
BTC-USDT-SWAP-LONG-1773064788000-33,2026-03-09,LONG,absorption_reversal_long,119.574,8.38,BAD
BTC-USDT-SWAP-LONG-1773066205000-36,2026-03-09,LONG,absorption_reversal_long,60.042,8.049,MID
BTC-USDT-SWAP-LONG-1773064671000-32,2026-03-09,LONG,absorption_reversal_long,9.38,7.547,BAD
BTC-USDT-SWAP-SHORT-1773066123000-34,2026-03-09,SHORT,retest_after_breakout_short,81.165,60.9,MID
BTC-USDT-SWAP-SHORT-1773066127000-35,2026-03-09,SHORT,retest_after_breakout_short,81.165,60.9,MID
BTC-USDT-SWAP-SHORT-1773070746000-38,2026-03-09,SHORT,absorption_reversal_short,81.853,7.817,MID
BTC-USDT-SWAP-SHORT-1773070714000-37,2026-03-09,SHORT,absorption_reversal_short,8.878,7.324,MID
BTC-USDT-SWAP-SHORT-1773072008000-39,2026-03-09,SHORT,absorption_reversal_short,8.797,7.627,MID
BTC-USDT-SWAP-LONG-1773077548000-40,2026-03-09,LONG,absorption_reversal_long,55.655,7.674,MID
BTC-USDT-SWAP-LONG-1773080726000-44,2026-03-09,LONG,absorption_reversal_long,55.591,7.336,MID
BTC-USDT-SWAP-LONG-1773079906000-42,2026-03-09,LONG,absorption_reversal_long,104.404,7.558,MID
BTC-USDT-SWAP-SHORT-1773079208000-41,2026-03-09,SHORT,absorption_reversal_short,223.721,7.729,BAD
BTC-USDT-SWAP-SHORT-1773080165000-43,2026-03-09,SHORT,absorption_reversal_short,129.284,7.925,BAD
BTC-USDT-SWAP-SHORT-1773094256000-45,2026-03-09,SHORT,retest_after_breakout_short,29.633,21.014,BAD
BTC-USDT-SWAP-SHORT-1773097331000-48,2026-03-09,SHORT,absorption_reversal_short,38.788,7.088,BAD
BTC-USDT-SWAP-SHORT-1773094321000-46,2026-03-09,SHORT,absorption_reversal_short,76.144,6.891,BAD
BTC-USDT-SWAP-LONG-1773096154000-47,2026-03-09,LONG,retest_after_breakout_long,42.441,33.938,BAD
BTC-USDT-SWAP-LONG-1773100831000-1,2026-03-10,LONG,absorption_reversal_long,27.318,7.309,GOOD
BTC-USDT-SWAP-LONG-1773104310000-6,2026-03-10,LONG,absorption_reversal_long,43.128,7.648,GOOD
BTC-USDT-SWAP-LONG-1773106071000-9,2026-03-10,LONG,retest_after_breakout_long,102.403,34.157,GOOD
BTC-USDT-SWAP-SHORT-1773101678000-2,2026-03-10,SHORT,absorption_reversal_short,70.471,7.552,BAD
BTC-USDT-SWAP-SHORT-1773101724000-3,2026-03-10,SHORT,absorption_reversal_short,70.471,7.552,BAD
BTC-USDT-SWAP-LONG-1773104480000-7,2026-03-10,LONG,absorption_reversal_long,8.769,7.115,GOOD
BTC-USDT-SWAP-LONG-1773104532000-8,2026-03-10,LONG,retest_after_breakout_long,24.238,10.365,GOOD
BTC-USDT-SWAP-LONG-1773106990000-10,2026-03-10,LONG,absorption_reversal_long,8.053,7.288,GOOD
BTC-USDT-SWAP-SHORT-1773102785000-4,2026-03-10,SHORT,retest_after_breakout_short,64.58,56.049,BAD
BTC-USDT-SWAP-SHORT-1773103324000-5,2026-03-10,SHORT,absorption_reversal_short,83.96,7.432,BAD
BTC-USDT-SWAP-SHORT-1773113999000-12,2026-03-10,SHORT,retest_after_breakout_short,62.597,38.377,BAD
BTC-USDT-SWAP-LONG-1773111721000-11,2026-03-10,LONG,absorption_reversal_long,87.34,8.057,MID
BTC-USDT-SWAP-SHORT-1773115229000-15,2026-03-10,SHORT,absorption_reversal_short,67.325,7.83,BAD
BTC-USDT-SWAP-LONG-1773116500000-17,2026-03-10,LONG,retest_after_breakout_long,79.282,23.843,MID
BTC-USDT-SWAP-LONG-1773118368000-19,2026-03-10,LONG,absorption_reversal_long,83.598,7.186,MID
BTC-USDT-SWAP-LONG-1773116566000-18,2026-03-10,LONG,retest_after_breakout_long,79.282,23.843,MID
BTC-USDT-SWAP-LONG-1773115703000-16,2026-03-10,LONG,retest_after_breakout_long,20.864,12.015,MID
BTC-USDT-SWAP-LONG-1773120716000-23,2026-03-10,LONG,absorption_reversal_long,58.992,7.184,MID
BTC-USDT-SWAP-LONG-1773114910000-14,2026-03-10,LONG,absorption_reversal_long,180.192,7.892,MID
BTC-USDT-SWAP-SHORT-1773114143000-13,2026-03-10,SHORT,absorption_reversal_short,14.38,7.886,BAD
BTC-USDT-SWAP-LONG-1773119418000-20,2026-03-10,LONG,retest_after_breakout_long,47.325,9.413,MID
BTC-USDT-SWAP-SHORT-1773119667000-21,2026-03-10,SHORT,absorption_reversal_short,9.128,7.292,BAD
BTC-USDT-SWAP-SHORT-1773119784000-22,2026-03-10,SHORT,retest_after_breakout_short,81.508,19.797,BAD
BTC-USDT-SWAP-LONG-1773127382000-24,2026-03-10,LONG,absorption_reversal_long,13.917,7.366,BAD
BTC-USDT-SWAP-LONG-1773127409000-25,2026-03-10,LONG,absorption_reversal_long,13.917,7.366,BAD
BTC-USDT-SWAP-SHORT-1773129222000-26,2026-03-10,SHORT,absorption_reversal_short,109.783,7.673,GOOD
BTC-USDT-SWAP-SHORT-1773132250000-30,2026-03-10,SHORT,absorption_reversal_short,64.352,7.32,GOOD
BTC-USDT-SWAP-LONG-1773133047000-31,2026-03-10,LONG,absorption_reversal_long,28.102,7.738,BAD
BTC-USDT-SWAP-LONG-1773130875000-28,2026-03-10,LONG,absorption_reversal_long,30.038,7.593,BAD
BTC-USDT-SWAP-LONG-1773132119000-29,2026-03-10,LONG,absorption_reversal_long,153.334,7.568,BAD
BTC-USDT-SWAP-SHORT-1773141284000-35,2026-03-10,SHORT,absorption_reversal_short,91.094,7.421,MID
BTC-USDT-SWAP-SHORT-1773140970000-34,2026-03-10,SHORT,absorption_reversal_short,9.364,7.503,MID
BTC-USDT-SWAP-LONG-1773139318000-33,2026-03-10,LONG,absorption_reversal_long,26.657,7.352,GOOD
BTC-USDT-SWAP-SHORT-1773144098000-36,2026-03-10,SHORT,absorption_reversal_short,55.768,7.544,BAD
BTC-USDT-SWAP-SHORT-1773135384000-32,2026-03-10,SHORT,absorption_reversal_short,196.316,7.651,MID
BTC-USDT-SWAP-LONG-1773148718000-37,2026-03-10,LONG,absorption_reversal_long,9.508,1.705,GOOD
BTC-USDT-SWAP-SHORT-1773130383000-27,2026-03-10,SHORT,absorption_reversal_short,110.221,7.572,GOOD
BTC-USDT-SWAP-SHORT-1773150917000-38,2026-03-10,SHORT,absorption_reversal_short,10.12,8.874,BAD
BTC-USDT-SWAP-SHORT-1773161500000-44,2026-03-10,SHORT,retest_after_breakout_short,86.335,77.387,BAD
BTC-USDT-SWAP-LONG-1773155511000-41,2026-03-10,LONG,absorption_reversal_long,10.067,8.363,BAD
BTC-USDT-SWAP-LONG-1773154908000-39,2026-03-10,LONG,absorption_reversal_long,9.81,8.592,BAD
BTC-USDT-SWAP-LONG-1773154921000-40,2026-03-10,LONG,absorption_reversal_long,9.81,8.592,BAD
BTC-USDT-SWAP-SHORT-1773160125000-43,2026-03-10,SHORT,absorption_reversal_short,9.281,8.071,BAD
BTC-USDT-SWAP-SHORT-1773160082000-42,2026-03-10,SHORT,absorption_reversal_short,9.281,8.071,BAD
BTC-USDT-SWAP-SHORT-1773167137000-45,2026-03-10,SHORT,absorption_reversal_short,56.067,8.485,BAD
BTC-USDT-SWAP-SHORT-1773181308000-46,2026-03-10,SHORT,absorption_reversal_short,81.611,7.999,BAD
BTC-USDT-SWAP-SHORT-1773188301000-3,2026-03-11,SHORT,retest_after_breakout_short,34.3,25.48,BAD
BTC-USDT-SWAP-SHORT-1773188323000-4,2026-03-11,SHORT,retest_after_breakout_short,48.259,39.404,BAD
BTC-USDT-SWAP-SHORT-1773188983000-5,2026-03-11,SHORT,absorption_reversal_short,83.298,7.587,BAD
BTC-USDT-SWAP-SHORT-1773197989000-7,2026-03-11,SHORT,absorption_reversal_short,102.031,7.559,BAD
BTC-USDT-SWAP-LONG-1773200852000-10,2026-03-11,LONG,absorption_reversal_long,61.881,7.094,GOOD
BTC-USDT-SWAP-SHORT-1773199659000-9,2026-03-11,SHORT,absorption_reversal_short,55.419,1.518,BAD
BTC-USDT-SWAP-LONG-1773196970000-6,2026-03-11,LONG,absorption_reversal_long,79.634,7.481,GOOD
BTC-USDT-SWAP-SHORT-1773198237000-8,2026-03-11,SHORT,absorption_reversal_short,8.965,7.133,BAD
BTC-USDT-SWAP-LONG-1773187573000-1,2026-03-11,LONG,absorption_reversal_long,73.371,8.077,BAD
BTC-USDT-SWAP-SHORT-1773188193000-2,2026-03-11,SHORT,absorption_reversal_short,9.823,7.675,BAD
BTC-USDT-SWAP-SHORT-1773205204000-11,2026-03-11,SHORT,absorption_reversal_short,8.501,6.963,BAD
BTC-USDT-SWAP-SHORT-1773208151000-12,2026-03-11,SHORT,retest_after_breakout_short,25.943,16.966,BAD
BTC-USDT-SWAP-SHORT-1773215694000-14,2026-03-11,SHORT,retest_after_breakout_short,62.072,53.224,BAD
BTC-USDT-SWAP-SHORT-1773215155000-13,2026-03-11,SHORT,retest_after_breakout_short,72.292,33.894,BAD
BTC-USDT-SWAP-LONG-1773223325000-15,2026-03-11,LONG,retest_after_breakout_long,281.822,224.748,BAD
BTC-USDT-SWAP-SHORT-1773224449000-16,2026-03-11,SHORT,absorption_reversal_short,25.128,7.259,GOOD
BTC-USDT-SWAP-SHORT-1773229823000-17,2026-03-11,SHORT,retest_after_breakout_short,185.143,176.095,GOOD
BTC-USDT-SWAP-SHORT-1773230558000-18,2026-03-11,SHORT,absorption_reversal_short,8.702,7.468,GOOD
BTC-USDT-SWAP-SHORT-1773230703000-19,2026-03-11,SHORT,absorption_reversal_short,8.702,7.468,GOOD
BTC-USDT-SWAP-LONG-1773231035000-20,2026-03-11,LONG,retest_after_breakout_long,56.323,36.263,BAD
BTC-USDT-SWAP-LONG-1773231661000-21,2026-03-11,LONG,absorption_reversal_long,8.906,7.836,BAD
BTC-USDT-SWAP-LONG-1773231710000-22,2026-03-11,LONG,absorption_reversal_long,8.906,7.836,BAD
BTC-USDT-SWAP-LONG-1773235815000-23,2026-03-11,LONG,absorption_reversal_long,12.756,8.915,BAD
BTC-USDT-SWAP-LONG-1773240262000-26,2026-03-11,LONG,absorption_reversal_long,107.526,8.165,BAD
BTC-USDT-SWAP-SHORT-1773240148000-25,2026-03-11,SHORT,absorption_reversal_short,8.693,7.676,BAD
BTC-USDT-SWAP-SHORT-1773240074000-24,2026-03-11,SHORT,absorption_reversal_short,8.693,7.676,BAD
BTC-USDT-SWAP-LONG-1773244374000-27,2026-03-11,LONG,absorption_reversal_long,251.047,7.948,BAD
BTC-USDT-SWAP-LONG-1773248977000-28,2026-03-11,LONG,absorption_reversal_long,9.334,7.575,BAD
BTC-USDT-SWAP-LONG-1773249090000-29,2026-03-11,LONG,absorption_reversal_long,9.334,7.575,BAD
BTC-USDT-SWAP-LONG-1773250265000-30,2026-03-11,LONG,absorption_reversal_long,421.314,8.717,BAD
BTC-USDT-SWAP-SHORT-1773273641000-1,2026-03-12,SHORT,absorption_reversal_short,23.1,7.674,MID
BTC-USDT-SWAP-SHORT-1773274473000-2,2026-03-12,SHORT,absorption_reversal_short,48.767,7.692,MID
BTC-USDT-SWAP-LONG-1773274846000-3,2026-03-12,LONG,absorption_reversal_long,121.61,7.431,BAD
BTC-USDT-SWAP-SHORT-1773278670000-7,2026-03-12,SHORT,absorption_reversal_short,70.0,7.328,MID
BTC-USDT-SWAP-LONG-1773275033000-4,2026-03-12,LONG,absorption_reversal_long,121.699,7.316,BAD
BTC-USDT-SWAP-SHORT-1773277918000-6,2026-03-12,SHORT,absorption_reversal_short,60.408,7.728,MID
BTC-USDT-SWAP-SHORT-1773279543000-8,2026-03-12,SHORT,absorption_reversal_short,9.812,7.268,MID
BTC-USDT-SWAP-SHORT-1773281619000-10,2026-03-12,SHORT,absorption_reversal_short,9.553,7.47,MID
BTC-USDT-SWAP-LONG-1773280802000-9,2026-03-12,LONG,absorption_reversal_long,60.821,7.206,BAD
BTC-USDT-SWAP-LONG-1773277743000-5,2026-03-12,LONG,absorption_reversal_long,34.663,7.276,BAD
BTC-USDT-SWAP-SHORT-1773282318000-11,2026-03-12,SHORT,retest_after_breakout_short,13.215,1.706,MID
BTC-USDT-SWAP-LONG-1773289183000-16,2026-03-12,LONG,absorption_reversal_long,80.136,7.315,BAD
BTC-USDT-SWAP-SHORT-1773284771000-15,2026-03-12,SHORT,retest_after_breakout_short,70.099,13.178,MID
BTC-USDT-SWAP-SHORT-1773283808000-13,2026-03-12,SHORT,absorption_reversal_short,50.846,7.515,MID
BTC-USDT-SWAP-SHORT-1773283301000-12,2026-03-12,SHORT,absorption_reversal_short,68.79,7.493,MID
BTC-USDT-SWAP-LONG-1773302140000-18,2026-03-12,LONG,retest_after_breakout_long,10.324,2.169,GOOD
BTC-USDT-SWAP-LONG-1773303167000-19,2026-03-12,LONG,absorption_reversal_long,33.229,7.692,GOOD
BTC-USDT-SWAP-LONG-1773284182000-14,2026-03-12,LONG,retest_after_breakout_long,9.643,1.079,BAD
BTC-USDT-SWAP-SHORT-1773301094000-17,2026-03-12,SHORT,absorption_reversal_short,7.396,7.107,BAD
BTC-USDT-SWAP-LONG-1773306306000-20,2026-03-12,LONG,absorption_reversal_long,51.275,7.229,GOOD
BTC-USDT-SWAP-LONG-1773307320000-21,2026-03-12,LONG,retest_after_breakout_long,19.033,10.331,GOOD
BTC-USDT-SWAP-SHORT-1773309951000-23,2026-03-12,SHORT,absorption_reversal_short,8.151,7.133,GOOD
BTC-USDT-SWAP-LONG-1773312405000-25,2026-03-12,LONG,absorption_reversal_long,55.892,7.765,GOOD
BTC-USDT-SWAP-LONG-1773314440000-27,2026-03-12,LONG,absorption_reversal_long,127.313,7.475,BAD
BTC-USDT-SWAP-LONG-1773312889000-26,2026-03-12,LONG,absorption_reversal_long,9.387,5.157,GOOD
BTC-USDT-SWAP-SHORT-1773311218000-24,2026-03-12,SHORT,absorption_reversal_short,113.417,7.659,GOOD
BTC-USDT-SWAP-SHORT-1773314627000-28,2026-03-12,SHORT,absorption_reversal_short,37.882,7.879,MID
BTC-USDT-SWAP-LONG-1773309139000-22,2026-03-12,LONG,retest_after_breakout_long,25.939,17.787,GOOD
BTC-USDT-SWAP-SHORT-1773322220000-29,2026-03-12,SHORT,absorption_reversal_short,99.092,8.513,BAD
BTC-USDT-SWAP-SHORT-1773327022000-31,2026-03-12,SHORT,retest_after_breakout_short,49.696,11.797,BAD
BTC-USDT-SWAP-SHORT-1773327051000-32,2026-03-12,SHORT,retest_after_breakout_short,49.696,11.797,BAD
BTC-USDT-SWAP-LONG-1773324378000-30,2026-03-12,LONG,absorption_reversal_long,180.252,8.671,BAD
BTC-USDT-SWAP-LONG-1773360301000-1,2026-03-13,LONG,absorption_reversal_long,10.651,8.635,GOOD
BTC-USDT-SWAP-LONG-1773360324000-2,2026-03-13,LONG,absorption_reversal_long,10.651,8.635,GOOD
BTC-USDT-SWAP-SHORT-1773364676000-6,2026-03-13,SHORT,retest_after_breakout_short,23.523,14.859,BAD
BTC-USDT-SWAP-SHORT-1773373019000-8,2026-03-13,SHORT,absorption_reversal_short,8.751,7.116,BAD
BTC-USDT-SWAP-SHORT-1773369857000-7,2026-03-13,SHORT,absorption_reversal_short,37.534,7.649,BAD
BTC-USDT-SWAP-LONG-1773362170000-4,2026-03-13,LONG,absorption_reversal_long,80.345,7.921,MID
BTC-USDT-SWAP-LONG-1773362182000-5,2026-03-13,LONG,absorption_reversal_long,80.345,7.921,MID
BTC-USDT-SWAP-LONG-1773395617000-9,2026-03-13,LONG,absorption_reversal_long,8.565,7.428,BAD
BTC-USDT-SWAP-SHORT-1773361797000-3,2026-03-13,SHORT,absorption_reversal_short,54.839,1.263,BAD
BTC-USDT-SWAP-LONG-1773396407000-11,2026-03-13,LONG,absorption_reversal_long,106.406,7.463,BAD
BTC-USDT-SWAP-LONG-1773396646000-12,2026-03-13,LONG,absorption_reversal_long,25.143,7.469,BAD
BTC-USDT-SWAP-LONG-1773397689000-13,2026-03-13,LONG,retest_after_breakout_long,28.015,18.797,BAD
BTC-USDT-SWAP-LONG-1773398532000-14,2026-03-13,LONG,absorption_reversal_long,8.992,7.073,BAD
BTC-USDT-SWAP-SHORT-1773396389000-10,2026-03-13,SHORT,absorption_reversal_short,150.939,7.949,BAD
BTC-USDT-SWAP-SHORT-1773398894000-15,2026-03-13,SHORT,absorption_reversal_short,55.65,7.99,BAD
BTC-USDT-SWAP-LONG-1773406851000-17,2026-03-13,LONG,retest_after_breakout_long,116.722,58.268,BAD
BTC-USDT-SWAP-LONG-1773406983000-18,2026-03-13,LONG,absorption_reversal_long,207.22,7.908,BAD
BTC-USDT-SWAP-SHORT-1773406290000-16,2026-03-13,SHORT,absorption_reversal_short,8.855,7.559,BAD
BTC-USDT-SWAP-SHORT-1773407290000-19,2026-03-13,SHORT,absorption_reversal_short,9.02,7.811,BAD
BTC-USDT-SWAP-SHORT-1773408336000-22,2026-03-13,SHORT,absorption_reversal_short,183.838,8.783,BAD
BTC-USDT-SWAP-SHORT-1773408172000-20,2026-03-13,SHORT,retest_after_breakout_short,112.689,8.486,BAD
BTC-USDT-SWAP-SHORT-1773408283000-21,2026-03-13,SHORT,absorption_reversal_short,183.838,8.783,BAD
BTC-USDT-SWAP-LONG-1773410785000-23,2026-03-13,LONG,absorption_reversal_long,165.576,8.581,BAD
BTC-USDT-SWAP-SHORT-1773417139000-25,2026-03-13,SHORT,absorption_reversal_short,229.15,8.297,BAD
BTC-USDT-SWAP-SHORT-1773418383000-26,2026-03-13,SHORT,absorption_reversal_short,9.979,8.166,BAD
BTC-USDT-SWAP-SHORT-1773424644000-29,2026-03-13,SHORT,retest_after_breakout_short,52.753,42.075,BAD
BTC-USDT-SWAP-SHORT-1773426956000-31,2026-03-13,SHORT,retest_after_breakout_short,81.958,11.256,BAD
BTC-USDT-SWAP-SHORT-1773425887000-30,2026-03-13,SHORT,absorption_reversal_short,122.791,7.615,BAD
BTC-USDT-SWAP-SHORT-1773413760000-24,2026-03-13,SHORT,absorption_reversal_short,12.359,8.74,BAD
BTC-USDT-SWAP-SHORT-1773419298000-27,2026-03-13,SHORT,retest_after_breakout_short,70.85,15.735,BAD
BTC-USDT-SWAP-SHORT-1773419322000-28,2026-03-13,SHORT,retest_after_breakout_short,70.85,15.735,BAD
BTC-USDT-SWAP-SHORT-1773441907000-32,2026-03-13,SHORT,absorption_reversal_short,90.037,7.467,BAD
BTC-USDT-SWAP-SHORT-1773446937000-1,2026-03-14,SHORT,absorption_reversal_short,93.22,6.915,BAD
BTC-USDT-SWAP-SHORT-1773450492000-5,2026-03-14,SHORT,absorption_reversal_short,73.092,6.705,BAD
BTC-USDT-SWAP-SHORT-1773449958000-4,2026-03-14,SHORT,absorption_reversal_short,123.96,6.766,BAD
BTC-USDT-SWAP-LONG-1773448191000-2,2026-03-14,LONG,absorption_reversal_long,87.48,6.952,BAD
BTC-USDT-SWAP-LONG-1773448333000-3,2026-03-14,LONG,absorption_reversal_long,42.748,7.53,BAD
BTC-USDT-SWAP-LONG-1773460634000-10,2026-03-14,LONG,retest_after_breakout_long,16.607,9.172,BAD
BTC-USDT-SWAP-LONG-1773457959000-6,2026-03-14,LONG,absorption_reversal_long,205.354,7.133,BAD
BTC-USDT-SWAP-SHORT-1773459882000-9,2026-03-14,SHORT,absorption_reversal_short,7.957,6.818,BAD
BTC-USDT-SWAP-SHORT-1773463737000-13,2026-03-14,SHORT,absorption_reversal_short,7.387,6.627,BAD
BTC-USDT-SWAP-LONG-1773462947000-11,2026-03-14,LONG,absorption_reversal_long,8.102,6.856,BAD
BTC-USDT-SWAP-LONG-1773463426000-12,2026-03-14,LONG,retest_after_breakout_long,20.85,12.686,BAD
BTC-USDT-SWAP-SHORT-1773459395000-8,2026-03-14,SHORT,absorption_reversal_short,7.959,6.727,BAD
BTC-USDT-SWAP-SHORT-1773458412000-7,2026-03-14,SHORT,absorption_reversal_short,46.426,6.805,BAD
BTC-USDT-SWAP-LONG-1773474129000-15,2026-03-14,LONG,absorption_reversal_long,63.877,7.058,BAD
BTC-USDT-SWAP-LONG-1773484455000-16,2026-03-14,LONG,absorption_reversal_long,27.955,7.264,BAD
BTC-USDT-SWAP-SHORT-1773470742000-14,2026-03-14,SHORT,absorption_reversal_short,73.641,7.312,BAD
BTC-USDT-SWAP-LONG-1773533645000-2,2026-03-15,LONG,retest_after_breakout_long,114.81,8.489,BAD
BTC-USDT-SWAP-SHORT-1773535598000-4,2026-03-15,SHORT,retest_after_breakout_short,114.424,106.703,BAD
BTC-USDT-SWAP-LONG-1773538526000-7,2026-03-15,LONG,retest_after_breakout_long,116.364,54.596,BAD
BTC-USDT-SWAP-LONG-1773537312000-5,2026-03-15,LONG,retest_after_breakout_long,50.306,41.805,BAD
BTC-USDT-SWAP-LONG-1773533193000-1,2026-03-15,LONG,absorption_reversal_long,7.989,6.991,BAD
BTC-USDT-SWAP-SHORT-1773538202000-6,2026-03-15,SHORT,absorption_reversal_short,8.247,7.071,BAD
BTC-USDT-SWAP-LONG-1773540489000-9,2026-03-15,LONG,absorption_reversal_long,42.074,7.453,BAD
BTC-USDT-SWAP-SHORT-1773534590000-3,2026-03-15,SHORT,absorption_reversal_short,122.651,6.826,BAD
BTC-USDT-SWAP-LONG-1773543685000-13,2026-03-15,LONG,retest_after_breakout_long,16.97,8.847,BAD
BTC-USDT-SWAP-LONG-1773542181000-11,2026-03-15,LONG,absorption_reversal_long,126.138,7.457,BAD
BTC-USDT-SWAP-SHORT-1773540407000-8,2026-03-15,SHORT,absorption_reversal_short,47.866,7.326,BAD
BTC-USDT-SWAP-SHORT-1773540790000-10,2026-03-15,SHORT,absorption_reversal_short,21.323,7.518,BAD
BTC-USDT-SWAP-LONG-1773553188000-16,2026-03-15,LONG,absorption_reversal_long,8.141,7.011,BAD
BTC-USDT-SWAP-SHORT-1773543427000-12,2026-03-15,SHORT,absorption_reversal_short,67.094,6.745,BAD
BTC-USDT-SWAP-SHORT-1773567808000-19,2026-03-15,SHORT,absorption_reversal_short,7.235,6.235,BAD
BTC-USDT-SWAP-SHORT-1773566226000-18,2026-03-15,SHORT,absorption_reversal_short,7.349,6.349,BAD
BTC-USDT-SWAP-SHORT-1773548297000-14,2026-03-15,SHORT,retest_after_breakout_short,17.53,9.708,BAD
BTC-USDT-SWAP-LONG-1773565926000-17,2026-03-15,LONG,absorption_reversal_long,21.798,3.528,BAD
BTC-USDT-SWAP-LONG-1773569420000-20,2026-03-15,LONG,absorption_reversal_long,7.345,6.345,BAD
BTC-USDT-SWAP-SHORT-1773552125000-15,2026-03-15,SHORT,retest_after_breakout_short,26.112,17.783,BAD
BTC-USDT-SWAP-SHORT-1773580674000-21,2026-03-15,SHORT,retest_after_breakout_short,17.442,8.37,BAD
BTC-USDT-SWAP-SHORT-1773581522000-22,2026-03-15,SHORT,absorption_reversal_short,10.191,7.709,BAD
BTC-USDT-SWAP-LONG-1773598649000-23,2026-03-15,LONG,absorption_reversal_long,8.322,6.873,BAD
BTC-USDT-SWAP-SHORT-1773601559000-24,2026-03-15,SHORT,absorption_reversal_short,8.1,6.919,BAD
BTC-USDT-SWAP-SHORT-1773601709000-25,2026-03-15,SHORT,absorption_reversal_short,8.1,6.919,BAD
BTC-USDT-SWAP-LONG-1773607034000-26,2026-03-15,LONG,absorption_reversal_long,24.044,6.929,BAD
BTC-USDT-SWAP-LONG-1773610605000-27,2026-03-15,LONG,retest_after_breakout_long,25.872,17.502,BAD
BTC-USDT-SWAP-LONG-1773611089000-28,2026-03-15,LONG,absorption_reversal_long,7.823,6.759,BAD
BTC-USDT-SWAP-SHORT-1773612485000-30,2026-03-15,SHORT,absorption_reversal_short,109.995,7.348,BAD
BTC-USDT-SWAP-SHORT-1773612430000-29,2026-03-15,SHORT,absorption_reversal_short,109.995,7.348,BAD
BTC-USDT-SWAP-SHORT-1773614233000-31,2026-03-15,SHORT,absorption_reversal_short,101.454,8.018,BAD
BTC-USDT-SWAP-LONG-1773616458000-34,2026-03-15,LONG,absorption_reversal_long,25.731,7.887,BAD
BTC-USDT-SWAP-LONG-1773616501000-35,2026-03-15,LONG,absorption_reversal_long,25.731,7.887,BAD
BTC-USDT-SWAP-SHORT-1773614896000-32,2026-03-15,SHORT,retest_after_breakout_short,39.812,7.702,BAD
BTC-USDT-SWAP-SHORT-1773615446000-33,2026-03-15,SHORT,absorption_reversal_short,35.107,8.248,BAD
BTC-USDT-SWAP-LONG-1773618551000-36,2026-03-15,LONG,absorption_reversal_long,11.462,7.499,BAD
BTC-USDT-SWAP-LONG-1773619553000-1,2026-03-16,LONG,absorption_reversal_long,8.756,7.731,GOOD
BTC-USDT-SWAP-SHORT-1773620946000-4,2026-03-16,SHORT,absorption_reversal_short,39.634,7.127,BAD
BTC-USDT-SWAP-SHORT-1773623053000-5,2026-03-16,SHORT,absorption_reversal_short,8.475,7.165,GOOD
BTC-USDT-SWAP-SHORT-1773626785000-7,2026-03-16,SHORT,absorption_reversal_short,41.298,5.775,GOOD
BTC-USDT-SWAP-SHORT-1773628369000-8,2026-03-16,SHORT,absorption_reversal_short,55.804,7.131,GOOD
BTC-USDT-SWAP-LONG-1773620182000-2,2026-03-16,LONG,absorption_reversal_long,88.623,7.446,GOOD
BTC-USDT-SWAP-LONG-1773620204000-3,2026-03-16,LONG,absorption_reversal_long,88.623,7.446,GOOD
BTC-USDT-SWAP-LONG-1773623888000-6,2026-03-16,LONG,absorption_reversal_long,72.003,8.032,GOOD
BTC-USDT-SWAP-SHORT-1773633161000-9,2026-03-16,SHORT,absorption_reversal_short,75.914,7.386,GOOD
BTC-USDT-SWAP-SHORT-1773634922000-11,2026-03-16,SHORT,absorption_reversal_short,86.223,7.71,GOOD
BTC-USDT-SWAP-SHORT-1773638712000-12,2026-03-16,SHORT,retest_after_breakout_short,104.3,55.921,MID
BTC-USDT-SWAP-SHORT-1773639024000-13,2026-03-16,SHORT,absorption_reversal_short,9.245,7.199,MID
BTC-USDT-SWAP-SHORT-1773640454000-15,2026-03-16,SHORT,absorption_reversal_short,8.902,7.36,MID
BTC-USDT-SWAP-SHORT-1773640886000-16,2026-03-16,SHORT,absorption_reversal_short,50.301,7.264,MID
BTC-USDT-SWAP-LONG-1773641764000-17,2026-03-16,LONG,absorption_reversal_long,7.996,7.012,GOOD
BTC-USDT-SWAP-SHORT-1773647103000-18,2026-03-16,SHORT,absorption_reversal_short,87.109,7.204,BAD
BTC-USDT-SWAP-LONG-1773640084000-14,2026-03-16,LONG,retest_after_breakout_long,34.64,17.024,GOOD
BTC-USDT-SWAP-LONG-1773647666000-19,2026-03-16,LONG,absorption_reversal_long,8.605,7.482,GOOD
BTC-USDT-SWAP-LONG-1773647793000-20,2026-03-16,LONG,absorption_reversal_long,8.605,7.482,GOOD
BTC-USDT-SWAP-LONG-1773655882000-26,2026-03-16,LONG,retest_after_breakout_long,9.879,1.558,MID
BTC-USDT-SWAP-LONG-1773656977000-27,2026-03-16,LONG,absorption_reversal_long,57.514,7.096,MID
BTC-USDT-SWAP-SHORT-1773651038000-24,2026-03-16,SHORT,absorption_reversal_short,67.425,7.305,BAD
BTC-USDT-SWAP-SHORT-1773650318000-21,2026-03-16,SHORT,absorption_reversal_short,42.177,7.753,BAD
BTC-USDT-SWAP-LONG-1773650421000-22,2026-03-16,LONG,absorption_reversal_long,46.457,7.757,MID
BTC-USDT-SWAP-LONG-1773660808000-30,2026-03-16,LONG,absorption_reversal_long,8.162,6.926,BAD
BTC-USDT-SWAP-SHORT-1773660536000-29,2026-03-16,SHORT,absorption_reversal_short,34.436,6.835,GOOD
BTC-USDT-SWAP-LONG-1773659225000-28,2026-03-16,LONG,retest_after_breakout_long,92.236,3.619,MID
BTC-USDT-SWAP-SHORT-1773655581000-25,2026-03-16,SHORT,absorption_reversal_short,33.068,7.06,GOOD
BTC-USDT-SWAP-LONG-1773665169000-32,2026-03-16,LONG,absorption_reversal_long,148.677,7.471,BAD
BTC-USDT-SWAP-LONG-1773664875000-31,2026-03-16,LONG,absorption_reversal_long,36.749,7.502,BAD
BTC-USDT-SWAP-LONG-1773666805000-33,2026-03-16,LONG,absorption_reversal_long,9.719,7.369,BAD
BTC-USDT-SWAP-LONG-1773650790000-23,2026-03-16,LONG,absorption_reversal_long,18.285,0.668,MID
BTC-USDT-SWAP-LONG-1773670854000-35,2026-03-16,LONG,absorption_reversal_long,91.322,7.933,BAD
BTC-USDT-SWAP-SHORT-1773672598000-37,2026-03-16,SHORT,absorption_reversal_short,62.223,7.886,BAD
BTC-USDT-SWAP-LONG-1773684454000-38,2026-03-16,LONG,absorption_reversal_long,59.484,7.699,BAD
BTC-USDT-SWAP-LONG-1773685469000-39,2026-03-16,LONG,absorption_reversal_long,47.845,2.81,BAD
BTC-USDT-SWAP-LONG-1773695990000-40,2026-03-16,LONG,absorption_reversal_long,55.401,6.707,BAD
BTC-USDT-SWAP-SHORT-1773670410000-34,2026-03-16,SHORT,absorption_reversal_short,79.375,8.606,BAD
BTC-USDT-SWAP-SHORT-1773700604000-44,2026-03-16,SHORT,absorption_reversal_short,55.59,6.515,BAD
BTC-USDT-SWAP-LONG-1773671719000-36,2026-03-16,LONG,absorption_reversal_long,103.223,8.111,BAD
BTC-USDT-SWAP-SHORT-1773697184000-41,2026-03-16,SHORT,absorption_reversal_short,45.534,7.344,BAD
BTC-USDT-SWAP-LONG-1773698589000-42,2026-03-16,LONG,absorption_reversal_long,50.366,7.973,BAD
BTC-USDT-SWAP-LONG-1773699232000-43,2026-03-16,LONG,absorption_reversal_long,258.7,7.768,BAD
BTC-USDT-SWAP-SHORT-1773701464000-45,2026-03-16,SHORT,absorption_reversal_short,7.399,6.939,BAD
BTC-USDT-SWAP-SHORT-1773792030000-1,2026-03-18,SHORT,absorption_reversal_short,123.97,6.971,BAD
BTC-USDT-SWAP-LONG-1773793270000-3,2026-03-18,LONG,absorption_reversal_long,185.492,7.396,MID
BTC-USDT-SWAP-LONG-1773796201000-7,2026-03-18,LONG,absorption_reversal_long,70.026,2.525,MID
BTC-USDT-SWAP-LONG-1773794558000-5,2026-03-18,LONG,absorption_reversal_long,8.162,7.167,MID
BTC-USDT-SWAP-LONG-1773793754000-4,2026-03-18,LONG,absorption_reversal_long,79.16,7.119,MID
BTC-USDT-SWAP-SHORT-1773795295000-6,2026-03-18,SHORT,absorption_reversal_short,77.36,6.952,BAD
BTC-USDT-SWAP-LONG-1773798977000-9,2026-03-18,LONG,absorption_reversal_long,52.442,6.956,MID
BTC-USDT-SWAP-LONG-1773799629000-10,2026-03-18,LONG,absorption_reversal_long,8.846,7.306,MID
BTC-USDT-SWAP-SHORT-1773792781000-2,2026-03-18,SHORT,absorption_reversal_short,106.501,7.504,BAD
BTC-USDT-SWAP-LONG-1773800100000-11,2026-03-18,LONG,absorption_reversal_long,80.662,7.255,MID
BTC-USDT-SWAP-SHORT-1773797761000-8,2026-03-18,SHORT,absorption_reversal_short,62.706,6.981,BAD
BTC-USDT-SWAP-SHORT-1773800297000-12,2026-03-18,SHORT,absorption_reversal_short,41.308,7.059,BAD
BTC-USDT-SWAP-SHORT-1773806704000-17,2026-03-18,SHORT,absorption_reversal_short,11.475,7.648,BAD
BTC-USDT-SWAP-LONG-1773804825000-15,2026-03-18,LONG,absorption_reversal_long,110.547,7.072,BAD
BTC-USDT-SWAP-LONG-1773805473000-16,2026-03-18,LONG,absorption_reversal_long,8.087,7.123,BAD
BTC-USDT-SWAP-SHORT-1773808660000-19,2026-03-18,SHORT,absorption_reversal_short,43.56,6.993,BAD
BTC-USDT-SWAP-LONG-1773807129000-18,2026-03-18,LONG,absorption_reversal_long,7.164,6.53,BAD
BTC-USDT-SWAP-SHORT-1773802038000-13,2026-03-18,SHORT,absorption_reversal_short,106.827,7.019,BAD
BTC-USDT-SWAP-SHORT-1773814999000-20,2026-03-18,SHORT,absorption_reversal_short,8.185,7.086,BAD
BTC-USDT-SWAP-SHORT-1773819697000-21,2026-03-18,SHORT,absorption_reversal_short,8.857,7.287,BAD
BTC-USDT-SWAP-SHORT-1773819792000-22,2026-03-18,SHORT,retest_after_breakout_short,12.845,4.377,BAD
BTC-USDT-SWAP-SHORT-1773804588000-14,2026-03-18,SHORT,retest_after_breakout_short,40.065,20.868,BAD
BTC-USDT-SWAP-SHORT-1773834431000-26,2026-03-18,SHORT,retest_after_breakout_short,34.887,26.055,BAD
BTC-USDT-SWAP-SHORT-1773835688000-27,2026-03-18,SHORT,absorption_reversal_short,52.565,8.091,BAD
BTC-USDT-SWAP-SHORT-1773836170000-28,2026-03-18,SHORT,absorption_reversal_short,116.566,7.983,BAD
BTC-USDT-SWAP-LONG-1773834114000-23,2026-03-18,LONG,absorption_reversal_long,115.449,7.553,MID
BTC-USDT-SWAP-LONG-1773834139000-24,2026-03-18,LONG,absorption_reversal_long,115.449,7.553,MID
BTC-USDT-SWAP-SHORT-1773834370000-25,2026-03-18,SHORT,retest_after_breakout_short,69.198,13.896,BAD
BTC-USDT-SWAP-SHORT-1773837926000-31,2026-03-18,SHORT,retest_after_breakout_short,25.199,14.815,BAD
BTC-USDT-SWAP-SHORT-1773837656000-30,2026-03-18,SHORT,retest_after_breakout_short,15.583,4.729,BAD
BTC-USDT-SWAP-SHORT-1773842088000-33,2026-03-18,SHORT,retest_after_breakout_short,29.503,20.164,BAD
BTC-USDT-SWAP-SHORT-1773842025000-32,2026-03-18,SHORT,retest_after_breakout_short,29.503,20.164,BAD
BTC-USDT-SWAP-LONG-1773836450000-29,2026-03-18,LONG,absorption_reversal_long,89.453,8.376,MID
BTC-USDT-SWAP-LONG-1773843528000-35,2026-03-18,LONG,retest_after_breakout_long,11.281,1.94,MID
BTC-USDT-SWAP-LONG-1773842911000-34,2026-03-18,LONG,absorption_reversal_long,92.607,8.19,MID
BTC-USDT-SWAP-SHORT-1773844720000-37,2026-03-18,SHORT,absorption_reversal_short,9.838,7.181,BAD
BTC-USDT-SWAP-SHORT-1773844698000-36,2026-03-18,SHORT,absorption_reversal_short,9.806,7.991,BAD
BTC-USDT-SWAP-SHORT-1773844837000-39,2026-03-18,SHORT,absorption_reversal_short,8.799,7.271,BAD
BTC-USDT-SWAP-SHORT-1773844787000-38,2026-03-18,SHORT,absorption_reversal_short,8.799,7.271,BAD
BTC-USDT-SWAP-LONG-1773848497000-43,2026-03-18,LONG,absorption_reversal_long,129.724,7.813,MID
BTC-USDT-SWAP-SHORT-1773846823000-41,2026-03-18,SHORT,retest_after_breakout_short,22.94,13.443,BAD
BTC-USDT-SWAP-SHORT-1773846814000-40,2026-03-18,SHORT,retest_after_breakout_short,42.561,32.807,BAD
BTC-USDT-SWAP-SHORT-1773849364000-44,2026-03-18,SHORT,absorption_reversal_short,90.188,7.623,BAD
BTC-USDT-SWAP-LONG-1773854692000-45,2026-03-18,LONG,absorption_reversal_long,149.56,7.646,MID
BTC-USDT-SWAP-SHORT-1773847388000-42,2026-03-18,SHORT,absorption_reversal_short,133.569,7.608,BAD
BTC-USDT-SWAP-LONG-1773856508000-46,2026-03-18,LONG,absorption_reversal_long,51.541,2.893,BAD
BTC-USDT-SWAP-LONG-1773857693000-48,2026-03-18,LONG,absorption_reversal_long,137.668,8.13,BAD
BTC-USDT-SWAP-SHORT-1773857396000-47,2026-03-18,SHORT,absorption_reversal_short,148.359,8.082,BAD
BTC-USDT-SWAP-SHORT-1773861038000-49,2026-03-18,SHORT,retest_after_breakout_short,65.099,23.371,BAD
BTC-USDT-SWAP-SHORT-1773861090000-50,2026-03-18,SHORT,retest_after_breakout_short,57.659,27.12,BAD
BTC-USDT-SWAP-SHORT-1773862102000-51,2026-03-18,SHORT,absorption_reversal_short,9.0,7.237,BAD
BTC-USDT-SWAP-SHORT-1773863194000-52,2026-03-18,SHORT,absorption_reversal_short,118.028,7.722,BAD
BTC-USDT-SWAP-SHORT-1773865224000-55,2026-03-18,SHORT,retest_after_breakout_short,165.538,157.567,BAD
BTC-USDT-SWAP-SHORT-1773863225000-53,2026-03-18,SHORT,absorption_reversal_short,7.77,6.963,BAD
BTC-USDT-SWAP-LONG-1773864839000-54,2026-03-18,LONG,absorption_reversal_long,57.046,8.01,BAD
BTC-USDT-SWAP-SHORT-1773866301000-56,2026-03-18,SHORT,retest_after_breakout_short,56.373,48.362,BAD
BTC-USDT-SWAP-LONG-1773866763000-57,2026-03-18,LONG,absorption_reversal_long,113.157,7.576,BAD
BTC-USDT-SWAP-SHORT-1773879450000-2,2026-03-19,SHORT,absorption_reversal_short,71.654,7.152,GOOD
BTC-USDT-SWAP-LONG-1773881185000-3,2026-03-19,LONG,retest_after_breakout_long,14.313,6.223,BAD
BTC-USDT-SWAP-LONG-1773883030000-6,2026-03-19,LONG,absorption_reversal_long,7.93,7.308,BAD
BTC-USDT-SWAP-SHORT-1773886593000-7,2026-03-19,SHORT,retest_after_breakout_short,29.114,18.39,GOOD
BTC-USDT-SWAP-LONG-1773878683000-1,2026-03-19,LONG,absorption_reversal_long,115.867,7.563,BAD
BTC-USDT-SWAP-SHORT-1773882002000-4,2026-03-19,SHORT,absorption_reversal_short,43.6,7.521,GOOD
BTC-USDT-SWAP-SHORT-1773882324000-5,2026-03-19,SHORT,retest_after_breakout_short,25.845,17.533,GOOD
BTC-USDT-SWAP-LONG-1773890712000-8,2026-03-19,LONG,absorption_reversal_long,154.563,7.701,BAD
BTC-USDT-SWAP-SHORT-1773891608000-11,2026-03-19,SHORT,absorption_reversal_short,82.05,7.072,MID
BTC-USDT-SWAP-SHORT-1773891003000-9,2026-03-19,SHORT,absorption_reversal_short,8.839,7.502,MID
BTC-USDT-SWAP-SHORT-1773891095000-10,2026-03-19,SHORT,absorption_reversal_short,8.839,7.502,MID
BTC-USDT-SWAP-SHORT-1773893807000-13,2026-03-19,SHORT,retest_after_breakout_short,39.076,0.874,MID
BTC-USDT-SWAP-SHORT-1773894114000-14,2026-03-19,SHORT,retest_after_breakout_short,42.143,3.943,MID
BTC-USDT-SWAP-LONG-1773893554000-12,2026-03-19,LONG,absorption_reversal_long,46.258,7.625,BAD
BTC-USDT-SWAP-LONG-1773894697000-15,2026-03-19,LONG,retest_after_breakout_long,48.299,39.965,BAD
BTC-USDT-SWAP-LONG-1773902340000-16,2026-03-19,LONG,retest_after_breakout_long,77.463,54.885,BAD
BTC-USDT-SWAP-LONG-1773903689000-17,2026-03-19,LONG,retest_after_breakout_long,41.253,22.297,BAD
BTC-USDT-SWAP-LONG-1773910669000-22,2026-03-19,LONG,absorption_reversal_long,97.761,7.637,BAD
BTC-USDT-SWAP-LONG-1773909084000-21,2026-03-19,LONG,absorption_reversal_long,24.109,8.089,BAD
BTC-USDT-SWAP-LONG-1773910814000-23,2026-03-19,LONG,absorption_reversal_long,8.84,7.678,BAD
BTC-USDT-SWAP-LONG-1773907866000-20,2026-03-19,LONG,absorption_reversal_long,56.695,7.7,BAD
BTC-USDT-SWAP-LONG-1773907331000-19,2026-03-19,LONG,absorption_reversal_long,8.756,7.714,BAD
BTC-USDT-SWAP-LONG-1773913788000-26,2026-03-19,LONG,absorption_reversal_long,65.016,7.594,BAD
BTC-USDT-SWAP-SHORT-1773918340000-27,2026-03-19,SHORT,absorption_reversal_short,93.719,7.192,BAD
BTC-USDT-SWAP-SHORT-1773913555000-25,2026-03-19,SHORT,retest_after_breakout_short,47.818,4.019,BAD
BTC-USDT-SWAP-SHORT-1773912406000-24,2026-03-19,SHORT,absorption_reversal_short,8.93,1.154,MID
BTC-USDT-SWAP-SHORT-1773922559000-28,2026-03-19,SHORT,absorption_reversal_short,9.733,7.509,BAD
BTC-USDT-SWAP-LONG-1773926911000-30,2026-03-19,LONG,absorption_reversal_long,9.892,8.689,BAD
BTC-USDT-SWAP-SHORT-1773925165000-29,2026-03-19,SHORT,absorption_reversal_short,119.365,8.512,BAD
BTC-USDT-SWAP-SHORT-1773931024000-32,2026-03-19,SHORT,absorption_reversal_short,9.165,7.989,BAD
BTC-USDT-SWAP-SHORT-1773931043000-33,2026-03-19,SHORT,absorption_reversal_short,9.165,7.989,BAD
BTC-USDT-SWAP-LONG-1773932261000-35,2026-03-19,LONG,retest_after_breakout_long,45.069,35.255,BAD
BTC-USDT-SWAP-LONG-1773933216000-36,2026-03-19,LONG,absorption_reversal_long,41.851,8.094,BAD
BTC-USDT-SWAP-SHORT-1773929685000-31,2026-03-19,SHORT,retest_after_breakout_short,67.774,51.212,BAD
BTC-USDT-SWAP-LONG-1773932209000-34,2026-03-19,LONG,absorption_reversal_long,9.106,7.809,BAD
BTC-USDT-SWAP-LONG-1773933416000-37,2026-03-19,LONG,absorption_reversal_long,9.326,8.312,BAD
BTC-USDT-SWAP-SHORT-1773940442000-39,2026-03-19,SHORT,absorption_reversal_short,9.152,7.939,BAD
BTC-USDT-SWAP-SHORT-1773938165000-38,2026-03-19,SHORT,absorption_reversal_short,25.073,7.925,BAD
BTC-USDT-SWAP-LONG-1773943584000-43,2026-03-19,LONG,absorption_reversal_long,26.988,7.827,BAD
BTC-USDT-SWAP-LONG-1773944006000-44,2026-03-19,LONG,absorption_reversal_long,42.999,7.694,BAD
BTC-USDT-SWAP-LONG-1773941032000-40,2026-03-19,LONG,absorption_reversal_long,120.284,7.862,BAD
BTC-USDT-SWAP-SHORT-1773943299000-42,2026-03-19,SHORT,absorption_reversal_short,58.157,7.662,BAD
BTC-USDT-SWAP-SHORT-1773943061000-41,2026-03-19,SHORT,retest_after_breakout_short,98.232,39.898,BAD
BTC-USDT-SWAP-LONG-1773950934000-47,2026-03-19,LONG,absorption_reversal_long,12.35,7.326,BAD
BTC-USDT-SWAP-LONG-1773954597000-48,2026-03-19,LONG,absorption_reversal_long,158.912,7.328,BAD
BTC-USDT-SWAP-LONG-1773947883000-46,2026-03-19,LONG,absorption_reversal_long,10.836,7.833,BAD
BTC-USDT-SWAP-SHORT-1773960400000-49,2026-03-19,SHORT,absorption_reversal_short,143.1,7.305,BAD
BTC-USDT-SWAP-SHORT-1773947762000-45,2026-03-19,SHORT,absorption_reversal_short,9.544,7.082,BAD
BTC-USDT-SWAP-SHORT-1773964059000-50,2026-03-19,SHORT,absorption_reversal_short,97.808,7.27,BAD
BTC-USDT-SWAP-LONG-1773965776000-2,2026-03-20,LONG,retest_after_breakout_long,38.008,27.601,BAD
BTC-USDT-SWAP-LONG-1773967549000-4,2026-03-20,LONG,absorption_reversal_long,41.877,7.22,BAD
BTC-USDT-SWAP-LONG-1773967888000-5,2026-03-20,LONG,absorption_reversal_long,49.813,7.302,BAD
BTC-USDT-SWAP-SHORT-1773964831000-1,2026-03-20,SHORT,retest_after_breakout_short,68.673,7.244,BAD
BTC-USDT-SWAP-LONG-1773970205000-7,2026-03-20,LONG,absorption_reversal_long,34.022,7.543,BAD
BTC-USDT-SWAP-LONG-1773970724000-8,2026-03-20,LONG,absorption_reversal_long,19.073,7.507,BAD
BTC-USDT-SWAP-SHORT-1773968838000-6,2026-03-20,SHORT,absorption_reversal_short,126.691,7.56,BAD
BTC-USDT-SWAP-SHORT-1773966081000-3,2026-03-20,SHORT,retest_after_breakout_short,62.481,16.838,BAD
BTC-USDT-SWAP-SHORT-1773973332000-9,2026-03-20,SHORT,absorption_reversal_short,29.388,7.363,BAD
BTC-USDT-SWAP-LONG-1773978036000-13,2026-03-20,LONG,absorption_reversal_long,8.724,2.672,BAD
BTC-USDT-SWAP-LONG-1773978485000-14,2026-03-20,LONG,retest_after_breakout_long,26.758,4.342,BAD
BTC-USDT-SWAP-SHORT-1773976730000-10,2026-03-20,SHORT,absorption_reversal_short,51.315,7.319,BAD
BTC-USDT-SWAP-SHORT-1773980106000-16,2026-03-20,SHORT,absorption_reversal_short,80.289,7.174,GOOD
BTC-USDT-SWAP-LONG-1773980008000-15,2026-03-20,LONG,absorption_reversal_long,92.109,7.477,GOOD
BTC-USDT-SWAP-SHORT-1773977273000-11,2026-03-20,SHORT,retest_after_breakout_short,26.354,17.296,BAD
BTC-USDT-SWAP-LONG-1773988237000-17,2026-03-20,LONG,absorption_reversal_long,52.649,7.255,GOOD
BTC-USDT-SWAP-SHORT-1773990723000-18,2026-03-20,SHORT,absorption_reversal_short,8.671,2.35,GOOD
BTC-USDT-SWAP-LONG-1773993061000-19,2026-03-20,LONG,absorption_reversal_long,83.426,7.397,GOOD
BTC-USDT-SWAP-SHORT-1773977703000-12,2026-03-20,SHORT,absorption_reversal_short,8.393,7.205,BAD
BTC-USDT-SWAP-SHORT-1773995341000-21,2026-03-20,SHORT,absorption_reversal_short,9.05,7.57,MID
BTC-USDT-SWAP-LONG-1773994722000-20,2026-03-20,LONG,absorption_reversal_long,8.865,7.318,BAD
BTC-USDT-SWAP-SHORT-1774008086000-23,2026-03-20,SHORT,absorption_reversal_short,109.802,7.575,MID
BTC-USDT-SWAP-SHORT-1774010892000-24,2026-03-20,SHORT,absorption_reversal_short,8.8,7.542,MID
BTC-USDT-SWAP-LONG-1773997017000-22,2026-03-20,LONG,absorption_reversal_long,39.358,7.766,BAD
BTC-USDT-SWAP-SHORT-1774014989000-25,2026-03-20,SHORT,retest_after_breakout_short,68.205,47.788,BAD
BTC-USDT-SWAP-SHORT-1774019927000-27,2026-03-20,SHORT,absorption_reversal_short,134.375,8.086,BAD
BTC-USDT-SWAP-SHORT-1774019946000-28,2026-03-20,SHORT,retest_after_breakout_short,15.069,4.416,BAD
BTC-USDT-SWAP-SHORT-1774031763000-30,2026-03-20,SHORT,absorption_reversal_short,9.065,7.904,BAD
BTC-USDT-SWAP-SHORT-1774031844000-31,2026-03-20,SHORT,retest_after_breakout_short,53.352,28.55,BAD
BTC-USDT-SWAP-SHORT-1774040190000-34,2026-03-20,SHORT,absorption_reversal_short,73.635,7.006,BAD
BTC-USDT-SWAP-SHORT-1774036783000-32,2026-03-20,SHORT,retest_after_breakout_short,11.784,2.857,BAD
BTC-USDT-SWAP-SHORT-1774036822000-33,2026-03-20,SHORT,absorption_reversal_short,34.979,7.679,BAD
BTC-USDT-SWAP-LONG-1774028344000-29,2026-03-20,LONG,absorption_reversal_long,47.848,3.797,BAD
BTC-USDT-SWAP-LONG-1774015493000-26,2026-03-20,LONG,retest_after_breakout_long,104.489,14.11,BAD
BTC-USDT-SWAP-LONG-1774051508000-1,2026-03-21,LONG,absorption_reversal_long,161.157,7.107,BAD
BTC-USDT-SWAP-LONG-1774053309000-3,2026-03-21,LONG,absorption_reversal_long,36.004,6.559,BAD
BTC-USDT-SWAP-SHORT-1774053604000-4,2026-03-21,SHORT,absorption_reversal_short,53.205,6.663,BAD
BTC-USDT-SWAP-LONG-1774058261000-6,2026-03-21,LONG,absorption_reversal_long,109.72,6.816,BAD
BTC-USDT-SWAP-LONG-1774061201000-7,2026-03-21,LONG,absorption_reversal_long,8.161,3.577,BAD
BTC-USDT-SWAP-SHORT-1774071458000-8,2026-03-21,SHORT,retest_after_breakout_short,79.617,28.799,BAD
BTC-USDT-SWAP-SHORT-1774078231000-9,2026-03-21,SHORT,absorption_reversal_short,6.987,6.102,BAD
BTC-USDT-SWAP-SHORT-1774052542000-2,2026-03-21,SHORT,absorption_reversal_short,235.543,7.16,BAD
BTC-USDT-SWAP-SHORT-1774057799000-5,2026-03-21,SHORT,retest_after_breakout_short,11.954,3.856,BAD
BTC-USDT-SWAP-LONG-1774102920000-12,2026-03-21,LONG,absorption_reversal_long,115.028,6.418,BAD
BTC-USDT-SWAP-LONG-1774102049000-10,2026-03-21,LONG,retest_after_breakout_long,17.988,10.022,BAD
BTC-USDT-SWAP-SHORT-1774110303000-13,2026-03-21,SHORT,absorption_reversal_short,58.961,6.685,BAD
BTC-USDT-SWAP-SHORT-1774110996000-14,2026-03-21,SHORT,absorption_reversal_short,7.824,6.808,BAD
BTC-USDT-SWAP-SHORT-1774111884000-15,2026-03-21,SHORT,absorption_reversal_short,8.356,6.602,BAD
BTC-USDT-SWAP-SHORT-1774112836000-17,2026-03-21,SHORT,absorption_reversal_short,7.966,2.763,BAD
BTC-USDT-SWAP-SHORT-1774112945000-18,2026-03-21,SHORT,absorption_reversal_short,7.966,2.763,BAD
BTC-USDT-SWAP-SHORT-1774135368000-21,2026-03-21,SHORT,absorption_reversal_short,8.633,6.95,BAD
BTC-USDT-SWAP-LONG-1774117994000-19,2026-03-21,LONG,absorption_reversal_long,75.64,6.628,BAD
BTC-USDT-SWAP-LONG-1774112479000-16,2026-03-21,LONG,absorption_reversal_long,155.379,7.11,BAD
BTC-USDT-SWAP-LONG-1774135026000-20,2026-03-21,LONG,absorption_reversal_long,7.452,6.683,BAD
BTC-USDT-SWAP-SHORT-1774102622000-11,2026-03-21,SHORT,absorption_reversal_short,24.07,6.263,BAD
BTC-USDT-SWAP-SHORT-1774139842000-3,2026-03-22,SHORT,absorption_reversal_short,113.687,7.479,BAD
BTC-USDT-SWAP-SHORT-1774139822000-2,2026-03-22,SHORT,absorption_reversal_short,113.687,7.479,BAD
BTC-USDT-SWAP-SHORT-1774142237000-5,2026-03-22,SHORT,absorption_reversal_short,8.21,7.275,BAD
BTC-USDT-SWAP-SHORT-1774140972000-4,2026-03-22,SHORT,absorption_reversal_short,80.02,7.259,BAD
BTC-USDT-SWAP-LONG-1774139310000-1,2026-03-22,LONG,absorption_reversal_long,90.028,7.868,GOOD
BTC-USDT-SWAP-LONG-1774147456000-7,2026-03-22,LONG,absorption_reversal_long,8.037,6.919,GOOD
BTC-USDT-SWAP-SHORT-1774149904000-8,2026-03-22,SHORT,absorption_reversal_short,8.798,7.821,BAD
BTC-USDT-SWAP-SHORT-1774158125000-11,2026-03-22,SHORT,retest_after_breakout_short,227.034,219.31,BAD
BTC-USDT-SWAP-SHORT-1774146977000-6,2026-03-22,SHORT,absorption_reversal_short,32.711,7.113,BAD
BTC-USDT-SWAP-LONG-1774151423000-9,2026-03-22,LONG,absorption_reversal_long,45.88,7.131,BAD
BTC-USDT-SWAP-LONG-1774157350000-10,2026-03-22,LONG,absorption_reversal_long,7.79,6.855,BAD
BTC-USDT-SWAP-SHORT-1774169697000-17,2026-03-22,SHORT,absorption_reversal_short,8.312,7.278,BAD
BTC-USDT-SWAP-SHORT-1774168475000-14,2026-03-22,SHORT,retest_after_breakout_short,13.057,3.908,BAD
BTC-USDT-SWAP-SHORT-1774168425000-13,2026-03-22,SHORT,absorption_reversal_short,8.78,7.551,BAD
BTC-USDT-SWAP-SHORT-1774168517000-15,2026-03-22,SHORT,retest_after_breakout_short,98.872,90.095,BAD
BTC-USDT-SWAP-LONG-1774169205000-16,2026-03-22,LONG,absorption_reversal_long,105.898,7.431,BAD
BTC-USDT-SWAP-LONG-1774168383000-12,2026-03-22,LONG,retest_after_breakout_long,24.757,16.323,BAD
BTC-USDT-SWAP-SHORT-1774179056000-18,2026-03-22,SHORT,absorption_reversal_short,225.568,7.318,BAD
BTC-USDT-SWAP-SHORT-1774180644000-22,2026-03-22,SHORT,absorption_reversal_short,152.987,7.673,BAD
BTC-USDT-SWAP-SHORT-1774180005000-20,2026-03-22,SHORT,absorption_reversal_short,174.212,7.984,BAD
BTC-USDT-SWAP-LONG-1774183232000-23,2026-03-22,LONG,retest_after_breakout_long,31.375,13.268,BAD
BTC-USDT-SWAP-LONG-1774179961000-19,2026-03-22,LONG,absorption_reversal_long,195.074,7.799,BAD
BTC-USDT-SWAP-LONG-1774185495000-24,2026-03-22,LONG,absorption_reversal_long,76.725,7.583,BAD
BTC-USDT-SWAP-LONG-1774186750000-25,2026-03-22,LONG,absorption_reversal_long,8.491,7.378,BAD
BTC-USDT-SWAP-SHORT-1774207344000-27,2026-03-22,SHORT,absorption_reversal_short,479.9,7.722,BAD
BTC-USDT-SWAP-SHORT-1774209401000-29,2026-03-22,SHORT,absorption_reversal_short,79.399,7.198,BAD
BTC-USDT-SWAP-LONG-1774204867000-26,2026-03-22,LONG,retest_after_breakout_long,47.353,6.842,BAD
BTC-USDT-SWAP-SHORT-1774208087000-28,2026-03-22,SHORT,absorption_reversal_short,100.371,7.317,BAD
BTC-USDT-SWAP-LONG-1774180468000-21,2026-03-22,LONG,retest_after_breakout_long,75.573,58.254,BAD
BTC-USDT-SWAP-SHORT-1774213405000-30,2026-03-22,SHORT,absorption_reversal_short,79.428,7.943,BAD
BTC-USDT-SWAP-SHORT-1774213492000-31,2026-03-22,SHORT,absorption_reversal_short,79.428,7.943,BAD
BTC-USDT-SWAP-LONG-1774214168000-32,2026-03-22,LONG,absorption_reversal_long,172.842,8.756,BAD
BTC-USDT-SWAP-SHORT-1774224201000-1,2026-03-23,SHORT,retest_after_breakout_short,70.108,24.96,BAD
BTC-USDT-SWAP-SHORT-1774224316000-2,2026-03-23,SHORT,retest_after_breakout_short,70.108,24.96,BAD
BTC-USDT-SWAP-LONG-1774224466000-3,2026-03-23,LONG,absorption_reversal_long,30.738,7.991,BAD
BTC-USDT-SWAP-LONG-1774224518000-4,2026-03-23,LONG,absorption_reversal_long,9.779,7.908,BAD
BTC-USDT-SWAP-LONG-1774228686000-7,2026-03-23,LONG,absorption_reversal_long,8.961,7.936,GOOD
BTC-USDT-SWAP-LONG-1774230340000-9,2026-03-23,LONG,absorption_reversal_long,76.501,7.748,GOOD
BTC-USDT-SWAP-LONG-1774228797000-8,2026-03-23,LONG,absorption_reversal_long,78.601,7.812,GOOD
BTC-USDT-SWAP-LONG-1774233261000-11,2026-03-23,LONG,retest_after_breakout_long,411.796,350.899,GOOD
BTC-USDT-SWAP-SHORT-1774236610000-13,2026-03-23,SHORT,absorption_reversal_short,37.985,7.361,GOOD
BTC-USDT-SWAP-LONG-1774237251000-14,2026-03-23,LONG,retest_after_breakout_long,58.042,32.977,GOOD
BTC-USDT-SWAP-SHORT-1774233098000-10,2026-03-23,SHORT,retest_after_breakout_short,15.12,6.333,GOOD
BTC-USDT-SWAP-LONG-1774226586000-5,2026-03-23,LONG,absorption_reversal_long,42.94,4.899,BAD
BTC-USDT-SWAP-LONG-1774226641000-6,2026-03-23,LONG,absorption_reversal_long,42.94,4.899,BAD
BTC-USDT-SWAP-LONG-1774240874000-15,2026-03-23,LONG,absorption_reversal_long,141.836,7.403,MID
BTC-USDT-SWAP-SHORT-1774235188000-12,2026-03-23,SHORT,retest_after_breakout_short,26.249,0.005,GOOD
BTC-USDT-SWAP-SHORT-1774244879000-18,2026-03-23,SHORT,retest_after_breakout_short,83.761,75.292,MID
BTC-USDT-SWAP-LONG-1774242845000-17,2026-03-23,LONG,absorption_reversal_long,184.366,7.573,MID
BTC-USDT-SWAP-SHORT-1774242344000-16,2026-03-23,SHORT,absorption_reversal_short,83.564,7.668,GOOD
BTC-USDT-SWAP-SHORT-1774247388000-19,2026-03-23,SHORT,absorption_reversal_short,18.248,8.067,BAD
BTC-USDT-SWAP-SHORT-1774265760000-20,2026-03-23,SHORT,retest_after_breakout_short,83.942,67.479,BAD
BTC-USDT-SWAP-SHORT-1774267628000-21,2026-03-23,SHORT,absorption_reversal_short,94.101,8.344,BAD
BTC-USDT-SWAP-LONG-1774270395000-24,2026-03-23,LONG,retest_after_breakout_long,14.815,5.736,BAD
BTC-USDT-SWAP-LONG-1774270406000-25,2026-03-23,LONG,retest_after_breakout_long,14.815,5.736,BAD
BTC-USDT-SWAP-LONG-1774270541000-26,2026-03-23,LONG,retest_after_breakout_long,14.815,5.736,BAD
BTC-USDT-SWAP-LONG-1774268722000-22,2026-03-23,LONG,absorption_reversal_long,35.394,7.859,MID
BTC-USDT-SWAP-SHORT-1774269563000-23,2026-03-23,SHORT,absorption_reversal_short,142.2,8.238,BAD
BTC-USDT-SWAP-SHORT-1774273649000-27,2026-03-23,SHORT,retest_after_breakout_short,44.468,34.796,BAD
BTC-USDT-SWAP-LONG-1774275378000-30,2026-03-23,LONG,retest_after_breakout_long,50.381,34.321,BAD
BTC-USDT-SWAP-LONG-1774276640000-31,2026-03-23,LONG,retest_after_breakout_long,26.742,17.038,BAD
BTC-USDT-SWAP-SHORT-1774279570000-32,2026-03-23,SHORT,absorption_reversal_short,9.297,7.974,BAD
BTC-USDT-SWAP-SHORT-1774275173000-28,2026-03-23,SHORT,absorption_reversal_short,120.751,8.687,BAD
BTC-USDT-SWAP-SHORT-1774275219000-29,2026-03-23,SHORT,absorption_reversal_short,120.751,8.687,BAD
BTC-USDT-SWAP-SHORT-1774281621000-33,2026-03-23,SHORT,absorption_reversal_short,63.295,8.03,BAD
BTC-USDT-SWAP-SHORT-1774281629000-34,2026-03-23,SHORT,absorption_reversal_short,63.295,8.03,BAD
BTC-USDT-SWAP-LONG-1774288091000-35,2026-03-23,LONG,absorption_reversal_long,83.156,7.703,BAD
BTC-USDT-SWAP-SHORT-1774288765000-36,2026-03-23,SHORT,retest_after_breakout_short,73.259,64.379,BAD
BTC-USDT-SWAP-LONG-1774289043000-37,2026-03-23,LONG,absorption_reversal_long,9.159,8.032,BAD
BTC-USDT-SWAP-LONG-1774310440000-1,2026-03-24,LONG,absorption_reversal_long,8.857,7.857,BAD
BTC-USDT-SWAP-SHORT-1774311890000-5,2026-03-24,SHORT,absorption_reversal_short,38.519,6.33,BAD
BTC-USDT-SWAP-LONG-1774310514000-2,2026-03-24,LONG,absorption_reversal_long,9.124,8.124,BAD
BTC-USDT-SWAP-SHORT-1774311662000-4,2026-03-24,SHORT,absorption_reversal_short,9.081,7.894,BAD
BTC-USDT-SWAP-LONG-1774310581000-3,2026-03-24,LONG,absorption_reversal_long,74.311,7.716,BAD
BTC-USDT-SWAP-SHORT-1774312736000-6,2026-03-24,SHORT,absorption_reversal_short,39.793,7.814,BAD
BTC-USDT-SWAP-SHORT-1774327507000-10,2026-03-24,SHORT,absorption_reversal_short,118.289,7.339,GOOD
BTC-USDT-SWAP-LONG-1774313004000-7,2026-03-24,LONG,absorption_reversal_long,19.291,7.558,BAD
BTC-USDT-SWAP-SHORT-1774329160000-12,2026-03-24,SHORT,absorption_reversal_short,8.677,7.363,GOOD
BTC-USDT-SWAP-SHORT-1774329743000-13,2026-03-24,SHORT,absorption_reversal_short,106.182,7.627,GOOD
BTC-USDT-SWAP-SHORT-1774331704000-14,2026-03-24,SHORT,absorption_reversal_short,71.953,7.473,GOOD
BTC-USDT-SWAP-LONG-1774328942000-11,2026-03-24,LONG,absorption_reversal_long,15.045,7.378,BAD
BTC-USDT-SWAP-LONG-1774316785000-9,2026-03-24,LONG,absorption_reversal_long,9.217,1.776,BAD
BTC-USDT-SWAP-LONG-1774315073000-8,2026-03-24,LONG,absorption_reversal_long,8.887,7.849,BAD
BTC-USDT-SWAP-LONG-1774337368000-16,2026-03-24,LONG,absorption_reversal_long,103.385,7.97,BAD
BTC-USDT-SWAP-SHORT-1774339003000-17,2026-03-24,SHORT,absorption_reversal_short,61.023,7.904,MID
BTC-USDT-SWAP-LONG-1774340147000-19,2026-03-24,LONG,retest_after_breakout_long,49.554,19.696,BAD
BTC-USDT-SWAP-LONG-1774346043000-20,2026-03-24,LONG,retest_after_breakout_long,98.583,89.308,BAD
BTC-USDT-SWAP-LONG-1774346346000-21,2026-03-24,LONG,absorption_reversal_long,69.951,7.467,BAD
BTC-USDT-SWAP-LONG-1774339604000-18,2026-03-24,LONG,absorption_reversal_long,115.303,7.797,BAD
BTC-USDT-SWAP-SHORT-1774336685000-15,2026-03-24,SHORT,absorption_reversal_short,41.222,7.615,GOOD
BTC-USDT-SWAP-SHORT-1774362766000-24,2026-03-24,SHORT,retest_after_breakout_short,29.527,13.083,BAD
BTC-USDT-SWAP-SHORT-1774362129000-23,2026-03-24,SHORT,absorption_reversal_short,229.288,3.729,BAD
BTC-USDT-SWAP-LONG-1774363528000-25,2026-03-24,LONG,absorption_reversal_long,14.743,8.651,BAD
BTC-USDT-SWAP-SHORT-1774369947000-26,2026-03-24,SHORT,absorption_reversal_short,40.016,8.075,BAD
BTC-USDT-SWAP-LONG-1774361880000-22,2026-03-24,LONG,absorption_reversal_long,140.464,8.466,BAD
BTC-USDT-SWAP-SHORT-1774371172000-29,2026-03-24,SHORT,absorption_reversal_short,10.2,7.682,BAD
BTC-USDT-SWAP-SHORT-1774370927000-28,2026-03-24,SHORT,absorption_reversal_short,8.64,7.174,BAD
BTC-USDT-SWAP-SHORT-1774372444000-31,2026-03-24,SHORT,retest_after_breakout_short,9.617,0.556,BAD
BTC-USDT-SWAP-SHORT-1774374739000-32,2026-03-24,SHORT,absorption_reversal_short,43.84,8.36,BAD
BTC-USDT-SWAP-SHORT-1774372202000-30,2026-03-24,SHORT,absorption_reversal_short,179.197,8.445,BAD
BTC-USDT-SWAP-SHORT-1774381867000-33,2026-03-24,SHORT,absorption_reversal_short,64.208,7.743,BAD
BTC-USDT-SWAP-LONG-1774385370000-34,2026-03-24,LONG,absorption_reversal_long,43.79,7.612,BAD
BTC-USDT-SWAP-SHORT-1774389025000-35,2026-03-24,SHORT,absorption_reversal_short,8.546,0.143,BAD
BTC-USDT-SWAP-LONG-1774370647000-27,2026-03-24,LONG,absorption_reversal_long,187.211,8.986,BAD
BTC-USDT-SWAP-SHORT-1774389074000-36,2026-03-24,SHORT,absorption_reversal_short,146.217,7.507,BAD
BTC-USDT-SWAP-SHORT-1774396839000-1,2026-03-25,SHORT,absorption_reversal_short,223.109,7.291,BAD
BTC-USDT-SWAP-SHORT-1774397648000-4,2026-03-25,SHORT,retest_after_breakout_short,26.69,17.31,BAD
BTC-USDT-SWAP-LONG-1774397341000-2,2026-03-25,LONG,absorption_reversal_long,9.497,7.434,BAD
BTC-USDT-SWAP-LONG-1774397404000-3,2026-03-25,LONG,absorption_reversal_long,9.588,3.785,BAD
BTC-USDT-SWAP-LONG-1774400096000-6,2026-03-25,LONG,retest_after_breakout_long,26.829,17.957,BAD
BTC-USDT-SWAP-LONG-1774407695000-9,2026-03-25,LONG,absorption_reversal_long,134.734,7.031,BAD
BTC-USDT-SWAP-LONG-1774405086000-8,2026-03-25,LONG,absorption_reversal_long,11.685,7.151,BAD
BTC-USDT-SWAP-LONG-1774401634000-7,2026-03-25,LONG,absorption_reversal_long,7.861,7.191,BAD
BTC-USDT-SWAP-SHORT-1774408213000-10,2026-03-25,SHORT,retest_after_breakout_short,58.502,49.86,BAD
BTC-USDT-SWAP-SHORT-1774416093000-12,2026-03-25,SHORT,absorption_reversal_short,80.867,6.825,BAD
BTC-USDT-SWAP-LONG-1774419017000-14,2026-03-25,LONG,absorption_reversal_long,50.493,6.866,BAD
BTC-USDT-SWAP-LONG-1774425909000-16,2026-03-25,LONG,absorption_reversal_long,106.011,7.266,BAD
BTC-USDT-SWAP-LONG-1774416472000-13,2026-03-25,LONG,absorption_reversal_long,43.521,7.288,BAD
BTC-USDT-SWAP-SHORT-1774399490000-5,2026-03-25,SHORT,absorption_reversal_short,72.49,6.819,BAD
BTC-USDT-SWAP-LONG-1774415629000-11,2026-03-25,LONG,absorption_reversal_long,8.196,7.085,BAD
BTC-USDT-SWAP-LONG-1774432966000-18,2026-03-25,LONG,retest_after_breakout_long,31.758,23.224,BAD
BTC-USDT-SWAP-LONG-1774433029000-19,2026-03-25,LONG,absorption_reversal_long,15.431,7.366,BAD
BTC-USDT-SWAP-LONG-1774436211000-21,2026-03-25,LONG,absorption_reversal_long,170.943,7.548,BAD
BTC-USDT-SWAP-SHORT-1774427887000-17,2026-03-25,SHORT,absorption_reversal_short,65.854,7.357,MID
BTC-USDT-SWAP-LONG-1774437718000-22,2026-03-25,LONG,absorption_reversal_long,8.998,7.914,MID
BTC-USDT-SWAP-SHORT-1774435972000-20,2026-03-25,SHORT,absorption_reversal_short,102.323,7.453,MID
BTC-USDT-SWAP-LONG-1774437958000-23,2026-03-25,LONG,absorption_reversal_long,44.378,8.301,MID
BTC-USDT-SWAP-SHORT-1774439218000-24,2026-03-25,SHORT,retest_after_breakout_short,13.175,3.107,MID
BTC-USDT-SWAP-LONG-1774445278000-26,2026-03-25,LONG,absorption_reversal_long,418.1,8.163,MID
BTC-USDT-SWAP-SHORT-1774446087000-27,2026-03-25,SHORT,absorption_reversal_short,11.841,8.389,MID
BTC-USDT-SWAP-SHORT-1774439561000-25,2026-03-25,SHORT,absorption_reversal_short,51.236,8.232,MID
BTC-USDT-SWAP-LONG-1774448158000-28,2026-03-25,LONG,absorption_reversal_long,82.47,7.757,MID
BTC-USDT-SWAP-SHORT-1774452639000-29,2026-03-25,SHORT,absorption_reversal_short,9.705,7.711,BAD
BTC-USDT-SWAP-SHORT-1774460558000-31,2026-03-25,SHORT,retest_after_breakout_short,38.103,0.021,BAD
BTC-USDT-SWAP-SHORT-1774459290000-30,2026-03-25,SHORT,absorption_reversal_short,25.598,0.07,BAD
BTC-USDT-SWAP-SHORT-1774461630000-32,2026-03-25,SHORT,absorption_reversal_short,17.772,7.889,BAD
BTC-USDT-SWAP-LONG-1774480244000-33,2026-03-25,LONG,absorption_reversal_long,39.344,1.107,BAD
BTC-USDT-SWAP-LONG-1774483234000-1,2026-03-26,LONG,retest_after_breakout_long,171.455,48.764,BAD
BTC-USDT-SWAP-LONG-1774484096000-2,2026-03-26,LONG,absorption_reversal_long,95.573,7.503,BAD
BTC-USDT-SWAP-SHORT-1774485627000-4,2026-03-26,SHORT,absorption_reversal_short,20.304,0.903,BAD
BTC-USDT-SWAP-SHORT-1774484401000-3,2026-03-26,SHORT,absorption_reversal_short,50.511,7.163,BAD
BTC-USDT-SWAP-SHORT-1774487843000-6,2026-03-26,SHORT,absorption_reversal_short,8.506,7.399,BAD
BTC-USDT-SWAP-LONG-1774486088000-5,2026-03-26,LONG,absorption_reversal_long,99.361,7.636,BAD
BTC-USDT-SWAP-SHORT-1774493504000-10,2026-03-26,SHORT,absorption_reversal_short,8.285,6.831,BAD
BTC-USDT-SWAP-SHORT-1774492655000-8,2026-03-26,SHORT,retest_after_breakout_short,217.072,209.015,BAD
BTC-USDT-SWAP-SHORT-1774495702000-11,2026-03-26,SHORT,absorption_reversal_short,8.281,5.982,BAD
BTC-USDT-SWAP-SHORT-1774502716000-13,2026-03-26,SHORT,retest_after_breakout_short,44.491,36.08,BAD
BTC-USDT-SWAP-SHORT-1774503105000-14,2026-03-26,SHORT,absorption_reversal_short,35.722,7.49,BAD
BTC-USDT-SWAP-LONG-1774492706000-9,2026-03-26,LONG,absorption_reversal_long,8.785,7.473,BAD
BTC-USDT-SWAP-LONG-1774491706000-7,2026-03-26,LONG,absorption_reversal_long,147.715,7.989,BAD
BTC-USDT-SWAP-SHORT-1774504288000-15,2026-03-26,SHORT,retest_after_breakout_short,59.61,39.502,BAD
BTC-USDT-SWAP-SHORT-1774513471000-17,2026-03-26,SHORT,absorption_reversal_short,38.927,7.412,BAD
BTC-USDT-SWAP-SHORT-1774505134000-16,2026-03-26,SHORT,absorption_reversal_short,36.57,7.465,BAD
BTC-USDT-SWAP-LONG-1774501901000-12,2026-03-26,LONG,absorption_reversal_long,82.601,7.992,BAD
BTC-USDT-SWAP-SHORT-1774518380000-20,2026-03-26,SHORT,retest_after_breakout_short,46.568,10.22,BAD
BTC-USDT-SWAP-LONG-1774520499000-23,2026-03-26,LONG,absorption_reversal_long,8.145,6.992,BAD
BTC-USDT-SWAP-SHORT-1774518188000-19,2026-03-26,SHORT,absorption_reversal_short,103.219,7.657,BAD
BTC-USDT-SWAP-LONG-1774520436000-22,2026-03-26,LONG,retest_after_breakout_long,24.405,15.9,BAD
BTC-USDT-SWAP-SHORT-1774527206000-27,2026-03-26,SHORT,absorption_reversal_short,41.374,7.329,BAD
BTC-USDT-SWAP-LONG-1774524970000-24,2026-03-26,LONG,absorption_reversal_long,16.393,7.327,BAD
BTC-USDT-SWAP-LONG-1774526555000-25,2026-03-26,LONG,absorption_reversal_long,8.842,7.481,BAD
BTC-USDT-SWAP-LONG-1774518751000-21,2026-03-26,LONG,retest_after_breakout_long,11.225,2.655,BAD
BTC-USDT-SWAP-SHORT-1774526799000-26,2026-03-26,SHORT,absorption_reversal_short,17.193,7.387,BAD
BTC-USDT-SWAP-LONG-1774517981000-18,2026-03-26,LONG,absorption_reversal_long,73.008,7.624,BAD
BTC-USDT-SWAP-LONG-1774533115000-28,2026-03-26,LONG,absorption_reversal_long,9.149,8.033,BAD
BTC-USDT-SWAP-SHORT-1774533389000-29,2026-03-26,SHORT,absorption_reversal_short,33.437,8.31,BAD
BTC-USDT-SWAP-SHORT-1774539002000-33,2026-03-26,SHORT,retest_after_breakout_short,45.483,36.347,BAD
BTC-USDT-SWAP-SHORT-1774538608000-32,2026-03-26,SHORT,absorption_reversal_short,185.946,8.009,BAD
BTC-USDT-SWAP-LONG-1774540527000-34,2026-03-26,LONG,absorption_reversal_long,91.759,7.93,BAD
BTC-USDT-SWAP-LONG-1774538419000-30,2026-03-26,LONG,absorption_reversal_long,45.846,8.052,BAD
BTC-USDT-SWAP-LONG-1774538541000-31,2026-03-26,LONG,absorption_reversal_long,45.846,8.052,BAD
BTC-USDT-SWAP-SHORT-1774548203000-37,2026-03-26,SHORT,retest_after_breakout_short,51.181,39.002,BAD
BTC-USDT-SWAP-SHORT-1774549562000-40,2026-03-26,SHORT,absorption_reversal_short,129.79,7.818,BAD
BTC-USDT-SWAP-SHORT-1774548280000-38,2026-03-26,SHORT,retest_after_breakout_short,51.181,39.002,BAD
BTC-USDT-SWAP-SHORT-1774548303000-39,2026-03-26,SHORT,retest_after_breakout_short,51.181,39.002,BAD
BTC-USDT-SWAP-LONG-1774550123000-41,2026-03-26,LONG,absorption_reversal_long,121.5,8.066,BAD
BTC-USDT-SWAP-LONG-1774547784000-35,2026-03-26,LONG,retest_after_breakout_long,54.943,46.274,BAD
BTC-USDT-SWAP-SHORT-1774554260000-42,2026-03-26,SHORT,absorption_reversal_short,8.66,7.487,BAD
BTC-USDT-SWAP-LONG-1774548123000-36,2026-03-26,LONG,absorption_reversal_long,20.534,7.838,BAD
BTC-USDT-SWAP-LONG-1774557042000-45,2026-03-26,LONG,retest_after_breakout_long,47.554,25.395,BAD
BTC-USDT-SWAP-SHORT-1774564730000-48,2026-03-26,SHORT,retest_after_breakout_short,32.453,24.315,BAD
BTC-USDT-SWAP-SHORT-1774556212000-43,2026-03-26,SHORT,absorption_reversal_short,44.59,8.108,BAD
BTC-USDT-SWAP-SHORT-1774556314000-44,2026-03-26,SHORT,absorption_reversal_short,11.331,6.986,BAD
BTC-USDT-SWAP-LONG-1774558729000-46,2026-03-26,LONG,absorption_reversal_long,7.447,6.63,BAD
BTC-USDT-SWAP-LONG-1774564434000-47,2026-03-26,LONG,retest_after_breakout_long,11.585,2.918,BAD
BTC-USDT-SWAP-LONG-1774565554000-49,2026-03-26,LONG,absorption_reversal_long,88.012,7.657,BAD
BTC-USDT-SWAP-SHORT-1774570637000-2,2026-03-27,SHORT,absorption_reversal_short,81.659,6.758,BAD
BTC-USDT-SWAP-LONG-1774571281000-3,2026-03-27,LONG,absorption_reversal_long,97.458,7.419,BAD
BTC-USDT-SWAP-LONG-1774570334000-1,2026-03-27,LONG,absorption_reversal_long,8.614,7.625,BAD
BTC-USDT-SWAP-SHORT-1774578177000-9,2026-03-27,SHORT,absorption_reversal_short,67.642,7.038,BAD
BTC-USDT-SWAP-SHORT-1774577539000-8,2026-03-27,SHORT,absorption_reversal_short,83.037,7.25,BAD
BTC-USDT-SWAP-LONG-1774576895000-6,2026-03-27,LONG,absorption_reversal_long,23.455,7.453,BAD
BTC-USDT-SWAP-SHORT-1774573301000-5,2026-03-27,SHORT,absorption_reversal_short,59.528,7.231,BAD
BTC-USDT-SWAP-LONG-1774576961000-7,2026-03-27,LONG,absorption_reversal_long,85.638,7.204,BAD
BTC-USDT-SWAP-SHORT-1774572338000-4,2026-03-27,SHORT,absorption_reversal_short,81.636,7.204,BAD
BTC-USDT-SWAP-LONG-1774587127000-12,2026-03-27,LONG,absorption_reversal_long,7.695,6.702,BAD
BTC-USDT-SWAP-LONG-1774585514000-10,2026-03-27,LONG,retest_after_breakout_long,36.596,28.536,BAD
BTC-USDT-SWAP-LONG-1774594419000-13,2026-03-27,LONG,absorption_reversal_long,7.877,6.861,BAD
BTC-USDT-SWAP-SHORT-1774585870000-11,2026-03-27,SHORT,absorption_reversal_short,26.092,6.926,BAD
BTC-USDT-SWAP-SHORT-1774598331000-14,2026-03-27,SHORT,absorption_reversal_short,97.731,7.713,BAD
BTC-USDT-SWAP-SHORT-1774600484000-17,2026-03-27,SHORT,absorption_reversal_short,187.445,8.704,BAD
BTC-USDT-SWAP-SHORT-1774600392000-16,2026-03-27,SHORT,absorption_reversal_short,187.445,8.704,BAD
BTC-USDT-SWAP-LONG-1774599878000-15,2026-03-27,LONG,absorption_reversal_long,45.828,7.935,BAD
BTC-USDT-SWAP-LONG-1774610486000-20,2026-03-27,LONG,retest_after_breakout_long,201.291,25.794,BAD
BTC-USDT-SWAP-LONG-1774612561000-21,2026-03-27,LONG,absorption_reversal_long,182.93,7.727,BAD
BTC-USDT-SWAP-LONG-1774609222000-19,2026-03-27,LONG,retest_after_breakout_long,112.458,103.031,BAD
BTC-USDT-SWAP-LONG-1774620007000-22,2026-03-27,LONG,absorption_reversal_long,9.605,8.431,BAD
BTC-USDT-SWAP-LONG-1774623813000-24,2026-03-27,LONG,absorption_reversal_long,167.7,8.311,BAD
BTC-USDT-SWAP-LONG-1774626472000-26,2026-03-27,LONG,absorption_reversal_long,42.399,6.545,BAD
BTC-USDT-SWAP-LONG-1774626322000-25,2026-03-27,LONG,absorption_reversal_long,42.399,6.545,BAD
BTC-USDT-SWAP-LONG-1774628406000-28,2026-03-27,LONG,absorption_reversal_long,129.859,8.123,BAD
BTC-USDT-SWAP-LONG-1774628331000-27,2026-03-27,LONG,absorption_reversal_long,129.859,8.123,BAD
BTC-USDT-SWAP-SHORT-1774620613000-23,2026-03-27,SHORT,retest_after_breakout_short,112.072,21.608,BAD
BTC-USDT-SWAP-SHORT-1774634948000-30,2026-03-27,SHORT,absorption_reversal_short,9.942,7.744,BAD
BTC-USDT-SWAP-LONG-1774635434000-32,2026-03-27,LONG,absorption_reversal_long,8.857,7.847,BAD
BTC-USDT-SWAP-SHORT-1774635234000-31,2026-03-27,SHORT,absorption_reversal_short,9.15,8.127,BAD
BTC-USDT-SWAP-SHORT-1774608293000-18,2026-03-27,SHORT,absorption_reversal_short,59.418,8.819,BAD
BTC-USDT-SWAP-LONG-1774633774000-29,2026-03-27,LONG,retest_after_breakout_long,87.728,75.419,BAD
BTC-USDT-SWAP-LONG-1774655103000-33,2026-03-27,LONG,absorption_reversal_long,8.582,7.347,BAD
BTC-USDT-SWAP-LONG-1774657037000-3,2026-03-28,LONG,absorption_reversal_long,19.032,6.964,BAD
BTC-USDT-SWAP-SHORT-1774656577000-2,2026-03-28,SHORT,retest_after_breakout_short,20.175,11.862,BAD
BTC-USDT-SWAP-SHORT-1774656525000-1,2026-03-28,SHORT,retest_after_breakout_short,20.175,11.862,BAD
BTC-USDT-SWAP-SHORT-1774662687000-8,2026-03-28,SHORT,retest_after_breakout_short,41.896,33.67,BAD
BTC-USDT-SWAP-LONG-1774659275000-4,2026-03-28,LONG,absorption_reversal_long,216.713,6.917,BAD
BTC-USDT-SWAP-LONG-1774664758000-10,2026-03-28,LONG,absorption_reversal_long,67.506,7.243,BAD
BTC-USDT-SWAP-LONG-1774662071000-7,2026-03-28,LONG,absorption_reversal_long,8.239,6.946,BAD
BTC-USDT-SWAP-SHORT-1774665979000-11,2026-03-28,SHORT,retest_after_breakout_short,50.613,42.594,BAD
BTC-USDT-SWAP-LONG-1774679676000-13,2026-03-28,LONG,absorption_reversal_long,23.565,6.703,BAD
BTC-USDT-SWAP-LONG-1774660665000-6,2026-03-28,LONG,retest_after_breakout_long,25.488,17.203,BAD
BTC-USDT-SWAP-SHORT-1774686604000-15,2026-03-28,SHORT,absorption_reversal_short,7.262,3.564,BAD
BTC-USDT-SWAP-LONG-1774690718000-16,2026-03-28,LONG,absorption_reversal_long,100.548,7.015,BAD
BTC-USDT-SWAP-SHORT-1774672561000-12,2026-03-28,SHORT,absorption_reversal_short,7.752,4.149,BAD
BTC-USDT-SWAP-LONG-1774685109000-14,2026-03-28,LONG,absorption_reversal_long,7.615,6.193,BAD
BTC-USDT-SWAP-LONG-1774660589000-5,2026-03-28,LONG,retest_after_breakout_long,25.488,17.203,BAD
BTC-USDT-SWAP-SHORT-1774663765000-9,2026-03-28,SHORT,retest_after_breakout_short,43.366,33.777,BAD
BTC-USDT-SWAP-LONG-1774706385000-19,2026-03-28,LONG,retest_after_breakout_long,53.797,16.631,BAD
BTC-USDT-SWAP-LONG-1774706252000-18,2026-03-28,LONG,retest_after_breakout_long,41.732,32.98,BAD
BTC-USDT-SWAP-LONG-1774712731000-20,2026-03-28,LONG,absorption_reversal_long,26.217,7.021,BAD
BTC-USDT-SWAP-LONG-1774716427000-21,2026-03-28,LONG,absorption_reversal_long,70.875,7.172,BAD
BTC-USDT-SWAP-SHORT-1774705080000-17,2026-03-28,SHORT,absorption_reversal_short,80.951,7.526,BAD
BTC-USDT-SWAP-LONG-1774735104000-22,2026-03-28,LONG,retest_after_breakout_long,21.263,13.629,BAD
BTC-USDT-SWAP-LONG-1774736087000-23,2026-03-28,LONG,absorption_reversal_long,26.735,7.365,BAD
BTC-USDT-SWAP-SHORT-1774742430000-1,2026-03-29,SHORT,absorption_reversal_short,72.972,7.214,GOOD
BTC-USDT-SWAP-LONG-1774742870000-3,2026-03-29,LONG,absorption_reversal_long,63.952,7.386,BAD
BTC-USDT-SWAP-LONG-1774743999000-4,2026-03-29,LONG,absorption_reversal_long,7.876,6.87,BAD
BTC-USDT-SWAP-SHORT-1774742801000-2,2026-03-29,SHORT,absorption_reversal_short,8.321,7.101,GOOD
BTC-USDT-SWAP-LONG-1774753216000-9,2026-03-29,LONG,absorption_reversal_long,11.984,6.921,BAD
BTC-USDT-SWAP-SHORT-1774746731000-5,2026-03-29,SHORT,retest_after_breakout_short,38.151,18.448,GOOD
BTC-USDT-SWAP-SHORT-1774750254000-6,2026-03-29,SHORT,absorption_reversal_short,76.061,6.953,GOOD
BTC-USDT-SWAP-SHORT-1774751295000-7,2026-03-29,SHORT,absorption_reversal_short,7.775,6.684,GOOD
BTC-USDT-SWAP-SHORT-1774757504000-12,2026-03-29,SHORT,retest_after_breakout_short,78.915,65.681,MID
BTC-USDT-SWAP-SHORT-1774760707000-14,2026-03-29,SHORT,retest_after_breakout_short,70.757,19.76,MID
BTC-USDT-SWAP-LONG-1774754966000-10,2026-03-29,LONG,absorption_reversal_long,8.176,6.813,BAD
BTC-USDT-SWAP-LONG-1774762457000-15,2026-03-29,LONG,retest_after_breakout_long,104.815,61.629,BAD
BTC-USDT-SWAP-LONG-1774760584000-13,2026-03-29,LONG,absorption_reversal_long,45.477,6.993,BAD
BTC-USDT-SWAP-SHORT-1774763331000-16,2026-03-29,SHORT,absorption_reversal_short,37.754,6.704,MID
BTC-USDT-SWAP-LONG-1774755666000-11,2026-03-29,LONG,absorption_reversal_long,15.679,7.093,BAD
BTC-USDT-SWAP-SHORT-1774768706000-17,2026-03-29,SHORT,absorption_reversal_short,82.635,6.652,MID
BTC-USDT-SWAP-SHORT-1774779062000-19,2026-03-29,SHORT,retest_after_breakout_short,219.238,68.914,MID
BTC-USDT-SWAP-LONG-1774777150000-18,2026-03-29,LONG,absorption_reversal_long,365.899,7.331,BAD
BTC-USDT-SWAP-LONG-1774780706000-20,2026-03-29,LONG,absorption_reversal_long,7.598,6.598,BAD
BTC-USDT-SWAP-LONG-1774783251000-21,2026-03-29,LONG,absorption_reversal_long,8.175,7.056,BAD
BTC-USDT-SWAP-SHORT-1774752923000-8,2026-03-29,SHORT,absorption_reversal_short,71.295,7.122,GOOD
BTC-USDT-SWAP-LONG-1774784312000-22,2026-03-29,LONG,absorption_reversal_long,35.864,7.031,BAD
BTC-USDT-SWAP-SHORT-1774805237000-23,2026-03-29,SHORT,absorption_reversal_short,8.512,7.32,BAD
BTC-USDT-SWAP-SHORT-1774826131000-24,2026-03-29,SHORT,retest_after_breakout_short,78.099,0.419,BAD
BTC-USDT-SWAP-LONG-1774829268000-2,2026-03-30,LONG,absorption_reversal_long,23.306,3.496,GOOD
BTC-USDT-SWAP-LONG-1774829318000-3,2026-03-30,LONG,retest_after_breakout_long,26.889,18.215,GOOD
BTC-USDT-SWAP-LONG-1774829392000-4,2026-03-30,LONG,retest_after_breakout_long,29.806,21.277,GOOD
BTC-USDT-SWAP-LONG-1774836861000-8,2026-03-30,LONG,absorption_reversal_long,94.313,7.522,MID
BTC-USDT-SWAP-LONG-1774836898000-9,2026-03-30,LONG,absorption_reversal_long,94.313,7.522,MID
BTC-USDT-SWAP-LONG-1774834220000-6,2026-03-30,LONG,absorption_reversal_long,9.407,7.78,MID
BTC-USDT-SWAP-LONG-1774834280000-7,2026-03-30,LONG,absorption_reversal_long,8.727,7.667,MID
BTC-USDT-SWAP-SHORT-1774830283000-5,2026-03-30,SHORT,absorption_reversal_short,9.071,7.976,BAD
BTC-USDT-SWAP-SHORT-1774828839000-1,2026-03-30,SHORT,absorption_reversal_short,59.52,8.689,BAD
BTC-USDT-SWAP-LONG-1774840912000-11,2026-03-30,LONG,absorption_reversal_long,84.824,7.714,MID
BTC-USDT-SWAP-LONG-1774841502000-12,2026-03-30,LONG,absorption_reversal_long,111.457,7.638,MID
BTC-USDT-SWAP-SHORT-1774842906000-13,2026-03-30,SHORT,absorption_reversal_short,34.242,7.542,BAD
BTC-USDT-SWAP-LONG-1774843669000-14,2026-03-30,LONG,absorption_reversal_long,8.942,7.65,MID
BTC-USDT-SWAP-SHORT-1774840595000-10,2026-03-30,SHORT,absorption_reversal_short,119.856,7.53,BAD
BTC-USDT-SWAP-LONG-1774846274000-16,2026-03-30,LONG,absorption_reversal_long,243.752,7.536,MID
BTC-USDT-SWAP-SHORT-1774846621000-17,2026-03-30,SHORT,retest_after_breakout_short,17.667,2.917,BAD
BTC-USDT-SWAP-SHORT-1774846778000-18,2026-03-30,SHORT,absorption_reversal_short,178.286,7.828,BAD
BTC-USDT-SWAP-SHORT-1774844011000-15,2026-03-30,SHORT,absorption_reversal_short,12.108,7.536,BAD
BTC-USDT-SWAP-LONG-1774847323000-19,2026-03-30,LONG,absorption_reversal_long,65.529,7.426,MID
BTC-USDT-SWAP-SHORT-1774852538000-20,2026-03-30,SHORT,absorption_reversal_short,8.565,7.455,BAD
BTC-USDT-SWAP-LONG-1774858984000-22,2026-03-30,LONG,absorption_reversal_long,38.361,7.279,BAD
BTC-USDT-SWAP-LONG-1774872672000-23,2026-03-30,LONG,absorption_reversal_long,541.049,7.514,BAD
BTC-USDT-SWAP-LONG-1774873140000-24,2026-03-30,LONG,retest_after_breakout_long,236.353,226.697,BAD
BTC-USDT-SWAP-SHORT-1774874303000-25,2026-03-30,SHORT,retest_after_breakout_short,350.939,341.403,BAD
BTC-USDT-SWAP-SHORT-1774858134000-21,2026-03-30,SHORT,retest_after_breakout_short,22.113,13.358,BAD
BTC-USDT-SWAP-LONG-1774878475000-26,2026-03-30,LONG,retest_after_breakout_long,394.176,334.822,BAD
BTC-USDT-SWAP-LONG-1774882904000-27,2026-03-30,LONG,absorption_reversal_long,57.541,8.364,BAD
BTC-USDT-SWAP-SHORT-1774891237000-28,2026-03-30,SHORT,absorption_reversal_short,177.478,8.13,BAD
BTC-USDT-SWAP-SHORT-1774897033000-31,2026-03-30,SHORT,absorption_reversal_short,84.31,7.479,BAD
BTC-USDT-SWAP-SHORT-1774896600000-30,2026-03-30,SHORT,absorption_reversal_short,87.587,7.464,BAD
BTC-USDT-SWAP-LONG-1774891865000-29,2026-03-30,LONG,absorption_reversal_long,645.954,8.224,BAD
BTC-USDT-SWAP-SHORT-1774898653000-35,2026-03-30,SHORT,retest_after_breakout_short,20.65,8.274,BAD
BTC-USDT-SWAP-LONG-1774900481000-36,2026-03-30,LONG,absorption_reversal_long,9.133,7.829,BAD
BTC-USDT-SWAP-SHORT-1774898345000-34,2026-03-30,SHORT,retest_after_breakout_short,102.414,36.979,BAD
BTC-USDT-SWAP-LONG-1774906773000-38,2026-03-30,LONG,absorption_reversal_long,58.452,6.874,BAD
BTC-USDT-SWAP-LONG-1774898021000-32,2026-03-30,LONG,absorption_reversal_long,49.241,8.116,BAD
BTC-USDT-SWAP-LONG-1774898078000-33,2026-03-30,LONG,absorption_reversal_long,49.241,8.116,BAD
BTC-USDT-SWAP-SHORT-1774900746000-37,2026-03-30,SHORT,absorption_reversal_short,25.419,7.613,BAD
BTC-USDT-SWAP-LONG-1774915354000-1,2026-03-31,LONG,absorption_reversal_long,9.13,7.796,GOOD
BTC-USDT-SWAP-LONG-1774916501000-3,2026-03-31,LONG,absorption_reversal_long,113.01,8.181,GOOD
BTC-USDT-SWAP-SHORT-1774916222000-2,2026-03-31,SHORT,absorption_reversal_short,152.129,7.738,GOOD
BTC-USDT-SWAP-SHORT-1774917130000-4,2026-03-31,SHORT,retest_after_breakout_short,285.547,246.769,GOOD
BTC-USDT-SWAP-LONG-1774917842000-5,2026-03-31,LONG,retest_after_breakout_long,84.521,36.046,BAD
BTC-USDT-SWAP-SHORT-1774918719000-6,2026-03-31,SHORT,absorption_reversal_short,9.395,8.393,GOOD
BTC-USDT-SWAP-SHORT-1774922015000-9,2026-03-31,SHORT,absorption_reversal_short,88.641,7.75,MID
BTC-USDT-SWAP-SHORT-1774928879000-10,2026-03-31,SHORT,absorption_reversal_short,88.247,7.402,MID
BTC-USDT-SWAP-LONG-1774920704000-8,2026-03-31,LONG,retest_after_breakout_long,78.842,69.794,BAD
BTC-USDT-SWAP-SHORT-1774933202000-11,2026-03-31,SHORT,absorption_reversal_short,42.721,7.422,MID
BTC-USDT-SWAP-SHORT-1774933245000-12,2026-03-31,SHORT,absorption_reversal_short,42.721,7.422,MID
BTC-USDT-SWAP-SHORT-1774938806000-13,2026-03-31,SHORT,retest_after_breakout_short,22.118,13.274,BAD
BTC-USDT-SWAP-SHORT-1774943101000-15,2026-03-31,SHORT,absorption_reversal_short,63.716,7.415,BAD
BTC-USDT-SWAP-SHORT-1774942358000-14,2026-03-31,SHORT,absorption_reversal_short,52.951,7.26,BAD
BTC-USDT-SWAP-SHORT-1774920546000-7,2026-03-31,SHORT,absorption_reversal_short,62.267,7.811,MID
BTC-USDT-SWAP-SHORT-1774947138000-18,2026-03-31,SHORT,retest_after_breakout_short,60.978,14.557,BAD
BTC-USDT-SWAP-SHORT-1774946279000-16,2026-03-31,SHORT,retest_after_breakout_short,195.387,101.156,BAD
BTC-USDT-SWAP-SHORT-1774946349000-17,2026-03-31,SHORT,retest_after_breakout_short,195.387,101.156,BAD
BTC-USDT-SWAP-SHORT-1774948614000-19,2026-03-31,SHORT,retest_after_breakout_short,12.261,2.813,BAD
BTC-USDT-SWAP-SHORT-1774948669000-20,2026-03-31,SHORT,retest_after_breakout_short,12.261,2.813,BAD
BTC-USDT-SWAP-LONG-1774948954000-21,2026-03-31,LONG,absorption_reversal_long,51.693,7.841,GOOD
BTC-USDT-SWAP-SHORT-1774951968000-23,2026-03-31,SHORT,absorption_reversal_short,231.13,7.68,GOOD
BTC-USDT-SWAP-LONG-1774950763000-22,2026-03-31,LONG,retest_after_breakout_long,20.396,9.346,MID
BTC-USDT-SWAP-LONG-1774977794000-24,2026-03-31,LONG,absorption_reversal_long,9.431,8.244,BAD
BTC-USDT-SWAP-LONG-1774983035000-25,2026-03-31,LONG,absorption_reversal_long,14.519,7.239,BAD
BTC-USDT-SWAP-LONG-1774984071000-26,2026-03-31,LONG,absorption_reversal_long,8.618,7.6,BAD
BTC-USDT-SWAP-LONG-1774988188000-27,2026-03-31,LONG,absorption_reversal_long,53.898,7.035,BAD
BTC-USDT-SWAP-LONG-1774990827000-28,2026-03-31,LONG,absorption_reversal_long,54.991,7.287,BAD
