selector,kind,selected_n,alerts_per_day,good_n,wrong_n,precision_pct,recall_pct,wrong_rate_pct,h1_precision_pct,h2_precision_pct,long_precision_pct,short_precision_pct,avg_lead_min,median_lead_min
L2::S::cand_pressure_against_ge_0.5579,single,835,28.793,101,109,12.1,82.11,13.05,13.38,10.85,12.41,11.81,93.07,87.37
L2::S::cand_pressure_against_ge_0.5579::top1,single+top1,29,1.0,4,1,13.79,3.25,3.45,14.29,13.33,25.0,5.88,139.58,158.75
L2::S::cand_pressure_against_ge_0.5579::top2,single+top2,58,2.0,11,3,18.97,8.94,5.17,17.86,20.0,24.14,13.79,101.16,101.07
L2::S::cand_pressure_against_le_0.5579,single,209,7.207,22,30,10.53,17.89,14.35,12.63,8.77,12.26,8.74,111.78,82.33
L2::S::cand_pressure_against_le_0.5579::top1,single+top1,29,1.0,4,4,13.79,3.25,13.79,7.14,20.0,9.09,16.67,133.46,135.97
L2::S::cand_pressure_against_le_0.5579::top2,single+top2,57,1.966,8,7,14.04,6.5,12.28,17.86,10.34,13.64,14.29,117.9,84.89
L2::S::cand_pressure_against_ge_0.572,single,627,21.621,78,86,12.44,63.41,13.72,14.52,10.41,13.36,11.56,90.57,86.19
L2::S::cand_pressure_against_ge_0.572::top1,single+top1,29,1.0,4,0,13.79,3.25,0.0,14.29,13.33,27.27,5.56,139.58,158.75
L2::S::cand_pressure_against_ge_0.572::top2,single+top2,58,2.0,11,1,18.97,8.94,1.72,17.86,20.0,26.92,12.5,101.16,101.07
L2::S::cand_pressure_against_le_0.572,single,417,14.379,45,53,10.79,36.59,12.71,11.22,10.41,10.95,10.65,106.53,87.97
L2::S::cand_pressure_against_le_0.572::top1,single+top1,29,1.0,5,3,17.24,4.07,10.34,7.14,26.67,7.14,26.67,136.42,185.05
L2::S::cand_pressure_against_le_0.572::top2,single+top2,58,2.0,10,7,17.24,8.13,12.07,17.86,16.67,11.54,21.88,111.3,76.34
L2::S::cand_pressure_against_ge_0.5921,single,418,14.414,54,58,12.92,43.9,13.88,15.35,10.65,14.71,11.21,81.46,62.38
L2::S::cand_pressure_against_ge_0.5921::top1,single+top1,29,1.0,4,0,13.79,3.25,0.0,21.43,6.67,28.57,0.0,97.0,96.09
L2::S::cand_pressure_against_ge_0.5921::top2,single+top2,58,2.0,13,1,22.41,10.57,1.72,21.43,23.33,33.33,10.71,94.89,92.63
L2::S::cand_pressure_against_le_0.5921,single,626,21.586,70,81,11.18,56.91,12.94,12.13,10.28,10.86,11.49,107.06,88.06
L2::S::cand_pressure_against_le_0.5921::top1,single+top1,29,1.0,3,2,10.34,2.44,6.9,0.0,20.0,7.14,13.33,150.5,189.6
L2::S::cand_pressure_against_le_0.5921::top2,single+top2,58,2.0,8,6,13.79,6.5,10.34,10.71,16.67,14.81,12.9,115.43,116.47
L2::S::cand_pressure_against_ge_0.6289,single,210,7.241,29,23,13.81,23.58,10.95,16.48,11.76,16.49,11.5,70.7,56.72
L2::S::cand_pressure_against_ge_0.6289::top1,single+top1,29,1.0,4,0,13.79,3.25,0.0,21.43,6.67,21.43,6.67,76.98,56.05
L2::S::cand_pressure_against_ge_0.6289::top2,single+top2,58,2.0,14,2,24.14,11.38,3.45,32.14,16.67,25.0,23.08,74.42,56.05
L2::S::cand_pressure_against_le_0.6289,single,834,28.759,94,116,11.27,76.42,13.91,12.5,10.05,11.44,11.11,104.35,88.47
L2::S::cand_pressure_against_le_0.6289::top1,single+top1,29,1.0,4,2,13.79,3.25,6.9,7.14,20.0,15.38,12.5,141.02,158.75
L2::S::cand_pressure_against_le_0.6289::top2,single+top2,58,2.0,7,6,12.07,5.69,10.34,3.57,20.0,11.54,12.5,142.75,176.55
L2::S::cand_buy_pressure_ge_0.558,single,429,14.793,51,58,11.89,41.46,13.52,11.43,12.33,,11.89,93.22,63.88
L2::S::cand_buy_pressure_ge_0.558::top1,single+top1,29,1.0,2,0,6.9,1.63,0.0,0.0,13.33,,6.9,169.38,169.38
L2::S::cand_buy_pressure_ge_0.558::top2,single+top2,58,2.0,6,3,10.34,4.88,5.17,7.14,13.33,,10.34,111.36,114.6
L2::S::cand_buy_pressure_le_0.558,single,107,3.69,9,16,8.41,7.32,14.95,8.0,8.77,,8.41,104.69,81.0
L2::S::cand_buy_pressure_le_0.558::top1,single+top1,27,0.931,4,5,14.81,3.25,18.52,15.38,14.29,,14.81,94.32,68.99
L2::S::cand_buy_pressure_le_0.558::top2,single+top2,52,1.793,5,8,9.62,4.07,15.38,12.0,7.41,,9.62,91.66,81.0
L2::S::cand_buy_pressure_ge_0.5716,single,322,11.103,38,49,11.8,30.89,15.22,12.74,10.91,,11.8,92.33,75.15
L2::S::cand_buy_pressure_ge_0.5716::top1,single+top1,29,1.0,2,0,6.9,1.63,0.0,0.0,13.33,,6.9,169.38,169.38
L2::S::cand_buy_pressure_ge_0.5716::top2,single+top2,58,2.0,7,3,12.07,5.69,5.17,10.71,13.33,,12.07,109.03,87.97
L2::S::cand_buy_pressure_le_0.5716,single,214,7.379,23,25,10.75,18.7,11.68,8.74,12.61,,10.75,98.95,81.0
L2::S::cand_buy_pressure_le_0.5716::top1,single+top1,29,1.0,6,5,20.69,4.88,17.24,21.43,20.0,,20.69,102.25,72.47
L2::S::cand_buy_pressure_le_0.5716::top2,single+top2,57,1.966,10,7,17.54,8.13,12.28,17.86,17.24,,17.54,112.04,84.48
L2::S::cand_buy_pressure_ge_0.592,single,215,7.414,25,32,11.63,20.33,14.88,13.33,10.0,,11.63,80.84,60.88
L2::S::cand_buy_pressure_ge_0.592::top1,single+top1,29,1.0,1,1,3.45,0.81,3.45,0.0,6.67,,3.45,149.15,149.15
L2::S::cand_buy_pressure_ge_0.592::top2,single+top2,58,2.0,7,4,12.07,5.69,6.9,14.29,10.0,,12.07,61.35,40.87
L2::S::cand_buy_pressure_le_0.592,single,321,11.069,36,42,11.21,29.27,13.08,9.68,12.65,,11.21,105.76,87.19
L2::S::cand_buy_pressure_le_0.592::top1,single+top1,29,1.0,4,3,13.79,3.25,10.34,7.14,20.0,,13.79,131.37,138.78
L2::S::cand_buy_pressure_le_0.592::top2,single+top2,58,2.0,9,7,15.52,7.32,12.07,14.29,16.67,,15.52,91.16,56.98
L2::S::cand_buy_pressure_ge_0.6299,single,108,3.724,13,11,12.04,10.57,10.19,12.24,11.86,,12.04,76.25,60.88
L2::S::cand_buy_pressure_ge_0.6299::top1,single+top1,29,1.0,4,0,13.79,3.25,0.0,14.29,13.33,,13.79,88.98,86.11
L2::S::cand_buy_pressure_ge_0.6299::top2,single+top2,56,1.931,8,3,14.29,6.5,5.36,15.38,13.33,,14.29,79.79,62.38
L2::S::cand_buy_pressure_le_0.6299,single,428,14.759,47,64,10.98,38.21,14.95,10.43,11.52,,10.98,100.11,86.42
L2::S::cand_buy_pressure_le_0.6299::top1,single+top1,29,1.0,4,3,13.79,3.25,10.34,7.14,20.0,,13.79,131.37,138.78
L2::S::cand_buy_pressure_le_0.6299::top2,single+top2,58,2.0,8,5,13.79,6.5,8.62,10.71,16.67,,13.79,105.3,87.97
L2::S::cand_sell_pressure_ge_0.5575,single,407,14.034,50,50,12.29,40.65,12.29,15.42,9.22,12.29,,92.91,94.81
L2::S::cand_sell_pressure_ge_0.5575::top1,single+top1,29,1.0,6,4,20.69,4.88,13.79,28.57,13.33,20.69,,82.09,71.93
L2::S::cand_sell_pressure_ge_0.5575::top2,single+top2,58,2.0,11,8,18.97,8.94,13.79,21.43,16.67,18.97,,105.74,101.07
L2::S::cand_sell_pressure_le_0.5575,single,102,3.517,13,15,12.75,10.57,14.71,17.39,8.93,12.75,,116.68,82.85
L2::S::cand_sell_pressure_le_0.5575::top1,single+top1,29,1.0,7,2,24.14,5.69,6.9,35.71,13.33,24.14,,125.84,88.78
L2::S::cand_sell_pressure_le_0.5575::top2,single+top2,53,1.828,10,5,18.87,8.13,9.43,26.92,11.11,18.87,,112.43,85.3
L2::S::cand_sell_pressure_ge_0.5726,single,306,10.552,41,37,13.4,33.33,12.09,16.99,9.8,13.4,,88.88,87.37
L2::S::cand_sell_pressure_ge_0.5726::top1,single+top1,29,1.0,6,4,20.69,4.88,13.79,28.57,13.33,20.69,,82.09,71.93
L2::S::cand_sell_pressure_ge_0.5726::top2,single+top2,58,2.0,14,7,24.14,11.38,12.07,25.0,23.33,24.14,,98.97,96.85
L2::S::cand_sell_pressure_le_0.5726,single,203,7.0,22,28,10.84,17.89,13.79,13.68,8.33,10.84,,114.46,96.81
L2::S::cand_sell_pressure_le_0.5726::top1,single+top1,29,1.0,2,4,6.9,1.63,13.79,7.14,6.67,6.9,,106.83,106.83
L2::S::cand_sell_pressure_le_0.5726::top2,single+top2,58,2.0,8,10,13.79,6.5,17.24,17.86,10.0,13.79,,100.96,80.23
L2::S::cand_sell_pressure_ge_0.5923,single,204,7.034,30,26,14.71,24.39,12.75,18.37,11.32,14.71,,83.67,83.69
L2::S::cand_sell_pressure_ge_0.5923::top1,single+top1,29,1.0,7,3,24.14,5.69,10.34,28.57,20.0,24.14,,76.3,51.23
L2::S::cand_sell_pressure_ge_0.5923::top2,single+top2,58,2.0,14,7,24.14,11.38,12.07,25.0,23.33,24.14,,95.1,86.32
L2::S::cand_sell_pressure_le_0.5923,single,305,10.517,33,39,10.82,26.83,12.79,14.0,7.74,10.82,,110.67,96.98
L2::S::cand_sell_pressure_le_0.5923::top1,single+top1,29,1.0,3,3,10.34,2.44,10.34,14.29,6.67,10.34,,124.97,161.25
L2::S::cand_sell_pressure_le_0.5923::top2,single+top2,58,2.0,7,9,12.07,5.69,15.52,14.29,10.0,12.07,,114.8,143.08
L2::S::cand_sell_pressure_ge_0.6243,single,103,3.552,17,12,16.5,13.82,11.65,22.22,12.07,16.5,,72.6,43.65
L2::S::cand_sell_pressure_ge_0.6243::top1,single+top1,29,1.0,7,3,24.14,5.69,10.34,28.57,20.0,24.14,,56.25,41.55
L2::S::cand_sell_pressure_ge_0.6243::top2,single+top2,55,1.897,11,7,20.0,8.94,12.73,28.0,13.33,20.0,,74.19,51.23
L2::S::cand_sell_pressure_le_0.6243,single,406,14.0,46,54,11.33,37.4,13.3,14.29,8.37,11.33,,107.13,102.91
L2::S::cand_sell_pressure_le_0.6243::top1,single+top1,29,1.0,3,4,10.34,2.44,13.79,14.29,6.67,10.34,,145.08,140.95
L2::S::cand_sell_pressure_le_0.6243::top2,single+top2,58,2.0,7,9,12.07,5.69,15.52,14.29,10.0,12.07,,136.18,143.08
L2::S::cand_absorb_score_ge_0.6119,single,835,28.793,100,110,11.98,81.3,13.17,13.35,10.64,12.47,11.52,94.23,87.67
L2::S::cand_absorb_score_ge_0.6119::top1,single+top1,29,1.0,4,1,13.79,3.25,3.45,14.29,13.33,23.08,6.25,139.58,158.75
L2::S::cand_absorb_score_ge_0.6119::top2,single+top2,58,2.0,9,3,15.52,7.32,5.17,17.86,13.33,20.0,10.71,122.68,140.95
L2::S::cand_absorb_score_le_0.6119,single,209,7.207,23,29,11.0,18.7,13.88,12.77,9.57,12.15,9.8,105.92,81.82
L2::S::cand_absorb_score_le_0.6119::top1,single+top1,29,1.0,6,4,20.69,4.88,13.79,21.43,20.0,10.0,26.32,103.38,70.94
L2::S::cand_absorb_score_le_0.6119::top2,single+top2,58,2.0,11,7,18.97,8.94,12.07,25.0,13.33,18.18,19.44,96.22,81.0
L2::S::cand_absorb_score_ge_0.6252,single,627,21.621,76,83,12.12,61.79,13.24,14.29,9.94,13.11,11.18,94.0,88.06
L2::S::cand_absorb_score_ge_0.6252::top1,single+top1,29,1.0,4,0,13.79,3.25,0.0,14.29,13.33,25.0,5.88,139.58,158.75
L2::S::cand_absorb_score_ge_0.6252::top2,single+top2,58,2.0,10,1,17.24,8.13,1.72,17.86,16.67,25.0,10.0,107.65,121.01
L2::S::cand_absorb_score_le_0.6252,single,417,14.379,47,56,11.27,38.21,13.43,11.46,11.11,11.33,11.21,100.31,81.0
L2::S::cand_absorb_score_le_0.6252::top1,single+top1,29,1.0,5,3,17.24,4.07,10.34,7.14,26.67,7.69,25.0,110.61,60.88
L2::S::cand_absorb_score_le_0.6252::top2,single+top2,58,2.0,10,7,17.24,8.13,12.07,14.29,20.0,4.17,26.47,113.28,70.94
L2::S::cand_absorb_score_ge_0.6446,single,418,14.414,53,59,12.68,43.09,14.11,14.83,10.53,14.42,10.95,84.67,87.37
L2::S::cand_absorb_score_ge_0.6446::top1,single+top1,29,1.0,6,0,20.69,4.88,0.0,28.57,13.33,38.46,6.25,113.11,121.01
L2::S::cand_absorb_score_ge_0.6446::top2,single+top2,58,2.0,14,1,24.14,11.38,1.72,25.0,23.33,33.33,14.29,103.06,96.85
L2::S::cand_absorb_score_le_0.6446,single,626,21.586,70,80,11.18,56.91,12.78,12.08,10.37,11.0,11.35,105.31,84.63
L2::S::cand_absorb_score_le_0.6446::top1,single+top1,29,1.0,4,3,13.79,3.25,10.34,7.14,20.0,7.69,18.75,90.53,58.93
L2::S::cand_absorb_score_le_0.6446::top2,single+top2,58,2.0,6,7,10.34,4.88,12.07,3.57,16.67,3.85,15.62,123.02,122.97
L2::S::cand_absorb_score_ge_0.6813,single,210,7.241,24,26,11.43,19.51,12.38,12.5,10.53,14.0,9.09,78.97,61.31
L2::S::cand_absorb_score_ge_0.6813::top1,single+top1,29,1.0,5,1,17.24,4.07,3.45,28.57,6.67,30.77,6.25,82.4,63.88
L2::S::cand_absorb_score_ge_0.6813::top2,single+top2,58,2.0,13,2,22.41,10.57,3.45,28.57,16.67,33.33,12.9,80.54,63.88
L2::S::cand_absorb_score_le_0.6813,single,834,28.759,99,114,11.87,80.49,13.67,13.38,10.4,12.01,11.74,100.64,87.37
L2::S::cand_absorb_score_le_0.6813::top1,single+top1,29,1.0,4,2,13.79,3.25,6.9,7.14,20.0,15.38,12.5,141.02,158.75
L2::S::cand_absorb_score_le_0.6813::top2,single+top2,58,2.0,8,5,13.79,6.5,8.62,7.14,20.0,10.71,16.67,132.52,158.75
L2::S::cand_bid_refill_score_ge_0.4994,single,407,14.034,50,50,12.29,40.65,12.29,14.56,9.95,12.29,,100.58,94.81
L2::S::cand_bid_refill_score_ge_0.4994::top1,single+top1,29,1.0,5,2,17.24,4.07,6.9,21.43,13.33,17.24,,98.72,92.63
L2::S::cand_bid_refill_score_ge_0.4994::top2,single+top2,58,2.0,10,7,17.24,8.13,12.07,17.86,16.67,17.24,,101.36,96.85
L2::S::cand_bid_refill_score_le_0.4994,single,102,3.517,14,15,13.73,11.38,14.71,23.81,6.67,13.73,,95.07,76.75
L2::S::cand_bid_refill_score_le_0.4994::top1,single+top1,28,0.966,3,5,10.71,2.44,17.86,23.08,0.0,10.71,,88.62,71.68
L2::S::cand_bid_refill_score_le_0.4994::top2,single+top2,54,1.862,10,8,18.52,8.13,14.81,29.17,10.0,18.52,,97.73,76.75
L2::S::cand_bid_refill_score_ge_0.5,single,306,10.552,37,41,12.09,30.08,13.4,14.79,9.76,12.09,,95.03,87.37
L2::S::cand_bid_refill_score_ge_0.5::top1,single+top1,29,1.0,4,3,13.79,3.25,10.34,14.29,13.33,13.79,,83.09,71.93
L2::S::cand_bid_refill_score_ge_0.5::top2,single+top2,58,2.0,9,7,15.52,7.32,12.07,14.29,16.67,15.52,,99.94,92.63
L2::S::cand_bid_refill_score_le_0.5,single,203,7.0,26,25,12.81,21.14,12.32,16.98,8.25,12.81,,101.77,98.98
L2::S::cand_bid_refill_score_le_0.5::top1,single+top1,29,1.0,3,4,10.34,2.44,13.79,14.29,6.67,10.34,,139.19,140.95
L2::S::cand_bid_refill_score_le_0.5::top2,single+top2,58,2.0,10,6,17.24,8.13,10.34,17.86,16.67,17.24,,124.67,142.01
L2::S::cand_bid_refill_score_ge_0.5005,single,204,7.034,24,25,11.76,19.51,12.25,13.48,10.43,11.76,,96.1,94.92
L2::S::cand_bid_refill_score_ge_0.5005::top1,single+top1,29,1.0,4,3,13.79,3.25,10.34,14.29,13.33,13.79,,125.26,149.45
L2::S::cand_bid_refill_score_ge_0.5005::top2,single+top2,58,2.0,10,7,17.24,8.13,12.07,14.29,20.0,17.24,,124.68,144.57
L2::S::cand_bid_refill_score_le_0.5005,single,305,10.517,39,40,12.79,31.71,13.11,17.09,8.16,12.79,,98.87,87.37
L2::S::cand_bid_refill_score_le_0.5005::top1,single+top1,29,1.0,4,3,13.79,3.25,10.34,14.29,13.33,13.79,,122.44,116.79
L2::S::cand_bid_refill_score_le_0.5005::top2,single+top2,58,2.0,9,5,15.52,7.32,8.62,21.43,10.0,15.52,,91.9,71.68
L2::S::cand_bid_refill_score_ge_0.5012,single,103,3.552,10,11,9.71,8.13,10.68,10.64,8.93,9.71,,74.82,32.81
L2::S::cand_bid_refill_score_ge_0.5012::top1,single+top1,29,1.0,3,5,10.34,2.44,17.24,14.29,6.67,10.34,,122.13,175.55
L2::S::cand_bid_refill_score_ge_0.5012::top2,single+top2,56,1.931,7,9,12.5,5.69,16.07,15.38,10.0,12.5,,72.87,16.52
L2::S::cand_bid_refill_score_le_0.5012,single,406,14.0,53,54,13.05,43.09,13.3,17.0,9.22,13.05,,102.15,92.63
L2::S::cand_bid_refill_score_le_0.5012::top1,single+top1,29,1.0,6,3,20.69,4.88,10.34,28.57,13.33,20.69,,95.73,96.85
L2::S::cand_bid_refill_score_le_0.5012::top2,single+top2,58,2.0,10,7,17.24,8.13,12.07,21.43,13.33,17.24,,97.3,96.85
L2::S::cand_ask_refill_score_ge_0.4994,single,429,14.793,49,54,11.42,39.84,12.59,10.89,11.89,,11.42,94.9,81.0
L2::S::cand_ask_refill_score_ge_0.4994::top1,single+top1,29,1.0,4,1,13.79,3.25,3.45,7.14,20.0,,13.79,121.47,123.29
L2::S::cand_ask_refill_score_ge_0.4994::top2,single+top2,58,2.0,8,3,13.79,6.5,5.17,10.71,16.67,,13.79,121.12,118.56
L2::S::cand_ask_refill_score_le_0.4994,single,107,3.69,11,20,10.28,8.94,18.69,10.53,10.0,,10.28,95.11,58.75
L2::S::cand_ask_refill_score_le_0.4994::top1,single+top1,29,1.0,6,3,20.69,4.88,10.34,21.43,20.0,,20.69,53.61,40.09
L2::S::cand_ask_refill_score_le_0.4994::top2,single+top2,55,1.897,7,8,12.73,5.69,14.55,11.54,13.79,,12.73,77.54,40.87
L2::S::cand_ask_refill_score_ge_0.5001,single,322,11.103,37,35,11.49,30.08,10.87,11.84,11.18,,11.49,93.67,87.97
L2::S::cand_ask_refill_score_ge_0.5001::top1,single+top1,29,1.0,3,1,10.34,2.44,3.45,7.14,13.33,,10.34,142.97,189.6
L2::S::cand_ask_refill_score_ge_0.5001::top2,single+top2,58,2.0,7,4,12.07,5.69,6.9,10.71,13.33,,12.07,130.28,149.15
L2::S::cand_ask_refill_score_le_0.5001,single,214,7.379,23,39,10.75,18.7,18.22,9.35,12.15,,10.75,96.98,63.5
L2::S::cand_ask_refill_score_le_0.5001::top1,single+top1,29,1.0,7,2,24.14,5.69,6.9,21.43,26.67,,24.14,89.85,56.98
L2::S::cand_ask_refill_score_le_0.5001::top2,single+top2,57,1.966,9,8,15.79,7.32,14.04,14.81,16.67,,15.79,81.39,56.98
L2::S::cand_ask_refill_score_ge_0.5005,single,215,7.414,27,20,12.56,21.95,9.3,15.05,10.66,,12.56,110.81,117.58
L2::S::cand_ask_refill_score_ge_0.5005::top1,single+top1,29,1.0,5,2,17.24,4.07,6.9,14.29,20.0,,17.24,133.2,149.15
L2::S::cand_ask_refill_score_ge_0.5005::top2,single+top2,58,2.0,10,4,17.24,8.13,6.9,17.86,16.67,,17.24,116.88,114.6
L2::S::cand_ask_refill_score_le_0.5005,single,321,11.069,33,54,10.28,26.83,16.82,8.43,12.26,,10.28,81.95,58.75
L2::S::cand_ask_refill_score_le_0.5005::top1,single+top1,29,1.0,4,2,13.79,3.25,6.9,7.14,20.0,,13.79,95.93,60.43
L2::S::cand_ask_refill_score_le_0.5005::top2,single+top2,58,2.0,7,4,12.07,5.69,6.9,7.14,16.67,,12.07,105.15,63.88
L2::S::cand_ask_refill_score_ge_0.5011,single,108,3.724,11,9,10.19,8.94,8.33,11.11,9.52,,10.19,104.04,87.97
L2::S::cand_ask_refill_score_ge_0.5011::top1,single+top1,28,0.966,4,2,14.29,3.25,7.14,21.43,7.14,,14.29,90.13,68.17
L2::S::cand_ask_refill_score_ge_0.5011::top2,single+top2,54,1.862,6,4,11.11,4.88,7.41,15.38,7.14,,11.11,99.02,68.28
L2::S::cand_ask_refill_score_le_0.5011,single,428,14.759,49,65,11.45,39.84,15.19,10.75,12.15,,11.45,92.89,63.88
L2::S::cand_ask_refill_score_le_0.5011::top1,single+top1,29,1.0,3,2,10.34,2.44,6.9,0.0,20.0,,10.34,95.74,56.98
L2::S::cand_ask_refill_score_le_0.5011::top2,single+top2,58,2.0,7,4,12.07,5.69,6.9,7.14,16.67,,12.07,115.54,87.97
L2::S::cand_refill_with_ge_0.4994,single,835,28.793,99,104,11.86,80.49,12.46,12.75,11.01,12.25,11.48,97.77,87.97
L2::S::cand_refill_with_ge_0.4994::top1,single+top1,29,1.0,4,0,13.79,3.25,0.0,7.14,20.0,15.38,12.5,118.59,116.77
L2::S::cand_refill_with_ge_0.4994::top2,single+top2,58,2.0,11,3,18.97,8.94,5.17,14.29,23.33,20.0,18.18,120.89,101.07
L2::S::cand_refill_with_le_0.4994,single,209,7.207,24,35,11.48,19.51,16.75,15.15,8.18,12.87,10.19,90.81,71.06
L2::S::cand_refill_with_le_0.4994::top1,single+top1,29,1.0,3,3,10.34,2.44,10.34,14.29,6.67,7.14,13.33,62.92,39.32
L2::S::cand_refill_with_le_0.4994::top2,single+top2,58,2.0,8,6,13.79,6.5,10.34,14.29,13.33,14.71,12.5,72.31,44.33
L2::S::cand_refill_with_ge_0.5,single,627,21.621,73,76,11.64,59.35,12.12,12.88,10.54,11.96,11.35,93.02,87.37
L2::S::cand_refill_with_ge_0.5::top1,single+top1,29,1.0,5,1,17.24,4.07,3.45,7.14,26.67,18.75,15.38,140.19,176.55
L2::S::cand_refill_with_ge_0.5::top2,single+top2,58,2.0,10,4,17.24,8.13,6.9,14.29,20.0,17.24,17.24,127.29,138.81
L2::S::cand_refill_with_le_0.5,single,417,14.379,50,64,11.99,40.65,15.35,13.68,10.24,13.04,10.95,101.36,82.33
L2::S::cand_refill_with_le_0.5::top1,single+top1,29,1.0,6,2,20.69,4.88,6.9,21.43,20.0,18.18,22.22,85.76,60.43
L2::S::cand_refill_with_le_0.5::top2,single+top2,58,2.0,10,5,17.24,8.13,8.62,17.86,16.67,21.43,13.33,78.47,60.43
L2::S::cand_refill_with_ge_0.5005,single,418,14.414,51,45,12.2,41.46,10.77,14.29,10.59,11.82,12.56,103.89,109.12
L2::S::cand_refill_with_ge_0.5005::top1,single+top1,29,1.0,5,1,17.24,4.07,3.45,7.14,26.67,7.69,25.0,150.92,176.55
L2::S::cand_refill_with_ge_0.5005::top2,single+top2,58,2.0,12,4,20.69,9.76,6.9,17.86,23.33,15.38,25.0,132.0,162.85
L2::S::cand_refill_with_le_0.5005,single,626,21.586,72,94,11.5,58.54,15.02,12.65,10.26,12.79,10.28,91.12,74.31
L2::S::cand_refill_with_le_0.5005::top1,single+top1,29,1.0,6,2,20.69,4.88,6.9,21.43,20.0,25.0,17.65,92.88,60.43
L2::S::cand_refill_with_le_0.5005::top2,single+top2,58,2.0,6,5,10.34,4.88,8.62,10.71,10.0,10.0,10.71,92.88,60.43
L2::S::cand_refill_with_ge_0.5012,single,210,7.241,20,20,9.52,16.26,9.52,9.68,9.4,9.17,9.9,92.22,87.19
L2::S::cand_refill_with_ge_0.5012::top1,single+top1,29,1.0,4,3,13.79,3.25,10.34,14.29,13.33,9.09,16.67,125.59,138.78
L2::S::cand_refill_with_ge_0.5012::top2,single+top2,58,2.0,6,6,10.34,4.88,10.34,10.71,10.0,7.14,13.33,143.83,180.3
L2::S::cand_refill_with_le_0.5012,single,834,28.759,103,119,12.35,83.74,14.27,14.04,10.69,13.28,11.49,97.23,85.95
L2::S::cand_refill_with_le_0.5012::top1,single+top1,29,1.0,6,1,20.69,4.88,3.45,21.43,20.0,33.33,11.76,94.35,79.02
L2::S::cand_refill_with_le_0.5012::top2,single+top2,58,2.0,9,2,15.52,7.32,3.45,14.29,16.67,18.52,12.9,110.5,101.07
L2::S::cand_prior_move_pct_ge_0.0,single,1043,35.966,123,139,11.79,100.0,13.33,13.24,10.43,12.4,11.21,96.41,86.42
L2::S::cand_prior_move_pct_ge_0.0::top1,single+top1,29,1.0,5,1,17.24,4.07,3.45,14.29,20.0,27.27,11.11,123.06,140.95
L2::S::cand_prior_move_pct_ge_0.0::top2,single+top2,58,2.0,10,3,17.24,8.13,5.17,14.29,20.0,19.23,15.62,118.41,121.01
L2::S::cand_prior_move_pct_le_0.0,single,905,31.207,105,127,11.6,85.37,14.03,12.5,10.72,12.61,10.63,101.88,92.63
L2::S::cand_prior_move_pct_le_0.0::top1,single+top1,29,1.0,6,1,20.69,4.88,3.45,21.43,20.0,30.77,12.5,119.4,121.01
L2::S::cand_prior_move_pct_le_0.0::top2,single+top2,58,2.0,9,4,15.52,7.32,6.9,10.71,20.0,17.86,13.33,140.99,176.55
L2::S::cand_prior_move_pct_ge_0.0,single,1043,35.966,123,139,11.79,100.0,13.33,13.24,10.43,12.4,11.21,96.41,86.42
L2::S::cand_prior_move_pct_ge_0.0::top1,single+top1,29,1.0,5,1,17.24,4.07,3.45,14.29,20.0,27.27,11.11,123.06,140.95
L2::S::cand_prior_move_pct_ge_0.0::top2,single+top2,58,2.0,10,3,17.24,8.13,5.17,14.29,20.0,19.23,15.62,118.41,121.01
L2::S::cand_prior_move_pct_le_0.0,single,905,31.207,105,127,11.6,85.37,14.03,12.5,10.72,12.61,10.63,101.88,92.63
L2::S::cand_prior_move_pct_le_0.0::top1,single+top1,29,1.0,6,1,20.69,4.88,3.45,21.43,20.0,30.77,12.5,119.4,121.01
L2::S::cand_prior_move_pct_le_0.0::top2,single+top2,58,2.0,9,4,15.52,7.32,6.9,10.71,20.0,17.86,13.33,140.99,176.55
L2::S::cand_prior_move_pct_ge_0.0,single,1043,35.966,123,139,11.79,100.0,13.33,13.24,10.43,12.4,11.21,96.41,86.42
L2::S::cand_prior_move_pct_ge_0.0::top1,single+top1,29,1.0,5,1,17.24,4.07,3.45,14.29,20.0,27.27,11.11,123.06,140.95
L2::S::cand_prior_move_pct_ge_0.0::top2,single+top2,58,2.0,10,3,17.24,8.13,5.17,14.29,20.0,19.23,15.62,118.41,121.01
L2::S::cand_prior_move_pct_le_0.0,single,905,31.207,105,127,11.6,85.37,14.03,12.5,10.72,12.61,10.63,101.88,92.63
L2::S::cand_prior_move_pct_le_0.0::top1,single+top1,29,1.0,6,1,20.69,4.88,3.45,21.43,20.0,30.77,12.5,119.4,121.01
L2::S::cand_prior_move_pct_le_0.0::top2,single+top2,58,2.0,9,4,15.52,7.32,6.9,10.71,20.0,17.86,13.33,140.99,176.55
L2::S::cand_prior_move_pct_ge_0.0,single,1043,35.966,123,139,11.79,100.0,13.33,13.24,10.43,12.4,11.21,96.41,86.42
L2::S::cand_prior_move_pct_ge_0.0::top1,single+top1,29,1.0,5,1,17.24,4.07,3.45,14.29,20.0,27.27,11.11,123.06,140.95
L2::S::cand_prior_move_pct_ge_0.0::top2,single+top2,58,2.0,10,3,17.24,8.13,5.17,14.29,20.0,19.23,15.62,118.41,121.01
L2::S::cand_prior_move_pct_le_0.0,single,905,31.207,105,127,11.6,85.37,14.03,12.5,10.72,12.61,10.63,101.88,92.63
L2::S::cand_prior_move_pct_le_0.0::top1,single+top1,29,1.0,6,1,20.69,4.88,3.45,21.43,20.0,30.77,12.5,119.4,121.01
L2::S::cand_prior_move_pct_le_0.0::top2,single+top2,58,2.0,9,4,15.52,7.32,6.9,10.71,20.0,17.86,13.33,140.99,176.55
L2::S::cand_down_move_pct_ge_0.0,single,508,17.517,63,65,12.4,51.22,12.8,15.79,9.2,12.4,,97.82,88.78
L2::S::cand_down_move_pct_ge_0.0::top1,single+top1,29,1.0,5,3,17.24,4.07,10.34,21.43,13.33,17.24,,94.66,92.63
L2::S::cand_down_move_pct_ge_0.0::top2,single+top2,58,2.0,10,7,17.24,8.13,12.07,21.43,13.33,17.24,,97.3,96.85
L2::S::cand_down_move_pct_le_0.0,single,444,15.31,56,58,12.61,45.53,13.06,15.45,9.82,12.61,,101.29,94.81
L2::S::cand_down_move_pct_le_0.0::top1,single+top1,29,1.0,5,3,17.24,4.07,10.34,21.43,13.33,17.24,,112.49,101.07
L2::S::cand_down_move_pct_le_0.0::top2,single+top2,58,2.0,10,7,17.24,8.13,12.07,21.43,13.33,17.24,,107.88,109.41
L2::S::cand_down_move_pct_ge_0.0,single,508,17.517,63,65,12.4,51.22,12.8,15.79,9.2,12.4,,97.82,88.78
L2::S::cand_down_move_pct_ge_0.0::top1,single+top1,29,1.0,5,3,17.24,4.07,10.34,21.43,13.33,17.24,,94.66,92.63
L2::S::cand_down_move_pct_ge_0.0::top2,single+top2,58,2.0,10,7,17.24,8.13,12.07,21.43,13.33,17.24,,97.3,96.85
L2::S::cand_down_move_pct_le_0.0,single,444,15.31,56,58,12.61,45.53,13.06,15.45,9.82,12.61,,101.29,94.81
L2::S::cand_down_move_pct_le_0.0::top1,single+top1,29,1.0,5,3,17.24,4.07,10.34,21.43,13.33,17.24,,112.49,101.07
L2::S::cand_down_move_pct_le_0.0::top2,single+top2,58,2.0,10,7,17.24,8.13,12.07,21.43,13.33,17.24,,107.88,109.41
L2::S::cand_down_move_pct_ge_0.0,single,508,17.517,63,65,12.4,51.22,12.8,15.79,9.2,12.4,,97.82,88.78
L2::S::cand_down_move_pct_ge_0.0::top1,single+top1,29,1.0,5,3,17.24,4.07,10.34,21.43,13.33,17.24,,94.66,92.63
L2::S::cand_down_move_pct_ge_0.0::top2,single+top2,58,2.0,10,7,17.24,8.13,12.07,21.43,13.33,17.24,,97.3,96.85
L2::S::cand_down_move_pct_le_0.0,single,444,15.31,56,58,12.61,45.53,13.06,15.45,9.82,12.61,,101.29,94.81
L2::S::cand_down_move_pct_le_0.0::top1,single+top1,29,1.0,5,3,17.24,4.07,10.34,21.43,13.33,17.24,,112.49,101.07
L2::S::cand_down_move_pct_le_0.0::top2,single+top2,58,2.0,10,7,17.24,8.13,12.07,21.43,13.33,17.24,,107.88,109.41
L2::S::cand_down_move_pct_ge_0.0,single,508,17.517,63,65,12.4,51.22,12.8,15.79,9.2,12.4,,97.82,88.78
L2::S::cand_down_move_pct_ge_0.0::top1,single+top1,29,1.0,5,3,17.24,4.07,10.34,21.43,13.33,17.24,,94.66,92.63
L2::S::cand_down_move_pct_ge_0.0::top2,single+top2,58,2.0,10,7,17.24,8.13,12.07,21.43,13.33,17.24,,97.3,96.85
L2::S::cand_down_move_pct_le_0.0,single,444,15.31,56,58,12.61,45.53,13.06,15.45,9.82,12.61,,101.29,94.81
L2::S::cand_down_move_pct_le_0.0::top1,single+top1,29,1.0,5,3,17.24,4.07,10.34,21.43,13.33,17.24,,112.49,101.07
L2::S::cand_down_move_pct_le_0.0::top2,single+top2,58,2.0,10,7,17.24,8.13,12.07,21.43,13.33,17.24,,107.88,109.41
L2::S::cand_up_move_pct_ge_0.0,single,535,18.448,60,74,11.21,48.78,13.83,10.81,11.59,,11.21,94.94,81.0
L2::S::cand_up_move_pct_ge_0.0::top1,single+top1,29,1.0,3,2,10.34,2.44,6.9,0.0,20.0,,10.34,145.84,189.6
L2::S::cand_up_move_pct_ge_0.0::top2,single+top2,58,2.0,8,4,13.79,6.5,6.9,10.71,16.67,,13.79,102.9,74.42
L2::S::cand_up_move_pct_le_0.0,single,461,15.897,49,69,10.63,39.84,14.97,9.65,11.59,,10.63,102.55,88.15
L2::S::cand_up_move_pct_le_0.0::top1,single+top1,29,1.0,3,2,10.34,2.44,6.9,0.0,20.0,,10.34,145.84,189.6
L2::S::cand_up_move_pct_le_0.0::top2,single+top2,58,2.0,7,4,12.07,5.69,6.9,7.14,16.67,,12.07,129.72,149.15
L2::S::cand_up_move_pct_ge_0.0,single,535,18.448,60,74,11.21,48.78,13.83,10.81,11.59,,11.21,94.94,81.0
L2::S::cand_up_move_pct_ge_0.0::top1,single+top1,29,1.0,3,2,10.34,2.44,6.9,0.0,20.0,,10.34,145.84,189.6
L2::S::cand_up_move_pct_ge_0.0::top2,single+top2,58,2.0,8,4,13.79,6.5,6.9,10.71,16.67,,13.79,102.9,74.42
L2::S::cand_up_move_pct_le_0.0,single,461,15.897,49,69,10.63,39.84,14.97,9.65,11.59,,10.63,102.55,88.15
L2::S::cand_up_move_pct_le_0.0::top1,single+top1,29,1.0,3,2,10.34,2.44,6.9,0.0,20.0,,10.34,145.84,189.6
L2::S::cand_up_move_pct_le_0.0::top2,single+top2,58,2.0,7,4,12.07,5.69,6.9,7.14,16.67,,12.07,129.72,149.15
L2::S::cand_up_move_pct_ge_0.0,single,535,18.448,60,74,11.21,48.78,13.83,10.81,11.59,,11.21,94.94,81.0
L2::S::cand_up_move_pct_ge_0.0::top1,single+top1,29,1.0,3,2,10.34,2.44,6.9,0.0,20.0,,10.34,145.84,189.6
L2::S::cand_up_move_pct_ge_0.0::top2,single+top2,58,2.0,8,4,13.79,6.5,6.9,10.71,16.67,,13.79,102.9,74.42
L2::S::cand_up_move_pct_le_0.0,single,461,15.897,49,69,10.63,39.84,14.97,9.65,11.59,,10.63,102.55,88.15
L2::S::cand_up_move_pct_le_0.0::top1,single+top1,29,1.0,3,2,10.34,2.44,6.9,0.0,20.0,,10.34,145.84,189.6
L2::S::cand_up_move_pct_le_0.0::top2,single+top2,58,2.0,7,4,12.07,5.69,6.9,7.14,16.67,,12.07,129.72,149.15
L2::S::cand_up_move_pct_ge_0.0,single,535,18.448,60,74,11.21,48.78,13.83,10.81,11.59,,11.21,94.94,81.0
L2::S::cand_up_move_pct_ge_0.0::top1,single+top1,29,1.0,3,2,10.34,2.44,6.9,0.0,20.0,,10.34,145.84,189.6
L2::S::cand_up_move_pct_ge_0.0::top2,single+top2,58,2.0,8,4,13.79,6.5,6.9,10.71,16.67,,13.79,102.9,74.42
L2::S::cand_up_move_pct_le_0.0,single,461,15.897,49,69,10.63,39.84,14.97,9.65,11.59,,10.63,102.55,88.15
L2::S::cand_up_move_pct_le_0.0::top1,single+top1,29,1.0,3,2,10.34,2.44,6.9,0.0,20.0,,10.34,145.84,189.6
L2::S::cand_up_move_pct_le_0.0::top2,single+top2,58,2.0,7,4,12.07,5.69,6.9,7.14,16.67,,12.07,129.72,149.15
L2::S::conf_cycles_seen_ge_12.0,single,849,29.276,105,106,12.37,85.37,12.49,13.94,10.85,13.19,11.57,97.02,86.42
L2::S::conf_cycles_seen_ge_12.0::top1,single+top1,29,1.0,5,0,17.24,4.07,0.0,14.29,20.0,23.08,12.5,123.06,140.95
L2::S::conf_cycles_seen_ge_12.0::top2,single+top2,58,2.0,10,3,17.24,8.13,5.17,10.71,23.33,16.67,17.65,126.05,145.05
L2::S::conf_cycles_seen_le_12.0,single,213,7.345,20,36,9.39,16.26,16.9,9.8,9.01,9.09,9.65,90.61,79.53
L2::S::conf_cycles_seen_le_12.0::top1,single+top1,29,1.0,3,5,10.34,2.44,17.24,7.14,13.33,13.33,7.14,154.22,176.55
L2::S::conf_cycles_seen_le_12.0::top2,single+top2,58,2.0,6,10,10.34,4.88,17.24,10.71,10.0,12.9,7.41,116.88,131.16
L2::S::conf_cycles_seen_ge_28.0,single,634,21.862,79,73,12.46,64.23,11.51,14.05,10.98,12.66,12.26,96.88,87.97
L2::S::conf_cycles_seen_ge_28.0::top1,single+top1,29,1.0,2,1,6.9,1.63,3.45,0.0,13.33,8.33,5.88,107.94,107.94
L2::S::conf_cycles_seen_ge_28.0::top2,single+top2,58,2.0,8,5,13.79,6.5,8.62,7.14,20.0,13.04,14.29,120.34,120.89
L2::S::conf_cycles_seen_le_28.0,single,423,14.586,46,67,10.87,37.4,15.84,11.65,10.14,12.44,9.46,98.37,84.59
L2::S::conf_cycles_seen_le_28.0::top1,single+top1,29,1.0,5,2,17.24,4.07,6.9,14.29,20.0,21.43,13.33,123.06,140.95
L2::S::conf_cycles_seen_le_28.0::top2,single+top2,58,2.0,10,5,17.24,8.13,8.62,17.86,16.67,18.75,15.38,132.02,151.1
L2::S::conf_cycles_seen_ge_54.0,single,423,14.586,48,43,11.35,39.02,10.17,13.3,9.55,11.27,11.42,92.59,84.4
L2::S::conf_cycles_seen_ge_54.0::top1,single+top1,29,1.0,1,2,3.45,0.81,6.9,0.0,6.67,7.69,0.0,204.93,204.93
L2::S::conf_cycles_seen_ge_54.0::top2,single+top2,58,2.0,5,3,8.62,4.07,5.17,7.14,10.0,4.35,11.43,111.13,81.0
L2::S::conf_cycles_seen_le_54.0,single,630,21.724,75,98,11.9,60.98,15.56,12.9,10.94,12.94,10.9,98.86,87.37
L2::S::conf_cycles_seen_le_54.0::top1,single+top1,29,1.0,5,2,17.24,4.07,6.9,14.29,20.0,27.27,11.11,123.06,140.95
L2::S::conf_cycles_seen_le_54.0::top2,single+top2,58,2.0,11,5,18.97,8.94,8.62,21.43,16.67,24.14,13.79,108.09,101.07
L2::S::conf_cycles_seen_ge_96.0,single,213,7.345,19,17,8.92,15.45,7.98,7.69,10.09,12.37,6.03,84.47,82.85
L2::S::conf_cycles_seen_ge_96.0::top1,single+top1,29,1.0,2,3,6.9,1.63,10.34,7.14,6.67,9.09,5.56,34.55,34.55
L2::S::conf_cycles_seen_ge_96.0::top2,single+top2,57,1.966,4,5,7.02,3.25,8.77,3.57,10.34,9.09,5.71,63.64,34.55
L2::S::conf_cycles_seen_le_96.0,single,837,28.862,104,122,12.43,84.55,14.58,14.57,10.42,12.26,12.59,98.59,87.67
L2::S::conf_cycles_seen_le_96.0::top1,single+top1,29,1.0,6,2,20.69,4.88,6.9,14.29,26.67,30.0,15.79,134.37,158.75
L2::S::conf_cycles_seen_le_96.0::top2,single+top2,58,2.0,11,4,18.97,8.94,6.9,17.86,20.0,20.0,18.18,112.31,101.07
L2::S::conf_age_min_ge_3.2333,single,837,28.862,101,116,12.07,82.11,13.86,14.18,10.05,11.84,12.29,91.19,81.0
L2::S::conf_age_min_ge_3.2333::top1,single+top1,29,1.0,6,2,20.69,4.88,6.9,21.43,20.0,25.0,17.65,113.2,102.41
L2::S::conf_age_min_ge_3.2333::top2,single+top2,58,2.0,9,5,15.52,7.32,8.62,14.29,16.67,17.86,13.33,110.68,101.07
L2::S::conf_age_min_le_3.2333,single,212,7.31,23,24,10.85,18.7,11.32,9.18,12.28,15.31,7.02,115.5,122.97
L2::S::conf_age_min_le_3.2333::top1,single+top1,29,1.0,6,2,20.69,4.88,6.9,7.14,33.33,25.0,15.38,98.47,84.4
L2::S::conf_age_min_le_3.2333::top2,single+top2,57,1.966,8,4,14.04,6.5,7.02,7.14,20.69,20.0,9.38,109.04,84.4
L2::S::conf_age_min_ge_6.5167,single,627,21.621,78,87,12.44,63.41,13.88,15.31,9.45,12.42,12.46,85.88,67.16
L2::S::conf_age_min_ge_6.5167::top1,single+top1,29,1.0,5,2,17.24,4.07,6.9,21.43,13.33,23.08,12.5,94.39,63.88
L2::S::conf_age_min_ge_6.5167::top2,single+top2,58,2.0,9,2,15.52,7.32,3.45,21.43,10.0,17.86,13.33,97.66,81.0
L2::S::conf_age_min_le_6.5167,single,418,14.414,46,52,11.0,37.4,12.44,9.63,12.12,12.38,9.72,114.73,120.05
L2::S::conf_age_min_le_6.5167::top1,single+top1,29,1.0,3,3,10.34,2.44,10.34,0.0,20.0,10.0,10.53,150.5,189.6
L2::S::conf_age_min_le_6.5167::top2,single+top2,58,2.0,8,6,13.79,6.5,10.34,3.57,23.33,13.64,13.89,129.96,164.06
L2::S::conf_age_min_ge_11.2667,single,418,14.414,53,63,12.68,43.09,15.07,15.81,9.36,12.14,13.21,71.41,51.23
L2::S::conf_age_min_ge_11.2667::top1,single+top1,29,1.0,3,2,10.34,2.44,6.9,14.29,6.67,14.29,6.67,92.05,51.23
L2::S::conf_age_min_ge_11.2667::top2,single+top2,58,2.0,9,4,15.52,7.32,6.9,21.43,10.0,19.35,11.11,105.25,81.0
L2::S::conf_age_min_le_11.2667,single,626,21.586,70,76,11.18,56.91,12.14,11.3,11.08,12.54,9.91,115.34,120.05
L2::S::conf_age_min_le_11.2667::top1,single+top1,29,1.0,5,1,17.24,4.07,3.45,14.29,20.0,27.27,11.11,138.71,140.95
L2::S::conf_age_min_le_11.2667::top2,single+top2,58,2.0,10,4,17.24,8.13,6.9,10.71,23.33,19.23,15.62,122.04,121.01
L2::S::conf_age_min_ge_18.8167,single,210,7.241,28,31,13.33,22.76,14.76,13.89,12.75,15.09,11.54,78.89,48.47
L2::S::conf_age_min_ge_18.8167::top1,single+top1,29,1.0,5,3,17.24,4.07,10.34,28.57,6.67,22.22,9.09,108.45,104.83
L2::S::conf_age_min_ge_18.8167::top2,single+top2,58,2.0,7,6,12.07,5.69,10.34,14.29,10.0,17.14,4.35,108.62,104.83
L2::S::conf_age_min_le_18.8167,single,835,28.793,95,109,11.38,77.24,13.05,13.03,9.86,11.66,11.11,101.58,87.97
L2::S::conf_age_min_le_18.8167::top1,single+top1,29,1.0,5,1,17.24,4.07,3.45,14.29,20.0,30.0,10.53,138.71,140.95
L2::S::conf_age_min_le_18.8167::top2,single+top2,58,2.0,10,3,17.24,8.13,5.17,10.71,23.33,20.0,15.15,122.04,121.01
L2::S::conf_defended_persistence_sec_ge_194.0,single,837,28.862,101,116,12.07,82.11,13.86,14.18,10.05,11.84,12.29,91.19,81.0
L2::S::conf_defended_persistence_sec_ge_194.0::top1,single+top1,29,1.0,6,2,20.69,4.88,6.9,21.43,20.0,25.0,17.65,113.2,102.41
L2::S::conf_defended_persistence_sec_ge_194.0::top2,single+top2,58,2.0,9,5,15.52,7.32,8.62,14.29,16.67,17.86,13.33,110.68,101.07
L2::S::conf_defended_persistence_sec_le_194.0,single,212,7.31,23,24,10.85,18.7,11.32,9.18,12.28,15.31,7.02,115.5,122.97
L2::S::conf_defended_persistence_sec_le_194.0::top1,single+top1,29,1.0,6,2,20.69,4.88,6.9,7.14,33.33,25.0,15.38,98.47,84.4
L2::S::conf_defended_persistence_sec_le_194.0::top2,single+top2,57,1.966,8,4,14.04,6.5,7.02,7.14,20.69,20.0,9.38,109.04,84.4
L2::S::conf_defended_persistence_sec_ge_391.0,single,627,21.621,78,87,12.44,63.41,13.88,15.31,9.45,12.42,12.46,85.88,67.16
L2::S::conf_defended_persistence_sec_ge_391.0::top1,single+top1,29,1.0,5,2,17.24,4.07,6.9,21.43,13.33,23.08,12.5,94.39,63.88
L2::S::conf_defended_persistence_sec_ge_391.0::top2,single+top2,58,2.0,9,2,15.52,7.32,3.45,21.43,10.0,17.86,13.33,97.66,81.0
L2::S::conf_defended_persistence_sec_le_391.0,single,418,14.414,46,52,11.0,37.4,12.44,9.63,12.12,12.38,9.72,114.73,120.05
L2::S::conf_defended_persistence_sec_le_391.0::top1,single+top1,29,1.0,3,3,10.34,2.44,10.34,0.0,20.0,10.0,10.53,150.5,189.6
L2::S::conf_defended_persistence_sec_le_391.0::top2,single+top2,58,2.0,8,6,13.79,6.5,10.34,3.57,23.33,13.64,13.89,129.96,164.06
L2::S::conf_defended_persistence_sec_ge_676.0,single,418,14.414,53,63,12.68,43.09,15.07,15.81,9.36,12.14,13.21,71.41,51.23
L2::S::conf_defended_persistence_sec_ge_676.0::top1,single+top1,29,1.0,3,2,10.34,2.44,6.9,14.29,6.67,14.29,6.67,92.05,51.23
L2::S::conf_defended_persistence_sec_ge_676.0::top2,single+top2,58,2.0,9,4,15.52,7.32,6.9,21.43,10.0,19.35,11.11,105.25,81.0
L2::S::conf_defended_persistence_sec_le_676.0,single,626,21.586,70,76,11.18,56.91,12.14,11.3,11.08,12.54,9.91,115.34,120.05
L2::S::conf_defended_persistence_sec_le_676.0::top1,single+top1,29,1.0,5,1,17.24,4.07,3.45,14.29,20.0,27.27,11.11,138.71,140.95
L2::S::conf_defended_persistence_sec_le_676.0::top2,single+top2,58,2.0,10,4,17.24,8.13,6.9,10.71,23.33,19.23,15.62,122.04,121.01
L2::S::conf_defended_persistence_sec_ge_1129.0,single,210,7.241,28,31,13.33,22.76,14.76,13.89,12.75,15.09,11.54,78.89,48.47
L2::S::conf_defended_persistence_sec_ge_1129.0::top1,single+top1,29,1.0,5,3,17.24,4.07,10.34,28.57,6.67,22.22,9.09,108.45,104.83
L2::S::conf_defended_persistence_sec_ge_1129.0::top2,single+top2,58,2.0,7,6,12.07,5.69,10.34,14.29,10.0,17.14,4.35,108.62,104.83
L2::S::conf_defended_persistence_sec_le_1129.0,single,835,28.793,95,109,11.38,77.24,13.05,13.03,9.86,11.66,11.11,101.58,87.97
L2::S::conf_defended_persistence_sec_le_1129.0::top1,single+top1,29,1.0,5,1,17.24,4.07,3.45,14.29,20.0,30.0,10.53,138.71,140.95
L2::S::conf_defended_persistence_sec_le_1129.0::top2,single+top2,58,2.0,10,3,17.24,8.13,5.17,10.71,23.33,20.0,15.15,122.04,121.01
L2::S::conf_opposite_thinning_ge_0.4994,single,835,28.793,90,114,10.78,73.17,13.65,11.38,10.19,12.03,9.63,100.88,88.47
L2::S::conf_opposite_thinning_ge_0.4994::top1,single+top1,29,1.0,4,3,13.79,3.25,10.34,14.29,13.33,30.0,5.26,139.58,158.75
L2::S::conf_opposite_thinning_ge_0.4994::top2,single+top2,58,2.0,9,4,15.52,7.32,6.9,14.29,16.67,20.83,11.76,116.47,140.95
L2::S::conf_opposite_thinning_le_0.4994,single,209,7.207,33,26,15.79,26.83,12.44,21.28,11.3,13.76,18.0,84.23,81.0
L2::S::conf_opposite_thinning_le_0.4994::top1,single+top1,29,1.0,8,1,27.59,6.5,3.45,35.71,20.0,21.05,40.0,95.75,70.94
L2::S::conf_opposite_thinning_le_0.4994::top2,single+top2,58,2.0,13,4,22.41,10.57,6.9,28.57,16.67,15.15,32.0,97.89,81.0
L2::S::conf_opposite_thinning_ge_0.5,single,627,21.621,75,81,11.96,60.98,12.92,12.96,11.04,14.04,10.15,103.5,88.78
L2::S::conf_opposite_thinning_ge_0.5::top1,single+top1,29,1.0,6,1,20.69,4.88,3.45,28.57,13.33,33.33,11.76,106.91,102.41
L2::S::conf_opposite_thinning_ge_0.5::top2,single+top2,58,2.0,11,3,18.97,8.94,5.17,17.86,20.0,29.17,11.76,114.79,140.95
L2::S::conf_opposite_thinning_le_0.5,single,417,14.379,48,58,11.51,39.02,13.91,13.59,9.48,10.14,13.0,85.33,84.4
L2::S::conf_opposite_thinning_le_0.5::top1,single+top1,29,1.0,5,3,17.24,4.07,10.34,7.14,26.67,21.43,13.33,125.19,101.07
L2::S::conf_opposite_thinning_le_0.5::top2,single+top2,58,2.0,8,5,13.79,6.5,8.62,10.71,16.67,10.0,17.86,121.19,96.85
L2::S::conf_opposite_thinning_ge_0.5005,single,418,14.414,48,51,11.48,39.02,12.2,12.76,10.36,14.06,9.29,105.94,92.88
L2::S::conf_opposite_thinning_ge_0.5005::top1,single+top1,29,1.0,6,2,20.69,4.88,6.9,21.43,20.0,36.36,11.11,143.69,190.26
L2::S::conf_opposite_thinning_ge_0.5005::top2,single+top2,58,2.0,9,4,15.52,7.32,6.9,14.29,16.67,28.57,8.11,106.1,51.23
L2::S::conf_opposite_thinning_le_0.5005,single,627,21.621,75,88,11.96,60.98,14.04,13.46,10.48,11.32,12.62,90.31,85.95
L2::S::conf_opposite_thinning_le_0.5005::top1,single+top1,29,1.0,5,2,17.24,4.07,6.9,14.29,20.0,23.08,12.5,132.12,140.95
L2::S::conf_opposite_thinning_le_0.5005::top2,single+top2,58,2.0,10,3,17.24,8.13,5.17,14.29,20.0,18.75,15.38,126.19,121.01
L2::S::conf_opposite_thinning_ge_0.5011,single,210,7.241,27,23,12.86,21.95,10.95,12.36,13.22,16.16,9.91,124.83,122.97
L2::S::conf_opposite_thinning_ge_0.5011::top1,single+top1,29,1.0,3,3,10.34,2.44,10.34,7.14,13.33,9.09,11.11,130.82,189.6
L2::S::conf_opposite_thinning_ge_0.5011::top2,single+top2,58,2.0,10,7,17.24,8.13,12.07,14.29,20.0,25.0,11.76,84.3,56.62
L2::S::conf_opposite_thinning_le_0.5011,single,834,28.759,96,116,11.51,78.05,13.91,13.43,9.59,11.49,11.53,88.42,81.41
L2::S::conf_opposite_thinning_le_0.5011::top1,single+top1,29,1.0,5,1,17.24,4.07,3.45,14.29,20.0,21.43,13.33,122.15,140.95
L2::S::conf_opposite_thinning_le_0.5011::top2,single+top2,58,2.0,9,3,15.52,7.32,5.17,14.29,16.67,20.0,10.71,115.77,101.07
L2::S::conf_void_score_ge_1.0,single,1043,35.966,123,139,11.79,100.0,13.33,13.24,10.43,12.4,11.21,96.41,86.42
L2::S::conf_void_score_ge_1.0::top1,single+top1,29,1.0,5,1,17.24,4.07,3.45,14.29,20.0,27.27,11.11,123.06,140.95
L2::S::conf_void_score_ge_1.0::top2,single+top2,58,2.0,10,3,17.24,8.13,5.17,14.29,20.0,19.23,15.62,118.41,121.01
L2::S::conf_void_score_le_1.0,single,1043,35.966,123,139,11.79,100.0,13.33,13.24,10.43,12.4,11.21,96.41,86.42
L2::S::conf_void_score_le_1.0::top1,single+top1,29,1.0,5,1,17.24,4.07,3.45,14.29,20.0,27.27,11.11,123.06,140.95
L2::S::conf_void_score_le_1.0::top2,single+top2,58,2.0,10,3,17.24,8.13,5.17,14.29,20.0,19.23,15.62,118.41,121.01
L2::S::conf_void_score_ge_1.0,single,1043,35.966,123,139,11.79,100.0,13.33,13.24,10.43,12.4,11.21,96.41,86.42
L2::S::conf_void_score_ge_1.0::top1,single+top1,29,1.0,5,1,17.24,4.07,3.45,14.29,20.0,27.27,11.11,123.06,140.95
L2::S::conf_void_score_ge_1.0::top2,single+top2,58,2.0,10,3,17.24,8.13,5.17,14.29,20.0,19.23,15.62,118.41,121.01
L2::S::conf_void_score_le_1.0,single,1043,35.966,123,139,11.79,100.0,13.33,13.24,10.43,12.4,11.21,96.41,86.42
L2::S::conf_void_score_le_1.0::top1,single+top1,29,1.0,5,1,17.24,4.07,3.45,14.29,20.0,27.27,11.11,123.06,140.95
L2::S::conf_void_score_le_1.0::top2,single+top2,58,2.0,10,3,17.24,8.13,5.17,14.29,20.0,19.23,15.62,118.41,121.01
L2::S::conf_void_score_ge_1.0,single,1043,35.966,123,139,11.79,100.0,13.33,13.24,10.43,12.4,11.21,96.41,86.42
L2::S::conf_void_score_ge_1.0::top1,single+top1,29,1.0,5,1,17.24,4.07,3.45,14.29,20.0,27.27,11.11,123.06,140.95
L2::S::conf_void_score_ge_1.0::top2,single+top2,58,2.0,10,3,17.24,8.13,5.17,14.29,20.0,19.23,15.62,118.41,121.01
L2::S::conf_void_score_le_1.0,single,1043,35.966,123,139,11.79,100.0,13.33,13.24,10.43,12.4,11.21,96.41,86.42
L2::S::conf_void_score_le_1.0::top1,single+top1,29,1.0,5,1,17.24,4.07,3.45,14.29,20.0,27.27,11.11,123.06,140.95
L2::S::conf_void_score_le_1.0::top2,single+top2,58,2.0,10,3,17.24,8.13,5.17,14.29,20.0,19.23,15.62,118.41,121.01
L2::S::conf_void_score_ge_1.0,single,1043,35.966,123,139,11.79,100.0,13.33,13.24,10.43,12.4,11.21,96.41,86.42
L2::S::conf_void_score_ge_1.0::top1,single+top1,29,1.0,5,1,17.24,4.07,3.45,14.29,20.0,27.27,11.11,123.06,140.95
L2::S::conf_void_score_ge_1.0::top2,single+top2,58,2.0,10,3,17.24,8.13,5.17,14.29,20.0,19.23,15.62,118.41,121.01
L2::S::conf_void_score_le_1.0,single,1043,35.966,123,139,11.79,100.0,13.33,13.24,10.43,12.4,11.21,96.41,86.42
L2::S::conf_void_score_le_1.0::top1,single+top1,29,1.0,5,1,17.24,4.07,3.45,14.29,20.0,27.27,11.11,123.06,140.95
L2::S::conf_void_score_le_1.0::top2,single+top2,58,2.0,10,3,17.24,8.13,5.17,14.29,20.0,19.23,15.62,118.41,121.01
L2::S::score_absorption_ge_0.6072,single,835,28.793,94,110,11.26,76.42,13.17,11.49,11.03,11.94,10.62,104.13,90.7
L2::S::score_absorption_ge_0.6072::top1,single+top1,29,1.0,3,1,10.34,2.44,3.45,7.14,13.33,15.38,6.25,139.13,176.55
L2::S::score_absorption_ge_0.6072::top2,single+top2,58,2.0,9,2,15.52,7.32,3.45,14.29,16.67,16.0,15.15,131.14,176.55
L2::S::score_absorption_le_0.6072,single,209,7.207,29,29,13.88,23.58,13.88,20.62,8.04,14.15,13.59,71.4,56.98
L2::S::score_absorption_le_0.6072::top1,single+top1,29,1.0,4,4,13.79,3.25,13.79,14.29,13.33,11.11,15.0,75.28,60.43
L2::S::score_absorption_le_0.6072::top2,single+top2,58,2.0,7,6,12.07,5.69,10.34,10.71,13.33,9.09,13.89,81.45,56.98
L2::S::score_absorption_ge_0.6205,single,627,21.621,74,82,11.8,60.16,13.08,10.44,13.18,12.07,11.57,109.32,96.81
L2::S::score_absorption_ge_0.6205::top1,single+top1,29,1.0,3,1,10.34,2.44,3.45,7.14,13.33,14.29,6.67,148.59,189.6
L2::S::score_absorption_ge_0.6205::top2,single+top2,58,2.0,9,2,15.52,7.32,3.45,10.71,20.0,18.52,12.9,142.07,189.6
L2::S::score_absorption_le_0.6205,single,417,14.379,49,57,11.75,39.84,13.67,17.8,6.64,12.79,10.61,76.92,63.5
L2::S::score_absorption_le_0.6205::top1,single+top1,29,1.0,6,2,20.69,4.88,6.9,21.43,20.0,25.0,17.65,96.46,82.47
L2::S::score_absorption_le_0.6205::top2,single+top2,58,2.0,10,4,17.24,8.13,6.9,17.86,16.67,20.0,15.15,86.36,60.43
L2::S::score_absorption_ge_0.6449,single,419,14.448,49,51,11.69,39.84,12.17,10.61,12.67,12.06,11.36,100.65,86.42
L2::S::score_absorption_ge_0.6449::top1,single+top1,29,1.0,2,2,6.9,1.63,6.9,7.14,6.67,15.38,0.0,29.73,29.73
L2::S::score_absorption_ge_0.6449::top2,single+top2,58,2.0,4,5,6.9,3.25,8.62,3.57,10.0,15.38,0.0,85.58,71.93
L2::S::score_absorption_le_0.6449,single,626,21.586,74,90,11.82,60.16,14.38,14.84,8.86,12.54,11.11,93.6,84.59
L2::S::score_absorption_le_0.6449::top1,single+top1,29,1.0,5,2,17.24,4.07,6.9,7.14,26.67,16.67,17.65,151.0,176.55
L2::S::score_absorption_le_0.6449::top2,single+top2,58,2.0,11,4,18.97,8.94,6.9,17.86,20.0,17.24,20.69,108.47,101.07
L2::S::score_absorption_ge_0.6836,single,210,7.241,28,19,13.33,22.76,9.05,10.99,15.13,14.85,11.93,90.47,81.0
L2::S::score_absorption_ge_0.6836::top1,single+top1,29,1.0,4,2,13.79,3.25,6.9,14.29,13.33,25.0,0.0,81.91,71.93
L2::S::score_absorption_ge_0.6836::top2,single+top2,57,1.966,6,4,10.53,4.88,7.02,11.11,10.0,18.52,3.33,99.81,86.81
L2::S::score_absorption_le_0.6836,single,834,28.759,95,120,11.39,77.24,14.39,13.73,9.07,11.79,11.01,98.16,87.97
L2::S::score_absorption_le_0.6836::top1,single+top1,29,1.0,4,1,13.79,3.25,3.45,7.14,20.0,20.0,10.53,141.02,158.75
L2::S::score_absorption_le_0.6836::top2,single+top2,58,2.0,9,3,15.52,7.32,5.17,10.71,20.0,16.0,15.15,125.87,140.95
L2::S::score_refill_ge_0.4994,single,835,28.793,96,113,11.5,78.05,13.53,12.98,10.02,12.78,10.32,97.68,87.28
L2::S::score_refill_ge_0.4994::top1,single+top1,29,1.0,5,2,17.24,4.07,6.9,21.43,13.33,27.27,11.11,123.84,140.95
L2::S::score_refill_ge_0.4994::top2,single+top2,58,2.0,10,4,17.24,8.13,6.9,17.86,16.67,18.52,16.13,110.91,102.41
L2::S::score_refill_le_0.4994,single,209,7.207,27,26,12.92,21.95,12.44,14.44,11.76,10.91,15.15,91.92,85.95
L2::S::score_refill_le_0.4994::top1,single+top1,29,1.0,6,2,20.69,4.88,6.9,14.29,26.67,23.53,16.67,130.32,143.06
L2::S::score_refill_le_0.4994::top2,single+top2,58,2.0,10,6,17.24,8.13,10.34,14.29,20.0,13.33,21.43,100.44,72.47
L2::S::score_refill_ge_0.5,single,627,21.621,73,84,11.64,59.35,13.4,13.49,9.91,13.04,10.37,103.91,96.98
L2::S::score_refill_ge_0.5::top1,single+top1,29,1.0,5,2,17.24,4.07,6.9,21.43,13.33,25.0,11.76,124.44,140.95
L2::S::score_refill_ge_0.5::top2,single+top2,58,2.0,9,3,15.52,7.32,5.17,14.29,16.67,21.74,11.43,116.47,140.95
L2::S::score_refill_le_0.5,single,417,14.379,50,55,11.99,40.65,13.19,12.87,11.16,11.48,12.5,85.46,84.4
L2::S::score_refill_le_0.5::top1,single+top1,29,1.0,5,2,17.24,4.07,6.9,7.14,26.67,18.75,15.38,128.13,101.07
L2::S::score_refill_le_0.5::top2,single+top2,58,2.0,11,5,18.97,8.94,8.62,14.29,23.33,17.65,20.83,91.81,60.88
L2::S::score_refill_ge_0.5006,single,418,14.414,43,50,10.29,34.96,11.96,10.31,10.27,12.0,8.72,105.98,96.98
L2::S::score_refill_ge_0.5006::top1,single+top1,29,1.0,4,0,13.79,3.25,0.0,14.29,13.33,20.0,10.53,142.75,158.75
L2::S::score_refill_ge_0.5006::top2,single+top2,58,2.0,8,1,13.79,6.5,1.72,14.29,13.33,21.74,8.57,121.2,158.75
L2::S::score_refill_le_0.5006,single,626,21.586,81,89,12.94,65.85,14.22,15.34,10.54,12.94,12.93,91.15,85.95
L2::S::score_refill_le_0.5006::top1,single+top1,29,1.0,6,2,20.69,4.88,6.9,14.29,26.67,28.57,13.33,91.03,74.8
L2::S::score_refill_le_0.5006::top2,single+top2,58,2.0,10,3,17.24,8.13,5.17,14.29,20.0,16.67,17.86,103.07,76.75
L2::S::score_refill_ge_0.5013,single,210,7.241,23,25,10.95,18.7,11.9,10.64,11.21,11.7,10.34,129.23,140.95
L2::S::score_refill_ge_0.5013::top1,single+top1,29,1.0,6,1,20.69,4.88,3.45,14.29,26.67,36.36,11.11,142.17,159.81
L2::S::score_refill_ge_0.5013::top2,single+top2,58,2.0,12,2,20.69,9.76,3.45,21.43,20.0,27.27,16.67,125.51,142.16
L2::S::score_refill_le_0.5013,single,834,28.759,100,114,11.99,81.3,13.67,13.83,10.19,12.56,11.43,88.86,80.92
L2::S::score_refill_le_0.5013::top1,single+top1,29,1.0,4,1,13.79,3.25,3.45,7.14,20.0,14.29,13.33,88.11,54.1
L2::S::score_refill_le_0.5013::top2,single+top2,58,2.0,9,3,15.52,7.32,5.17,14.29,16.67,12.5,19.23,93.38,60.88
L2::S::score_ofi_ge_-0.1703,single,835,28.793,104,117,12.46,84.55,14.01,13.12,11.83,12.61,12.26,96.67,88.06
L2::S::score_ofi_ge_-0.1703::top1,single+top1,29,1.0,6,2,20.69,4.88,6.9,14.29,26.67,27.27,16.67,134.37,158.75
L2::S::score_ofi_ge_-0.1703::top2,single+top2,58,2.0,11,4,18.97,8.94,6.9,14.29,23.33,20.69,17.24,116.34,101.07
L2::S::score_ofi_le_-0.1703,single,209,7.207,20,22,9.57,16.26,10.53,14.56,4.72,10.0,9.47,92.48,62.19
L2::S::score_ofi_le_-0.1703::top1,single+top1,29,1.0,2,3,6.9,1.63,10.34,14.29,0.0,0.0,8.33,47.73,47.73
L2::S::score_ofi_le_-0.1703::top2,single+top2,56,1.931,5,4,8.93,4.07,7.14,17.86,0.0,10.0,8.7,44.27,44.22
L2::S::score_ofi_ge_-0.0443,single,627,21.621,69,95,11.0,56.1,15.15,12.74,9.27,11.19,10.67,94.9,87.37
L2::S::score_ofi_ge_-0.0443::top1,single+top1,29,1.0,6,3,20.69,4.88,10.34,7.14,33.33,21.43,20.0,101.27,74.8
L2::S::score_ofi_ge_-0.0443::top2,single+top2,58,2.0,9,4,15.52,7.32,6.9,10.71,20.0,15.15,16.0,107.36,92.63
L2::S::score_ofi_le_-0.0443,single,417,14.379,54,44,12.95,43.9,10.55,13.99,12.05,16.82,11.61,98.35,84.63
L2::S::score_ofi_le_-0.0443::top1,single+top1,29,1.0,2,2,6.9,1.63,6.9,7.14,6.67,11.11,5.0,165.27,165.27
L2::S::score_ofi_le_-0.0443::top2,single+top2,58,2.0,6,5,10.34,4.88,8.62,7.14,13.33,12.5,9.52,122.31,145.05
L2::S::score_ofi_ge_0.0645,single,418,14.414,47,62,11.24,38.21,14.83,12.74,9.71,10.69,12.5,84.6,81.0
L2::S::score_ofi_ge_0.0645::top1,single+top1,29,1.0,6,2,20.69,4.88,6.9,14.29,26.67,21.43,20.0,108.22,86.81
L2::S::score_ofi_ge_0.0645::top2,single+top2,58,2.0,10,6,17.24,8.13,10.34,10.71,23.33,19.44,13.64,113.53,96.85
L2::S::score_ofi_le_0.0645,single,626,21.586,76,77,12.14,61.79,12.3,13.56,10.88,14.61,10.81,103.72,87.19
L2::S::score_ofi_le_0.0645::top1,single+top1,29,1.0,3,1,10.34,2.44,3.45,7.14,13.33,18.18,5.56,178.49,189.6
L2::S::score_ofi_le_0.0645::top2,single+top2,58,2.0,8,2,13.79,6.5,3.45,10.71,16.67,15.79,12.82,105.18,100.91
L2::S::score_ofi_ge_0.175,single,210,7.241,18,36,8.57,14.63,17.14,10.0,7.27,7.98,10.64,97.34,103.34
L2::S::score_ofi_ge_0.175::top1,single+top1,29,1.0,5,4,17.24,4.07,13.79,7.14,26.67,19.23,0.0,148.07,166.8
L2::S::score_ofi_ge_0.175::top2,single+top2,58,2.0,10,7,17.24,8.13,12.07,17.86,16.67,15.69,28.57,103.23,105.85
L2::S::score_ofi_le_0.175,single,834,28.759,105,103,12.59,85.37,12.35,14.04,11.21,14.45,11.27,96.25,81.82
L2::S::score_ofi_le_0.175::top1,single+top1,29,1.0,5,1,17.24,4.07,3.45,14.29,20.0,25.0,11.76,128.74,140.95
L2::S::score_ofi_le_0.175::top2,single+top2,58,2.0,9,3,15.52,7.32,5.17,14.29,16.67,17.39,14.29,115.1,101.07
L2::S::score_liquidity_void_ge_1.0,single,1043,35.966,123,139,11.79,100.0,13.33,13.24,10.43,12.4,11.21,96.41,86.42
L2::S::score_liquidity_void_ge_1.0::top1,single+top1,29,1.0,5,1,17.24,4.07,3.45,14.29,20.0,27.27,11.11,123.06,140.95
L2::S::score_liquidity_void_ge_1.0::top2,single+top2,58,2.0,10,3,17.24,8.13,5.17,14.29,20.0,19.23,15.62,118.41,121.01
L2::S::score_liquidity_void_le_1.0,single,1043,35.966,123,139,11.79,100.0,13.33,13.24,10.43,12.4,11.21,96.41,86.42
L2::S::score_liquidity_void_le_1.0::top1,single+top1,29,1.0,5,1,17.24,4.07,3.45,14.29,20.0,27.27,11.11,123.06,140.95
L2::S::score_liquidity_void_le_1.0::top2,single+top2,58,2.0,10,3,17.24,8.13,5.17,14.29,20.0,19.23,15.62,118.41,121.01
L2::S::score_liquidity_void_ge_1.0,single,1043,35.966,123,139,11.79,100.0,13.33,13.24,10.43,12.4,11.21,96.41,86.42
L2::S::score_liquidity_void_ge_1.0::top1,single+top1,29,1.0,5,1,17.24,4.07,3.45,14.29,20.0,27.27,11.11,123.06,140.95
L2::S::score_liquidity_void_ge_1.0::top2,single+top2,58,2.0,10,3,17.24,8.13,5.17,14.29,20.0,19.23,15.62,118.41,121.01
L2::S::score_liquidity_void_le_1.0,single,1043,35.966,123,139,11.79,100.0,13.33,13.24,10.43,12.4,11.21,96.41,86.42
L2::S::score_liquidity_void_le_1.0::top1,single+top1,29,1.0,5,1,17.24,4.07,3.45,14.29,20.0,27.27,11.11,123.06,140.95
L2::S::score_liquidity_void_le_1.0::top2,single+top2,58,2.0,10,3,17.24,8.13,5.17,14.29,20.0,19.23,15.62,118.41,121.01
L2::S::score_liquidity_void_ge_1.0,single,1043,35.966,123,139,11.79,100.0,13.33,13.24,10.43,12.4,11.21,96.41,86.42
L2::S::score_liquidity_void_ge_1.0::top1,single+top1,29,1.0,5,1,17.24,4.07,3.45,14.29,20.0,27.27,11.11,123.06,140.95
L2::S::score_liquidity_void_ge_1.0::top2,single+top2,58,2.0,10,3,17.24,8.13,5.17,14.29,20.0,19.23,15.62,118.41,121.01
L2::S::score_liquidity_void_le_1.0,single,1043,35.966,123,139,11.79,100.0,13.33,13.24,10.43,12.4,11.21,96.41,86.42
L2::S::score_liquidity_void_le_1.0::top1,single+top1,29,1.0,5,1,17.24,4.07,3.45,14.29,20.0,27.27,11.11,123.06,140.95
L2::S::score_liquidity_void_le_1.0::top2,single+top2,58,2.0,10,3,17.24,8.13,5.17,14.29,20.0,19.23,15.62,118.41,121.01
L2::S::score_liquidity_void_ge_1.0,single,1043,35.966,123,139,11.79,100.0,13.33,13.24,10.43,12.4,11.21,96.41,86.42
L2::S::score_liquidity_void_ge_1.0::top1,single+top1,29,1.0,5,1,17.24,4.07,3.45,14.29,20.0,27.27,11.11,123.06,140.95
L2::S::score_liquidity_void_ge_1.0::top2,single+top2,58,2.0,10,3,17.24,8.13,5.17,14.29,20.0,19.23,15.62,118.41,121.01
L2::S::score_liquidity_void_le_1.0,single,1043,35.966,123,139,11.79,100.0,13.33,13.24,10.43,12.4,11.21,96.41,86.42
L2::S::score_liquidity_void_le_1.0::top1,single+top1,29,1.0,5,1,17.24,4.07,3.45,14.29,20.0,27.27,11.11,123.06,140.95
L2::S::score_liquidity_void_le_1.0::top2,single+top2,58,2.0,10,3,17.24,8.13,5.17,14.29,20.0,19.23,15.62,118.41,121.01
L2::S::zone_width_pct_ge_0.1569,single,835,28.793,94,119,11.26,76.42,14.25,13.11,9.31,11.39,11.14,91.21,81.41
L2::S::zone_width_pct_ge_0.1569::top1,single+top1,29,1.0,5,0,17.24,4.07,0.0,14.29,20.0,21.43,13.33,123.06,140.95
L2::S::zone_width_pct_ge_0.1569::top2,single+top2,58,2.0,9,2,15.52,7.32,3.45,14.29,16.67,16.67,14.29,110.35,101.07
L2::S::zone_width_pct_le_0.1569,single,209,7.207,30,20,14.35,24.39,9.57,13.92,14.62,16.35,12.38,114.02,122.66
L2::S::zone_width_pct_le_0.1569::top1,single+top1,27,0.931,4,6,14.81,3.25,22.22,0.0,26.67,28.57,10.0,181.0,187.99
L2::S::zone_width_pct_le_0.1569::top2,single+top2,53,1.828,8,8,15.09,6.5,15.09,4.35,23.33,26.32,8.82,141.78,164.06
L2::S::zone_width_pct_ge_0.2324,single,627,21.621,67,89,10.69,54.47,14.19,13.37,7.72,10.42,10.94,79.82,60.88
L2::S::zone_width_pct_ge_0.2324::top1,single+top1,29,1.0,3,1,10.34,2.44,3.45,14.29,6.67,13.33,7.14,96.22,60.88
L2::S::zone_width_pct_ge_0.2324::top2,single+top2,58,2.0,7,3,12.07,5.69,5.17,17.86,6.67,10.0,14.29,94.07,63.88
L2::S::zone_width_pct_le_0.2324,single,417,14.379,56,51,13.43,45.53,12.23,12.92,13.81,15.35,11.63,116.27,118.44
L2::S::zone_width_pct_le_0.2324::top1,single+top1,29,1.0,5,3,17.24,4.07,10.34,14.29,20.0,33.33,10.0,138.71,140.95
L2::S::zone_width_pct_le_0.2324::top2,single+top2,58,2.0,10,9,17.24,8.13,15.52,10.71,23.33,22.22,12.9,136.57,142.01
L2::S::zone_width_pct_ge_0.3424,single,418,14.414,49,59,11.72,39.84,14.11,14.77,7.73,11.76,11.68,69.69,48.37
L2::S::zone_width_pct_ge_0.3424::top1,single+top1,29,1.0,4,0,13.79,3.25,0.0,21.43,6.67,18.75,7.69,88.97,66.11
L2::S::zone_width_pct_ge_0.3424::top2,single+top2,56,1.931,8,3,14.29,6.5,5.36,21.43,7.14,17.86,10.71,102.88,81.0
L2::S::zone_width_pct_le_0.3424,single,626,21.586,74,81,11.82,60.16,12.94,11.9,11.76,12.79,10.9,114.11,114.45
L2::S::zone_width_pct_le_0.3424::top1,single+top1,29,1.0,5,1,17.24,4.07,3.45,14.29,20.0,27.27,11.11,138.71,140.95
L2::S::zone_width_pct_le_0.3424::top2,single+top2,58,2.0,11,4,18.97,8.94,6.9,14.29,23.33,22.22,16.13,112.69,101.07
L2::S::zone_width_pct_ge_0.5231,single,210,7.241,20,31,9.52,16.26,14.76,10.0,8.75,12.5,6.6,63.19,41.44
L2::S::zone_width_pct_ge_0.5231::top1,single+top1,27,0.931,2,2,7.41,1.63,7.41,14.29,0.0,6.25,9.09,49.8,49.8
L2::S::zone_width_pct_ge_0.5231::top2,single+top2,53,1.828,3,5,5.66,2.44,9.43,11.11,0.0,4.17,6.9,40.46,48.37
L2::S::zone_width_pct_le_0.5231,single,834,28.759,103,108,12.35,83.74,12.95,14.32,10.72,12.35,12.35,102.86,88.78
L2::S::zone_width_pct_le_0.5231::top1,single+top1,29,1.0,4,1,13.79,3.25,3.45,7.14,20.0,20.0,10.53,141.02,158.75
L2::S::zone_width_pct_le_0.5231::top2,single+top2,58,2.0,10,4,17.24,8.13,6.9,10.71,23.33,16.67,17.65,128.2,145.05
L2::S::same_dir_zones_active_60m_ge_0.0,single,1043,35.966,123,139,11.79,100.0,13.33,13.24,10.43,12.4,11.21,96.41,86.42
L2::S::same_dir_zones_active_60m_ge_0.0::top1,single+top1,29,1.0,5,1,17.24,4.07,3.45,14.29,20.0,27.27,11.11,123.06,140.95
L2::S::same_dir_zones_active_60m_ge_0.0::top2,single+top2,58,2.0,10,3,17.24,8.13,5.17,14.29,20.0,19.23,15.62,118.41,121.01
L2::S::same_dir_zones_active_60m_le_0.0,single,447,15.414,59,61,13.2,47.97,13.65,14.88,11.64,14.35,12.12,95.27,87.97
L2::S::same_dir_zones_active_60m_le_0.0::top1,single+top1,29,1.0,8,4,27.59,6.5,13.79,28.57,26.67,33.33,25.0,118.36,102.41
L2::S::same_dir_zones_active_60m_le_0.0::top2,single+top2,58,2.0,10,6,17.24,8.13,10.34,17.86,16.67,20.0,15.15,105.88,78.25
L2::S::same_dir_zones_active_60m_ge_0.0,single,1043,35.966,123,139,11.79,100.0,13.33,13.24,10.43,12.4,11.21,96.41,86.42
L2::S::same_dir_zones_active_60m_ge_0.0::top1,single+top1,29,1.0,5,1,17.24,4.07,3.45,14.29,20.0,27.27,11.11,123.06,140.95
L2::S::same_dir_zones_active_60m_ge_0.0::top2,single+top2,58,2.0,10,3,17.24,8.13,5.17,14.29,20.0,19.23,15.62,118.41,121.01
L2::S::same_dir_zones_active_60m_le_0.0,single,447,15.414,59,61,13.2,47.97,13.65,14.88,11.64,14.35,12.12,95.27,87.97
L2::S::same_dir_zones_active_60m_le_0.0::top1,single+top1,29,1.0,8,4,27.59,6.5,13.79,28.57,26.67,33.33,25.0,118.36,102.41
L2::S::same_dir_zones_active_60m_le_0.0::top2,single+top2,58,2.0,10,6,17.24,8.13,10.34,17.86,16.67,20.0,15.15,105.88,78.25
L2::S::same_dir_zones_active_60m_ge_1.0,single,596,20.552,64,78,10.74,52.03,13.09,12.03,9.51,10.96,10.53,97.46,84.4
L2::S::same_dir_zones_active_60m_ge_1.0::top1,single+top1,29,1.0,3,0,10.34,2.44,0.0,7.14,13.33,14.29,6.67,105.65,101.07
L2::S::same_dir_zones_active_60m_ge_1.0::top2,single+top2,58,2.0,8,3,13.79,6.5,5.17,7.14,20.0,14.29,13.33,116.27,125.11
L2::S::same_dir_zones_active_60m_le_1.0,single,787,27.138,96,106,12.2,78.05,13.47,14.09,10.53,13.2,11.2,94.69,87.19
L2::S::same_dir_zones_active_60m_le_1.0::top1,single+top1,29,1.0,7,4,24.14,5.69,13.79,21.43,26.67,37.5,19.05,123.87,140.95
L2::S::same_dir_zones_active_60m_le_1.0::top2,single+top2,58,2.0,12,6,20.69,9.76,10.34,21.43,20.0,21.74,20.0,108.03,82.47
L2::S::same_dir_zones_active_60m_ge_2.0,single,256,8.828,27,33,10.55,21.95,12.89,10.95,10.08,9.65,11.27,102.55,85.95
L2::S::same_dir_zones_active_60m_ge_2.0::top1,single+top1,29,1.0,3,3,10.34,2.44,10.34,7.14,13.33,11.76,8.33,93.27,71.68
L2::S::same_dir_zones_active_60m_ge_2.0::top2,single+top2,57,1.966,6,5,10.53,4.88,8.77,10.71,10.34,7.41,13.33,91.72,56.28
L2::S::same_dir_zones_active_60m_le_2.0,single,963,33.207,113,127,11.73,91.87,13.19,12.93,10.62,11.92,11.55,93.68,85.95
L2::S::same_dir_zones_active_60m_le_2.0::top1,single+top1,29,1.0,5,1,17.24,4.07,3.45,14.29,20.0,27.27,11.11,123.06,140.95
L2::S::same_dir_zones_active_60m_le_2.0::top2,single+top2,58,2.0,10,3,17.24,8.13,5.17,14.29,20.0,19.23,15.62,118.41,121.01
L2::S::opp_dir_zones_active_60m_ge_0.0,single,1043,35.966,123,139,11.79,100.0,13.33,13.24,10.43,12.4,11.21,96.41,86.42
L2::S::opp_dir_zones_active_60m_ge_0.0::top1,single+top1,29,1.0,5,1,17.24,4.07,3.45,14.29,20.0,27.27,11.11,123.06,140.95
L2::S::opp_dir_zones_active_60m_ge_0.0::top2,single+top2,58,2.0,10,3,17.24,8.13,5.17,14.29,20.0,19.23,15.62,118.41,121.01
L2::S::opp_dir_zones_active_60m_le_0.0,single,433,14.931,55,41,12.7,44.72,9.47,15.31,10.27,14.35,11.16,98.47,87.37
L2::S::opp_dir_zones_active_60m_le_0.0::top1,single+top1,29,1.0,5,1,17.24,4.07,3.45,14.29,20.0,27.27,11.11,123.06,140.95
L2::S::opp_dir_zones_active_60m_le_0.0::top2,single+top2,58,2.0,10,3,17.24,8.13,5.17,14.29,20.0,19.23,15.62,118.41,121.01
L2::S::opp_dir_zones_active_60m_ge_0.0,single,1043,35.966,123,139,11.79,100.0,13.33,13.24,10.43,12.4,11.21,96.41,86.42
L2::S::opp_dir_zones_active_60m_ge_0.0::top1,single+top1,29,1.0,5,1,17.24,4.07,3.45,14.29,20.0,27.27,11.11,123.06,140.95
L2::S::opp_dir_zones_active_60m_ge_0.0::top2,single+top2,58,2.0,10,3,17.24,8.13,5.17,14.29,20.0,19.23,15.62,118.41,121.01
L2::S::opp_dir_zones_active_60m_le_0.0,single,433,14.931,55,41,12.7,44.72,9.47,15.31,10.27,14.35,11.16,98.47,87.37
L2::S::opp_dir_zones_active_60m_le_0.0::top1,single+top1,29,1.0,5,1,17.24,4.07,3.45,14.29,20.0,27.27,11.11,123.06,140.95
L2::S::opp_dir_zones_active_60m_le_0.0::top2,single+top2,58,2.0,10,3,17.24,8.13,5.17,14.29,20.0,19.23,15.62,118.41,121.01
L2::S::opp_dir_zones_active_60m_ge_1.0,single,610,21.034,68,98,11.15,55.28,16.07,11.78,10.54,11.04,11.25,94.75,86.19
L2::S::opp_dir_zones_active_60m_ge_1.0::top1,single+top1,29,1.0,6,4,20.69,4.88,13.79,21.43,20.0,20.0,21.43,103.26,95.35
L2::S::opp_dir_zones_active_60m_ge_1.0::top2,single+top2,58,2.0,14,11,24.14,11.38,18.97,25.0,23.33,20.69,27.59,105.28,90.11
L2::S::opp_dir_zones_active_60m_le_1.0,single,726,25.034,90,79,12.4,73.17,10.88,13.29,11.58,13.65,11.31,96.53,81.41
L2::S::opp_dir_zones_active_60m_le_1.0::top1,single+top1,29,1.0,5,1,17.24,4.07,3.45,14.29,20.0,27.27,11.11,123.06,140.95
L2::S::opp_dir_zones_active_60m_le_1.0::top2,single+top2,58,2.0,10,3,17.24,8.13,5.17,14.29,20.0,19.23,15.62,118.41,121.01
L2::S::opp_dir_zones_active_60m_ge_2.0,single,317,10.931,33,60,10.41,26.83,18.93,13.12,7.64,9.94,10.96,96.09,88.15
L2::S::opp_dir_zones_active_60m_ge_2.0::top1,single+top1,29,1.0,7,5,24.14,5.69,17.24,35.71,13.33,19.05,37.5,104.02,53.23
L2::S::opp_dir_zones_active_60m_ge_2.0::top2,single+top2,58,2.0,15,10,25.86,12.2,17.24,39.29,13.33,18.42,40.0,96.3,88.78
L2::S::opp_dir_zones_active_60m_le_2.0,single,943,32.517,114,113,12.09,92.68,11.98,13.54,10.72,12.44,11.78,95.03,84.12
L2::S::opp_dir_zones_active_60m_le_2.0::top1,single+top1,29,1.0,5,1,17.24,4.07,3.45,14.29,20.0,27.27,11.11,123.06,140.95
L2::S::opp_dir_zones_active_60m_le_2.0::top2,single+top2,58,2.0,10,3,17.24,8.13,5.17,14.29,20.0,19.23,15.62,118.41,121.01
L2::S::prior_move_15m_pct_ge_-0.1923,single,836,28.828,104,108,12.44,84.55,12.92,14.11,10.88,12.29,12.59,96.52,84.4
L2::S::prior_move_15m_pct_ge_-0.1923::top1,single+top1,29,1.0,5,1,17.24,4.07,3.45,14.29,20.0,27.27,11.11,123.06,140.95
L2::S::prior_move_15m_pct_ge_-0.1923::top2,single+top2,58,2.0,11,4,18.97,8.94,6.9,17.86,20.0,20.0,18.18,112.04,101.07
L2::S::prior_move_15m_pct_le_-0.1923,single,209,7.207,19,33,9.09,15.45,15.79,9.62,8.57,12.94,6.45,95.82,87.97
L2::S::prior_move_15m_pct_le_-0.1923::top1,single+top1,28,0.966,3,1,10.71,2.44,3.57,14.29,7.14,20.0,5.56,55.96,71.68
L2::S::prior_move_15m_pct_le_-0.1923::top2,single+top2,56,1.931,6,6,10.71,4.88,10.71,17.86,3.57,12.5,9.38,79.5,79.83
L2::S::prior_move_15m_pct_ge_-0.0599,single,627,21.621,80,82,12.76,65.04,13.08,13.65,11.86,12.18,13.33,96.66,81.0
L2::S::prior_move_15m_pct_ge_-0.0599::top1,single+top1,29,1.0,5,1,17.24,4.07,3.45,14.29,20.0,27.27,11.11,123.06,140.95
L2::S::prior_move_15m_pct_ge_-0.0599::top2,single+top2,58,2.0,12,4,20.69,9.76,6.9,17.86,23.33,22.22,19.35,101.67,58.93
L2::S::prior_move_15m_pct_le_-0.0599,single,417,14.379,43,57,10.31,34.96,13.67,12.5,8.44,12.76,8.14,95.95,88.15
L2::S::prior_move_15m_pct_le_-0.0599::top1,single+top1,29,1.0,2,1,6.9,1.63,3.45,7.14,6.67,15.38,0.0,54.65,54.65
L2::S::prior_move_15m_pct_le_-0.0599::top2,single+top2,58,2.0,4,5,6.9,3.25,8.62,7.14,6.67,6.9,6.9,86.61,94.52
L2::S::prior_move_15m_pct_ge_0.0423,single,418,14.414,55,48,13.16,44.72,11.48,13.76,12.5,11.88,14.35,96.71,81.0
L2::S::prior_move_15m_pct_ge_0.0423::top1,single+top1,29,1.0,6,1,20.69,4.88,3.45,21.43,20.0,27.27,16.67,115.34,98.96
L2::S::prior_move_15m_pct_ge_0.0423::top2,single+top2,58,2.0,12,4,20.69,9.76,6.9,25.0,16.67,22.22,19.35,90.04,54.1
L2::S::prior_move_15m_pct_le_0.0423,single,626,21.586,68,91,10.86,55.28,14.54,12.8,9.2,12.7,9.09,96.17,88.06
L2::S::prior_move_15m_pct_le_0.0423::top1,single+top1,29,1.0,4,3,13.79,3.25,10.34,0.0,26.67,14.29,13.33,124.86,134.59
L2::S::prior_move_15m_pct_le_0.0423::top2,single+top2,58,2.0,7,3,12.07,5.69,5.17,3.57,20.0,13.79,10.34,132.31,149.15
L2::S::prior_move_15m_pct_ge_0.1777,single,210,7.241,24,27,11.43,19.51,12.86,10.19,12.75,12.96,9.8,98.0,60.69
L2::S::prior_move_15m_pct_ge_0.1777::top1,single+top1,28,0.966,6,3,21.43,4.88,10.71,21.43,21.43,16.67,25.0,48.67,47.74
L2::S::prior_move_15m_pct_ge_0.1777::top2,single+top2,54,1.862,12,7,22.22,9.76,12.96,22.22,22.22,25.0,20.0,69.35,53.56
L2::S::prior_move_15m_pct_le_0.1777,single,834,28.759,99,112,11.87,80.49,13.43,14.04,9.89,12.25,11.52,96.03,87.37
L2::S::prior_move_15m_pct_le_0.1777::top1,single+top1,29,1.0,6,1,20.69,4.88,3.45,21.43,20.0,25.0,17.65,112.7,100.91
L2::S::prior_move_15m_pct_le_0.1777::top2,single+top2,58,2.0,12,3,20.69,9.76,5.17,17.86,23.33,23.08,18.75,111.71,96.85
L2::S::prior_move_30m_pct_ge_-0.304,single,835,28.793,107,115,12.81,86.99,13.77,14.04,11.61,12.44,13.23,92.54,80.02
L2::S::prior_move_30m_pct_ge_-0.304::top1,single+top1,29,1.0,5,1,17.24,4.07,3.45,14.29,20.0,25.0,11.76,128.74,140.95
L2::S::prior_move_30m_pct_ge_-0.304::top2,single+top2,58,2.0,8,3,13.79,6.5,5.17,14.29,13.33,10.34,17.24,99.03,58.93
L2::S::prior_move_30m_pct_le_-0.304,single,209,7.207,16,24,7.66,13.01,11.48,9.57,6.09,12.12,5.59,122.28,140.21
L2::S::prior_move_30m_pct_le_-0.304::top1,single+top1,27,0.931,3,2,11.11,2.44,7.41,7.69,14.29,28.57,5.0,156.18,176.55
L2::S::prior_move_30m_pct_le_-0.304::top2,single+top2,52,1.793,8,2,15.38,6.5,3.85,16.0,14.81,29.41,8.57,132.77,158.39
L2::S::prior_move_30m_pct_ge_-0.0998,single,627,21.621,86,95,13.72,69.92,15.15,15.21,12.26,12.54,15.22,91.61,71.06
L2::S::prior_move_30m_pct_ge_-0.0998::top1,single+top1,29,1.0,7,1,24.14,5.69,3.45,28.57,20.0,23.08,25.0,107.56,60.88
L2::S::prior_move_30m_pct_ge_-0.0998::top2,single+top2,58,2.0,9,4,15.52,7.32,6.9,17.86,13.33,11.11,19.35,95.13,60.88
L2::S::prior_move_30m_pct_le_-0.0998,single,417,14.379,37,45,8.87,30.08,10.79,10.15,7.73,12.03,6.95,107.57,101.07
L2::S::prior_move_30m_pct_le_-0.0998::top1,single+top1,29,1.0,3,2,10.34,2.44,6.9,0.0,20.0,20.0,5.26,153.37,176.55
L2::S::prior_move_30m_pct_le_-0.0998::top2,single+top2,58,2.0,8,5,13.79,6.5,8.62,7.14,20.0,26.09,5.71,136.67,158.89
L2::S::prior_move_30m_pct_ge_0.1138,single,418,14.414,57,64,13.64,46.34,15.31,15.38,11.9,12.03,15.82,81.78,51.23
L2::S::prior_move_30m_pct_ge_0.1138::top1,single+top1,29,1.0,6,5,20.69,4.88,17.24,28.57,13.33,16.67,27.27,96.04,61.45
L2::S::prior_move_30m_pct_ge_0.1138::top2,single+top2,58,2.0,10,9,17.24,8.13,15.52,17.86,16.67,17.65,16.67,79.07,49.8
L2::S::prior_move_30m_pct_le_0.1138,single,626,21.586,66,75,10.54,53.66,11.98,11.74,9.45,12.69,8.94,109.05,102.95
L2::S::prior_move_30m_pct_le_0.1138::top1,single+top1,29,1.0,4,1,13.79,3.25,3.45,7.14,20.0,18.18,11.11,141.02,158.75
L2::S::prior_move_30m_pct_le_0.1138::top2,single+top2,58,2.0,10,3,17.24,8.13,5.17,10.71,23.33,21.74,14.29,122.55,121.01
L2::S::prior_move_30m_pct_ge_0.3297,single,210,7.241,28,40,13.33,22.76,19.05,14.62,11.25,12.69,14.47,72.92,44.22
L2::S::prior_move_30m_pct_ge_0.3297::top1,single+top1,27,0.931,5,5,18.52,4.07,18.52,30.77,7.14,10.53,37.5,37.48,34.57
L2::S::prior_move_30m_pct_ge_0.3297::top2,single+top2,51,1.759,10,7,19.61,8.13,13.73,28.0,11.54,13.89,33.33,61.16,49.03
L2::S::prior_move_30m_pct_le_0.3297,single,834,28.759,95,99,11.39,77.24,11.87,12.77,10.26,12.27,10.68,103.34,92.63
L2::S::prior_move_30m_pct_le_0.3297::top1,single+top1,29,1.0,5,0,17.24,4.07,0.0,14.29,20.0,25.0,11.76,123.06,140.95
L2::S::prior_move_30m_pct_le_0.3297::top2,single+top2,58,2.0,10,2,17.24,8.13,3.45,14.29,20.0,20.83,14.71,118.41,121.01
L2::S::prior_move_60m_pct_ge_-0.5147,single,836,28.828,111,113,13.28,90.24,13.52,14.04,12.53,13.38,13.16,95.45,85.95
L2::S::prior_move_60m_pct_ge_-0.5147::top1,single+top1,29,1.0,7,1,24.14,5.69,3.45,28.57,20.0,30.0,21.05,103.51,60.88
L2::S::prior_move_60m_pct_ge_-0.5147::top2,single+top2,58,2.0,12,3,20.69,9.76,5.17,21.43,20.0,19.23,21.88,108.03,82.47
L2::S::prior_move_60m_pct_le_-0.5147,single,209,7.207,12,26,5.74,9.76,12.44,9.68,2.59,5.97,5.63,105.32,114.94
L2::S::prior_move_60m_pct_le_-0.5147::top1,single+top1,25,0.862,0,1,0.0,0.0,4.0,0.0,0.0,0.0,0.0,,
L2::S::prior_move_60m_pct_le_-0.5147::top2,single+top2,50,1.724,1,6,2.0,0.81,12.0,4.17,0.0,0.0,2.94,81.0,81.0
L2::S::prior_move_60m_pct_ge_-0.1913,single,627,21.621,85,90,13.56,69.11,14.35,15.09,11.97,12.29,15.16,90.35,71.68
L2::S::prior_move_60m_pct_ge_-0.1913::top1,single+top1,29,1.0,7,1,24.14,5.69,3.45,28.57,20.0,27.27,22.22,107.56,60.88
L2::S::prior_move_60m_pct_ge_-0.1913::top2,single+top2,58,2.0,11,2,18.97,8.94,3.45,25.0,13.33,12.9,25.93,90.16,60.88
L2::S::prior_move_60m_pct_le_-0.1913,single,417,14.379,38,49,9.11,30.89,11.75,10.11,8.3,12.66,6.95,109.98,109.49
L2::S::prior_move_60m_pct_le_-0.1913::top1,single+top1,29,1.0,3,2,10.34,2.44,6.9,0.0,20.0,22.22,5.0,153.37,176.55
L2::S::prior_move_60m_pct_le_-0.1913::top2,single+top2,58,2.0,6,6,10.34,4.88,10.34,3.57,16.67,22.73,2.78,141.85,176.55
L2::S::prior_move_60m_pct_ge_0.1551,single,418,14.414,57,66,13.64,46.34,15.79,15.58,11.23,11.89,16.09,77.81,53.18
L2::S::prior_move_60m_pct_ge_0.1551::top1,single+top1,29,1.0,6,2,20.69,4.88,6.9,28.57,13.33,11.11,36.36,55.18,54.1
L2::S::prior_move_60m_pct_ge_0.1551::top2,single+top2,58,2.0,12,5,20.69,9.76,8.62,28.57,13.33,14.29,30.43,66.64,54.1
L2::S::prior_move_60m_pct_le_0.1551,single,626,21.586,66,73,10.54,53.66,11.66,11.27,9.97,12.88,8.84,112.48,111.64
L2::S::prior_move_60m_pct_le_0.1551::top1,single+top1,29,1.0,4,2,13.79,3.25,6.9,7.14,20.0,25.0,5.88,149.93,158.75
L2::S::prior_move_60m_pct_le_0.1551::top2,single+top2,58,2.0,10,3,17.24,8.13,5.17,10.71,23.33,26.09,11.43,132.24,158.75
L2::S::prior_move_60m_pct_ge_0.4683,single,210,7.241,29,40,13.81,23.58,19.05,14.62,12.5,9.92,20.25,58.95,41.32
L2::S::prior_move_60m_pct_ge_0.4683::top1,single+top1,27,0.931,4,6,14.81,3.25,22.22,23.08,7.14,5.0,42.86,34.52,34.45
L2::S::prior_move_60m_pct_ge_0.4683::top2,single+top2,52,1.793,9,9,17.31,7.32,17.31,24.0,11.11,11.11,31.25,31.52,21.78
L2::S::prior_move_60m_pct_le_0.4683,single,834,28.759,94,99,11.27,76.42,11.87,12.77,10.04,13.26,9.63,107.97,102.95
L2::S::prior_move_60m_pct_le_0.4683::top1,single+top1,29,1.0,5,0,17.24,4.07,0.0,14.29,20.0,25.0,11.76,123.06,140.95
L2::S::prior_move_60m_pct_le_0.4683::top2,single+top2,58,2.0,10,2,17.24,8.13,3.45,14.29,20.0,20.83,14.71,118.41,121.01
L2::S::prior_move_180m_pct_ge_-0.718,single,835,28.793,114,117,13.65,92.68,14.01,14.63,12.68,14.15,13.12,96.48,86.9
L2::S::prior_move_180m_pct_ge_-0.718::top1,single+top1,29,1.0,5,1,17.24,4.07,3.45,14.29,20.0,25.0,11.76,123.06,140.95
L2::S::prior_move_180m_pct_ge_-0.718::top2,single+top2,58,2.0,10,3,17.24,8.13,5.17,14.29,20.0,17.86,16.67,118.41,121.01
L2::S::prior_move_180m_pct_le_-0.718,single,209,7.207,9,22,4.31,7.32,10.53,6.67,2.52,2.56,5.34,95.53,63.5
L2::S::prior_move_180m_pct_le_-0.718::top1,single+top1,25,0.862,1,2,4.0,0.81,8.0,7.69,0.0,8.33,0.0,19.25,19.25
L2::S::prior_move_180m_pct_le_-0.718::top2,single+top2,48,1.655,1,5,2.08,0.81,10.42,4.0,0.0,5.88,0.0,19.25,19.25
L2::S::prior_move_180m_pct_ge_-0.2247,single,627,21.621,90,98,14.35,73.17,15.63,15.24,13.38,14.66,13.99,92.64,82.33
L2::S::prior_move_180m_pct_ge_-0.2247::top1,single+top1,29,1.0,7,1,24.14,5.69,3.45,28.57,20.0,30.77,18.75,115.09,101.07
L2::S::prior_move_180m_pct_ge_-0.2247::top2,single+top2,58,2.0,12,3,20.69,9.76,5.17,25.0,16.67,12.9,29.63,98.56,62.38
L2::S::prior_move_180m_pct_le_-0.2247,single,417,14.379,33,41,7.91,26.83,9.83,9.55,6.69,7.78,8.0,106.69,97.55
L2::S::prior_move_180m_pct_le_-0.2247::top1,single+top1,29,1.0,2,1,6.9,1.63,3.45,0.0,13.33,25.0,0.0,92.39,92.39
L2::S::prior_move_180m_pct_le_-0.2247::top2,single+top2,58,2.0,4,4,6.9,3.25,6.9,3.57,10.0,17.39,0.0,95.15,97.9
L2::S::prior_move_180m_pct_ge_0.2478,single,418,14.414,55,72,13.16,44.72,17.22,14.4,11.43,12.55,13.97,77.76,53.18
L2::S::prior_move_180m_pct_ge_0.2478::top1,single+top1,29,1.0,4,4,13.79,3.25,13.79,21.43,6.67,13.64,14.29,43.54,45.27
L2::S::prior_move_180m_pct_ge_0.2478::top2,single+top2,58,2.0,10,7,17.24,8.13,12.07,21.43,13.33,7.89,35.0,66.7,43.84
L2::S::prior_move_180m_pct_le_0.2478,single,626,21.586,68,67,10.86,55.28,10.7,12.17,9.92,12.22,9.83,111.5,102.95
L2::S::prior_move_180m_pct_le_0.2478::top1,single+top1,29,1.0,4,1,13.79,3.25,3.45,7.14,20.0,22.22,10.0,141.02,158.75
L2::S::prior_move_180m_pct_le_0.2478::top2,single+top2,58,2.0,12,3,20.69,9.76,5.17,14.29,26.67,29.17,14.71,116.56,121.01
L2::S::prior_move_180m_pct_ge_0.8567,single,210,7.241,20,46,9.52,16.26,21.9,10.29,8.11,8.94,10.34,49.69,39.47
L2::S::prior_move_180m_pct_ge_0.8567::top1,single+top1,22,0.759,0,1,0.0,0.0,4.55,0.0,0.0,0.0,0.0,,
L2::S::prior_move_180m_pct_ge_0.8567::top2,single+top2,43,1.483,1,1,2.33,0.81,2.33,4.55,0.0,0.0,6.67,8.5,8.5
L2::S::prior_move_180m_pct_le_0.8567,single,834,28.759,103,93,12.35,83.74,11.15,14.32,10.78,13.51,11.36,105.48,96.98
L2::S::prior_move_180m_pct_le_0.8567::top1,single+top1,29,1.0,5,2,17.24,4.07,6.9,14.29,20.0,33.33,10.0,123.06,140.95
L2::S::prior_move_180m_pct_le_0.8567::top2,single+top2,58,2.0,10,4,17.24,8.13,6.9,14.29,20.0,21.74,14.29,118.41,121.01
L2::S::abs_prior_move_15m_pct_ge_0.0537,single,835,28.793,99,104,11.86,80.49,12.46,13.02,10.75,12.37,11.39,97.34,87.37
L2::S::abs_prior_move_15m_pct_ge_0.0537::top1,single+top1,29,1.0,7,1,24.14,5.69,3.45,21.43,26.67,41.67,11.76,107.57,101.07
L2::S::abs_prior_move_15m_pct_ge_0.0537::top2,single+top2,58,2.0,10,3,17.24,8.13,5.17,17.86,16.67,20.0,15.15,104.73,80.97
L2::S::abs_prior_move_15m_pct_le_0.0537,single,209,7.207,24,35,11.48,19.51,16.75,14.0,9.17,12.5,10.31,92.57,80.59
L2::S::abs_prior_move_15m_pct_le_0.0537::top1,single+top1,29,1.0,6,3,20.69,4.88,10.34,7.14,33.33,18.75,23.08,116.46,126.94
L2::S::abs_prior_move_15m_pct_le_0.0537::top2,single+top2,58,2.0,9,7,15.52,7.32,12.07,7.14,23.33,13.89,18.18,127.74,161.25
L2::S::abs_prior_move_15m_pct_ge_0.1135,single,628,21.655,64,86,10.19,52.03,13.69,11.22,9.18,12.84,7.83,98.54,86.66
L2::S::abs_prior_move_15m_pct_ge_0.1135::top1,single+top1,29,1.0,4,2,13.79,3.25,6.9,7.14,20.0,30.0,5.26,112.36,118.14
L2::S::abs_prior_move_15m_pct_ge_0.1135::top2,single+top2,58,2.0,7,3,12.07,5.69,5.17,14.29,10.0,20.0,6.06,110.81,71.68
L2::S::abs_prior_move_15m_pct_le_0.1135,single,417,14.379,59,53,14.15,47.97,12.71,16.49,12.11,11.79,16.59,94.11,86.42
L2::S::abs_prior_move_15m_pct_le_0.1135::top1,single+top1,29,1.0,5,1,17.24,4.07,3.45,14.29,20.0,15.38,18.75,124.99,140.95
L2::S::abs_prior_move_15m_pct_le_0.1135::top2,single+top2,58,2.0,13,3,22.41,10.57,5.17,17.86,26.67,17.24,27.59,116.88,101.07
L2::S::abs_prior_move_15m_pct_ge_0.1846,single,418,14.414,44,64,10.53,35.77,15.31,9.91,11.17,13.54,7.96,99.16,87.97
L2::S::abs_prior_move_15m_pct_ge_0.1846::top1,single+top1,29,1.0,2,2,6.9,1.63,6.9,7.14,6.67,13.33,0.0,39.96,39.96
L2::S::abs_prior_move_15m_pct_ge_0.1846::top2,single+top2,58,2.0,5,4,8.62,4.07,6.9,14.29,3.33,10.71,6.67,73.81,48.37
L2::S::abs_prior_move_15m_pct_le_0.1846,single,626,21.586,79,75,12.62,64.23,11.98,15.59,9.97,11.71,13.55,94.88,85.95
L2::S::abs_prior_move_15m_pct_le_0.1846::top1,single+top1,29,1.0,6,1,20.69,4.88,3.45,21.43,20.0,25.0,17.65,112.7,100.91
L2::S::abs_prior_move_15m_pct_le_0.1846::top2,single+top2,58,2.0,13,3,22.41,10.57,5.17,17.86,26.67,21.43,23.33,114.59,101.07
L2::S::abs_prior_move_15m_pct_ge_0.2953,single,210,7.241,18,32,8.57,14.63,15.24,9.24,7.69,10.99,6.72,99.16,92.47
L2::S::abs_prior_move_15m_pct_ge_0.2953::top1,single+top1,27,0.931,3,2,11.11,2.44,7.41,7.14,15.38,20.0,0.0,129.12,148.88
L2::S::abs_prior_move_15m_pct_ge_0.2953::top2,single+top2,53,1.828,6,5,11.32,4.88,9.43,10.71,12.0,16.0,7.14,91.28,84.33
L2::S::abs_prior_move_15m_pct_le_0.2953,single,834,28.759,105,107,12.59,85.37,12.83,14.47,10.96,12.68,12.5,95.94,82.85
L2::S::abs_prior_move_15m_pct_le_0.2953::top1,single+top1,29,1.0,5,1,17.24,4.07,3.45,14.29,20.0,27.27,11.11,123.06,140.95
L2::S::abs_prior_move_15m_pct_le_0.2953::top2,single+top2,58,2.0,12,3,20.69,9.76,5.17,17.86,23.33,23.08,18.75,112.7,121.01
L2::S::abs_prior_move_30m_pct_ge_0.1063,single,835,28.793,95,107,11.38,77.24,12.81,12.84,10.0,12.0,10.8,91.56,81.82
L2::S::abs_prior_move_30m_pct_ge_0.1063::top1,single+top1,29,1.0,5,2,17.24,4.07,6.9,7.14,26.67,14.29,20.0,132.15,176.55
L2::S::abs_prior_move_30m_pct_ge_0.1063::top2,single+top2,58,2.0,8,5,13.79,6.5,8.62,7.14,20.0,17.24,10.34,128.87,138.81
L2::S::abs_prior_move_30m_pct_le_0.1063,single,209,7.207,28,32,13.4,22.76,15.31,14.71,12.15,13.89,12.87,112.86,109.49
L2::S::abs_prior_move_30m_pct_le_0.1063::top1,single+top1,29,1.0,3,1,10.34,2.44,3.45,14.29,6.67,7.69,12.5,130.48,140.95
L2::S::abs_prior_move_30m_pct_le_0.1063::top2,single+top2,58,2.0,8,3,13.79,6.5,5.17,14.29,13.33,6.67,21.43,133.11,145.05
L2::S::abs_prior_move_30m_pct_ge_0.2102,single,627,21.621,70,90,11.16,56.91,14.35,13.93,8.22,14.04,8.66,83.94,74.31
L2::S::abs_prior_move_30m_pct_ge_0.2102::top1,single+top1,29,1.0,3,4,10.34,2.44,13.79,7.14,13.33,14.29,6.67,139.57,176.55
L2::S::abs_prior_move_30m_pct_ge_0.2102::top2,single+top2,58,2.0,9,5,15.52,7.32,8.62,17.86,13.33,22.22,9.68,93.98,81.0
L2::S::abs_prior_move_30m_pct_le_0.2102,single,417,14.379,53,49,12.71,43.09,11.75,12.02,13.25,10.19,15.42,112.89,111.33
L2::S::abs_prior_move_30m_pct_le_0.2102::top1,single+top1,29,1.0,5,0,17.24,4.07,0.0,14.29,20.0,16.67,17.65,130.67,140.95
L2::S::abs_prior_move_30m_pct_le_0.2102::top2,single+top2,58,2.0,10,3,17.24,8.13,5.17,14.29,20.0,12.9,22.22,120.45,116.79
L2::S::abs_prior_move_30m_pct_ge_0.3207,single,418,14.414,44,65,10.53,35.77,15.55,12.61,8.16,12.81,8.37,88.4,76.34
L2::S::abs_prior_move_30m_pct_ge_0.3207::top1,single+top1,28,0.966,4,4,14.29,3.25,14.29,14.29,14.29,23.08,6.67,120.12,138.81
L2::S::abs_prior_move_30m_pct_ge_0.3207::top2,single+top2,55,1.897,9,6,16.36,7.32,10.91,18.52,14.29,23.08,10.34,106.52,101.07
L2::S::abs_prior_move_30m_pct_le_0.3207,single,626,21.586,79,74,12.62,64.23,11.82,13.73,11.7,12.09,13.12,100.88,87.97
L2::S::abs_prior_move_30m_pct_le_0.3207::top1,single+top1,29,1.0,5,0,17.24,4.07,0.0,14.29,20.0,23.08,12.5,128.74,140.95
L2::S::abs_prior_move_30m_pct_le_0.3207::top2,single+top2,58,2.0,9,2,15.52,7.32,3.45,14.29,16.67,11.11,19.35,104.6,60.88
L2::S::abs_prior_move_30m_pct_ge_0.4942,single,211,7.276,17,35,8.06,13.82,16.59,8.33,7.69,7.22,8.77,74.62,53.18
L2::S::abs_prior_move_30m_pct_ge_0.4942::top1,single+top1,26,0.897,1,3,3.85,0.81,11.54,0.0,7.69,6.25,0.0,176.55,176.55
L2::S::abs_prior_move_30m_pct_ge_0.4942::top2,single+top2,50,1.724,4,4,8.0,3.25,8.0,4.0,12.0,16.0,0.0,149.06,176.55
L2::S::abs_prior_move_30m_pct_le_0.4942,single,834,28.759,106,104,12.71,86.18,12.47,14.77,10.94,13.56,11.88,99.91,87.97
L2::S::abs_prior_move_30m_pct_le_0.4942::top1,single+top1,29,1.0,5,1,17.24,4.07,3.45,14.29,20.0,27.27,11.11,128.74,140.95
L2::S::abs_prior_move_30m_pct_le_0.4942::top2,single+top2,58,2.0,10,3,17.24,8.13,5.17,14.29,20.0,16.67,17.65,118.5,121.01
L2::S::abs_prior_move_60m_pct_ge_0.1695,single,835,28.793,95,115,11.38,77.24,13.77,13.06,9.66,12.13,10.67,90.68,82.85
L2::S::abs_prior_move_60m_pct_ge_0.1695::top1,single+top1,29,1.0,5,2,17.24,4.07,6.9,7.14,26.67,14.29,20.0,103.0,56.98
L2::S::abs_prior_move_60m_pct_ge_0.1695::top2,single+top2,58,2.0,7,5,12.07,5.69,8.62,7.14,16.67,13.79,10.34,100.5,56.98
L2::S::abs_prior_move_60m_pct_le_0.1695,single,209,7.207,28,24,13.4,22.76,11.48,14.12,12.9,13.33,13.46,115.88,113.35
L2::S::abs_prior_move_60m_pct_le_0.1695::top1,single+top1,29,1.0,4,2,13.79,3.25,6.9,14.29,13.33,16.67,11.76,149.09,165.27
L2::S::abs_prior_move_60m_pct_le_0.1695::top2,single+top2,58,2.0,10,7,17.24,8.13,12.07,21.43,13.33,14.29,20.0,114.8,121.01
L2::S::abs_prior_move_60m_pct_ge_0.3302,single,627,21.621,59,93,9.41,47.97,14.83,12.28,6.14,10.37,8.54,80.26,81.0
L2::S::abs_prior_move_60m_pct_ge_0.3302::top1,single+top1,29,1.0,1,3,3.45,0.81,10.34,7.14,0.0,5.88,0.0,11.93,11.93
L2::S::abs_prior_move_60m_pct_ge_0.3302::top2,single+top2,58,2.0,2,6,3.45,1.63,10.34,3.57,3.33,6.25,0.0,52.28,52.28
L2::S::abs_prior_move_60m_pct_le_0.3302,single,417,14.379,64,47,15.35,52.03,11.27,15.12,15.51,15.24,15.46,111.3,110.22
L2::S::abs_prior_move_60m_pct_le_0.3302::top1,single+top1,29,1.0,8,0,27.59,6.5,0.0,28.57,26.67,33.33,23.53,91.6,58.93
L2::S::abs_prior_move_60m_pct_le_0.3302::top2,single+top2,58,2.0,16,2,27.59,13.01,3.45,25.0,30.0,28.57,26.67,93.97,62.38
L2::S::abs_prior_move_60m_pct_ge_0.4902,single,418,14.414,40,67,9.57,32.52,16.03,12.17,6.38,8.76,10.27,75.97,72.25
L2::S::abs_prior_move_60m_pct_ge_0.4902::top1,single+top1,28,0.966,1,3,3.57,0.81,10.71,7.14,0.0,5.88,0.0,47.12,47.12
L2::S::abs_prior_move_60m_pct_ge_0.4902::top2,single+top2,56,1.931,3,6,5.36,2.44,10.71,7.14,3.57,7.69,3.33,48.21,47.12
L2::S::abs_prior_move_60m_pct_le_0.4902,single,626,21.586,84,72,13.42,68.29,11.5,14.13,12.86,14.65,12.18,107.66,99.03
L2::S::abs_prior_move_60m_pct_le_0.4902::top1,single+top1,29,1.0,7,0,24.14,5.69,0.0,28.57,20.0,27.27,22.22,103.51,60.88
L2::S::abs_prior_move_60m_pct_le_0.4902::top2,single+top2,58,2.0,13,3,22.41,10.57,5.17,21.43,23.33,20.0,24.24,111.19,101.07
L2::S::abs_prior_move_60m_pct_ge_0.7694,single,210,7.241,15,34,7.14,12.2,16.19,8.0,5.88,6.52,7.63,42.71,38.08
L2::S::abs_prior_move_60m_pct_ge_0.7694::top1,single+top1,23,0.793,1,3,4.35,0.81,13.04,0.0,8.33,0.0,6.67,53.18,53.18
L2::S::abs_prior_move_60m_pct_ge_0.7694::top2,single+top2,45,1.552,2,6,4.44,1.63,13.33,4.55,4.35,0.0,6.67,47.25,47.25
L2::S::abs_prior_move_60m_pct_le_0.7694,single,834,28.759,108,105,12.95,87.8,12.59,14.92,11.28,13.67,12.23,103.87,94.81
L2::S::abs_prior_move_60m_pct_le_0.7694::top1,single+top1,29,1.0,5,1,17.24,4.07,3.45,14.29,20.0,27.27,11.11,123.06,140.95
L2::S::abs_prior_move_60m_pct_le_0.7694::top2,single+top2,58,2.0,12,4,20.69,9.76,6.9,17.86,23.33,20.83,20.59,115.13,121.01
L2::S::abs_prior_move_180m_pct_ge_0.2374,single,835,28.793,86,113,10.3,69.92,13.53,12.29,8.25,10.1,10.49,90.5,81.41
L2::S::abs_prior_move_180m_pct_ge_0.2374::top1,single+top1,29,1.0,3,3,10.34,2.44,10.34,7.14,13.33,14.29,6.67,89.03,51.23
L2::S::abs_prior_move_180m_pct_ge_0.2374::top2,single+top2,58,2.0,4,5,6.9,3.25,8.62,3.57,10.0,10.34,3.45,110.91,113.89
L2::S::abs_prior_move_180m_pct_le_0.2374,single,209,7.207,37,26,17.7,30.08,12.44,18.07,17.46,21.57,14.02,110.15,101.07
L2::S::abs_prior_move_180m_pct_le_0.2374::top1,single+top1,28,0.966,6,2,21.43,4.88,7.14,23.08,20.0,27.27,17.65,125.73,121.01
L2::S::abs_prior_move_180m_pct_le_0.2374::top2,single+top2,55,1.897,14,5,25.45,11.38,9.09,24.0,26.67,25.81,25.0,116.67,101.03
L2::S::abs_prior_move_180m_pct_ge_0.4995,single,627,21.621,57,95,9.09,46.34,15.15,11.14,6.78,9.62,8.57,87.98,81.0
L2::S::abs_prior_move_180m_pct_ge_0.4995::top1,single+top1,29,1.0,1,4,3.45,0.81,13.79,0.0,6.67,0.0,7.14,17.9,17.9
L2::S::abs_prior_move_180m_pct_ge_0.4995::top2,single+top2,58,2.0,4,6,6.9,3.25,10.34,3.57,10.0,3.03,12.0,115.78,112.04
L2::S::abs_prior_move_180m_pct_le_0.4995,single,418,14.414,66,44,15.79,53.66,10.53,17.24,14.75,16.67,15.0,103.69,98.98
L2::S::abs_prior_move_180m_pct_le_0.4995::top1,single+top1,29,1.0,8,1,27.59,6.5,3.45,35.71,20.0,40.0,21.05,103.2,80.97
L2::S::abs_prior_move_180m_pct_le_0.4995::top2,single+top2,57,1.966,15,3,26.32,12.2,5.26,25.93,26.67,32.0,21.88,106.89,92.63
L2::S::abs_prior_move_180m_pct_ge_0.7966,single,418,14.414,30,70,7.18,24.39,16.75,9.78,4.15,6.8,7.55,61.16,44.72
L2::S::abs_prior_move_180m_pct_ge_0.7966::top1,single+top1,29,1.0,1,3,3.45,0.81,10.34,7.14,0.0,4.76,0.0,19.25,19.25
L2::S::abs_prior_move_180m_pct_ge_0.7966::top2,single+top2,56,1.931,2,5,3.57,1.63,8.93,7.69,0.0,3.12,4.17,20.52,20.52
L2::S::abs_prior_move_180m_pct_le_0.7966,single,627,21.621,93,69,14.83,75.61,11.0,16.01,13.87,16.23,13.54,107.78,97.55
L2::S::abs_prior_move_180m_pct_le_0.7966::top1,single+top1,29,1.0,5,3,17.24,4.07,10.34,14.29,20.0,33.33,10.0,123.06,140.95
L2::S::abs_prior_move_180m_pct_le_0.7966::top2,single+top2,58,2.0,10,5,17.24,8.13,8.62,14.29,20.0,20.83,14.71,118.41,121.01
L2::S::abs_prior_move_180m_pct_ge_1.2998,single,210,7.241,15,29,7.14,12.2,13.81,7.87,6.02,6.9,7.32,71.46,63.5
L2::S::abs_prior_move_180m_pct_ge_1.2998::top1,single+top1,22,0.759,1,1,4.55,0.81,4.55,8.33,0.0,0.0,7.14,132.32,132.32
L2::S::abs_prior_move_180m_pct_ge_1.2998::top2,single+top2,44,1.517,2,1,4.55,1.63,2.27,8.33,0.0,0.0,6.67,132.32,132.32
L2::S::abs_prior_move_180m_pct_le_1.2998,single,835,28.793,108,110,12.93,87.8,13.17,14.96,11.23,13.48,12.38,99.88,87.67
L2::S::abs_prior_move_180m_pct_le_1.2998::top1,single+top1,29,1.0,5,1,17.24,4.07,3.45,14.29,20.0,27.27,11.11,123.06,140.95
L2::S::abs_prior_move_180m_pct_le_1.2998::top2,single+top2,58,2.0,10,3,17.24,8.13,5.17,14.29,20.0,20.0,15.15,118.41,121.01
L2::S::local_range_15m_pct_ge_0.2534,single,835,28.793,94,115,11.26,76.42,13.77,14.05,8.43,12.35,10.23,91.16,81.0
L2::S::local_range_15m_pct_ge_0.2534::top1,single+top1,29,1.0,3,2,10.34,2.44,6.9,14.29,6.67,25.0,0.0,109.62,101.07
L2::S::local_range_15m_pct_ge_0.2534::top2,single+top2,58,2.0,7,4,12.07,5.69,6.9,14.29,10.0,14.29,10.0,90.36,60.88
L2::S::local_range_15m_pct_le_0.2534,single,210,7.241,29,24,13.81,23.58,11.43,9.2,17.07,12.38,15.24,113.43,119.13
L2::S::local_range_15m_pct_le_0.2534::top1,single+top1,29,1.0,5,3,17.24,4.07,10.34,7.14,26.67,12.5,19.05,145.52,149.15
L2::S::local_range_15m_pct_le_0.2534::top2,single+top2,56,1.931,10,4,17.86,8.13,7.14,7.69,26.67,17.39,18.18,113.4,116.79
L2::S::local_range_15m_pct_ge_0.3375,single,627,21.621,65,82,10.37,52.85,13.08,12.72,7.47,10.96,9.85,77.96,60.88
L2::S::local_range_15m_pct_ge_0.3375::top1,single+top1,29,1.0,2,2,6.9,1.63,6.9,7.14,6.67,13.33,0.0,29.73,29.73
L2::S::local_range_15m_pct_ge_0.3375::top2,single+top2,58,2.0,5,3,8.62,4.07,5.17,14.29,3.33,10.0,7.14,48.08,51.23
L2::S::local_range_15m_pct_le_0.3375,single,417,14.379,58,57,13.91,47.15,13.67,14.38,13.62,14.29,13.5,117.1,120.74
L2::S::local_range_15m_pct_le_0.3375::top1,single+top1,29,1.0,7,1,24.14,5.69,3.45,14.29,33.33,25.0,23.53,116.95,140.95
L2::S::local_range_15m_pct_le_0.3375::top2,single+top2,58,2.0,16,4,27.59,13.01,6.9,21.43,33.33,27.59,27.59,124.95,141.09
L2::S::local_range_15m_pct_ge_0.4213,single,419,14.448,36,58,8.59,29.27,13.84,9.36,7.61,11.11,6.52,73.32,60.69
L2::S::local_range_15m_pct_ge_0.4213::top1,single+top1,28,0.966,2,2,7.14,1.63,7.14,7.14,7.14,13.33,0.0,29.73,29.73
L2::S::local_range_15m_pct_ge_0.4213::top2,single+top2,55,1.897,6,4,10.91,4.88,7.27,10.71,11.11,14.81,7.14,64.56,49.8
L2::S::local_range_15m_pct_le_0.4213,single,626,21.586,87,81,13.9,70.73,12.94,16.48,11.9,13.17,14.66,105.97,101.07
L2::S::local_range_15m_pct_le_0.4213::top1,single+top1,29,1.0,5,0,17.24,4.07,0.0,14.29,20.0,16.67,17.65,124.99,140.95
L2::S::local_range_15m_pct_le_0.4213::top2,single+top2,58,2.0,10,4,17.24,8.13,6.9,14.29,20.0,14.29,20.0,119.67,121.01
L2::S::local_range_15m_pct_ge_0.5664,single,210,7.241,14,32,6.67,11.38,15.24,7.75,4.94,9.47,4.35,78.27,61.45
L2::S::local_range_15m_pct_ge_0.5664::top1,single+top1,24,0.828,2,3,8.33,1.63,12.5,8.33,8.33,15.38,0.0,109.02,109.02
L2::S::local_range_15m_pct_ge_0.5664::top2,single+top2,48,1.655,5,6,10.42,4.07,12.5,12.5,8.33,18.18,3.85,97.39,71.68
L2::S::local_range_15m_pct_le_0.5664,single,834,28.759,109,107,13.07,88.62,12.83,15.12,11.38,13.08,13.06,98.74,87.97
L2::S::local_range_15m_pct_le_0.5664::top1,single+top1,29,1.0,4,1,13.79,3.25,3.45,7.14,20.0,20.0,10.53,141.02,158.75
L2::S::local_range_15m_pct_le_0.5664::top2,single+top2,58,2.0,10,3,17.24,8.13,5.17,14.29,20.0,19.23,15.62,115.21,121.01
L2::S::local_range_30m_pct_ge_0.3769,single,835,28.793,92,121,11.02,74.8,14.49,12.53,9.47,12.16,9.95,87.55,67.59
L2::S::local_range_30m_pct_ge_0.3769::top1,single+top1,29,1.0,5,1,17.24,4.07,3.45,14.29,20.0,27.27,11.11,115.35,101.07
L2::S::local_range_30m_pct_ge_0.3769::top2,single+top2,58,2.0,8,4,13.79,6.5,6.9,10.71,16.67,17.24,10.34,97.89,79.02
L2::S::local_range_30m_pct_le_0.3769,single,209,7.207,31,18,14.83,25.2,8.61,16.87,13.49,13.21,16.5,122.71,119.13
L2::S::local_range_30m_pct_le_0.3769::top1,single+top1,29,1.0,7,2,24.14,5.69,6.9,28.57,20.0,30.77,18.75,132.54,140.95
L2::S::local_range_30m_pct_le_0.3769::top2,single+top2,54,1.862,16,2,29.63,13.01,3.7,33.33,26.67,28.57,30.77,115.25,87.97
L2::S::local_range_30m_pct_ge_0.5118,single,627,21.621,64,94,10.21,52.03,14.99,12.14,7.83,12.08,8.51,86.4,74.31
L2::S::local_range_30m_pct_ge_0.5118::top1,single+top1,29,1.0,3,3,10.34,2.44,10.34,14.29,6.67,20.0,0.0,109.62,101.07
L2::S::local_range_30m_pct_ge_0.5118::top2,single+top2,58,2.0,6,6,10.34,4.88,10.34,14.29,6.67,12.5,7.69,105.8,91.03
L2::S::local_range_30m_pct_le_0.5118,single,417,14.379,59,45,14.15,47.97,10.79,15.53,13.28,12.86,15.46,107.27,104.83
L2::S::local_range_30m_pct_le_0.5118::top1,single+top1,29,1.0,5,1,17.24,4.07,3.45,14.29,20.0,20.0,15.79,130.67,140.95
L2::S::local_range_30m_pct_le_0.5118::top2,single+top2,58,2.0,9,4,15.52,7.32,6.9,10.71,20.0,10.34,20.69,126.41,140.95
L2::S::local_range_30m_pct_ge_0.6707,single,418,14.414,36,61,8.61,29.27,14.59,9.92,6.82,10.4,6.94,90.69,76.34
L2::S::local_range_30m_pct_ge_0.6707::top1,single+top1,27,0.931,2,2,7.41,1.63,7.41,7.14,7.69,12.5,0.0,109.02,109.02
L2::S::local_range_30m_pct_ge_0.6707::top2,single+top2,52,1.793,6,3,11.54,4.88,5.77,15.38,7.69,16.67,4.55,67.75,61.45
L2::S::local_range_30m_pct_le_0.6707,single,626,21.586,87,78,13.9,70.73,12.46,16.23,12.19,13.73,14.06,98.78,88.15
L2::S::local_range_30m_pct_le_0.6707::top1,single+top1,29,1.0,5,2,17.24,4.07,6.9,14.29,20.0,20.0,15.79,124.99,140.95
L2::S::local_range_30m_pct_le_0.6707::top2,single+top2,58,2.0,12,5,20.69,9.76,8.62,14.29,26.67,20.83,20.59,115.62,121.01
L2::S::local_range_30m_pct_ge_0.8987,single,210,7.241,11,28,5.24,8.94,13.33,6.15,3.75,5.21,5.26,53.51,41.32
L2::S::local_range_30m_pct_ge_0.8987::top1,single+top1,25,0.862,1,1,4.0,0.81,4.0,0.0,7.69,0.0,7.14,53.18,53.18
L2::S::local_range_30m_pct_ge_0.8987::top2,single+top2,47,1.621,2,2,4.26,1.63,4.26,4.17,4.35,4.35,4.17,62.43,62.43
L2::S::local_range_30m_pct_le_0.8987,single,834,28.759,112,111,13.43,91.06,13.31,15.69,11.57,14.04,12.83,100.63,87.97
L2::S::local_range_30m_pct_le_0.8987::top1,single+top1,29,1.0,5,1,17.24,4.07,3.45,14.29,20.0,27.27,11.11,123.06,140.95
L2::S::local_range_30m_pct_le_0.8987::top2,single+top2,58,2.0,10,4,17.24,8.13,6.9,14.29,20.0,20.0,15.15,118.41,121.01
L2::S::local_range_60m_pct_ge_0.5504,single,835,28.793,93,116,11.14,75.61,13.89,13.68,8.52,13.05,9.32,97.36,86.42
L2::S::local_range_60m_pct_ge_0.5504::top1,single+top1,29,1.0,3,3,10.34,2.44,10.34,7.14,13.33,14.29,6.67,139.57,176.55
L2::S::local_range_60m_pct_ge_0.5504::top2,single+top2,58,2.0,5,6,8.62,4.07,10.34,7.14,10.0,12.5,3.85,121.44,176.55
L2::S::local_range_60m_pct_le_0.5504,single,209,7.207,30,23,14.35,24.39,11.0,10.98,16.54,9.8,18.69,93.46,84.0
L2::S::local_range_60m_pct_le_0.5504::top1,single+top1,27,0.931,7,2,25.93,5.69,7.41,33.33,20.0,37.5,21.05,120.34,101.07
L2::S::local_range_60m_pct_le_0.5504::top2,single+top2,53,1.828,12,4,22.64,9.76,7.55,26.09,20.0,19.23,25.93,94.53,87.97
L2::S::local_range_60m_pct_ge_0.7506,single,627,21.621,59,96,9.41,47.97,15.31,11.95,6.34,10.86,8.05,85.43,81.0
L2::S::local_range_60m_pct_ge_0.7506::top1,single+top1,28,0.966,0,4,0.0,0.0,14.29,0.0,0.0,0.0,0.0,,
L2::S::local_range_60m_pct_ge_0.7506::top2,single+top2,55,1.897,1,6,1.82,0.81,10.91,3.7,0.0,3.57,0.0,71.68,71.68
L2::S::local_range_60m_pct_le_0.7506,single,417,14.379,64,43,15.35,52.03,10.31,15.85,15.02,14.71,15.96,106.53,102.95
L2::S::local_range_60m_pct_le_0.7506::top1,single+top1,29,1.0,7,1,24.14,5.69,3.45,28.57,20.0,27.27,22.22,103.51,60.88
L2::S::local_range_60m_pct_le_0.7506::top2,single+top2,58,2.0,15,5,25.86,12.2,8.62,25.0,26.67,23.08,28.12,101.44,63.88
L2::S::local_range_60m_pct_ge_0.9821,single,419,14.448,32,67,7.64,26.02,15.99,9.68,4.68,8.87,6.48,82.88,82.33
L2::S::local_range_60m_pct_ge_0.9821::top1,single+top1,28,0.966,0,4,0.0,0.0,14.29,0.0,0.0,0.0,0.0,,
L2::S::local_range_60m_pct_ge_0.9821::top2,single+top2,53,1.828,3,6,5.66,2.44,11.32,3.85,7.41,8.0,3.57,47.13,53.18
L2::S::local_range_60m_pct_le_0.9821,single,626,21.586,91,72,14.54,73.98,11.5,16.54,13.11,14.75,14.33,101.17,92.63
L2::S::local_range_60m_pct_le_0.9821::top1,single+top1,29,1.0,7,1,24.14,5.69,3.45,28.57,20.0,30.0,21.05,103.51,60.88
L2::S::local_range_60m_pct_le_0.9821::top2,single+top2,58,2.0,13,4,22.41,10.57,6.9,21.43,23.33,20.83,23.53,111.19,101.07
L2::S::local_range_60m_pct_ge_1.3004,single,210,7.241,17,31,8.1,13.82,14.76,9.85,5.13,10.42,6.14,67.0,76.95
L2::S::local_range_60m_pct_ge_1.3004::top1,single+top1,25,0.862,1,3,4.0,0.81,12.0,0.0,7.69,0.0,5.56,53.18,53.18
L2::S::local_range_60m_pct_ge_1.3004::top2,single+top2,48,1.655,2,6,4.17,1.63,12.5,4.17,4.17,5.88,3.23,70.98,70.98
L2::S::local_range_60m_pct_le_1.3004,single,834,28.759,106,108,12.71,86.18,12.95,14.4,11.33,12.86,12.56,101.13,87.97
L2::S::local_range_60m_pct_le_1.3004::top1,single+top1,29,1.0,5,1,17.24,4.07,3.45,14.29,20.0,27.27,11.11,123.06,140.95
L2::S::local_range_60m_pct_le_1.3004::top2,single+top2,58,2.0,10,4,17.24,8.13,6.9,14.29,20.0,20.0,15.15,118.41,121.01
L2::S::local_range_180m_pct_ge_0.8592,single,836,28.828,82,122,9.81,66.67,14.59,11.3,8.33,11.27,8.41,100.27,88.47
L2::S::local_range_180m_pct_ge_0.8592::top1,single+top1,29,1.0,0,3,0.0,0.0,10.34,0.0,0.0,0.0,0.0,,
L2::S::local_range_180m_pct_ge_0.8592::top2,single+top2,58,2.0,2,5,3.45,1.63,8.62,3.57,3.33,3.85,3.12,59.48,59.48
L2::S::local_range_180m_pct_le_0.8592,single,211,7.276,41,17,19.43,33.33,8.06,22.22,17.36,16.5,22.22,88.7,62.63
L2::S::local_range_180m_pct_le_0.8592::top1,single+top1,28,0.966,10,0,35.71,8.13,0.0,38.46,33.33,41.67,31.25,86.23,58.93
L2::S::local_range_180m_pct_le_0.8592::top2,single+top2,55,1.897,18,3,32.73,14.63,5.45,32.0,33.33,26.92,37.93,84.68,61.76
L2::S::local_range_180m_pct_ge_1.1989,single,627,21.621,57,97,9.09,46.34,15.47,10.61,7.41,10.46,7.79,88.92,82.85
L2::S::local_range_180m_pct_ge_1.1989::top1,single+top1,29,1.0,1,3,3.45,0.81,10.34,0.0,6.67,0.0,7.14,221.12,221.12
L2::S::local_range_180m_pct_ge_1.1989::top2,single+top2,58,2.0,3,4,5.17,2.44,6.9,7.14,3.33,6.9,3.45,166.33,206.2
L2::S::local_range_180m_pct_le_1.1989,single,417,14.379,66,43,15.83,53.66,10.31,18.18,14.11,15.27,16.36,102.89,90.3
L2::S::local_range_180m_pct_le_1.1989::top1,single+top1,29,1.0,8,2,27.59,6.5,6.9,35.71,20.0,30.0,26.32,101.57,74.42
L2::S::local_range_180m_pct_le_1.1989::top2,single+top2,58,2.0,16,5,27.59,13.01,8.62,28.57,26.67,29.17,26.47,106.5,87.97
L2::S::local_range_180m_pct_ge_1.5858,single,421,14.517,25,70,5.94,20.33,16.63,6.9,4.76,4.5,7.24,76.43,63.5
L2::S::local_range_180m_pct_ge_1.5858::top1,single+top1,25,0.862,0,2,0.0,0.0,8.0,0.0,0.0,0.0,0.0,,
L2::S::local_range_180m_pct_ge_1.5858::top2,single+top2,49,1.69,2,5,4.08,1.63,10.2,4.17,4.0,0.0,6.25,140.74,140.74
L2::S::local_range_180m_pct_le_1.5858,single,628,21.655,98,73,15.61,79.67,11.62,18.61,13.28,17.31,13.92,101.51,88.06
L2::S::local_range_180m_pct_le_1.5858::top1,single+top1,29,1.0,5,2,17.24,4.07,6.9,14.29,20.0,33.33,10.0,123.06,140.95
L2::S::local_range_180m_pct_le_1.5858::top2,single+top2,58,2.0,11,5,18.97,8.94,8.62,17.86,20.0,21.74,17.14,112.04,101.07
L2::S::local_range_180m_pct_ge_2.1449,single,210,7.241,14,30,6.67,11.38,14.29,7.09,5.8,4.76,8.57,104.4,104.86
L2::S::local_range_180m_pct_ge_2.1449::top1,single+top1,20,0.69,1,2,5.0,0.81,10.0,9.09,0.0,0.0,12.5,132.32,132.32
L2::S::local_range_180m_pct_ge_2.1449::top2,single+top2,39,1.345,2,4,5.13,1.63,10.26,9.09,0.0,0.0,11.11,132.32,132.32
L2::S::local_range_180m_pct_le_2.1449,single,835,28.793,109,109,13.05,88.62,13.05,15.62,11.06,14.32,11.86,95.39,85.95
L2::S::local_range_180m_pct_le_2.1449::top1,single+top1,29,1.0,5,1,17.24,4.07,3.45,14.29,20.0,27.27,11.11,123.06,140.95
L2::S::local_range_180m_pct_le_2.1449::top2,single+top2,58,2.0,10,4,17.24,8.13,6.9,14.29,20.0,20.0,15.15,118.41,121.01
L2::S::local_realized_vol_15m_ge_0.0004,single,836,28.828,100,125,11.96,81.3,14.95,13.59,10.2,13.12,10.88,92.71,82.33
L2::S::local_realized_vol_15m_ge_0.0004::top1,single+top1,29,1.0,4,2,13.79,3.25,6.9,21.43,6.67,28.57,0.0,117.45,121.01
L2::S::local_realized_vol_15m_ge_0.0004::top2,single+top2,58,2.0,6,5,10.34,4.88,8.62,14.29,6.67,15.15,4.0,117.87,121.01
L2::S::local_realized_vol_15m_le_0.0004,single,211,7.276,23,15,10.9,18.7,7.11,10.81,10.95,9.26,12.62,112.51,111.33
L2::S::local_realized_vol_15m_le_0.0004::top1,single+top1,22,0.759,4,1,18.18,3.25,4.55,12.5,21.43,16.67,18.75,122.69,123.29
L2::S::local_realized_vol_15m_le_0.0004::top2,single+top2,42,1.448,8,1,19.05,6.5,2.38,14.29,21.43,20.0,18.18,108.1,105.88
L2::S::local_realized_vol_15m_ge_0.0006,single,627,21.621,68,93,10.85,55.28,14.83,13.18,7.91,13.19,8.85,84.65,67.78
L2::S::local_realized_vol_15m_ge_0.0006::top1,single+top1,28,0.966,2,2,7.14,1.63,7.14,7.14,7.14,14.29,0.0,113.89,113.89
L2::S::local_realized_vol_15m_ge_0.0006::top2,single+top2,56,1.931,4,2,7.14,3.25,3.57,7.14,7.14,11.11,3.45,116.3,118.72
L2::S::local_realized_vol_15m_le_0.0006,single,419,14.448,55,46,13.13,44.72,10.98,13.29,13.03,11.36,15.08,110.96,111.33
L2::S::local_realized_vol_15m_le_0.0006::top1,single+top1,28,0.966,5,4,17.86,4.07,14.29,7.69,26.67,14.29,19.05,145.52,149.15
L2::S::local_realized_vol_15m_le_0.0006::top2,single+top2,55,1.897,10,7,18.18,8.13,12.73,16.0,20.0,13.04,21.88,123.04,141.09
L2::S::local_realized_vol_15m_ge_0.0007,single,418,14.414,37,57,8.85,30.08,13.64,11.07,5.75,11.17,6.96,72.81,63.88
L2::S::local_realized_vol_15m_ge_0.0007::top1,single+top1,27,0.931,3,0,11.11,2.44,0.0,7.14,15.38,21.43,0.0,88.13,51.23
L2::S::local_realized_vol_15m_ge_0.0007::top2,single+top2,52,1.793,7,1,13.46,5.69,1.92,11.54,15.38,21.43,4.17,81.41,60.88
L2::S::local_realized_vol_15m_le_0.0007,single,629,21.69,86,84,13.67,69.92,13.35,15.09,12.64,13.12,14.24,106.57,102.95
L2::S::local_realized_vol_15m_le_0.0007::top1,single+top1,29,1.0,5,2,17.24,4.07,6.9,7.14,26.67,20.0,15.79,151.0,176.55
L2::S::local_realized_vol_15m_le_0.0007::top2,single+top2,58,2.0,10,5,17.24,8.13,8.62,10.71,23.33,16.0,18.18,126.95,145.05
L2::S::local_realized_vol_15m_ge_0.0009,single,211,7.276,10,28,4.74,8.13,13.27,6.45,2.3,4.08,5.31,39.1,16.73
L2::S::local_realized_vol_15m_ge_0.0009::top1,single+top1,25,0.862,2,1,8.0,1.63,4.0,7.69,8.33,8.33,7.69,28.46,28.46
L2::S::local_realized_vol_15m_ge_0.0009::top2,single+top2,49,1.69,3,4,6.12,2.44,8.16,8.0,4.17,4.55,7.41,21.81,8.5
L2::S::local_realized_vol_15m_le_0.0009,single,835,28.793,113,111,13.53,91.87,13.29,15.45,11.92,14.36,12.74,101.48,87.97
L2::S::local_realized_vol_15m_le_0.0009::top1,single+top1,29,1.0,4,1,13.79,3.25,3.45,7.14,20.0,20.0,10.53,141.02,158.75
L2::S::local_realized_vol_15m_le_0.0009::top2,single+top2,58,2.0,10,4,17.24,8.13,6.9,14.29,20.0,16.0,18.18,118.12,121.01
L2::S::local_realized_vol_30m_ge_0.0005,single,835,28.793,99,121,11.86,80.49,14.49,13.36,10.22,13.07,10.76,92.13,81.0
L2::S::local_realized_vol_30m_ge_0.0005::top1,single+top1,29,1.0,4,1,13.79,3.25,3.45,14.29,13.33,27.27,5.56,106.43,98.96
L2::S::local_realized_vol_30m_ge_0.0005::top2,single+top2,58,2.0,6,4,10.34,4.88,6.9,10.71,10.0,13.33,7.14,110.52,100.91
L2::S::local_realized_vol_30m_le_0.0005,single,210,7.241,25,18,11.9,20.33,8.57,12.5,11.59,10.0,14.0,114.92,117.75
L2::S::local_realized_vol_30m_le_0.0005::top1,single+top1,23,0.793,3,3,13.04,2.44,13.04,0.0,20.0,11.11,14.29,153.3,189.6
L2::S::local_realized_vol_30m_le_0.0005::top2,single+top2,44,1.517,7,4,15.91,5.69,9.09,13.33,17.24,16.0,15.79,106.59,92.63
L2::S::local_realized_vol_30m_ge_0.0006,single,627,21.621,70,90,11.16,56.91,14.35,13.51,8.24,12.54,9.88,85.0,78.48
L2::S::local_realized_vol_30m_ge_0.0006::top1,single+top1,28,0.966,2,1,7.14,1.63,3.57,7.14,7.14,11.76,0.0,113.89,113.89
L2::S::local_realized_vol_30m_ge_0.0006::top2,single+top2,55,1.897,4,4,7.27,3.25,7.27,7.41,7.14,10.34,3.85,116.3,118.72
L2::S::local_realized_vol_30m_le_0.0006,single,417,14.379,53,49,12.71,43.09,11.75,12.66,12.74,12.14,13.27,111.48,117.58
L2::S::local_realized_vol_30m_le_0.0006::top1,single+top1,28,0.966,5,5,17.86,4.07,17.86,7.69,26.67,16.67,18.18,143.94,141.23
L2::S::local_realized_vol_30m_le_0.0006::top2,single+top2,56,1.931,9,8,16.07,7.32,14.29,11.54,20.0,18.18,14.71,122.3,140.95
L2::S::local_realized_vol_30m_ge_0.0007,single,418,14.414,39,56,9.33,31.71,13.4,11.11,6.86,10.78,7.94,81.41,63.88
L2::S::local_realized_vol_30m_ge_0.0007::top1,single+top1,28,0.966,3,1,10.71,2.44,3.57,7.14,14.29,21.43,0.0,88.13,51.23
L2::S::local_realized_vol_30m_ge_0.0007::top2,single+top2,54,1.862,7,3,12.96,5.69,5.56,11.11,14.81,20.0,4.17,61.53,51.23
L2::S::local_realized_vol_30m_le_0.0007,single,626,21.586,84,83,13.42,68.29,13.26,15.15,12.15,13.44,13.4,103.38,94.81
L2::S::local_realized_vol_30m_le_0.0007::top1,single+top1,29,1.0,5,2,17.24,4.07,6.9,7.14,26.67,20.0,15.79,151.0,176.55
L2::S::local_realized_vol_30m_le_0.0007::top2,single+top2,58,2.0,10,5,17.24,8.13,8.62,10.71,23.33,17.39,17.14,126.95,145.05
L2::S::local_realized_vol_30m_ge_0.0009,single,211,7.276,11,27,5.21,8.94,12.8,6.92,2.47,5.83,4.63,56.73,43.65
L2::S::local_realized_vol_30m_ge_0.0009::top1,single+top1,25,0.862,2,1,8.0,1.63,4.0,8.33,7.69,13.33,0.0,109.02,109.02
L2::S::local_realized_vol_30m_ge_0.0009::top2,single+top2,49,1.69,3,5,6.12,2.44,10.2,4.17,8.0,7.41,4.55,90.4,53.18
L2::S::local_realized_vol_30m_le_0.0009,single,834,28.759,112,112,13.43,91.06,13.43,15.38,11.82,14.07,12.82,100.31,87.97
L2::S::local_realized_vol_30m_le_0.0009::top1,single+top1,29,1.0,4,1,13.79,3.25,3.45,7.14,20.0,20.0,10.53,141.02,158.75
L2::S::local_realized_vol_30m_le_0.0009::top2,single+top2,58,2.0,9,4,15.52,7.32,6.9,10.71,20.0,16.67,14.71,125.87,140.95
L2::S::local_realized_vol_60m_ge_0.0005,single,835,28.793,100,116,11.98,81.3,13.89,13.92,9.98,13.3,10.72,94.0,82.33
L2::S::local_realized_vol_60m_ge_0.0005::top1,single+top1,29,1.0,3,3,10.34,2.44,10.34,14.29,6.67,18.75,0.0,122.91,140.95
L2::S::local_realized_vol_60m_ge_0.0005::top2,single+top2,57,1.966,5,5,8.77,4.07,8.77,10.71,6.9,13.79,3.57,121.23,140.95
L2::S::local_realized_vol_60m_le_0.0005,single,209,7.207,23,24,11.0,18.7,11.48,9.64,11.9,8.82,13.08,106.92,111.33
L2::S::local_realized_vol_60m_le_0.0005::top1,single+top1,22,0.759,3,3,13.64,2.44,13.64,0.0,21.43,0.0,23.08,145.84,189.6
L2::S::local_realized_vol_60m_le_0.0005::top2,single+top2,43,1.483,8,6,18.6,6.5,13.95,12.5,22.22,13.64,23.81,114.7,96.85
L2::S::local_realized_vol_60m_ge_0.0006,single,627,21.621,70,89,11.16,56.91,14.19,13.26,8.57,12.62,9.75,82.98,70.42
L2::S::local_realized_vol_60m_ge_0.0006::top1,single+top1,27,0.931,2,2,7.41,1.63,7.41,7.69,7.14,15.38,0.0,113.89,113.89
L2::S::local_realized_vol_60m_ge_0.0006::top2,single+top2,53,1.828,5,3,9.43,4.07,5.66,7.69,11.11,14.29,4.0,101.35,60.88
L2::S::local_realized_vol_60m_le_0.0006,single,420,14.483,56,50,13.33,45.53,11.9,14.2,12.79,12.5,14.09,111.04,108.08
L2::S::local_realized_vol_60m_le_0.0006::top1,single+top1,28,0.966,4,5,14.29,3.25,17.86,7.69,20.0,14.29,14.29,144.62,165.27
L2::S::local_realized_vol_60m_le_0.0006::top2,single+top2,55,1.897,8,8,14.55,6.5,14.55,12.0,16.67,15.0,14.29,128.66,145.05
L2::S::local_realized_vol_60m_ge_0.0007,single,418,14.414,42,60,10.05,34.15,14.35,12.66,6.63,11.06,9.05,82.45,78.48
L2::S::local_realized_vol_60m_ge_0.0007::top1,single+top1,26,0.897,3,2,11.54,2.44,7.69,8.33,14.29,20.0,0.0,112.06,80.02
L2::S::local_realized_vol_60m_ge_0.0007::top2,single+top2,51,1.759,5,4,9.8,4.07,7.84,8.33,11.11,11.11,8.33,80.55,60.88
L2::S::local_realized_vol_60m_le_0.0007,single,627,21.621,81,80,12.92,65.85,12.76,13.65,12.36,13.25,12.62,103.65,92.63
L2::S::local_realized_vol_60m_le_0.0007::top1,single+top1,29,1.0,5,4,17.24,4.07,13.79,7.14,26.67,22.22,15.0,151.0,176.55
L2::S::local_realized_vol_60m_le_0.0007::top2,single+top2,58,2.0,8,7,13.79,6.5,12.07,7.14,20.0,18.18,11.11,133.99,158.75
L2::S::local_realized_vol_60m_ge_0.0009,single,210,7.241,13,36,6.19,10.57,17.14,7.81,3.66,6.86,5.56,55.84,43.65
L2::S::local_realized_vol_60m_ge_0.0009::top1,single+top1,24,0.828,1,3,4.17,0.81,12.5,8.33,0.0,9.09,0.0,51.23,51.23
L2::S::local_realized_vol_60m_ge_0.0009::top2,single+top2,47,1.621,2,7,4.26,1.63,14.89,8.33,0.0,10.0,0.0,47.44,47.44
L2::S::local_realized_vol_60m_le_0.0009,single,835,28.793,110,103,13.17,89.43,12.34,15.08,11.6,13.79,12.59,101.21,88.06
L2::S::local_realized_vol_60m_le_0.0009::top1,single+top1,29,1.0,4,1,13.79,3.25,3.45,7.14,20.0,20.0,10.53,141.02,158.75
L2::S::local_realized_vol_60m_le_0.0009::top2,single+top2,58,2.0,9,4,15.52,7.32,6.9,10.71,20.0,16.67,14.71,125.87,140.95
L2::S::local_realized_vol_180m_ge_0.0005,single,835,28.793,103,120,12.34,83.74,14.37,14.01,10.63,12.86,11.82,96.75,85.95
L2::S::local_realized_vol_180m_ge_0.0005::top1,single+top1,29,1.0,3,2,10.34,2.44,6.9,14.29,6.67,23.08,0.0,122.91,140.95
L2::S::local_realized_vol_180m_ge_0.0005::top2,single+top2,56,1.931,6,3,10.71,4.88,5.36,10.71,10.71,13.79,7.41,132.85,158.75
L2::S::local_realized_vol_180m_le_0.0005,single,211,7.276,21,19,9.95,17.07,9.0,9.3,10.4,10.2,9.73,97.33,101.07
L2::S::local_realized_vol_180m_le_0.0005::top1,single+top1,17,0.586,4,0,23.53,3.25,0.0,16.67,27.27,20.0,25.0,114.74,106.2
L2::S::local_realized_vol_180m_le_0.0005::top2,single+top2,34,1.172,7,2,20.59,5.69,5.88,8.33,27.27,16.67,22.73,105.87,101.07
L2::S::local_realized_vol_180m_ge_0.0006,single,627,21.621,76,96,12.12,61.79,15.31,12.87,11.23,13.31,10.97,93.39,82.33
L2::S::local_realized_vol_180m_ge_0.0006::top1,single+top1,26,0.897,2,2,7.69,1.63,7.69,8.33,7.14,16.67,0.0,113.89,113.89
L2::S::local_realized_vol_180m_ge_0.0006::top2,single+top2,50,1.724,4,4,8.0,3.25,8.0,8.33,7.69,13.64,3.57,116.3,118.72
L2::S::local_realized_vol_180m_le_0.0006,single,419,14.448,49,43,11.69,39.84,10.26,14.02,10.2,11.39,11.98,101.21,97.55
L2::S::local_realized_vol_180m_le_0.0006::top1,single+top1,27,0.931,4,2,14.81,3.25,7.41,8.33,20.0,12.5,15.79,144.62,165.27
L2::S::local_realized_vol_180m_le_0.0006::top2,single+top2,51,1.759,9,5,17.65,7.32,9.8,19.05,16.67,19.05,16.67,124.57,140.95
L2::S::local_realized_vol_180m_ge_0.0007,single,418,14.414,45,71,10.77,36.59,16.99,11.48,9.77,12.08,9.48,86.96,76.95
L2::S::local_realized_vol_180m_ge_0.0007::top1,single+top1,25,0.862,2,1,8.0,1.63,4.0,8.33,7.69,15.38,0.0,128.08,128.08
L2::S::local_realized_vol_180m_ge_0.0007::top2,single+top2,49,1.69,5,3,10.2,4.07,6.12,8.33,12.0,14.81,4.55,108.03,80.02
L2::S::local_realized_vol_180m_le_0.0007,single,626,21.586,78,69,12.46,63.41,11.02,14.83,10.74,12.58,12.35,101.86,90.7
L2::S::local_realized_vol_180m_le_0.0007::top1,single+top1,29,1.0,5,3,17.24,4.07,10.34,7.14,26.67,20.0,15.79,151.0,176.55
L2::S::local_realized_vol_180m_le_0.0007::top2,single+top2,58,2.0,9,6,15.52,7.32,10.34,10.71,20.0,18.18,13.89,124.48,140.95
L2::S::local_realized_vol_180m_ge_0.0009,single,211,7.276,11,37,5.21,8.94,17.54,6.47,2.78,5.88,4.59,49.03,34.57
L2::S::local_realized_vol_180m_ge_0.0009::top1,single+top1,23,0.793,1,1,4.35,0.81,4.35,9.09,0.0,7.69,0.0,51.23,51.23
L2::S::local_realized_vol_180m_ge_0.0009::top2,single+top2,44,1.517,2,3,4.55,1.63,6.82,9.09,0.0,4.35,4.76,42.9,42.9
L2::S::local_realized_vol_180m_le_0.0009,single,834,28.759,112,102,13.43,91.06,12.23,15.72,11.61,14.04,12.85,101.07,88.06
L2::S::local_realized_vol_180m_le_0.0009::top1,single+top1,29,1.0,4,3,13.79,3.25,10.34,7.14,20.0,22.22,10.0,141.02,158.75
L2::S::local_realized_vol_180m_le_0.0009::top2,single+top2,58,2.0,9,6,15.52,7.32,10.34,10.71,20.0,17.39,14.29,125.87,140.95
L2::S::dist_to_recent_swing_high_pct_ge_0.2294,single,835,28.793,85,113,10.18,69.11,13.53,12.17,8.25,11.25,9.23,100.05,92.63
L2::S::dist_to_recent_swing_high_pct_ge_0.2294::top1,single+top1,29,1.0,4,2,13.79,3.25,6.9,7.14,20.0,25.0,5.88,127.84,134.59
L2::S::dist_to_recent_swing_high_pct_ge_0.2294::top2,single+top2,58,2.0,7,4,12.07,5.69,6.9,7.14,16.67,20.0,6.06,134.02,149.15
L2::S::dist_to_recent_swing_high_pct_le_0.2294,single,209,7.207,38,26,18.18,30.89,12.44,17.71,18.58,16.1,20.88,88.28,61.76
L2::S::dist_to_recent_swing_high_pct_le_0.2294::top1,single+top1,29,1.0,7,2,24.14,5.69,6.9,21.43,26.67,21.43,26.67,106.18,60.88
L2::S::dist_to_recent_swing_high_pct_le_0.2294::top2,single+top2,57,1.966,12,5,21.05,9.76,8.77,22.22,20.0,12.5,32.0,79.04,58.93
L2::S::dist_to_recent_swing_high_pct_ge_0.4616,single,627,21.621,53,79,8.45,43.09,12.6,10.26,6.77,10.55,6.82,112.86,109.12
L2::S::dist_to_recent_swing_high_pct_ge_0.4616::top1,single+top1,29,1.0,3,1,10.34,2.44,3.45,0.0,20.0,20.0,5.26,153.37,176.55
L2::S::dist_to_recent_swing_high_pct_ge_0.4616::top2,single+top2,58,2.0,7,3,12.07,5.69,5.17,7.14,16.67,21.74,5.71,156.15,176.55
L2::S::dist_to_recent_swing_high_pct_le_0.4616,single,417,14.379,70,60,16.79,56.91,14.39,17.56,16.04,14.53,19.67,83.96,59.81
L2::S::dist_to_recent_swing_high_pct_le_0.4616::top1,single+top1,29,1.0,8,2,27.59,6.5,6.9,28.57,26.67,33.33,23.53,99.31,58.93
L2::S::dist_to_recent_swing_high_pct_le_0.4616::top2,single+top2,58,2.0,13,5,22.41,10.57,8.62,21.43,23.33,16.67,28.57,77.16,56.98
L2::S::dist_to_recent_swing_high_pct_ge_0.8445,single,418,14.414,30,52,7.18,24.39,12.44,9.6,5.0,9.64,5.56,98.76,92.46
L2::S::dist_to_recent_swing_high_pct_ge_0.8445::top1,single+top1,27,0.931,0,1,0.0,0.0,3.7,0.0,0.0,0.0,0.0,,
L2::S::dist_to_recent_swing_high_pct_ge_0.8445::top2,single+top2,53,1.828,2,4,3.77,1.63,7.55,3.85,3.7,5.56,2.86,129.69,129.69
L2::S::dist_to_recent_swing_high_pct_le_0.8445,single,626,21.586,94,87,15.02,76.42,13.9,15.86,14.2,13.99,16.25,96.83,86.19
L2::S::dist_to_recent_swing_high_pct_le_0.8445::top1,single+top1,29,1.0,9,2,31.03,7.32,6.9,35.71,26.67,41.67,23.53,96.35,60.88
L2::S::dist_to_recent_swing_high_pct_le_0.8445::top2,single+top2,58,2.0,14,5,24.14,11.38,8.62,25.0,23.33,20.69,27.59,98.03,62.38
L2::S::dist_to_recent_swing_high_pct_ge_1.3224,single,210,7.241,10,24,4.76,8.13,11.43,6.0,3.64,5.41,4.41,85.27,63.5
L2::S::dist_to_recent_swing_high_pct_ge_1.3224::top1,single+top1,24,0.828,0,2,0.0,0.0,8.33,0.0,0.0,0.0,0.0,,
L2::S::dist_to_recent_swing_high_pct_ge_1.3224::top2,single+top2,47,1.621,1,3,2.13,0.81,6.38,4.35,0.0,7.14,0.0,19.25,19.25
L2::S::dist_to_recent_swing_high_pct_le_1.3224,single,834,28.759,113,116,13.55,91.87,13.91,15.02,12.15,13.56,13.53,97.4,87.37
L2::S::dist_to_recent_swing_high_pct_le_1.3224::top1,single+top1,29,1.0,5,1,17.24,4.07,3.45,14.29,20.0,25.0,11.76,123.06,140.95
L2::S::dist_to_recent_swing_high_pct_le_1.3224::top2,single+top2,58,2.0,11,3,18.97,8.94,5.17,17.86,20.0,17.86,20.0,112.04,101.07
L2::S::dist_to_recent_swing_low_pct_ge_0.2045,single,835,28.793,91,124,10.9,73.98,14.85,13.03,8.72,11.21,10.57,90.68,81.0
L2::S::dist_to_recent_swing_low_pct_ge_0.2045::top1,single+top1,29,1.0,4,1,13.79,3.25,3.45,14.29,13.33,18.18,11.11,62.15,54.1
L2::S::dist_to_recent_swing_low_pct_ge_0.2045::top2,single+top2,58,2.0,7,3,12.07,5.69,5.17,14.29,10.0,10.34,13.79,68.02,51.23
L2::S::dist_to_recent_swing_low_pct_le_0.2045,single,209,7.207,32,16,15.31,26.02,7.66,14.29,16.0,18.52,13.28,112.71,118.12
L2::S::dist_to_recent_swing_low_pct_le_0.2045::top1,single+top1,28,0.966,6,2,21.43,4.88,7.14,21.43,21.43,27.27,17.65,110.7,114.46
L2::S::dist_to_recent_swing_low_pct_le_0.2045::top2,single+top2,55,1.897,11,3,20.0,8.94,5.45,18.52,21.43,20.0,20.0,124.41,140.95
L2::S::dist_to_recent_swing_low_pct_ge_0.4255,single,629,21.69,75,102,11.92,60.98,16.22,12.91,10.81,12.64,11.03,91.82,81.82
L2::S::dist_to_recent_swing_low_pct_ge_0.4255::top1,single+top1,29,1.0,4,2,13.79,3.25,6.9,14.29,13.33,7.14,20.0,65.22,60.24
L2::S::dist_to_recent_swing_low_pct_ge_0.4255::top2,single+top2,58,2.0,11,3,18.97,8.94,5.17,21.43,16.67,12.12,28.0,65.09,63.5
L2::S::dist_to_recent_swing_low_pct_le_0.4255,single,417,14.379,48,37,11.51,39.02,8.87,13.64,9.96,11.73,11.37,103.59,101.19
L2::S::dist_to_recent_swing_low_pct_le_0.4255::top1,single+top1,29,1.0,5,1,17.24,4.07,3.45,14.29,20.0,30.77,6.25,113.31,140.95
L2::S::dist_to_recent_swing_low_pct_le_0.4255::top2,single+top2,58,2.0,11,2,18.97,8.94,3.45,17.86,20.0,26.09,14.29,117.02,140.95
L2::S::dist_to_recent_swing_low_pct_ge_0.8233,single,418,14.414,48,78,11.48,39.02,18.66,12.08,10.67,12.81,9.66,88.1,82.33
L2::S::dist_to_recent_swing_low_pct_ge_0.8233::top1,single+top1,28,0.966,2,3,7.14,1.63,10.71,14.29,0.0,10.0,0.0,41.81,41.81
L2::S::dist_to_recent_swing_low_pct_ge_0.8233::top2,single+top2,55,1.897,4,7,7.27,3.25,12.73,11.11,3.57,5.41,11.11,63.64,46.73
L2::S::dist_to_recent_swing_low_pct_le_0.8233,single,626,21.586,75,61,11.98,60.98,9.74,14.29,10.28,11.99,11.98,101.73,88.15
L2::S::dist_to_recent_swing_low_pct_le_0.8233::top1,single+top1,29,1.0,6,0,20.69,4.88,0.0,14.29,26.67,36.36,11.11,103.92,98.96
L2::S::dist_to_recent_swing_low_pct_le_0.8233::top2,single+top2,58,2.0,13,2,22.41,10.57,3.45,17.86,26.67,30.43,17.14,102.56,92.63
L2::S::dist_to_recent_swing_low_pct_ge_1.4109,single,210,7.241,14,43,6.67,11.38,20.48,5.59,8.96,6.72,6.59,55.77,41.09
L2::S::dist_to_recent_swing_low_pct_ge_1.4109::top1,single+top1,22,0.759,0,2,0.0,0.0,9.09,0.0,0.0,0.0,0.0,,
L2::S::dist_to_recent_swing_low_pct_ge_1.4109::top2,single+top2,40,1.379,2,3,5.0,1.63,7.5,4.76,5.26,9.09,0.0,26.1,26.1
L2::S::dist_to_recent_swing_low_pct_le_1.4109,single,834,28.759,110,96,13.19,89.43,11.51,16.48,10.64,14.36,12.16,100.81,87.97
L2::S::dist_to_recent_swing_low_pct_le_1.4109::top1,single+top1,29,1.0,5,1,17.24,4.07,3.45,14.29,20.0,33.33,10.0,123.06,140.95
L2::S::dist_to_recent_swing_low_pct_le_1.4109::top2,single+top2,58,2.0,11,3,18.97,8.94,5.17,17.86,20.0,23.81,16.22,112.04,101.07
L2::S::dist_to_4h_mean_pct_ge_-0.5557,single,835,28.793,115,122,13.77,93.5,14.61,14.84,12.74,13.83,13.71,96.14,86.42
L2::S::dist_to_4h_mean_pct_ge_-0.5557::top1,single+top1,29,1.0,6,1,20.69,4.88,3.45,21.43,20.0,25.0,17.65,112.7,100.91
L2::S::dist_to_4h_mean_pct_ge_-0.5557::top2,single+top2,58,2.0,12,3,20.69,9.76,5.17,21.43,20.0,17.86,23.33,108.03,82.47
L2::S::dist_to_4h_mean_pct_le_-0.5557,single,209,7.207,8,18,3.83,6.5,8.61,6.25,1.77,2.99,4.23,100.39,97.91
L2::S::dist_to_4h_mean_pct_le_-0.5557::top1,single+top1,27,0.931,0,1,0.0,0.0,3.7,0.0,0.0,0.0,0.0,,
L2::S::dist_to_4h_mean_pct_le_-0.5557::top2,single+top2,50,1.724,1,4,2.0,0.81,8.0,4.17,0.0,8.33,0.0,19.25,19.25
L2::S::dist_to_4h_mean_pct_ge_-0.1508,single,627,21.621,92,94,14.67,74.8,14.99,15.53,13.77,14.16,15.3,88.64,78.16
L2::S::dist_to_4h_mean_pct_ge_-0.1508::top1,single+top1,29,1.0,7,1,24.14,5.69,3.45,28.57,20.0,28.57,20.0,115.09,101.07
L2::S::dist_to_4h_mean_pct_ge_-0.1508::top2,single+top2,58,2.0,11,2,18.97,8.94,3.45,25.0,13.33,11.43,30.43,90.16,60.88
L2::S::dist_to_4h_mean_pct_le_-0.1508,single,417,14.379,31,45,7.43,25.2,10.79,9.24,6.01,8.64,6.67,119.48,132.32
L2::S::dist_to_4h_mean_pct_le_-0.1508::top1,single+top1,29,1.0,3,1,10.34,2.44,3.45,0.0,20.0,25.0,4.76,153.37,176.55
L2::S::dist_to_4h_mean_pct_le_-0.1508::top2,single+top2,58,2.0,5,3,8.62,4.07,5.17,3.57,13.33,20.0,2.63,131.18,176.55
L2::S::dist_to_4h_mean_pct_ge_0.1715,single,418,14.414,58,72,13.88,47.15,17.22,14.04,13.68,14.29,13.29,86.27,80.59
L2::S::dist_to_4h_mean_pct_ge_0.1715::top1,single+top1,29,1.0,3,3,10.34,2.44,10.34,14.29,6.67,10.0,11.11,33.84,17.9
L2::S::dist_to_4h_mean_pct_ge_0.1715::top2,single+top2,58,2.0,8,9,13.79,6.5,15.52,14.29,13.33,8.57,21.74,51.3,44.79
L2::S::dist_to_4h_mean_pct_le_0.1715,single,626,21.586,65,67,10.38,52.85,10.7,12.59,8.62,10.61,10.22,105.46,97.55
L2::S::dist_to_4h_mean_pct_le_0.1715::top1,single+top1,29,1.0,5,1,17.24,4.07,3.45,14.29,20.0,30.0,10.53,123.06,140.95
L2::S::dist_to_4h_mean_pct_le_0.1715::top2,single+top2,58,2.0,13,3,22.41,10.57,5.17,17.86,26.67,32.0,15.15,100.32,92.63
L2::S::dist_to_4h_mean_pct_ge_0.5432,single,210,7.241,20,45,9.52,16.26,21.43,9.7,9.21,5.74,14.77,55.26,31.52
L2::S::dist_to_4h_mean_pct_ge_0.5432::top1,single+top1,24,0.828,2,5,8.33,1.63,20.83,8.33,8.33,0.0,25.0,121.45,121.45
L2::S::dist_to_4h_mean_pct_ge_0.5432::top2,single+top2,47,1.621,5,7,10.64,4.07,14.89,12.5,8.7,6.06,21.43,99.6,21.78
L2::S::dist_to_4h_mean_pct_le_0.5432,single,834,28.759,103,94,12.35,83.74,11.27,14.48,10.63,14.47,10.51,104.4,92.63
L2::S::dist_to_4h_mean_pct_le_0.5432::top1,single+top1,29,1.0,5,1,17.24,4.07,3.45,14.29,20.0,27.27,11.11,123.06,140.95
L2::S::dist_to_4h_mean_pct_le_0.5432::top2,single+top2,58,2.0,10,3,17.24,8.13,5.17,14.29,20.0,20.0,15.15,118.41,121.01
L2::S::abs_dist_to_4h_mean_pct_ge_0.1582,single,835,28.793,90,118,10.78,73.17,14.13,12.08,9.5,12.25,9.37,99.27,88.47
L2::S::abs_dist_to_4h_mean_pct_ge_0.1582::top1,single+top1,29,1.0,2,3,6.9,1.63,10.34,0.0,13.33,7.69,6.25,183.74,183.74
L2::S::abs_dist_to_4h_mean_pct_ge_0.1582::top2,single+top2,58,2.0,4,6,6.9,3.25,10.34,0.0,13.33,11.11,3.23,159.17,176.55
L2::S::abs_dist_to_4h_mean_pct_le_0.1582,single,209,7.207,34,21,16.27,27.64,10.05,19.35,13.79,13.86,18.52,92.68,70.42
L2::S::abs_dist_to_4h_mean_pct_le_0.1582::top1,single+top1,29,1.0,7,1,24.14,5.69,3.45,28.57,20.0,28.57,20.0,115.09,101.07
L2::S::abs_dist_to_4h_mean_pct_le_0.1582::top2,single+top2,58,2.0,15,3,25.86,12.2,5.17,28.57,23.33,22.58,29.63,99.91,63.88
L2::S::abs_dist_to_4h_mean_pct_ge_0.3438,single,627,21.621,56,92,8.93,45.53,14.67,10.94,6.84,9.63,8.28,83.34,67.59
L2::S::abs_dist_to_4h_mean_pct_ge_0.3438::top1,single+top1,29,1.0,1,3,3.45,0.81,10.34,7.14,0.0,7.69,0.0,11.93,11.93
L2::S::abs_dist_to_4h_mean_pct_ge_0.3438::top2,single+top2,58,2.0,5,6,8.62,4.07,10.34,10.71,6.67,7.41,9.68,70.24,19.25
L2::S::abs_dist_to_4h_mean_pct_le_0.3438,single,417,14.379,67,47,16.07,54.47,11.27,17.11,15.22,16.35,15.79,107.34,96.98
L2::S::abs_dist_to_4h_mean_pct_le_0.3438::top1,single+top1,29,1.0,7,1,24.14,5.69,3.45,28.57,20.0,28.57,20.0,111.04,101.07
L2::S::abs_dist_to_4h_mean_pct_le_0.3438::top2,single+top2,58,2.0,16,3,27.59,13.01,5.17,28.57,26.67,23.33,32.14,105.9,82.47
L2::S::abs_dist_to_4h_mean_pct_ge_0.5467,single,418,14.414,26,63,6.22,21.14,15.07,7.46,4.74,4.79,7.39,72.74,44.95
L2::S::abs_dist_to_4h_mean_pct_ge_0.5467::top1,single+top1,29,1.0,1,3,3.45,0.81,10.34,0.0,6.67,0.0,7.14,221.12,221.12
L2::S::abs_dist_to_4h_mean_pct_ge_0.5467::top2,single+top2,57,1.966,3,6,5.26,2.44,10.53,7.41,3.33,4.0,6.25,87.38,21.78
L2::S::abs_dist_to_4h_mean_pct_le_0.5467,single,626,21.586,97,76,15.5,78.86,12.14,17.99,13.51,16.82,14.1,102.76,88.78
L2::S::abs_dist_to_4h_mean_pct_le_0.5467::top1,single+top1,29,1.0,6,1,20.69,4.88,3.45,21.43,20.0,25.0,17.65,112.7,100.91
L2::S::abs_dist_to_4h_mean_pct_le_0.5467::top2,single+top2,58,2.0,13,3,22.41,10.57,5.17,21.43,23.33,18.52,25.81,111.19,101.07
L2::S::abs_dist_to_4h_mean_pct_ge_0.8944,single,210,7.241,11,22,5.24,8.94,10.48,5.04,5.49,3.12,7.02,71.87,48.58
L2::S::abs_dist_to_4h_mean_pct_ge_0.8944::top1,single+top1,23,0.793,0,2,0.0,0.0,8.7,0.0,0.0,0.0,0.0,,
L2::S::abs_dist_to_4h_mean_pct_ge_0.8944::top2,single+top2,45,1.552,1,4,2.22,0.81,8.89,4.17,0.0,0.0,3.33,132.32,132.32
L2::S::abs_dist_to_4h_mean_pct_le_0.8944,single,834,28.759,112,117,13.43,91.06,14.03,15.72,11.43,14.53,12.35,98.82,87.67
L2::S::abs_dist_to_4h_mean_pct_le_0.8944::top1,single+top1,29,1.0,5,1,17.24,4.07,3.45,14.29,20.0,27.27,11.11,123.06,140.95
L2::S::abs_dist_to_4h_mean_pct_le_0.8944::top2,single+top2,58,2.0,10,3,17.24,8.13,5.17,14.29,20.0,19.23,15.62,118.41,121.01
L2::S::taker_imb_5m_ge_-0.1777,single,835,28.793,97,114,11.62,78.86,13.65,12.83,10.43,12.33,11.21,93.58,86.42
L2::S::taker_imb_5m_ge_-0.1777::top1,single+top1,29,1.0,4,1,13.79,3.25,3.45,0.0,26.67,12.5,14.29,153.52,183.07
L2::S::taker_imb_5m_ge_-0.1777::top2,single+top2,58,2.0,9,3,15.52,7.32,5.17,10.71,20.0,18.18,13.89,133.12,176.55
L2::S::taker_imb_5m_le_-0.1777,single,209,7.207,26,25,12.44,21.14,11.96,14.89,10.43,12.44,,106.97,89.29
L2::S::taker_imb_5m_le_-0.1777::top1,single+top1,29,1.0,5,4,17.24,4.07,13.79,21.43,13.33,17.24,,82.16,92.63
L2::S::taker_imb_5m_le_-0.1777::top2,single+top2,58,2.0,9,7,15.52,7.32,12.07,17.86,13.33,15.52,,75.18,53.23
L2::S::taker_imb_5m_ge_-0.1034,single,627,21.621,71,85,11.32,57.72,13.56,11.51,11.15,11.96,11.21,90.63,63.88
L2::S::taker_imb_5m_ge_-0.1034::top1,single+top1,29,1.0,3,2,10.34,2.44,6.9,0.0,20.0,0.0,12.0,145.84,189.6
L2::S::taker_imb_5m_ge_-0.1034::top2,single+top2,58,2.0,6,5,10.34,4.88,8.62,3.57,16.67,0.0,12.77,114.48,105.02
L2::S::taker_imb_5m_le_-0.1034,single,418,14.414,52,55,12.44,42.28,13.16,15.76,9.3,12.44,,104.3,96.81
L2::S::taker_imb_5m_le_-0.1034::top1,single+top1,29,1.0,5,4,17.24,4.07,13.79,21.43,13.33,17.24,,94.66,92.63
L2::S::taker_imb_5m_le_-0.1034::top2,single+top2,58,2.0,9,9,15.52,7.32,15.52,17.86,13.33,15.52,,110.0,101.07
L2::S::taker_imb_5m_ge_0.1114,single,418,14.414,45,59,10.77,36.59,14.11,8.65,12.86,,10.77,104.66,88.15
L2::S::taker_imb_5m_ge_0.1114::top1,single+top1,29,1.0,3,1,10.34,2.44,3.45,0.0,20.0,,10.34,173.92,189.6
L2::S::taker_imb_5m_ge_0.1114::top2,single+top2,58,2.0,8,5,13.79,6.5,8.62,7.14,20.0,,13.79,134.71,163.14
L2::S::taker_imb_5m_le_0.1114,single,626,21.586,78,81,12.46,63.41,12.94,16.44,8.84,12.4,12.71,91.66,84.4
L2::S::taker_imb_5m_le_0.1114::top1,single+top1,29,1.0,6,3,20.69,4.88,10.34,14.29,26.67,18.18,28.57,92.94,74.8
L2::S::taker_imb_5m_le_0.1114::top2,single+top2,58,2.0,11,6,18.97,8.94,10.34,17.86,20.0,19.57,16.67,82.55,56.98
L2::S::taker_imb_5m_ge_0.1978,single,210,7.241,22,21,10.48,17.89,10.0,9.18,11.61,,10.48,85.42,81.0
L2::S::taker_imb_5m_ge_0.1978::top1,single+top1,29,1.0,3,2,10.34,2.44,6.9,14.29,6.67,,10.34,80.04,63.88
L2::S::taker_imb_5m_ge_0.1978::top2,single+top2,58,2.0,5,5,8.62,4.07,8.62,10.71,6.67,,8.62,71.84,63.88
L2::S::taker_imb_5m_le_0.1978,single,835,28.793,103,118,12.34,83.74,14.13,14.63,10.12,12.4,12.23,97.56,87.37
L2::S::taker_imb_5m_le_0.1978::top1,single+top1,29,1.0,5,1,17.24,4.07,3.45,14.29,20.0,20.0,14.29,123.06,140.95
L2::S::taker_imb_5m_le_0.1978::top2,single+top2,58,2.0,12,3,20.69,9.76,5.17,17.86,23.33,18.18,24.0,110.42,96.85
L2::S::taker_imb_15m_ge_-0.1285,single,835,28.793,96,112,11.5,78.05,13.41,12.38,10.57,11.53,11.47,91.86,78.16
L2::S::taker_imb_15m_ge_-0.1285::top1,single+top1,29,1.0,6,1,20.69,4.88,3.45,14.29,26.67,30.0,15.79,139.1,165.27
L2::S::taker_imb_15m_ge_-0.1285::top2,single+top2,58,2.0,10,3,17.24,8.13,5.17,14.29,20.0,19.23,15.62,102.35,58.93
L2::S::taker_imb_15m_le_-0.1285,single,209,7.207,27,27,12.92,21.95,12.92,17.95,9.92,14.81,9.46,112.58,101.07
L2::S::taker_imb_15m_le_-0.1285::top1,single+top1,29,1.0,5,1,17.24,4.07,3.45,14.29,20.0,22.73,0.0,84.43,92.63
L2::S::taker_imb_15m_le_-0.1285::top2,single+top2,57,1.966,9,5,15.79,7.32,8.77,7.41,23.33,16.67,13.33,108.34,101.07
L2::S::taker_imb_15m_ge_-0.0383,single,627,21.621,76,79,12.12,61.79,12.6,12.31,11.92,11.37,12.63,91.72,73.69
L2::S::taker_imb_15m_ge_-0.0383::top1,single+top1,29,1.0,7,1,24.14,5.69,3.45,21.43,26.67,33.33,20.0,126.14,140.95
L2::S::taker_imb_15m_ge_-0.0383::top2,single+top2,58,2.0,11,4,18.97,8.94,6.9,17.86,20.0,20.83,17.65,94.91,56.98
L2::S::taker_imb_15m_le_-0.0383,single,418,14.414,47,60,11.24,38.21,14.35,14.75,8.51,13.44,7.88,104.0,92.63
L2::S::taker_imb_15m_le_-0.0383::top1,single+top1,29,1.0,3,4,10.34,2.44,13.79,7.14,13.33,15.0,0.0,123.42,101.07
L2::S::taker_imb_15m_le_-0.0383::top2,single+top2,58,2.0,8,6,13.79,6.5,10.34,10.71,16.67,17.5,5.56,102.44,96.85
L2::S::taker_imb_15m_ge_0.0443,single,420,14.483,57,52,13.57,46.34,12.38,12.44,14.78,12.0,14.44,93.06,63.88
L2::S::taker_imb_15m_ge_0.0443::top1,single+top1,29,1.0,5,1,17.24,4.07,3.45,14.29,20.0,0.0,21.74,104.09,56.98
L2::S::taker_imb_15m_ge_0.0443::top2,single+top2,58,2.0,10,5,17.24,8.13,8.62,14.29,20.0,12.5,19.05,83.98,52.67
L2::S::taker_imb_15m_le_0.0443,single,626,21.586,66,87,10.54,53.66,13.9,13.79,7.74,12.53,7.87,99.3,87.97
L2::S::taker_imb_15m_le_0.0443::top1,single+top1,29,1.0,5,2,17.24,4.07,6.9,21.43,13.33,20.0,11.11,108.47,92.63
L2::S::taker_imb_15m_le_0.0443::top2,single+top2,58,2.0,8,2,13.79,6.5,3.45,17.86,10.0,17.65,8.33,112.62,96.85
L2::S::taker_imb_15m_ge_0.1432,single,210,7.241,30,29,14.29,24.39,13.81,12.62,15.89,14.04,14.38,98.46,75.15
L2::S::taker_imb_15m_ge_0.1432::top1,single+top1,29,1.0,5,1,17.24,4.07,3.45,7.14,26.67,12.5,19.05,91.16,60.88
L2::S::taker_imb_15m_ge_0.1432::top2,single+top2,57,1.966,10,6,17.54,8.13,10.53,7.41,26.67,11.76,20.0,93.72,63.26
L2::S::taker_imb_15m_le_0.1432,single,834,28.759,94,110,11.27,76.42,13.19,13.4,9.28,12.2,10.18,96.8,87.67
L2::S::taker_imb_15m_le_0.1432::top1,single+top1,29,1.0,5,3,17.24,4.07,10.34,14.29,20.0,26.67,7.14,130.19,140.95
L2::S::taker_imb_15m_le_0.1432::top2,single+top2,58,2.0,11,4,18.97,8.94,6.9,17.86,20.0,22.58,14.81,113.8,101.07
L2::S::taker_imb_30m_ge_-0.1186,single,835,28.793,105,114,12.57,85.37,13.65,13.76,11.28,12.38,12.77,95.53,85.95
L2::S::taker_imb_30m_ge_-0.1186::top1,single+top1,29,1.0,5,1,17.24,4.07,3.45,14.29,20.0,27.27,11.11,128.74,140.95
L2::S::taker_imb_30m_ge_-0.1186::top2,single+top2,58,2.0,7,3,12.07,5.69,5.17,10.71,13.33,11.11,12.9,106.27,60.88
L2::S::taker_imb_30m_le_-0.1186,single,209,7.207,18,26,8.61,14.63,12.44,10.0,7.91,12.5,5.31,101.56,95.09
L2::S::taker_imb_30m_le_-0.1186::top1,single+top1,29,1.0,4,4,13.79,3.25,13.79,14.29,13.33,25.0,0.0,97.38,96.85
L2::S::taker_imb_30m_le_-0.1186::top2,single+top2,57,1.966,9,6,15.79,7.32,10.53,11.11,20.0,21.43,10.34,109.72,101.07
L2::S::taker_imb_30m_ge_-0.0275,single,627,21.621,82,88,13.08,66.67,14.04,13.35,12.76,11.75,14.42,84.66,61.76
L2::S::taker_imb_30m_ge_-0.0275::top1,single+top1,29,1.0,6,2,20.69,4.88,6.9,21.43,20.0,27.27,16.67,115.34,98.96
L2::S::taker_imb_30m_ge_-0.0275::top2,single+top2,58,2.0,8,6,13.79,6.5,10.34,14.29,13.33,11.11,16.13,99.03,58.93
L2::S::taker_imb_30m_le_-0.0275,single,417,14.379,41,51,9.83,33.33,12.23,13.02,7.66,13.47,6.7,119.91,114.15
L2::S::taker_imb_30m_le_-0.0275::top1,single+top1,29,1.0,2,4,6.9,1.63,13.79,0.0,13.33,14.29,0.0,134.59,134.59
L2::S::taker_imb_30m_le_-0.0275::top2,single+top2,58,2.0,7,6,12.07,5.69,10.34,3.57,20.0,21.43,3.33,133.74,176.55
L2::S::taker_imb_30m_ge_0.0385,single,418,14.414,54,58,12.92,43.9,13.88,11.85,14.01,10.5,15.14,89.71,62.19
L2::S::taker_imb_30m_ge_0.0385::top1,single+top1,29,1.0,4,3,13.79,3.25,10.34,14.29,13.33,0.0,25.0,88.96,58.93
L2::S::taker_imb_30m_ge_0.0385::top2,single+top2,58,2.0,10,5,17.24,8.13,8.62,17.86,16.67,7.14,26.67,85.58,58.93
L2::S::taker_imb_30m_le_0.0385,single,626,21.586,69,81,11.02,56.1,12.94,14.19,8.18,13.59,8.52,101.66,88.78
L2::S::taker_imb_30m_le_0.0385::top1,single+top1,29,1.0,4,1,13.79,3.25,3.45,14.29,13.33,22.22,0.0,115.34,116.79
L2::S::taker_imb_30m_le_0.0385::top2,single+top2,58,2.0,7,4,12.07,5.69,6.9,10.71,13.33,19.35,3.7,132.84,140.95
L2::S::taker_imb_30m_ge_0.1277,single,210,7.241,29,36,13.81,23.58,17.14,12.61,15.15,12.09,15.13,85.24,63.5
L2::S::taker_imb_30m_ge_0.1277::top1,single+top1,28,0.966,5,1,17.86,4.07,3.57,15.38,20.0,7.14,28.57,71.5,56.98
L2::S::taker_imb_30m_ge_0.1277::top2,single+top2,56,1.931,9,5,16.07,7.32,8.93,15.38,16.67,8.0,22.58,84.22,60.88
L2::S::taker_imb_30m_le_0.1277,single,834,28.759,94,103,11.27,76.42,12.35,13.38,9.36,12.47,10.07,99.86,88.06
L2::S::taker_imb_30m_le_0.1277::top1,single+top1,29,1.0,5,2,17.24,4.07,6.9,14.29,20.0,28.57,6.67,100.14,92.63
L2::S::taker_imb_30m_le_0.1277::top2,single+top2,58,2.0,8,4,13.79,6.5,6.9,10.71,16.67,21.43,6.67,121.15,121.01
L2::S::taker_imb_60m_ge_-0.1087,single,835,28.793,108,115,12.93,87.8,13.77,14.06,11.72,12.44,13.43,94.16,86.19
L2::S::taker_imb_60m_ge_-0.1087::top1,single+top1,29,1.0,6,1,20.69,4.88,3.45,14.29,26.67,33.33,15.0,139.1,165.27
L2::S::taker_imb_60m_ge_-0.1087::top2,single+top2,58,2.0,10,3,17.24,8.13,5.17,17.86,16.67,16.67,17.65,108.43,80.97
L2::S::taker_imb_60m_le_-0.1087,single,209,7.207,15,24,7.18,12.2,11.48,8.33,6.57,12.09,3.39,112.64,97.55
L2::S::taker_imb_60m_le_-0.1087::top1,single+top1,29,1.0,1,3,3.45,0.81,10.34,0.0,6.67,8.33,0.0,176.55,176.55
L2::S::taker_imb_60m_le_-0.1087::top2,single+top2,56,1.931,7,5,12.5,5.69,8.93,11.54,13.33,23.08,3.33,122.54,175.55
L2::S::taker_imb_60m_ge_-0.0363,single,627,21.621,86,93,13.72,69.92,14.83,14.93,12.33,12.39,15.2,90.75,81.11
L2::S::taker_imb_60m_ge_-0.0363::top1,single+top1,29,1.0,8,2,27.59,6.5,6.9,28.57,26.67,27.27,27.78,117.98,100.91
L2::S::taker_imb_60m_ge_-0.0363::top2,single+top2,58,2.0,12,3,20.69,9.76,5.17,21.43,20.0,17.24,24.14,99.14,62.38
L2::S::taker_imb_60m_le_-0.0363,single,418,14.414,37,46,8.85,30.08,11.0,9.94,8.1,12.36,6.25,109.56,87.97
L2::S::taker_imb_60m_le_-0.0363::top1,single+top1,29,1.0,2,3,6.9,1.63,10.34,0.0,13.33,16.67,0.0,134.59,134.59
L2::S::taker_imb_60m_le_-0.0363::top2,single+top2,58,2.0,6,6,10.34,4.88,10.34,7.14,13.33,23.08,0.0,147.79,176.55
L2::S::taker_imb_60m_ge_0.0336,single,418,14.414,59,60,14.11,47.97,14.35,14.35,13.85,11.11,17.62,83.3,63.5
L2::S::taker_imb_60m_ge_0.0336::top1,single+top1,29,1.0,5,2,17.24,4.07,6.9,14.29,20.0,7.69,25.0,79.48,56.98
L2::S::taker_imb_60m_ge_0.0336::top2,single+top2,58,2.0,9,5,15.52,7.32,8.62,14.29,16.67,6.45,25.93,94.15,60.88
L2::S::taker_imb_60m_le_0.0336,single,626,21.586,64,79,10.22,52.03,12.62,12.32,8.48,13.38,7.6,108.5,102.95
L2::S::taker_imb_60m_le_0.0336::top1,single+top1,29,1.0,5,2,17.24,4.07,6.9,21.43,13.33,31.25,0.0,112.49,101.07
L2::S::taker_imb_60m_le_0.0336::top2,single+top2,58,2.0,8,6,13.79,6.5,10.34,10.71,16.67,25.0,3.33,117.27,121.01
L2::S::taker_imb_60m_ge_0.114,single,210,7.241,35,28,16.67,28.46,13.33,16.51,16.83,12.04,21.57,78.4,60.88
L2::S::taker_imb_60m_ge_0.114::top1,single+top1,28,0.966,6,3,21.43,4.88,10.71,21.43,21.43,16.67,25.0,92.52,58.93
L2::S::taker_imb_60m_ge_0.114::top2,single+top2,54,1.862,12,4,22.22,9.76,7.41,18.52,25.93,8.33,33.33,77.75,58.93
L2::S::taker_imb_60m_le_0.114,single,834,28.759,88,111,10.55,71.54,13.31,12.31,8.94,12.47,8.78,103.58,88.47
L2::S::taker_imb_60m_le_0.114::top1,single+top1,29,1.0,4,2,13.79,3.25,6.9,14.29,13.33,26.67,0.0,115.34,116.79
L2::S::taker_imb_60m_le_0.114::top2,single+top2,58,2.0,7,7,12.07,5.69,12.07,10.71,13.33,20.69,3.45,132.84,140.95
L2::S::taker_imb_180m_ge_-0.0633,single,835,28.793,103,122,12.34,83.74,14.61,13.38,11.17,12.5,12.18,92.32,82.85
L2::S::taker_imb_180m_ge_-0.0633::top1,single+top1,29,1.0,6,2,20.69,4.88,6.9,14.29,26.67,30.0,15.79,139.1,165.27
L2::S::taker_imb_180m_ge_-0.0633::top2,single+top2,58,2.0,10,4,17.24,8.13,6.9,14.29,20.0,20.0,15.15,107.74,80.97
L2::S::taker_imb_180m_le_-0.0633,single,209,7.207,21,17,10.05,17.07,8.13,13.64,8.39,12.0,8.26,113.54,87.97
L2::S::taker_imb_180m_le_-0.0633::top1,single+top1,27,0.931,4,1,14.81,3.25,3.7,15.38,14.29,25.0,6.67,73.0,53.61
L2::S::taker_imb_180m_le_-0.0633::top2,single+top2,51,1.759,7,2,13.73,5.69,3.92,17.39,10.71,19.05,10.0,91.07,87.97
L2::S::taker_imb_180m_ge_-0.0115,single,628,21.655,83,99,13.22,67.48,15.76,14.08,12.14,12.84,13.62,90.06,82.85
L2::S::taker_imb_180m_ge_-0.0115::top1,single+top1,29,1.0,5,1,17.24,4.07,3.45,7.14,26.67,18.18,16.67,138.73,189.6
L2::S::taker_imb_180m_ge_-0.0115::top2,single+top2,58,2.0,10,3,17.24,8.13,5.17,14.29,20.0,14.81,19.35,98.49,58.93
L2::S::taker_imb_180m_le_-0.0115,single,417,14.379,40,41,9.59,32.52,9.83,11.25,8.56,11.54,8.09,109.59,92.47
L2::S::taker_imb_180m_le_-0.0115::top1,single+top1,29,1.0,4,3,13.79,3.25,10.34,7.14,20.0,28.57,0.0,128.99,158.75
L2::S::taker_imb_180m_le_-0.0115::top2,single+top2,58,2.0,9,4,15.52,7.32,6.9,17.86,13.33,25.0,6.67,128.74,140.95
L2::S::taker_imb_180m_ge_0.0326,single,418,14.414,62,65,14.83,50.41,15.55,17.11,12.11,14.61,15.08,83.49,74.31
L2::S::taker_imb_180m_ge_0.0326::top1,single+top1,27,0.931,6,1,22.22,4.88,3.7,21.43,23.08,9.09,31.25,107.97,80.97
L2::S::taker_imb_180m_ge_0.0326::top2,single+top2,54,1.862,12,2,22.22,9.76,3.7,21.43,23.08,10.71,34.62,95.65,62.38
L2::S::taker_imb_180m_le_0.0326,single,626,21.586,61,74,9.74,49.59,11.82,10.04,9.51,10.69,8.93,109.54,109.12
L2::S::taker_imb_180m_le_0.0326::top1,single+top1,29,1.0,4,3,13.79,3.25,10.34,14.29,13.33,28.57,0.0,115.34,116.79
L2::S::taker_imb_180m_le_0.0326::top2,single+top2,58,2.0,7,5,12.07,5.69,8.62,10.71,13.33,25.93,0.0,109.13,117.75
L2::S::taker_imb_180m_ge_0.0875,single,211,7.276,33,35,15.64,26.83,16.59,16.67,14.68,14.81,16.5,76.05,63.88
L2::S::taker_imb_180m_ge_0.0875::top1,single+top1,26,0.897,5,3,19.23,4.07,11.54,23.08,15.38,15.38,23.08,80.32,60.88
L2::S::taker_imb_180m_ge_0.0875::top2,single+top2,49,1.69,9,4,18.37,7.32,8.16,20.0,16.67,8.33,28.0,57.67,41.55
L2::S::taker_imb_180m_le_0.0875,single,834,28.759,90,104,10.79,73.17,12.47,12.32,9.35,11.75,9.91,103.88,97.27
L2::S::taker_imb_180m_le_0.0875::top1,single+top1,29,1.0,5,1,17.24,4.07,3.45,14.29,20.0,30.77,6.25,103.67,92.63
L2::S::taker_imb_180m_le_0.0875::top2,single+top2,58,2.0,7,5,12.07,5.69,8.62,7.14,16.67,17.86,6.67,126.55,140.95
L2::S::taker_imb_aligned_5m_ge_-0.2673,single,835,28.793,96,121,11.5,78.05,14.49,13.38,9.67,12.1,10.93,98.15,88.38
L2::S::taker_imb_aligned_5m_ge_-0.2673::top1,single+top1,29,1.0,4,1,13.79,3.25,3.45,7.14,20.0,20.0,10.53,141.02,158.75
L2::S::taker_imb_aligned_5m_ge_-0.2673::top2,single+top2,58,2.0,10,3,17.24,8.13,5.17,14.29,20.0,16.0,18.18,116.74,121.01
L2::S::taker_imb_aligned_5m_le_-0.2673,single,209,7.207,27,18,12.92,21.95,8.61,12.5,13.27,13.46,12.38,90.22,80.02
L2::S::taker_imb_aligned_5m_le_-0.2673::top1,single+top1,29,1.0,6,1,20.69,4.88,3.45,28.57,13.33,25.0,15.38,78.75,72.44
L2::S::taker_imb_aligned_5m_le_-0.2673::top2,single+top2,57,1.966,12,1,21.05,9.76,1.75,25.93,16.67,21.21,20.83,96.73,81.0
L2::S::taker_imb_aligned_5m_ge_-0.1868,single,627,21.621,74,91,11.8,60.16,14.51,14.19,9.46,11.67,11.94,97.24,87.97
L2::S::taker_imb_aligned_5m_ge_-0.1868::top1,single+top1,29,1.0,4,1,13.79,3.25,3.45,0.0,26.67,8.33,17.65,153.52,183.07
L2::S::taker_imb_aligned_5m_ge_-0.1868::top2,single+top2,58,2.0,11,4,18.97,8.94,6.9,14.29,23.33,17.24,20.69,117.09,101.07
L2::S::taker_imb_aligned_5m_le_-0.1868,single,418,14.414,49,48,11.72,39.84,11.48,11.73,11.71,13.47,10.22,95.16,82.85
L2::S::taker_imb_aligned_5m_le_-0.1868::top1,single+top1,29,1.0,4,2,13.79,3.25,6.9,21.43,6.67,25.0,5.88,66.07,57.55
L2::S::taker_imb_aligned_5m_le_-0.1868::top2,single+top2,58,2.0,7,3,12.07,5.69,5.17,14.29,10.0,20.0,6.06,89.73,81.0
L2::S::taker_imb_aligned_5m_ge_-0.1356,single,418,14.414,48,58,11.48,39.02,13.88,15.94,7.11,11.47,11.5,83.47,72.66
L2::S::taker_imb_aligned_5m_ge_-0.1356::top1,single+top1,29,1.0,6,2,20.69,4.88,6.9,14.29,26.67,23.08,18.75,126.46,138.81
L2::S::taker_imb_aligned_5m_ge_-0.1356::top2,single+top2,58,2.0,12,3,20.69,9.76,5.17,21.43,20.0,20.0,21.43,90.88,52.67
L2::S::taker_imb_aligned_5m_le_-0.1356,single,626,21.586,75,81,11.98,60.98,12.94,11.33,12.58,13.06,11.04,104.69,88.15
L2::S::taker_imb_aligned_5m_le_-0.1356::top1,single+top1,29,1.0,5,1,17.24,4.07,3.45,21.43,13.33,21.43,13.33,128.61,140.95
L2::S::taker_imb_aligned_5m_le_-0.1356::top2,single+top2,58,2.0,10,3,17.24,8.13,5.17,17.86,16.67,25.93,9.68,114.84,116.79
L2::S::taker_imb_aligned_5m_ge_-0.1074,single,212,7.31,25,29,11.79,20.33,13.68,18.18,6.19,12.04,11.54,67.94,43.65
L2::S::taker_imb_aligned_5m_ge_-0.1074::top1,single+top1,29,1.0,3,4,10.34,2.44,13.79,7.14,13.33,9.09,11.11,46.65,43.65
L2::S::taker_imb_aligned_5m_ge_-0.1074::top2,single+top2,58,2.0,6,7,10.34,4.88,12.07,14.29,6.67,12.5,8.82,54.83,41.48
L2::S::taker_imb_aligned_5m_le_-0.1074,single,834,28.759,98,112,11.75,79.67,13.43,12.01,11.5,12.44,11.11,103.67,90.7
L2::S::taker_imb_aligned_5m_le_-0.1074::top1,single+top1,29,1.0,4,1,13.79,3.25,3.45,14.29,13.33,23.08,6.25,139.58,158.75
L2::S::taker_imb_aligned_5m_le_-0.1074::top2,single+top2,58,2.0,11,2,18.97,8.94,3.45,17.86,20.0,20.0,18.18,133.67,149.15
L2::S::taker_imb_aligned_15m_ge_-0.1765,single,835,28.793,97,104,11.62,78.86,12.46,13.38,9.91,12.23,11.0,96.11,85.95
L2::S::taker_imb_aligned_15m_ge_-0.1765::top1,single+top1,29,1.0,7,2,24.14,5.69,6.9,14.29,33.33,30.77,18.75,128.41,140.95
L2::S::taker_imb_aligned_15m_ge_-0.1765::top2,single+top2,58,2.0,10,3,17.24,8.13,5.17,10.71,23.33,17.24,17.24,119.57,116.79
L2::S::taker_imb_aligned_15m_le_-0.1765,single,209,7.207,26,35,12.44,21.14,16.75,12.63,12.28,13.04,11.97,97.55,93.75
L2::S::taker_imb_aligned_15m_le_-0.1765::top1,single+top1,29,1.0,5,0,17.24,4.07,0.0,14.29,20.0,21.43,13.33,75.66,60.88
L2::S::taker_imb_aligned_15m_le_-0.1765::top2,single+top2,58,2.0,11,3,18.97,8.94,5.17,17.86,20.0,21.43,16.67,89.71,63.88
L2::S::taker_imb_aligned_15m_ge_-0.0813,single,627,21.621,73,74,11.64,59.35,11.8,15.2,8.46,12.89,10.36,93.13,81.82
L2::S::taker_imb_aligned_15m_ge_-0.0813::top1,single+top1,29,1.0,4,2,13.79,3.25,6.9,14.29,13.33,20.0,7.14,147.01,165.94
L2::S::taker_imb_aligned_15m_ge_-0.0813::top2,single+top2,58,2.0,8,4,13.79,6.5,6.9,17.86,10.0,16.67,10.71,132.92,151.1
L2::S::taker_imb_aligned_15m_le_-0.0813,single,417,14.379,51,65,12.23,41.46,15.59,10.9,13.59,12.04,12.39,99.56,86.42
L2::S::taker_imb_aligned_15m_le_-0.0813::top1,single+top1,29,1.0,7,1,24.14,5.69,3.45,14.29,33.33,36.36,16.67,110.15,101.07
L2::S::taker_imb_aligned_15m_le_-0.0813::top2,single+top2,58,2.0,12,2,20.69,9.76,3.45,10.71,30.0,25.0,17.65,104.64,80.97
L2::S::taker_imb_aligned_15m_ge_-0.0071,single,419,14.448,37,53,8.83,30.08,12.65,12.18,5.86,11.17,6.57,101.77,97.55
L2::S::taker_imb_aligned_15m_ge_-0.0071::top1,single+top1,29,1.0,2,3,6.9,1.63,10.34,14.29,0.0,16.67,0.0,31.58,31.58
L2::S::taker_imb_aligned_15m_ge_-0.0071::top2,single+top2,58,2.0,5,5,8.62,4.07,8.62,14.29,3.33,14.29,3.33,92.96,51.23
L2::S::taker_imb_aligned_15m_le_-0.0071,single,626,21.586,86,87,13.74,69.92,13.9,13.87,13.61,13.2,14.24,94.11,80.51
L2::S::taker_imb_aligned_15m_le_-0.0071::top1,single+top1,29,1.0,4,1,13.79,3.25,3.45,7.14,20.0,18.18,11.11,141.02,158.75
L2::S::taker_imb_aligned_15m_le_-0.0071::top2,single+top2,58,2.0,12,3,20.69,9.76,5.17,17.86,23.33,20.0,21.21,117.17,121.01
L2::S::taker_imb_aligned_15m_ge_0.0914,single,210,7.241,25,19,11.9,20.33,9.05,16.67,8.73,14.29,9.52,106.51,117.75
L2::S::taker_imb_aligned_15m_ge_0.0914::top1,single+top1,29,1.0,4,2,13.79,3.25,6.9,14.29,13.33,13.33,14.29,129.71,142.89
L2::S::taker_imb_aligned_15m_ge_0.0914::top2,single+top2,58,2.0,7,4,12.07,5.69,6.9,17.86,6.67,13.79,10.34,127.91,122.97
L2::S::taker_imb_aligned_15m_le_0.0914,single,834,28.759,98,120,11.75,79.67,14.39,12.53,10.95,11.88,11.63,93.84,81.41
L2::S::taker_imb_aligned_15m_le_0.0914::top1,single+top1,29,1.0,5,1,17.24,4.07,3.45,14.29,20.0,27.27,11.11,123.06,140.95
L2::S::taker_imb_aligned_15m_le_0.0914::top2,single+top2,58,2.0,11,3,18.97,8.94,5.17,14.29,23.33,24.0,15.15,124.93,140.95
L2::S::taker_imb_aligned_30m_ge_-0.1277,single,835,28.793,94,103,11.26,76.42,12.34,13.63,8.96,12.44,10.07,100.64,88.06
L2::S::taker_imb_aligned_30m_ge_-0.1277::top1,single+top1,29,1.0,5,2,17.24,4.07,6.9,14.29,20.0,25.0,11.76,125.47,140.95
L2::S::taker_imb_aligned_30m_ge_-0.1277::top2,single+top2,58,2.0,6,3,10.34,4.88,5.17,10.71,10.0,16.0,6.06,106.55,96.09
L2::S::taker_imb_aligned_30m_le_-0.1277,single,210,7.241,29,36,13.81,23.58,17.14,11.34,15.93,12.09,15.13,82.7,63.5
L2::S::taker_imb_aligned_30m_le_-0.1277::top1,single+top1,29,1.0,9,2,31.03,7.32,6.9,28.57,33.33,40.0,26.32,91.42,60.88
L2::S::taker_imb_aligned_30m_le_-0.1277::top2,single+top2,58,2.0,14,4,24.14,11.38,6.9,21.43,26.67,21.43,26.67,90.21,62.38
L2::S::taker_imb_aligned_30m_ge_-0.031,single,627,21.621,64,75,10.21,52.03,11.96,13.33,7.05,11.6,8.77,96.41,88.06
L2::S::taker_imb_aligned_30m_ge_-0.031::top1,single+top1,29,1.0,4,1,13.79,3.25,3.45,14.29,13.33,20.0,7.14,147.01,165.94
L2::S::taker_imb_aligned_30m_ge_-0.031::top2,single+top2,58,2.0,5,4,8.62,4.07,6.9,10.71,6.67,13.33,3.57,119.99,140.95
L2::S::taker_imb_aligned_30m_le_-0.031,single,418,14.414,59,64,14.11,47.97,15.31,12.95,15.11,13.76,14.41,96.41,81.82
L2::S::taker_imb_aligned_30m_le_-0.031::top1,single+top1,29,1.0,6,3,20.69,4.88,10.34,7.14,33.33,25.0,19.05,106.9,105.02
L2::S::taker_imb_aligned_30m_le_-0.031::top2,single+top2,58,2.0,13,6,22.41,10.57,10.34,14.29,30.0,22.22,22.58,97.46,63.88
L2::S::taker_imb_aligned_30m_ge_0.0368,single,418,14.414,36,47,8.61,29.27,11.24,11.76,6.06,10.29,7.01,113.12,109.37
L2::S::taker_imb_aligned_30m_ge_0.0368::top1,single+top1,29,1.0,1,3,3.45,0.81,10.34,0.0,6.67,0.0,5.56,190.93,190.93
L2::S::taker_imb_aligned_30m_ge_0.0368::top2,single+top2,58,2.0,3,5,5.17,2.44,8.62,7.14,3.33,7.69,3.12,133.48,190.93
L2::S::taker_imb_aligned_30m_le_0.0368,single,626,21.586,87,92,13.9,70.73,14.7,14.11,13.68,13.77,14.02,89.5,79.37
L2::S::taker_imb_aligned_30m_le_0.0368::top1,single+top1,29,1.0,5,2,17.24,4.07,6.9,14.29,20.0,25.0,11.76,123.06,140.95
L2::S::taker_imb_aligned_30m_le_0.0368::top2,single+top2,58,2.0,12,5,20.69,9.76,8.62,17.86,23.33,17.86,23.33,104.44,81.85
L2::S::taker_imb_aligned_30m_ge_0.1198,single,210,7.241,16,27,7.62,13.01,12.86,11.9,4.76,10.78,4.63,101.97,107.65
L2::S::taker_imb_aligned_30m_ge_0.1198::top1,single+top1,29,1.0,0,3,0.0,0.0,10.34,0.0,0.0,0.0,0.0,,
L2::S::taker_imb_aligned_30m_ge_0.1198::top2,single+top2,57,1.966,3,4,5.26,2.44,7.02,11.11,0.0,8.7,2.94,31.19,11.93
L2::S::taker_imb_aligned_30m_le_0.1198,single,834,28.759,107,112,12.83,86.99,13.43,13.51,12.14,12.78,12.88,95.58,85.95
L2::S::taker_imb_aligned_30m_le_0.1198::top1,single+top1,29,1.0,5,1,17.24,4.07,3.45,14.29,20.0,25.0,11.76,123.06,140.95
L2::S::taker_imb_aligned_30m_le_0.1198::top2,single+top2,58,2.0,11,3,18.97,8.94,5.17,14.29,23.33,19.23,18.75,121.2,140.95
L2::S::taker_imb_aligned_60m_ge_-0.1037,single,835,28.793,90,105,10.78,73.17,12.57,13.53,8.08,12.62,8.98,100.55,88.47
L2::S::taker_imb_aligned_60m_ge_-0.1037::top1,single+top1,29,1.0,5,2,17.24,4.07,6.9,14.29,20.0,30.77,6.25,136.13,140.95
L2::S::taker_imb_aligned_60m_ge_-0.1037::top2,single+top2,58,2.0,8,4,13.79,6.5,6.9,14.29,13.33,20.0,9.09,118.46,109.32
L2::S::taker_imb_aligned_60m_le_-0.1037,single,209,7.207,33,34,15.79,26.83,16.27,11.96,18.8,11.34,19.64,85.13,63.5
L2::S::taker_imb_aligned_60m_le_-0.1037::top1,single+top1,29,1.0,8,3,27.59,6.5,10.34,14.29,40.0,30.0,26.32,91.24,70.45
L2::S::taker_imb_aligned_60m_le_-0.1037::top2,single+top2,58,2.0,16,6,27.59,13.01,10.34,17.86,36.67,22.22,32.26,74.41,58.93
L2::S::taker_imb_aligned_60m_ge_-0.0169,single,627,21.621,60,77,9.57,48.78,12.28,11.9,7.28,11.76,7.48,102.81,92.88
L2::S::taker_imb_aligned_60m_ge_-0.0169::top1,single+top1,29,1.0,3,1,10.34,2.44,3.45,7.14,13.33,13.33,7.14,149.03,190.93
L2::S::taker_imb_aligned_60m_ge_-0.0169::top2,single+top2,58,2.0,4,3,6.9,3.25,5.17,7.14,6.67,10.0,3.57,114.75,121.08
L2::S::taker_imb_aligned_60m_le_-0.0169,single,417,14.379,64,62,15.35,52.03,14.87,15.38,15.32,13.37,17.21,90.96,71.95
L2::S::taker_imb_aligned_60m_le_-0.0169::top1,single+top1,29,1.0,9,1,31.03,7.32,3.45,28.57,33.33,33.33,29.41,102.0,101.07
L2::S::taker_imb_aligned_60m_le_-0.0169::top2,single+top2,58,2.0,19,3,32.76,15.45,5.17,32.14,33.33,31.03,34.48,93.03,63.88
L2::S::taker_imb_aligned_60m_ge_0.0501,single,419,14.448,36,46,8.59,29.27,10.98,11.56,5.91,11.56,5.91,103.22,88.38
L2::S::taker_imb_aligned_60m_ge_0.0501::top1,single+top1,29,1.0,0,1,0.0,0.0,3.45,0.0,0.0,0.0,0.0,,
L2::S::taker_imb_aligned_60m_ge_0.0501::top2,single+top2,58,2.0,2,3,3.45,1.63,5.17,7.14,0.0,7.14,0.0,104.76,104.76
L2::S::taker_imb_aligned_60m_le_0.0501,single,626,21.586,87,93,13.9,70.73,14.86,14.24,13.56,12.9,14.87,93.59,80.02
L2::S::taker_imb_aligned_60m_le_0.0501::top1,single+top1,29,1.0,7,2,24.14,5.69,6.9,21.43,26.67,30.77,18.75,97.77,60.88
L2::S::taker_imb_aligned_60m_le_0.0501::top2,single+top2,58,2.0,17,4,29.31,13.82,6.9,25.0,33.33,27.59,31.03,101.69,63.88
L2::S::taker_imb_aligned_60m_ge_0.1161,single,210,7.241,17,18,8.1,13.82,8.57,14.61,3.31,12.75,3.7,95.55,97.55
L2::S::taker_imb_aligned_60m_ge_0.1161::top1,single+top1,29,1.0,2,5,6.9,1.63,17.24,14.29,0.0,14.29,0.0,160.28,160.28
L2::S::taker_imb_aligned_60m_ge_0.1161::top2,single+top2,58,2.0,7,6,12.07,5.69,10.34,25.0,0.0,20.0,3.57,96.62,100.98
L2::S::taker_imb_aligned_60m_le_0.1161,single,834,28.759,107,121,12.83,86.99,14.51,12.95,12.71,12.53,13.11,96.04,85.95
L2::S::taker_imb_aligned_60m_le_0.1161::top1,single+top1,29,1.0,5,1,17.24,4.07,3.45,14.29,20.0,25.0,11.76,123.06,140.95
L2::S::taker_imb_aligned_60m_le_0.1161::top2,single+top2,58,2.0,11,3,18.97,8.94,5.17,14.29,23.33,18.52,19.35,121.2,140.95
L2::S::taker_imb_aligned_180m_ge_-0.0742,single,835,28.793,92,105,11.02,74.8,12.57,13.54,8.45,12.17,9.86,101.64,90.7
L2::S::taker_imb_aligned_180m_ge_-0.0742::top1,single+top1,29,1.0,6,1,20.69,4.88,3.45,14.29,26.67,30.77,12.5,122.94,116.79
L2::S::taker_imb_aligned_180m_ge_-0.0742::top2,single+top2,58,2.0,7,4,12.07,5.69,6.9,10.71,13.33,18.52,6.45,119.82,101.07
L2::S::taker_imb_aligned_180m_le_-0.0742,single,209,7.207,32,34,15.31,26.02,16.27,12.79,17.07,13.48,16.67,79.89,48.47
L2::S::taker_imb_aligned_180m_le_-0.0742::top1,single+top1,29,1.0,6,4,20.69,4.88,13.79,21.43,20.0,23.08,18.75,109.86,118.22
L2::S::taker_imb_aligned_180m_le_-0.0742::top2,single+top2,58,2.0,13,8,22.41,10.57,13.79,21.43,23.33,25.0,20.0,80.99,60.88
L2::S::taker_imb_aligned_180m_ge_-0.0113,single,627,21.621,68,71,10.85,55.28,11.32,14.71,7.17,12.88,8.64,104.08,95.09
L2::S::taker_imb_aligned_180m_ge_-0.0113::top1,single+top1,29,1.0,3,3,10.34,2.44,10.34,7.14,13.33,17.65,0.0,116.26,92.63
L2::S::taker_imb_aligned_180m_ge_-0.0113::top2,single+top2,58,2.0,6,5,10.34,4.88,8.62,14.29,6.67,18.75,0.0,109.89,96.85
L2::S::taker_imb_aligned_180m_le_-0.0113,single,417,14.379,55,68,13.19,44.72,16.31,11.0,15.21,11.54,14.47,86.93,53.23
L2::S::taker_imb_aligned_180m_le_-0.0113::top1,single+top1,29,1.0,7,1,24.14,5.69,3.45,14.29,33.33,33.33,20.0,111.76,140.95
L2::S::taker_imb_aligned_180m_le_-0.0113::top2,single+top2,58,2.0,16,4,27.59,13.01,6.9,17.86,36.67,32.0,24.24,106.5,102.41
L2::S::taker_imb_aligned_180m_ge_0.0293,single,418,14.414,49,34,11.72,39.84,8.13,19.07,5.36,14.41,8.67,96.97,87.37
L2::S::taker_imb_aligned_180m_ge_0.0293::top1,single+top1,29,1.0,3,2,10.34,2.44,6.9,21.43,0.0,11.76,8.33,143.66,132.32
L2::S::taker_imb_aligned_180m_ge_0.0293::top2,single+top2,58,2.0,5,4,8.62,4.07,6.9,17.86,0.0,9.68,7.41,115.04,132.32
L2::S::taker_imb_aligned_180m_le_0.0293,single,627,21.621,76,105,12.12,61.79,16.75,10.19,14.06,10.84,13.2,95.18,71.95
L2::S::taker_imb_aligned_180m_le_0.0293::top1,single+top1,29,1.0,5,3,17.24,4.07,10.34,14.29,20.0,30.0,10.53,123.06,140.95
L2::S::taker_imb_aligned_180m_le_0.0293::top2,single+top2,58,2.0,10,6,17.24,8.13,10.34,10.71,23.33,20.83,14.71,109.12,100.91
L2::S::taker_imb_aligned_180m_ge_0.0779,single,211,7.276,25,16,11.85,20.33,7.58,21.18,5.56,15.08,7.06,107.23,88.78
L2::S::taker_imb_aligned_180m_ge_0.0779::top1,single+top1,29,1.0,5,3,17.24,4.07,10.34,35.71,0.0,26.32,0.0,104.34,101.07
L2::S::taker_imb_aligned_180m_ge_0.0779::top2,single+top2,57,1.966,7,6,12.28,5.69,10.53,25.0,0.0,15.38,5.56,103.58,101.07
L2::S::taker_imb_aligned_180m_le_0.0779,single,834,28.759,98,123,11.75,79.67,14.75,11.64,11.86,11.46,12.0,93.65,84.12
L2::S::taker_imb_aligned_180m_le_0.0779::top1,single+top1,29,1.0,5,2,17.24,4.07,6.9,14.29,20.0,27.27,11.11,123.06,140.95
L2::S::taker_imb_aligned_180m_le_0.0779::top2,single+top2,58,2.0,9,5,15.52,7.32,8.62,10.71,20.0,16.0,15.15,120.33,140.95
L2::S::taker_total_vol_15m_ge_55572.16,single,835,28.793,94,119,11.26,76.42,14.25,13.33,9.16,13.53,9.17,94.02,86.9
L2::S::taker_total_vol_15m_ge_55572.16::top1,single+top1,29,1.0,2,3,6.9,1.63,10.34,7.14,6.67,15.38,0.0,113.89,113.89
L2::S::taker_total_vol_15m_ge_55572.16::top2,single+top2,58,2.0,7,5,12.07,5.69,8.62,10.71,13.33,19.35,3.7,91.88,101.07
L2::S::taker_total_vol_15m_le_55572.16,single,209,7.207,30,20,14.35,24.39,9.57,13.79,14.75,8.26,21.0,103.63,84.09
L2::S::taker_total_vol_15m_le_55572.16::top1,single+top1,29,1.0,11,1,37.93,8.94,3.45,35.71,40.0,20.0,47.37,119.85,140.95
L2::S::taker_total_vol_15m_le_55572.16::top2,single+top2,55,1.897,17,2,30.91,13.82,3.64,36.0,26.67,16.0,43.33,104.65,63.88
L2::S::taker_total_vol_15m_ge_84149.41,single,628,21.655,62,90,9.87,50.41,14.33,11.38,8.25,12.46,7.55,87.74,81.0
L2::S::taker_total_vol_15m_ge_84149.41::top1,single+top1,29,1.0,3,3,10.34,2.44,10.34,14.29,6.67,20.0,0.0,53.51,51.23
L2::S::taker_total_vol_15m_ge_84149.41::top2,single+top2,58,2.0,4,5,6.9,3.25,8.62,10.71,3.33,9.68,3.7,60.38,66.11
L2::S::taker_total_vol_15m_le_84149.41,single,417,14.379,61,49,14.63,49.59,11.75,16.39,13.25,12.21,17.16,105.23,92.63
L2::S::taker_total_vol_15m_le_84149.41::top1,single+top1,29,1.0,8,0,27.59,6.5,0.0,21.43,33.33,25.0,28.57,126.68,145.05
L2::S::taker_total_vol_15m_le_84149.41::top2,single+top2,58,2.0,13,4,22.41,10.57,6.9,17.86,26.67,16.0,27.27,126.2,141.23
L2::S::taker_total_vol_15m_ge_125233.47,single,418,14.414,34,58,8.13,27.64,13.88,9.09,7.07,8.42,7.89,77.46,54.95
L2::S::taker_total_vol_15m_ge_125233.47::top1,single+top1,29,1.0,2,2,6.9,1.63,6.9,14.29,0.0,6.67,7.14,66.11,66.11
L2::S::taker_total_vol_15m_ge_125233.47::top2,single+top2,54,1.862,6,2,11.11,4.88,3.7,18.52,3.7,15.38,7.14,53.45,61.45
L2::S::taker_total_vol_15m_le_125233.47,single,626,21.586,89,81,14.22,72.36,12.94,16.43,12.35,14.73,13.68,103.65,96.98
L2::S::taker_total_vol_15m_le_125233.47::top1,single+top1,29,1.0,4,0,13.79,3.25,0.0,7.14,20.0,18.18,11.11,141.02,158.75
L2::S::taker_total_vol_15m_le_125233.47::top2,single+top2,58,2.0,11,3,18.97,8.94,5.17,14.29,23.33,15.38,21.88,120.94,140.95
L2::S::taker_total_vol_15m_ge_196633.45,single,211,7.276,7,26,3.32,5.69,12.32,4.88,1.14,3.33,3.31,52.3,41.32
L2::S::taker_total_vol_15m_ge_196633.45::top1,single+top1,26,0.897,0,2,0.0,0.0,7.69,0.0,0.0,0.0,0.0,,
L2::S::taker_total_vol_15m_ge_196633.45::top2,single+top2,50,1.724,2,6,4.0,1.63,12.0,7.69,0.0,5.0,3.33,56.5,56.5
L2::S::taker_total_vol_15m_le_196633.45,single,834,28.759,116,113,13.91,94.31,13.55,15.84,12.25,14.35,13.46,99.07,87.67
L2::S::taker_total_vol_15m_le_196633.45::top1,single+top1,29,1.0,5,1,17.24,4.07,3.45,14.29,20.0,27.27,11.11,123.06,140.95
L2::S::taker_total_vol_15m_le_196633.45::top2,single+top2,58,2.0,12,3,20.69,9.76,5.17,17.86,23.33,18.52,22.58,115.13,121.01
L2::S::taker_total_vol_60m_ge_222160.69,single,835,28.793,90,123,10.78,73.17,14.73,12.62,8.85,12.44,9.24,97.37,87.76
L2::S::taker_total_vol_60m_ge_222160.69::top1,single+top1,29,1.0,0,4,0.0,0.0,13.79,0.0,0.0,0.0,0.0,,
L2::S::taker_total_vol_60m_ge_222160.69::top2,single+top2,58,2.0,3,7,5.17,2.44,12.07,7.14,3.33,9.38,0.0,68.54,92.63
L2::S::taker_total_vol_60m_le_222160.69,single,209,7.207,33,16,15.79,26.83,7.66,16.46,15.38,12.15,19.61,93.79,70.43
L2::S::taker_total_vol_60m_le_222160.69::top1,single+top1,28,0.966,10,0,35.71,8.13,0.0,38.46,33.33,36.36,35.29,88.34,61.76
L2::S::taker_total_vol_60m_le_222160.69::top2,single+top2,56,1.931,18,3,32.14,14.63,5.36,30.77,33.33,26.67,38.46,87.33,63.26
L2::S::taker_total_vol_60m_ge_369207.58,single,627,21.621,56,87,8.93,45.53,13.88,11.38,6.29,10.29,7.59,90.42,84.4
L2::S::taker_total_vol_60m_ge_369207.58::top1,single+top1,28,0.966,0,3,0.0,0.0,10.71,0.0,0.0,0.0,0.0,,
L2::S::taker_total_vol_60m_ge_369207.58::top2,single+top2,54,1.862,3,4,5.56,2.44,7.41,7.41,3.7,3.85,7.14,100.61,81.0
L2::S::taker_total_vol_60m_le_369207.58,single,417,14.379,67,52,16.07,54.47,12.47,16.57,15.68,15.74,16.36,101.42,87.97
L2::S::taker_total_vol_60m_le_369207.58::top1,single+top1,29,1.0,7,2,24.14,5.69,6.9,28.57,20.0,30.0,21.05,103.51,60.88
L2::S::taker_total_vol_60m_le_369207.58::top2,single+top2,57,1.966,13,4,22.81,10.57,7.02,25.93,20.0,23.08,22.58,115.58,101.07
L2::S::taker_total_vol_60m_ge_520220.37,single,418,14.414,30,60,7.18,24.39,14.35,9.5,4.57,6.5,7.8,82.83,81.0
L2::S::taker_total_vol_60m_ge_520220.37::top1,single+top1,28,0.966,1,2,3.57,0.81,7.14,7.14,0.0,0.0,5.0,81.0,81.0
L2::S::taker_total_vol_60m_ge_520220.37::top2,single+top2,54,1.862,5,5,9.26,4.07,9.26,18.52,0.0,9.52,9.09,77.05,81.0
L2::S::taker_total_vol_60m_le_520220.37,single,626,21.586,93,79,14.86,75.61,12.62,16.14,13.78,16.23,13.52,100.79,87.97
L2::S::taker_total_vol_60m_le_520220.37::top1,single+top1,29,1.0,5,2,17.24,4.07,6.9,14.29,20.0,27.27,11.11,123.06,140.95
L2::S::taker_total_vol_60m_le_520220.37::top2,single+top2,58,2.0,11,5,18.97,8.94,8.62,17.86,20.0,17.86,20.0,112.04,101.07
L2::S::taker_total_vol_60m_ge_795764.22,single,210,7.241,10,31,4.76,8.13,14.76,5.13,4.3,0.95,8.57,102.81,92.75
L2::S::taker_total_vol_60m_ge_795764.22::top1,single+top1,25,0.862,1,3,4.0,0.81,12.0,8.33,0.0,0.0,7.14,132.32,132.32
L2::S::taker_total_vol_60m_ge_795764.22::top2,single+top2,49,1.69,4,7,8.16,3.25,14.29,12.5,4.0,0.0,14.29,89.67,92.75
L2::S::taker_total_vol_60m_le_795764.22,single,834,28.759,113,108,13.55,91.87,12.95,15.68,11.69,15.38,11.83,95.85,86.42
L2::S::taker_total_vol_60m_le_795764.22::top1,single+top1,29,1.0,5,2,17.24,4.07,6.9,14.29,20.0,27.27,11.11,123.06,140.95
L2::S::taker_total_vol_60m_le_795764.22::top2,single+top2,58,2.0,10,5,17.24,8.13,8.62,14.29,20.0,20.0,15.15,118.41,121.01
L2::S::vol_anomaly_15m_vs_bg_ge_0.6448,single,786,27.103,89,109,11.32,72.36,13.87,12.14,10.53,12.53,10.22,96.54,86.42
L2::S::vol_anomaly_15m_vs_bg_ge_0.6448::top1,single+top1,29,1.0,5,2,17.24,4.07,6.9,7.14,26.67,18.18,16.67,112.97,101.07
L2::S::vol_anomaly_15m_vs_bg_ge_0.6448::top2,single+top2,58,2.0,7,5,12.07,5.69,8.62,3.57,20.0,13.33,10.71,119.15,101.07
L2::S::vol_anomaly_15m_vs_bg_le_0.6448,single,197,6.793,15,26,7.61,12.2,13.2,9.68,5.77,5.83,9.57,118.24,122.97
L2::S::vol_anomaly_15m_vs_bg_le_0.6448::top1,single+top1,28,0.966,4,0,14.29,3.25,0.0,21.43,7.14,7.69,20.0,169.03,168.8
L2::S::vol_anomaly_15m_vs_bg_le_0.6448::top2,single+top2,54,1.862,7,2,12.96,5.69,3.7,21.43,3.85,10.71,15.38,143.12,132.32
L2::S::vol_anomaly_15m_vs_bg_ge_0.9607,single,589,20.31,76,71,12.9,61.79,12.05,14.24,11.56,13.98,11.94,89.87,81.0
L2::S::vol_anomaly_15m_vs_bg_ge_0.9607::top1,single+top1,29,1.0,4,2,13.79,3.25,6.9,7.14,20.0,14.29,13.33,93.48,79.02
L2::S::vol_anomaly_15m_vs_bg_ge_0.9607::top2,single+top2,58,2.0,6,5,10.34,4.88,8.62,7.14,13.33,11.76,8.33,94.95,79.02
L2::S::vol_anomaly_15m_vs_bg_le_0.9607,single,393,13.552,28,64,7.12,22.76,16.28,7.61,6.7,7.0,7.25,126.28,122.66
L2::S::vol_anomaly_15m_vs_bg_le_0.9607::top1,single+top1,29,1.0,4,2,13.79,3.25,6.9,7.14,20.0,16.67,11.76,159.73,170.04
L2::S::vol_anomaly_15m_vs_bg_le_0.9607::top2,single+top2,58,2.0,7,5,12.07,5.69,8.62,10.71,13.33,10.0,14.29,158.58,149.15
L2::S::vol_anomaly_15m_vs_bg_ge_1.5416,single,393,13.552,48,50,12.21,39.02,12.72,12.82,11.62,11.67,12.68,98.06,84.4
L2::S::vol_anomaly_15m_vs_bg_ge_1.5416::top1,single+top1,29,1.0,2,1,6.9,1.63,3.45,7.14,6.67,6.67,7.14,128.78,128.78
L2::S::vol_anomaly_15m_vs_bg_ge_1.5416::top2,single+top2,58,2.0,7,2,12.07,5.69,3.45,14.29,10.0,11.11,12.9,102.05,81.0
L2::S::vol_anomaly_15m_vs_bg_le_1.5416,single,589,20.31,56,85,9.51,45.53,14.43,10.92,8.2,10.7,8.28,101.05,99.03
L2::S::vol_anomaly_15m_vs_bg_le_1.5416::top1,single+top1,29,1.0,4,3,13.79,3.25,10.34,0.0,26.67,0.0,21.05,109.09,103.06
L2::S::vol_anomaly_15m_vs_bg_le_1.5416::top2,single+top2,58,2.0,9,4,15.52,7.32,6.9,10.71,20.0,18.52,12.9,111.2,101.07
L2::S::vol_anomaly_15m_vs_bg_ge_2.6508,single,197,6.793,25,24,12.69,20.33,12.18,14.43,11.0,12.2,13.04,90.57,85.95
L2::S::vol_anomaly_15m_vs_bg_ge_2.6508::top1,single+top1,29,1.0,5,3,17.24,4.07,10.34,14.29,20.0,13.33,21.43,118.61,117.58
L2::S::vol_anomaly_15m_vs_bg_ge_2.6508::top2,single+top2,57,1.966,8,5,14.04,6.5,8.77,14.29,13.79,10.71,17.24,102.39,107.56
L2::S::vol_anomaly_15m_vs_bg_le_2.6508,single,786,27.103,79,111,10.05,64.23,14.12,11.02,9.14,10.86,9.23,102.55,92.63
L2::S::vol_anomaly_15m_vs_bg_le_2.6508::top1,single+top1,29,1.0,4,2,13.79,3.25,6.9,0.0,26.67,0.0,21.05,109.09,103.06
L2::S::vol_anomaly_15m_vs_bg_le_2.6508::top2,single+top2,58,2.0,8,5,13.79,6.5,8.62,7.14,20.0,15.38,12.5,99.05,96.85
L2::S::ofi_shift_5m_vs_30m_ge_-0.2608,single,835,28.793,94,111,11.26,76.42,13.29,11.85,10.7,11.3,11.24,97.3,86.9
L2::S::ofi_shift_5m_vs_30m_ge_-0.2608::top1,single+top1,29,1.0,3,1,10.34,2.44,3.45,0.0,20.0,12.5,9.52,141.04,176.55
L2::S::ofi_shift_5m_vs_30m_ge_-0.2608::top2,single+top2,58,2.0,10,3,17.24,8.13,5.17,10.71,23.33,18.18,16.67,134.72,162.85
L2::S::ofi_shift_5m_vs_30m_le_-0.2608,single,209,7.207,29,28,13.88,23.58,13.4,18.81,9.26,13.94,0.0,93.53,85.95
L2::S::ofi_shift_5m_vs_30m_le_-0.2608::top1,single+top1,29,1.0,5,3,17.24,4.07,10.34,35.71,0.0,17.86,0.0,54.72,51.23
L2::S::ofi_shift_5m_vs_30m_le_-0.2608::top2,single+top2,57,1.966,11,6,19.3,8.94,10.53,28.57,10.34,19.64,0.0,62.12,51.23
L2::S::ofi_shift_5m_vs_30m_ge_-0.0938,single,627,21.621,69,86,11.0,56.1,13.72,11.6,10.48,10.26,11.18,96.77,87.37
L2::S::ofi_shift_5m_vs_30m_ge_-0.0938::top1,single+top1,29,1.0,4,2,13.79,3.25,6.9,7.14,20.0,28.57,9.09,131.05,138.81
L2::S::ofi_shift_5m_vs_30m_ge_-0.0938::top2,single+top2,58,2.0,9,4,15.52,7.32,6.9,7.14,23.33,17.65,14.63,126.78,149.15
L2::S::ofi_shift_5m_vs_30m_le_-0.0938,single,417,14.379,54,53,12.95,43.9,12.71,15.49,10.29,13.01,12.0,95.95,84.4
L2::S::ofi_shift_5m_vs_30m_le_-0.0938::top1,single+top1,29,1.0,5,3,17.24,4.07,10.34,28.57,6.67,19.23,0.0,114.06,140.95
L2::S::ofi_shift_5m_vs_30m_le_-0.0938::top2,single+top2,58,2.0,8,7,13.79,6.5,12.07,17.86,10.0,15.09,0.0,112.76,116.79
L2::S::ofi_shift_5m_vs_30m_ge_0.0787,single,418,14.414,43,49,10.29,34.96,11.72,11.52,9.25,20.0,9.67,101.05,88.15
L2::S::ofi_shift_5m_vs_30m_ge_0.0787::top1,single+top1,29,1.0,4,1,13.79,3.25,3.45,14.29,13.33,50.0,8.0,139.13,138.81
L2::S::ofi_shift_5m_vs_30m_ge_0.0787::top2,single+top2,58,2.0,9,2,15.52,7.32,3.45,17.86,13.33,40.0,10.42,116.16,101.07
L2::S::ofi_shift_5m_vs_30m_le_0.0787,single,626,21.586,80,90,12.78,65.04,14.38,14.29,11.25,11.98,15.49,93.92,80.92
L2::S::ofi_shift_5m_vs_30m_le_0.0787::top1,single+top1,29,1.0,6,1,20.69,4.88,3.45,21.43,20.0,15.79,30.0,117.43,100.91
L2::S::ofi_shift_5m_vs_30m_le_0.0787::top2,single+top2,58,2.0,9,5,15.52,7.32,8.62,14.29,16.67,9.76,29.41,92.65,56.98
L2::S::ofi_shift_5m_vs_30m_ge_0.272,single,210,7.241,18,23,8.57,14.63,10.95,7.14,9.52,,8.57,115.5,114.47
L2::S::ofi_shift_5m_vs_30m_ge_0.272::top1,single+top1,29,1.0,1,3,3.45,0.81,10.34,0.0,6.67,,3.45,190.93,190.93
L2::S::ofi_shift_5m_vs_30m_ge_0.272::top2,single+top2,58,2.0,3,6,5.17,2.44,10.34,3.57,6.67,,5.17,122.39,141.23
L2::S::ofi_shift_5m_vs_30m_le_0.272,single,834,28.759,105,117,12.59,85.37,14.03,14.42,10.71,12.4,12.88,93.14,82.85
L2::S::ofi_shift_5m_vs_30m_le_0.272::top1,single+top1,29,1.0,5,2,17.24,4.07,6.9,14.29,20.0,21.43,13.33,123.06,140.95
L2::S::ofi_shift_5m_vs_30m_le_0.272::top2,single+top2,58,2.0,11,3,18.97,8.94,5.17,17.86,20.0,17.65,20.83,98.46,60.88
L2::S::ofi_shift_aligned_ge_-0.377,single,835,28.793,96,122,11.5,78.05,14.61,12.59,10.39,11.71,11.29,94.49,86.19
L2::S::ofi_shift_aligned_ge_-0.377::top1,single+top1,29,1.0,3,1,10.34,2.44,3.45,0.0,20.0,11.11,10.0,141.04,176.55
L2::S::ofi_shift_aligned_ge_-0.377::top2,single+top2,58,2.0,11,3,18.97,8.94,5.17,14.29,23.33,16.0,21.21,125.62,149.15
L2::S::ofi_shift_aligned_le_-0.377,single,209,7.207,27,17,12.92,21.95,8.13,16.47,10.48,15.15,10.91,103.25,97.55
L2::S::ofi_shift_aligned_le_-0.377::top1,single+top1,28,0.966,5,1,17.86,4.07,3.57,38.46,0.0,23.08,13.33,64.03,51.23
L2::S::ofi_shift_aligned_le_-0.377::top2,single+top2,56,1.931,10,3,17.86,8.13,5.36,34.62,3.33,25.0,10.71,93.8,81.0
L2::S::ofi_shift_aligned_ge_-0.2674,single,627,21.621,76,91,12.12,61.79,14.51,13.08,11.11,11.04,13.17,92.99,82.33
L2::S::ofi_shift_aligned_ge_-0.2674::top1,single+top1,29,1.0,4,2,13.79,3.25,6.9,0.0,26.67,10.0,15.79,143.07,162.85
L2::S::ofi_shift_aligned_ge_-0.2674::top2,single+top2,58,2.0,12,3,20.69,9.76,5.17,17.86,23.33,13.79,27.59,120.08,125.11
L2::S::ofi_shift_aligned_le_-0.2674,single,417,14.379,47,48,11.27,38.21,11.51,13.51,9.48,14.43,8.33,101.95,97.55
L2::S::ofi_shift_aligned_le_-0.2674::top1,single+top1,29,1.0,3,2,10.34,2.44,6.9,14.29,6.67,18.18,5.56,127.7,140.95
L2::S::ofi_shift_aligned_le_-0.2674::top2,single+top2,58,2.0,5,4,8.62,4.07,6.9,14.29,3.33,13.79,3.45,82.26,51.23
L2::S::ofi_shift_aligned_ge_-0.1736,single,418,14.414,52,70,12.44,42.28,16.75,11.21,13.73,10.84,13.95,84.72,63.69
L2::S::ofi_shift_aligned_ge_-0.1736::top1,single+top1,29,1.0,4,3,13.79,3.25,10.34,0.0,26.67,9.09,16.67,143.07,162.85
L2::S::ofi_shift_aligned_ge_-0.1736::top2,single+top2,58,2.0,11,6,18.97,8.94,10.34,10.71,26.67,13.33,25.0,116.38,101.07
L2::S::ofi_shift_aligned_le_-0.1736,single,626,21.586,71,69,11.34,57.72,11.02,14.73,8.38,13.44,9.35,104.97,92.63
L2::S::ofi_shift_aligned_le_-0.1736::top1,single+top1,29,1.0,5,2,17.24,4.07,6.9,14.29,20.0,28.57,6.67,136.13,140.95
L2::S::ofi_shift_aligned_le_-0.1736::top2,single+top2,58,2.0,6,5,10.34,4.88,8.62,10.71,10.0,18.52,3.23,146.38,165.94
L2::S::ofi_shift_aligned_ge_-0.0491,single,210,7.241,30,34,14.29,24.39,16.19,12.5,15.79,11.49,16.26,89.98,71.76
L2::S::ofi_shift_aligned_ge_-0.0491::top1,single+top1,29,1.0,7,4,24.14,5.69,13.79,21.43,26.67,18.18,27.78,106.1,101.07
L2::S::ofi_shift_aligned_ge_-0.0491::top2,single+top2,58,2.0,14,9,24.14,11.38,15.52,17.86,30.0,20.69,27.59,91.24,70.45
L2::S::ofi_shift_aligned_le_-0.0491,single,834,28.759,94,105,11.27,76.42,12.59,13.63,8.98,12.8,9.71,98.65,88.06
L2::S::ofi_shift_aligned_le_-0.0491::top1,single+top1,29,1.0,5,1,17.24,4.07,3.45,14.29,20.0,30.77,6.25,136.13,140.95
L2::S::ofi_shift_aligned_le_-0.0491::top2,single+top2,58,2.0,7,3,12.07,5.69,5.17,14.29,10.0,14.29,10.0,113.27,92.63
L2::S::utc_hour_ge_2.0,single,848,29.241,75,109,8.84,60.98,12.85,10.14,7.6,9.31,8.41,98.95,88.15
L2::S::utc_hour_ge_2.0::top1,single+top1,29,1.0,3,2,10.34,2.44,6.9,0.0,20.0,0.0,15.79,95.74,56.98
L2::S::utc_hour_ge_2.0::top2,single+top2,58,2.0,5,6,8.62,4.07,10.34,3.57,13.33,7.69,9.38,96.19,92.63
L2::S::utc_hour_le_2.0,single,251,8.655,59,36,23.51,47.97,14.34,22.88,24.06,23.2,23.81,91.26,76.95
L2::S::utc_hour_le_2.0::top1,single+top1,29,1.0,7,1,24.14,5.69,3.45,21.43,26.67,28.57,20.0,100.75,56.98
L2::S::utc_hour_le_2.0::top2,single+top2,58,2.0,14,4,24.14,11.38,6.9,21.43,26.67,20.0,28.57,93.59,61.76
L2::S::utc_hour_ge_6.0,single,639,22.034,49,71,7.67,39.84,11.11,11.65,3.94,8.97,6.42,90.83,87.37
L2::S::utc_hour_ge_6.0::top1,single+top1,29,1.0,3,2,10.34,2.44,6.9,14.29,6.67,25.0,0.0,68.54,92.63
L2::S::utc_hour_ge_6.0::top2,single+top2,58,2.0,3,5,5.17,2.44,8.62,7.14,3.33,12.5,0.0,68.54,92.63
L2::S::utc_hour_le_6.0,single,443,15.276,81,70,18.28,65.85,15.8,15.6,20.89,19.43,17.24,102.03,88.78
L2::S::utc_hour_le_6.0::top1,single+top1,29,1.0,5,1,17.24,4.07,3.45,14.29,20.0,27.27,11.11,123.06,140.95
L2::S::utc_hour_le_6.0::top2,single+top2,58,2.0,12,4,20.69,9.76,6.9,17.86,23.33,19.23,21.88,100.62,58.93
L2::S::utc_hour_ge_11.0,single,434,14.966,13,38,3.0,10.57,8.76,6.06,0.42,2.42,3.52,79.54,81.0
L2::S::utc_hour_ge_11.0::top1,single+top1,28,0.966,2,0,7.14,1.63,0.0,15.38,0.0,0.0,13.33,72.25,72.25
L2::S::utc_hour_ge_11.0::top2,single+top2,56,1.931,6,2,10.71,4.88,3.57,23.08,0.0,4.35,15.15,59.65,63.5
L2::S::utc_hour_le_11.0,single,646,22.276,114,106,17.65,92.68,16.41,17.85,17.45,18.18,17.13,97.34,87.19
L2::S::utc_hour_le_11.0::top1,single+top1,29,1.0,5,1,17.24,4.07,3.45,14.29,20.0,25.0,11.76,123.06,140.95
L2::S::utc_hour_le_11.0::top2,single+top2,58,2.0,10,3,17.24,8.13,5.17,14.29,20.0,17.86,16.67,118.41,121.01
L2::S::utc_hour_ge_16.0,single,223,7.69,0,7,0.0,0.0,3.14,0.0,0.0,0.0,0.0,,
L2::S::utc_hour_ge_16.0::top1,single+top1,27,0.931,0,0,0.0,0.0,0.0,0.0,0.0,0.0,0.0,,
L2::S::utc_hour_ge_16.0::top2,single+top2,54,1.862,0,0,0.0,0.0,0.0,0.0,0.0,0.0,0.0,,
L2::S::utc_hour_le_16.0,single,861,29.69,123,137,14.29,100.0,15.91,15.55,13.02,14.89,13.7,96.41,86.42
L2::S::utc_hour_le_16.0::top1,single+top1,29,1.0,5,1,17.24,4.07,3.45,14.29,20.0,25.0,11.76,123.06,140.95
L2::S::utc_hour_le_16.0::top2,single+top2,58,2.0,10,3,17.24,8.13,5.17,14.29,20.0,18.52,16.13,118.41,121.01
L2::S::spread_bps_ge_0.014,single,951,32.793,121,124,12.72,98.37,13.04,14.73,10.93,13.33,12.14,94.16,85.95
L2::S::spread_bps_ge_0.014::top1,single+top1,29,1.0,5,1,17.24,4.07,3.45,14.29,20.0,27.27,11.11,123.06,140.95
L2::S::spread_bps_ge_0.014::top2,single+top2,58,2.0,10,3,17.24,8.13,5.17,14.29,20.0,19.23,15.62,118.41,121.01
L2::S::spread_bps_le_0.014,single,580,20.0,63,79,10.86,51.22,13.62,12.65,9.48,12.32,9.54,102.81,96.98
L2::S::spread_bps_le_0.014::top1,single+top1,23,0.793,2,3,8.7,1.63,13.04,0.0,18.18,10.0,7.69,116.77,116.77
L2::S::spread_bps_le_0.014::top2,single+top2,45,1.552,5,6,11.11,4.07,13.33,4.35,18.18,14.29,8.33,140.42,176.55
L2::S::spread_bps_ge_0.014,single,951,32.793,121,124,12.72,98.37,13.04,14.73,10.93,13.33,12.14,94.16,85.95
L2::S::spread_bps_ge_0.014::top1,single+top1,29,1.0,5,1,17.24,4.07,3.45,14.29,20.0,27.27,11.11,123.06,140.95
L2::S::spread_bps_ge_0.014::top2,single+top2,58,2.0,10,3,17.24,8.13,5.17,14.29,20.0,19.23,15.62,118.41,121.01
L2::S::spread_bps_le_0.014,single,580,20.0,63,79,10.86,51.22,13.62,12.65,9.48,12.32,9.54,102.81,96.98
L2::S::spread_bps_le_0.014::top1,single+top1,23,0.793,2,3,8.7,1.63,13.04,0.0,18.18,10.0,7.69,116.77,116.77
L2::S::spread_bps_le_0.014::top2,single+top2,45,1.552,5,6,11.11,4.07,13.33,4.35,18.18,14.29,8.33,140.42,176.55
L2::S::spread_bps_ge_0.014,single,951,32.793,121,124,12.72,98.37,13.04,14.73,10.93,13.33,12.14,94.16,85.95
L2::S::spread_bps_ge_0.014::top1,single+top1,29,1.0,5,1,17.24,4.07,3.45,14.29,20.0,27.27,11.11,123.06,140.95
L2::S::spread_bps_ge_0.014::top2,single+top2,58,2.0,10,3,17.24,8.13,5.17,14.29,20.0,19.23,15.62,118.41,121.01
L2::S::spread_bps_le_0.014,single,580,20.0,63,79,10.86,51.22,13.62,12.65,9.48,12.32,9.54,102.81,96.98
L2::S::spread_bps_le_0.014::top1,single+top1,23,0.793,2,3,8.7,1.63,13.04,0.0,18.18,10.0,7.69,116.77,116.77
L2::S::spread_bps_le_0.014::top2,single+top2,45,1.552,5,6,11.11,4.07,13.33,4.35,18.18,14.29,8.33,140.42,176.55
L2::S::spread_bps_ge_0.015,single,386,13.31,58,46,15.03,47.15,11.92,17.44,12.57,14.29,15.79,84.76,67.16
L2::S::spread_bps_ge_0.015::top1,single+top1,19,0.655,3,0,15.79,2.44,0.0,25.0,9.09,25.0,9.09,127.26,140.95
L2::S::spread_bps_ge_0.015::top2,single+top2,35,1.207,5,1,14.29,4.07,2.86,18.75,10.53,13.33,15.0,96.4,60.88
L2::S::spread_bps_le_0.015,single,957,33.0,121,125,12.64,98.37,13.06,14.83,10.74,13.33,11.99,94.16,85.95
L2::S::spread_bps_le_0.015::top1,single+top1,29,1.0,5,1,17.24,4.07,3.45,14.29,20.0,27.27,11.11,123.06,140.95
L2::S::spread_bps_le_0.015::top2,single+top2,58,2.0,10,3,17.24,8.13,5.17,14.29,20.0,20.0,15.15,118.41,121.01
L2::S::top1_bid_amount_ge_134.48,single,773,26.655,94,94,12.16,76.42,12.16,14.04,10.67,12.21,12.11,96.54,87.97
L2::S::top1_bid_amount_ge_134.48::top1,single+top1,29,1.0,5,1,17.24,4.07,3.45,21.43,13.33,18.75,15.38,122.93,140.95
L2::S::top1_bid_amount_ge_134.48::top2,single+top2,58,2.0,8,4,13.79,6.5,6.9,14.29,13.33,15.62,11.54,135.4,158.75
L2::S::top1_bid_amount_le_134.48,single,195,6.724,29,31,14.87,23.58,15.9,16.98,12.36,19.75,11.4,81.64,63.88
L2::S::top1_bid_amount_le_134.48::top1,single+top1,29,1.0,5,4,17.24,4.07,13.79,7.14,26.67,50.0,14.81,113.9,80.02
L2::S::top1_bid_amount_le_134.48::top2,single+top2,56,1.931,10,6,17.86,8.13,10.71,17.86,17.86,42.86,14.29,94.84,71.95
L2::S::top1_bid_amount_ge_248.39,single,580,20.0,61,72,10.52,49.59,12.41,12.55,9.01,11.67,9.13,98.62,88.78
L2::S::top1_bid_amount_ge_248.39::top1,single+top1,29,1.0,4,2,13.79,3.25,6.9,14.29,13.33,13.64,14.29,96.66,96.09
L2::S::top1_bid_amount_ge_248.39::top2,single+top2,58,2.0,10,6,17.24,8.13,10.34,17.86,16.67,18.18,14.29,97.9,96.85
L2::S::top1_bid_amount_le_248.39,single,387,13.345,60,53,15.5,48.78,13.7,17.41,13.44,16.13,15.09,89.62,78.48
L2::S::top1_bid_amount_le_248.39::top1,single+top1,29,1.0,2,2,6.9,1.63,6.9,0.0,13.33,0.0,7.14,123.29,123.29
L2::S::top1_bid_amount_le_248.39::top2,single+top2,58,2.0,11,3,18.97,8.94,5.17,17.86,20.0,50.0,16.67,98.34,71.68
L2::S::top1_bid_amount_ge_389.39,single,387,13.345,36,55,9.3,29.27,14.21,10.56,8.57,11.06,6.58,98.33,95.09
L2::S::top1_bid_amount_ge_389.39::top1,single+top1,29,1.0,5,5,17.24,4.07,17.24,21.43,13.33,18.52,0.0,88.26,92.63
L2::S::top1_bid_amount_ge_389.39::top2,single+top2,58,2.0,7,8,12.07,5.69,13.79,14.29,10.0,13.46,0.0,102.7,101.07
L2::S::top1_bid_amount_le_389.39,single,580,20.0,85,71,14.66,69.11,12.24,16.61,12.45,15.19,14.29,92.39,81.0
L2::S::top1_bid_amount_le_389.39::top1,single+top1,29,1.0,5,1,17.24,4.07,3.45,7.14,26.67,40.0,12.5,138.73,189.6
L2::S::top1_bid_amount_le_389.39::top2,single+top2,58,2.0,10,2,17.24,8.13,3.45,14.29,20.0,42.86,13.73,110.27,79.83
L2::S::top1_bid_amount_ge_668.59,single,194,6.69,21,24,10.82,17.07,12.37,12.5,10.0,12.5,7.58,102.81,114.15
L2::S::top1_bid_amount_ge_668.59::top1,single+top1,29,1.0,5,4,17.24,4.07,13.79,21.43,13.33,17.86,0.0,116.66,140.95
L2::S::top1_bid_amount_ge_668.59::top2,single+top2,56,1.931,9,7,16.07,7.32,12.5,15.38,16.67,17.31,0.0,102.64,114.15
L2::S::top1_bid_amount_le_668.59,single,773,26.655,100,102,12.94,81.3,13.2,15.1,10.8,13.33,12.62,92.34,81.0
L2::S::top1_bid_amount_le_668.59::top1,single+top1,29,1.0,4,1,13.79,3.25,3.45,7.14,20.0,22.22,10.0,125.69,123.29
L2::S::top1_bid_amount_le_668.59::top2,single+top2,58,2.0,10,3,17.24,8.13,5.17,14.29,20.0,20.0,15.79,125.03,125.11
L2::S::top1_ask_amount_ge_122.93,single,773,26.655,98,102,12.68,79.67,13.2,15.0,10.65,13.26,12.17,94.77,81.41
L2::S::top1_ask_amount_ge_122.93::top1,single+top1,29,1.0,3,1,10.34,2.44,3.45,0.0,20.0,12.5,9.52,141.04,176.55
L2::S::top1_ask_amount_ge_122.93::top2,single+top2,58,2.0,10,3,17.24,8.13,5.17,14.29,20.0,20.0,15.79,124.64,138.81
L2::S::top1_ask_amount_le_122.93,single,194,6.69,23,24,11.86,18.7,12.37,13.64,10.38,12.73,10.71,91.54,88.15
L2::S::top1_ask_amount_le_122.93::top1,single+top1,29,1.0,6,4,20.69,4.88,13.79,28.57,13.33,21.43,0.0,101.97,96.09
L2::S::top1_ask_amount_le_122.93::top2,single+top2,56,1.931,10,9,17.86,8.13,16.07,18.52,17.24,18.75,12.5,93.47,96.09
L2::S::top1_ask_amount_ge_247.32,single,580,20.0,78,79,13.45,63.41,13.62,16.6,10.79,14.0,13.03,88.64,78.16
L2::S::top1_ask_amount_ge_247.32::top1,single+top1,29,1.0,3,1,10.34,2.44,3.45,0.0,20.0,0.0,11.54,145.84,189.6
L2::S::top1_ask_amount_ge_247.32::top2,single+top2,58,2.0,8,3,13.79,6.5,5.17,14.29,13.33,18.18,12.77,88.48,60.43
L2::S::top1_ask_amount_le_247.32,single,387,13.345,44,46,11.37,35.77,11.89,12.5,10.34,12.16,10.3,102.9,98.98
L2::S::top1_ask_amount_le_247.32::top1,single+top1,29,1.0,6,3,20.69,4.88,10.34,28.57,13.33,20.0,25.0,89.03,76.75
L2::S::top1_ask_amount_le_247.32::top2,single+top2,58,2.0,10,8,17.24,8.13,13.79,17.86,16.67,17.31,16.67,99.64,96.85
L2::S::top1_ask_amount_ge_412.96,single,387,13.345,47,59,12.14,38.21,15.25,14.2,10.55,11.32,12.72,84.97,76.95
L2::S::top1_ask_amount_ge_412.96::top1,single+top1,29,1.0,3,1,10.34,2.44,3.45,0.0,20.0,0.0,11.54,145.84,189.6
L2::S::top1_ask_amount_ge_412.96::top2,single+top2,58,2.0,7,4,12.07,5.69,6.9,10.71,13.33,0.0,12.96,85.36,56.98
L2::S::top1_ask_amount_le_412.96,single,580,20.0,74,66,12.76,60.16,11.38,15.05,10.63,14.01,11.28,99.99,88.47
L2::S::top1_ask_amount_le_412.96::top1,single+top1,29,1.0,5,2,17.24,4.07,6.9,21.43,13.33,14.29,25.0,122.93,140.95
L2::S::top1_ask_amount_le_412.96::top2,single+top2,58,2.0,11,4,18.97,8.94,6.9,21.43,16.67,18.18,21.43,98.8,92.63
L2::S::top1_ask_amount_ge_692.09,single,194,6.69,19,26,9.79,15.45,13.4,12.77,7.0,9.72,9.84,82.33,80.02
L2::S::top1_ask_amount_ge_692.09::top1,single+top1,28,0.966,3,2,10.71,2.44,7.14,7.69,13.33,50.0,7.69,136.84,149.15
L2::S::top1_ask_amount_ge_692.09::top2,single+top2,56,1.931,9,3,16.07,7.32,5.36,15.38,16.67,25.0,15.38,112.3,117.58
L2::S::top1_ask_amount_le_692.09,single,773,26.655,102,99,13.2,82.93,12.81,15.25,11.46,13.72,12.63,96.36,88.06
L2::S::top1_ask_amount_le_692.09::top1,single+top1,29,1.0,6,1,20.69,4.88,3.45,21.43,20.0,18.75,23.08,112.7,100.91
L2::S::top1_ask_amount_le_692.09::top2,single+top2,58,2.0,9,3,15.52,7.32,5.17,14.29,16.67,14.29,17.39,110.35,101.07
L2::S::top5_bid_sum_ge_140.98,single,773,26.655,93,94,12.03,75.61,12.16,14.62,9.98,12.31,11.75,96.39,87.97
L2::S::top5_bid_sum_ge_140.98::top1,single+top1,29,1.0,5,1,17.24,4.07,3.45,21.43,13.33,18.75,15.38,122.93,140.95
L2::S::top5_bid_sum_ge_140.98::top2,single+top2,58,2.0,8,4,13.79,6.5,6.9,14.29,13.33,15.15,12.0,135.4,158.75
L2::S::top5_bid_sum_le_140.98,single,195,6.724,28,31,14.36,22.76,15.9,15.09,13.48,17.07,12.39,86.74,70.42
L2::S::top5_bid_sum_le_140.98::top1,single+top1,29,1.0,5,4,17.24,4.07,13.79,7.14,26.67,0.0,17.86,110.42,62.63
L2::S::top5_bid_sum_le_140.98::top2,single+top2,56,1.931,11,7,19.64,8.94,12.5,17.86,21.43,60.0,15.69,91.92,63.88
L2::S::top5_bid_sum_ge_264.65,single,580,20.0,60,73,10.34,48.78,12.59,12.3,8.93,11.75,8.68,99.53,90.7
L2::S::top5_bid_sum_ge_264.65::top1,single+top1,29,1.0,4,2,13.79,3.25,6.9,14.29,13.33,14.29,12.5,96.66,96.09
L2::S::top5_bid_sum_ge_264.65::top2,single+top2,58,2.0,10,6,17.24,8.13,10.34,17.86,16.67,18.6,13.33,97.9,96.85
L2::S::top5_bid_sum_le_264.65,single,387,13.345,61,52,15.76,49.59,13.44,17.56,13.74,15.82,15.72,88.87,76.95
L2::S::top5_bid_sum_le_264.65::top1,single+top1,29,1.0,3,2,10.34,2.44,6.9,7.14,13.33,50.0,7.41,106.09,71.68
L2::S::top5_bid_sum_le_264.65::top2,single+top2,58,2.0,12,3,20.69,9.76,5.17,21.43,20.0,40.0,18.87,91.96,67.16
L2::S::top5_bid_sum_ge_419.66,single,387,13.345,37,53,9.56,30.08,13.7,11.03,8.68,10.73,7.79,102.89,97.55
L2::S::top5_bid_sum_ge_419.66::top1,single+top1,29,1.0,4,5,13.79,3.25,17.24,21.43,6.67,15.38,0.0,87.17,80.1
L2::S::top5_bid_sum_ge_419.66::top2,single+top2,58,2.0,8,8,13.79,6.5,13.79,17.86,10.0,15.09,0.0,110.02,121.01
L2::S::top5_bid_sum_le_419.66,single,580,20.0,84,73,14.48,68.29,12.59,16.5,12.27,15.42,13.82,90.31,79.69
L2::S::top5_bid_sum_le_419.66::top1,single+top1,29,1.0,5,1,17.24,4.07,3.45,7.14,26.67,40.0,12.5,138.73,189.6
L2::S::top5_bid_sum_le_419.66::top2,single+top2,58,2.0,10,2,17.24,8.13,3.45,14.29,20.0,37.5,14.0,110.27,79.83
L2::S::top5_bid_sum_ge_731.24,single,194,6.69,20,20,10.31,16.26,10.31,12.31,9.3,11.9,7.35,97.74,103.39
L2::S::top5_bid_sum_ge_731.24::top1,single+top1,29,1.0,5,4,17.24,4.07,13.79,21.43,13.33,17.86,0.0,111.13,140.95
L2::S::top5_bid_sum_ge_731.24::top2,single+top2,57,1.966,8,7,14.04,6.5,12.28,14.81,13.33,15.69,0.0,89.95,103.39
L2::S::top5_bid_sum_le_731.24,single,774,26.69,101,105,13.05,82.11,13.57,15.14,11.0,13.51,12.68,93.45,81.0
L2::S::top5_bid_sum_le_731.24::top1,single+top1,29,1.0,4,1,13.79,3.25,3.45,7.14,20.0,25.0,9.52,118.59,116.77
L2::S::top5_bid_sum_le_731.24::top2,single+top2,58,2.0,11,3,18.97,8.94,5.17,14.29,23.33,23.81,16.22,127.13,149.15
L2::S::top5_ask_sum_ge_130.03,single,773,26.655,98,101,12.68,79.67,13.07,14.88,10.73,13.3,12.14,94.73,81.41
L2::S::top5_ask_sum_ge_130.03::top1,single+top1,29,1.0,4,1,13.79,3.25,3.45,0.0,26.67,14.29,13.64,153.52,183.07
L2::S::top5_ask_sum_ge_130.03::top2,single+top2,58,2.0,10,3,17.24,8.13,5.17,14.29,20.0,21.05,15.38,124.64,138.81
L2::S::top5_ask_sum_le_130.03,single,194,6.69,23,24,11.86,18.7,12.37,13.95,10.19,12.61,10.84,91.7,88.15
L2::S::top5_ask_sum_le_130.03::top1,single+top1,29,1.0,6,3,20.69,4.88,10.34,28.57,13.33,21.43,0.0,101.97,96.09
L2::S::top5_ask_sum_le_130.03::top2,single+top2,56,1.931,9,9,16.07,7.32,16.07,18.52,13.79,18.75,0.0,85.76,51.23
L2::S::top5_ask_sum_ge_260.03,single,580,20.0,79,80,13.62,64.23,13.79,17.11,10.73,13.88,13.43,88.08,76.95
L2::S::top5_ask_sum_ge_260.03::top1,single+top1,29,1.0,3,1,10.34,2.44,3.45,0.0,20.0,0.0,11.54,145.84,189.6
L2::S::top5_ask_sum_ge_260.03::top2,single+top2,58,2.0,9,3,15.52,7.32,5.17,17.86,13.33,27.27,12.77,98.16,63.88
L2::S::top5_ask_sum_le_260.03,single,387,13.345,42,45,10.85,34.15,11.63,11.29,10.45,12.33,8.75,105.58,101.03
L2::S::top5_ask_sum_le_260.03::top1,single+top1,29,1.0,6,3,20.69,4.88,10.34,28.57,13.33,19.23,33.33,89.03,76.75
L2::S::top5_ask_sum_le_260.03::top2,single+top2,58,2.0,10,9,17.24,8.13,15.52,17.86,16.67,16.67,25.0,99.64,96.85
L2::S::top5_ask_sum_ge_441.67,single,387,13.345,48,57,12.4,39.02,14.73,14.2,11.01,12.1,12.61,83.39,73.69
L2::S::top5_ask_sum_ge_441.67::top1,single+top1,29,1.0,3,1,10.34,2.44,3.45,0.0,20.0,0.0,11.11,145.84,189.6
L2::S::top5_ask_sum_ge_441.67::top2,single+top2,58,2.0,9,4,15.52,7.32,6.9,10.71,20.0,0.0,16.36,107.8,63.88
L2::S::top5_ask_sum_le_441.67,single,580,20.0,73,69,12.59,59.35,11.9,15.05,10.3,13.61,11.36,101.24,92.63
L2::S::top5_ask_sum_le_441.67::top1,single+top1,29,1.0,6,2,20.69,4.88,6.9,21.43,20.0,18.18,28.57,117.88,116.79
L2::S::top5_ask_sum_le_441.67::top2,single+top2,58,2.0,11,4,18.97,8.94,6.9,21.43,16.67,18.18,21.43,98.8,92.63
L2::S::top5_ask_sum_ge_783.46,single,194,6.69,22,26,11.34,17.89,13.4,15.96,7.0,13.16,10.17,79.05,78.48
L2::S::top5_ask_sum_ge_783.46::top1,single+top1,29,1.0,4,2,13.79,3.25,6.9,14.29,13.33,66.67,7.69,119.89,109.09
L2::S::top5_ask_sum_ge_783.46::top2,single+top2,57,1.966,7,6,12.28,5.69,10.53,14.81,10.0,28.57,10.0,97.54,76.95
L2::S::top5_ask_sum_le_783.46,single,773,26.655,99,99,12.81,80.49,12.81,14.37,11.48,13.1,12.5,97.51,88.15
L2::S::top5_ask_sum_le_783.46::top1,single+top1,29,1.0,6,1,20.69,4.88,3.45,21.43,20.0,20.0,21.43,112.7,100.91
L2::S::top5_ask_sum_le_783.46::top2,single+top2,58,2.0,10,3,17.24,8.13,5.17,14.29,20.0,16.67,18.18,108.58,96.85
L2::S::top20_bid_sum_ge_173.98,single,774,26.69,92,94,11.89,74.8,12.14,14.16,10.05,12.37,11.38,96.28,88.06
L2::S::top20_bid_sum_ge_173.98::top1,single+top1,29,1.0,3,1,10.34,2.44,3.45,14.29,6.67,21.43,0.0,122.91,140.95
L2::S::top20_bid_sum_ge_173.98::top2,single+top2,58,2.0,7,4,12.07,5.69,6.9,14.29,10.0,17.65,4.17,121.32,140.95
L2::S::top20_bid_sum_le_173.98,single,194,6.69,29,31,14.95,23.58,15.98,16.35,13.33,16.67,13.79,87.42,63.88
L2::S::top20_bid_sum_le_173.98::top1,single+top1,29,1.0,6,2,20.69,4.88,6.9,14.29,26.67,50.0,18.52,105.06,70.45
L2::S::top20_bid_sum_le_173.98::top2,single+top2,56,1.931,10,5,17.86,8.13,8.93,17.86,17.86,40.0,15.69,89.16,62.38
L2::S::top20_bid_sum_ge_318.68,single,580,20.0,65,74,11.21,52.85,12.76,14.06,9.06,11.84,10.42,96.01,87.97
L2::S::top20_bid_sum_ge_318.68::top1,single+top1,29,1.0,3,4,10.34,2.44,13.79,14.29,6.67,13.04,0.0,122.91,140.95
L2::S::top20_bid_sum_ge_318.68::top2,single+top2,58,2.0,9,6,15.52,7.32,10.34,17.86,13.33,15.56,15.38,110.02,101.07
L2::S::top20_bid_sum_le_318.68,single,388,13.379,56,51,14.43,45.53,13.14,15.58,13.23,15.89,13.5,92.0,80.51
L2::S::top20_bid_sum_le_318.68::top1,single+top1,29,1.0,4,1,13.79,3.25,3.45,7.14,20.0,100.0,10.71,118.32,123.29
L2::S::top20_bid_sum_le_318.68::top2,single+top2,58,2.0,9,3,15.52,7.32,5.17,10.71,20.0,75.0,11.11,92.2,60.88
L2::S::top20_bid_sum_ge_520.34,single,387,13.345,44,48,11.37,35.77,12.4,13.64,9.87,11.91,10.53,97.78,90.7
L2::S::top20_bid_sum_ge_520.34::top1,single+top1,29,1.0,4,4,13.79,3.25,13.79,21.43,6.67,12.5,20.0,94.45,94.66
L2::S::top20_bid_sum_ge_520.34::top2,single+top2,58,2.0,9,7,15.52,7.32,12.07,17.86,13.33,14.29,22.22,113.16,140.95
L2::S::top20_bid_sum_le_520.34,single,580,20.0,77,77,13.28,62.6,13.28,15.25,11.23,14.35,12.54,92.09,81.0
L2::S::top20_bid_sum_le_520.34::top1,single+top1,29,1.0,5,1,17.24,4.07,3.45,14.29,20.0,50.0,8.7,120.76,101.07
L2::S::top20_bid_sum_le_520.34::top2,single+top2,58,2.0,10,3,17.24,8.13,5.17,14.29,20.0,40.0,12.5,94.73,74.42
L2::S::top20_bid_sum_ge_952.76,single,195,6.724,22,21,11.28,17.89,10.77,9.86,12.1,11.81,10.29,109.43,135.3
L2::S::top20_bid_sum_ge_952.76::top1,single+top1,29,1.0,6,4,20.69,4.88,13.79,21.43,20.0,19.23,33.33,129.04,151.1
L2::S::top20_bid_sum_ge_952.76::top2,single+top2,57,1.966,9,7,15.79,7.32,12.28,14.81,16.67,15.38,20.0,122.94,140.95
L2::S::top20_bid_sum_le_952.76,single,773,26.655,101,104,13.07,82.11,13.45,15.65,10.61,14.12,12.21,92.46,81.0
L2::S::top20_bid_sum_le_952.76::top1,single+top1,29,1.0,4,1,13.79,3.25,3.45,7.14,20.0,25.0,9.52,118.59,116.77
L2::S::top20_bid_sum_le_952.76::top2,single+top2,58,2.0,10,3,17.24,8.13,5.17,14.29,20.0,23.81,13.51,120.75,125.11
L2::S::top20_ask_sum_ge_168.83,single,773,26.655,96,103,12.42,78.05,13.32,14.64,10.46,13.24,11.72,93.51,81.0
L2::S::top20_ask_sum_ge_168.83::top1,single+top1,29,1.0,4,1,13.79,3.25,3.45,0.0,26.67,14.29,13.64,153.52,183.07
L2::S::top20_ask_sum_ge_168.83::top2,single+top2,58,2.0,9,3,15.52,7.32,5.17,10.71,20.0,15.0,15.79,127.26,176.55
L2::S::top20_ask_sum_le_168.83,single,194,6.69,25,22,12.89,20.33,11.34,15.12,11.11,12.71,13.16,96.63,96.98
L2::S::top20_ask_sum_le_168.83::top1,single+top1,28,0.966,6,3,21.43,4.88,10.71,35.71,7.14,22.22,0.0,111.89,121.01
L2::S::top20_ask_sum_le_168.83::top2,single+top2,55,1.897,10,8,18.18,8.13,14.55,22.22,14.29,20.41,0.0,91.75,77.15
L2::S::top20_ask_sum_ge_325.66,single,580,20.0,74,80,12.76,60.16,13.79,15.33,10.46,13.17,12.46,93.05,81.0
L2::S::top20_ask_sum_ge_325.66::top1,single+top1,29,1.0,3,2,10.34,2.44,6.9,0.0,20.0,0.0,11.54,145.84,189.6
L2::S::top20_ask_sum_ge_325.66::top2,single+top2,58,2.0,8,4,13.79,6.5,6.9,14.29,13.33,22.22,12.24,94.66,60.43
L2::S::top20_ask_sum_le_325.66,single,387,13.345,48,45,12.4,39.02,11.63,13.79,11.27,13.48,10.83,97.37,90.39
L2::S::top20_ask_sum_le_325.66::top1,single+top1,29,1.0,6,2,20.69,4.88,6.9,28.57,13.33,18.52,50.0,89.03,76.75
L2::S::top20_ask_sum_le_325.66::top2,single+top2,58,2.0,11,8,18.97,8.94,13.79,21.43,16.67,16.67,50.0,94.98,92.63
L2::S::top20_ask_sum_ge_578.12,single,387,13.345,49,54,12.66,39.84,13.95,14.77,10.9,11.46,13.48,82.77,76.95
L2::S::top20_ask_sum_ge_578.12::top1,single+top1,29,1.0,4,1,13.79,3.25,3.45,0.0,26.67,0.0,14.81,146.66,169.38
L2::S::top20_ask_sum_ge_578.12::top2,single+top2,58,2.0,9,4,15.52,7.32,6.9,10.71,20.0,0.0,16.67,98.65,63.88
L2::S::top20_ask_sum_le_578.12,single,580,20.0,72,71,12.41,58.54,12.24,14.65,10.42,13.92,10.61,101.91,94.81
L2::S::top20_ask_sum_le_578.12::top1,single+top1,29,1.0,5,2,17.24,4.07,6.9,21.43,13.33,14.29,25.0,122.93,140.95
L2::S::top20_ask_sum_le_578.12::top2,single+top2,58,2.0,9,4,15.52,7.32,6.9,17.86,13.33,15.91,14.29,110.76,101.07
L2::S::top20_ask_sum_ge_1025.51,single,194,6.69,21,31,10.82,17.07,15.98,15.31,6.25,16.67,7.81,75.77,70.43
L2::S::top20_ask_sum_ge_1025.51::top1,single+top1,29,1.0,4,2,13.79,3.25,6.9,7.14,20.0,0.0,14.29,128.41,129.41
L2::S::top20_ask_sum_ge_1025.51::top2,single+top2,58,2.0,6,6,10.34,4.88,10.34,10.71,10.0,25.0,9.26,104.71,94.0
L2::S::top20_ask_sum_le_1025.51,single,773,26.655,100,94,12.94,81.3,12.16,14.53,11.61,12.56,13.35,98.02,88.06
L2::S::top20_ask_sum_le_1025.51::top1,single+top1,29,1.0,5,1,17.24,4.07,3.45,14.29,20.0,18.75,15.38,123.06,140.95
L2::S::top20_ask_sum_le_1025.51::top2,single+top2,58,2.0,10,2,17.24,8.13,3.45,14.29,20.0,16.67,18.18,108.58,96.85
L2::S::top5_imbalance_ge_-0.662,single,773,26.655,95,94,12.29,77.24,12.16,13.7,11.16,12.81,11.73,97.0,88.15
L2::S::top5_imbalance_ge_-0.662::top1,single+top1,29,1.0,5,2,17.24,4.07,6.9,21.43,13.33,18.75,15.38,123.84,140.95
L2::S::top5_imbalance_ge_-0.662::top2,single+top2,58,2.0,10,5,17.24,8.13,8.62,14.29,20.0,16.67,18.18,136.54,158.75
L2::S::top5_imbalance_le_-0.662,single,195,6.724,27,31,13.85,21.95,15.9,18.1,8.89,14.86,13.22,85.91,80.02
L2::S::top5_imbalance_le_-0.662::top1,single+top1,29,1.0,4,2,13.79,3.25,6.9,7.14,20.0,,13.79,64.83,48.15
L2::S::top5_imbalance_le_-0.662::top2,single+top2,58,2.0,10,3,17.24,8.13,5.17,17.86,16.67,50.0,16.07,100.16,72.44
L2::S::top5_imbalance_ge_-0.2186,single,580,20.0,66,72,11.38,53.66,12.41,13.48,9.58,12.16,10.36,103.32,94.81
L2::S::top5_imbalance_ge_-0.2186::top1,single+top1,29,1.0,6,2,20.69,4.88,6.9,21.43,20.0,18.52,50.0,81.86,71.93
L2::S::top5_imbalance_ge_-0.2186::top2,single+top2,58,2.0,10,5,17.24,8.13,8.62,17.86,16.67,15.69,28.57,85.87,71.93
L2::S::top5_imbalance_le_-0.2186,single,387,13.345,55,53,14.21,44.72,13.7,16.57,12.14,15.38,13.52,83.16,70.43
L2::S::top5_imbalance_le_-0.2186::top1,single+top1,29,1.0,3,2,10.34,2.44,6.9,0.0,20.0,,10.34,145.84,189.6
L2::S::top5_imbalance_le_-0.2186::top2,single+top2,58,2.0,8,3,13.79,6.5,5.17,10.71,16.67,,13.79,92.96,58.93
L2::S::top5_imbalance_ge_0.2384,single,387,13.345,43,46,11.11,34.96,11.89,14.02,8.97,12.33,9.38,100.62,96.98
L2::S::top5_imbalance_ge_0.2384::top1,single+top1,29,1.0,5,3,17.24,4.07,10.34,21.43,13.33,17.24,,94.66,92.63
L2::S::top5_imbalance_ge_0.2384::top2,single+top2,58,2.0,9,7,15.52,7.32,12.07,17.86,13.33,16.07,0.0,105.97,101.07
L2::S::top5_imbalance_le_0.2384,single,580,20.0,78,79,13.45,63.41,13.62,15.09,11.86,13.82,13.17,90.59,78.16
L2::S::top5_imbalance_le_0.2384::top1,single+top1,29,1.0,3,2,10.34,2.44,6.9,0.0,20.0,0.0,11.11,145.84,189.6
L2::S::top5_imbalance_le_0.2384::top2,single+top2,58,2.0,8,4,13.79,6.5,6.9,10.71,16.67,16.67,13.46,100.86,66.28
L2::S::top5_imbalance_ge_0.6569,single,194,6.69,18,22,9.28,14.63,11.34,11.76,7.34,9.32,9.21,99.14,92.56
L2::S::top5_imbalance_ge_0.6569::top1,single+top1,29,1.0,4,2,13.79,3.25,6.9,28.57,0.0,14.29,0.0,91.34,96.09
L2::S::top5_imbalance_ge_0.6569::top2,single+top2,58,2.0,7,6,12.07,5.69,10.34,14.29,10.0,13.46,0.0,79.75,51.23
L2::S::top5_imbalance_le_0.6569,single,773,26.655,103,103,13.32,83.74,13.32,15.38,11.49,14.41,12.41,93.29,81.0
L2::S::top5_imbalance_le_0.6569::top1,single+top1,29,1.0,4,1,13.79,3.25,3.45,0.0,26.67,16.67,13.04,153.52,183.07
L2::S::top5_imbalance_le_0.6569::top2,single+top2,58,2.0,10,2,17.24,8.13,3.45,14.29,20.0,22.22,15.0,124.64,138.81
L2::S::top20_imbalance_ge_-0.6791,single,773,26.655,97,93,12.55,78.86,12.03,14.12,11.27,12.87,12.2,95.62,87.97
L2::S::top20_imbalance_ge_-0.6791::top1,single+top1,29,1.0,4,2,13.79,3.25,6.9,14.29,13.33,20.0,7.14,139.58,158.75
L2::S::top20_imbalance_ge_-0.6791::top2,single+top2,58,2.0,10,4,17.24,8.13,6.9,14.29,20.0,17.14,17.39,121.97,121.01
L2::S::top20_imbalance_le_-0.6791,single,194,6.69,24,32,12.37,19.51,16.49,16.83,7.53,14.49,11.2,88.26,80.51
L2::S::top20_imbalance_le_-0.6791::top1,single+top1,29,1.0,5,2,17.24,4.07,6.9,14.29,20.0,,17.24,80.29,63.88
L2::S::top20_imbalance_le_-0.6791::top2,single+top2,58,2.0,10,3,17.24,8.13,5.17,21.43,13.33,33.33,16.36,94.13,75.72
L2::S::top20_imbalance_ge_-0.2146,single,580,20.0,68,68,11.72,55.28,11.72,14.01,9.91,12.2,11.11,102.22,94.81
L2::S::top20_imbalance_ge_-0.2146::top1,single+top1,29,1.0,6,2,20.69,4.88,6.9,21.43,20.0,18.52,50.0,81.86,71.93
L2::S::top20_imbalance_ge_-0.2146::top2,single+top2,58,2.0,11,4,18.97,8.94,6.9,17.86,20.0,16.33,33.33,95.42,92.63
L2::S::top20_imbalance_le_-0.2146,single,388,13.379,53,57,13.66,43.09,14.69,15.54,11.79,15.07,12.81,83.81,70.43
L2::S::top20_imbalance_le_-0.2146::top1,single+top1,29,1.0,2,2,6.9,1.63,6.9,0.0,13.33,,6.9,123.29,123.29
L2::S::top20_imbalance_le_-0.2146::top2,single+top2,58,2.0,7,3,12.07,5.69,5.17,10.71,13.33,100.0,10.53,88.38,60.88
L2::S::top20_imbalance_ge_0.2464,single,387,13.345,45,45,11.63,36.59,11.63,13.5,10.27,13.19,9.21,103.0,92.63
L2::S::top20_imbalance_ge_0.2464::top1,single+top1,29,1.0,5,3,17.24,4.07,10.34,21.43,13.33,17.86,0.0,94.66,92.63
L2::S::top20_imbalance_ge_0.2464::top2,single+top2,58,2.0,10,7,17.24,8.13,12.07,21.43,13.33,16.36,33.33,100.21,96.85
L2::S::top20_imbalance_le_0.2464,single,580,20.0,76,80,13.1,61.79,13.79,15.38,10.88,13.03,13.16,88.92,78.48
L2::S::top20_imbalance_le_0.2464::top1,single+top1,29,1.0,3,2,10.34,2.44,6.9,0.0,20.0,0.0,11.11,145.84,189.6
L2::S::top20_imbalance_le_0.2464::top2,single+top2,58,2.0,8,4,13.79,6.5,6.9,10.71,16.67,28.57,11.76,97.22,66.28
L2::S::top20_imbalance_ge_0.648,single,194,6.69,23,26,11.86,18.7,13.4,13.1,10.91,11.67,12.16,96.09,88.15
L2::S::top20_imbalance_ge_0.648::top1,single+top1,29,1.0,4,4,13.79,3.25,13.79,28.57,0.0,14.29,0.0,91.34,96.09
L2::S::top20_imbalance_ge_0.648::top2,single+top2,57,1.966,9,8,15.79,7.32,14.04,22.22,10.0,16.67,0.0,80.62,53.23
L2::S::top20_imbalance_le_0.648,single,773,26.655,98,99,12.68,79.67,12.81,15.07,10.54,13.64,11.88,93.7,81.0
L2::S::top20_imbalance_le_0.648::top1,single+top1,29,1.0,4,1,13.79,3.25,3.45,0.0,26.67,14.29,13.64,153.52,183.07
L2::S::top20_imbalance_le_0.648::top2,single+top2,58,2.0,9,3,15.52,7.32,5.17,10.71,20.0,20.0,13.16,133.12,176.55
L2::S::microprice_dev_bps_ge_-0.005,single,833,28.724,102,101,12.24,82.93,12.12,13.87,10.92,12.5,11.99,97.55,88.06
L2::S::microprice_dev_bps_ge_-0.005::top1,single+top1,29,1.0,5,2,17.24,4.07,6.9,21.43,13.33,21.43,13.33,123.84,140.95
L2::S::microprice_dev_bps_ge_-0.005::top2,single+top2,58,2.0,9,5,15.52,7.32,8.62,14.29,16.67,15.62,15.38,141.42,176.55
L2::S::microprice_dev_bps_le_-0.005,single,211,7.276,29,32,13.74,23.58,15.17,17.5,8.79,15.85,12.4,78.85,76.95
L2::S::microprice_dev_bps_le_-0.005::top1,single+top1,29,1.0,4,2,13.79,3.25,6.9,0.0,26.67,,13.79,152.23,165.41
L2::S::microprice_dev_bps_le_-0.005::top2,single+top2,58,2.0,10,3,17.24,8.13,5.17,17.86,16.67,50.0,16.07,96.77,72.44
L2::S::microprice_dev_bps_ge_-0.002,single,631,21.759,70,77,11.09,56.91,12.2,13.38,9.22,11.75,10.28,102.06,90.7
L2::S::microprice_dev_bps_ge_-0.002::top1,single+top1,29,1.0,5,1,17.24,4.07,3.45,28.57,6.67,16.0,25.0,88.31,60.88
L2::S::microprice_dev_bps_ge_-0.002::top2,single+top2,58,2.0,11,4,18.97,8.94,6.9,21.43,16.67,16.67,30.0,83.6,60.88
L2::S::microprice_dev_bps_le_-0.002,single,387,13.345,54,54,13.95,43.9,13.95,16.22,11.88,14.97,13.33,82.41,67.16
L2::S::microprice_dev_bps_le_-0.002::top1,single+top1,29,1.0,3,1,10.34,2.44,3.45,0.0,20.0,,10.34,145.84,189.6
L2::S::microprice_dev_bps_le_-0.002::top2,single+top2,58,2.0,8,2,13.79,6.5,3.45,10.71,16.67,,13.79,92.96,58.93
L2::S::microprice_dev_bps_ge_0.002,single,406,14.0,47,48,11.58,38.21,11.82,14.37,9.48,12.5,10.24,96.89,92.63
L2::S::microprice_dev_bps_ge_0.002::top1,single+top1,29,1.0,5,3,17.24,4.07,10.34,21.43,13.33,17.24,,94.66,92.63
L2::S::microprice_dev_bps_ge_0.002::top2,single+top2,58,2.0,10,6,17.24,8.13,10.34,21.43,13.33,17.86,0.0,97.3,96.85
L2::S::microprice_dev_bps_le_0.002,single,622,21.448,80,85,12.86,65.04,13.67,14.52,11.29,12.5,13.13,92.36,79.69
L2::S::microprice_dev_bps_le_0.002::top1,single+top1,29,1.0,3,2,10.34,2.44,6.9,0.0,20.0,0.0,11.11,145.84,189.6
L2::S::microprice_dev_bps_le_0.002::top2,single+top2,58,2.0,8,4,13.79,6.5,6.9,10.71,16.67,11.11,14.29,100.86,66.28
L2::S::microprice_dev_bps_ge_0.005,single,198,6.828,19,24,9.6,15.45,12.12,12.05,7.83,9.24,10.13,96.9,88.15
L2::S::microprice_dev_bps_ge_0.005::top1,single+top1,29,1.0,4,4,13.79,3.25,13.79,28.57,0.0,14.29,0.0,91.34,96.09
L2::S::microprice_dev_bps_ge_0.005::top2,single+top2,58,2.0,8,8,13.79,6.5,13.79,14.29,13.33,13.46,16.67,90.13,96.09
L2::S::microprice_dev_bps_le_0.005,single,832,28.69,106,107,12.74,86.18,12.86,14.91,10.84,13.4,12.16,92.49,81.0
L2::S::microprice_dev_bps_le_0.005::top1,single+top1,29,1.0,3,1,10.34,2.44,3.45,0.0,20.0,11.11,10.0,141.04,176.55
L2::S::microprice_dev_bps_le_0.005::top2,single+top2,58,2.0,9,3,15.52,7.32,5.17,10.71,20.0,14.29,16.22,115.58,101.07
L2::S::update_rate_30s_ge_922.3,single,773,26.655,105,114,13.58,85.37,14.75,15.9,11.44,14.4,12.81,93.33,82.85
L2::S::update_rate_30s_ge_922.3::top1,single+top1,29,1.0,6,1,20.69,4.88,3.45,21.43,20.0,33.33,11.76,119.4,121.01
L2::S::update_rate_30s_ge_922.3::top2,single+top2,58,2.0,11,3,18.97,8.94,5.17,14.29,23.33,19.35,18.52,129.31,140.95
L2::S::update_rate_30s_le_922.3,single,194,6.69,16,12,8.25,13.01,6.19,9.09,7.69,8.25,8.25,99.58,102.87
L2::S::update_rate_30s_le_922.3::top1,single+top1,24,0.828,3,3,12.5,2.44,12.5,20.0,7.14,20.0,7.14,121.09,117.75
L2::S::update_rate_30s_le_922.3::top2,single+top2,48,1.655,6,4,12.5,4.88,8.33,15.0,10.71,14.29,11.11,97.3,78.53
L2::S::update_rate_30s_ge_1210.03,single,580,20.0,74,88,12.76,60.16,15.17,15.89,9.35,14.13,11.45,86.64,79.38
L2::S::update_rate_30s_ge_1210.03::top1,single+top1,27,0.931,4,4,14.81,3.25,14.81,15.38,14.29,23.53,0.0,84.27,76.15
L2::S::update_rate_30s_ge_1210.03::top2,single+top2,53,1.828,6,6,11.32,4.88,11.32,11.54,11.11,16.13,4.55,95.75,80.97
L2::S::update_rate_30s_le_1210.03,single,387,13.345,47,37,12.14,38.21,9.56,12.33,12.03,11.64,12.63,105.99,96.98
L2::S::update_rate_30s_le_1210.03::top1,single+top1,27,0.931,4,3,14.81,3.25,11.11,8.33,20.0,14.29,15.0,144.62,165.27
L2::S::update_rate_30s_le_1210.03::top2,single+top2,54,1.862,8,5,14.81,6.5,9.26,12.5,16.67,10.53,17.14,122.52,141.09
L2::S::update_rate_30s_ge_1532.53,single,387,13.345,44,60,11.37,35.77,15.5,15.89,5.78,11.41,11.33,75.43,62.19
L2::S::update_rate_30s_ge_1532.53::top1,single+top1,25,0.862,5,2,20.0,4.07,8.0,23.08,16.67,30.77,8.33,68.8,51.23
L2::S::update_rate_30s_ge_1532.53::top2,single+top2,48,1.655,9,4,18.75,7.32,8.33,20.83,16.67,27.27,11.54,89.16,60.88
L2::S::update_rate_30s_le_1532.53,single,580,20.0,77,65,13.28,62.6,11.21,13.68,13.01,14.19,12.37,104.86,101.07
L2::S::update_rate_30s_le_1532.53::top1,single+top1,29,1.0,4,3,13.79,3.25,10.34,7.14,20.0,20.0,10.53,148.12,165.27
L2::S::update_rate_30s_le_1532.53::top2,single+top2,58,2.0,8,7,13.79,6.5,12.07,10.71,16.67,14.81,12.9,140.17,165.27
L2::S::update_rate_30s_ge_1988.47,single,194,6.69,16,26,8.25,13.01,13.4,11.4,3.75,6.82,9.43,60.25,60.11
L2::S::update_rate_30s_ge_1988.47::top1,single+top1,22,0.759,3,0,13.64,2.44,0.0,9.09,18.18,22.22,7.69,63.92,19.25
L2::S::update_rate_30s_ge_1988.47::top2,single+top2,44,1.517,4,3,9.09,3.25,6.82,9.09,9.09,17.65,3.7,73.18,60.12
L2::S::update_rate_30s_le_1988.47,single,773,26.655,105,99,13.58,85.37,12.81,15.87,11.85,14.55,12.63,99.32,87.97
L2::S::update_rate_30s_le_1988.47::top1,single+top1,29,1.0,5,1,17.24,4.07,3.45,14.29,20.0,27.27,11.11,123.06,140.95
L2::S::update_rate_30s_le_1988.47::top2,single+top2,58,2.0,10,3,17.24,8.13,5.17,14.29,20.0,18.52,16.13,118.41,121.01
L2::S::l2_imb5_aligned_ge_-0.5412,single,773,26.655,97,93,12.55,78.86,12.03,14.68,10.68,12.8,12.31,95.95,82.85
L2::S::l2_imb5_aligned_ge_-0.5412::top1,single+top1,29,1.0,5,1,17.24,4.07,3.45,14.29,20.0,27.27,11.11,123.06,140.95
L2::S::l2_imb5_aligned_ge_-0.5412::top2,single+top2,58,2.0,10,3,17.24,8.13,5.17,14.29,20.0,19.23,15.62,118.41,121.01
L2::S::l2_imb5_aligned_le_-0.5412,single,194,6.69,24,32,12.37,19.51,16.49,14.77,10.38,14.43,10.31,86.89,86.66
L2::S::l2_imb5_aligned_le_-0.5412::top1,single+top1,29,1.0,3,4,10.34,2.44,13.79,14.29,6.67,8.33,11.76,93.93,87.97
L2::S::l2_imb5_aligned_le_-0.5412::top2,single+top2,57,1.966,9,9,15.79,7.32,15.79,17.86,13.79,16.0,15.62,97.52,87.97
L2::S::l2_imb5_aligned_ge_-0.0259,single,580,20.0,78,64,13.45,63.41,11.03,14.87,12.22,12.28,14.58,96.12,81.92
L2::S::l2_imb5_aligned_ge_-0.0259::top1,single+top1,29,1.0,5,1,17.24,4.07,3.45,14.29,20.0,27.27,11.11,123.06,140.95
L2::S::l2_imb5_aligned_ge_-0.0259::top2,single+top2,58,2.0,10,3,17.24,8.13,5.17,14.29,20.0,19.23,15.62,118.41,121.01
L2::S::l2_imb5_aligned_le_-0.0259,single,387,13.345,44,61,11.37,35.77,15.76,15.0,8.21,14.89,8.04,92.45,87.67
L2::S::l2_imb5_aligned_le_-0.0259::top1,single+top1,29,1.0,7,2,24.14,5.69,6.9,28.57,20.0,33.33,14.29,111.99,87.97
L2::S::l2_imb5_aligned_le_-0.0259::top2,single+top2,58,2.0,12,5,20.69,9.76,8.62,25.0,16.67,28.57,13.33,91.3,79.83
L2::S::l2_imb5_aligned_ge_0.4175,single,387,13.345,53,44,13.7,43.09,11.37,15.52,12.21,14.21,13.2,98.49,82.85
L2::S::l2_imb5_aligned_ge_0.4175::top1,single+top1,29,1.0,6,1,20.69,4.88,3.45,21.43,20.0,33.33,11.76,104.54,98.96
L2::S::l2_imb5_aligned_ge_0.4175::top2,single+top2,58,2.0,11,4,18.97,8.94,6.9,17.86,20.0,20.69,17.24,109.0,101.07
L2::S::l2_imb5_aligned_le_0.4175,single,580,20.0,68,81,11.72,55.28,13.97,14.18,9.51,12.37,11.11,90.78,86.19
L2::S::l2_imb5_aligned_le_0.4175::top1,single+top1,29,1.0,6,2,20.69,4.88,6.9,28.57,13.33,16.67,23.53,107.76,74.42
L2::S::l2_imb5_aligned_le_0.4175::top2,single+top2,58,2.0,11,6,18.97,8.94,10.34,28.57,10.0,17.86,20.0,90.98,71.68
L2::S::l2_imb5_aligned_ge_0.7266,single,194,6.69,25,19,12.89,20.33,9.79,16.49,9.28,11.34,14.43,92.11,81.0
L2::S::l2_imb5_aligned_ge_0.7266::top1,single+top1,29,1.0,5,1,17.24,4.07,3.45,21.43,13.33,18.75,15.38,60.08,51.23
L2::S::l2_imb5_aligned_ge_0.7266::top2,single+top2,57,1.966,11,3,19.3,8.94,5.26,22.22,16.67,17.24,21.43,76.32,56.98
L2::S::l2_imb5_aligned_le_0.7266,single,773,26.655,97,106,12.55,78.86,13.71,14.25,11.14,13.6,11.56,96.02,87.37
L2::S::l2_imb5_aligned_le_0.7266::top1,single+top1,29,1.0,4,1,13.79,3.25,3.45,14.29,13.33,20.0,10.53,158.31,183.07
L2::S::l2_imb5_aligned_le_0.7266::top2,single+top2,58,2.0,11,4,18.97,8.94,6.9,17.86,20.0,22.22,16.13,134.09,176.55
L2::S::l2_imb20_aligned_ge_-0.5098,single,773,26.655,96,96,12.42,78.05,12.42,14.53,10.6,12.47,12.37,97.74,84.63
L2::S::l2_imb20_aligned_ge_-0.5098::top1,single+top1,29,1.0,5,1,17.24,4.07,3.45,14.29,20.0,27.27,11.11,123.06,140.95
L2::S::l2_imb20_aligned_ge_-0.5098::top2,single+top2,58,2.0,10,3,17.24,8.13,5.17,14.29,20.0,19.23,15.62,118.41,121.01
L2::S::l2_imb20_aligned_le_-0.5098,single,194,6.69,25,29,12.89,20.33,14.95,15.56,10.58,15.79,10.1,80.4,85.95
L2::S::l2_imb20_aligned_le_-0.5098::top1,single+top1,29,1.0,4,3,13.79,3.25,10.34,21.43,6.67,18.18,11.11,101.04,105.16
L2::S::l2_imb20_aligned_le_-0.5098::top2,single+top2,57,1.966,9,9,15.79,7.32,15.79,17.86,13.79,16.0,15.62,98.03,87.97
L2::S::l2_imb20_aligned_ge_-0.0016,single,580,20.0,76,67,13.1,61.79,11.55,15.21,11.36,12.54,13.62,97.4,81.92
L2::S::l2_imb20_aligned_ge_-0.0016::top1,single+top1,29,1.0,5,1,17.24,4.07,3.45,14.29,20.0,27.27,11.11,123.06,140.95
L2::S::l2_imb20_aligned_ge_-0.0016::top2,single+top2,58,2.0,10,3,17.24,8.13,5.17,14.29,20.0,19.23,15.62,118.41,121.01
L2::S::l2_imb20_aligned_le_-0.0016,single,387,13.345,45,59,11.63,36.59,15.25,14.05,9.41,13.92,9.33,88.68,87.37
L2::S::l2_imb20_aligned_le_-0.0016::top1,single+top1,29,1.0,6,2,20.69,4.88,6.9,21.43,20.0,23.08,18.75,72.27,48.2
L2::S::l2_imb20_aligned_le_-0.0016::top2,single+top2,58,2.0,12,4,20.69,9.76,6.9,21.43,20.0,21.43,20.0,94.49,68.17
L2::S::l2_imb20_aligned_ge_0.4222,single,387,13.345,50,45,12.92,40.65,11.63,15.38,10.73,13.37,12.5,94.6,81.92
L2::S::l2_imb20_aligned_ge_0.4222::top1,single+top1,29,1.0,5,1,17.24,4.07,3.45,14.29,20.0,27.27,11.11,123.06,140.95
L2::S::l2_imb20_aligned_ge_0.4222::top2,single+top2,58,2.0,10,3,17.24,8.13,5.17,17.86,16.67,22.22,12.9,100.81,82.47
L2::S::l2_imb20_aligned_le_0.4222,single,580,20.0,71,81,12.24,57.72,13.97,14.23,10.54,12.94,11.56,93.84,86.42
L2::S::l2_imb20_aligned_le_0.4222::top1,single+top1,29,1.0,5,2,17.24,4.07,6.9,14.29,20.0,20.0,15.79,146.99,190.22
L2::S::l2_imb20_aligned_le_0.4222::top2,single+top2,58,2.0,12,5,20.69,9.76,8.62,21.43,20.0,22.22,19.35,116.0,87.97
L2::S::l2_imb20_aligned_ge_0.7317,single,194,6.69,23,26,11.86,18.7,13.4,15.79,8.08,12.09,11.65,91.56,81.0
L2::S::l2_imb20_aligned_ge_0.7317::top1,single+top1,29,1.0,5,2,17.24,4.07,6.9,28.57,6.67,18.75,15.38,64.99,56.98
L2::S::l2_imb20_aligned_ge_0.7317::top2,single+top2,58,2.0,13,6,22.41,10.57,10.34,25.0,20.0,21.21,24.0,86.2,63.88
L2::S::l2_imb20_aligned_le_0.7317,single,773,26.655,98,99,12.68,79.67,12.81,14.45,11.19,13.35,12.02,94.77,86.19
L2::S::l2_imb20_aligned_le_0.7317::top1,single+top1,29,1.0,3,2,10.34,2.44,6.9,7.14,13.33,15.38,6.25,190.78,189.6
L2::S::l2_imb20_aligned_le_0.7317::top2,single+top2,58,2.0,10,3,17.24,8.13,5.17,14.29,20.0,21.43,13.33,128.09,138.81
L2::S::l2_microprice_aligned_ge_-0.004,single,805,27.759,100,99,12.42,81.3,12.3,14.05,11.03,12.56,12.29,97.19,84.63
L2::S::l2_microprice_aligned_ge_-0.004::top1,single+top1,29,1.0,5,1,17.24,4.07,3.45,14.29,20.0,27.27,11.11,123.06,140.95
L2::S::l2_microprice_aligned_ge_-0.004::top2,single+top2,58,2.0,10,3,17.24,8.13,5.17,14.29,20.0,19.23,15.62,118.41,121.01
L2::S::l2_microprice_aligned_le_-0.004,single,212,7.31,27,35,12.74,21.95,16.51,16.67,9.48,15.38,10.19,84.31,87.37
L2::S::l2_microprice_aligned_le_-0.004::top1,single+top1,29,1.0,3,5,10.34,2.44,17.24,14.29,6.67,9.09,11.11,93.93,87.97
L2::S::l2_microprice_aligned_le_-0.004::top2,single+top2,57,1.966,9,9,15.79,7.32,15.79,17.86,13.79,15.38,16.13,97.52,87.97
L2::S::l2_microprice_aligned_ge_0.0,single,598,20.621,77,68,12.88,62.6,11.37,14.08,11.84,11.9,13.82,96.25,81.0
L2::S::l2_microprice_aligned_ge_0.0::top1,single+top1,29,1.0,5,1,17.24,4.07,3.45,14.29,20.0,27.27,11.11,123.06,140.95
L2::S::l2_microprice_aligned_ge_0.0::top2,single+top2,58,2.0,11,3,18.97,8.94,5.17,14.29,23.33,22.22,16.13,116.06,101.07
L2::S::l2_microprice_aligned_le_0.0,single,428,14.759,51,65,11.92,41.46,15.19,15.69,8.48,13.68,10.19,90.38,85.95
L2::S::l2_microprice_aligned_le_0.0::top1,single+top1,29,1.0,7,3,24.14,5.69,10.34,28.57,20.0,25.0,23.08,86.11,48.37
L2::S::l2_microprice_aligned_le_0.0::top2,single+top2,58,2.0,13,6,22.41,10.57,10.34,28.57,16.67,29.63,16.13,87.31,71.68
L2::S::l2_microprice_aligned_ge_0.003,single,420,14.483,59,46,14.05,47.97,10.95,15.98,12.39,13.94,14.15,95.62,82.85
L2::S::l2_microprice_aligned_ge_0.003::top1,single+top1,29,1.0,5,1,17.24,4.07,3.45,14.29,20.0,27.27,11.11,123.06,140.95
L2::S::l2_microprice_aligned_ge_0.003::top2,single+top2,58,2.0,11,3,18.97,8.94,5.17,14.29,23.33,21.43,16.67,116.34,101.07
L2::S::l2_microprice_aligned_le_0.003,single,641,22.103,76,87,11.86,61.79,13.57,13.65,10.34,12.58,11.15,94.89,86.9
L2::S::l2_microprice_aligned_le_0.003::top1,single+top1,29,1.0,5,3,17.24,4.07,10.34,14.29,20.0,20.0,15.79,169.6,190.93
L2::S::l2_microprice_aligned_le_0.003::top2,single+top2,58,2.0,10,4,17.24,8.13,6.9,21.43,13.33,18.52,16.13,128.99,136.51
L2::S::l2_microprice_aligned_ge_0.005,single,248,8.552,27,30,10.89,21.95,12.1,13.6,8.13,9.24,12.4,90.9,81.0
L2::S::l2_microprice_aligned_ge_0.005::top1,single+top1,29,1.0,6,1,20.69,4.88,3.45,21.43,20.0,20.0,21.43,111.97,98.96
L2::S::l2_microprice_aligned_ge_0.005::top2,single+top2,58,2.0,11,3,18.97,8.94,5.17,17.86,20.0,16.67,21.43,91.57,63.88
L2::S::l2_microprice_aligned_le_0.005,single,805,27.759,102,108,12.67,82.93,13.42,15.03,10.71,13.4,11.99,96.31,86.9
L2::S::l2_microprice_aligned_le_0.005::top1,single+top1,29,1.0,3,2,10.34,2.44,6.9,7.14,13.33,8.33,11.76,142.34,176.55
L2::S::l2_microprice_aligned_le_0.005::top2,single+top2,58,2.0,8,5,13.79,6.5,8.62,10.71,16.67,11.54,15.62,141.12,176.55
L2::S::depth_top1_ratio_aligned_ge_0.3013,single,773,26.655,96,92,12.42,78.05,11.9,14.4,10.68,12.63,12.22,97.79,84.63
L2::S::depth_top1_ratio_aligned_ge_0.3013::top1,single+top1,29,1.0,5,1,17.24,4.07,3.45,14.29,20.0,27.27,11.11,123.06,140.95
L2::S::depth_top1_ratio_aligned_ge_0.3013::top2,single+top2,58,2.0,10,3,17.24,8.13,5.17,14.29,20.0,19.23,15.62,118.41,121.01
L2::S::depth_top1_ratio_aligned_le_0.3013,single,194,6.69,25,33,12.89,20.33,17.01,15.91,10.38,14.85,10.75,80.19,85.95
L2::S::depth_top1_ratio_aligned_le_0.3013::top1,single+top1,29,1.0,3,4,10.34,2.44,13.79,14.29,6.67,8.33,11.76,93.93,87.97
L2::S::depth_top1_ratio_aligned_le_0.3013::top2,single+top2,56,1.931,9,9,16.07,7.32,16.07,17.86,14.29,14.81,17.24,97.52,87.97
L2::S::depth_top1_ratio_aligned_ge_0.9445,single,580,20.0,76,66,13.1,61.79,11.38,14.23,12.14,11.93,14.24,95.24,81.0
L2::S::depth_top1_ratio_aligned_ge_0.9445::top1,single+top1,29,1.0,5,1,17.24,4.07,3.45,14.29,20.0,27.27,11.11,123.06,140.95
L2::S::depth_top1_ratio_aligned_ge_0.9445::top2,single+top2,58,2.0,11,3,18.97,8.94,5.17,14.29,23.33,22.22,16.13,116.06,101.07
L2::S::depth_top1_ratio_aligned_le_0.9445,single,387,13.345,45,59,11.63,36.59,15.25,15.38,8.29,14.89,8.54,92.32,87.37
L2::S::depth_top1_ratio_aligned_le_0.9445::top1,single+top1,29,1.0,7,2,24.14,5.69,6.9,28.57,20.0,33.33,14.29,111.99,87.97
L2::S::depth_top1_ratio_aligned_le_0.9445::top2,single+top2,58,2.0,12,5,20.69,9.76,8.62,25.0,16.67,29.63,12.9,91.3,79.83
L2::S::depth_top1_ratio_aligned_ge_2.3945,single,387,13.345,54,43,13.95,43.9,11.11,15.73,12.44,14.58,13.33,98.38,87.74
L2::S::depth_top1_ratio_aligned_ge_2.3945::top1,single+top1,29,1.0,6,1,20.69,4.88,3.45,21.43,20.0,33.33,11.76,104.54,98.96
L2::S::depth_top1_ratio_aligned_ge_2.3945::top2,single+top2,58,2.0,12,4,20.69,9.76,6.9,17.86,23.33,23.33,17.86,107.64,96.85
L2::S::depth_top1_ratio_aligned_le_2.3945,single,580,20.0,67,82,11.55,54.47,14.14,14.02,9.39,12.1,11.04,90.75,85.95
L2::S::depth_top1_ratio_aligned_le_2.3945::top1,single+top1,29,1.0,5,3,17.24,4.07,10.34,21.43,13.33,7.69,25.0,120.58,87.97
L2::S::depth_top1_ratio_aligned_le_2.3945::top2,single+top2,58,2.0,10,7,17.24,8.13,12.07,25.0,10.0,16.67,17.86,117.06,87.97
L2::S::depth_top1_ratio_aligned_ge_5.7612,single,194,6.69,23,20,11.86,18.7,10.31,15.31,8.33,10.53,13.13,86.8,81.0
L2::S::depth_top1_ratio_aligned_ge_5.7612::top1,single+top1,29,1.0,6,1,20.69,4.88,3.45,21.43,20.0,18.75,23.08,86.92,54.1
L2::S::depth_top1_ratio_aligned_ge_5.7612::top2,single+top2,57,1.966,10,3,17.54,8.13,5.26,18.52,16.67,16.13,19.23,81.77,60.43
L2::S::depth_top1_ratio_aligned_le_5.7612,single,773,26.655,98,105,12.68,79.67,13.58,14.53,11.14,13.79,11.62,95.88,86.9
L2::S::depth_top1_ratio_aligned_le_5.7612::top1,single+top1,29,1.0,3,2,10.34,2.44,6.9,7.14,13.33,9.09,11.11,142.34,176.55
L2::S::depth_top1_ratio_aligned_le_5.7612::top2,single+top2,58,2.0,9,4,15.52,7.32,6.9,14.29,16.67,16.0,15.15,148.36,176.55
L2::S::cand_range_compression_TRUE,single,1043,35.966,123,139,11.79,100.0,13.33,13.24,10.43,12.4,11.21,96.41,86.42
L2::S::cand_range_compression_TRUE::top1,single+top1,29,1.0,5,1,17.24,4.07,3.45,14.29,20.0,27.27,11.11,123.06,140.95
L2::S::cand_range_compression_TRUE::top2,single+top2,58,2.0,10,3,17.24,8.13,5.17,14.29,20.0,19.23,15.62,118.41,121.01
L2::S::cand_range_compression_FALSE,single,0,0.0,0,0,,0.0,,,,,,,
L2::S::cand_range_compression_FALSE::top1,single+top1,0,0.0,0,0,,0.0,,,,,,,
L2::S::cand_range_compression_FALSE::top2,single+top2,0,0.0,0,0,,0.0,,,,,,,
L2::S::sweep_reclaim_aligned_TRUE,single,958,33.034,116,129,12.11,94.31,13.47,13.36,10.93,12.55,11.69,96.27,86.19
L2::S::sweep_reclaim_aligned_TRUE::top1,single+top1,29,1.0,5,1,17.24,4.07,3.45,14.29,20.0,27.27,11.11,123.06,140.95
L2::S::sweep_reclaim_aligned_TRUE::top2,single+top2,58,2.0,10,3,17.24,8.13,5.17,14.29,20.0,19.23,15.62,118.41,121.01
L2::S::sweep_reclaim_aligned_FALSE,single,85,2.931,7,10,8.24,5.69,11.76,11.9,4.65,10.87,5.13,98.78,96.98
L2::S::sweep_reclaim_aligned_FALSE::top1,single+top1,27,0.931,4,1,14.81,3.25,3.7,23.08,7.14,18.75,9.09,81.18,66.0
L2::S::sweep_reclaim_aligned_FALSE::top2,single+top2,50,1.724,5,4,10.0,4.07,8.0,16.67,3.85,14.29,4.55,66.69,35.02
L2::S::is_asia_session_TRUE,single,443,15.276,81,70,18.28,65.85,15.8,15.6,20.89,19.43,17.24,102.03,88.78
L2::S::is_asia_session_TRUE::top1,single+top1,29,1.0,5,1,17.24,4.07,3.45,14.29,20.0,27.27,11.11,123.06,140.95
L2::S::is_asia_session_TRUE::top2,single+top2,58,2.0,12,4,20.69,9.76,6.9,17.86,23.33,19.23,21.88,100.62,58.93
L2::S::is_asia_session_FALSE,single,600,20.69,42,69,7.0,34.15,11.5,11.46,2.88,7.41,6.6,85.58,81.0
L2::S::is_asia_session_FALSE::top1,single+top1,29,1.0,2,1,6.9,1.63,3.45,14.29,0.0,14.29,0.0,56.5,56.5
L2::S::is_asia_session_FALSE::top2,single+top2,58,2.0,5,3,8.62,4.07,5.17,17.86,0.0,12.0,6.06,69.11,81.0
L2::S::is_us_session_TRUE,single,277,9.552,1,19,0.36,0.81,6.86,0.86,0.0,0.0,0.68,41.32,41.32
L2::S::is_us_session_TRUE::top1,single+top1,27,0.931,0,0,0.0,0.0,0.0,0.0,0.0,0.0,0.0,,
L2::S::is_us_session_TRUE::top2,single+top2,53,1.828,0,1,0.0,0.0,1.89,0.0,0.0,0.0,0.0,,
L2::S::is_us_session_FALSE,single,766,26.414,122,120,15.93,99.19,15.67,16.92,14.89,16.62,15.25,96.86,86.9
L2::S::is_us_session_FALSE::top1,single+top1,29,1.0,5,1,17.24,4.07,3.45,14.29,20.0,25.0,11.76,123.06,140.95
L2::S::is_us_session_FALSE::top2,single+top2,58,2.0,10,3,17.24,8.13,5.17,14.29,20.0,18.52,16.13,118.41,121.01
L2::S::is_session_open_2h_TRUE,single,379,13.069,62,60,16.36,50.41,15.83,19.21,13.86,17.55,15.18,86.35,63.26
L2::S::is_session_open_2h_TRUE::top1,single+top1,29,1.0,7,2,24.14,5.69,6.9,28.57,20.0,26.67,21.43,96.54,60.88
L2::S::is_session_open_2h_TRUE::top2,single+top2,58,2.0,13,5,22.41,10.57,8.62,21.43,23.33,24.24,20.0,101.3,63.88
L2::S::is_session_open_2h_FALSE,single,664,22.897,61,79,9.19,49.59,11.9,10.03,8.36,9.38,9.01,106.64,104.83
L2::S::is_session_open_2h_FALSE::top1,single+top1,29,1.0,3,2,10.34,2.44,6.9,0.0,20.0,0.0,15.79,95.74,56.98
L2::S::is_session_open_2h_FALSE::top2,single+top2,58,2.0,6,6,10.34,4.88,10.34,7.14,13.33,11.54,9.38,114.52,96.85
L2::S::dir_LONG,single,508,17.517,63,65,12.4,51.22,12.8,15.79,9.2,12.4,,97.82,88.78
L2::S::dir_LONG::top1,single+top1,29,1.0,5,3,17.24,4.07,10.34,21.43,13.33,17.24,,94.66,92.63
L2::S::dir_LONG::top2,single+top2,58,2.0,10,7,17.24,8.13,12.07,21.43,13.33,17.24,,97.3,96.85
L2::S::dir_SHORT,single,535,18.448,60,74,11.21,48.78,13.83,10.81,11.59,,11.21,94.94,81.0
L2::S::dir_SHORT::top1,single+top1,29,1.0,3,2,10.34,2.44,6.9,0.0,20.0,,10.34,145.84,189.6
L2::S::dir_SHORT::top2,single+top2,58,2.0,8,4,13.79,6.5,6.9,10.71,16.67,,13.79,102.9,74.42
L2::P::taker_total_vol_15m_ge_69071.8+local_range_180m_pct_ge_1.0518,pair,618,21.31,54,90,8.74,43.9,14.56,11.01,6.19,10.81,6.83,91.9,82.33
L2::P::taker_total_vol_15m_ge_69071.8+local_range_180m_pct_ge_1.0518::top1,pair+top1,29,1.0,1,2,3.45,0.81,6.9,7.14,0.0,7.69,0.0,101.07,101.07
L2::P::taker_total_vol_15m_ge_69071.8+local_range_180m_pct_le_1.0518,pair,116,4.0,23,14,19.83,18.7,12.07,21.28,18.84,27.27,13.11,93.18,58.75
L2::P::taker_total_vol_15m_ge_69071.8+local_range_180m_pct_le_1.0518::top1,pair+top1,27,0.931,8,2,29.63,6.5,7.41,41.67,20.0,41.18,10.0,67.46,44.33
L2::P::taker_total_vol_15m_ge_69071.8+local_range_180m_pct_ge_1.384,pair,468,16.138,34,65,7.26,27.64,13.89,9.7,4.0,7.8,6.8,71.26,58.34
L2::P::taker_total_vol_15m_ge_69071.8+local_range_180m_pct_ge_1.384::top1,pair+top1,28,0.966,1,1,3.57,0.81,3.57,7.14,0.0,9.09,0.0,206.2,206.2
L2::P::taker_total_vol_15m_ge_69071.8+local_range_180m_pct_le_1.384,pair,263,9.069,43,39,16.35,34.96,14.83,18.87,14.65,22.9,9.85,108.91,88.78
L2::P::taker_total_vol_15m_ge_69071.8+local_range_180m_pct_le_1.384::top1,pair+top1,29,1.0,5,3,17.24,4.07,10.34,21.43,13.33,29.41,0.0,102.53,101.07
L2::P::taker_total_vol_15m_ge_69071.8+local_range_180m_pct_ge_1.7907,pair,294,10.138,20,39,6.8,16.26,13.27,7.73,5.31,5.84,7.64,78.12,63.5
L2::P::taker_total_vol_15m_ge_69071.8+local_range_180m_pct_ge_1.7907::top1,pair+top1,23,0.793,0,2,0.0,0.0,8.7,0.0,0.0,0.0,0.0,,
L2::P::taker_total_vol_15m_ge_69071.8+local_range_180m_pct_le_1.7907,pair,441,15.207,57,65,12.93,46.34,14.74,16.24,10.25,18.31,7.89,97.25,82.85
L2::P::taker_total_vol_15m_ge_69071.8+local_range_180m_pct_le_1.7907::top1,pair+top1,29,1.0,4,3,13.79,3.25,10.34,14.29,13.33,25.0,0.0,84.27,76.15
L2::P::taker_total_vol_15m_le_69071.8+local_range_180m_pct_ge_1.0518,pair,115,3.966,16,17,13.91,13.01,14.78,10.0,16.92,12.5,15.69,127.17,123.15
L2::P::taker_total_vol_15m_le_69071.8+local_range_180m_pct_ge_1.0518::top1,pair+top1,28,0.966,6,2,21.43,4.88,7.14,23.08,20.0,18.75,25.0,155.3,171.51
L2::P::taker_total_vol_15m_le_69071.8+local_range_180m_pct_le_1.0518,pair,199,6.862,31,18,15.58,25.2,9.05,19.51,12.82,8.42,22.12,92.5,80.02
L2::P::taker_total_vol_15m_le_69071.8+local_range_180m_pct_le_1.0518::top1,pair+top1,27,0.931,9,2,33.33,7.32,7.41,38.46,28.57,25.0,36.84,112.8,87.97
L2::P::taker_total_vol_15m_le_69071.8+local_range_180m_pct_ge_1.384,pair,55,1.897,5,13,9.09,4.07,23.64,3.57,14.81,8.33,10.53,103.94,109.12
L2::P::taker_total_vol_15m_le_69071.8+local_range_180m_pct_ge_1.384::top1,pair+top1,20,0.69,3,3,15.0,2.44,15.0,11.11,18.18,15.38,14.29,99.7,109.12
L2::P::taker_total_vol_15m_le_69071.8+local_range_180m_pct_le_1.384,pair,259,8.931,42,22,16.22,34.15,8.49,19.05,14.29,10.57,21.32,104.34,94.81
L2::P::taker_total_vol_15m_le_69071.8+local_range_180m_pct_le_1.384::top1,pair+top1,28,0.966,9,2,32.14,7.32,7.14,35.71,28.57,28.57,33.33,112.8,87.97
L2::P::taker_total_vol_15m_le_69071.8+local_range_180m_pct_ge_1.7907,pair,23,0.793,0,11,0.0,0.0,47.83,0.0,0.0,0.0,0.0,,
L2::P::taker_total_vol_15m_le_69071.8+local_range_180m_pct_ge_1.7907::top1,pair+top1,10,0.345,0,2,0.0,0.0,20.0,0.0,0.0,0.0,0.0,,
L2::P::taker_total_vol_15m_le_69071.8+local_range_180m_pct_le_1.7907,pair,290,10.0,47,24,16.21,38.21,8.28,17.5,15.29,11.11,21.23,104.3,96.98
L2::P::taker_total_vol_15m_le_69071.8+local_range_180m_pct_le_1.7907::top1,pair+top1,29,1.0,9,2,31.03,7.32,6.9,28.57,33.33,25.0,33.33,119.6,140.95
L2::P::taker_total_vol_15m_ge_105386.84+local_range_180m_pct_ge_1.0518,pair,476,16.414,39,68,8.19,31.71,14.29,10.16,5.91,8.97,7.51,88.9,81.82
L2::P::taker_total_vol_15m_ge_105386.84+local_range_180m_pct_ge_1.0518::top1,pair+top1,28,0.966,2,1,7.14,1.63,3.57,14.29,0.0,9.09,5.88,91.03,91.03
L2::P::taker_total_vol_15m_ge_105386.84+local_range_180m_pct_le_1.0518,pair,47,1.621,8,7,17.02,6.5,14.89,25.0,12.9,29.41,10.0,76.33,53.97
L2::P::taker_total_vol_15m_ge_105386.84+local_range_180m_pct_le_1.0518::top1,pair+top1,21,0.724,7,2,33.33,5.69,9.52,44.44,25.0,55.56,16.67,79.13,51.23
L2::P::taker_total_vol_15m_ge_105386.84+local_range_180m_pct_ge_1.384,pair,380,13.103,27,53,7.11,21.95,13.95,9.68,3.68,7.3,6.93,68.21,48.58
L2::P::taker_total_vol_15m_ge_105386.84+local_range_180m_pct_ge_1.384::top1,pair+top1,27,0.931,0,1,0.0,0.0,3.7,0.0,0.0,0.0,0.0,,
L2::P::taker_total_vol_15m_ge_105386.84+local_range_180m_pct_le_1.384,pair,142,4.897,20,22,14.08,16.26,15.49,16.36,12.64,19.67,9.88,111.82,93.16
L2::P::taker_total_vol_15m_ge_105386.84+local_range_180m_pct_le_1.384::top1,pair+top1,26,0.897,6,2,23.08,4.88,7.69,30.77,15.38,38.46,7.69,92.51,91.03
L2::P::taker_total_vol_15m_ge_105386.84+local_range_180m_pct_ge_1.7907,pair,254,8.759,17,30,6.69,13.82,11.81,7.64,5.15,5.93,7.35,84.18,81.82
L2::P::taker_total_vol_15m_ge_105386.84+local_range_180m_pct_ge_1.7907::top1,pair+top1,22,0.759,0,1,0.0,0.0,4.55,0.0,0.0,0.0,0.0,,
L2::P::taker_total_vol_15m_ge_105386.84+local_range_180m_pct_le_1.7907,pair,269,9.276,30,45,11.15,24.39,16.73,15.52,7.84,14.88,8.11,88.23,81.0
L2::P::taker_total_vol_15m_ge_105386.84+local_range_180m_pct_le_1.7907::top1,pair+top1,29,1.0,4,3,13.79,3.25,10.34,21.43,6.67,18.75,7.69,59.86,66.11
L2::P::taker_total_vol_15m_le_105386.84+local_range_180m_pct_ge_1.0518,pair,257,8.862,30,39,11.67,24.39,15.18,12.4,11.03,14.6,8.33,112.7,113.44
L2::P::taker_total_vol_15m_le_105386.84+local_range_180m_pct_ge_1.0518::top1,pair+top1,29,1.0,3,4,10.34,2.44,13.79,14.29,6.67,14.29,6.67,156.57,149.15
L2::P::taker_total_vol_15m_le_105386.84+local_range_180m_pct_le_1.0518,pair,268,9.241,46,25,17.16,37.4,9.33,19.47,15.48,13.53,20.74,95.65,75.22
L2::P::taker_total_vol_15m_le_105386.84+local_range_180m_pct_le_1.0518::top1,pair+top1,28,0.966,8,1,28.57,6.5,3.57,30.77,26.67,33.33,26.32,100.36,74.42
L2::P::taker_total_vol_15m_le_105386.84+local_range_180m_pct_ge_1.384,pair,142,4.897,11,25,7.75,8.94,17.61,7.59,7.94,9.21,6.06,86.52,76.95
L2::P::taker_total_vol_15m_le_105386.84+local_range_180m_pct_ge_1.384::top1,pair+top1,25,0.862,3,3,12.0,2.44,12.0,9.09,14.29,15.38,8.33,132.06,149.15
L2::P::taker_total_vol_15m_le_105386.84+local_range_180m_pct_le_1.384,pair,381,13.138,65,39,17.06,52.85,10.24,19.87,15.11,16.06,18.09,105.06,92.63
L2::P::taker_total_vol_15m_le_105386.84+local_range_180m_pct_le_1.384::top1,pair+top1,29,1.0,7,2,24.14,5.69,6.9,28.57,20.0,25.0,23.81,108.76,87.97
L2::P::taker_total_vol_15m_le_105386.84+local_range_180m_pct_ge_1.7907,pair,63,2.172,3,20,4.76,2.44,31.75,5.56,3.7,2.94,6.9,43.82,63.5
L2::P::taker_total_vol_15m_le_105386.84+local_range_180m_pct_ge_1.7907::top1,pair+top1,17,0.586,1,3,5.88,0.81,17.65,14.29,0.0,0.0,10.0,63.5,63.5
L2::P::taker_total_vol_15m_le_105386.84+local_range_180m_pct_le_1.7907,pair,462,15.931,73,44,15.8,59.35,9.52,17.41,14.56,15.68,15.93,104.78,92.63
L2::P::taker_total_vol_15m_le_105386.84+local_range_180m_pct_le_1.7907::top1,pair+top1,29,1.0,6,2,20.69,4.88,6.9,21.43,20.0,22.22,20.0,112.22,100.91
L2::P::taker_total_vol_15m_ge_156483.41+local_range_180m_pct_ge_1.0518,pair,304,10.483,18,44,5.92,14.63,14.47,6.67,5.04,6.43,5.49,81.12,81.0
L2::P::taker_total_vol_15m_ge_156483.41+local_range_180m_pct_ge_1.0518::top1,pair+top1,26,0.897,2,1,7.69,1.63,3.85,7.14,8.33,0.0,12.5,67.09,67.09
L2::P::taker_total_vol_15m_ge_156483.41+local_range_180m_pct_le_1.0518,pair,11,0.379,1,1,9.09,0.81,9.09,20.0,0.0,0.0,20.0,97.55,97.55
L2::P::taker_total_vol_15m_ge_156483.41+local_range_180m_pct_le_1.0518::top1,pair+top1,8,0.276,1,1,12.5,0.81,12.5,25.0,0.0,0.0,25.0,97.55,97.55
L2::P::taker_total_vol_15m_ge_156483.41+local_range_180m_pct_ge_1.384,pair,250,8.621,12,38,4.8,9.76,15.2,5.59,3.74,6.09,3.7,58.35,47.25
L2::P::taker_total_vol_15m_ge_156483.41+local_range_180m_pct_ge_1.384::top1,pair+top1,26,0.897,1,1,3.85,0.81,3.85,0.0,8.33,0.0,5.88,53.18,53.18
L2::P::taker_total_vol_15m_ge_156483.41+local_range_180m_pct_le_1.384,pair,64,2.207,7,7,10.94,5.69,10.94,14.81,8.11,6.67,14.71,122.51,97.55
L2::P::taker_total_vol_15m_ge_156483.41+local_range_180m_pct_le_1.384::top1,pair+top1,19,0.655,3,3,15.79,2.44,15.79,12.5,18.18,18.18,12.5,130.29,143.08
L2::P::taker_total_vol_15m_ge_156483.41+local_range_180m_pct_ge_1.7907,pair,182,6.276,9,23,4.95,7.32,12.64,4.55,5.56,4.76,5.1,56.81,41.32
L2::P::taker_total_vol_15m_ge_156483.41+local_range_180m_pct_ge_1.7907::top1,pair+top1,22,0.759,1,3,4.55,0.81,13.64,0.0,10.0,0.0,7.14,53.18,53.18
L2::P::taker_total_vol_15m_ge_156483.41+local_range_180m_pct_le_1.7907,pair,133,4.586,10,22,7.52,8.13,16.54,11.48,4.17,8.2,6.94,104.65,91.98
L2::P::taker_total_vol_15m_ge_156483.41+local_range_180m_pct_le_1.7907::top1,pair+top1,27,0.931,2,3,7.41,1.63,11.11,14.29,0.0,9.09,6.25,76.34,76.34
L2::P::taker_total_vol_15m_le_156483.41+local_range_180m_pct_ge_1.0518,pair,429,14.793,51,64,11.89,41.46,14.92,14.08,9.72,14.09,9.57,105.65,101.07
L2::P::taker_total_vol_15m_le_156483.41+local_range_180m_pct_ge_1.0518::top1,pair+top1,29,1.0,2,2,6.9,1.63,6.9,7.14,6.67,10.0,5.26,125.11,125.11
L2::P::taker_total_vol_15m_le_156483.41+local_range_180m_pct_le_1.0518,pair,304,10.483,53,31,17.43,43.09,10.2,20.16,15.56,15.97,18.75,92.7,63.88
L2::P::taker_total_vol_15m_le_156483.41+local_range_180m_pct_le_1.0518::top1,pair+top1,28,0.966,9,1,32.14,7.32,3.57,38.46,26.67,40.0,27.78,94.9,60.88
L2::P::taker_total_vol_15m_le_156483.41+local_range_180m_pct_ge_1.384,pair,273,9.414,26,41,9.52,21.14,15.02,12.34,5.88,9.35,9.7,80.51,70.22
L2::P::taker_total_vol_15m_le_156483.41+local_range_180m_pct_ge_1.384::top1,pair+top1,28,0.966,4,1,14.29,3.25,3.57,14.29,14.29,12.5,16.67,104.49,94.99
L2::P::taker_total_vol_15m_le_156483.41+local_range_180m_pct_le_1.384,pair,458,15.793,78,54,17.03,63.41,11.79,19.57,15.33,18.3,15.81,105.23,90.7
L2::P::taker_total_vol_15m_le_156483.41+local_range_180m_pct_le_1.384::top1,pair+top1,29,1.0,8,2,27.59,6.5,6.9,35.71,20.0,30.0,26.32,101.57,74.42
L2::P::taker_total_vol_15m_le_156483.41+local_range_180m_pct_ge_1.7907,pair,136,4.69,11,28,8.09,8.94,20.59,10.71,3.85,5.88,10.29,95.57,81.82
L2::P::taker_total_vol_15m_le_156483.41+local_range_180m_pct_ge_1.7907::top1,pair+top1,22,0.759,1,1,4.55,0.81,4.55,8.33,0.0,0.0,11.11,132.32,132.32
L2::P::taker_total_vol_15m_le_156483.41+local_range_180m_pct_le_1.7907,pair,597,20.586,93,67,15.58,75.61,11.22,17.97,13.78,16.89,14.29,99.46,87.97
L2::P::taker_total_vol_15m_le_156483.41+local_range_180m_pct_le_1.7907::top1,pair+top1,29,1.0,5,2,17.24,4.07,6.9,14.29,20.0,27.27,11.11,123.06,140.95
L2::P::taker_total_vol_15m_ge_69071.8+taker_total_vol_60m_ge_291971.48,pair,633,21.828,60,90,9.48,48.78,14.22,11.85,6.91,11.63,7.53,92.99,82.33
L2::P::taker_total_vol_15m_ge_69071.8+taker_total_vol_60m_ge_291971.48::top1,pair+top1,28,0.966,1,4,3.57,0.81,14.29,7.14,0.0,7.69,0.0,101.07,101.07
L2::P::taker_total_vol_15m_ge_69071.8+taker_total_vol_60m_le_291971.48,pair,98,3.379,17,14,17.35,13.82,14.29,15.56,18.87,25.0,10.0,89.78,58.75
L2::P::taker_total_vol_15m_ge_69071.8+taker_total_vol_60m_le_291971.48::top1,pair+top1,28,0.966,6,4,21.43,4.88,14.29,30.77,13.33,29.41,9.09,75.17,39.36
L2::P::taker_total_vol_15m_ge_69071.8+taker_total_vol_60m_ge_433960.49,pair,491,16.931,39,64,7.94,31.71,13.03,10.47,5.15,8.97,7.0,85.04,81.0
L2::P::taker_total_vol_15m_ge_69071.8+taker_total_vol_60m_ge_433960.49::top1,pair+top1,28,0.966,1,2,3.57,0.81,7.14,7.14,0.0,0.0,5.56,81.0,81.0
L2::P::taker_total_vol_15m_ge_69071.8+taker_total_vol_60m_le_433960.49,pair,242,8.345,38,40,15.7,30.89,16.53,16.1,15.32,22.61,9.45,99.71,84.4
L2::P::taker_total_vol_15m_ge_69071.8+taker_total_vol_60m_le_433960.49::top1,pair+top1,29,1.0,4,3,13.79,3.25,10.34,14.29,13.33,26.67,0.0,84.27,76.15
L2::P::taker_total_vol_15m_ge_69071.8+taker_total_vol_60m_ge_650781.92,pair,308,10.621,17,42,5.52,13.82,13.64,6.96,4.0,4.76,6.21,82.26,53.18
L2::P::taker_total_vol_15m_ge_69071.8+taker_total_vol_60m_ge_650781.92::top1,pair+top1,26,0.897,0,2,0.0,0.0,7.69,0.0,0.0,0.0,0.0,,
L2::P::taker_total_vol_15m_ge_69071.8+taker_total_vol_60m_le_650781.92,pair,423,14.586,60,62,14.18,48.78,14.66,16.2,12.08,19.8,9.05,95.12,81.41
L2::P::taker_total_vol_15m_ge_69071.8+taker_total_vol_60m_le_650781.92::top1,pair+top1,29,1.0,4,3,13.79,3.25,10.34,14.29,13.33,26.67,0.0,84.27,76.15
L2::P::taker_total_vol_15m_le_69071.8+taker_total_vol_60m_ge_291971.48,pair,99,3.414,15,16,15.15,12.2,16.16,16.28,14.29,14.81,15.56,117.83,119.13
L2::P::taker_total_vol_15m_le_69071.8+taker_total_vol_60m_ge_291971.48::top1,pair+top1,28,0.966,6,2,21.43,4.88,7.14,28.57,14.29,17.65,27.27,155.72,172.76
L2::P::taker_total_vol_15m_le_69071.8+taker_total_vol_60m_le_291971.48,pair,215,7.414,32,19,14.88,26.02,8.84,15.56,14.4,7.55,22.02,97.96,87.97
L2::P::taker_total_vol_15m_le_69071.8+taker_total_vol_60m_le_291971.48::top1,pair+top1,27,0.931,9,1,33.33,7.32,3.7,38.46,28.57,25.0,36.84,112.8,87.97
L2::P::taker_total_vol_15m_le_69071.8+taker_total_vol_60m_ge_433960.49,pair,32,1.103,4,7,12.5,3.25,21.88,14.29,9.09,14.29,9.09,109.84,114.12
L2::P::taker_total_vol_15m_le_69071.8+taker_total_vol_60m_ge_433960.49::top1,pair+top1,16,0.552,3,3,18.75,2.44,18.75,22.22,14.29,27.27,0.0,117.07,119.13
L2::P::taker_total_vol_15m_le_69071.8+taker_total_vol_60m_le_433960.49,pair,281,9.69,43,28,15.3,34.96,9.96,16.22,14.71,9.42,20.98,103.78,92.63
L2::P::taker_total_vol_15m_le_69071.8+taker_total_vol_60m_le_433960.49::top1,pair+top1,29,1.0,9,1,31.03,7.32,3.45,28.57,33.33,22.22,35.0,119.6,140.95
L2::P::taker_total_vol_15m_le_69071.8+taker_total_vol_60m_ge_650781.92,pair,6,0.207,1,2,16.67,0.81,33.33,33.33,0.0,20.0,0.0,109.12,109.12
L2::P::taker_total_vol_15m_le_69071.8+taker_total_vol_60m_ge_650781.92::top1,pair+top1,5,0.172,1,2,20.0,0.81,40.0,33.33,0.0,25.0,0.0,109.12,109.12
L2::P::taker_total_vol_15m_le_69071.8+taker_total_vol_60m_le_650781.92,pair,308,10.621,47,33,15.26,38.21,10.71,16.15,14.61,10.32,20.26,104.3,96.98
L2::P::taker_total_vol_15m_le_69071.8+taker_total_vol_60m_le_650781.92::top1,pair+top1,29,1.0,8,1,27.59,6.5,3.45,21.43,33.33,22.22,30.0,130.22,145.05
L2::P::taker_total_vol_15m_ge_105386.84+taker_total_vol_60m_ge_291971.48,pair,489,16.862,43,69,8.79,34.96,14.11,10.89,6.47,9.57,8.11,85.7,81.0
L2::P::taker_total_vol_15m_ge_105386.84+taker_total_vol_60m_ge_291971.48::top1,pair+top1,27,0.931,2,1,7.41,1.63,3.7,14.29,0.0,9.09,6.25,91.03,91.03
L2::P::taker_total_vol_15m_ge_105386.84+taker_total_vol_60m_le_291971.48,pair,33,1.138,4,6,12.12,3.25,18.18,13.33,11.11,33.33,4.17,98.19,107.02
L2::P::taker_total_vol_15m_ge_105386.84+taker_total_vol_60m_le_291971.48::top1,pair+top1,17,0.586,3,4,17.65,2.44,23.53,25.0,11.11,42.86,0.0,76.64,51.23
L2::P::taker_total_vol_15m_ge_105386.84+taker_total_vol_60m_ge_433960.49,pair,421,14.517,36,56,8.55,29.27,13.3,11.11,5.61,9.0,8.14,83.57,81.0
L2::P::taker_total_vol_15m_ge_105386.84+taker_total_vol_60m_ge_433960.49::top1,pair+top1,27,0.931,1,1,3.7,0.81,3.7,7.14,0.0,0.0,5.26,81.0,81.0
L2::P::taker_total_vol_15m_ge_105386.84+taker_total_vol_60m_le_433960.49,pair,103,3.552,11,19,10.68,8.94,18.45,10.2,11.11,17.95,6.25,97.21,88.78
L2::P::taker_total_vol_15m_ge_105386.84+taker_total_vol_60m_le_433960.49::top1,pair+top1,25,0.862,3,4,12.0,2.44,16.0,15.38,8.33,27.27,0.0,52.82,51.23
L2::P::taker_total_vol_15m_ge_105386.84+taker_total_vol_60m_ge_650781.92,pair,287,9.897,16,38,5.57,13.01,13.24,7.33,3.65,4.29,6.8,87.12,83.67
L2::P::taker_total_vol_15m_ge_105386.84+taker_total_vol_60m_ge_650781.92::top1,pair+top1,25,0.862,1,2,4.0,0.81,8.0,8.33,0.0,11.11,0.0,114.15,114.15
L2::P::taker_total_vol_15m_ge_105386.84+taker_total_vol_60m_le_650781.92,pair,235,8.103,31,37,13.19,25.2,15.74,15.57,10.62,19.19,8.82,86.58,81.0
L2::P::taker_total_vol_15m_ge_105386.84+taker_total_vol_60m_le_650781.92::top1,pair+top1,27,0.931,3,3,11.11,2.44,11.11,21.43,0.0,16.67,6.67,77.77,81.0
L2::P::taker_total_vol_15m_le_105386.84+taker_total_vol_60m_ge_291971.48,pair,243,8.379,31,37,12.76,25.2,15.23,15.65,10.16,16.8,8.47,113.31,109.12
L2::P::taker_total_vol_15m_le_105386.84+taker_total_vol_60m_ge_291971.48::top1,pair+top1,29,1.0,2,4,6.9,1.63,13.79,7.14,6.67,6.25,7.69,173.37,173.37
L2::P::taker_total_vol_15m_le_105386.84+taker_total_vol_60m_le_291971.48,pair,280,9.655,45,27,16.07,36.59,9.64,15.83,16.25,11.72,20.74,94.85,80.02
L2::P::taker_total_vol_15m_le_105386.84+taker_total_vol_60m_le_291971.48::top1,pair+top1,28,0.966,8,0,28.57,6.5,0.0,30.77,26.67,27.27,29.41,96.19,74.42
L2::P::taker_total_vol_15m_le_105386.84+taker_total_vol_60m_ge_433960.49,pair,102,3.517,7,15,6.86,5.69,14.71,9.26,4.17,10.91,2.13,106.77,109.12
L2::P::taker_total_vol_15m_le_105386.84+taker_total_vol_60m_ge_433960.49::top1,pair+top1,26,0.897,2,3,7.69,1.63,11.54,8.33,7.14,14.29,0.0,63.72,63.72
L2::P::taker_total_vol_15m_le_105386.84+taker_total_vol_60m_le_433960.49,pair,420,14.483,69,49,16.43,56.1,11.67,17.78,15.42,14.95,17.96,101.93,87.97
L2::P::taker_total_vol_15m_le_105386.84+taker_total_vol_60m_le_433960.49::top1,pair+top1,29,1.0,6,1,20.69,4.88,3.45,21.43,20.0,20.0,21.05,112.22,100.91
L2::P::taker_total_vol_15m_le_105386.84+taker_total_vol_60m_ge_650781.92,pair,27,0.931,2,6,7.41,1.63,22.22,9.09,6.25,16.67,0.0,56.8,56.8
L2::P::taker_total_vol_15m_le_105386.84+taker_total_vol_60m_ge_650781.92::top1,pair+top1,15,0.517,1,4,6.67,0.81,26.67,0.0,11.11,20.0,0.0,4.47,4.47
L2::P::taker_total_vol_15m_le_105386.84+taker_total_vol_60m_le_650781.92,pair,496,17.103,75,58,15.12,60.98,11.69,16.52,13.97,14.34,15.97,103.68,88.15
L2::P::taker_total_vol_15m_le_105386.84+taker_total_vol_60m_le_650781.92::top1,pair+top1,29,1.0,6,1,20.69,4.88,3.45,21.43,20.0,20.0,21.05,112.22,100.91
L2::P::taker_total_vol_15m_ge_156483.41+taker_total_vol_60m_ge_291971.48,pair,307,10.586,19,43,6.19,15.45,14.01,7.27,4.93,6.34,6.06,81.99,81.0
L2::P::taker_total_vol_15m_ge_156483.41+taker_total_vol_60m_ge_291971.48::top1,pair+top1,26,0.897,2,1,7.69,1.63,3.85,7.14,8.33,0.0,13.33,67.09,67.09
L2::P::taker_total_vol_15m_ge_156483.41+taker_total_vol_60m_le_291971.48,pair,7,0.241,0,2,0.0,0.0,28.57,0.0,0.0,0.0,0.0,,
L2::P::taker_total_vol_15m_ge_156483.41+taker_total_vol_60m_le_291971.48::top1,pair+top1,6,0.207,0,2,0.0,0.0,33.33,0.0,0.0,0.0,0.0,,
L2::P::taker_total_vol_15m_ge_156483.41+taker_total_vol_60m_ge_433960.49,pair,283,9.759,17,38,6.01,13.82,13.43,7.84,3.85,6.06,5.96,71.35,81.0
L2::P::taker_total_vol_15m_ge_156483.41+taker_total_vol_60m_ge_433960.49::top1,pair+top1,26,0.897,3,0,11.54,2.44,0.0,7.14,16.67,10.0,12.5,100.33,81.0
L2::P::taker_total_vol_15m_ge_156483.41+taker_total_vol_60m_le_433960.49,pair,31,1.069,2,7,6.45,1.63,22.58,0.0,14.29,7.69,5.56,172.41,172.41
L2::P::taker_total_vol_15m_ge_156483.41+taker_total_vol_60m_le_433960.49::top1,pair+top1,19,0.655,0,5,0.0,0.0,26.32,0.0,0.0,0.0,0.0,,
L2::P::taker_total_vol_15m_ge_156483.41+taker_total_vol_60m_ge_650781.92,pair,223,7.69,8,28,3.59,6.5,12.56,3.39,3.81,2.88,4.2,55.23,33.14
L2::P::taker_total_vol_15m_ge_156483.41+taker_total_vol_60m_ge_650781.92::top1,pair+top1,24,0.828,2,0,8.33,1.63,0.0,0.0,16.67,11.11,6.67,109.99,109.99
L2::P::taker_total_vol_15m_ge_156483.41+taker_total_vol_60m_le_650781.92,pair,91,3.138,11,17,12.09,8.94,18.68,15.38,7.69,14.63,10.0,101.45,87.37
L2::P::taker_total_vol_15m_ge_156483.41+taker_total_vol_60m_le_650781.92::top1,pair+top1,23,0.793,2,4,8.7,1.63,17.39,16.67,0.0,9.09,8.33,76.34,76.34
L2::P::taker_total_vol_15m_le_156483.41+taker_total_vol_60m_ge_291971.48,pair,425,14.655,55,64,12.94,44.72,15.06,16.35,9.68,15.96,9.91,102.55,88.78
L2::P::taker_total_vol_15m_le_156483.41+taker_total_vol_60m_ge_291971.48::top1,pair+top1,29,1.0,2,3,6.9,1.63,10.34,7.14,6.67,6.67,7.14,125.11,125.11
L2::P::taker_total_vol_15m_le_156483.41+taker_total_vol_60m_le_291971.48,pair,306,10.552,49,31,16.01,39.84,10.13,16.15,15.91,13.25,18.71,95.12,80.02
L2::P::taker_total_vol_15m_le_156483.41+taker_total_vol_60m_le_291971.48::top1,pair+top1,28,0.966,9,0,32.14,7.32,0.0,38.46,26.67,33.33,31.25,91.2,60.88
L2::P::taker_total_vol_15m_le_156483.41+taker_total_vol_60m_ge_433960.49,pair,241,8.31,26,34,10.79,21.14,14.11,14.17,7.02,13.01,8.47,97.81,98.64
L2::P::taker_total_vol_15m_le_156483.41+taker_total_vol_60m_ge_433960.49::top1,pair+top1,27,0.931,2,2,7.41,1.63,7.41,7.69,7.14,7.14,7.69,19.15,19.15
L2::P::taker_total_vol_15m_le_156483.41+taker_total_vol_60m_le_433960.49,pair,491,16.931,78,61,15.89,63.41,12.42,17.45,14.7,15.83,15.94,99.46,86.96
L2::P::taker_total_vol_15m_le_156483.41+taker_total_vol_60m_le_433960.49::top1,pair+top1,29,1.0,6,1,20.69,4.88,3.45,21.43,20.0,27.27,16.67,110.61,98.96
L2::P::taker_total_vol_15m_le_156483.41+taker_total_vol_60m_ge_650781.92,pair,92,3.172,10,17,10.87,8.13,18.48,18.18,4.17,10.42,11.36,106.57,118.25
L2::P::taker_total_vol_15m_le_156483.41+taker_total_vol_60m_ge_650781.92::top1,pair+top1,25,0.862,1,4,4.0,0.81,16.0,9.09,0.0,0.0,9.09,132.32,132.32
L2::P::taker_total_vol_15m_le_156483.41+taker_total_vol_60m_le_650781.92,pair,639,22.034,95,78,14.87,77.24,12.21,16.33,13.62,15.82,13.93,98.36,85.95
L2::P::taker_total_vol_15m_le_156483.41+taker_total_vol_60m_le_650781.92::top1,pair+top1,29,1.0,5,1,17.24,4.07,3.45,14.29,20.0,25.0,11.76,123.06,140.95
L2::P::taker_total_vol_15m_ge_69071.8+taker_imb_aligned_60m_ge_-0.0591,pair,517,17.828,49,61,9.48,39.84,11.8,12.04,6.58,13.52,5.86,96.39,85.95
L2::P::taker_total_vol_15m_ge_69071.8+taker_imb_aligned_60m_ge_-0.0591::top1,pair+top1,29,1.0,2,2,6.9,1.63,6.9,14.29,0.0,15.38,0.0,76.15,76.15
L2::P::taker_total_vol_15m_ge_69071.8+taker_imb_aligned_60m_le_-0.0591,pair,215,7.414,28,43,13.02,22.76,20.0,13.0,13.04,13.33,12.73,85.09,58.34
L2::P::taker_total_vol_15m_ge_69071.8+taker_imb_aligned_60m_le_-0.0591::top1,pair+top1,28,0.966,3,7,10.71,2.44,25.0,0.0,21.43,14.29,7.14,111.31,149.15
L2::P::taker_total_vol_15m_ge_69071.8+taker_imb_aligned_60m_ge_0.0189,pair,361,12.448,33,42,9.14,26.83,11.63,11.79,6.02,14.02,5.08,98.1,85.95
L2::P::taker_total_vol_15m_ge_69071.8+taker_imb_aligned_60m_ge_0.0189::top1,pair+top1,29,1.0,1,1,3.45,0.81,3.45,7.14,0.0,7.69,0.0,71.68,71.68
L2::P::taker_total_vol_15m_ge_69071.8+taker_imb_aligned_60m_le_0.0189,pair,370,12.759,44,62,11.89,35.77,16.76,12.85,10.99,12.97,10.81,87.92,61.12
L2::P::taker_total_vol_15m_ge_69071.8+taker_imb_aligned_60m_le_0.0189::top1,pair+top1,28,0.966,5,4,17.86,4.07,14.29,21.43,14.29,26.32,0.0,108.66,101.07
L2::P::taker_total_vol_15m_ge_69071.8+taker_imb_aligned_60m_ge_0.0814,pair,214,7.379,22,24,10.28,17.89,11.21,16.33,5.17,17.71,4.24,97.51,87.37
L2::P::taker_total_vol_15m_ge_69071.8+taker_imb_aligned_60m_ge_0.0814::top1,pair+top1,29,1.0,0,3,0.0,0.0,10.34,0.0,0.0,0.0,0.0,,
L2::P::taker_total_vol_15m_ge_69071.8+taker_imb_aligned_60m_le_0.0814,pair,517,17.828,55,80,10.64,44.72,15.47,10.87,10.37,11.86,9.47,90.19,63.5
L2::P::taker_total_vol_15m_ge_69071.8+taker_imb_aligned_60m_le_0.0814::top1,pair+top1,29,1.0,5,5,17.24,4.07,17.24,21.43,13.33,27.78,0.0,108.66,101.07
L2::P::taker_total_vol_15m_le_69071.8+taker_imb_aligned_60m_ge_-0.0591,pair,214,7.379,24,28,11.21,19.51,13.08,14.29,8.94,9.17,13.83,112.88,114.12
L2::P::taker_total_vol_15m_le_69071.8+taker_imb_aligned_60m_ge_-0.0591::top1,pair+top1,29,1.0,5,3,17.24,4.07,10.34,14.29,20.0,15.38,18.75,160.43,190.93
L2::P::taker_total_vol_15m_le_69071.8+taker_imb_aligned_60m_le_-0.0591,pair,99,3.414,23,7,23.23,18.7,7.07,19.51,25.86,12.82,30.0,95.35,88.15
L2::P::taker_total_vol_15m_le_69071.8+taker_imb_aligned_60m_le_-0.0591::top1,pair+top1,27,0.931,10,1,37.04,8.13,3.7,33.33,40.0,30.0,41.18,99.06,70.45
L2::P::taker_total_vol_15m_le_69071.8+taker_imb_aligned_60m_ge_0.0189,pair,161,5.552,13,19,8.07,10.57,11.8,12.31,5.21,7.87,8.33,103.29,87.97
L2::P::taker_total_vol_15m_le_69071.8+taker_imb_aligned_60m_ge_0.0189::top1,pair+top1,29,1.0,0,5,0.0,0.0,17.24,0.0,0.0,0.0,0.0,,
L2::P::taker_total_vol_15m_le_69071.8+taker_imb_aligned_60m_le_0.0189,pair,153,5.276,34,16,22.22,27.64,10.46,19.4,24.42,12.86,30.12,104.69,106.97
L2::P::taker_total_vol_15m_le_69071.8+taker_imb_aligned_60m_le_0.0189::top1,pair+top1,27,0.931,10,0,37.04,8.13,0.0,41.67,33.33,37.5,36.84,112.96,100.91
L2::P::taker_total_vol_15m_le_69071.8+taker_imb_aligned_60m_ge_0.0814,pair,100,3.448,5,9,5.0,4.07,9.0,8.11,3.17,7.69,2.08,117.59,122.97
L2::P::taker_total_vol_15m_le_69071.8+taker_imb_aligned_60m_ge_0.0814::top1,pair+top1,28,0.966,1,4,3.57,0.81,14.29,7.69,0.0,7.69,0.0,197.58,197.58
L2::P::taker_total_vol_15m_le_69071.8+taker_imb_aligned_60m_le_0.0814,pair,214,7.379,42,26,19.63,34.15,12.15,18.95,20.17,11.11,28.3,102.72,94.81
L2::P::taker_total_vol_15m_le_69071.8+taker_imb_aligned_60m_le_0.0814::top1,pair+top1,28,0.966,9,1,32.14,7.32,3.57,30.77,33.33,22.22,36.84,125.53,140.95
L2::P::taker_total_vol_15m_ge_105386.84+taker_imb_aligned_60m_ge_-0.0591,pair,378,13.034,29,40,7.67,23.58,10.58,10.4,4.55,10.59,5.29,94.78,97.55
L2::P::taker_total_vol_15m_ge_105386.84+taker_imb_aligned_60m_ge_-0.0591::top1,pair+top1,29,1.0,3,2,10.34,2.44,6.9,21.43,0.0,16.67,5.88,77.77,81.0
L2::P::taker_total_vol_15m_ge_105386.84+taker_imb_aligned_60m_le_-0.0591,pair,145,5.0,18,35,12.41,14.63,24.14,12.86,12.0,10.14,14.47,73.84,44.72
L2::P::taker_total_vol_15m_ge_105386.84+taker_imb_aligned_60m_le_-0.0591::top1,pair+top1,25,0.862,3,6,12.0,2.44,24.0,7.69,16.67,16.67,7.69,98.42,87.37
L2::P::taker_total_vol_15m_ge_105386.84+taker_imb_aligned_60m_ge_0.0189,pair,268,9.241,20,25,7.46,16.26,9.33,9.86,4.76,11.11,4.64,91.94,84.89
L2::P::taker_total_vol_15m_ge_105386.84+taker_imb_aligned_60m_ge_0.0189::top1,pair+top1,29,1.0,2,2,6.9,1.63,6.9,14.29,0.0,10.0,5.26,76.34,76.34
L2::P::taker_total_vol_15m_ge_105386.84+taker_imb_aligned_60m_le_0.0189,pair,254,8.759,27,50,10.63,21.95,19.69,12.31,8.87,9.84,11.36,82.93,53.18
L2::P::taker_total_vol_15m_ge_105386.84+taker_imb_aligned_60m_le_0.0189::top1,pair+top1,25,0.862,4,3,16.0,3.25,12.0,15.38,16.67,25.0,7.69,90.05,76.15
L2::P::taker_total_vol_15m_ge_105386.84+taker_imb_aligned_60m_ge_0.0814,pair,155,5.345,12,15,7.74,9.76,9.68,12.5,4.4,12.7,4.35,87.54,84.89
L2::P::taker_total_vol_15m_ge_105386.84+taker_imb_aligned_60m_ge_0.0814::top1,pair+top1,29,1.0,1,3,3.45,0.81,10.34,7.14,0.0,0.0,5.0,81.0,81.0
L2::P::taker_total_vol_15m_ge_105386.84+taker_imb_aligned_60m_le_0.0814,pair,367,12.655,35,60,9.54,28.46,16.35,10.58,8.18,9.66,9.42,86.5,71.68
L2::P::taker_total_vol_15m_ge_105386.84+taker_imb_aligned_60m_le_0.0814::top1,pair+top1,25,0.862,4,1,16.0,3.25,4.0,15.38,16.67,20.0,10.0,90.05,76.15
L2::P::taker_total_vol_15m_le_105386.84+taker_imb_aligned_60m_ge_-0.0591,pair,354,12.207,44,49,12.43,35.77,13.84,15.34,9.95,13.4,11.25,106.44,92.47
L2::P::taker_total_vol_15m_le_105386.84+taker_imb_aligned_60m_ge_-0.0591::top1,pair+top1,29,1.0,3,2,10.34,2.44,6.9,7.14,13.33,15.38,6.25,178.94,190.93
L2::P::taker_total_vol_15m_le_105386.84+taker_imb_aligned_60m_le_-0.0591,pair,168,5.793,32,15,19.05,26.02,8.93,16.9,20.62,16.0,21.51,96.79,84.09
L2::P::taker_total_vol_15m_le_105386.84+taker_imb_aligned_60m_le_-0.0591::top1,pair+top1,29,1.0,11,2,37.93,8.94,6.9,35.71,40.0,46.15,31.25,95.06,60.88
L2::P::taker_total_vol_15m_le_105386.84+taker_imb_aligned_60m_ge_0.0189,pair,255,8.793,26,36,10.2,21.14,14.12,14.41,6.57,12.5,7.56,105.43,87.97
L2::P::taker_total_vol_15m_le_105386.84+taker_imb_aligned_60m_ge_0.0189::top1,pair+top1,29,1.0,2,1,6.9,1.63,3.45,14.29,0.0,11.76,0.0,86.59,86.59
L2::P::taker_total_vol_15m_le_105386.84+taker_imb_aligned_60m_le_0.0189,pair,268,9.241,50,28,18.66,40.65,10.45,17.24,19.74,15.79,21.48,100.79,90.39
L2::P::taker_total_vol_15m_le_105386.84+taker_imb_aligned_60m_le_0.0189::top1,pair+top1,29,1.0,7,1,24.14,5.69,3.45,21.43,26.67,25.0,23.53,97.37,60.88
L2::P::taker_total_vol_15m_le_105386.84+taker_imb_aligned_60m_ge_0.0814,pair,160,5.517,15,18,9.38,12.2,11.25,15.49,4.49,15.29,2.67,112.19,117.75
L2::P::taker_total_vol_15m_le_105386.84+taker_imb_aligned_60m_ge_0.0814::top1,pair+top1,29,1.0,4,2,13.79,3.25,6.9,21.43,6.67,22.22,0.0,103.08,101.4
L2::P::taker_total_vol_15m_le_105386.84+taker_imb_aligned_60m_le_0.0814,pair,363,12.517,61,46,16.8,49.59,12.67,15.95,17.5,13.51,20.22,99.97,87.97
L2::P::taker_total_vol_15m_le_105386.84+taker_imb_aligned_60m_le_0.0814::top1,pair+top1,29,1.0,6,2,20.69,4.88,6.9,21.43,20.0,18.18,22.22,112.22,100.91
L2::P::taker_total_vol_15m_ge_156483.41+taker_imb_aligned_60m_ge_-0.0591,pair,241,8.31,13,23,5.39,10.57,9.54,7.41,2.83,7.02,3.94,84.49,81.0
L2::P::taker_total_vol_15m_ge_156483.41+taker_imb_aligned_60m_ge_-0.0591::top1,pair+top1,27,0.931,1,2,3.7,0.81,7.41,7.14,0.0,0.0,6.67,81.0,81.0
L2::P::taker_total_vol_15m_ge_156483.41+taker_imb_aligned_60m_le_-0.0591,pair,73,2.517,6,22,8.22,4.88,30.14,5.71,10.53,3.23,11.9,76.56,69.8
L2::P::taker_total_vol_15m_ge_156483.41+taker_imb_aligned_60m_le_-0.0591::top1,pair+top1,23,0.793,5,5,21.74,4.07,21.74,18.18,25.0,10.0,30.77,86.88,86.42
L2::P::taker_total_vol_15m_ge_156483.41+taker_imb_aligned_60m_ge_0.0189,pair,186,6.414,10,14,5.38,8.13,7.53,8.65,1.22,7.41,3.81,74.14,81.0
L2::P::taker_total_vol_15m_ge_156483.41+taker_imb_aligned_60m_ge_0.0189::top1,pair+top1,27,0.931,3,1,11.11,2.44,3.7,21.43,0.0,16.67,6.67,84.55,81.0
L2::P::taker_total_vol_15m_ge_156483.41+taker_imb_aligned_60m_le_0.0189,pair,128,4.414,9,31,7.03,7.32,24.22,4.55,9.68,4.69,9.38,90.71,86.42
L2::P::taker_total_vol_15m_ge_156483.41+taker_imb_aligned_60m_le_0.0189::top1,pair+top1,25,0.862,3,5,12.0,2.44,20.0,0.0,25.0,0.0,25.0,86.87,53.18
L2::P::taker_total_vol_15m_ge_156483.41+taker_imb_aligned_60m_ge_0.0814,pair,109,3.759,7,7,6.42,5.69,6.42,12.77,1.61,9.52,4.48,72.12,81.0
L2::P::taker_total_vol_15m_ge_156483.41+taker_imb_aligned_60m_ge_0.0814::top1,pair+top1,26,0.897,2,1,7.69,1.63,3.85,15.38,0.0,8.33,7.14,90.99,90.99
L2::P::taker_total_vol_15m_ge_156483.41+taker_imb_aligned_60m_le_0.0814,pair,205,7.069,12,38,5.85,9.76,18.54,4.88,7.32,4.85,6.86,87.74,79.05
L2::P::taker_total_vol_15m_ge_156483.41+taker_imb_aligned_60m_le_0.0814::top1,pair+top1,25,0.862,3,2,12.0,2.44,8.0,0.0,25.0,0.0,20.0,86.87,53.18
L2::P::taker_total_vol_15m_le_156483.41+taker_imb_aligned_60m_ge_-0.0591,pair,490,16.897,60,66,12.24,48.78,13.47,15.65,9.23,14.4,10.0,105.56,99.03
L2::P::taker_total_vol_15m_le_156483.41+taker_imb_aligned_60m_ge_-0.0591::top1,pair+top1,29,1.0,4,1,13.79,3.25,3.45,14.29,13.33,27.27,5.56,147.01,165.94
L2::P::taker_total_vol_15m_le_156483.41+taker_imb_aligned_60m_le_-0.0591,pair,241,8.31,44,29,18.26,35.77,12.03,17.76,18.66,15.93,20.31,90.16,63.69
L2::P::taker_total_vol_15m_le_156483.41+taker_imb_aligned_60m_le_-0.0591::top1,pair+top1,29,1.0,9,2,31.03,7.32,6.9,21.43,40.0,41.67,23.53,105.58,80.02
L2::P::taker_total_vol_15m_le_156483.41+taker_imb_aligned_60m_ge_0.0189,pair,336,11.586,36,47,10.71,29.27,13.99,14.1,7.78,13.95,7.32,106.63,88.38
L2::P::taker_total_vol_15m_le_156483.41+taker_imb_aligned_60m_ge_0.0189::top1,pair+top1,29,1.0,0,1,0.0,0.0,3.45,0.0,0.0,0.0,0.0,,
L2::P::taker_total_vol_15m_le_156483.41+taker_imb_aligned_60m_le_0.0189,pair,395,13.621,68,48,17.22,55.28,12.15,18.23,16.36,15.71,18.63,95.03,80.92
L2::P::taker_total_vol_15m_le_156483.41+taker_imb_aligned_60m_le_0.0189::top1,pair+top1,29,1.0,8,0,27.59,6.5,0.0,28.57,26.67,33.33,21.43,98.19,80.97
L2::P::taker_total_vol_15m_le_156483.41+taker_imb_aligned_60m_ge_0.0814,pair,205,7.069,20,26,9.76,16.26,12.68,14.77,5.98,16.04,3.03,111.42,103.27
L2::P::taker_total_vol_15m_le_156483.41+taker_imb_aligned_60m_ge_0.0814::top1,pair+top1,29,1.0,3,1,10.34,2.44,3.45,14.29,6.67,21.43,0.0,133.46,161.25
L2::P::taker_total_vol_15m_le_156483.41+taker_imb_aligned_60m_le_0.0814,pair,526,18.138,84,69,15.97,68.29,13.12,16.87,15.16,14.34,17.54,96.1,84.89
L2::P::taker_total_vol_15m_le_156483.41+taker_imb_aligned_60m_le_0.0814::top1,pair+top1,29,1.0,5,1,17.24,4.07,3.45,14.29,20.0,23.08,12.5,123.06,140.95
L2::P::taker_total_vol_15m_ge_69071.8+dist_to_recent_swing_high_pct_ge_0.321,pair,552,19.034,45,71,8.15,36.59,12.86,10.84,5.26,10.13,6.67,101.85,87.37
L2::P::taker_total_vol_15m_ge_69071.8+dist_to_recent_swing_high_pct_ge_0.321::top1,pair+top1,29,1.0,3,1,10.34,2.44,3.45,14.29,6.67,33.33,0.0,109.62,101.07
L2::P::taker_total_vol_15m_ge_69071.8+dist_to_recent_swing_high_pct_le_0.321,pair,180,6.207,32,33,17.78,26.02,18.33,16.85,18.68,20.35,13.43,78.83,45.06
L2::P::taker_total_vol_15m_ge_69071.8+dist_to_recent_swing_high_pct_le_0.321::top1,pair+top1,28,0.966,4,5,14.29,3.25,17.86,14.29,14.29,15.0,12.5,20.87,16.86
L2::P::taker_total_vol_15m_ge_69071.8+dist_to_recent_swing_high_pct_ge_0.6499,pair,431,14.862,32,51,7.42,26.02,11.83,9.91,5.02,9.3,6.18,103.78,99.27
L2::P::taker_total_vol_15m_ge_69071.8+dist_to_recent_swing_high_pct_ge_0.6499::top1,pair+top1,28,0.966,1,1,3.57,0.81,3.57,7.14,0.0,14.29,0.0,101.07,101.07
L2::P::taker_total_vol_15m_ge_69071.8+dist_to_recent_swing_high_pct_le_0.6499,pair,300,10.345,45,53,15.0,36.59,17.67,15.43,14.49,17.51,11.38,84.11,51.23
L2::P::taker_total_vol_15m_ge_69071.8+dist_to_recent_swing_high_pct_le_0.6499::top1,pair+top1,29,1.0,6,5,20.69,4.88,17.24,21.43,20.0,28.57,0.0,60.2,46.39
L2::P::taker_total_vol_15m_ge_69071.8+dist_to_recent_swing_high_pct_ge_1.062,pair,278,9.586,13,35,4.68,10.57,12.59,7.32,2.58,7.0,3.37,87.39,81.82
L2::P::taker_total_vol_15m_ge_69071.8+dist_to_recent_swing_high_pct_ge_1.062::top1,pair+top1,26,0.897,0,1,0.0,0.0,3.85,0.0,0.0,0.0,0.0,,
L2::P::taker_total_vol_15m_ge_69071.8+dist_to_recent_swing_high_pct_le_1.062,pair,454,15.655,64,69,14.1,52.03,15.2,14.68,13.37,16.0,11.76,93.28,81.0
L2::P::taker_total_vol_15m_ge_69071.8+dist_to_recent_swing_high_pct_le_1.062::top1,pair+top1,29,1.0,5,2,17.24,4.07,6.9,21.43,13.33,27.78,0.0,99.67,101.07
L2::P::taker_total_vol_15m_le_69071.8+dist_to_recent_swing_high_pct_ge_0.321,pair,180,6.207,24,26,13.33,19.51,14.44,15.07,12.15,10.0,16.67,116.09,121.05
L2::P::taker_total_vol_15m_le_69071.8+dist_to_recent_swing_high_pct_ge_0.321::top1,pair+top1,29,1.0,6,2,20.69,4.88,6.9,21.43,20.0,25.0,17.65,120.27,120.89
L2::P::taker_total_vol_15m_le_69071.8+dist_to_recent_swing_high_pct_le_0.321,pair,133,4.586,23,9,17.29,18.7,6.77,16.95,17.57,10.14,25.0,92.0,70.43
L2::P::taker_total_vol_15m_le_69071.8+dist_to_recent_swing_high_pct_le_0.321::top1,pair+top1,25,0.862,10,0,40.0,8.13,0.0,41.67,38.46,40.0,40.0,94.51,70.45
L2::P::taker_total_vol_15m_le_69071.8+dist_to_recent_swing_high_pct_ge_0.6499,pair,91,3.138,9,13,9.89,7.32,14.29,11.63,8.33,11.11,8.7,131.82,119.13
L2::P::taker_total_vol_15m_le_69071.8+dist_to_recent_swing_high_pct_ge_0.6499::top1,pair+top1,27,0.931,5,4,18.52,4.07,14.81,15.38,21.43,26.67,8.33,130.7,119.13
L2::P::taker_total_vol_15m_le_69071.8+dist_to_recent_swing_high_pct_le_0.6499,pair,223,7.69,38,22,17.04,30.89,9.87,17.98,16.42,9.57,25.0,97.78,87.97
L2::P::taker_total_vol_15m_le_69071.8+dist_to_recent_swing_high_pct_le_0.6499::top1,pair+top1,28,0.966,10,1,35.71,8.13,3.57,38.46,33.33,30.0,38.89,105.34,84.0
L2::P::taker_total_vol_15m_le_69071.8+dist_to_recent_swing_high_pct_ge_1.062,pair,36,1.241,0,7,0.0,0.0,19.44,0.0,0.0,0.0,0.0,,
L2::P::taker_total_vol_15m_le_69071.8+dist_to_recent_swing_high_pct_ge_1.062::top1,pair+top1,16,0.552,0,2,0.0,0.0,12.5,0.0,0.0,0.0,0.0,,
L2::P::taker_total_vol_15m_le_69071.8+dist_to_recent_swing_high_pct_le_1.062,pair,277,9.552,47,28,16.97,38.21,10.11,18.42,15.95,11.27,22.96,104.3,96.98
L2::P::taker_total_vol_15m_le_69071.8+dist_to_recent_swing_high_pct_le_1.062::top1,pair+top1,28,0.966,10,1,35.71,8.13,3.57,38.46,33.33,20.0,44.44,116.43,114.46
L2::P::taker_total_vol_15m_ge_105386.84+dist_to_recent_swing_high_pct_ge_0.321,pair,398,13.724,29,49,7.29,23.58,12.31,11.22,3.11,7.93,6.84,90.9,86.42
L2::P::taker_total_vol_15m_ge_105386.84+dist_to_recent_swing_high_pct_ge_0.321::top1,pair+top1,29,1.0,3,0,10.34,2.44,0.0,21.43,0.0,25.0,4.76,77.77,81.0
L2::P::taker_total_vol_15m_ge_105386.84+dist_to_recent_swing_high_pct_le_0.321,pair,124,4.276,18,26,14.52,14.63,20.97,10.45,19.3,16.0,12.24,80.11,29.93
L2::P::taker_total_vol_15m_ge_105386.84+dist_to_recent_swing_high_pct_le_0.321::top1,pair+top1,24,0.828,3,6,12.5,2.44,25.0,8.33,16.67,6.67,22.22,11.21,6.15
L2::P::taker_total_vol_15m_ge_105386.84+dist_to_recent_swing_high_pct_ge_0.6499,pair,318,10.966,22,35,6.92,17.89,11.01,10.53,3.61,8.0,6.22,105.53,101.03
L2::P::taker_total_vol_15m_ge_105386.84+dist_to_recent_swing_high_pct_ge_0.6499::top1,pair+top1,28,0.966,2,0,7.14,1.63,0.0,14.29,0.0,16.67,4.55,91.03,91.03
L2::P::taker_total_vol_15m_ge_105386.84+dist_to_recent_swing_high_pct_le_0.6499,pair,204,7.034,25,40,12.25,20.33,19.61,11.67,13.1,13.16,11.11,70.25,40.87
L2::P::taker_total_vol_15m_ge_105386.84+dist_to_recent_swing_high_pct_le_0.6499::top1,pair+top1,26,0.897,5,4,19.23,4.07,15.38,25.0,14.29,23.53,11.11,36.38,47.12
L2::P::taker_total_vol_15m_ge_105386.84+dist_to_recent_swing_high_pct_ge_1.062,pair,226,7.793,8,27,3.54,6.5,11.95,7.07,0.79,4.94,2.76,119.37,123.23
L2::P::taker_total_vol_15m_ge_105386.84+dist_to_recent_swing_high_pct_ge_1.062::top1,pair+top1,24,0.828,0,0,0.0,0.0,0.0,0.0,0.0,0.0,0.0,,
L2::P::taker_total_vol_15m_ge_105386.84+dist_to_recent_swing_high_pct_le_1.062,pair,297,10.241,39,48,13.13,31.71,16.16,13.22,13.01,13.21,13.04,80.08,56.72
L2::P::taker_total_vol_15m_ge_105386.84+dist_to_recent_swing_high_pct_le_1.062::top1,pair+top1,29,1.0,6,2,20.69,4.88,6.9,28.57,13.33,21.05,20.0,48.71,49.17
L2::P::taker_total_vol_15m_le_105386.84+dist_to_recent_swing_high_pct_ge_0.321,pair,334,11.517,39,48,11.68,31.71,14.37,12.34,11.11,12.27,11.11,117.55,122.97
L2::P::taker_total_vol_15m_le_105386.84+dist_to_recent_swing_high_pct_ge_0.321::top1,pair+top1,29,1.0,6,3,20.69,4.88,10.34,14.29,26.67,28.57,13.33,168.84,183.74
L2::P::taker_total_vol_15m_le_105386.84+dist_to_recent_swing_high_pct_le_0.321,pair,189,6.517,37,16,19.58,30.08,8.47,22.22,17.59,16.82,23.17,86.39,63.88
L2::P::taker_total_vol_15m_le_105386.84+dist_to_recent_swing_high_pct_le_0.321::top1,pair+top1,27,0.931,10,0,37.04,8.13,0.0,41.67,33.33,33.33,40.0,90.66,58.93
L2::P::taker_total_vol_15m_le_105386.84+dist_to_recent_swing_high_pct_ge_0.6499,pair,204,7.034,19,29,9.31,15.45,14.22,9.71,8.91,11.96,7.14,115.03,109.12
L2::P::taker_total_vol_15m_le_105386.84+dist_to_recent_swing_high_pct_ge_0.6499::top1,pair+top1,29,1.0,4,5,13.79,3.25,17.24,14.29,13.33,21.43,6.67,171.84,194.25
L2::P::taker_total_vol_15m_le_105386.84+dist_to_recent_swing_high_pct_le_0.6499,pair,319,11.0,57,35,17.87,46.34,10.97,20.61,15.96,15.17,21.28,98.16,85.95
L2::P::taker_total_vol_15m_le_105386.84+dist_to_recent_swing_high_pct_le_0.6499::top1,pair+top1,29,1.0,9,1,31.03,7.32,3.45,35.71,26.67,27.27,33.33,93.05,60.88
L2::P::taker_total_vol_15m_le_105386.84+dist_to_recent_swing_high_pct_ge_1.062,pair,88,3.034,5,15,5.68,4.07,17.05,4.76,6.52,8.33,3.85,36.21,24.8
L2::P::taker_total_vol_15m_le_105386.84+dist_to_recent_swing_high_pct_ge_1.062::top1,pair+top1,24,0.828,1,4,4.17,0.81,16.67,0.0,7.69,10.0,0.0,24.8,24.8
L2::P::taker_total_vol_15m_le_105386.84+dist_to_recent_swing_high_pct_le_1.062,pair,434,14.966,71,49,16.36,57.72,11.29,18.23,14.88,15.02,17.91,107.04,96.98
L2::P::taker_total_vol_15m_le_105386.84+dist_to_recent_swing_high_pct_le_1.062::top1,pair+top1,29,1.0,7,1,24.14,5.69,3.45,28.57,20.0,18.18,27.78,101.13,60.88
L2::P::taker_total_vol_15m_ge_156483.41+dist_to_recent_swing_high_pct_ge_0.321,pair,245,8.448,12,33,4.9,9.76,13.47,7.26,2.48,4.08,5.44,85.24,83.71
L2::P::taker_total_vol_15m_ge_156483.41+dist_to_recent_swing_high_pct_ge_0.321::top1,pair+top1,26,0.897,2,0,7.69,1.63,0.0,7.14,8.33,0.0,10.53,67.09,67.09
L2::P::taker_total_vol_15m_ge_156483.41+dist_to_recent_swing_high_pct_le_0.321,pair,69,2.379,7,12,10.14,5.69,17.39,6.52,17.39,10.64,9.09,76.4,16.25
L2::P::taker_total_vol_15m_ge_156483.41+dist_to_recent_swing_high_pct_le_0.321::top1,pair+top1,22,0.759,2,4,9.09,1.63,18.18,9.09,9.09,7.14,12.5,10.97,10.97
L2::P::taker_total_vol_15m_ge_156483.41+dist_to_recent_swing_high_pct_ge_0.6499,pair,192,6.621,10,25,5.21,8.13,13.02,8.43,2.75,4.48,5.6,86.48,84.19
L2::P::taker_total_vol_15m_ge_156483.41+dist_to_recent_swing_high_pct_ge_0.6499::top1,pair+top1,26,0.897,2,0,7.69,1.63,0.0,7.14,8.33,0.0,10.53,67.09,67.09
L2::P::taker_total_vol_15m_ge_156483.41+dist_to_recent_swing_high_pct_le_0.6499,pair,122,4.207,9,20,7.38,7.32,16.39,5.75,11.43,7.69,6.82,76.99,71.68
L2::P::taker_total_vol_15m_ge_156483.41+dist_to_recent_swing_high_pct_le_0.6499::top1,pair+top1,24,0.828,2,5,8.33,1.63,20.83,9.09,7.69,7.69,9.09,38.69,38.69
L2::P::taker_total_vol_15m_ge_156483.41+dist_to_recent_swing_high_pct_ge_1.062,pair,146,5.034,2,19,1.37,1.63,13.01,3.64,0.0,2.38,0.96,117.98,117.98
L2::P::taker_total_vol_15m_ge_156483.41+dist_to_recent_swing_high_pct_ge_1.062::top1,pair+top1,24,0.828,0,0,0.0,0.0,0.0,0.0,0.0,0.0,0.0,,
L2::P::taker_total_vol_15m_ge_156483.41+dist_to_recent_swing_high_pct_le_1.062,pair,168,5.793,17,26,10.12,13.82,15.48,8.7,13.21,7.77,13.85,77.75,81.0
L2::P::taker_total_vol_15m_ge_156483.41+dist_to_recent_swing_high_pct_le_1.062::top1,pair+top1,26,0.897,4,2,15.38,3.25,7.69,15.38,15.38,6.67,27.27,52.89,62.43
L2::P::taker_total_vol_15m_le_156483.41+dist_to_recent_swing_high_pct_ge_0.321,pair,486,16.759,56,64,11.52,45.53,13.17,14.04,9.16,12.66,10.51,110.67,116.64
L2::P::taker_total_vol_15m_le_156483.41+dist_to_recent_swing_high_pct_ge_0.321::top1,pair+top1,29,1.0,6,1,20.69,4.88,3.45,14.29,26.67,30.77,12.5,144.45,162.85
L2::P::taker_total_vol_15m_le_156483.41+dist_to_recent_swing_high_pct_le_0.321,pair,245,8.448,48,31,19.59,39.02,12.65,21.36,18.31,18.52,20.91,85.49,61.76
L2::P::taker_total_vol_15m_le_156483.41+dist_to_recent_swing_high_pct_le_0.321::top1,pair+top1,29,1.0,9,1,31.03,7.32,3.45,35.71,26.67,25.0,35.29,96.2,60.88
L2::P::taker_total_vol_15m_le_156483.41+dist_to_recent_swing_high_pct_ge_0.6499,pair,330,11.379,31,39,9.39,25.2,11.82,11.05,7.59,12.0,7.22,117.5,119.13
L2::P::taker_total_vol_15m_le_156483.41+dist_to_recent_swing_high_pct_ge_0.6499::top1,pair+top1,29,1.0,3,2,10.34,2.44,6.9,7.14,13.33,18.18,5.56,163.25,190.93
L2::P::taker_total_vol_15m_le_156483.41+dist_to_recent_swing_high_pct_le_0.6499,pair,401,13.828,73,56,18.2,59.35,13.97,21.82,15.68,16.82,19.79,91.21,70.43
L2::P::taker_total_vol_15m_le_156483.41+dist_to_recent_swing_high_pct_le_0.6499::top1,pair+top1,29,1.0,9,0,31.03,7.32,0.0,35.71,26.67,30.77,31.25,94.9,60.88
L2::P::taker_total_vol_15m_le_156483.41+dist_to_recent_swing_high_pct_ge_1.062,pair,168,5.793,11,23,6.55,8.94,13.69,8.14,4.88,8.0,5.38,81.83,63.5
L2::P::taker_total_vol_15m_le_156483.41+dist_to_recent_swing_high_pct_ge_1.062::top1,pair+top1,25,0.862,1,1,4.0,0.81,4.0,8.33,0.0,10.0,0.0,19.25,19.25
L2::P::taker_total_vol_15m_le_156483.41+dist_to_recent_swing_high_pct_le_1.062,pair,563,19.414,93,72,16.52,75.61,12.79,19.05,14.47,16.61,16.42,101.08,88.15
L2::P::taker_total_vol_15m_le_156483.41+dist_to_recent_swing_high_pct_le_1.062::top1,pair+top1,29,1.0,7,0,24.14,5.69,0.0,28.57,20.0,28.57,20.0,111.04,101.07
L2::P::taker_total_vol_15m_ge_69071.8+taker_imb_aligned_30m_ge_-0.0753,pair,518,17.862,51,64,9.85,41.46,12.36,12.5,6.72,13.33,6.46,95.83,82.85
L2::P::taker_total_vol_15m_ge_69071.8+taker_imb_aligned_30m_ge_-0.0753::top1,pair+top1,29,1.0,1,1,3.45,0.81,3.45,7.14,0.0,7.14,0.0,51.23,51.23
L2::P::taker_total_vol_15m_ge_69071.8+taker_imb_aligned_30m_le_-0.0753,pair,214,7.379,26,40,12.15,21.14,18.69,11.58,12.61,13.68,10.92,85.32,63.5
L2::P::taker_total_vol_15m_ge_69071.8+taker_imb_aligned_30m_le_-0.0753::top1,pair+top1,28,0.966,6,7,21.43,4.88,25.0,14.29,28.57,28.57,14.29,85.5,79.91
L2::P::taker_total_vol_15m_ge_69071.8+taker_imb_aligned_30m_ge_0.0001,pair,364,12.552,33,41,9.07,26.83,11.26,13.3,4.55,12.57,5.82,94.77,81.0
L2::P::taker_total_vol_15m_ge_69071.8+taker_imb_aligned_30m_ge_0.0001::top1,pair+top1,29,1.0,2,2,6.9,1.63,6.9,14.29,0.0,14.29,0.0,61.45,61.45
L2::P::taker_total_vol_15m_ge_69071.8+taker_imb_aligned_30m_le_0.0001,pair,368,12.69,44,63,11.96,35.77,17.12,11.29,12.64,14.29,9.84,90.41,82.33
L2::P::taker_total_vol_15m_ge_69071.8+taker_imb_aligned_30m_le_0.0001::top1,pair+top1,29,1.0,4,6,13.79,3.25,20.69,7.14,20.0,20.0,7.14,87.12,81.85
L2::P::taker_total_vol_15m_ge_69071.8+taker_imb_aligned_30m_ge_0.0733,pair,214,7.379,21,24,9.81,17.07,11.21,14.74,5.88,14.0,6.14,98.57,81.0
L2::P::taker_total_vol_15m_ge_69071.8+taker_imb_aligned_30m_ge_0.0733::top1,pair+top1,28,0.966,1,2,3.57,0.81,7.14,7.69,0.0,8.33,0.0,71.68,71.68
L2::P::taker_total_vol_15m_ge_69071.8+taker_imb_aligned_30m_le_0.0733,pair,517,17.828,56,80,10.83,45.53,15.47,11.47,10.08,13.25,8.58,89.92,79.38
L2::P::taker_total_vol_15m_ge_69071.8+taker_imb_aligned_30m_le_0.0733::top1,pair+top1,29,1.0,5,5,17.24,4.07,17.24,21.43,13.33,31.25,0.0,108.66,101.07
L2::P::taker_total_vol_15m_le_69071.8+taker_imb_aligned_30m_ge_-0.0753,pair,213,7.345,29,27,13.62,23.58,12.68,19.15,9.24,11.21,16.49,103.96,104.83
L2::P::taker_total_vol_15m_le_69071.8+taker_imb_aligned_30m_ge_-0.0753::top1,pair+top1,29,1.0,6,2,20.69,4.88,6.9,21.43,20.0,15.38,25.0,128.44,141.09
L2::P::taker_total_vol_15m_le_69071.8+taker_imb_aligned_30m_le_-0.0753,pair,100,3.448,18,8,18.0,14.63,8.0,7.89,24.19,6.98,26.32,104.85,86.32
L2::P::taker_total_vol_15m_le_69071.8+taker_imb_aligned_30m_le_-0.0753::top1,pair+top1,24,0.828,6,1,25.0,4.88,4.17,10.0,35.71,0.0,33.33,126.97,130.24
L2::P::taker_total_vol_15m_le_69071.8+taker_imb_aligned_30m_ge_0.0001,pair,158,5.448,17,20,10.76,13.82,12.66,15.15,7.61,9.88,11.69,111.2,104.83
L2::P::taker_total_vol_15m_le_69071.8+taker_imb_aligned_30m_ge_0.0001::top1,pair+top1,29,1.0,2,7,6.9,1.63,24.14,0.0,13.33,0.0,12.5,166.08,166.08
L2::P::taker_total_vol_15m_le_69071.8+taker_imb_aligned_30m_le_0.0001,pair,155,5.345,30,15,19.35,24.39,9.68,16.67,21.35,10.26,28.57,100.39,86.32
L2::P::taker_total_vol_15m_le_69071.8+taker_imb_aligned_30m_le_0.0001::top1,pair+top1,26,0.897,8,0,30.77,6.5,0.0,27.27,33.33,22.22,35.29,120.27,126.14
L2::P::taker_total_vol_15m_le_69071.8+taker_imb_aligned_30m_ge_0.0733,pair,100,3.448,9,14,9.0,7.32,14.0,5.56,10.94,9.8,8.16,123.77,139.2
L2::P::taker_total_vol_15m_le_69071.8+taker_imb_aligned_30m_ge_0.0733::top1,pair+top1,29,1.0,3,5,10.34,2.44,17.24,7.14,13.33,7.69,12.5,176.58,190.93
L2::P::taker_total_vol_15m_le_69071.8+taker_imb_aligned_30m_le_0.0733,pair,214,7.379,38,21,17.76,30.89,9.81,19.79,16.1,10.19,25.47,99.69,88.06
L2::P::taker_total_vol_15m_le_69071.8+taker_imb_aligned_30m_le_0.0733::top1,pair+top1,28,0.966,9,1,32.14,7.32,3.57,30.77,33.33,22.22,36.84,116.68,111.33
L2::P::taker_total_vol_15m_ge_105386.84+taker_imb_aligned_30m_ge_-0.0753,pair,373,12.862,31,40,8.31,25.2,10.72,11.0,5.2,10.11,6.67,94.55,87.37
L2::P::taker_total_vol_15m_ge_105386.84+taker_imb_aligned_30m_ge_-0.0753::top1,pair+top1,29,1.0,2,1,6.9,1.63,3.45,14.29,0.0,8.33,5.88,66.11,66.11
L2::P::taker_total_vol_15m_ge_105386.84+taker_imb_aligned_30m_le_-0.0753,pair,150,5.172,16,35,10.67,13.01,23.33,10.96,10.39,11.29,10.23,71.68,45.63
L2::P::taker_total_vol_15m_ge_105386.84+taker_imb_aligned_30m_le_-0.0753::top1,pair+top1,25,0.862,4,6,16.0,3.25,24.0,15.38,16.67,23.08,8.33,82.05,60.16
L2::P::taker_total_vol_15m_ge_105386.84+taker_imb_aligned_30m_ge_0.0001,pair,272,9.379,21,29,7.72,17.07,10.66,11.11,4.38,9.76,6.04,88.35,81.0
L2::P::taker_total_vol_15m_ge_105386.84+taker_imb_aligned_30m_ge_0.0001::top1,pair+top1,29,1.0,3,1,10.34,2.44,3.45,21.43,0.0,18.18,5.56,67.97,71.68
L2::P::taker_total_vol_15m_ge_105386.84+taker_imb_aligned_30m_le_0.0001,pair,251,8.655,26,46,10.36,21.14,18.33,10.95,9.65,11.11,9.7,85.48,84.12
L2::P::taker_total_vol_15m_ge_105386.84+taker_imb_aligned_30m_le_0.0001::top1,pair+top1,25,0.862,3,3,12.0,2.44,12.0,7.69,16.67,16.67,7.69,102.98,101.07
L2::P::taker_total_vol_15m_ge_105386.84+taker_imb_aligned_30m_ge_0.0733,pair,158,5.448,14,16,8.86,11.38,10.13,13.85,5.38,11.76,6.67,93.81,81.0
L2::P::taker_total_vol_15m_ge_105386.84+taker_imb_aligned_30m_ge_0.0733::top1,pair+top1,28,0.966,3,3,10.71,2.44,10.71,15.38,6.67,16.67,6.25,56.4,71.68
L2::P::taker_total_vol_15m_ge_105386.84+taker_imb_aligned_30m_le_0.0733,pair,364,12.552,33,59,9.07,26.83,16.21,10.14,7.64,9.94,8.29,83.77,81.82
L2::P::taker_total_vol_15m_ge_105386.84+taker_imb_aligned_30m_le_0.0733::top1,pair+top1,26,0.897,4,1,15.38,3.25,3.85,14.29,16.67,21.43,8.33,90.05,76.15
L2::P::taker_total_vol_15m_le_105386.84+taker_imb_aligned_30m_ge_-0.0753,pair,359,12.379,49,51,13.65,39.84,14.21,17.82,9.73,15.03,12.05,101.46,88.15
L2::P::taker_total_vol_15m_le_105386.84+taker_imb_aligned_30m_ge_-0.0753::top1,pair+top1,29,1.0,5,2,17.24,4.07,6.9,21.43,13.33,25.0,11.76,119.42,140.95
L2::P::taker_total_vol_15m_le_105386.84+taker_imb_aligned_30m_le_-0.0753,pair,163,5.621,27,13,16.56,21.95,7.98,10.0,20.39,11.84,20.69,104.05,80.02
L2::P::taker_total_vol_15m_le_105386.84+taker_imb_aligned_30m_le_-0.0753::top1,pair+top1,28,0.966,6,1,21.43,4.88,3.57,7.69,33.33,20.0,22.22,106.9,105.02
L2::P::taker_total_vol_15m_le_105386.84+taker_imb_aligned_30m_ge_0.0001,pair,251,8.655,29,32,11.55,23.58,12.75,16.81,6.82,13.53,9.32,109.05,104.83
L2::P::taker_total_vol_15m_le_105386.84+taker_imb_aligned_30m_ge_0.0001::top1,pair+top1,29,1.0,3,3,10.34,2.44,10.34,7.14,13.33,7.69,12.5,114.7,141.23
L2::P::taker_total_vol_15m_le_105386.84+taker_imb_aligned_30m_le_0.0001,pair,271,9.345,47,32,17.34,38.21,11.81,14.78,19.23,14.71,20.0,98.26,80.02
L2::P::taker_total_vol_15m_le_105386.84+taker_imb_aligned_30m_le_0.0001::top1,pair+top1,29,1.0,7,2,24.14,5.69,6.9,21.43,26.67,16.67,29.41,105.14,62.63
L2::P::taker_total_vol_15m_le_105386.84+taker_imb_aligned_30m_ge_0.0733,pair,157,5.414,16,22,10.19,13.01,14.01,10.61,9.89,13.25,6.76,116.91,129.16
L2::P::taker_total_vol_15m_le_105386.84+taker_imb_aligned_30m_ge_0.0733::top1,pair+top1,29,1.0,5,2,17.24,4.07,6.9,14.29,20.0,21.43,13.33,116.64,141.23
L2::P::taker_total_vol_15m_le_105386.84+taker_imb_aligned_30m_le_0.0733,pair,366,12.621,60,42,16.39,48.78,11.48,17.86,15.15,14.52,18.33,98.5,84.4
L2::P::taker_total_vol_15m_le_105386.84+taker_imb_aligned_30m_le_0.0733::top1,pair+top1,29,1.0,6,2,20.69,4.88,6.9,21.43,20.0,18.18,22.22,112.22,100.91
L2::P::taker_total_vol_15m_ge_156483.41+taker_imb_aligned_30m_ge_-0.0753,pair,243,8.379,14,26,5.76,11.38,10.7,8.27,2.73,7.69,3.97,84.7,84.19
L2::P::taker_total_vol_15m_ge_156483.41+taker_imb_aligned_30m_ge_-0.0753::top1,pair+top1,27,0.931,2,1,7.41,1.63,3.7,7.14,7.69,7.69,7.14,123.9,123.9
L2::P::taker_total_vol_15m_ge_156483.41+taker_imb_aligned_30m_le_-0.0753,pair,71,2.448,5,19,7.04,4.07,26.76,2.7,11.76,0.0,11.63,74.4,53.18
L2::P::taker_total_vol_15m_ge_156483.41+taker_imb_aligned_30m_le_-0.0753::top1,pair+top1,23,0.793,3,6,13.04,2.44,26.09,0.0,25.0,0.0,21.43,86.87,53.18
L2::P::taker_total_vol_15m_ge_156483.41+taker_imb_aligned_30m_ge_0.0001,pair,188,6.483,11,19,5.85,8.94,10.11,9.28,2.2,8.43,3.81,82.56,81.0
L2::P::taker_total_vol_15m_ge_156483.41+taker_imb_aligned_30m_ge_0.0001::top1,pair+top1,27,0.931,3,2,11.11,2.44,7.41,14.29,7.69,14.29,7.69,106.49,81.0
L2::P::taker_total_vol_15m_ge_156483.41+taker_imb_aligned_30m_le_0.0001,pair,126,4.345,8,26,6.35,6.5,20.63,4.11,9.43,3.23,9.38,81.2,69.8
L2::P::taker_total_vol_15m_ge_156483.41+taker_imb_aligned_30m_le_0.0001::top1,pair+top1,25,0.862,3,5,12.0,2.44,20.0,0.0,25.0,0.0,20.0,86.87,53.18
L2::P::taker_total_vol_15m_ge_156483.41+taker_imb_aligned_30m_ge_0.0733,pair,108,3.724,8,8,7.41,6.5,7.41,15.91,1.56,11.63,4.62,72.07,81.0
L2::P::taker_total_vol_15m_ge_156483.41+taker_imb_aligned_30m_ge_0.0733::top1,pair+top1,26,0.897,3,1,11.54,2.44,3.85,23.08,0.0,15.38,7.69,84.55,81.0
L2::P::taker_total_vol_15m_ge_156483.41+taker_imb_aligned_30m_le_0.0733,pair,206,7.103,11,37,5.34,8.94,17.96,3.97,7.5,3.92,6.73,89.2,86.42
L2::P::taker_total_vol_15m_ge_156483.41+taker_imb_aligned_30m_le_0.0733::top1,pair+top1,26,0.897,3,1,11.54,2.44,3.85,0.0,25.0,0.0,20.0,86.87,53.18
L2::P::taker_total_vol_15m_le_156483.41+taker_imb_aligned_30m_ge_-0.0753,pair,489,16.862,66,66,13.5,53.66,13.5,17.36,9.72,14.96,11.91,101.77,88.47
L2::P::taker_total_vol_15m_le_156483.41+taker_imb_aligned_30m_ge_-0.0753::top1,pair+top1,29,1.0,4,0,13.79,3.25,0.0,14.29,13.33,25.0,5.88,147.01,165.94
L2::P::taker_total_vol_15m_le_156483.41+taker_imb_aligned_30m_le_-0.0753,pair,242,8.345,38,29,15.7,30.89,11.98,13.54,17.12,14.55,16.67,94.32,79.69
L2::P::taker_total_vol_15m_le_156483.41+taker_imb_aligned_30m_le_-0.0753::top1,pair+top1,29,1.0,8,2,27.59,6.5,6.9,21.43,33.33,36.36,22.22,95.21,80.97
L2::P::taker_total_vol_15m_le_156483.41+taker_imb_aligned_30m_ge_0.0001,pair,335,11.552,39,43,11.64,31.71,12.84,16.46,7.34,13.29,9.88,105.38,88.78
L2::P::taker_total_vol_15m_le_156483.41+taker_imb_aligned_30m_ge_0.0001::top1,pair+top1,29,1.0,3,2,10.34,2.44,6.9,7.14,13.33,9.09,11.11,127.8,141.23
L2::P::taker_total_vol_15m_le_156483.41+taker_imb_aligned_30m_le_0.0001,pair,396,13.655,65,52,16.41,52.85,13.13,16.2,16.59,16.23,16.59,95.25,81.82
L2::P::taker_total_vol_15m_le_156483.41+taker_imb_aligned_30m_le_0.0001::top1,pair+top1,29,1.0,5,1,17.24,4.07,3.45,7.14,26.67,15.38,18.75,125.34,140.95
L2::P::taker_total_vol_15m_le_156483.41+taker_imb_aligned_30m_ge_0.0733,pair,206,7.103,22,30,10.68,17.89,14.56,10.34,10.92,12.96,8.16,118.52,129.16
L2::P::taker_total_vol_15m_le_156483.41+taker_imb_aligned_30m_ge_0.0733::top1,pair+top1,29,1.0,4,1,13.79,3.25,3.45,7.14,20.0,18.18,11.11,142.82,166.08
L2::P::taker_total_vol_15m_le_156483.41+taker_imb_aligned_30m_le_0.0733,pair,525,18.103,82,65,15.62,66.67,12.38,18.4,13.09,15.69,15.56,93.82,82.33
L2::P::taker_total_vol_15m_le_156483.41+taker_imb_aligned_30m_le_0.0733::top1,pair+top1,29,1.0,5,1,17.24,4.07,3.45,14.29,20.0,23.08,12.5,123.06,140.95
L2::P::taker_total_vol_15m_ge_69071.8+local_range_30m_pct_ge_0.4406,pair,640,22.069,61,93,9.53,49.59,14.53,11.37,7.41,12.0,7.35,88.82,76.95
L2::P::taker_total_vol_15m_ge_69071.8+local_range_30m_pct_ge_0.4406::top1,pair+top1,29,1.0,3,2,10.34,2.44,6.9,14.29,6.67,18.75,0.0,109.62,101.07
L2::P::taker_total_vol_15m_ge_69071.8+local_range_30m_pct_le_0.4406,pair,92,3.172,16,11,17.39,13.01,11.96,22.58,14.75,22.0,11.9,105.47,118.06
L2::P::taker_total_vol_15m_ge_69071.8+local_range_30m_pct_le_0.4406::top1,pair+top1,25,0.862,3,2,12.0,2.44,8.0,18.18,7.14,18.75,0.0,125.23,161.25
L2::P::taker_total_vol_15m_ge_69071.8+local_range_30m_pct_ge_0.5848,pair,488,16.828,44,69,9.02,35.77,14.14,10.29,7.41,12.0,6.46,93.13,81.0
L2::P::taker_total_vol_15m_ge_69071.8+local_range_30m_pct_ge_0.5848::top1,pair+top1,29,1.0,2,3,6.9,1.63,10.34,7.14,6.67,12.5,0.0,113.89,113.89
L2::P::taker_total_vol_15m_ge_69071.8+local_range_30m_pct_le_0.5848,pair,244,8.414,33,35,13.52,26.83,14.34,17.65,10.56,16.13,10.83,91.16,82.85
L2::P::taker_total_vol_15m_ge_69071.8+local_range_30m_pct_le_0.5848::top1,pair+top1,28,0.966,3,4,10.71,2.44,14.29,14.29,7.14,18.75,0.0,40.41,11.93
L2::P::taker_total_vol_15m_ge_69071.8+local_range_30m_pct_ge_0.7621,pair,311,10.724,23,47,7.4,18.7,15.11,8.6,5.6,8.28,6.63,95.12,81.0
L2::P::taker_total_vol_15m_ge_69071.8+local_range_30m_pct_ge_0.7621::top1,pair+top1,27,0.931,1,2,3.7,0.81,7.41,0.0,7.69,6.67,0.0,166.8,166.8
L2::P::taker_total_vol_15m_ge_69071.8+local_range_30m_pct_le_0.7621,pair,422,14.552,54,57,12.8,43.9,13.51,15.96,10.26,16.99,8.8,91.07,82.33
L2::P::taker_total_vol_15m_ge_69071.8+local_range_30m_pct_le_0.7621::top1,pair+top1,29,1.0,4,1,13.79,3.25,3.45,14.29,13.33,26.67,0.0,84.27,76.15
L2::P::taker_total_vol_15m_le_69071.8+local_range_30m_pct_ge_0.4406,pair,92,3.172,17,13,18.48,13.82,14.13,21.43,16.0,11.11,25.53,90.97,56.98
L2::P::taker_total_vol_15m_le_69071.8+local_range_30m_pct_ge_0.4406::top1,pair+top1,28,0.966,8,2,28.57,6.5,7.14,38.46,20.0,12.5,35.0,75.8,47.74
L2::P::taker_total_vol_15m_le_69071.8+local_range_30m_pct_le_0.4406,pair,221,7.621,30,22,13.57,24.39,9.95,13.33,13.74,9.65,17.76,111.86,108.08
L2::P::taker_total_vol_15m_le_69071.8+local_range_30m_pct_le_0.4406::top1,pair+top1,29,1.0,7,3,24.14,5.69,10.34,14.29,33.33,30.77,18.75,125.67,111.33
L2::P::taker_total_vol_15m_le_69071.8+local_range_30m_pct_ge_0.5848,pair,35,1.207,10,7,28.57,8.13,20.0,30.43,25.0,15.0,46.67,80.34,44.6
L2::P::taker_total_vol_15m_le_69071.8+local_range_30m_pct_ge_0.5848::top1,pair+top1,17,0.586,6,1,35.29,4.88,5.88,44.44,25.0,0.0,54.55,70.21,41.7
L2::P::taker_total_vol_15m_le_69071.8+local_range_30m_pct_le_0.5848,pair,278,9.586,37,28,13.31,30.08,10.07,12.84,13.61,9.35,17.27,110.78,104.83
L2::P::taker_total_vol_15m_le_69071.8+local_range_30m_pct_le_0.5848::top1,pair+top1,29,1.0,7,1,24.14,5.69,3.45,14.29,33.33,22.22,25.0,140.79,141.23
L2::P::taker_total_vol_15m_le_69071.8+local_range_30m_pct_le_0.7621,pair,309,10.655,47,35,15.21,38.21,11.33,16.03,14.61,10.19,20.39,104.3,96.98
L2::P::taker_total_vol_15m_le_69071.8+local_range_30m_pct_le_0.7621::top1,pair+top1,29,1.0,8,1,27.59,6.5,3.45,21.43,33.33,22.22,30.0,130.22,145.05
L2::P::taker_total_vol_15m_ge_105386.84+local_range_30m_pct_ge_0.4406,pair,497,17.138,44,72,8.85,35.77,14.49,11.36,6.01,10.48,7.46,88.79,81.41
L2::P::taker_total_vol_15m_ge_105386.84+local_range_30m_pct_ge_0.4406::top1,pair+top1,29,1.0,3,2,10.34,2.44,6.9,21.43,0.0,13.33,7.14,77.77,81.0
L2::P::taker_total_vol_15m_ge_105386.84+local_range_30m_pct_le_0.4406,pair,25,0.862,3,3,12.0,2.44,12.0,0.0,17.65,10.0,13.33,57.1,6.15
L2::P::taker_total_vol_15m_ge_105386.84+local_range_30m_pct_le_0.4406::top1,pair+top1,12,0.414,2,1,16.67,1.63,8.33,0.0,25.0,14.29,20.0,84.48,84.48
L2::P::taker_total_vol_15m_ge_105386.84+local_range_30m_pct_ge_0.5848,pair,417,14.379,33,61,7.91,26.83,14.63,9.29,6.28,10.05,6.14,87.47,81.0
L2::P::taker_total_vol_15m_ge_105386.84+local_range_30m_pct_ge_0.5848::top1,pair+top1,29,1.0,3,2,10.34,2.44,6.9,21.43,0.0,12.5,7.69,59.78,51.23
L2::P::taker_total_vol_15m_ge_105386.84+local_range_30m_pct_le_0.5848,pair,105,3.621,14,14,13.33,11.38,13.33,19.57,8.47,12.0,14.55,85.1,78.89
L2::P::taker_total_vol_15m_ge_105386.84+local_range_30m_pct_le_0.5848::top1,pair+top1,23,0.793,2,3,8.7,1.63,13.04,16.67,0.0,12.5,6.67,116.69,116.69
L2::P::taker_total_vol_15m_ge_105386.84+local_range_30m_pct_ge_0.7621,pair,280,9.655,19,44,6.79,15.45,15.71,7.5,5.83,7.63,6.04,87.29,81.0
L2::P::taker_total_vol_15m_ge_105386.84+local_range_30m_pct_ge_0.7621::top1,pair+top1,27,0.931,2,1,7.41,1.63,3.7,7.14,7.69,6.67,8.33,123.9,123.9
L2::P::taker_total_vol_15m_ge_105386.84+local_range_30m_pct_le_0.7621,pair,243,8.379,28,31,11.52,22.76,12.76,16.07,7.63,13.76,9.7,86.41,84.12
L2::P::taker_total_vol_15m_ge_105386.84+local_range_30m_pct_le_0.7621::top1,pair+top1,27,0.931,4,1,14.81,3.25,3.7,23.08,7.14,30.0,5.88,98.23,99.31
L2::P::taker_total_vol_15m_le_105386.84+local_range_30m_pct_ge_0.4406,pair,235,8.103,33,34,14.04,26.83,14.47,14.88,13.16,14.66,13.45,88.15,62.63
L2::P::taker_total_vol_15m_le_105386.84+local_range_30m_pct_ge_0.4406::top1,pair+top1,29,1.0,7,3,24.14,5.69,10.34,21.43,26.67,15.38,31.25,95.5,56.98
L2::P::taker_total_vol_15m_le_105386.84+local_range_30m_pct_le_0.4406,pair,288,9.931,43,30,14.93,34.96,10.42,16.81,13.71,13.64,16.42,113.3,111.33
L2::P::taker_total_vol_15m_le_105386.84+local_range_30m_pct_le_0.4406::top1,pair+top1,29,1.0,4,3,13.79,3.25,10.34,14.29,13.33,15.38,12.5,149.09,165.27
L2::P::taker_total_vol_15m_le_105386.84+local_range_30m_pct_ge_0.5848,pair,106,3.655,20,15,18.87,16.26,14.15,20.29,16.22,19.64,18.0,93.26,63.5
L2::P::taker_total_vol_15m_le_105386.84+local_range_30m_pct_ge_0.5848::top1,pair+top1,26,0.897,4,3,15.38,3.25,11.54,16.67,14.29,7.69,23.08,102.16,98.76
L2::P::taker_total_vol_15m_le_105386.84+local_range_30m_pct_le_0.5848,pair,417,14.379,56,49,13.43,45.53,11.75,13.94,13.1,12.68,14.22,105.63,94.81
L2::P::taker_total_vol_15m_le_105386.84+local_range_30m_pct_le_0.5848::top1,pair+top1,29,1.0,5,1,17.24,4.07,3.45,14.29,20.0,20.0,15.79,130.67,140.95
L2::P::taker_total_vol_15m_le_105386.84+local_range_30m_pct_ge_0.7621,pair,36,1.241,4,3,11.11,3.25,8.33,14.81,0.0,12.5,10.0,132.29,119.53
L2::P::taker_total_vol_15m_le_105386.84+local_range_30m_pct_ge_0.7621::top1,pair+top1,15,0.517,1,2,6.67,0.81,13.33,10.0,0.0,0.0,11.11,63.5,63.5
L2::P::taker_total_vol_15m_le_105386.84+local_range_30m_pct_le_0.7621,pair,487,16.793,72,61,14.78,58.54,12.53,15.94,13.93,14.17,15.45,100.72,88.06
L2::P::taker_total_vol_15m_le_105386.84+local_range_30m_pct_le_0.7621::top1,pair+top1,29,1.0,6,1,20.69,4.88,3.45,21.43,20.0,20.0,21.05,112.22,100.91
L2::P::taker_total_vol_15m_ge_156483.41+local_range_30m_pct_ge_0.4406,pair,312,10.759,19,45,6.09,15.45,14.42,7.1,4.9,6.25,5.95,81.99,81.0
L2::P::taker_total_vol_15m_ge_156483.41+local_range_30m_pct_ge_0.4406::top1,pair+top1,27,0.931,2,2,7.41,1.63,7.41,7.14,7.69,0.0,12.5,67.09,67.09
L2::P::taker_total_vol_15m_ge_156483.41+local_range_30m_pct_ge_0.5848,pair,292,10.069,19,40,6.51,15.45,13.7,7.5,5.3,6.67,6.37,81.99,81.0
L2::P::taker_total_vol_15m_ge_156483.41+local_range_30m_pct_ge_0.5848::top1,pair+top1,27,0.931,2,3,7.41,1.63,11.11,7.14,7.69,0.0,14.29,67.09,67.09
L2::P::taker_total_vol_15m_ge_156483.41+local_range_30m_pct_le_0.5848,pair,22,0.759,0,5,0.0,0.0,22.73,0.0,0.0,0.0,0.0,,
L2::P::taker_total_vol_15m_ge_156483.41+local_range_30m_pct_le_0.5848::top1,pair+top1,11,0.379,0,3,0.0,0.0,27.27,0.0,0.0,0.0,0.0,,
L2::P::taker_total_vol_15m_ge_156483.41+local_range_30m_pct_ge_0.7621,pair,225,7.759,13,32,5.78,10.57,14.22,6.82,4.3,6.54,5.08,75.98,81.0
L2::P::taker_total_vol_15m_ge_156483.41+local_range_30m_pct_ge_0.7621::top1,pair+top1,26,0.897,3,3,11.54,2.44,11.54,7.14,16.67,7.14,16.67,100.33,81.0
L2::P::taker_total_vol_15m_ge_156483.41+local_range_30m_pct_le_0.7621,pair,89,3.069,6,13,6.74,4.88,14.61,7.89,5.88,5.26,7.84,95.0,91.98
L2::P::taker_total_vol_15m_ge_156483.41+local_range_30m_pct_le_0.7621::top1,pair+top1,25,0.862,4,2,16.0,3.25,8.0,16.67,15.38,22.22,12.5,70.46,61.26
L2::P::taker_total_vol_15m_le_156483.41+local_range_30m_pct_ge_0.4406,pair,420,14.483,58,62,13.81,47.15,14.76,16.59,10.84,15.92,11.87,90.65,63.06
L2::P::taker_total_vol_15m_le_156483.41+local_range_30m_pct_ge_0.4406::top1,pair+top1,29,1.0,6,0,20.69,4.88,0.0,14.29,26.67,23.08,18.75,120.98,125.11
L2::P::taker_total_vol_15m_le_156483.41+local_range_30m_pct_le_0.4406,pair,311,10.724,46,33,14.79,37.4,10.61,15.83,14.14,13.5,16.22,109.63,108.08
L2::P::taker_total_vol_15m_le_156483.41+local_range_30m_pct_le_0.4406::top1,pair+top1,29,1.0,4,3,13.79,3.25,10.34,14.29,13.33,14.29,13.33,149.09,165.27
L2::P::taker_total_vol_15m_le_156483.41+local_range_30m_pct_ge_0.5848,pair,231,7.966,34,37,14.72,27.64,16.02,16.91,11.58,19.09,10.74,93.94,63.5
L2::P::taker_total_vol_15m_le_156483.41+local_range_30m_pct_ge_0.5848::top1,pair+top1,27,0.931,4,1,14.81,3.25,3.7,15.38,14.29,15.38,14.29,106.33,100.19
L2::P::taker_total_vol_15m_le_156483.41+local_range_30m_pct_le_0.5848,pair,500,17.241,70,58,14.0,56.91,11.6,15.92,12.71,13.04,14.98,101.53,94.81
L2::P::taker_total_vol_15m_le_156483.41+local_range_30m_pct_le_0.5848::top1,pair+top1,29,1.0,5,1,17.24,4.07,3.45,14.29,20.0,20.0,15.79,130.67,140.95
L2::P::taker_total_vol_15m_le_156483.41+local_range_30m_pct_ge_0.7621,pair,91,3.138,10,16,10.99,8.13,17.58,12.5,8.57,12.5,9.8,119.99,118.03
L2::P::taker_total_vol_15m_le_156483.41+local_range_30m_pct_ge_0.7621::top1,pair+top1,20,0.69,0,3,0.0,0.0,15.0,0.0,0.0,0.0,0.0,,
L2::P::taker_total_vol_15m_le_156483.41+local_range_30m_pct_le_0.7621,pair,641,22.103,94,79,14.66,76.42,12.32,17.08,12.78,15.08,14.24,96.82,87.97
L2::P::taker_total_vol_15m_le_156483.41+local_range_30m_pct_le_0.7621::top1,pair+top1,29,1.0,5,0,17.24,4.07,0.0,14.29,20.0,25.0,11.76,123.06,140.95
L2::P::taker_total_vol_15m_ge_69071.8+conf_opposite_thinning_ge_0.4997,pair,519,17.897,49,74,9.44,39.84,14.26,10.04,8.85,12.15,6.99,101.82,82.85
L2::P::taker_total_vol_15m_ge_69071.8+conf_opposite_thinning_ge_0.4997::top1,pair+top1,29,1.0,3,3,10.34,2.44,10.34,7.14,13.33,17.65,0.0,78.67,51.23
L2::P::taker_total_vol_15m_ge_69071.8+conf_opposite_thinning_le_0.4997,pair,213,7.345,28,30,13.15,22.76,14.08,17.24,8.25,16.67,9.91,75.59,78.97
L2::P::taker_total_vol_15m_ge_69071.8+conf_opposite_thinning_le_0.4997::top1,pair+top1,29,1.0,3,5,10.34,2.44,17.24,14.29,6.67,17.65,0.0,111.65,101.07
L2::P::taker_total_vol_15m_ge_69071.8+conf_opposite_thinning_ge_0.5003,pair,356,12.276,37,51,10.39,30.08,14.33,11.11,9.73,13.25,7.89,111.49,88.78
L2::P::taker_total_vol_15m_ge_69071.8+conf_opposite_thinning_ge_0.5003::top1,pair+top1,29,1.0,3,1,10.34,2.44,3.45,21.43,0.0,25.0,0.0,92.23,51.23
L2::P::taker_total_vol_15m_ge_69071.8+conf_opposite_thinning_le_0.5003,pair,376,12.966,40,53,10.64,32.52,14.1,13.24,7.56,13.59,7.81,74.52,70.22
L2::P::taker_total_vol_15m_ge_69071.8+conf_opposite_thinning_le_0.5003::top1,pair+top1,29,1.0,4,3,13.79,3.25,10.34,7.14,20.0,25.0,0.0,119.02,138.81
L2::P::taker_total_vol_15m_ge_69071.8+conf_opposite_thinning_ge_0.5008,pair,200,6.897,22,26,11.0,17.89,13.0,12.62,9.28,16.13,6.54,121.73,128.62
L2::P::taker_total_vol_15m_ge_69071.8+conf_opposite_thinning_ge_0.5008::top1,pair+top1,29,1.0,3,3,10.34,2.44,10.34,21.43,0.0,30.0,0.0,96.6,71.68
L2::P::taker_total_vol_15m_ge_69071.8+conf_opposite_thinning_le_0.5008,pair,533,18.379,55,78,10.32,44.72,14.63,12.09,8.46,12.5,8.3,80.5,76.95
L2::P::taker_total_vol_15m_ge_69071.8+conf_opposite_thinning_le_0.5008::top1,pair+top1,29,1.0,4,2,13.79,3.25,6.9,14.29,13.33,23.53,0.0,84.27,76.15
L2::P::taker_total_vol_15m_le_69071.8+conf_opposite_thinning_ge_0.4997,pair,213,7.345,31,24,14.55,25.2,11.27,14.74,14.41,12.96,16.19,103.66,104.83
L2::P::taker_total_vol_15m_le_69071.8+conf_opposite_thinning_ge_0.4997::top1,pair+top1,29,1.0,6,3,20.69,4.88,10.34,14.29,26.67,20.0,21.05,156.57,169.38
L2::P::taker_total_vol_15m_le_69071.8+conf_opposite_thinning_le_0.4997,pair,100,3.448,16,11,16.0,13.01,11.0,18.92,14.29,3.92,28.57,105.54,90.39
L2::P::taker_total_vol_15m_le_69071.8+conf_opposite_thinning_le_0.4997::top1,pair+top1,27,0.931,8,0,29.63,6.5,0.0,30.77,28.57,14.29,46.15,89.78,74.42
L2::P::taker_total_vol_15m_le_69071.8+conf_opposite_thinning_ge_0.5003,pair,167,5.759,27,16,16.17,21.95,9.58,17.57,15.05,15.0,17.24,107.61,109.12
L2::P::taker_total_vol_15m_le_69071.8+conf_opposite_thinning_ge_0.5003::top1,pair+top1,29,1.0,6,3,20.69,4.88,10.34,14.29,26.67,22.22,20.0,153.3,169.38
L2::P::taker_total_vol_15m_le_69071.8+conf_opposite_thinning_le_0.5003,pair,146,5.034,20,19,13.7,16.26,13.01,13.79,13.64,5.06,23.88,99.84,88.06
L2::P::taker_total_vol_15m_le_69071.8+conf_opposite_thinning_le_0.5003::top1,pair+top1,27,0.931,7,2,25.93,5.69,7.41,30.77,21.43,15.38,35.71,82.71,60.88
L2::P::taker_total_vol_15m_le_69071.8+conf_opposite_thinning_ge_0.5008,pair,115,3.966,17,9,14.78,13.82,7.83,15.69,14.06,12.96,16.39,108.59,104.83
L2::P::taker_total_vol_15m_le_69071.8+conf_opposite_thinning_ge_0.5008::top1,pair+top1,29,1.0,5,3,17.24,4.07,10.34,7.14,26.67,11.11,20.0,152.25,189.6
L2::P::taker_total_vol_15m_le_69071.8+conf_opposite_thinning_le_0.5008,pair,198,6.828,30,26,15.15,24.39,13.13,16.05,14.53,8.57,22.58,101.87,90.39
L2::P::taker_total_vol_15m_le_69071.8+conf_opposite_thinning_le_0.5008::top1,pair+top1,28,0.966,8,1,28.57,6.5,3.57,30.77,26.67,18.18,35.29,102.75,90.3
L2::P::taker_total_vol_15m_ge_105386.84+conf_opposite_thinning_ge_0.4997,pair,368,12.69,28,55,7.61,22.76,14.95,8.51,6.67,9.88,5.61,97.09,84.12
L2::P::taker_total_vol_15m_ge_105386.84+conf_opposite_thinning_ge_0.4997::top1,pair+top1,28,0.966,1,2,3.57,0.81,7.14,7.69,0.0,6.67,0.0,51.23,51.23
L2::P::taker_total_vol_15m_ge_105386.84+conf_opposite_thinning_le_0.4997,pair,154,5.31,19,20,12.34,15.45,12.99,16.67,7.14,11.94,12.64,71.55,81.0
L2::P::taker_total_vol_15m_ge_105386.84+conf_opposite_thinning_le_0.4997::top1,pair+top1,27,0.931,4,2,14.81,3.25,7.41,14.29,15.38,8.33,20.0,109.24,91.03
L2::P::taker_total_vol_15m_ge_105386.84+conf_opposite_thinning_ge_0.5003,pair,252,8.69,25,37,9.92,20.33,14.68,10.74,9.16,13.56,6.72,104.02,86.42
L2::P::taker_total_vol_15m_ge_105386.84+conf_opposite_thinning_ge_0.5003::top1,pair+top1,27,0.931,2,0,7.41,1.63,0.0,15.38,0.0,15.38,0.0,35.24,35.24
L2::P::taker_total_vol_15m_ge_105386.84+conf_opposite_thinning_le_0.5003,pair,271,9.345,22,38,8.12,17.89,14.02,11.18,4.2,7.38,8.72,67.15,67.09
L2::P::taker_total_vol_15m_ge_105386.84+conf_opposite_thinning_le_0.5003::top1,pair+top1,29,1.0,3,2,10.34,2.44,6.9,14.29,6.67,6.67,14.29,127.93,101.07
L2::P::taker_total_vol_15m_ge_105386.84+conf_opposite_thinning_ge_0.5008,pair,123,4.241,14,15,11.38,11.38,12.2,12.9,9.84,15.52,7.69,115.18,101.47
L2::P::taker_total_vol_15m_ge_105386.84+conf_opposite_thinning_ge_0.5008::top1,pair+top1,27,0.931,1,2,3.7,0.81,7.41,7.69,0.0,12.5,0.0,71.68,71.68
L2::P::taker_total_vol_15m_ge_105386.84+conf_opposite_thinning_le_0.5008,pair,401,13.828,33,60,8.23,26.83,14.96,10.38,5.82,8.84,7.73,74.71,81.0
L2::P::taker_total_vol_15m_ge_105386.84+conf_opposite_thinning_le_0.5008::top1,pair+top1,29,1.0,3,2,10.34,2.44,6.9,21.43,0.0,12.5,7.69,77.77,81.0
L2::P::taker_total_vol_15m_le_105386.84+conf_opposite_thinning_ge_0.4997,pair,364,12.552,51,43,14.01,41.46,11.81,14.46,13.64,14.75,13.26,104.61,96.98
L2::P::taker_total_vol_15m_le_105386.84+conf_opposite_thinning_ge_0.4997::top1,pair+top1,29,1.0,4,2,13.79,3.25,6.9,14.29,13.33,18.18,11.11,142.75,158.75
L2::P::taker_total_vol_15m_le_105386.84+conf_opposite_thinning_le_0.4997,pair,159,5.483,25,21,15.72,20.33,13.21,18.84,13.33,12.79,19.18,97.83,87.97
L2::P::taker_total_vol_15m_le_105386.84+conf_opposite_thinning_le_0.4997::top1,pair+top1,29,1.0,8,2,27.59,6.5,6.9,28.57,26.67,22.22,36.36,90.61,58.93
L2::P::taker_total_vol_15m_le_105386.84+conf_opposite_thinning_ge_0.5003,pair,271,9.345,38,30,14.02,30.89,11.07,15.32,12.93,14.06,13.99,112.65,110.22
L2::P::taker_total_vol_15m_le_105386.84+conf_opposite_thinning_ge_0.5003::top1,pair+top1,29,1.0,3,3,10.34,2.44,10.34,7.14,13.33,18.18,5.56,178.49,189.6
L2::P::taker_total_vol_15m_le_105386.84+conf_opposite_thinning_le_0.5003,pair,251,8.655,38,34,15.14,30.89,13.55,16.36,14.18,14.18,16.36,92.11,84.4
L2::P::taker_total_vol_15m_le_105386.84+conf_opposite_thinning_le_0.5003::top1,pair+top1,29,1.0,6,2,20.69,4.88,6.9,14.29,26.67,15.38,25.0,119.67,118.72
L2::P::taker_total_vol_15m_le_105386.84+conf_opposite_thinning_ge_0.5008,pair,192,6.621,25,20,13.02,20.33,10.42,14.13,12.0,14.61,11.65,116.46,109.12
L2::P::taker_total_vol_15m_le_105386.84+conf_opposite_thinning_ge_0.5008::top1,pair+top1,29,1.0,7,3,24.14,5.69,10.34,21.43,26.67,27.27,22.22,139.91,189.6
L2::P::taker_total_vol_15m_le_105386.84+conf_opposite_thinning_le_0.5008,pair,330,11.379,51,44,15.45,41.46,13.33,16.9,14.36,13.89,17.33,95.47,85.95
L2::P::taker_total_vol_15m_le_105386.84+conf_opposite_thinning_le_0.5008::top1,pair+top1,29,1.0,6,1,20.69,4.88,3.45,21.43,20.0,15.38,25.0,111.46,100.91
L2::P::taker_total_vol_15m_ge_156483.41+conf_opposite_thinning_ge_0.4997,pair,230,7.931,9,36,3.91,7.32,15.65,4.1,3.7,5.41,2.52,100.85,100.98
L2::P::taker_total_vol_15m_ge_156483.41+conf_opposite_thinning_ge_0.4997::top1,pair+top1,26,0.897,0,2,0.0,0.0,7.69,0.0,0.0,0.0,0.0,,
L2::P::taker_total_vol_15m_ge_156483.41+conf_opposite_thinning_le_0.4997,pair,84,2.897,10,9,11.9,8.13,10.71,14.58,8.33,8.82,14.0,65.01,67.09
L2::P::taker_total_vol_15m_ge_156483.41+conf_opposite_thinning_le_0.4997::top1,pair+top1,24,0.828,3,1,12.5,2.44,4.17,7.69,18.18,0.0,21.43,111.97,81.0
L2::P::taker_total_vol_15m_ge_156483.41+conf_opposite_thinning_ge_0.5003,pair,156,5.379,8,24,5.13,6.5,15.38,4.94,5.33,6.94,3.57,100.83,114.75
L2::P::taker_total_vol_15m_ge_156483.41+conf_opposite_thinning_ge_0.5003::top1,pair+top1,25,0.862,1,2,4.0,0.81,8.0,0.0,8.33,8.33,0.0,166.8,166.8
L2::P::taker_total_vol_15m_ge_156483.41+conf_opposite_thinning_le_0.5003,pair,158,5.448,11,21,6.96,8.94,13.29,8.99,4.35,5.48,8.24,68.28,81.0
L2::P::taker_total_vol_15m_ge_156483.41+conf_opposite_thinning_le_0.5003::top1,pair+top1,27,0.931,3,4,11.11,2.44,14.81,7.14,15.38,0.0,18.75,111.97,81.0
L2::P::taker_total_vol_15m_ge_156483.41+conf_opposite_thinning_ge_0.5008,pair,61,2.103,4,9,6.56,3.25,14.75,7.89,4.35,9.38,3.45,94.9,107.38
L2::P::taker_total_vol_15m_ge_156483.41+conf_opposite_thinning_ge_0.5008::top1,pair+top1,23,0.793,1,3,4.35,0.81,13.04,7.69,0.0,11.11,0.0,71.68,71.68
L2::P::taker_total_vol_15m_ge_156483.41+conf_opposite_thinning_le_0.5008,pair,255,8.793,15,36,5.88,12.2,14.12,6.72,4.96,5.31,6.34,78.54,81.0
L2::P::taker_total_vol_15m_ge_156483.41+conf_opposite_thinning_le_0.5008::top1,pair+top1,27,0.931,2,4,7.41,1.63,14.81,7.14,7.69,0.0,12.5,67.09,67.09
L2::P::taker_total_vol_15m_le_156483.41+conf_opposite_thinning_ge_0.4997,pair,502,17.31,70,63,13.94,56.91,12.55,15.02,13.01,15.57,12.4,102.08,82.33
L2::P::taker_total_vol_15m_le_156483.41+conf_opposite_thinning_ge_0.4997::top1,pair+top1,29,1.0,6,1,20.69,4.88,3.45,28.57,13.33,33.33,11.76,106.91,102.41
L2::P::taker_total_vol_15m_le_156483.41+conf_opposite_thinning_le_0.4997,pair,229,7.897,34,32,14.85,27.64,13.97,19.05,11.29,13.45,16.36,92.8,88.06
L2::P::taker_total_vol_15m_le_156483.41+conf_opposite_thinning_le_0.4997::top1,pair+top1,29,1.0,7,2,24.14,5.69,6.9,21.43,26.67,27.78,18.18,102.39,92.63
L2::P::taker_total_vol_15m_le_156483.41+conf_opposite_thinning_ge_0.5003,pair,367,12.655,55,44,14.99,44.72,11.99,16.97,13.37,16.67,13.47,110.45,104.83
L2::P::taker_total_vol_15m_le_156483.41+conf_opposite_thinning_ge_0.5003::top1,pair+top1,29,1.0,5,2,17.24,4.07,6.9,21.43,13.33,33.33,5.88,121.19,140.95
L2::P::taker_total_vol_15m_le_156483.41+conf_opposite_thinning_le_0.5003,pair,364,12.552,49,51,13.46,39.84,14.01,15.61,11.52,13.16,13.79,86.25,82.85
L2::P::taker_total_vol_15m_le_156483.41+conf_opposite_thinning_le_0.5003::top1,pair+top1,29,1.0,5,2,17.24,4.07,6.9,7.14,26.67,21.43,13.33,141.97,176.55
L2::P::taker_total_vol_15m_le_156483.41+conf_opposite_thinning_ge_0.5008,pair,254,8.759,35,26,13.78,28.46,10.24,15.52,12.32,16.52,11.51,118.42,109.12
L2::P::taker_total_vol_15m_le_156483.41+conf_opposite_thinning_ge_0.5008::top1,pair+top1,29,1.0,7,3,24.14,5.69,10.34,21.43,26.67,27.27,22.22,139.91,189.6
L2::P::taker_total_vol_15m_le_156483.41+conf_opposite_thinning_le_0.5008,pair,476,16.414,69,69,14.5,56.1,14.5,16.74,12.55,14.11,14.91,89.22,81.82
L2::P::taker_total_vol_15m_le_156483.41+conf_opposite_thinning_le_0.5008::top1,pair+top1,29,1.0,6,1,20.69,4.88,3.45,21.43,20.0,25.0,15.38,118.64,121.01
L2::P::taker_total_vol_15m_ge_69071.8+same_dir_zones_active_60m_ge_0.0,pair,731,25.207,77,104,10.53,62.6,14.23,12.3,8.68,13.47,7.85,92.28,81.0
L2::P::taker_total_vol_15m_ge_69071.8+same_dir_zones_active_60m_ge_0.0::top1,pair+top1,29,1.0,4,2,13.79,3.25,6.9,14.29,13.33,25.0,0.0,84.27,76.15
L2::P::taker_total_vol_15m_ge_69071.8+same_dir_zones_active_60m_le_0.0,pair,304,10.483,34,42,11.18,27.64,13.82,13.64,8.67,14.86,7.69,83.57,63.06
L2::P::taker_total_vol_15m_ge_69071.8+same_dir_zones_active_60m_le_0.0::top1,pair+top1,29,1.0,2,4,6.9,1.63,13.79,14.29,0.0,11.76,0.0,35.24,35.24
L2::P::taker_total_vol_15m_ge_69071.8+same_dir_zones_active_60m_ge_1.0,pair,427,14.724,43,62,10.07,34.96,14.52,11.36,8.7,12.44,7.96,99.17,82.85
L2::P::taker_total_vol_15m_ge_69071.8+same_dir_zones_active_60m_ge_1.0::top1,pair+top1,29,1.0,4,1,13.79,3.25,3.45,14.29,13.33,25.0,0.0,74.45,56.5
L2::P::taker_total_vol_15m_ge_69071.8+same_dir_zones_active_60m_le_1.0,pair,532,18.345,58,75,10.9,47.15,14.1,13.41,8.49,13.81,7.95,85.52,63.5
L2::P::taker_total_vol_15m_ge_69071.8+same_dir_zones_active_60m_le_1.0::top1,pair+top1,29,1.0,4,5,13.79,3.25,17.24,14.29,13.33,23.53,0.0,84.27,76.15
L2::P::taker_total_vol_15m_ge_69071.8+same_dir_zones_active_60m_ge_1.0,pair,427,14.724,43,62,10.07,34.96,14.52,11.36,8.7,12.44,7.96,99.17,82.85
L2::P::taker_total_vol_15m_ge_69071.8+same_dir_zones_active_60m_ge_1.0::top1,pair+top1,29,1.0,4,1,13.79,3.25,3.45,14.29,13.33,25.0,0.0,74.45,56.5
L2::P::taker_total_vol_15m_ge_69071.8+same_dir_zones_active_60m_le_1.0,pair,532,18.345,58,75,10.9,47.15,14.1,13.41,8.49,13.81,7.95,85.52,63.5
L2::P::taker_total_vol_15m_ge_69071.8+same_dir_zones_active_60m_le_1.0::top1,pair+top1,29,1.0,4,5,13.79,3.25,17.24,14.29,13.33,23.53,0.0,84.27,76.15
L2::P::taker_total_vol_15m_le_69071.8+same_dir_zones_active_60m_ge_0.0,pair,313,10.793,47,35,15.02,38.21,11.18,15.91,14.36,10.06,20.13,104.3,96.98
L2::P::taker_total_vol_15m_le_69071.8+same_dir_zones_active_60m_ge_0.0::top1,pair+top1,29,1.0,8,1,27.59,6.5,3.45,21.43,33.33,22.22,30.0,130.22,145.05
L2::P::taker_total_vol_15m_le_69071.8+same_dir_zones_active_60m_le_0.0,pair,143,4.931,25,19,17.48,20.33,13.29,18.03,17.07,13.24,21.33,111.18,92.63
L2::P::taker_total_vol_15m_le_69071.8+same_dir_zones_active_60m_le_0.0::top1,pair+top1,29,1.0,8,2,27.59,6.5,6.9,28.57,26.67,25.0,28.57,116.28,102.41
L2::P::taker_total_vol_15m_le_69071.8+same_dir_zones_active_60m_ge_1.0,pair,170,5.862,22,16,12.94,17.89,9.41,14.08,12.12,7.69,18.99,96.48,110.22
L2::P::taker_total_vol_15m_le_69071.8+same_dir_zones_active_60m_ge_1.0::top1,pair+top1,28,0.966,7,2,25.0,5.69,7.14,30.77,20.0,12.5,41.67,86.55,53.23
L2::P::taker_total_vol_15m_le_69071.8+same_dir_zones_active_60m_le_1.0,pair,256,8.828,39,31,15.23,31.71,12.11,15.74,14.86,11.9,18.46,109.72,104.83
L2::P::taker_total_vol_15m_le_69071.8+same_dir_zones_active_60m_le_1.0::top1,pair+top1,29,1.0,8,2,27.59,6.5,6.9,21.43,33.33,28.57,27.27,130.22,145.05
L2::P::taker_total_vol_15m_le_69071.8+same_dir_zones_active_60m_ge_1.0,pair,170,5.862,22,16,12.94,17.89,9.41,14.08,12.12,7.69,18.99,96.48,110.22
L2::P::taker_total_vol_15m_le_69071.8+same_dir_zones_active_60m_ge_1.0::top1,pair+top1,28,0.966,7,2,25.0,5.69,7.14,30.77,20.0,12.5,41.67,86.55,53.23
L2::P::taker_total_vol_15m_le_69071.8+same_dir_zones_active_60m_le_1.0,pair,256,8.828,39,31,15.23,31.71,12.11,15.74,14.86,11.9,18.46,109.72,104.83
L2::P::taker_total_vol_15m_le_69071.8+same_dir_zones_active_60m_le_1.0::top1,pair+top1,29,1.0,8,2,27.59,6.5,6.9,21.43,33.33,28.57,27.27,130.22,145.05
L2::P::taker_total_vol_15m_ge_105386.84+same_dir_zones_active_60m_ge_0.0,pair,522,18.0,47,75,9.0,38.21,14.37,11.03,6.8,10.46,7.77,86.76,81.0
L2::P::taker_total_vol_15m_ge_105386.84+same_dir_zones_active_60m_ge_0.0::top1,pair+top1,29,1.0,3,2,10.34,2.44,6.9,21.43,0.0,14.29,6.67,77.77,81.0
L2::P::taker_total_vol_15m_ge_105386.84+same_dir_zones_active_60m_le_0.0,pair,222,7.655,21,34,9.46,17.07,15.32,11.5,7.34,12.0,7.38,71.9,53.18
L2::P::taker_total_vol_15m_ge_105386.84+same_dir_zones_active_60m_le_0.0::top1,pair+top1,29,1.0,3,4,10.34,2.44,13.79,21.43,0.0,20.0,0.0,39.2,47.12
L2::P::taker_total_vol_15m_ge_105386.84+same_dir_zones_active_60m_ge_1.0,pair,300,10.345,26,41,8.67,21.14,13.67,10.69,6.38,9.35,8.07,98.77,84.59
L2::P::taker_total_vol_15m_ge_105386.84+same_dir_zones_active_60m_ge_1.0::top1,pair+top1,26,0.897,2,0,7.69,1.63,0.0,16.67,0.0,8.33,7.14,91.03,91.03
L2::P::taker_total_vol_15m_ge_105386.84+same_dir_zones_active_60m_le_1.0,pair,377,13.0,32,55,8.49,26.02,14.59,11.11,5.85,10.06,7.07,76.3,68.86
L2::P::taker_total_vol_15m_ge_105386.84+same_dir_zones_active_60m_le_1.0::top1,pair+top1,29,1.0,3,3,10.34,2.44,10.34,21.43,0.0,13.33,7.14,77.77,81.0
L2::P::taker_total_vol_15m_ge_105386.84+same_dir_zones_active_60m_ge_1.0,pair,300,10.345,26,41,8.67,21.14,13.67,10.69,6.38,9.35,8.07,98.77,84.59
L2::P::taker_total_vol_15m_ge_105386.84+same_dir_zones_active_60m_ge_1.0::top1,pair+top1,26,0.897,2,0,7.69,1.63,0.0,16.67,0.0,8.33,7.14,91.03,91.03
L2::P::taker_total_vol_15m_ge_105386.84+same_dir_zones_active_60m_le_1.0,pair,377,13.0,32,55,8.49,26.02,14.59,11.11,5.85,10.06,7.07,76.3,68.86
L2::P::taker_total_vol_15m_ge_105386.84+same_dir_zones_active_60m_le_1.0::top1,pair+top1,29,1.0,3,3,10.34,2.44,10.34,21.43,0.0,13.33,7.14,77.77,81.0
L2::P::taker_total_vol_15m_le_105386.84+same_dir_zones_active_60m_ge_0.0,pair,522,18.0,76,64,14.56,61.79,12.26,15.81,13.54,14.13,15.02,102.38,88.06
L2::P::taker_total_vol_15m_le_105386.84+same_dir_zones_active_60m_ge_0.0::top1,pair+top1,29,1.0,6,1,20.69,4.88,3.45,21.43,20.0,20.0,21.05,112.22,100.91
L2::P::taker_total_vol_15m_le_105386.84+same_dir_zones_active_60m_le_0.0,pair,225,7.759,38,27,16.89,30.89,12.0,18.63,15.45,16.38,17.43,108.19,90.39
L2::P::taker_total_vol_15m_le_105386.84+same_dir_zones_active_60m_le_0.0::top1,pair+top1,29,1.0,7,2,24.14,5.69,6.9,21.43,26.67,25.0,23.81,127.95,140.95
L2::P::taker_total_vol_15m_le_105386.84+same_dir_zones_active_60m_ge_1.0,pair,297,10.241,38,37,12.79,30.89,12.46,13.64,12.12,12.42,13.19,96.57,84.4
L2::P::taker_total_vol_15m_le_105386.84+same_dir_zones_active_60m_ge_1.0::top1,pair+top1,29,1.0,6,2,20.69,4.88,6.9,14.29,26.67,14.29,26.67,83.75,51.22
L2::P::taker_total_vol_15m_le_105386.84+same_dir_zones_active_60m_le_1.0,pair,411,14.172,64,51,15.57,52.03,12.41,17.22,14.29,15.81,15.31,103.88,90.39
L2::P::taker_total_vol_15m_le_105386.84+same_dir_zones_active_60m_le_1.0::top1,pair+top1,29,1.0,7,3,24.14,5.69,10.34,21.43,26.67,25.0,23.81,123.47,140.95
L2::P::taker_total_vol_15m_le_105386.84+same_dir_zones_active_60m_ge_1.0,pair,297,10.241,38,37,12.79,30.89,12.46,13.64,12.12,12.42,13.19,96.57,84.4
L2::P::taker_total_vol_15m_le_105386.84+same_dir_zones_active_60m_ge_1.0::top1,pair+top1,29,1.0,6,2,20.69,4.88,6.9,14.29,26.67,14.29,26.67,83.75,51.22
L2::P::taker_total_vol_15m_le_105386.84+same_dir_zones_active_60m_le_1.0,pair,411,14.172,64,51,15.57,52.03,12.41,17.22,14.29,15.81,15.31,103.88,90.39
L2::P::taker_total_vol_15m_le_105386.84+same_dir_zones_active_60m_le_1.0::top1,pair+top1,29,1.0,7,3,24.14,5.69,10.34,21.43,26.67,25.0,23.81,123.47,140.95
L2::P::taker_total_vol_15m_ge_156483.41+same_dir_zones_active_60m_ge_0.0,pair,314,10.828,19,45,6.05,15.45,14.33,7.06,4.86,6.21,5.92,81.99,81.0
L2::P::taker_total_vol_15m_ge_156483.41+same_dir_zones_active_60m_ge_0.0::top1,pair+top1,27,0.931,2,2,7.41,1.63,7.41,7.14,7.69,0.0,12.5,67.09,67.09
L2::P::taker_total_vol_15m_ge_156483.41+same_dir_zones_active_60m_le_0.0,pair,136,4.69,10,17,7.35,8.13,12.5,8.11,6.45,8.06,6.76,89.81,91.98
L2::P::taker_total_vol_15m_ge_156483.41+same_dir_zones_active_60m_le_0.0::top1,pair+top1,27,0.931,1,5,3.7,0.81,18.52,0.0,7.69,0.0,6.25,53.18,53.18
L2::P::taker_total_vol_15m_ge_156483.41+same_dir_zones_active_60m_ge_1.0,pair,178,6.138,9,28,5.06,7.32,15.73,6.25,3.66,4.82,5.26,73.29,81.0
L2::P::taker_total_vol_15m_ge_156483.41+same_dir_zones_active_60m_ge_1.0::top1,pair+top1,24,0.828,2,3,8.33,1.63,12.5,16.67,0.0,8.33,8.33,76.34,76.34
L2::P::taker_total_vol_15m_ge_156483.41+same_dir_zones_active_60m_le_1.0,pair,225,7.759,15,32,6.67,12.2,14.22,7.69,5.56,6.48,6.84,82.96,81.0
L2::P::taker_total_vol_15m_ge_156483.41+same_dir_zones_active_60m_le_1.0::top1,pair+top1,27,0.931,2,4,7.41,1.63,14.81,7.14,7.69,0.0,12.5,67.09,67.09
L2::P::taker_total_vol_15m_ge_156483.41+same_dir_zones_active_60m_ge_1.0,pair,178,6.138,9,28,5.06,7.32,15.73,6.25,3.66,4.82,5.26,73.29,81.0
L2::P::taker_total_vol_15m_ge_156483.41+same_dir_zones_active_60m_ge_1.0::top1,pair+top1,24,0.828,2,3,8.33,1.63,12.5,16.67,0.0,8.33,8.33,76.34,76.34
L2::P::taker_total_vol_15m_ge_156483.41+same_dir_zones_active_60m_le_1.0,pair,225,7.759,15,32,6.67,12.2,14.22,7.69,5.56,6.48,6.84,82.96,81.0
L2::P::taker_total_vol_15m_ge_156483.41+same_dir_zones_active_60m_le_1.0::top1,pair+top1,27,0.931,2,4,7.41,1.63,14.81,7.14,7.69,0.0,12.5,67.09,67.09
L2::P::taker_total_vol_15m_le_156483.41+same_dir_zones_active_60m_ge_0.0,pair,730,25.172,104,95,14.25,84.55,13.01,16.32,12.47,14.88,13.62,99.05,87.97
L2::P::taker_total_vol_15m_le_156483.41+same_dir_zones_active_60m_ge_0.0::top1,pair+top1,29,1.0,5,0,17.24,4.07,0.0,14.29,20.0,25.0,11.76,123.06,140.95
L2::P::taker_total_vol_15m_le_156483.41+same_dir_zones_active_60m_le_0.0,pair,311,10.724,49,44,15.76,39.84,14.15,18.44,13.53,16.88,14.65,96.39,87.97
L2::P::taker_total_vol_15m_le_156483.41+same_dir_zones_active_60m_le_0.0::top1,pair+top1,29,1.0,8,2,27.59,6.5,6.9,28.57,26.67,30.0,26.32,118.36,102.41
L2::P::taker_total_vol_15m_le_156483.41+same_dir_zones_active_60m_ge_1.0,pair,419,14.448,55,51,13.13,44.72,12.17,14.8,11.66,13.4,12.86,101.42,88.78
L2::P::taker_total_vol_15m_le_156483.41+same_dir_zones_active_60m_ge_1.0::top1,pair+top1,29,1.0,5,0,17.24,4.07,0.0,7.14,26.67,20.0,14.29,101.53,101.07
L2::P::taker_total_vol_15m_le_156483.41+same_dir_zones_active_60m_le_1.0,pair,563,19.414,81,75,14.39,65.85,13.32,17.0,12.26,15.73,13.0,96.86,87.97
L2::P::taker_total_vol_15m_le_156483.41+same_dir_zones_active_60m_le_1.0::top1,pair+top1,29,1.0,8,3,27.59,6.5,10.34,28.57,26.67,33.33,25.0,114.44,100.91
L2::P::taker_total_vol_15m_le_156483.41+same_dir_zones_active_60m_ge_1.0,pair,419,14.448,55,51,13.13,44.72,12.17,14.8,11.66,13.4,12.86,101.42,88.78
L2::P::taker_total_vol_15m_le_156483.41+same_dir_zones_active_60m_ge_1.0::top1,pair+top1,29,1.0,5,0,17.24,4.07,0.0,7.14,26.67,20.0,14.29,101.53,101.07
L2::P::taker_total_vol_15m_le_156483.41+same_dir_zones_active_60m_le_1.0,pair,563,19.414,81,75,14.39,65.85,13.32,17.0,12.26,15.73,13.0,96.86,87.97
L2::P::taker_total_vol_15m_le_156483.41+same_dir_zones_active_60m_le_1.0::top1,pair+top1,29,1.0,8,3,27.59,6.5,10.34,28.57,26.67,33.33,25.0,114.44,100.91
L2::P::taker_total_vol_15m_ge_69071.8+abs_prior_move_60m_pct_ge_0.2503,pair,600,20.69,60,89,10.0,48.78,14.83,12.31,7.27,11.54,8.6,89.66,81.41
L2::P::taker_total_vol_15m_ge_69071.8+abs_prior_move_60m_pct_ge_0.2503::top1,pair+top1,29,1.0,3,3,10.34,2.44,10.34,14.29,6.67,16.67,0.0,79.9,51.23
L2::P::taker_total_vol_15m_ge_69071.8+abs_prior_move_60m_pct_le_0.2503,pair,132,4.552,17,15,12.88,13.82,11.36,12.24,13.25,21.88,4.41,101.52,76.95
L2::P::taker_total_vol_15m_ge_69071.8+abs_prior_move_60m_pct_le_0.2503::top1,pair+top1,26,0.897,3,1,11.54,2.44,3.85,15.38,7.69,20.0,0.0,90.18,101.07
L2::P::taker_total_vol_15m_ge_69071.8+abs_prior_move_60m_pct_ge_0.4065,pair,464,16.0,42,68,9.05,34.15,14.66,12.25,5.21,9.0,9.09,79.44,72.25
L2::P::taker_total_vol_15m_ge_69071.8+abs_prior_move_60m_pct_ge_0.4065::top1,pair+top1,29,1.0,1,3,3.45,0.81,10.34,7.14,0.0,6.67,0.0,206.2,206.2
L2::P::taker_total_vol_15m_ge_69071.8+abs_prior_move_60m_pct_le_0.4065,pair,267,9.207,35,36,13.11,28.46,13.48,12.4,13.7,20.29,5.43,107.7,114.15
L2::P::taker_total_vol_15m_ge_69071.8+abs_prior_move_60m_pct_le_0.4065::top1,pair+top1,28,0.966,4,2,14.29,3.25,7.14,14.29,14.29,26.67,0.0,84.27,76.15
L2::P::taker_total_vol_15m_ge_69071.8+abs_prior_move_60m_pct_ge_0.612,pair,306,10.552,21,51,6.86,17.07,16.67,8.52,4.62,7.25,6.55,42.33,38.08
L2::P::taker_total_vol_15m_ge_69071.8+abs_prior_move_60m_pct_ge_0.612::top1,pair+top1,25,0.862,1,3,4.0,0.81,12.0,7.69,0.0,7.14,0.0,47.12,47.12
L2::P::taker_total_vol_15m_ge_69071.8+abs_prior_move_60m_pct_le_0.612,pair,426,14.69,56,53,13.15,45.53,12.44,15.66,10.96,17.45,8.88,111.01,107.61
L2::P::taker_total_vol_15m_ge_69071.8+abs_prior_move_60m_pct_le_0.612::top1,pair+top1,29,1.0,4,3,13.79,3.25,10.34,14.29,13.33,30.77,0.0,84.27,76.15
L2::P::taker_total_vol_15m_le_69071.8+abs_prior_move_60m_pct_ge_0.2503,pair,131,4.517,23,13,17.56,18.7,9.92,20.37,15.58,14.29,20.59,91.45,88.15
L2::P::taker_total_vol_15m_le_69071.8+abs_prior_move_60m_pct_ge_0.2503::top1,pair+top1,29,1.0,6,3,20.69,4.88,10.34,14.29,26.67,15.38,25.0,75.66,52.67
L2::P::taker_total_vol_15m_le_69071.8+abs_prior_move_60m_pct_le_0.2503,pair,182,6.276,24,22,13.19,19.51,12.09,12.82,13.46,7.29,19.77,116.61,114.45
L2::P::taker_total_vol_15m_le_69071.8+abs_prior_move_60m_pct_le_0.2503::top1,pair+top1,28,0.966,6,3,21.43,4.88,10.71,23.08,20.0,18.18,23.53,130.09,145.05
L2::P::taker_total_vol_15m_le_69071.8+abs_prior_move_60m_pct_ge_0.4065,pair,58,2.0,4,7,6.9,3.25,12.07,4.35,8.57,6.67,7.14,108.65,114.08
L2::P::taker_total_vol_15m_le_69071.8+abs_prior_move_60m_pct_ge_0.4065::top1,pair+top1,29,1.0,1,5,3.45,0.81,17.24,0.0,6.67,6.67,0.0,40.83,40.83
L2::P::taker_total_vol_15m_le_69071.8+abs_prior_move_60m_pct_le_0.4065,pair,256,8.828,43,28,16.8,34.96,10.94,18.35,15.65,10.85,22.83,103.9,92.63
L2::P::taker_total_vol_15m_le_69071.8+abs_prior_move_60m_pct_le_0.4065::top1,pair+top1,28,0.966,9,0,32.14,7.32,0.0,30.77,33.33,22.22,36.84,125.53,140.95
L2::P::taker_total_vol_15m_le_69071.8+abs_prior_move_60m_pct_ge_0.612,pair,8,0.276,0,1,0.0,0.0,12.5,0.0,0.0,0.0,0.0,,
L2::P::taker_total_vol_15m_le_69071.8+abs_prior_move_60m_pct_ge_0.612::top1,pair+top1,8,0.276,0,1,0.0,0.0,12.5,0.0,0.0,0.0,0.0,,
L2::P::taker_total_vol_15m_le_69071.8+abs_prior_move_60m_pct_le_0.612,pair,305,10.517,47,34,15.41,38.21,11.15,16.54,14.61,10.39,20.53,104.3,96.98
L2::P::taker_total_vol_15m_le_69071.8+abs_prior_move_60m_pct_le_0.612::top1,pair+top1,28,0.966,8,1,28.57,6.5,3.57,23.08,33.33,22.22,31.58,130.22,145.05
L2::P::taker_total_vol_15m_ge_105386.84+abs_prior_move_60m_pct_ge_0.2503,pair,456,15.724,40,70,8.77,32.52,15.35,11.24,5.8,8.65,8.87,79.1,68.86
L2::P::taker_total_vol_15m_ge_105386.84+abs_prior_move_60m_pct_ge_0.2503::top1,pair+top1,29,1.0,2,2,6.9,1.63,6.9,14.29,0.0,7.14,6.67,66.11,66.11
L2::P::taker_total_vol_15m_ge_105386.84+abs_prior_move_60m_pct_le_0.2503,pair,67,2.31,7,5,10.45,5.69,7.46,8.7,11.36,21.88,0.0,130.57,143.08
L2::P::taker_total_vol_15m_ge_105386.84+abs_prior_move_60m_pct_le_0.2503::top1,pair+top1,20,0.69,3,1,15.0,2.44,5.0,12.5,16.67,23.08,0.0,83.43,101.07
L2::P::taker_total_vol_15m_ge_105386.84+abs_prior_move_60m_pct_ge_0.4065,pair,377,13.0,32,57,8.49,26.02,15.12,11.48,4.76,7.74,9.09,65.29,47.85
L2::P::taker_total_vol_15m_ge_105386.84+abs_prior_move_60m_pct_ge_0.4065::top1,pair+top1,28,0.966,3,2,10.71,2.44,7.14,14.29,7.14,13.33,7.69,48.21,47.12
L2::P::taker_total_vol_15m_ge_105386.84+abs_prior_move_60m_pct_le_0.4065,pair,145,5.0,15,18,10.34,12.2,12.41,9.52,10.98,16.9,4.05,132.57,122.35
L2::P::taker_total_vol_15m_ge_105386.84+abs_prior_move_60m_pct_le_0.4065::top1,pair+top1,26,0.897,4,0,15.38,3.25,0.0,15.38,15.38,30.77,0.0,75.38,76.15
L2::P::taker_total_vol_15m_ge_105386.84+abs_prior_move_60m_pct_ge_0.612,pair,273,9.414,18,46,6.59,14.63,16.85,8.39,4.24,5.83,7.19,39.76,31.52
L2::P::taker_total_vol_15m_ge_105386.84+abs_prior_move_60m_pct_ge_0.612::top1,pair+top1,25,0.862,1,4,4.0,0.81,16.0,7.69,0.0,6.67,0.0,47.12,47.12
L2::P::taker_total_vol_15m_ge_105386.84+abs_prior_move_60m_pct_le_0.612,pair,250,8.621,29,29,11.6,23.58,11.6,14.53,9.02,15.0,8.46,115.94,114.15
L2::P::taker_total_vol_15m_ge_105386.84+abs_prior_move_60m_pct_le_0.612::top1,pair+top1,29,1.0,4,2,13.79,3.25,6.9,21.43,6.67,27.27,5.56,94.09,91.03
L2::P::taker_total_vol_15m_le_105386.84+abs_prior_move_60m_pct_ge_0.2503,pair,276,9.517,43,32,15.58,34.96,11.59,17.69,13.7,17.02,14.07,100.45,88.15
L2::P::taker_total_vol_15m_le_105386.84+abs_prior_move_60m_pct_ge_0.2503::top1,pair+top1,29,1.0,7,2,24.14,5.69,6.9,14.29,33.33,23.08,25.0,98.98,56.98
L2::P::taker_total_vol_15m_le_105386.84+abs_prior_move_60m_pct_le_0.2503,pair,246,8.483,33,32,13.41,26.83,13.01,13.46,13.38,10.94,16.1,104.89,80.02
L2::P::taker_total_vol_15m_le_105386.84+abs_prior_move_60m_pct_le_0.2503::top1,pair+top1,29,1.0,5,3,17.24,4.07,10.34,14.29,20.0,23.08,12.5,120.92,140.95
L2::P::taker_total_vol_15m_le_105386.84+abs_prior_move_60m_pct_ge_0.4065,pair,146,5.034,14,18,9.59,11.38,12.33,11.94,7.59,10.96,8.22,120.11,114.08
L2::P::taker_total_vol_15m_le_105386.84+abs_prior_move_60m_pct_ge_0.4065::top1,pair+top1,29,1.0,1,3,3.45,0.81,10.34,7.14,0.0,6.67,0.0,206.2,206.2
L2::P::taker_total_vol_15m_le_105386.84+abs_prior_move_60m_pct_le_0.4065,pair,377,13.0,62,46,16.45,50.41,12.2,17.37,15.71,15.31,17.68,98.37,87.97
L2::P::taker_total_vol_15m_le_105386.84+abs_prior_move_60m_pct_le_0.4065::top1,pair+top1,29,1.0,6,1,20.69,4.88,3.45,21.43,20.0,18.18,22.22,112.22,100.91
L2::P::taker_total_vol_15m_le_105386.84+abs_prior_move_60m_pct_ge_0.612,pair,41,1.414,3,6,7.32,2.44,14.63,7.69,6.67,13.04,0.0,57.76,82.85
L2::P::taker_total_vol_15m_le_105386.84+abs_prior_move_60m_pct_ge_0.612::top1,pair+top1,18,0.621,2,2,11.11,1.63,11.11,11.11,11.11,20.0,0.0,43.66,43.66
L2::P::taker_total_vol_15m_le_105386.84+abs_prior_move_60m_pct_le_0.612,pair,481,16.586,73,58,15.18,59.35,12.06,16.83,13.92,14.23,16.17,104.21,92.63
L2::P::taker_total_vol_15m_le_105386.84+abs_prior_move_60m_pct_le_0.612::top1,pair+top1,29,1.0,6,1,20.69,4.88,3.45,21.43,20.0,20.0,21.05,112.22,100.91
L2::P::taker_total_vol_15m_ge_156483.41+abs_prior_move_60m_pct_ge_0.2503,pair,293,10.103,16,43,5.46,13.01,14.68,6.88,3.76,4.51,6.25,74.63,81.0
L2::P::taker_total_vol_15m_ge_156483.41+abs_prior_move_60m_pct_ge_0.2503::top1,pair+top1,27,0.931,2,3,7.41,1.63,11.11,7.14,7.69,0.0,13.33,67.09,67.09
L2::P::taker_total_vol_15m_ge_156483.41+abs_prior_move_60m_pct_le_0.2503,pair,22,0.759,3,2,13.64,2.44,9.09,10.0,16.67,23.08,0.0,121.21,143.08
L2::P::taker_total_vol_15m_ge_156483.41+abs_prior_move_60m_pct_le_0.2503::top1,pair+top1,13,0.448,3,0,23.08,2.44,0.0,20.0,25.0,37.5,0.0,121.21,143.08
L2::P::taker_total_vol_15m_ge_156483.41+abs_prior_move_60m_pct_ge_0.4065,pair,267,9.207,14,41,5.24,11.38,15.36,7.38,2.54,4.39,5.88,58.97,67.09
L2::P::taker_total_vol_15m_ge_156483.41+abs_prior_move_60m_pct_ge_0.4065::top1,pair+top1,26,0.897,2,4,7.69,1.63,15.38,7.14,8.33,0.0,13.33,67.09,67.09
L2::P::taker_total_vol_15m_ge_156483.41+abs_prior_move_60m_pct_le_0.4065,pair,47,1.621,5,4,10.64,4.07,8.51,4.76,15.38,12.9,6.25,146.43,148.88
L2::P::taker_total_vol_15m_ge_156483.41+abs_prior_move_60m_pct_le_0.4065::top1,pair+top1,20,0.69,4,0,20.0,3.25,0.0,11.11,27.27,33.33,0.0,132.61,145.98
L2::P::taker_total_vol_15m_ge_156483.41+abs_prior_move_60m_pct_ge_0.612,pair,206,7.103,8,32,3.88,6.5,15.53,4.35,3.3,2.25,5.13,45.18,33.14
L2::P::taker_total_vol_15m_ge_156483.41+abs_prior_move_60m_pct_ge_0.612::top1,pair+top1,25,0.862,1,3,4.0,0.81,12.0,0.0,8.33,0.0,6.67,53.18,53.18
L2::P::taker_total_vol_15m_ge_156483.41+abs_prior_move_60m_pct_le_0.612,pair,109,3.759,11,13,10.09,8.94,11.93,12.73,7.41,12.28,7.69,108.76,97.55
L2::P::taker_total_vol_15m_ge_156483.41+abs_prior_move_60m_pct_le_0.612::top1,pair+top1,26,0.897,3,2,11.54,2.44,7.69,14.29,8.33,16.67,7.14,98.59,81.0
L2::P::taker_total_vol_15m_le_156483.41+abs_prior_move_60m_pct_ge_0.2503,pair,439,15.138,67,60,15.26,54.47,13.67,18.18,12.33,16.67,13.9,93.87,87.97
L2::P::taker_total_vol_15m_le_156483.41+abs_prior_move_60m_pct_ge_0.2503::top1,pair+top1,29,1.0,6,1,20.69,4.88,3.45,14.29,26.67,28.57,13.33,112.97,116.77
L2::P::taker_total_vol_15m_le_156483.41+abs_prior_move_60m_pct_le_0.2503,pair,291,10.034,37,35,12.71,30.08,12.03,12.82,12.64,12.24,13.19,108.43,101.07
L2::P::taker_total_vol_15m_le_156483.41+abs_prior_move_60m_pct_le_0.2503::top1,pair+top1,29,1.0,5,2,17.24,4.07,6.9,14.29,20.0,23.08,12.5,120.92,140.95
L2::P::taker_total_vol_15m_le_156483.41+abs_prior_move_60m_pct_ge_0.4065,pair,256,8.828,32,35,12.5,26.02,13.67,16.41,8.59,12.6,12.4,92.04,82.33
L2::P::taker_total_vol_15m_le_156483.41+abs_prior_move_60m_pct_ge_0.4065::top1,pair+top1,29,1.0,1,2,3.45,0.81,6.9,7.14,0.0,6.67,0.0,206.2,206.2
L2::P::taker_total_vol_15m_le_156483.41+abs_prior_move_60m_pct_le_0.4065,pair,475,16.379,72,60,15.16,58.54,12.63,16.27,14.29,16.1,14.23,102.16,90.39
L2::P::taker_total_vol_15m_le_156483.41+abs_prior_move_60m_pct_le_0.4065::top1,pair+top1,29,1.0,7,0,24.14,5.69,0.0,28.57,20.0,25.0,23.53,103.51,60.88
L2::P::taker_total_vol_15m_le_156483.41+abs_prior_move_60m_pct_ge_0.612,pair,109,3.759,13,21,11.93,10.57,19.27,14.93,7.14,14.81,9.09,40.58,38.08
L2::P::taker_total_vol_15m_le_156483.41+abs_prior_move_60m_pct_ge_0.612::top1,pair+top1,22,0.759,2,4,9.09,1.63,18.18,9.09,9.09,14.29,0.0,25.79,25.79
L2::P::taker_total_vol_15m_le_156483.41+abs_prior_move_60m_pct_le_0.612,pair,621,21.414,91,74,14.65,73.98,11.92,16.67,13.11,14.89,14.42,107.4,104.83
L2::P::taker_total_vol_15m_le_156483.41+abs_prior_move_60m_pct_le_0.612::top1,pair+top1,29,1.0,7,0,24.14,5.69,0.0,28.57,20.0,27.27,22.22,103.51,60.88
L2::P::local_range_180m_pct_ge_1.0518+taker_total_vol_60m_ge_291971.48,pair,666,22.966,65,98,9.76,52.85,14.71,11.49,7.86,11.89,7.69,95.87,86.42
L2::P::local_range_180m_pct_ge_1.0518+taker_total_vol_60m_ge_291971.48::top1,pair+top1,29,1.0,1,3,3.45,0.81,10.34,7.14,0.0,7.14,0.0,101.07,101.07
L2::P::local_range_180m_pct_ge_1.0518+taker_total_vol_60m_le_291971.48,pair,67,2.31,4,9,5.97,3.25,13.43,3.33,8.11,3.03,8.82,154.11,152.4
L2::P::local_range_180m_pct_ge_1.0518+taker_total_vol_60m_le_291971.48::top1,pair+top1,24,0.828,1,4,4.17,0.81,16.67,8.33,0.0,11.11,0.0,117.75,117.75
L2::P::local_range_180m_pct_ge_1.0518+taker_total_vol_60m_ge_433960.49,pair,506,17.448,41,69,8.1,33.33,13.64,10.55,5.19,9.27,6.98,88.83,81.82
L2::P::local_range_180m_pct_ge_1.0518+taker_total_vol_60m_ge_433960.49::top1,pair+top1,28,0.966,1,2,3.57,0.81,7.14,7.14,0.0,0.0,6.25,81.0,81.0
L2::P::local_range_180m_pct_ge_1.0518+taker_total_vol_60m_le_433960.49,pair,228,7.862,28,38,12.28,22.76,16.67,11.54,12.9,15.18,9.48,114.51,109.41
L2::P::local_range_180m_pct_ge_1.0518+taker_total_vol_60m_le_433960.49::top1,pair+top1,28,0.966,1,4,3.57,0.81,14.29,7.14,0.0,12.5,0.0,101.07,101.07
L2::P::local_range_180m_pct_ge_1.0518+taker_total_vol_60m_ge_650781.92,pair,311,10.724,18,44,5.79,14.63,14.15,7.45,4.0,5.33,6.21,83.75,81.15
L2::P::local_range_180m_pct_ge_1.0518+taker_total_vol_60m_ge_650781.92::top1,pair+top1,26,0.897,0,2,0.0,0.0,7.69,0.0,0.0,0.0,0.0,,
L2::P::local_range_180m_pct_ge_1.0518+taker_total_vol_60m_le_650781.92,pair,422,14.552,52,63,12.32,42.28,14.93,13.82,10.73,15.64,9.0,104.81,88.47
L2::P::local_range_180m_pct_ge_1.0518+taker_total_vol_60m_le_650781.92::top1,pair+top1,29,1.0,1,4,3.45,0.81,13.79,7.14,0.0,9.09,0.0,101.07,101.07
L2::P::local_range_180m_pct_le_1.0518+taker_total_vol_60m_ge_291971.48,pair,68,2.345,9,8,13.24,7.32,11.76,25.0,6.82,13.79,12.82,107.33,97.55
L2::P::local_range_180m_pct_le_1.0518+taker_total_vol_60m_ge_291971.48::top1,pair+top1,17,0.586,2,3,11.76,1.63,17.65,28.57,0.0,14.29,10.0,41.07,41.07
L2::P::local_range_180m_pct_le_1.0518+taker_total_vol_60m_le_291971.48,pair,247,8.517,45,24,18.22,36.59,9.72,19.05,17.61,15.7,20.63,89.88,63.88
L2::P::local_range_180m_pct_le_1.0518+taker_total_vol_60m_le_291971.48::top1,pair+top1,28,0.966,10,0,35.71,8.13,0.0,38.46,33.33,41.67,31.25,86.23,58.93
L2::P::local_range_180m_pct_le_1.0518+taker_total_vol_60m_ge_433960.49,pair,17,0.586,2,2,11.76,1.63,11.76,25.0,7.69,14.29,10.0,57.03,57.03
L2::P::local_range_180m_pct_le_1.0518+taker_total_vol_60m_ge_433960.49::top1,pair+top1,8,0.276,2,0,25.0,1.63,0.0,33.33,20.0,25.0,25.0,57.03,57.03
L2::P::local_range_180m_pct_le_1.0518+taker_total_vol_60m_le_433960.49,pair,298,10.276,52,30,17.45,42.28,10.07,20.0,15.61,15.38,19.35,94.16,67.16
L2::P::local_range_180m_pct_le_1.0518+taker_total_vol_60m_le_433960.49::top1,pair+top1,28,0.966,9,1,32.14,7.32,3.57,38.46,26.67,40.0,27.78,94.9,60.88
L2::P::local_range_180m_pct_le_1.0518+taker_total_vol_60m_le_650781.92,pair,312,10.759,54,32,17.31,43.9,10.26,20.16,15.3,15.54,18.9,92.78,67.16
L2::P::local_range_180m_pct_le_1.0518+taker_total_vol_60m_le_650781.92::top1,pair+top1,28,0.966,9,1,32.14,7.32,3.57,38.46,26.67,40.0,27.78,94.9,60.88
L2::P::local_range_180m_pct_ge_1.384+taker_total_vol_60m_ge_291971.48,pair,505,17.414,38,77,7.52,30.89,15.25,9.41,5.05,8.16,6.92,73.51,63.5
L2::P::local_range_180m_pct_ge_1.384+taker_total_vol_60m_ge_291971.48::top1,pair+top1,28,0.966,1,2,3.57,0.81,7.14,7.14,0.0,7.69,0.0,206.2,206.2
L2::P::local_range_180m_pct_ge_1.384+taker_total_vol_60m_le_291971.48,pair,18,0.621,0,1,0.0,0.0,5.56,0.0,0.0,0.0,0.0,,
L2::P::local_range_180m_pct_ge_1.384+taker_total_vol_60m_le_291971.48::top1,pair+top1,8,0.276,0,0,0.0,0.0,0.0,0.0,0.0,0.0,0.0,,
L2::P::local_range_180m_pct_ge_1.384+taker_total_vol_60m_ge_433960.49,pair,427,14.724,29,63,6.79,23.58,14.75,9.35,3.31,7.88,5.8,68.76,53.18
L2::P::local_range_180m_pct_ge_1.384+taker_total_vol_60m_ge_433960.49::top1,pair+top1,28,0.966,0,1,0.0,0.0,3.57,0.0,0.0,0.0,0.0,,
L2::P::local_range_180m_pct_ge_1.384+taker_total_vol_60m_le_433960.49,pair,97,3.345,9,15,9.28,7.32,15.46,7.69,11.11,7.84,10.87,88.81,63.5
L2::P::local_range_180m_pct_ge_1.384+taker_total_vol_60m_le_433960.49::top1,pair+top1,20,0.69,1,2,5.0,0.81,10.0,11.11,0.0,11.11,0.0,206.2,206.2
L2::P::local_range_180m_pct_ge_1.384+taker_total_vol_60m_ge_650781.92,pair,284,9.793,17,41,5.99,13.82,14.44,7.64,3.94,5.11,6.8,78.86,53.18
L2::P::local_range_180m_pct_ge_1.384+taker_total_vol_60m_ge_650781.92::top1,pair+top1,26,0.897,0,1,0.0,0.0,3.85,0.0,0.0,0.0,0.0,,
L2::P::local_range_180m_pct_ge_1.384+taker_total_vol_60m_le_650781.92,pair,239,8.241,22,37,9.21,17.89,15.48,11.43,6.06,11.86,6.61,70.99,67.59
L2::P::local_range_180m_pct_ge_1.384+taker_total_vol_60m_le_650781.92::top1,pair+top1,26,0.897,2,3,7.69,1.63,11.54,15.38,0.0,14.29,0.0,138.94,138.94
L2::P::local_range_180m_pct_le_1.384+taker_total_vol_60m_ge_291971.48,pair,227,7.828,36,29,15.86,29.27,12.78,22.09,12.06,20.91,11.11,122.35,110.1
L2::P::local_range_180m_pct_le_1.384+taker_total_vol_60m_ge_291971.48::top1,pair+top1,26,0.897,3,5,11.54,2.44,19.23,16.67,7.14,18.18,6.67,93.06,101.07
L2::P::local_range_180m_pct_le_1.384+taker_total_vol_60m_le_291971.48,pair,295,10.172,49,32,16.61,39.84,10.85,16.8,16.47,13.89,19.21,95.12,80.02
L2::P::local_range_180m_pct_le_1.384+taker_total_vol_60m_le_291971.48::top1,pair+top1,28,0.966,9,0,32.14,7.32,0.0,38.46,26.67,33.33,31.25,91.2,60.88
L2::P::local_range_180m_pct_le_1.384+taker_total_vol_60m_ge_433960.49,pair,96,3.31,14,8,14.58,11.38,8.33,21.21,11.11,15.38,13.64,125.85,108.34
L2::P::local_range_180m_pct_le_1.384+taker_total_vol_60m_ge_433960.49::top1,pair+top1,21,0.724,2,3,9.52,1.63,14.29,10.0,9.09,9.09,10.0,48.76,48.76
L2::P::local_range_180m_pct_le_1.384+taker_total_vol_60m_le_433960.49,pair,426,14.69,71,53,16.67,57.72,12.44,18.54,15.32,17.33,16.07,102.86,88.78
L2::P::local_range_180m_pct_le_1.384+taker_total_vol_60m_le_433960.49::top1,pair+top1,29,1.0,8,2,27.59,6.5,6.9,35.71,20.0,33.33,25.0,101.57,74.42
L2::P::local_range_180m_pct_le_1.384+taker_total_vol_60m_ge_650781.92,pair,30,1.034,1,3,3.33,0.81,10.0,0.0,3.85,6.67,0.0,166.8,166.8
L2::P::local_range_180m_pct_le_1.384+taker_total_vol_60m_ge_650781.92::top1,pair+top1,8,0.276,0,2,0.0,0.0,25.0,0.0,0.0,0.0,0.0,,
L2::P::local_range_180m_pct_le_1.384+taker_total_vol_60m_le_650781.92,pair,492,16.966,84,58,17.07,68.29,11.79,19.32,15.44,17.57,16.6,105.94,90.7
L2::P::local_range_180m_pct_le_1.384+taker_total_vol_60m_le_650781.92::top1,pair+top1,29,1.0,8,2,27.59,6.5,6.9,35.71,20.0,30.0,26.32,101.57,74.42
L2::P::local_range_180m_pct_ge_1.7907+taker_total_vol_60m_ge_291971.48,pair,313,10.793,20,49,6.39,16.26,15.65,7.41,4.84,5.33,7.36,78.12,63.5
L2::P::local_range_180m_pct_ge_1.7907+taker_total_vol_60m_ge_291971.48::top1,pair+top1,23,0.793,0,1,0.0,0.0,4.35,0.0,0.0,0.0,0.0,,
L2::P::local_range_180m_pct_ge_1.7907+taker_total_vol_60m_ge_433960.49,pair,284,9.793,18,39,6.34,14.63,13.73,6.78,5.61,5.97,6.67,79.75,67.5
L2::P::local_range_180m_pct_ge_1.7907+taker_total_vol_60m_ge_433960.49::top1,pair+top1,23,0.793,0,2,0.0,0.0,8.7,0.0,0.0,0.0,0.0,,
L2::P::local_range_180m_pct_ge_1.7907+taker_total_vol_60m_le_433960.49,pair,33,1.138,2,11,6.06,1.63,33.33,12.5,0.0,0.0,13.33,63.5,63.5
L2::P::local_range_180m_pct_ge_1.7907+taker_total_vol_60m_le_433960.49::top1,pair+top1,11,0.379,1,3,9.09,0.81,27.27,16.67,0.0,0.0,16.67,63.5,63.5
L2::P::local_range_180m_pct_ge_1.7907+taker_total_vol_60m_ge_650781.92,pair,225,7.759,15,27,6.67,12.2,12.0,7.25,5.75,4.67,8.47,74.49,48.58
L2::P::local_range_180m_pct_ge_1.7907+taker_total_vol_60m_ge_650781.92::top1,pair+top1,23,0.793,0,2,0.0,0.0,8.7,0.0,0.0,0.0,0.0,,
L2::P::local_range_180m_pct_ge_1.7907+taker_total_vol_60m_le_650781.92,pair,92,3.172,5,23,5.43,4.07,25.0,7.27,2.7,6.67,4.26,89.01,81.82
L2::P::local_range_180m_pct_ge_1.7907+taker_total_vol_60m_le_650781.92::top1,pair+top1,17,0.586,1,2,5.88,0.81,11.76,11.11,0.0,0.0,11.11,63.5,63.5
L2::P::local_range_180m_pct_le_1.7907+taker_total_vol_60m_ge_291971.48,pair,422,14.552,54,57,12.8,43.9,13.51,17.11,9.36,16.99,8.8,104.36,92.88
L2::P::local_range_180m_pct_le_1.7907+taker_total_vol_60m_ge_291971.48::top1,pair+top1,29,1.0,1,5,3.45,0.81,17.24,7.14,0.0,8.33,0.0,101.07,101.07
L2::P::local_range_180m_pct_le_1.7907+taker_total_vol_60m_le_291971.48,pair,309,10.655,49,32,15.86,39.84,10.36,16.03,15.73,13.16,18.47,95.12,80.02
L2::P::local_range_180m_pct_le_1.7907+taker_total_vol_60m_le_291971.48::top1,pair+top1,28,0.966,9,0,32.14,7.32,0.0,38.46,26.67,33.33,31.25,91.2,60.88
L2::P::local_range_180m_pct_le_1.7907+taker_total_vol_60m_ge_433960.49,pair,243,8.379,25,32,10.29,20.33,13.17,16.98,5.11,13.11,7.44,92.82,86.42
L2::P::local_range_180m_pct_le_1.7907+taker_total_vol_60m_ge_433960.49::top1,pair+top1,27,0.931,2,2,7.41,1.63,7.41,14.29,0.0,10.0,5.88,76.34,76.34
L2::P::local_range_180m_pct_le_1.7907+taker_total_vol_60m_le_433960.49,pair,489,16.862,78,57,15.95,63.41,11.66,16.43,15.58,16.6,15.35,102.25,88.38
L2::P::local_range_180m_pct_le_1.7907+taker_total_vol_60m_le_433960.49::top1,pair+top1,29,1.0,6,3,20.69,4.88,10.34,21.43,20.0,33.33,15.0,110.61,98.96
L2::P::local_range_180m_pct_le_1.7907+taker_total_vol_60m_ge_650781.92,pair,89,3.069,3,17,3.37,2.44,19.1,8.7,1.52,6.67,0.0,130.02,114.15
L2::P::local_range_180m_pct_le_1.7907+taker_total_vol_60m_ge_650781.92::top1,pair+top1,21,0.724,0,3,0.0,0.0,14.29,0.0,0.0,0.0,0.0,,
L2::P::local_range_180m_pct_le_1.7907+taker_total_vol_60m_le_650781.92,pair,642,22.138,101,72,15.73,82.11,11.21,17.63,14.12,16.93,14.59,99.16,87.97
L2::P::local_range_180m_pct_le_1.7907+taker_total_vol_60m_le_650781.92::top1,pair+top1,29,1.0,5,3,17.24,4.07,10.34,14.29,20.0,30.0,10.53,123.06,140.95
L2::P::local_range_180m_pct_ge_1.0518+taker_imb_aligned_60m_ge_-0.0591,pair,527,18.172,42,66,7.97,34.15,12.52,10.22,5.53,12.4,3.72,105.51,105.09
L2::P::local_range_180m_pct_ge_1.0518+taker_imb_aligned_60m_ge_-0.0591::top1,pair+top1,29,1.0,1,3,3.45,0.81,10.34,7.14,0.0,9.09,0.0,101.07,101.07
L2::P::local_range_180m_pct_ge_1.0518+taker_imb_aligned_60m_le_-0.0591,pair,206,7.103,27,41,13.11,21.95,19.9,12.62,13.59,7.84,18.27,89.52,63.5
L2::P::local_range_180m_pct_ge_1.0518+taker_imb_aligned_60m_le_-0.0591::top1,pair+top1,28,0.966,2,5,7.14,1.63,17.86,7.14,7.14,0.0,13.33,95.01,95.01
L2::P::local_range_180m_pct_ge_1.0518+taker_imb_aligned_60m_ge_0.0189,pair,372,12.828,27,43,7.26,21.95,11.56,10.31,3.93,12.57,2.54,99.16,88.78
L2::P::local_range_180m_pct_ge_1.0518+taker_imb_aligned_60m_ge_0.0189::top1,pair+top1,29,1.0,1,3,3.45,0.81,10.34,7.14,0.0,7.69,0.0,71.68,71.68
L2::P::local_range_180m_pct_ge_1.0518+taker_imb_aligned_60m_le_0.0189,pair,360,12.414,42,64,11.67,34.15,17.78,11.48,11.86,9.73,13.71,99.31,87.76
L2::P::local_range_180m_pct_ge_1.0518+taker_imb_aligned_60m_le_0.0189::top1,pair+top1,29,1.0,3,5,10.34,2.44,17.24,14.29,6.67,13.33,7.14,152.14,149.15
L2::P::local_range_180m_pct_ge_1.0518+taker_imb_aligned_60m_ge_0.0814,pair,217,7.483,16,24,7.37,13.01,11.06,13.83,2.44,14.43,1.67,103.19,87.37
L2::P::local_range_180m_pct_ge_1.0518+taker_imb_aligned_60m_ge_0.0814::top1,pair+top1,29,1.0,2,2,6.9,1.63,6.9,14.29,0.0,15.38,0.0,160.28,160.28
L2::P::local_range_180m_pct_ge_1.0518+taker_imb_aligned_60m_le_0.0814,pair,516,17.793,53,83,10.27,43.09,16.09,9.89,10.73,9.85,10.71,98.06,88.15
L2::P::local_range_180m_pct_ge_1.0518+taker_imb_aligned_60m_le_0.0814::top1,pair+top1,29,1.0,3,4,10.34,2.44,13.79,14.29,6.67,15.38,6.25,152.14,149.15
L2::P::local_range_180m_pct_le_1.0518+taker_imb_aligned_60m_ge_-0.0591,pair,206,7.103,31,23,15.05,25.2,11.17,19.78,11.3,11.11,19.39,96.8,70.43
L2::P::local_range_180m_pct_le_1.0518+taker_imb_aligned_60m_ge_-0.0591::top1,pair+top1,28,0.966,7,3,25.0,5.69,10.71,30.77,20.0,30.77,20.0,108.83,87.97
L2::P::local_range_180m_pct_le_1.0518+taker_imb_aligned_60m_le_-0.0591,pair,109,3.759,23,9,21.1,18.7,8.26,21.05,21.13,26.19,17.91,87.37,63.88
L2::P::local_range_180m_pct_le_1.0518+taker_imb_aligned_60m_le_-0.0591::top1,pair+top1,27,0.931,9,1,33.33,7.32,3.7,33.33,33.33,45.45,25.0,94.38,60.88
L2::P::local_range_180m_pct_le_1.0518+taker_imb_aligned_60m_ge_0.0189,pair,152,5.241,19,18,12.5,15.45,11.84,16.67,9.3,10.0,15.28,100.15,87.97
L2::P::local_range_180m_pct_le_1.0518+taker_imb_aligned_60m_ge_0.0189::top1,pair+top1,27,0.931,4,6,14.81,3.25,22.22,25.0,6.67,20.0,8.33,47.14,44.33
L2::P::local_range_180m_pct_le_1.0518+taker_imb_aligned_60m_le_0.0189,pair,164,5.655,35,14,21.34,28.46,8.54,23.81,19.8,21.43,21.28,88.79,60.88
L2::P::local_range_180m_pct_le_1.0518+taker_imb_aligned_60m_le_0.0189::top1,pair+top1,28,0.966,10,0,35.71,8.13,0.0,38.46,33.33,42.86,28.57,98.84,70.45
L2::P::local_range_180m_pct_le_1.0518+taker_imb_aligned_60m_ge_0.0814,pair,99,3.414,11,9,11.11,8.94,9.09,14.63,8.62,13.21,8.7,98.38,97.55
L2::P::local_range_180m_pct_le_1.0518+taker_imb_aligned_60m_ge_0.0814::top1,pair+top1,23,0.793,3,4,13.04,2.44,17.39,25.0,6.67,18.75,0.0,33.53,41.55
L2::P::local_range_180m_pct_le_1.0518+taker_imb_aligned_60m_le_0.0814,pair,216,7.448,43,23,19.91,34.96,10.65,22.73,17.97,16.49,22.69,91.35,63.88
L2::P::local_range_180m_pct_le_1.0518+taker_imb_aligned_60m_le_0.0814::top1,pair+top1,28,0.966,9,1,32.14,7.32,3.57,38.46,26.67,33.33,31.25,91.2,60.88
L2::P::local_range_180m_pct_ge_1.384+taker_imb_aligned_60m_ge_-0.0591,pair,386,13.31,22,52,5.7,17.89,13.47,8.07,2.45,8.6,3.0,88.85,90.18
L2::P::local_range_180m_pct_ge_1.384+taker_imb_aligned_60m_ge_-0.0591::top1,pair+top1,27,0.931,1,1,3.7,0.81,3.7,7.69,0.0,8.33,0.0,206.2,206.2
L2::P::local_range_180m_pct_ge_1.384+taker_imb_aligned_60m_le_-0.0591,pair,136,4.69,16,26,11.76,13.01,19.12,12.33,11.11,5.88,17.65,52.42,44.72
L2::P::local_range_180m_pct_ge_1.384+taker_imb_aligned_60m_le_-0.0591::top1,pair+top1,24,0.828,3,5,12.5,2.44,20.83,16.67,8.33,0.0,21.43,84.51,63.5
L2::P::local_range_180m_pct_ge_1.384+taker_imb_aligned_60m_ge_0.0189,pair,270,9.31,14,34,5.19,11.38,12.59,7.14,2.59,9.52,1.39,74.9,74.31
L2::P::local_range_180m_pct_ge_1.384+taker_imb_aligned_60m_ge_0.0189::top1,pair+top1,27,0.931,1,0,3.7,0.81,0.0,7.69,0.0,8.33,0.0,71.68,71.68
L2::P::local_range_180m_pct_ge_1.384+taker_imb_aligned_60m_le_0.0189,pair,252,8.69,24,44,9.52,19.51,17.46,11.27,7.27,6.25,12.9,72.7,58.34
L2::P::local_range_180m_pct_ge_1.384+taker_imb_aligned_60m_le_0.0189::top1,pair+top1,27,0.931,2,5,7.41,1.63,18.52,7.14,7.69,7.14,7.69,177.68,177.68
L2::P::local_range_180m_pct_ge_1.384+taker_imb_aligned_60m_ge_0.0814,pair,140,4.828,5,20,3.57,4.07,14.29,6.06,1.35,8.06,0.0,51.71,76.95
L2::P::local_range_180m_pct_ge_1.384+taker_imb_aligned_60m_ge_0.0814::top1,pair+top1,26,0.897,0,2,0.0,0.0,7.69,0.0,0.0,0.0,0.0,,
L2::P::local_range_180m_pct_ge_1.384+taker_imb_aligned_60m_le_0.0814,pair,383,13.207,33,58,8.62,26.83,15.14,10.0,6.54,7.77,9.47,76.81,63.5
L2::P::local_range_180m_pct_ge_1.384+taker_imb_aligned_60m_le_0.0814::top1,pair+top1,27,0.931,2,2,7.41,1.63,7.41,7.14,7.69,7.14,7.69,177.68,177.68
L2::P::local_range_180m_pct_le_1.384+taker_imb_aligned_60m_ge_-0.0591,pair,346,11.931,51,37,14.74,41.46,10.69,19.58,11.33,15.73,13.69,107.4,96.98
L2::P::local_range_180m_pct_le_1.384+taker_imb_aligned_60m_ge_-0.0591::top1,pair+top1,29,1.0,5,2,17.24,4.07,6.9,21.43,13.33,25.0,11.76,135.2,140.95
L2::P::local_range_180m_pct_le_1.384+taker_imb_aligned_60m_le_-0.0591,pair,177,6.103,34,24,19.21,27.64,13.56,17.65,20.18,19.74,18.81,105.52,90.39
L2::P::local_range_180m_pct_le_1.384+taker_imb_aligned_60m_le_-0.0591::top1,pair+top1,28,0.966,10,2,35.71,8.13,7.14,30.77,40.0,41.67,31.25,105.11,70.45
L2::P::local_range_180m_pct_le_1.384+taker_imb_aligned_60m_ge_0.0189,pair,253,8.724,32,27,12.65,26.02,10.67,18.69,8.22,14.17,11.11,110.36,92.88
L2::P::local_range_180m_pct_le_1.384+taker_imb_aligned_60m_ge_0.0189::top1,pair+top1,28,0.966,3,3,10.71,2.44,10.71,15.38,6.67,15.38,6.67,130.77,143.08
L2::P::local_range_180m_pct_le_1.384+taker_imb_aligned_60m_le_0.0189,pair,270,9.31,53,34,19.63,43.09,12.59,19.23,19.88,19.69,19.58,104.41,92.63
L2::P::local_range_180m_pct_le_1.384+taker_imb_aligned_60m_le_0.0189::top1,pair+top1,29,1.0,10,1,34.48,8.13,3.45,42.86,26.67,40.0,28.57,100.94,80.97
L2::P::local_range_180m_pct_le_1.384+taker_imb_aligned_60m_ge_0.0814,pair,175,6.034,22,13,12.57,17.89,7.43,21.43,6.67,18.6,6.74,112.49,107.65
L2::P::local_range_180m_pct_le_1.384+taker_imb_aligned_60m_ge_0.0814::top1,pair+top1,26,0.897,4,2,15.38,3.25,7.69,18.18,13.33,26.67,0.0,135.87,152.17
L2::P::local_range_180m_pct_le_1.384+taker_imb_aligned_60m_le_0.0814,pair,347,11.966,63,48,18.16,51.22,13.83,17.73,18.45,16.07,20.11,104.61,88.15
L2::P::local_range_180m_pct_le_1.384+taker_imb_aligned_60m_le_0.0814::top1,pair+top1,29,1.0,9,2,31.03,7.32,6.9,35.71,26.67,33.33,29.41,91.2,60.88
L2::P::local_range_180m_pct_ge_1.7907+taker_imb_aligned_60m_ge_-0.0591,pair,236,8.138,10,33,4.24,8.13,13.98,5.3,2.35,4.46,4.03,108.85,127.33
L2::P::local_range_180m_pct_ge_1.7907+taker_imb_aligned_60m_ge_-0.0591::top1,pair+top1,23,0.793,1,0,4.35,0.81,0.0,0.0,9.09,9.09,0.0,148.88,148.88
L2::P::local_range_180m_pct_ge_1.7907+taker_imb_aligned_60m_le_-0.0591,pair,81,2.793,10,17,12.35,8.13,20.99,14.29,10.26,7.5,17.07,47.4,50.88
L2::P::local_range_180m_pct_ge_1.7907+taker_imb_aligned_60m_le_-0.0591::top1,pair+top1,18,0.621,2,3,11.11,1.63,16.67,22.22,0.0,0.0,20.0,52.19,52.19
L2::P::local_range_180m_pct_ge_1.7907+taker_imb_aligned_60m_ge_0.0189,pair,171,5.897,6,23,3.51,4.88,13.45,4.67,1.56,5.0,2.2,105.61,122.35
L2::P::local_range_180m_pct_ge_1.7907+taker_imb_aligned_60m_ge_0.0189::top1,pair+top1,23,0.793,0,2,0.0,0.0,8.7,0.0,0.0,0.0,0.0,,
L2::P::local_range_180m_pct_ge_1.7907+taker_imb_aligned_60m_le_0.0189,pair,146,5.034,14,27,9.59,11.38,18.49,10.47,8.33,5.56,13.51,66.34,58.34
L2::P::local_range_180m_pct_ge_1.7907+taker_imb_aligned_60m_le_0.0189::top1,pair+top1,21,0.724,2,2,9.52,1.63,9.52,16.67,0.0,0.0,20.0,86.59,86.59
L2::P::local_range_180m_pct_ge_1.7907+taker_imb_aligned_60m_ge_0.0814,pair,87,3.0,2,13,2.3,1.63,14.94,4.55,0.0,5.56,0.0,0.63,0.63
L2::P::local_range_180m_pct_ge_1.7907+taker_imb_aligned_60m_ge_0.0814::top1,pair+top1,22,0.759,0,4,0.0,0.0,18.18,0.0,0.0,0.0,0.0,,
L2::P::local_range_180m_pct_ge_1.7907+taker_imb_aligned_60m_le_0.0814,pair,230,7.931,18,37,7.83,14.63,16.09,8.05,7.41,5.17,10.53,86.73,72.66
L2::P::local_range_180m_pct_ge_1.7907+taker_imb_aligned_60m_le_0.0814::top1,pair+top1,21,0.724,1,1,4.76,0.81,4.76,8.33,0.0,0.0,10.0,132.32,132.32
L2::P::local_range_180m_pct_le_1.7907+taker_imb_aligned_60m_ge_-0.0591,pair,498,17.172,63,56,12.65,51.22,11.24,17.51,8.9,15.42,9.8,100.69,87.97
L2::P::local_range_180m_pct_le_1.7907+taker_imb_aligned_60m_ge_-0.0591::top1,pair+top1,29,1.0,4,3,13.79,3.25,10.34,14.29,13.33,23.08,6.25,147.01,165.94
L2::P::local_range_180m_pct_le_1.7907+taker_imb_aligned_60m_le_-0.0591,pair,233,8.034,40,33,17.17,32.52,14.16,15.0,18.8,15.38,18.6,98.81,87.28
L2::P::local_range_180m_pct_le_1.7907+taker_imb_aligned_60m_le_-0.0591::top1,pair+top1,29,1.0,9,2,31.03,7.32,6.9,21.43,40.0,36.36,27.78,87.02,60.88
L2::P::local_range_180m_pct_le_1.7907+taker_imb_aligned_60m_ge_0.0189,pair,354,12.207,40,38,11.3,32.52,10.73,16.67,7.07,14.94,7.78,98.66,86.96
L2::P::local_range_180m_pct_le_1.7907+taker_imb_aligned_60m_ge_0.0189::top1,pair+top1,29,1.0,0,2,0.0,0.0,6.9,0.0,0.0,0.0,0.0,,
L2::P::local_range_180m_pct_le_1.7907+taker_imb_aligned_60m_le_0.0189,pair,377,13.0,63,51,16.71,51.22,13.53,16.77,16.67,15.85,17.53,100.79,92.63
L2::P::local_range_180m_pct_le_1.7907+taker_imb_aligned_60m_le_0.0189::top1,pair+top1,29,1.0,8,2,27.59,6.5,6.9,28.57,26.67,35.71,20.0,98.19,80.97
L2::P::local_range_180m_pct_le_1.7907+taker_imb_aligned_60m_ge_0.0814,pair,230,7.931,25,20,10.87,20.33,8.7,18.09,5.88,16.81,5.13,109.28,97.55
L2::P::local_range_180m_pct_le_1.7907+taker_imb_aligned_60m_ge_0.0814::top1,pair+top1,29,1.0,2,2,6.9,1.63,6.9,14.29,0.0,15.38,0.0,179.42,179.42
L2::P::local_range_180m_pct_le_1.7907+taker_imb_aligned_60m_le_0.0814,pair,501,17.276,78,69,15.57,63.41,13.77,16.14,15.11,14.69,16.41,96.98,87.19
L2::P::local_range_180m_pct_le_1.7907+taker_imb_aligned_60m_le_0.0814::top1,pair+top1,29,1.0,6,3,20.69,4.88,10.34,14.29,26.67,33.33,11.76,103.92,98.96
L2::P::local_range_180m_pct_ge_1.0518+dist_to_recent_swing_high_pct_ge_0.321,pair,581,20.034,45,82,7.75,36.59,14.11,10.07,5.3,8.75,6.92,101.69,100.98
L2::P::local_range_180m_pct_ge_1.0518+dist_to_recent_swing_high_pct_ge_0.321::top1,pair+top1,29,1.0,1,1,3.45,0.81,3.45,7.14,0.0,14.29,0.0,101.07,101.07
L2::P::local_range_180m_pct_ge_1.0518+dist_to_recent_swing_high_pct_le_0.321,pair,151,5.207,24,25,15.89,19.51,16.56,13.92,18.06,17.53,12.96,94.68,84.4
L2::P::local_range_180m_pct_ge_1.0518+dist_to_recent_swing_high_pct_le_0.321::top1,pair+top1,24,0.828,2,6,8.33,1.63,25.0,7.69,9.09,0.0,22.22,13.74,13.74
L2::P::local_range_180m_pct_ge_1.0518+dist_to_recent_swing_high_pct_ge_0.6499,pair,457,15.759,31,59,6.78,25.2,12.91,9.65,3.93,9.05,5.04,100.35,100.98
L2::P::local_range_180m_pct_ge_1.0518+dist_to_recent_swing_high_pct_ge_0.6499::top1,pair+top1,28,0.966,1,1,3.57,0.81,3.57,7.14,0.0,14.29,0.0,101.07,101.07
L2::P::local_range_180m_pct_ge_1.0518+dist_to_recent_swing_high_pct_le_0.6499,pair,275,9.483,38,48,13.82,30.89,17.45,12.75,15.08,13.66,14.04,98.36,86.19
L2::P::local_range_180m_pct_ge_1.0518+dist_to_recent_swing_high_pct_le_0.6499::top1,pair+top1,27,0.931,2,5,7.41,1.63,18.52,7.69,7.14,6.25,9.09,38.69,38.69
L2::P::local_range_180m_pct_ge_1.0518+dist_to_recent_swing_high_pct_ge_1.062,pair,300,10.345,13,41,4.33,10.57,13.67,6.62,2.44,6.14,3.23,87.39,81.82
L2::P::local_range_180m_pct_ge_1.0518+dist_to_recent_swing_high_pct_ge_1.062::top1,pair+top1,27,0.931,0,1,0.0,0.0,3.7,0.0,0.0,0.0,0.0,,
L2::P::local_range_180m_pct_ge_1.0518+dist_to_recent_swing_high_pct_le_1.062,pair,433,14.931,56,66,12.93,45.53,15.24,13.22,12.57,13.36,12.37,102.0,92.88
L2::P::local_range_180m_pct_ge_1.0518+dist_to_recent_swing_high_pct_le_1.062::top1,pair+top1,29,1.0,2,3,6.9,1.63,10.34,14.29,0.0,12.5,0.0,131.16,131.16
L2::P::local_range_180m_pct_le_1.0518+dist_to_recent_swing_high_pct_ge_0.321,pair,150,5.172,23,15,15.33,18.7,10.0,19.67,12.36,15.62,15.12,114.97,111.33
L2::P::local_range_180m_pct_le_1.0518+dist_to_recent_swing_high_pct_ge_0.321::top1,pair+top1,25,0.862,7,2,28.0,5.69,8.0,36.36,21.43,38.46,16.67,111.18,92.63
L2::P::local_range_180m_pct_le_1.0518+dist_to_recent_swing_high_pct_le_0.321,pair,166,5.724,31,17,18.67,25.2,10.24,20.29,17.53,14.94,22.78,76.32,58.75
L2::P::local_range_180m_pct_le_1.0518+dist_to_recent_swing_high_pct_le_0.321::top1,pair+top1,27,0.931,10,0,37.04,8.13,0.0,38.46,35.71,36.36,37.5,87.4,58.93
L2::P::local_range_180m_pct_le_1.0518+dist_to_recent_swing_high_pct_ge_0.6499,pair,65,2.241,10,5,15.38,8.13,7.69,14.81,15.79,16.67,14.89,139.65,156.5
L2::P::local_range_180m_pct_le_1.0518+dist_to_recent_swing_high_pct_ge_0.6499::top1,pair+top1,24,0.828,4,3,16.67,3.25,12.5,10.0,21.43,25.0,12.5,169.92,181.74
L2::P::local_range_180m_pct_le_1.0518+dist_to_recent_swing_high_pct_le_0.6499,pair,251,8.655,44,27,17.53,35.77,10.76,21.57,14.77,15.04,20.34,82.13,59.81
L2::P::local_range_180m_pct_le_1.0518+dist_to_recent_swing_high_pct_le_0.6499::top1,pair+top1,28,0.966,10,0,35.71,8.13,0.0,38.46,33.33,41.67,31.25,86.23,58.93
L2::P::local_range_180m_pct_le_1.0518+dist_to_recent_swing_high_pct_ge_1.062,pair,14,0.483,0,1,0.0,0.0,7.14,0.0,0.0,0.0,0.0,,
L2::P::local_range_180m_pct_le_1.0518+dist_to_recent_swing_high_pct_ge_1.062::top1,pair+top1,9,0.31,0,1,0.0,0.0,11.11,0.0,0.0,0.0,0.0,,
L2::P::local_range_180m_pct_le_1.0518+dist_to_recent_swing_high_pct_le_1.062,pair,301,10.379,54,31,17.94,43.9,10.3,20.97,15.82,15.65,20.13,92.78,67.16
L2::P::local_range_180m_pct_le_1.0518+dist_to_recent_swing_high_pct_le_1.062::top1,pair+top1,28,0.966,9,1,32.14,7.32,3.57,38.46,26.67,36.36,29.41,94.9,60.88
L2::P::local_range_180m_pct_ge_1.384+dist_to_recent_swing_high_pct_ge_0.321,pair,443,15.276,28,67,6.32,22.76,15.12,8.13,4.06,6.93,5.81,92.57,84.59
L2::P::local_range_180m_pct_ge_1.384+dist_to_recent_swing_high_pct_ge_0.321::top1,pair+top1,28,0.966,1,0,3.57,0.81,0.0,7.14,0.0,11.11,0.0,206.2,206.2
L2::P::local_range_180m_pct_ge_1.384+dist_to_recent_swing_high_pct_le_0.321,pair,79,2.724,10,11,12.66,8.13,13.92,14.0,10.34,11.54,14.81,20.13,16.84
L2::P::local_range_180m_pct_ge_1.384+dist_to_recent_swing_high_pct_le_0.321::top1,pair+top1,21,0.724,2,4,9.52,1.63,19.05,8.33,11.11,0.0,25.0,13.74,13.74
L2::P::local_range_180m_pct_ge_1.384+dist_to_recent_swing_high_pct_ge_0.6499,pair,349,12.034,21,48,6.02,17.07,13.75,8.65,3.05,7.89,4.57,99.65,100.98
L2::P::local_range_180m_pct_ge_1.384+dist_to_recent_swing_high_pct_ge_0.6499::top1,pair+top1,27,0.931,1,0,3.7,0.81,0.0,7.14,0.0,11.11,0.0,206.2,206.2
L2::P::local_range_180m_pct_ge_1.384+dist_to_recent_swing_high_pct_le_0.6499,pair,173,5.966,17,30,9.83,13.82,17.34,9.91,9.68,7.84,12.68,41.21,21.78
L2::P::local_range_180m_pct_ge_1.384+dist_to_recent_swing_high_pct_le_0.6499::top1,pair+top1,25,0.862,3,5,12.0,2.44,20.0,16.67,7.69,7.14,18.18,39.42,40.87
L2::P::local_range_180m_pct_ge_1.384+dist_to_recent_swing_high_pct_ge_1.062,pair,259,8.931,11,34,4.25,8.94,13.13,7.26,1.48,5.0,3.77,98.77,87.37
L2::P::local_range_180m_pct_ge_1.384+dist_to_recent_swing_high_pct_ge_1.062::top1,pair+top1,26,0.897,0,0,0.0,0.0,0.0,0.0,0.0,0.0,0.0,,
L2::P::local_range_180m_pct_ge_1.384+dist_to_recent_swing_high_pct_le_1.062,pair,264,9.103,27,44,10.23,21.95,16.67,10.4,9.89,9.68,11.01,63.22,41.32
L2::P::local_range_180m_pct_ge_1.384+dist_to_recent_swing_high_pct_le_1.062::top1,pair+top1,27,0.931,2,2,7.41,1.63,7.41,14.29,0.0,11.76,0.0,138.94,138.94
L2::P::local_range_180m_pct_le_1.384+dist_to_recent_swing_high_pct_ge_0.321,pair,289,9.966,40,30,13.84,32.52,10.38,19.3,10.29,15.2,12.8,115.71,115.23
L2::P::local_range_180m_pct_le_1.384+dist_to_recent_swing_high_pct_ge_0.321::top1,pair+top1,29,1.0,5,4,17.24,4.07,13.79,14.29,20.0,28.57,6.67,137.38,175.55
L2::P::local_range_180m_pct_le_1.384+dist_to_recent_swing_high_pct_le_0.321,pair,234,8.069,45,31,19.23,36.59,13.25,18.37,19.85,18.46,20.19,98.6,82.85
L2::P::local_range_180m_pct_le_1.384+dist_to_recent_swing_high_pct_le_0.321::top1,pair+top1,29,1.0,9,2,31.03,7.32,6.9,35.71,26.67,27.27,33.33,96.2,60.88
L2::P::local_range_180m_pct_le_1.384+dist_to_recent_swing_high_pct_ge_0.6499,pair,174,6.0,20,16,11.49,16.26,9.2,14.08,9.71,13.85,10.09,120.73,110.1
L2::P::local_range_180m_pct_le_1.384+dist_to_recent_swing_high_pct_ge_0.6499::top1,pair+top1,28,0.966,4,4,14.29,3.25,14.29,15.38,13.33,27.27,5.88,163.42,181.74
L2::P::local_range_180m_pct_le_1.384+dist_to_recent_swing_high_pct_le_0.6499,pair,349,12.034,65,45,18.62,52.85,12.89,21.43,16.75,17.89,19.5,102.32,87.97
L2::P::local_range_180m_pct_le_1.384+dist_to_recent_swing_high_pct_le_0.6499::top1,pair+top1,29,1.0,9,1,31.03,7.32,3.45,35.71,26.67,33.33,29.41,94.9,60.88
L2::P::local_range_180m_pct_le_1.384+dist_to_recent_swing_high_pct_ge_1.062,pair,56,1.931,2,8,3.57,1.63,14.29,0.0,5.26,11.76,0.0,24.8,24.8
L2::P::local_range_180m_pct_le_1.384+dist_to_recent_swing_high_pct_ge_1.062::top1,pair+top1,21,0.724,0,4,0.0,0.0,19.05,0.0,0.0,0.0,0.0,,
L2::P::local_range_180m_pct_le_1.384+dist_to_recent_swing_high_pct_le_1.062,pair,466,16.069,83,53,17.81,67.48,11.37,20.73,15.75,17.3,18.34,108.62,96.98
L2::P::local_range_180m_pct_le_1.384+dist_to_recent_swing_high_pct_le_1.062::top1,pair+top1,29,1.0,9,2,31.03,7.32,6.9,42.86,20.0,40.0,26.32,101.51,87.97
L2::P::local_range_180m_pct_ge_1.7907+dist_to_recent_swing_high_pct_ge_0.321,pair,277,9.552,16,45,5.78,13.01,16.25,6.83,4.31,4.84,6.54,94.18,84.59
L2::P::local_range_180m_pct_ge_1.7907+dist_to_recent_swing_high_pct_ge_0.321::top1,pair+top1,23,0.793,0,1,0.0,0.0,4.35,0.0,0.0,0.0,0.0,,
L2::P::local_range_180m_pct_ge_1.7907+dist_to_recent_swing_high_pct_le_0.321,pair,40,1.379,4,5,10.0,3.25,12.5,9.38,12.5,7.14,16.67,13.88,3.17
L2::P::local_range_180m_pct_ge_1.7907+dist_to_recent_swing_high_pct_le_0.321::top1,pair+top1,13,0.448,2,3,15.38,1.63,23.08,11.11,25.0,12.5,20.0,3.17,3.17
L2::P::local_range_180m_pct_ge_1.7907+dist_to_recent_swing_high_pct_ge_0.6499,pair,217,7.483,15,31,6.91,12.2,14.29,8.4,5.1,6.52,7.2,97.74,87.37
L2::P::local_range_180m_pct_ge_1.7907+dist_to_recent_swing_high_pct_ge_0.6499::top1,pair+top1,23,0.793,0,2,0.0,0.0,8.7,0.0,0.0,0.0,0.0,,
L2::P::local_range_180m_pct_ge_1.7907+dist_to_recent_swing_high_pct_le_0.6499,pair,100,3.448,5,19,5.0,4.07,19.0,5.41,3.85,3.33,7.5,19.28,5.7
L2::P::local_range_180m_pct_ge_1.7907+dist_to_recent_swing_high_pct_le_0.6499::top1,pair+top1,17,0.586,3,3,17.65,2.44,17.65,20.0,14.29,14.29,20.0,15.73,5.7
L2::P::local_range_180m_pct_ge_1.7907+dist_to_recent_swing_high_pct_ge_1.062,pair,160,5.517,9,20,5.62,7.32,12.5,8.97,2.44,4.84,6.12,105.89,87.37
L2::P::local_range_180m_pct_ge_1.7907+dist_to_recent_swing_high_pct_ge_1.062::top1,pair+top1,22,0.759,0,2,0.0,0.0,9.09,0.0,0.0,0.0,0.0,,
L2::P::local_range_180m_pct_ge_1.7907+dist_to_recent_swing_high_pct_le_1.062,pair,158,5.448,11,30,6.96,8.94,18.99,6.03,9.52,5.49,8.96,55.41,41.32
L2::P::local_range_180m_pct_ge_1.7907+dist_to_recent_swing_high_pct_le_1.062::top1,pair+top1,18,0.621,0,0,0.0,0.0,0.0,0.0,0.0,0.0,0.0,,
L2::P::local_range_180m_pct_le_1.7907+dist_to_recent_swing_high_pct_ge_0.321,pair,458,15.793,52,52,11.35,42.28,11.35,15.35,8.2,13.24,9.84,109.87,106.97
L2::P::local_range_180m_pct_le_1.7907+dist_to_recent_swing_high_pct_ge_0.321::top1,pair+top1,29,1.0,4,3,13.79,3.25,10.34,7.14,20.0,33.33,5.0,127.84,134.59
L2::P::local_range_180m_pct_le_1.7907+dist_to_recent_swing_high_pct_le_0.321,pair,273,9.414,51,37,18.68,41.46,13.55,18.97,18.47,18.18,19.33,89.86,63.88
L2::P::local_range_180m_pct_le_1.7907+dist_to_recent_swing_high_pct_le_0.321::top1,pair+top1,29,1.0,8,2,27.59,6.5,6.9,28.57,26.67,25.0,29.41,97.23,58.93
L2::P::local_range_180m_pct_le_1.7907+dist_to_recent_swing_high_pct_ge_0.6499,pair,307,10.586,26,33,8.47,21.14,10.75,11.59,5.92,12.0,6.04,116.97,105.09
L2::P::local_range_180m_pct_le_1.7907+dist_to_recent_swing_high_pct_ge_0.6499::top1,pair+top1,29,1.0,2,3,6.9,1.63,10.34,0.0,13.33,12.5,4.76,141.78,141.78
L2::P::local_range_180m_pct_le_1.7907+dist_to_recent_swing_high_pct_le_0.6499,pair,424,14.621,77,56,18.16,62.6,13.21,20.67,16.33,17.17,19.37,94.22,80.02
L2::P::local_range_180m_pct_le_1.7907+dist_to_recent_swing_high_pct_le_0.6499::top1,pair+top1,29,1.0,8,2,27.59,6.5,6.9,28.57,26.67,33.33,23.53,95.76,58.93
L2::P::local_range_180m_pct_le_1.7907+dist_to_recent_swing_high_pct_ge_1.062,pair,155,5.345,4,22,2.58,3.25,14.19,3.12,2.2,7.27,0.0,45.75,24.8
L2::P::local_range_180m_pct_le_1.7907+dist_to_recent_swing_high_pct_ge_1.062::top1,pair+top1,25,0.862,0,2,0.0,0.0,8.0,0.0,0.0,0.0,0.0,,
L2::P::local_range_180m_pct_le_1.7907+dist_to_recent_swing_high_pct_le_1.062,pair,575,19.828,99,67,17.22,80.49,11.65,20.16,14.91,16.89,17.58,102.15,88.15
L2::P::local_range_180m_pct_le_1.7907+dist_to_recent_swing_high_pct_le_1.062::top1,pair+top1,29,1.0,7,3,24.14,5.69,10.34,28.57,20.0,36.36,16.67,111.04,101.07
L2::P::local_range_180m_pct_ge_1.0518+taker_imb_aligned_30m_ge_-0.0753,pair,533,18.379,47,70,8.82,38.21,13.13,11.27,6.02,12.31,5.28,101.14,96.98
L2::P::local_range_180m_pct_ge_1.0518+taker_imb_aligned_30m_ge_-0.0753::top1,pair+top1,29,1.0,0,3,0.0,0.0,10.34,0.0,0.0,0.0,0.0,,
L2::P::local_range_180m_pct_ge_1.0518+taker_imb_aligned_30m_le_-0.0753,pair,200,6.897,22,37,11.0,17.89,18.5,9.57,12.26,7.53,14.02,95.21,80.59
L2::P::local_range_180m_pct_ge_1.0518+taker_imb_aligned_30m_le_-0.0753::top1,pair+top1,29,1.0,3,6,10.34,2.44,20.69,14.29,6.67,12.5,7.69,89.82,101.07
L2::P::local_range_180m_pct_ge_1.0518+taker_imb_aligned_30m_ge_0.0001,pair,382,13.172,30,45,7.85,24.39,11.78,10.99,4.71,10.64,5.15,107.75,98.98
L2::P::local_range_180m_pct_ge_1.0518+taker_imb_aligned_30m_ge_0.0001::top1,pair+top1,29,1.0,1,3,3.45,0.81,10.34,7.14,0.0,7.69,0.0,71.68,71.68
L2::P::local_range_180m_pct_ge_1.0518+taker_imb_aligned_30m_le_0.0001,pair,351,12.103,39,62,11.11,31.71,17.66,10.75,11.52,11.56,10.67,92.72,85.95
L2::P::local_range_180m_pct_ge_1.0518+taker_imb_aligned_30m_le_0.0001::top1,pair+top1,29,1.0,3,4,10.34,2.44,13.79,14.29,6.67,12.5,7.69,99.11,101.07
L2::P::local_range_180m_pct_ge_1.0518+taker_imb_aligned_30m_ge_0.0733,pair,219,7.552,19,25,8.68,15.45,11.42,12.09,6.25,12.62,5.17,109.79,100.98
L2::P::local_range_180m_pct_ge_1.0518+taker_imb_aligned_30m_ge_0.0733::top1,pair+top1,28,0.966,2,3,7.14,1.63,10.71,15.38,0.0,15.38,0.0,134.63,134.63
L2::P::local_range_180m_pct_ge_1.0518+taker_imb_aligned_30m_le_0.0733,pair,514,17.724,50,82,9.73,40.65,15.95,10.49,8.77,10.51,8.95,95.24,86.9
L2::P::local_range_180m_pct_ge_1.0518+taker_imb_aligned_30m_le_0.0733::top1,pair+top1,29,1.0,3,3,10.34,2.44,10.34,14.29,6.67,15.38,6.25,152.14,149.15
L2::P::local_range_180m_pct_le_1.0518+taker_imb_aligned_30m_ge_-0.0753,pair,201,6.931,33,21,16.42,26.83,10.45,23.33,10.81,13.33,19.79,95.41,70.43
L2::P::local_range_180m_pct_le_1.0518+taker_imb_aligned_30m_ge_-0.0753::top1,pair+top1,28,0.966,9,2,32.14,7.32,7.14,46.15,20.0,35.71,28.57,91.34,51.23
L2::P::local_range_180m_pct_le_1.0518+taker_imb_aligned_30m_le_-0.0753,pair,114,3.931,21,11,18.42,17.07,9.65,12.82,21.33,20.0,17.39,88.66,63.88
L2::P::local_range_180m_pct_le_1.0518+taker_imb_aligned_30m_le_-0.0753::top1,pair+top1,26,0.897,6,2,23.08,4.88,7.69,18.18,26.67,33.33,17.65,111.3,118.22
L2::P::local_range_180m_pct_le_1.0518+taker_imb_aligned_30m_ge_0.0001,pair,142,4.897,20,16,14.08,16.26,11.27,22.22,7.59,14.29,13.89,89.28,70.6
L2::P::local_range_180m_pct_le_1.0518+taker_imb_aligned_30m_ge_0.0001::top1,pair+top1,28,0.966,6,4,21.43,4.88,14.29,30.77,13.33,30.77,13.33,71.79,49.17
L2::P::local_range_180m_pct_le_1.0518+taker_imb_aligned_30m_le_0.0001,pair,173,5.966,34,16,19.65,27.64,9.25,18.18,20.56,16.25,22.58,94.85,67.16
L2::P::local_range_180m_pct_le_1.0518+taker_imb_aligned_30m_le_0.0001::top1,pair+top1,28,0.966,10,0,35.71,8.13,0.0,38.46,33.33,28.57,42.86,95.43,61.76
L2::P::local_range_180m_pct_le_1.0518+taker_imb_aligned_30m_ge_0.0733,pair,97,3.345,11,13,11.34,8.94,13.4,12.5,10.53,12.0,10.64,99.8,97.55
L2::P::local_range_180m_pct_le_1.0518+taker_imb_aligned_30m_ge_0.0733::top1,pair+top1,24,0.828,4,3,16.67,3.25,12.5,22.22,13.33,23.08,9.09,72.88,44.33
L2::P::local_range_180m_pct_le_1.0518+taker_imb_aligned_30m_le_0.0733,pair,218,7.517,43,19,19.72,34.96,8.72,23.6,17.05,17.0,22.03,90.99,63.88
L2::P::local_range_180m_pct_le_1.0518+taker_imb_aligned_30m_le_0.0733::top1,pair+top1,28,0.966,9,1,32.14,7.32,3.57,38.46,26.67,30.77,33.33,91.2,60.88
L2::P::local_range_180m_pct_ge_1.384+taker_imb_aligned_30m_ge_-0.0753,pair,388,13.379,25,53,6.44,20.33,13.66,8.93,3.05,8.12,4.71,83.35,76.95
L2::P::local_range_180m_pct_ge_1.384+taker_imb_aligned_30m_ge_-0.0753::top1,pair+top1,27,0.931,1,0,3.7,0.81,0.0,7.69,0.0,8.33,0.0,206.2,206.2
L2::P::local_range_180m_pct_ge_1.384+taker_imb_aligned_30m_le_-0.0753,pair,135,4.655,13,25,9.63,10.57,18.52,9.59,9.68,6.9,11.69,54.59,53.18
L2::P::local_range_180m_pct_ge_1.384+taker_imb_aligned_30m_le_-0.0753::top1,pair+top1,26,0.897,3,4,11.54,2.44,15.38,15.38,7.69,9.09,13.33,77.3,63.5
L2::P::local_range_180m_pct_ge_1.384+taker_imb_aligned_30m_ge_0.0001,pair,268,9.241,15,36,5.6,12.2,13.43,8.28,2.44,6.98,4.32,78.12,48.58
L2::P::local_range_180m_pct_ge_1.384+taker_imb_aligned_30m_ge_0.0001::top1,pair+top1,27,0.931,2,0,7.41,1.63,0.0,15.38,0.0,18.18,0.0,138.94,138.94
L2::P::local_range_180m_pct_ge_1.384+taker_imb_aligned_30m_le_0.0001,pair,255,8.793,23,42,9.02,18.7,16.47,9.93,7.69,8.73,9.3,70.5,63.5
L2::P::local_range_180m_pct_ge_1.384+taker_imb_aligned_30m_le_0.0001::top1,pair+top1,27,0.931,1,3,3.7,0.81,11.11,0.0,7.69,0.0,7.69,149.15,149.15
L2::P::local_range_180m_pct_ge_1.384+taker_imb_aligned_30m_ge_0.0733,pair,133,4.586,9,20,6.77,7.32,15.04,9.84,4.17,9.84,4.17,72.6,40.87
L2::P::local_range_180m_pct_ge_1.384+taker_imb_aligned_30m_ge_0.0733::top1,pair+top1,25,0.862,2,1,8.0,1.63,4.0,16.67,0.0,20.0,0.0,36.16,36.16
L2::P::local_range_180m_pct_ge_1.384+taker_imb_aligned_30m_le_0.0733,pair,389,13.414,29,58,7.46,23.58,14.91,8.94,5.19,7.25,7.65,73.79,63.5
L2::P::local_range_180m_pct_ge_1.384+taker_imb_aligned_30m_le_0.0733::top1,pair+top1,28,0.966,2,2,7.14,1.63,7.14,7.14,7.14,8.33,6.25,177.68,177.68
L2::P::local_range_180m_pct_le_1.384+taker_imb_aligned_30m_ge_-0.0753,pair,344,11.862,55,38,15.99,44.72,11.05,21.85,11.4,17.82,14.12,105.79,88.78
L2::P::local_range_180m_pct_le_1.384+taker_imb_aligned_30m_ge_-0.0753::top1,pair+top1,29,1.0,6,3,20.69,4.88,10.34,28.57,13.33,27.27,16.67,120.73,114.46
L2::P::local_range_180m_pct_le_1.384+taker_imb_aligned_30m_le_-0.0753,pair,178,6.138,30,23,16.85,24.39,12.92,11.67,19.49,15.0,18.37,108.22,96.85
L2::P::local_range_180m_pct_le_1.384+taker_imb_aligned_30m_le_-0.0753::top1,pair+top1,28,0.966,8,3,28.57,6.5,10.71,23.08,33.33,41.67,18.75,119.89,138.31
L2::P::local_range_180m_pct_le_1.384+taker_imb_aligned_30m_ge_0.0001,pair,255,8.793,35,25,13.73,28.46,9.8,20.91,8.28,16.54,10.94,109.89,97.55
L2::P::local_range_180m_pct_le_1.384+taker_imb_aligned_30m_ge_0.0001::top1,pair+top1,29,1.0,4,3,13.79,3.25,10.34,14.29,13.33,15.38,12.5,118.3,115.53
L2::P::local_range_180m_pct_le_1.384+taker_imb_aligned_30m_le_0.0001,pair,267,9.207,50,36,18.73,40.65,13.48,16.83,19.88,17.32,20.0,104.38,86.19
L2::P::local_range_180m_pct_le_1.384+taker_imb_aligned_30m_le_0.0001::top1,pair+top1,29,1.0,10,2,34.48,8.13,6.9,35.71,33.33,30.77,37.5,95.43,61.76
L2::P::local_range_180m_pct_le_1.384+taker_imb_aligned_30m_ge_0.0733,pair,182,6.276,21,18,11.54,17.07,9.89,14.08,9.91,14.44,8.7,120.5,119.13
L2::P::local_range_180m_pct_le_1.384+taker_imb_aligned_30m_ge_0.0733::top1,pair+top1,26,0.897,4,2,15.38,3.25,7.69,9.09,20.0,25.0,7.14,143.28,167.0
L2::P::local_range_180m_pct_le_1.384+taker_imb_aligned_30m_le_0.0733,pair,341,11.759,64,43,18.77,52.03,12.61,21.43,16.92,18.29,19.21,102.11,87.97
L2::P::local_range_180m_pct_le_1.384+taker_imb_aligned_30m_le_0.0733::top1,pair+top1,29,1.0,9,2,31.03,7.32,6.9,35.71,26.67,33.33,29.41,91.2,60.88
L2::P::local_range_180m_pct_ge_1.7907+taker_imb_aligned_30m_ge_-0.0753,pair,242,8.345,14,36,5.79,11.38,14.88,7.19,3.37,5.74,5.83,90.7,104.86
L2::P::local_range_180m_pct_ge_1.7907+taker_imb_aligned_30m_ge_-0.0753::top1,pair+top1,23,0.793,1,1,4.35,0.81,4.35,0.0,9.09,9.09,0.0,148.88,148.88
L2::P::local_range_180m_pct_ge_1.7907+taker_imb_aligned_30m_le_-0.0753,pair,76,2.621,6,14,7.89,4.88,18.42,7.32,8.57,3.23,11.11,48.78,58.34
L2::P::local_range_180m_pct_ge_1.7907+taker_imb_aligned_30m_le_-0.0753::top1,pair+top1,19,0.655,1,2,5.26,0.81,10.53,10.0,0.0,0.0,8.33,63.5,63.5
L2::P::local_range_180m_pct_ge_1.7907+taker_imb_aligned_30m_ge_0.0001,pair,159,5.483,6,23,3.77,4.88,14.47,5.26,1.56,2.78,4.6,79.74,44.72
L2::P::local_range_180m_pct_ge_1.7907+taker_imb_aligned_30m_ge_0.0001::top1,pair+top1,23,0.793,0,1,0.0,0.0,4.35,0.0,0.0,0.0,0.0,,
L2::P::local_range_180m_pct_ge_1.7907+taker_imb_aligned_30m_le_0.0001,pair,158,5.448,14,27,8.86,11.38,17.09,9.18,8.33,7.5,10.26,77.43,72.66
L2::P::local_range_180m_pct_ge_1.7907+taker_imb_aligned_30m_le_0.0001::top1,pair+top1,21,0.724,1,2,4.76,0.81,9.52,8.33,0.0,0.0,11.11,132.32,132.32
L2::P::local_range_180m_pct_ge_1.7907+taker_imb_aligned_30m_ge_0.0733,pair,81,2.793,4,13,4.94,3.25,16.05,7.5,2.44,5.71,4.35,70.32,20.75
L2::P::local_range_180m_pct_ge_1.7907+taker_imb_aligned_30m_ge_0.0733::top1,pair+top1,21,0.724,1,2,4.76,0.81,9.52,9.09,0.0,16.67,0.0,0.63,0.63
L2::P::local_range_180m_pct_ge_1.7907+taker_imb_aligned_30m_le_0.0733,pair,236,8.138,16,37,6.78,13.01,15.68,7.19,6.02,5.13,8.4,80.08,72.66
L2::P::local_range_180m_pct_ge_1.7907+taker_imb_aligned_30m_le_0.0733::top1,pair+top1,22,0.759,1,2,4.55,0.81,9.09,8.33,0.0,0.0,8.33,132.32,132.32
L2::P::local_range_180m_pct_le_1.7907+taker_imb_aligned_30m_ge_-0.0753,pair,492,16.966,66,55,13.41,53.66,11.18,18.75,8.96,16.0,10.74,100.49,88.06
L2::P::local_range_180m_pct_le_1.7907+taker_imb_aligned_30m_ge_-0.0753::top1,pair+top1,29,1.0,4,3,13.79,3.25,10.34,14.29,13.33,23.08,6.25,147.01,165.94
L2::P::local_range_180m_pct_le_1.7907+taker_imb_aligned_30m_le_-0.0753,pair,238,8.207,37,34,15.55,30.08,14.29,11.83,17.93,14.02,16.79,99.02,86.42
L2::P::local_range_180m_pct_le_1.7907+taker_imb_aligned_30m_le_-0.0753::top1,pair+top1,29,1.0,9,4,31.03,7.32,13.79,28.57,33.33,44.44,25.0,85.58,60.88
L2::P::local_range_180m_pct_le_1.7907+taker_imb_aligned_30m_ge_0.0001,pair,365,12.586,44,38,12.05,35.77,10.41,18.63,6.86,15.14,8.89,103.17,92.88
L2::P::local_range_180m_pct_le_1.7907+taker_imb_aligned_30m_ge_0.0001::top1,pair+top1,29,1.0,2,2,6.9,1.63,6.9,7.14,6.67,7.69,6.25,121.08,121.08
L2::P::local_range_180m_pct_le_1.7907+taker_imb_aligned_30m_le_0.0001,pair,366,12.621,59,51,16.12,47.97,13.93,14.74,17.14,15.61,16.58,97.57,82.85
L2::P::local_range_180m_pct_le_1.7907+taker_imb_aligned_30m_le_0.0001::top1,pair+top1,29,1.0,7,3,24.14,5.69,10.34,14.29,33.33,27.27,22.22,95.64,62.63
L2::P::local_range_180m_pct_le_1.7907+taker_imb_aligned_30m_ge_0.0733,pair,235,8.103,26,25,11.06,21.14,10.64,13.98,9.15,14.53,7.63,111.64,109.37
L2::P::local_range_180m_pct_le_1.7907+taker_imb_aligned_30m_ge_0.0733::top1,pair+top1,29,1.0,2,2,6.9,1.63,6.9,7.14,6.67,8.33,5.88,194.25,194.25
L2::P::local_range_180m_pct_le_1.7907+taker_imb_aligned_30m_le_0.0733,pair,496,17.103,77,64,15.52,62.6,12.9,17.86,13.6,15.83,15.23,96.02,85.95
L2::P::local_range_180m_pct_le_1.7907+taker_imb_aligned_30m_le_0.0733::top1,pair+top1,29,1.0,6,3,20.69,4.88,10.34,14.29,26.67,33.33,11.76,103.92,98.96
L2::P::local_range_180m_pct_ge_1.0518+local_range_30m_pct_ge_0.4406,pair,614,21.172,55,90,8.96,44.72,14.66,10.39,7.22,10.51,7.52,93.95,86.42
L2::P::local_range_180m_pct_ge_1.0518+local_range_30m_pct_ge_0.4406::top1,pair+top1,28,0.966,1,3,3.57,0.81,10.71,7.14,0.0,8.33,0.0,101.07,101.07
L2::P::local_range_180m_pct_ge_1.0518+local_range_30m_pct_le_0.4406,pair,119,4.103,14,17,11.76,11.38,14.29,15.0,10.13,13.64,9.43,120.09,121.05
L2::P::local_range_180m_pct_ge_1.0518+local_range_30m_pct_le_0.4406::top1,pair+top1,28,0.966,5,2,17.86,4.07,7.14,15.38,20.0,16.67,20.0,156.22,190.22
L2::P::local_range_180m_pct_ge_1.0518+local_range_30m_pct_ge_0.5848,pair,472,16.276,38,70,8.05,30.89,14.83,8.92,6.9,9.5,6.77,94.35,81.41
L2::P::local_range_180m_pct_ge_1.0518+local_range_30m_pct_ge_0.5848::top1,pair+top1,28,0.966,0,3,0.0,0.0,10.71,0.0,0.0,0.0,0.0,,
L2::P::local_range_180m_pct_ge_1.0518+local_range_30m_pct_le_0.5848,pair,260,8.966,31,37,11.92,25.2,14.23,15.74,9.21,13.67,9.92,105.25,117.75
L2::P::local_range_180m_pct_ge_1.0518+local_range_30m_pct_le_0.5848::top1,pair+top1,29,1.0,2,4,6.9,1.63,13.79,7.14,6.67,15.38,0.0,145.64,145.64
L2::P::local_range_180m_pct_ge_1.0518+local_range_30m_pct_ge_0.7621,pair,304,10.483,21,44,6.91,17.07,14.47,7.73,5.69,7.09,6.75,87.6,71.68
L2::P::local_range_180m_pct_ge_1.0518+local_range_30m_pct_ge_0.7621::top1,pair+top1,27,0.931,1,1,3.7,0.81,3.7,0.0,7.69,6.25,0.0,166.8,166.8
L2::P::local_range_180m_pct_ge_1.0518+local_range_30m_pct_le_0.7621,pair,430,14.828,48,63,11.16,39.02,14.65,13.78,8.97,13.57,8.61,104.35,105.09
L2::P::local_range_180m_pct_ge_1.0518+local_range_30m_pct_le_0.7621::top1,pair+top1,29,1.0,2,3,6.9,1.63,10.34,7.14,6.67,10.0,5.26,125.11,125.11
L2::P::local_range_180m_pct_le_1.0518+local_range_30m_pct_ge_0.4406,pair,119,4.103,22,16,18.49,17.89,13.45,27.08,12.68,19.61,17.65,74.93,49.8
L2::P::local_range_180m_pct_le_1.0518+local_range_30m_pct_ge_0.4406::top1,pair+top1,27,0.931,10,0,37.04,8.13,0.0,50.0,26.67,50.0,26.67,84.44,49.8
L2::P::local_range_180m_pct_le_1.0518+local_range_30m_pct_le_0.4406,pair,196,6.759,32,16,16.33,26.02,8.16,16.05,16.52,13.13,19.59,105.06,98.73
L2::P::local_range_180m_pct_le_1.0518+local_range_30m_pct_le_0.4406::top1,pair+top1,28,0.966,6,3,21.43,4.88,10.71,30.77,13.33,16.67,25.0,118.64,114.46
L2::P::local_range_180m_pct_le_1.0518+local_range_30m_pct_ge_0.5848,pair,50,1.724,15,6,30.0,12.2,12.0,42.31,16.67,37.5,23.08,77.75,47.12
L2::P::local_range_180m_pct_le_1.0518+local_range_30m_pct_ge_0.5848::top1,pair+top1,22,0.759,8,1,36.36,6.5,4.55,54.55,18.18,50.0,25.0,81.61,49.8
L2::P::local_range_180m_pct_le_1.0518+local_range_30m_pct_le_0.5848,pair,266,9.172,39,26,14.66,31.71,9.77,14.56,14.72,11.11,17.86,98.57,87.97
L2::P::local_range_180m_pct_le_1.0518+local_range_30m_pct_le_0.5848::top1,pair+top1,28,0.966,7,1,25.0,5.69,3.57,30.77,20.0,25.0,25.0,109.83,87.97
L2::P::local_range_180m_pct_le_1.0518+local_range_30m_pct_ge_0.7621,pair,11,0.379,2,3,18.18,1.63,27.27,33.33,0.0,33.33,0.0,174.05,174.05
L2::P::local_range_180m_pct_le_1.0518+local_range_30m_pct_ge_0.7621::top1,pair+top1,6,0.207,1,2,16.67,0.81,33.33,33.33,0.0,50.0,0.0,175.55,175.55
L2::P::local_range_180m_pct_le_1.0518+local_range_30m_pct_le_0.7621,pair,304,10.483,52,29,17.11,42.28,9.54,19.51,15.47,14.58,19.38,89.66,63.26
L2::P::local_range_180m_pct_le_1.0518+local_range_30m_pct_le_0.7621::top1,pair+top1,28,0.966,9,1,32.14,7.32,3.57,38.46,26.67,40.0,27.78,94.9,60.88
L2::P::local_range_180m_pct_ge_1.384+local_range_30m_pct_ge_0.4406,pair,465,16.034,35,65,7.53,28.46,13.98,9.56,4.66,7.76,7.32,71.52,63.5
L2::P::local_range_180m_pct_ge_1.384+local_range_30m_pct_ge_0.4406::top1,pair+top1,28,0.966,0,1,0.0,0.0,3.57,0.0,0.0,0.0,0.0,,
L2::P::local_range_180m_pct_ge_1.384+local_range_30m_pct_le_0.4406,pair,57,1.966,3,13,5.26,2.44,22.81,4.17,6.06,8.57,0.0,96.68,79.37
L2::P::local_range_180m_pct_ge_1.384+local_range_30m_pct_le_0.4406::top1,pair+top1,20,0.69,2,4,10.0,1.63,20.0,10.0,10.0,13.33,0.0,142.78,142.78
L2::P::local_range_180m_pct_ge_1.384+local_range_30m_pct_ge_0.5848,pair,373,12.862,26,55,6.97,21.14,14.75,7.96,5.44,8.38,5.83,66.54,58.34
L2::P::local_range_180m_pct_ge_1.384+local_range_30m_pct_ge_0.5848::top1,pair+top1,27,0.931,0,2,0.0,0.0,7.41,0.0,0.0,0.0,0.0,,
L2::P::local_range_180m_pct_ge_1.384+local_range_30m_pct_le_0.5848,pair,149,5.138,12,23,8.05,9.76,15.44,12.86,3.8,6.9,9.68,88.6,100.86
L2::P::local_range_180m_pct_ge_1.384+local_range_30m_pct_le_0.5848::top1,pair+top1,25,0.862,3,3,12.0,2.44,12.0,16.67,7.69,7.69,16.67,123.07,141.23
L2::P::local_range_180m_pct_ge_1.384+local_range_30m_pct_ge_0.7621,pair,256,8.828,15,37,5.86,12.2,14.45,7.01,4.04,5.22,6.38,56.07,53.18
L2::P::local_range_180m_pct_ge_1.384+local_range_30m_pct_ge_0.7621::top1,pair+top1,25,0.862,0,3,0.0,0.0,12.0,0.0,0.0,0.0,0.0,,
L2::P::local_range_180m_pct_ge_1.384+local_range_30m_pct_le_0.7621,pair,268,9.241,23,41,8.58,18.7,15.3,11.51,5.43,9.93,7.09,84.88,79.37
L2::P::local_range_180m_pct_ge_1.384+local_range_30m_pct_le_0.7621::top1,pair+top1,27,0.931,3,1,11.11,2.44,3.7,15.38,7.14,8.33,13.33,125.71,149.15
L2::P::local_range_180m_pct_le_1.384+local_range_30m_pct_ge_0.4406,pair,267,9.207,42,41,15.73,34.15,15.36,19.3,13.07,19.05,12.77,102.67,83.71
L2::P::local_range_180m_pct_le_1.384+local_range_30m_pct_ge_0.4406::top1,pair+top1,29,1.0,8,2,27.59,6.5,6.9,28.57,26.67,33.33,21.43,117.97,122.08
L2::P::local_range_180m_pct_le_1.384+local_range_30m_pct_le_0.4406,pair,256,8.828,43,20,16.8,34.96,7.81,18.56,15.72,14.73,18.9,110.54,111.33
L2::P::local_range_180m_pct_le_1.384+local_range_30m_pct_le_0.4406::top1,pair+top1,29,1.0,5,3,17.24,4.07,10.34,21.43,13.33,16.67,17.65,136.87,140.95
L2::P::local_range_180m_pct_le_1.384+local_range_30m_pct_ge_0.5848,pair,150,5.172,27,21,18.0,21.95,14.0,24.29,12.5,20.51,15.28,111.91,88.78
L2::P::local_range_180m_pct_le_1.384+local_range_30m_pct_ge_0.5848::top1,pair+top1,28,0.966,5,3,17.86,4.07,10.71,23.08,13.33,22.22,10.0,118.96,143.08
L2::P::local_range_180m_pct_le_1.384+local_range_30m_pct_le_0.5848,pair,373,12.862,58,40,15.55,47.15,10.72,16.31,15.09,15.34,15.74,104.2,94.81
L2::P::local_range_180m_pct_le_1.384+local_range_30m_pct_le_0.5848::top1,pair+top1,29,1.0,6,2,20.69,4.88,6.9,21.43,20.0,28.57,18.18,123.55,114.46
L2::P::local_range_180m_pct_le_1.384+local_range_30m_pct_ge_0.7621,pair,59,2.034,8,10,13.56,6.5,16.95,16.67,10.34,18.75,7.41,168.33,174.05
L2::P::local_range_180m_pct_le_1.384+local_range_30m_pct_ge_0.7621::top1,pair+top1,20,0.69,2,3,10.0,1.63,15.0,9.09,11.11,20.0,0.0,171.18,171.18
L2::P::local_range_180m_pct_le_1.384+local_range_30m_pct_le_0.7621,pair,463,15.966,77,51,16.63,62.6,11.02,19.34,14.89,16.67,16.6,100.24,88.15
L2::P::local_range_180m_pct_le_1.384+local_range_30m_pct_le_0.7621::top1,pair+top1,29,1.0,8,2,27.59,6.5,6.9,35.71,20.0,30.0,26.32,101.57,74.42
L2::P::local_range_180m_pct_ge_1.7907+local_range_30m_pct_ge_0.4406,pair,291,10.034,19,40,6.53,15.45,13.75,7.57,4.72,5.15,7.74,82.0,63.5
L2::P::local_range_180m_pct_ge_1.7907+local_range_30m_pct_ge_0.4406::top1,pair+top1,23,0.793,0,1,0.0,0.0,4.35,0.0,0.0,0.0,0.0,,
L2::P::local_range_180m_pct_ge_1.7907+local_range_30m_pct_le_0.4406,pair,26,0.897,1,10,3.85,0.81,38.46,0.0,5.56,6.25,0.0,4.47,4.47
L2::P::local_range_180m_pct_ge_1.7907+local_range_30m_pct_le_0.4406::top1,pair+top1,12,0.414,0,4,0.0,0.0,33.33,0.0,0.0,0.0,0.0,,
L2::P::local_range_180m_pct_ge_1.7907+local_range_30m_pct_ge_0.5848,pair,244,8.414,13,33,5.33,10.57,13.52,4.97,6.02,4.76,5.76,73.79,63.5
L2::P::local_range_180m_pct_ge_1.7907+local_range_30m_pct_ge_0.5848::top1,pair+top1,22,0.759,0,1,0.0,0.0,4.55,0.0,0.0,0.0,0.0,,
L2::P::local_range_180m_pct_ge_1.7907+local_range_30m_pct_le_0.5848,pair,73,2.517,7,17,9.59,5.69,23.29,18.75,2.44,6.38,15.38,86.18,122.35
L2::P::local_range_180m_pct_ge_1.7907+local_range_30m_pct_le_0.5848::top1,pair+top1,18,0.621,2,3,11.11,1.63,16.67,25.0,0.0,0.0,20.0,86.59,86.59
L2::P::local_range_180m_pct_ge_1.7907+local_range_30m_pct_ge_0.7621,pair,198,6.828,10,25,5.05,8.13,12.63,5.34,4.48,4.49,5.5,61.33,58.34
L2::P::local_range_180m_pct_ge_1.7907+local_range_30m_pct_ge_0.7621::top1,pair+top1,21,0.724,1,1,4.76,0.81,4.76,0.0,11.11,0.0,8.33,53.18,53.18
L2::P::local_range_180m_pct_ge_1.7907+local_range_30m_pct_le_0.7621,pair,121,4.172,10,25,8.26,8.13,20.66,11.29,5.08,6.15,10.71,94.92,102.08
L2::P::local_range_180m_pct_ge_1.7907+local_range_30m_pct_le_0.7621::top1,pair+top1,22,0.759,2,1,9.09,1.63,4.55,18.18,0.0,0.0,20.0,86.59,86.59
L2::P::local_range_180m_pct_le_1.7907+local_range_30m_pct_ge_0.4406,pair,444,15.31,58,66,13.06,47.15,14.86,16.67,10.0,16.19,10.26,90.65,74.31
L2::P::local_range_180m_pct_le_1.7907+local_range_30m_pct_ge_0.4406::top1,pair+top1,29,1.0,5,2,17.24,4.07,6.9,14.29,20.0,25.0,11.76,115.35,101.07
L2::P::local_range_180m_pct_le_1.7907+local_range_30m_pct_le_0.4406,pair,287,9.897,45,23,15.68,36.59,8.01,16.81,14.94,14.19,17.27,111.97,111.33
L2::P::local_range_180m_pct_le_1.7907+local_range_30m_pct_le_0.4406::top1,pair+top1,29,1.0,4,3,13.79,3.25,10.34,14.29,13.33,15.38,12.5,149.09,165.27
L2::P::local_range_180m_pct_le_1.7907+local_range_30m_pct_ge_0.5848,pair,282,9.724,40,43,14.18,32.52,15.25,19.57,9.03,17.73,10.64,94.81,81.0
L2::P::local_range_180m_pct_le_1.7907+local_range_30m_pct_ge_0.5848::top1,pair+top1,29,1.0,3,4,10.34,2.44,13.79,14.29,6.67,17.65,0.0,99.82,71.68
L2::P::local_range_180m_pct_le_1.7907+local_range_30m_pct_le_0.5848,pair,449,15.483,63,46,14.03,51.22,10.24,14.53,13.7,13.89,14.16,103.23,92.63
L2::P::local_range_180m_pct_le_1.7907+local_range_30m_pct_le_0.5848::top1,pair+top1,29,1.0,5,2,17.24,4.07,6.9,14.29,20.0,22.22,15.0,130.67,140.95
L2::P::local_range_180m_pct_le_1.7907+local_range_30m_pct_ge_0.7621,pair,119,4.103,13,22,10.92,10.57,18.49,15.52,6.56,13.79,8.2,121.11,100.98
L2::P::local_range_180m_pct_le_1.7907+local_range_30m_pct_ge_0.7621::top1,pair+top1,27,0.931,2,3,7.41,1.63,11.11,7.14,7.69,15.38,0.0,119.24,119.24
L2::P::local_range_180m_pct_le_1.7907+local_range_30m_pct_le_0.7621,pair,611,21.069,90,67,14.73,73.17,10.97,16.99,13.07,15.72,13.78,96.91,87.97
L2::P::local_range_180m_pct_le_1.7907+local_range_30m_pct_le_0.7621::top1,pair+top1,29,1.0,5,3,17.24,4.07,10.34,14.29,20.0,30.0,10.53,123.06,140.95
L2::P::local_range_180m_pct_ge_1.0518+conf_opposite_thinning_ge_0.4997,pair,522,18.0,41,76,7.85,33.33,14.56,8.55,7.11,9.84,5.97,113.55,109.12
L2::P::local_range_180m_pct_ge_1.0518+conf_opposite_thinning_ge_0.4997::top1,pair+top1,29,1.0,0,3,0.0,0.0,10.34,0.0,0.0,0.0,0.0,,
L2::P::local_range_180m_pct_ge_1.0518+conf_opposite_thinning_le_0.4997,pair,211,7.276,28,31,13.27,22.76,14.69,16.51,9.8,14.15,12.38,78.31,81.0
L2::P::local_range_180m_pct_ge_1.0518+conf_opposite_thinning_le_0.4997::top1,pair+top1,29,1.0,2,5,6.9,1.63,17.24,7.14,6.67,12.5,0.0,145.64,145.64
L2::P::local_range_180m_pct_ge_1.0518+conf_opposite_thinning_ge_0.5003,pair,363,12.517,31,49,8.54,25.2,13.5,9.09,8.02,11.7,5.73,128.96,122.97
L2::P::local_range_180m_pct_ge_1.0518+conf_opposite_thinning_ge_0.5003::top1,pair+top1,29,1.0,2,2,6.9,1.63,6.9,14.29,0.0,20.0,0.0,112.72,112.72
L2::P::local_range_180m_pct_ge_1.0518+conf_opposite_thinning_le_0.5003,pair,370,12.759,38,58,10.27,30.89,15.68,12.38,7.74,10.53,10.0,75.01,78.97
L2::P::local_range_180m_pct_ge_1.0518+conf_opposite_thinning_le_0.5003::top1,pair+top1,29,1.0,2,4,6.9,1.63,13.79,7.14,6.67,12.5,0.0,145.64,145.64
L2::P::local_range_180m_pct_ge_1.0518+conf_opposite_thinning_ge_0.5008,pair,205,7.069,20,25,9.76,16.26,12.2,11.21,8.16,13.4,6.48,136.53,132.1
L2::P::local_range_180m_pct_ge_1.0518+conf_opposite_thinning_ge_0.5008::top1,pair+top1,29,1.0,2,2,6.9,1.63,6.9,14.29,0.0,18.18,0.0,138.94,138.94
L2::P::local_range_180m_pct_ge_1.0518+conf_opposite_thinning_le_0.5008,pair,529,18.241,49,82,9.26,39.84,15.5,10.66,7.78,10.27,8.27,84.03,81.82
L2::P::local_range_180m_pct_ge_1.0518+conf_opposite_thinning_le_0.5008::top1,pair+top1,29,1.0,1,3,3.45,0.81,10.34,7.14,0.0,7.14,0.0,101.07,101.07
L2::P::local_range_180m_pct_le_1.0518+conf_opposite_thinning_ge_0.4997,pair,212,7.31,38,22,17.92,30.89,10.38,20.0,16.54,18.63,17.27,89.42,60.69
L2::P::local_range_180m_pct_le_1.0518+conf_opposite_thinning_ge_0.4997::top1,pair+top1,28,0.966,7,3,25.0,5.69,10.71,30.77,20.0,30.77,20.0,99.83,63.88
L2::P::local_range_180m_pct_le_1.0518+conf_opposite_thinning_le_0.4997,pair,103,3.552,16,10,15.53,13.01,9.71,20.45,11.86,8.33,21.82,100.78,90.3
L2::P::local_range_180m_pct_le_1.0518+conf_opposite_thinning_le_0.4997::top1,pair+top1,26,0.897,8,0,30.77,6.5,0.0,38.46,23.08,21.43,41.67,77.83,58.93
L2::P::local_range_180m_pct_le_1.0518+conf_opposite_thinning_ge_0.5003,pair,161,5.552,32,18,19.88,26.02,11.18,23.19,17.39,18.42,21.18,90.11,57.73
L2::P::local_range_180m_pct_le_1.0518+conf_opposite_thinning_ge_0.5003::top1,pair+top1,28,0.966,7,2,25.0,5.69,7.14,30.77,20.0,33.33,18.75,101.07,51.23
L2::P::local_range_180m_pct_le_1.0518+conf_opposite_thinning_le_0.5003,pair,154,5.31,22,14,14.29,17.89,9.09,16.67,12.77,12.16,16.25,96.68,87.97
L2::P::local_range_180m_pct_le_1.0518+conf_opposite_thinning_le_0.5003::top1,pair+top1,28,0.966,9,0,32.14,7.32,0.0,38.46,26.67,28.57,35.71,79.42,56.98
L2::P::local_range_180m_pct_le_1.0518+conf_opposite_thinning_ge_0.5008,pair,111,3.828,19,10,17.12,15.45,9.01,19.15,15.62,17.65,16.67,94.4,62.63
L2::P::local_range_180m_pct_le_1.0518+conf_opposite_thinning_ge_0.5008::top1,pair+top1,27,0.931,8,1,29.63,6.5,3.7,25.0,33.33,44.44,22.22,89.34,38.28
L2::P::local_range_180m_pct_le_1.0518+conf_opposite_thinning_le_0.5008,pair,204,7.034,35,22,17.16,28.46,10.78,20.73,14.75,14.14,20.0,91.91,80.02
L2::P::local_range_180m_pct_le_1.0518+conf_opposite_thinning_le_0.5008::top1,pair+top1,28,0.966,8,1,28.57,6.5,3.57,38.46,20.0,25.0,31.25,101.0,74.42
L2::P::local_range_180m_pct_ge_1.384+conf_opposite_thinning_ge_0.4997,pair,379,13.069,24,61,6.33,19.51,16.09,7.69,4.68,6.52,6.15,81.3,67.59
L2::P::local_range_180m_pct_ge_1.384+conf_opposite_thinning_ge_0.4997::top1,pair+top1,28,0.966,1,1,3.57,0.81,3.57,7.14,0.0,9.09,0.0,206.2,206.2
L2::P::local_range_180m_pct_ge_1.384+conf_opposite_thinning_le_0.4997,pair,143,4.931,14,17,9.79,11.38,11.89,12.5,5.45,11.43,8.22,60.14,47.25
L2::P::local_range_180m_pct_ge_1.384+conf_opposite_thinning_le_0.4997::top1,pair+top1,25,0.862,2,2,8.0,1.63,8.0,0.0,18.18,0.0,16.67,45.63,45.63
L2::P::local_range_180m_pct_ge_1.384+conf_opposite_thinning_ge_0.5003,pair,257,8.862,17,38,6.61,13.82,14.79,8.27,4.84,7.5,5.84,97.71,81.82
L2::P::local_range_180m_pct_ge_1.384+conf_opposite_thinning_ge_0.5003::top1,pair+top1,27,0.931,2,0,7.41,1.63,0.0,15.38,0.0,16.67,0.0,112.72,112.72
L2::P::local_range_180m_pct_ge_1.384+conf_opposite_thinning_le_0.5003,pair,266,9.172,21,40,7.89,17.07,15.04,9.76,4.9,8.15,7.63,53.92,41.32
L2::P::local_range_180m_pct_ge_1.384+conf_opposite_thinning_le_0.5003::top1,pair+top1,27,0.931,2,2,7.41,1.63,7.41,0.0,15.38,0.0,11.76,45.63,45.63
L2::P::local_range_180m_pct_ge_1.384+conf_opposite_thinning_ge_0.5008,pair,138,4.759,11,19,7.97,8.94,13.77,11.54,3.33,7.81,8.11,105.24,109.12
L2::P::local_range_180m_pct_ge_1.384+conf_opposite_thinning_ge_0.5008::top1,pair+top1,25,0.862,3,0,12.0,2.44,0.0,27.27,0.0,25.0,0.0,130.68,114.15
L2::P::local_range_180m_pct_ge_1.384+conf_opposite_thinning_le_0.5008,pair,386,13.31,27,59,6.99,21.95,15.28,8.18,5.42,7.89,6.12,60.58,53.18
L2::P::local_range_180m_pct_ge_1.384+conf_opposite_thinning_le_0.5008::top1,pair+top1,27,0.931,0,2,0.0,0.0,7.41,0.0,0.0,0.0,0.0,,
L2::P::local_range_180m_pct_le_1.384+conf_opposite_thinning_ge_0.4997,pair,353,12.172,55,37,15.58,44.72,10.48,16.33,15.05,18.71,12.64,110.95,104.83
L2::P::local_range_180m_pct_le_1.384+conf_opposite_thinning_ge_0.4997::top1,pair+top1,29,1.0,6,3,20.69,4.88,10.34,28.57,13.33,25.0,17.65,109.54,102.41
L2::P::local_range_180m_pct_le_1.384+conf_opposite_thinning_le_0.4997,pair,170,5.862,30,24,17.65,24.39,14.12,24.62,13.33,13.25,21.84,98.77,88.06
L2::P::local_range_180m_pct_le_1.384+conf_opposite_thinning_le_0.4997::top1,pair+top1,29,1.0,9,2,31.03,7.32,6.9,35.71,26.67,26.67,35.71,96.31,87.97
L2::P::local_range_180m_pct_le_1.384+conf_opposite_thinning_ge_0.5003,pair,266,9.172,46,29,17.29,37.4,10.9,18.58,16.34,19.84,15.0,113.48,108.08
L2::P::local_range_180m_pct_le_1.384+conf_opposite_thinning_ge_0.5003::top1,pair+top1,29,1.0,5,3,17.24,4.07,10.34,21.43,13.33,27.27,11.11,124.35,140.95
L2::P::local_range_180m_pct_le_1.384+conf_opposite_thinning_le_0.5003,pair,256,8.828,39,32,15.23,31.71,12.5,19.39,12.66,14.06,16.41,98.59,87.97
L2::P::local_range_180m_pct_le_1.384+conf_opposite_thinning_le_0.5003::top1,pair+top1,29,1.0,9,2,31.03,7.32,6.9,35.71,26.67,26.67,35.71,105.64,87.97
L2::P::local_range_180m_pct_le_1.384+conf_opposite_thinning_ge_0.5008,pair,178,6.138,28,16,15.73,22.76,8.99,15.58,15.84,20.48,11.58,120.23,113.9
L2::P::local_range_180m_pct_le_1.384+conf_opposite_thinning_ge_0.5008::top1,pair+top1,29,1.0,8,2,27.59,6.5,6.9,21.43,33.33,36.36,22.22,102.03,89.05
L2::P::local_range_180m_pct_le_1.384+conf_opposite_thinning_le_0.5008,pair,344,11.862,57,45,16.57,46.34,13.08,20.9,13.81,15.2,17.92,99.98,87.97
L2::P::local_range_180m_pct_le_1.384+conf_opposite_thinning_le_0.5008::top1,pair+top1,29,1.0,9,2,31.03,7.32,6.9,42.86,20.0,28.57,33.33,101.01,87.97
L2::P::local_range_180m_pct_ge_1.7907+conf_opposite_thinning_ge_0.4997,pair,227,7.828,10,41,4.41,8.13,18.06,4.48,4.3,2.73,5.98,86.43,63.5
L2::P::local_range_180m_pct_ge_1.7907+conf_opposite_thinning_ge_0.4997::top1,pair+top1,23,0.793,0,1,0.0,0.0,4.35,0.0,0.0,0.0,0.0,,
L2::P::local_range_180m_pct_ge_1.7907+conf_opposite_thinning_le_0.4997,pair,90,3.103,10,9,11.11,8.13,10.0,13.56,6.45,11.9,10.42,69.82,70.28
L2::P::local_range_180m_pct_ge_1.7907+conf_opposite_thinning_le_0.4997::top1,pair+top1,21,0.724,2,1,9.52,1.63,4.76,8.33,11.11,0.0,16.67,92.75,92.75
L2::P::local_range_180m_pct_ge_1.7907+conf_opposite_thinning_ge_0.5003,pair,156,5.379,7,27,4.49,5.69,17.31,4.76,4.17,2.86,5.81,104.69,81.82
L2::P::local_range_180m_pct_ge_1.7907+conf_opposite_thinning_ge_0.5003::top1,pair+top1,23,0.793,0,0,0.0,0.0,0.0,0.0,0.0,0.0,0.0,,
L2::P::local_range_180m_pct_ge_1.7907+conf_opposite_thinning_le_0.5003,pair,161,5.552,13,23,8.07,10.57,14.29,9.17,5.77,7.32,8.86,63.82,63.5
L2::P::local_range_180m_pct_ge_1.7907+conf_opposite_thinning_le_0.5003::top1,pair+top1,21,0.724,1,1,4.76,0.81,4.76,0.0,11.11,0.0,9.09,53.18,53.18
L2::P::local_range_180m_pct_ge_1.7907+conf_opposite_thinning_ge_0.5008,pair,71,2.448,4,12,5.63,3.25,16.9,7.32,3.33,0.0,10.53,119.3,98.58
L2::P::local_range_180m_pct_ge_1.7907+conf_opposite_thinning_ge_0.5008::top1,pair+top1,19,0.655,1,2,5.26,0.81,10.53,11.11,0.0,0.0,7.69,40.87,40.87
L2::P::local_range_180m_pct_ge_1.7907+conf_opposite_thinning_le_0.5008,pair,246,8.483,16,38,6.5,13.01,15.45,7.24,5.32,6.72,6.3,67.83,63.5
L2::P::local_range_180m_pct_ge_1.7907+conf_opposite_thinning_le_0.5008::top1,pair+top1,22,0.759,0,2,0.0,0.0,9.09,0.0,0.0,0.0,0.0,,
L2::P::local_range_180m_pct_le_1.7907+conf_opposite_thinning_ge_0.4997,pair,507,17.483,69,57,13.61,56.1,11.24,15.25,12.32,16.73,10.69,104.19,96.98
L2::P::local_range_180m_pct_le_1.7907+conf_opposite_thinning_ge_0.4997::top1,pair+top1,29,1.0,5,4,17.24,4.07,13.79,21.43,13.33,27.27,11.11,124.44,140.95
L2::P::local_range_180m_pct_le_1.7907+conf_opposite_thinning_le_0.4997,pair,224,7.724,34,32,15.18,27.64,14.29,20.0,11.63,12.5,17.86,91.38,86.96
L2::P::local_range_180m_pct_le_1.7907+conf_opposite_thinning_le_0.4997::top1,pair+top1,29,1.0,6,2,20.69,4.88,6.9,14.29,26.67,25.0,15.38,111.6,96.85
L2::P::local_range_180m_pct_le_1.7907+conf_opposite_thinning_ge_0.5003,pair,368,12.69,56,40,15.22,45.53,10.87,17.18,13.66,18.18,12.5,109.79,106.97
L2::P::local_range_180m_pct_le_1.7907+conf_opposite_thinning_ge_0.5003::top1,pair+top1,29,1.0,5,3,17.24,4.07,10.34,21.43,13.33,33.33,5.88,121.19,140.95
L2::P::local_range_180m_pct_le_1.7907+conf_opposite_thinning_le_0.5003,pair,363,12.517,47,49,12.95,38.21,13.5,16.13,10.58,12.64,13.26,88.25,82.85
L2::P::local_range_180m_pct_le_1.7907+conf_opposite_thinning_le_0.5003::top1,pair+top1,29,1.0,5,3,17.24,4.07,10.34,7.14,26.67,27.27,11.11,141.97,176.55
L2::P::local_range_180m_pct_le_1.7907+conf_opposite_thinning_ge_0.5008,pair,245,8.448,35,23,14.29,28.46,9.39,15.79,12.98,19.3,9.92,115.63,109.12
L2::P::local_range_180m_pct_le_1.7907+conf_opposite_thinning_ge_0.5008::top1,pair+top1,29,1.0,6,3,20.69,4.88,10.34,14.29,26.67,33.33,11.76,134.96,190.26
L2::P::local_range_180m_pct_le_1.7907+conf_opposite_thinning_le_0.5008,pair,487,16.793,68,66,13.96,55.28,13.55,17.07,11.7,13.58,14.34,91.9,84.4
L2::P::local_range_180m_pct_le_1.7907+conf_opposite_thinning_le_0.5008::top1,pair+top1,29,1.0,6,3,20.69,4.88,10.34,21.43,20.0,30.77,12.5,118.64,121.01
L2::P::local_range_180m_pct_ge_1.0518+same_dir_zones_active_60m_ge_0.0,pair,732,25.241,69,107,9.43,56.1,14.62,10.88,7.89,11.11,7.8,99.25,88.15
L2::P::local_range_180m_pct_ge_1.0518+same_dir_zones_active_60m_ge_0.0::top1,pair+top1,29,1.0,1,3,3.45,0.81,10.34,7.14,0.0,8.33,0.0,101.07,101.07
L2::P::local_range_180m_pct_ge_1.0518+same_dir_zones_active_60m_le_0.0,pair,292,10.069,32,42,10.96,26.02,14.38,11.76,10.07,13.89,8.11,92.31,87.28
L2::P::local_range_180m_pct_ge_1.0518+same_dir_zones_active_60m_le_0.0::top1,pair+top1,29,1.0,1,3,3.45,0.81,10.34,7.14,0.0,8.33,0.0,19.25,19.25
L2::P::local_range_180m_pct_ge_1.0518+same_dir_zones_active_60m_ge_1.0,pair,440,15.172,37,65,8.41,30.08,14.77,10.27,6.48,9.26,7.59,105.25,88.78
L2::P::local_range_180m_pct_ge_1.0518+same_dir_zones_active_60m_ge_1.0::top1,pair+top1,29,1.0,1,2,3.45,0.81,6.9,7.14,0.0,6.25,0.0,101.07,101.07
L2::P::local_range_180m_pct_ge_1.0518+same_dir_zones_active_60m_le_1.0,pair,519,17.897,50,76,9.63,40.65,14.64,11.15,8.11,11.41,7.81,91.81,88.47
L2::P::local_range_180m_pct_ge_1.0518+same_dir_zones_active_60m_le_1.0::top1,pair+top1,29,1.0,1,5,3.45,0.81,17.24,7.14,0.0,8.33,0.0,101.07,101.07
L2::P::local_range_180m_pct_ge_1.0518+same_dir_zones_active_60m_ge_1.0,pair,440,15.172,37,65,8.41,30.08,14.77,10.27,6.48,9.26,7.59,105.25,88.78
L2::P::local_range_180m_pct_ge_1.0518+same_dir_zones_active_60m_ge_1.0::top1,pair+top1,29,1.0,1,2,3.45,0.81,6.9,7.14,0.0,6.25,0.0,101.07,101.07
L2::P::local_range_180m_pct_ge_1.0518+same_dir_zones_active_60m_le_1.0,pair,519,17.897,50,76,9.63,40.65,14.64,11.15,8.11,11.41,7.81,91.81,88.47
L2::P::local_range_180m_pct_ge_1.0518+same_dir_zones_active_60m_le_1.0::top1,pair+top1,29,1.0,1,5,3.45,0.81,17.24,7.14,0.0,8.33,0.0,101.07,101.07
L2::P::local_range_180m_pct_le_1.0518+same_dir_zones_active_60m_ge_0.0,pair,315,10.862,54,32,17.14,43.9,10.16,20.16,15.05,15.33,18.79,92.78,67.16
L2::P::local_range_180m_pct_le_1.0518+same_dir_zones_active_60m_ge_0.0::top1,pair+top1,28,0.966,9,1,32.14,7.32,3.57,38.46,26.67,40.0,27.78,94.9,60.88
L2::P::local_range_180m_pct_le_1.0518+same_dir_zones_active_60m_le_0.0,pair,156,5.379,27,19,17.31,21.95,12.18,22.58,13.83,15.07,19.28,98.79,87.97
L2::P::local_range_180m_pct_le_1.0518+same_dir_zones_active_60m_le_0.0::top1,pair+top1,28,0.966,10,2,35.71,8.13,7.14,38.46,33.33,30.0,38.89,109.75,75.92
L2::P::local_range_180m_pct_le_1.0518+same_dir_zones_active_60m_ge_1.0,pair,159,5.483,27,13,16.98,21.95,8.18,17.91,16.3,15.58,18.29,86.78,58.75
L2::P::local_range_180m_pct_le_1.0518+same_dir_zones_active_60m_ge_1.0::top1,pair+top1,28,0.966,8,0,28.57,6.5,0.0,30.77,26.67,26.67,30.77,54.09,40.44
L2::P::local_range_180m_pct_le_1.0518+same_dir_zones_active_60m_le_1.0,pair,271,9.345,46,30,16.97,37.4,11.07,21.1,14.2,16.54,17.39,97.81,75.22
L2::P::local_range_180m_pct_le_1.0518+same_dir_zones_active_60m_le_1.0::top1,pair+top1,28,0.966,10,2,35.71,8.13,7.14,38.46,33.33,44.44,31.58,104.5,74.42
L2::P::local_range_180m_pct_le_1.0518+same_dir_zones_active_60m_ge_1.0,pair,159,5.483,27,13,16.98,21.95,8.18,17.91,16.3,15.58,18.29,86.78,58.75
L2::P::local_range_180m_pct_le_1.0518+same_dir_zones_active_60m_ge_1.0::top1,pair+top1,28,0.966,8,0,28.57,6.5,0.0,30.77,26.67,26.67,30.77,54.09,40.44
L2::P::local_range_180m_pct_le_1.0518+same_dir_zones_active_60m_le_1.0,pair,271,9.345,46,30,16.97,37.4,11.07,21.1,14.2,16.54,17.39,97.81,75.22
L2::P::local_range_180m_pct_le_1.0518+same_dir_zones_active_60m_le_1.0::top1,pair+top1,28,0.966,10,2,35.71,8.13,7.14,38.46,33.33,44.44,31.58,104.5,74.42
L2::P::local_range_180m_pct_ge_1.384+same_dir_zones_active_60m_ge_0.0,pair,522,18.0,38,78,7.28,30.89,14.94,9.12,4.87,7.87,6.72,73.51,63.5
L2::P::local_range_180m_pct_ge_1.384+same_dir_zones_active_60m_ge_0.0::top1,pair+top1,28,0.966,1,1,3.57,0.81,3.57,7.14,0.0,8.33,0.0,206.2,206.2
L2::P::local_range_180m_pct_ge_1.384+same_dir_zones_active_60m_le_0.0,pair,202,6.966,18,30,8.91,14.63,14.85,10.43,6.9,11.54,6.12,68.97,58.34
L2::P::local_range_180m_pct_ge_1.384+same_dir_zones_active_60m_le_0.0::top1,pair+top1,28,0.966,2,3,7.14,1.63,10.71,14.29,0.0,14.29,0.0,112.72,112.72
L2::P::local_range_180m_pct_ge_1.384+same_dir_zones_active_60m_ge_1.0,pair,320,11.034,20,48,6.25,16.26,15.0,8.29,3.6,5.33,7.06,77.59,74.31
L2::P::local_range_180m_pct_ge_1.384+same_dir_zones_active_60m_ge_1.0::top1,pair+top1,25,0.862,1,1,4.0,0.81,4.0,7.69,0.0,9.09,0.0,71.68,71.68
L2::P::local_range_180m_pct_ge_1.384+same_dir_zones_active_60m_le_1.0,pair,360,12.414,27,55,7.5,21.95,15.28,9.28,5.42,9.19,5.71,68.02,53.18
L2::P::local_range_180m_pct_ge_1.384+same_dir_zones_active_60m_le_1.0::top1,pair+top1,28,0.966,1,2,3.57,0.81,7.14,7.14,0.0,9.09,0.0,206.2,206.2
L2::P::local_range_180m_pct_ge_1.384+same_dir_zones_active_60m_ge_1.0,pair,320,11.034,20,48,6.25,16.26,15.0,8.29,3.6,5.33,7.06,77.59,74.31
L2::P::local_range_180m_pct_ge_1.384+same_dir_zones_active_60m_ge_1.0::top1,pair+top1,25,0.862,1,1,4.0,0.81,4.0,7.69,0.0,9.09,0.0,71.68,71.68
L2::P::local_range_180m_pct_ge_1.384+same_dir_zones_active_60m_le_1.0,pair,360,12.414,27,55,7.5,21.95,15.28,9.28,5.42,9.19,5.71,68.02,53.18
L2::P::local_range_180m_pct_ge_1.384+same_dir_zones_active_60m_le_1.0::top1,pair+top1,28,0.966,1,2,3.57,0.81,7.14,7.14,0.0,9.09,0.0,206.2,206.2
L2::P::local_range_180m_pct_le_1.384+same_dir_zones_active_60m_ge_0.0,pair,522,18.0,85,61,16.28,69.11,11.69,18.96,14.47,16.93,15.67,106.65,92.63
L2::P::local_range_180m_pct_le_1.384+same_dir_zones_active_60m_ge_0.0::top1,pair+top1,29,1.0,8,2,27.59,6.5,6.9,35.71,20.0,30.0,26.32,101.57,74.42
L2::P::local_range_180m_pct_le_1.384+same_dir_zones_active_60m_le_0.0,pair,246,8.483,41,31,16.67,33.33,12.6,19.8,14.48,16.96,16.42,106.82,92.63
L2::P::local_range_180m_pct_le_1.384+same_dir_zones_active_60m_le_0.0::top1,pair+top1,29,1.0,9,3,31.03,7.32,10.34,35.71,26.67,33.33,30.0,114.98,87.97
L2::P::local_range_180m_pct_le_1.384+same_dir_zones_active_60m_ge_1.0,pair,276,9.517,44,30,15.94,35.77,10.87,18.18,14.46,16.9,14.93,106.49,94.92
L2::P::local_range_180m_pct_le_1.384+same_dir_zones_active_60m_ge_1.0::top1,pair+top1,29,1.0,9,1,31.03,7.32,3.45,28.57,33.33,40.0,21.43,72.15,43.65
L2::P::local_range_180m_pct_le_1.384+same_dir_zones_active_60m_le_1.0,pair,428,14.759,69,51,16.12,56.1,11.92,19.32,13.89,16.75,15.53,105.12,92.63
L2::P::local_range_180m_pct_le_1.384+same_dir_zones_active_60m_le_1.0::top1,pair+top1,29,1.0,9,3,31.03,7.32,10.34,35.71,26.67,33.33,30.0,111.5,87.97
L2::P::local_range_180m_pct_le_1.384+same_dir_zones_active_60m_ge_1.0,pair,276,9.517,44,30,15.94,35.77,10.87,18.18,14.46,16.9,14.93,106.49,94.92
L2::P::local_range_180m_pct_le_1.384+same_dir_zones_active_60m_ge_1.0::top1,pair+top1,29,1.0,9,1,31.03,7.32,3.45,28.57,33.33,40.0,21.43,72.15,43.65
L2::P::local_range_180m_pct_le_1.384+same_dir_zones_active_60m_le_1.0,pair,428,14.759,69,51,16.12,56.1,11.92,19.32,13.89,16.75,15.53,105.12,92.63
L2::P::local_range_180m_pct_le_1.384+same_dir_zones_active_60m_le_1.0::top1,pair+top1,29,1.0,9,3,31.03,7.32,10.34,35.71,26.67,33.33,30.0,111.5,87.97
L2::P::local_range_180m_pct_ge_1.7907+same_dir_zones_active_60m_ge_0.0,pair,317,10.931,20,50,6.31,16.26,15.77,7.25,4.84,5.26,7.27,78.12,63.5
L2::P::local_range_180m_pct_ge_1.7907+same_dir_zones_active_60m_ge_0.0::top1,pair+top1,23,0.793,0,1,0.0,0.0,4.35,0.0,0.0,0.0,0.0,,
L2::P::local_range_180m_pct_ge_1.7907+same_dir_zones_active_60m_le_0.0,pair,119,4.103,10,19,8.4,8.13,15.97,9.33,6.82,10.0,6.78,62.08,58.34
L2::P::local_range_180m_pct_ge_1.7907+same_dir_zones_active_60m_le_0.0::top1,pair+top1,23,0.793,1,4,4.35,0.81,17.39,0.0,9.09,0.0,9.09,53.18,53.18
L2::P::local_range_180m_pct_ge_1.7907+same_dir_zones_active_60m_ge_1.0,pair,198,6.828,10,31,5.05,8.13,15.66,5.93,3.75,2.17,7.55,94.17,84.59
L2::P::local_range_180m_pct_ge_1.7907+same_dir_zones_active_60m_ge_1.0::top1,pair+top1,21,0.724,1,1,4.76,0.81,4.76,8.33,0.0,0.0,8.33,132.32,132.32
L2::P::local_range_180m_pct_ge_1.7907+same_dir_zones_active_60m_le_1.0,pair,211,7.276,12,38,5.69,9.76,18.01,6.4,4.65,5.83,5.56,57.86,50.88
L2::P::local_range_180m_pct_ge_1.7907+same_dir_zones_active_60m_le_1.0::top1,pair+top1,23,0.793,0,2,0.0,0.0,8.7,0.0,0.0,0.0,0.0,,
L2::P::local_range_180m_pct_ge_1.7907+same_dir_zones_active_60m_ge_1.0,pair,198,6.828,10,31,5.05,8.13,15.66,5.93,3.75,2.17,7.55,94.17,84.59
L2::P::local_range_180m_pct_ge_1.7907+same_dir_zones_active_60m_ge_1.0::top1,pair+top1,21,0.724,1,1,4.76,0.81,4.76,8.33,0.0,0.0,8.33,132.32,132.32
L2::P::local_range_180m_pct_ge_1.7907+same_dir_zones_active_60m_le_1.0,pair,211,7.276,12,38,5.69,9.76,18.01,6.4,4.65,5.83,5.56,57.86,50.88
L2::P::local_range_180m_pct_ge_1.7907+same_dir_zones_active_60m_le_1.0::top1,pair+top1,23,0.793,0,2,0.0,0.0,8.7,0.0,0.0,0.0,0.0,,
L2::P::local_range_180m_pct_le_1.7907+same_dir_zones_active_60m_ge_0.0,pair,730,25.172,103,89,14.11,83.74,12.19,16.72,12.11,15.41,12.87,99.96,87.97
L2::P::local_range_180m_pct_le_1.7907+same_dir_zones_active_60m_ge_0.0::top1,pair+top1,29,1.0,5,3,17.24,4.07,10.34,14.29,20.0,30.0,10.53,123.06,140.95
L2::P::local_range_180m_pct_le_1.7907+same_dir_zones_active_60m_le_0.0,pair,329,11.345,49,42,14.89,39.84,12.77,17.73,12.77,15.92,13.95,102.05,88.15
L2::P::local_range_180m_pct_le_1.7907+same_dir_zones_active_60m_le_0.0::top1,pair+top1,29,1.0,8,4,27.59,6.5,13.79,28.57,26.67,33.33,25.0,118.36,102.41
L2::P::local_range_180m_pct_le_1.7907+same_dir_zones_active_60m_ge_1.0,pair,401,13.828,54,47,13.47,43.9,11.72,15.91,11.56,15.0,11.94,98.07,84.4
L2::P::local_range_180m_pct_le_1.7907+same_dir_zones_active_60m_ge_1.0::top1,pair+top1,29,1.0,5,1,17.24,4.07,3.45,14.29,20.0,28.57,6.67,73.76,43.65
L2::P::local_range_180m_pct_le_1.7907+same_dir_zones_active_60m_le_1.0,pair,578,19.931,84,68,14.53,68.29,11.76,17.89,12.05,15.75,13.29,99.95,88.47
L2::P::local_range_180m_pct_le_1.7907+same_dir_zones_active_60m_le_1.0::top1,pair+top1,29,1.0,7,4,24.14,5.69,13.79,21.43,26.67,37.5,19.05,123.87,140.95
L2::P::local_range_180m_pct_le_1.7907+same_dir_zones_active_60m_ge_1.0,pair,401,13.828,54,47,13.47,43.9,11.72,15.91,11.56,15.0,11.94,98.07,84.4
L2::P::local_range_180m_pct_le_1.7907+same_dir_zones_active_60m_ge_1.0::top1,pair+top1,29,1.0,5,1,17.24,4.07,3.45,14.29,20.0,28.57,6.67,73.76,43.65
L2::P::local_range_180m_pct_le_1.7907+same_dir_zones_active_60m_le_1.0,pair,578,19.931,84,68,14.53,68.29,11.76,17.89,12.05,15.75,13.29,99.95,88.47
L2::P::local_range_180m_pct_le_1.7907+same_dir_zones_active_60m_le_1.0::top1,pair+top1,29,1.0,7,4,24.14,5.69,13.79,21.43,26.67,37.5,19.05,123.87,140.95
L2::P::local_range_180m_pct_ge_1.0518+abs_prior_move_60m_pct_ge_0.2503,pair,592,20.414,52,83,8.78,42.28,14.02,10.44,6.88,9.38,8.22,85.41,82.33
L2::P::local_range_180m_pct_ge_1.0518+abs_prior_move_60m_pct_ge_0.2503::top1,pair+top1,29,1.0,0,3,0.0,0.0,10.34,0.0,0.0,0.0,0.0,,
L2::P::local_range_180m_pct_ge_1.0518+abs_prior_move_60m_pct_le_0.2503,pair,140,4.828,17,24,12.14,13.82,17.14,13.11,11.39,18.06,5.88,141.58,143.08
L2::P::local_range_180m_pct_ge_1.0518+abs_prior_move_60m_pct_le_0.2503::top1,pair+top1,27,0.931,4,1,14.81,3.25,3.7,21.43,7.69,21.43,7.69,107.22,125.11
L2::P::local_range_180m_pct_ge_1.0518+abs_prior_move_60m_pct_ge_0.4065,pair,460,15.862,36,65,7.83,29.27,14.13,10.57,4.67,6.98,8.57,67.47,58.34
L2::P::local_range_180m_pct_ge_1.0518+abs_prior_move_60m_pct_ge_0.4065::top1,pair+top1,29,1.0,1,3,3.45,0.81,10.34,7.14,0.0,5.26,0.0,206.2,206.2
L2::P::local_range_180m_pct_ge_1.0518+abs_prior_move_60m_pct_le_0.4065,pair,272,9.379,33,42,12.13,26.83,15.44,11.45,12.77,17.24,6.3,133.91,122.97
L2::P::local_range_180m_pct_ge_1.0518+abs_prior_move_60m_pct_le_0.4065::top1,pair+top1,28,0.966,2,3,7.14,1.63,10.71,7.14,7.14,10.0,5.56,125.11,125.11
L2::P::local_range_180m_pct_ge_1.0518+abs_prior_move_60m_pct_ge_0.612,pair,309,10.655,20,49,6.47,16.26,15.86,7.87,4.58,6.34,6.59,42.1,31.52
L2::P::local_range_180m_pct_ge_1.0518+abs_prior_move_60m_pct_ge_0.612::top1,pair+top1,25,0.862,0,2,0.0,0.0,8.0,0.0,0.0,0.0,0.0,,
L2::P::local_range_180m_pct_ge_1.0518+abs_prior_move_60m_pct_le_0.612,pair,424,14.621,49,58,11.56,39.84,13.68,13.57,9.78,14.16,8.78,122.58,122.35
L2::P::local_range_180m_pct_ge_1.0518+abs_prior_move_60m_pct_le_0.612::top1,pair+top1,29,1.0,2,4,6.9,1.63,13.79,7.14,6.67,11.11,5.0,125.11,125.11
L2::P::local_range_180m_pct_le_1.0518+abs_prior_move_60m_pct_ge_0.2503,pair,143,4.931,31,19,21.68,25.2,13.29,28.57,16.25,23.81,20.0,98.13,87.97
L2::P::local_range_180m_pct_le_1.0518+abs_prior_move_60m_pct_ge_0.2503::top1,pair+top1,26,0.897,8,3,30.77,6.5,11.54,41.67,21.43,40.0,25.0,83.89,54.1
L2::P::local_range_180m_pct_le_1.0518+abs_prior_move_60m_pct_le_0.2503,pair,173,5.966,23,13,13.29,18.7,7.51,12.12,14.02,9.09,17.65,85.59,62.63
L2::P::local_range_180m_pct_le_1.0518+abs_prior_move_60m_pct_le_0.2503::top1,pair+top1,27,0.931,7,2,25.93,5.69,7.41,25.0,26.67,30.77,21.43,97.31,60.88
L2::P::local_range_180m_pct_le_1.0518+abs_prior_move_60m_pct_ge_0.4065,pair,64,2.207,10,10,15.62,8.13,15.62,20.0,11.76,21.43,11.11,134.19,156.5
L2::P::local_range_180m_pct_le_1.0518+abs_prior_move_60m_pct_ge_0.4065::top1,pair+top1,23,0.793,4,3,17.39,3.25,13.04,20.0,15.38,22.22,14.29,149.1,162.87
L2::P::local_range_180m_pct_le_1.0518+abs_prior_move_60m_pct_le_0.4065,pair,252,8.69,44,22,17.46,35.77,8.73,20.2,15.69,13.93,20.77,83.38,59.81
L2::P::local_range_180m_pct_le_1.0518+abs_prior_move_60m_pct_le_0.4065::top1,pair+top1,28,0.966,9,1,32.14,7.32,3.57,38.46,26.67,36.36,29.41,94.9,60.88
L2::P::local_range_180m_pct_le_1.0518+abs_prior_move_60m_pct_ge_0.612,pair,5,0.172,1,3,20.0,0.81,60.0,33.33,0.0,100.0,0.0,47.12,47.12
L2::P::local_range_180m_pct_le_1.0518+abs_prior_move_60m_pct_ge_0.612::top1,pair+top1,3,0.103,1,1,33.33,0.81,33.33,100.0,0.0,100.0,0.0,47.12,47.12
L2::P::local_range_180m_pct_le_1.0518+abs_prior_move_60m_pct_le_0.612,pair,310,10.69,53,29,17.1,43.09,9.35,19.84,15.22,14.77,19.25,93.65,70.43
L2::P::local_range_180m_pct_le_1.0518+abs_prior_move_60m_pct_le_0.612::top1,pair+top1,28,0.966,9,1,32.14,7.32,3.57,38.46,26.67,40.0,27.78,94.9,60.88
L2::P::local_range_180m_pct_ge_1.384+abs_prior_move_60m_pct_ge_0.2503,pair,442,15.241,30,62,6.79,24.39,14.03,8.91,3.8,6.7,6.87,66.65,44.95
L2::P::local_range_180m_pct_ge_1.384+abs_prior_move_60m_pct_ge_0.2503::top1,pair+top1,28,0.966,1,3,3.57,0.81,10.71,7.14,0.0,7.69,0.0,206.2,206.2
L2::P::local_range_180m_pct_ge_1.384+abs_prior_move_60m_pct_le_0.2503,pair,80,2.759,8,16,10.0,6.5,20.0,10.53,9.52,13.33,5.71,99.23,94.25
L2::P::local_range_180m_pct_ge_1.384+abs_prior_move_60m_pct_le_0.2503::top1,pair+top1,23,0.793,4,2,17.39,3.25,8.7,25.0,9.09,18.75,14.29,86.84,90.4
L2::P::local_range_180m_pct_ge_1.384+abs_prior_move_60m_pct_ge_0.4065,pair,371,12.793,26,52,7.01,21.14,14.02,9.13,3.95,6.4,7.54,53.9,40.85
L2::P::local_range_180m_pct_ge_1.384+abs_prior_move_60m_pct_ge_0.4065::top1,pair+top1,28,0.966,1,3,3.57,0.81,10.71,7.14,0.0,8.33,0.0,206.2,206.2
L2::P::local_range_180m_pct_ge_1.384+abs_prior_move_60m_pct_le_0.4065,pair,151,5.207,12,26,7.95,9.76,17.22,9.09,6.76,10.98,4.35,115.98,118.25
L2::P::local_range_180m_pct_ge_1.384+abs_prior_move_60m_pct_le_0.4065::top1,pair+top1,24,0.828,2,1,8.33,1.63,4.17,7.69,9.09,8.33,8.33,110.42,110.42
L2::P::local_range_180m_pct_ge_1.384+abs_prior_move_60m_pct_ge_0.612,pair,269,9.276,15,39,5.58,12.2,14.5,6.17,4.67,4.84,6.21,33.04,19.25
L2::P::local_range_180m_pct_ge_1.384+abs_prior_move_60m_pct_ge_0.612::top1,pair+top1,25,0.862,0,2,0.0,0.0,8.0,0.0,0.0,0.0,0.0,,
L2::P::local_range_180m_pct_ge_1.384+abs_prior_move_60m_pct_le_0.612,pair,254,8.759,23,39,9.06,18.7,15.35,12.69,5.0,10.69,7.32,99.9,100.98
L2::P::local_range_180m_pct_ge_1.384+abs_prior_move_60m_pct_le_0.612::top1,pair+top1,28,0.966,3,2,10.71,2.44,7.14,14.29,7.14,15.38,6.67,142.34,149.15
L2::P::local_range_180m_pct_le_1.384+abs_prior_move_60m_pct_ge_0.2503,pair,290,10.0,53,40,18.28,43.09,13.79,22.95,14.88,20.0,16.67,103.47,88.78
L2::P::local_range_180m_pct_le_1.384+abs_prior_move_60m_pct_ge_0.2503::top1,pair+top1,29,1.0,8,4,27.59,6.5,13.79,28.57,26.67,30.77,25.0,101.77,72.47
L2::P::local_range_180m_pct_le_1.384+abs_prior_move_60m_pct_le_0.2503,pair,233,8.034,32,21,13.73,26.02,9.01,13.48,13.89,13.04,14.41,111.93,106.2
L2::P::local_range_180m_pct_le_1.384+abs_prior_move_60m_pct_le_0.2503::top1,pair+top1,28,0.966,6,2,21.43,4.88,7.14,23.08,20.0,27.27,17.65,106.6,100.91
L2::P::local_range_180m_pct_le_1.384+abs_prior_move_60m_pct_ge_0.4065,pair,152,5.241,20,23,13.16,16.26,15.13,20.69,8.51,14.49,12.05,118.47,101.19
L2::P::local_range_180m_pct_le_1.384+abs_prior_move_60m_pct_ge_0.4065::top1,pair+top1,27,0.931,2,5,7.41,1.63,18.52,16.67,0.0,12.5,0.0,111.34,111.34
L2::P::local_range_180m_pct_le_1.384+abs_prior_move_60m_pct_le_0.4065,pair,371,12.793,65,38,17.52,52.85,10.24,18.3,16.97,17.84,17.2,103.01,88.15
L2::P::local_range_180m_pct_le_1.384+abs_prior_move_60m_pct_le_0.4065::top1,pair+top1,29,1.0,8,2,27.59,6.5,6.9,35.71,20.0,27.27,27.78,101.57,74.42
L2::P::local_range_180m_pct_le_1.384+abs_prior_move_60m_pct_ge_0.612,pair,45,1.552,6,13,13.33,4.88,28.89,26.32,3.85,21.05,7.69,65.58,84.4
L2::P::local_range_180m_pct_le_1.384+abs_prior_move_60m_pct_ge_0.612::top1,pair+top1,15,0.517,1,5,6.67,0.81,33.33,16.67,0.0,11.11,0.0,47.12,47.12
L2::P::local_range_180m_pct_le_1.384+abs_prior_move_60m_pct_le_0.612,pair,477,16.448,79,48,16.56,64.23,10.06,18.23,15.44,16.6,16.53,109.77,101.07
L2::P::local_range_180m_pct_le_1.384+abs_prior_move_60m_pct_le_0.612::top1,pair+top1,29,1.0,8,2,27.59,6.5,6.9,35.71,20.0,30.0,26.32,101.57,74.42
L2::P::local_range_180m_pct_ge_1.7907+abs_prior_move_60m_pct_ge_0.2503,pair,275,9.483,19,38,6.91,15.45,13.82,8.24,4.76,5.34,8.33,74.4,63.5
L2::P::local_range_180m_pct_ge_1.7907+abs_prior_move_60m_pct_ge_0.2503::top1,pair+top1,23,0.793,0,3,0.0,0.0,13.04,0.0,0.0,0.0,0.0,,
L2::P::local_range_180m_pct_ge_1.7907+abs_prior_move_60m_pct_le_0.2503,pair,42,1.448,1,12,2.38,0.81,28.57,0.0,5.26,4.76,0.0,148.88,148.88
L2::P::local_range_180m_pct_ge_1.7907+abs_prior_move_60m_pct_le_0.2503::top1,pair+top1,16,0.552,1,4,6.25,0.81,25.0,0.0,14.29,11.11,0.0,148.88,148.88
L2::P::local_range_180m_pct_ge_1.7907+abs_prior_move_60m_pct_ge_0.4065,pair,239,8.241,16,32,6.69,13.01,13.39,8.05,4.44,4.39,8.8,58.11,50.88
L2::P::local_range_180m_pct_ge_1.7907+abs_prior_move_60m_pct_ge_0.4065::top1,pair+top1,23,0.793,0,2,0.0,0.0,8.7,0.0,0.0,0.0,0.0,,
L2::P::local_range_180m_pct_ge_1.7907+abs_prior_move_60m_pct_le_0.4065,pair,78,2.69,4,18,5.13,3.25,23.08,4.55,5.88,7.89,2.5,158.18,135.62
L2::P::local_range_180m_pct_ge_1.7907+abs_prior_move_60m_pct_le_0.4065::top1,pair+top1,20,0.69,0,2,0.0,0.0,10.0,0.0,0.0,0.0,0.0,,
L2::P::local_range_180m_pct_ge_1.7907+abs_prior_move_60m_pct_ge_0.612,pair,182,6.276,10,24,5.49,8.13,13.19,5.26,5.88,4.49,6.45,40.99,33.14
L2::P::local_range_180m_pct_ge_1.7907+abs_prior_move_60m_pct_ge_0.612::top1,pair+top1,22,0.759,1,2,4.55,0.81,9.09,0.0,10.0,0.0,7.69,53.18,53.18
L2::P::local_range_180m_pct_ge_1.7907+abs_prior_move_60m_pct_le_0.612,pair,135,4.655,10,26,7.41,8.13,19.26,10.13,3.57,6.35,8.33,115.26,122.35
L2::P::local_range_180m_pct_ge_1.7907+abs_prior_move_60m_pct_le_0.612::top1,pair+top1,22,0.759,1,1,4.55,0.81,4.55,8.33,0.0,0.0,11.11,132.32,132.32
L2::P::local_range_180m_pct_le_1.7907+abs_prior_move_60m_pct_ge_0.2503,pair,459,15.828,64,64,13.94,52.03,13.94,17.45,10.93,15.98,12.08,94.84,87.97
L2::P::local_range_180m_pct_le_1.7907+abs_prior_move_60m_pct_ge_0.2503::top1,pair+top1,29,1.0,5,4,17.24,4.07,13.79,14.29,20.0,23.08,12.5,97.52,56.98
L2::P::local_range_180m_pct_le_1.7907+abs_prior_move_60m_pct_le_0.2503,pair,272,9.379,39,25,14.34,31.71,9.19,15.24,13.77,14.39,14.29,108.37,101.07
L2::P::local_range_180m_pct_le_1.7907+abs_prior_move_60m_pct_le_0.2503::top1,pair+top1,28,0.966,5,2,17.86,4.07,7.14,15.38,20.0,25.0,12.5,120.92,140.95
L2::P::local_range_180m_pct_le_1.7907+abs_prior_move_60m_pct_ge_0.4065,pair,286,9.862,30,43,10.49,24.39,15.03,15.38,6.41,12.5,8.86,94.71,86.19
L2::P::local_range_180m_pct_le_1.7907+abs_prior_move_60m_pct_ge_0.4065::top1,pair+top1,29,1.0,1,4,3.45,0.81,13.79,7.14,0.0,6.25,0.0,206.2,206.2
L2::P::local_range_180m_pct_le_1.7907+abs_prior_move_60m_pct_le_0.4065,pair,445,15.345,73,46,16.4,59.35,10.34,17.65,15.5,17.03,15.74,102.12,88.15
L2::P::local_range_180m_pct_le_1.7907+abs_prior_move_60m_pct_le_0.4065::top1,pair+top1,29,1.0,7,2,24.14,5.69,6.9,28.57,20.0,27.27,22.22,103.51,60.88
L2::P::local_range_180m_pct_le_1.7907+abs_prior_move_60m_pct_ge_0.612,pair,132,4.552,11,28,8.33,8.94,21.21,13.43,3.08,11.11,6.41,43.56,38.08
L2::P::local_range_180m_pct_le_1.7907+abs_prior_move_60m_pct_ge_0.612::top1,pair+top1,24,0.828,1,5,4.17,0.81,20.83,8.33,0.0,8.33,0.0,47.12,47.12
L2::P::local_range_180m_pct_le_1.7907+abs_prior_move_60m_pct_le_0.612,pair,599,20.655,92,61,15.36,74.8,10.18,17.6,13.75,16.12,14.58,106.71,99.27
L2::P::local_range_180m_pct_le_1.7907+abs_prior_move_60m_pct_le_0.612::top1,pair+top1,29,1.0,7,3,24.14,5.69,10.34,28.57,20.0,33.33,20.0,103.51,60.88
L2::P::taker_total_vol_60m_ge_291971.48+taker_imb_aligned_60m_ge_-0.0591,pair,533,18.379,49,66,9.19,39.84,12.38,11.96,6.23,13.78,5.02,104.9,100.98
L2::P::taker_total_vol_60m_ge_291971.48+taker_imb_aligned_60m_ge_-0.0591::top1,pair+top1,29,1.0,1,3,3.45,0.81,10.34,7.14,0.0,8.33,0.0,101.07,101.07
L2::P::taker_total_vol_60m_ge_291971.48+taker_imb_aligned_60m_le_-0.0591,pair,199,6.862,25,40,12.56,20.33,20.1,13.54,11.65,7.92,17.35,82.3,63.5
L2::P::taker_total_vol_60m_ge_291971.48+taker_imb_aligned_60m_le_-0.0591::top1,pair+top1,27,0.931,4,4,14.81,3.25,14.81,23.08,7.14,0.0,28.57,65.5,52.19
L2::P::taker_total_vol_60m_ge_291971.48+taker_imb_aligned_60m_ge_0.0189,pair,377,13.0,34,42,9.02,27.64,11.14,12.82,4.95,14.2,4.48,99.6,87.37
L2::P::taker_total_vol_60m_ge_291971.48+taker_imb_aligned_60m_ge_0.0189::top1,pair+top1,29,1.0,1,3,3.45,0.81,10.34,7.14,0.0,7.14,0.0,71.68,71.68
L2::P::taker_total_vol_60m_ge_291971.48+taker_imb_aligned_60m_le_0.0189,pair,354,12.207,40,64,11.3,32.52,18.08,11.86,10.73,10.06,12.57,95.29,86.9
L2::P::taker_total_vol_60m_ge_291971.48+taker_imb_aligned_60m_le_0.0189::top1,pair+top1,28,0.966,4,3,14.29,3.25,10.71,21.43,7.14,12.5,16.67,116.23,125.11
L2::P::taker_total_vol_60m_ge_291971.48+taker_imb_aligned_60m_ge_0.0814,pair,219,7.552,21,24,9.59,17.07,10.96,17.2,3.97,17.35,3.31,105.29,88.78
L2::P::taker_total_vol_60m_ge_291971.48+taker_imb_aligned_60m_ge_0.0814::top1,pair+top1,29,1.0,2,3,6.9,1.63,10.34,14.29,0.0,15.38,0.0,160.28,160.28
L2::P::taker_total_vol_60m_ge_291971.48+taker_imb_aligned_60m_le_0.0814,pair,512,17.655,53,82,10.35,43.09,16.02,10.75,9.87,10.12,10.59,94.09,86.42
L2::P::taker_total_vol_60m_ge_291971.48+taker_imb_aligned_60m_le_0.0814::top1,pair+top1,29,1.0,3,3,10.34,2.44,10.34,14.29,6.67,11.11,9.09,152.14,149.15
L2::P::taker_total_vol_60m_le_291971.48+taker_imb_aligned_60m_ge_-0.0591,pair,199,6.862,24,23,12.06,19.51,11.56,14.44,10.09,8.11,17.05,95.5,79.2
L2::P::taker_total_vol_60m_le_291971.48+taker_imb_aligned_60m_ge_-0.0591::top1,pair+top1,27,0.931,6,2,22.22,4.88,7.41,30.77,14.29,20.0,25.0,120.04,114.46
L2::P::taker_total_vol_60m_le_291971.48+taker_imb_aligned_60m_le_-0.0591,pair,114,3.931,25,10,21.93,20.33,8.77,17.78,24.64,25.58,19.72,94.76,80.02
L2::P::taker_total_vol_60m_le_291971.48+taker_imb_aligned_60m_le_-0.0591::top1,pair+top1,28,0.966,9,1,32.14,7.32,3.57,30.77,33.33,50.0,22.22,94.38,60.88
L2::P::taker_total_vol_60m_le_291971.48+taker_imb_aligned_60m_ge_0.0189,pair,145,5.0,12,19,8.28,9.76,13.1,9.23,7.5,6.49,10.29,99.48,87.97
L2::P::taker_total_vol_60m_le_291971.48+taker_imb_aligned_60m_ge_0.0189::top1,pair+top1,26,0.897,3,4,11.54,2.44,15.38,16.67,7.14,13.33,9.09,47.15,41.55
L2::P::taker_total_vol_60m_le_291971.48+taker_imb_aligned_60m_le_0.0189,pair,169,5.828,37,14,21.89,30.08,8.28,21.43,22.22,19.48,23.91,93.7,63.88
L2::P::taker_total_vol_60m_le_291971.48+taker_imb_aligned_60m_le_0.0189::top1,pair+top1,28,0.966,10,0,35.71,8.13,0.0,46.15,26.67,46.15,26.67,96.16,58.93
L2::P::taker_total_vol_60m_le_291971.48+taker_imb_aligned_60m_ge_0.0814,pair,95,3.276,6,9,6.32,4.88,9.47,7.14,5.66,8.0,4.44,87.01,79.65
L2::P::taker_total_vol_60m_le_291971.48+taker_imb_aligned_60m_ge_0.0814::top1,pair+top1,21,0.724,2,2,9.52,1.63,9.52,12.5,7.69,14.29,0.0,26.74,26.74
L2::P::taker_total_vol_60m_le_291971.48+taker_imb_aligned_60m_le_0.0814,pair,219,7.552,43,24,19.63,34.96,10.96,19.35,19.84,15.24,23.68,96.25,80.02
L2::P::taker_total_vol_60m_le_291971.48+taker_imb_aligned_60m_le_0.0814::top1,pair+top1,28,0.966,9,1,32.14,7.32,3.57,38.46,26.67,33.33,31.25,91.2,60.88
L2::P::taker_total_vol_60m_ge_433960.49+taker_imb_aligned_60m_ge_-0.0591,pair,381,13.138,26,48,6.82,21.14,12.6,9.62,3.47,9.71,4.37,97.16,105.05
L2::P::taker_total_vol_60m_ge_433960.49+taker_imb_aligned_60m_ge_-0.0591::top1,pair+top1,28,0.966,1,1,3.57,0.81,3.57,7.14,0.0,0.0,5.56,81.0,81.0
L2::P::taker_total_vol_60m_ge_433960.49+taker_imb_aligned_60m_le_-0.0591,pair,142,4.897,17,23,11.97,13.82,16.2,14.08,9.86,8.75,16.13,72.34,48.58
L2::P::taker_total_vol_60m_ge_433960.49+taker_imb_aligned_60m_le_-0.0591::top1,pair+top1,26,0.897,2,4,7.69,1.63,15.38,15.38,0.0,0.0,16.67,24.68,24.68
L2::P::taker_total_vol_60m_ge_433960.49+taker_imb_aligned_60m_ge_0.0189,pair,274,9.448,17,30,6.2,13.82,10.95,9.4,2.4,9.45,3.4,90.61,81.0
L2::P::taker_total_vol_60m_ge_433960.49+taker_imb_aligned_60m_ge_0.0189::top1,pair+top1,28,0.966,2,2,7.14,1.63,7.14,14.29,0.0,9.09,5.88,76.34,76.34
L2::P::taker_total_vol_60m_ge_433960.49+taker_imb_aligned_60m_le_0.0189,pair,249,8.586,26,41,10.44,21.14,16.47,12.31,8.4,9.38,11.57,85.22,84.12
L2::P::taker_total_vol_60m_ge_433960.49+taker_imb_aligned_60m_le_0.0189::top1,pair+top1,26,0.897,2,4,7.69,1.63,15.38,15.38,0.0,0.0,15.38,24.68,24.68
L2::P::taker_total_vol_60m_ge_433960.49+taker_imb_aligned_60m_ge_0.0814,pair,157,5.414,10,16,6.37,8.13,10.19,11.43,2.3,10.45,3.33,80.86,81.0
L2::P::taker_total_vol_60m_ge_433960.49+taker_imb_aligned_60m_ge_0.0814::top1,pair+top1,28,0.966,3,3,10.71,2.44,10.71,14.29,7.14,15.38,6.67,73.5,81.0
L2::P::taker_total_vol_60m_ge_433960.49+taker_imb_aligned_60m_le_0.0814,pair,366,12.621,33,55,9.02,26.83,15.03,10.53,7.01,9.04,8.99,89.32,86.42
L2::P::taker_total_vol_60m_ge_433960.49+taker_imb_aligned_60m_le_0.0814::top1,pair+top1,26,0.897,0,2,0.0,0.0,7.69,0.0,0.0,0.0,0.0,,
L2::P::taker_total_vol_60m_le_433960.49+taker_imb_aligned_60m_ge_-0.0591,pair,352,12.138,47,41,13.35,38.21,11.65,16.35,10.88,14.29,12.27,104.39,87.97
L2::P::taker_total_vol_60m_le_433960.49+taker_imb_aligned_60m_ge_-0.0591::top1,pair+top1,29,1.0,4,3,13.79,3.25,10.34,14.29,13.33,23.08,6.25,147.01,165.94
L2::P::taker_total_vol_60m_le_433960.49+taker_imb_aligned_60m_le_-0.0591,pair,171,5.897,33,27,19.3,26.83,15.79,15.71,21.78,18.75,19.63,96.87,80.02
L2::P::taker_total_vol_60m_le_433960.49+taker_imb_aligned_60m_le_-0.0591::top1,pair+top1,29,1.0,10,2,34.48,8.13,6.9,28.57,40.0,45.45,27.78,99.86,70.45
L2::P::taker_total_vol_60m_le_433960.49+taker_imb_aligned_60m_ge_0.0189,pair,248,8.552,29,31,11.69,23.58,12.5,15.32,8.76,14.29,9.02,104.82,87.97
L2::P::taker_total_vol_60m_le_433960.49+taker_imb_aligned_60m_ge_0.0189::top1,pair+top1,29,1.0,0,3,0.0,0.0,10.34,0.0,0.0,0.0,0.0,,
L2::P::taker_total_vol_60m_le_433960.49+taker_imb_aligned_60m_le_0.0189,pair,275,9.483,51,37,18.55,41.46,13.45,16.95,19.75,16.54,20.27,99.27,80.02
L2::P::taker_total_vol_60m_le_433960.49+taker_imb_aligned_60m_le_0.0189::top1,pair+top1,29,1.0,9,2,31.03,7.32,6.9,35.71,26.67,38.46,25.0,92.65,60.88
L2::P::taker_total_vol_60m_le_433960.49+taker_imb_aligned_60m_ge_0.0814,pair,157,5.414,17,17,10.83,13.82,10.83,16.92,6.52,17.28,3.95,113.22,117.75
L2::P::taker_total_vol_60m_le_433960.49+taker_imb_aligned_60m_ge_0.0814::top1,pair+top1,29,1.0,3,2,10.34,2.44,6.9,14.29,6.67,20.0,0.0,133.46,161.25
L2::P::taker_total_vol_60m_le_433960.49+taker_imb_aligned_60m_le_0.0814,pair,366,12.621,63,51,17.21,51.22,13.93,15.85,18.32,14.45,19.69,98.06,80.02
L2::P::taker_total_vol_60m_le_433960.49+taker_imb_aligned_60m_le_0.0814::top1,pair+top1,29,1.0,6,3,20.69,4.88,10.34,21.43,20.0,27.27,16.67,110.61,98.96
L2::P::taker_total_vol_60m_ge_650781.92+taker_imb_aligned_60m_ge_-0.0591,pair,241,8.31,12,28,4.98,9.76,11.62,7.58,1.83,6.19,3.91,110.81,122.35
L2::P::taker_total_vol_60m_ge_650781.92+taker_imb_aligned_60m_ge_-0.0591::top1,pair+top1,26,0.897,0,2,0.0,0.0,7.69,0.0,0.0,0.0,0.0,,
L2::P::taker_total_vol_60m_ge_650781.92+taker_imb_aligned_60m_le_-0.0591,pair,73,2.517,6,16,8.22,4.88,21.92,6.9,9.09,2.56,14.71,29.63,32.92
L2::P::taker_total_vol_60m_ge_650781.92+taker_imb_aligned_60m_le_-0.0591::top1,pair+top1,21,0.724,1,4,4.76,0.81,19.05,11.11,0.0,0.0,11.11,40.87,40.87
L2::P::taker_total_vol_60m_ge_650781.92+taker_imb_aligned_60m_ge_0.0189,pair,171,5.897,6,14,3.51,4.88,8.19,5.38,1.28,5.06,2.17,105.61,122.35
L2::P::taker_total_vol_60m_ge_650781.92+taker_imb_aligned_60m_ge_0.0189::top1,pair+top1,26,0.897,0,2,0.0,0.0,7.69,0.0,0.0,0.0,0.0,,
L2::P::taker_total_vol_60m_ge_650781.92+taker_imb_aligned_60m_le_0.0189,pair,143,4.931,12,30,8.39,9.76,20.98,10.29,6.67,5.48,11.43,72.82,50.88
L2::P::taker_total_vol_60m_ge_650781.92+taker_imb_aligned_60m_le_0.0189::top1,pair+top1,25,0.862,3,3,12.0,2.44,12.0,25.0,0.0,8.33,15.38,95.78,114.15
L2::P::taker_total_vol_60m_ge_650781.92+taker_imb_aligned_60m_ge_0.0814,pair,95,3.276,2,8,2.11,1.63,8.42,5.13,0.0,5.26,0.0,0.63,0.63
L2::P::taker_total_vol_60m_ge_650781.92+taker_imb_aligned_60m_ge_0.0814::top1,pair+top1,23,0.793,0,4,0.0,0.0,17.39,0.0,0.0,0.0,0.0,,
L2::P::taker_total_vol_60m_ge_650781.92+taker_imb_aligned_60m_le_0.0814,pair,219,7.552,16,36,7.31,13.01,16.44,8.2,6.19,5.26,9.52,94.14,111.64
L2::P::taker_total_vol_60m_ge_650781.92+taker_imb_aligned_60m_le_0.0814::top1,pair+top1,25,0.862,1,2,4.0,0.81,8.0,8.33,0.0,0.0,6.67,132.32,132.32
L2::P::taker_total_vol_60m_le_650781.92+taker_imb_aligned_60m_ge_-0.0591,pair,491,16.931,62,61,12.63,50.41,12.42,15.81,9.73,15.08,10.04,100.19,87.97
L2::P::taker_total_vol_60m_le_650781.92+taker_imb_aligned_60m_ge_-0.0591::top1,pair+top1,29,1.0,4,3,13.79,3.25,10.34,14.29,13.33,25.0,5.88,147.01,165.94
L2::P::taker_total_vol_60m_le_650781.92+taker_imb_aligned_60m_le_-0.0591,pair,240,8.276,44,34,18.33,35.77,14.17,16.96,19.53,17.14,19.26,96.56,84.12
L2::P::taker_total_vol_60m_le_650781.92+taker_imb_aligned_60m_le_-0.0591::top1,pair+top1,29,1.0,8,2,27.59,6.5,6.9,14.29,40.0,33.33,23.53,96.83,70.45
L2::P::taker_total_vol_60m_le_650781.92+taker_imb_aligned_60m_ge_0.0189,pair,351,12.103,40,47,11.4,32.52,13.39,15.57,7.61,14.94,7.91,98.66,86.96
L2::P::taker_total_vol_60m_le_650781.92+taker_imb_aligned_60m_ge_0.0189::top1,pair+top1,29,1.0,0,2,0.0,0.0,6.9,0.0,0.0,0.0,0.0,,
L2::P::taker_total_vol_60m_le_650781.92+taker_imb_aligned_60m_le_0.0189,pair,380,13.103,66,48,17.37,53.66,12.63,16.76,17.91,16.39,18.27,98.7,86.9
L2::P::taker_total_vol_60m_le_650781.92+taker_imb_aligned_60m_le_0.0189::top1,pair+top1,29,1.0,8,2,27.59,6.5,6.9,28.57,26.67,35.71,20.0,98.19,80.97
L2::P::taker_total_vol_60m_le_650781.92+taker_imb_aligned_60m_ge_0.0814,pair,219,7.552,25,25,11.42,20.33,11.42,17.71,6.5,17.27,5.5,109.28,97.55
L2::P::taker_total_vol_60m_le_650781.92+taker_imb_aligned_60m_ge_0.0814::top1,pair+top1,29,1.0,3,2,10.34,2.44,6.9,14.29,6.67,21.43,0.0,133.46,161.25
L2::P::taker_total_vol_60m_le_650781.92+taker_imb_aligned_60m_le_0.0814,pair,512,17.655,81,70,15.82,65.85,13.67,15.6,16.03,14.92,16.67,95.41,81.82
L2::P::taker_total_vol_60m_le_650781.92+taker_imb_aligned_60m_le_0.0814::top1,pair+top1,29,1.0,5,3,17.24,4.07,10.34,14.29,20.0,25.0,11.76,123.06,140.95
L2::P::taker_total_vol_60m_ge_291971.48+dist_to_recent_swing_high_pct_ge_0.321,pair,577,19.897,48,79,8.32,39.02,13.69,11.53,4.96,9.45,7.43,97.09,87.76
L2::P::taker_total_vol_60m_ge_291971.48+dist_to_recent_swing_high_pct_ge_0.321::top1,pair+top1,29,1.0,1,2,3.45,0.81,6.9,7.14,0.0,11.11,0.0,101.07,101.07
L2::P::taker_total_vol_60m_ge_291971.48+dist_to_recent_swing_high_pct_le_0.321,pair,154,5.31,26,27,16.88,21.14,17.53,15.58,18.18,18.81,13.21,97.6,84.4
L2::P::taker_total_vol_60m_ge_291971.48+dist_to_recent_swing_high_pct_le_0.321::top1,pair+top1,24,0.828,3,6,12.5,2.44,25.0,8.33,16.67,0.0,37.5,82.87,21.78
L2::P::taker_total_vol_60m_ge_291971.48+dist_to_recent_swing_high_pct_ge_0.6499,pair,450,15.517,34,57,7.56,27.64,12.67,10.71,4.42,9.47,6.15,102.13,99.27
L2::P::taker_total_vol_60m_ge_291971.48+dist_to_recent_swing_high_pct_ge_0.6499::top1,pair+top1,28,0.966,1,3,3.57,0.81,10.71,7.14,0.0,14.29,0.0,101.07,101.07
L2::P::taker_total_vol_60m_ge_291971.48+dist_to_recent_swing_high_pct_le_0.6499,pair,281,9.69,40,49,14.23,32.52,17.44,14.86,13.53,15.15,12.93,93.14,81.11
L2::P::taker_total_vol_60m_ge_291971.48+dist_to_recent_swing_high_pct_le_0.6499::top1,pair+top1,27,0.931,3,5,11.11,2.44,18.52,7.69,14.29,6.25,18.18,99.5,71.68
L2::P::taker_total_vol_60m_ge_291971.48+dist_to_recent_swing_high_pct_ge_1.062,pair,298,10.276,13,40,4.36,10.57,13.42,6.87,2.4,6.25,3.23,87.39,81.82
L2::P::taker_total_vol_60m_ge_291971.48+dist_to_recent_swing_high_pct_ge_1.062::top1,pair+top1,27,0.931,0,2,0.0,0.0,7.41,0.0,0.0,0.0,0.0,,
L2::P::taker_total_vol_60m_ge_291971.48+dist_to_recent_swing_high_pct_le_1.062,pair,434,14.966,61,66,14.06,49.59,15.21,15.29,12.5,14.75,13.16,99.37,88.15
L2::P::taker_total_vol_60m_ge_291971.48+dist_to_recent_swing_high_pct_le_1.062::top1,pair+top1,28,0.966,3,3,10.71,2.44,10.71,21.43,0.0,11.76,9.09,114.44,101.07
L2::P::taker_total_vol_60m_le_291971.48+dist_to_recent_swing_high_pct_ge_0.321,pair,155,5.345,20,18,12.9,16.26,11.61,12.31,13.33,12.16,13.58,128.0,137.3
L2::P::taker_total_vol_60m_le_291971.48+dist_to_recent_swing_high_pct_ge_0.321::top1,pair+top1,26,0.897,5,2,19.23,4.07,7.69,16.67,21.43,26.67,9.09,137.38,175.55
L2::P::taker_total_vol_60m_le_291971.48+dist_to_recent_swing_high_pct_le_0.321,pair,159,5.483,29,15,18.24,23.58,9.43,18.31,18.18,13.58,23.08,72.44,58.75
L2::P::taker_total_vol_60m_le_291971.48+dist_to_recent_swing_high_pct_le_0.321::top1,pair+top1,27,0.931,10,0,37.04,8.13,0.0,38.46,35.71,40.0,35.29,87.4,58.93
L2::P::taker_total_vol_60m_le_291971.48+dist_to_recent_swing_high_pct_ge_0.6499,pair,73,2.517,7,7,9.59,5.69,9.59,6.25,12.2,10.71,8.89,147.84,162.82
L2::P::taker_total_vol_60m_le_291971.48+dist_to_recent_swing_high_pct_ge_0.6499::top1,pair+top1,25,0.862,2,2,8.0,1.63,8.0,0.0,15.38,9.09,7.14,141.78,141.78
L2::P::taker_total_vol_60m_le_291971.48+dist_to_recent_swing_high_pct_le_0.6499,pair,241,8.31,42,26,17.43,34.15,10.79,18.45,16.67,13.39,21.93,86.33,63.26
L2::P::taker_total_vol_60m_le_291971.48+dist_to_recent_swing_high_pct_le_0.6499::top1,pair+top1,28,0.966,10,0,35.71,8.13,0.0,38.46,33.33,41.67,31.25,86.23,58.93
L2::P::taker_total_vol_60m_le_291971.48+dist_to_recent_swing_high_pct_ge_1.062,pair,17,0.586,0,2,0.0,0.0,11.76,0.0,0.0,0.0,0.0,,
L2::P::taker_total_vol_60m_le_291971.48+dist_to_recent_swing_high_pct_ge_1.062::top1,pair+top1,12,0.414,0,1,0.0,0.0,8.33,0.0,0.0,0.0,0.0,,
L2::P::taker_total_vol_60m_le_291971.48+dist_to_recent_swing_high_pct_le_1.062,pair,296,10.207,49,31,16.55,39.84,10.47,16.94,16.28,13.51,19.59,95.12,80.02
L2::P::taker_total_vol_60m_le_291971.48+dist_to_recent_swing_high_pct_le_1.062::top1,pair+top1,28,0.966,9,0,32.14,7.32,0.0,38.46,26.67,33.33,31.25,91.2,60.88
L2::P::taker_total_vol_60m_ge_433960.49+dist_to_recent_swing_high_pct_ge_0.321,pair,432,14.897,30,56,6.94,24.39,12.96,10.62,2.91,7.85,6.22,93.06,87.76
L2::P::taker_total_vol_60m_ge_433960.49+dist_to_recent_swing_high_pct_ge_0.321::top1,pair+top1,28,0.966,1,2,3.57,0.81,7.14,7.14,0.0,0.0,4.76,81.0,81.0
L2::P::taker_total_vol_60m_ge_433960.49+dist_to_recent_swing_high_pct_le_0.321,pair,91,3.138,13,15,14.29,10.57,16.48,11.32,18.42,14.06,14.81,74.16,16.52
L2::P::taker_total_vol_60m_ge_433960.49+dist_to_recent_swing_high_pct_le_0.321::top1,pair+top1,23,0.793,4,3,17.39,3.25,13.04,8.33,27.27,11.76,33.33,66.16,19.15
L2::P::taker_total_vol_60m_ge_433960.49+dist_to_recent_swing_high_pct_ge_0.6499,pair,338,11.655,23,41,6.8,18.7,12.13,10.24,3.49,8.45,5.61,96.8,97.55
L2::P::taker_total_vol_60m_ge_433960.49+dist_to_recent_swing_high_pct_ge_0.6499::top1,pair+top1,27,0.931,1,1,3.7,0.81,3.7,7.14,0.0,0.0,5.0,81.0,81.0
L2::P::taker_total_vol_60m_ge_433960.49+dist_to_recent_swing_high_pct_le_0.6499,pair,185,6.379,20,30,10.81,16.26,16.22,11.5,9.72,10.62,11.11,76.48,31.32
L2::P::taker_total_vol_60m_ge_433960.49+dist_to_recent_swing_high_pct_le_0.6499::top1,pair+top1,26,0.897,5,3,19.23,4.07,11.54,15.38,23.08,17.65,22.22,64.61,16.52
L2::P::taker_total_vol_60m_ge_433960.49+dist_to_recent_swing_high_pct_ge_1.062,pair,237,8.172,9,27,3.8,7.32,11.39,6.8,1.49,5.56,2.72,106.6,114.15
L2::P::taker_total_vol_60m_ge_433960.49+dist_to_recent_swing_high_pct_ge_1.062::top1,pair+top1,25,0.862,0,1,0.0,0.0,4.0,0.0,0.0,0.0,0.0,,
L2::P::taker_total_vol_60m_ge_433960.49+dist_to_recent_swing_high_pct_le_1.062,pair,287,9.897,34,44,11.85,27.64,15.33,12.99,10.0,11.45,12.4,82.25,78.97
L2::P::taker_total_vol_60m_ge_433960.49+dist_to_recent_swing_high_pct_le_1.062::top1,pair+top1,27,0.931,5,1,18.52,4.07,3.7,21.43,15.38,13.33,25.0,36.68,16.52
L2::P::taker_total_vol_60m_le_433960.49+dist_to_recent_swing_high_pct_ge_0.321,pair,301,10.379,38,41,12.62,30.89,13.62,13.33,12.05,13.24,12.12,116.54,127.37
L2::P::taker_total_vol_60m_le_433960.49+dist_to_recent_swing_high_pct_ge_0.321::top1,pair+top1,29,1.0,5,2,17.24,4.07,6.9,7.14,26.67,23.08,12.5,132.1,149.15
L2::P::taker_total_vol_60m_le_433960.49+dist_to_recent_swing_high_pct_le_0.321,pair,222,7.655,42,27,18.92,34.15,12.16,20.0,18.11,17.8,20.19,87.48,67.16
L2::P::taker_total_vol_60m_le_433960.49+dist_to_recent_swing_high_pct_le_0.321::top1,pair+top1,28,0.966,8,1,28.57,6.5,3.57,30.77,26.67,25.0,31.25,97.23,58.93
L2::P::taker_total_vol_60m_le_433960.49+dist_to_recent_swing_high_pct_ge_0.6499,pair,186,6.414,18,23,9.68,14.63,12.37,9.89,9.47,12.0,8.11,126.72,144.69
L2::P::taker_total_vol_60m_le_433960.49+dist_to_recent_swing_high_pct_ge_0.6499::top1,pair+top1,29,1.0,3,3,10.34,2.44,10.34,7.14,13.33,20.0,5.26,160.38,190.93
L2::P::taker_total_vol_60m_le_433960.49+dist_to_recent_swing_high_pct_le_0.6499,pair,337,11.621,62,45,18.4,50.41,13.35,20.29,17.09,16.76,20.25,93.9,81.44
L2::P::taker_total_vol_60m_le_433960.49+dist_to_recent_swing_high_pct_le_0.6499::top1,pair+top1,28,0.966,8,1,28.57,6.5,3.57,30.77,26.67,33.33,25.0,95.76,58.93
L2::P::taker_total_vol_60m_le_433960.49+dist_to_recent_swing_high_pct_ge_1.062,pair,79,2.724,4,15,5.06,3.25,18.99,5.0,5.13,7.41,3.85,44.15,44.15
L2::P::taker_total_vol_60m_le_433960.49+dist_to_recent_swing_high_pct_ge_1.062::top1,pair+top1,22,0.759,0,2,0.0,0.0,9.09,0.0,0.0,0.0,0.0,,
L2::P::taker_total_vol_60m_le_433960.49+dist_to_recent_swing_high_pct_le_1.062,pair,443,15.276,76,53,17.16,61.79,11.96,18.52,16.14,16.37,17.97,104.29,90.7
L2::P::taker_total_vol_60m_le_433960.49+dist_to_recent_swing_high_pct_le_1.062::top1,pair+top1,28,0.966,8,1,28.57,6.5,3.57,38.46,20.0,36.36,23.53,103.2,80.97
L2::P::taker_total_vol_60m_ge_650781.92+dist_to_recent_swing_high_pct_ge_0.321,pair,270,9.31,13,36,4.81,10.57,13.33,7.03,2.82,4.17,5.33,98.86,114.15
L2::P::taker_total_vol_60m_ge_650781.92+dist_to_recent_swing_high_pct_ge_0.321::top1,pair+top1,26,0.897,0,1,0.0,0.0,3.85,0.0,0.0,0.0,0.0,,
L2::P::taker_total_vol_60m_ge_650781.92+dist_to_recent_swing_high_pct_le_0.321,pair,44,1.517,5,8,11.36,4.07,18.18,9.09,18.18,9.38,16.67,44.47,5.7
L2::P::taker_total_vol_60m_ge_650781.92+dist_to_recent_swing_high_pct_le_0.321::top1,pair+top1,15,0.517,1,5,6.67,0.81,33.33,0.0,14.29,0.0,16.67,5.7,5.7
L2::P::taker_total_vol_60m_ge_650781.92+dist_to_recent_swing_high_pct_ge_0.6499,pair,212,7.31,12,24,5.66,9.76,11.32,8.6,3.36,5.81,5.56,103.69,118.25
L2::P::taker_total_vol_60m_ge_650781.92+dist_to_recent_swing_high_pct_ge_0.6499::top1,pair+top1,25,0.862,0,1,0.0,0.0,4.0,0.0,0.0,0.0,0.0,,
L2::P::taker_total_vol_60m_ge_650781.92+dist_to_recent_swing_high_pct_le_0.6499,pair,102,3.517,6,20,5.88,4.88,19.61,5.88,5.88,4.55,8.33,43.87,23.29
L2::P::taker_total_vol_60m_ge_650781.92+dist_to_recent_swing_high_pct_le_0.6499::top1,pair+top1,22,0.759,2,7,9.09,1.63,31.82,11.11,7.69,0.0,16.67,23.29,23.29
L2::P::taker_total_vol_60m_ge_650781.92+dist_to_recent_swing_high_pct_ge_1.062,pair,162,5.586,6,16,3.7,4.88,9.88,6.67,1.96,3.33,3.92,128.5,132.32
L2::P::taker_total_vol_60m_ge_650781.92+dist_to_recent_swing_high_pct_ge_1.062::top1,pair+top1,23,0.793,1,2,4.35,0.81,8.7,10.0,0.0,16.67,0.0,114.15,114.15
L2::P::taker_total_vol_60m_ge_650781.92+dist_to_recent_swing_high_pct_le_1.062,pair,153,5.276,12,28,7.84,9.76,18.3,7.84,7.84,6.45,10.0,61.38,44.95
L2::P::taker_total_vol_60m_ge_650781.92+dist_to_recent_swing_high_pct_le_1.062::top1,pair+top1,23,0.793,1,4,4.35,0.81,17.39,0.0,7.69,0.0,8.33,5.7,5.7
L2::P::taker_total_vol_60m_le_650781.92+dist_to_recent_swing_high_pct_ge_0.321,pair,462,15.931,56,61,12.12,45.53,13.2,14.66,9.57,13.94,10.63,107.93,101.03
L2::P::taker_total_vol_60m_le_650781.92+dist_to_recent_swing_high_pct_ge_0.321::top1,pair+top1,29,1.0,5,2,17.24,4.07,6.9,7.14,26.67,30.0,10.53,132.1,149.15
L2::P::taker_total_vol_60m_le_650781.92+dist_to_recent_swing_high_pct_le_0.321,pair,269,9.276,50,34,18.59,40.65,12.64,19.13,18.18,18.0,19.33,88.32,63.26
L2::P::taker_total_vol_60m_le_650781.92+dist_to_recent_swing_high_pct_le_0.321::top1,pair+top1,29,1.0,8,2,27.59,6.5,6.9,28.57,26.67,25.0,29.41,97.23,58.93
L2::P::taker_total_vol_60m_le_650781.92+dist_to_recent_swing_high_pct_ge_0.6499,pair,311,10.724,30,40,9.65,24.39,12.86,11.66,7.43,12.88,7.26,112.4,99.27
L2::P::taker_total_vol_60m_le_650781.92+dist_to_recent_swing_high_pct_ge_0.6499::top1,pair+top1,29,1.0,2,3,6.9,1.63,10.34,0.0,13.33,11.11,5.0,141.78,141.78
L2::P::taker_total_vol_60m_le_650781.92+dist_to_recent_swing_high_pct_le_0.6499,pair,420,14.483,76,55,18.1,61.79,13.1,20.22,16.46,17.26,19.07,93.27,79.69
L2::P::taker_total_vol_60m_le_650781.92+dist_to_recent_swing_high_pct_le_0.6499::top1,pair+top1,29,1.0,8,2,27.59,6.5,6.9,28.57,26.67,33.33,23.53,95.76,58.93
L2::P::taker_total_vol_60m_le_650781.92+dist_to_recent_swing_high_pct_ge_1.062,pair,152,5.241,7,26,4.61,5.69,17.11,6.17,2.82,8.77,2.11,52.15,63.5
L2::P::taker_total_vol_60m_le_650781.92+dist_to_recent_swing_high_pct_ge_1.062::top1,pair+top1,25,0.862,0,2,0.0,0.0,8.0,0.0,0.0,0.0,0.0,,
L2::P::taker_total_vol_60m_le_650781.92+dist_to_recent_swing_high_pct_le_1.062,pair,578,19.931,99,69,17.13,80.49,11.94,19.25,15.34,17.0,17.27,101.97,88.15
L2::P::taker_total_vol_60m_le_650781.92+dist_to_recent_swing_high_pct_le_1.062::top1,pair+top1,29,1.0,7,2,24.14,5.69,6.9,28.57,20.0,33.33,17.65,111.04,101.07
L2::P::taker_total_vol_60m_ge_291971.48+taker_imb_aligned_30m_ge_-0.0753,pair,541,18.655,54,70,9.98,43.9,12.94,12.85,6.72,13.38,6.62,101.16,92.88
L2::P::taker_total_vol_60m_ge_291971.48+taker_imb_aligned_30m_ge_-0.0753::top1,pair+top1,29,1.0,0,4,0.0,0.0,13.79,0.0,0.0,0.0,0.0,,
L2::P::taker_total_vol_60m_ge_291971.48+taker_imb_aligned_30m_le_-0.0753,pair,191,6.586,20,36,10.47,16.26,18.85,10.59,10.38,8.05,12.5,86.75,71.44
L2::P::taker_total_vol_60m_ge_291971.48+taker_imb_aligned_30m_le_-0.0753::top1,pair+top1,28,0.966,5,4,17.86,4.07,14.29,28.57,7.14,15.38,20.0,68.29,63.5
L2::P::taker_total_vol_60m_ge_291971.48+taker_imb_aligned_30m_ge_0.0001,pair,381,13.138,35,46,9.19,28.46,12.07,13.3,5.18,12.02,6.57,105.98,96.98
L2::P::taker_total_vol_60m_ge_291971.48+taker_imb_aligned_30m_ge_0.0001::top1,pair+top1,29,1.0,1,3,3.45,0.81,10.34,7.14,0.0,9.09,0.0,71.68,71.68
L2::P::taker_total_vol_60m_ge_291971.48+taker_imb_aligned_30m_le_0.0001,pair,351,12.103,39,60,11.11,31.71,17.09,11.41,10.78,12.14,10.11,89.45,82.85
L2::P::taker_total_vol_60m_ge_291971.48+taker_imb_aligned_30m_le_0.0001::top1,pair+top1,29,1.0,3,3,10.34,2.44,10.34,14.29,6.67,11.76,8.33,99.11,101.07
L2::P::taker_total_vol_60m_ge_291971.48+taker_imb_aligned_30m_ge_0.0733,pair,218,7.517,22,27,10.09,17.89,12.39,14.61,6.98,14.71,6.03,105.99,97.27
L2::P::taker_total_vol_60m_ge_291971.48+taker_imb_aligned_30m_ge_0.0733::top1,pair+top1,27,0.931,2,3,7.41,1.63,11.11,15.38,0.0,16.67,0.0,134.63,134.63
L2::P::taker_total_vol_60m_ge_291971.48+taker_imb_aligned_30m_le_0.0733,pair,514,17.724,52,79,10.12,42.28,15.37,11.66,8.23,11.07,9.2,93.58,86.19
L2::P::taker_total_vol_60m_ge_291971.48+taker_imb_aligned_30m_le_0.0733::top1,pair+top1,29,1.0,3,3,10.34,2.44,10.34,14.29,6.67,12.5,7.69,152.14,149.15
L2::P::taker_total_vol_60m_le_291971.48+taker_imb_aligned_30m_ge_-0.0753,pair,190,6.552,26,21,13.68,21.14,11.05,18.6,9.62,10.78,17.05,93.83,79.2
L2::P::taker_total_vol_60m_le_291971.48+taker_imb_aligned_30m_ge_-0.0753::top1,pair+top1,28,0.966,8,1,28.57,6.5,3.57,46.15,13.33,28.57,28.57,97.57,69.6
L2::P::taker_total_vol_60m_le_291971.48+taker_imb_aligned_30m_le_-0.0753,pair,123,4.241,23,12,18.7,18.7,9.76,10.2,24.32,17.31,19.72,96.58,80.02
L2::P::taker_total_vol_60m_le_291971.48+taker_imb_aligned_30m_le_-0.0753::top1,pair+top1,26,0.897,7,1,26.92,5.69,3.85,18.18,33.33,44.44,17.65,106.83,80.02
L2::P::taker_total_vol_60m_le_291971.48+taker_imb_aligned_30m_ge_0.0001,pair,141,4.862,15,15,10.64,12.2,10.64,15.15,6.67,10.96,10.29,87.24,87.97
L2::P::taker_total_vol_60m_le_291971.48+taker_imb_aligned_30m_ge_0.0001::top1,pair+top1,27,0.931,4,2,14.81,3.25,7.41,25.0,6.67,13.33,16.67,85.52,69.6
L2::P::taker_total_vol_60m_le_291971.48+taker_imb_aligned_30m_le_0.0001,pair,172,5.931,34,18,19.77,27.64,10.47,15.94,22.33,14.81,24.18,98.6,75.22
L2::P::taker_total_vol_60m_le_291971.48+taker_imb_aligned_30m_le_0.0001::top1,pair+top1,28,0.966,10,1,35.71,8.13,3.57,38.46,33.33,33.33,37.5,95.43,61.76
L2::P::taker_total_vol_60m_le_291971.48+taker_imb_aligned_30m_ge_0.0733,pair,96,3.31,8,11,8.33,6.5,11.46,7.14,9.26,8.16,8.51,106.53,128.47
L2::P::taker_total_vol_60m_le_291971.48+taker_imb_aligned_30m_ge_0.0733::top1,pair+top1,22,0.759,3,2,13.64,2.44,9.09,10.0,16.67,14.29,12.5,81.47,41.55
L2::P::taker_total_vol_60m_le_291971.48+taker_imb_aligned_30m_le_0.0733,pair,217,7.483,41,22,18.89,33.33,10.14,19.35,18.55,15.24,22.32,92.89,70.43
L2::P::taker_total_vol_60m_le_291971.48+taker_imb_aligned_30m_le_0.0733::top1,pair+top1,28,0.966,9,1,32.14,7.32,3.57,38.46,26.67,33.33,31.25,91.2,60.88
L2::P::taker_total_vol_60m_ge_433960.49+taker_imb_aligned_30m_ge_-0.0753,pair,396,13.655,32,51,8.08,26.02,12.88,11.16,4.42,10.05,6.09,97.77,92.85
L2::P::taker_total_vol_60m_ge_433960.49+taker_imb_aligned_30m_ge_-0.0753::top1,pair+top1,28,0.966,1,2,3.57,0.81,7.14,7.14,0.0,0.0,6.25,81.0,81.0
L2::P::taker_total_vol_60m_ge_433960.49+taker_imb_aligned_30m_le_-0.0753,pair,128,4.414,11,20,8.59,8.94,15.62,9.23,7.94,7.02,9.86,57.03,24.97
L2::P::taker_total_vol_60m_ge_433960.49+taker_imb_aligned_30m_le_-0.0753::top1,pair+top1,26,0.897,3,2,11.54,2.44,7.69,23.08,0.0,15.38,7.69,36.52,19.25
L2::P::taker_total_vol_60m_ge_433960.49+taker_imb_aligned_30m_ge_0.0001,pair,285,9.828,21,35,7.37,17.07,12.28,11.11,3.55,8.7,6.12,95.05,81.0
L2::P::taker_total_vol_60m_ge_433960.49+taker_imb_aligned_30m_ge_0.0001::top1,pair+top1,28,0.966,2,1,7.14,1.63,3.57,14.29,0.0,8.33,6.25,76.34,76.34
L2::P::taker_total_vol_60m_ge_433960.49+taker_imb_aligned_30m_le_0.0001,pair,239,8.241,22,36,9.21,17.89,15.06,10.37,7.69,10.17,8.26,79.99,84.12
L2::P::taker_total_vol_60m_ge_433960.49+taker_imb_aligned_30m_le_0.0001::top1,pair+top1,26,0.897,1,3,3.85,0.81,11.54,7.69,0.0,0.0,10.0,132.32,132.32
L2::P::taker_total_vol_60m_ge_433960.49+taker_imb_aligned_30m_ge_0.0733,pair,157,5.414,13,20,8.28,10.57,12.74,13.43,4.44,10.67,6.1,100.47,81.0
L2::P::taker_total_vol_60m_ge_433960.49+taker_imb_aligned_30m_ge_0.0733::top1,pair+top1,26,0.897,3,3,11.54,2.44,11.54,15.38,7.69,16.67,7.14,56.4,71.68
L2::P::taker_total_vol_60m_ge_433960.49+taker_imb_aligned_30m_le_0.0733,pair,366,12.621,30,51,8.2,24.39,13.93,9.91,5.84,8.89,7.53,81.66,84.12
L2::P::taker_total_vol_60m_ge_433960.49+taker_imb_aligned_30m_le_0.0733::top1,pair+top1,28,0.966,1,2,3.57,0.81,7.14,7.14,0.0,0.0,6.67,132.32,132.32
L2::P::taker_total_vol_60m_le_433960.49+taker_imb_aligned_30m_ge_-0.0753,pair,337,11.621,48,40,14.24,39.02,11.87,18.01,10.8,15.7,12.73,99.45,87.97
L2::P::taker_total_vol_60m_le_433960.49+taker_imb_aligned_30m_ge_-0.0753::top1,pair+top1,29,1.0,5,2,17.24,4.07,6.9,21.43,13.33,25.0,11.76,127.28,140.95
L2::P::taker_total_vol_60m_le_433960.49+taker_imb_aligned_30m_le_-0.0753,pair,185,6.379,32,28,17.3,26.02,15.14,11.76,20.51,14.81,19.23,104.03,86.32
L2::P::taker_total_vol_60m_le_433960.49+taker_imb_aligned_30m_le_-0.0753::top1,pair+top1,28,0.966,8,3,28.57,6.5,10.71,23.08,33.33,44.44,21.05,114.75,125.11
L2::P::taker_total_vol_60m_le_433960.49+taker_imb_aligned_30m_ge_0.0001,pair,237,8.172,29,26,12.24,23.58,10.97,17.27,7.87,15.25,9.24,104.2,96.98
L2::P::taker_total_vol_60m_le_433960.49+taker_imb_aligned_30m_ge_0.0001::top1,pair+top1,29,1.0,3,4,10.34,2.44,13.79,14.29,6.67,15.38,6.25,134.47,161.25
L2::P::taker_total_vol_60m_le_433960.49+taker_imb_aligned_30m_le_0.0001,pair,285,9.828,51,42,17.89,41.46,14.74,15.13,19.88,15.56,20.0,99.63,80.02
L2::P::taker_total_vol_60m_le_433960.49+taker_imb_aligned_30m_le_0.0001::top1,pair+top1,29,1.0,8,3,27.59,6.5,10.34,28.57,26.67,27.27,27.78,110.65,101.79
L2::P::taker_total_vol_60m_le_433960.49+taker_imb_aligned_30m_ge_0.0733,pair,157,5.414,17,18,10.83,13.82,11.46,10.94,10.75,14.47,7.41,110.46,139.2
L2::P::taker_total_vol_60m_le_433960.49+taker_imb_aligned_30m_ge_0.0733::top1,pair+top1,29,1.0,3,3,10.34,2.44,10.34,7.14,13.33,15.38,6.25,143.35,190.93
L2::P::taker_total_vol_60m_le_433960.49+taker_imb_aligned_30m_le_0.0733,pair,366,12.621,63,50,17.21,51.22,13.66,18.18,16.42,15.82,18.52,98.81,82.85
L2::P::taker_total_vol_60m_le_433960.49+taker_imb_aligned_30m_le_0.0733::top1,pair+top1,29,1.0,6,3,20.69,4.88,10.34,21.43,20.0,27.27,16.67,110.61,98.96
L2::P::taker_total_vol_60m_ge_650781.92+taker_imb_aligned_30m_ge_-0.0753,pair,247,8.517,14,31,5.67,11.38,12.55,8.4,2.59,5.69,5.65,93.53,115.73
L2::P::taker_total_vol_60m_ge_650781.92+taker_imb_aligned_30m_ge_-0.0753::top1,pair+top1,26,0.897,0,3,0.0,0.0,11.54,0.0,0.0,0.0,0.0,,
L2::P::taker_total_vol_60m_ge_650781.92+taker_imb_aligned_30m_le_-0.0753,pair,68,2.345,4,13,5.88,3.25,19.12,3.23,8.11,3.33,7.89,49.5,39.08
L2::P::taker_total_vol_60m_ge_650781.92+taker_imb_aligned_30m_le_-0.0753::top1,pair+top1,19,0.655,1,3,5.26,0.81,15.79,12.5,0.0,14.29,0.0,114.15,114.15
L2::P::taker_total_vol_60m_ge_650781.92+taker_imb_aligned_30m_ge_0.0001,pair,173,5.966,7,20,4.05,5.69,11.56,5.62,2.38,3.8,4.26,92.18,48.58
L2::P::taker_total_vol_60m_ge_650781.92+taker_imb_aligned_30m_ge_0.0001::top1,pair+top1,26,0.897,1,3,3.85,0.81,11.54,0.0,7.14,11.11,0.0,166.8,166.8
L2::P::taker_total_vol_60m_ge_650781.92+taker_imb_aligned_30m_le_0.0001,pair,141,4.862,11,24,7.8,8.94,17.02,9.72,5.8,6.85,8.82,78.39,109.12
L2::P::taker_total_vol_60m_ge_650781.92+taker_imb_aligned_30m_le_0.0001::top1,pair+top1,25,0.862,2,4,8.0,1.63,16.0,16.67,0.0,8.33,7.69,123.23,123.23
L2::P::taker_total_vol_60m_ge_650781.92+taker_imb_aligned_30m_ge_0.0733,pair,89,3.069,4,9,4.49,3.25,10.11,7.89,1.96,5.56,3.77,70.32,20.75
L2::P::taker_total_vol_60m_ge_650781.92+taker_imb_aligned_30m_ge_0.0733::top1,pair+top1,23,0.793,1,5,4.35,0.81,21.74,9.09,0.0,0.0,7.14,40.87,40.87
L2::P::taker_total_vol_60m_ge_650781.92+taker_imb_aligned_30m_le_0.0733,pair,225,7.759,14,35,6.22,11.38,15.56,7.32,4.9,5.17,7.34,87.59,111.64
L2::P::taker_total_vol_60m_ge_650781.92+taker_imb_aligned_30m_le_0.0733::top1,pair+top1,26,0.897,1,2,3.85,0.81,7.69,8.33,0.0,0.0,6.25,132.32,132.32
L2::P::taker_total_vol_60m_le_650781.92+taker_imb_aligned_30m_ge_-0.0753,pair,485,16.724,67,60,13.81,54.47,12.37,17.62,9.96,16.47,11.02,100.03,87.97
L2::P::taker_total_vol_60m_le_650781.92+taker_imb_aligned_30m_ge_-0.0753::top1,pair+top1,29,1.0,4,2,13.79,3.25,6.9,14.29,13.33,23.08,6.25,147.01,165.94
L2::P::taker_total_vol_60m_le_650781.92+taker_imb_aligned_30m_le_-0.0753,pair,245,8.448,39,35,15.92,31.71,14.29,12.75,18.18,13.89,17.52,96.37,80.02
L2::P::taker_total_vol_60m_le_650781.92+taker_imb_aligned_30m_le_-0.0753::top1,pair+top1,29,1.0,8,4,27.59,6.5,13.79,21.43,33.33,44.44,20.0,95.21,80.97
L2::P::taker_total_vol_60m_le_650781.92+taker_imb_aligned_30m_ge_0.0001,pair,349,12.034,43,41,12.32,34.96,11.75,18.18,7.07,15.25,9.3,101.69,88.78
L2::P::taker_total_vol_60m_le_650781.92+taker_imb_aligned_30m_ge_0.0001::top1,pair+top1,29,1.0,2,3,6.9,1.63,10.34,7.14,6.67,7.69,6.25,121.08,121.08
L2::P::taker_total_vol_60m_le_650781.92+taker_imb_aligned_30m_le_0.0001,pair,382,13.172,63,54,16.49,51.22,14.14,14.36,18.41,16.02,16.92,96.63,81.82
L2::P::taker_total_vol_60m_le_650781.92+taker_imb_aligned_30m_le_0.0001::top1,pair+top1,29,1.0,5,3,17.24,4.07,10.34,7.14,26.67,16.67,17.65,125.34,140.95
L2::P::taker_total_vol_60m_le_650781.92+taker_imb_aligned_30m_ge_0.0733,pair,225,7.759,26,29,11.56,21.14,12.89,13.98,9.85,14.78,8.18,111.64,109.37
L2::P::taker_total_vol_60m_le_650781.92+taker_imb_aligned_30m_ge_0.0733::top1,pair+top1,29,1.0,3,2,10.34,2.44,6.9,7.14,13.33,14.29,6.67,143.35,190.93
L2::P::taker_total_vol_60m_le_650781.92+taker_imb_aligned_30m_le_0.0733,pair,506,17.448,80,66,15.81,65.04,13.04,17.0,14.62,16.12,15.53,94.47,82.33
L2::P::taker_total_vol_60m_le_650781.92+taker_imb_aligned_30m_le_0.0733::top1,pair+top1,29,1.0,5,3,17.24,4.07,10.34,14.29,20.0,25.0,11.76,123.06,140.95
L2::P::taker_total_vol_60m_ge_291971.48+local_range_30m_pct_ge_0.4406,pair,611,21.069,57,86,9.33,46.34,14.08,11.35,7.02,10.92,7.86,87.67,81.0
L2::P::taker_total_vol_60m_ge_291971.48+local_range_30m_pct_ge_0.4406::top1,pair+top1,28,0.966,1,3,3.57,0.81,10.71,7.14,0.0,8.33,0.0,101.07,101.07
L2::P::taker_total_vol_60m_ge_291971.48+local_range_30m_pct_le_0.4406,pair,121,4.172,17,20,14.05,13.82,16.53,19.57,10.67,17.46,10.34,129.43,123.33
L2::P::taker_total_vol_60m_ge_291971.48+local_range_30m_pct_le_0.4406::top1,pair+top1,28,0.966,6,3,21.43,4.88,10.71,23.08,20.0,18.75,25.0,187.56,193.3
L2::P::taker_total_vol_60m_ge_291971.48+local_range_30m_pct_ge_0.5848,pair,474,16.345,41,67,8.65,33.33,14.14,10.04,6.83,10.5,7.06,88.84,81.0
L2::P::taker_total_vol_60m_ge_291971.48+local_range_30m_pct_ge_0.5848::top1,pair+top1,27,0.931,0,2,0.0,0.0,7.41,0.0,0.0,0.0,0.0,,
L2::P::taker_total_vol_60m_ge_291971.48+local_range_30m_pct_le_0.5848,pair,258,8.897,33,39,12.79,26.83,15.12,18.45,9.03,14.71,10.66,107.74,119.13
L2::P::taker_total_vol_60m_ge_291971.48+local_range_30m_pct_le_0.5848::top1,pair+top1,29,1.0,3,3,10.34,2.44,10.34,14.29,6.67,17.65,0.0,150.85,161.25
L2::P::taker_total_vol_60m_ge_291971.48+local_range_30m_pct_ge_0.7621,pair,302,10.414,21,42,6.95,17.07,13.91,7.91,5.6,7.19,6.75,87.6,71.68
L2::P::taker_total_vol_60m_ge_291971.48+local_range_30m_pct_ge_0.7621::top1,pair+top1,27,0.931,1,2,3.7,0.81,7.41,0.0,7.69,7.14,0.0,166.8,166.8
L2::P::taker_total_vol_60m_ge_291971.48+local_range_30m_pct_le_0.7621,pair,431,14.862,53,64,12.3,43.09,14.85,16.41,8.9,15.14,9.39,101.1,96.98
L2::P::taker_total_vol_60m_ge_291971.48+local_range_30m_pct_le_0.7621::top1,pair+top1,29,1.0,2,3,6.9,1.63,10.34,7.14,6.67,7.14,6.67,125.11,125.11
L2::P::taker_total_vol_60m_le_291971.48+local_range_30m_pct_ge_0.4406,pair,120,4.138,20,20,16.67,16.26,16.67,18.64,14.75,17.31,16.18,90.91,57.86
L2::P::taker_total_vol_60m_le_291971.48+local_range_30m_pct_ge_0.4406::top1,pair+top1,27,0.931,7,2,25.93,5.69,7.41,30.77,21.43,33.33,20.0,101.65,56.98
L2::P::taker_total_vol_60m_le_291971.48+local_range_30m_pct_le_0.4406,pair,193,6.655,29,13,15.03,23.58,6.74,13.16,16.24,10.78,19.78,98.03,87.97
L2::P::taker_total_vol_60m_le_291971.48+local_range_30m_pct_le_0.4406::top1,pair+top1,28,0.966,6,2,21.43,4.88,7.14,23.08,20.0,23.08,20.0,115.43,114.46
L2::P::taker_total_vol_60m_le_291971.48+local_range_30m_pct_ge_0.5848,pair,48,1.655,12,9,25.0,9.76,18.75,30.77,18.18,26.92,22.73,92.44,49.8
L2::P::taker_total_vol_60m_le_291971.48+local_range_30m_pct_ge_0.5848::top1,pair+top1,19,0.655,5,2,26.32,4.07,10.53,44.44,10.0,27.27,25.0,93.33,51.23
L2::P::taker_total_vol_60m_le_291971.48+local_range_30m_pct_le_0.5848,pair,265,9.138,37,24,13.96,30.08,9.06,11.93,15.38,10.16,17.52,95.99,87.97
L2::P::taker_total_vol_60m_le_291971.48+local_range_30m_pct_le_0.5848::top1,pair+top1,28,0.966,7,0,25.0,5.69,0.0,23.08,26.67,30.0,22.22,107.08,87.97
L2::P::taker_total_vol_60m_le_291971.48+local_range_30m_pct_ge_0.7621,pair,13,0.448,2,5,15.38,1.63,38.46,20.0,0.0,25.0,0.0,174.05,174.05
L2::P::taker_total_vol_60m_le_291971.48+local_range_30m_pct_ge_0.7621::top1,pair+top1,6,0.207,1,2,16.67,0.81,33.33,25.0,0.0,25.0,0.0,175.55,175.55
L2::P::taker_total_vol_60m_le_291971.48+local_range_30m_pct_le_0.7621,pair,300,10.345,47,28,15.67,38.21,9.33,15.2,16.0,12.33,18.83,91.76,70.43
L2::P::taker_total_vol_60m_le_291971.48+local_range_30m_pct_le_0.7621::top1,pair+top1,28,0.966,9,0,32.14,7.32,0.0,38.46,26.67,33.33,31.25,91.2,60.88
L2::P::taker_total_vol_60m_ge_433960.49+local_range_30m_pct_ge_0.4406,pair,478,16.483,38,63,7.95,30.89,13.18,10.77,4.59,9.01,6.94,89.97,81.41
L2::P::taker_total_vol_60m_ge_433960.49+local_range_30m_pct_ge_0.4406::top1,pair+top1,28,0.966,1,2,3.57,0.81,7.14,7.14,0.0,0.0,5.88,81.0,81.0
L2::P::taker_total_vol_60m_ge_433960.49+local_range_30m_pct_le_0.4406,pair,45,1.552,5,8,11.11,4.07,17.78,10.53,11.54,13.64,8.7,67.41,88.15
L2::P::taker_total_vol_60m_ge_433960.49+local_range_30m_pct_le_0.4406::top1,pair+top1,21,0.724,3,3,14.29,2.44,14.29,0.0,25.0,13.33,16.67,41.98,4.47
L2::P::taker_total_vol_60m_ge_433960.49+local_range_30m_pct_ge_0.5848,pair,399,13.759,29,53,7.27,23.58,13.28,9.01,5.08,8.95,5.74,88.16,81.0
L2::P::taker_total_vol_60m_ge_433960.49+local_range_30m_pct_ge_0.5848::top1,pair+top1,27,0.931,2,1,7.41,1.63,3.7,7.14,7.69,7.14,7.69,48.76,48.76
L2::P::taker_total_vol_60m_ge_433960.49+local_range_30m_pct_le_0.5848,pair,124,4.276,14,18,11.29,11.38,14.52,17.54,5.97,10.77,11.86,85.67,103.64
L2::P::taker_total_vol_60m_ge_433960.49+local_range_30m_pct_le_0.5848::top1,pair+top1,25,0.862,3,4,12.0,2.44,16.0,16.67,7.69,11.11,12.5,22.37,21.78
L2::P::taker_total_vol_60m_ge_433960.49+local_range_30m_pct_ge_0.7621,pair,276,9.517,18,37,6.52,14.63,13.41,7.5,5.17,7.75,5.44,93.03,81.0
L2::P::taker_total_vol_60m_ge_433960.49+local_range_30m_pct_ge_0.7621::top1,pair+top1,27,0.931,2,2,7.41,1.63,7.41,7.14,7.69,6.25,9.09,123.9,123.9
L2::P::taker_total_vol_60m_ge_433960.49+local_range_30m_pct_le_0.7621,pair,249,8.586,25,34,10.04,20.33,13.65,15.13,5.38,10.94,9.09,83.26,86.42
L2::P::taker_total_vol_60m_ge_433960.49+local_range_30m_pct_le_0.7621::top1,pair+top1,27,0.931,3,2,11.11,2.44,7.41,23.08,0.0,0.0,18.75,53.4,40.87
L2::P::taker_total_vol_60m_le_433960.49+local_range_30m_pct_ge_0.4406,pair,255,8.793,39,43,15.29,31.71,16.86,15.75,14.84,17.86,13.29,87.09,58.75
L2::P::taker_total_vol_60m_le_433960.49+local_range_30m_pct_ge_0.4406::top1,pair+top1,29,1.0,6,2,20.69,4.88,6.9,21.43,20.0,27.27,16.67,104.19,79.02
L2::P::taker_total_vol_60m_le_433960.49+local_range_30m_pct_le_0.4406,pair,268,9.241,41,25,15.3,33.33,9.33,16.67,14.46,13.38,17.46,114.78,111.33
L2::P::taker_total_vol_60m_le_433960.49+local_range_30m_pct_le_0.4406::top1,pair+top1,29,1.0,4,3,13.79,3.25,10.34,14.29,13.33,15.38,12.5,149.09,165.27
L2::P::taker_total_vol_60m_le_433960.49+local_range_30m_pct_ge_0.5848,pair,123,4.241,24,23,19.51,19.51,18.7,20.55,18.0,23.64,16.18,91.46,57.36
L2::P::taker_total_vol_60m_le_433960.49+local_range_30m_pct_ge_0.5848::top1,pair+top1,26,0.897,4,3,15.38,3.25,11.54,25.0,7.14,21.43,8.33,80.82,49.8
L2::P::taker_total_vol_60m_le_433960.49+local_range_30m_pct_le_0.5848,pair,400,13.793,56,45,14.0,45.53,11.25,14.1,13.93,13.13,14.85,105.49,94.81
L2::P::taker_total_vol_60m_le_433960.49+local_range_30m_pct_le_0.5848::top1,pair+top1,29,1.0,5,1,17.24,4.07,3.45,14.29,20.0,22.22,15.0,130.67,140.95
L2::P::taker_total_vol_60m_le_433960.49+local_range_30m_pct_ge_0.7621,pair,39,1.345,5,10,12.82,4.07,25.64,14.81,8.33,11.11,14.29,102.64,63.5
L2::P::taker_total_vol_60m_le_433960.49+local_range_30m_pct_ge_0.7621::top1,pair+top1,16,0.552,1,3,6.25,0.81,18.75,10.0,0.0,0.0,10.0,63.5,63.5
L2::P::taker_total_vol_60m_le_433960.49+local_range_30m_pct_le_0.7621,pair,483,16.655,75,58,15.53,60.98,12.01,16.34,14.95,15.74,15.32,101.19,87.97
L2::P::taker_total_vol_60m_le_433960.49+local_range_30m_pct_le_0.7621::top1,pair+top1,29,1.0,6,2,20.69,4.88,6.9,21.43,20.0,30.0,15.79,110.61,98.96
L2::P::taker_total_vol_60m_ge_650781.92+local_range_30m_pct_ge_0.4406,pair,301,10.379,17,41,5.65,13.82,13.62,7.55,3.52,4.83,6.41,88.41,109.12
L2::P::taker_total_vol_60m_ge_650781.92+local_range_30m_pct_ge_0.4406::top1,pair+top1,26,0.897,0,2,0.0,0.0,7.69,0.0,0.0,0.0,0.0,,
L2::P::taker_total_vol_60m_ge_650781.92+local_range_30m_pct_le_0.4406,pair,13,0.448,1,3,7.69,0.81,23.08,0.0,9.09,14.29,0.0,4.47,4.47
L2::P::taker_total_vol_60m_ge_650781.92+local_range_30m_pct_le_0.4406::top1,pair+top1,6,0.207,1,3,16.67,0.81,50.0,0.0,25.0,33.33,0.0,4.47,4.47
L2::P::taker_total_vol_60m_ge_650781.92+local_range_30m_pct_ge_0.5848,pair,268,9.241,11,38,4.1,8.94,14.18,4.11,4.1,4.03,4.17,82.2,53.18
L2::P::taker_total_vol_60m_ge_650781.92+local_range_30m_pct_ge_0.5848::top1,pair+top1,25,0.862,0,2,0.0,0.0,8.0,0.0,0.0,0.0,0.0,,
L2::P::taker_total_vol_60m_ge_650781.92+local_range_30m_pct_le_0.5848,pair,46,1.586,7,6,15.22,5.69,13.04,40.0,3.23,10.71,22.22,86.18,122.35
L2::P::taker_total_vol_60m_ge_650781.92+local_range_30m_pct_le_0.5848::top1,pair+top1,15,0.517,3,3,20.0,2.44,20.0,40.0,10.0,12.5,28.57,59.22,40.87
L2::P::taker_total_vol_60m_ge_650781.92+local_range_30m_pct_ge_0.7621,pair,205,7.069,7,27,3.41,5.69,13.17,3.42,3.41,3.06,3.74,59.55,41.32
L2::P::taker_total_vol_60m_ge_650781.92+local_range_30m_pct_ge_0.7621::top1,pair+top1,25,0.862,1,2,4.0,0.81,8.0,0.0,7.69,8.33,0.0,166.8,166.8
L2::P::taker_total_vol_60m_ge_650781.92+local_range_30m_pct_le_0.7621,pair,109,3.759,11,17,10.09,8.94,15.6,18.18,4.62,9.26,10.91,99.15,114.15
L2::P::taker_total_vol_60m_ge_650781.92+local_range_30m_pct_le_0.7621::top1,pair+top1,23,0.793,2,3,8.7,1.63,13.04,20.0,0.0,0.0,14.29,86.59,86.59
L2::P::taker_total_vol_60m_le_650781.92+local_range_30m_pct_ge_0.4406,pair,431,14.862,61,65,14.15,49.59,15.08,16.3,11.76,17.41,11.3,88.88,71.68
L2::P::taker_total_vol_60m_le_650781.92+local_range_30m_pct_ge_0.4406::top1,pair+top1,29,1.0,5,2,17.24,4.07,6.9,14.29,20.0,23.08,12.5,115.35,101.07
L2::P::taker_total_vol_60m_le_650781.92+local_range_30m_pct_le_0.4406,pair,300,10.345,45,30,15.0,36.59,10.0,15.97,14.36,13.38,16.78,111.97,111.33
L2::P::taker_total_vol_60m_le_650781.92+local_range_30m_pct_le_0.4406::top1,pair+top1,29,1.0,4,3,13.79,3.25,10.34,14.29,13.33,14.29,13.33,149.09,165.27
L2::P::taker_total_vol_60m_le_650781.92+local_range_30m_pct_ge_0.5848,pair,255,8.793,43,38,16.86,34.96,14.9,20.0,12.38,21.31,12.78,92.02,81.0
L2::P::taker_total_vol_60m_le_650781.92+local_range_30m_pct_ge_0.5848::top1,pair+top1,29,1.0,3,4,10.34,2.44,13.79,14.29,6.67,17.65,0.0,99.82,71.68
L2::P::taker_total_vol_60m_le_650781.92+local_range_30m_pct_le_0.5848,pair,476,16.414,63,57,13.24,51.22,11.97,13.27,13.21,12.77,13.69,103.23,92.63
L2::P::taker_total_vol_60m_le_650781.92+local_range_30m_pct_le_0.5848::top1,pair+top1,29,1.0,5,1,17.24,4.07,3.45,14.29,20.0,20.0,15.79,130.67,140.95
L2::P::taker_total_vol_60m_le_650781.92+local_range_30m_pct_ge_0.7621,pair,110,3.793,16,20,14.55,13.01,18.18,17.14,10.0,18.37,11.48,110.68,84.19
L2::P::taker_total_vol_60m_le_650781.92+local_range_30m_pct_ge_0.7621::top1,pair+top1,24,0.828,1,3,4.17,0.81,12.5,7.14,0.0,8.33,0.0,71.68,71.68
L2::P::taker_total_vol_60m_le_650781.92+local_range_30m_pct_le_0.7621,pair,622,21.448,90,75,14.47,73.17,12.06,15.94,13.29,15.16,13.78,96.55,87.19
L2::P::taker_total_vol_60m_le_650781.92+local_range_30m_pct_le_0.7621::top1,pair+top1,29,1.0,5,2,17.24,4.07,6.9,14.29,20.0,27.27,11.11,123.06,140.95
L2::P::taker_total_vol_60m_ge_291971.48+conf_opposite_thinning_ge_0.4997,pair,522,18.0,46,76,8.81,37.4,14.56,10.04,7.6,11.02,6.72,110.58,105.05
L2::P::taker_total_vol_60m_ge_291971.48+conf_opposite_thinning_ge_0.4997::top1,pair+top1,29,1.0,0,2,0.0,0.0,6.9,0.0,0.0,0.0,0.0,,
L2::P::taker_total_vol_60m_ge_291971.48+conf_opposite_thinning_le_0.4997,pair,210,7.241,28,30,13.33,22.76,14.29,17.54,8.33,14.85,11.93,75.4,78.97
L2::P::taker_total_vol_60m_ge_291971.48+conf_opposite_thinning_le_0.4997::top1,pair+top1,29,1.0,2,6,6.9,1.63,20.69,7.14,6.67,13.33,0.0,145.64,145.64
L2::P::taker_total_vol_60m_ge_291971.48+conf_opposite_thinning_ge_0.5003,pair,361,12.448,36,49,9.97,29.27,13.57,11.38,8.76,13.53,6.81,123.02,121.05
L2::P::taker_total_vol_60m_ge_291971.48+conf_opposite_thinning_ge_0.5003::top1,pair+top1,29,1.0,2,1,6.9,1.63,3.45,14.29,0.0,15.38,0.0,112.72,112.72
L2::P::taker_total_vol_60m_ge_291971.48+conf_opposite_thinning_le_0.5003,pair,371,12.793,38,57,10.24,30.89,15.36,13.11,6.67,10.75,9.73,72.87,70.22
L2::P::taker_total_vol_60m_ge_291971.48+conf_opposite_thinning_le_0.5003::top1,pair+top1,29,1.0,2,4,6.9,1.63,13.79,7.14,6.67,12.5,0.0,145.64,145.64
L2::P::taker_total_vol_60m_ge_291971.48+conf_opposite_thinning_ge_0.5008,pair,204,7.034,24,23,11.76,19.51,11.27,14.71,8.82,15.79,8.26,136.76,142.16
L2::P::taker_total_vol_60m_ge_291971.48+conf_opposite_thinning_ge_0.5008::top1,pair+top1,29,1.0,2,1,6.9,1.63,3.45,14.29,0.0,18.18,0.0,138.94,138.94
L2::P::taker_total_vol_60m_ge_291971.48+conf_opposite_thinning_le_0.5008,pair,529,18.241,50,83,9.45,40.65,15.69,11.4,7.39,10.77,8.18,78.31,80.19
L2::P::taker_total_vol_60m_ge_291971.48+conf_opposite_thinning_le_0.5008::top1,pair+top1,29,1.0,1,4,3.45,0.81,13.79,7.14,0.0,6.67,0.0,101.07,101.07
L2::P::taker_total_vol_60m_le_291971.48+conf_opposite_thinning_ge_0.4997,pair,210,7.241,33,22,15.71,26.83,10.48,14.58,16.67,15.69,15.74,89.91,62.63
L2::P::taker_total_vol_60m_le_291971.48+conf_opposite_thinning_ge_0.4997::top1,pair+top1,28,0.966,7,2,25.0,5.69,7.14,23.08,26.67,31.25,16.67,96.0,63.88
L2::P::taker_total_vol_60m_le_291971.48+conf_opposite_thinning_le_0.4997,pair,103,3.552,16,11,15.53,13.01,10.68,17.95,14.06,7.69,23.53,105.88,105.1
L2::P::taker_total_vol_60m_le_291971.48+conf_opposite_thinning_le_0.4997::top1,pair+top1,26,0.897,8,1,30.77,6.5,3.85,30.77,30.77,16.67,42.86,89.34,74.42
L2::P::taker_total_vol_60m_le_291971.48+conf_opposite_thinning_ge_0.5003,pair,162,5.586,27,18,16.67,21.95,11.11,16.46,16.87,14.29,18.82,90.83,58.75
L2::P::taker_total_vol_60m_le_291971.48+conf_opposite_thinning_ge_0.5003::top1,pair+top1,28,0.966,6,2,21.43,4.88,7.14,15.38,26.67,31.25,8.33,105.73,96.09
L2::P::taker_total_vol_60m_le_291971.48+conf_opposite_thinning_le_0.5003,pair,151,5.207,22,15,14.57,17.89,9.93,14.29,14.74,11.69,17.57,100.39,90.3
L2::P::taker_total_vol_60m_le_291971.48+conf_opposite_thinning_le_0.5003::top1,pair+top1,28,0.966,8,1,28.57,6.5,3.57,30.77,26.67,25.0,31.25,83.46,58.93
L2::P::taker_total_vol_60m_le_291971.48+conf_opposite_thinning_ge_0.5008,pair,112,3.862,15,12,13.39,12.2,10.71,11.32,15.25,13.21,13.56,82.79,53.23
L2::P::taker_total_vol_60m_le_291971.48+conf_opposite_thinning_ge_0.5008::top1,pair+top1,28,0.966,7,3,25.0,5.69,10.71,15.38,33.33,33.33,18.75,97.09,41.55
L2::P::taker_total_vol_60m_le_291971.48+conf_opposite_thinning_le_0.5008,pair,201,6.931,34,21,16.92,27.64,10.45,18.29,15.97,12.87,21.0,100.56,90.3
L2::P::taker_total_vol_60m_le_291971.48+conf_opposite_thinning_le_0.5008::top1,pair+top1,28,0.966,9,0,32.14,7.32,0.0,38.46,26.67,30.77,33.33,90.69,60.88
L2::P::taker_total_vol_60m_ge_433960.49+conf_opposite_thinning_ge_0.4997,pair,381,13.138,26,57,6.82,21.14,14.96,8.16,5.41,8.99,4.69,100.75,93.7
L2::P::taker_total_vol_60m_ge_433960.49+conf_opposite_thinning_ge_0.4997::top1,pair+top1,27,0.931,0,1,0.0,0.0,3.7,0.0,0.0,0.0,0.0,,
L2::P::taker_total_vol_60m_ge_433960.49+conf_opposite_thinning_le_0.4997,pair,142,4.897,17,14,11.97,13.82,9.86,16.87,5.08,10.61,13.16,66.85,81.0
L2::P::taker_total_vol_60m_ge_433960.49+conf_opposite_thinning_le_0.4997::top1,pair+top1,27,0.931,3,3,11.11,2.44,11.11,14.29,7.69,0.0,20.0,88.83,81.0
L2::P::taker_total_vol_60m_ge_433960.49+conf_opposite_thinning_ge_0.5003,pair,258,8.897,22,38,8.53,17.89,14.73,10.4,6.77,12.0,5.26,113.5,111.64
L2::P::taker_total_vol_60m_ge_433960.49+conf_opposite_thinning_ge_0.5003::top1,pair+top1,27,0.931,2,1,7.41,1.63,3.7,7.69,7.14,16.67,0.0,17.88,17.88
L2::P::taker_total_vol_60m_ge_433960.49+conf_opposite_thinning_le_0.5003,pair,265,9.138,21,33,7.92,17.07,12.45,11.04,3.6,6.92,8.89,59.95,76.95
L2::P::taker_total_vol_60m_ge_433960.49+conf_opposite_thinning_le_0.5003::top1,pair+top1,27,0.931,1,3,3.7,0.81,11.11,7.14,0.0,0.0,7.14,81.0,81.0
L2::P::taker_total_vol_60m_ge_433960.49+conf_opposite_thinning_ge_0.5008,pair,129,4.448,14,19,10.85,11.38,14.73,14.29,6.78,14.06,7.69,130.94,118.56
L2::P::taker_total_vol_60m_ge_433960.49+conf_opposite_thinning_ge_0.5008::top1,pair+top1,26,0.897,5,2,19.23,4.07,7.69,25.0,14.29,36.36,6.67,135.54,114.15
L2::P::taker_total_vol_60m_ge_433960.49+conf_opposite_thinning_le_0.5008,pair,394,13.586,29,52,7.36,23.58,13.2,9.57,4.86,7.85,6.9,66.3,81.0
L2::P::taker_total_vol_60m_ge_433960.49+conf_opposite_thinning_le_0.5008::top1,pair+top1,27,0.931,1,2,3.7,0.81,7.41,7.14,0.0,0.0,7.14,81.0,81.0
L2::P::taker_total_vol_60m_le_433960.49+conf_opposite_thinning_ge_0.4997,pair,352,12.138,53,41,15.06,43.09,11.65,15.0,15.1,16.27,13.98,102.53,82.85
L2::P::taker_total_vol_60m_le_433960.49+conf_opposite_thinning_ge_0.4997::top1,pair+top1,29,1.0,5,4,17.24,4.07,13.79,21.43,13.33,27.27,11.11,124.44,140.95
L2::P::taker_total_vol_60m_le_433960.49+conf_opposite_thinning_le_0.4997,pair,171,5.897,27,27,15.79,21.95,15.79,18.57,13.86,13.79,17.86,98.84,87.97
L2::P::taker_total_vol_60m_le_433960.49+conf_opposite_thinning_le_0.4997::top1,pair+top1,29,1.0,7,2,24.14,5.69,6.9,21.43,26.67,23.53,25.0,102.57,92.63
L2::P::taker_total_vol_60m_le_433960.49+conf_opposite_thinning_ge_0.5003,pair,266,9.172,41,29,15.41,33.33,10.9,15.57,15.28,15.7,15.17,106.93,96.98
L2::P::taker_total_vol_60m_le_433960.49+conf_opposite_thinning_ge_0.5003::top1,pair+top1,29,1.0,4,2,13.79,3.25,6.9,14.29,13.33,25.0,5.88,146.68,165.27
L2::P::taker_total_vol_60m_le_433960.49+conf_opposite_thinning_le_0.5003,pair,257,8.862,39,39,15.18,31.71,15.18,16.67,14.09,15.04,15.32,95.35,85.95
L2::P::taker_total_vol_60m_le_433960.49+conf_opposite_thinning_le_0.5003::top1,pair+top1,29,1.0,6,3,20.69,4.88,10.34,14.29,26.67,27.27,16.67,126.37,138.81
L2::P::taker_total_vol_60m_le_433960.49+conf_opposite_thinning_ge_0.5008,pair,188,6.483,25,16,13.3,20.33,8.51,12.79,13.73,15.66,11.43,107.64,96.98
L2::P::taker_total_vol_60m_le_433960.49+conf_opposite_thinning_ge_0.5008::top1,pair+top1,29,1.0,7,2,24.14,5.69,6.9,21.43,26.67,33.33,17.65,120.62,189.6
L2::P::taker_total_vol_60m_le_433960.49+conf_opposite_thinning_le_0.5008,pair,336,11.586,55,52,16.37,44.72,15.48,17.93,15.18,15.29,17.47,98.4,85.95
L2::P::taker_total_vol_60m_le_433960.49+conf_opposite_thinning_le_0.5008::top1,pair+top1,29,1.0,7,2,24.14,5.69,6.9,28.57,20.0,28.57,20.0,108.6,101.07
L2::P::taker_total_vol_60m_ge_650781.92+conf_opposite_thinning_ge_0.4997,pair,231,7.966,9,37,3.9,7.32,16.02,4.24,3.54,3.57,4.2,99.63,109.12
L2::P::taker_total_vol_60m_ge_650781.92+conf_opposite_thinning_ge_0.4997::top1,pair+top1,26,0.897,1,0,3.85,0.81,0.0,0.0,7.14,12.5,0.0,166.8,166.8
L2::P::taker_total_vol_60m_ge_650781.92+conf_opposite_thinning_le_0.4997,pair,83,2.862,9,7,10.84,7.32,8.43,16.28,5.0,10.0,11.63,67.87,53.18
L2::P::taker_total_vol_60m_ge_650781.92+conf_opposite_thinning_le_0.4997::top1,pair+top1,23,0.793,2,4,8.7,1.63,17.39,9.09,8.33,0.0,18.18,92.75,92.75
L2::P::taker_total_vol_60m_ge_650781.92+conf_opposite_thinning_ge_0.5003,pair,157,5.414,8,28,5.1,6.5,17.83,6.33,3.85,4.23,5.81,111.53,111.64
L2::P::taker_total_vol_60m_ge_650781.92+conf_opposite_thinning_ge_0.5003::top1,pair+top1,26,0.897,2,1,7.69,1.63,3.85,8.33,7.14,18.18,0.0,140.48,140.48
L2::P::taker_total_vol_60m_ge_650781.92+conf_opposite_thinning_le_0.5003,pair,157,5.414,10,16,6.37,8.13,10.19,8.54,4.0,6.17,6.58,61.53,47.25
L2::P::taker_total_vol_60m_ge_650781.92+conf_opposite_thinning_le_0.5003::top1,pair+top1,25,0.862,1,3,4.0,0.81,12.0,0.0,7.69,0.0,7.14,53.18,53.18
L2::P::taker_total_vol_60m_ge_650781.92+conf_opposite_thinning_ge_0.5008,pair,70,2.414,6,11,8.57,4.88,15.71,13.16,3.12,5.71,11.43,116.74,111.64
L2::P::taker_total_vol_60m_ge_650781.92+conf_opposite_thinning_ge_0.5008::top1,pair+top1,22,0.759,3,4,13.64,2.44,18.18,33.33,0.0,10.0,16.67,101.2,114.15
L2::P::taker_total_vol_60m_ge_650781.92+conf_opposite_thinning_le_0.5008,pair,244,8.414,12,33,4.92,9.76,13.52,5.69,4.13,5.13,4.72,67.25,47.25
L2::P::taker_total_vol_60m_ge_650781.92+conf_opposite_thinning_le_0.5008::top1,pair+top1,25,0.862,0,2,0.0,0.0,8.0,0.0,0.0,0.0,0.0,,
L2::P::taker_total_vol_60m_le_650781.92+conf_opposite_thinning_ge_0.4997,pair,501,17.276,71,61,14.17,57.72,12.18,15.19,13.26,16.8,11.67,102.34,86.42
L2::P::taker_total_vol_60m_le_650781.92+conf_opposite_thinning_ge_0.4997::top1,pair+top1,29,1.0,5,4,17.24,4.07,13.79,21.43,13.33,27.27,11.11,124.44,140.95
L2::P::taker_total_vol_60m_le_650781.92+conf_opposite_thinning_le_0.4997,pair,230,7.931,35,34,15.22,28.46,14.78,18.18,12.5,13.27,17.09,91.27,87.37
L2::P::taker_total_vol_60m_le_650781.92+conf_opposite_thinning_le_0.4997::top1,pair+top1,29,1.0,6,2,20.69,4.88,6.9,14.29,26.67,25.0,15.38,111.6,96.85
L2::P::taker_total_vol_60m_le_650781.92+conf_opposite_thinning_ge_0.5003,pair,366,12.621,56,39,15.3,45.53,10.66,16.77,14.07,18.18,12.63,108.89,100.91
L2::P::taker_total_vol_60m_le_650781.92+conf_opposite_thinning_ge_0.5003::top1,pair+top1,29,1.0,5,3,17.24,4.07,10.34,21.43,13.33,33.33,5.88,121.19,140.95
L2::P::taker_total_vol_60m_le_650781.92+conf_opposite_thinning_le_0.5003,pair,365,12.586,50,56,13.7,40.65,15.34,15.56,11.89,13.19,14.21,87.24,81.92
L2::P::taker_total_vol_60m_le_650781.92+conf_opposite_thinning_le_0.5003::top1,pair+top1,29,1.0,5,3,17.24,4.07,10.34,7.14,26.67,25.0,11.76,141.97,176.55
L2::P::taker_total_vol_60m_le_650781.92+conf_opposite_thinning_ge_0.5008,pair,246,8.483,34,24,13.82,27.64,9.76,14.53,13.18,18.58,9.77,115.67,106.97
L2::P::taker_total_vol_60m_le_650781.92+conf_opposite_thinning_ge_0.5008::top1,pair+top1,29,1.0,6,2,20.69,4.88,6.9,21.43,20.0,25.0,17.65,139.69,190.26
L2::P::taker_total_vol_60m_le_650781.92+conf_opposite_thinning_le_0.5008,pair,486,16.759,72,71,14.81,58.54,14.61,16.88,12.94,14.34,15.29,90.66,82.33
L2::P::taker_total_vol_60m_le_650781.92+conf_opposite_thinning_le_0.5008::top1,pair+top1,29,1.0,6,2,20.69,4.88,6.9,21.43,20.0,28.57,13.33,118.64,121.01
L2::P::taker_total_vol_60m_ge_291971.48+same_dir_zones_active_60m_ge_0.0,pair,731,25.207,74,106,10.12,60.16,14.5,12.37,7.8,12.11,8.24,97.27,86.9
L2::P::taker_total_vol_60m_ge_291971.48+same_dir_zones_active_60m_ge_0.0::top1,pair+top1,29,1.0,1,4,3.45,0.81,13.79,7.14,0.0,7.14,0.0,101.07,101.07
L2::P::taker_total_vol_60m_ge_291971.48+same_dir_zones_active_60m_le_0.0,pair,301,10.379,36,44,11.96,29.27,14.62,13.82,10.07,14.67,9.27,90.21,82.9
L2::P::taker_total_vol_60m_ge_291971.48+same_dir_zones_active_60m_le_0.0::top1,pair+top1,29,1.0,1,5,3.45,0.81,17.24,7.14,0.0,8.33,0.0,19.25,19.25
L2::P::taker_total_vol_60m_ge_291971.48+same_dir_zones_active_60m_ge_1.0,pair,430,14.828,38,62,8.84,30.89,14.42,11.36,6.19,10.24,7.56,103.95,88.08
L2::P::taker_total_vol_60m_ge_291971.48+same_dir_zones_active_60m_ge_1.0::top1,pair+top1,28,0.966,2,2,7.14,1.63,7.14,15.38,0.0,6.67,7.69,91.03,91.03
L2::P::taker_total_vol_60m_ge_291971.48+same_dir_zones_active_60m_le_1.0,pair,519,17.897,53,77,10.21,43.09,14.84,12.94,7.58,12.55,7.81,89.72,86.42
L2::P::taker_total_vol_60m_ge_291971.48+same_dir_zones_active_60m_le_1.0::top1,pair+top1,29,1.0,1,6,3.45,0.81,20.69,7.14,0.0,7.69,0.0,101.07,101.07
L2::P::taker_total_vol_60m_ge_291971.48+same_dir_zones_active_60m_ge_1.0,pair,430,14.828,38,62,8.84,30.89,14.42,11.36,6.19,10.24,7.56,103.95,88.08
L2::P::taker_total_vol_60m_ge_291971.48+same_dir_zones_active_60m_ge_1.0::top1,pair+top1,28,0.966,2,2,7.14,1.63,7.14,15.38,0.0,6.67,7.69,91.03,91.03
L2::P::taker_total_vol_60m_ge_291971.48+same_dir_zones_active_60m_le_1.0,pair,519,17.897,53,77,10.21,43.09,14.84,12.94,7.58,12.55,7.81,89.72,86.42
L2::P::taker_total_vol_60m_ge_291971.48+same_dir_zones_active_60m_le_1.0::top1,pair+top1,29,1.0,1,6,3.45,0.81,20.69,7.14,0.0,7.69,0.0,101.07,101.07
L2::P::taker_total_vol_60m_le_291971.48+same_dir_zones_active_60m_ge_0.0,pair,313,10.793,49,33,15.65,39.84,10.54,15.56,15.73,12.99,18.24,95.12,80.02
L2::P::taker_total_vol_60m_le_291971.48+same_dir_zones_active_60m_ge_0.0::top1,pair+top1,28,0.966,9,0,32.14,7.32,0.0,38.46,26.67,33.33,31.25,91.2,60.88
L2::P::taker_total_vol_60m_le_291971.48+same_dir_zones_active_60m_le_0.0,pair,147,5.069,23,17,15.65,18.7,11.56,17.19,14.46,13.43,17.5,103.19,87.97
L2::P::taker_total_vol_60m_le_291971.48+same_dir_zones_active_60m_le_0.0::top1,pair+top1,28,0.966,10,1,35.71,8.13,3.57,38.46,33.33,40.0,33.33,104.41,75.92
L2::P::taker_total_vol_60m_le_291971.48+same_dir_zones_active_60m_ge_1.0,pair,166,5.724,26,16,15.66,21.14,9.64,14.08,16.84,12.64,18.99,87.98,59.81
L2::P::taker_total_vol_60m_le_291971.48+same_dir_zones_active_60m_ge_1.0::top1,pair+top1,28,0.966,7,1,25.0,5.69,3.57,23.08,26.67,28.57,21.43,75.23,41.55
L2::P::taker_total_vol_60m_le_291971.48+same_dir_zones_active_60m_le_1.0,pair,269,9.276,43,29,15.99,34.96,10.78,16.52,15.58,14.39,17.52,100.81,87.97
L2::P::taker_total_vol_60m_le_291971.48+same_dir_zones_active_60m_le_1.0::top1,pair+top1,28,0.966,10,1,35.71,8.13,3.57,38.46,33.33,36.36,35.29,101.17,74.42
L2::P::taker_total_vol_60m_le_291971.48+same_dir_zones_active_60m_ge_1.0,pair,166,5.724,26,16,15.66,21.14,9.64,14.08,16.84,12.64,18.99,87.98,59.81
L2::P::taker_total_vol_60m_le_291971.48+same_dir_zones_active_60m_ge_1.0::top1,pair+top1,28,0.966,7,1,25.0,5.69,3.57,23.08,26.67,28.57,21.43,75.23,41.55
L2::P::taker_total_vol_60m_le_291971.48+same_dir_zones_active_60m_le_1.0,pair,269,9.276,43,29,15.99,34.96,10.78,16.52,15.58,14.39,17.52,100.81,87.97
L2::P::taker_total_vol_60m_le_291971.48+same_dir_zones_active_60m_le_1.0::top1,pair+top1,28,0.966,10,1,35.71,8.13,3.57,38.46,33.33,36.36,35.29,101.17,74.42
L2::P::taker_total_vol_60m_ge_433960.49+same_dir_zones_active_60m_ge_0.0,pair,523,18.034,43,71,8.22,34.96,13.58,10.75,5.33,9.41,7.09,87.35,81.82
L2::P::taker_total_vol_60m_ge_433960.49+same_dir_zones_active_60m_ge_0.0::top1,pair+top1,28,0.966,1,2,3.57,0.81,7.14,7.14,0.0,0.0,5.88,81.0,81.0
L2::P::taker_total_vol_60m_ge_433960.49+same_dir_zones_active_60m_le_0.0,pair,211,7.276,19,30,9.0,15.45,14.22,11.82,5.94,11.43,6.6,75.49,86.42
L2::P::taker_total_vol_60m_ge_433960.49+same_dir_zones_active_60m_le_0.0::top1,pair+top1,28,0.966,1,5,3.57,0.81,17.86,7.14,0.0,9.09,0.0,19.25,19.25
L2::P::taker_total_vol_60m_ge_433960.49+same_dir_zones_active_60m_ge_1.0,pair,312,10.759,24,41,7.69,19.51,13.14,10.06,4.9,8.0,7.41,96.73,81.41
L2::P::taker_total_vol_60m_ge_433960.49+same_dir_zones_active_60m_ge_1.0::top1,pair+top1,26,0.897,2,2,7.69,1.63,7.69,15.38,0.0,8.33,7.14,76.34,76.34
L2::P::taker_total_vol_60m_ge_433960.49+same_dir_zones_active_60m_le_1.0,pair,368,12.69,29,53,7.88,23.58,14.4,11.17,4.44,9.47,6.18,73.3,81.0
L2::P::taker_total_vol_60m_ge_433960.49+same_dir_zones_active_60m_le_1.0::top1,pair+top1,28,0.966,1,3,3.57,0.81,10.71,7.14,0.0,0.0,5.56,81.0,81.0
L2::P::taker_total_vol_60m_ge_433960.49+same_dir_zones_active_60m_ge_1.0,pair,312,10.759,24,41,7.69,19.51,13.14,10.06,4.9,8.0,7.41,96.73,81.41
L2::P::taker_total_vol_60m_ge_433960.49+same_dir_zones_active_60m_ge_1.0::top1,pair+top1,26,0.897,2,2,7.69,1.63,7.69,15.38,0.0,8.33,7.14,76.34,76.34
L2::P::taker_total_vol_60m_ge_433960.49+same_dir_zones_active_60m_le_1.0,pair,368,12.69,29,53,7.88,23.58,14.4,11.17,4.44,9.47,6.18,73.3,81.0
L2::P::taker_total_vol_60m_ge_433960.49+same_dir_zones_active_60m_le_1.0::top1,pair+top1,28,0.966,1,3,3.57,0.81,10.71,7.14,0.0,0.0,5.56,81.0,81.0
L2::P::taker_total_vol_60m_le_433960.49+same_dir_zones_active_60m_ge_0.0,pair,522,18.0,80,68,15.33,65.04,13.03,16.16,14.68,15.42,15.24,101.28,87.97
L2::P::taker_total_vol_60m_le_433960.49+same_dir_zones_active_60m_ge_0.0::top1,pair+top1,29,1.0,6,2,20.69,4.88,6.9,21.43,20.0,30.0,15.79,110.61,98.96
L2::P::taker_total_vol_60m_le_433960.49+same_dir_zones_active_60m_le_0.0,pair,236,8.138,40,31,16.95,32.52,13.14,18.1,16.03,17.12,16.8,104.67,87.97
L2::P::taker_total_vol_60m_le_433960.49+same_dir_zones_active_60m_le_0.0::top1,pair+top1,29,1.0,8,4,27.59,6.5,13.79,28.57,26.67,37.5,23.81,118.36,102.41
L2::P::taker_total_vol_60m_le_433960.49+same_dir_zones_active_60m_ge_1.0,pair,286,9.862,40,37,13.99,32.52,12.94,14.52,13.58,14.08,13.89,97.9,87.37
L2::P::taker_total_vol_60m_le_433960.49+same_dir_zones_active_60m_ge_1.0::top1,pair+top1,29,1.0,6,1,20.69,4.88,3.45,14.29,26.67,23.08,18.75,90.44,71.31
L2::P::taker_total_vol_60m_le_433960.49+same_dir_zones_active_60m_le_1.0,pair,419,14.448,67,53,15.99,54.47,12.65,17.13,15.13,16.67,15.35,103.94,88.78
L2::P::taker_total_vol_60m_le_433960.49+same_dir_zones_active_60m_le_1.0::top1,pair+top1,29,1.0,8,4,27.59,6.5,13.79,28.57,26.67,37.5,23.81,114.44,100.91
L2::P::taker_total_vol_60m_le_433960.49+same_dir_zones_active_60m_ge_1.0,pair,286,9.862,40,37,13.99,32.52,12.94,14.52,13.58,14.08,13.89,97.9,87.37
L2::P::taker_total_vol_60m_le_433960.49+same_dir_zones_active_60m_ge_1.0::top1,pair+top1,29,1.0,6,1,20.69,4.88,3.45,14.29,26.67,23.08,18.75,90.44,71.31
L2::P::taker_total_vol_60m_le_433960.49+same_dir_zones_active_60m_le_1.0,pair,419,14.448,67,53,15.99,54.47,12.65,17.13,15.13,16.67,15.35,103.94,88.78
L2::P::taker_total_vol_60m_le_433960.49+same_dir_zones_active_60m_le_1.0::top1,pair+top1,29,1.0,8,4,27.59,6.5,13.79,28.57,26.67,37.5,23.81,114.44,100.91
L2::P::taker_total_vol_60m_ge_650781.92+same_dir_zones_active_60m_ge_0.0,pair,314,10.828,18,44,5.73,14.63,14.01,7.45,3.92,5.26,6.17,83.75,81.15
L2::P::taker_total_vol_60m_ge_650781.92+same_dir_zones_active_60m_ge_0.0::top1,pair+top1,26,0.897,0,2,0.0,0.0,7.69,0.0,0.0,0.0,0.0,,
L2::P::taker_total_vol_60m_ge_650781.92+same_dir_zones_active_60m_le_0.0,pair,132,4.552,9,19,6.82,7.32,14.39,9.09,4.55,11.11,2.9,69.54,53.18
L2::P::taker_total_vol_60m_ge_650781.92+same_dir_zones_active_60m_le_0.0::top1,pair+top1,26,0.897,1,5,3.85,0.81,19.23,8.33,0.0,9.09,0.0,114.15,114.15
L2::P::taker_total_vol_60m_ge_650781.92+same_dir_zones_active_60m_ge_1.0,pair,182,6.276,9,25,4.95,7.32,13.74,6.32,3.45,1.12,8.6,97.96,109.12
L2::P::taker_total_vol_60m_ge_650781.92+same_dir_zones_active_60m_ge_1.0::top1,pair+top1,24,0.828,2,1,8.33,1.63,4.17,18.18,0.0,0.0,14.29,86.59,86.59
L2::P::taker_total_vol_60m_ge_650781.92+same_dir_zones_active_60m_le_1.0,pair,222,7.655,12,35,5.41,9.76,15.77,7.69,3.39,7.27,3.57,67.38,50.88
L2::P::taker_total_vol_60m_ge_650781.92+same_dir_zones_active_60m_le_1.0::top1,pair+top1,26,0.897,1,4,3.85,0.81,15.38,8.33,0.0,9.09,0.0,114.15,114.15
L2::P::taker_total_vol_60m_ge_650781.92+same_dir_zones_active_60m_ge_1.0,pair,182,6.276,9,25,4.95,7.32,13.74,6.32,3.45,1.12,8.6,97.96,109.12
L2::P::taker_total_vol_60m_ge_650781.92+same_dir_zones_active_60m_ge_1.0::top1,pair+top1,24,0.828,2,1,8.33,1.63,4.17,18.18,0.0,0.0,14.29,86.59,86.59
L2::P::taker_total_vol_60m_ge_650781.92+same_dir_zones_active_60m_le_1.0,pair,222,7.655,12,35,5.41,9.76,15.77,7.69,3.39,7.27,3.57,67.38,50.88
L2::P::taker_total_vol_60m_ge_650781.92+same_dir_zones_active_60m_le_1.0::top1,pair+top1,26,0.897,1,4,3.85,0.81,15.38,8.33,0.0,9.09,0.0,114.15,114.15
L2::P::taker_total_vol_60m_le_650781.92+same_dir_zones_active_60m_ge_0.0,pair,730,25.172,106,95,14.52,86.18,13.01,16.18,13.02,15.69,13.4,98.68,86.9
L2::P::taker_total_vol_60m_le_650781.92+same_dir_zones_active_60m_ge_0.0::top1,pair+top1,29,1.0,5,2,17.24,4.07,6.9,14.29,20.0,27.27,11.11,123.06,140.95
L2::P::taker_total_vol_60m_le_650781.92+same_dir_zones_active_60m_le_0.0,pair,315,10.862,50,42,15.87,40.65,13.33,17.45,14.46,15.69,16.05,99.91,87.97
L2::P::taker_total_vol_60m_le_650781.92+same_dir_zones_active_60m_le_0.0::top1,pair+top1,29,1.0,8,4,27.59,6.5,13.79,28.57,26.67,33.33,25.0,118.36,102.41
L2::P::taker_total_vol_60m_le_650781.92+same_dir_zones_active_60m_ge_1.0,pair,415,14.31,56,53,13.49,45.53,12.77,15.23,11.93,15.69,11.37,97.59,84.4
L2::P::taker_total_vol_60m_le_650781.92+same_dir_zones_active_60m_ge_1.0::top1,pair+top1,29,1.0,5,1,17.24,4.07,3.45,7.14,26.67,20.0,14.29,101.53,101.07
L2::P::taker_total_vol_60m_le_650781.92+same_dir_zones_active_60m_le_1.0,pair,566,19.517,85,71,15.02,69.11,12.54,16.92,13.33,15.79,14.23,98.71,87.97
L2::P::taker_total_vol_60m_le_650781.92+same_dir_zones_active_60m_le_1.0::top1,pair+top1,29,1.0,7,4,24.14,5.69,13.79,21.43,26.67,37.5,19.05,123.87,140.95
L2::P::taker_total_vol_60m_le_650781.92+same_dir_zones_active_60m_ge_1.0,pair,415,14.31,56,53,13.49,45.53,12.77,15.23,11.93,15.69,11.37,97.59,84.4
L2::P::taker_total_vol_60m_le_650781.92+same_dir_zones_active_60m_ge_1.0::top1,pair+top1,29,1.0,5,1,17.24,4.07,3.45,7.14,26.67,20.0,14.29,101.53,101.07
L2::P::taker_total_vol_60m_le_650781.92+same_dir_zones_active_60m_le_1.0,pair,566,19.517,85,71,15.02,69.11,12.54,16.92,13.33,15.79,14.23,98.71,87.97
L2::P::taker_total_vol_60m_le_650781.92+same_dir_zones_active_60m_le_1.0::top1,pair+top1,29,1.0,7,4,24.14,5.69,13.79,21.43,26.67,37.5,19.05,123.87,140.95
L2::P::taker_total_vol_60m_ge_291971.48+abs_prior_move_60m_pct_ge_0.2503,pair,589,20.31,56,82,9.51,45.53,13.92,11.61,7.17,10.42,8.64,84.88,81.41
L2::P::taker_total_vol_60m_ge_291971.48+abs_prior_move_60m_pct_ge_0.2503::top1,pair+top1,29,1.0,0,4,0.0,0.0,13.79,0.0,0.0,0.0,0.0,,
L2::P::taker_total_vol_60m_ge_291971.48+abs_prior_move_60m_pct_le_0.2503,pair,143,4.931,18,24,12.59,14.63,16.78,16.13,9.88,19.12,6.67,135.8,142.16
L2::P::taker_total_vol_60m_ge_291971.48+abs_prior_move_60m_pct_le_0.2503::top1,pair+top1,26,0.897,3,1,11.54,2.44,3.85,14.29,8.33,13.33,9.09,137.16,149.15
L2::P::taker_total_vol_60m_ge_291971.48+abs_prior_move_60m_pct_ge_0.4065,pair,466,16.069,40,64,8.58,32.52,13.73,11.65,5.07,8.18,8.94,69.15,58.34
L2::P::taker_total_vol_60m_ge_291971.48+abs_prior_move_60m_pct_ge_0.4065::top1,pair+top1,29,1.0,1,3,3.45,0.81,10.34,7.14,0.0,5.26,0.0,206.2,206.2
L2::P::taker_total_vol_60m_ge_291971.48+abs_prior_move_60m_pct_le_0.4065,pair,265,9.138,34,42,12.83,27.64,15.85,13.82,11.97,18.52,6.92,130.35,122.66
L2::P::taker_total_vol_60m_ge_291971.48+abs_prior_move_60m_pct_le_0.4065::top1,pair+top1,26,0.897,2,1,7.69,1.63,3.85,7.14,8.33,9.09,6.67,125.11,125.11
L2::P::taker_total_vol_60m_ge_291971.48+abs_prior_move_60m_pct_ge_0.612,pair,307,10.586,21,48,6.84,17.07,15.64,8.57,4.55,7.09,6.63,42.33,38.08
L2::P::taker_total_vol_60m_ge_291971.48+abs_prior_move_60m_pct_ge_0.612::top1,pair+top1,25,0.862,1,2,4.0,0.81,8.0,7.69,0.0,6.67,0.0,47.12,47.12
L2::P::taker_total_vol_60m_ge_291971.48+abs_prior_move_60m_pct_le_0.612,pair,425,14.655,53,58,12.47,43.09,13.65,15.74,9.65,15.35,9.52,119.03,119.13
L2::P::taker_total_vol_60m_ge_291971.48+abs_prior_move_60m_pct_le_0.612::top1,pair+top1,29,1.0,3,3,10.34,2.44,10.34,14.29,6.67,9.09,11.11,110.41,101.07
L2::P::taker_total_vol_60m_le_291971.48+abs_prior_move_60m_pct_ge_0.2503,pair,142,4.897,27,20,19.01,21.95,14.08,21.74,16.44,19.67,18.52,101.11,92.63
L2::P::taker_total_vol_60m_le_291971.48+abs_prior_move_60m_pct_ge_0.2503::top1,pair+top1,27,0.931,7,3,25.93,5.69,11.11,30.77,21.43,30.0,23.53,89.14,56.98
L2::P::taker_total_vol_60m_le_291971.48+abs_prior_move_60m_pct_le_0.2503,pair,171,5.897,22,13,12.87,17.89,7.6,9.09,15.24,8.6,17.95,87.77,63.26
L2::P::taker_total_vol_60m_le_291971.48+abs_prior_move_60m_pct_le_0.2503::top1,pair+top1,26,0.897,5,2,19.23,4.07,7.69,18.18,20.0,23.08,15.38,120.92,140.95
L2::P::taker_total_vol_60m_le_291971.48+abs_prior_move_60m_pct_ge_0.4065,pair,56,1.931,6,11,10.71,4.88,19.64,11.11,10.34,14.29,8.57,167.48,169.07
L2::P::taker_total_vol_60m_le_291971.48+abs_prior_move_60m_pct_ge_0.4065::top1,pair+top1,24,0.828,3,4,12.5,2.44,16.67,9.09,15.38,14.29,11.76,187.31,175.55
L2::P::taker_total_vol_60m_le_291971.48+abs_prior_move_60m_pct_le_0.4065,pair,258,8.897,43,22,16.67,34.96,8.53,16.67,16.67,12.78,20.8,85.02,62.63
L2::P::taker_total_vol_60m_le_291971.48+abs_prior_move_60m_pct_le_0.4065::top1,pair+top1,28,0.966,9,0,32.14,7.32,0.0,38.46,26.67,33.33,31.25,91.2,60.88
L2::P::taker_total_vol_60m_le_291971.48+abs_prior_move_60m_pct_ge_0.612,pair,7,0.241,0,4,0.0,0.0,57.14,0.0,0.0,0.0,0.0,,
L2::P::taker_total_vol_60m_le_291971.48+abs_prior_move_60m_pct_ge_0.612::top1,pair+top1,4,0.138,0,2,0.0,0.0,50.0,0.0,0.0,0.0,0.0,,
L2::P::taker_total_vol_60m_le_291971.48+abs_prior_move_60m_pct_le_0.612,pair,306,10.552,49,29,16.01,39.84,9.48,16.28,15.82,13.16,18.83,95.12,80.02
L2::P::taker_total_vol_60m_le_291971.48+abs_prior_move_60m_pct_le_0.612::top1,pair+top1,28,0.966,9,0,32.14,7.32,0.0,38.46,26.67,33.33,31.25,91.2,60.88
L2::P::taker_total_vol_60m_ge_433960.49+abs_prior_move_60m_pct_ge_0.2503,pair,448,15.448,35,60,7.81,28.46,13.39,10.29,4.88,7.41,8.19,73.05,81.0
L2::P::taker_total_vol_60m_ge_433960.49+abs_prior_move_60m_pct_ge_0.2503::top1,pair+top1,28,0.966,2,1,7.14,1.63,3.57,7.14,7.14,7.69,6.67,48.76,48.76
L2::P::taker_total_vol_60m_ge_433960.49+abs_prior_move_60m_pct_le_0.2503,pair,75,2.586,8,11,10.67,6.5,14.67,13.89,7.69,20.51,0.0,149.92,135.93
L2::P::taker_total_vol_60m_ge_433960.49+abs_prior_move_60m_pct_le_0.2503::top1,pair+top1,24,0.828,4,3,16.67,3.25,12.5,25.0,8.33,21.05,0.0,157.01,164.88
L2::P::taker_total_vol_60m_ge_433960.49+abs_prior_move_60m_pct_ge_0.4065,pair,372,12.828,28,48,7.53,22.76,12.9,10.5,4.07,6.29,8.63,56.59,41.09
L2::P::taker_total_vol_60m_ge_433960.49+abs_prior_move_60m_pct_ge_0.4065::top1,pair+top1,28,0.966,2,0,7.14,1.63,0.0,7.14,7.14,7.69,6.67,48.76,48.76
L2::P::taker_total_vol_60m_ge_433960.49+abs_prior_move_60m_pct_le_0.4065,pair,151,5.207,15,23,9.93,12.2,15.23,11.39,8.33,16.25,2.82,144.76,122.35
L2::P::taker_total_vol_60m_ge_433960.49+abs_prior_move_60m_pct_le_0.4065::top1,pair+top1,25,0.862,1,2,4.0,0.81,8.0,7.69,0.0,7.69,0.0,71.68,71.68
L2::P::taker_total_vol_60m_ge_433960.49+abs_prior_move_60m_pct_ge_0.612,pair,266,9.172,16,37,6.02,13.01,13.91,7.43,4.24,4.88,6.99,34.14,15.31
L2::P::taker_total_vol_60m_ge_433960.49+abs_prior_move_60m_pct_ge_0.612::top1,pair+top1,25,0.862,1,2,4.0,0.81,8.0,0.0,8.33,0.0,7.69,53.18,53.18
L2::P::taker_total_vol_60m_ge_433960.49+abs_prior_move_60m_pct_le_0.612,pair,258,8.897,27,34,10.47,21.95,13.18,14.5,6.3,13.53,7.2,118.88,114.15
L2::P::taker_total_vol_60m_ge_433960.49+abs_prior_move_60m_pct_le_0.612::top1,pair+top1,28,0.966,2,2,7.14,1.63,7.14,14.29,0.0,10.0,5.56,76.34,76.34
L2::P::taker_total_vol_60m_le_433960.49+abs_prior_move_60m_pct_ge_0.2503,pair,283,9.759,48,42,16.96,39.02,14.84,19.12,14.97,19.55,14.67,102.64,88.38
L2::P::taker_total_vol_60m_le_433960.49+abs_prior_move_60m_pct_ge_0.2503::top1,pair+top1,29,1.0,6,3,20.69,4.88,10.34,21.43,20.0,25.0,17.65,89.33,54.1
L2::P::taker_total_vol_60m_le_433960.49+abs_prior_move_60m_pct_le_0.2503,pair,240,8.276,32,26,13.33,26.02,10.83,11.83,14.29,10.74,15.97,99.25,79.69
L2::P::taker_total_vol_60m_le_433960.49+abs_prior_move_60m_pct_le_0.2503::top1,pair+top1,29,1.0,6,3,20.69,4.88,10.34,21.43,20.0,25.0,17.65,106.6,100.91
L2::P::taker_total_vol_60m_le_433960.49+abs_prior_move_60m_pct_ge_0.4065,pair,150,5.172,18,27,12.0,14.63,18.0,14.47,9.46,15.15,9.52,121.47,114.08
L2::P::taker_total_vol_60m_le_433960.49+abs_prior_move_60m_pct_ge_0.4065::top1,pair+top1,29,1.0,2,4,6.9,1.63,13.79,7.14,6.67,9.09,5.56,178.19,178.19
L2::P::taker_total_vol_60m_le_433960.49+abs_prior_move_60m_pct_le_0.4065,pair,373,12.862,62,41,16.62,50.41,10.99,16.99,16.36,15.51,17.74,95.42,79.69
L2::P::taker_total_vol_60m_le_433960.49+abs_prior_move_60m_pct_le_0.4065::top1,pair+top1,29,1.0,7,1,24.14,5.69,3.45,28.57,20.0,25.0,23.53,103.51,60.88
L2::P::taker_total_vol_60m_le_433960.49+abs_prior_move_60m_pct_ge_0.612,pair,48,1.655,5,15,10.42,4.07,31.25,12.12,6.67,20.0,3.57,68.56,82.85
L2::P::taker_total_vol_60m_le_433960.49+abs_prior_move_60m_pct_ge_0.612::top1,pair+top1,17,0.586,1,3,5.88,0.81,17.65,11.11,0.0,12.5,0.0,47.12,47.12
L2::P::taker_total_vol_60m_le_433960.49+abs_prior_move_60m_pct_le_0.612,pair,474,16.345,75,53,15.82,60.98,11.18,16.84,15.11,15.02,16.6,103.47,92.63
L2::P::taker_total_vol_60m_le_433960.49+abs_prior_move_60m_pct_le_0.612::top1,pair+top1,29,1.0,7,2,24.14,5.69,6.9,28.57,20.0,30.0,21.05,103.51,60.88
L2::P::taker_total_vol_60m_ge_650781.92+abs_prior_move_60m_pct_ge_0.2503,pair,281,9.69,17,39,6.05,13.82,13.88,7.53,4.44,5.15,6.9,82.26,53.18
L2::P::taker_total_vol_60m_ge_650781.92+abs_prior_move_60m_pct_ge_0.2503::top1,pair+top1,26,0.897,0,2,0.0,0.0,7.69,0.0,0.0,0.0,0.0,,
L2::P::taker_total_vol_60m_ge_650781.92+abs_prior_move_60m_pct_le_0.2503,pair,33,1.138,1,5,3.03,0.81,15.15,6.67,0.0,6.25,0.0,109.12,109.12
L2::P::taker_total_vol_60m_ge_650781.92+abs_prior_move_60m_pct_le_0.2503::top1,pair+top1,17,0.586,1,3,5.88,0.81,17.65,14.29,0.0,9.09,0.0,109.12,109.12
L2::P::taker_total_vol_60m_ge_650781.92+abs_prior_move_60m_pct_ge_0.4065,pair,244,8.414,12,30,4.92,9.76,12.3,6.3,3.42,2.59,7.03,52.8,41.09
L2::P::taker_total_vol_60m_ge_650781.92+abs_prior_move_60m_pct_ge_0.4065::top1,pair+top1,26,0.897,1,1,3.85,0.81,3.85,0.0,7.14,0.0,5.88,53.18,53.18
L2::P::taker_total_vol_60m_ge_650781.92+abs_prior_move_60m_pct_le_0.4065,pair,70,2.414,6,14,8.57,4.88,20.0,11.76,5.56,13.89,2.94,145.65,122.35
L2::P::taker_total_vol_60m_ge_650781.92+abs_prior_move_60m_pct_le_0.4065::top1,pair+top1,23,0.793,0,5,0.0,0.0,21.74,0.0,0.0,0.0,0.0,,
L2::P::taker_total_vol_60m_ge_650781.92+abs_prior_move_60m_pct_ge_0.612,pair,195,6.724,9,25,4.62,7.32,12.82,4.63,4.6,3.19,5.94,36.45,24.97
L2::P::taker_total_vol_60m_ge_650781.92+abs_prior_move_60m_pct_ge_0.612::top1,pair+top1,24,0.828,1,2,4.17,0.81,8.33,0.0,8.33,0.0,6.25,53.18,53.18
L2::P::taker_total_vol_60m_ge_650781.92+abs_prior_move_60m_pct_le_0.612,pair,119,4.103,9,19,7.56,7.32,15.97,13.21,3.03,8.62,6.56,131.05,122.35
L2::P::taker_total_vol_60m_ge_650781.92+abs_prior_move_60m_pct_le_0.612::top1,pair+top1,26,0.897,1,4,3.85,0.81,15.38,8.33,0.0,0.0,6.25,132.32,132.32
L2::P::taker_total_vol_60m_le_650781.92+abs_prior_move_60m_pct_ge_0.2503,pair,450,15.517,66,63,14.67,53.66,14.0,17.17,11.98,16.43,13.08,92.2,86.19
L2::P::taker_total_vol_60m_le_650781.92+abs_prior_move_60m_pct_ge_0.2503::top1,pair+top1,29,1.0,5,3,17.24,4.07,10.34,14.29,20.0,21.43,13.33,97.52,56.98
L2::P::taker_total_vol_60m_le_650781.92+abs_prior_move_60m_pct_le_0.2503,pair,281,9.69,40,32,14.23,32.52,11.39,14.16,14.29,14.48,13.97,109.39,105.09
L2::P::taker_total_vol_60m_le_650781.92+abs_prior_move_60m_pct_le_0.2503::top1,pair+top1,29,1.0,5,2,17.24,4.07,6.9,14.29,20.0,25.0,11.76,120.92,140.95
L2::P::taker_total_vol_60m_le_650781.92+abs_prior_move_60m_pct_ge_0.4065,pair,278,9.586,34,45,12.23,27.64,16.19,16.11,7.75,14.4,10.46,92.28,84.4
L2::P::taker_total_vol_60m_le_650781.92+abs_prior_move_60m_pct_ge_0.4065::top1,pair+top1,29,1.0,1,5,3.45,0.81,17.24,7.14,0.0,6.67,0.0,206.2,206.2
L2::P::taker_total_vol_60m_le_650781.92+abs_prior_move_60m_pct_le_0.4065,pair,453,15.621,72,50,15.89,58.54,11.04,16.24,15.62,16.38,15.38,101.71,88.06
L2::P::taker_total_vol_60m_le_650781.92+abs_prior_move_60m_pct_le_0.4065::top1,pair+top1,29,1.0,7,1,24.14,5.69,3.45,28.57,20.0,25.0,23.53,103.51,60.88
L2::P::taker_total_vol_60m_le_650781.92+abs_prior_move_60m_pct_ge_0.612,pair,119,4.103,12,27,10.08,9.76,22.69,13.7,4.35,14.29,7.14,46.75,42.6
L2::P::taker_total_vol_60m_le_650781.92+abs_prior_move_60m_pct_ge_0.612::top1,pair+top1,23,0.793,1,5,4.35,0.81,21.74,8.33,0.0,8.33,0.0,47.12,47.12
L2::P::taker_total_vol_60m_le_650781.92+abs_prior_move_60m_pct_le_0.612,pair,612,21.103,94,68,15.36,76.42,11.11,16.85,14.16,15.86,14.85,105.31,94.81
L2::P::taker_total_vol_60m_le_650781.92+abs_prior_move_60m_pct_le_0.612::top1,pair+top1,29,1.0,7,2,24.14,5.69,6.9,28.57,20.0,30.0,21.05,103.51,60.88
L2::P::taker_imb_aligned_60m_ge_-0.0591+dist_to_recent_swing_high_pct_ge_0.321,pair,523,18.034,39,66,7.46,31.71,12.62,9.47,5.41,9.8,5.96,114.48,119.13
L2::P::taker_imb_aligned_60m_ge_-0.0591+dist_to_recent_swing_high_pct_ge_0.321::top1,pair+top1,29,1.0,2,1,6.9,1.63,3.45,7.14,6.67,16.67,4.35,121.08,121.08
L2::P::taker_imb_aligned_60m_ge_-0.0591+dist_to_recent_swing_high_pct_le_0.321,pair,209,7.207,34,23,16.27,27.64,11.0,20.59,12.15,14.91,20.83,87.28,76.64
L2::P::taker_imb_aligned_60m_ge_-0.0591+dist_to_recent_swing_high_pct_le_0.321::top1,pair+top1,29,1.0,6,6,20.69,4.88,20.69,21.43,20.0,18.18,28.57,109.17,91.25
L2::P::taker_imb_aligned_60m_ge_-0.0591+dist_to_recent_swing_high_pct_ge_0.6499,pair,389,13.414,29,41,7.46,23.58,10.54,9.14,5.73,12.39,5.43,127.68,122.35
L2::P::taker_imb_aligned_60m_ge_-0.0591+dist_to_recent_swing_high_pct_ge_0.6499::top1,pair+top1,29,1.0,1,2,3.45,0.81,6.9,0.0,6.67,0.0,3.85,190.93,190.93
L2::P::taker_imb_aligned_60m_ge_-0.0591+dist_to_recent_swing_high_pct_le_0.6499,pair,342,11.793,44,48,12.87,35.77,14.04,16.67,9.2,11.95,15.38,84.76,71.06
L2::P::taker_imb_aligned_60m_ge_-0.0591+dist_to_recent_swing_high_pct_le_0.6499::top1,pair+top1,29,1.0,7,3,24.14,5.69,10.34,28.57,20.0,26.32,20.0,102.28,51.23
L2::P::taker_imb_aligned_60m_ge_-0.0591+dist_to_recent_swing_high_pct_ge_1.062,pair,235,8.103,7,24,2.98,5.69,10.21,3.77,2.33,6.25,2.14,116.59,132.32
L2::P::taker_imb_aligned_60m_ge_-0.0591+dist_to_recent_swing_high_pct_ge_1.062::top1,pair+top1,26,0.897,0,1,0.0,0.0,3.85,0.0,0.0,0.0,0.0,,
L2::P::taker_imb_aligned_60m_ge_-0.0591+dist_to_recent_swing_high_pct_le_1.062,pair,496,17.103,66,65,13.31,53.66,13.1,16.22,10.13,12.97,13.89,100.24,88.38
L2::P::taker_imb_aligned_60m_ge_-0.0591+dist_to_recent_swing_high_pct_le_1.062::top1,pair+top1,29,1.0,6,2,20.69,4.88,6.9,28.57,13.33,33.33,7.14,141.73,151.1
L2::P::taker_imb_aligned_60m_le_-0.0591+dist_to_recent_swing_high_pct_ge_0.321,pair,208,7.172,29,31,13.94,23.58,14.9,17.89,10.62,10.57,18.82,95.02,87.37
L2::P::taker_imb_aligned_60m_le_-0.0591+dist_to_recent_swing_high_pct_ge_0.321::top1,pair+top1,29,1.0,5,4,17.24,4.07,13.79,14.29,20.0,16.67,18.18,102.49,92.63
L2::P::taker_imb_aligned_60m_le_-0.0591+dist_to_recent_swing_high_pct_le_0.321,pair,105,3.621,21,19,20.0,17.07,18.1,8.7,28.81,28.57,17.86,79.56,48.58
L2::P::taker_imb_aligned_60m_le_-0.0591+dist_to_recent_swing_high_pct_le_0.321::top1,pair+top1,27,0.931,7,3,25.93,5.69,11.11,14.29,38.46,40.0,22.73,92.26,60.88
L2::P::taker_imb_aligned_60m_le_-0.0591+dist_to_recent_swing_high_pct_ge_0.6499,pair,133,4.586,12,23,9.02,9.76,17.29,13.79,5.33,6.73,17.24,67.05,63.5
L2::P::taker_imb_aligned_60m_le_-0.0591+dist_to_recent_swing_high_pct_ge_0.6499::top1,pair+top1,27,0.931,2,5,7.41,1.63,18.52,8.33,6.67,9.52,0.0,72.93,72.93
L2::P::taker_imb_aligned_60m_le_-0.0591+dist_to_recent_swing_high_pct_le_0.6499,pair,181,6.241,38,27,20.99,30.89,14.92,15.66,25.51,29.27,18.57,95.31,71.95
L2::P::taker_imb_aligned_60m_le_-0.0591+dist_to_recent_swing_high_pct_le_0.6499::top1,pair+top1,29,1.0,10,2,34.48,8.13,6.9,28.57,40.0,44.44,30.0,88.31,70.45
L2::P::taker_imb_aligned_60m_le_-0.0591+dist_to_recent_swing_high_pct_ge_1.062,pair,79,2.724,6,18,7.59,4.88,22.78,14.29,2.27,5.8,20.0,53.32,63.5
L2::P::taker_imb_aligned_60m_le_-0.0591+dist_to_recent_swing_high_pct_ge_1.062::top1,pair+top1,23,0.793,1,5,4.35,0.81,21.74,9.09,0.0,5.26,0.0,19.25,19.25
L2::P::taker_imb_aligned_60m_le_-0.0591+dist_to_recent_swing_high_pct_le_1.062,pair,235,8.103,44,32,18.72,35.77,13.62,14.95,21.88,19.74,18.24,93.33,71.95
L2::P::taker_imb_aligned_60m_le_-0.0591+dist_to_recent_swing_high_pct_le_1.062::top1,pair+top1,29,1.0,8,2,27.59,6.5,6.9,14.29,40.0,36.36,22.22,96.83,70.45
L2::P::taker_imb_aligned_60m_ge_0.0189+dist_to_recent_swing_high_pct_ge_0.321,pair,361,12.448,22,45,6.09,17.89,12.47,8.33,3.87,8.55,4.92,123.35,122.35
L2::P::taker_imb_aligned_60m_ge_0.0189+dist_to_recent_swing_high_pct_ge_0.321::top1,pair+top1,29,1.0,0,1,0.0,0.0,3.45,0.0,0.0,0.0,0.0,,
L2::P::taker_imb_aligned_60m_ge_0.0189+dist_to_recent_swing_high_pct_le_0.321,pair,162,5.586,24,16,14.81,19.51,9.88,19.75,9.88,14.6,16.0,77.76,76.64
L2::P::taker_imb_aligned_60m_ge_0.0189+dist_to_recent_swing_high_pct_le_0.321::top1,pair+top1,29,1.0,4,6,13.79,3.25,20.69,14.29,13.33,12.5,20.0,45.57,41.19
L2::P::taker_imb_aligned_60m_ge_0.0189+dist_to_recent_swing_high_pct_ge_0.6499,pair,265,9.138,17,26,6.42,13.82,9.81,8.33,4.51,12.24,5.09,138.68,139.2
L2::P::taker_imb_aligned_60m_ge_0.0189+dist_to_recent_swing_high_pct_ge_0.6499::top1,pair+top1,29,1.0,0,2,0.0,0.0,6.9,0.0,0.0,0.0,0.0,,
L2::P::taker_imb_aligned_60m_ge_0.0189+dist_to_recent_swing_high_pct_le_0.6499,pair,257,8.862,29,35,11.28,23.58,13.62,15.62,6.98,11.76,9.43,76.64,71.68
L2::P::taker_imb_aligned_60m_ge_0.0189+dist_to_recent_swing_high_pct_le_0.6499::top1,pair+top1,29,1.0,3,4,10.34,2.44,13.79,14.29,6.67,9.09,14.29,47.15,41.55
L2::P::taker_imb_aligned_60m_ge_0.0189+dist_to_recent_swing_high_pct_ge_1.062,pair,167,5.759,2,13,1.2,1.63,7.78,1.32,1.1,0.0,1.31,193.87,193.87
L2::P::taker_imb_aligned_60m_ge_0.0189+dist_to_recent_swing_high_pct_ge_1.062::top1,pair+top1,25,0.862,0,1,0.0,0.0,4.0,0.0,0.0,0.0,0.0,,
L2::P::taker_imb_aligned_60m_ge_0.0189+dist_to_recent_swing_high_pct_le_1.062,pair,355,12.241,44,48,12.39,35.77,13.52,16.3,8.19,12.55,12.07,95.28,86.96
L2::P::taker_imb_aligned_60m_ge_0.0189+dist_to_recent_swing_high_pct_le_1.062::top1,pair+top1,29,1.0,1,3,3.45,0.81,10.34,7.14,0.0,5.56,0.0,161.25,161.25
L2::P::taker_imb_aligned_60m_le_0.0189+dist_to_recent_swing_high_pct_ge_0.321,pair,370,12.759,46,52,12.43,37.4,14.05,15.08,9.95,10.95,14.38,97.97,96.85
L2::P::taker_imb_aligned_60m_le_0.0189+dist_to_recent_swing_high_pct_ge_0.321::top1,pair+top1,29,1.0,7,2,24.14,5.69,6.9,21.43,26.67,26.32,20.0,138.25,149.15
L2::P::taker_imb_aligned_60m_le_0.0189+dist_to_recent_swing_high_pct_le_0.321,pair,152,5.241,31,26,20.39,25.2,17.11,13.43,25.88,22.22,19.63,89.42,56.98
L2::P::taker_imb_aligned_60m_le_0.0189+dist_to_recent_swing_high_pct_le_0.321::top1,pair+top1,29,1.0,9,3,31.03,7.32,10.34,28.57,33.33,44.44,25.0,91.61,60.88
L2::P::taker_imb_aligned_60m_le_0.0189+dist_to_recent_swing_high_pct_ge_0.6499,pair,257,8.862,24,38,9.34,19.51,14.79,12.2,6.72,8.93,10.11,89.57,87.76
L2::P::taker_imb_aligned_60m_le_0.0189+dist_to_recent_swing_high_pct_ge_0.6499::top1,pair+top1,29,1.0,4,3,13.79,3.25,10.34,14.29,13.33,14.29,12.5,147.71,146.0
L2::P::taker_imb_aligned_60m_le_0.0189+dist_to_recent_swing_high_pct_le_0.6499,pair,266,9.172,53,40,19.92,43.09,15.04,17.07,22.38,20.45,19.66,96.77,63.88
L2::P::taker_imb_aligned_60m_le_0.0189+dist_to_recent_swing_high_pct_le_0.6499::top1,pair+top1,29,1.0,10,2,34.48,8.13,6.9,35.71,33.33,50.0,23.53,91.76,70.45
L2::P::taker_imb_aligned_60m_le_0.0189+dist_to_recent_swing_high_pct_ge_1.062,pair,147,5.069,11,29,7.48,8.94,19.73,12.31,3.66,6.8,9.09,68.03,63.5
L2::P::taker_imb_aligned_60m_le_0.0189+dist_to_recent_swing_high_pct_ge_1.062::top1,pair+top1,26,0.897,1,3,3.85,0.81,11.54,7.69,0.0,6.25,0.0,19.25,19.25
L2::P::taker_imb_aligned_60m_le_0.0189+dist_to_recent_swing_high_pct_le_1.062,pair,376,12.966,66,49,17.55,53.66,13.03,15.38,19.59,16.99,17.94,98.94,87.28
L2::P::taker_imb_aligned_60m_le_0.0189+dist_to_recent_swing_high_pct_le_1.062::top1,pair+top1,29,1.0,8,2,27.59,6.5,6.9,28.57,26.67,35.71,20.0,98.19,80.97
L2::P::taker_imb_aligned_60m_ge_0.0814+dist_to_recent_swing_high_pct_ge_0.321,pair,207,7.138,12,23,5.8,9.76,11.11,10.47,2.48,13.46,3.23,113.23,99.27
L2::P::taker_imb_aligned_60m_ge_0.0814+dist_to_recent_swing_high_pct_ge_0.321::top1,pair+top1,29,1.0,1,2,3.45,0.81,6.9,7.14,0.0,12.5,0.0,197.58,197.58
L2::P::taker_imb_aligned_60m_ge_0.0814+dist_to_recent_swing_high_pct_le_0.321,pair,108,3.724,15,10,13.89,12.2,9.26,20.0,8.62,14.43,9.09,91.63,85.95
L2::P::taker_imb_aligned_60m_ge_0.0814+dist_to_recent_swing_high_pct_le_0.321::top1,pair+top1,25,0.862,3,4,12.0,2.44,16.0,18.18,7.14,13.04,0.0,18.04,11.93
L2::P::taker_imb_aligned_60m_ge_0.0814+dist_to_recent_swing_high_pct_ge_0.6499,pair,155,5.345,9,16,5.81,7.32,10.32,10.94,2.2,22.22,3.65,123.26,100.98
L2::P::taker_imb_aligned_60m_ge_0.0814+dist_to_recent_swing_high_pct_ge_0.6499::top1,pair+top1,28,0.966,1,2,3.57,0.81,7.14,7.69,0.0,33.33,0.0,197.58,197.58
L2::P::taker_imb_aligned_60m_ge_0.0814+dist_to_recent_swing_high_pct_le_0.6499,pair,159,5.483,18,17,11.32,14.63,10.69,16.9,6.82,13.08,3.45,90.22,84.4
L2::P::taker_imb_aligned_60m_ge_0.0814+dist_to_recent_swing_high_pct_le_0.6499::top1,pair+top1,27,0.931,3,4,11.11,2.44,14.81,16.67,6.67,12.5,0.0,18.04,11.93
L2::P::taker_imb_aligned_60m_ge_0.0814+dist_to_recent_swing_high_pct_ge_1.062,pair,97,3.345,0,10,0.0,0.0,10.31,0.0,0.0,0.0,0.0,,
L2::P::taker_imb_aligned_60m_ge_0.0814+dist_to_recent_swing_high_pct_ge_1.062::top1,pair+top1,23,0.793,0,1,0.0,0.0,4.35,0.0,0.0,0.0,0.0,,
L2::P::taker_imb_aligned_60m_ge_0.0814+dist_to_recent_swing_high_pct_le_1.062,pair,217,7.483,27,23,12.44,21.95,10.6,18.81,6.9,14.48,8.33,101.23,88.78
L2::P::taker_imb_aligned_60m_ge_0.0814+dist_to_recent_swing_high_pct_le_1.062::top1,pair+top1,29,1.0,4,4,13.79,3.25,13.79,21.43,6.67,20.0,0.0,125.34,131.12
L2::P::taker_imb_aligned_60m_le_0.0814+dist_to_recent_swing_high_pct_ge_0.321,pair,524,18.069,56,74,10.69,45.53,14.12,12.09,9.16,9.45,12.05,104.67,106.97
L2::P::taker_imb_aligned_60m_le_0.0814+dist_to_recent_swing_high_pct_ge_0.321::top1,pair+top1,29,1.0,6,2,20.69,4.88,6.9,14.29,26.67,28.57,13.33,144.45,162.85
L2::P::taker_imb_aligned_60m_le_0.0814+dist_to_recent_swing_high_pct_le_0.321,pair,206,7.103,40,32,19.42,32.52,15.53,15.31,23.15,18.6,20.0,81.6,57.86
L2::P::taker_imb_aligned_60m_le_0.0814+dist_to_recent_swing_high_pct_le_0.321::top1,pair+top1,29,1.0,9,3,31.03,7.32,10.34,28.57,33.33,33.33,30.0,89.68,60.88
L2::P::taker_imb_aligned_60m_le_0.0814+dist_to_recent_swing_high_pct_ge_0.6499,pair,367,12.655,32,48,8.72,26.02,13.08,9.95,7.39,8.54,8.93,106.19,105.09
L2::P::taker_imb_aligned_60m_le_0.0814+dist_to_recent_swing_high_pct_ge_0.6499::top1,pair+top1,29,1.0,3,3,10.34,2.44,10.34,7.14,13.33,14.29,6.67,163.25,190.93
L2::P::taker_imb_aligned_60m_le_0.0814+dist_to_recent_swing_high_pct_le_0.6499,pair,364,12.552,64,58,17.58,52.03,15.93,16.11,19.02,15.34,19.4,89.49,63.26
L2::P::taker_imb_aligned_60m_le_0.0814+dist_to_recent_swing_high_pct_le_0.6499::top1,pair+top1,29,1.0,8,3,27.59,6.5,10.34,28.57,26.67,30.0,26.32,98.4,61.76
L2::P::taker_imb_aligned_60m_le_0.0814+dist_to_recent_swing_high_pct_ge_1.062,pair,217,7.483,13,32,5.99,10.57,14.75,8.41,3.64,6.14,5.83,87.39,81.82
L2::P::taker_imb_aligned_60m_le_0.0814+dist_to_recent_swing_high_pct_ge_1.062::top1,pair+top1,26,0.897,0,1,0.0,0.0,3.85,0.0,0.0,0.0,0.0,,
L2::P::taker_imb_aligned_60m_le_0.0814+dist_to_recent_swing_high_pct_le_1.062,pair,514,17.724,83,74,16.15,67.48,14.4,14.72,17.67,14.11,18.05,96.26,86.42
L2::P::taker_imb_aligned_60m_le_0.0814+dist_to_recent_swing_high_pct_le_1.062::top1,pair+top1,29,1.0,7,3,24.14,5.69,10.34,28.57,20.0,33.33,17.65,111.04,101.07
L2::P::taker_imb_aligned_60m_ge_-0.0591+taker_imb_aligned_30m_ge_-0.0753,pair,643,22.172,67,79,10.42,54.47,12.29,13.58,7.21,12.5,8.36,99.52,88.78
L2::P::taker_imb_aligned_60m_ge_-0.0591+taker_imb_aligned_30m_ge_-0.0753::top1,pair+top1,29,1.0,4,1,13.79,3.25,3.45,14.29,13.33,23.08,6.25,147.01,165.94
L2::P::taker_imb_aligned_60m_ge_-0.0591+taker_imb_aligned_30m_le_-0.0753,pair,89,3.069,6,10,6.74,4.88,11.24,4.76,8.51,8.89,4.55,127.45,107.61
L2::P::taker_imb_aligned_60m_ge_-0.0591+taker_imb_aligned_30m_le_-0.0753::top1,pair+top1,28,0.966,3,4,10.71,2.44,14.29,14.29,7.14,23.08,0.0,135.15,114.15
L2::P::taker_imb_aligned_60m_ge_-0.0591+taker_imb_aligned_30m_ge_0.0001,pair,475,16.379,43,57,9.05,34.96,12.0,12.89,5.6,11.95,6.43,100.34,88.78
L2::P::taker_imb_aligned_60m_ge_-0.0591+taker_imb_aligned_30m_ge_0.0001::top1,pair+top1,29,1.0,2,2,6.9,1.63,6.9,7.14,6.67,7.14,6.67,121.08,121.08
L2::P::taker_imb_aligned_60m_ge_-0.0591+taker_imb_aligned_30m_le_0.0001,pair,257,8.862,30,32,11.67,24.39,12.45,12.14,11.11,12.23,11.02,103.93,105.09
L2::P::taker_imb_aligned_60m_ge_-0.0591+taker_imb_aligned_30m_le_0.0001::top1,pair+top1,29,1.0,3,3,10.34,2.44,10.34,7.14,13.33,13.33,7.14,136.17,140.95
L2::P::taker_imb_aligned_60m_ge_-0.0591+taker_imb_aligned_30m_ge_0.0733,pair,302,10.414,27,37,8.94,21.95,12.25,11.11,7.39,12.59,5.66,102.78,97.55
L2::P::taker_imb_aligned_60m_ge_-0.0591+taker_imb_aligned_30m_ge_0.0733::top1,pair+top1,29,1.0,2,2,6.9,1.63,6.9,7.14,6.67,8.33,5.88,194.25,194.25
L2::P::taker_imb_aligned_60m_ge_-0.0591+taker_imb_aligned_30m_le_0.0733,pair,430,14.828,46,52,10.7,37.4,12.09,13.39,7.33,11.76,9.57,101.24,88.38
L2::P::taker_imb_aligned_60m_ge_-0.0591+taker_imb_aligned_30m_le_0.0733::top1,pair+top1,29,1.0,3,3,10.34,2.44,10.34,14.29,6.67,23.08,0.0,132.37,140.95
L2::P::taker_imb_aligned_60m_le_-0.0591+taker_imb_aligned_30m_ge_-0.0753,pair,88,3.034,13,12,14.77,10.57,13.64,18.0,10.53,13.73,16.22,94.98,87.37
L2::P::taker_imb_aligned_60m_le_-0.0591+taker_imb_aligned_30m_ge_-0.0753::top1,pair+top1,25,0.862,5,3,20.0,4.07,12.0,23.08,16.67,14.29,27.27,117.05,123.33
L2::P::taker_imb_aligned_60m_le_-0.0591+taker_imb_aligned_30m_le_-0.0753,pair,225,7.759,37,38,16.44,30.08,16.89,13.19,18.66,12.9,18.94,86.26,63.5
L2::P::taker_imb_aligned_60m_le_-0.0591+taker_imb_aligned_30m_le_-0.0753::top1,pair+top1,29,1.0,8,3,27.59,6.5,10.34,14.29,40.0,40.0,21.05,92.58,70.45
L2::P::taker_imb_aligned_60m_le_-0.0591+taker_imb_aligned_30m_ge_0.0001,pair,47,1.621,7,4,14.89,5.69,8.51,20.69,5.56,10.0,23.53,100.5,88.15
L2::P::taker_imb_aligned_60m_le_-0.0591+taker_imb_aligned_30m_ge_0.0001::top1,pair+top1,19,0.655,5,1,26.32,4.07,5.26,36.36,12.5,20.0,33.33,110.02,88.15
L2::P::taker_imb_aligned_60m_le_-0.0591+taker_imb_aligned_30m_le_0.0001,pair,266,9.172,43,46,16.17,34.96,17.29,13.39,18.18,14.04,17.76,86.58,63.5
L2::P::taker_imb_aligned_60m_le_-0.0591+taker_imb_aligned_30m_le_0.0001::top1,pair+top1,29,1.0,7,3,24.14,5.69,10.34,7.14,40.0,27.27,22.22,103.06,80.02
L2::P::taker_imb_aligned_60m_le_-0.0591+taker_imb_aligned_30m_ge_0.0733,pair,12,0.414,3,1,25.0,2.44,8.33,40.0,14.29,12.5,50.0,136.23,141.23
L2::P::taker_imb_aligned_60m_le_-0.0591+taker_imb_aligned_30m_ge_0.0733::top1,pair+top1,8,0.276,3,1,37.5,2.44,12.5,50.0,25.0,20.0,66.67,136.23,141.23
L2::P::taker_imb_aligned_60m_le_-0.0591+taker_imb_aligned_30m_le_0.0733,pair,301,10.379,47,49,15.61,38.21,16.28,13.97,16.97,13.24,17.58,85.48,63.5
L2::P::taker_imb_aligned_60m_le_-0.0591+taker_imb_aligned_30m_le_0.0733::top1,pair+top1,29,1.0,8,2,27.59,6.5,6.9,14.29,40.0,33.33,23.53,96.83,70.45
L2::P::taker_imb_aligned_60m_ge_0.0189+taker_imb_aligned_30m_ge_-0.0753,pair,488,16.828,45,57,9.22,36.59,11.68,12.55,5.81,12.13,6.43,100.02,87.97
L2::P::taker_imb_aligned_60m_ge_0.0189+taker_imb_aligned_30m_ge_-0.0753::top1,pair+top1,29,1.0,0,1,0.0,0.0,3.45,0.0,0.0,0.0,0.0,,
L2::P::taker_imb_aligned_60m_ge_0.0189+taker_imb_aligned_30m_le_-0.0753,pair,35,1.207,1,4,2.86,0.81,11.43,0.0,4.76,6.67,0.0,79.37,79.37
L2::P::taker_imb_aligned_60m_ge_0.0189+taker_imb_aligned_30m_le_-0.0753::top1,pair+top1,24,0.828,1,3,4.17,0.81,12.5,0.0,7.14,9.09,0.0,79.37,79.37
L2::P::taker_imb_aligned_60m_ge_0.0189+taker_imb_aligned_30m_ge_0.0001,pair,401,13.828,35,46,8.73,28.46,11.47,12.63,5.21,11.7,6.1,99.64,88.78
L2::P::taker_imb_aligned_60m_ge_0.0189+taker_imb_aligned_30m_ge_0.0001::top1,pair+top1,29,1.0,0,2,0.0,0.0,6.9,0.0,0.0,0.0,0.0,,
L2::P::taker_imb_aligned_60m_ge_0.0189+taker_imb_aligned_30m_le_0.0001,pair,121,4.172,11,15,9.09,8.94,12.4,10.0,7.84,12.31,5.36,99.35,82.85
L2::P::taker_imb_aligned_60m_ge_0.0189+taker_imb_aligned_30m_le_0.0001::top1,pair+top1,28,0.966,3,2,10.71,2.44,7.14,7.69,13.33,15.38,6.67,70.81,70.43
L2::P::taker_imb_aligned_60m_ge_0.0189+taker_imb_aligned_30m_ge_0.0733,pair,277,9.552,25,33,9.03,20.33,11.91,11.97,6.88,12.88,5.52,98.6,96.98
L2::P::taker_imb_aligned_60m_ge_0.0189+taker_imb_aligned_30m_ge_0.0733::top1,pair+top1,29,1.0,1,2,3.45,0.81,6.9,7.14,0.0,7.69,0.0,197.58,197.58
L2::P::taker_imb_aligned_60m_ge_0.0189+taker_imb_aligned_30m_le_0.0733,pair,246,8.483,21,28,8.54,17.07,11.38,11.89,3.88,10.74,6.4,100.71,87.97
L2::P::taker_imb_aligned_60m_ge_0.0189+taker_imb_aligned_30m_le_0.0733::top1,pair+top1,29,1.0,2,1,6.9,1.63,3.45,7.14,6.67,8.33,5.88,83.67,83.67
L2::P::taker_imb_aligned_60m_le_0.0189+taker_imb_aligned_30m_ge_-0.0753,pair,244,8.414,35,34,14.34,28.46,13.93,17.32,11.11,13.64,15.18,97.19,88.15
L2::P::taker_imb_aligned_60m_le_0.0189+taker_imb_aligned_30m_ge_-0.0753::top1,pair+top1,28,0.966,4,3,14.29,3.25,10.71,14.29,14.29,21.43,7.14,147.01,165.94
L2::P::taker_imb_aligned_60m_le_0.0189+taker_imb_aligned_30m_le_-0.0753,pair,278,9.586,42,44,15.11,34.15,15.83,11.76,17.61,12.2,17.42,92.31,71.95
L2::P::taker_imb_aligned_60m_le_0.0189+taker_imb_aligned_30m_le_-0.0753::top1,pair+top1,29,1.0,8,4,27.59,6.5,13.79,21.43,33.33,40.0,21.05,95.21,80.97
L2::P::taker_imb_aligned_60m_le_0.0189+taker_imb_aligned_30m_ge_0.0001,pair,122,4.207,15,15,12.3,12.2,12.3,17.19,6.9,11.76,12.96,102.05,88.15
L2::P::taker_imb_aligned_60m_le_0.0189+taker_imb_aligned_30m_ge_0.0001::top1,pair+top1,27,0.931,8,1,29.63,6.5,3.7,28.57,30.77,35.71,23.08,118.82,130.18
L2::P::taker_imb_aligned_60m_le_0.0189+taker_imb_aligned_30m_le_0.0001,pair,401,13.828,62,63,15.46,50.41,15.71,13.74,16.89,13.3,17.37,92.71,80.92
L2::P::taker_imb_aligned_60m_le_0.0189+taker_imb_aligned_30m_le_0.0001::top1,pair+top1,29,1.0,8,1,27.59,6.5,3.45,28.57,26.67,30.77,25.0,96.1,80.97
L2::P::taker_imb_aligned_60m_le_0.0189+taker_imb_aligned_30m_ge_0.0733,pair,37,1.276,5,5,13.51,4.07,13.51,14.29,13.04,10.53,16.67,143.75,141.23
L2::P::taker_imb_aligned_60m_le_0.0189+taker_imb_aligned_30m_ge_0.0733::top1,pair+top1,20,0.69,4,2,20.0,3.25,10.0,12.5,25.0,22.22,18.18,169.47,166.08
L2::P::taker_imb_aligned_60m_le_0.0189+taker_imb_aligned_30m_le_0.0733,pair,485,16.724,72,73,14.85,58.54,15.05,14.66,15.02,13.14,16.47,91.11,71.95
L2::P::taker_imb_aligned_60m_le_0.0189+taker_imb_aligned_30m_le_0.0733::top1,pair+top1,29,1.0,8,1,27.59,6.5,3.45,28.57,26.67,35.71,20.0,98.19,80.97
L2::P::taker_imb_aligned_60m_ge_0.0814+taker_imb_aligned_30m_ge_-0.0753,pair,296,10.207,26,31,8.78,21.14,10.47,14.84,4.17,13.99,3.92,102.07,93.16
L2::P::taker_imb_aligned_60m_ge_0.0814+taker_imb_aligned_30m_ge_-0.0753::top1,pair+top1,29,1.0,1,2,3.45,0.81,6.9,7.14,0.0,7.14,0.0,197.58,197.58
L2::P::taker_imb_aligned_60m_ge_0.0814+taker_imb_aligned_30m_le_-0.0753,pair,19,0.655,1,2,5.26,0.81,10.53,0.0,9.09,16.67,0.0,79.37,79.37
L2::P::taker_imb_aligned_60m_ge_0.0814+taker_imb_aligned_30m_le_-0.0753::top1,pair+top1,16,0.552,1,2,6.25,0.81,12.5,0.0,10.0,20.0,0.0,79.37,79.37
L2::P::taker_imb_aligned_60m_ge_0.0814+taker_imb_aligned_30m_ge_0.0001,pair,267,9.207,23,29,8.61,18.7,10.86,14.68,4.43,13.39,4.29,100.43,97.55
L2::P::taker_imb_aligned_60m_ge_0.0814+taker_imb_aligned_30m_ge_0.0001::top1,pair+top1,29,1.0,1,2,3.45,0.81,6.9,7.14,0.0,7.14,0.0,197.58,197.58
L2::P::taker_imb_aligned_60m_ge_0.0814+taker_imb_aligned_30m_le_0.0001,pair,47,1.621,4,4,8.51,3.25,8.51,11.54,4.76,19.05,0.0,105.86,84.4
L2::P::taker_imb_aligned_60m_ge_0.0814+taker_imb_aligned_30m_le_0.0001::top1,pair+top1,24,0.828,2,3,8.33,1.63,12.5,9.09,7.69,18.18,0.0,127.33,127.33
L2::P::taker_imb_aligned_60m_ge_0.0814+taker_imb_aligned_30m_ge_0.0733,pair,222,7.655,19,26,8.56,15.45,11.71,13.79,5.19,12.62,5.04,97.89,97.55
L2::P::taker_imb_aligned_60m_ge_0.0814+taker_imb_aligned_30m_ge_0.0733::top1,pair+top1,29,1.0,1,2,3.45,0.81,6.9,7.14,0.0,7.14,0.0,197.58,197.58
L2::P::taker_imb_aligned_60m_ge_0.0814+taker_imb_aligned_30m_le_0.0733,pair,93,3.207,8,7,8.6,6.5,7.53,14.58,2.22,17.78,0.0,109.17,87.37
L2::P::taker_imb_aligned_60m_ge_0.0814+taker_imb_aligned_30m_le_0.0733::top1,pair+top1,28,0.966,4,1,14.29,3.25,3.57,23.08,6.67,28.57,0.0,113.09,105.88
L2::P::taker_imb_aligned_60m_le_0.0814+taker_imb_aligned_30m_ge_-0.0753,pair,436,15.034,54,60,12.39,43.9,13.76,13.82,10.53,11.79,13.04,97.19,87.97
L2::P::taker_imb_aligned_60m_le_0.0814+taker_imb_aligned_30m_ge_-0.0753::top1,pair+top1,29,1.0,4,4,13.79,3.25,13.79,14.29,13.33,21.43,6.67,147.01,165.94
L2::P::taker_imb_aligned_60m_le_0.0814+taker_imb_aligned_30m_le_-0.0753,pair,294,10.138,42,46,14.29,34.15,15.65,11.2,16.57,11.36,16.67,92.31,71.95
L2::P::taker_imb_aligned_60m_le_0.0814+taker_imb_aligned_30m_le_-0.0753::top1,pair+top1,29,1.0,8,4,27.59,6.5,13.79,21.43,33.33,40.0,21.05,95.21,80.97
L2::P::taker_imb_aligned_60m_le_0.0814+taker_imb_aligned_30m_ge_0.0001,pair,255,8.793,27,32,10.59,21.95,12.55,13.1,7.27,10.08,11.11,100.3,87.97
L2::P::taker_imb_aligned_60m_le_0.0814+taker_imb_aligned_30m_ge_0.0001::top1,pair+top1,29,1.0,5,3,17.24,4.07,10.34,21.43,13.33,27.27,11.11,132.25,141.23
L2::P::taker_imb_aligned_60m_le_0.0814+taker_imb_aligned_30m_le_0.0001,pair,476,16.414,69,74,14.5,56.1,15.55,12.83,16.0,12.45,16.46,93.0,80.02
L2::P::taker_imb_aligned_60m_le_0.0814+taker_imb_aligned_30m_le_0.0001::top1,pair+top1,29,1.0,5,2,17.24,4.07,6.9,7.14,26.67,18.18,16.67,125.34,140.95
L2::P::taker_imb_aligned_60m_le_0.0814+taker_imb_aligned_30m_ge_0.0733,pair,92,3.172,11,12,11.96,8.94,13.04,9.09,14.58,12.5,11.36,120.37,119.13
L2::P::taker_imb_aligned_60m_le_0.0814+taker_imb_aligned_30m_ge_0.0733::top1,pair+top1,29,1.0,4,3,13.79,3.25,10.34,14.29,13.33,14.29,13.33,157.61,166.08
L2::P::taker_imb_aligned_60m_le_0.0814+taker_imb_aligned_30m_le_0.0733,pair,638,22.0,85,94,13.32,69.11,14.73,13.46,13.18,11.5,15.08,91.78,80.02
L2::P::taker_imb_aligned_60m_le_0.0814+taker_imb_aligned_30m_le_0.0733::top1,pair+top1,29,1.0,5,2,17.24,4.07,6.9,14.29,20.0,25.0,11.76,123.06,140.95
L2::P::taker_imb_aligned_60m_ge_-0.0591+local_range_30m_pct_ge_0.4406,pair,514,17.724,48,66,9.34,39.02,12.84,11.55,6.75,12.24,6.69,83.11,74.31
L2::P::taker_imb_aligned_60m_ge_-0.0591+local_range_30m_pct_ge_0.4406::top1,pair+top1,29,1.0,3,2,10.34,2.44,6.9,14.29,6.67,15.38,6.25,114.41,101.07
L2::P::taker_imb_aligned_60m_ge_-0.0591+local_range_30m_pct_le_0.4406,pair,218,7.517,25,23,11.47,20.33,10.55,15.91,8.46,11.67,11.22,137.72,140.95
L2::P::taker_imb_aligned_60m_ge_-0.0591+local_range_30m_pct_le_0.4406::top1,pair+top1,29,1.0,5,3,17.24,4.07,10.34,14.29,20.0,21.43,13.33,175.69,161.25
L2::P::taker_imb_aligned_60m_ge_-0.0591+local_range_30m_pct_ge_0.5848,pair,369,12.724,30,48,8.13,24.39,13.01,10.48,5.03,11.7,5.05,80.86,74.31
L2::P::taker_imb_aligned_60m_ge_-0.0591+local_range_30m_pct_ge_0.5848::top1,pair+top1,29,1.0,1,3,3.45,0.81,10.34,7.14,0.0,6.67,0.0,51.23,51.23
L2::P::taker_imb_aligned_60m_ge_-0.0591+local_range_30m_pct_le_0.5848,pair,363,12.517,43,41,11.85,34.96,11.29,15.48,9.13,12.44,11.18,116.43,122.35
L2::P::taker_imb_aligned_60m_ge_-0.0591+local_range_30m_pct_le_0.5848::top1,pair+top1,29,1.0,4,2,13.79,3.25,6.9,14.29,13.33,25.0,5.88,174.51,176.09
L2::P::taker_imb_aligned_60m_ge_-0.0591+local_range_30m_pct_ge_0.7621,pair,225,7.759,10,27,4.44,8.13,12.0,5.93,2.22,5.5,3.45,84.15,81.0
L2::P::taker_imb_aligned_60m_ge_-0.0591+local_range_30m_pct_ge_0.7621::top1,pair+top1,26,0.897,1,2,3.85,0.81,7.69,0.0,7.69,6.67,0.0,166.8,166.8
L2::P::taker_imb_aligned_60m_ge_-0.0591+local_range_30m_pct_le_0.7621,pair,506,17.448,63,62,12.45,51.22,12.25,16.52,9.06,14.9,9.96,104.61,97.55
L2::P::taker_imb_aligned_60m_ge_-0.0591+local_range_30m_pct_le_0.7621::top1,pair+top1,29,1.0,4,1,13.79,3.25,3.45,14.29,13.33,27.27,5.56,147.01,165.94
L2::P::taker_imb_aligned_60m_le_-0.0591+local_range_30m_pct_ge_0.4406,pair,218,7.517,29,40,13.3,23.58,18.35,14.81,11.82,11.0,15.25,97.46,63.5
L2::P::taker_imb_aligned_60m_le_-0.0591+local_range_30m_pct_ge_0.4406::top1,pair+top1,28,0.966,3,7,10.71,2.44,25.0,0.0,21.43,6.67,15.38,127.56,149.15
L2::P::taker_imb_aligned_60m_le_-0.0591+local_range_30m_pct_le_0.4406,pair,95,3.276,21,10,22.11,17.07,10.53,15.15,25.81,18.18,25.49,76.2,63.88
L2::P::taker_imb_aligned_60m_le_-0.0591+local_range_30m_pct_le_0.4406::top1,pair+top1,24,0.828,6,2,25.0,4.88,8.33,20.0,28.57,27.27,23.08,97.64,70.45
L2::P::taker_imb_aligned_60m_le_-0.0591+local_range_30m_pct_ge_0.5848,pair,154,5.31,23,28,14.94,18.7,18.18,15.29,14.49,13.51,16.25,101.13,81.82
L2::P::taker_imb_aligned_60m_le_-0.0591+local_range_30m_pct_ge_0.5848::top1,pair+top1,26,0.897,4,4,15.38,3.25,15.38,15.38,15.38,8.33,21.43,97.26,98.76
L2::P::taker_imb_aligned_60m_le_-0.0591+local_range_30m_pct_le_0.5848,pair,159,5.483,27,22,16.98,21.95,13.84,14.29,18.45,12.86,20.22,77.8,60.88
L2::P::taker_imb_aligned_60m_le_-0.0591+local_range_30m_pct_le_0.5848::top1,pair+top1,29,1.0,8,3,27.59,6.5,10.34,21.43,33.33,27.27,27.78,78.88,58.93
L2::P::taker_imb_aligned_60m_le_-0.0591+local_range_30m_pct_ge_0.7621,pair,91,3.138,13,20,14.29,10.57,21.98,15.38,12.82,15.79,13.21,103.55,63.5
L2::P::taker_imb_aligned_60m_le_-0.0591+local_range_30m_pct_ge_0.7621::top1,pair+top1,26,0.897,4,6,15.38,3.25,23.08,15.38,15.38,9.09,20.0,87.25,58.34
L2::P::taker_imb_aligned_60m_le_-0.0591+local_range_30m_pct_le_0.7621,pair,224,7.724,37,30,16.52,30.08,13.39,14.61,17.78,12.04,20.69,83.25,63.88
L2::P::taker_imb_aligned_60m_le_-0.0591+local_range_30m_pct_le_0.7621::top1,pair+top1,29,1.0,9,1,31.03,7.32,3.45,21.43,40.0,30.77,31.25,90.61,60.88
L2::P::taker_imb_aligned_60m_ge_0.0189+local_range_30m_pct_ge_0.4406,pair,371,12.793,30,47,8.09,24.39,12.67,10.05,5.81,12.14,4.55,83.8,78.97
L2::P::taker_imb_aligned_60m_ge_0.0189+local_range_30m_pct_ge_0.4406::top1,pair+top1,29,1.0,0,1,0.0,0.0,3.45,0.0,0.0,0.0,0.0,,
L2::P::taker_imb_aligned_60m_ge_0.0189+local_range_30m_pct_le_0.4406,pair,151,5.207,16,14,10.6,13.01,9.27,18.03,5.56,11.25,9.86,129.13,136.57
L2::P::taker_imb_aligned_60m_ge_0.0189+local_range_30m_pct_le_0.4406::top1,pair+top1,29,1.0,4,2,13.79,3.25,6.9,14.29,13.33,17.65,8.33,118.41,116.52
L2::P::taker_imb_aligned_60m_ge_0.0189+local_range_30m_pct_ge_0.5848,pair,269,9.276,21,32,7.81,17.07,11.9,9.87,5.13,11.29,4.83,80.07,76.95
L2::P::taker_imb_aligned_60m_ge_0.0189+local_range_30m_pct_ge_0.5848::top1,pair+top1,29,1.0,2,3,6.9,1.63,10.34,7.14,6.67,15.38,0.0,44.1,44.1
L2::P::taker_imb_aligned_60m_ge_0.0189+local_range_30m_pct_le_0.5848,pair,253,8.724,25,29,9.88,20.33,11.46,14.81,6.21,12.4,7.26,115.94,117.75
L2::P::taker_imb_aligned_60m_ge_0.0189+local_range_30m_pct_le_0.5848::top1,pair+top1,29,1.0,3,1,10.34,2.44,3.45,14.29,6.67,25.0,0.0,84.18,79.37
L2::P::taker_imb_aligned_60m_ge_0.0189+local_range_30m_pct_ge_0.7621,pair,170,5.862,7,19,4.12,5.69,11.18,7.0,0.0,5.19,3.23,69.21,81.0
L2::P::taker_imb_aligned_60m_ge_0.0189+local_range_30m_pct_ge_0.7621::top1,pair+top1,26,0.897,2,3,7.69,1.63,11.54,15.38,0.0,15.38,0.0,86.33,86.33
L2::P::taker_imb_aligned_60m_ge_0.0189+local_range_30m_pct_le_0.7621,pair,352,12.138,39,42,11.08,31.71,11.93,15.0,7.81,14.77,7.39,105.01,88.78
L2::P::taker_imb_aligned_60m_ge_0.0189+local_range_30m_pct_le_0.7621::top1,pair+top1,29,1.0,1,1,3.45,0.81,3.45,0.0,6.67,11.11,0.0,143.08,143.08
L2::P::taker_imb_aligned_60m_le_0.0189+local_range_30m_pct_ge_0.4406,pair,361,12.448,47,59,13.02,38.21,16.34,15.05,10.86,11.63,14.29,91.52,63.5
L2::P::taker_imb_aligned_60m_le_0.0189+local_range_30m_pct_ge_0.4406::top1,pair+top1,28,0.966,6,4,21.43,4.88,14.29,14.29,28.57,17.65,27.27,120.98,125.11
L2::P::taker_imb_aligned_60m_le_0.0189+local_range_30m_pct_le_0.4406,pair,162,5.586,30,19,18.52,24.39,11.73,13.33,21.57,15.48,21.79,99.23,98.73
L2::P::taker_imb_aligned_60m_le_0.0189+local_range_30m_pct_le_0.4406::top1,pair+top1,29,1.0,7,1,24.14,5.69,3.45,21.43,26.67,31.25,15.38,105.41,80.02
L2::P::taker_imb_aligned_60m_le_0.0189+local_range_30m_pct_ge_0.5848,pair,253,8.724,32,44,12.65,26.02,17.39,13.99,10.91,13.22,12.12,95.95,72.66
L2::P::taker_imb_aligned_60m_le_0.0189+local_range_30m_pct_ge_0.5848::top1,pair+top1,26,0.897,4,2,15.38,3.25,7.69,15.38,15.38,15.38,15.38,106.33,100.19
L2::P::taker_imb_aligned_60m_le_0.0189+local_range_30m_pct_le_0.5848,pair,270,9.31,45,34,16.67,36.59,12.59,15.53,17.37,12.69,20.59,93.52,88.15
L2::P::taker_imb_aligned_60m_le_0.0189+local_range_30m_pct_le_0.5848::top1,pair+top1,29,1.0,7,1,24.14,5.69,3.45,21.43,26.67,28.57,20.0,108.95,101.07
L2::P::taker_imb_aligned_60m_le_0.0189+local_range_30m_pct_ge_0.7621,pair,145,5.0,16,28,11.03,13.01,19.31,10.34,12.07,11.43,10.67,106.45,75.44
L2::P::taker_imb_aligned_60m_le_0.0189+local_range_30m_pct_ge_0.7621::top1,pair+top1,26,0.897,3,2,11.54,2.44,7.69,0.0,23.08,8.33,14.29,75.23,53.18
L2::P::taker_imb_aligned_60m_le_0.0189+local_range_30m_pct_le_0.7621,pair,379,13.069,61,50,16.09,49.59,13.19,16.98,15.45,13.37,18.75,91.4,81.82
L2::P::taker_imb_aligned_60m_le_0.0189+local_range_30m_pct_le_0.7621::top1,pair+top1,29,1.0,8,1,27.59,6.5,3.45,28.57,26.67,35.71,20.0,98.19,80.97
L2::P::taker_imb_aligned_60m_ge_0.0814+local_range_30m_pct_ge_0.4406,pair,220,7.586,16,27,7.27,13.01,12.27,12.0,3.33,13.4,2.44,83.34,81.0
L2::P::taker_imb_aligned_60m_ge_0.0814+local_range_30m_pct_ge_0.4406::top1,pair+top1,29,1.0,1,2,3.45,0.81,6.9,7.14,0.0,9.09,0.0,197.58,197.58
L2::P::taker_imb_aligned_60m_ge_0.0814+local_range_30m_pct_le_0.4406,pair,94,3.241,11,6,11.7,8.94,6.38,20.0,6.78,15.69,6.98,127.26,150.18
L2::P::taker_imb_aligned_60m_ge_0.0814+local_range_30m_pct_le_0.4406::top1,pair+top1,27,0.931,4,1,14.81,3.25,3.7,16.67,13.33,21.43,7.69,118.41,116.52
L2::P::taker_imb_aligned_60m_ge_0.0814+local_range_30m_pct_ge_0.5848,pair,157,5.414,13,19,8.28,10.57,12.1,13.89,3.53,14.93,3.33,74.87,81.0
L2::P::taker_imb_aligned_60m_ge_0.0814+local_range_30m_pct_ge_0.5848::top1,pair+top1,29,1.0,2,4,6.9,1.63,13.79,7.14,6.67,15.38,0.0,107.05,107.05
L2::P::taker_imb_aligned_60m_ge_0.0814+local_range_30m_pct_le_0.5848,pair,157,5.414,14,14,8.92,11.38,8.92,14.29,5.32,13.58,3.95,125.71,136.57
L2::P::taker_imb_aligned_60m_ge_0.0814+local_range_30m_pct_le_0.5848::top1,pair+top1,29,1.0,3,1,10.34,2.44,3.45,14.29,6.67,25.0,0.0,84.18,79.37
L2::P::taker_imb_aligned_60m_ge_0.0814+local_range_30m_pct_ge_0.7621,pair,95,3.276,5,13,5.26,4.07,13.68,11.36,0.0,7.69,3.57,52.85,81.0
L2::P::taker_imb_aligned_60m_ge_0.0814+local_range_30m_pct_ge_0.7621::top1,pair+top1,24,0.828,1,5,4.17,0.81,20.83,9.09,0.0,8.33,0.0,100.98,100.98
L2::P::taker_imb_aligned_60m_ge_0.0814+local_range_30m_pct_le_0.7621,pair,219,7.552,22,20,10.05,17.89,9.13,15.38,6.25,16.51,3.64,112.23,107.65
L2::P::taker_imb_aligned_60m_ge_0.0814+local_range_30m_pct_le_0.7621::top1,pair+top1,29,1.0,3,1,10.34,2.44,3.45,14.29,6.67,25.0,0.0,167.3,161.25
L2::P::taker_imb_aligned_60m_le_0.0814+local_range_30m_pct_ge_0.4406,pair,511,17.621,61,79,11.94,49.59,15.46,12.63,11.06,11.29,12.55,89.87,63.5
L2::P::taker_imb_aligned_60m_le_0.0814+local_range_30m_pct_ge_0.4406::top1,pair+top1,28,0.966,6,3,21.43,4.88,10.71,14.29,28.57,23.08,20.0,120.98,125.11
L2::P::taker_imb_aligned_60m_le_0.0814+local_range_30m_pct_le_0.4406,pair,220,7.586,35,27,15.91,28.46,12.27,13.95,17.16,12.28,19.81,104.09,92.63
L2::P::taker_imb_aligned_60m_le_0.0814+local_range_30m_pct_le_0.4406::top1,pair+top1,29,1.0,5,2,17.24,4.07,6.9,14.29,20.0,18.75,15.38,120.92,140.95
L2::P::taker_imb_aligned_60m_le_0.0814+local_range_30m_pct_ge_0.5848,pair,365,12.586,40,57,10.96,32.52,15.62,11.21,10.56,11.24,10.7,94.46,67.59
L2::P::taker_imb_aligned_60m_le_0.0814+local_range_30m_pct_ge_0.5848::top1,pair+top1,26,0.897,3,1,11.54,2.44,3.85,7.69,15.38,15.38,7.69,125.64,149.15
L2::P::taker_imb_aligned_60m_le_0.0814+local_range_30m_pct_le_0.5848,pair,366,12.621,56,49,15.3,45.53,13.39,15.54,15.14,12.02,18.58,95.48,88.06
L2::P::taker_imb_aligned_60m_le_0.0814+local_range_30m_pct_le_0.5848::top1,pair+top1,29,1.0,5,2,17.24,4.07,6.9,14.29,20.0,16.67,17.65,130.67,140.95
L2::P::taker_imb_aligned_60m_le_0.0814+local_range_30m_pct_ge_0.7621,pair,220,7.586,18,34,8.18,14.63,15.45,7.69,9.09,8.33,8.04,106.86,79.53
L2::P::taker_imb_aligned_60m_le_0.0814+local_range_30m_pct_ge_0.7621::top1,pair+top1,26,0.897,2,1,7.69,1.63,3.85,0.0,15.38,7.69,7.69,86.25,86.25
L2::P::taker_imb_aligned_60m_le_0.0814+local_range_30m_pct_le_0.7621,pair,512,17.655,78,72,15.23,63.41,14.06,16.23,14.44,12.94,17.51,92.33,84.12
L2::P::taker_imb_aligned_60m_le_0.0814+local_range_30m_pct_le_0.7621::top1,pair+top1,29,1.0,5,2,17.24,4.07,6.9,14.29,20.0,25.0,11.76,123.06,140.95
L2::P::taker_imb_aligned_60m_ge_-0.0591+conf_opposite_thinning_ge_0.4997,pair,516,17.793,46,63,8.91,37.4,12.21,9.84,8.02,11.69,6.34,110.9,105.05
L2::P::taker_imb_aligned_60m_ge_-0.0591+conf_opposite_thinning_ge_0.4997::top1,pair+top1,29,1.0,4,3,13.79,3.25,10.34,14.29,13.33,25.0,5.88,147.01,165.94
L2::P::taker_imb_aligned_60m_ge_-0.0591+conf_opposite_thinning_le_0.4997,pair,216,7.448,27,26,12.5,21.95,12.04,18.75,5.77,12.93,12.0,86.33,87.97
L2::P::taker_imb_aligned_60m_ge_-0.0591+conf_opposite_thinning_le_0.4997::top1,pair+top1,29,1.0,3,3,10.34,2.44,10.34,14.29,6.67,20.0,0.0,111.65,101.07
L2::P::taker_imb_aligned_60m_ge_-0.0591+conf_opposite_thinning_ge_0.5003,pair,380,13.103,42,44,11.05,34.15,11.58,12.22,10.0,14.37,8.25,112.27,111.64
L2::P::taker_imb_aligned_60m_ge_-0.0591+conf_opposite_thinning_ge_0.5003::top1,pair+top1,29,1.0,4,2,13.79,3.25,6.9,14.29,13.33,30.0,5.26,147.01,165.94
L2::P::taker_imb_aligned_60m_ge_-0.0591+conf_opposite_thinning_le_0.5003,pair,352,12.138,31,45,8.81,25.2,12.78,12.9,4.22,9.95,7.45,87.64,87.97
L2::P::taker_imb_aligned_60m_ge_-0.0591+conf_opposite_thinning_le_0.5003::top1,pair+top1,29,1.0,2,3,6.9,1.63,10.34,7.14,6.67,15.38,0.0,145.64,145.64
L2::P::taker_imb_aligned_60m_ge_-0.0591+conf_opposite_thinning_ge_0.5008,pair,224,7.724,27,23,12.05,21.95,10.27,14.29,9.82,15.84,8.94,118.99,114.15
L2::P::taker_imb_aligned_60m_ge_-0.0591+conf_opposite_thinning_ge_0.5008::top1,pair+top1,29,1.0,4,2,13.79,3.25,6.9,14.29,13.33,25.0,5.88,153.5,197.93
L2::P::taker_imb_aligned_60m_ge_-0.0591+conf_opposite_thinning_le_0.5008,pair,509,17.552,46,66,9.04,37.4,12.97,11.76,6.3,10.65,7.32,91.73,86.96
L2::P::taker_imb_aligned_60m_ge_-0.0591+conf_opposite_thinning_le_0.5008::top1,pair+top1,29,1.0,3,2,10.34,2.44,6.9,21.43,0.0,21.43,0.0,97.75,101.07
L2::P::taker_imb_aligned_60m_le_-0.0591+conf_opposite_thinning_ge_0.4997,pair,216,7.448,33,35,15.28,26.83,16.2,15.0,15.52,14.02,16.51,89.46,63.88
L2::P::taker_imb_aligned_60m_le_-0.0591+conf_opposite_thinning_ge_0.4997::top1,pair+top1,29,1.0,8,2,27.59,6.5,6.9,21.43,33.33,41.67,17.65,92.49,71.95
L2::P::taker_imb_aligned_60m_le_-0.0591+conf_opposite_thinning_le_0.4997,pair,97,3.345,17,15,17.53,13.82,15.46,14.63,19.64,10.81,21.67,86.73,60.88
L2::P::taker_imb_aligned_60m_le_-0.0591+conf_opposite_thinning_le_0.4997::top1,pair+top1,28,0.966,8,3,28.57,6.5,10.71,14.29,42.86,20.0,33.33,87.91,58.93
L2::P::taker_imb_aligned_60m_le_-0.0591+conf_opposite_thinning_ge_0.5003,pair,143,4.931,21,23,14.69,17.07,16.08,15.38,14.1,12.5,16.9,103.13,86.42
L2::P::taker_imb_aligned_60m_le_-0.0591+conf_opposite_thinning_ge_0.5003::top1,pair+top1,29,1.0,5,3,17.24,4.07,10.34,14.29,20.0,25.0,11.76,83.48,53.23
L2::P::taker_imb_aligned_60m_le_-0.0591+conf_opposite_thinning_le_0.5003,pair,170,5.862,29,27,17.06,23.58,15.88,14.47,19.15,13.89,19.39,77.95,63.5
L2::P::taker_imb_aligned_60m_le_-0.0591+conf_opposite_thinning_le_0.5003::top1,pair+top1,29,1.0,9,2,31.03,7.32,6.9,21.43,40.0,28.57,33.33,91.67,60.88
L2::P::taker_imb_aligned_60m_le_-0.0591+conf_opposite_thinning_ge_0.5008,pair,92,3.172,12,12,13.04,9.76,13.04,11.9,14.0,13.04,13.04,109.29,79.03
L2::P::taker_imb_aligned_60m_le_-0.0591+conf_opposite_thinning_ge_0.5008::top1,pair+top1,27,0.931,4,5,14.81,3.25,18.52,7.69,21.43,20.0,11.76,97.55,97.23
L2::P::taker_imb_aligned_60m_le_-0.0591+conf_opposite_thinning_le_0.5008,pair,221,7.621,38,38,17.19,30.89,17.19,16.16,18.03,13.27,20.33,81.97,63.69
L2::P::taker_imb_aligned_60m_le_-0.0591+conf_opposite_thinning_le_0.5008::top1,pair+top1,29,1.0,9,2,31.03,7.32,6.9,21.43,40.0,28.57,33.33,85.83,60.88
L2::P::taker_imb_aligned_60m_ge_0.0189+conf_opposite_thinning_ge_0.4997,pair,364,12.552,29,42,7.97,23.58,11.54,8.67,7.33,11.76,4.64,110.57,96.98
L2::P::taker_imb_aligned_60m_ge_0.0189+conf_opposite_thinning_ge_0.4997::top1,pair+top1,29,1.0,0,2,0.0,0.0,6.9,0.0,0.0,0.0,0.0,,
L2::P::taker_imb_aligned_60m_ge_0.0189+conf_opposite_thinning_le_0.4997,pair,158,5.448,17,19,10.76,13.82,12.03,18.39,1.41,12.05,9.33,80.8,85.95
L2::P::taker_imb_aligned_60m_ge_0.0189+conf_opposite_thinning_le_0.4997::top1,pair+top1,29,1.0,0,3,0.0,0.0,10.34,0.0,0.0,0.0,0.0,,
L2::P::taker_imb_aligned_60m_ge_0.0189+conf_opposite_thinning_ge_0.5003,pair,266,9.172,25,30,9.4,20.33,11.28,9.76,9.09,13.91,5.96,112.82,96.98
L2::P::taker_imb_aligned_60m_ge_0.0189+conf_opposite_thinning_ge_0.5003::top1,pair+top1,29,1.0,0,2,0.0,0.0,6.9,0.0,0.0,0.0,0.0,,
L2::P::taker_imb_aligned_60m_ge_0.0189+conf_opposite_thinning_le_0.5003,pair,256,8.828,21,31,8.2,17.07,12.11,13.87,1.68,10.14,5.93,83.79,85.95
L2::P::taker_imb_aligned_60m_ge_0.0189+conf_opposite_thinning_le_0.5003::top1,pair+top1,29,1.0,0,2,0.0,0.0,6.9,0.0,0.0,0.0,0.0,,
L2::P::taker_imb_aligned_60m_ge_0.0189+conf_opposite_thinning_ge_0.5008,pair,152,5.241,18,14,11.84,14.63,9.21,13.51,10.26,17.91,7.06,115.29,109.97
L2::P::taker_imb_aligned_60m_ge_0.0189+conf_opposite_thinning_ge_0.5008::top1,pair+top1,29,1.0,2,1,6.9,1.63,3.45,14.29,0.0,22.22,0.0,50.36,50.36
L2::P::taker_imb_aligned_60m_ge_0.0189+conf_opposite_thinning_le_0.5008,pair,372,12.828,28,47,7.53,22.76,12.63,11.17,3.8,9.68,5.38,89.46,84.4
L2::P::taker_imb_aligned_60m_ge_0.0189+conf_opposite_thinning_le_0.5008::top1,pair+top1,29,1.0,0,1,0.0,0.0,3.45,0.0,0.0,0.0,0.0,,
L2::P::taker_imb_aligned_60m_le_0.0189+conf_opposite_thinning_ge_0.4997,pair,368,12.69,50,56,13.59,40.65,15.22,13.81,13.37,12.97,14.21,96.94,80.92
L2::P::taker_imb_aligned_60m_le_0.0189+conf_opposite_thinning_ge_0.4997::top1,pair+top1,29,1.0,8,1,27.59,6.5,3.45,35.71,20.0,40.0,14.29,87.86,58.55
L2::P::taker_imb_aligned_60m_le_0.0189+conf_opposite_thinning_le_0.4997,pair,155,5.345,27,22,17.42,21.95,14.19,16.67,17.98,12.86,21.18,90.06,87.37
L2::P::taker_imb_aligned_60m_le_0.0189+conf_opposite_thinning_le_0.4997::top1,pair+top1,29,1.0,9,1,31.03,7.32,3.45,28.57,33.33,31.25,30.77,92.31,60.88
L2::P::taker_imb_aligned_60m_le_0.0189+conf_opposite_thinning_ge_0.5003,pair,257,8.862,38,37,14.79,30.89,14.4,16.39,13.33,13.74,15.87,106.86,106.97
L2::P::taker_imb_aligned_60m_le_0.0189+conf_opposite_thinning_ge_0.5003::top1,pair+top1,29,1.0,7,1,24.14,5.69,3.45,28.57,20.0,37.5,7.69,95.05,53.23
L2::P::taker_imb_aligned_60m_le_0.0189+conf_opposite_thinning_le_0.5003,pair,266,9.172,39,41,14.66,31.71,15.41,12.8,16.31,12.0,17.02,82.51,63.5
L2::P::taker_imb_aligned_60m_le_0.0189+conf_opposite_thinning_le_0.5003::top1,pair+top1,29,1.0,9,2,31.03,7.32,6.9,28.57,33.33,37.5,23.08,96.64,60.88
L2::P::taker_imb_aligned_60m_le_0.0189+conf_opposite_thinning_ge_0.5008,pair,164,5.655,21,21,12.8,17.07,12.8,13.75,11.9,12.5,13.1,116.61,109.12
L2::P::taker_imb_aligned_60m_le_0.0189+conf_opposite_thinning_ge_0.5008::top1,pair+top1,29,1.0,8,2,27.59,6.5,6.9,21.43,33.33,33.33,23.53,128.35,165.41
L2::P::taker_imb_aligned_60m_le_0.0189+conf_opposite_thinning_le_0.5008,pair,358,12.345,56,57,15.64,45.53,15.92,15.06,16.15,13.14,18.03,86.25,71.95
L2::P::taker_imb_aligned_60m_le_0.0189+conf_opposite_thinning_le_0.5008::top1,pair+top1,29,1.0,8,2,27.59,6.5,6.9,28.57,26.67,33.33,21.43,97.62,80.97
L2::P::taker_imb_aligned_60m_ge_0.0814+conf_opposite_thinning_ge_0.4997,pair,225,7.759,18,19,8.0,14.63,8.44,10.75,6.06,13.76,2.59,119.15,133.03
L2::P::taker_imb_aligned_60m_ge_0.0814+conf_opposite_thinning_ge_0.4997::top1,pair+top1,29,1.0,1,3,3.45,0.81,10.34,7.14,0.0,7.14,0.0,197.58,197.58
L2::P::taker_imb_aligned_60m_ge_0.0814+conf_opposite_thinning_le_0.4997,pair,89,3.069,9,14,10.11,7.32,15.73,21.43,0.0,15.38,6.0,65.4,81.0
L2::P::taker_imb_aligned_60m_ge_0.0814+conf_opposite_thinning_le_0.4997::top1,pair+top1,27,0.931,1,3,3.7,0.81,11.11,7.14,0.0,10.0,0.0,0.63,0.63
L2::P::taker_imb_aligned_60m_ge_0.0814+conf_opposite_thinning_ge_0.5003,pair,172,5.931,15,14,8.72,12.2,8.14,10.0,7.84,15.0,3.26,119.97,143.08
L2::P::taker_imb_aligned_60m_ge_0.0814+conf_opposite_thinning_ge_0.5003::top1,pair+top1,29,1.0,2,2,6.9,1.63,6.9,7.14,6.67,16.67,0.0,119.56,119.56
L2::P::taker_imb_aligned_60m_ge_0.0814+conf_opposite_thinning_le_0.5003,pair,142,4.897,12,19,8.45,9.76,13.38,18.46,0.0,13.24,4.05,77.81,81.92
L2::P::taker_imb_aligned_60m_ge_0.0814+conf_opposite_thinning_le_0.5003::top1,pair+top1,29,1.0,0,3,0.0,0.0,10.34,0.0,0.0,0.0,0.0,,
L2::P::taker_imb_aligned_60m_ge_0.0814+conf_opposite_thinning_ge_0.5008,pair,98,3.379,10,5,10.2,8.13,5.1,11.11,9.43,15.38,4.35,133.46,146.63
L2::P::taker_imb_aligned_60m_ge_0.0814+conf_opposite_thinning_ge_0.5008::top1,pair+top1,26,0.897,4,0,15.38,3.25,0.0,16.67,14.29,25.0,7.14,73.11,65.16
L2::P::taker_imb_aligned_60m_ge_0.0814+conf_opposite_thinning_le_0.5008,pair,216,7.448,17,28,7.87,13.82,12.96,15.56,2.38,13.54,3.33,82.27,81.0
L2::P::taker_imb_aligned_60m_ge_0.0814+conf_opposite_thinning_le_0.5008::top1,pair+top1,29,1.0,1,3,3.45,0.81,10.34,7.14,0.0,8.33,0.0,197.58,197.58
L2::P::taker_imb_aligned_60m_le_0.0814+conf_opposite_thinning_ge_0.4997,pair,507,17.483,61,79,12.03,49.59,15.58,11.49,12.6,11.74,12.31,96.87,71.68
L2::P::taker_imb_aligned_60m_le_0.0814+conf_opposite_thinning_ge_0.4997::top1,pair+top1,29,1.0,6,2,20.69,4.88,6.9,21.43,20.0,33.33,11.76,105.07,102.41
L2::P::taker_imb_aligned_60m_le_0.0814+conf_opposite_thinning_le_0.4997,pair,224,7.724,35,27,15.62,28.46,12.05,16.22,15.04,11.4,20.0,91.9,87.97
L2::P::taker_imb_aligned_60m_le_0.0814+conf_opposite_thinning_le_0.4997::top1,pair+top1,29,1.0,6,1,20.69,4.88,3.45,14.29,26.67,23.53,16.67,111.6,96.85
L2::P::taker_imb_aligned_60m_le_0.0814+conf_opposite_thinning_ge_0.5003,pair,350,12.069,48,53,13.71,39.02,15.14,14.29,13.14,13.25,14.13,105.87,91.7
L2::P::taker_imb_aligned_60m_le_0.0814+conf_opposite_thinning_ge_0.5003::top1,pair+top1,29,1.0,6,2,20.69,4.88,6.9,21.43,20.0,35.71,6.67,102.02,96.09
L2::P::taker_imb_aligned_60m_le_0.0814+conf_opposite_thinning_le_0.5003,pair,381,13.138,48,53,12.6,39.02,13.91,11.68,13.59,10.2,15.14,84.25,71.95
L2::P::taker_imb_aligned_60m_le_0.0814+conf_opposite_thinning_le_0.5003::top1,pair+top1,29,1.0,5,2,17.24,4.07,6.9,7.14,26.67,21.43,13.33,141.97,176.55
L2::P::taker_imb_aligned_60m_le_0.0814+conf_opposite_thinning_ge_0.5008,pair,217,7.483,29,30,13.36,23.58,13.82,14.68,12.04,14.74,12.3,109.98,96.98
L2::P::taker_imb_aligned_60m_le_0.0814+conf_opposite_thinning_ge_0.5008::top1,pair+top1,29,1.0,8,3,27.59,6.5,10.34,21.43,33.33,30.0,26.32,126.08,165.41
L2::P::taker_imb_aligned_60m_le_0.0814+conf_opposite_thinning_le_0.5008,pair,515,17.759,67,76,13.01,54.47,14.76,12.12,13.94,10.53,15.66,88.6,81.82
L2::P::taker_imb_aligned_60m_le_0.0814+conf_opposite_thinning_le_0.5008::top1,pair+top1,29,1.0,6,2,20.69,4.88,6.9,21.43,20.0,26.67,14.29,118.64,121.01
L2::P::taker_imb_aligned_60m_ge_-0.0591+same_dir_zones_active_60m_ge_0.0,pair,731,25.207,73,89,9.99,59.35,12.18,12.6,7.38,12.09,7.9,101.81,96.98
L2::P::taker_imb_aligned_60m_ge_-0.0591+same_dir_zones_active_60m_ge_0.0::top1,pair+top1,29,1.0,4,2,13.79,3.25,6.9,14.29,13.33,23.08,6.25,147.01,165.94
L2::P::taker_imb_aligned_60m_ge_-0.0591+same_dir_zones_active_60m_le_0.0,pair,311,10.724,35,39,11.25,28.46,12.54,13.92,8.5,15.03,7.59,99.14,96.98
L2::P::taker_imb_aligned_60m_ge_-0.0591+same_dir_zones_active_60m_le_0.0::top1,pair+top1,29,1.0,4,5,13.79,3.25,17.24,14.29,13.33,23.08,6.25,147.01,165.94
L2::P::taker_imb_aligned_60m_ge_-0.0591+same_dir_zones_active_60m_ge_1.0,pair,420,14.483,38,50,9.05,30.89,11.9,11.59,6.57,9.95,8.13,104.27,94.92
L2::P::taker_imb_aligned_60m_ge_-0.0591+same_dir_zones_active_60m_ge_1.0::top1,pair+top1,29,1.0,1,0,3.45,0.81,0.0,7.14,0.0,6.67,0.0,101.07,101.07
L2::P::taker_imb_aligned_60m_ge_-0.0591+same_dir_zones_active_60m_le_1.0,pair,545,18.793,59,67,10.83,47.97,12.29,14.5,7.42,13.73,7.66,93.85,87.97
L2::P::taker_imb_aligned_60m_ge_-0.0591+same_dir_zones_active_60m_le_1.0::top1,pair+top1,29,1.0,4,4,13.79,3.25,13.79,14.29,13.33,25.0,5.88,147.01,165.94
L2::P::taker_imb_aligned_60m_ge_-0.0591+same_dir_zones_active_60m_ge_1.0,pair,420,14.483,38,50,9.05,30.89,11.9,11.59,6.57,9.95,8.13,104.27,94.92
L2::P::taker_imb_aligned_60m_ge_-0.0591+same_dir_zones_active_60m_ge_1.0::top1,pair+top1,29,1.0,1,0,3.45,0.81,0.0,7.14,0.0,6.67,0.0,101.07,101.07
L2::P::taker_imb_aligned_60m_ge_-0.0591+same_dir_zones_active_60m_le_1.0,pair,545,18.793,59,67,10.83,47.97,12.29,14.5,7.42,13.73,7.66,93.85,87.97
L2::P::taker_imb_aligned_60m_ge_-0.0591+same_dir_zones_active_60m_le_1.0::top1,pair+top1,29,1.0,4,4,13.79,3.25,13.79,14.29,13.33,25.0,5.88,147.01,165.94
L2::P::taker_imb_aligned_60m_le_-0.0591+same_dir_zones_active_60m_ge_0.0,pair,313,10.793,50,50,15.97,40.65,15.97,14.89,16.86,13.19,18.34,88.53,63.69
L2::P::taker_imb_aligned_60m_le_-0.0591+same_dir_zones_active_60m_ge_0.0::top1,pair+top1,29,1.0,8,2,27.59,6.5,6.9,14.29,40.0,36.36,22.22,96.83,70.45
L2::P::taker_imb_aligned_60m_le_-0.0591+same_dir_zones_active_60m_le_0.0,pair,136,4.69,24,22,17.65,19.51,16.18,17.54,17.72,12.7,21.92,89.63,71.95
L2::P::taker_imb_aligned_60m_le_-0.0591+same_dir_zones_active_60m_le_0.0::top1,pair+top1,29,1.0,8,2,27.59,6.5,6.9,21.43,33.33,15.38,37.5,99.82,71.95
L2::P::taker_imb_aligned_60m_le_-0.0591+same_dir_zones_active_60m_ge_1.0,pair,177,6.103,26,28,14.69,21.14,15.82,13.1,16.13,13.58,15.62,87.51,57.05
L2::P::taker_imb_aligned_60m_le_-0.0591+same_dir_zones_active_60m_ge_1.0::top1,pair+top1,29,1.0,7,2,24.14,5.69,6.9,21.43,26.67,23.08,25.0,75.46,53.23
L2::P::taker_imb_aligned_60m_le_-0.0591+same_dir_zones_active_60m_le_1.0,pair,243,8.379,37,39,15.23,30.08,16.05,13.08,16.91,11.82,18.05,96.03,80.02
L2::P::taker_imb_aligned_60m_le_-0.0591+same_dir_zones_active_60m_le_1.0::top1,pair+top1,29,1.0,9,2,31.03,7.32,6.9,21.43,40.0,33.33,29.41,91.45,60.88
L2::P::taker_imb_aligned_60m_le_-0.0591+same_dir_zones_active_60m_ge_1.0,pair,177,6.103,26,28,14.69,21.14,15.82,13.1,16.13,13.58,15.62,87.51,57.05
L2::P::taker_imb_aligned_60m_le_-0.0591+same_dir_zones_active_60m_ge_1.0::top1,pair+top1,29,1.0,7,2,24.14,5.69,6.9,21.43,26.67,23.08,25.0,75.46,53.23
L2::P::taker_imb_aligned_60m_le_-0.0591+same_dir_zones_active_60m_le_1.0,pair,243,8.379,37,39,15.23,30.08,16.05,13.08,16.91,11.82,18.05,96.03,80.02
L2::P::taker_imb_aligned_60m_le_-0.0591+same_dir_zones_active_60m_le_1.0::top1,pair+top1,29,1.0,9,2,31.03,7.32,6.9,21.43,40.0,33.33,29.41,91.45,60.88
L2::P::taker_imb_aligned_60m_ge_0.0189+same_dir_zones_active_60m_ge_0.0,pair,522,18.0,46,61,8.81,37.4,11.69,11.92,5.73,11.86,5.95,99.57,87.97
L2::P::taker_imb_aligned_60m_ge_0.0189+same_dir_zones_active_60m_ge_0.0::top1,pair+top1,29,1.0,0,1,0.0,0.0,3.45,0.0,0.0,0.0,0.0,,
L2::P::taker_imb_aligned_60m_ge_0.0189+same_dir_zones_active_60m_le_0.0,pair,217,7.483,21,23,9.68,17.07,10.6,12.39,6.73,14.74,5.74,98.29,96.98
L2::P::taker_imb_aligned_60m_ge_0.0189+same_dir_zones_active_60m_le_0.0::top1,pair+top1,29,1.0,0,4,0.0,0.0,13.79,0.0,0.0,0.0,0.0,,
L2::P::taker_imb_aligned_60m_ge_0.0189+same_dir_zones_active_60m_ge_1.0,pair,305,10.517,25,38,8.2,20.33,12.46,11.56,5.06,10.13,6.12,100.64,82.85
L2::P::taker_imb_aligned_60m_ge_0.0189+same_dir_zones_active_60m_ge_1.0::top1,pair+top1,29,1.0,1,2,3.45,0.81,6.9,7.14,0.0,7.14,0.0,11.93,11.93
L2::P::taker_imb_aligned_60m_ge_0.0189+same_dir_zones_active_60m_le_1.0,pair,384,13.241,38,44,9.9,30.89,11.46,13.9,6.09,13.68,6.19,93.06,87.97
L2::P::taker_imb_aligned_60m_ge_0.0189+same_dir_zones_active_60m_le_1.0::top1,pair+top1,29,1.0,0,3,0.0,0.0,10.34,0.0,0.0,0.0,0.0,,
L2::P::taker_imb_aligned_60m_ge_0.0189+same_dir_zones_active_60m_ge_1.0,pair,305,10.517,25,38,8.2,20.33,12.46,11.56,5.06,10.13,6.12,100.64,82.85
L2::P::taker_imb_aligned_60m_ge_0.0189+same_dir_zones_active_60m_ge_1.0::top1,pair+top1,29,1.0,1,2,3.45,0.81,6.9,7.14,0.0,7.14,0.0,11.93,11.93
L2::P::taker_imb_aligned_60m_ge_0.0189+same_dir_zones_active_60m_le_1.0,pair,384,13.241,38,44,9.9,30.89,11.46,13.9,6.09,13.68,6.19,93.06,87.97
L2::P::taker_imb_aligned_60m_ge_0.0189+same_dir_zones_active_60m_le_1.0::top1,pair+top1,29,1.0,0,3,0.0,0.0,10.34,0.0,0.0,0.0,0.0,,
L2::P::taker_imb_aligned_60m_le_0.0189+same_dir_zones_active_60m_ge_0.0,pair,522,18.0,77,78,14.75,62.6,14.94,14.63,14.86,12.94,16.48,94.53,81.82
L2::P::taker_imb_aligned_60m_le_0.0189+same_dir_zones_active_60m_ge_0.0::top1,pair+top1,29,1.0,8,1,27.59,6.5,3.45,28.57,26.67,35.71,20.0,98.19,80.97
L2::P::taker_imb_aligned_60m_le_0.0189+same_dir_zones_active_60m_le_0.0,pair,230,7.931,38,38,16.52,30.89,16.52,17.65,15.62,14.05,19.27,93.61,71.95
L2::P::taker_imb_aligned_60m_le_0.0189+same_dir_zones_active_60m_le_0.0::top1,pair+top1,29,1.0,8,2,27.59,6.5,6.9,28.57,26.67,21.43,33.33,118.36,102.41
L2::P::taker_imb_aligned_60m_le_0.0189+same_dir_zones_active_60m_ge_1.0,pair,292,10.069,39,40,13.36,31.71,13.7,12.5,14.19,11.94,14.56,95.42,87.37
L2::P::taker_imb_aligned_60m_le_0.0189+same_dir_zones_active_60m_ge_1.0::top1,pair+top1,29,1.0,8,1,27.59,6.5,3.45,21.43,33.33,28.57,26.67,80.9,59.81
L2::P::taker_imb_aligned_60m_le_0.0189+same_dir_zones_active_60m_le_1.0,pair,404,13.931,58,62,14.36,47.15,15.35,14.29,14.41,12.75,16.0,95.75,83.22
L2::P::taker_imb_aligned_60m_le_0.0189+same_dir_zones_active_60m_le_1.0::top1,pair+top1,29,1.0,10,2,34.48,8.13,6.9,35.71,33.33,38.46,31.25,102.48,80.97
L2::P::taker_imb_aligned_60m_le_0.0189+same_dir_zones_active_60m_ge_1.0,pair,292,10.069,39,40,13.36,31.71,13.7,12.5,14.19,11.94,14.56,95.42,87.37
L2::P::taker_imb_aligned_60m_le_0.0189+same_dir_zones_active_60m_ge_1.0::top1,pair+top1,29,1.0,8,1,27.59,6.5,3.45,21.43,33.33,28.57,26.67,80.9,59.81
L2::P::taker_imb_aligned_60m_le_0.0189+same_dir_zones_active_60m_le_1.0,pair,404,13.931,58,62,14.36,47.15,15.35,14.29,14.41,12.75,16.0,95.75,83.22
L2::P::taker_imb_aligned_60m_le_0.0189+same_dir_zones_active_60m_le_1.0::top1,pair+top1,29,1.0,10,2,34.48,8.13,6.9,35.71,33.33,38.46,31.25,102.48,80.97
L2::P::taker_imb_aligned_60m_ge_0.0814+same_dir_zones_active_60m_ge_0.0,pair,314,10.828,27,33,8.6,21.95,10.51,14.07,4.47,14.19,3.61,101.23,88.78
L2::P::taker_imb_aligned_60m_ge_0.0814+same_dir_zones_active_60m_ge_0.0::top1,pair+top1,29,1.0,1,2,3.45,0.81,6.9,7.14,0.0,7.69,0.0,197.58,197.58
L2::P::taker_imb_aligned_60m_ge_0.0814+same_dir_zones_active_60m_le_0.0,pair,138,4.759,12,12,8.7,9.76,8.7,15.0,3.85,15.87,2.67,99.16,99.27
L2::P::taker_imb_aligned_60m_ge_0.0814+same_dir_zones_active_60m_le_0.0::top1,pair+top1,29,1.0,1,3,3.45,0.81,10.34,7.14,0.0,10.0,0.0,197.58,197.58
L2::P::taker_imb_aligned_60m_ge_0.0814+same_dir_zones_active_60m_ge_1.0,pair,176,6.069,15,21,8.52,12.2,11.93,13.33,4.95,12.94,4.4,102.89,85.95
L2::P::taker_imb_aligned_60m_ge_0.0814+same_dir_zones_active_60m_ge_1.0::top1,pair+top1,29,1.0,1,4,3.45,0.81,13.79,7.14,0.0,7.14,0.0,11.93,11.93
L2::P::taker_imb_aligned_60m_ge_0.0814+same_dir_zones_active_60m_le_1.0,pair,239,8.241,23,25,9.62,18.7,10.46,16.83,4.35,15.65,4.03,94.95,88.78
L2::P::taker_imb_aligned_60m_ge_0.0814+same_dir_zones_active_60m_le_1.0::top1,pair+top1,29,1.0,1,3,3.45,0.81,10.34,7.14,0.0,8.33,0.0,197.58,197.58
L2::P::taker_imb_aligned_60m_ge_0.0814+same_dir_zones_active_60m_ge_1.0,pair,176,6.069,15,21,8.52,12.2,11.93,13.33,4.95,12.94,4.4,102.89,85.95
L2::P::taker_imb_aligned_60m_ge_0.0814+same_dir_zones_active_60m_ge_1.0::top1,pair+top1,29,1.0,1,4,3.45,0.81,13.79,7.14,0.0,7.14,0.0,11.93,11.93
L2::P::taker_imb_aligned_60m_ge_0.0814+same_dir_zones_active_60m_le_1.0,pair,239,8.241,23,25,9.62,18.7,10.46,16.83,4.35,15.65,4.03,94.95,88.78
L2::P::taker_imb_aligned_60m_ge_0.0814+same_dir_zones_active_60m_le_1.0::top1,pair+top1,29,1.0,1,3,3.45,0.81,10.34,7.14,0.0,8.33,0.0,197.58,197.58
L2::P::taker_imb_aligned_60m_le_0.0814+same_dir_zones_active_60m_ge_0.0,pair,730,25.172,96,106,13.15,78.05,14.52,12.94,13.37,11.63,14.63,95.06,84.12
L2::P::taker_imb_aligned_60m_le_0.0814+same_dir_zones_active_60m_ge_0.0::top1,pair+top1,29,1.0,5,2,17.24,4.07,6.9,14.29,20.0,25.0,11.76,123.06,140.95
L2::P::taker_imb_aligned_60m_le_0.0814+same_dir_zones_active_60m_le_0.0,pair,309,10.655,47,49,15.21,38.21,15.86,14.84,15.58,13.73,16.67,94.28,86.42
L2::P::taker_imb_aligned_60m_le_0.0814+same_dir_zones_active_60m_le_0.0::top1,pair+top1,29,1.0,8,3,27.59,6.5,10.34,28.57,26.67,27.27,27.78,118.36,102.41
L2::P::taker_imb_aligned_60m_le_0.0814+same_dir_zones_active_60m_ge_1.0,pair,421,14.517,49,57,11.64,39.84,13.54,11.57,11.71,10.1,13.15,95.8,81.82
L2::P::taker_imb_aligned_60m_le_0.0814+same_dir_zones_active_60m_ge_1.0::top1,pair+top1,29,1.0,4,2,13.79,3.25,6.9,7.14,20.0,13.33,14.29,116.52,125.11
L2::P::taker_imb_aligned_60m_le_0.0814+same_dir_zones_active_60m_le_1.0,pair,549,18.931,73,81,13.3,59.35,14.75,13.06,13.52,12.14,14.5,94.6,86.42
L2::P::taker_imb_aligned_60m_le_0.0814+same_dir_zones_active_60m_le_1.0::top1,pair+top1,29,1.0,8,3,27.59,6.5,10.34,21.43,33.33,40.0,21.05,109.42,100.91
L2::P::taker_imb_aligned_60m_le_0.0814+same_dir_zones_active_60m_ge_1.0,pair,421,14.517,49,57,11.64,39.84,13.54,11.57,11.71,10.1,13.15,95.8,81.82
L2::P::taker_imb_aligned_60m_le_0.0814+same_dir_zones_active_60m_ge_1.0::top1,pair+top1,29,1.0,4,2,13.79,3.25,6.9,7.14,20.0,13.33,14.29,116.52,125.11
L2::P::taker_imb_aligned_60m_le_0.0814+same_dir_zones_active_60m_le_1.0,pair,549,18.931,73,81,13.3,59.35,14.75,13.06,13.52,12.14,14.5,94.6,86.42
L2::P::taker_imb_aligned_60m_le_0.0814+same_dir_zones_active_60m_le_1.0::top1,pair+top1,29,1.0,8,3,27.59,6.5,10.34,21.43,33.33,40.0,21.05,109.42,100.91
L2::P::taker_imb_aligned_60m_ge_-0.0591+abs_prior_move_60m_pct_ge_0.2503,pair,522,18.0,52,60,9.96,42.28,11.49,12.41,7.26,12.05,8.06,98.95,92.88
L2::P::taker_imb_aligned_60m_ge_-0.0591+abs_prior_move_60m_pct_ge_0.2503::top1,pair+top1,29,1.0,3,3,10.34,2.44,10.34,14.29,6.67,11.76,8.33,84.7,51.23
L2::P::taker_imb_aligned_60m_ge_-0.0591+abs_prior_move_60m_pct_le_0.2503,pair,209,7.207,21,29,10.05,17.07,13.88,13.19,7.63,12.17,7.45,108.91,101.07
L2::P::taker_imb_aligned_60m_ge_-0.0591+abs_prior_move_60m_pct_le_0.2503::top1,pair+top1,29,1.0,3,2,10.34,2.44,6.9,14.29,6.67,21.43,0.0,169.04,161.25
L2::P::taker_imb_aligned_60m_ge_-0.0591+abs_prior_move_60m_pct_ge_0.4065,pair,378,13.034,25,42,6.61,20.33,11.11,9.45,3.39,7.95,5.45,95.68,85.95
L2::P::taker_imb_aligned_60m_ge_-0.0591+abs_prior_move_60m_pct_ge_0.4065::top1,pair+top1,29,1.0,1,3,3.45,0.81,10.34,7.14,0.0,6.25,0.0,206.2,206.2
L2::P::taker_imb_aligned_60m_ge_-0.0591+abs_prior_move_60m_pct_le_0.4065,pair,353,12.172,48,47,13.6,39.02,13.31,16.46,11.11,15.96,10.91,105.0,105.09
L2::P::taker_imb_aligned_60m_ge_-0.0591+abs_prior_move_60m_pct_le_0.4065::top1,pair+top1,29,1.0,4,1,13.79,3.25,3.45,14.29,13.33,23.08,6.25,147.01,165.94
L2::P::taker_imb_aligned_60m_ge_-0.0591+abs_prior_move_60m_pct_ge_0.612,pair,223,7.69,9,23,4.04,7.32,10.31,6.82,0.0,6.8,1.67,56.36,47.12
L2::P::taker_imb_aligned_60m_ge_-0.0591+abs_prior_move_60m_pct_ge_0.612::top1,pair+top1,24,0.828,1,3,4.17,0.81,12.5,8.33,0.0,7.69,0.0,47.12,47.12
L2::P::taker_imb_aligned_60m_ge_-0.0591+abs_prior_move_60m_pct_le_0.612,pair,508,17.517,64,66,12.6,52.03,12.99,15.88,9.82,14.18,10.93,108.2,105.09
L2::P::taker_imb_aligned_60m_ge_-0.0591+abs_prior_move_60m_pct_le_0.612::top1,pair+top1,29,1.0,4,2,13.79,3.25,6.9,14.29,13.33,25.0,5.88,147.01,165.94
L2::P::taker_imb_aligned_60m_le_-0.0591+abs_prior_move_60m_pct_ge_0.2503,pair,210,7.241,31,42,14.76,25.2,20.0,16.19,13.33,12.0,17.27,75.42,56.98
L2::P::taker_imb_aligned_60m_le_-0.0591+abs_prior_move_60m_pct_ge_0.2503::top1,pair+top1,29,1.0,5,7,17.24,4.07,24.14,7.14,26.67,14.29,20.0,101.28,56.98
L2::P::taker_imb_aligned_60m_le_-0.0591+abs_prior_move_60m_pct_le_0.2503,pair,104,3.586,19,8,18.27,15.45,7.69,11.11,22.06,15.56,20.34,109.91,111.33
L2::P::taker_imb_aligned_60m_le_-0.0591+abs_prior_move_60m_pct_le_0.2503::top1,pair+top1,26,0.897,6,4,23.08,4.88,15.38,9.09,33.33,16.67,28.57,113.63,114.59
L2::P::taker_imb_aligned_60m_le_-0.0591+abs_prior_move_60m_pct_ge_0.4065,pair,144,4.966,21,33,14.58,17.07,22.92,17.33,11.59,10.77,17.72,65.66,53.18
L2::P::taker_imb_aligned_60m_le_-0.0591+abs_prior_move_60m_pct_ge_0.4065::top1,pair+top1,28,0.966,4,5,14.29,3.25,17.86,14.29,14.29,7.69,20.0,53.03,50.79
L2::P::taker_imb_aligned_60m_le_-0.0591+abs_prior_move_60m_pct_le_0.4065,pair,170,5.862,29,17,17.06,23.58,10.0,12.12,20.19,15.19,18.68,105.09,88.15
L2::P::taker_imb_aligned_60m_le_-0.0591+abs_prior_move_60m_pct_le_0.4065::top1,pair+top1,29,1.0,10,2,34.48,8.13,6.9,28.57,40.0,38.46,31.25,87.01,58.93
L2::P::taker_imb_aligned_60m_le_-0.0591+abs_prior_move_60m_pct_ge_0.612,pair,91,3.138,12,29,13.19,9.76,31.87,12.24,14.29,7.5,17.65,31.82,22.11
L2::P::taker_imb_aligned_60m_le_-0.0591+abs_prior_move_60m_pct_ge_0.612::top1,pair+top1,23,0.793,5,8,21.74,4.07,34.78,15.38,30.0,9.09,33.33,37.46,38.08
L2::P::taker_imb_aligned_60m_le_-0.0591+abs_prior_move_60m_pct_le_0.612,pair,223,7.69,38,21,17.04,30.89,9.42,16.3,17.56,15.24,18.64,106.44,90.39
L2::P::taker_imb_aligned_60m_le_-0.0591+abs_prior_move_60m_pct_le_0.612::top1,pair+top1,29,1.0,10,1,34.48,8.13,3.45,28.57,40.0,36.36,33.33,86.39,58.93
L2::P::taker_imb_aligned_60m_ge_0.0189+abs_prior_move_60m_pct_ge_0.2503,pair,401,13.828,33,43,8.23,26.83,10.72,11.27,5.08,11.41,5.53,100.67,88.78
L2::P::taker_imb_aligned_60m_ge_0.0189+abs_prior_move_60m_pct_ge_0.2503::top1,pair+top1,29,1.0,1,2,3.45,0.81,6.9,7.14,0.0,6.25,0.0,11.93,11.93
L2::P::taker_imb_aligned_60m_ge_0.0189+abs_prior_move_60m_pct_le_0.2503,pair,121,4.172,13,18,10.74,10.57,14.88,14.29,7.69,13.04,7.69,96.77,76.95
L2::P::taker_imb_aligned_60m_ge_0.0189+abs_prior_move_60m_pct_le_0.2503::top1,pair+top1,29,1.0,4,5,13.79,3.25,17.24,21.43,6.67,20.0,7.14,89.2,89.05
L2::P::taker_imb_aligned_60m_ge_0.0189+abs_prior_move_60m_pct_ge_0.4065,pair,309,10.655,20,33,6.47,16.26,10.68,8.97,3.92,9.63,4.02,92.91,84.4
L2::P::taker_imb_aligned_60m_ge_0.0189+abs_prior_move_60m_pct_ge_0.4065::top1,pair+top1,29,1.0,1,2,3.45,0.81,6.9,7.14,0.0,6.67,0.0,47.12,47.12
L2::P::taker_imb_aligned_60m_ge_0.0189+abs_prior_move_60m_pct_le_0.4065,pair,213,7.345,26,28,12.21,21.14,13.15,16.35,8.26,14.41,9.47,104.69,92.47
L2::P::taker_imb_aligned_60m_ge_0.0189+abs_prior_move_60m_pct_le_0.4065::top1,pair+top1,29,1.0,2,2,6.9,1.63,6.9,7.14,6.67,15.38,0.0,152.17,152.17
L2::P::taker_imb_aligned_60m_ge_0.0189+abs_prior_move_60m_pct_ge_0.612,pair,188,6.483,8,17,4.26,6.5,9.04,7.41,0.0,8.54,0.94,58.24,64.98
L2::P::taker_imb_aligned_60m_ge_0.0189+abs_prior_move_60m_pct_ge_0.612::top1,pair+top1,24,0.828,1,3,4.17,0.81,12.5,8.33,0.0,8.33,0.0,47.12,47.12
L2::P::taker_imb_aligned_60m_ge_0.0189+abs_prior_move_60m_pct_le_0.612,pair,334,11.517,38,44,11.38,30.89,13.17,15.13,8.24,13.45,9.2,108.27,97.27
L2::P::taker_imb_aligned_60m_ge_0.0189+abs_prior_move_60m_pct_le_0.612::top1,pair+top1,29,1.0,2,3,6.9,1.63,10.34,7.14,6.67,13.33,0.0,152.17,152.17
L2::P::taker_imb_aligned_60m_le_0.0189+abs_prior_move_60m_pct_ge_0.2503,pair,330,11.379,50,59,15.15,40.65,17.88,16.0,14.19,12.73,17.58,83.22,60.24
L2::P::taker_imb_aligned_60m_le_0.0189+abs_prior_move_60m_pct_ge_0.2503::top1,pair+top1,29,1.0,8,4,27.59,6.5,13.79,21.43,33.33,29.41,25.0,117.91,116.77
L2::P::taker_imb_aligned_60m_le_0.0189+abs_prior_move_60m_pct_le_0.2503,pair,193,6.655,27,19,13.99,21.95,9.84,11.27,15.57,13.19,14.71,115.46,111.33
L2::P::taker_imb_aligned_60m_le_0.0189+abs_prior_move_60m_pct_le_0.2503::top1,pair+top1,29,1.0,6,1,20.69,4.88,3.45,21.43,20.0,25.0,15.38,117.61,121.01
L2::P::taker_imb_aligned_60m_le_0.0189+abs_prior_move_60m_pct_ge_0.4065,pair,213,7.345,26,42,12.21,21.14,19.72,15.0,8.6,7.55,16.82,73.57,58.34
L2::P::taker_imb_aligned_60m_le_0.0189+abs_prior_move_60m_pct_ge_0.4065::top1,pair+top1,28,0.966,4,4,14.29,3.25,14.29,14.29,14.29,14.29,14.29,88.7,71.45
L2::P::taker_imb_aligned_60m_le_0.0189+abs_prior_move_60m_pct_le_0.4065,pair,310,10.69,51,36,16.45,41.46,11.61,14.29,17.93,16.78,16.15,105.21,101.07
L2::P::taker_imb_aligned_60m_le_0.0189+abs_prior_move_60m_pct_le_0.4065::top1,pair+top1,29,1.0,9,0,31.03,7.32,0.0,35.71,26.67,35.71,26.67,92.65,60.88
L2::P::taker_imb_aligned_60m_le_0.0189+abs_prior_move_60m_pct_ge_0.612,pair,126,4.345,13,35,10.32,10.57,27.78,9.59,11.32,4.92,15.38,32.55,24.97
L2::P::taker_imb_aligned_60m_le_0.0189+abs_prior_move_60m_pct_ge_0.612::top1,pair+top1,24,0.828,5,8,20.83,4.07,33.33,15.38,27.27,0.0,33.33,29.36,38.08
L2::P::taker_imb_aligned_60m_le_0.0189+abs_prior_move_60m_pct_le_0.612,pair,397,13.69,64,43,16.12,52.03,10.83,16.76,15.62,15.38,16.83,107.12,106.97
L2::P::taker_imb_aligned_60m_le_0.0189+abs_prior_move_60m_pct_le_0.612::top1,pair+top1,29,1.0,9,1,31.03,7.32,3.45,35.71,26.67,38.46,25.0,92.65,60.88
L2::P::taker_imb_aligned_60m_ge_0.0814+abs_prior_move_60m_pct_ge_0.2503,pair,254,8.759,20,29,7.87,16.26,11.42,14.41,2.8,12.82,3.65,96.44,87.37
L2::P::taker_imb_aligned_60m_ge_0.0814+abs_prior_move_60m_pct_ge_0.2503::top1,pair+top1,29,1.0,2,4,6.9,1.63,13.79,14.29,0.0,15.38,0.0,104.76,104.76
L2::P::taker_imb_aligned_60m_ge_0.0814+abs_prior_move_60m_pct_le_0.2503,pair,60,2.069,7,4,11.67,5.69,6.67,12.5,11.11,19.35,3.45,114.92,122.97
L2::P::taker_imb_aligned_60m_ge_0.0814+abs_prior_move_60m_pct_le_0.2503::top1,pair+top1,23,0.793,5,1,21.74,4.07,4.35,20.0,23.08,33.33,9.09,120.43,143.08
L2::P::taker_imb_aligned_60m_ge_0.0814+abs_prior_move_60m_pct_ge_0.4065,pair,204,7.034,15,24,7.35,12.2,11.76,12.94,3.36,11.11,4.39,94.5,85.95
L2::P::taker_imb_aligned_60m_ge_0.0814+abs_prior_move_60m_pct_ge_0.4065::top1,pair+top1,29,1.0,1,3,3.45,0.81,10.34,7.14,0.0,6.67,0.0,47.12,47.12
L2::P::taker_imb_aligned_60m_ge_0.0814+abs_prior_move_60m_pct_le_0.4065,pair,110,3.793,12,9,10.91,9.76,8.18,16.0,6.67,18.97,1.92,109.64,120.36
L2::P::taker_imb_aligned_60m_ge_0.0814+abs_prior_move_60m_pct_le_0.4065::top1,pair+top1,26,0.897,5,1,19.23,4.07,3.85,25.0,14.29,35.71,0.0,124.08,143.08
L2::P::taker_imb_aligned_60m_ge_0.0814+abs_prior_move_60m_pct_ge_0.612,pair,124,4.276,6,14,4.84,4.88,11.29,10.17,0.0,10.91,0.0,50.99,64.98
L2::P::taker_imb_aligned_60m_ge_0.0814+abs_prior_move_60m_pct_ge_0.612::top1,pair+top1,23,0.793,1,4,4.35,0.81,17.39,9.09,0.0,7.69,0.0,47.12,47.12
L2::P::taker_imb_aligned_60m_ge_0.0814+abs_prior_move_60m_pct_le_0.612,pair,190,6.552,21,19,11.05,17.07,10.0,17.11,7.02,16.13,6.19,115.59,117.75
L2::P::taker_imb_aligned_60m_ge_0.0814+abs_prior_move_60m_pct_le_0.612::top1,pair+top1,28,0.966,4,2,14.29,3.25,7.14,15.38,13.33,28.57,0.0,135.87,152.17
L2::P::taker_imb_aligned_60m_le_0.0814+abs_prior_move_60m_pct_ge_0.2503,pair,478,16.483,63,73,13.18,51.22,15.27,13.06,13.33,11.59,14.69,88.17,81.82
L2::P::taker_imb_aligned_60m_le_0.0814+abs_prior_move_60m_pct_ge_0.2503::top1,pair+top1,29,1.0,7,4,24.14,5.69,13.79,14.29,33.33,25.0,23.08,127.14,176.55
L2::P::taker_imb_aligned_60m_le_0.0814+abs_prior_move_60m_pct_le_0.2503,pair,253,8.724,33,33,13.04,26.83,13.04,12.62,13.33,11.63,14.52,108.21,101.07
L2::P::taker_imb_aligned_60m_le_0.0814+abs_prior_move_60m_pct_le_0.2503::top1,pair+top1,29,1.0,5,1,17.24,4.07,3.45,14.29,20.0,23.08,12.5,120.92,140.95
L2::P::taker_imb_aligned_60m_le_0.0814+abs_prior_move_60m_pct_ge_0.4065,pair,318,10.966,31,51,9.75,25.2,16.04,10.99,7.87,7.28,11.98,75.92,53.18
L2::P::taker_imb_aligned_60m_le_0.0814+abs_prior_move_60m_pct_ge_0.4065::top1,pair+top1,29,1.0,2,4,6.9,1.63,13.79,7.14,6.67,8.33,5.88,122.14,122.14
L2::P::taker_imb_aligned_60m_le_0.0814+abs_prior_move_60m_pct_le_0.4065,pair,413,14.241,65,55,15.74,52.85,13.32,15.0,16.31,14.76,16.75,104.18,92.63
L2::P::taker_imb_aligned_60m_le_0.0814+abs_prior_move_60m_pct_le_0.4065::top1,pair+top1,29,1.0,7,1,24.14,5.69,3.45,28.57,20.0,25.0,23.53,103.51,60.88
L2::P::taker_imb_aligned_60m_le_0.0814+abs_prior_move_60m_pct_ge_0.612,pair,190,6.552,15,38,7.89,12.2,20.0,7.38,8.82,4.55,10.78,38.87,24.97
L2::P::taker_imb_aligned_60m_le_0.0814+abs_prior_move_60m_pct_ge_0.612::top1,pair+top1,24,0.828,3,6,12.5,2.44,25.0,0.0,27.27,0.0,20.0,32.32,38.08
L2::P::taker_imb_aligned_60m_le_0.0814+abs_prior_move_60m_pct_le_0.612,pair,541,18.655,81,68,14.97,65.85,12.57,15.66,14.38,13.87,16.1,105.46,96.98
L2::P::taker_imb_aligned_60m_le_0.0814+abs_prior_move_60m_pct_le_0.612::top1,pair+top1,29,1.0,7,2,24.14,5.69,6.9,28.57,20.0,27.27,22.22,103.51,60.88
L2::P::dist_to_recent_swing_high_pct_ge_0.321+taker_imb_aligned_30m_ge_-0.0753,pair,524,18.069,46,67,8.78,37.4,12.79,11.19,6.25,10.85,7.37,110.59,114.12
L2::P::dist_to_recent_swing_high_pct_ge_0.321+taker_imb_aligned_30m_ge_-0.0753::top1,pair+top1,29,1.0,2,1,6.9,1.63,3.45,7.14,6.67,12.5,4.76,121.08,121.08
L2::P::dist_to_recent_swing_high_pct_ge_0.321+taker_imb_aligned_30m_le_-0.0753,pair,207,7.138,22,30,10.63,17.89,14.49,13.19,8.62,8.7,13.04,96.95,89.53
L2::P::dist_to_recent_swing_high_pct_ge_0.321+taker_imb_aligned_30m_le_-0.0753::top1,pair+top1,29,1.0,5,2,17.24,4.07,6.9,14.29,20.0,21.05,10.0,107.73,101.07
L2::P::dist_to_recent_swing_high_pct_ge_0.321+taker_imb_aligned_30m_ge_0.0001,pair,371,12.793,28,46,7.55,22.76,12.4,11.73,3.65,10.61,5.86,120.55,111.98
L2::P::dist_to_recent_swing_high_pct_ge_0.321+taker_imb_aligned_30m_ge_0.0001::top1,pair+top1,29,1.0,2,2,6.9,1.63,6.9,7.14,6.67,16.67,4.35,121.08,121.08
L2::P::dist_to_recent_swing_high_pct_ge_0.321+taker_imb_aligned_30m_le_0.0001,pair,361,12.448,40,51,11.08,32.52,14.13,11.67,10.5,9.69,12.73,96.12,96.85
L2::P::dist_to_recent_swing_high_pct_ge_0.321+taker_imb_aligned_30m_le_0.0001::top1,pair+top1,29,1.0,4,2,13.79,3.25,6.9,7.14,20.0,17.65,8.33,116.36,120.89
L2::P::dist_to_recent_swing_high_pct_ge_0.321+taker_imb_aligned_30m_ge_0.0733,pair,207,7.138,16,27,7.73,13.01,13.04,10.71,5.69,10.91,6.58,130.44,129.16
L2::P::dist_to_recent_swing_high_pct_ge_0.321+taker_imb_aligned_30m_ge_0.0733::top1,pair+top1,29,1.0,2,2,6.9,1.63,6.9,7.14,6.67,20.0,4.17,194.25,194.25
L2::P::dist_to_recent_swing_high_pct_ge_0.321+taker_imb_aligned_30m_le_0.0733,pair,525,18.103,52,70,9.9,42.28,13.33,12.0,7.6,9.93,9.88,98.72,96.85
L2::P::dist_to_recent_swing_high_pct_ge_0.321+taker_imb_aligned_30m_le_0.0733::top1,pair+top1,29,1.0,5,1,17.24,4.07,3.45,14.29,20.0,26.67,7.14,135.15,149.15
L2::P::dist_to_recent_swing_high_pct_le_0.321+taker_imb_aligned_30m_ge_-0.0753,pair,208,7.172,34,24,16.35,27.64,11.54,21.5,10.89,15.0,20.83,82.8,66.53
L2::P::dist_to_recent_swing_high_pct_le_0.321+taker_imb_aligned_30m_ge_-0.0753::top1,pair+top1,29,1.0,6,6,20.69,4.88,20.69,28.57,13.33,20.0,22.22,80.38,44.96
L2::P::dist_to_recent_swing_high_pct_le_0.321+taker_imb_aligned_30m_le_-0.0753,pair,106,3.655,21,18,19.81,17.07,16.98,4.76,29.69,26.09,18.07,86.83,58.75
L2::P::dist_to_recent_swing_high_pct_le_0.321+taker_imb_aligned_30m_le_-0.0753::top1,pair+top1,27,0.931,6,5,22.22,4.88,18.52,8.33,33.33,42.86,15.0,97.66,70.45
L2::P::dist_to_recent_swing_high_pct_le_0.321+taker_imb_aligned_30m_ge_0.0001,pair,152,5.241,22,15,14.47,17.89,9.87,18.42,10.53,12.8,22.22,74.66,45.06
L2::P::dist_to_recent_swing_high_pct_le_0.321+taker_imb_aligned_30m_ge_0.0001::top1,pair+top1,28,0.966,3,5,10.71,2.44,17.86,7.69,13.33,12.0,0.0,73.43,41.55
L2::P::dist_to_recent_swing_high_pct_le_0.321+taker_imb_aligned_30m_le_0.0001,pair,161,5.552,33,27,20.5,26.83,16.77,15.28,24.72,24.56,18.27,90.78,62.63
L2::P::dist_to_recent_swing_high_pct_le_0.321+taker_imb_aligned_30m_le_0.0001::top1,pair+top1,29,1.0,9,3,31.03,7.32,10.34,28.57,33.33,33.33,30.0,89.68,60.88
L2::P::dist_to_recent_swing_high_pct_le_0.321+taker_imb_aligned_30m_ge_0.0733,pair,108,3.724,14,11,12.96,11.38,10.19,14.58,11.67,13.4,9.09,78.35,41.19
L2::P::dist_to_recent_swing_high_pct_le_0.321+taker_imb_aligned_30m_ge_0.0733::top1,pair+top1,26,0.897,3,4,11.54,2.44,15.38,9.09,13.33,12.5,0.0,31.44,40.83
L2::P::dist_to_recent_swing_high_pct_le_0.321+taker_imb_aligned_30m_le_0.0733,pair,205,7.069,41,31,20.0,33.33,15.12,18.0,21.9,20.0,20.0,86.38,62.63
L2::P::dist_to_recent_swing_high_pct_le_0.321+taker_imb_aligned_30m_le_0.0733::top1,pair+top1,29,1.0,9,3,31.03,7.32,10.34,28.57,33.33,30.0,31.58,89.68,60.88
L2::P::dist_to_recent_swing_high_pct_ge_0.6499+taker_imb_aligned_30m_ge_-0.0753,pair,395,13.621,31,45,7.85,25.2,11.39,9.55,6.12,11.45,6.06,120.02,122.35
L2::P::dist_to_recent_swing_high_pct_ge_0.6499+taker_imb_aligned_30m_ge_-0.0753::top1,pair+top1,29,1.0,1,2,3.45,0.81,6.9,0.0,6.67,0.0,4.0,190.93,190.93
L2::P::dist_to_recent_swing_high_pct_ge_0.6499+taker_imb_aligned_30m_le_-0.0753,pair,127,4.379,10,19,7.87,8.13,14.96,12.5,4.23,6.98,9.76,78.66,72.66
L2::P::dist_to_recent_swing_high_pct_ge_0.6499+taker_imb_aligned_30m_le_-0.0753::top1,pair+top1,29,1.0,3,3,10.34,2.44,10.34,14.29,6.67,14.29,0.0,70.98,92.63
L2::P::dist_to_recent_swing_high_pct_ge_0.6499+taker_imb_aligned_30m_ge_0.0001,pair,280,9.655,18,28,6.43,14.63,10.0,9.3,3.97,9.21,5.39,138.35,143.89
L2::P::dist_to_recent_swing_high_pct_ge_0.6499+taker_imb_aligned_30m_ge_0.0001::top1,pair+top1,29,1.0,1,2,3.45,0.81,6.9,0.0,6.67,0.0,3.85,190.93,190.93
L2::P::dist_to_recent_swing_high_pct_ge_0.6499+taker_imb_aligned_30m_le_0.0001,pair,243,8.379,23,36,9.47,18.7,14.81,11.11,7.69,9.86,8.91,87.7,87.37
L2::P::dist_to_recent_swing_high_pct_ge_0.6499+taker_imb_aligned_30m_le_0.0001::top1,pair+top1,29,1.0,1,3,3.45,0.81,10.34,0.0,6.67,5.26,0.0,92.63,92.63
L2::P::dist_to_recent_swing_high_pct_ge_0.6499+taker_imb_aligned_30m_ge_0.0733,pair,156,5.379,11,16,7.05,8.94,10.26,8.2,6.32,10.34,6.3,141.77,139.2
L2::P::dist_to_recent_swing_high_pct_ge_0.6499+taker_imb_aligned_30m_ge_0.0733::top1,pair+top1,28,0.966,2,2,7.14,1.63,7.14,7.69,6.67,33.33,4.0,194.25,194.25
L2::P::dist_to_recent_swing_high_pct_ge_0.6499+taker_imb_aligned_30m_le_0.0733,pair,367,12.655,30,48,8.17,24.39,13.08,10.82,5.2,9.57,6.7,98.26,90.39
L2::P::dist_to_recent_swing_high_pct_ge_0.6499+taker_imb_aligned_30m_le_0.0733::top1,pair+top1,29,1.0,2,3,6.9,1.63,10.34,7.14,6.67,12.5,0.0,149.41,149.41
L2::P::dist_to_recent_swing_high_pct_le_0.6499+taker_imb_aligned_30m_ge_-0.0753,pair,336,11.586,49,46,14.58,39.84,13.69,19.43,9.32,13.33,17.71,85.34,70.43
L2::P::dist_to_recent_swing_high_pct_le_0.6499+taker_imb_aligned_30m_ge_-0.0753::top1,pair+top1,29,1.0,7,3,24.14,5.69,10.34,35.71,13.33,27.78,18.18,77.6,48.37
L2::P::dist_to_recent_swing_high_pct_le_0.6499+taker_imb_aligned_30m_le_-0.0753,pair,187,6.448,33,29,17.65,26.83,15.51,9.09,23.64,18.87,17.16,96.05,79.37
L2::P::dist_to_recent_swing_high_pct_le_0.6499+taker_imb_aligned_30m_le_-0.0753::top1,pair+top1,29,1.0,8,4,27.59,6.5,13.79,14.29,40.0,37.5,23.81,91.24,70.45
L2::P::dist_to_recent_swing_high_pct_le_0.6499+taker_imb_aligned_30m_ge_0.0001,pair,242,8.345,32,33,13.22,26.02,13.64,18.4,7.69,12.78,14.52,78.99,49.91
L2::P::dist_to_recent_swing_high_pct_le_0.6499+taker_imb_aligned_30m_ge_0.0001::top1,pair+top1,29,1.0,3,4,10.34,2.44,13.79,14.29,6.67,13.04,0.0,34.9,41.55
L2::P::dist_to_recent_swing_high_pct_le_0.6499+taker_imb_aligned_30m_le_0.0001,pair,280,9.655,50,42,17.86,40.65,15.0,14.29,20.78,16.96,18.45,96.47,79.69
L2::P::dist_to_recent_swing_high_pct_le_0.6499+taker_imb_aligned_30m_le_0.0001::top1,pair+top1,29,1.0,8,3,27.59,6.5,10.34,28.57,26.67,20.0,31.58,96.32,61.76
L2::P::dist_to_recent_swing_high_pct_le_0.6499+taker_imb_aligned_30m_ge_0.0733,pair,158,5.448,19,22,12.03,15.45,13.92,15.71,9.09,13.11,8.33,85.49,47.12
L2::P::dist_to_recent_swing_high_pct_le_0.6499+taker_imb_aligned_30m_ge_0.0733::top1,pair+top1,28,0.966,2,4,7.14,1.63,14.29,7.69,6.67,8.33,0.0,26.74,26.74
L2::P::dist_to_recent_swing_high_pct_le_0.6499+taker_imb_aligned_30m_le_0.0733,pair,364,12.552,63,53,17.31,51.22,14.56,16.57,18.03,15.29,19.07,90.91,79.37
L2::P::dist_to_recent_swing_high_pct_le_0.6499+taker_imb_aligned_30m_le_0.0733::top1,pair+top1,29,1.0,8,3,27.59,6.5,10.34,28.57,26.67,30.0,26.32,98.4,61.76
L2::P::dist_to_recent_swing_high_pct_ge_1.062+taker_imb_aligned_30m_ge_-0.0753,pair,246,8.483,8,29,3.25,6.5,11.79,3.7,2.9,5.88,2.25,99.23,109.84
L2::P::dist_to_recent_swing_high_pct_ge_1.062+taker_imb_aligned_30m_ge_-0.0753::top1,pair+top1,25,0.862,0,1,0.0,0.0,4.0,0.0,0.0,0.0,0.0,,
L2::P::dist_to_recent_swing_high_pct_ge_1.062+taker_imb_aligned_30m_le_-0.0753,pair,68,2.345,5,13,7.35,4.07,19.12,15.15,0.0,6.12,10.53,68.44,63.5
L2::P::dist_to_recent_swing_high_pct_ge_1.062+taker_imb_aligned_30m_le_-0.0753::top1,pair+top1,22,0.759,1,5,4.55,0.81,22.73,9.09,0.0,6.25,0.0,19.25,19.25
L2::P::dist_to_recent_swing_high_pct_ge_1.062+taker_imb_aligned_30m_ge_0.0001,pair,174,6.0,2,18,1.15,1.63,10.34,1.41,0.97,0.0,1.43,193.87,193.87
L2::P::dist_to_recent_swing_high_pct_ge_1.062+taker_imb_aligned_30m_ge_0.0001::top1,pair+top1,25,0.862,0,1,0.0,0.0,4.0,0.0,0.0,0.0,0.0,,
L2::P::dist_to_recent_swing_high_pct_ge_1.062+taker_imb_aligned_30m_le_0.0001,pair,140,4.828,11,24,7.86,8.94,17.14,11.43,4.29,8.43,7.02,68.03,63.5
L2::P::dist_to_recent_swing_high_pct_ge_1.062+taker_imb_aligned_30m_le_0.0001::top1,pair+top1,26,0.897,1,4,3.85,0.81,15.38,7.69,0.0,7.14,0.0,19.25,19.25
L2::P::dist_to_recent_swing_high_pct_ge_1.062+taker_imb_aligned_30m_ge_0.0733,pair,97,3.345,1,10,1.03,0.81,10.31,0.0,1.59,0.0,1.18,239.15,239.15
L2::P::dist_to_recent_swing_high_pct_ge_1.062+taker_imb_aligned_30m_ge_0.0733::top1,pair+top1,24,0.828,0,1,0.0,0.0,4.17,0.0,0.0,0.0,0.0,,
L2::P::dist_to_recent_swing_high_pct_ge_1.062+taker_imb_aligned_30m_le_0.0733,pair,217,7.483,12,32,5.53,9.76,14.75,8.41,2.73,6.67,4.46,74.74,72.66
L2::P::dist_to_recent_swing_high_pct_ge_1.062+taker_imb_aligned_30m_le_0.0733::top1,pair+top1,27,0.931,0,1,0.0,0.0,3.7,0.0,0.0,0.0,0.0,,
L2::P::dist_to_recent_swing_high_pct_le_1.062+taker_imb_aligned_30m_ge_-0.0753,pair,486,16.759,72,62,14.81,58.54,12.76,18.35,10.5,14.14,15.93,98.73,88.06
L2::P::dist_to_recent_swing_high_pct_le_1.062+taker_imb_aligned_30m_ge_-0.0753::top1,pair+top1,29,1.0,5,1,17.24,4.07,3.45,21.43,13.33,23.53,8.33,149.86,161.25
L2::P::dist_to_recent_swing_high_pct_le_1.062+taker_imb_aligned_30m_le_-0.0753,pair,245,8.448,38,35,15.51,30.89,14.29,9.0,20.0,14.61,16.03,95.11,79.69
L2::P::dist_to_recent_swing_high_pct_le_1.062+taker_imb_aligned_30m_le_-0.0753::top1,pair+top1,29,1.0,7,4,24.14,5.69,13.79,14.29,33.33,37.5,19.05,106.07,101.07
L2::P::dist_to_recent_swing_high_pct_le_1.062+taker_imb_aligned_30m_ge_0.0001,pair,349,12.034,48,43,13.75,39.02,12.32,18.48,8.48,13.45,14.29,96.46,88.06
L2::P::dist_to_recent_swing_high_pct_le_1.062+taker_imb_aligned_30m_ge_0.0001::top1,pair+top1,29,1.0,3,3,10.34,2.44,10.34,14.29,6.67,11.76,8.33,134.47,161.25
L2::P::dist_to_recent_swing_high_pct_le_1.062+taker_imb_aligned_30m_le_0.0001,pair,382,13.172,62,54,16.23,50.41,14.14,13.19,19.0,15.29,16.98,98.27,84.4
L2::P::dist_to_recent_swing_high_pct_le_1.062+taker_imb_aligned_30m_le_0.0001::top1,pair+top1,29,1.0,8,3,27.59,6.5,10.34,28.57,26.67,25.0,29.41,102.9,81.85
L2::P::dist_to_recent_swing_high_pct_le_1.062+taker_imb_aligned_30m_ge_0.0733,pair,217,7.483,29,28,13.36,23.58,12.9,16.49,10.83,13.67,12.82,101.54,97.55
L2::P::dist_to_recent_swing_high_pct_le_1.062+taker_imb_aligned_30m_ge_0.0733::top1,pair+top1,29,1.0,3,3,10.34,2.44,10.34,7.14,13.33,11.76,8.33,143.35,190.93
L2::P::dist_to_recent_swing_high_pct_le_1.062+taker_imb_aligned_30m_le_0.0733,pair,514,17.724,81,69,15.76,65.85,13.42,15.61,15.92,14.62,16.86,96.02,85.95
L2::P::dist_to_recent_swing_high_pct_le_1.062+taker_imb_aligned_30m_le_0.0733::top1,pair+top1,29,1.0,7,2,24.14,5.69,6.9,28.57,20.0,30.77,18.75,111.04,101.07
L2::P::dist_to_recent_swing_high_pct_ge_0.321+local_range_30m_pct_ge_0.4406,pair,551,19.0,49,73,8.89,39.84,13.25,11.9,5.45,10.0,8.04,97.14,86.42
L2::P::dist_to_recent_swing_high_pct_ge_0.321+local_range_30m_pct_ge_0.4406::top1,pair+top1,28,0.966,4,1,14.29,3.25,3.57,14.29,14.29,33.33,5.26,129.94,138.81
L2::P::dist_to_recent_swing_high_pct_ge_0.321+local_range_30m_pct_le_0.4406,pair,181,6.241,19,24,10.5,15.45,13.26,10.77,10.34,10.23,10.75,129.5,123.33
L2::P::dist_to_recent_swing_high_pct_ge_0.321+local_range_30m_pct_le_0.4406::top1,pair+top1,29,1.0,5,2,17.24,4.07,6.9,14.29,20.0,26.67,7.14,130.16,111.33
L2::P::dist_to_recent_swing_high_pct_ge_0.321+local_range_30m_pct_ge_0.5848,pair,411,14.172,35,54,8.52,28.46,13.14,11.84,4.37,10.29,7.2,97.52,81.82
L2::P::dist_to_recent_swing_high_pct_ge_0.321+local_range_30m_pct_ge_0.5848::top1,pair+top1,28,0.966,3,1,10.71,2.44,3.57,14.29,7.14,30.0,0.0,91.63,51.23
L2::P::dist_to_recent_swing_high_pct_ge_0.321+local_range_30m_pct_le_0.5848,pair,321,11.069,33,43,10.28,26.83,13.4,11.45,9.47,9.87,10.65,115.37,122.35
L2::P::dist_to_recent_swing_high_pct_ge_0.321+local_range_30m_pct_le_0.5848::top1,pair+top1,29,1.0,3,3,10.34,2.44,10.34,0.0,20.0,8.33,11.76,141.6,141.23
L2::P::dist_to_recent_swing_high_pct_ge_0.321+local_range_30m_pct_ge_0.7621,pair,255,8.793,16,36,6.27,13.01,14.12,9.66,1.82,6.54,6.08,95.79,81.0
L2::P::dist_to_recent_swing_high_pct_ge_0.321+local_range_30m_pct_ge_0.7621::top1,pair+top1,27,0.931,0,3,0.0,0.0,11.11,0.0,0.0,0.0,0.0,,
L2::P::dist_to_recent_swing_high_pct_ge_0.321+local_range_30m_pct_le_0.7621,pair,478,16.483,52,61,10.88,42.28,12.76,13.08,9.09,11.71,10.16,109.38,112.74
L2::P::dist_to_recent_swing_high_pct_ge_0.321+local_range_30m_pct_le_0.7621::top1,pair+top1,29,1.0,5,1,17.24,4.07,3.45,7.14,26.67,25.0,11.76,132.1,149.15
L2::P::dist_to_recent_swing_high_pct_le_0.321+local_range_30m_pct_ge_0.4406,pair,181,6.241,28,33,15.47,22.76,18.23,14.13,16.85,16.04,14.67,73.42,44.96
L2::P::dist_to_recent_swing_high_pct_le_0.321+local_range_30m_pct_ge_0.4406::top1,pair+top1,28,0.966,6,5,21.43,4.88,17.86,28.57,14.29,12.5,33.33,35.86,38.06
L2::P::dist_to_recent_swing_high_pct_le_0.321+local_range_30m_pct_le_0.4406,pair,132,4.552,27,9,20.45,21.95,6.82,21.43,19.74,17.11,25.0,95.65,82.85
L2::P::dist_to_recent_swing_high_pct_le_0.321+local_range_30m_pct_le_0.4406::top1,pair+top1,26,0.897,7,2,26.92,5.69,7.69,36.36,20.0,23.08,30.77,113.12,87.97
L2::P::dist_to_recent_swing_high_pct_le_0.321+local_range_30m_pct_ge_0.5848,pair,112,3.862,18,22,16.07,14.63,19.64,11.76,22.73,16.9,14.63,74.37,39.45
L2::P::dist_to_recent_swing_high_pct_le_0.321+local_range_30m_pct_ge_0.5848::top1,pair+top1,25,0.862,4,7,16.0,3.25,28.0,25.0,7.69,11.11,28.57,35.19,38.06
L2::P::dist_to_recent_swing_high_pct_le_0.321+local_range_30m_pct_le_0.5848,pair,201,6.931,37,20,18.41,30.08,9.95,21.25,16.53,16.22,21.11,89.18,70.43
L2::P::dist_to_recent_swing_high_pct_le_0.321+local_range_30m_pct_le_0.5848::top1,pair+top1,28,0.966,8,3,28.57,6.5,10.71,30.77,26.67,18.18,35.29,103.93,75.3
L2::P::dist_to_recent_swing_high_pct_le_0.321+local_range_30m_pct_ge_0.7621,pair,60,2.069,7,11,11.67,5.69,18.33,4.76,27.78,12.5,10.0,93.57,38.08
L2::P::dist_to_recent_swing_high_pct_le_0.321+local_range_30m_pct_ge_0.7621::top1,pair+top1,18,0.621,2,2,11.11,1.63,11.11,0.0,25.0,8.33,16.67,86.25,86.25
L2::P::dist_to_recent_swing_high_pct_le_0.321+local_range_30m_pct_le_0.7621,pair,253,8.724,48,31,18.97,39.02,12.25,21.7,17.01,17.61,20.72,82.99,61.76
L2::P::dist_to_recent_swing_high_pct_le_0.321+local_range_30m_pct_le_0.7621::top1,pair+top1,29,1.0,8,2,27.59,6.5,6.9,28.57,26.67,25.0,29.41,97.23,58.93
L2::P::dist_to_recent_swing_high_pct_ge_0.6499+local_range_30m_pct_ge_0.4406,pair,412,14.207,30,51,7.28,24.39,12.38,9.91,4.5,8.93,6.15,101.64,99.27
L2::P::dist_to_recent_swing_high_pct_ge_0.6499+local_range_30m_pct_ge_0.4406::top1,pair+top1,28,0.966,2,1,7.14,1.63,3.57,7.14,7.14,16.67,4.55,146.0,146.0
L2::P::dist_to_recent_swing_high_pct_ge_0.6499+local_range_30m_pct_le_0.4406,pair,110,3.793,11,13,10.0,8.94,11.82,11.63,8.96,12.24,8.2,132.54,150.18
L2::P::dist_to_recent_swing_high_pct_ge_0.6499+local_range_30m_pct_le_0.4406::top1,pair+top1,29,1.0,5,3,17.24,4.07,10.34,21.43,13.33,21.05,10.0,132.7,150.18
L2::P::dist_to_recent_swing_high_pct_ge_0.6499+local_range_30m_pct_ge_0.5848,pair,307,10.586,21,36,6.84,17.07,11.73,10.0,3.4,8.26,5.91,101.98,87.37
L2::P::dist_to_recent_swing_high_pct_ge_0.6499+local_range_30m_pct_ge_0.5848::top1,pair+top1,27,0.931,0,1,0.0,0.0,3.7,0.0,0.0,0.0,0.0,,
L2::P::dist_to_recent_swing_high_pct_ge_0.6499+local_range_30m_pct_le_0.5848,pair,216,7.448,20,28,9.26,16.26,12.96,10.53,8.26,11.46,7.5,118.28,122.35
L2::P::dist_to_recent_swing_high_pct_ge_0.6499+local_range_30m_pct_le_0.5848::top1,pair+top1,29,1.0,2,6,6.9,1.63,20.69,0.0,13.33,7.69,6.25,141.78,141.78
L2::P::dist_to_recent_swing_high_pct_ge_0.6499+local_range_30m_pct_ge_0.7621,pair,189,6.517,11,23,5.82,8.94,12.17,9.28,2.17,5.48,6.03,94.71,81.0
L2::P::dist_to_recent_swing_high_pct_ge_0.6499+local_range_30m_pct_ge_0.7621::top1,pair+top1,25,0.862,1,2,4.0,0.81,8.0,0.0,8.33,0.0,7.14,53.18,53.18
L2::P::dist_to_recent_swing_high_pct_ge_0.6499+local_range_30m_pct_le_0.7621,pair,335,11.552,30,41,8.96,24.39,12.24,10.76,7.34,11.64,6.88,115.51,116.64
L2::P::dist_to_recent_swing_high_pct_ge_0.6499+local_range_30m_pct_le_0.7621::top1,pair+top1,29,1.0,2,2,6.9,1.63,6.9,0.0,13.33,10.0,5.26,141.78,141.78
L2::P::dist_to_recent_swing_high_pct_le_0.6499+local_range_30m_pct_ge_0.4406,pair,319,11.0,47,55,14.73,38.21,17.24,15.61,13.7,14.69,14.79,80.13,48.37
L2::P::dist_to_recent_swing_high_pct_le_0.6499+local_range_30m_pct_ge_0.4406::top1,pair+top1,29,1.0,7,3,24.14,5.69,10.34,28.57,20.0,26.67,21.43,61.55,48.37
L2::P::dist_to_recent_swing_high_pct_le_0.6499+local_range_30m_pct_le_0.4406,pair,204,7.034,35,20,17.16,28.46,9.8,17.95,16.67,13.79,21.59,102.43,87.97
L2::P::dist_to_recent_swing_high_pct_le_0.6499+local_range_30m_pct_le_0.4406::top1,pair+top1,27,0.931,7,2,25.93,5.69,7.41,33.33,20.0,21.43,30.77,113.12,87.97
L2::P::dist_to_recent_swing_high_pct_le_0.6499+local_range_30m_pct_ge_0.5848,pair,215,7.414,32,40,14.88,26.02,18.6,14.07,16.25,16.13,13.19,81.57,45.38
L2::P::dist_to_recent_swing_high_pct_le_0.6499+local_range_30m_pct_ge_0.5848::top1,pair+top1,27,0.931,6,5,22.22,4.88,18.52,33.33,13.33,21.05,25.0,67.39,49.8
L2::P::dist_to_recent_swing_high_pct_le_0.6499+local_range_30m_pct_le_0.5848,pair,307,10.586,50,35,16.29,40.65,11.4,18.97,14.66,13.1,20.14,94.83,84.4
L2::P::dist_to_recent_swing_high_pct_le_0.6499+local_range_30m_pct_le_0.5848::top1,pair+top1,29,1.0,8,2,27.59,6.5,6.9,28.57,26.67,16.67,35.29,103.93,75.3
L2::P::dist_to_recent_swing_high_pct_le_0.6499+local_range_30m_pct_ge_0.7621,pair,126,4.345,12,24,9.52,9.76,19.05,7.78,13.89,10.81,7.69,95.48,54.88
L2::P::dist_to_recent_swing_high_pct_le_0.6499+local_range_30m_pct_ge_0.7621::top1,pair+top1,24,0.828,5,3,20.83,4.07,12.5,25.0,16.67,21.43,20.0,95.86,71.68
L2::P::dist_to_recent_swing_high_pct_le_0.6499+local_range_30m_pct_le_0.7621,pair,396,13.655,70,51,17.68,56.91,12.88,21.12,15.32,15.6,20.22,88.65,74.9
L2::P::dist_to_recent_swing_high_pct_le_0.6499+local_range_30m_pct_le_0.7621::top1,pair+top1,29,1.0,8,2,27.59,6.5,6.9,28.57,26.67,30.77,25.0,95.76,58.93
L2::P::dist_to_recent_swing_high_pct_ge_1.062+local_range_30m_pct_ge_0.4406,pair,264,9.103,12,34,4.55,9.76,12.88,7.2,2.16,6.32,3.55,94.3,84.59
L2::P::dist_to_recent_swing_high_pct_ge_1.062+local_range_30m_pct_ge_0.4406::top1,pair+top1,25,0.862,0,1,0.0,0.0,4.0,0.0,0.0,0.0,0.0,,
L2::P::dist_to_recent_swing_high_pct_ge_1.062+local_range_30m_pct_le_0.4406,pair,50,1.724,1,8,2.0,0.81,16.0,0.0,2.94,4.55,0.0,4.47,4.47
L2::P::dist_to_recent_swing_high_pct_ge_1.062+local_range_30m_pct_le_0.4406::top1,pair+top1,17,0.586,0,2,0.0,0.0,11.76,0.0,0.0,0.0,0.0,,
L2::P::dist_to_recent_swing_high_pct_ge_1.062+local_range_30m_pct_ge_0.5848,pair,210,7.241,8,26,3.81,6.5,12.38,6.8,0.93,5.56,2.9,102.17,84.59
L2::P::dist_to_recent_swing_high_pct_ge_1.062+local_range_30m_pct_ge_0.5848::top1,pair+top1,24,0.828,0,1,0.0,0.0,4.17,0.0,0.0,0.0,0.0,,
L2::P::dist_to_recent_swing_high_pct_ge_1.062+local_range_30m_pct_le_0.5848,pair,105,3.621,5,16,4.76,4.07,15.24,5.26,4.48,6.67,3.33,63.74,24.8
L2::P::dist_to_recent_swing_high_pct_ge_1.062+local_range_30m_pct_le_0.5848::top1,pair+top1,22,0.759,1,3,4.55,0.81,13.64,0.0,8.33,11.11,0.0,24.8,24.8
L2::P::dist_to_recent_swing_high_pct_ge_1.062+local_range_30m_pct_ge_0.7621,pair,136,4.69,4,16,2.94,3.25,11.76,6.25,0.0,2.33,3.23,90.74,75.44
L2::P::dist_to_recent_swing_high_pct_ge_1.062+local_range_30m_pct_ge_0.7621::top1,pair+top1,23,0.793,0,3,0.0,0.0,13.04,0.0,0.0,0.0,0.0,,
L2::P::dist_to_recent_swing_high_pct_ge_1.062+local_range_30m_pct_le_0.7621,pair,180,6.207,9,26,5.0,7.32,14.44,6.49,3.88,7.89,2.88,85.9,81.82
L2::P::dist_to_recent_swing_high_pct_ge_1.062+local_range_30m_pct_le_0.7621::top1,pair+top1,25,0.862,0,0,0.0,0.0,0.0,0.0,0.0,0.0,0.0,,
L2::P::dist_to_recent_swing_high_pct_le_1.062+local_range_30m_pct_ge_0.4406,pair,468,16.138,65,72,13.89,52.85,15.38,14.94,12.56,13.94,13.82,87.45,62.63
L2::P::dist_to_recent_swing_high_pct_le_1.062+local_range_30m_pct_ge_0.4406::top1,pair+top1,29,1.0,6,1,20.69,4.88,3.45,21.43,20.0,20.0,21.43,103.5,79.02
L2::P::dist_to_recent_swing_high_pct_le_1.062+local_range_30m_pct_le_0.4406,pair,263,9.069,45,25,17.11,36.59,9.51,18.1,16.46,14.79,19.83,111.97,111.33
L2::P::dist_to_recent_swing_high_pct_le_1.062+local_range_30m_pct_le_0.4406::top1,pair+top1,28,0.966,4,3,14.29,3.25,10.71,15.38,13.33,13.33,15.38,149.09,165.27
L2::P::dist_to_recent_swing_high_pct_le_1.062+local_range_30m_pct_ge_0.5848,pair,313,10.793,45,50,14.38,36.59,15.97,14.51,14.17,14.94,13.67,87.43,71.68
L2::P::dist_to_recent_swing_high_pct_le_1.062+local_range_30m_pct_ge_0.5848::top1,pair+top1,29,1.0,6,2,20.69,4.88,6.9,35.71,6.67,15.79,30.0,73.97,61.45
L2::P::dist_to_recent_swing_high_pct_le_1.062+local_range_30m_pct_le_0.5848,pair,417,14.379,65,47,15.59,52.85,11.27,17.34,14.34,13.76,17.59,104.43,96.98
L2::P::dist_to_recent_swing_high_pct_le_1.062+local_range_30m_pct_le_0.5848::top1,pair+top1,29,1.0,6,2,20.69,4.88,6.9,21.43,20.0,25.0,17.65,125.73,121.01
L2::P::dist_to_recent_swing_high_pct_le_1.062+local_range_30m_pct_ge_0.7621,pair,179,6.172,19,31,10.61,15.45,17.32,9.76,12.5,10.58,10.67,96.04,81.0
L2::P::dist_to_recent_swing_high_pct_le_1.062+local_range_30m_pct_ge_0.7621::top1,pair+top1,26,0.897,4,1,15.38,3.25,3.85,15.38,15.38,14.29,16.67,81.3,76.34
L2::P::dist_to_recent_swing_high_pct_le_1.062+local_range_30m_pct_le_0.7621,pair,551,19.0,91,66,16.52,73.98,11.98,18.93,14.61,15.62,17.49,97.78,87.97
L2::P::dist_to_recent_swing_high_pct_le_1.062+local_range_30m_pct_le_0.7621::top1,pair+top1,29,1.0,7,2,24.14,5.69,6.9,28.57,20.0,33.33,17.65,111.04,101.07
L2::P::dist_to_recent_swing_high_pct_ge_0.321+conf_opposite_thinning_ge_0.4997,pair,521,17.966,43,70,8.25,34.96,13.44,9.88,6.72,9.13,7.56,111.16,111.33
L2::P::dist_to_recent_swing_high_pct_ge_0.321+conf_opposite_thinning_ge_0.4997::top1,pair+top1,29,1.0,4,3,13.79,3.25,10.34,14.29,13.33,27.27,5.56,156.23,183.74
L2::P::dist_to_recent_swing_high_pct_ge_0.321+conf_opposite_thinning_le_0.4997,pair,211,7.276,25,27,11.85,20.33,12.8,15.89,7.69,12.37,11.4,97.62,92.63
L2::P::dist_to_recent_swing_high_pct_ge_0.321+conf_opposite_thinning_le_0.4997::top1,pair+top1,29,1.0,4,2,13.79,3.25,6.9,14.29,13.33,23.08,6.25,72.63,72.91
L2::P::dist_to_recent_swing_high_pct_ge_0.321+conf_opposite_thinning_ge_0.5003,pair,367,12.655,33,50,8.99,26.83,13.62,11.45,6.97,10.26,8.06,117.96,114.15
L2::P::dist_to_recent_swing_high_pct_ge_0.321+conf_opposite_thinning_ge_0.5003::top1,pair+top1,29,1.0,4,4,13.79,3.25,13.79,21.43,6.67,23.08,6.25,116.9,121.08
L2::P::dist_to_recent_swing_high_pct_ge_0.321+conf_opposite_thinning_le_0.5003,pair,365,12.586,35,47,9.59,28.46,12.88,11.86,7.02,9.88,9.33,95.08,92.63
L2::P::dist_to_recent_swing_high_pct_ge_0.321+conf_opposite_thinning_le_0.5003::top1,pair+top1,29,1.0,3,1,10.34,2.44,3.45,7.14,13.33,25.0,0.0,123.42,101.07
L2::P::dist_to_recent_swing_high_pct_ge_0.321+conf_opposite_thinning_ge_0.5008,pair,208,7.172,15,24,7.21,12.2,11.54,10.68,3.81,9.3,5.74,130.32,122.97
L2::P::dist_to_recent_swing_high_pct_ge_0.321+conf_opposite_thinning_ge_0.5008::top1,pair+top1,29,1.0,3,3,10.34,2.44,10.34,7.14,13.33,7.69,12.5,179.45,190.93
L2::P::dist_to_recent_swing_high_pct_ge_0.321+conf_opposite_thinning_le_0.5008,pair,525,18.103,53,73,10.1,43.09,13.9,12.02,8.24,10.37,9.86,99.35,92.63
L2::P::dist_to_recent_swing_high_pct_ge_0.321+conf_opposite_thinning_le_0.5008::top1,pair+top1,29,1.0,4,1,13.79,3.25,3.45,14.29,13.33,33.33,0.0,105.37,96.85
L2::P::dist_to_recent_swing_high_pct_le_0.321+conf_opposite_thinning_ge_0.4997,pair,210,7.241,36,28,17.14,29.27,13.33,14.85,19.27,18.4,15.29,90.94,63.26
L2::P::dist_to_recent_swing_high_pct_le_0.321+conf_opposite_thinning_ge_0.4997::top1,pair+top1,29,1.0,7,4,24.14,5.69,13.79,21.43,26.67,26.67,21.43,97.67,63.88
L2::P::dist_to_recent_swing_high_pct_le_0.321+conf_opposite_thinning_le_0.4997,pair,103,3.552,19,14,18.45,15.45,13.59,21.28,16.07,12.28,26.09,71.82,56.98
L2::P::dist_to_recent_swing_high_pct_le_0.321+conf_opposite_thinning_le_0.4997::top1,pair+top1,29,1.0,7,1,24.14,5.69,3.45,21.43,26.67,12.5,38.46,80.66,56.98
L2::P::dist_to_recent_swing_high_pct_le_0.321+conf_opposite_thinning_ge_0.5003,pair,155,5.345,30,17,19.35,24.39,10.97,16.46,22.37,20.0,18.46,99.62,66.53
L2::P::dist_to_recent_swing_high_pct_le_0.321+conf_opposite_thinning_ge_0.5003::top1,pair+top1,29,1.0,7,3,24.14,5.69,10.34,14.29,33.33,31.25,15.38,112.08,140.95
L2::P::dist_to_recent_swing_high_pct_le_0.321+conf_opposite_thinning_le_0.5003,pair,158,5.448,25,25,15.82,20.33,15.82,17.39,14.61,13.04,19.7,65.99,56.98
L2::P::dist_to_recent_swing_high_pct_le_0.321+conf_opposite_thinning_le_0.5003::top1,pair+top1,29,1.0,6,3,20.69,4.88,10.34,14.29,26.67,11.76,33.33,103.59,70.45
L2::P::dist_to_recent_swing_high_pct_le_0.321+conf_opposite_thinning_ge_0.5008,pair,107,3.69,24,11,22.43,19.51,10.28,19.61,25.0,22.95,21.74,107.06,79.61
L2::P::dist_to_recent_swing_high_pct_le_0.321+conf_opposite_thinning_ge_0.5008::top1,pair+top1,26,0.897,7,3,26.92,5.69,11.54,15.38,38.46,28.57,25.0,95.43,41.55
L2::P::dist_to_recent_swing_high_pct_le_0.321+conf_opposite_thinning_le_0.5008,pair,206,7.103,31,31,15.05,25.2,15.05,15.46,14.68,13.22,17.65,66.74,56.98
L2::P::dist_to_recent_swing_high_pct_le_0.321+conf_opposite_thinning_le_0.5008::top1,pair+top1,29,1.0,6,3,20.69,4.88,10.34,21.43,20.0,12.5,30.77,95.38,70.45
L2::P::dist_to_recent_swing_high_pct_ge_0.6499+conf_opposite_thinning_ge_0.4997,pair,376,12.966,23,45,6.12,18.7,11.97,7.22,5.1,8.12,4.63,122.28,119.13
L2::P::dist_to_recent_swing_high_pct_ge_0.6499+conf_opposite_thinning_ge_0.4997::top1,pair+top1,29,1.0,2,3,6.9,1.63,10.34,7.14,6.67,11.11,5.0,198.56,198.56
L2::P::dist_to_recent_swing_high_pct_ge_0.6499+conf_opposite_thinning_le_0.4997,pair,147,5.069,18,19,12.24,14.63,12.93,17.11,7.04,14.04,11.11,94.15,90.39
L2::P::dist_to_recent_swing_high_pct_ge_0.6499+conf_opposite_thinning_le_0.4997::top1,pair+top1,27,0.931,3,3,11.11,2.44,11.11,7.14,15.38,15.38,7.14,82.29,92.63
L2::P::dist_to_recent_swing_high_pct_ge_0.6499+conf_opposite_thinning_ge_0.5003,pair,262,9.034,18,28,6.87,14.63,10.69,7.96,6.04,9.52,5.1,134.38,148.73
L2::P::dist_to_recent_swing_high_pct_ge_0.6499+conf_opposite_thinning_ge_0.5003::top1,pair+top1,29,1.0,3,4,10.34,2.44,13.79,14.29,6.67,20.0,5.26,138.79,190.93
L2::P::dist_to_recent_swing_high_pct_ge_0.6499+conf_opposite_thinning_le_0.5003,pair,261,9.0,23,36,8.81,18.7,13.79,11.89,5.08,9.73,8.11,90.8,88.15
L2::P::dist_to_recent_swing_high_pct_ge_0.6499+conf_opposite_thinning_le_0.5003::top1,pair+top1,29,1.0,2,2,6.9,1.63,6.9,7.14,6.67,14.29,0.0,96.85,96.85
L2::P::dist_to_recent_swing_high_pct_ge_0.6499+conf_opposite_thinning_ge_0.5008,pair,147,5.069,8,13,5.44,6.5,8.84,6.85,4.05,7.14,4.4,151.44,149.38
L2::P::dist_to_recent_swing_high_pct_ge_0.6499+conf_opposite_thinning_ge_0.5008::top1,pair+top1,28,0.966,3,3,10.71,2.44,10.71,14.29,7.14,16.67,6.25,170.43,190.93
L2::P::dist_to_recent_swing_high_pct_ge_0.6499+conf_opposite_thinning_le_0.5008,pair,377,13.0,33,51,8.75,26.83,13.53,11.41,6.22,10.56,7.41,99.87,92.63
L2::P::dist_to_recent_swing_high_pct_ge_0.6499+conf_opposite_thinning_le_0.5008::top1,pair+top1,29,1.0,2,2,6.9,1.63,6.9,7.14,6.67,18.18,0.0,96.85,96.85
L2::P::dist_to_recent_swing_high_pct_le_0.6499+conf_opposite_thinning_ge_0.4997,pair,356,12.276,56,53,15.73,45.53,14.89,15.52,15.93,15.82,15.62,93.59,75.53
L2::P::dist_to_recent_swing_high_pct_le_0.6499+conf_opposite_thinning_ge_0.4997::top1,pair+top1,29,1.0,7,3,24.14,5.69,10.34,21.43,26.67,35.71,13.33,96.0,63.88
L2::P::dist_to_recent_swing_high_pct_le_0.6499+conf_opposite_thinning_le_0.4997,pair,166,5.724,26,22,15.66,21.14,13.25,18.18,13.48,11.46,21.43,81.17,58.93
L2::P::dist_to_recent_swing_high_pct_le_0.6499+conf_opposite_thinning_le_0.4997::top1,pair+top1,29,1.0,8,0,27.59,6.5,0.0,28.57,26.67,16.67,45.45,79.75,52.67
L2::P::dist_to_recent_swing_high_pct_le_0.6499+conf_opposite_thinning_ge_0.5003,pair,261,9.0,45,39,17.24,36.59,14.94,17.42,17.05,16.9,17.65,99.16,79.37
L2::P::dist_to_recent_swing_high_pct_le_0.6499+conf_opposite_thinning_ge_0.5003::top1,pair+top1,29,1.0,7,1,24.14,5.69,3.45,21.43,26.67,35.71,13.33,96.95,51.23
L2::P::dist_to_recent_swing_high_pct_le_0.6499+conf_opposite_thinning_le_0.5003,pair,261,9.0,37,36,14.18,30.08,13.79,15.13,13.38,12.0,17.12,78.08,60.88
L2::P::dist_to_recent_swing_high_pct_le_0.6499+conf_opposite_thinning_le_0.5003::top1,pair+top1,29,1.0,7,3,24.14,5.69,10.34,14.29,33.33,21.43,26.67,114.01,80.02
L2::P::dist_to_recent_swing_high_pct_le_0.6499+conf_opposite_thinning_ge_0.5008,pair,168,5.793,31,22,18.45,25.2,13.1,19.75,17.24,19.78,16.88,106.86,88.78
L2::P::dist_to_recent_swing_high_pct_le_0.6499+conf_opposite_thinning_ge_0.5008::top1,pair+top1,29,1.0,7,3,24.14,5.69,10.34,21.43,26.67,36.36,16.67,74.82,35.02
L2::P::dist_to_recent_swing_high_pct_le_0.6499+conf_opposite_thinning_le_0.5008,pair,354,12.207,51,53,14.41,41.46,14.97,14.71,14.13,11.94,17.65,79.19,60.88
L2::P::dist_to_recent_swing_high_pct_le_0.6499+conf_opposite_thinning_le_0.5008::top1,pair+top1,29,1.0,8,2,27.59,6.5,6.9,28.57,26.67,28.57,26.67,100.0,70.45
L2::P::dist_to_recent_swing_high_pct_ge_1.062+conf_opposite_thinning_ge_0.4997,pair,230,7.931,8,27,3.48,6.5,11.74,5.88,1.56,4.44,2.86,91.8,72.66
L2::P::dist_to_recent_swing_high_pct_ge_1.062+conf_opposite_thinning_ge_0.4997::top1,pair+top1,27,0.931,0,1,0.0,0.0,3.7,0.0,0.0,0.0,0.0,,
L2::P::dist_to_recent_swing_high_pct_ge_1.062+conf_opposite_thinning_le_0.4997,pair,84,2.897,5,15,5.95,4.07,17.86,7.69,4.44,11.11,3.51,80.32,87.37
L2::P::dist_to_recent_swing_high_pct_ge_1.062+conf_opposite_thinning_le_0.4997::top1,pair+top1,24,0.828,1,5,4.17,0.81,20.83,0.0,8.33,14.29,0.0,24.8,24.8
L2::P::dist_to_recent_swing_high_pct_ge_1.062+conf_opposite_thinning_ge_0.5003,pair,157,5.414,5,16,3.18,4.07,10.19,6.35,1.06,5.08,2.04,120.59,114.15
L2::P::dist_to_recent_swing_high_pct_ge_1.062+conf_opposite_thinning_ge_0.5003::top1,pair+top1,27,0.931,1,1,3.7,0.81,3.7,7.69,0.0,9.09,0.0,19.25,19.25
L2::P::dist_to_recent_swing_high_pct_ge_1.062+conf_opposite_thinning_le_0.5003,pair,158,5.448,8,26,5.06,6.5,16.46,6.33,3.8,6.78,4.04,66.64,63.5
L2::P::dist_to_recent_swing_high_pct_ge_1.062+conf_opposite_thinning_le_0.5003::top1,pair+top1,25,0.862,0,4,0.0,0.0,16.0,0.0,0.0,0.0,0.0,,
L2::P::dist_to_recent_swing_high_pct_ge_1.062+conf_opposite_thinning_ge_0.5008,pair,83,2.862,3,8,3.61,2.44,9.64,5.13,2.27,3.45,3.7,167.29,148.58
L2::P::dist_to_recent_swing_high_pct_ge_1.062+conf_opposite_thinning_ge_0.5008::top1,pair+top1,26,0.897,1,2,3.85,0.81,7.69,8.33,0.0,8.33,0.0,114.15,114.15
L2::P::dist_to_recent_swing_high_pct_ge_1.062+conf_opposite_thinning_le_0.5008,pair,233,8.034,10,34,4.29,8.13,14.59,6.73,2.33,6.82,2.76,63.41,63.5
L2::P::dist_to_recent_swing_high_pct_ge_1.062+conf_opposite_thinning_le_0.5008::top1,pair+top1,25,0.862,0,3,0.0,0.0,12.0,0.0,0.0,0.0,0.0,,
L2::P::dist_to_recent_swing_high_pct_le_1.062+conf_opposite_thinning_ge_0.4997,pair,502,17.31,71,71,14.14,57.72,14.14,13.44,14.86,15.04,13.14,103.08,88.78
L2::P::dist_to_recent_swing_high_pct_le_1.062+conf_opposite_thinning_ge_0.4997::top1,pair+top1,29,1.0,5,3,17.24,4.07,10.34,21.43,13.33,23.08,12.5,124.44,140.95
L2::P::dist_to_recent_swing_high_pct_le_1.062+conf_opposite_thinning_le_0.4997,pair,229,7.897,39,26,17.03,31.71,11.35,21.05,13.04,12.7,22.33,87.27,85.95
L2::P::dist_to_recent_swing_high_pct_le_1.062+conf_opposite_thinning_le_0.4997::top1,pair+top1,29,1.0,9,0,31.03,7.32,0.0,35.71,26.67,26.32,40.0,95.4,81.0
L2::P::dist_to_recent_swing_high_pct_le_1.062+conf_opposite_thinning_ge_0.5003,pair,366,12.621,58,51,15.85,47.15,13.93,15.3,16.39,16.49,15.17,108.25,100.91
L2::P::dist_to_recent_swing_high_pct_le_1.062+conf_opposite_thinning_ge_0.5003::top1,pair+top1,29,1.0,5,2,17.24,4.07,6.9,21.43,13.33,25.0,11.76,126.19,140.95
L2::P::dist_to_recent_swing_high_pct_le_1.062+conf_opposite_thinning_le_0.5003,pair,364,12.552,52,46,14.29,42.28,12.64,16.39,12.15,12.25,16.88,85.47,81.92
L2::P::dist_to_recent_swing_high_pct_le_1.062+conf_opposite_thinning_le_0.5003::top1,pair+top1,29,1.0,7,2,24.14,5.69,6.9,21.43,26.67,18.75,30.77,121.68,101.07
L2::P::dist_to_recent_swing_high_pct_le_1.062+conf_opposite_thinning_ge_0.5008,pair,233,8.034,36,27,15.45,29.27,11.59,16.38,14.53,17.65,13.16,111.73,100.91
L2::P::dist_to_recent_swing_high_pct_le_1.062+conf_opposite_thinning_ge_0.5008::top1,pair+top1,29,1.0,8,2,27.59,6.5,6.9,28.57,26.67,36.36,22.22,109.92,112.31
L2::P::dist_to_recent_swing_high_pct_le_1.062+conf_opposite_thinning_le_0.5008,pair,497,17.138,74,70,14.89,60.16,14.08,15.6,14.17,12.82,17.41,90.55,84.4
L2::P::dist_to_recent_swing_high_pct_le_1.062+conf_opposite_thinning_le_0.5008::top1,pair+top1,29,1.0,7,1,24.14,5.69,3.45,28.57,20.0,26.67,21.43,110.39,101.07
L2::P::dist_to_recent_swing_high_pct_ge_0.321+same_dir_zones_active_60m_ge_0.0,pair,731,25.207,68,97,9.3,55.28,13.27,11.7,6.99,10.09,8.66,106.18,102.95
L2::P::dist_to_recent_swing_high_pct_ge_0.321+same_dir_zones_active_60m_ge_0.0::top1,pair+top1,29,1.0,4,1,13.79,3.25,3.45,7.14,20.0,30.0,5.26,127.84,134.59
L2::P::dist_to_recent_swing_high_pct_ge_0.321+same_dir_zones_active_60m_le_0.0,pair,315,10.862,31,41,9.84,25.2,13.02,12.99,6.83,12.93,7.14,105.78,97.55
L2::P::dist_to_recent_swing_high_pct_ge_0.321+same_dir_zones_active_60m_le_0.0::top1,pair+top1,29,1.0,5,2,17.24,4.07,6.9,21.43,13.33,28.57,6.67,112.05,92.63
L2::P::dist_to_recent_swing_high_pct_ge_0.321+same_dir_zones_active_60m_ge_1.0,pair,416,14.345,37,56,8.89,30.08,13.46,10.73,7.11,7.78,9.75,106.51,111.33
L2::P::dist_to_recent_swing_high_pct_ge_0.321+same_dir_zones_active_60m_ge_1.0::top1,pair+top1,29,1.0,2,2,6.9,1.63,6.9,7.14,6.67,16.67,0.0,138.81,138.81
L2::P::dist_to_recent_swing_high_pct_ge_0.321+same_dir_zones_active_60m_le_1.0,pair,549,18.931,51,73,9.29,41.46,13.3,11.2,7.59,11.15,7.61,112.45,109.12
L2::P::dist_to_recent_swing_high_pct_ge_0.321+same_dir_zones_active_60m_le_1.0::top1,pair+top1,29,1.0,4,3,13.79,3.25,10.34,7.14,20.0,30.0,5.26,127.84,134.59
L2::P::dist_to_recent_swing_high_pct_ge_0.321+same_dir_zones_active_60m_ge_1.0,pair,416,14.345,37,56,8.89,30.08,13.46,10.73,7.11,7.78,9.75,106.51,111.33
L2::P::dist_to_recent_swing_high_pct_ge_0.321+same_dir_zones_active_60m_ge_1.0::top1,pair+top1,29,1.0,2,2,6.9,1.63,6.9,7.14,6.67,16.67,0.0,138.81,138.81
L2::P::dist_to_recent_swing_high_pct_ge_0.321+same_dir_zones_active_60m_le_1.0,pair,549,18.931,51,73,9.29,41.46,13.3,11.2,7.59,11.15,7.61,112.45,109.12
L2::P::dist_to_recent_swing_high_pct_ge_0.321+same_dir_zones_active_60m_le_1.0::top1,pair+top1,29,1.0,4,3,13.79,3.25,10.34,7.14,20.0,30.0,5.26,127.84,134.59
L2::P::dist_to_recent_swing_high_pct_le_0.321+same_dir_zones_active_60m_ge_0.0,pair,313,10.793,55,42,17.57,44.72,13.42,16.89,18.18,16.48,19.08,84.33,60.88
L2::P::dist_to_recent_swing_high_pct_le_0.321+same_dir_zones_active_60m_ge_0.0::top1,pair+top1,29,1.0,8,2,27.59,6.5,6.9,28.57,26.67,25.0,29.41,97.23,58.93
L2::P::dist_to_recent_swing_high_pct_le_0.321+same_dir_zones_active_60m_le_0.0,pair,133,4.586,28,20,21.05,22.76,15.04,19.35,22.54,17.14,25.4,83.64,63.26
L2::P::dist_to_recent_swing_high_pct_le_0.321+same_dir_zones_active_60m_le_0.0::top1,pair+top1,29,1.0,8,2,27.59,6.5,6.9,28.57,26.67,18.18,33.33,100.24,63.26
L2::P::dist_to_recent_swing_high_pct_le_0.321+same_dir_zones_active_60m_ge_1.0,pair,180,6.207,27,22,15.0,21.95,12.22,15.12,14.89,16.07,13.24,85.06,58.75
L2::P::dist_to_recent_swing_high_pct_le_0.321+same_dir_zones_active_60m_ge_1.0::top1,pair+top1,29,1.0,7,3,24.14,5.69,10.34,21.43,26.67,20.0,33.33,47.5,39.32
L2::P::dist_to_recent_swing_high_pct_le_0.321+same_dir_zones_active_60m_le_1.0,pair,239,8.241,45,33,18.83,36.59,13.81,20.72,17.19,17.04,21.15,74.56,56.98
L2::P::dist_to_recent_swing_high_pct_le_0.321+same_dir_zones_active_60m_le_1.0::top1,pair+top1,29,1.0,8,2,27.59,6.5,6.9,28.57,26.67,25.0,29.41,97.23,58.93
L2::P::dist_to_recent_swing_high_pct_le_0.321+same_dir_zones_active_60m_ge_1.0,pair,180,6.207,27,22,15.0,21.95,12.22,15.12,14.89,16.07,13.24,85.06,58.75
L2::P::dist_to_recent_swing_high_pct_le_0.321+same_dir_zones_active_60m_ge_1.0::top1,pair+top1,29,1.0,7,3,24.14,5.69,10.34,21.43,26.67,20.0,33.33,47.5,39.32
L2::P::dist_to_recent_swing_high_pct_le_0.321+same_dir_zones_active_60m_le_1.0,pair,239,8.241,45,33,18.83,36.59,13.81,20.72,17.19,17.04,21.15,74.56,56.98
L2::P::dist_to_recent_swing_high_pct_le_0.321+same_dir_zones_active_60m_le_1.0::top1,pair+top1,29,1.0,8,2,27.59,6.5,6.9,28.57,26.67,25.0,29.41,97.23,58.93
L2::P::dist_to_recent_swing_high_pct_ge_0.6499+same_dir_zones_active_60m_ge_0.0,pair,522,18.0,41,64,7.85,33.33,12.26,10.2,5.62,9.68,6.56,109.93,101.07
L2::P::dist_to_recent_swing_high_pct_ge_0.6499+same_dir_zones_active_60m_ge_0.0::top1,pair+top1,29,1.0,2,2,6.9,1.63,6.9,0.0,13.33,12.5,4.76,141.78,141.78
L2::P::dist_to_recent_swing_high_pct_ge_0.6499+same_dir_zones_active_60m_le_0.0,pair,229,7.897,22,24,9.61,17.89,10.48,11.86,7.21,12.62,7.14,99.59,95.09
L2::P::dist_to_recent_swing_high_pct_ge_0.6499+same_dir_zones_active_60m_le_0.0::top1,pair+top1,28,0.966,4,2,14.29,3.25,7.14,14.29,14.29,33.33,5.26,127.25,141.78
L2::P::dist_to_recent_swing_high_pct_ge_0.6499+same_dir_zones_active_60m_ge_1.0,pair,293,10.103,19,40,6.48,15.45,13.65,8.76,4.49,7.02,6.15,121.91,119.13
L2::P::dist_to_recent_swing_high_pct_ge_0.6499+same_dir_zones_active_60m_ge_1.0::top1,pair+top1,28,0.966,1,2,3.57,0.81,7.14,7.69,0.0,10.0,0.0,101.07,101.07
L2::P::dist_to_recent_swing_high_pct_ge_0.6499+same_dir_zones_active_60m_le_1.0,pair,390,13.448,34,48,8.72,27.64,12.31,11.17,6.44,10.8,7.01,103.99,99.27
L2::P::dist_to_recent_swing_high_pct_ge_0.6499+same_dir_zones_active_60m_le_1.0::top1,pair+top1,29,1.0,2,3,6.9,1.63,10.34,0.0,13.33,12.5,4.76,141.78,141.78
L2::P::dist_to_recent_swing_high_pct_ge_0.6499+same_dir_zones_active_60m_ge_1.0,pair,293,10.103,19,40,6.48,15.45,13.65,8.76,4.49,7.02,6.15,121.91,119.13
L2::P::dist_to_recent_swing_high_pct_ge_0.6499+same_dir_zones_active_60m_ge_1.0::top1,pair+top1,28,0.966,1,2,3.57,0.81,7.14,7.69,0.0,10.0,0.0,101.07,101.07
L2::P::dist_to_recent_swing_high_pct_ge_0.6499+same_dir_zones_active_60m_le_1.0,pair,390,13.448,34,48,8.72,27.64,12.31,11.17,6.44,10.8,7.01,103.99,99.27
L2::P::dist_to_recent_swing_high_pct_ge_0.6499+same_dir_zones_active_60m_le_1.0::top1,pair+top1,29,1.0,2,3,6.9,1.63,10.34,0.0,13.33,12.5,4.76,141.78,141.78
L2::P::dist_to_recent_swing_high_pct_le_0.6499+same_dir_zones_active_60m_ge_0.0,pair,522,18.0,82,75,15.71,66.67,14.37,16.33,15.13,14.38,17.39,89.65,71.06
L2::P::dist_to_recent_swing_high_pct_le_0.6499+same_dir_zones_active_60m_ge_0.0::top1,pair+top1,29,1.0,8,2,27.59,6.5,6.9,28.57,26.67,33.33,23.53,95.76,58.93
L2::P::dist_to_recent_swing_high_pct_le_0.6499+same_dir_zones_active_60m_le_0.0,pair,218,7.517,37,37,16.97,30.08,16.97,18.56,15.7,15.93,18.1,92.71,80.02
L2::P::dist_to_recent_swing_high_pct_le_0.6499+same_dir_zones_active_60m_le_0.0::top1,pair+top1,29,1.0,8,3,27.59,6.5,10.34,28.57,26.67,25.0,29.41,102.32,63.26
L2::P::dist_to_recent_swing_high_pct_le_0.6499+same_dir_zones_active_60m_ge_1.0,pair,304,10.483,45,38,14.8,36.59,12.5,14.94,14.67,13.41,16.8,87.14,60.88
L2::P::dist_to_recent_swing_high_pct_le_0.6499+same_dir_zones_active_60m_ge_1.0::top1,pair+top1,29,1.0,6,2,20.69,4.88,6.9,14.29,26.67,12.5,30.77,84.72,51.22
L2::P::dist_to_recent_swing_high_pct_le_0.6499+same_dir_zones_active_60m_le_1.0,pair,398,13.724,62,58,15.58,50.41,14.57,17.13,14.29,15.07,16.2,89.59,74.9
L2::P::dist_to_recent_swing_high_pct_le_0.6499+same_dir_zones_active_60m_le_1.0::top1,pair+top1,29,1.0,8,3,27.59,6.5,10.34,28.57,26.67,33.33,23.53,95.76,58.93
L2::P::dist_to_recent_swing_high_pct_le_0.6499+same_dir_zones_active_60m_ge_1.0,pair,304,10.483,45,38,14.8,36.59,12.5,14.94,14.67,13.41,16.8,87.14,60.88
L2::P::dist_to_recent_swing_high_pct_le_0.6499+same_dir_zones_active_60m_ge_1.0::top1,pair+top1,29,1.0,6,2,20.69,4.88,6.9,14.29,26.67,12.5,30.77,84.72,51.22
L2::P::dist_to_recent_swing_high_pct_le_0.6499+same_dir_zones_active_60m_le_1.0,pair,398,13.724,62,58,15.58,50.41,14.57,17.13,14.29,15.07,16.2,89.59,74.9
L2::P::dist_to_recent_swing_high_pct_le_0.6499+same_dir_zones_active_60m_le_1.0::top1,pair+top1,29,1.0,8,3,27.59,6.5,10.34,28.57,26.67,33.33,23.53,95.76,58.93
L2::P::dist_to_recent_swing_high_pct_ge_1.062+same_dir_zones_active_60m_ge_0.0,pair,314,10.828,13,42,4.14,10.57,13.38,6.38,2.31,5.98,3.05,87.39,81.82
L2::P::dist_to_recent_swing_high_pct_ge_1.062+same_dir_zones_active_60m_ge_0.0::top1,pair+top1,27,0.931,0,1,0.0,0.0,3.7,0.0,0.0,0.0,0.0,,
L2::P::dist_to_recent_swing_high_pct_ge_1.062+same_dir_zones_active_60m_le_0.0,pair,139,4.793,7,15,5.04,5.69,10.79,5.97,4.17,7.81,2.67,44.92,24.8
L2::P::dist_to_recent_swing_high_pct_ge_1.062+same_dir_zones_active_60m_le_0.0::top1,pair+top1,27,0.931,1,2,3.7,0.81,7.41,7.69,0.0,11.11,0.0,19.25,19.25
L2::P::dist_to_recent_swing_high_pct_ge_1.062+same_dir_zones_active_60m_ge_1.0,pair,175,6.034,6,27,3.43,4.88,15.43,6.76,0.99,3.77,3.28,136.93,132.32
L2::P::dist_to_recent_swing_high_pct_ge_1.062+same_dir_zones_active_60m_ge_1.0::top1,pair+top1,23,0.793,0,0,0.0,0.0,0.0,0.0,0.0,0.0,0.0,,
L2::P::dist_to_recent_swing_high_pct_ge_1.062+same_dir_zones_active_60m_le_1.0,pair,228,7.862,7,32,3.07,5.69,14.04,3.81,2.44,5.0,1.56,44.92,24.8
L2::P::dist_to_recent_swing_high_pct_ge_1.062+same_dir_zones_active_60m_le_1.0::top1,pair+top1,27,0.931,0,2,0.0,0.0,7.41,0.0,0.0,0.0,0.0,,
L2::P::dist_to_recent_swing_high_pct_ge_1.062+same_dir_zones_active_60m_ge_1.0,pair,175,6.034,6,27,3.43,4.88,15.43,6.76,0.99,3.77,3.28,136.93,132.32
L2::P::dist_to_recent_swing_high_pct_ge_1.062+same_dir_zones_active_60m_ge_1.0::top1,pair+top1,23,0.793,0,0,0.0,0.0,0.0,0.0,0.0,0.0,0.0,,
L2::P::dist_to_recent_swing_high_pct_ge_1.062+same_dir_zones_active_60m_le_1.0,pair,228,7.862,7,32,3.07,5.69,14.04,3.81,2.44,5.0,1.56,44.92,24.8
L2::P::dist_to_recent_swing_high_pct_ge_1.062+same_dir_zones_active_60m_le_1.0::top1,pair+top1,27,0.931,0,2,0.0,0.0,7.41,0.0,0.0,0.0,0.0,,
L2::P::dist_to_recent_swing_high_pct_le_1.062+same_dir_zones_active_60m_ge_0.0,pair,730,25.172,110,97,15.07,89.43,13.29,15.85,14.29,14.29,15.98,97.48,87.19
L2::P::dist_to_recent_swing_high_pct_le_1.062+same_dir_zones_active_60m_ge_0.0::top1,pair+top1,29,1.0,7,1,24.14,5.69,3.45,28.57,20.0,30.77,18.75,111.04,101.07
L2::P::dist_to_recent_swing_high_pct_le_1.062+same_dir_zones_active_60m_le_0.0,pair,308,10.621,52,46,16.88,42.28,14.94,18.92,15.0,17.11,16.67,102.05,90.39
L2::P::dist_to_recent_swing_high_pct_le_1.062+same_dir_zones_active_60m_le_0.0::top1,pair+top1,29,1.0,8,4,27.59,6.5,13.79,28.57,26.67,33.33,25.0,118.36,102.41
L2::P::dist_to_recent_swing_high_pct_le_1.062+same_dir_zones_active_60m_ge_1.0,pair,422,14.552,58,51,13.74,47.15,12.09,13.76,13.73,12.5,15.38,93.38,81.0
L2::P::dist_to_recent_swing_high_pct_le_1.062+same_dir_zones_active_60m_ge_1.0::top1,pair+top1,29,1.0,6,0,20.69,4.88,0.0,14.29,26.67,18.75,23.08,94.75,80.97
L2::P::dist_to_recent_swing_high_pct_le_1.062+same_dir_zones_active_60m_le_1.0,pair,559,19.276,89,74,15.92,72.36,13.24,18.18,13.9,15.99,15.85,98.6,88.15
L2::P::dist_to_recent_swing_high_pct_le_1.062+same_dir_zones_active_60m_le_1.0::top1,pair+top1,29,1.0,9,4,31.03,7.32,13.79,35.71,26.67,44.44,25.0,112.95,101.07
L2::P::dist_to_recent_swing_high_pct_le_1.062+same_dir_zones_active_60m_ge_1.0,pair,422,14.552,58,51,13.74,47.15,12.09,13.76,13.73,12.5,15.38,93.38,81.0
L2::P::dist_to_recent_swing_high_pct_le_1.062+same_dir_zones_active_60m_ge_1.0::top1,pair+top1,29,1.0,6,0,20.69,4.88,0.0,14.29,26.67,18.75,23.08,94.75,80.97
L2::P::dist_to_recent_swing_high_pct_le_1.062+same_dir_zones_active_60m_le_1.0,pair,559,19.276,89,74,15.92,72.36,13.24,18.18,13.9,15.99,15.85,98.6,88.15
L2::P::dist_to_recent_swing_high_pct_le_1.062+same_dir_zones_active_60m_le_1.0::top1,pair+top1,29,1.0,9,4,31.03,7.32,13.79,35.71,26.67,44.44,25.0,112.95,101.07
L2::P::dist_to_recent_swing_high_pct_ge_0.321+abs_prior_move_60m_pct_ge_0.2503,pair,538,18.552,51,69,9.48,41.46,12.83,11.23,7.63,10.39,8.79,102.67,97.55
L2::P::dist_to_recent_swing_high_pct_ge_0.321+abs_prior_move_60m_pct_ge_0.2503::top1,pair+top1,29,1.0,4,1,13.79,3.25,3.45,7.14,20.0,30.0,5.26,127.84,134.59
L2::P::dist_to_recent_swing_high_pct_ge_0.321+abs_prior_move_60m_pct_le_0.2503,pair,194,6.69,17,28,8.76,13.82,14.43,13.25,5.41,9.28,8.25,116.71,111.33
L2::P::dist_to_recent_swing_high_pct_ge_0.321+abs_prior_move_60m_pct_le_0.2503::top1,pair+top1,29,1.0,2,1,6.9,1.63,3.45,7.14,6.67,7.14,6.67,155.2,155.2
L2::P::dist_to_recent_swing_high_pct_ge_0.321+abs_prior_move_60m_pct_ge_0.4065,pair,394,13.586,30,50,7.61,24.39,12.69,10.58,4.3,6.45,8.37,96.31,86.9
L2::P::dist_to_recent_swing_high_pct_ge_0.321+abs_prior_move_60m_pct_ge_0.4065::top1,pair+top1,29,1.0,2,1,6.9,1.63,3.45,7.14,6.67,12.5,4.76,214.88,214.88
L2::P::dist_to_recent_swing_high_pct_ge_0.321+abs_prior_move_60m_pct_le_0.4065,pair,337,11.621,38,47,11.28,30.89,13.95,13.25,9.68,13.37,9.09,113.98,116.64
L2::P::dist_to_recent_swing_high_pct_ge_0.321+abs_prior_move_60m_pct_le_0.4065::top1,pair+top1,29,1.0,5,2,17.24,4.07,6.9,7.14,26.67,23.08,12.5,132.1,149.15
L2::P::dist_to_recent_swing_high_pct_ge_0.321+abs_prior_move_60m_pct_ge_0.612,pair,240,8.276,11,35,4.58,8.94,14.58,6.06,2.78,4.21,4.83,47.65,41.32
L2::P::dist_to_recent_swing_high_pct_ge_0.321+abs_prior_move_60m_pct_ge_0.612::top1,pair+top1,25,0.862,2,3,8.0,1.63,12.0,7.69,8.33,10.0,6.67,50.15,50.15
L2::P::dist_to_recent_swing_high_pct_ge_0.321+abs_prior_move_60m_pct_le_0.612,pair,492,16.966,57,62,11.59,46.34,12.6,14.98,8.68,12.45,10.81,117.48,119.13
L2::P::dist_to_recent_swing_high_pct_ge_0.321+abs_prior_move_60m_pct_le_0.612::top1,pair+top1,29,1.0,5,2,17.24,4.07,6.9,7.14,26.67,27.27,11.11,132.1,149.15
L2::P::dist_to_recent_swing_high_pct_le_0.321+abs_prior_move_60m_pct_ge_0.2503,pair,194,6.69,32,33,16.49,26.02,17.01,19.23,13.33,15.13,18.67,70.22,44.6
L2::P::dist_to_recent_swing_high_pct_le_0.321+abs_prior_move_60m_pct_ge_0.2503::top1,pair+top1,28,0.966,7,4,25.0,5.69,14.29,28.57,21.43,6.67,46.15,28.18,21.78
L2::P::dist_to_recent_swing_high_pct_le_0.321+abs_prior_move_60m_pct_le_0.2503,pair,119,4.103,23,9,19.33,18.7,7.56,11.36,24.0,19.05,19.64,103.97,70.43
L2::P::dist_to_recent_swing_high_pct_le_0.321+abs_prior_move_60m_pct_le_0.2503::top1,pair+top1,25,0.862,6,3,24.0,4.88,12.0,20.0,26.67,30.77,16.67,107.69,100.91
L2::P::dist_to_recent_swing_high_pct_le_0.321+abs_prior_move_60m_pct_ge_0.4065,pair,128,4.414,16,25,12.5,13.01,19.53,14.71,10.0,12.79,11.9,55.11,29.93
L2::P::dist_to_recent_swing_high_pct_le_0.321+abs_prior_move_60m_pct_ge_0.4065::top1,pair+top1,25,0.862,2,8,8.0,1.63,32.0,7.69,8.33,0.0,22.22,13.74,13.74
L2::P::dist_to_recent_swing_high_pct_le_0.321+abs_prior_move_60m_pct_le_0.4065,pair,186,6.414,39,17,20.97,31.71,9.14,18.75,22.64,19.79,22.22,96.32,70.43
L2::P::dist_to_recent_swing_high_pct_le_0.321+abs_prior_move_60m_pct_le_0.4065::top1,pair+top1,28,0.966,9,1,32.14,7.32,3.57,30.77,33.33,30.77,33.33,87.34,56.98
L2::P::dist_to_recent_swing_high_pct_le_0.321+abs_prior_move_60m_pct_ge_0.612,pair,74,2.552,10,17,13.51,8.13,22.97,14.29,12.0,12.5,15.38,36.49,24.72
L2::P::dist_to_recent_swing_high_pct_le_0.321+abs_prior_move_60m_pct_ge_0.612::top1,pair+top1,20,0.69,2,7,10.0,1.63,35.0,9.09,11.11,8.33,12.5,8.54,8.54
L2::P::dist_to_recent_swing_high_pct_le_0.321+abs_prior_move_60m_pct_le_0.612,pair,239,8.241,45,25,18.83,36.59,10.46,18.18,19.29,17.91,20.0,94.97,63.88
L2::P::dist_to_recent_swing_high_pct_le_0.321+abs_prior_move_60m_pct_le_0.612::top1,pair+top1,29,1.0,8,2,27.59,6.5,6.9,28.57,26.67,25.0,29.41,97.23,58.93
L2::P::dist_to_recent_swing_high_pct_ge_0.6499+abs_prior_move_60m_pct_ge_0.2503,pair,416,14.345,35,50,8.41,28.46,12.02,10.34,6.57,9.88,7.48,106.1,97.55
L2::P::dist_to_recent_swing_high_pct_ge_0.6499+abs_prior_move_60m_pct_ge_0.2503::top1,pair+top1,28,0.966,2,2,7.14,1.63,7.14,0.0,14.29,14.29,4.76,141.78,141.78
L2::P::dist_to_recent_swing_high_pct_ge_0.6499+abs_prior_move_60m_pct_le_0.2503,pair,107,3.69,6,14,5.61,4.88,13.08,9.62,1.82,8.93,1.96,132.27,129.0
L2::P::dist_to_recent_swing_high_pct_ge_0.6499+abs_prior_move_60m_pct_le_0.2503::top1,pair+top1,28,0.966,2,3,7.14,1.63,10.71,7.69,6.67,14.29,0.0,155.06,155.06
L2::P::dist_to_recent_swing_high_pct_ge_0.6499+abs_prior_move_60m_pct_ge_0.4065,pair,311,10.724,21,36,6.75,17.07,11.58,10.0,3.73,6.36,6.97,101.35,87.37
L2::P::dist_to_recent_swing_high_pct_ge_0.6499+abs_prior_move_60m_pct_ge_0.4065::top1,pair+top1,28,0.966,2,1,7.14,1.63,3.57,7.14,7.14,12.5,5.0,214.88,214.88
L2::P::dist_to_recent_swing_high_pct_ge_0.6499+abs_prior_move_60m_pct_le_0.4065,pair,211,7.276,20,28,9.48,16.26,13.27,10.48,8.49,13.08,5.77,118.94,116.64
L2::P::dist_to_recent_swing_high_pct_ge_0.6499+abs_prior_move_60m_pct_le_0.4065::top1,pair+top1,29,1.0,3,5,10.34,2.44,17.24,7.14,13.33,15.38,6.25,160.38,190.93
L2::P::dist_to_recent_swing_high_pct_ge_0.6499+abs_prior_move_60m_pct_ge_0.612,pair,190,6.552,7,25,3.68,5.69,13.16,4.44,3.0,4.41,3.28,53.37,41.32
L2::P::dist_to_recent_swing_high_pct_ge_0.6499+abs_prior_move_60m_pct_ge_0.612::top1,pair+top1,24,0.828,1,3,4.17,0.81,12.5,0.0,8.33,0.0,6.67,53.18,53.18
L2::P::dist_to_recent_swing_high_pct_ge_0.6499+abs_prior_move_60m_pct_le_0.612,pair,333,11.483,34,39,10.21,27.64,11.71,13.33,7.14,12.0,8.74,121.58,116.64
L2::P::dist_to_recent_swing_high_pct_ge_0.6499+abs_prior_move_60m_pct_le_0.612::top1,pair+top1,29,1.0,3,3,10.34,2.44,10.34,7.14,13.33,20.0,5.26,160.38,190.93
L2::P::dist_to_recent_swing_high_pct_le_0.6499+abs_prior_move_60m_pct_ge_0.2503,pair,315,10.862,48,52,15.24,39.02,16.51,17.05,12.95,13.9,17.19,78.53,49.91
L2::P::dist_to_recent_swing_high_pct_le_0.6499+abs_prior_move_60m_pct_ge_0.2503::top1,pair+top1,29,1.0,7,5,24.14,5.69,17.24,21.43,26.67,18.75,30.77,52.67,48.37
L2::P::dist_to_recent_swing_high_pct_le_0.6499+abs_prior_move_60m_pct_le_0.2503,pair,207,7.138,34,23,16.43,27.64,11.11,14.67,17.42,15.24,17.65,105.35,79.69
L2::P::dist_to_recent_swing_high_pct_le_0.6499+abs_prior_move_60m_pct_le_0.2503::top1,pair+top1,27,0.931,7,2,25.93,5.69,7.41,25.0,26.67,33.33,20.0,97.31,60.88
L2::P::dist_to_recent_swing_high_pct_le_0.6499+abs_prior_move_60m_pct_ge_0.4065,pair,211,7.276,25,39,11.85,20.33,18.48,13.49,9.41,10.69,13.75,65.7,40.87
L2::P::dist_to_recent_swing_high_pct_le_0.6499+abs_prior_move_60m_pct_ge_0.4065::top1,pair+top1,28,0.966,2,7,7.14,1.63,25.0,7.14,7.14,5.56,10.0,26.41,26.41
L2::P::dist_to_recent_swing_high_pct_le_0.6499+abs_prior_move_60m_pct_le_0.4065,pair,312,10.759,57,36,18.27,46.34,11.54,19.2,17.65,17.39,19.21,100.16,80.02
L2::P::dist_to_recent_swing_high_pct_le_0.6499+abs_prior_move_60m_pct_le_0.4065::top1,pair+top1,29,1.0,8,0,27.59,6.5,0.0,28.57,26.67,28.57,26.67,95.76,58.93
L2::P::dist_to_recent_swing_high_pct_le_0.6499+abs_prior_move_60m_pct_ge_0.612,pair,124,4.276,14,27,11.29,11.38,21.77,12.09,9.09,9.33,14.29,36.82,24.72
L2::P::dist_to_recent_swing_high_pct_le_0.6499+abs_prior_move_60m_pct_ge_0.612::top1,pair+top1,22,0.759,3,4,13.64,2.44,18.18,16.67,10.0,13.33,14.29,21.4,11.37
L2::P::dist_to_recent_swing_high_pct_le_0.6499+abs_prior_move_60m_pct_le_0.612,pair,398,13.724,68,48,17.09,55.28,12.06,18.75,15.97,16.13,18.23,100.53,84.0
L2::P::dist_to_recent_swing_high_pct_le_0.6499+abs_prior_move_60m_pct_le_0.612::top1,pair+top1,29,1.0,8,2,27.59,6.5,6.9,28.57,26.67,33.33,23.53,95.76,58.93
L2::P::dist_to_recent_swing_high_pct_ge_1.062+abs_prior_move_60m_pct_ge_0.2503,pair,267,9.207,13,35,4.87,10.57,13.11,7.56,2.7,7.45,3.47,87.39,81.82
L2::P::dist_to_recent_swing_high_pct_ge_1.062+abs_prior_move_60m_pct_ge_0.2503::top1,pair+top1,26,0.897,0,2,0.0,0.0,7.69,0.0,0.0,0.0,0.0,,
L2::P::dist_to_recent_swing_high_pct_ge_1.062+abs_prior_move_60m_pct_le_0.2503,pair,47,1.621,0,7,0.0,0.0,14.89,0.0,0.0,0.0,0.0,,
L2::P::dist_to_recent_swing_high_pct_ge_1.062+abs_prior_move_60m_pct_le_0.2503::top1,pair+top1,19,0.655,0,3,0.0,0.0,15.79,0.0,0.0,0.0,0.0,,
L2::P::dist_to_recent_swing_high_pct_ge_1.062+abs_prior_move_60m_pct_ge_0.4065,pair,226,7.793,9,27,3.98,7.32,11.95,7.77,0.81,5.48,3.27,81.46,81.82
L2::P::dist_to_recent_swing_high_pct_ge_1.062+abs_prior_move_60m_pct_ge_0.4065::top1,pair+top1,26,0.897,0,2,0.0,0.0,7.69,0.0,0.0,0.0,0.0,,
L2::P::dist_to_recent_swing_high_pct_ge_1.062+abs_prior_move_60m_pct_le_0.4065,pair,88,3.034,4,15,4.55,3.25,17.05,2.63,6.0,6.82,2.27,100.73,69.48
L2::P::dist_to_recent_swing_high_pct_ge_1.062+abs_prior_move_60m_pct_le_0.4065::top1,pair+top1,22,0.759,1,3,4.55,0.81,13.64,9.09,0.0,11.11,0.0,114.15,114.15
L2::P::dist_to_recent_swing_high_pct_ge_1.062+abs_prior_move_60m_pct_ge_0.612,pair,157,5.414,4,20,2.55,3.25,12.74,4.17,1.18,6.0,0.93,63.53,50.53
L2::P::dist_to_recent_swing_high_pct_ge_1.062+abs_prior_move_60m_pct_ge_0.612::top1,pair+top1,24,0.828,0,3,0.0,0.0,12.5,0.0,0.0,0.0,0.0,,
L2::P::dist_to_recent_swing_high_pct_ge_1.062+abs_prior_move_60m_pct_le_0.612,pair,158,5.448,9,22,5.7,7.32,13.92,8.7,3.37,5.88,5.56,97.99,87.37
L2::P::dist_to_recent_swing_high_pct_ge_1.062+abs_prior_move_60m_pct_le_0.612::top1,pair+top1,26,0.897,1,2,3.85,0.81,7.69,8.33,0.0,9.09,0.0,114.15,114.15
L2::P::dist_to_recent_swing_high_pct_le_1.062+abs_prior_move_60m_pct_ge_0.2503,pair,464,16.0,70,67,15.09,56.91,14.44,16.15,13.73,13.73,16.75,90.67,86.19
L2::P::dist_to_recent_swing_high_pct_le_1.062+abs_prior_move_60m_pct_ge_0.2503::top1,pair+top1,29,1.0,5,3,17.24,4.07,10.34,14.29,20.0,16.67,18.18,97.52,56.98
L2::P::dist_to_recent_swing_high_pct_le_1.062+abs_prior_move_60m_pct_le_0.2503,pair,267,9.207,40,30,14.98,32.52,11.24,15.09,14.91,15.22,14.73,109.39,105.09
L2::P::dist_to_recent_swing_high_pct_le_1.062+abs_prior_move_60m_pct_le_0.2503::top1,pair+top1,29,1.0,6,2,20.69,4.88,6.9,21.43,20.0,33.33,11.76,117.61,121.01
L2::P::dist_to_recent_swing_high_pct_le_1.062+abs_prior_move_60m_pct_ge_0.4065,pair,296,10.207,37,48,12.5,30.08,16.22,13.87,10.57,10.12,15.62,82.1,81.0
L2::P::dist_to_recent_swing_high_pct_le_1.062+abs_prior_move_60m_pct_ge_0.4065::top1,pair+top1,28,0.966,2,4,7.14,1.63,14.29,7.14,7.14,5.88,9.09,105.95,105.95
L2::P::dist_to_recent_swing_high_pct_le_1.062+abs_prior_move_60m_pct_le_0.4065,pair,435,15.0,73,49,16.78,59.35,11.26,17.62,16.12,17.41,16.11,105.27,96.98
L2::P::dist_to_recent_swing_high_pct_le_1.062+abs_prior_move_60m_pct_le_0.4065::top1,pair+top1,29,1.0,8,0,27.59,6.5,0.0,35.71,20.0,30.77,25.0,103.2,80.97
L2::P::dist_to_recent_swing_high_pct_le_1.062+abs_prior_move_60m_pct_ge_0.612,pair,157,5.414,17,32,10.83,13.82,20.38,11.01,10.42,7.53,15.62,37.35,38.08
L2::P::dist_to_recent_swing_high_pct_le_1.062+abs_prior_move_60m_pct_ge_0.612::top1,pair+top1,22,0.759,4,3,18.18,3.25,13.64,25.0,10.0,12.5,33.33,26.38,26.34
L2::P::dist_to_recent_swing_high_pct_le_1.062+abs_prior_move_60m_pct_le_0.612,pair,573,19.759,93,65,16.23,75.61,11.34,17.9,14.87,16.39,16.06,108.47,101.07
L2::P::dist_to_recent_swing_high_pct_le_1.062+abs_prior_move_60m_pct_le_0.612::top1,pair+top1,29,1.0,8,2,27.59,6.5,6.9,35.71,20.0,36.36,22.22,103.2,80.97
L2::P::taker_imb_aligned_30m_ge_-0.0753+local_range_30m_pct_ge_0.4406,pair,523,18.034,53,68,10.13,43.09,13.0,12.59,7.17,12.36,7.95,86.34,71.68
L2::P::taker_imb_aligned_30m_ge_-0.0753+local_range_30m_pct_ge_0.4406::top1,pair+top1,29,1.0,2,1,6.9,1.63,3.45,7.14,6.67,7.14,6.67,121.08,121.08
L2::P::taker_imb_aligned_30m_ge_-0.0753+local_range_30m_pct_le_0.4406,pair,209,7.207,27,23,12.92,21.95,11.0,19.32,8.26,13.27,12.5,123.2,123.33
L2::P::taker_imb_aligned_30m_ge_-0.0753+local_range_30m_pct_le_0.4406::top1,pair+top1,29,1.0,4,3,13.79,3.25,10.34,14.29,13.33,20.0,7.14,164.33,155.72
L2::P::taker_imb_aligned_30m_ge_-0.0753+local_range_30m_pct_ge_0.5848,pair,377,13.0,33,49,8.75,26.83,13.0,11.01,5.66,12.15,5.61,87.72,76.95
L2::P::taker_imb_aligned_30m_ge_-0.0753+local_range_30m_pct_ge_0.5848::top1,pair+top1,29,1.0,1,3,3.45,0.81,10.34,7.14,0.0,7.14,0.0,51.23,51.23
L2::P::taker_imb_aligned_30m_ge_-0.0753+local_range_30m_pct_le_0.5848,pair,355,12.241,47,42,13.24,38.21,11.83,18.59,9.05,13.16,13.33,106.55,117.75
L2::P::taker_imb_aligned_30m_ge_-0.0753+local_range_30m_pct_le_0.5848::top1,pair+top1,29,1.0,5,2,17.24,4.07,6.9,21.43,13.33,26.67,7.14,142.0,161.25
L2::P::taker_imb_aligned_30m_ge_-0.0753+local_range_30m_pct_ge_0.7621,pair,232,8.0,13,28,5.6,10.57,12.07,7.25,3.19,7.89,3.39,105.86,87.37
L2::P::taker_imb_aligned_30m_ge_-0.0753+local_range_30m_pct_ge_0.7621::top1,pair+top1,26,0.897,1,2,3.85,0.81,7.69,0.0,7.69,7.14,0.0,166.8,166.8
L2::P::taker_imb_aligned_30m_ge_-0.0753+local_range_30m_pct_le_0.7621,pair,501,17.276,67,63,13.37,54.47,12.57,18.22,9.06,14.67,11.98,97.41,88.15
L2::P::taker_imb_aligned_30m_ge_-0.0753+local_range_30m_pct_le_0.7621::top1,pair+top1,29,1.0,4,0,13.79,3.25,0.0,14.29,13.33,23.08,6.25,147.01,165.94
L2::P::taker_imb_aligned_30m_le_-0.0753+local_range_30m_pct_ge_0.4406,pair,209,7.207,24,38,11.48,19.51,18.18,12.0,11.01,10.34,12.3,93.31,72.66
L2::P::taker_imb_aligned_30m_le_-0.0753+local_range_30m_pct_ge_0.4406::top1,pair+top1,28,0.966,5,6,17.86,4.07,21.43,14.29,21.43,21.43,14.29,100.6,101.07
L2::P::taker_imb_aligned_30m_le_-0.0753+local_range_30m_pct_le_0.4406,pair,104,3.586,19,10,18.27,15.45,9.62,6.06,23.94,13.73,22.64,90.36,79.37
L2::P::taker_imb_aligned_30m_le_-0.0753+local_range_30m_pct_le_0.4406::top1,pair+top1,24,0.828,5,2,20.83,4.07,8.33,10.0,28.57,25.0,16.67,105.79,80.02
L2::P::taker_imb_aligned_30m_le_-0.0753+local_range_30m_pct_ge_0.5848,pair,145,5.0,20,27,13.79,16.26,18.62,14.29,13.24,12.5,14.81,92.86,72.66
L2::P::taker_imb_aligned_30m_le_-0.0753+local_range_30m_pct_ge_0.5848::top1,pair+top1,26,0.897,4,3,15.38,3.25,11.54,15.38,15.38,16.67,14.29,89.98,84.2
L2::P::taker_imb_aligned_30m_le_-0.0753+local_range_30m_pct_le_0.5848,pair,168,5.793,23,21,13.69,18.7,12.5,5.36,17.86,10.81,15.96,91.27,79.37
L2::P::taker_imb_aligned_30m_le_-0.0753+local_range_30m_pct_le_0.5848::top1,pair+top1,28,0.966,6,3,21.43,4.88,10.71,15.38,26.67,27.27,17.65,101.16,80.97
L2::P::taker_imb_aligned_30m_le_-0.0753+local_range_30m_pct_ge_0.7621,pair,83,2.862,10,19,12.05,8.13,22.89,12.24,11.76,9.09,14.0,81.16,58.34
L2::P::taker_imb_aligned_30m_le_-0.0753+local_range_30m_pct_ge_0.7621::top1,pair+top1,24,0.828,3,5,12.5,2.44,20.83,9.09,15.38,0.0,20.0,40.79,53.18
L2::P::taker_imb_aligned_30m_le_-0.0753+local_range_30m_pct_le_0.7621,pair,230,7.931,33,29,14.35,26.83,12.61,9.52,17.12,12.38,16.0,95.3,81.82
L2::P::taker_imb_aligned_30m_le_-0.0753+local_range_30m_pct_le_0.7621::top1,pair+top1,29,1.0,8,5,27.59,6.5,17.24,21.43,33.33,36.36,22.22,95.21,80.97
L2::P::taker_imb_aligned_30m_ge_0.0001+local_range_30m_pct_ge_0.4406,pair,380,13.103,34,46,8.95,27.64,12.11,11.79,5.95,11.96,6.12,90.3,78.97
L2::P::taker_imb_aligned_30m_ge_0.0001+local_range_30m_pct_ge_0.4406::top1,pair+top1,29,1.0,2,1,6.9,1.63,3.45,7.14,6.67,9.09,5.56,121.08,121.08
L2::P::taker_imb_aligned_30m_ge_0.0001+local_range_30m_pct_le_0.4406,pair,142,4.897,16,15,11.27,13.01,10.56,20.34,4.82,11.11,11.43,121.74,121.05
L2::P::taker_imb_aligned_30m_ge_0.0001+local_range_30m_pct_le_0.4406::top1,pair+top1,29,1.0,3,2,10.34,2.44,6.9,14.29,6.67,14.29,6.67,172.54,161.25
L2::P::taker_imb_aligned_30m_ge_0.0001+local_range_30m_pct_ge_0.5848,pair,281,9.69,25,34,8.9,20.33,12.1,11.84,5.43,13.53,4.73,86.79,76.95
L2::P::taker_imb_aligned_30m_ge_0.0001+local_range_30m_pct_ge_0.5848::top1,pair+top1,29,1.0,3,3,10.34,2.44,10.34,14.29,6.67,20.0,0.0,96.57,71.68
L2::P::taker_imb_aligned_30m_ge_0.0001+local_range_30m_pct_le_0.5848,pair,242,8.345,25,27,10.33,20.33,11.16,16.67,5.71,9.76,10.92,113.93,117.75
L2::P::taker_imb_aligned_30m_ge_0.0001+local_range_30m_pct_le_0.5848::top1,pair+top1,29,1.0,4,2,13.79,3.25,6.9,14.29,13.33,18.18,11.11,126.33,151.24
L2::P::taker_imb_aligned_30m_ge_0.0001+local_range_30m_pct_ge_0.7621,pair,175,6.034,9,22,5.14,7.32,12.57,8.16,1.3,7.69,3.09,97.54,81.0
L2::P::taker_imb_aligned_30m_ge_0.0001+local_range_30m_pct_ge_0.7621::top1,pair+top1,26,0.897,2,4,7.69,1.63,15.38,7.69,7.69,14.29,0.0,119.24,119.24
L2::P::taker_imb_aligned_30m_ge_0.0001+local_range_30m_pct_le_0.7621,pair,349,12.034,41,39,11.75,33.33,11.17,17.31,7.25,13.33,10.06,100.98,88.78
L2::P::taker_imb_aligned_30m_ge_0.0001+local_range_30m_pct_le_0.7621::top1,pair+top1,29,1.0,3,2,10.34,2.44,6.9,7.14,13.33,20.0,5.26,128.41,143.08
L2::P::taker_imb_aligned_30m_le_0.0001+local_range_30m_pct_ge_0.4406,pair,352,12.138,43,60,12.22,34.96,17.05,13.16,11.11,11.73,12.63,87.1,63.5
L2::P::taker_imb_aligned_30m_le_0.0001+local_range_30m_pct_ge_0.4406::top1,pair+top1,28,0.966,6,4,21.43,4.88,14.29,14.29,28.57,14.29,28.57,96.83,81.85
L2::P::taker_imb_aligned_30m_le_0.0001+local_range_30m_pct_le_0.4406,pair,171,5.897,30,18,17.54,24.39,10.53,11.29,21.1,15.22,20.25,103.18,89.29
L2::P::taker_imb_aligned_30m_le_0.0001+local_range_30m_pct_le_0.4406::top1,pair+top1,27,0.931,6,1,22.22,4.88,3.7,16.67,26.67,25.0,18.18,114.1,110.48
L2::P::taker_imb_aligned_30m_le_0.0001+local_range_30m_pct_ge_0.5848,pair,242,8.345,28,42,11.57,22.76,17.36,11.89,11.11,10.62,12.4,92.21,72.66
L2::P::taker_imb_aligned_30m_le_0.0001+local_range_30m_pct_ge_0.5848::top1,pair+top1,26,0.897,4,2,15.38,3.25,7.69,15.38,15.38,7.69,23.08,102.16,98.76
L2::P::taker_imb_aligned_30m_le_0.0001+local_range_30m_pct_le_0.5848,pair,280,9.655,45,36,16.07,36.59,12.86,13.76,17.54,15.0,17.14,94.64,82.85
L2::P::taker_imb_aligned_30m_le_0.0001+local_range_30m_pct_le_0.5848::top1,pair+top1,29,1.0,6,2,20.69,4.88,6.9,14.29,26.67,15.38,25.0,119.33,101.79
L2::P::taker_imb_aligned_30m_le_0.0001+local_range_30m_pct_ge_0.7621,pair,141,4.862,14,25,9.93,11.38,17.73,8.99,11.54,8.57,11.27,93.56,63.5
L2::P::taker_imb_aligned_30m_le_0.0001+local_range_30m_pct_ge_0.7621::top1,pair+top1,26,0.897,3,3,11.54,2.44,11.54,7.69,15.38,0.0,20.0,40.79,53.18
L2::P::taker_imb_aligned_30m_le_0.0001+local_range_30m_pct_le_0.7621,pair,381,13.138,59,53,15.49,47.97,13.91,14.72,16.06,14.75,16.16,93.74,82.85
L2::P::taker_imb_aligned_30m_le_0.0001+local_range_30m_pct_le_0.7621::top1,pair+top1,29,1.0,5,2,17.24,4.07,6.9,7.14,26.67,16.67,17.65,125.34,140.95
L2::P::taker_imb_aligned_30m_ge_0.0733+local_range_30m_pct_ge_0.4406,pair,233,8.034,24,29,10.3,19.51,12.45,13.33,7.81,14.41,6.56,98.86,88.99
L2::P::taker_imb_aligned_30m_ge_0.0733+local_range_30m_pct_ge_0.4406::top1,pair+top1,29,1.0,2,1,6.9,1.63,3.45,7.14,6.67,9.09,5.56,194.25,194.25
L2::P::taker_imb_aligned_30m_ge_0.0733+local_range_30m_pct_le_0.4406,pair,81,2.793,6,9,7.41,4.88,11.11,7.69,7.27,7.5,7.32,135.22,156.5
L2::P::taker_imb_aligned_30m_ge_0.0733+local_range_30m_pct_le_0.4406::top1,pair+top1,28,0.966,3,2,10.71,2.44,7.14,7.69,13.33,7.69,13.33,112.73,150.18
L2::P::taker_imb_aligned_30m_ge_0.0733+local_range_30m_pct_ge_0.5848,pair,165,5.69,17,18,10.3,13.82,10.91,15.07,6.52,15.58,5.68,90.74,81.0
L2::P::taker_imb_aligned_30m_ge_0.0733+local_range_30m_pct_ge_0.5848::top1,pair+top1,28,0.966,2,4,7.14,1.63,14.29,15.38,0.0,15.38,0.0,134.63,134.63
L2::P::taker_imb_aligned_30m_ge_0.0733+local_range_30m_pct_le_0.5848,pair,150,5.172,13,20,8.67,10.57,13.33,8.62,8.7,9.46,7.89,126.26,141.23
L2::P::taker_imb_aligned_30m_ge_0.0733+local_range_30m_pct_le_0.5848::top1,pair+top1,29,1.0,4,2,13.79,3.25,6.9,7.14,20.0,8.33,17.65,130.85,160.26
L2::P::taker_imb_aligned_30m_ge_0.0733+local_range_30m_pct_ge_0.7621,pair,95,3.276,7,11,7.37,5.69,11.58,16.67,0.0,11.11,4.0,80.36,81.0
L2::P::taker_imb_aligned_30m_ge_0.0733+local_range_30m_pct_ge_0.7621::top1,pair+top1,25,0.862,3,4,12.0,2.44,16.0,25.0,0.0,23.08,0.0,133.09,100.98
L2::P::taker_imb_aligned_30m_ge_0.0733+local_range_30m_pct_le_0.7621,pair,221,7.621,23,27,10.41,18.7,12.22,10.11,10.61,12.96,7.96,113.97,119.13
L2::P::taker_imb_aligned_30m_ge_0.0733+local_range_30m_pct_le_0.7621::top1,pair+top1,29,1.0,3,1,10.34,2.44,3.45,7.14,13.33,20.0,5.26,177.2,190.93
L2::P::taker_imb_aligned_30m_le_0.0733+local_range_30m_pct_ge_0.4406,pair,498,17.172,53,77,10.64,43.09,15.46,12.14,8.72,10.68,10.61,83.83,62.63
L2::P::taker_imb_aligned_30m_le_0.0733+local_range_30m_pct_ge_0.4406::top1,pair+top1,29,1.0,5,3,17.24,4.07,10.34,14.29,20.0,21.43,13.33,107.0,101.07
L2::P::taker_imb_aligned_30m_le_0.0733+local_range_30m_pct_le_0.4406,pair,233,8.034,40,24,17.17,32.52,10.3,17.89,16.67,15.32,19.27,105.8,90.39
L2::P::taker_imb_aligned_30m_le_0.0733+local_range_30m_pct_le_0.4406::top1,pair+top1,29,1.0,5,2,17.24,4.07,6.9,14.29,20.0,18.75,15.38,120.92,140.95
L2::P::taker_imb_aligned_30m_le_0.0733+local_range_30m_pct_ge_0.5848,pair,357,12.31,36,58,10.08,29.27,16.25,10.81,8.89,10.71,9.52,89.15,70.22
L2::P::taker_imb_aligned_30m_le_0.0733+local_range_30m_pct_ge_0.5848::top1,pair+top1,27,0.931,3,1,11.11,2.44,3.7,7.14,15.38,14.29,7.69,125.64,149.15
L2::P::taker_imb_aligned_30m_le_0.0733+local_range_30m_pct_le_0.5848,pair,373,12.862,57,43,15.28,46.34,11.53,17.65,13.64,13.76,16.85,95.89,87.97
L2::P::taker_imb_aligned_30m_le_0.0733+local_range_30m_pct_le_0.5848::top1,pair+top1,29,1.0,5,2,17.24,4.07,6.9,14.29,20.0,16.67,17.65,130.67,140.95
L2::P::taker_imb_aligned_30m_le_0.0733+local_range_30m_pct_ge_0.7621,pair,220,7.586,16,36,7.27,13.01,16.36,6.21,9.33,6.86,7.63,101.57,75.44
L2::P::taker_imb_aligned_30m_le_0.0733+local_range_30m_pct_ge_0.7621::top1,pair+top1,27,0.931,4,0,14.81,3.25,0.0,7.14,23.08,8.33,20.0,72.3,58.34
L2::P::taker_imb_aligned_30m_le_0.0733+local_range_30m_pct_le_0.7621,pair,510,17.586,77,65,15.1,62.6,12.75,18.26,12.5,14.51,15.69,91.55,82.85
L2::P::taker_imb_aligned_30m_le_0.0733+local_range_30m_pct_le_0.7621::top1,pair+top1,29,1.0,5,2,17.24,4.07,6.9,14.29,20.0,25.0,11.76,123.06,140.95
L2::P::taker_imb_aligned_30m_ge_-0.0753+conf_opposite_thinning_ge_0.4997,pair,516,17.793,51,65,9.88,41.46,12.6,11.2,8.56,12.4,7.36,109.64,104.83
L2::P::taker_imb_aligned_30m_ge_-0.0753+conf_opposite_thinning_ge_0.4997::top1,pair+top1,29,1.0,4,2,13.79,3.25,6.9,14.29,13.33,23.08,6.25,147.01,165.94
L2::P::taker_imb_aligned_30m_ge_-0.0753+conf_opposite_thinning_le_0.4997,pair,215,7.414,29,26,13.49,23.58,12.09,20.87,5.0,13.27,13.73,79.68,85.95
L2::P::taker_imb_aligned_30m_ge_-0.0753+conf_opposite_thinning_le_0.4997::top1,pair+top1,29,1.0,2,4,6.9,1.63,13.79,7.14,6.67,7.14,6.67,91.42,91.42
L2::P::taker_imb_aligned_30m_ge_-0.0753+conf_opposite_thinning_ge_0.5003,pair,383,13.207,45,46,11.75,36.59,12.01,13.83,9.74,15.0,8.87,112.84,109.12
L2::P::taker_imb_aligned_30m_ge_-0.0753+conf_opposite_thinning_ge_0.5003::top1,pair+top1,29,1.0,4,2,13.79,3.25,6.9,14.29,13.33,27.27,5.56,147.01,165.94
L2::P::taker_imb_aligned_30m_ge_-0.0753+conf_opposite_thinning_le_0.5003,pair,349,12.034,35,45,10.03,28.46,12.89,14.44,4.94,10.42,9.55,80.69,85.95
L2::P::taker_imb_aligned_30m_ge_-0.0753+conf_opposite_thinning_le_0.5003::top1,pair+top1,29,1.0,0,3,0.0,0.0,10.34,0.0,0.0,0.0,0.0,,
L2::P::taker_imb_aligned_30m_ge_-0.0753+conf_opposite_thinning_ge_0.5008,pair,232,8.0,32,24,13.79,26.02,10.34,16.53,10.81,17.76,10.4,116.04,106.97
L2::P::taker_imb_aligned_30m_ge_-0.0753+conf_opposite_thinning_ge_0.5008::top1,pair+top1,29,1.0,4,2,13.79,3.25,6.9,14.29,13.33,23.08,6.25,153.5,197.93
L2::P::taker_imb_aligned_30m_ge_-0.0753+conf_opposite_thinning_le_0.5008,pair,501,17.276,48,67,9.58,39.02,13.37,12.94,6.1,10.61,8.44,87.27,86.66
L2::P::taker_imb_aligned_30m_ge_-0.0753+conf_opposite_thinning_le_0.5008::top1,pair+top1,29,1.0,2,2,6.9,1.63,6.9,14.29,0.0,13.33,0.0,96.09,96.09
L2::P::taker_imb_aligned_30m_le_-0.0753+conf_opposite_thinning_ge_0.4997,pair,216,7.448,28,33,12.96,22.76,15.28,11.46,14.17,12.24,13.56,87.92,71.62
L2::P::taker_imb_aligned_30m_le_-0.0753+conf_opposite_thinning_ge_0.4997::top1,pair+top1,29,1.0,6,4,20.69,4.88,13.79,14.29,26.67,27.27,16.67,101.11,106.52
L2::P::taker_imb_aligned_30m_le_-0.0753+conf_opposite_thinning_le_0.4997,pair,98,3.379,15,15,15.31,12.2,15.31,7.89,20.0,10.0,18.97,99.64,92.63
L2::P::taker_imb_aligned_30m_le_-0.0753+conf_opposite_thinning_le_0.4997::top1,pair+top1,27,0.931,7,2,25.93,5.69,7.41,25.0,26.67,33.33,20.0,123.2,101.07
L2::P::taker_imb_aligned_30m_le_-0.0753+conf_opposite_thinning_ge_0.5003,pair,140,4.828,18,21,12.86,14.63,15.0,10.34,14.63,10.45,15.07,100.18,84.12
L2::P::taker_imb_aligned_30m_le_-0.0753+conf_opposite_thinning_ge_0.5003::top1,pair+top1,29,1.0,4,5,13.79,3.25,17.24,7.14,20.0,15.38,12.5,91.04,84.2
L2::P::taker_imb_aligned_30m_le_-0.0753+conf_opposite_thinning_le_0.5003,pair,173,5.966,25,27,14.45,20.33,15.61,10.67,17.35,12.68,15.69,86.13,63.5
L2::P::taker_imb_aligned_30m_le_-0.0753+conf_opposite_thinning_le_0.5003::top1,pair+top1,29,1.0,8,3,27.59,6.5,10.34,21.43,33.33,33.33,23.53,98.44,80.97
L2::P::taker_imb_aligned_30m_le_-0.0753+conf_opposite_thinning_ge_0.5008,pair,84,2.897,7,11,8.33,5.69,13.1,2.94,12.0,7.32,9.3,115.82,114.15
L2::P::taker_imb_aligned_30m_le_-0.0753+conf_opposite_thinning_ge_0.5008::top1,pair+top1,27,0.931,4,5,14.81,3.25,18.52,7.14,23.08,23.08,7.14,133.1,151.88
L2::P::taker_imb_aligned_30m_le_-0.0753+conf_opposite_thinning_le_0.5008,pair,229,7.897,36,37,15.72,29.27,16.16,13.13,17.69,13.4,17.42,87.38,71.62
L2::P::taker_imb_aligned_30m_le_-0.0753+conf_opposite_thinning_le_0.5008::top1,pair+top1,29,1.0,9,3,31.03,7.32,10.34,28.57,33.33,36.36,27.78,85.07,60.88
L2::P::taker_imb_aligned_30m_ge_0.0001+conf_opposite_thinning_ge_0.4997,pair,379,13.069,35,47,9.23,28.46,12.4,11.54,7.11,12.5,6.15,110.13,104.83
L2::P::taker_imb_aligned_30m_ge_0.0001+conf_opposite_thinning_ge_0.4997::top1,pair+top1,29,1.0,2,2,6.9,1.63,6.9,7.14,6.67,7.14,6.67,121.08,121.08
L2::P::taker_imb_aligned_30m_ge_0.0001+conf_opposite_thinning_le_0.4997,pair,143,4.931,15,14,10.49,12.2,9.79,19.44,1.41,9.72,11.27,77.56,81.0
L2::P::taker_imb_aligned_30m_ge_0.0001+conf_opposite_thinning_le_0.4997::top1,pair+top1,29,1.0,2,3,6.9,1.63,10.34,7.14,6.67,6.25,7.69,91.42,91.42
L2::P::taker_imb_aligned_30m_ge_0.0001+conf_opposite_thinning_ge_0.5003,pair,288,9.931,32,36,11.11,26.02,12.5,13.97,8.55,14.81,7.84,110.98,111.98
L2::P::taker_imb_aligned_30m_ge_0.0001+conf_opposite_thinning_ge_0.5003::top1,pair+top1,29,1.0,3,2,10.34,2.44,6.9,14.29,6.67,18.18,5.56,149.45,190.93
L2::P::taker_imb_aligned_30m_ge_0.0001+conf_opposite_thinning_le_0.5003,pair,234,8.069,18,25,7.69,14.63,10.68,13.56,1.72,8.26,7.08,81.47,84.48
L2::P::taker_imb_aligned_30m_ge_0.0001+conf_opposite_thinning_le_0.5003::top1,pair+top1,29,1.0,0,2,0.0,0.0,6.9,0.0,0.0,0.0,0.0,,
L2::P::taker_imb_aligned_30m_ge_0.0001+conf_opposite_thinning_ge_0.5008,pair,174,6.0,24,17,13.79,19.51,9.77,17.44,10.23,16.67,11.11,116.72,113.9
L2::P::taker_imb_aligned_30m_ge_0.0001+conf_opposite_thinning_ge_0.5008::top1,pair+top1,29,1.0,3,2,10.34,2.44,6.9,14.29,6.67,18.18,5.56,136.35,190.93
L2::P::taker_imb_aligned_30m_ge_0.0001+conf_opposite_thinning_le_0.5008,pair,348,12.0,26,44,7.47,21.14,12.64,11.9,3.33,9.3,5.68,85.26,84.48
L2::P::taker_imb_aligned_30m_ge_0.0001+conf_opposite_thinning_le_0.5008::top1,pair+top1,29,1.0,2,2,6.9,1.63,6.9,7.14,6.67,15.38,0.0,109.02,109.02
L2::P::taker_imb_aligned_30m_le_0.0001+conf_opposite_thinning_ge_0.4997,pair,353,12.172,44,51,12.46,35.77,14.45,11.05,13.81,12.21,12.71,95.43,79.69
L2::P::taker_imb_aligned_30m_le_0.0001+conf_opposite_thinning_ge_0.4997::top1,pair+top1,29,1.0,7,2,24.14,5.69,6.9,21.43,26.67,30.77,18.75,94.44,63.88
L2::P::taker_imb_aligned_30m_le_0.0001+conf_opposite_thinning_le_0.4997,pair,170,5.862,29,27,17.06,23.58,15.88,16.05,17.98,14.81,19.1,91.1,87.37
L2::P::taker_imb_aligned_30m_le_0.0001+conf_opposite_thinning_le_0.4997::top1,pair+top1,29,1.0,6,1,20.69,4.88,3.45,14.29,26.67,23.53,16.67,112.18,96.85
L2::P::taker_imb_aligned_30m_le_0.0001+conf_opposite_thinning_ge_0.5003,pair,235,8.103,31,31,13.19,25.2,13.19,11.93,14.29,12.5,13.82,107.41,86.42
L2::P::taker_imb_aligned_30m_le_0.0001+conf_opposite_thinning_ge_0.5003::top1,pair+top1,29,1.0,6,2,20.69,4.88,6.9,14.29,26.67,26.67,14.29,103.92,101.79
L2::P::taker_imb_aligned_30m_le_0.0001+conf_opposite_thinning_le_0.5003,pair,288,9.931,42,47,14.58,34.15,16.32,13.19,15.97,13.38,15.75,83.6,71.95
L2::P::taker_imb_aligned_30m_le_0.0001+conf_opposite_thinning_le_0.5003::top1,pair+top1,29,1.0,6,3,20.69,4.88,10.34,14.29,26.67,25.0,15.38,126.17,138.81
L2::P::taker_imb_aligned_30m_le_0.0001+conf_opposite_thinning_ge_0.5008,pair,142,4.897,15,18,10.56,12.2,12.68,8.82,12.16,12.5,8.97,114.86,109.12
L2::P::taker_imb_aligned_30m_le_0.0001+conf_opposite_thinning_ge_0.5008::top1,pair+top1,28,0.966,6,5,21.43,4.88,17.86,7.14,35.71,25.0,18.75,119.75,126.11
L2::P::taker_imb_aligned_30m_le_0.0001+conf_opposite_thinning_le_0.5008,pair,382,13.172,58,60,15.18,47.15,15.71,13.98,16.33,13.23,17.1,88.24,80.92
L2::P::taker_imb_aligned_30m_le_0.0001+conf_opposite_thinning_le_0.5008::top1,pair+top1,29,1.0,5,2,17.24,4.07,6.9,14.29,20.0,21.43,13.33,132.12,140.95
L2::P::taker_imb_aligned_30m_ge_0.0733+conf_opposite_thinning_ge_0.4997,pair,225,7.759,21,28,9.33,17.07,12.44,8.7,9.77,13.59,5.74,123.88,141.23
L2::P::taker_imb_aligned_30m_ge_0.0733+conf_opposite_thinning_ge_0.4997::top1,pair+top1,29,1.0,2,2,6.9,1.63,6.9,7.14,6.67,8.33,5.88,194.25,194.25
L2::P::taker_imb_aligned_30m_ge_0.0733+conf_opposite_thinning_le_0.4997,pair,89,3.069,9,10,10.11,7.32,11.24,20.51,2.0,10.42,9.76,64.7,81.0
L2::P::taker_imb_aligned_30m_ge_0.0733+conf_opposite_thinning_le_0.4997::top1,pair+top1,27,0.931,3,2,11.11,2.44,7.41,16.67,6.67,11.76,10.0,85.86,117.75
L2::P::taker_imb_aligned_30m_ge_0.0733+conf_opposite_thinning_ge_0.5003,pair,178,6.138,19,23,10.67,15.45,12.92,9.59,11.43,15.19,7.07,129.46,143.08
L2::P::taker_imb_aligned_30m_ge_0.0733+conf_opposite_thinning_ge_0.5003::top1,pair+top1,29,1.0,3,1,10.34,2.44,3.45,7.14,13.33,20.0,5.26,143.35,190.93
L2::P::taker_imb_aligned_30m_ge_0.0733+conf_opposite_thinning_le_0.5003,pair,136,4.69,11,15,8.09,8.94,11.03,15.52,2.56,9.72,6.25,65.83,81.0
L2::P::taker_imb_aligned_30m_ge_0.0733+conf_opposite_thinning_le_0.5003::top1,pair+top1,29,1.0,2,3,6.9,1.63,10.34,14.29,0.0,11.76,0.0,59.19,59.19
L2::P::taker_imb_aligned_30m_ge_0.0733+conf_opposite_thinning_ge_0.5008,pair,108,3.724,14,12,12.96,11.38,11.11,10.42,15.0,15.69,10.53,139.64,146.63
L2::P::taker_imb_aligned_30m_ge_0.0733+conf_opposite_thinning_ge_0.5008::top1,pair+top1,28,0.966,3,0,10.71,2.44,0.0,7.69,13.33,16.67,6.25,81.47,41.55
L2::P::taker_imb_aligned_30m_ge_0.0733+conf_opposite_thinning_le_0.5008,pair,206,7.103,16,26,7.77,13.01,12.62,13.25,4.07,11.0,4.72,76.81,81.0
L2::P::taker_imb_aligned_30m_ge_0.0733+conf_opposite_thinning_le_0.5008::top1,pair+top1,29,1.0,1,3,3.45,0.81,10.34,7.14,0.0,7.14,0.0,197.58,197.58
L2::P::taker_imb_aligned_30m_le_0.0733+conf_opposite_thinning_ge_0.4997,pair,507,17.483,58,70,11.44,47.15,13.81,12.21,10.61,11.9,10.98,94.0,79.69
L2::P::taker_imb_aligned_30m_le_0.0733+conf_opposite_thinning_ge_0.4997::top1,pair+top1,29,1.0,6,2,20.69,4.88,6.9,21.43,20.0,33.33,11.76,105.07,102.41
L2::P::taker_imb_aligned_30m_le_0.0733+conf_opposite_thinning_le_0.4997,pair,224,7.724,35,31,15.62,28.46,13.84,16.67,14.55,13.33,17.65,92.08,87.97
L2::P::taker_imb_aligned_30m_le_0.0733+conf_opposite_thinning_le_0.4997::top1,pair+top1,29,1.0,6,1,20.69,4.88,3.45,14.29,26.67,22.22,18.18,111.6,96.85
L2::P::taker_imb_aligned_30m_le_0.0733+conf_opposite_thinning_ge_0.5003,pair,345,11.897,44,44,12.75,35.77,12.75,14.53,10.98,13.17,12.36,100.49,84.12
L2::P::taker_imb_aligned_30m_le_0.0733+conf_opposite_thinning_ge_0.5003::top1,pair+top1,29,1.0,5,2,17.24,4.07,6.9,21.43,13.33,30.77,6.25,121.19,140.95
L2::P::taker_imb_aligned_30m_le_0.0733+conf_opposite_thinning_le_0.5003,pair,386,13.31,49,57,12.69,39.84,14.77,12.75,12.64,11.52,13.85,86.8,82.85
L2::P::taker_imb_aligned_30m_le_0.0733+conf_opposite_thinning_le_0.5003::top1,pair+top1,29,1.0,5,1,17.24,4.07,3.45,7.14,26.67,21.43,13.33,141.97,176.55
L2::P::taker_imb_aligned_30m_le_0.0733+conf_opposite_thinning_ge_0.5008,pair,207,7.138,25,23,12.08,20.33,11.11,15.09,8.91,14.58,9.91,102.77,88.78
L2::P::taker_imb_aligned_30m_le_0.0733+conf_opposite_thinning_ge_0.5008::top1,pair+top1,29,1.0,7,3,24.14,5.69,10.34,21.43,26.67,36.36,16.67,128.16,189.6
L2::P::taker_imb_aligned_30m_le_0.0733+conf_opposite_thinning_le_0.5008,pair,525,18.103,68,78,12.95,55.28,14.86,12.92,12.99,11.49,14.39,89.79,82.33
L2::P::taker_imb_aligned_30m_le_0.0733+conf_opposite_thinning_le_0.5008::top1,pair+top1,29,1.0,6,1,20.69,4.88,3.45,21.43,20.0,25.0,15.38,118.64,121.01
L2::P::taker_imb_aligned_30m_ge_-0.0753+same_dir_zones_active_60m_ge_0.0,pair,731,25.207,80,91,10.94,65.04,12.45,14.17,7.56,12.67,9.17,98.78,88.06
L2::P::taker_imb_aligned_30m_ge_-0.0753+same_dir_zones_active_60m_ge_0.0::top1,pair+top1,29,1.0,4,1,13.79,3.25,3.45,14.29,13.33,21.43,6.67,147.01,165.94
L2::P::taker_imb_aligned_30m_ge_-0.0753+same_dir_zones_active_60m_le_0.0,pair,314,10.828,39,40,12.42,31.71,12.74,15.34,9.27,15.38,9.49,99.29,96.98
L2::P::taker_imb_aligned_30m_ge_-0.0753+same_dir_zones_active_60m_le_0.0::top1,pair+top1,29,1.0,5,3,17.24,4.07,10.34,21.43,13.33,21.43,13.33,127.28,140.95
L2::P::taker_imb_aligned_30m_ge_-0.0753+same_dir_zones_active_60m_ge_1.0,pair,417,14.379,41,51,9.83,33.33,12.23,13.27,6.31,10.7,8.91,98.3,85.95
L2::P::taker_imb_aligned_30m_ge_-0.0753+same_dir_zones_active_60m_ge_1.0::top1,pair+top1,29,1.0,1,2,3.45,0.81,6.9,7.14,0.0,5.88,0.0,11.93,11.93
L2::P::taker_imb_aligned_30m_ge_-0.0753+same_dir_zones_active_60m_le_1.0,pair,550,18.966,64,72,11.64,52.03,13.09,15.56,7.86,13.94,9.13,94.1,88.06
L2::P::taker_imb_aligned_30m_ge_-0.0753+same_dir_zones_active_60m_le_1.0::top1,pair+top1,29,1.0,4,3,13.79,3.25,10.34,14.29,13.33,23.08,6.25,147.01,165.94
L2::P::taker_imb_aligned_30m_ge_-0.0753+same_dir_zones_active_60m_ge_1.0,pair,417,14.379,41,51,9.83,33.33,12.23,13.27,6.31,10.7,8.91,98.3,85.95
L2::P::taker_imb_aligned_30m_ge_-0.0753+same_dir_zones_active_60m_ge_1.0::top1,pair+top1,29,1.0,1,2,3.45,0.81,6.9,7.14,0.0,5.88,0.0,11.93,11.93
L2::P::taker_imb_aligned_30m_ge_-0.0753+same_dir_zones_active_60m_le_1.0,pair,550,18.966,64,72,11.64,52.03,13.09,15.56,7.86,13.94,9.13,94.1,88.06
L2::P::taker_imb_aligned_30m_ge_-0.0753+same_dir_zones_active_60m_le_1.0::top1,pair+top1,29,1.0,4,3,13.79,3.25,10.34,14.29,13.33,23.08,6.25,147.01,165.94
L2::P::taker_imb_aligned_30m_le_-0.0753+same_dir_zones_active_60m_ge_0.0,pair,313,10.793,43,48,13.74,34.96,15.34,10.53,16.11,11.59,15.43,92.01,79.37
L2::P::taker_imb_aligned_30m_le_-0.0753+same_dir_zones_active_60m_ge_0.0::top1,pair+top1,29,1.0,8,4,27.59,6.5,13.79,21.43,33.33,44.44,20.0,95.21,80.97
L2::P::taker_imb_aligned_30m_le_-0.0753+same_dir_zones_active_60m_le_0.0,pair,133,4.586,20,21,15.04,16.26,15.79,13.46,16.05,11.67,17.81,87.45,71.62
L2::P::taker_imb_aligned_30m_le_-0.0753+same_dir_zones_active_60m_le_0.0::top1,pair+top1,28,0.966,6,4,21.43,4.88,14.29,15.38,26.67,10.0,27.78,97.44,60.43
L2::P::taker_imb_aligned_30m_le_-0.0753+same_dir_zones_active_60m_ge_1.0,pair,180,6.207,23,27,12.78,18.7,15.0,8.64,16.16,11.54,13.73,95.97,81.82
L2::P::taker_imb_aligned_30m_le_-0.0753+same_dir_zones_active_60m_ge_1.0::top1,pair+top1,28,0.966,6,2,21.43,4.88,7.14,14.29,28.57,25.0,18.75,89.2,80.97
L2::P::taker_imb_aligned_30m_le_-0.0753+same_dir_zones_active_60m_le_1.0,pair,238,8.207,32,34,13.45,26.02,14.29,10.0,15.94,11.11,15.38,95.86,79.69
L2::P::taker_imb_aligned_30m_le_-0.0753+same_dir_zones_active_60m_le_1.0::top1,pair+top1,29,1.0,8,4,27.59,6.5,13.79,21.43,33.33,40.0,21.05,95.21,80.97
L2::P::taker_imb_aligned_30m_le_-0.0753+same_dir_zones_active_60m_ge_1.0,pair,180,6.207,23,27,12.78,18.7,15.0,8.64,16.16,11.54,13.73,95.97,81.82
L2::P::taker_imb_aligned_30m_le_-0.0753+same_dir_zones_active_60m_ge_1.0::top1,pair+top1,28,0.966,6,2,21.43,4.88,7.14,14.29,28.57,25.0,18.75,89.2,80.97
L2::P::taker_imb_aligned_30m_le_-0.0753+same_dir_zones_active_60m_le_1.0,pair,238,8.207,32,34,13.45,26.02,14.29,10.0,15.94,11.11,15.38,95.86,79.69
L2::P::taker_imb_aligned_30m_le_-0.0753+same_dir_zones_active_60m_le_1.0::top1,pair+top1,29,1.0,8,4,27.59,6.5,13.79,21.43,33.33,40.0,21.05,95.21,80.97
L2::P::taker_imb_aligned_30m_ge_0.0001+same_dir_zones_active_60m_ge_0.0,pair,522,18.0,50,61,9.58,40.65,11.69,13.78,5.6,11.72,7.52,100.36,88.47
L2::P::taker_imb_aligned_30m_ge_0.0001+same_dir_zones_active_60m_ge_0.0::top1,pair+top1,29,1.0,2,2,6.9,1.63,6.9,7.14,6.67,7.69,6.25,121.08,121.08
L2::P::taker_imb_aligned_30m_ge_0.0001+same_dir_zones_active_60m_le_0.0,pair,235,8.103,24,28,10.21,19.51,11.91,15.65,5.0,14.68,6.35,111.55,99.27
L2::P::taker_imb_aligned_30m_ge_0.0001+same_dir_zones_active_60m_le_0.0::top1,pair+top1,29,1.0,3,4,10.34,2.44,13.79,14.29,6.67,8.33,11.76,87.98,51.23
L2::P::taker_imb_aligned_30m_ge_0.0001+same_dir_zones_active_60m_ge_1.0,pair,287,9.897,26,33,9.06,21.14,11.5,12.23,6.08,9.52,8.57,90.03,78.97
L2::P::taker_imb_aligned_30m_ge_0.0001+same_dir_zones_active_60m_ge_1.0::top1,pair+top1,29,1.0,1,2,3.45,0.81,6.9,7.14,0.0,7.14,0.0,11.93,11.93
L2::P::taker_imb_aligned_30m_ge_0.0001+same_dir_zones_active_60m_le_1.0,pair,398,13.724,43,48,10.8,34.96,12.06,16.4,5.74,13.79,7.69,95.4,88.15
L2::P::taker_imb_aligned_30m_ge_0.0001+same_dir_zones_active_60m_le_1.0::top1,pair+top1,29,1.0,2,3,6.9,1.63,10.34,7.14,6.67,7.69,6.25,121.08,121.08
L2::P::taker_imb_aligned_30m_ge_0.0001+same_dir_zones_active_60m_ge_1.0,pair,287,9.897,26,33,9.06,21.14,11.5,12.23,6.08,9.52,8.57,90.03,78.97
L2::P::taker_imb_aligned_30m_ge_0.0001+same_dir_zones_active_60m_ge_1.0::top1,pair+top1,29,1.0,1,2,3.45,0.81,6.9,7.14,0.0,7.14,0.0,11.93,11.93
L2::P::taker_imb_aligned_30m_ge_0.0001+same_dir_zones_active_60m_le_1.0,pair,398,13.724,43,48,10.8,34.96,12.06,16.4,5.74,13.79,7.69,95.4,88.15
L2::P::taker_imb_aligned_30m_ge_0.0001+same_dir_zones_active_60m_le_1.0::top1,pair+top1,29,1.0,2,3,6.9,1.63,10.34,7.14,6.67,7.69,6.25,121.08,121.08
L2::P::taker_imb_aligned_30m_le_0.0001+same_dir_zones_active_60m_ge_0.0,pair,522,18.0,73,78,13.98,59.35,14.94,12.7,15.19,13.04,14.87,93.71,81.82
L2::P::taker_imb_aligned_30m_le_0.0001+same_dir_zones_active_60m_ge_0.0::top1,pair+top1,29,1.0,5,2,17.24,4.07,6.9,7.14,26.67,16.67,17.65,125.34,140.95
L2::P::taker_imb_aligned_30m_le_0.0001+same_dir_zones_active_60m_le_0.0,pair,213,7.345,35,33,16.43,28.46,15.49,14.0,18.58,13.89,19.05,84.11,63.5
L2::P::taker_imb_aligned_30m_le_0.0001+same_dir_zones_active_60m_le_0.0::top1,pair+top1,29,1.0,8,2,27.59,6.5,6.9,28.57,26.67,14.29,40.0,100.24,63.26
L2::P::taker_imb_aligned_30m_le_0.0001+same_dir_zones_active_60m_ge_1.0,pair,309,10.655,38,45,12.3,30.89,14.56,11.84,12.74,12.41,12.2,102.55,94.22
L2::P::taker_imb_aligned_30m_le_0.0001+same_dir_zones_active_60m_ge_1.0::top1,pair+top1,29,1.0,5,2,17.24,4.07,6.9,14.29,20.0,18.75,15.38,102.64,101.07
L2::P::taker_imb_aligned_30m_le_0.0001+same_dir_zones_active_60m_le_1.0,pair,390,13.448,53,58,13.59,43.09,14.87,11.67,15.24,12.5,14.65,94.11,79.37
L2::P::taker_imb_aligned_30m_le_0.0001+same_dir_zones_active_60m_le_1.0::top1,pair+top1,29,1.0,8,3,27.59,6.5,10.34,21.43,33.33,25.0,29.41,93.02,61.76
L2::P::taker_imb_aligned_30m_le_0.0001+same_dir_zones_active_60m_ge_1.0,pair,309,10.655,38,45,12.3,30.89,14.56,11.84,12.74,12.41,12.2,102.55,94.22
L2::P::taker_imb_aligned_30m_le_0.0001+same_dir_zones_active_60m_ge_1.0::top1,pair+top1,29,1.0,5,2,17.24,4.07,6.9,14.29,20.0,18.75,15.38,102.64,101.07
L2::P::taker_imb_aligned_30m_le_0.0001+same_dir_zones_active_60m_le_1.0,pair,390,13.448,53,58,13.59,43.09,14.87,11.67,15.24,12.5,14.65,94.11,79.37
L2::P::taker_imb_aligned_30m_le_0.0001+same_dir_zones_active_60m_le_1.0::top1,pair+top1,29,1.0,8,3,27.59,6.5,10.34,21.43,33.33,25.0,29.41,93.02,61.76
L2::P::taker_imb_aligned_30m_ge_0.0733+same_dir_zones_active_60m_ge_0.0,pair,314,10.828,30,38,9.55,24.39,12.1,12.21,7.65,12.58,6.75,106.13,99.27
L2::P::taker_imb_aligned_30m_ge_0.0733+same_dir_zones_active_60m_ge_0.0::top1,pair+top1,29,1.0,2,2,6.9,1.63,6.9,7.14,6.67,8.33,5.88,194.25,194.25
L2::P::taker_imb_aligned_30m_ge_0.0733+same_dir_zones_active_60m_le_0.0,pair,148,5.103,14,17,9.46,11.38,11.49,13.85,6.02,16.18,3.75,107.47,99.27
L2::P::taker_imb_aligned_30m_ge_0.0733+same_dir_zones_active_60m_le_0.0::top1,pair+top1,29,1.0,2,3,6.9,1.63,10.34,7.14,6.67,8.33,5.88,194.25,194.25
L2::P::taker_imb_aligned_30m_ge_0.0733+same_dir_zones_active_60m_ge_1.0,pair,166,5.724,16,21,9.64,13.01,12.65,10.61,9.0,9.64,9.64,104.96,100.06
L2::P::taker_imb_aligned_30m_ge_0.0733+same_dir_zones_active_60m_ge_1.0::top1,pair+top1,28,0.966,1,3,3.57,0.81,10.71,7.69,0.0,7.69,0.0,11.93,11.93
L2::P::taker_imb_aligned_30m_ge_0.0733+same_dir_zones_active_60m_le_1.0,pair,244,8.414,25,32,10.25,20.33,13.11,13.86,7.69,13.93,6.56,98.07,97.55
L2::P::taker_imb_aligned_30m_ge_0.0733+same_dir_zones_active_60m_le_1.0::top1,pair+top1,29,1.0,2,3,6.9,1.63,10.34,7.14,6.67,7.69,6.25,194.25,194.25
L2::P::taker_imb_aligned_30m_ge_0.0733+same_dir_zones_active_60m_ge_1.0,pair,166,5.724,16,21,9.64,13.01,12.65,10.61,9.0,9.64,9.64,104.96,100.06
L2::P::taker_imb_aligned_30m_ge_0.0733+same_dir_zones_active_60m_ge_1.0::top1,pair+top1,28,0.966,1,3,3.57,0.81,10.71,7.69,0.0,7.69,0.0,11.93,11.93
L2::P::taker_imb_aligned_30m_ge_0.0733+same_dir_zones_active_60m_le_1.0,pair,244,8.414,25,32,10.25,20.33,13.11,13.86,7.69,13.93,6.56,98.07,97.55
L2::P::taker_imb_aligned_30m_ge_0.0733+same_dir_zones_active_60m_le_1.0::top1,pair+top1,29,1.0,2,3,6.9,1.63,10.34,7.14,6.67,7.69,6.25,194.25,194.25
L2::P::taker_imb_aligned_30m_le_0.0733+same_dir_zones_active_60m_ge_0.0,pair,730,25.172,93,101,12.74,75.61,13.84,13.6,11.83,12.32,13.14,93.28,82.85
L2::P::taker_imb_aligned_30m_le_0.0733+same_dir_zones_active_60m_ge_0.0::top1,pair+top1,29,1.0,5,2,17.24,4.07,6.9,14.29,20.0,25.0,11.76,123.06,140.95
L2::P::taker_imb_aligned_30m_le_0.0733+same_dir_zones_active_60m_le_0.0,pair,299,10.31,45,44,15.05,36.59,14.72,15.33,14.77,13.51,16.56,91.48,80.02
L2::P::taker_imb_aligned_30m_le_0.0733+same_dir_zones_active_60m_le_0.0::top1,pair+top1,29,1.0,7,3,24.14,5.69,10.34,28.57,20.0,25.0,23.53,107.99,63.88
L2::P::taker_imb_aligned_30m_le_0.0733+same_dir_zones_active_60m_ge_1.0,pair,431,14.862,48,57,11.14,39.02,13.23,12.44,9.71,11.48,10.81,94.96,84.4
L2::P::taker_imb_aligned_30m_le_0.0733+same_dir_zones_active_60m_ge_1.0::top1,pair+top1,29,1.0,5,2,17.24,4.07,6.9,14.29,20.0,17.65,16.67,110.97,101.07
L2::P::taker_imb_aligned_30m_le_0.0733+same_dir_zones_active_60m_le_1.0,pair,544,18.759,71,74,13.05,57.72,13.6,14.18,11.96,12.87,13.24,93.5,80.02
L2::P::taker_imb_aligned_30m_le_0.0733+same_dir_zones_active_60m_le_1.0::top1,pair+top1,29,1.0,7,3,24.14,5.69,10.34,21.43,26.67,36.36,16.67,97.77,60.88
L2::P::taker_imb_aligned_30m_le_0.0733+same_dir_zones_active_60m_ge_1.0,pair,431,14.862,48,57,11.14,39.02,13.23,12.44,9.71,11.48,10.81,94.96,84.4
L2::P::taker_imb_aligned_30m_le_0.0733+same_dir_zones_active_60m_ge_1.0::top1,pair+top1,29,1.0,5,2,17.24,4.07,6.9,14.29,20.0,17.65,16.67,110.97,101.07
L2::P::taker_imb_aligned_30m_le_0.0733+same_dir_zones_active_60m_le_1.0,pair,544,18.759,71,74,13.05,57.72,13.6,14.18,11.96,12.87,13.24,93.5,80.02
L2::P::taker_imb_aligned_30m_le_0.0733+same_dir_zones_active_60m_le_1.0::top1,pair+top1,29,1.0,7,3,24.14,5.69,10.34,21.43,26.67,36.36,16.67,97.77,60.88
L2::P::taker_imb_aligned_30m_ge_-0.0753+abs_prior_move_60m_pct_ge_0.2503,pair,534,18.414,60,63,11.24,48.78,11.8,14.44,7.6,12.45,10.04,91.45,87.67
L2::P::taker_imb_aligned_30m_ge_-0.0753+abs_prior_move_60m_pct_ge_0.2503::top1,pair+top1,29,1.0,3,2,10.34,2.44,6.9,14.29,6.67,11.76,8.33,84.7,51.23
L2::P::taker_imb_aligned_30m_ge_-0.0753+abs_prior_move_60m_pct_le_0.2503,pair,197,6.793,20,28,10.15,16.26,14.21,13.33,7.48,13.21,6.59,120.76,131.96
L2::P::taker_imb_aligned_30m_ge_-0.0753+abs_prior_move_60m_pct_le_0.2503::top1,pair+top1,29,1.0,4,4,13.79,3.25,13.79,21.43,6.67,25.0,5.88,135.54,151.1
L2::P::taker_imb_aligned_30m_ge_-0.0753+abs_prior_move_60m_pct_ge_0.4065,pair,385,13.276,31,47,8.05,25.2,12.21,11.17,4.47,9.14,7.04,90.37,85.95
L2::P::taker_imb_aligned_30m_ge_-0.0753+abs_prior_move_60m_pct_ge_0.4065::top1,pair+top1,29,1.0,1,2,3.45,0.81,6.9,7.14,0.0,5.88,0.0,206.2,206.2
L2::P::taker_imb_aligned_30m_ge_-0.0753+abs_prior_move_60m_pct_le_0.4065,pair,346,11.931,49,44,14.16,39.84,12.72,17.86,10.67,16.22,11.8,104.1,96.98
L2::P::taker_imb_aligned_30m_ge_-0.0753+abs_prior_move_60m_pct_le_0.4065::top1,pair+top1,29,1.0,5,1,17.24,4.07,3.45,21.43,13.33,23.08,12.5,127.28,140.95
L2::P::taker_imb_aligned_30m_ge_-0.0753+abs_prior_move_60m_pct_ge_0.612,pair,232,8.0,11,28,4.74,8.94,12.07,7.46,1.02,7.14,2.5,50.93,47.12
L2::P::taker_imb_aligned_30m_ge_-0.0753+abs_prior_move_60m_pct_ge_0.612::top1,pair+top1,24,0.828,1,3,4.17,0.81,12.5,8.33,0.0,7.14,0.0,47.12,47.12
L2::P::taker_imb_aligned_30m_ge_-0.0753+abs_prior_move_60m_pct_le_0.612,pair,499,17.207,69,63,13.83,56.1,12.63,17.92,10.04,15.06,12.5,106.41,100.98
L2::P::taker_imb_aligned_30m_ge_-0.0753+abs_prior_move_60m_pct_le_0.612::top1,pair+top1,29,1.0,5,1,17.24,4.07,3.45,21.43,13.33,25.0,11.76,127.28,140.95
L2::P::taker_imb_aligned_30m_le_-0.0753+abs_prior_move_60m_pct_ge_0.2503,pair,198,6.828,23,39,11.62,18.7,19.7,10.42,12.75,10.59,12.39,86.79,63.5
L2::P::taker_imb_aligned_30m_le_-0.0753+abs_prior_move_60m_pct_ge_0.2503::top1,pair+top1,29,1.0,5,6,17.24,4.07,20.69,7.14,26.67,23.08,12.5,92.18,56.98
L2::P::taker_imb_aligned_30m_le_-0.0753+abs_prior_move_60m_pct_le_0.2503,pair,116,4.0,20,9,17.24,16.26,7.76,10.81,20.25,12.96,20.97,98.01,79.69
L2::P::taker_imb_aligned_30m_le_-0.0753+abs_prior_move_60m_pct_le_0.2503::top1,pair+top1,27,0.931,6,3,22.22,4.88,11.11,15.38,28.57,16.67,26.67,117.14,125.11
L2::P::taker_imb_aligned_30m_le_-0.0753+abs_prior_move_60m_pct_ge_0.4065,pair,138,4.759,15,28,10.87,12.2,20.29,12.68,8.96,7.14,13.41,64.63,53.18
L2::P::taker_imb_aligned_30m_le_-0.0753+abs_prior_move_60m_pct_ge_0.4065::top1,pair+top1,28,0.966,4,4,14.29,3.25,14.29,14.29,14.29,11.11,15.79,31.63,28.66
L2::P::taker_imb_aligned_30m_le_-0.0753+abs_prior_move_60m_pct_le_0.4065,pair,176,6.069,28,20,15.91,22.76,11.36,8.06,20.18,14.63,17.02,106.67,96.85
L2::P::taker_imb_aligned_30m_le_-0.0753+abs_prior_move_60m_pct_le_0.4065::top1,pair+top1,29,1.0,8,2,27.59,6.5,6.9,21.43,33.33,30.77,25.0,107.08,107.61
L2::P::taker_imb_aligned_30m_le_-0.0753+abs_prior_move_60m_pct_ge_0.612,pair,83,2.862,10,24,12.05,8.13,28.92,10.42,14.29,6.25,15.69,32.88,22.11
L2::P::taker_imb_aligned_30m_le_-0.0753+abs_prior_move_60m_pct_ge_0.612::top1,pair+top1,24,0.828,7,7,29.17,5.69,29.17,23.08,36.36,25.0,31.25,29.84,19.25
L2::P::taker_imb_aligned_30m_le_-0.0753+abs_prior_move_60m_pct_le_0.612,pair,231,7.966,33,24,14.29,26.83,10.39,10.59,16.44,13.08,15.32,109.93,101.07
L2::P::taker_imb_aligned_30m_le_-0.0753+abs_prior_move_60m_pct_le_0.612::top1,pair+top1,29,1.0,8,2,27.59,6.5,6.9,21.43,33.33,36.36,22.22,107.08,107.61
L2::P::taker_imb_aligned_30m_ge_0.0001+abs_prior_move_60m_pct_ge_0.2503,pair,393,13.552,38,46,9.67,30.89,11.7,13.71,5.61,11.83,7.73,94.86,88.06
L2::P::taker_imb_aligned_30m_ge_0.0001+abs_prior_move_60m_pct_ge_0.2503::top1,pair+top1,29,1.0,3,3,10.34,2.44,10.34,14.29,6.67,15.38,6.25,84.7,51.23
L2::P::taker_imb_aligned_30m_ge_0.0001+abs_prior_move_60m_pct_le_0.2503,pair,129,4.448,12,15,9.3,9.76,11.63,14.04,5.56,11.43,6.78,117.79,132.1
L2::P::taker_imb_aligned_30m_ge_0.0001+abs_prior_move_60m_pct_le_0.2503::top1,pair+top1,28,0.966,3,4,10.71,2.44,14.29,14.29,7.14,22.22,5.26,113.12,143.08
L2::P::taker_imb_aligned_30m_ge_0.0001+abs_prior_move_60m_pct_ge_0.4065,pair,287,9.897,21,36,7.32,17.07,12.54,11.43,3.4,9.16,5.77,89.36,81.0
L2::P::taker_imb_aligned_30m_ge_0.0001+abs_prior_move_60m_pct_ge_0.4065::top1,pair+top1,29,1.0,1,3,3.45,0.81,10.34,7.14,0.0,6.25,0.0,206.2,206.2
L2::P::taker_imb_aligned_30m_ge_0.0001+abs_prior_move_60m_pct_le_0.4065,pair,235,8.103,29,25,12.34,23.58,10.64,16.67,8.26,14.4,10.0,108.32,96.98
L2::P::taker_imb_aligned_30m_ge_0.0001+abs_prior_move_60m_pct_le_0.4065::top1,pair+top1,29,1.0,3,2,10.34,2.44,6.9,7.14,13.33,15.38,6.25,128.41,143.08
L2::P::taker_imb_aligned_30m_ge_0.0001+abs_prior_move_60m_pct_ge_0.612,pair,165,5.69,6,20,3.64,4.88,12.12,6.98,0.0,5.56,2.15,55.72,47.85
L2::P::taker_imb_aligned_30m_ge_0.0001+abs_prior_move_60m_pct_ge_0.612::top1,pair+top1,24,0.828,1,4,4.17,0.81,16.67,8.33,0.0,7.69,0.0,47.12,47.12
L2::P::taker_imb_aligned_30m_ge_0.0001+abs_prior_move_60m_pct_le_0.612,pair,357,12.31,44,41,12.32,35.77,11.48,17.26,7.94,14.13,10.4,106.45,97.27
L2::P::taker_imb_aligned_30m_ge_0.0001+abs_prior_move_60m_pct_le_0.612::top1,pair+top1,29,1.0,3,4,10.34,2.44,13.79,7.14,13.33,15.38,6.25,128.41,143.08
L2::P::taker_imb_aligned_30m_le_0.0001+abs_prior_move_60m_pct_ge_0.2503,pair,338,11.655,45,56,13.31,36.59,16.57,13.19,13.46,12.27,14.29,86.19,81.82
L2::P::taker_imb_aligned_30m_le_0.0001+abs_prior_move_60m_pct_ge_0.2503::top1,pair+top1,29,1.0,4,5,13.79,3.25,17.24,0.0,26.67,14.29,13.33,110.41,116.77
L2::P::taker_imb_aligned_30m_le_0.0001+abs_prior_move_60m_pct_le_0.2503,pair,185,6.379,28,22,15.14,22.76,11.89,11.43,17.39,14.29,15.96,105.79,90.54
L2::P::taker_imb_aligned_30m_le_0.0001+abs_prior_move_60m_pct_le_0.2503::top1,pair+top1,29,1.0,6,2,20.69,4.88,6.9,14.29,26.67,17.65,25.0,111.2,101.79
L2::P::taker_imb_aligned_30m_le_0.0001+abs_prior_move_60m_pct_ge_0.4065,pair,235,8.103,25,39,10.64,20.33,16.6,11.76,9.09,8.18,12.8,75.77,63.5
L2::P::taker_imb_aligned_30m_le_0.0001+abs_prior_move_60m_pct_ge_0.4065::top1,pair+top1,29,1.0,2,5,6.9,1.63,17.24,0.0,13.33,0.0,11.11,21.89,21.89
L2::P::taker_imb_aligned_30m_le_0.0001+abs_prior_move_60m_pct_le_0.4065,pair,288,9.931,48,39,16.67,39.02,13.54,13.79,18.6,16.78,16.55,103.05,96.85
L2::P::taker_imb_aligned_30m_le_0.0001+abs_prior_move_60m_pct_le_0.4065::top1,pair+top1,29,1.0,7,1,24.14,5.69,3.45,21.43,26.67,16.67,29.41,105.14,62.63
L2::P::taker_imb_aligned_30m_le_0.0001+abs_prior_move_60m_pct_ge_0.612,pair,149,5.138,15,32,10.07,12.2,21.48,9.47,11.11,8.45,11.54,36.98,24.97
L2::P::taker_imb_aligned_30m_le_0.0001+abs_prior_move_60m_pct_ge_0.612::top1,pair+top1,24,0.828,3,7,12.5,2.44,29.17,0.0,27.27,0.0,21.43,32.32,38.08
L2::P::taker_imb_aligned_30m_le_0.0001+abs_prior_move_60m_pct_le_0.612,pair,374,12.897,58,46,15.51,47.15,12.3,14.65,16.13,14.75,16.23,108.38,110.22
L2::P::taker_imb_aligned_30m_le_0.0001+abs_prior_move_60m_pct_le_0.612::top1,pair+top1,29,1.0,7,2,24.14,5.69,6.9,21.43,26.67,18.18,27.78,105.14,62.63
L2::P::taker_imb_aligned_30m_ge_0.0733+abs_prior_move_60m_pct_ge_0.2503,pair,240,8.276,23,30,9.58,18.7,12.5,12.87,7.19,12.84,6.87,102.74,97.55
L2::P::taker_imb_aligned_30m_ge_0.0733+abs_prior_move_60m_pct_ge_0.2503::top1,pair+top1,29,1.0,3,3,10.34,2.44,10.34,14.29,6.67,15.38,6.25,133.48,190.93
L2::P::taker_imb_aligned_30m_ge_0.0733+abs_prior_move_60m_pct_le_0.2503,pair,74,2.552,7,8,9.46,5.69,10.81,10.0,9.09,11.9,6.25,117.27,141.23
L2::P::taker_imb_aligned_30m_ge_0.0733+abs_prior_move_60m_pct_le_0.2503::top1,pair+top1,25,0.862,3,3,12.0,2.44,12.0,0.0,21.43,18.18,7.14,121.31,143.08
L2::P::taker_imb_aligned_30m_ge_0.0733+abs_prior_move_60m_pct_ge_0.4065,pair,179,6.172,14,24,7.82,11.38,13.41,12.68,4.63,10.26,5.94,88.69,81.0
L2::P::taker_imb_aligned_30m_ge_0.0733+abs_prior_move_60m_pct_ge_0.4065::top1,pair+top1,28,0.966,1,3,3.57,0.81,10.71,7.69,0.0,6.67,0.0,47.12,47.12
L2::P::taker_imb_aligned_30m_ge_0.0733+abs_prior_move_60m_pct_le_0.4065,pair,135,4.655,16,14,11.85,13.01,10.37,11.67,12.0,15.07,8.06,121.39,129.16
L2::P::taker_imb_aligned_30m_ge_0.0733+abs_prior_move_60m_pct_le_0.4065::top1,pair+top1,29,1.0,5,2,17.24,4.07,6.9,7.14,26.67,27.27,11.11,150.49,179.3
L2::P::taker_imb_aligned_30m_ge_0.0733+abs_prior_move_60m_pct_ge_0.612,pair,96,3.31,3,11,3.12,2.44,11.46,7.69,0.0,7.32,0.0,16.13,0.63
L2::P::taker_imb_aligned_30m_ge_0.0733+abs_prior_move_60m_pct_ge_0.612::top1,pair+top1,24,0.828,1,4,4.17,0.81,16.67,8.33,0.0,8.33,0.0,47.12,47.12
L2::P::taker_imb_aligned_30m_ge_0.0733+abs_prior_move_60m_pct_le_0.612,pair,218,7.517,27,27,12.39,21.95,12.39,14.13,11.11,14.55,10.19,116.13,117.75
L2::P::taker_imb_aligned_30m_ge_0.0733+abs_prior_move_60m_pct_le_0.612::top1,pair+top1,29,1.0,4,2,13.79,3.25,6.9,7.14,20.0,21.43,6.67,143.28,167.0
L2::P::taker_imb_aligned_30m_le_0.0733+abs_prior_move_60m_pct_ge_0.2503,pair,492,16.966,60,72,12.2,48.78,14.63,13.67,10.28,11.67,12.7,85.34,82.33
L2::P::taker_imb_aligned_30m_le_0.0733+abs_prior_move_60m_pct_ge_0.2503::top1,pair+top1,29,1.0,6,3,20.69,4.88,10.34,14.29,26.67,23.53,16.67,116.51,116.77
L2::P::taker_imb_aligned_30m_le_0.0733+abs_prior_move_60m_pct_le_0.2503,pair,239,8.241,33,29,13.81,26.83,12.13,13.4,14.08,13.56,14.05,107.71,101.07
L2::P::taker_imb_aligned_30m_le_0.0733+abs_prior_move_60m_pct_le_0.2503::top1,pair+top1,29,1.0,5,2,17.24,4.07,6.9,14.29,20.0,20.0,14.29,120.92,140.95
L2::P::taker_imb_aligned_30m_le_0.0733+abs_prior_move_60m_pct_ge_0.4065,pair,344,11.862,32,51,9.3,26.02,14.83,11.22,6.47,7.98,10.5,79.04,72.66
L2::P::taker_imb_aligned_30m_le_0.0733+abs_prior_move_60m_pct_ge_0.4065::top1,pair+top1,29,1.0,3,3,10.34,2.44,10.34,7.14,13.33,8.33,11.76,83.33,38.08
L2::P::taker_imb_aligned_30m_le_0.0733+abs_prior_move_60m_pct_le_0.4065,pair,387,13.345,61,50,15.76,49.59,12.92,16.47,15.21,15.98,15.54,100.75,87.97
L2::P::taker_imb_aligned_30m_le_0.0733+abs_prior_move_60m_pct_le_0.4065::top1,pair+top1,29,1.0,7,1,24.14,5.69,3.45,28.57,20.0,25.0,23.53,103.51,60.88
L2::P::taker_imb_aligned_30m_le_0.0733+abs_prior_move_60m_pct_ge_0.612,pair,218,7.517,18,41,8.26,14.63,18.81,8.45,7.89,6.86,9.48,46.7,39.7
L2::P::taker_imb_aligned_30m_le_0.0733+abs_prior_move_60m_pct_ge_0.612::top1,pair+top1,24,0.828,3,4,12.5,2.44,16.67,0.0,27.27,0.0,23.08,32.32,38.08
L2::P::taker_imb_aligned_30m_le_0.0733+abs_prior_move_60m_pct_le_0.612,pair,513,17.69,75,60,14.62,60.98,11.7,16.74,12.86,14.45,14.79,104.46,92.63
L2::P::taker_imb_aligned_30m_le_0.0733+abs_prior_move_60m_pct_le_0.612::top1,pair+top1,29,1.0,7,2,24.14,5.69,6.9,28.57,20.0,27.27,22.22,103.51,60.88
L2::P::local_range_30m_pct_ge_0.4406+conf_opposite_thinning_ge_0.4997,pair,517,17.828,47,75,9.09,38.21,14.51,10.04,8.06,10.12,8.15,96.18,71.68
L2::P::local_range_30m_pct_ge_0.4406+conf_opposite_thinning_ge_0.4997::top1,pair+top1,29,1.0,3,3,10.34,2.44,10.34,7.14,13.33,15.38,6.25,139.57,176.55
L2::P::local_range_30m_pct_ge_0.4406+conf_opposite_thinning_le_0.4997,pair,215,7.414,30,31,13.95,24.39,14.42,17.95,9.18,16.33,11.97,76.51,66.97
L2::P::local_range_30m_pct_ge_0.4406+conf_opposite_thinning_le_0.4997::top1,pair+top1,29,1.0,5,4,17.24,4.07,13.79,14.29,20.0,15.38,18.75,91.32,56.98
L2::P::local_range_30m_pct_ge_0.4406+conf_opposite_thinning_ge_0.5003,pair,360,12.414,39,50,10.83,31.71,13.89,12.15,9.5,12.57,9.33,99.52,81.82
L2::P::local_range_30m_pct_ge_0.4406+conf_opposite_thinning_ge_0.5003::top1,pair+top1,29,1.0,3,2,10.34,2.44,6.9,14.29,6.67,16.67,5.88,87.14,51.23
L2::P::local_range_30m_pct_ge_0.4406+conf_opposite_thinning_le_0.5003,pair,372,12.828,38,56,10.22,30.89,15.05,12.68,7.19,11.17,9.33,77.22,63.5
L2::P::local_range_30m_pct_ge_0.4406+conf_opposite_thinning_le_0.5003::top1,pair+top1,29,1.0,4,2,13.79,3.25,6.9,7.14,20.0,15.38,12.5,134.08,138.81
L2::P::local_range_30m_pct_ge_0.4406+conf_opposite_thinning_ge_0.5008,pair,206,7.103,24,24,11.65,19.51,11.65,13.33,9.9,13.54,10.0,107.98,92.88
L2::P::local_range_30m_pct_ge_0.4406+conf_opposite_thinning_ge_0.5008::top1,pair+top1,29,1.0,3,3,10.34,2.44,10.34,14.29,6.67,11.11,10.0,79.29,35.02
L2::P::local_range_30m_pct_ge_0.4406+conf_opposite_thinning_le_0.5008,pair,527,18.172,53,82,10.06,43.09,15.56,12.06,7.76,11.24,8.99,79.7,63.5
L2::P::local_range_30m_pct_ge_0.4406+conf_opposite_thinning_le_0.5008::top1,pair+top1,29,1.0,4,1,13.79,3.25,3.45,14.29,13.33,21.43,6.67,96.46,79.02
L2::P::local_range_30m_pct_le_0.4406+conf_opposite_thinning_ge_0.4997,pair,215,7.414,32,23,14.88,26.02,10.7,15.29,14.62,17.43,12.26,110.41,115.23
L2::P::local_range_30m_pct_le_0.4406+conf_opposite_thinning_ge_0.4997::top1,pair+top1,29,1.0,5,2,17.24,4.07,6.9,14.29,20.0,23.08,12.5,135.88,140.95
L2::P::local_range_30m_pct_le_0.4406+conf_opposite_thinning_le_0.4997,pair,98,3.379,14,10,14.29,11.38,10.2,16.67,12.9,5.45,25.58,107.85,90.39
L2::P::local_range_30m_pct_le_0.4406+conf_opposite_thinning_le_0.4997::top1,pair+top1,26,0.897,5,1,19.23,4.07,3.85,18.18,20.0,11.76,33.33,145.03,185.05
L2::P::local_range_30m_pct_le_0.4406+conf_opposite_thinning_ge_0.5003,pair,163,5.621,24,17,14.72,19.51,10.43,15.62,14.14,16.25,13.25,124.99,131.96
L2::P::local_range_30m_pct_le_0.4406+conf_opposite_thinning_ge_0.5003::top1,pair+top1,29,1.0,4,4,13.79,3.25,13.79,7.14,20.0,15.38,12.5,189.15,197.26
L2::P::local_range_30m_pct_le_0.4406+conf_opposite_thinning_le_0.5003,pair,150,5.172,22,16,14.67,17.89,10.67,15.79,13.98,10.71,19.7,92.88,87.97
L2::P::local_range_30m_pct_le_0.4406+conf_opposite_thinning_le_0.5003::top1,pair+top1,28,0.966,5,1,17.86,4.07,3.57,23.08,13.33,12.5,25.0,143.07,185.05
L2::P::local_range_30m_pct_le_0.4406+conf_opposite_thinning_ge_0.5008,pair,110,3.793,15,11,13.64,12.2,10.0,14.29,13.11,17.31,10.34,128.84,150.18
L2::P::local_range_30m_pct_le_0.4406+conf_opposite_thinning_ge_0.5008::top1,pair+top1,29,1.0,7,2,24.14,5.69,6.9,7.14,40.0,27.27,22.22,165.35,189.6
L2::P::local_range_30m_pct_le_0.4406+conf_opposite_thinning_le_0.5008,pair,203,7.0,31,22,15.27,25.2,10.84,16.67,14.5,11.61,19.78,100.34,88.15
L2::P::local_range_30m_pct_le_0.4406+conf_opposite_thinning_le_0.5008::top1,pair+top1,29,1.0,4,2,13.79,3.25,6.9,21.43,6.67,5.88,25.0,145.81,163.0
L2::P::local_range_30m_pct_ge_0.5848+conf_opposite_thinning_ge_0.4997,pair,377,13.0,35,55,9.28,28.46,14.59,10.43,7.83,12.09,6.67,100.44,86.42
L2::P::local_range_30m_pct_ge_0.5848+conf_opposite_thinning_ge_0.4997::top1,pair+top1,28,0.966,2,2,7.14,1.63,7.14,7.69,6.67,12.5,0.0,113.89,113.89
L2::P::local_range_30m_pct_ge_0.5848+conf_opposite_thinning_le_0.4997,pair,146,5.034,18,21,12.33,14.63,14.38,15.29,8.2,12.7,12.05,68.69,50.77
L2::P::local_range_30m_pct_ge_0.5848+conf_opposite_thinning_le_0.4997::top1,pair+top1,28,0.966,5,3,17.86,4.07,10.71,21.43,14.29,11.76,27.27,78.81,48.37
L2::P::local_range_30m_pct_ge_0.5848+conf_opposite_thinning_ge_0.5003,pair,253,8.724,27,37,10.67,21.95,14.62,12.59,8.47,14.75,6.87,106.53,88.78
L2::P::local_range_30m_pct_ge_0.5848+conf_opposite_thinning_ge_0.5003::top1,pair+top1,26,0.897,3,0,11.54,2.44,0.0,15.38,7.69,23.08,0.0,37.34,41.55
L2::P::local_range_30m_pct_ge_0.5848+conf_opposite_thinning_le_0.5003,pair,270,9.31,26,39,9.63,21.14,14.44,11.18,7.34,9.68,9.59,72.13,58.34
L2::P::local_range_30m_pct_ge_0.5848+conf_opposite_thinning_le_0.5003::top1,pair+top1,29,1.0,2,4,6.9,1.63,13.79,0.0,13.33,6.67,7.14,189.14,189.14
L2::P::local_range_30m_pct_ge_0.5848+conf_opposite_thinning_ge_0.5008,pair,128,4.414,15,17,11.72,12.2,13.28,13.7,9.09,15.15,8.06,116.42,109.12
L2::P::local_range_30m_pct_ge_0.5848+conf_opposite_thinning_ge_0.5008::top1,pair+top1,26,0.897,3,2,11.54,2.44,7.69,15.38,7.69,20.0,6.25,49.42,41.55
L2::P::local_range_30m_pct_ge_0.5848+conf_opposite_thinning_le_0.5008,pair,396,13.655,38,59,9.6,30.89,14.9,11.16,7.56,11.17,8.29,79.09,63.5
L2::P::local_range_30m_pct_ge_0.5848+conf_opposite_thinning_le_0.5008::top1,pair+top1,29,1.0,2,3,6.9,1.63,10.34,7.14,6.67,11.76,0.0,113.89,113.89
L2::P::local_range_30m_pct_le_0.5848+conf_opposite_thinning_ge_0.4997,pair,354,12.207,44,43,12.43,35.77,12.15,12.59,12.32,12.72,12.15,103.14,89.91
L2::P::local_range_30m_pct_le_0.5848+conf_opposite_thinning_ge_0.4997::top1,pair+top1,29,1.0,4,2,13.79,3.25,6.9,14.29,13.33,20.0,10.53,149.84,165.27
L2::P::local_range_30m_pct_le_0.5848+conf_opposite_thinning_le_0.4997,pair,168,5.793,26,20,15.48,21.14,11.9,20.59,12.0,12.22,19.23,98.8,96.85
L2::P::local_range_30m_pct_le_0.5848+conf_opposite_thinning_le_0.4997::top1,pair+top1,28,0.966,6,1,21.43,4.88,3.57,15.38,26.67,18.75,25.0,114.47,96.85
L2::P::local_range_30m_pct_le_0.5848+conf_opposite_thinning_ge_0.5003,pair,269,9.276,36,30,13.38,29.27,11.15,13.64,13.21,12.9,13.79,111.25,108.08
L2::P::local_range_30m_pct_le_0.5848+conf_opposite_thinning_ge_0.5003::top1,pair+top1,29,1.0,3,3,10.34,2.44,10.34,7.14,13.33,18.18,5.56,178.49,189.6
L2::P::local_range_30m_pct_le_0.5848+conf_opposite_thinning_le_0.5003,pair,253,8.724,34,33,13.44,27.64,13.04,16.83,11.18,12.23,14.91,91.24,88.06
L2::P::local_range_30m_pct_le_0.5848+conf_opposite_thinning_le_0.5003::top1,pair+top1,29,1.0,5,1,17.24,4.07,3.45,14.29,20.0,14.29,20.0,118.84,101.07
L2::P::local_range_30m_pct_le_0.5848+conf_opposite_thinning_ge_0.5008,pair,187,6.448,24,18,12.83,19.51,9.63,13.58,12.26,14.81,11.32,115.75,113.9
L2::P::local_range_30m_pct_le_0.5848+conf_opposite_thinning_ge_0.5008::top1,pair+top1,29,1.0,6,2,20.69,4.88,6.9,14.29,26.67,33.33,15.0,157.47,190.26
L2::P::local_range_30m_pct_le_0.5848+conf_opposite_thinning_le_0.5008,pair,335,11.552,46,45,13.73,37.4,13.43,16.15,12.2,11.54,16.34,94.11,88.06
L2::P::local_range_30m_pct_le_0.5848+conf_opposite_thinning_le_0.5008::top1,pair+top1,29,1.0,5,1,17.24,4.07,3.45,21.43,13.33,13.33,21.43,108.99,101.07
L2::P::local_range_30m_pct_ge_0.7621+conf_opposite_thinning_ge_0.4997,pair,229,7.897,13,35,5.68,10.57,15.28,6.57,4.35,7.27,4.2,124.86,148.58
L2::P::local_range_30m_pct_ge_0.7621+conf_opposite_thinning_ge_0.4997::top1,pair+top1,26,0.897,1,1,3.85,0.81,3.85,0.0,7.69,7.14,0.0,166.8,166.8
L2::P::local_range_30m_pct_ge_0.7621+conf_opposite_thinning_le_0.4997,pair,86,2.966,10,12,11.63,8.13,13.95,14.0,8.33,10.81,12.24,56.45,47.25
L2::P::local_range_30m_pct_ge_0.7621+conf_opposite_thinning_le_0.4997::top1,pair+top1,22,0.759,2,2,9.09,1.63,9.09,0.0,16.67,0.0,16.67,45.63,45.63
L2::P::local_range_30m_pct_ge_0.7621+conf_opposite_thinning_ge_0.5003,pair,153,5.276,8,27,5.23,6.5,17.65,4.71,5.88,9.33,1.28,172.28,169.68
L2::P::local_range_30m_pct_ge_0.7621+conf_opposite_thinning_ge_0.5003::top1,pair+top1,25,0.862,2,2,8.0,1.63,8.0,7.69,8.33,8.33,7.69,157.69,157.69
L2::P::local_range_30m_pct_ge_0.7621+conf_opposite_thinning_le_0.5003,pair,162,5.586,15,20,9.26,12.2,12.35,11.76,5.0,6.94,11.11,53.96,53.18
L2::P::local_range_30m_pct_ge_0.7621+conf_opposite_thinning_le_0.5003::top1,pair+top1,25,0.862,1,3,4.0,0.81,12.0,0.0,8.33,0.0,9.09,38.08,38.08
L2::P::local_range_30m_pct_ge_0.7621+conf_opposite_thinning_ge_0.5008,pair,72,2.483,5,11,6.94,4.07,15.28,7.14,6.67,10.26,3.03,178.0,220.65
L2::P::local_range_30m_pct_ge_0.7621+conf_opposite_thinning_ge_0.5008::top1,pair+top1,23,0.793,2,2,8.7,1.63,8.7,16.67,0.0,10.0,7.69,110.13,110.13
L2::P::local_range_30m_pct_ge_0.7621+conf_opposite_thinning_le_0.5008,pair,243,8.379,18,36,7.41,14.63,14.81,8.97,5.1,7.41,7.41,72.09,63.5
L2::P::local_range_30m_pct_ge_0.7621+conf_opposite_thinning_le_0.5008::top1,pair+top1,26,0.897,1,3,3.85,0.81,11.54,0.0,7.69,6.25,0.0,166.8,166.8
L2::P::local_range_30m_pct_le_0.7621+conf_opposite_thinning_ge_0.4997,pair,504,17.379,66,63,13.1,53.66,12.5,14.29,12.2,14.57,11.67,97.43,82.33
L2::P::local_range_30m_pct_le_0.7621+conf_opposite_thinning_ge_0.4997::top1,pair+top1,29,1.0,5,2,17.24,4.07,6.9,21.43,13.33,30.0,10.53,124.44,140.95
L2::P::local_range_30m_pct_le_0.7621+conf_opposite_thinning_le_0.4997,pair,227,7.828,34,29,14.98,27.64,12.78,19.42,11.29,12.93,17.12,95.32,90.39
L2::P::local_range_30m_pct_le_0.7621+conf_opposite_thinning_le_0.4997::top1,pair+top1,29,1.0,6,1,20.69,4.88,3.45,14.29,26.67,23.53,16.67,111.6,96.85
L2::P::local_range_30m_pct_le_0.7621+conf_opposite_thinning_ge_0.5003,pair,371,12.793,55,40,14.82,44.72,10.78,17.5,12.8,15.61,14.14,100.05,86.42
L2::P::local_range_30m_pct_le_0.7621+conf_opposite_thinning_ge_0.5003::top1,pair+top1,29,1.0,5,2,17.24,4.07,6.9,21.43,13.33,33.33,5.88,121.19,140.95
L2::P::local_range_30m_pct_le_0.7621+conf_opposite_thinning_le_0.5003,pair,360,12.414,45,52,12.5,36.59,14.44,14.38,11.0,12.57,12.43,92.62,87.97
L2::P::local_range_30m_pct_le_0.7621+conf_opposite_thinning_le_0.5003::top1,pair+top1,29,1.0,5,2,17.24,4.07,6.9,7.14,26.67,25.0,11.76,141.97,176.55
L2::P::local_range_30m_pct_le_0.7621+conf_opposite_thinning_ge_0.5008,pair,244,8.414,34,24,13.93,27.64,9.84,16.07,12.12,16.51,11.85,106.89,100.91
L2::P::local_range_30m_pct_le_0.7621+conf_opposite_thinning_ge_0.5008::top1,pair+top1,29,1.0,8,2,27.59,6.5,6.9,28.57,26.67,41.67,17.65,136.92,166.34
L2::P::local_range_30m_pct_le_0.7621+conf_opposite_thinning_le_0.5008,pair,488,16.828,66,68,13.52,53.66,13.93,15.79,11.83,12.99,14.1,91.47,86.19
L2::P::local_range_30m_pct_le_0.7621+conf_opposite_thinning_le_0.5008::top1,pair+top1,29,1.0,6,2,20.69,4.88,6.9,21.43,20.0,26.67,14.29,118.64,121.01
L2::P::local_range_30m_pct_ge_0.4406+same_dir_zones_active_60m_ge_0.0,pair,731,25.207,77,106,10.53,62.6,14.5,12.47,8.38,11.88,9.33,88.51,71.68
L2::P::local_range_30m_pct_ge_0.4406+same_dir_zones_active_60m_ge_0.0::top1,pair+top1,29,1.0,5,1,17.24,4.07,3.45,14.29,20.0,23.08,12.5,115.35,101.07
L2::P::local_range_30m_pct_ge_0.4406+same_dir_zones_active_60m_le_0.0,pair,307,10.586,36,45,11.73,29.27,14.66,13.75,9.52,13.89,9.82,82.43,59.8
L2::P::local_range_30m_pct_ge_0.4406+same_dir_zones_active_60m_le_0.0::top1,pair+top1,29,1.0,4,3,13.79,3.25,10.34,14.29,13.33,9.09,16.67,86.88,54.1
L2::P::local_range_30m_pct_ge_0.4406+same_dir_zones_active_60m_ge_1.0,pair,424,14.621,41,61,9.67,33.33,14.39,11.56,7.54,10.45,8.97,93.85,81.0
L2::P::local_range_30m_pct_ge_0.4406+same_dir_zones_active_60m_ge_1.0::top1,pair+top1,29,1.0,3,2,10.34,2.44,6.9,14.29,6.67,20.0,0.0,96.52,101.07
L2::P::local_range_30m_pct_ge_0.4406+same_dir_zones_active_60m_le_1.0,pair,538,18.552,59,78,10.97,47.97,14.5,12.87,9.02,12.93,9.09,85.49,63.5
L2::P::local_range_30m_pct_ge_0.4406+same_dir_zones_active_60m_le_1.0::top1,pair+top1,29,1.0,5,4,17.24,4.07,13.79,14.29,20.0,25.0,11.76,115.35,101.07
L2::P::local_range_30m_pct_ge_0.4406+same_dir_zones_active_60m_ge_1.0,pair,424,14.621,41,61,9.67,33.33,14.39,11.56,7.54,10.45,8.97,93.85,81.0
L2::P::local_range_30m_pct_ge_0.4406+same_dir_zones_active_60m_ge_1.0::top1,pair+top1,29,1.0,3,2,10.34,2.44,6.9,14.29,6.67,20.0,0.0,96.52,101.07
L2::P::local_range_30m_pct_ge_0.4406+same_dir_zones_active_60m_le_1.0,pair,538,18.552,59,78,10.97,47.97,14.5,12.87,9.02,12.93,9.09,85.49,63.5
L2::P::local_range_30m_pct_ge_0.4406+same_dir_zones_active_60m_le_1.0::top1,pair+top1,29,1.0,5,4,17.24,4.07,13.79,14.29,20.0,25.0,11.76,115.35,101.07
L2::P::local_range_30m_pct_le_0.4406+same_dir_zones_active_60m_ge_0.0,pair,313,10.793,46,33,14.7,37.4,10.54,15.7,14.06,13.41,16.11,109.63,108.08
L2::P::local_range_30m_pct_le_0.4406+same_dir_zones_active_60m_ge_0.0::top1,pair+top1,29,1.0,4,3,13.79,3.25,10.34,14.29,13.33,14.29,13.33,149.09,165.27
L2::P::local_range_30m_pct_le_0.4406+same_dir_zones_active_60m_le_0.0,pair,141,4.862,23,16,16.31,18.7,11.35,18.18,15.12,15.07,17.65,115.37,104.83
L2::P::local_range_30m_pct_le_0.4406+same_dir_zones_active_60m_le_0.0::top1,pair+top1,29,1.0,5,3,17.24,4.07,10.34,14.29,20.0,23.08,12.5,138.4,140.95
L2::P::local_range_30m_pct_le_0.4406+same_dir_zones_active_60m_ge_1.0,pair,172,5.931,23,17,13.37,18.7,9.88,13.64,13.21,12.09,14.81,103.9,111.33
L2::P::local_range_30m_pct_le_0.4406+same_dir_zones_active_60m_ge_1.0::top1,pair+top1,29,1.0,5,3,17.24,4.07,10.34,14.29,20.0,16.67,18.18,70.38,53.23
L2::P::local_range_30m_pct_le_0.4406+same_dir_zones_active_60m_le_1.0,pair,250,8.621,37,28,14.8,30.08,11.2,17.53,13.07,13.64,16.1,109.35,104.83
L2::P::local_range_30m_pct_le_0.4406+same_dir_zones_active_60m_le_1.0::top1,pair+top1,29,1.0,4,3,13.79,3.25,10.34,14.29,13.33,15.38,12.5,149.09,165.27
L2::P::local_range_30m_pct_le_0.4406+same_dir_zones_active_60m_ge_1.0,pair,172,5.931,23,17,13.37,18.7,9.88,13.64,13.21,12.09,14.81,103.9,111.33
L2::P::local_range_30m_pct_le_0.4406+same_dir_zones_active_60m_ge_1.0::top1,pair+top1,29,1.0,5,3,17.24,4.07,10.34,14.29,20.0,16.67,18.18,70.38,53.23
L2::P::local_range_30m_pct_le_0.4406+same_dir_zones_active_60m_le_1.0,pair,250,8.621,37,28,14.8,30.08,11.2,17.53,13.07,13.64,16.1,109.35,104.83
L2::P::local_range_30m_pct_le_0.4406+same_dir_zones_active_60m_le_1.0::top1,pair+top1,29,1.0,4,3,13.79,3.25,10.34,14.29,13.33,15.38,12.5,149.09,165.27
L2::P::local_range_30m_pct_ge_0.5848+same_dir_zones_active_60m_ge_0.0,pair,522,18.0,53,76,10.15,43.09,14.56,11.86,7.93,12.24,8.3,89.66,76.95
L2::P::local_range_30m_pct_ge_0.5848+same_dir_zones_active_60m_ge_0.0::top1,pair+top1,29,1.0,2,3,6.9,1.63,10.34,7.14,6.67,12.5,0.0,113.89,113.89
L2::P::local_range_30m_pct_ge_0.5848+same_dir_zones_active_60m_le_0.0,pair,221,7.621,25,33,11.31,20.33,14.93,14.52,7.22,13.46,9.4,82.78,53.18
L2::P::local_range_30m_pct_ge_0.5848+same_dir_zones_active_60m_le_0.0::top1,pair+top1,29,1.0,3,5,10.34,2.44,17.24,14.29,6.67,12.5,7.69,38.71,48.37
L2::P::local_range_30m_pct_ge_0.5848+same_dir_zones_active_60m_ge_1.0,pair,301,10.379,28,43,9.3,22.76,14.29,9.94,8.46,11.35,7.5,95.79,81.41
L2::P::local_range_30m_pct_ge_0.5848+same_dir_zones_active_60m_ge_1.0::top1,pair+top1,27,0.931,3,1,11.11,2.44,3.7,15.38,7.14,16.67,6.67,109.74,81.0
L2::P::local_range_30m_pct_ge_0.5848+same_dir_zones_active_60m_le_1.0,pair,381,13.138,41,55,10.76,33.33,14.44,12.98,8.09,13.02,8.47,87.98,76.95
L2::P::local_range_30m_pct_ge_0.5848+same_dir_zones_active_60m_le_1.0::top1,pair+top1,29,1.0,2,4,6.9,1.63,13.79,7.14,6.67,11.11,0.0,113.89,113.89
L2::P::local_range_30m_pct_ge_0.5848+same_dir_zones_active_60m_ge_1.0,pair,301,10.379,28,43,9.3,22.76,14.29,9.94,8.46,11.35,7.5,95.79,81.41
L2::P::local_range_30m_pct_ge_0.5848+same_dir_zones_active_60m_ge_1.0::top1,pair+top1,27,0.931,3,1,11.11,2.44,3.7,15.38,7.14,16.67,6.67,109.74,81.0
L2::P::local_range_30m_pct_ge_0.5848+same_dir_zones_active_60m_le_1.0,pair,381,13.138,41,55,10.76,33.33,14.44,12.98,8.09,13.02,8.47,87.98,76.95
L2::P::local_range_30m_pct_ge_0.5848+same_dir_zones_active_60m_le_1.0::top1,pair+top1,29,1.0,2,4,6.9,1.63,13.79,7.14,6.67,11.11,0.0,113.89,113.89
L2::P::local_range_30m_pct_le_0.5848+same_dir_zones_active_60m_ge_0.0,pair,522,18.0,70,63,13.41,56.91,12.07,15.17,12.22,12.55,14.29,101.53,94.81
L2::P::local_range_30m_pct_le_0.5848+same_dir_zones_active_60m_ge_0.0::top1,pair+top1,29,1.0,5,1,17.24,4.07,3.45,14.29,20.0,20.0,15.79,130.67,140.95
L2::P::local_range_30m_pct_le_0.5848+same_dir_zones_active_60m_le_0.0,pair,226,7.793,34,28,15.04,27.64,12.39,15.38,14.81,15.18,14.91,104.46,94.81
L2::P::local_range_30m_pct_le_0.5848+same_dir_zones_active_60m_le_0.0::top1,pair+top1,29,1.0,6,3,20.69,4.88,10.34,14.29,26.67,28.57,18.18,141.21,165.27
L2::P::local_range_30m_pct_le_0.5848+same_dir_zones_active_60m_ge_1.0,pair,296,10.207,36,35,12.16,29.27,11.82,15.0,10.23,10.6,13.79,98.76,93.51
L2::P::local_range_30m_pct_le_0.5848+same_dir_zones_active_60m_ge_1.0::top1,pair+top1,29,1.0,4,3,13.79,3.25,10.34,14.29,13.33,13.33,14.29,97.87,80.97
L2::P::local_range_30m_pct_le_0.5848+same_dir_zones_active_60m_le_1.0,pair,407,14.034,55,51,13.51,44.72,12.53,15.53,12.2,13.37,13.66,99.68,92.63
L2::P::local_range_30m_pct_le_0.5848+same_dir_zones_active_60m_le_1.0::top1,pair+top1,29,1.0,6,3,20.69,4.88,10.34,14.29,26.67,28.57,18.18,140.71,165.27
L2::P::local_range_30m_pct_le_0.5848+same_dir_zones_active_60m_ge_1.0,pair,296,10.207,36,35,12.16,29.27,11.82,15.0,10.23,10.6,13.79,98.76,93.51
L2::P::local_range_30m_pct_le_0.5848+same_dir_zones_active_60m_ge_1.0::top1,pair+top1,29,1.0,4,3,13.79,3.25,10.34,14.29,13.33,13.33,14.29,97.87,80.97
L2::P::local_range_30m_pct_le_0.5848+same_dir_zones_active_60m_le_1.0,pair,407,14.034,55,51,13.51,44.72,12.53,15.53,12.2,13.37,13.66,99.68,92.63
L2::P::local_range_30m_pct_le_0.5848+same_dir_zones_active_60m_le_1.0::top1,pair+top1,29,1.0,6,3,20.69,4.88,10.34,14.29,26.67,28.57,18.18,140.71,165.27
L2::P::local_range_30m_pct_ge_0.7621+same_dir_zones_active_60m_ge_0.0,pair,315,10.862,23,47,7.3,18.7,14.92,8.56,5.47,8.16,6.55,95.12,81.0
L2::P::local_range_30m_pct_ge_0.7621+same_dir_zones_active_60m_ge_0.0::top1,pair+top1,27,0.931,1,2,3.7,0.81,7.41,0.0,7.69,6.67,0.0,166.8,166.8
L2::P::local_range_30m_pct_ge_0.7621+same_dir_zones_active_60m_le_0.0,pair,135,4.655,12,17,8.89,9.76,12.59,9.76,7.55,10.94,7.04,89.97,63.5
L2::P::local_range_30m_pct_ge_0.7621+same_dir_zones_active_60m_le_0.0::top1,pair+top1,27,0.931,1,6,3.7,0.81,22.22,0.0,7.69,6.25,0.0,166.8,166.8
L2::P::local_range_30m_pct_ge_0.7621+same_dir_zones_active_60m_ge_1.0,pair,180,6.207,11,30,6.11,8.94,16.67,7.62,4.0,6.02,6.19,100.73,81.0
L2::P::local_range_30m_pct_ge_0.7621+same_dir_zones_active_60m_ge_1.0::top1,pair+top1,24,0.828,2,1,8.33,1.63,4.17,16.67,0.0,12.5,6.25,76.34,76.34
L2::P::local_range_30m_pct_ge_0.7621+same_dir_zones_active_60m_le_1.0,pair,225,7.759,15,31,6.67,12.2,13.78,8.53,4.17,7.34,6.03,94.28,81.0
L2::P::local_range_30m_pct_ge_0.7621+same_dir_zones_active_60m_le_1.0::top1,pair+top1,27,0.931,1,4,3.7,0.81,14.81,0.0,7.69,6.25,0.0,166.8,166.8
L2::P::local_range_30m_pct_ge_0.7621+same_dir_zones_active_60m_ge_1.0,pair,180,6.207,11,30,6.11,8.94,16.67,7.62,4.0,6.02,6.19,100.73,81.0
L2::P::local_range_30m_pct_ge_0.7621+same_dir_zones_active_60m_ge_1.0::top1,pair+top1,24,0.828,2,1,8.33,1.63,4.17,16.67,0.0,12.5,6.25,76.34,76.34
L2::P::local_range_30m_pct_ge_0.7621+same_dir_zones_active_60m_le_1.0,pair,225,7.759,15,31,6.67,12.2,13.78,8.53,4.17,7.34,6.03,94.28,81.0
L2::P::local_range_30m_pct_ge_0.7621+same_dir_zones_active_60m_le_1.0::top1,pair+top1,27,0.931,1,4,3.7,0.81,14.81,0.0,7.69,6.25,0.0,166.8,166.8
L2::P::local_range_30m_pct_le_0.7621+same_dir_zones_active_60m_ge_0.0,pair,730,25.172,100,92,13.7,81.3,12.6,15.99,11.92,14.05,13.35,96.71,87.97
L2::P::local_range_30m_pct_le_0.7621+same_dir_zones_active_60m_ge_0.0::top1,pair+top1,29,1.0,5,1,17.24,4.07,3.45,14.29,20.0,27.27,11.11,123.06,140.95
L2::P::local_range_30m_pct_le_0.7621+same_dir_zones_active_60m_le_0.0,pair,313,10.793,47,44,15.02,38.21,14.06,18.05,12.78,15.69,14.38,96.63,87.97
L2::P::local_range_30m_pct_le_0.7621+same_dir_zones_active_60m_le_0.0::top1,pair+top1,29,1.0,8,4,27.59,6.5,13.79,28.57,26.67,33.33,25.0,118.36,102.41
L2::P::local_range_30m_pct_le_0.7621+same_dir_zones_active_60m_ge_1.0,pair,417,14.379,53,48,12.71,43.09,11.51,14.52,11.26,12.86,12.56,96.78,85.95
L2::P::local_range_30m_pct_le_0.7621+same_dir_zones_active_60m_ge_1.0::top1,pair+top1,29,1.0,4,0,13.79,3.25,0.0,7.14,20.0,14.29,13.33,116.52,125.11
L2::P::local_range_30m_pct_le_0.7621+same_dir_zones_active_60m_le_1.0,pair,564,19.448,81,75,14.36,65.85,13.3,17.08,12.35,15.33,13.36,94.76,87.97
L2::P::local_range_30m_pct_le_0.7621+same_dir_zones_active_60m_le_1.0::top1,pair+top1,29,1.0,7,4,24.14,5.69,13.79,21.43,26.67,37.5,19.05,123.87,140.95
L2::P::local_range_30m_pct_le_0.7621+same_dir_zones_active_60m_ge_1.0,pair,417,14.379,53,48,12.71,43.09,11.51,14.52,11.26,12.86,12.56,96.78,85.95
L2::P::local_range_30m_pct_le_0.7621+same_dir_zones_active_60m_ge_1.0::top1,pair+top1,29,1.0,4,0,13.79,3.25,0.0,7.14,20.0,14.29,13.33,116.52,125.11
L2::P::local_range_30m_pct_le_0.7621+same_dir_zones_active_60m_le_1.0,pair,564,19.448,81,75,14.36,65.85,13.3,17.08,12.35,15.33,13.36,94.76,87.97
L2::P::local_range_30m_pct_le_0.7621+same_dir_zones_active_60m_le_1.0::top1,pair+top1,29,1.0,7,4,24.14,5.69,13.79,21.43,26.67,37.5,19.05,123.87,140.95
L2::P::local_range_30m_pct_ge_0.4406+abs_prior_move_60m_pct_ge_0.2503,pair,585,20.172,59,87,10.09,47.97,14.87,12.04,7.66,10.87,9.39,83.56,63.5
L2::P::local_range_30m_pct_ge_0.4406+abs_prior_move_60m_pct_ge_0.2503::top1,pair+top1,29,1.0,5,2,17.24,4.07,6.9,14.29,20.0,17.65,16.67,97.52,56.98
L2::P::local_range_30m_pct_ge_0.4406+abs_prior_move_60m_pct_le_0.2503,pair,147,5.069,18,19,12.24,14.63,12.93,14.75,10.47,15.71,9.09,104.75,89.01
L2::P::local_range_30m_pct_ge_0.4406+abs_prior_move_60m_pct_le_0.2503::top1,pair+top1,28,0.966,4,2,14.29,3.25,7.14,21.43,7.14,15.38,13.33,77.97,72.64
L2::P::local_range_30m_pct_ge_0.4406+abs_prior_move_60m_pct_ge_0.4065,pair,439,15.138,35,68,7.97,28.46,15.49,10.98,4.15,7.5,8.37,69.52,53.18
L2::P::local_range_30m_pct_ge_0.4406+abs_prior_move_60m_pct_ge_0.4065::top1,pair+top1,28,0.966,1,3,3.57,0.81,10.71,7.14,0.0,6.67,0.0,47.12,47.12
L2::P::local_range_30m_pct_ge_0.4406+abs_prior_move_60m_pct_le_0.4065,pair,292,10.069,42,38,14.38,34.15,13.01,15.11,13.73,17.93,10.88,104.34,99.03
L2::P::local_range_30m_pct_ge_0.4406+abs_prior_move_60m_pct_le_0.4065::top1,pair+top1,28,0.966,7,1,25.0,5.69,3.57,21.43,28.57,23.08,26.67,110.61,101.07
L2::P::local_range_30m_pct_ge_0.4406+abs_prior_move_60m_pct_ge_0.612,pair,295,10.172,17,50,5.76,13.82,16.95,7.51,3.28,5.11,6.33,41.97,38.08
L2::P::local_range_30m_pct_ge_0.4406+abs_prior_move_60m_pct_ge_0.612::top1,pair+top1,25,0.862,1,2,4.0,0.81,8.0,7.69,0.0,6.67,0.0,47.12,47.12
L2::P::local_range_30m_pct_ge_0.4406+abs_prior_move_60m_pct_le_0.612,pair,437,15.069,60,56,13.73,48.78,12.81,16.51,11.11,16.27,11.4,101.7,92.18
L2::P::local_range_30m_pct_ge_0.4406+abs_prior_move_60m_pct_le_0.612::top1,pair+top1,29,1.0,7,2,24.14,5.69,6.9,21.43,26.67,25.0,23.53,110.61,101.07
L2::P::local_range_30m_pct_le_0.4406+abs_prior_move_60m_pct_ge_0.2503,pair,147,5.069,24,15,16.33,19.51,10.2,21.82,13.04,16.22,16.44,106.38,98.73
L2::P::local_range_30m_pct_le_0.4406+abs_prior_move_60m_pct_ge_0.2503::top1,pair+top1,29,1.0,5,3,17.24,4.07,10.34,14.29,20.0,25.0,11.76,114.64,150.18
L2::P::local_range_30m_pct_le_0.4406+abs_prior_move_60m_pct_le_0.2503,pair,166,5.724,22,18,13.25,17.89,10.84,10.61,15.0,11.11,15.79,113.18,114.45
L2::P::local_range_30m_pct_le_0.4406+abs_prior_move_60m_pct_le_0.2503::top1,pair+top1,28,0.966,7,3,25.0,5.69,10.71,23.08,26.67,23.08,26.67,146.01,189.6
L2::P::local_range_30m_pct_le_0.4406+abs_prior_move_60m_pct_ge_0.4065,pair,83,2.862,11,7,13.25,8.94,8.43,16.67,11.32,14.63,11.9,121.61,123.33
L2::P::local_range_30m_pct_le_0.4406+abs_prior_move_60m_pct_ge_0.4065::top1,pair+top1,28,0.966,2,3,7.14,1.63,10.71,7.69,6.67,7.14,7.14,178.19,178.19
L2::P::local_range_30m_pct_le_0.4406+abs_prior_move_60m_pct_le_0.4065,pair,231,7.966,35,26,15.15,28.46,11.26,15.38,15.0,13.01,17.59,105.87,92.63
L2::P::local_range_30m_pct_le_0.4406+abs_prior_move_60m_pct_le_0.4065::top1,pair+top1,29,1.0,7,2,24.14,5.69,6.9,28.57,20.0,25.0,23.08,109.96,92.63
L2::P::local_range_30m_pct_le_0.4406+abs_prior_move_60m_pct_ge_0.612,pair,19,0.655,4,2,21.05,3.25,10.53,25.0,18.18,50.0,7.69,43.9,43.66
L2::P::local_range_30m_pct_le_0.4406+abs_prior_move_60m_pct_ge_0.612::top1,pair+top1,14,0.483,3,1,21.43,2.44,7.14,16.67,25.0,66.67,9.09,29.88,4.47
L2::P::local_range_30m_pct_le_0.4406+abs_prior_move_60m_pct_le_0.612,pair,294,10.138,42,31,14.29,34.15,10.54,15.04,13.81,12.03,16.91,115.89,118.35
L2::P::local_range_30m_pct_le_0.4406+abs_prior_move_60m_pct_le_0.612::top1,pair+top1,29,1.0,4,3,13.79,3.25,10.34,14.29,13.33,13.33,14.29,149.09,165.27
L2::P::local_range_30m_pct_ge_0.5848+abs_prior_move_60m_pct_ge_0.2503,pair,444,15.31,40,66,9.01,32.52,14.86,10.98,6.35,9.8,8.33,81.85,63.5
L2::P::local_range_30m_pct_ge_0.5848+abs_prior_move_60m_pct_ge_0.2503::top1,pair+top1,29,1.0,2,3,6.9,1.63,10.34,7.14,6.67,11.11,0.0,113.89,113.89
L2::P::local_range_30m_pct_ge_0.5848+abs_prior_move_60m_pct_le_0.2503,pair,79,2.724,13,10,16.46,10.57,12.66,17.5,15.38,23.81,8.11,113.66,109.12
L2::P::local_range_30m_pct_ge_0.5848+abs_prior_move_60m_pct_le_0.2503::top1,pair+top1,24,0.828,4,1,16.67,3.25,4.17,25.0,8.33,13.33,22.22,63.31,44.56
L2::P::local_range_30m_pct_ge_0.5848+abs_prior_move_60m_pct_ge_0.4065,pair,363,12.517,27,56,7.44,21.95,15.43,10.1,3.87,7.98,7.0,61.11,53.18
L2::P::local_range_30m_pct_ge_0.5848+abs_prior_move_60m_pct_ge_0.4065::top1,pair+top1,28,0.966,2,3,7.14,1.63,10.71,7.14,7.14,11.11,0.0,31.82,31.82
L2::P::local_range_30m_pct_ge_0.5848+abs_prior_move_60m_pct_le_0.4065,pair,159,5.483,26,20,16.35,21.14,12.58,16.09,16.67,20.73,11.69,119.3,126.67
L2::P::local_range_30m_pct_ge_0.5848+abs_prior_move_60m_pct_le_0.4065::top1,pair+top1,27,0.931,5,0,18.52,4.07,0.0,23.08,14.29,18.75,18.18,99.4,71.68
L2::P::local_range_30m_pct_ge_0.5848+abs_prior_move_60m_pct_ge_0.612,pair,263,9.069,15,47,5.7,12.2,17.87,7.19,3.64,5.17,6.12,43.57,38.08
L2::P::local_range_30m_pct_ge_0.5848+abs_prior_move_60m_pct_ge_0.612::top1,pair+top1,25,0.862,1,2,4.0,0.81,8.0,7.69,0.0,7.14,0.0,47.12,47.12
L2::P::local_range_30m_pct_ge_0.5848+abs_prior_move_60m_pct_le_0.612,pair,260,8.966,38,29,14.62,30.89,11.15,16.9,11.86,18.46,10.77,107.85,92.46
L2::P::local_range_30m_pct_ge_0.5848+abs_prior_move_60m_pct_le_0.612::top1,pair+top1,29,1.0,6,2,20.69,4.88,6.9,28.57,13.33,23.08,18.75,96.33,76.34
L2::P::local_range_30m_pct_le_0.5848+abs_prior_move_60m_pct_ge_0.2503,pair,287,9.897,43,36,14.98,34.96,12.54,18.55,12.27,15.17,14.79,97.89,92.63
L2::P::local_range_30m_pct_le_0.5848+abs_prior_move_60m_pct_ge_0.2503::top1,pair+top1,29,1.0,5,3,17.24,4.07,10.34,7.14,26.67,15.38,18.75,93.59,56.98
L2::P::local_range_30m_pct_le_0.5848+abs_prior_move_60m_pct_le_0.2503,pair,235,8.103,27,27,11.49,21.95,11.49,10.34,12.16,9.32,13.68,107.33,101.07
L2::P::local_range_30m_pct_le_0.5848+abs_prior_move_60m_pct_le_0.2503::top1,pair+top1,28,0.966,5,3,17.86,4.07,10.71,15.38,20.0,27.27,11.76,120.92,140.95
L2::P::local_range_30m_pct_le_0.5848+abs_prior_move_60m_pct_ge_0.4065,pair,159,5.483,19,19,11.95,15.45,11.95,16.18,8.79,10.26,13.58,111.62,123.33
L2::P::local_range_30m_pct_le_0.5848+abs_prior_move_60m_pct_ge_0.4065::top1,pair+top1,28,0.966,1,4,3.57,0.81,14.29,7.69,0.0,7.69,0.0,206.2,206.2
L2::P::local_range_30m_pct_le_0.5848+abs_prior_move_60m_pct_le_0.4065,pair,364,12.552,51,44,14.01,41.46,12.09,14.69,13.57,13.51,14.53,97.77,88.15
L2::P::local_range_30m_pct_le_0.5848+abs_prior_move_60m_pct_le_0.4065::top1,pair+top1,29,1.0,6,1,20.69,4.88,3.45,21.43,20.0,20.0,21.05,113.47,100.91
L2::P::local_range_30m_pct_le_0.5848+abs_prior_move_60m_pct_ge_0.612,pair,51,1.759,6,5,11.76,4.88,9.8,14.29,8.7,14.81,8.33,39.26,29.97
L2::P::local_range_30m_pct_le_0.5848+abs_prior_move_60m_pct_ge_0.612::top1,pair+top1,18,0.621,1,1,5.56,0.81,5.56,0.0,11.11,12.5,0.0,4.47,4.47
L2::P::local_range_30m_pct_le_0.5848+abs_prior_move_60m_pct_le_0.612,pair,471,16.241,64,58,13.59,52.03,12.31,15.3,12.5,12.29,14.89,107.36,108.08
L2::P::local_range_30m_pct_le_0.5848+abs_prior_move_60m_pct_le_0.612::top1,pair+top1,29,1.0,5,1,17.24,4.07,3.45,14.29,20.0,20.0,15.79,130.67,140.95
L2::P::local_range_30m_pct_ge_0.7621+abs_prior_move_60m_pct_ge_0.2503,pair,279,9.621,18,43,6.45,14.63,15.41,8.48,3.51,5.47,7.28,72.08,63.5
L2::P::local_range_30m_pct_ge_0.7621+abs_prior_move_60m_pct_ge_0.2503::top1,pair+top1,27,0.931,1,2,3.7,0.81,7.41,0.0,7.69,6.67,0.0,166.8,166.8
L2::P::local_range_30m_pct_ge_0.7621+abs_prior_move_60m_pct_le_0.2503,pair,36,1.241,5,4,13.89,4.07,11.11,9.09,21.43,26.32,0.0,178.06,220.65
L2::P::local_range_30m_pct_ge_0.7621+abs_prior_move_60m_pct_le_0.2503::top1,pair+top1,17,0.586,4,0,23.53,3.25,0.0,18.18,33.33,36.36,0.0,166.95,184.76
L2::P::local_range_30m_pct_ge_0.7621+abs_prior_move_60m_pct_ge_0.4065,pair,248,8.552,17,38,6.85,13.82,15.32,9.4,3.03,5.36,8.09,66.5,63.5
L2::P::local_range_30m_pct_ge_0.7621+abs_prior_move_60m_pct_ge_0.4065::top1,pair+top1,27,0.931,1,4,3.7,0.81,14.81,0.0,7.69,0.0,6.25,53.18,53.18
L2::P::local_range_30m_pct_ge_0.7621+abs_prior_move_60m_pct_le_0.4065,pair,67,2.31,6,9,8.96,4.88,13.43,5.26,13.79,17.14,0.0,176.19,193.73
L2::P::local_range_30m_pct_ge_0.7621+abs_prior_move_60m_pct_le_0.4065::top1,pair+top1,23,0.793,3,0,13.04,2.44,0.0,16.67,9.09,20.0,0.0,155.03,166.8
L2::P::local_range_30m_pct_ge_0.7621+abs_prior_move_60m_pct_ge_0.612,pair,195,6.724,9,34,4.62,7.32,17.44,5.13,3.85,2.41,6.25,33.9,8.5
L2::P::local_range_30m_pct_ge_0.7621+abs_prior_move_60m_pct_ge_0.612::top1,pair+top1,25,0.862,1,3,4.0,0.81,12.0,0.0,8.33,0.0,5.88,53.18,53.18
L2::P::local_range_30m_pct_ge_0.7621+abs_prior_move_60m_pct_le_0.612,pair,121,4.172,14,13,11.57,11.38,10.74,14.29,7.84,15.38,7.14,134.47,124.93
L2::P::local_range_30m_pct_ge_0.7621+abs_prior_move_60m_pct_le_0.612::top1,pair+top1,25,0.862,3,1,12.0,2.44,4.0,15.38,8.33,14.29,9.09,106.49,81.0
L2::P::local_range_30m_pct_le_0.7621+abs_prior_move_60m_pct_ge_0.2503,pair,452,15.586,65,59,14.38,52.85,13.05,17.29,11.76,15.84,12.99,95.17,87.97
L2::P::local_range_30m_pct_le_0.7621+abs_prior_move_60m_pct_ge_0.2503::top1,pair+top1,29,1.0,6,3,20.69,4.88,10.34,14.29,26.67,30.77,12.5,112.97,116.77
L2::P::local_range_30m_pct_le_0.7621+abs_prior_move_60m_pct_le_0.2503,pair,279,9.621,35,33,12.54,28.46,11.83,13.33,12.07,11.19,13.97,99.57,80.02
L2::P::local_range_30m_pct_le_0.7621+abs_prior_move_60m_pct_le_0.2503::top1,pair+top1,29,1.0,6,2,20.69,4.88,6.9,21.43,20.0,25.0,17.65,106.6,100.91
L2::P::local_range_30m_pct_le_0.7621+abs_prior_move_60m_pct_ge_0.4065,pair,274,9.448,29,37,10.58,23.58,13.5,14.17,7.48,11.63,9.66,91.05,85.95
L2::P::local_range_30m_pct_le_0.7621+abs_prior_move_60m_pct_ge_0.4065::top1,pair+top1,29,1.0,1,3,3.45,0.81,10.34,7.14,0.0,7.14,0.0,206.2,206.2
L2::P::local_range_30m_pct_le_0.7621+abs_prior_move_60m_pct_le_0.4065,pair,457,15.759,71,55,15.54,57.72,12.04,17.19,14.34,15.38,15.7,99.02,88.15
L2::P::local_range_30m_pct_le_0.7621+abs_prior_move_60m_pct_le_0.4065::top1,pair+top1,29,1.0,7,0,24.14,5.69,0.0,28.57,20.0,25.0,23.53,103.51,60.88
L2::P::local_range_30m_pct_le_0.7621+abs_prior_move_60m_pct_ge_0.612,pair,119,4.103,12,18,10.08,9.76,15.13,14.06,5.45,13.33,6.78,48.66,47.85
L2::P::local_range_30m_pct_le_0.7621+abs_prior_move_60m_pct_ge_0.612::top1,pair+top1,24,0.828,1,3,4.17,0.81,12.5,8.33,0.0,9.09,0.0,47.12,47.12
L2::P::local_range_30m_pct_le_0.7621+abs_prior_move_60m_pct_le_0.612,pair,611,21.069,88,74,14.4,71.54,12.11,16.47,12.92,14.19,14.61,103.26,99.31
L2::P::local_range_30m_pct_le_0.7621+abs_prior_move_60m_pct_le_0.612::top1,pair+top1,29,1.0,7,1,24.14,5.69,3.45,28.57,20.0,30.0,21.05,103.51,60.88
L2::P::conf_opposite_thinning_ge_0.4997+same_dir_zones_active_60m_ge_0.0,pair,731,25.207,79,98,10.81,64.23,13.41,11.3,10.34,12.39,9.31,101.94,86.42
L2::P::conf_opposite_thinning_ge_0.4997+same_dir_zones_active_60m_ge_0.0::top1,pair+top1,29,1.0,5,3,17.24,4.07,10.34,21.43,13.33,27.27,11.11,124.44,140.95
L2::P::conf_opposite_thinning_ge_0.4997+same_dir_zones_active_60m_le_0.0,pair,313,10.793,35,43,11.18,28.46,13.74,11.54,10.83,13.73,8.75,106.48,96.98
L2::P::conf_opposite_thinning_ge_0.4997+same_dir_zones_active_60m_le_0.0::top1,pair+top1,29,1.0,7,5,24.14,5.69,17.24,28.57,20.0,33.33,17.65,122.97,140.95
L2::P::conf_opposite_thinning_ge_0.4997+same_dir_zones_active_60m_ge_1.0,pair,418,14.414,44,55,10.53,35.77,13.16,11.11,10.0,11.39,9.72,98.33,82.33
L2::P::conf_opposite_thinning_ge_0.4997+same_dir_zones_active_60m_ge_1.0::top1,pair+top1,29,1.0,3,1,10.34,2.44,3.45,0.0,20.0,16.67,5.88,74.7,39.32
L2::P::conf_opposite_thinning_ge_0.4997+same_dir_zones_active_60m_le_1.0,pair,555,19.138,60,75,10.81,48.78,13.51,11.49,10.2,13.21,8.36,101.62,92.88
L2::P::conf_opposite_thinning_ge_0.4997+same_dir_zones_active_60m_le_1.0::top1,pair+top1,29,1.0,6,5,20.69,4.88,17.24,21.43,20.0,30.0,15.79,135.52,158.75
L2::P::conf_opposite_thinning_ge_0.4997+same_dir_zones_active_60m_ge_1.0,pair,418,14.414,44,55,10.53,35.77,13.16,11.11,10.0,11.39,9.72,98.33,82.33
L2::P::conf_opposite_thinning_ge_0.4997+same_dir_zones_active_60m_ge_1.0::top1,pair+top1,29,1.0,3,1,10.34,2.44,3.45,0.0,20.0,16.67,5.88,74.7,39.32
L2::P::conf_opposite_thinning_ge_0.4997+same_dir_zones_active_60m_le_1.0,pair,555,19.138,60,75,10.81,48.78,13.51,11.49,10.2,13.21,8.36,101.62,92.88
L2::P::conf_opposite_thinning_ge_0.4997+same_dir_zones_active_60m_le_1.0::top1,pair+top1,29,1.0,6,5,20.69,4.88,17.24,21.43,20.0,30.0,15.79,135.52,158.75
L2::P::conf_opposite_thinning_le_0.4997+same_dir_zones_active_60m_ge_0.0,pair,313,10.793,44,41,14.06,35.77,13.1,17.65,10.62,12.42,15.62,86.48,86.66
L2::P::conf_opposite_thinning_le_0.4997+same_dir_zones_active_60m_ge_0.0::top1,pair+top1,29,1.0,6,2,20.69,4.88,6.9,14.29,26.67,25.0,15.38,111.6,96.85
L2::P::conf_opposite_thinning_le_0.4997+same_dir_zones_active_60m_le_0.0,pair,135,4.655,24,18,17.78,19.51,13.33,23.33,13.33,15.87,19.44,78.93,72.47
L2::P::conf_opposite_thinning_le_0.4997+same_dir_zones_active_60m_le_0.0::top1,pair+top1,29,1.0,8,2,27.59,6.5,6.9,28.57,26.67,23.08,31.25,82.38,55.08
L2::P::conf_opposite_thinning_le_0.4997+same_dir_zones_active_60m_ge_1.0,pair,178,6.138,20,23,11.24,16.26,12.92,13.98,8.24,10.0,12.5,95.55,86.66
L2::P::conf_opposite_thinning_le_0.4997+same_dir_zones_active_60m_ge_1.0::top1,pair+top1,29,1.0,5,2,17.24,4.07,6.9,21.43,13.33,17.65,16.67,120.2,101.07
L2::P::conf_opposite_thinning_le_0.4997+same_dir_zones_active_60m_le_1.0,pair,233,8.034,36,31,15.45,29.27,13.3,20.18,11.29,13.16,17.65,83.13,81.0
L2::P::conf_opposite_thinning_le_0.4997+same_dir_zones_active_60m_le_1.0::top1,pair+top1,29,1.0,9,2,31.03,7.32,6.9,28.57,33.33,21.43,40.0,93.73,60.88
L2::P::conf_opposite_thinning_le_0.4997+same_dir_zones_active_60m_ge_1.0,pair,178,6.138,20,23,11.24,16.26,12.92,13.98,8.24,10.0,12.5,95.55,86.66
L2::P::conf_opposite_thinning_le_0.4997+same_dir_zones_active_60m_ge_1.0::top1,pair+top1,29,1.0,5,2,17.24,4.07,6.9,21.43,13.33,17.65,16.67,120.2,101.07
L2::P::conf_opposite_thinning_le_0.4997+same_dir_zones_active_60m_le_1.0,pair,233,8.034,36,31,15.45,29.27,13.3,20.18,11.29,13.16,17.65,83.13,81.0
L2::P::conf_opposite_thinning_le_0.4997+same_dir_zones_active_60m_le_1.0::top1,pair+top1,29,1.0,9,2,31.03,7.32,6.9,28.57,33.33,21.43,40.0,93.73,60.88
L2::P::conf_opposite_thinning_ge_0.5003+same_dir_zones_active_60m_ge_0.0,pair,522,18.0,63,67,12.07,51.22,12.84,13.06,11.19,13.82,10.51,109.23,104.83
L2::P::conf_opposite_thinning_ge_0.5003+same_dir_zones_active_60m_ge_0.0::top1,pair+top1,29,1.0,5,2,17.24,4.07,6.9,21.43,13.33,33.33,5.88,121.19,140.95
L2::P::conf_opposite_thinning_ge_0.5003+same_dir_zones_active_60m_le_0.0,pair,224,7.724,25,31,11.16,20.33,13.84,11.93,10.43,13.76,8.7,120.63,114.15
L2::P::conf_opposite_thinning_ge_0.5003+same_dir_zones_active_60m_le_0.0::top1,pair+top1,29,1.0,6,3,20.69,4.88,10.34,21.43,20.0,33.33,11.76,132.81,165.27
L2::P::conf_opposite_thinning_ge_0.5003+same_dir_zones_active_60m_ge_1.0,pair,298,10.276,38,36,12.75,30.89,12.08,13.97,11.73,13.87,11.8,101.72,85.3
L2::P::conf_opposite_thinning_ge_0.5003+same_dir_zones_active_60m_ge_1.0::top1,pair+top1,29,1.0,3,1,10.34,2.44,3.45,7.14,13.33,15.38,6.25,30.93,39.32
L2::P::conf_opposite_thinning_ge_0.5003+same_dir_zones_active_60m_le_1.0,pair,399,13.759,47,51,11.78,38.21,12.78,13.97,10.0,14.14,9.45,106.91,104.83
L2::P::conf_opposite_thinning_ge_0.5003+same_dir_zones_active_60m_le_1.0::top1,pair+top1,29,1.0,6,4,20.69,4.88,13.79,21.43,20.0,33.33,11.76,132.81,165.27
L2::P::conf_opposite_thinning_ge_0.5003+same_dir_zones_active_60m_ge_1.0,pair,298,10.276,38,36,12.75,30.89,12.08,13.97,11.73,13.87,11.8,101.72,85.3
L2::P::conf_opposite_thinning_ge_0.5003+same_dir_zones_active_60m_ge_1.0::top1,pair+top1,29,1.0,3,1,10.34,2.44,3.45,7.14,13.33,15.38,6.25,30.93,39.32
L2::P::conf_opposite_thinning_ge_0.5003+same_dir_zones_active_60m_le_1.0,pair,399,13.759,47,51,11.78,38.21,12.78,13.97,10.0,14.14,9.45,106.91,104.83
L2::P::conf_opposite_thinning_ge_0.5003+same_dir_zones_active_60m_le_1.0::top1,pair+top1,29,1.0,6,4,20.69,4.88,13.79,21.43,20.0,33.33,11.76,132.81,165.27
L2::P::conf_opposite_thinning_le_0.5003+same_dir_zones_active_60m_ge_0.0,pair,522,18.0,60,72,11.49,48.78,13.79,13.36,9.62,11.03,11.97,82.96,81.0
L2::P::conf_opposite_thinning_le_0.5003+same_dir_zones_active_60m_ge_0.0::top1,pair+top1,29,1.0,5,2,17.24,4.07,6.9,7.14,26.67,25.0,11.76,141.97,176.55
L2::P::conf_opposite_thinning_le_0.5003+same_dir_zones_active_60m_le_0.0,pair,223,7.69,34,30,15.25,27.64,13.45,17.92,12.82,14.95,15.52,76.63,63.69
L2::P::conf_opposite_thinning_le_0.5003+same_dir_zones_active_60m_le_0.0::top1,pair+top1,29,1.0,5,3,17.24,4.07,10.34,14.29,20.0,7.69,25.0,92.72,63.88
L2::P::conf_opposite_thinning_le_0.5003+same_dir_zones_active_60m_ge_1.0,pair,299,10.31,26,42,8.7,21.14,14.05,10.26,6.99,8.33,9.09,91.24,84.4
L2::P::conf_opposite_thinning_le_0.5003+same_dir_zones_active_60m_ge_1.0::top1,pair+top1,29,1.0,5,1,17.24,4.07,3.45,14.29,20.0,18.75,15.38,146.78,176.55
L2::P::conf_opposite_thinning_le_0.5003+same_dir_zones_active_60m_le_1.0,pair,389,13.414,49,55,12.6,39.84,14.14,14.14,11.11,12.18,13.02,82.96,80.02
L2::P::conf_opposite_thinning_le_0.5003+same_dir_zones_active_60m_le_1.0::top1,pair+top1,29,1.0,6,3,20.69,4.88,10.34,14.29,26.67,20.0,21.05,130.38,138.81
L2::P::conf_opposite_thinning_le_0.5003+same_dir_zones_active_60m_ge_1.0,pair,299,10.31,26,42,8.7,21.14,14.05,10.26,6.99,8.33,9.09,91.24,84.4
L2::P::conf_opposite_thinning_le_0.5003+same_dir_zones_active_60m_ge_1.0::top1,pair+top1,29,1.0,5,1,17.24,4.07,3.45,14.29,20.0,18.75,15.38,146.78,176.55
L2::P::conf_opposite_thinning_le_0.5003+same_dir_zones_active_60m_le_1.0,pair,389,13.414,49,55,12.6,39.84,14.14,14.14,11.11,12.18,13.02,82.96,80.02
L2::P::conf_opposite_thinning_le_0.5003+same_dir_zones_active_60m_le_1.0::top1,pair+top1,29,1.0,6,3,20.69,4.88,10.34,14.29,26.67,20.0,21.05,130.38,138.81
L2::P::conf_opposite_thinning_ge_0.5008+same_dir_zones_active_60m_ge_0.0,pair,315,10.862,39,35,12.38,31.71,11.11,13.64,11.18,14.97,10.12,116.0,109.12
L2::P::conf_opposite_thinning_ge_0.5008+same_dir_zones_active_60m_ge_0.0::top1,pair+top1,29,1.0,5,2,17.24,4.07,6.9,14.29,20.0,27.27,11.11,160.72,190.93
L2::P::conf_opposite_thinning_ge_0.5008+same_dir_zones_active_60m_le_0.0,pair,143,4.931,14,16,9.79,11.38,11.19,11.94,7.89,10.94,8.86,132.73,146.73
L2::P::conf_opposite_thinning_ge_0.5008+same_dir_zones_active_60m_le_0.0::top1,pair+top1,29,1.0,4,2,13.79,3.25,6.9,7.14,20.0,16.67,11.76,197.91,197.93
L2::P::conf_opposite_thinning_ge_0.5008+same_dir_zones_active_60m_ge_1.0,pair,172,5.931,25,19,14.53,20.33,11.05,14.94,14.12,18.07,11.24,106.64,88.78
L2::P::conf_opposite_thinning_ge_0.5008+same_dir_zones_active_60m_ge_1.0::top1,pair+top1,28,0.966,5,2,17.86,4.07,7.14,15.38,20.0,27.27,11.76,54.18,39.32
L2::P::conf_opposite_thinning_ge_0.5008+same_dir_zones_active_60m_le_1.0,pair,250,8.621,27,27,10.8,21.95,10.8,14.53,7.52,13.93,7.81,108.15,104.83
L2::P::conf_opposite_thinning_ge_0.5008+same_dir_zones_active_60m_le_1.0::top1,pair+top1,29,1.0,5,3,17.24,4.07,10.34,14.29,20.0,25.0,11.76,160.72,190.93
L2::P::conf_opposite_thinning_ge_0.5008+same_dir_zones_active_60m_ge_1.0,pair,172,5.931,25,19,14.53,20.33,11.05,14.94,14.12,18.07,11.24,106.64,88.78
L2::P::conf_opposite_thinning_ge_0.5008+same_dir_zones_active_60m_ge_1.0::top1,pair+top1,28,0.966,5,2,17.86,4.07,7.14,15.38,20.0,27.27,11.76,54.18,39.32
L2::P::conf_opposite_thinning_ge_0.5008+same_dir_zones_active_60m_le_1.0,pair,250,8.621,27,27,10.8,21.95,10.8,14.53,7.52,13.93,7.81,108.15,104.83
L2::P::conf_opposite_thinning_ge_0.5008+same_dir_zones_active_60m_le_1.0::top1,pair+top1,29,1.0,5,3,17.24,4.07,10.34,14.29,20.0,25.0,11.76,160.72,190.93
L2::P::conf_opposite_thinning_le_0.5008+same_dir_zones_active_60m_ge_0.0,pair,730,25.172,84,104,11.51,68.29,14.25,12.99,10.11,11.36,11.65,87.32,81.41
L2::P::conf_opposite_thinning_le_0.5008+same_dir_zones_active_60m_ge_0.0::top1,pair+top1,29,1.0,6,1,20.69,4.88,3.45,21.43,20.0,28.57,13.33,118.64,121.01
L2::P::conf_opposite_thinning_le_0.5008+same_dir_zones_active_60m_le_0.0,pair,306,10.552,45,45,14.71,36.59,14.71,16.0,13.46,15.79,13.64,83.62,79.37
L2::P::conf_opposite_thinning_le_0.5008+same_dir_zones_active_60m_le_0.0::top1,pair+top1,29,1.0,6,4,20.69,4.88,13.79,28.57,13.33,21.43,20.0,75.67,60.43
L2::P::conf_opposite_thinning_le_0.5008+same_dir_zones_active_60m_ge_1.0,pair,424,14.621,39,59,9.2,31.71,13.92,10.78,7.73,8.13,10.23,91.58,82.85
L2::P::conf_opposite_thinning_le_0.5008+same_dir_zones_active_60m_ge_1.0::top1,pair+top1,29,1.0,3,1,10.34,2.44,3.45,7.14,13.33,13.33,7.14,154.22,176.55
L2::P::conf_opposite_thinning_le_0.5008+same_dir_zones_active_60m_le_1.0,pair,539,18.586,69,79,12.8,56.1,14.66,13.78,11.93,12.87,12.73,89.42,81.0
L2::P::conf_opposite_thinning_le_0.5008+same_dir_zones_active_60m_le_1.0::top1,pair+top1,29,1.0,7,4,24.14,5.69,13.79,28.57,20.0,36.36,16.67,110.39,101.07
L2::P::conf_opposite_thinning_le_0.5008+same_dir_zones_active_60m_ge_1.0,pair,424,14.621,39,59,9.2,31.71,13.92,10.78,7.73,8.13,10.23,91.58,82.85
L2::P::conf_opposite_thinning_le_0.5008+same_dir_zones_active_60m_ge_1.0::top1,pair+top1,29,1.0,3,1,10.34,2.44,3.45,7.14,13.33,13.33,7.14,154.22,176.55
L2::P::conf_opposite_thinning_le_0.5008+same_dir_zones_active_60m_le_1.0,pair,539,18.586,69,79,12.8,56.1,14.66,13.78,11.93,12.87,12.73,89.42,81.0
L2::P::conf_opposite_thinning_le_0.5008+same_dir_zones_active_60m_le_1.0::top1,pair+top1,29,1.0,7,4,24.14,5.69,13.79,28.57,20.0,36.36,16.67,110.39,101.07
L2::P::conf_opposite_thinning_ge_0.4997+abs_prior_move_60m_pct_ge_0.2503,pair,515,17.759,47,73,9.13,38.21,14.17,11.07,7.11,10.4,7.92,95.35,82.85
L2::P::conf_opposite_thinning_ge_0.4997+abs_prior_move_60m_pct_ge_0.2503::top1,pair+top1,29,1.0,4,5,13.79,3.25,17.24,14.29,13.33,18.75,7.69,107.66,113.89
L2::P::conf_opposite_thinning_ge_0.4997+abs_prior_move_60m_pct_le_0.2503,pair,217,7.483,32,25,14.75,26.02,11.52,11.96,16.8,16.98,12.61,111.63,110.22
L2::P::conf_opposite_thinning_ge_0.4997+abs_prior_move_60m_pct_le_0.2503::top1,pair+top1,29,1.0,5,0,17.24,4.07,0.0,14.29,20.0,25.0,11.76,121.52,140.95
L2::P::conf_opposite_thinning_ge_0.4997+abs_prior_move_60m_pct_ge_0.4065,pair,373,12.862,28,55,7.51,22.76,14.75,9.79,5.03,7.91,7.14,90.43,82.33
L2::P::conf_opposite_thinning_ge_0.4997+abs_prior_move_60m_pct_ge_0.4065::top1,pair+top1,28,0.966,1,3,3.57,0.81,10.71,7.69,0.0,6.25,0.0,206.2,206.2
L2::P::conf_opposite_thinning_ge_0.4997+abs_prior_move_60m_pct_le_0.4065,pair,359,12.379,51,43,14.21,41.46,11.98,13.12,15.08,16.85,11.6,108.27,109.12
L2::P::conf_opposite_thinning_ge_0.4997+abs_prior_move_60m_pct_le_0.4065::top1,pair+top1,29,1.0,5,1,17.24,4.07,3.45,21.43,13.33,25.0,11.76,124.44,140.95
L2::P::conf_opposite_thinning_ge_0.4997+abs_prior_move_60m_pct_ge_0.612,pair,231,7.966,11,37,4.76,8.94,16.02,7.03,1.94,4.5,5.0,54.79,48.58
L2::P::conf_opposite_thinning_ge_0.4997+abs_prior_move_60m_pct_ge_0.612::top1,pair+top1,25,0.862,0,2,0.0,0.0,8.0,0.0,0.0,0.0,0.0,,
L2::P::conf_opposite_thinning_ge_0.4997+abs_prior_move_60m_pct_le_0.612,pair,501,17.276,68,61,13.57,55.28,12.18,13.72,13.45,15.92,11.33,109.57,106.97
L2::P::conf_opposite_thinning_ge_0.4997+abs_prior_move_60m_pct_le_0.612::top1,pair+top1,29,1.0,5,3,17.24,4.07,10.34,21.43,13.33,27.27,11.11,124.44,140.95
L2::P::conf_opposite_thinning_le_0.4997+abs_prior_move_60m_pct_ge_0.2503,pair,216,7.448,36,29,16.67,29.27,13.43,18.8,14.14,16.16,17.09,83.39,86.66
L2::P::conf_opposite_thinning_le_0.4997+abs_prior_move_60m_pct_ge_0.2503::top1,pair+top1,29,1.0,4,3,13.79,3.25,10.34,7.14,20.0,21.43,6.67,95.87,74.8
L2::P::conf_opposite_thinning_le_0.4997+abs_prior_move_60m_pct_le_0.2503,pair,97,3.345,8,12,8.25,6.5,12.37,13.89,4.92,5.56,11.63,100.42,89.01
L2::P::conf_opposite_thinning_le_0.4997+abs_prior_move_60m_pct_le_0.2503::top1,pair+top1,26,0.897,5,3,19.23,4.07,11.54,33.33,7.14,23.08,15.38,88.28,76.95
L2::P::conf_opposite_thinning_le_0.4997+abs_prior_move_60m_pct_ge_0.4065,pair,149,5.138,18,20,12.08,14.63,13.42,15.85,7.46,10.94,12.94,68.83,67.09
L2::P::conf_opposite_thinning_le_0.4997+abs_prior_move_60m_pct_ge_0.4065::top1,pair+top1,29,1.0,2,2,6.9,1.63,6.9,7.14,6.67,7.69,6.25,42.6,42.6
L2::P::conf_opposite_thinning_le_0.4997+abs_prior_move_60m_pct_le_0.4065,pair,164,5.655,26,21,15.85,21.14,12.8,19.72,12.9,13.48,18.67,98.7,90.39
L2::P::conf_opposite_thinning_le_0.4997+abs_prior_move_60m_pct_le_0.4065::top1,pair+top1,29,1.0,8,1,27.59,6.5,3.45,28.57,26.67,26.67,28.57,97.36,76.75
L2::P::conf_opposite_thinning_le_0.4997+abs_prior_move_60m_pct_ge_0.612,pair,83,2.862,10,15,12.05,8.13,18.07,11.32,13.33,15.62,9.8,28.63,24.72
L2::P::conf_opposite_thinning_le_0.4997+abs_prior_move_60m_pct_ge_0.612::top1,pair+top1,22,0.759,3,4,13.64,2.44,18.18,8.33,20.0,14.29,13.33,46.13,47.12
L2::P::conf_opposite_thinning_le_0.4997+abs_prior_move_60m_pct_le_0.612,pair,230,7.931,34,26,14.78,27.64,11.3,21.0,10.0,11.57,18.35,103.5,95.09
L2::P::conf_opposite_thinning_le_0.4997+abs_prior_move_60m_pct_le_0.612::top1,pair+top1,29,1.0,9,1,31.03,7.32,3.45,35.71,26.67,26.67,35.71,95.54,81.0
L2::P::conf_opposite_thinning_ge_0.5003+abs_prior_move_60m_pct_ge_0.2503,pair,354,12.207,36,49,10.17,29.27,13.84,12.85,7.43,11.98,8.56,100.88,87.6
L2::P::conf_opposite_thinning_ge_0.5003+abs_prior_move_60m_pct_ge_0.2503::top1,pair+top1,29,1.0,6,4,20.69,4.88,13.79,28.57,13.33,26.67,14.29,82.91,35.24
L2::P::conf_opposite_thinning_ge_0.5003+abs_prior_move_60m_pct_le_0.2503,pair,169,5.828,27,18,15.98,21.95,10.65,13.64,17.48,17.5,14.61,120.35,122.97
L2::P::conf_opposite_thinning_ge_0.5003+abs_prior_move_60m_pct_le_0.2503::top1,pair+top1,29,1.0,6,0,20.69,4.88,0.0,21.43,20.0,27.27,16.67,103.48,92.58
L2::P::conf_opposite_thinning_ge_0.5003+abs_prior_move_60m_pct_ge_0.4065,pair,257,8.862,19,36,7.39,15.45,14.01,9.85,4.8,8.2,6.67,107.13,88.78
L2::P::conf_opposite_thinning_ge_0.5003+abs_prior_move_60m_pct_ge_0.4065::top1,pair+top1,28,0.966,2,4,7.14,1.63,14.29,15.38,0.0,11.76,0.0,112.72,112.72
L2::P::conf_opposite_thinning_ge_0.5003+abs_prior_move_60m_pct_le_0.4065,pair,266,9.172,44,31,16.54,35.77,11.65,16.81,16.34,19.35,14.08,110.13,110.22
L2::P::conf_opposite_thinning_ge_0.5003+abs_prior_move_60m_pct_le_0.4065::top1,pair+top1,29,1.0,5,2,17.24,4.07,6.9,21.43,13.33,25.0,11.76,124.35,140.95
L2::P::conf_opposite_thinning_ge_0.5003+abs_prior_move_60m_pct_ge_0.612,pair,152,5.241,7,24,4.61,5.69,15.79,7.14,1.47,4.17,5.0,71.2,81.82
L2::P::conf_opposite_thinning_ge_0.5003+abs_prior_move_60m_pct_ge_0.612::top1,pair+top1,25,0.862,1,3,4.0,0.81,12.0,7.69,0.0,8.33,0.0,19.25,19.25
L2::P::conf_opposite_thinning_ge_0.5003+abs_prior_move_60m_pct_le_0.612,pair,371,12.793,56,43,15.09,45.53,11.59,16.15,14.29,17.71,12.76,113.98,112.74
L2::P::conf_opposite_thinning_ge_0.5003+abs_prior_move_60m_pct_le_0.612::top1,pair+top1,29,1.0,4,2,13.79,3.25,6.9,14.29,13.33,27.27,5.56,146.68,165.27
L2::P::conf_opposite_thinning_le_0.5003+abs_prior_move_60m_pct_ge_0.2503,pair,378,13.034,47,53,12.43,38.21,14.02,13.93,10.73,12.02,12.82,81.95,82.85
L2::P::conf_opposite_thinning_le_0.5003+abs_prior_move_60m_pct_ge_0.2503::top1,pair+top1,29,1.0,3,2,10.34,2.44,6.9,0.0,20.0,13.33,7.14,141.25,176.55
L2::P::conf_opposite_thinning_le_0.5003+abs_prior_move_60m_pct_le_0.2503,pair,144,4.966,13,19,9.03,10.57,13.19,11.48,7.23,8.75,9.38,86.62,76.95
L2::P::conf_opposite_thinning_le_0.5003+abs_prior_move_60m_pct_le_0.2503::top1,pair+top1,28,0.966,5,3,17.86,4.07,10.71,23.08,13.33,20.0,15.38,74.53,60.88
L2::P::conf_opposite_thinning_le_0.5003+abs_prior_move_60m_pct_ge_0.4065,pair,266,9.172,27,39,10.15,21.95,14.66,13.1,6.61,9.17,10.96,64.28,63.5
L2::P::conf_opposite_thinning_le_0.5003+abs_prior_move_60m_pct_ge_0.4065::top1,pair+top1,29,1.0,2,4,6.9,1.63,13.79,7.14,6.67,6.67,7.14,42.6,42.6
L2::P::conf_opposite_thinning_le_0.5003+abs_prior_move_60m_pct_le_0.4065,pair,256,8.828,33,33,12.89,26.83,12.89,13.68,12.23,12.59,13.27,98.24,88.15
L2::P::conf_opposite_thinning_le_0.5003+abs_prior_move_60m_pct_le_0.4065::top1,pair+top1,29,1.0,9,1,31.03,7.32,3.45,28.57,33.33,33.33,28.57,106.16,92.63
L2::P::conf_opposite_thinning_le_0.5003+abs_prior_move_60m_pct_ge_0.612,pair,162,5.586,14,28,8.64,11.38,17.28,9.28,7.69,9.86,7.69,27.9,9.93
L2::P::conf_opposite_thinning_le_0.5003+abs_prior_move_60m_pct_ge_0.612::top1,pair+top1,23,0.793,3,3,13.04,2.44,13.04,8.33,18.18,9.09,16.67,46.13,47.12
L2::P::conf_opposite_thinning_le_0.5003+abs_prior_move_60m_pct_le_0.612,pair,360,12.414,46,44,12.78,37.4,12.22,15.76,10.26,11.46,14.29,99.71,90.39
L2::P::conf_opposite_thinning_le_0.5003+abs_prior_move_60m_pct_le_0.612::top1,pair+top1,29,1.0,9,2,31.03,7.32,6.9,35.71,26.67,33.33,29.41,104.86,81.0
L2::P::conf_opposite_thinning_ge_0.5008+abs_prior_move_60m_pct_ge_0.2503,pair,193,6.655,21,24,10.88,17.07,12.44,14.29,6.82,12.36,9.62,105.54,96.98
L2::P::conf_opposite_thinning_ge_0.5008+abs_prior_move_60m_pct_ge_0.2503::top1,pair+top1,29,1.0,5,2,17.24,4.07,6.9,21.43,13.33,23.08,12.5,108.22,114.15
L2::P::conf_opposite_thinning_ge_0.5008+abs_prior_move_60m_pct_le_0.2503,pair,122,4.207,18,11,14.75,14.63,9.02,12.24,16.44,18.97,10.94,128.22,132.1
L2::P::conf_opposite_thinning_ge_0.5008+abs_prior_move_60m_pct_le_0.2503::top1,pair+top1,29,1.0,6,1,20.69,4.88,3.45,14.29,26.67,33.33,11.76,134.23,166.34
L2::P::conf_opposite_thinning_ge_0.5008+abs_prior_move_60m_pct_ge_0.4065,pair,132,4.552,11,16,8.33,8.94,12.12,12.16,3.45,9.52,7.25,113.41,104.83
L2::P::conf_opposite_thinning_ge_0.5008+abs_prior_move_60m_pct_ge_0.4065::top1,pair+top1,28,0.966,2,1,7.14,1.63,3.57,7.69,6.67,7.14,7.14,178.19,178.19
L2::P::conf_opposite_thinning_ge_0.5008+abs_prior_move_60m_pct_le_0.4065,pair,184,6.345,28,19,15.22,22.76,10.33,15.0,15.38,19.05,12.0,117.02,111.64
L2::P::conf_opposite_thinning_ge_0.5008+abs_prior_move_60m_pct_le_0.4065::top1,pair+top1,29,1.0,8,2,27.59,6.5,6.9,21.43,33.33,36.36,22.22,102.03,89.05
L2::P::conf_opposite_thinning_ge_0.5008+abs_prior_move_60m_pct_ge_0.612,pair,74,2.552,3,11,4.05,2.44,14.86,6.98,0.0,2.56,5.71,95.31,88.78
L2::P::conf_opposite_thinning_ge_0.5008+abs_prior_move_60m_pct_ge_0.612::top1,pair+top1,22,0.759,0,4,0.0,0.0,18.18,0.0,0.0,0.0,0.0,,
L2::P::conf_opposite_thinning_ge_0.5008+abs_prior_move_60m_pct_le_0.612,pair,242,8.345,36,24,14.88,29.27,9.92,16.22,13.74,19.27,11.28,117.73,111.64
L2::P::conf_opposite_thinning_ge_0.5008+abs_prior_move_60m_pct_le_0.612::top1,pair+top1,29,1.0,7,2,24.14,5.69,6.9,21.43,26.67,36.36,16.67,140.18,189.6
L2::P::conf_opposite_thinning_le_0.5008+abs_prior_move_60m_pct_ge_0.2503,pair,540,18.621,62,78,11.48,50.41,14.44,13.04,9.85,11.92,11.07,84.95,82.33
L2::P::conf_opposite_thinning_le_0.5008+abs_prior_move_60m_pct_ge_0.2503::top1,pair+top1,29,1.0,3,2,10.34,2.44,6.9,7.14,13.33,11.76,8.33,94.92,56.98
L2::P::conf_opposite_thinning_le_0.5008+abs_prior_move_60m_pct_le_0.2503,pair,191,6.586,22,26,11.52,17.89,13.61,12.82,10.62,9.8,13.48,93.98,79.69
L2::P::conf_opposite_thinning_le_0.5008+abs_prior_move_60m_pct_le_0.2503::top1,pair+top1,29,1.0,5,4,17.24,4.07,13.79,21.43,13.33,17.65,16.67,99.24,101.07
L2::P::conf_opposite_thinning_le_0.5008+abs_prior_move_60m_pct_ge_0.4065,pair,392,13.517,35,59,8.93,28.46,15.05,11.27,6.38,8.43,9.35,72.1,63.5
L2::P::conf_opposite_thinning_le_0.5008+abs_prior_move_60m_pct_ge_0.4065::top1,pair+top1,29,1.0,1,3,3.45,0.81,10.34,7.14,0.0,6.25,0.0,47.12,47.12
L2::P::conf_opposite_thinning_le_0.5008+abs_prior_move_60m_pct_le_0.4065,pair,338,11.655,49,45,14.5,39.84,13.31,15.33,13.83,14.21,14.84,98.19,88.15
L2::P::conf_opposite_thinning_le_0.5008+abs_prior_move_60m_pct_le_0.4065::top1,pair+top1,29,1.0,9,1,31.03,7.32,3.45,35.71,26.67,33.33,28.57,101.52,92.63
L2::P::conf_opposite_thinning_le_0.5008+abs_prior_move_60m_pct_ge_0.612,pair,242,8.345,18,41,7.44,14.63,16.94,8.57,5.88,8.65,6.52,33.51,22.11
L2::P::conf_opposite_thinning_le_0.5008+abs_prior_move_60m_pct_ge_0.612::top1,pair+top1,24,0.828,2,2,8.33,1.63,8.33,7.69,9.09,7.69,9.09,50.15,50.15
L2::P::conf_opposite_thinning_le_0.5008+abs_prior_move_60m_pct_le_0.612,pair,488,16.828,66,63,13.52,53.66,12.91,15.89,11.68,12.45,14.72,101.99,95.09
L2::P::conf_opposite_thinning_le_0.5008+abs_prior_move_60m_pct_le_0.612::top1,pair+top1,29,1.0,8,2,27.59,6.5,6.9,35.71,20.0,33.33,23.53,102.64,80.97
L2::P::same_dir_zones_active_60m_ge_0.0+abs_prior_move_60m_pct_ge_0.2503,pair,731,25.207,83,102,11.35,67.48,13.95,13.46,9.09,12.03,10.73,90.16,85.95
L2::P::same_dir_zones_active_60m_ge_0.0+abs_prior_move_60m_pct_ge_0.2503::top1,pair+top1,29,1.0,5,2,17.24,4.07,6.9,14.29,20.0,18.75,15.38,97.52,56.98
L2::P::same_dir_zones_active_60m_ge_0.0+abs_prior_move_60m_pct_le_0.2503,pair,313,10.793,40,37,12.78,32.52,11.82,12.6,12.9,13.12,12.42,109.39,105.09
L2::P::same_dir_zones_active_60m_ge_0.0+abs_prior_move_60m_pct_le_0.2503::top1,pair+top1,29,1.0,5,1,17.24,4.07,3.45,14.29,20.0,25.0,11.76,120.92,140.95
L2::P::same_dir_zones_active_60m_ge_0.0+abs_prior_move_60m_pct_ge_0.4065,pair,522,18.0,46,75,8.81,37.4,14.37,11.59,5.69,8.71,8.9,81.98,81.0
L2::P::same_dir_zones_active_60m_ge_0.0+abs_prior_move_60m_pct_ge_0.4065::top1,pair+top1,29,1.0,1,3,3.45,0.81,10.34,7.14,0.0,5.88,0.0,206.2,206.2
L2::P::same_dir_zones_active_60m_ge_0.0+abs_prior_move_60m_pct_le_0.4065,pair,522,18.0,77,64,14.75,62.6,12.26,15.22,14.38,15.73,13.73,105.04,96.98
L2::P::same_dir_zones_active_60m_ge_0.0+abs_prior_move_60m_pct_le_0.4065::top1,pair+top1,29,1.0,7,0,24.14,5.69,0.0,28.57,20.0,25.0,23.53,103.51,60.88
L2::P::same_dir_zones_active_60m_ge_0.0+abs_prior_move_60m_pct_ge_0.612,pair,314,10.828,21,52,6.69,17.07,16.56,8.29,4.51,6.99,6.43,42.33,38.08
L2::P::same_dir_zones_active_60m_ge_0.0+abs_prior_move_60m_pct_ge_0.612::top1,pair+top1,25,0.862,1,2,4.0,0.81,8.0,7.69,0.0,6.67,0.0,47.12,47.12
L2::P::same_dir_zones_active_60m_ge_0.0+abs_prior_move_60m_pct_le_0.612,pair,730,25.172,102,87,13.97,82.93,11.92,16.0,12.35,14.48,13.46,107.55,101.03
L2::P::same_dir_zones_active_60m_ge_0.0+abs_prior_move_60m_pct_le_0.612::top1,pair+top1,29,1.0,7,1,24.14,5.69,3.45,28.57,20.0,30.0,21.05,103.51,60.88
L2::P::same_dir_zones_active_60m_le_0.0+abs_prior_move_60m_pct_ge_0.2503,pair,315,10.862,43,46,13.65,34.96,14.6,16.27,10.74,15.33,12.12,81.83,63.5
L2::P::same_dir_zones_active_60m_le_0.0+abs_prior_move_60m_pct_ge_0.2503::top1,pair+top1,29,1.0,6,4,20.69,4.88,13.79,21.43,20.0,25.0,17.65,92.98,74.8
L2::P::same_dir_zones_active_60m_le_0.0+abs_prior_move_60m_pct_le_0.2503,pair,133,4.586,16,15,12.03,13.01,11.28,10.2,13.1,11.94,12.12,131.41,144.91
L2::P::same_dir_zones_active_60m_le_0.0+abs_prior_move_60m_pct_le_0.2503::top1,pair+top1,28,0.966,4,4,14.29,3.25,14.29,15.38,13.33,14.29,14.29,149.84,165.27
L2::P::same_dir_zones_active_60m_le_0.0+abs_prior_move_60m_pct_ge_0.4065,pair,222,7.655,22,31,9.91,17.89,13.96,12.4,6.93,11.43,8.55,68.14,50.15
L2::P::same_dir_zones_active_60m_le_0.0+abs_prior_move_60m_pct_ge_0.4065::top1,pair+top1,29,1.0,2,5,6.9,1.63,17.24,14.29,0.0,14.29,0.0,112.72,112.72
L2::P::same_dir_zones_active_60m_le_0.0+abs_prior_move_60m_pct_le_0.4065,pair,225,7.759,37,30,16.44,30.08,13.33,18.09,15.27,17.12,15.79,111.4,96.98
L2::P::same_dir_zones_active_60m_le_0.0+abs_prior_move_60m_pct_le_0.4065::top1,pair+top1,29,1.0,8,1,27.59,6.5,3.45,28.57,26.67,27.27,27.78,118.36,102.41
L2::P::same_dir_zones_active_60m_le_0.0+abs_prior_move_60m_pct_ge_0.612,pair,130,4.483,10,22,7.69,8.13,16.92,7.89,7.41,8.06,7.35,29.34,28.66
L2::P::same_dir_zones_active_60m_le_0.0+abs_prior_move_60m_pct_ge_0.612::top1,pair+top1,25,0.862,2,5,8.0,1.63,20.0,15.38,0.0,13.33,0.0,33.19,33.19
L2::P::same_dir_zones_active_60m_le_0.0+abs_prior_move_60m_pct_le_0.612,pair,318,10.966,49,39,15.41,39.84,12.26,18.71,12.85,16.77,14.11,108.73,97.55
L2::P::same_dir_zones_active_60m_le_0.0+abs_prior_move_60m_pct_le_0.612::top1,pair+top1,29,1.0,8,4,27.59,6.5,13.79,28.57,26.67,37.5,23.81,118.36,102.41
L2::P::same_dir_zones_active_60m_ge_1.0+abs_prior_move_60m_pct_ge_0.2503,pair,416,14.345,40,56,9.62,32.52,13.46,11.27,7.88,9.55,9.68,99.12,86.66
L2::P::same_dir_zones_active_60m_ge_1.0+abs_prior_move_60m_pct_ge_0.2503::top1,pair+top1,29,1.0,3,1,10.34,2.44,3.45,7.14,13.33,12.5,7.69,68.79,17.9
L2::P::same_dir_zones_active_60m_ge_1.0+abs_prior_move_60m_pct_le_0.2503,pair,180,6.207,24,22,13.33,19.51,12.22,14.1,12.75,13.98,12.64,94.7,74.31
L2::P::same_dir_zones_active_60m_ge_1.0+abs_prior_move_60m_pct_le_0.2503::top1,pair+top1,29,1.0,7,0,24.14,5.69,0.0,21.43,26.67,23.08,25.0,62.17,41.55
L2::P::same_dir_zones_active_60m_ge_1.0+abs_prior_move_60m_pct_ge_0.4065,pair,300,10.345,24,44,8.0,19.51,14.67,10.97,4.83,6.62,9.15,94.66,84.4
L2::P::same_dir_zones_active_60m_ge_1.0+abs_prior_move_60m_pct_ge_0.4065::top1,pair+top1,29,1.0,2,1,6.9,1.63,3.45,14.29,0.0,0.0,13.33,60.94,60.94
L2::P::same_dir_zones_active_60m_ge_1.0+abs_prior_move_60m_pct_le_0.4065,pair,297,10.241,40,34,13.47,32.52,11.45,13.24,13.66,14.74,12.06,99.14,89.01
L2::P::same_dir_zones_active_60m_ge_1.0+abs_prior_move_60m_pct_le_0.4065::top1,pair+top1,29,1.0,6,1,20.69,4.88,3.45,14.29,26.67,20.0,21.43,94.75,80.97
L2::P::same_dir_zones_active_60m_ge_1.0+abs_prior_move_60m_pct_ge_0.612,pair,184,6.345,11,30,5.98,8.94,16.3,8.57,2.53,6.17,5.83,54.15,48.58
L2::P::same_dir_zones_active_60m_ge_1.0+abs_prior_move_60m_pct_ge_0.612::top1,pair+top1,24,0.828,0,1,0.0,0.0,4.17,0.0,0.0,0.0,0.0,,
L2::P::same_dir_zones_active_60m_ge_1.0+abs_prior_move_60m_pct_le_0.612,pair,412,14.207,53,48,12.86,43.09,11.65,13.98,11.95,12.8,12.94,106.45,109.12
L2::P::same_dir_zones_active_60m_ge_1.0+abs_prior_move_60m_pct_le_0.612::top1,pair+top1,29,1.0,6,0,20.69,4.88,0.0,14.29,26.67,21.43,20.0,94.75,80.97
L2::P::same_dir_zones_active_60m_le_1.0+abs_prior_move_60m_pct_ge_0.2503,pair,541,18.655,65,80,12.01,52.85,14.79,14.6,9.36,13.06,10.99,87.11,81.0
L2::P::same_dir_zones_active_60m_le_1.0+abs_prior_move_60m_pct_ge_0.2503::top1,pair+top1,29,1.0,5,5,17.24,4.07,17.24,14.29,20.0,21.43,13.33,97.52,56.98
L2::P::same_dir_zones_active_60m_le_1.0+abs_prior_move_60m_pct_le_0.2503,pair,247,8.517,31,26,12.55,25.2,10.53,12.63,12.5,13.39,11.67,110.57,109.12
L2::P::same_dir_zones_active_60m_le_1.0+abs_prior_move_60m_pct_le_0.2503::top1,pair+top1,28,0.966,5,4,17.86,4.07,14.29,15.38,20.0,23.08,13.33,120.92,140.95
L2::P::same_dir_zones_active_60m_le_1.0+abs_prior_move_60m_pct_ge_0.4065,pair,373,12.862,33,57,8.85,26.83,15.28,11.46,6.08,8.79,8.9,78.05,63.5
L2::P::same_dir_zones_active_60m_le_1.0+abs_prior_move_60m_pct_ge_0.4065::top1,pair+top1,29,1.0,1,5,3.45,0.81,17.24,7.14,0.0,6.25,0.0,206.2,206.2
L2::P::same_dir_zones_active_60m_le_1.0+abs_prior_move_60m_pct_le_0.4065,pair,414,14.276,63,49,15.22,51.22,11.84,16.95,13.92,16.98,13.37,103.4,96.98
L2::P::same_dir_zones_active_60m_le_1.0+abs_prior_move_60m_pct_le_0.4065::top1,pair+top1,29,1.0,8,3,27.59,6.5,10.34,28.57,26.67,30.0,26.32,114.44,100.91
L2::P::same_dir_zones_active_60m_le_1.0+abs_prior_move_60m_pct_ge_0.612,pair,213,7.345,14,38,6.57,11.38,17.84,7.76,5.15,6.73,6.42,33.37,31.52
L2::P::same_dir_zones_active_60m_le_1.0+abs_prior_move_60m_pct_ge_0.612::top1,pair+top1,25,0.862,1,5,4.0,0.81,20.0,7.69,0.0,7.14,0.0,47.12,47.12
L2::P::same_dir_zones_active_60m_le_1.0+abs_prior_move_60m_pct_le_0.612,pair,575,19.828,82,68,14.26,66.67,11.83,17.0,12.11,15.46,13.03,105.16,99.27
L2::P::same_dir_zones_active_60m_le_1.0+abs_prior_move_60m_pct_le_0.612::top1,pair+top1,29,1.0,8,4,27.59,6.5,13.79,28.57,26.67,37.5,23.81,114.44,100.91
L2::P::same_dir_zones_active_60m_ge_1.0+abs_prior_move_60m_pct_ge_0.2503,pair,416,14.345,40,56,9.62,32.52,13.46,11.27,7.88,9.55,9.68,99.12,86.66
L2::P::same_dir_zones_active_60m_ge_1.0+abs_prior_move_60m_pct_ge_0.2503::top1,pair+top1,29,1.0,3,1,10.34,2.44,3.45,7.14,13.33,12.5,7.69,68.79,17.9
L2::P::same_dir_zones_active_60m_ge_1.0+abs_prior_move_60m_pct_le_0.2503,pair,180,6.207,24,22,13.33,19.51,12.22,14.1,12.75,13.98,12.64,94.7,74.31
L2::P::same_dir_zones_active_60m_ge_1.0+abs_prior_move_60m_pct_le_0.2503::top1,pair+top1,29,1.0,7,0,24.14,5.69,0.0,21.43,26.67,23.08,25.0,62.17,41.55
L2::P::same_dir_zones_active_60m_ge_1.0+abs_prior_move_60m_pct_ge_0.4065,pair,300,10.345,24,44,8.0,19.51,14.67,10.97,4.83,6.62,9.15,94.66,84.4
L2::P::same_dir_zones_active_60m_ge_1.0+abs_prior_move_60m_pct_ge_0.4065::top1,pair+top1,29,1.0,2,1,6.9,1.63,3.45,14.29,0.0,0.0,13.33,60.94,60.94
L2::P::same_dir_zones_active_60m_ge_1.0+abs_prior_move_60m_pct_le_0.4065,pair,297,10.241,40,34,13.47,32.52,11.45,13.24,13.66,14.74,12.06,99.14,89.01
L2::P::same_dir_zones_active_60m_ge_1.0+abs_prior_move_60m_pct_le_0.4065::top1,pair+top1,29,1.0,6,1,20.69,4.88,3.45,14.29,26.67,20.0,21.43,94.75,80.97
L2::P::same_dir_zones_active_60m_ge_1.0+abs_prior_move_60m_pct_ge_0.612,pair,184,6.345,11,30,5.98,8.94,16.3,8.57,2.53,6.17,5.83,54.15,48.58
L2::P::same_dir_zones_active_60m_ge_1.0+abs_prior_move_60m_pct_ge_0.612::top1,pair+top1,24,0.828,0,1,0.0,0.0,4.17,0.0,0.0,0.0,0.0,,
L2::P::same_dir_zones_active_60m_ge_1.0+abs_prior_move_60m_pct_le_0.612,pair,412,14.207,53,48,12.86,43.09,11.65,13.98,11.95,12.8,12.94,106.45,109.12
L2::P::same_dir_zones_active_60m_ge_1.0+abs_prior_move_60m_pct_le_0.612::top1,pair+top1,29,1.0,6,0,20.69,4.88,0.0,14.29,26.67,21.43,20.0,94.75,80.97
L2::P::same_dir_zones_active_60m_le_1.0+abs_prior_move_60m_pct_ge_0.2503,pair,541,18.655,65,80,12.01,52.85,14.79,14.6,9.36,13.06,10.99,87.11,81.0
L2::P::same_dir_zones_active_60m_le_1.0+abs_prior_move_60m_pct_ge_0.2503::top1,pair+top1,29,1.0,5,5,17.24,4.07,17.24,14.29,20.0,21.43,13.33,97.52,56.98
L2::P::same_dir_zones_active_60m_le_1.0+abs_prior_move_60m_pct_le_0.2503,pair,247,8.517,31,26,12.55,25.2,10.53,12.63,12.5,13.39,11.67,110.57,109.12
L2::P::same_dir_zones_active_60m_le_1.0+abs_prior_move_60m_pct_le_0.2503::top1,pair+top1,28,0.966,5,4,17.86,4.07,14.29,15.38,20.0,23.08,13.33,120.92,140.95
L2::P::same_dir_zones_active_60m_le_1.0+abs_prior_move_60m_pct_ge_0.4065,pair,373,12.862,33,57,8.85,26.83,15.28,11.46,6.08,8.79,8.9,78.05,63.5
L2::P::same_dir_zones_active_60m_le_1.0+abs_prior_move_60m_pct_ge_0.4065::top1,pair+top1,29,1.0,1,5,3.45,0.81,17.24,7.14,0.0,6.25,0.0,206.2,206.2
L2::P::same_dir_zones_active_60m_le_1.0+abs_prior_move_60m_pct_le_0.4065,pair,414,14.276,63,49,15.22,51.22,11.84,16.95,13.92,16.98,13.37,103.4,96.98
L2::P::same_dir_zones_active_60m_le_1.0+abs_prior_move_60m_pct_le_0.4065::top1,pair+top1,29,1.0,8,3,27.59,6.5,10.34,28.57,26.67,30.0,26.32,114.44,100.91
L2::P::same_dir_zones_active_60m_le_1.0+abs_prior_move_60m_pct_ge_0.612,pair,213,7.345,14,38,6.57,11.38,17.84,7.76,5.15,6.73,6.42,33.37,31.52
L2::P::same_dir_zones_active_60m_le_1.0+abs_prior_move_60m_pct_ge_0.612::top1,pair+top1,25,0.862,1,5,4.0,0.81,20.0,7.69,0.0,7.14,0.0,47.12,47.12
L2::P::same_dir_zones_active_60m_le_1.0+abs_prior_move_60m_pct_le_0.612,pair,575,19.828,82,68,14.26,66.67,11.83,17.0,12.11,15.46,13.03,105.16,99.27
L2::P::same_dir_zones_active_60m_le_1.0+abs_prior_move_60m_pct_le_0.612::top1,pair+top1,29,1.0,8,4,27.59,6.5,13.79,28.57,26.67,37.5,23.81,114.44,100.91
