zone_id,date,direction,confirmed_iso,tz_entry_ref_price,tz_session_high,tz_session_low,tz_nearest_obstacle_pct,tz_nearest_obstacle_type,tz_room_to_run_pct,tz_n_obstacles_within_2pct,tz_target_price,tz_target_type,tz_target_distance_pct,tz_has_target_ge_2pct,tz_void_thin_path_score,tz_opposing_wall_risk,tz_max_wall_on_path,tz_n_swing_levels,tz_n_volume_nodes,watch_label,coverage_class,setup_type
BTC-USDT-SWAP-LONG-1772409634000-1,2026-03-02,LONG,2026-03-02T00:20:03+00:00,65901.6,66191.0,65714.4,0.0734,hvn,0.0734,10,,blocked,0.0734,0,0.1013,49.0,255.48,6,10,GOOD,covered_watch_early,absorption_reversal_long
BTC-USDT-SWAP-SHORT-1772410491000-2,2026-03-02,SHORT,2026-03-02T00:36:47+00:00,65991.7,66191.0,65714.4,0.0632,hvn,0.0632,5,,blocked,0.0632,0,0.1037,38.0,196.05,5,9,GOOD,covered_watch_early,absorption_reversal_short
BTC-USDT-SWAP-SHORT-1772410502000-3,2026-03-02,SHORT,2026-03-02T00:36:47+00:00,65991.7,66191.0,65714.4,0.0632,hvn,0.0632,5,,blocked,0.0632,0,0.1037,38.0,196.05,5,9,GOOD,covered_watch_early,absorption_reversal_short
BTC-USDT-SWAP-LONG-1772410803000-4,2026-03-02,LONG,2026-03-02T00:27:38+00:00,65913.0,66191.0,65714.4,0.0561,hvn,0.0561,12,,blocked,0.0561,0,0.0964,68.0,1526.12,6,10,GOOD,covered_watch_early,absorption_reversal_long
BTC-USDT-SWAP-SHORT-1772412598000-5,2026-03-02,SHORT,2026-03-02T01:02:51+00:00,66473.8,66765.0,65714.4,0.2424,swing_low,0.2424,15,,blocked,0.2424,0,0.0985,51.0,1228.05,8,8,GOOD,covered_watch_early,absorption_reversal_short
BTC-USDT-SWAP-SHORT-1772412610000-6,2026-03-02,SHORT,2026-03-02T01:02:51+00:00,66473.8,66765.0,65714.4,0.2424,swing_low,0.2424,15,,blocked,0.2424,0,0.0985,51.0,1228.05,8,8,GOOD,covered_watch_early,absorption_reversal_short
BTC-USDT-SWAP-SHORT-1772415850000-9,2026-03-02,SHORT,2026-03-02T01:57:18+00:00,66509.3,67057.2,65714.4,0.2395,hvn,0.2395,11,,blocked,0.2395,0,0.1016,43.0,290.69,2,10,MID,covered_mid,absorption_reversal_short
BTC-USDT-SWAP-LONG-1772414212000-7,2026-03-02,LONG,2026-03-02T01:47:01+00:00,66592.6,67057.2,65714.4,0.6977,session_high,0.6977,1,,blocked,0.6977,0,0.1033,41.0,207.47,5,10,BAD,wrong_direction,absorption_reversal_long
BTC-USDT-SWAP-LONG-1772414223000-8,2026-03-02,LONG,2026-03-02T01:47:01+00:00,66592.6,67057.2,65714.4,0.6977,session_high,0.6977,1,,blocked,0.6977,0,0.1033,41.0,207.47,5,10,BAD,wrong_direction,absorption_reversal_long
BTC-USDT-SWAP-LONG-1772416021000-10,2026-03-02,LONG,2026-03-02T01:52:40+00:00,66552.3,67057.2,65714.4,0.121,swing_high,0.121,2,,blocked,0.121,0,0.1018,37.0,770.73,7,10,BAD,wrong_direction,retest_after_breakout_long
BTC-USDT-SWAP-SHORT-1772418726000-11,2026-03-02,SHORT,2026-03-02T02:41:13+00:00,66293.6,67057.2,65714.4,0.0959,swing_high,0.0959,13,,blocked,0.0959,0,0.0991,40.0,2201.6,5,10,MID,covered_mid,absorption_reversal_short
BTC-USDT-SWAP-LONG-1772419889000-13,2026-03-02,LONG,2026-03-02T02:54:56+00:00,66223.8,67057.2,65714.4,0.3689,swing_high,0.3689,6,,blocked,0.3689,0,0.1018,42.0,306.16,6,10,BAD,wrong_direction,retest_after_breakout_long
BTC-USDT-SWAP-LONG-1772420096000-14,2026-03-02,LONG,2026-03-02T03:06:38+00:00,66190.6,67057.2,65714.4,0.4674,hvn,0.4674,5,,blocked,0.4674,0,0.1017,51.0,416.27,8,10,BAD,wrong_direction,absorption_reversal_long
BTC-USDT-SWAP-SHORT-1772419273000-12,2026-03-02,SHORT,2026-03-02T03:16:25+00:00,66464.8,67057.2,65714.4,0.1983,swing_high,0.1983,15,,blocked,0.1983,0,0.104,41.0,242.55,7,10,MID,covered_mid,absorption_reversal_short
BTC-USDT-SWAP-LONG-1772420976000-15,2026-03-02,LONG,2026-03-02T03:34:24+00:00,66759.0,67057.2,65714.4,0.4467,session_high,0.4467,1,,blocked,0.4467,0,0.0997,57.0,246.55,3,10,BAD,wrong_direction,absorption_reversal_long
BTC-USDT-SWAP-SHORT-1772422168000-17,2026-03-02,SHORT,2026-03-02T03:49:35+00:00,66858.0,67057.2,65714.4,0.3436,swing_high,0.3436,16,65250.0,hvn,2.4051,1,0.1001,49.0,1003.47,6,10,MID,covered_mid,retest_after_breakout_short
BTC-USDT-SWAP-SHORT-1772421927000-16,2026-03-02,SHORT,2026-03-02T03:29:28+00:00,66745.8,67057.2,65714.4,0.2934,hvn,0.2934,11,65250.0,hvn,2.241,1,0.1007,54.0,304.59,3,10,MID,covered_mid,absorption_reversal_short
BTC-USDT-SWAP-LONG-1772423133000-18,2026-03-02,LONG,2026-03-02T03:55:58+00:00,66864.2,67057.2,65714.4,0.2886,session_high,0.2886,1,,blocked,0.2886,0,0.101,51.0,233.35,7,10,BAD,wrong_direction,absorption_reversal_long
BTC-USDT-SWAP-SHORT-1772434429000-19,2026-03-02,SHORT,2026-03-02T07:00:06+00:00,66157.9,67057.2,65714.4,0.6704,session_low,0.6704,1,,blocked,0.6704,0,0.0974,68.0,843.56,3,9,MID,covered_mid,retest_after_breakout_short
BTC-USDT-SWAP-SHORT-1772436650000-21,2026-03-02,SHORT,2026-03-02T08:00:51+00:00,65907.0,67057.2,65518.1,0.5901,session_low,0.5901,1,,blocked,0.5901,0,0.0999,61.0,186.13,3,8,BAD,covered_late,retest_after_breakout_short
BTC-USDT-SWAP-SHORT-1772436154000-20,2026-03-02,SHORT,2026-03-02T07:30:50+00:00,65762.7,67057.2,65518.1,0.3719,session_low,0.3719,1,,blocked,0.3719,0,0.0982,57.0,889.04,3,8,MID,covered_mid,absorption_reversal_short
BTC-USDT-SWAP-SHORT-1772454967000-22,2026-03-02,SHORT,2026-03-02T12:54:25+00:00,65991.8,67057.2,65518.1,0.1391,hvn,0.1391,3,,blocked,0.1391,0,0.1016,45.0,187.82,4,7,BAD,covered_late,absorption_reversal_short
BTC-USDT-SWAP-LONG-1772461492000-27,2026-03-02,LONG,2026-03-02T14:28:01+00:00,65472.6,67057.2,65209.5,0.0695,swing_low,0.0695,12,67057.2,session_high,2.4202,1,0.0989,53.0,376.11,5,7,MID,covered_mid,absorption_reversal_long
BTC-USDT-SWAP-SHORT-1772459757000-24,2026-03-02,SHORT,2026-03-02T14:00:01+00:00,65393.1,67057.2,65313.7,0.1214,session_low,0.1214,1,,blocked,0.1214,0,0.0955,52.0,1031.96,4,7,BAD,covered_late,absorption_reversal_short
BTC-USDT-SWAP-SHORT-1772460162000-25,2026-03-02,SHORT,2026-03-02T14:10:25+00:00,65486.0,67057.2,65209.5,0.4222,session_low,0.4222,1,,blocked,0.4222,0,0.0953,82.0,464.8,5,7,BAD,wrong_direction,absorption_reversal_short
BTC-USDT-SWAP-LONG-1772459159000-23,2026-03-02,LONG,2026-03-02T14:24:52+00:00,65422.5,67057.2,65209.5,0.1949,hvn,0.1949,12,67057.2,session_high,2.4987,1,0.0978,59.0,391.36,5,7,MID,covered_mid,retest_after_breakout_long
BTC-USDT-SWAP-SHORT-1772461132000-26,2026-03-02,SHORT,2026-03-02T14:38:01+00:00,66105.4,67057.2,65209.5,0.0864,swing_low,0.0864,8,,blocked,0.0864,0,0.0951,66.0,460.87,4,7,BAD,wrong_direction,retest_after_breakout_short
BTC-USDT-SWAP-LONG-1772464005000-28,2026-03-02,LONG,2026-03-02T15:20:34+00:00,68537.4,68587.0,65209.5,0.0724,session_high,0.0724,1,,blocked,0.0724,0,0.0924,53.0,788.3,9,15,MID,covered_mid,absorption_reversal_long
BTC-USDT-SWAP-LONG-1772464013000-29,2026-03-02,LONG,2026-03-02T15:20:34+00:00,68537.4,68587.0,65209.5,0.0724,session_high,0.0724,1,,blocked,0.0724,0,0.0924,53.0,788.3,9,15,MID,covered_mid,absorption_reversal_long
BTC-USDT-SWAP-LONG-1772465497000-30,2026-03-02,LONG,2026-03-02T15:44:47+00:00,69421.9,69490.0,65209.5,0.0981,session_high,0.0981,1,,blocked,0.0981,0,0.0959,52.0,1508.77,6,18,BAD,covered_late,absorption_reversal_long
BTC-USDT-SWAP-LONG-1772468544000-32,2026-03-02,LONG,2026-03-02T16:32:23+00:00,69349.9,69751.1,65209.5,0.0722,hvn,0.0722,3,,blocked,0.0722,0,0.0972,50.0,685.63,2,19,BAD,covered_late,absorption_reversal_long
BTC-USDT-SWAP-SHORT-1772471902000-34,2026-03-02,SHORT,2026-03-02T17:21:22+00:00,69405.8,70077.4,65209.5,0.0516,swing_low,0.0516,7,66355.0,swing_high,4.3956,1,0.0955,59.0,662.76,5,21,BAD,missed_no_move_in_4h,absorption_reversal_short
BTC-USDT-SWAP-SHORT-1772471938000-35,2026-03-02,SHORT,2026-03-02T17:26:02+00:00,69355.5,70077.4,65209.5,0.08,hvn,0.08,5,66405.9,swing_high,4.2529,1,0.0967,57.0,582.64,4,21,BAD,missed_no_move_in_4h,absorption_reversal_short
BTC-USDT-SWAP-LONG-1772470363000-33,2026-03-02,LONG,2026-03-02T17:04:11+00:00,69468.4,70077.4,65209.5,0.1175,hvn,0.1175,3,,blocked,0.1175,0,0.0967,48.0,501.56,3,21,BAD,missed_no_move_in_4h,absorption_reversal_long
BTC-USDT-SWAP-SHORT-1772472002000-36,2026-03-02,SHORT,2026-03-02T17:26:02+00:00,69355.5,70077.4,65209.5,0.08,hvn,0.08,5,66405.9,swing_high,4.2529,1,0.0967,57.0,582.64,4,21,BAD,missed_no_move_in_4h,absorption_reversal_short
BTC-USDT-SWAP-SHORT-1772468028000-31,2026-03-02,SHORT,2026-03-02T16:26:29+00:00,69457.3,69751.1,65209.5,0.0825,hvn,0.0825,6,66400.0,hvn,4.4017,1,0.0914,79.0,1084.84,4,19,BAD,wrong_direction,absorption_reversal_short
BTC-USDT-SWAP-SHORT-1772474203000-37,2026-03-02,SHORT,2026-03-02T18:11:53+00:00,69011.0,70077.4,65209.5,0.1608,hvn,0.1608,3,66355.0,swing_high,3.8487,1,0.0971,56.0,521.75,5,21,BAD,missed_no_move_in_4h,retest_after_breakout_short
BTC-USDT-SWAP-SHORT-1772496035000-1,2026-03-03,SHORT,2026-03-03T00:08:45+00:00,68861.9,68944.1,68737.7,0.0899,hvn,0.0899,2,,blocked,0.0899,0,0.103,44.0,261.29,1,7,GOOD,covered_watch_early,absorption_reversal_short
BTC-USDT-SWAP-SHORT-1772496525000-2,2026-03-03,SHORT,2026-03-03T00:11:45+00:00,68837.7,68970.0,68737.7,0.0548,hvn,0.0548,2,,blocked,0.0548,0,0.1003,63.0,210.07,1,7,GOOD,covered_watch_early,absorption_reversal_short
BTC-USDT-SWAP-LONG-1772496994000-4,2026-03-03,LONG,2026-03-03T00:19:38+00:00,68739.0,68970.0,68666.8,0.0887,hvn,0.0887,13,,blocked,0.0887,0,0.101,62.0,258.82,6,7,BAD,wrong_direction,absorption_reversal_long
BTC-USDT-SWAP-SHORT-1772496865000-3,2026-03-03,SHORT,2026-03-03T00:28:25+00:00,68684.5,68970.0,68606.9,0.113,session_low,0.113,2,,blocked,0.113,0,0.1007,55.0,285.19,4,7,GOOD,covered_watch_early,retest_after_breakout_short
BTC-USDT-SWAP-LONG-1772499219000-6,2026-03-03,LONG,2026-03-03T00:56:39+00:00,68908.6,69128.6,68606.9,0.1326,hvn,0.1326,7,,blocked,0.1326,0,0.0992,66.0,483.37,5,5,BAD,wrong_direction,absorption_reversal_long
BTC-USDT-SWAP-SHORT-1772498676000-5,2026-03-03,SHORT,2026-03-03T00:57:40+00:00,68881.1,69128.6,68606.9,0.1177,hvn,0.1177,3,,blocked,0.1177,0,0.1037,41.0,415.24,2,5,GOOD,covered_watch_early,retest_after_breakout_short
BTC-USDT-SWAP-LONG-1772499903000-7,2026-03-03,LONG,2026-03-03T01:21:15+00:00,68989.9,69242.1,68606.9,0.0871,hvn,0.0871,4,,blocked,0.0871,0,0.0968,70.0,365.42,2,5,BAD,wrong_direction,absorption_reversal_long
BTC-USDT-SWAP-SHORT-1772504097000-10,2026-03-03,SHORT,2026-03-03T02:33:46+00:00,68401.1,69242.1,68194.1,0.3026,session_low,0.3026,1,,blocked,0.3026,0,0.0997,51.0,618.09,4,7,MID,covered_mid,absorption_reversal_short
BTC-USDT-SWAP-SHORT-1772504005000-9,2026-03-03,SHORT,2026-03-03T02:33:46+00:00,68401.1,69242.1,68194.1,0.3026,session_low,0.3026,1,,blocked,0.3026,0,0.0997,51.0,618.09,4,7,MID,covered_mid,absorption_reversal_short
BTC-USDT-SWAP-SHORT-1772505226000-11,2026-03-03,SHORT,2026-03-03T02:36:51+00:00,68378.5,69242.1,68194.1,0.2697,session_low,0.2697,1,,blocked,0.2697,0,0.0981,69.0,383.19,4,7,MID,covered_mid,absorption_reversal_short
BTC-USDT-SWAP-LONG-1772505728000-12,2026-03-03,LONG,2026-03-03T02:55:23+00:00,68479.6,69242.1,68194.1,0.3461,swing_low,0.3461,15,,blocked,0.3461,0,0.0996,52.0,260.47,7,7,BAD,wrong_direction,absorption_reversal_long
BTC-USDT-SWAP-LONG-1772513128000-13,2026-03-03,LONG,2026-03-03T04:53:26+00:00,68119.7,69242.1,68012.7,0.1092,swing_low,0.1092,15,,blocked,0.1092,0,0.0987,62.0,438.48,7,7,BAD,wrong_direction,absorption_reversal_long
BTC-USDT-SWAP-SHORT-1772514107000-15,2026-03-03,SHORT,2026-03-03T05:05:01+00:00,68081.8,69242.1,68012.7,0.1015,session_low,0.1015,1,,blocked,0.1015,0,0.097,73.0,272.1,10,7,MID,covered_mid,retest_after_breakout_short
BTC-USDT-SWAP-LONG-1772513606000-14,2026-03-03,LONG,2026-03-03T04:59:49+00:00,68094.4,69242.1,68012.7,0.2285,hvn,0.2285,18,,blocked,0.2285,0,0.0963,66.0,1002.32,10,7,BAD,wrong_direction,absorption_reversal_long
BTC-USDT-SWAP-LONG-1772503614000-8,2026-03-03,LONG,2026-03-03T02:42:08+00:00,68407.4,69242.1,68194.1,0.1282,swing_high,0.1282,11,,blocked,0.1282,0,0.099,63.0,422.55,3,7,BAD,wrong_direction,absorption_reversal_long
BTC-USDT-SWAP-SHORT-1772517366000-17,2026-03-03,SHORT,2026-03-03T06:00:00+00:00,67925.4,69242.1,67820.6,0.1543,session_low,0.1543,1,,blocked,0.1543,0,0.0981,71.0,527.93,10,8,BAD,covered_late,absorption_reversal_short
BTC-USDT-SWAP-SHORT-1772517425000-18,2026-03-03,SHORT,2026-03-03T06:04:29+00:00,67891.4,69242.1,67820.6,0.1043,session_low,0.1043,1,,blocked,0.1043,0,0.0998,49.0,831.13,5,8,BAD,covered_late,absorption_reversal_short
BTC-USDT-SWAP-SHORT-1772522407000-20,2026-03-03,SHORT,2026-03-03T07:41:21+00:00,68088.1,69242.1,67757.2,0.2175,swing_high,0.2175,5,,blocked,0.2175,0,0.1032,41.0,595.51,8,7,BAD,covered_late,retest_after_breakout_short
BTC-USDT-SWAP-SHORT-1772521223000-19,2026-03-03,SHORT,2026-03-03T07:06:07+00:00,68032.1,69242.1,67757.2,0.1354,swing_high,0.1354,5,,blocked,0.1354,0,0.103,46.0,367.34,9,8,BAD,covered_late,absorption_reversal_short
BTC-USDT-SWAP-LONG-1772517197000-16,2026-03-03,LONG,2026-03-03T06:50:47+00:00,67927.8,69242.1,67757.2,0.4743,hvn,0.4743,12,,blocked,0.4743,0,0.1011,50.0,287.92,7,8,GOOD,covered_watch_early,retest_after_breakout_long
BTC-USDT-SWAP-SHORT-1772527118000-21,2026-03-03,SHORT,2026-03-03T08:53:00+00:00,67071.1,69242.1,67057.7,6.0,none_within_scan,6.0,0,65729.68,open_void_2pct,2.0,1,0.0959,50.0,3374.36,4,10,BAD,covered_late,absorption_reversal_short
BTC-USDT-SWAP-SHORT-1772528107000-22,2026-03-03,SHORT,2026-03-03T09:00:33+00:00,66980.0,69242.1,66872.5,0.1605,session_low,0.1605,1,,blocked,0.1605,0,0.0943,88.0,573.87,7,11,BAD,covered_late,absorption_reversal_short
BTC-USDT-SWAP-SHORT-1772528433000-23,2026-03-03,SHORT,2026-03-03T09:03:33+00:00,66967.6,69242.1,66872.5,0.142,session_low,0.142,1,,blocked,0.142,0,0.0976,60.0,366.51,4,11,BAD,covered_late,absorption_reversal_short
BTC-USDT-SWAP-SHORT-1772531394000-26,2026-03-03,SHORT,2026-03-03T10:00:17+00:00,66541.6,69242.1,66314.7,0.341,session_low,0.341,1,,blocked,0.341,0,0.1009,37.0,1572.19,9,11,GOOD,covered_watch_early,absorption_reversal_short
BTC-USDT-SWAP-SHORT-1772531452000-27,2026-03-03,SHORT,2026-03-03T10:00:17+00:00,66541.6,69242.1,66314.7,0.341,session_low,0.341,1,,blocked,0.341,0,0.1009,37.0,1572.19,9,11,GOOD,covered_watch_early,absorption_reversal_short
BTC-USDT-SWAP-SHORT-1772530692000-25,2026-03-03,SHORT,2026-03-03T09:44:01+00:00,66521.5,69242.1,66314.7,0.3109,session_low,0.3109,1,,blocked,0.3109,0,0.0951,45.0,4867.22,6,12,GOOD,covered_watch_early,absorption_reversal_short
BTC-USDT-SWAP-LONG-1772536899000-31,2026-03-03,LONG,2026-03-03T11:31:08+00:00,66867.5,69242.1,66314.7,0.1234,hvn,0.1234,9,68280.0,swing_low,2.1124,1,0.0994,50.0,1357.16,4,10,BAD,covered_late,absorption_reversal_long
BTC-USDT-SWAP-LONG-1772535551000-30,2026-03-03,LONG,2026-03-03T11:21:39+00:00,66834.9,69242.1,66314.7,0.1722,hvn,0.1722,9,68184.3,swing_high,2.019,1,0.1018,40.0,214.57,6,10,BAD,covered_late,absorption_reversal_long
BTC-USDT-SWAP-SHORT-1772535110000-28,2026-03-03,SHORT,2026-03-03T11:09:06+00:00,66831.5,69242.1,66314.7,0.2313,swing_low,0.2313,6,,blocked,0.2313,0,0.1002,56.0,294.82,9,10,GOOD,covered_watch_early,absorption_reversal_short
BTC-USDT-SWAP-SHORT-1772535134000-29,2026-03-03,SHORT,2026-03-03T11:09:06+00:00,66831.5,69242.1,66314.7,0.2313,swing_low,0.2313,6,,blocked,0.2313,0,0.1002,56.0,294.82,9,10,GOOD,covered_watch_early,absorption_reversal_short
BTC-USDT-SWAP-LONG-1772541712000-33,2026-03-03,LONG,2026-03-03T12:47:04+00:00,67351.2,69242.1,66314.7,0.7112,swing_low,0.7112,9,69242.1,session_high,2.8075,1,0.0944,80.0,629.57,9,10,GOOD,covered_watch_early,absorption_reversal_long
BTC-USDT-SWAP-LONG-1772541572000-32,2026-03-03,LONG,2026-03-03T12:47:04+00:00,67351.2,69242.1,66314.7,0.7112,swing_low,0.7112,9,69242.1,session_high,2.8075,1,0.0944,80.0,629.57,9,10,GOOD,covered_watch_early,absorption_reversal_long
BTC-USDT-SWAP-LONG-1772544123000-35,2026-03-03,LONG,2026-03-03T13:27:36+00:00,67096.4,69242.1,66314.7,0.0799,hvn,0.0799,10,69242.1,session_high,3.1979,1,0.0953,66.0,899.6,8,10,GOOD,covered_watch_early,retest_after_breakout_long
BTC-USDT-SWAP-SHORT-1772546176000-36,2026-03-03,SHORT,2026-03-03T14:02:16+00:00,66830.0,69242.1,66314.7,0.1197,hvn,0.1197,6,,blocked,0.1197,0,0.0954,78.0,433.58,6,9,BAD,covered_late,absorption_reversal_short
BTC-USDT-SWAP-LONG-1772543243000-34,2026-03-03,LONG,2026-03-03T13:22:03+00:00,67086.5,69242.1,66314.7,0.0947,hvn,0.0947,9,69242.1,session_high,3.2132,1,0.0942,80.0,796.47,8,10,GOOD,covered_watch_early,absorption_reversal_long
BTC-USDT-SWAP-LONG-1772553323000-38,2026-03-03,LONG,2026-03-03T15:58:26+00:00,67596.5,69242.1,66073.8,2.4344,session_high,2.4344,0,69242.1,session_high,2.4344,1,0.0999,54.0,213.24,4,10,BAD,covered_late,absorption_reversal_long
BTC-USDT-SWAP-LONG-1772553506000-39,2026-03-03,LONG,2026-03-03T16:02:07+00:00,67680.5,69242.1,66073.8,2.3073,session_high,2.3073,0,69242.1,session_high,2.3073,1,0.0921,87.0,3393.25,5,10,BAD,covered_late,absorption_reversal_long
BTC-USDT-SWAP-LONG-1772553549000-40,2026-03-03,LONG,2026-03-03T16:02:09+00:00,67730.0,69242.1,66073.8,2.2325,session_high,2.2325,0,69242.1,session_high,2.2325,1,0.0942,73.0,3361.58,4,10,BAD,covered_late,absorption_reversal_long
BTC-USDT-SWAP-SHORT-1772551037000-37,2026-03-03,SHORT,2026-03-03T15:44:52+00:00,67486.8,69242.1,66073.8,0.0545,swing_high,0.0545,15,66073.8,session_low,2.0937,1,0.0966,70.0,326.24,5,10,GOOD,covered_watch_early,absorption_reversal_short
BTC-USDT-SWAP-LONG-1772554627000-41,2026-03-03,LONG,2026-03-03T16:29:38+00:00,68781.1,69242.1,66073.8,0.6702,session_high,0.6702,1,,blocked,0.6702,0,0.0948,65.0,606.65,5,13,BAD,wrong_direction,absorption_reversal_long
BTC-USDT-SWAP-LONG-1772560656000-43,2026-03-03,LONG,2026-03-03T18:01:54+00:00,68352.8,69242.1,66073.8,1.301,session_high,1.301,1,,blocked,1.301,0,0.0972,69.0,978.84,3,13,BAD,missed_no_move_in_4h,absorption_reversal_long
BTC-USDT-SWAP-LONG-1772564438000-46,2026-03-03,LONG,2026-03-03T19:12:07+00:00,68454.8,69242.1,66073.8,0.4039,swing_high,0.4039,2,,blocked,0.4039,0,0.0977,69.0,843.16,7,13,BAD,missed_no_move_in_4h,absorption_reversal_long
BTC-USDT-SWAP-LONG-1772563749000-45,2026-03-03,LONG,2026-03-03T18:52:09+00:00,68695.1,69242.1,66073.8,0.7963,session_high,0.7963,1,,blocked,0.7963,0,0.0969,76.0,485.42,5,13,BAD,missed_no_move_in_4h,absorption_reversal_long
BTC-USDT-SWAP-SHORT-1772563179000-44,2026-03-03,SHORT,2026-03-03T19:06:31+00:00,68531.2,69242.1,66073.8,0.2644,hvn,0.2644,8,67150.0,hvn,2.0154,1,0.1017,51.0,242.1,5,13,MID,noisy_partial_1_5,absorption_reversal_short
BTC-USDT-SWAP-LONG-1772558132000-42,2026-03-03,LONG,2026-03-03T17:46:18+00:00,68053.8,69242.1,66073.8,0.2558,swing_high,0.2558,3,,blocked,0.2558,0,0.0995,52.0,276.23,4,13,BAD,missed_no_move_in_4h,absorption_reversal_long
BTC-USDT-SWAP-SHORT-1772582934000-2,2026-03-04,SHORT,2026-03-04T00:14:36+00:00,68091.6,68294.4,68050.0,0.0611,session_low,0.0611,3,,blocked,0.0611,0,0.0995,52.0,700.87,3,7,GOOD,covered_watch_early,absorption_reversal_short
BTC-USDT-SWAP-SHORT-1772582797000-1,2026-03-04,SHORT,2026-03-04T00:14:36+00:00,68091.6,68294.4,68050.0,0.0611,session_low,0.0611,3,,blocked,0.0611,0,0.0995,52.0,700.87,3,7,GOOD,covered_watch_early,absorption_reversal_short
BTC-USDT-SWAP-LONG-1772584188000-4,2026-03-04,LONG,2026-03-04T00:40:58+00:00,67950.0,68387.9,67814.3,0.0736,hvn,0.0736,11,,blocked,0.0736,0,0.0967,68.0,1760.3,4,7,GOOD,covered_watch_early,retest_after_breakout_long
BTC-USDT-SWAP-LONG-1772584858000-5,2026-03-04,LONG,2026-03-04T00:43:58+00:00,67897.3,68387.9,67814.3,0.0776,hvn,0.0776,11,,blocked,0.0776,0,0.0989,70.0,387.98,4,7,GOOD,covered_watch_early,absorption_reversal_long
BTC-USDT-SWAP-SHORT-1772583941000-3,2026-03-04,SHORT,2026-03-04T01:07:33+00:00,68116.8,68387.9,67814.3,0.0981,swing_low,0.0981,3,,blocked,0.0981,0,0.1047,38.0,235.39,5,6,GOOD,covered_watch_early,retest_after_breakout_short
BTC-USDT-SWAP-SHORT-1772588463000-6,2026-03-04,SHORT,2026-03-04T01:45:08+00:00,68615.4,68877.0,67814.3,0.0953,hvn,0.0953,12,,blocked,0.0953,0,0.1022,42.0,570.98,5,6,MID,covered_mid,absorption_reversal_short
BTC-USDT-SWAP-SHORT-1772589606000-9,2026-03-04,SHORT,2026-03-04T02:09:19+00:00,68310.6,68877.0,67814.3,0.0887,hvn,0.0887,5,,blocked,0.0887,0,0.0935,120.0,284.69,2,6,MID,covered_mid,absorption_reversal_short
BTC-USDT-SWAP-LONG-1772589121000-7,2026-03-04,LONG,2026-03-04T01:55:32+00:00,68420.8,68877.0,67814.3,0.1888,hvn,0.1888,3,,blocked,0.1888,0,0.1025,54.0,186.29,2,6,GOOD,covered_watch_early,absorption_reversal_long
BTC-USDT-SWAP-SHORT-1772591636000-10,2026-03-04,SHORT,2026-03-04T02:43:17+00:00,68090.1,68877.0,67814.3,0.1088,swing_high,0.1088,2,,blocked,0.1088,0,0.098,72.0,500.48,2,6,BAD,covered_late,absorption_reversal_short
BTC-USDT-SWAP-LONG-1772589296000-8,2026-03-04,LONG,2026-03-04T02:19:34+00:00,68200.9,68877.0,67814.3,0.072,hvn,0.072,10,,blocked,0.072,0,0.1013,49.0,476.37,6,6,GOOD,covered_watch_early,absorption_reversal_long
BTC-USDT-SWAP-LONG-1772596380000-13,2026-03-04,LONG,2026-03-04T03:56:00+00:00,67566.8,68877.0,67358.1,0.3155,swing_low,0.3155,12,,blocked,0.3155,0,0.0969,73.0,269.52,4,7,MID,covered_mid,absorption_reversal_long
BTC-USDT-SWAP-LONG-1772602176000-17,2026-03-04,LONG,2026-03-04T05:37:38+00:00,67809.6,68877.0,67358.1,0.3044,swing_high,0.3044,7,,blocked,0.3044,0,0.1007,39.0,322.56,3,7,MID,covered_mid,absorption_reversal_long
BTC-USDT-SWAP-SHORT-1772596014000-12,2026-03-04,SHORT,2026-03-04T04:03:12+00:00,67569.0,68877.0,67358.1,0.3121,session_low,0.3121,1,,blocked,0.3121,0,0.1015,50.0,208.06,3,7,BAD,wrong_direction,absorption_reversal_short
BTC-USDT-SWAP-SHORT-1772597735000-15,2026-03-04,SHORT,2026-03-04T04:22:24+00:00,67577.7,68877.0,67358.1,0.325,session_low,0.325,1,,blocked,0.325,0,0.0952,81.0,980.31,4,7,BAD,wrong_direction,absorption_reversal_short
BTC-USDT-SWAP-SHORT-1772601616000-16,2026-03-04,SHORT,2026-03-04T05:23:16+00:00,67789.9,68877.0,67358.1,0.2801,hvn,0.2801,4,,blocked,0.2801,0,0.0954,72.0,623.26,2,7,BAD,wrong_direction,retest_after_breakout_short
BTC-USDT-SWAP-LONG-1772595707000-11,2026-03-04,LONG,2026-03-04T03:53:00+00:00,67624.9,68877.0,67358.1,0.5547,hvn,0.5547,9,,blocked,0.5547,0,0.0971,69.0,331.71,1,7,MID,covered_mid,absorption_reversal_long
BTC-USDT-SWAP-LONG-1772606412000-18,2026-03-04,LONG,2026-03-04T06:44:35+00:00,68530.8,68877.0,67358.1,0.5052,session_high,0.5052,1,,blocked,0.5052,0,0.1025,50.0,218.74,4,7,MID,covered_mid,retest_after_breakout_long
BTC-USDT-SWAP-LONG-1772608667000-20,2026-03-04,LONG,2026-03-04T07:37:33+00:00,68690.5,68877.0,67358.1,0.2715,session_high,0.2715,1,,blocked,0.2715,0,0.0929,61.0,7598.17,4,7,MID,covered_mid,absorption_reversal_long
BTC-USDT-SWAP-LONG-1772606902000-19,2026-03-04,LONG,2026-03-04T06:51:28+00:00,68488.9,68877.0,67358.1,0.5667,session_high,0.5667,1,,blocked,0.5667,0,0.099,64.0,221.38,2,7,MID,covered_mid,absorption_reversal_long
BTC-USDT-SWAP-LONG-1772611621000-23,2026-03-04,LONG,2026-03-04T08:32:59+00:00,69351.9,69670.0,67358.1,0.4587,session_high,0.4587,1,,blocked,0.4587,0,0.0984,73.0,450.01,3,11,MID,covered_mid,absorption_reversal_long
BTC-USDT-SWAP-LONG-1772611599000-22,2026-03-04,LONG,2026-03-04T08:32:59+00:00,69351.9,69670.0,67358.1,0.4587,session_high,0.4587,1,,blocked,0.4587,0,0.0984,73.0,450.01,3,11,MID,covered_mid,absorption_reversal_long
BTC-USDT-SWAP-SHORT-1772612635000-24,2026-03-04,SHORT,2026-03-04T08:38:53+00:00,69488.4,69670.0,67358.1,0.0553,hvn,0.0553,10,68050.0,hvn,2.07,1,0.0931,70.0,7800.73,4,11,BAD,wrong_direction,absorption_reversal_short
BTC-USDT-SWAP-SHORT-1772611107000-21,2026-03-04,SHORT,2026-03-04T08:01:56+00:00,69399.9,69659.9,67358.1,1.2967,hvn,1.2967,12,67750.0,hvn,2.3774,1,0.1056,35.0,189.09,5,11,BAD,wrong_direction,absorption_reversal_short
BTC-USDT-SWAP-LONG-1772613179000-25,2026-03-04,LONG,2026-03-04T09:05:39+00:00,70979.9,71178.8,67358.1,0.2802,session_high,0.2802,1,,blocked,0.2802,0,0.1,46.0,1862.46,2,16,MID,covered_mid,retest_after_breakout_long
BTC-USDT-SWAP-LONG-1772616258000-27,2026-03-04,LONG,2026-03-04T09:27:18+00:00,71303.4,71640.0,67358.1,0.2757,hvn,0.2757,2,,blocked,0.2757,0,0.0988,41.0,484.27,4,18,MID,covered_mid,retest_after_breakout_long
BTC-USDT-SWAP-LONG-1772616423000-28,2026-03-04,LONG,2026-03-04T09:30:03+00:00,71284.5,71640.0,67358.1,0.3023,hvn,0.3023,2,,blocked,0.3023,0,0.0947,63.0,858.39,2,18,MID,covered_mid,retest_after_breakout_long
BTC-USDT-SWAP-SHORT-1772616143000-26,2026-03-04,SHORT,2026-03-04T09:32:38+00:00,71312.0,71640.0,67358.1,0.3674,hvn,0.3674,2,69500.0,hvn,2.5409,1,0.0987,55.0,282.24,1,18,BAD,wrong_direction,absorption_reversal_short
BTC-USDT-SWAP-SHORT-1772623278000-32,2026-03-04,SHORT,2026-03-04T11:28:08+00:00,71200.2,71877.9,67358.1,0.211,hvn,0.211,3,69500.0,hvn,2.3879,1,0.1018,48.0,201.42,2,19,BAD,wrong_direction,absorption_reversal_short
BTC-USDT-SWAP-SHORT-1772621703000-31,2026-03-04,SHORT,2026-03-04T11:21:18+00:00,71430.0,71877.9,67358.1,0.112,hvn,0.112,8,69500.0,hvn,2.7019,1,0.1,61.0,279.11,2,19,BAD,wrong_direction,absorption_reversal_short
BTC-USDT-SWAP-LONG-1772617742000-30,2026-03-04,LONG,2026-03-04T09:58:48+00:00,71474.9,71877.9,67358.1,0.3849,hvn,0.3849,2,,blocked,0.3849,0,0.0987,55.0,639.25,3,19,MID,covered_mid,absorption_reversal_long
BTC-USDT-SWAP-LONG-1772616656000-29,2026-03-04,LONG,2026-03-04T09:49:02+00:00,71792.4,71861.7,67358.1,0.0965,session_high,0.0965,1,,blocked,0.0965,0,0.0982,51.0,796.36,6,19,MID,covered_mid,retest_after_breakout_long
BTC-USDT-SWAP-SHORT-1772626585000-34,2026-03-04,SHORT,2026-03-04T12:19:25+00:00,70735.0,71877.9,67358.1,0.2615,hvn,0.2615,5,68646.5,swing_high,2.9526,1,0.0987,72.0,356.44,3,19,BAD,wrong_direction,retest_after_breakout_short
BTC-USDT-SWAP-SHORT-1772626670000-35,2026-03-04,SHORT,2026-03-04T12:20:50+00:00,70744.4,71877.9,67358.1,0.2748,hvn,0.2748,5,67560.0,swing_low,4.5013,1,0.0977,81.0,330.26,1,19,BAD,wrong_direction,absorption_reversal_short
BTC-USDT-SWAP-SHORT-1772626743000-36,2026-03-04,SHORT,2026-03-04T12:22:03+00:00,70760.1,71877.9,67358.1,0.2969,hvn,0.2969,5,67560.0,swing_low,4.5225,1,0.0972,83.0,377.68,4,19,BAD,wrong_direction,absorption_reversal_short
BTC-USDT-SWAP-SHORT-1772624824000-33,2026-03-04,SHORT,2026-03-04T12:16:25+00:00,70848.1,71877.9,67358.1,0.2162,swing_low,0.2162,4,69400.0,hvn,2.044,1,0.0973,60.0,1086.04,6,19,BAD,wrong_direction,absorption_reversal_short
BTC-USDT-SWAP-LONG-1772631907000-37,2026-03-04,LONG,2026-03-04T13:55:03+00:00,71351.6,71877.9,67358.1,0.0678,hvn,0.0678,6,,blocked,0.0678,0,0.0932,73.0,956.72,2,17,BAD,covered_late,absorption_reversal_long
BTC-USDT-SWAP-LONG-1772632793000-38,2026-03-04,LONG,2026-03-04T14:19:11+00:00,71704.4,71988.0,67358.1,0.0636,hvn,0.0636,3,,blocked,0.0636,0,0.0929,83.0,1288.97,4,17,BAD,covered_late,absorption_reversal_long
BTC-USDT-SWAP-SHORT-1772633530000-39,2026-03-04,SHORT,2026-03-04T14:35:55+00:00,72098.0,72621.0,67358.1,0.4827,hvn,0.4827,18,69350.0,hvn,3.8115,1,0.0969,61.0,2761.42,2,18,BAD,wrong_direction,absorption_reversal_short
BTC-USDT-SWAP-LONG-1772637425000-40,2026-03-04,LONG,2026-03-04T15:26:17+00:00,72465.7,72621.0,67358.1,0.2143,session_high,0.2143,1,,blocked,0.2143,0,0.1052,25.0,335.35,4,18,BAD,covered_late,absorption_reversal_long
BTC-USDT-SWAP-SHORT-1772638974000-41,2026-03-04,SHORT,2026-03-04T16:19:22+00:00,72789.0,73480.0,67358.1,0.0536,hvn,0.0536,13,71300.0,hvn,2.0456,1,0.1011,37.0,347.61,4,19,BAD,wrong_direction,absorption_reversal_short
BTC-USDT-SWAP-SHORT-1772639088000-42,2026-03-04,SHORT,2026-03-04T16:19:22+00:00,72789.0,73480.0,67358.1,0.0536,hvn,0.0536,13,71300.0,hvn,2.0456,1,0.1011,37.0,347.61,4,19,BAD,wrong_direction,absorption_reversal_short
BTC-USDT-SWAP-LONG-1772642212000-44,2026-03-04,LONG,2026-03-04T16:40:04+00:00,73142.4,73480.0,67358.1,0.4616,session_high,0.4616,1,,blocked,0.4616,0,0.1815,1.0,79.43,6,17,BAD,covered_late,retest_after_breakout_long
BTC-USDT-SWAP-LONG-1772642290000-45,2026-03-04,LONG,2026-03-04T16:41:10+00:00,73242.6,73480.0,67358.1,0.3241,session_high,0.3241,1,,blocked,0.3241,0,0.1815,1.0,79.43,5,17,BAD,covered_late,absorption_reversal_long
BTC-USDT-SWAP-LONG-1772642329000-46,2026-03-04,LONG,2026-03-04T16:41:49+00:00,73197.8,73480.0,67358.1,0.3855,session_high,0.3855,1,,blocked,0.3855,0,0.1815,1.0,79.43,4,16,BAD,covered_late,absorption_reversal_long
BTC-USDT-SWAP-SHORT-1772641162000-43,2026-03-04,SHORT,2026-03-04T16:56:21+00:00,73202.5,73480.0,67358.1,0.6181,hvn,0.6181,3,71700.0,hvn,2.0525,1,0.1,37.0,1197.83,3,13,BAD,wrong_direction,absorption_reversal_short
BTC-USDT-SWAP-LONG-1772648681000-47,2026-03-04,LONG,2026-03-04T18:37:28+00:00,73177.1,73715.9,67358.1,0.1679,hvn,0.1679,4,,blocked,0.1679,0,0.1815,1.0,79.43,5,14,BAD,covered_late,retest_after_breakout_long
BTC-USDT-SWAP-LONG-1772650765000-49,2026-03-04,LONG,2026-03-04T19:31:57+00:00,73572.9,74030.0,67358.1,0.6213,session_high,0.6213,1,,blocked,0.6213,0,0.1815,1.0,79.43,6,15,BAD,missed_no_move_in_4h,absorption_reversal_long
BTC-USDT-SWAP-LONG-1772650789000-50,2026-03-04,LONG,2026-03-04T19:31:57+00:00,73572.9,74030.0,67358.1,0.6213,session_high,0.6213,1,,blocked,0.6213,0,0.1815,1.0,79.43,6,15,BAD,missed_no_move_in_4h,absorption_reversal_long
BTC-USDT-SWAP-SHORT-1772650521000-48,2026-03-04,SHORT,2026-03-04T19:04:48+00:00,73574.7,73769.8,67358.1,0.3054,hvn,0.3054,10,71950.0,hvn,2.2082,1,0.1029,43.0,505.82,2,14,BAD,wrong_direction,absorption_reversal_short
BTC-USDT-SWAP-LONG-1772655497000-52,2026-03-04,LONG,2026-03-04T20:44:42+00:00,73436.0,74030.0,67358.1,0.8089,session_high,0.8089,1,,blocked,0.8089,0,0.1815,1.0,79.43,5,14,BAD,missed_no_move_in_4h,absorption_reversal_long
BTC-USDT-SWAP-SHORT-1772651819000-51,2026-03-04,SHORT,2026-03-04T19:21:57+00:00,73771.6,74030.0,67358.1,0.5715,hvn,0.5715,14,71950.0,hvn,2.4692,1,0.1044,29.0,271.13,6,15,BAD,missed_no_move_in_4h,absorption_reversal_short
BTC-USDT-SWAP-LONG-1772664633000-53,2026-03-04,LONG,2026-03-04T23:03:51+00:00,72780.0,74030.0,67358.1,0.2336,hvn,0.2336,14,,blocked,0.2336,0,0.1815,1.0,79.43,4,11,BAD,missed_no_move_in_4h,absorption_reversal_long
BTC-USDT-SWAP-LONG-1772666739000-54,2026-03-04,LONG,2026-03-04T23:44:18+00:00,72693.4,74030.0,67358.1,0.1416,swing_high,0.1416,12,,blocked,0.1416,0,0.1233,2.0,1023.78,4,8,BAD,missed_no_move_in_4h,retest_after_breakout_long
BTC-USDT-SWAP-LONG-1772670368000-3,2026-03-05,LONG,2026-03-05T00:31:28+00:00,72767.6,72941.2,72515.2,0.135,swing_high,0.135,14,,blocked,0.135,0,0.1003,56.0,251.97,5,8,BAD,wrong_direction,absorption_reversal_long
BTC-USDT-SWAP-SHORT-1772670314000-2,2026-03-05,SHORT,2026-03-05T00:46:06+00:00,72842.4,72977.8,72515.2,0.4492,session_low,0.4492,2,,blocked,0.4492,0,0.1015,42.0,578.93,3,8,GOOD,covered_watch_early,absorption_reversal_short
BTC-USDT-SWAP-SHORT-1772669164000-1,2026-03-05,SHORT,2026-03-05T00:25:14+00:00,72882.1,72941.2,72515.2,0.5034,session_low,0.5034,1,,blocked,0.5034,0,0.0988,58.0,247.44,4,8,GOOD,covered_watch_early,retest_after_breakout_short
BTC-USDT-SWAP-LONG-1772674125000-5,2026-03-05,LONG,2026-03-05T01:32:06+00:00,72873.0,73280.9,72515.2,0.2429,hvn,0.2429,10,,blocked,0.2429,0,0.102,36.0,241.55,2,8,BAD,wrong_direction,absorption_reversal_long
BTC-USDT-SWAP-LONG-1772674326000-6,2026-03-05,LONG,2026-03-05T01:36:39+00:00,72830.4,73280.9,72515.2,0.4388,hvn,0.4388,8,,blocked,0.4388,0,0.1021,37.0,241.56,1,8,BAD,wrong_direction,absorption_reversal_long
BTC-USDT-SWAP-LONG-1772675238000-7,2026-03-05,LONG,2026-03-05T01:54:24+00:00,72568.6,73280.9,72408.5,0.1122,hvn,0.1122,12,,blocked,0.1122,0,0.1004,44.0,438.9,3,8,BAD,wrong_direction,retest_after_breakout_long
BTC-USDT-SWAP-LONG-1772675664000-8,2026-03-05,LONG,2026-03-05T02:07:52+00:00,72610.3,73280.9,72373.9,0.0547,hvn,0.0547,12,,blocked,0.0547,0,0.1005,42.0,1393.14,6,8,BAD,wrong_direction,absorption_reversal_long
BTC-USDT-SWAP-SHORT-1772679264000-9,2026-03-05,SHORT,2026-03-05T03:09:05+00:00,72629.0,73280.9,72303.9,0.0783,swing_low,0.0783,4,,blocked,0.0783,0,0.0997,60.0,411.0,3,8,MID,covered_mid,absorption_reversal_short
BTC-USDT-SWAP-LONG-1772686945000-10,2026-03-05,LONG,2026-03-05T05:09:56+00:00,72764.6,73280.9,72303.5,0.7095,swing_high,0.7095,3,,blocked,0.7095,0,0.1021,45.0,274.03,5,6,GOOD,covered_watch_early,absorption_reversal_long
BTC-USDT-SWAP-SHORT-1772689407000-11,2026-03-05,SHORT,2026-03-05T05:55:00+00:00,72387.4,73280.9,72303.5,0.1154,swing_low,0.1154,2,,blocked,0.1154,0,0.1012,49.0,283.27,6,6,BAD,covered_late,retest_after_breakout_short
BTC-USDT-SWAP-SHORT-1772673503000-4,2026-03-05,SHORT,2026-03-05T01:21:44+00:00,72825.1,73280.9,72515.2,0.1964,swing_low,0.1964,2,,blocked,0.1964,0,0.1043,28.0,186.57,5,8,MID,covered_mid,retest_after_breakout_short
BTC-USDT-SWAP-LONG-1772692402000-15,2026-03-05,LONG,2026-03-05T06:38:24+00:00,72354.0,73280.9,72000.0,0.0636,hvn,0.0636,13,,blocked,0.0636,0,0.0994,41.0,616.01,6,6,GOOD,covered_watch_early,absorption_reversal_long
BTC-USDT-SWAP-SHORT-1772691308000-14,2026-03-05,SHORT,2026-03-05T06:36:26+00:00,72341.3,73280.9,72000.0,0.4718,session_low,0.4718,1,,blocked,0.4718,0,0.0984,48.0,418.51,4,6,BAD,covered_late,absorption_reversal_short
BTC-USDT-SWAP-SHORT-1772690822000-12,2026-03-05,SHORT,2026-03-05T06:15:08+00:00,72110.3,73280.9,72000.0,0.153,session_low,0.153,1,,blocked,0.153,0,0.096,61.0,589.57,4,7,BAD,covered_late,retest_after_breakout_short
BTC-USDT-SWAP-SHORT-1772698247000-17,2026-03-05,SHORT,2026-03-05T08:21:53+00:00,71950.7,73280.9,71739.1,0.2941,session_low,0.2941,1,,blocked,0.2941,0,0.0951,75.0,606.81,9,7,BAD,covered_late,absorption_reversal_short
BTC-USDT-SWAP-LONG-1772691247000-13,2026-03-05,LONG,2026-03-05T06:33:22+00:00,72328.9,73280.9,72000.0,0.0983,hvn,0.0983,11,,blocked,0.0983,0,0.1,39.0,529.98,5,6,GOOD,covered_watch_early,absorption_reversal_long
BTC-USDT-SWAP-LONG-1772697409000-16,2026-03-05,LONG,2026-03-05T08:08:16+00:00,71946.0,73280.9,71739.1,0.1765,swing_low,0.1765,16,,blocked,0.1765,0,0.0968,65.0,479.23,9,7,GOOD,covered_watch_early,absorption_reversal_long
BTC-USDT-SWAP-LONG-1772706691000-18,2026-03-05,LONG,2026-03-05T10:43:33+00:00,73259.0,73482.2,71718.7,0.3047,session_high,0.3047,1,,blocked,0.3047,0,0.1013,39.0,696.73,5,8,BAD,covered_late,absorption_reversal_long
BTC-USDT-SWAP-LONG-1772706721000-19,2026-03-05,LONG,2026-03-05T10:43:33+00:00,73259.0,73482.2,71718.7,0.3047,session_high,0.3047,1,,blocked,0.3047,0,0.1013,39.0,696.73,5,8,BAD,covered_late,absorption_reversal_long
BTC-USDT-SWAP-LONG-1772709083000-20,2026-03-05,LONG,2026-03-05T11:14:23+00:00,73180.7,73526.0,71718.7,0.4718,session_high,0.4718,1,,blocked,0.4718,0,0.0988,39.0,1578.04,2,8,BAD,missed_no_move_in_4h,absorption_reversal_long
BTC-USDT-SWAP-LONG-1772710207000-21,2026-03-05,LONG,2026-03-05T11:35:46+00:00,73027.0,73526.0,71718.7,0.6833,swing_high,0.6833,2,,blocked,0.6833,0,0.0979,54.0,453.13,6,8,BAD,missed_no_move_in_4h,absorption_reversal_long
BTC-USDT-SWAP-LONG-1772711263000-22,2026-03-05,LONG,2026-03-05T11:53:59+00:00,72819.6,73526.0,71718.7,0.1516,swing_high,0.1516,4,,blocked,0.1516,0,0.0966,67.0,1288.08,6,8,BAD,missed_no_move_in_4h,absorption_reversal_long
BTC-USDT-SWAP-LONG-1772725319000-24,2026-03-05,LONG,2026-03-05T15:45:34+00:00,71484.3,73526.0,71131.0,0.1619,hvn,0.1619,19,72990.6,swing_high,2.1072,1,0.102,48.0,484.83,10,11,BAD,missed_no_move_in_4h,retest_after_breakout_long
BTC-USDT-SWAP-LONG-1772725364000-25,2026-03-05,LONG,2026-03-05T15:45:52+00:00,71481.1,73526.0,71131.0,0.1663,hvn,0.1663,15,73201.2,swing_low,2.4064,1,0.1035,39.0,200.01,5,11,BAD,missed_no_move_in_4h,retest_after_breakout_long
BTC-USDT-SWAP-SHORT-1772733604000-28,2026-03-05,SHORT,2026-03-05T18:03:04+00:00,70721.1,73526.0,70611.1,0.1555,session_low,0.1555,1,,blocked,0.1555,0,0.0965,84.0,321.4,4,13,BAD,missed_no_move_in_4h,absorption_reversal_short
BTC-USDT-SWAP-SHORT-1772733612000-29,2026-03-05,SHORT,2026-03-05T18:03:12+00:00,70765.9,73526.0,70611.1,0.2187,session_low,0.2187,1,,blocked,0.2187,0,0.0966,78.0,296.32,4,13,BAD,missed_no_move_in_4h,retest_after_breakout_short
BTC-USDT-SWAP-SHORT-1772725116000-23,2026-03-05,SHORT,2026-03-05T16:18:17+00:00,70907.4,73526.0,70755.1,0.2148,session_low,0.2148,1,,blocked,0.2148,0,0.1017,50.0,317.56,2,12,BAD,missed_no_move_in_4h,absorption_reversal_short
BTC-USDT-SWAP-LONG-1772726417000-26,2026-03-05,LONG,2026-03-05T16:21:40+00:00,70925.0,73526.0,70755.1,0.9517,hvn,0.9517,3,72400.0,hvn,2.0797,1,0.1024,43.0,609.53,5,12,BAD,missed_no_move_in_4h,absorption_reversal_long
BTC-USDT-SWAP-LONG-1772727700000-27,2026-03-05,LONG,2026-03-05T16:47:40+00:00,71345.2,73526.0,70755.1,0.1486,swing_low,0.1486,9,72780.0,swing_low,2.0111,1,0.1023,54.0,258.68,5,12,BAD,missed_no_move_in_4h,absorption_reversal_long
BTC-USDT-SWAP-SHORT-1772755231000-1,2026-03-06,SHORT,2026-03-06T00:03:31+00:00,70827.1,70895.4,70793.8,0.305,swing_low,0.305,1,,blocked,0.305,0,0.0986,61.0,372.92,6,5,BAD,missed_no_move_in_4h,absorption_reversal_short
BTC-USDT-SWAP-SHORT-1772756173000-3,2026-03-06,SHORT,2026-03-06T00:19:13+00:00,70942.7,71026.2,70793.8,0.0602,hvn,0.0602,3,,blocked,0.0602,0,0.0969,77.0,529.4,10,5,BAD,missed_no_move_in_4h,absorption_reversal_short
BTC-USDT-SWAP-SHORT-1772755356000-2,2026-03-06,SHORT,2026-03-06T00:05:48+00:00,70845.6,70895.4,70793.8,0.0731,session_low,0.0731,1,,blocked,0.0731,0,0.0986,62.0,282.15,6,5,BAD,missed_no_move_in_4h,absorption_reversal_short
BTC-USDT-SWAP-LONG-1772756699000-4,2026-03-06,LONG,2026-03-06T00:31:41+00:00,70881.4,71026.2,70793.8,0.2043,session_high,0.2043,8,,blocked,0.2043,0,0.0968,82.0,275.51,5,5,BAD,missed_no_move_in_4h,absorption_reversal_long
BTC-USDT-SWAP-LONG-1772757101000-5,2026-03-06,LONG,2026-03-06T00:39:54+00:00,70934.2,71026.2,70793.8,0.05,swing_high,0.05,13,,blocked,0.05,0,0.0983,63.0,530.37,9,5,BAD,missed_no_move_in_4h,absorption_reversal_long
BTC-USDT-SWAP-LONG-1772759770000-6,2026-03-06,LONG,2026-03-06T01:19:10+00:00,70853.4,71026.2,70702.1,0.0658,hvn,0.0658,9,,blocked,0.0658,0,0.1007,51.0,409.37,4,5,BAD,missed_no_move_in_4h,absorption_reversal_long
BTC-USDT-SWAP-SHORT-1772762906000-9,2026-03-06,SHORT,2026-03-06T02:17:32+00:00,71231.9,71346.0,70343.0,0.115,hvn,0.115,11,,blocked,0.115,0,0.0972,68.0,336.1,13,6,BAD,missed_no_move_in_4h,absorption_reversal_short
BTC-USDT-SWAP-LONG-1772764396000-10,2026-03-06,LONG,2026-03-06T02:55:24+00:00,71195.1,71397.5,70343.0,0.0558,swing_high,0.0558,4,,blocked,0.0558,0,0.1035,57.0,282.26,6,6,BAD,missed_no_move_in_4h,absorption_reversal_long
BTC-USDT-SWAP-LONG-1772767072000-11,2026-03-06,LONG,2026-03-06T03:27:57+00:00,71128.6,71397.5,70343.0,0.1004,swing_high,0.1004,10,,blocked,0.1004,0,0.0975,77.0,1069.55,12,6,BAD,missed_no_move_in_4h,absorption_reversal_long
BTC-USDT-SWAP-SHORT-1772761567000-8,2026-03-06,SHORT,2026-03-06T01:49:07+00:00,71067.0,71220.0,70343.0,0.1112,swing_high,0.1112,7,,blocked,0.1112,0,0.0984,68.0,284.21,8,6,BAD,missed_no_move_in_4h,retest_after_breakout_short
BTC-USDT-SWAP-LONG-1772770545000-12,2026-03-06,LONG,2026-03-06T04:21:22+00:00,70907.3,71397.5,70343.0,0.1138,swing_high,0.1138,16,,blocked,0.1138,0,0.1009,55.0,335.87,11,6,BAD,missed_no_move_in_4h,absorption_reversal_long
BTC-USDT-SWAP-SHORT-1772760332000-7,2026-03-06,SHORT,2026-03-06T01:46:07+00:00,71082.8,71174.1,70343.0,0.0883,swing_high,0.0883,8,,blocked,0.0883,0,0.0942,67.0,3021.38,9,6,BAD,missed_no_move_in_4h,absorption_reversal_short
BTC-USDT-SWAP-SHORT-1772775022000-15,2026-03-06,SHORT,2026-03-06T05:34:35+00:00,70364.7,71397.5,70214.7,0.2132,session_low,0.2132,1,,blocked,0.2132,0,0.1047,42.0,212.69,11,6,BAD,missed_no_move_in_4h,absorption_reversal_short
BTC-USDT-SWAP-SHORT-1772775639000-16,2026-03-06,SHORT,2026-03-06T05:44:15+00:00,70217.8,71397.5,70134.1,0.1192,session_low,0.1192,1,,blocked,0.1192,0,0.0997,66.0,266.07,12,6,BAD,missed_no_move_in_4h,retest_after_breakout_short
BTC-USDT-SWAP-LONG-1772776333000-19,2026-03-06,LONG,2026-03-06T06:33:35+00:00,70400.0,71397.5,70111.0,0.0896,swing_low,0.0896,12,,blocked,0.0896,0,0.0977,63.0,537.09,8,7,BAD,missed_no_move_in_4h,absorption_reversal_long
BTC-USDT-SWAP-LONG-1772773475000-14,2026-03-06,LONG,2026-03-06T05:52:13+00:00,70197.6,71397.5,70111.0,0.502,hvn,0.502,21,,blocked,0.502,0,0.0991,61.0,329.69,13,7,BAD,missed_no_move_in_4h,absorption_reversal_long
BTC-USDT-SWAP-SHORT-1772775732000-17,2026-03-06,SHORT,2026-03-06T06:01:50+00:00,70390.0,71397.5,70111.0,0.0568,hvn,0.0568,3,,blocked,0.0568,0,0.0982,61.0,472.9,7,7,BAD,missed_no_move_in_4h,retest_after_breakout_short
BTC-USDT-SWAP-SHORT-1772775754000-18,2026-03-06,SHORT,2026-03-06T06:01:50+00:00,70390.0,71397.5,70111.0,0.0568,hvn,0.0568,3,,blocked,0.0568,0,0.0982,61.0,472.9,7,7,BAD,missed_no_move_in_4h,retest_after_breakout_short
BTC-USDT-SWAP-LONG-1772780826000-20,2026-03-06,LONG,2026-03-06T07:16:08+00:00,70523.4,71397.5,70111.0,0.5879,swing_low,0.5879,7,,blocked,0.5879,0,0.0953,58.0,3005.79,6,7,BAD,missed_no_move_in_4h,absorption_reversal_long
BTC-USDT-SWAP-LONG-1772783534000-22,2026-03-06,LONG,2026-03-06T07:57:01+00:00,71047.7,71397.5,70111.0,0.0736,hvn,0.0736,4,,blocked,0.0736,0,0.0958,75.0,1960.63,9,7,BAD,missed_no_move_in_4h,absorption_reversal_long
BTC-USDT-SWAP-LONG-1772782005000-21,2026-03-06,LONG,2026-03-06T07:52:14+00:00,71088.8,71397.5,70111.0,0.1002,swing_low,0.1002,3,,blocked,0.1002,0,0.1004,48.0,295.09,9,7,BAD,missed_no_move_in_4h,absorption_reversal_long
BTC-USDT-SWAP-LONG-1772772339000-13,2026-03-06,LONG,2026-03-06T04:58:18+00:00,70547.8,71397.5,70214.7,0.405,swing_low,0.405,16,,blocked,0.405,0,0.0988,61.0,1060.35,9,6,BAD,missed_no_move_in_4h,retest_after_breakout_long
BTC-USDT-SWAP-LONG-1772792968000-23,2026-03-06,LONG,2026-03-06T10:52:39+00:00,70554.9,71397.5,70111.0,0.0639,swing_low,0.0639,9,,blocked,0.0639,0,0.1019,44.0,336.52,11,6,BAD,missed_no_move_in_4h,absorption_reversal_long
BTC-USDT-SWAP-SHORT-1772798800000-24,2026-03-06,SHORT,2026-03-06T12:23:52+00:00,70078.4,71397.5,69744.9,0.4759,session_low,0.4759,1,,blocked,0.4759,0,0.094,97.0,690.33,5,7,BAD,missed_no_move_in_4h,absorption_reversal_short
BTC-USDT-SWAP-LONG-1772800868000-26,2026-03-06,LONG,2026-03-06T12:44:19+00:00,69723.6,71397.5,69653.3,0.5532,swing_high,0.5532,14,71397.5,session_high,2.4008,1,0.0924,97.0,672.49,7,7,BAD,missed_no_move_in_4h,retest_after_breakout_long
BTC-USDT-SWAP-LONG-1772799229000-25,2026-03-06,LONG,2026-03-06T12:41:08+00:00,69742.1,71397.5,69653.3,0.711,swing_low,0.711,13,71397.5,session_high,2.3736,1,0.0942,93.0,486.58,7,7,BAD,missed_no_move_in_4h,retest_after_breakout_long
BTC-USDT-SWAP-LONG-1772806967000-29,2026-03-06,LONG,2026-03-06T14:28:22+00:00,68949.7,71397.5,68577.8,0.073,hvn,0.073,9,70450.0,hvn,2.1759,1,0.0953,83.0,832.92,5,12,BAD,missed_no_move_in_4h,absorption_reversal_long
BTC-USDT-SWAP-SHORT-1772806000000-27,2026-03-06,SHORT,2026-03-06T14:17:07+00:00,68720.0,71397.5,68577.8,0.2069,session_low,0.2069,1,,blocked,0.2069,0,0.0999,50.0,452.33,8,12,BAD,missed_no_move_in_4h,absorption_reversal_short
BTC-USDT-SWAP-SHORT-1772806627000-28,2026-03-06,SHORT,2026-03-06T14:45:06+00:00,68737.2,71397.5,68357.5,0.0541,hvn,0.0541,2,,blocked,0.0541,0,0.1016,50.0,248.12,5,13,BAD,missed_no_move_in_4h,absorption_reversal_short
BTC-USDT-SWAP-SHORT-1772808809000-30,2026-03-06,SHORT,2026-03-06T14:56:29+00:00,68396.5,71397.5,68262.4,0.057,swing_low,0.057,2,,blocked,0.057,0,0.0979,72.0,372.85,2,13,BAD,missed_no_move_in_4h,absorption_reversal_short
BTC-USDT-SWAP-SHORT-1772808921000-31,2026-03-06,SHORT,2026-03-06T14:58:21+00:00,68277.5,71397.5,68262.4,6.0,none_within_scan,6.0,0,66911.95,open_void_2pct,2.0,1,0.1005,51.0,276.02,6,13,BAD,missed_no_move_in_4h,absorption_reversal_short
BTC-USDT-SWAP-SHORT-1772813847000-35,2026-03-06,SHORT,2026-03-06T16:24:50+00:00,68356.1,71397.5,68120.4,0.0821,hvn,0.0821,2,,blocked,0.0821,0,0.098,54.0,381.03,3,13,BAD,missed_no_move_in_4h,absorption_reversal_short
BTC-USDT-SWAP-LONG-1772812900000-34,2026-03-06,LONG,2026-03-06T16:06:33+00:00,68639.7,71397.5,68120.4,0.0879,hvn,0.0879,12,70100.0,hvn,2.1275,1,0.0949,87.0,1001.26,9,13,BAD,missed_no_move_in_4h,absorption_reversal_long
BTC-USDT-SWAP-LONG-1772811186000-32,2026-03-06,LONG,2026-03-06T16:01:40+00:00,68516.2,71397.5,68120.4,0.1603,swing_high,0.1603,8,69900.0,hvn,2.0197,1,0.0977,61.0,772.2,7,13,BAD,missed_no_move_in_4h,retest_after_breakout_long
BTC-USDT-SWAP-LONG-1772811246000-33,2026-03-06,LONG,2026-03-06T16:01:40+00:00,68516.2,71397.5,68120.4,0.1603,swing_high,0.1603,8,69900.0,hvn,2.0197,1,0.0977,61.0,772.2,7,13,BAD,missed_no_move_in_4h,retest_after_breakout_long
BTC-USDT-SWAP-LONG-1772818299000-37,2026-03-06,LONG,2026-03-06T17:56:37+00:00,67996.5,71397.5,67707.2,0.4311,swing_low,0.4311,12,69850.0,hvn,2.7259,1,0.0955,68.0,555.52,4,14,BAD,missed_no_move_in_4h,absorption_reversal_long
BTC-USDT-SWAP-SHORT-1772819110000-38,2026-03-06,SHORT,2026-03-06T17:52:08+00:00,67878.6,71397.5,67707.2,0.2525,session_low,0.2525,1,,blocked,0.2525,0,0.1014,40.0,394.89,3,14,BAD,missed_no_move_in_4h,absorption_reversal_short
BTC-USDT-SWAP-LONG-1772821141000-40,2026-03-06,LONG,2026-03-06T18:22:01+00:00,68342.7,71397.5,67707.2,0.0838,hvn,0.0838,10,69850.0,hvn,2.2055,1,0.0989,46.0,527.04,4,14,BAD,missed_no_move_in_4h,absorption_reversal_long
BTC-USDT-SWAP-SHORT-1772819528000-39,2026-03-06,SHORT,2026-03-06T18:17:29+00:00,68254.9,71397.5,67707.2,0.8024,session_low,0.8024,1,,blocked,0.8024,0,0.0954,66.0,562.42,3,14,BAD,missed_no_move_in_4h,absorption_reversal_short
BTC-USDT-SWAP-SHORT-1772829513000-41,2026-03-06,SHORT,2026-03-06T20:45:48+00:00,67990.7,71397.5,67707.2,0.417,session_low,0.417,1,,blocked,0.417,0,0.0988,61.0,381.31,4,12,BAD,missed_no_move_in_4h,retest_after_breakout_short
BTC-USDT-SWAP-LONG-1772818252000-36,2026-03-06,LONG,2026-03-06T17:56:37+00:00,67996.5,71397.5,67707.2,0.4311,swing_low,0.4311,12,69850.0,hvn,2.7259,1,0.0955,68.0,555.52,4,14,BAD,missed_no_move_in_4h,absorption_reversal_long
BTC-USDT-SWAP-LONG-1772834507000-42,2026-03-06,LONG,2026-03-06T22:04:47+00:00,68316.2,71397.5,67707.2,0.1227,hvn,0.1227,6,71397.5,session_high,4.5104,1,0.1002,44.0,341.06,4,7,BAD,missed_no_move_in_4h,absorption_reversal_long
BTC-USDT-SWAP-LONG-1772837456000-43,2026-03-06,LONG,2026-03-06T22:53:56+00:00,68397.1,71397.5,67707.2,0.1504,hvn,0.1504,3,71397.5,session_high,4.3867,1,0.0982,42.0,1324.45,4,7,BAD,missed_no_move_in_4h,absorption_reversal_long
BTC-USDT-SWAP-LONG-1772842451000-1,2026-03-07,LONG,2026-03-07T00:24:57+00:00,68181.3,68238.0,68072.0,0.0641,swing_high,0.0641,7,,blocked,0.0641,0,0.1012,46.0,340.66,4,5,BAD,missed_no_move_in_4h,absorption_reversal_long
BTC-USDT-SWAP-SHORT-1772843979000-3,2026-03-07,SHORT,2026-03-07T00:53:36+00:00,68302.7,68362.8,68072.0,0.0772,hvn,0.0772,12,,blocked,0.0772,0,0.0967,74.0,290.5,10,5,BAD,missed_no_move_in_4h,absorption_reversal_short
BTC-USDT-SWAP-LONG-1772844248000-4,2026-03-07,LONG,2026-03-07T01:02:47+00:00,68315.4,68362.8,68072.0,0.0694,session_high,0.0694,1,,blocked,0.0694,0,0.0996,37.0,1142.74,4,5,BAD,missed_no_move_in_4h,absorption_reversal_long
BTC-USDT-SWAP-SHORT-1772850673000-5,2026-03-07,SHORT,2026-03-07T02:34:52+00:00,68068.4,68362.8,68059.0,0.4271,swing_low,0.4271,1,,blocked,0.4271,0,0.0992,57.0,346.08,10,4,BAD,missed_no_move_in_4h,retest_after_breakout_short
BTC-USDT-SWAP-LONG-1772852776000-6,2026-03-07,LONG,2026-03-07T03:09:16+00:00,68335.8,68390.0,68017.7,0.0793,session_high,0.0793,1,,blocked,0.0793,0,0.0965,69.0,797.51,8,4,BAD,missed_no_move_in_4h,absorption_reversal_long
BTC-USDT-SWAP-SHORT-1772842770000-2,2026-03-07,SHORT,2026-03-07T00:29:53+00:00,68176.1,68238.0,68072.0,0.1116,hvn,0.1116,3,,blocked,0.1116,0,0.0988,59.0,622.81,8,5,BAD,missed_no_move_in_4h,absorption_reversal_short
BTC-USDT-SWAP-SHORT-1772860169000-10,2026-03-07,SHORT,2026-03-07T05:20:42+00:00,67925.1,68524.8,67777.0,0.218,session_low,0.218,1,,blocked,0.218,0,0.0994,65.0,294.56,9,4,BAD,missed_no_move_in_4h,absorption_reversal_short
BTC-USDT-SWAP-SHORT-1772857253000-9,2026-03-07,SHORT,2026-03-07T04:28:46+00:00,68006.5,68524.8,67777.0,0.0831,swing_low,0.0831,2,,blocked,0.0831,0,0.0989,66.0,587.92,6,4,BAD,missed_no_move_in_4h,absorption_reversal_short
BTC-USDT-SWAP-SHORT-1772856582000-8,2026-03-07,SHORT,2026-03-07T04:20:53+00:00,67960.0,68524.8,67777.0,0.2693,session_low,0.2693,1,,blocked,0.2693,0,0.1005,55.0,613.32,8,4,BAD,missed_no_move_in_4h,retest_after_breakout_short
BTC-USDT-SWAP-LONG-1772856498000-7,2026-03-07,LONG,2026-03-07T04:50:46+00:00,68079.9,68524.8,67777.0,0.0532,swing_high,0.0532,12,,blocked,0.0532,0,0.0999,48.0,479.05,8,4,BAD,missed_no_move_in_4h,retest_after_breakout_long
BTC-USDT-SWAP-LONG-1772869985000-15,2026-03-07,LONG,2026-03-07T07:56:05+00:00,67768.1,68524.8,67406.5,0.1312,swing_low,0.1312,14,,blocked,0.1312,0,0.0926,96.0,476.49,10,6,BAD,missed_no_move_in_4h,absorption_reversal_long
BTC-USDT-SWAP-LONG-1772870125000-16,2026-03-07,LONG,2026-03-07T08:09:05+00:00,67762.6,68524.8,67406.5,0.2348,swing_low,0.2348,18,,blocked,0.2348,0,0.0935,100.0,800.4,15,6,BAD,missed_no_move_in_4h,absorption_reversal_long
BTC-USDT-SWAP-SHORT-1772867910000-12,2026-03-07,SHORT,2026-03-07T07:21:31+00:00,67593.1,68524.8,67406.5,0.0638,hvn,0.0638,2,,blocked,0.0638,0,0.095,66.0,620.85,10,6,BAD,missed_no_move_in_4h,absorption_reversal_short
BTC-USDT-SWAP-LONG-1772866698000-11,2026-03-07,LONG,2026-03-07T07:11:23+00:00,67480.0,68524.8,67406.5,0.6965,swing_low,0.6965,19,,blocked,0.6965,0,0.0933,88.0,589.25,12,6,BAD,missed_no_move_in_4h,retest_after_breakout_long
BTC-USDT-SWAP-LONG-1772872987000-18,2026-03-07,LONG,2026-03-07T08:52:22+00:00,67872.1,68524.8,67406.5,0.1148,swing_low,0.1148,14,,blocked,0.1148,0,0.0965,70.0,476.49,11,6,BAD,missed_no_move_in_4h,retest_after_breakout_long
BTC-USDT-SWAP-LONG-1772872211000-17,2026-03-07,LONG,2026-03-07T08:33:11+00:00,67935.3,68524.8,67406.5,0.0952,hvn,0.0952,12,,blocked,0.0952,0,0.0927,97.0,887.51,11,6,BAD,missed_no_move_in_4h,absorption_reversal_long
BTC-USDT-SWAP-SHORT-1772868613000-13,2026-03-07,SHORT,2026-03-07T07:33:13+00:00,67676.1,68524.8,67406.5,0.1124,hvn,0.1124,3,,blocked,0.1124,0,0.0933,81.0,1009.01,15,6,BAD,missed_no_move_in_4h,absorption_reversal_short
BTC-USDT-SWAP-LONG-1772877219000-19,2026-03-07,LONG,2026-03-07T09:56:39+00:00,67999.9,68524.8,67406.5,0.0838,swing_low,0.0838,8,,blocked,0.0838,0,0.0997,52.0,476.49,15,6,BAD,missed_no_move_in_4h,absorption_reversal_long
BTC-USDT-SWAP-SHORT-1772869703000-14,2026-03-07,SHORT,2026-03-07T07:51:23+00:00,67780.0,68524.8,67406.5,0.118,hvn,0.118,4,,blocked,0.118,0,0.0929,77.0,1721.11,16,6,BAD,missed_no_move_in_4h,retest_after_breakout_short
BTC-USDT-SWAP-SHORT-1772892481000-20,2026-03-07,SHORT,2026-03-07T14:20:45+00:00,67720.1,68524.8,67406.5,0.1407,swing_low,0.1407,2,,blocked,0.1407,0,0.0972,66.0,634.6,7,5,BAD,missed_no_move_in_4h,absorption_reversal_short
BTC-USDT-SWAP-SHORT-1772906920000-21,2026-03-07,SHORT,2026-03-07T18:12:10+00:00,67590.1,68524.8,67406.5,0.2716,session_low,0.2716,1,,blocked,0.2716,0,0.1029,42.0,532.39,5,4,BAD,missed_no_move_in_4h,retest_after_breakout_short
BTC-USDT-SWAP-SHORT-1772910598000-22,2026-03-07,SHORT,2026-03-07T19:24:40+00:00,67347.2,68524.8,67200.0,0.2186,session_low,0.2186,1,,blocked,0.2186,0,0.1039,38.0,255.87,11,5,BAD,missed_no_move_in_4h,absorption_reversal_short
BTC-USDT-SWAP-SHORT-1772911480000-23,2026-03-07,SHORT,2026-03-07T19:38:25+00:00,67270.0,68524.8,67136.1,0.199,session_low,0.199,1,,blocked,0.199,0,0.0989,56.0,772.41,10,5,BAD,missed_no_move_in_4h,absorption_reversal_short
BTC-USDT-SWAP-LONG-1772913422000-24,2026-03-07,LONG,2026-03-07T20:00:02+00:00,67033.0,68524.8,66880.4,0.7443,swing_high,0.7443,20,68524.8,session_high,2.2255,1,0.0934,87.0,953.59,14,6,BAD,missed_no_move_in_4h,absorption_reversal_long
BTC-USDT-SWAP-LONG-1772913488000-25,2026-03-07,LONG,2026-03-07T20:13:02+00:00,67243.2,68524.8,66880.4,0.4711,swing_low,0.4711,15,,blocked,0.4711,0,0.096,69.0,476.49,8,6,BAD,missed_no_move_in_4h,absorption_reversal_long
BTC-USDT-SWAP-LONG-1772916785000-26,2026-03-07,LONG,2026-03-07T21:00:26+00:00,67341.2,68524.8,66880.4,0.3843,hvn,0.3843,17,,blocked,0.3843,0,0.0961,61.0,501.2,13,6,BAD,missed_no_move_in_4h,absorption_reversal_long
BTC-USDT-SWAP-LONG-1772919621000-27,2026-03-07,LONG,2026-03-07T22:00:03+00:00,67393.0,68524.8,66880.4,0.074,swing_high,0.074,12,,blocked,0.074,0,0.0946,74.0,476.49,9,6,BAD,missed_no_move_in_4h,retest_after_breakout_long
BTC-USDT-SWAP-SHORT-1772930593000-4,2026-03-08,SHORT,2026-03-08T00:46:13+00:00,67244.4,67463.1,67209.0,0.0526,session_low,0.0526,4,,blocked,0.0526,0,0.093,96.0,936.39,12,5,BAD,missed_no_move_in_4h,absorption_reversal_short
BTC-USDT-SWAP-LONG-1772931158000-5,2026-03-08,LONG,2026-03-08T00:56:28+00:00,67156.7,67463.1,67148.8,0.0645,hvn,0.0645,16,,blocked,0.0645,0,0.088,94.0,13171.67,11,5,BAD,missed_no_move_in_4h,absorption_reversal_long
BTC-USDT-SWAP-SHORT-1772928898000-2,2026-03-08,SHORT,2026-03-08T00:17:58+00:00,67392.0,67429.8,67224.2,0.0623,hvn,0.0623,9,,blocked,0.0623,0,0.0924,103.0,1529.5,10,5,BAD,missed_no_move_in_4h,absorption_reversal_short
BTC-USDT-SWAP-SHORT-1772932298000-6,2026-03-08,SHORT,2026-03-08T01:14:53+00:00,67245.1,67463.1,67125.0,0.0671,hvn,0.0671,5,,blocked,0.0671,0,0.0938,78.0,777.51,11,5,BAD,missed_no_move_in_4h,absorption_reversal_short
BTC-USDT-SWAP-SHORT-1772937050000-7,2026-03-08,SHORT,2026-03-08T02:33:50+00:00,67129.3,67463.1,67058.1,0.1061,session_low,0.1061,1,,blocked,0.1061,0,0.0966,67.0,595.56,16,4,BAD,missed_no_move_in_4h,retest_after_breakout_short
BTC-USDT-SWAP-LONG-1772928031000-1,2026-03-08,LONG,2026-03-08T00:30:45+00:00,67331.2,67463.1,67224.2,0.1022,hvn,0.1022,6,,blocked,0.1022,0,0.0951,84.0,600.43,14,5,BAD,missed_no_move_in_4h,absorption_reversal_long
BTC-USDT-SWAP-LONG-1772929845000-3,2026-03-08,LONG,2026-03-08T00:40:18+00:00,67280.0,67463.1,67217.6,0.104,hvn,0.104,9,,blocked,0.104,0,0.0887,79.0,13152.72,8,5,BAD,missed_no_move_in_4h,absorption_reversal_long
BTC-USDT-SWAP-SHORT-1772937086000-8,2026-03-08,SHORT,2026-03-08T02:34:26+00:00,67160.9,67463.1,67058.1,0.1531,session_low,0.1531,1,,blocked,0.1531,0,0.0947,89.0,595.31,18,4,BAD,missed_no_move_in_4h,absorption_reversal_short
BTC-USDT-SWAP-SHORT-1772942112000-11,2026-03-08,SHORT,2026-03-08T04:05:17+00:00,66980.4,67463.1,66800.0,0.2693,session_low,0.2693,1,,blocked,0.2693,0,0.0946,80.0,598.12,16,4,BAD,missed_no_move_in_4h,absorption_reversal_short
BTC-USDT-SWAP-SHORT-1772938604000-10,2026-03-08,SHORT,2026-03-08T03:08:36+00:00,66942.2,67463.1,66800.0,0.2124,session_low,0.2124,1,,blocked,0.2124,0,0.0947,79.0,640.55,11,4,BAD,missed_no_move_in_4h,absorption_reversal_short
BTC-USDT-SWAP-SHORT-1772945605000-12,2026-03-08,SHORT,2026-03-08T05:12:16+00:00,66896.6,67463.1,66510.6,0.577,session_low,0.577,1,,blocked,0.577,0,0.0984,69.0,654.5,16,5,BAD,missed_no_move_in_4h,absorption_reversal_short
BTC-USDT-SWAP-LONG-1772954182000-14,2026-03-08,LONG,2026-03-08T07:19:22+00:00,67350.3,67463.1,66510.6,0.118,swing_high,0.118,2,,blocked,0.118,0,0.0973,73.0,593.7,13,5,GOOD,covered_watch_early,absorption_reversal_long
BTC-USDT-SWAP-SHORT-1772955851000-15,2026-03-08,SHORT,2026-03-08T08:02:34+00:00,67249.9,67463.1,66510.6,0.0778,swing_high,0.0778,14,,blocked,0.0778,0,0.0984,68.0,594.5,16,5,BAD,wrong_direction,retest_after_breakout_short
BTC-USDT-SWAP-LONG-1772956387000-16,2026-03-08,LONG,2026-03-08T08:06:41+00:00,67270.0,67463.1,66510.6,0.0706,swing_high,0.0706,5,,blocked,0.0706,0,0.0959,56.0,4461.81,13,5,GOOD,covered_watch_early,absorption_reversal_long
BTC-USDT-SWAP-LONG-1772960006000-18,2026-03-08,LONG,2026-03-08T09:05:11+00:00,67504.6,67555.0,66510.6,0.0747,session_high,0.0747,1,,blocked,0.0747,0,0.1023,47.0,404.92,10,6,GOOD,covered_watch_early,absorption_reversal_long
BTC-USDT-SWAP-LONG-1772960711000-20,2026-03-08,LONG,2026-03-08T09:08:24+00:00,67459.1,67555.0,66510.6,0.1422,session_high,0.1422,1,,blocked,0.1422,0,0.0993,56.0,543.19,14,6,GOOD,covered_watch_early,absorption_reversal_long
BTC-USDT-SWAP-LONG-1772945971000-13,2026-03-08,LONG,2026-03-08T05:30:31+00:00,67143.1,67463.1,66510.6,0.0812,swing_high,0.0812,14,,blocked,0.0812,0,0.0997,56.0,1206.38,19,5,GOOD,covered_watch_early,absorption_reversal_long
BTC-USDT-SWAP-SHORT-1772959740000-17,2026-03-08,SHORT,2026-03-08T09:00:13+00:00,67479.5,67555.0,66510.6,0.151,swing_high,0.151,20,,blocked,0.151,0,0.1005,52.0,338.85,13,6,BAD,wrong_direction,absorption_reversal_short
BTC-USDT-SWAP-LONG-1772961897000-22,2026-03-08,LONG,2026-03-08T09:38:26+00:00,67727.4,67866.0,66510.6,0.2046,session_high,0.2046,1,,blocked,0.2046,0,0.0981,59.0,590.63,16,7,MID,covered_mid,retest_after_breakout_long
BTC-USDT-SWAP-SHORT-1772961574000-21,2026-03-08,SHORT,2026-03-08T09:31:48+00:00,67714.3,67866.0,66510.6,0.5823,swing_high,0.5823,19,,blocked,0.5823,0,0.0973,60.0,590.22,11,7,BAD,wrong_direction,retest_after_breakout_short
BTC-USDT-SWAP-LONG-1772938557000-9,2026-03-08,LONG,2026-03-08T03:03:06+00:00,66939.3,67463.1,66800.0,0.2021,swing_low,0.2021,24,,blocked,0.2021,0,0.0978,56.0,612.65,19,4,BAD,missed_no_move_in_4h,absorption_reversal_long
BTC-USDT-SWAP-SHORT-1772966351000-24,2026-03-08,SHORT,2026-03-08T10:42:11+00:00,67942.3,68167.6,66510.6,0.283,hvn,0.283,16,66510.6,session_low,2.1072,1,0.0943,66.0,2812.89,9,8,BAD,missed_no_move_in_4h,retest_after_breakout_short
BTC-USDT-SWAP-SHORT-1772965735000-23,2026-03-08,SHORT,2026-03-08T10:35:29+00:00,68000.0,68167.6,66510.6,0.3676,hvn,0.3676,19,66510.6,session_low,2.1903,1,0.0977,58.0,1111.95,11,8,BAD,missed_no_move_in_4h,absorption_reversal_short
BTC-USDT-SWAP-SHORT-1772960413000-19,2026-03-08,SHORT,2026-03-08T09:19:34+00:00,67746.0,67866.0,66510.6,0.5143,swing_high,0.5143,20,,blocked,0.5143,0,0.0981,68.0,590.12,12,7,BAD,wrong_direction,absorption_reversal_short
BTC-USDT-SWAP-LONG-1772966741000-25,2026-03-08,LONG,2026-03-08T11:13:02+00:00,67539.1,68167.6,66510.6,0.1541,swing_low,0.1541,6,,blocked,0.1541,0,0.0936,70.0,3609.23,11,8,BAD,missed_no_move_in_4h,absorption_reversal_long
BTC-USDT-SWAP-LONG-1773009806000-28,2026-03-08,LONG,2026-03-08T22:46:26+00:00,66114.2,68167.6,65566.9,0.9617,swing_low,0.9617,14,68167.6,session_high,3.1058,1,0.0996,52.0,739.46,7,8,BAD,missed_no_move_in_4h,retest_after_breakout_long
BTC-USDT-SWAP-SHORT-1773008368000-26,2026-03-08,SHORT,2026-03-08T22:31:07+00:00,65737.1,68167.6,65566.9,0.2589,session_low,0.2589,1,,blocked,0.2589,0,0.0981,67.0,236.26,10,8,BAD,missed_no_move_in_4h,absorption_reversal_short
BTC-USDT-SWAP-SHORT-1773008374000-27,2026-03-08,SHORT,2026-03-08T22:31:07+00:00,65737.1,68167.6,65566.9,0.2589,session_low,0.2589,1,,blocked,0.2589,0,0.0981,67.0,236.26,10,8,BAD,missed_no_move_in_4h,absorption_reversal_short
BTC-USDT-SWAP-LONG-1773009907000-29,2026-03-08,LONG,2026-03-08T23:08:17+00:00,66214.2,68167.6,65566.9,0.2051,hvn,0.2051,15,68167.6,session_high,2.9501,1,0.0969,80.0,603.36,7,9,BAD,missed_no_move_in_4h,absorption_reversal_long
BTC-USDT-SWAP-SHORT-1773010345000-30,2026-03-08,SHORT,2026-03-08T22:59:50+00:00,66197.9,68167.6,65566.9,0.299,hvn,0.299,2,,blocked,0.299,0,0.0972,72.0,604.27,7,8,BAD,missed_no_move_in_4h,retest_after_breakout_short
BTC-USDT-SWAP-SHORT-1773012685000-31,2026-03-08,SHORT,2026-03-08T23:52:04+00:00,66056.5,68167.6,65566.9,0.0855,hvn,0.0855,3,,blocked,0.0855,0,0.1019,42.0,172.84,5,9,BAD,missed_no_move_in_4h,absorption_reversal_short
BTC-USDT-SWAP-SHORT-1773012754000-32,2026-03-08,SHORT,2026-03-08T23:52:04+00:00,66056.5,68167.6,65566.9,0.0855,hvn,0.0855,3,,blocked,0.0855,0,0.1019,42.0,172.84,5,9,BAD,missed_no_move_in_4h,absorption_reversal_short
BTC-USDT-SWAP-SHORT-1773013924000-33,2026-03-08,SHORT,2026-03-08T23:55:04+00:00,66004.8,68167.6,65566.9,0.6634,session_low,0.6634,1,,blocked,0.6634,0,0.0994,56.0,511.15,6,9,BAD,missed_no_move_in_4h,absorption_reversal_short
BTC-USDT-SWAP-SHORT-1773014431000-1,2026-03-09,SHORT,2026-03-09T00:13:27+00:00,66245.9,66400.4,65909.7,0.0693,swing_high,0.0693,7,,blocked,0.0693,0,0.0969,74.0,724.27,7,9,BAD,missed_no_move_in_4h,absorption_reversal_short
BTC-USDT-SWAP-LONG-1773017505000-4,2026-03-09,LONG,2026-03-09T01:00:02+00:00,66313.3,66735.8,65781.7,0.0553,hvn,0.0553,8,,blocked,0.0553,0,0.0987,48.0,238.02,8,9,BAD,missed_no_move_in_4h,absorption_reversal_long
BTC-USDT-SWAP-LONG-1773016156000-3,2026-03-09,LONG,2026-03-09T00:51:45+00:00,66417.8,66735.8,65781.7,0.4788,session_high,0.4788,7,,blocked,0.4788,0,0.1005,51.0,247.16,7,9,BAD,missed_no_move_in_4h,retest_after_breakout_long
BTC-USDT-SWAP-SHORT-1773015207000-2,2026-03-09,SHORT,2026-03-09T00:40:15+00:00,66458.9,66735.8,65781.7,0.1639,hvn,0.1639,10,,blocked,0.1639,0,0.0999,56.0,601.1,8,9,BAD,missed_no_move_in_4h,absorption_reversal_short
BTC-USDT-SWAP-LONG-1773028538000-9,2026-03-09,LONG,2026-03-09T03:58:46+00:00,67166.7,67660.0,65781.7,0.7344,session_high,0.7344,1,,blocked,0.7344,0,0.1048,38.0,221.7,3,10,BAD,missed_no_move_in_4h,absorption_reversal_long
BTC-USDT-SWAP-LONG-1773031454000-10,2026-03-09,LONG,2026-03-09T04:51:15+00:00,67437.8,67660.0,65781.7,0.1335,swing_high,0.1335,2,,blocked,0.1335,0,0.1001,54.0,380.86,8,10,BAD,missed_no_move_in_4h,retest_after_breakout_long
BTC-USDT-SWAP-LONG-1773027249000-8,2026-03-09,LONG,2026-03-09T03:55:38+00:00,67094.4,67660.0,65781.7,0.843,session_high,0.843,1,,blocked,0.843,0,0.1022,38.0,1221.53,1,10,BAD,missed_no_move_in_4h,retest_after_breakout_long
BTC-USDT-SWAP-LONG-1773026901000-6,2026-03-09,LONG,2026-03-09T03:31:21+00:00,67183.3,67660.0,65781.7,0.2228,swing_high,0.2228,2,,blocked,0.2228,0,0.1017,47.0,595.33,4,10,BAD,missed_no_move_in_4h,absorption_reversal_long
BTC-USDT-SWAP-LONG-1773027138000-7,2026-03-09,LONG,2026-03-09T03:35:18+00:00,67247.5,67660.0,65781.7,0.6134,swing_high,0.6134,2,,blocked,0.6134,0,0.0992,58.0,264.28,8,10,BAD,missed_no_move_in_4h,absorption_reversal_long
BTC-USDT-SWAP-SHORT-1773025639000-5,2026-03-09,SHORT,2026-03-09T03:16:32+00:00,67355.3,67566.3,65781.7,0.28,swing_low,0.28,12,66000.0,hvn,2.0122,1,0.0986,67.0,402.02,5,9,MID,noisy_partial_1_5,retest_after_breakout_short
BTC-USDT-SWAP-SHORT-1773037195000-15,2026-03-09,SHORT,2026-03-09T06:22:55+00:00,67525.1,68030.0,65781.7,0.1853,hvn,0.1853,14,66000.0,hvn,2.2586,1,0.096,69.0,619.35,5,11,MID,noisy_partial_1_5,absorption_reversal_short
BTC-USDT-SWAP-SHORT-1773037247000-16,2026-03-09,SHORT,2026-03-09T06:23:47+00:00,67540.0,68030.0,65781.7,0.2073,hvn,0.2073,12,66072.2,swing_low,2.1732,1,0.0955,75.0,709.73,5,11,MID,noisy_partial_1_5,absorption_reversal_short
BTC-USDT-SWAP-SHORT-1773038614000-17,2026-03-09,SHORT,2026-03-09T06:46:34+00:00,67274.7,68030.0,65781.7,0.1854,hvn,0.1854,7,65928.2,swing_low,2.0015,1,0.0944,73.0,894.48,4,10,MID,noisy_partial_1_5,absorption_reversal_short
BTC-USDT-SWAP-SHORT-1773038772000-18,2026-03-09,SHORT,2026-03-09T06:53:03+00:00,67242.7,68030.0,65781.7,0.1379,hvn,0.1379,8,65781.7,session_low,2.1727,1,0.0861,51.0,22315.74,4,10,MID,noisy_partial_1_5,absorption_reversal_short
BTC-USDT-SWAP-LONG-1773036656000-13,2026-03-09,LONG,2026-03-09T06:49:30+00:00,67320.0,68030.0,65781.7,0.1188,hvn,0.1188,4,,blocked,0.1188,0,0.0951,55.0,2041.31,2,10,BAD,missed_no_move_in_4h,retest_after_breakout_long
BTC-USDT-SWAP-LONG-1773036806000-14,2026-03-09,LONG,2026-03-09T06:49:30+00:00,67320.0,68030.0,65781.7,0.1188,hvn,0.1188,4,,blocked,0.1188,0,0.0951,55.0,2041.31,2,10,BAD,missed_no_move_in_4h,retest_after_breakout_long
BTC-USDT-SWAP-SHORT-1773035662000-12,2026-03-09,SHORT,2026-03-09T06:01:43+00:00,67800.0,68030.0,65781.7,0.9587,hvn,0.9587,4,66350.0,hvn,2.1386,1,0.0979,55.0,594.9,3,11,MID,noisy_partial_1_5,absorption_reversal_short
BTC-USDT-SWAP-SHORT-1773040375000-19,2026-03-09,SHORT,2026-03-09T07:31:03+00:00,67191.5,68030.0,65781.7,0.0618,hvn,0.0618,9,65781.7,session_low,2.0982,1,0.0984,63.0,554.43,6,10,MID,noisy_partial_1_5,retest_after_breakout_short
BTC-USDT-SWAP-SHORT-1773042144000-20,2026-03-09,SHORT,2026-03-09T07:46:11+00:00,67344.8,68030.0,65781.7,0.0665,hvn,0.0665,6,65965.7,swing_low,2.0478,1,0.1002,51.0,539.94,2,10,MID,noisy_partial_1_5,absorption_reversal_short
BTC-USDT-SWAP-LONG-1773045274000-22,2026-03-09,LONG,2026-03-09T08:49:37+00:00,67714.1,68030.0,65781.7,0.4665,session_high,0.4665,1,,blocked,0.4665,0,0.0988,68.0,853.95,4,10,BAD,missed_no_move_in_4h,absorption_reversal_long
BTC-USDT-SWAP-SHORT-1773045071000-21,2026-03-09,SHORT,2026-03-09T08:44:09+00:00,67720.0,68030.0,65781.7,0.251,hvn,0.251,12,65781.7,session_low,2.8622,1,0.0986,64.0,537.02,2,10,MID,noisy_partial_1_5,retest_after_breakout_short
BTC-USDT-SWAP-SHORT-1773035272000-11,2026-03-09,SHORT,2026-03-09T05:54:22+00:00,67841.4,68030.0,65781.7,0.913,swing_high,0.913,3,66450.0,hvn,2.051,1,0.0959,77.0,579.47,7,11,MID,noisy_partial_1_5,absorption_reversal_short
BTC-USDT-SWAP-SHORT-1773052725000-24,2026-03-09,SHORT,2026-03-09T11:07:57+00:00,67700.2,68425.6,65781.7,0.148,hvn,0.148,8,65781.7,session_low,2.8338,1,0.0973,59.0,499.11,1,8,MID,noisy_partial_1_5,absorption_reversal_short
BTC-USDT-SWAP-LONG-1773053059000-25,2026-03-09,LONG,2026-03-09T10:48:01+00:00,67651.3,68425.6,65781.7,0.0789,swing_high,0.0789,5,,blocked,0.0789,0,0.1005,51.0,238.07,2,9,BAD,missed_no_move_in_4h,absorption_reversal_long
BTC-USDT-SWAP-LONG-1773059253000-26,2026-03-09,LONG,2026-03-09T12:51:40+00:00,68074.8,68425.6,65781.7,0.5153,session_high,0.5153,1,,blocked,0.5153,0,0.1016,54.0,184.27,5,8,BAD,missed_no_move_in_4h,retest_after_breakout_long
BTC-USDT-SWAP-LONG-1773059276000-27,2026-03-09,LONG,2026-03-09T12:51:40+00:00,68074.8,68425.6,65781.7,0.5153,session_high,0.5153,1,,blocked,0.5153,0,0.1016,54.0,184.27,5,8,BAD,missed_no_move_in_4h,retest_after_breakout_long
BTC-USDT-SWAP-SHORT-1773060996000-29,2026-03-09,SHORT,2026-03-09T13:03:23+00:00,68177.9,68425.6,65781.7,0.2609,hvn,0.2609,10,65781.7,session_low,3.5146,1,0.099,64.0,396.5,2,8,MID,noisy_partial_1_5,absorption_reversal_short
BTC-USDT-SWAP-SHORT-1773060141000-28,2026-03-09,SHORT,2026-03-09T12:56:36+00:00,68066.4,68425.6,65781.7,0.0976,hvn,0.0976,12,65781.7,session_low,3.3566,1,0.0981,74.0,418.91,4,8,MID,noisy_partial_1_5,retest_after_breakout_short
BTC-USDT-SWAP-LONG-1773063517000-30,2026-03-09,LONG,2026-03-09T13:41:37+00:00,68823.9,68998.0,65781.7,0.253,session_high,0.253,1,,blocked,0.253,0,0.1021,56.0,272.33,0,10,BAD,missed_no_move_in_4h,retest_after_breakout_long
BTC-USDT-SWAP-LONG-1773063532000-31,2026-03-09,LONG,2026-03-09T13:41:53+00:00,68744.7,68998.0,65781.7,0.3685,session_high,0.3685,1,,blocked,0.3685,0,0.0975,96.0,226.37,5,10,BAD,missed_no_move_in_4h,absorption_reversal_long
BTC-USDT-SWAP-LONG-1773064788000-33,2026-03-09,LONG,2026-03-09T14:02:50+00:00,69094.6,69269.3,65781.7,0.2528,session_high,0.2528,1,,blocked,0.2528,0,0.1006,48.0,1106.93,1,11,BAD,missed_no_move_in_4h,absorption_reversal_long
BTC-USDT-SWAP-LONG-1773066205000-36,2026-03-09,LONG,2026-03-09T14:28:44+00:00,69117.0,69269.3,65781.7,0.2204,session_high,0.2204,1,,blocked,0.2204,0,0.1027,45.0,189.59,2,11,MID,noisy_partial_1_5,absorption_reversal_long
BTC-USDT-SWAP-LONG-1773064671000-32,2026-03-09,LONG,2026-03-09T14:02:03+00:00,68972.0,69269.3,65781.7,0.431,session_high,0.431,1,,blocked,0.431,0,0.0947,70.0,1705.16,3,11,BAD,missed_no_move_in_4h,absorption_reversal_long
BTC-USDT-SWAP-SHORT-1773066123000-34,2026-03-09,SHORT,2026-03-09T14:36:53+00:00,69239.3,69409.7,65781.7,0.0568,hvn,0.0568,9,67800.0,hvn,2.0787,1,0.1018,57.0,374.91,3,12,MID,noisy_partial_1_5,retest_after_breakout_short
BTC-USDT-SWAP-SHORT-1773066127000-35,2026-03-09,SHORT,2026-03-09T14:36:53+00:00,69239.3,69409.7,65781.7,0.0568,hvn,0.0568,9,67800.0,hvn,2.0787,1,0.1018,57.0,374.91,3,12,MID,noisy_partial_1_5,retest_after_breakout_short
BTC-USDT-SWAP-SHORT-1773070746000-38,2026-03-09,SHORT,2026-03-09T15:42:08+00:00,68792.1,69460.0,65781.7,0.0612,hvn,0.0612,7,67406.2,swing_low,2.0146,1,0.1012,54.0,273.23,5,10,MID,noisy_partial_1_5,absorption_reversal_short
BTC-USDT-SWAP-SHORT-1773070714000-37,2026-03-09,SHORT,2026-03-09T15:41:34+00:00,68792.1,69460.0,65781.7,0.0612,hvn,0.0612,7,67327.1,swing_low,2.1296,1,0.0978,79.0,347.63,2,10,MID,noisy_partial_1_5,absorption_reversal_short
BTC-USDT-SWAP-SHORT-1773072008000-39,2026-03-09,SHORT,2026-03-09T16:14:32+00:00,68780.7,69460.0,65781.7,0.1173,hvn,0.1173,7,65781.7,session_low,4.3602,1,0.0959,85.0,402.69,3,10,MID,noisy_partial_1_5,absorption_reversal_short
BTC-USDT-SWAP-LONG-1773077548000-40,2026-03-09,LONG,2026-03-09T17:35:28+00:00,68634.6,69460.0,65781.7,0.0953,hvn,0.0953,11,,blocked,0.0953,0,0.0959,70.0,583.53,3,10,MID,noisy_partial_1_5,absorption_reversal_long
BTC-USDT-SWAP-LONG-1773080726000-44,2026-03-09,LONG,2026-03-09T18:28:48+00:00,68521.3,69460.0,65781.7,0.2608,hvn,0.2608,12,,blocked,0.2608,0,0.0982,59.0,410.73,4,10,MID,noisy_partial_1_5,absorption_reversal_long
BTC-USDT-SWAP-LONG-1773079906000-42,2026-03-09,LONG,2026-03-09T18:25:26+00:00,68524.6,69460.0,65781.7,0.256,hvn,0.256,13,,blocked,0.256,0,0.097,70.0,379.37,2,10,MID,noisy_partial_1_5,absorption_reversal_long
BTC-USDT-SWAP-SHORT-1773079208000-41,2026-03-09,SHORT,2026-03-09T18:16:05+00:00,68386.8,69460.0,65781.7,0.2585,swing_low,0.2585,1,65781.7,session_low,3.8094,1,0.1006,51.0,204.72,1,10,BAD,missed_no_move_in_4h,absorption_reversal_short
BTC-USDT-SWAP-SHORT-1773080165000-43,2026-03-09,SHORT,2026-03-09T18:22:28+00:00,68449.8,69460.0,65781.7,1.1832,swing_high,1.1832,1,65781.7,session_low,3.8979,1,0.0993,58.0,379.66,7,10,BAD,missed_no_move_in_4h,absorption_reversal_short
BTC-USDT-SWAP-SHORT-1773094256000-45,2026-03-09,SHORT,2026-03-09T22:13:56+00:00,68707.1,69547.6,65781.7,0.4179,swing_high,0.4179,2,65781.7,session_low,4.2578,1,0.0998,56.0,346.79,4,6,BAD,missed_no_move_in_4h,retest_after_breakout_short
BTC-USDT-SWAP-SHORT-1773097331000-48,2026-03-09,SHORT,2026-03-09T23:12:49+00:00,68585.0,69547.6,65781.7,0.1076,swing_high,0.1076,2,65781.7,session_low,4.0873,1,0.0982,62.0,435.81,5,6,BAD,missed_no_move_in_4h,absorption_reversal_short
BTC-USDT-SWAP-SHORT-1773094321000-46,2026-03-09,SHORT,2026-03-09T22:18:28+00:00,68695.1,69547.6,65781.7,0.4005,swing_high,0.4005,1,65781.7,session_low,4.2411,1,0.1029,42.0,216.34,4,6,BAD,missed_no_move_in_4h,absorption_reversal_short
BTC-USDT-SWAP-LONG-1773096154000-47,2026-03-09,LONG,2026-03-09T22:55:24+00:00,68624.9,69547.6,65781.7,0.073,swing_low,0.073,12,,blocked,0.073,0,0.101,53.0,405.33,7,6,BAD,missed_no_move_in_4h,retest_after_breakout_long
BTC-USDT-SWAP-LONG-1773100831000-1,2026-03-10,LONG,2026-03-10T00:09:20+00:00,68426.8,68466.6,68350.9,0.0582,session_high,0.0582,7,,blocked,0.0582,0,0.0953,63.0,566.85,2,6,GOOD,covered_watch_early,absorption_reversal_long
BTC-USDT-SWAP-LONG-1773104310000-6,2026-03-10,LONG,2026-03-10T01:01:30+00:00,69167.0,69257.6,68350.9,0.131,session_high,0.131,1,,blocked,0.131,0,0.0988,57.0,904.97,5,6,GOOD,covered_watch_early,absorption_reversal_long
BTC-USDT-SWAP-LONG-1773106071000-9,2026-03-10,LONG,2026-03-10T01:43:10+00:00,68862.3,69257.6,68350.9,0.0547,hvn,0.0547,6,,blocked,0.0547,0,0.0996,58.0,215.17,6,6,GOOD,covered_watch_early,retest_after_breakout_long
BTC-USDT-SWAP-SHORT-1773101678000-2,2026-03-10,SHORT,2026-03-10T00:33:05+00:00,68861.6,69015.0,68350.9,0.0895,hvn,0.0895,7,,blocked,0.0895,0,0.1009,55.0,240.61,3,6,BAD,wrong_direction,absorption_reversal_short
BTC-USDT-SWAP-SHORT-1773101724000-3,2026-03-10,SHORT,2026-03-10T00:33:05+00:00,68861.6,69015.0,68350.9,0.0895,hvn,0.0895,7,,blocked,0.0895,0,0.1009,55.0,240.61,3,6,BAD,wrong_direction,absorption_reversal_short
BTC-USDT-SWAP-LONG-1773104480000-7,2026-03-10,LONG,2026-03-10T01:04:20+00:00,69110.7,69257.6,68350.9,0.2126,session_high,0.2126,1,,blocked,0.2126,0,0.097,76.0,852.61,3,6,GOOD,covered_watch_early,absorption_reversal_long
BTC-USDT-SWAP-LONG-1773104532000-8,2026-03-10,LONG,2026-03-10T01:07:26+00:00,69164.6,69257.6,68350.9,0.1345,session_high,0.1345,1,,blocked,0.1345,0,0.1011,53.0,258.78,3,6,GOOD,covered_watch_early,retest_after_breakout_long
BTC-USDT-SWAP-LONG-1773106990000-10,2026-03-10,LONG,2026-03-10T02:12:51+00:00,69141.8,69358.9,68350.9,0.0842,hvn,0.0842,2,,blocked,0.0842,0,0.0985,65.0,578.16,8,6,GOOD,covered_watch_early,absorption_reversal_long
BTC-USDT-SWAP-SHORT-1773102785000-4,2026-03-10,SHORT,2026-03-10T00:42:04+00:00,69061.8,69175.1,68350.9,0.0895,hvn,0.0895,10,,blocked,0.0895,0,0.0981,65.0,617.25,3,6,BAD,wrong_direction,retest_after_breakout_short
BTC-USDT-SWAP-SHORT-1773103324000-5,2026-03-10,SHORT,2026-03-10T00:45:25+00:00,69116.0,69175.1,68350.9,0.0868,swing_high,0.0868,15,,blocked,0.0868,0,0.098,70.0,406.41,8,6,BAD,wrong_direction,absorption_reversal_short
BTC-USDT-SWAP-SHORT-1773113999000-12,2026-03-10,SHORT,2026-03-10T03:42:59+00:00,69958.5,70550.0,68350.9,1.0788,swing_high,1.0788,9,68510.0,swing_low,2.0705,1,0.0962,59.0,601.73,5,10,BAD,wrong_direction,retest_after_breakout_short
BTC-USDT-SWAP-LONG-1773111721000-11,2026-03-10,LONG,2026-03-10T03:08:11+00:00,70165.3,70550.0,68350.9,0.2632,hvn,0.2632,2,,blocked,0.2632,0,0.0957,56.0,759.23,5,10,MID,covered_mid,absorption_reversal_long
BTC-USDT-SWAP-SHORT-1773115229000-15,2026-03-10,SHORT,2026-03-10T04:09:58+00:00,69567.6,70550.0,68350.9,0.4456,swing_high,0.4456,11,,blocked,0.4456,0,0.0926,62.0,747.55,7,10,BAD,wrong_direction,absorption_reversal_short
BTC-USDT-SWAP-LONG-1773116500000-17,2026-03-10,LONG,2026-03-10T04:34:05+00:00,69826.7,70550.0,68350.9,0.2482,hvn,0.2482,6,,blocked,0.2482,0,0.0983,52.0,640.49,8,10,MID,covered_mid,retest_after_breakout_long
BTC-USDT-SWAP-LONG-1773118368000-19,2026-03-10,LONG,2026-03-10T04:55:48+00:00,69885.9,70550.0,68350.9,0.1633,hvn,0.1633,5,,blocked,0.1633,0,0.0978,54.0,343.13,6,10,MID,covered_mid,absorption_reversal_long
BTC-USDT-SWAP-LONG-1773116566000-18,2026-03-10,LONG,2026-03-10T04:34:05+00:00,69826.7,70550.0,68350.9,0.2482,hvn,0.2482,6,,blocked,0.2482,0,0.0983,52.0,640.49,8,10,MID,covered_mid,retest_after_breakout_long
BTC-USDT-SWAP-LONG-1773115703000-16,2026-03-10,LONG,2026-03-10T04:21:40+00:00,69674.8,70550.0,68350.9,0.4667,hvn,0.4667,5,,blocked,0.4667,0,0.0996,46.0,408.31,1,10,MID,covered_mid,retest_after_breakout_long
BTC-USDT-SWAP-LONG-1773120716000-23,2026-03-10,LONG,2026-03-10T05:43:12+00:00,69909.7,70550.0,68350.9,0.0576,hvn,0.0576,7,,blocked,0.0576,0,0.0971,61.0,870.09,4,10,MID,covered_mid,absorption_reversal_long
BTC-USDT-SWAP-LONG-1773114910000-14,2026-03-10,LONG,2026-03-10T04:08:23+00:00,69580.0,70550.0,68350.9,0.6036,hvn,0.6036,7,,blocked,0.6036,0,0.0946,73.0,667.58,5,10,MID,covered_mid,absorption_reversal_long
BTC-USDT-SWAP-SHORT-1773114143000-13,2026-03-10,SHORT,2026-03-10T04:00:29+00:00,69409.0,70550.0,68350.9,0.3325,swing_high,0.3325,10,,blocked,0.3325,0,0.0941,79.0,594.08,4,10,BAD,wrong_direction,absorption_reversal_short
BTC-USDT-SWAP-LONG-1773119418000-20,2026-03-10,LONG,2026-03-10T05:31:56+00:00,70049.5,70550.0,68350.9,0.0721,hvn,0.0721,4,,blocked,0.0721,0,0.0983,55.0,598.05,7,10,MID,covered_mid,retest_after_breakout_long
BTC-USDT-SWAP-SHORT-1773119667000-21,2026-03-10,SHORT,2026-03-10T05:17:27+00:00,70176.9,70550.0,68350.9,0.1096,hvn,0.1096,11,68659.9,swing_high,2.1617,1,0.0955,78.0,353.98,4,10,BAD,wrong_direction,absorption_reversal_short
BTC-USDT-SWAP-SHORT-1773119784000-22,2026-03-10,SHORT,2026-03-10T05:21:41+00:00,70113.7,70550.0,68350.9,0.0909,hvn,0.0909,9,68659.9,swing_high,2.0735,1,0.1002,50.0,570.1,4,10,BAD,wrong_direction,retest_after_breakout_short
BTC-USDT-SWAP-LONG-1773127382000-24,2026-03-10,LONG,2026-03-10T07:33:07+00:00,70285.5,70550.0,68350.9,0.0918,hvn,0.0918,2,,blocked,0.0918,0,0.0986,55.0,615.28,5,10,BAD,covered_late,absorption_reversal_long
BTC-USDT-SWAP-LONG-1773127409000-25,2026-03-10,LONG,2026-03-10T07:33:07+00:00,70285.5,70550.0,68350.9,0.0918,hvn,0.0918,2,,blocked,0.0918,0,0.0986,55.0,615.28,5,10,BAD,covered_late,absorption_reversal_long
BTC-USDT-SWAP-SHORT-1773129222000-26,2026-03-10,SHORT,2026-03-10T08:06:20+00:00,70448.1,70686.0,68350.9,0.1393,hvn,0.1393,14,69022.0,swing_low,2.0243,1,0.1031,44.0,276.32,4,11,GOOD,covered_watch_early,absorption_reversal_short
BTC-USDT-SWAP-SHORT-1773132250000-30,2026-03-10,SHORT,2026-03-10T08:51:53+00:00,70731.7,71046.6,68350.9,0.5396,hvn,0.5396,12,69096.2,swing_low,2.3123,1,0.1005,43.0,565.43,5,10,GOOD,covered_watch_early,absorption_reversal_short
BTC-USDT-SWAP-LONG-1773133047000-31,2026-03-10,LONG,2026-03-10T09:01:20+00:00,70647.1,71046.6,68350.9,0.5655,session_high,0.5655,1,,blocked,0.5655,0,0.0955,57.0,545.23,6,10,BAD,covered_late,absorption_reversal_long
BTC-USDT-SWAP-LONG-1773130875000-28,2026-03-10,LONG,2026-03-10T08:30:02+00:00,70816.0,70947.2,68350.9,0.1853,session_high,0.1853,1,,blocked,0.1853,0,0.1,50.0,266.03,9,10,BAD,covered_late,absorption_reversal_long
BTC-USDT-SWAP-LONG-1773132119000-29,2026-03-10,LONG,2026-03-10T08:50:24+00:00,70822.6,71046.6,68350.9,0.3163,session_high,0.3163,1,,blocked,0.3163,0,0.1048,34.0,313.29,6,10,BAD,covered_late,absorption_reversal_long
BTC-USDT-SWAP-SHORT-1773141284000-35,2026-03-10,SHORT,2026-03-10T11:28:02+00:00,70594.2,71262.3,68350.9,0.3672,swing_high,0.3672,9,68350.9,session_low,3.1777,1,0.1019,47.0,285.0,10,9,MID,covered_mid,absorption_reversal_short
BTC-USDT-SWAP-SHORT-1773140970000-34,2026-03-10,SHORT,2026-03-10T11:14:15+00:00,70627.3,71262.3,68350.9,0.4634,hvn,0.4634,4,68350.9,session_low,3.2231,1,0.0983,52.0,1392.89,2,9,MID,covered_mid,absorption_reversal_short
BTC-USDT-SWAP-LONG-1773139318000-33,2026-03-10,LONG,2026-03-10T10:50:17+00:00,70665.5,71262.3,68350.9,0.1196,hvn,0.1196,5,,blocked,0.1196,0,0.0996,43.0,225.49,2,9,GOOD,covered_watch_early,absorption_reversal_long
BTC-USDT-SWAP-SHORT-1773144098000-36,2026-03-10,SHORT,2026-03-10T12:17:48+00:00,70356.0,71262.3,68350.9,0.3707,swing_high,0.3707,3,68350.9,session_low,2.8499,1,0.102,51.0,285.03,9,8,BAD,covered_late,absorption_reversal_short
BTC-USDT-SWAP-SHORT-1773135384000-32,2026-03-10,SHORT,2026-03-10T09:40:49+00:00,71064.0,71262.3,68350.9,0.3715,hvn,0.3715,16,68843.1,swing_low,3.1252,1,0.1063,25.0,141.56,6,11,MID,covered_mid,absorption_reversal_short
BTC-USDT-SWAP-LONG-1773148718000-37,2026-03-10,LONG,2026-03-10T13:29:22+00:00,70816.0,71262.3,68350.9,0.1387,swing_high,0.1387,3,,blocked,0.1387,0,0.0987,57.0,1108.25,10,8,GOOD,covered_watch_early,absorption_reversal_long
BTC-USDT-SWAP-SHORT-1773130383000-27,2026-03-10,SHORT,2026-03-10T08:44:10+00:00,70931.5,71046.6,68350.9,0.8198,hvn,0.8198,11,69178.2,swing_high,2.4718,1,0.1012,45.0,618.7,5,10,GOOD,covered_watch_early,absorption_reversal_short
BTC-USDT-SWAP-SHORT-1773150917000-38,2026-03-10,SHORT,2026-03-10T14:07:34+00:00,69781.4,71262.3,68350.9,2.05,session_low,2.05,0,68350.9,session_low,2.05,1,0.0977,56.0,387.19,5,8,BAD,covered_late,absorption_reversal_short
BTC-USDT-SWAP-SHORT-1773161500000-44,2026-03-10,SHORT,2026-03-10T16:55:55+00:00,71232.2,71755.2,68350.9,0.1154,hvn,0.1154,12,68350.9,session_low,4.0449,1,0.098,63.0,549.84,6,11,BAD,missed_no_move_in_4h,retest_after_breakout_short
BTC-USDT-SWAP-LONG-1773155511000-41,2026-03-10,LONG,2026-03-10T15:14:51+00:00,71187.6,71755.2,68350.9,0.7973,session_high,0.7973,1,,blocked,0.7973,0,0.0952,69.0,1346.08,5,11,BAD,missed_no_move_in_4h,absorption_reversal_long
BTC-USDT-SWAP-LONG-1773154908000-39,2026-03-10,LONG,2026-03-10T15:11:51+00:00,71246.2,71755.2,68350.9,0.7144,session_high,0.7144,1,,blocked,0.7144,0,0.0962,54.0,800.85,8,11,BAD,missed_no_move_in_4h,absorption_reversal_long
BTC-USDT-SWAP-LONG-1773154921000-40,2026-03-10,LONG,2026-03-10T15:11:51+00:00,71246.2,71755.2,68350.9,0.7144,session_high,0.7144,1,,blocked,0.7144,0,0.0962,54.0,800.85,8,11,BAD,missed_no_move_in_4h,absorption_reversal_long
BTC-USDT-SWAP-SHORT-1773160125000-43,2026-03-10,SHORT,2026-03-10T16:51:40+00:00,71281.6,71755.2,68350.9,0.1145,hvn,0.1145,11,68350.9,session_low,4.1114,1,0.0962,74.0,729.17,2,11,BAD,missed_no_move_in_4h,absorption_reversal_short
BTC-USDT-SWAP-SHORT-1773160082000-42,2026-03-10,SHORT,2026-03-10T16:51:40+00:00,71281.6,71755.2,68350.9,0.1145,hvn,0.1145,11,68350.9,session_low,4.1114,1,0.0962,74.0,729.17,2,11,BAD,missed_no_move_in_4h,absorption_reversal_short
BTC-USDT-SWAP-SHORT-1773167137000-45,2026-03-10,SHORT,2026-03-10T18:32:01+00:00,70347.6,71755.2,68350.9,2.8383,session_low,2.8383,0,68350.9,session_low,2.8383,1,0.1035,31.0,745.9,2,11,BAD,missed_no_move_in_4h,absorption_reversal_short
BTC-USDT-SWAP-SHORT-1773181308000-46,2026-03-10,SHORT,2026-03-10T22:30:17+00:00,69593.1,71755.2,68350.9,1.7849,session_low,1.7849,1,,blocked,1.7849,0,0.0976,65.0,1108.95,4,11,BAD,missed_no_move_in_4h,absorption_reversal_short
BTC-USDT-SWAP-SHORT-1773188301000-3,2026-03-11,SHORT,2026-03-11T00:21:31+00:00,69953.5,70049.1,69712.4,0.0765,hvn,0.0765,10,,blocked,0.0765,0,0.0984,62.0,360.2,9,10,BAD,missed_no_move_in_4h,retest_after_breakout_short
BTC-USDT-SWAP-SHORT-1773188323000-4,2026-03-11,SHORT,2026-03-11T00:21:43+00:00,69949.5,70049.1,69712.4,0.0708,hvn,0.0708,5,,blocked,0.0708,0,0.0981,68.0,578.9,3,10,BAD,missed_no_move_in_4h,retest_after_breakout_short
BTC-USDT-SWAP-SHORT-1773188983000-5,2026-03-11,SHORT,2026-03-11T00:56:26+00:00,70074.4,70143.5,69712.4,0.0755,swing_high,0.0755,14,,blocked,0.0755,0,0.0974,65.0,741.4,8,9,BAD,wrong_direction,absorption_reversal_short
BTC-USDT-SWAP-SHORT-1773197989000-7,2026-03-11,SHORT,2026-03-11T03:03:07+00:00,69731.0,70143.5,69571.0,0.1162,swing_high,0.1162,3,,blocked,0.1162,0,0.1024,48.0,207.35,10,5,BAD,wrong_direction,absorption_reversal_short
BTC-USDT-SWAP-LONG-1773200852000-10,2026-03-11,LONG,2026-03-11T04:00:03+00:00,69523.5,70143.5,69450.0,0.0997,swing_low,0.0997,12,,blocked,0.0997,0,0.1008,52.0,240.05,8,5,GOOD,covered_watch_early,absorption_reversal_long
BTC-USDT-SWAP-SHORT-1773199659000-9,2026-03-11,SHORT,2026-03-11T03:31:28+00:00,69489.5,70143.5,69464.7,6.0,none_within_scan,6.0,0,68099.71,open_void_2pct,2.0,1,0.0996,58.0,498.52,7,5,BAD,wrong_direction,absorption_reversal_short
BTC-USDT-SWAP-LONG-1773196970000-6,2026-03-11,LONG,2026-03-11T03:08:27+00:00,69707.6,70143.5,69571.0,0.1326,hvn,0.1326,10,,blocked,0.1326,0,0.0987,59.0,573.81,6,5,GOOD,covered_watch_early,absorption_reversal_long
BTC-USDT-SWAP-SHORT-1773198237000-8,2026-03-11,SHORT,2026-03-11T03:27:39+00:00,69524.5,70143.5,69464.7,0.086,session_low,0.086,1,,blocked,0.086,0,0.0962,71.0,792.95,11,5,BAD,wrong_direction,absorption_reversal_short
BTC-USDT-SWAP-LONG-1773187573000-1,2026-03-11,LONG,2026-03-11T00:39:24+00:00,69879.9,70135.6,69712.4,0.1003,hvn,0.1003,7,,blocked,0.1003,0,0.0982,69.0,571.94,6,9,BAD,missed_no_move_in_4h,absorption_reversal_long
BTC-USDT-SWAP-SHORT-1773188193000-2,2026-03-11,SHORT,2026-03-11T00:19:33+00:00,69950.0,70049.1,69712.4,0.0688,swing_low,0.0688,7,,blocked,0.0688,0,0.0944,105.0,484.98,6,10,BAD,missed_no_move_in_4h,absorption_reversal_short
BTC-USDT-SWAP-SHORT-1773205204000-11,2026-03-11,SHORT,2026-03-11T05:03:04+00:00,70089.0,70255.9,69450.0,0.0556,hvn,0.0556,16,,blocked,0.0556,0,0.0951,62.0,706.55,10,5,BAD,wrong_direction,absorption_reversal_short
BTC-USDT-SWAP-SHORT-1773208151000-12,2026-03-11,SHORT,2026-03-11T06:03:43+00:00,69495.9,70255.9,69360.0,0.1956,session_low,0.1956,1,,blocked,0.1956,0,0.0954,63.0,543.54,4,5,BAD,wrong_direction,retest_after_breakout_short
BTC-USDT-SWAP-SHORT-1773215694000-14,2026-03-11,SHORT,2026-03-11T07:57:54+00:00,69659.9,70255.9,69360.0,0.1578,hvn,0.1578,3,,blocked,0.1578,0,0.1005,52.0,267.54,3,5,BAD,wrong_direction,retest_after_breakout_short
BTC-USDT-SWAP-SHORT-1773215155000-13,2026-03-11,SHORT,2026-03-11T07:54:54+00:00,69622.0,70255.9,69360.0,0.1034,hvn,0.1034,3,,blocked,0.1034,0,0.1008,52.0,512.72,6,5,BAD,wrong_direction,retest_after_breakout_short
BTC-USDT-SWAP-LONG-1773223325000-15,2026-03-11,LONG,2026-03-11T10:06:49+00:00,69398.0,70255.9,69359.0,0.1003,swing_low,0.1003,14,,blocked,0.1003,0,0.0994,62.0,462.94,8,5,BAD,covered_late,retest_after_breakout_long
BTC-USDT-SWAP-SHORT-1773224449000-16,2026-03-11,SHORT,2026-03-11T10:23:49+00:00,69455.0,70255.9,69359.0,0.1202,swing_low,0.1202,2,,blocked,0.1202,0,0.0988,61.0,474.82,8,5,GOOD,covered_watch_early,absorption_reversal_short
BTC-USDT-SWAP-SHORT-1773229823000-17,2026-03-11,SHORT,2026-03-11T12:02:38+00:00,69183.0,70255.9,69100.0,0.12,session_low,0.12,1,,blocked,0.12,0,0.0947,68.0,1572.8,7,6,GOOD,covered_watch_early,retest_after_breakout_short
BTC-USDT-SWAP-SHORT-1773230558000-18,2026-03-11,SHORT,2026-03-11T12:19:11+00:00,69164.2,70255.9,68944.4,0.3178,session_low,0.3178,1,,blocked,0.3178,0,0.0919,64.0,7040.34,5,7,GOOD,covered_watch_early,absorption_reversal_short
BTC-USDT-SWAP-SHORT-1773230703000-19,2026-03-11,SHORT,2026-03-11T12:19:11+00:00,69164.2,70255.9,68944.4,0.3178,session_low,0.3178,1,,blocked,0.3178,0,0.0919,64.0,7040.34,5,7,GOOD,covered_watch_early,absorption_reversal_short
BTC-USDT-SWAP-LONG-1773231035000-20,2026-03-11,LONG,2026-03-11T12:21:01+00:00,69169.8,70255.9,68944.4,0.3328,swing_low,0.3328,17,,blocked,0.3328,0,0.097,70.0,308.98,10,7,BAD,covered_late,retest_after_breakout_long
BTC-USDT-SWAP-LONG-1773231661000-21,2026-03-11,LONG,2026-03-11T12:38:08+00:00,69270.9,70255.9,68944.4,0.1387,swing_low,0.1387,15,,blocked,0.1387,0,0.0988,63.0,526.92,8,7,BAD,covered_late,absorption_reversal_long
BTC-USDT-SWAP-LONG-1773231710000-22,2026-03-11,LONG,2026-03-11T12:38:08+00:00,69270.9,70255.9,68944.4,0.1387,swing_low,0.1387,15,,blocked,0.1387,0,0.0988,63.0,526.92,8,7,BAD,covered_late,absorption_reversal_long
BTC-USDT-SWAP-LONG-1773235815000-23,2026-03-11,LONG,2026-03-11T13:37:08+00:00,70684.1,70750.0,68944.4,0.0932,session_high,0.0932,1,,blocked,0.0932,0,0.0906,97.0,1650.89,7,9,BAD,covered_late,absorption_reversal_long
BTC-USDT-SWAP-LONG-1773240262000-26,2026-03-11,LONG,2026-03-11T14:47:26+00:00,70712.6,71055.3,68944.4,0.4846,session_high,0.4846,1,,blocked,0.4846,0,0.101,58.0,566.2,8,10,BAD,wrong_direction,absorption_reversal_long
BTC-USDT-SWAP-SHORT-1773240148000-25,2026-03-11,SHORT,2026-03-11T15:18:39+00:00,70043.3,71055.3,68944.4,0.5615,hvn,0.5615,11,,blocked,0.5615,0,0.0906,63.0,9071.98,6,10,BAD,covered_late,absorption_reversal_short
BTC-USDT-SWAP-SHORT-1773240074000-24,2026-03-11,SHORT,2026-03-11T15:18:39+00:00,70043.3,71055.3,68944.4,0.5615,hvn,0.5615,11,,blocked,0.5615,0,0.0906,63.0,9071.98,6,10,BAD,covered_late,absorption_reversal_short
BTC-USDT-SWAP-LONG-1773244374000-27,2026-03-11,LONG,2026-03-11T16:01:03+00:00,70255.0,71055.3,68944.4,0.0641,hvn,0.0641,4,,blocked,0.0641,0,0.0982,58.0,569.47,4,10,BAD,missed_no_move_in_4h,absorption_reversal_long
BTC-USDT-SWAP-LONG-1773248977000-28,2026-03-11,LONG,2026-03-11T17:31:05+00:00,71248.0,71297.7,68944.4,0.0698,session_high,0.0698,1,,blocked,0.0698,0,0.0946,75.0,1452.87,7,11,BAD,missed_no_move_in_4h,absorption_reversal_long
BTC-USDT-SWAP-LONG-1773249090000-29,2026-03-11,LONG,2026-03-11T17:31:05+00:00,71248.0,71297.7,68944.4,0.0698,session_high,0.0698,1,,blocked,0.0698,0,0.0946,75.0,1452.87,7,11,BAD,missed_no_move_in_4h,absorption_reversal_long
BTC-USDT-SWAP-LONG-1773250265000-30,2026-03-11,LONG,2026-03-11T17:41:39+00:00,70767.4,71297.7,68944.4,0.2214,swing_high,0.2214,2,,blocked,0.2214,0,0.0977,56.0,610.6,5,11,BAD,missed_no_move_in_4h,absorption_reversal_long
BTC-USDT-SWAP-SHORT-1773273641000-1,2026-03-12,SHORT,2026-03-12T00:06:20+00:00,70118.8,70204.1,70087.5,6.0,none_within_scan,6.0,0,68716.42,open_void_2pct,2.0,1,0.095,72.0,720.98,9,6,MID,noisy_partial_1_5,absorption_reversal_short
BTC-USDT-SWAP-SHORT-1773274473000-2,2026-03-12,SHORT,2026-03-12T00:18:16+00:00,70266.3,70294.3,70087.5,0.2545,session_low,0.2545,1,,blocked,0.2545,0,0.0969,69.0,330.21,8,6,MID,noisy_partial_1_5,absorption_reversal_short
BTC-USDT-SWAP-LONG-1773274846000-3,2026-03-12,LONG,2026-03-12T00:23:51+00:00,70257.2,70294.3,70087.5,0.0528,session_high,0.0528,13,,blocked,0.0528,0,0.098,58.0,489.85,6,6,BAD,missed_no_move_in_4h,absorption_reversal_long
BTC-USDT-SWAP-SHORT-1773278670000-7,2026-03-12,SHORT,2026-03-12T01:29:14+00:00,69923.0,70311.0,69820.0,0.1473,session_low,0.1473,1,,blocked,0.1473,0,0.0963,64.0,743.02,9,7,MID,noisy_partial_1_5,absorption_reversal_short
BTC-USDT-SWAP-LONG-1773275033000-4,2026-03-12,LONG,2026-03-12T00:35:19+00:00,70168.9,70311.0,70087.5,0.2025,session_high,0.2025,15,,blocked,0.2025,0,0.0979,56.0,570.08,9,6,BAD,missed_no_move_in_4h,absorption_reversal_long
BTC-USDT-SWAP-SHORT-1773277918000-6,2026-03-12,SHORT,2026-03-12T01:14:58+00:00,69876.6,70311.0,69820.0,0.081,session_low,0.081,1,,blocked,0.081,0,0.0981,65.0,446.26,5,7,MID,noisy_partial_1_5,absorption_reversal_short
BTC-USDT-SWAP-SHORT-1773279543000-8,2026-03-12,SHORT,2026-03-12T01:51:16+00:00,69831.0,70311.0,69744.5,0.1239,session_low,0.1239,1,,blocked,0.1239,0,0.0912,73.0,7413.42,11,6,MID,noisy_partial_1_5,absorption_reversal_short
BTC-USDT-SWAP-SHORT-1773281619000-10,2026-03-12,SHORT,2026-03-12T02:16:39+00:00,69762.5,70311.0,69714.0,0.0695,session_low,0.0695,1,,blocked,0.0695,0,0.1001,58.0,445.74,9,6,MID,noisy_partial_1_5,absorption_reversal_short
BTC-USDT-SWAP-LONG-1773280802000-9,2026-03-12,LONG,2026-03-12T02:03:06+00:00,69790.9,70311.0,69714.0,0.6636,swing_high,0.6636,12,,blocked,0.6636,0,0.0976,67.0,602.85,5,6,BAD,missed_no_move_in_4h,absorption_reversal_long
BTC-USDT-SWAP-LONG-1773277743000-5,2026-03-12,LONG,2026-03-12T02:00:02+00:00,69798.9,70311.0,69714.0,0.652,swing_high,0.652,18,,blocked,0.652,0,0.0981,71.0,302.93,11,6,BAD,missed_no_move_in_4h,absorption_reversal_long
BTC-USDT-SWAP-SHORT-1773282318000-11,2026-03-12,SHORT,2026-03-12T02:30:50+00:00,69556.4,70311.0,69470.0,0.1242,session_low,0.1242,1,,blocked,0.1242,0,0.099,54.0,361.84,11,7,MID,noisy_partial_1_5,retest_after_breakout_short
BTC-USDT-SWAP-LONG-1773289183000-16,2026-03-12,LONG,2026-03-12T04:51:54+00:00,69310.3,70311.0,69172.1,0.0573,hvn,0.0573,11,,blocked,0.0573,0,0.0978,63.0,655.33,4,8,BAD,missed_no_move_in_4h,absorption_reversal_long
BTC-USDT-SWAP-SHORT-1773284771000-15,2026-03-12,SHORT,2026-03-12T03:11:17+00:00,69283.0,70311.0,69172.1,0.1601,session_low,0.1601,1,,blocked,0.1601,0,0.097,64.0,376.78,4,8,MID,noisy_partial_1_5,retest_after_breakout_short
BTC-USDT-SWAP-SHORT-1773283808000-13,2026-03-12,SHORT,2026-03-12T03:06:11+00:00,69281.3,70311.0,69172.1,0.1576,session_low,0.1576,1,,blocked,0.1576,0,0.0996,55.0,257.26,3,8,MID,noisy_partial_1_5,absorption_reversal_short
BTC-USDT-SWAP-SHORT-1773283301000-12,2026-03-12,SHORT,2026-03-12T02:47:34+00:00,69378.1,70311.0,69308.1,0.1009,session_low,0.1009,1,,blocked,0.1009,0,0.098,57.0,323.18,11,8,MID,noisy_partial_1_5,absorption_reversal_short
BTC-USDT-SWAP-LONG-1773302140000-18,2026-03-12,LONG,2026-03-12T07:59:53+00:00,69772.2,70311.0,69156.0,0.1115,swing_high,0.1115,3,,blocked,0.1115,0,0.0977,67.0,573.38,9,6,GOOD,covered_watch_early,retest_after_breakout_long
BTC-USDT-SWAP-LONG-1773303167000-19,2026-03-12,LONG,2026-03-12T08:15:47+00:00,69716.6,70311.0,69156.0,0.1196,hvn,0.1196,5,,blocked,0.1196,0,0.0995,61.0,382.64,11,6,GOOD,covered_watch_early,absorption_reversal_long
BTC-USDT-SWAP-LONG-1773284182000-14,2026-03-12,LONG,2026-03-12T03:01:08+00:00,69279.7,70311.0,69172.1,0.2747,swing_low,0.2747,19,,blocked,0.2747,0,0.0944,94.0,377.58,10,8,BAD,missed_no_move_in_4h,retest_after_breakout_long
BTC-USDT-SWAP-SHORT-1773301094000-17,2026-03-12,SHORT,2026-03-12T07:42:02+00:00,69660.5,70311.0,69156.0,0.1041,swing_high,0.1041,11,,blocked,0.1041,0,0.099,68.0,418.23,9,6,BAD,wrong_direction,absorption_reversal_short
BTC-USDT-SWAP-LONG-1773306306000-20,2026-03-12,LONG,2026-03-12T09:08:06+00:00,69819.5,70311.0,69156.0,0.704,session_high,0.704,1,,blocked,0.704,0,0.0981,66.0,321.34,4,5,GOOD,covered_watch_early,absorption_reversal_long
BTC-USDT-SWAP-LONG-1773307320000-21,2026-03-12,LONG,2026-03-12T09:30:00+00:00,69659.1,70311.0,69156.0,0.2023,hvn,0.2023,3,,blocked,0.2023,0,0.097,60.0,688.25,8,5,GOOD,covered_watch_early,retest_after_breakout_long
BTC-USDT-SWAP-SHORT-1773309951000-23,2026-03-12,SHORT,2026-03-12T10:17:25+00:00,69911.2,70368.5,69156.0,0.0616,swing_high,0.0616,12,,blocked,0.0616,0,0.0988,65.0,685.81,5,6,GOOD,covered_watch_early,absorption_reversal_short
BTC-USDT-SWAP-LONG-1773312405000-25,2026-03-12,LONG,2026-03-12T10:54:49+00:00,70336.5,70499.8,69156.0,0.2322,session_high,0.2322,1,,blocked,0.2322,0,0.1023,50.0,293.15,11,7,GOOD,covered_watch_early,absorption_reversal_long
BTC-USDT-SWAP-LONG-1773314440000-27,2026-03-12,LONG,2026-03-12T11:29:51+00:00,70500.0,70626.7,69156.0,0.1797,session_high,0.1797,1,,blocked,0.1797,0,0.1031,40.0,330.41,9,7,BAD,covered_late,absorption_reversal_long
BTC-USDT-SWAP-LONG-1773312889000-26,2026-03-12,LONG,2026-03-12T10:59:42+00:00,70380.8,70499.8,69156.0,0.1691,session_high,0.1691,1,,blocked,0.1691,0,0.0983,62.0,944.45,4,7,GOOD,covered_watch_early,absorption_reversal_long
BTC-USDT-SWAP-SHORT-1773311218000-24,2026-03-12,SHORT,2026-03-12T11:23:47+00:00,70481.0,70626.7,69156.0,0.1859,hvn,0.1859,11,,blocked,0.1859,0,0.1027,44.0,183.96,3,7,GOOD,covered_watch_early,absorption_reversal_short
BTC-USDT-SWAP-SHORT-1773314627000-28,2026-03-12,SHORT,2026-03-12T11:46:00+00:00,70636.8,70779.2,69156.0,0.3352,swing_high,0.3352,18,69156.0,swing_low,2.0964,1,0.0994,53.0,697.68,11,8,MID,covered_mid,absorption_reversal_short
BTC-USDT-SWAP-LONG-1773309139000-22,2026-03-12,LONG,2026-03-12T09:59:23+00:00,69954.9,70368.5,69156.0,0.5912,session_high,0.5912,1,,blocked,0.5912,0,0.1011,39.0,315.68,6,6,GOOD,covered_watch_early,retest_after_breakout_long
BTC-USDT-SWAP-SHORT-1773322220000-29,2026-03-12,SHORT,2026-03-12T13:39:05+00:00,70215.1,70779.2,69156.0,0.3063,hvn,0.3063,8,,blocked,0.3063,0,0.0964,71.0,472.28,6,7,BAD,covered_late,absorption_reversal_short
BTC-USDT-SWAP-SHORT-1773327022000-31,2026-03-12,SHORT,2026-03-12T14:56:07+00:00,69418.3,70779.2,69156.0,0.3779,session_low,0.3779,1,,blocked,0.3779,0,0.0959,78.0,374.44,7,7,BAD,missed_no_move_in_4h,retest_after_breakout_short
BTC-USDT-SWAP-SHORT-1773327051000-32,2026-03-12,SHORT,2026-03-12T14:56:07+00:00,69418.3,70779.2,69156.0,0.3779,session_low,0.3779,1,,blocked,0.3779,0,0.0959,78.0,374.44,7,7,BAD,missed_no_move_in_4h,retest_after_breakout_short
BTC-USDT-SWAP-LONG-1773324378000-30,2026-03-12,LONG,2026-03-12T14:54:05+00:00,69449.9,70779.2,69156.0,0.3601,hvn,0.3601,13,,blocked,0.3601,0,0.098,53.0,903.04,6,7,BAD,missed_no_move_in_4h,absorption_reversal_long
BTC-USDT-SWAP-LONG-1773360301000-1,2026-03-13,LONG,2026-03-13T00:21:56+00:00,71550.2,71687.0,70345.2,0.1912,session_high,0.1912,1,,blocked,0.1912,0,0.0944,73.0,633.84,4,9,GOOD,covered_watch_early,absorption_reversal_long
BTC-USDT-SWAP-LONG-1773360324000-2,2026-03-13,LONG,2026-03-13T00:21:56+00:00,71550.2,71687.0,70345.2,0.1912,session_high,0.1912,1,,blocked,0.1912,0,0.0944,73.0,633.84,4,9,GOOD,covered_watch_early,absorption_reversal_long
BTC-USDT-SWAP-SHORT-1773364676000-6,2026-03-13,SHORT,2026-03-13T01:30:21+00:00,71497.1,71988.0,70345.2,0.0659,hvn,0.0659,13,69763.3,swing_low,2.425,1,0.1023,55.0,280.91,5,10,BAD,wrong_direction,retest_after_breakout_short
BTC-USDT-SWAP-SHORT-1773373019000-8,2026-03-13,SHORT,2026-03-13T03:40:34+00:00,71050.0,71988.0,70345.2,0.7741,hvn,0.7741,5,,blocked,0.7741,0,0.0967,81.0,531.45,3,9,BAD,wrong_direction,absorption_reversal_short
BTC-USDT-SWAP-SHORT-1773369857000-7,2026-03-13,SHORT,2026-03-13T02:51:41+00:00,71150.4,71988.0,70345.2,0.9141,hvn,0.9141,10,,blocked,0.9141,0,0.1019,46.0,277.77,7,10,BAD,wrong_direction,absorption_reversal_short
BTC-USDT-SWAP-LONG-1773362170000-4,2026-03-13,LONG,2026-03-13T00:52:08+00:00,71370.5,71988.0,70345.2,0.1114,hvn,0.1114,3,,blocked,0.1114,0,0.0979,64.0,616.39,3,10,MID,covered_mid,absorption_reversal_long
BTC-USDT-SWAP-LONG-1773362182000-5,2026-03-13,LONG,2026-03-13T00:52:08+00:00,71370.5,71988.0,70345.2,0.1114,hvn,0.1114,3,,blocked,0.1114,0,0.0979,64.0,616.39,3,10,MID,covered_mid,absorption_reversal_long
BTC-USDT-SWAP-LONG-1773395617000-9,2026-03-13,LONG,2026-03-13T09:57:25+00:00,72008.7,72183.0,70345.2,0.2421,session_high,0.2421,1,,blocked,0.2421,0,0.0968,71.0,1024.7,1,6,BAD,covered_late,absorption_reversal_long
BTC-USDT-SWAP-SHORT-1773361797000-3,2026-03-13,SHORT,2026-03-13T01:17:56+00:00,71622.3,71988.0,70345.2,0.1009,hvn,0.1009,15,70160.5,swing_low,2.041,1,0.1053,38.0,300.71,7,10,BAD,wrong_direction,absorption_reversal_short
BTC-USDT-SWAP-LONG-1773396407000-11,2026-03-13,LONG,2026-03-13T10:10:23+00:00,72146.7,72279.2,70345.2,0.1837,session_high,0.1837,1,,blocked,0.1837,0,0.0965,67.0,781.85,3,7,BAD,covered_late,absorption_reversal_long
BTC-USDT-SWAP-LONG-1773396646000-12,2026-03-13,LONG,2026-03-13T10:28:09+00:00,72284.1,72487.0,70345.2,0.2807,session_high,0.2807,1,,blocked,0.2807,0,0.0965,57.0,1163.69,9,7,BAD,covered_late,absorption_reversal_long
BTC-USDT-SWAP-LONG-1773397689000-13,2026-03-13,LONG,2026-03-13T10:31:46+00:00,72321.1,72487.0,70345.2,0.2294,session_high,0.2294,1,,blocked,0.2294,0,0.0953,83.0,468.56,8,7,BAD,covered_late,retest_after_breakout_long
BTC-USDT-SWAP-LONG-1773398532000-14,2026-03-13,LONG,2026-03-13T10:45:12+00:00,72467.9,72548.5,70345.2,0.1112,session_high,0.1112,1,,blocked,0.1112,0,0.0978,56.0,544.56,5,8,BAD,covered_late,absorption_reversal_long
BTC-USDT-SWAP-SHORT-1773396389000-10,2026-03-13,SHORT,2026-03-13T10:20:21+00:00,72337.1,72487.0,70345.2,0.6734,hvn,0.6734,13,70345.2,session_low,2.7536,1,0.0974,62.0,827.48,6,7,BAD,wrong_direction,absorption_reversal_short
BTC-USDT-SWAP-SHORT-1773398894000-15,2026-03-13,SHORT,2026-03-13T11:21:29+00:00,72288.1,72555.9,70345.2,0.606,hvn,0.606,12,70345.2,session_low,2.6877,1,0.0998,56.0,467.8,7,8,BAD,wrong_direction,absorption_reversal_short
BTC-USDT-SWAP-LONG-1773406851000-17,2026-03-13,LONG,2026-03-13T13:04:30+00:00,72743.9,72870.0,70345.2,0.1733,session_high,0.1733,1,,blocked,0.1733,0,0.0995,55.0,432.66,1,8,BAD,covered_late,retest_after_breakout_long
BTC-USDT-SWAP-LONG-1773406983000-18,2026-03-13,LONG,2026-03-13T13:12:31+00:00,72813.4,72921.7,70345.2,0.0777,swing_high,0.0777,2,,blocked,0.0777,0,0.0976,61.0,668.76,4,8,BAD,covered_late,absorption_reversal_long
BTC-USDT-SWAP-SHORT-1773406290000-16,2026-03-13,SHORT,2026-03-13T12:56:06+00:00,72700.3,72870.0,70345.2,0.0895,swing_high,0.0895,13,71212.6,swing_low,2.0463,1,0.0953,66.0,1824.74,6,8,BAD,wrong_direction,absorption_reversal_short
BTC-USDT-SWAP-SHORT-1773407290000-19,2026-03-13,SHORT,2026-03-13T13:16:52+00:00,72709.0,72921.7,70345.2,0.2106,swing_high,0.2106,10,71200.0,swing_low,2.0754,1,0.0954,92.0,604.54,4,8,BAD,wrong_direction,absorption_reversal_short
BTC-USDT-SWAP-SHORT-1773408336000-22,2026-03-13,SHORT,2026-03-13T13:35:03+00:00,73010.8,73300.0,70345.2,0.7681,hvn,0.7681,9,71550.0,hvn,2.0008,1,0.0964,55.0,579.2,3,10,BAD,wrong_direction,absorption_reversal_short
BTC-USDT-SWAP-SHORT-1773408172000-20,2026-03-13,SHORT,2026-03-13T13:25:52+00:00,73030.7,73266.4,70345.2,0.7294,swing_high,0.7294,11,71550.0,hvn,2.0275,1,0.0959,51.0,722.01,6,10,BAD,wrong_direction,retest_after_breakout_short
BTC-USDT-SWAP-SHORT-1773408283000-21,2026-03-13,SHORT,2026-03-13T13:35:03+00:00,73010.8,73300.0,70345.2,0.7681,hvn,0.7681,9,71550.0,hvn,2.0008,1,0.0964,55.0,579.2,3,10,BAD,wrong_direction,absorption_reversal_short
BTC-USDT-SWAP-LONG-1773410785000-23,2026-03-13,LONG,2026-03-13T14:09:25+00:00,73395.9,73588.0,70345.2,0.2617,session_high,0.2617,1,,blocked,0.2617,0,0.098,53.0,599.5,3,11,BAD,covered_late,absorption_reversal_long
BTC-USDT-SWAP-SHORT-1773417139000-25,2026-03-13,SHORT,2026-03-13T16:13:03+00:00,71737.7,73866.7,70345.2,0.5265,swing_low,0.5265,2,,blocked,0.5265,0,0.1006,53.0,612.59,6,11,BAD,missed_no_move_in_4h,absorption_reversal_short
BTC-USDT-SWAP-SHORT-1773418383000-26,2026-03-13,SHORT,2026-03-13T16:16:03+00:00,71625.0,73866.7,70345.2,0.2777,swing_low,0.2777,2,,blocked,0.2777,0,0.0948,60.0,4541.73,6,11,BAD,missed_no_move_in_4h,absorption_reversal_short
BTC-USDT-SWAP-SHORT-1773424644000-29,2026-03-13,SHORT,2026-03-13T18:04:24+00:00,71000.6,73866.7,70345.2,0.9231,session_low,0.9231,1,,blocked,0.9231,0,0.097,69.0,1186.25,4,13,BAD,missed_no_move_in_4h,retest_after_breakout_short
BTC-USDT-SWAP-SHORT-1773426956000-31,2026-03-13,SHORT,2026-03-13T18:44:50+00:00,71208.2,73866.7,70345.2,0.0817,hvn,0.0817,3,,blocked,0.0817,0,0.1001,54.0,663.9,2,14,BAD,missed_no_move_in_4h,retest_after_breakout_short
BTC-USDT-SWAP-SHORT-1773425887000-30,2026-03-13,SHORT,2026-03-13T18:35:56+00:00,71200.0,73866.7,70345.2,0.2809,hvn,0.2809,2,,blocked,0.2809,0,0.0983,63.0,627.97,0,14,BAD,missed_no_move_in_4h,absorption_reversal_short
BTC-USDT-SWAP-SHORT-1773413760000-24,2026-03-13,SHORT,2026-03-13T15:01:30+00:00,72439.8,73866.7,70345.2,0.0549,hvn,0.0549,10,70345.2,session_low,2.8915,1,0.0947,79.0,1102.62,7,12,BAD,missed_no_move_in_4h,absorption_reversal_short
BTC-USDT-SWAP-SHORT-1773419298000-27,2026-03-13,SHORT,2026-03-13T16:56:00+00:00,71927.2,73866.7,70345.2,0.1768,hvn,0.1768,4,70345.2,session_low,2.1994,1,0.1005,54.0,610.99,5,12,BAD,missed_no_move_in_4h,retest_after_breakout_short
BTC-USDT-SWAP-SHORT-1773419322000-28,2026-03-13,SHORT,2026-03-13T16:56:00+00:00,71927.2,73866.7,70345.2,0.1768,hvn,0.1768,4,70345.2,session_low,2.1994,1,0.1005,54.0,610.99,5,12,BAD,missed_no_move_in_4h,retest_after_breakout_short
BTC-USDT-SWAP-SHORT-1773441907000-32,2026-03-13,SHORT,2026-03-13T22:51:38+00:00,70685.3,73866.7,70345.2,0.1094,swing_low,0.1094,2,,blocked,0.1094,0,0.1008,55.0,271.13,8,10,BAD,missed_no_move_in_4h,absorption_reversal_short
BTC-USDT-SWAP-SHORT-1773446937000-1,2026-03-14,SHORT,2026-03-14T00:18:25+00:00,70811.9,70897.0,70708.6,0.1459,session_low,0.1459,2,,blocked,0.1459,0,0.103,43.0,174.48,9,8,BAD,missed_no_move_in_4h,absorption_reversal_short
BTC-USDT-SWAP-SHORT-1773450492000-5,2026-03-14,SHORT,2026-03-14T01:28:05+00:00,70745.6,70920.0,70517.2,0.0523,swing_low,0.0523,4,,blocked,0.0523,0,0.099,57.0,621.37,12,6,BAD,missed_no_move_in_4h,absorption_reversal_short
BTC-USDT-SWAP-SHORT-1773449958000-4,2026-03-14,SHORT,2026-03-14T01:08:12+00:00,70694.1,70920.0,70517.2,0.2502,session_low,0.2502,1,,blocked,0.2502,0,0.1043,42.0,182.25,8,8,BAD,missed_no_move_in_4h,absorption_reversal_short
BTC-USDT-SWAP-LONG-1773448191000-2,2026-03-14,LONG,2026-03-14T00:32:51+00:00,70846.2,70920.0,70708.6,0.0586,swing_high,0.0586,13,,blocked,0.0586,0,0.0992,59.0,343.81,7,8,BAD,missed_no_move_in_4h,absorption_reversal_long
BTC-USDT-SWAP-LONG-1773448333000-3,2026-03-14,LONG,2026-03-14T00:48:40+00:00,70645.4,70920.0,70517.2,0.0563,swing_low,0.0563,14,,blocked,0.0563,0,0.0999,54.0,297.88,5,8,BAD,missed_no_move_in_4h,absorption_reversal_long
BTC-USDT-SWAP-LONG-1773460634000-10,2026-03-14,LONG,2026-03-14T04:03:43+00:00,71042.6,71132.0,70400.0,0.1258,session_high,0.1258,4,,blocked,0.1258,0,0.0948,74.0,804.77,9,5,BAD,missed_no_move_in_4h,retest_after_breakout_long
BTC-USDT-SWAP-LONG-1773457959000-6,2026-03-14,LONG,2026-03-14T03:57:14+00:00,71041.1,71132.0,70400.0,0.0829,swing_low,0.0829,3,,blocked,0.0829,0,0.0984,66.0,619.25,11,5,BAD,missed_no_move_in_4h,absorption_reversal_long
BTC-USDT-SWAP-SHORT-1773459882000-9,2026-03-14,SHORT,2026-03-14T04:13:16+00:00,71135.2,71166.6,70400.0,0.0664,swing_high,0.0664,15,,blocked,0.0664,0,0.0953,72.0,617.97,12,5,BAD,missed_no_move_in_4h,absorption_reversal_short
BTC-USDT-SWAP-SHORT-1773463737000-13,2026-03-14,SHORT,2026-03-14T05:44:45+00:00,70960.7,71275.2,70400.0,0.1883,swing_low,0.1883,7,,blocked,0.1883,0,0.0967,75.0,1171.01,8,5,BAD,missed_no_move_in_4h,absorption_reversal_short
BTC-USDT-SWAP-LONG-1773462947000-11,2026-03-14,LONG,2026-03-14T04:43:46+00:00,71253.3,71275.2,70400.0,6.0,none_within_scan,6.0,0,72678.37,open_void_2pct,2.0,1,0.0969,61.0,618.21,9,5,BAD,missed_no_move_in_4h,absorption_reversal_long
BTC-USDT-SWAP-LONG-1773463426000-12,2026-03-14,LONG,2026-03-14T05:01:17+00:00,71010.0,71275.2,70400.0,0.1127,swing_low,0.1127,5,,blocked,0.1127,0,0.0948,77.0,1033.07,13,5,BAD,missed_no_move_in_4h,retest_after_breakout_long
BTC-USDT-SWAP-SHORT-1773459395000-8,2026-03-14,SHORT,2026-03-14T03:44:42+00:00,71112.9,71132.0,70400.0,0.0534,swing_low,0.0534,13,,blocked,0.0534,0,0.0944,79.0,2371.37,11,5,BAD,missed_no_move_in_4h,absorption_reversal_short
BTC-USDT-SWAP-SHORT-1773458412000-7,2026-03-14,SHORT,2026-03-14T03:29:54+00:00,70983.9,71088.0,70400.0,0.1355,swing_high,0.1355,14,,blocked,0.1355,0,0.0968,72.0,746.08,12,5,BAD,missed_no_move_in_4h,absorption_reversal_short
BTC-USDT-SWAP-LONG-1773474129000-15,2026-03-14,LONG,2026-03-14T07:46:52+00:00,70474.4,71275.2,70250.2,0.1782,hvn,0.1782,13,,blocked,0.1782,0,0.0993,56.0,675.64,7,5,BAD,missed_no_move_in_4h,absorption_reversal_long
BTC-USDT-SWAP-LONG-1773484455000-16,2026-03-14,LONG,2026-03-14T10:37:15+00:00,70430.5,71275.2,70250.2,0.0701,swing_low,0.0701,17,,blocked,0.0701,0,0.0991,60.0,1129.93,12,5,BAD,missed_no_move_in_4h,absorption_reversal_long
BTC-USDT-SWAP-SHORT-1773470742000-14,2026-03-14,SHORT,2026-03-14T06:53:06+00:00,70610.0,71275.2,70250.2,0.5096,session_low,0.5096,1,,blocked,0.5096,0,0.1001,51.0,933.89,9,5,BAD,missed_no_move_in_4h,absorption_reversal_short
BTC-USDT-SWAP-LONG-1773533645000-2,2026-03-15,LONG,2026-03-15T00:17:05+00:00,71043.8,71175.7,70990.2,0.1857,session_high,0.1857,1,,blocked,0.1857,0,0.0936,57.0,686.6,27,4,BAD,missed_no_move_in_4h,retest_after_breakout_long
BTC-USDT-SWAP-SHORT-1773535598000-4,2026-03-15,SHORT,2026-03-15T00:55:11+00:00,70962.6,71176.9,70925.0,0.053,session_low,0.053,32,,blocked,0.053,0,0.095,52.0,619.67,29,4,BAD,missed_no_move_in_4h,retest_after_breakout_short
BTC-USDT-SWAP-LONG-1773538526000-7,2026-03-15,LONG,2026-03-15T01:49:10+00:00,70900.0,71176.9,70810.5,0.0705,hvn,0.0705,3,,blocked,0.0705,0,0.0951,57.0,732.68,20,4,BAD,missed_no_move_in_4h,retest_after_breakout_long
BTC-USDT-SWAP-LONG-1773537312000-5,2026-03-15,LONG,2026-03-15T01:18:12+00:00,70943.2,71176.9,70850.1,0.1505,hvn,0.1505,2,,blocked,0.1505,0,0.0951,54.0,732.88,27,4,BAD,missed_no_move_in_4h,retest_after_breakout_long
BTC-USDT-SWAP-LONG-1773533193000-1,2026-03-15,LONG,2026-03-15T00:14:05+00:00,70999.9,71175.7,70990.2,0.2476,session_high,0.2476,1,,blocked,0.2476,0,0.0923,68.0,687.76,26,4,BAD,missed_no_move_in_4h,absorption_reversal_long
BTC-USDT-SWAP-SHORT-1773538202000-6,2026-03-15,SHORT,2026-03-15T01:38:20+00:00,70866.3,71176.9,70810.5,0.0787,session_low,0.0787,27,,blocked,0.0787,0,0.092,90.0,733.64,25,4,BAD,missed_no_move_in_4h,absorption_reversal_short
BTC-USDT-SWAP-LONG-1773540489000-9,2026-03-15,LONG,2026-03-15T02:18:56+00:00,71244.0,71364.5,70810.5,0.1691,session_high,0.1691,1,,blocked,0.1691,0,0.0931,72.0,2898.53,23,5,BAD,missed_no_move_in_4h,absorption_reversal_long
BTC-USDT-SWAP-SHORT-1773534590000-3,2026-03-15,SHORT,2026-03-15T00:34:54+00:00,71033.6,71176.9,70957.8,0.1067,session_low,0.1067,33,,blocked,0.1067,0,0.0989,33.0,686.37,30,4,BAD,missed_no_move_in_4h,absorption_reversal_short
BTC-USDT-SWAP-LONG-1773543685000-13,2026-03-15,LONG,2026-03-15T03:04:50+00:00,71420.0,71598.7,70810.5,0.2502,session_high,0.2502,1,,blocked,0.2502,0,0.0954,85.0,499.75,27,5,BAD,missed_no_move_in_4h,retest_after_breakout_long
BTC-USDT-SWAP-LONG-1773542181000-11,2026-03-15,LONG,2026-03-15T03:01:25+00:00,71488.0,71598.7,70810.5,0.1549,session_high,0.1549,1,,blocked,0.1549,0,0.0979,64.0,863.38,17,6,BAD,missed_no_move_in_4h,absorption_reversal_long
BTC-USDT-SWAP-SHORT-1773540407000-8,2026-03-15,SHORT,2026-03-15T02:13:10+00:00,71282.8,71364.5,70810.5,0.1863,hvn,0.1863,32,,blocked,0.1863,0,0.0903,117.0,1139.87,26,5,BAD,missed_no_move_in_4h,absorption_reversal_short
BTC-USDT-SWAP-SHORT-1773540790000-10,2026-03-15,SHORT,2026-03-15T02:44:04+00:00,71243.8,71364.5,70810.5,0.0615,hvn,0.0615,33,,blocked,0.0615,0,0.0918,98.0,1702.98,29,5,BAD,missed_no_move_in_4h,absorption_reversal_short
BTC-USDT-SWAP-LONG-1773553188000-16,2026-03-15,LONG,2026-03-15T05:44:17+00:00,71586.0,71786.2,70810.5,0.1592,swing_high,0.1592,2,,blocked,0.1592,0,0.0965,75.0,624.52,7,6,BAD,missed_no_move_in_4h,absorption_reversal_long
BTC-USDT-SWAP-SHORT-1773543427000-12,2026-03-15,SHORT,2026-03-15T03:14:56+00:00,71410.1,71598.7,70810.5,0.2242,hvn,0.2242,20,,blocked,0.2242,0,0.0954,81.0,615.51,15,5,BAD,missed_no_move_in_4h,absorption_reversal_short
BTC-USDT-SWAP-SHORT-1773567808000-19,2026-03-15,SHORT,2026-03-15T10:02:55+00:00,71781.6,71900.0,70810.5,0.253,hvn,0.253,12,,blocked,0.253,0,0.0949,64.0,2420.99,7,5,BAD,missed_no_move_in_4h,absorption_reversal_short
BTC-USDT-SWAP-SHORT-1773566226000-18,2026-03-15,SHORT,2026-03-15T09:34:53+00:00,71815.9,71900.0,70810.5,0.3006,hvn,0.3006,14,,blocked,0.3006,0,0.096,78.0,1000.09,8,6,BAD,missed_no_move_in_4h,absorption_reversal_short
BTC-USDT-SWAP-SHORT-1773548297000-14,2026-03-15,SHORT,2026-03-15T04:31:25+00:00,71481.4,71644.5,70810.5,0.1139,hvn,0.1139,25,,blocked,0.1139,0,0.1014,47.0,401.0,19,6,BAD,missed_no_move_in_4h,retest_after_breakout_short
BTC-USDT-SWAP-LONG-1773565926000-17,2026-03-15,LONG,2026-03-15T09:31:39+00:00,71779.3,71900.0,70810.5,0.1682,session_high,0.1682,1,,blocked,0.1682,0,0.1,56.0,647.98,11,6,BAD,missed_no_move_in_4h,absorption_reversal_long
BTC-USDT-SWAP-LONG-1773569420000-20,2026-03-15,LONG,2026-03-15T10:27:05+00:00,71803.3,71900.0,70810.5,0.1347,session_high,0.1347,1,,blocked,0.1347,0,0.0965,71.0,1026.44,11,5,BAD,missed_no_move_in_4h,absorption_reversal_long
BTC-USDT-SWAP-SHORT-1773552125000-15,2026-03-15,SHORT,2026-03-15T05:25:08+00:00,71660.2,71786.2,70810.5,0.2236,hvn,0.2236,20,,blocked,0.2236,0,0.0989,64.0,286.17,13,6,BAD,missed_no_move_in_4h,retest_after_breakout_short
BTC-USDT-SWAP-SHORT-1773580674000-21,2026-03-15,SHORT,2026-03-15T13:22:43+00:00,71324.2,71900.0,70810.5,0.7202,session_low,0.7202,1,,blocked,0.7202,0,0.0983,67.0,921.29,10,4,BAD,missed_no_move_in_4h,retest_after_breakout_short
BTC-USDT-SWAP-SHORT-1773581522000-22,2026-03-15,SHORT,2026-03-15T13:43:52+00:00,71294.2,71900.0,70810.5,0.6785,session_low,0.6785,1,,blocked,0.6785,0,0.099,54.0,899.54,12,4,BAD,missed_no_move_in_4h,absorption_reversal_short
BTC-USDT-SWAP-LONG-1773598649000-23,2026-03-15,LONG,2026-03-15T18:20:29+00:00,71700.3,71969.5,70810.5,0.0702,swing_low,0.0702,2,,blocked,0.0702,0,0.0931,77.0,869.09,12,4,BAD,missed_no_move_in_4h,absorption_reversal_long
BTC-USDT-SWAP-SHORT-1773601559000-24,2026-03-15,SHORT,2026-03-15T19:19:00+00:00,71414.4,71969.5,70810.5,0.0902,hvn,0.0902,3,,blocked,0.0902,0,0.0977,62.0,615.76,5,4,BAD,missed_no_move_in_4h,absorption_reversal_short
BTC-USDT-SWAP-SHORT-1773601709000-25,2026-03-15,SHORT,2026-03-15T19:19:00+00:00,71414.4,71969.5,70810.5,0.0902,hvn,0.0902,3,,blocked,0.0902,0,0.0977,62.0,615.76,5,4,BAD,missed_no_move_in_4h,absorption_reversal_short
BTC-USDT-SWAP-LONG-1773607034000-26,2026-03-15,LONG,2026-03-15T20:50:54+00:00,71739.2,71969.5,70810.5,0.321,session_high,0.321,1,,blocked,0.321,0,0.0991,61.0,847.21,10,4,BAD,missed_no_move_in_4h,absorption_reversal_long
BTC-USDT-SWAP-LONG-1773610605000-27,2026-03-15,LONG,2026-03-15T21:44:49+00:00,72087.4,72187.5,70810.5,0.1389,session_high,0.1389,1,,blocked,0.1389,0,0.1049,33.0,610.9,9,5,BAD,missed_no_move_in_4h,retest_after_breakout_long
BTC-USDT-SWAP-LONG-1773611089000-28,2026-03-15,LONG,2026-03-15T21:56:50+00:00,72018.8,72188.0,70810.5,0.2349,session_high,0.2349,1,,blocked,0.2349,0,0.0958,41.0,3548.27,10,5,BAD,missed_no_move_in_4h,absorption_reversal_long
BTC-USDT-SWAP-SHORT-1773612485000-30,2026-03-15,SHORT,2026-03-15T22:26:42+00:00,71881.5,72285.2,70810.5,0.1482,swing_high,0.1482,21,,blocked,0.1482,0,0.1004,44.0,611.69,15,5,BAD,missed_no_move_in_4h,absorption_reversal_short
BTC-USDT-SWAP-SHORT-1773612430000-29,2026-03-15,SHORT,2026-03-15T22:26:42+00:00,71881.5,72285.2,70810.5,0.1482,swing_high,0.1482,21,,blocked,0.1482,0,0.1004,44.0,611.69,15,5,BAD,missed_no_move_in_4h,absorption_reversal_short
BTC-USDT-SWAP-SHORT-1773614233000-31,2026-03-15,SHORT,2026-03-15T22:48:16+00:00,72444.1,72551.8,70810.5,0.406,hvn,0.406,18,70810.5,session_low,2.255,1,0.0988,40.0,951.05,12,6,BAD,missed_no_move_in_4h,absorption_reversal_short
BTC-USDT-SWAP-LONG-1773616458000-34,2026-03-15,LONG,2026-03-15T23:18:13+00:00,72818.1,73179.6,70810.5,0.4964,session_high,0.4964,1,,blocked,0.4964,0,0.0989,55.0,536.43,13,9,BAD,missed_no_move_in_4h,absorption_reversal_long
BTC-USDT-SWAP-LONG-1773616501000-35,2026-03-15,LONG,2026-03-15T23:18:13+00:00,72818.1,73179.6,70810.5,0.4964,session_high,0.4964,1,,blocked,0.4964,0,0.0989,55.0,536.43,13,9,BAD,missed_no_move_in_4h,absorption_reversal_long
BTC-USDT-SWAP-SHORT-1773614896000-32,2026-03-15,SHORT,2026-03-15T22:57:26+00:00,72650.0,73099.9,70810.5,0.6882,hvn,0.6882,19,70810.5,session_low,2.532,1,0.0984,46.0,473.83,11,8,BAD,missed_no_move_in_4h,retest_after_breakout_short
BTC-USDT-SWAP-SHORT-1773615446000-33,2026-03-15,SHORT,2026-03-15T23:08:49+00:00,72876.3,73179.6,70810.5,0.9966,hvn,0.9966,16,71410.0,swing_high,2.012,1,0.1034,25.0,208.73,10,9,BAD,missed_no_move_in_4h,absorption_reversal_short
BTC-USDT-SWAP-LONG-1773618551000-36,2026-03-15,LONG,2026-03-15T23:53:27+00:00,72619.2,73179.6,70810.5,0.7717,session_high,0.7717,1,,blocked,0.7717,0,0.0995,49.0,689.82,12,9,BAD,missed_no_move_in_4h,absorption_reversal_long
BTC-USDT-SWAP-LONG-1773619553000-1,2026-03-16,LONG,2026-03-16T00:09:04+00:00,72870.0,72977.0,72768.6,0.1468,session_high,0.1468,1,,blocked,0.1468,0,0.1018,45.0,158.63,8,9,GOOD,covered_watch_early,absorption_reversal_long
BTC-USDT-SWAP-SHORT-1773620946000-4,2026-03-16,SHORT,2026-03-16T00:47:37+00:00,72518.2,72977.0,72415.0,0.1423,swing_low,0.1423,16,,blocked,0.1423,0,0.0992,56.0,606.25,10,9,BAD,wrong_direction,absorption_reversal_short
BTC-USDT-SWAP-SHORT-1773623053000-5,2026-03-16,SHORT,2026-03-16T01:11:28+00:00,72402.9,72977.0,72319.9,0.1146,session_low,0.1146,11,,blocked,0.1146,0,0.0973,58.0,789.49,7,9,GOOD,covered_watch_early,absorption_reversal_short
BTC-USDT-SWAP-SHORT-1773626785000-7,2026-03-16,SHORT,2026-03-16T02:09:25+00:00,72725.0,72977.0,72213.7,0.1031,hvn,0.1031,11,,blocked,0.1031,0,0.0968,74.0,604.5,5,9,GOOD,covered_watch_early,absorption_reversal_short
BTC-USDT-SWAP-SHORT-1773628369000-8,2026-03-16,SHORT,2026-03-16T02:35:49+00:00,72380.0,72977.0,72213.7,0.2298,session_low,0.2298,10,,blocked,0.2298,0,0.0953,90.0,1351.16,8,9,GOOD,covered_watch_early,absorption_reversal_short
BTC-USDT-SWAP-LONG-1773620182000-2,2026-03-16,LONG,2026-03-16T00:37:27+00:00,72547.4,72977.0,72463.1,0.3482,hvn,0.3482,3,,blocked,0.3482,0,0.1008,44.0,605.95,8,9,GOOD,covered_watch_early,absorption_reversal_long
BTC-USDT-SWAP-LONG-1773620204000-3,2026-03-16,LONG,2026-03-16T00:37:27+00:00,72547.4,72977.0,72463.1,0.3482,hvn,0.3482,3,,blocked,0.3482,0,0.1008,44.0,605.95,8,9,GOOD,covered_watch_early,absorption_reversal_long
BTC-USDT-SWAP-LONG-1773623888000-6,2026-03-16,LONG,2026-03-16T01:57:01+00:00,72770.0,72977.0,72213.7,0.1099,hvn,0.1099,2,,blocked,0.1099,0,0.0993,50.0,606.32,8,9,GOOD,covered_watch_early,absorption_reversal_long
BTC-USDT-SWAP-SHORT-1773633161000-9,2026-03-16,SHORT,2026-03-16T04:01:50+00:00,73601.8,74316.5,72213.7,1.0894,hvn,1.0894,14,71537.6,swing_high,2.8046,1,0.0992,56.0,233.83,6,13,GOOD,covered_watch_early,absorption_reversal_short
BTC-USDT-SWAP-SHORT-1773634922000-11,2026-03-16,SHORT,2026-03-16T04:30:03+00:00,73584.8,74316.5,72213.7,0.826,swing_high,0.826,16,,blocked,0.826,0,0.0967,60.0,973.35,7,13,GOOD,covered_watch_early,absorption_reversal_short
BTC-USDT-SWAP-SHORT-1773638712000-12,2026-03-16,SHORT,2026-03-16T05:29:00+00:00,73868.7,74449.7,72213.7,0.0777,swing_high,0.0777,13,72373.4,swing_low,2.0243,1,0.1038,38.0,161.5,7,12,MID,covered_mid,retest_after_breakout_short
BTC-USDT-SWAP-SHORT-1773639024000-13,2026-03-16,SHORT,2026-03-16T05:33:32+00:00,73809.9,74449.7,72213.7,0.0812,hvn,0.0812,10,72327.5,swing_low,2.0084,1,0.0959,75.0,735.68,4,12,MID,covered_mid,absorption_reversal_short
BTC-USDT-SWAP-SHORT-1773640454000-15,2026-03-16,SHORT,2026-03-16T06:01:26+00:00,74121.8,74449.7,72213.7,0.1643,hvn,0.1643,10,72625.0,swing_high,2.0194,1,0.1016,42.0,593.34,7,12,MID,covered_mid,absorption_reversal_short
BTC-USDT-SWAP-SHORT-1773640886000-16,2026-03-16,SHORT,2026-03-16T06:20:42+00:00,73698.8,74449.7,72213.7,0.0662,hvn,0.0662,7,72213.7,session_low,2.0151,1,0.1024,38.0,505.37,5,12,MID,covered_mid,absorption_reversal_short
BTC-USDT-SWAP-LONG-1773641764000-17,2026-03-16,LONG,2026-03-16T06:45:49+00:00,73784.5,74449.7,72213.7,0.1565,hvn,0.1565,4,,blocked,0.1565,0,0.1006,50.0,595.96,3,10,GOOD,covered_watch_early,absorption_reversal_long
BTC-USDT-SWAP-SHORT-1773647103000-18,2026-03-16,SHORT,2026-03-16T07:59:28+00:00,73436.9,74449.7,72213.7,0.8332,swing_high,0.8332,6,,blocked,0.8332,0,0.0981,51.0,598.69,6,10,BAD,covered_late,absorption_reversal_short
BTC-USDT-SWAP-LONG-1773640084000-14,2026-03-16,LONG,2026-03-16T06:16:04+00:00,73704.8,74449.7,72213.7,0.0613,hvn,0.0613,8,,blocked,0.0613,0,0.1011,46.0,596.72,9,12,GOOD,covered_watch_early,retest_after_breakout_long
BTC-USDT-SWAP-LONG-1773647666000-19,2026-03-16,LONG,2026-03-16T08:20:09+00:00,73450.4,74449.7,72213.7,0.2037,hvn,0.2037,13,,blocked,0.2037,0,0.0947,54.0,7143.61,6,10,GOOD,covered_watch_early,absorption_reversal_long
BTC-USDT-SWAP-LONG-1773647793000-20,2026-03-16,LONG,2026-03-16T08:20:09+00:00,73450.4,74449.7,72213.7,0.2037,hvn,0.2037,13,,blocked,0.2037,0,0.0947,54.0,7143.61,6,10,GOOD,covered_watch_early,absorption_reversal_long
BTC-USDT-SWAP-LONG-1773655882000-26,2026-03-16,LONG,2026-03-16T10:16:13+00:00,73342.0,74449.7,72213.7,0.1473,hvn,0.1473,17,,blocked,0.1473,0,0.1036,45.0,529.37,10,10,MID,covered_mid,retest_after_breakout_long
BTC-USDT-SWAP-LONG-1773656977000-27,2026-03-16,LONG,2026-03-16T10:40:06+00:00,73241.8,74449.7,72213.7,0.1025,swing_high,0.1025,18,,blocked,0.1025,0,0.1054,29.0,404.01,10,10,MID,covered_mid,absorption_reversal_long
BTC-USDT-SWAP-SHORT-1773651038000-24,2026-03-16,SHORT,2026-03-16T08:58:31+00:00,73107.1,74449.7,72213.7,0.7429,swing_high,0.7429,4,,blocked,0.7429,0,0.1029,37.0,238.81,8,10,BAD,wrong_direction,absorption_reversal_short
BTC-USDT-SWAP-SHORT-1773650318000-21,2026-03-16,SHORT,2026-03-16T08:50:38+00:00,73051.0,74449.7,72213.7,0.8111,swing_low,0.8111,4,,blocked,0.8111,0,0.1027,37.0,300.48,6,10,BAD,wrong_direction,absorption_reversal_short
BTC-USDT-SWAP-LONG-1773650421000-22,2026-03-16,LONG,2026-03-16T08:46:30+00:00,73089.8,74449.7,72213.7,0.4928,hvn,0.4928,13,,blocked,0.4928,0,0.1013,38.0,506.29,2,10,MID,covered_mid,absorption_reversal_long
BTC-USDT-SWAP-LONG-1773660808000-30,2026-03-16,LONG,2026-03-16T11:45:00+00:00,73584.4,74449.7,72213.7,0.0891,hvn,0.0891,8,,blocked,0.0891,0,0.0985,65.0,327.42,2,8,BAD,covered_late,absorption_reversal_long
BTC-USDT-SWAP-SHORT-1773660536000-29,2026-03-16,SHORT,2026-03-16T11:38:29+00:00,73531.6,74449.7,72213.7,0.3552,swing_low,0.3552,3,,blocked,0.3552,0,0.0959,70.0,1564.95,2,8,GOOD,covered_watch_early,absorption_reversal_short
BTC-USDT-SWAP-LONG-1773659225000-28,2026-03-16,LONG,2026-03-16T11:10:43+00:00,73689.9,74449.7,72213.7,0.0816,hvn,0.0816,6,,blocked,0.0816,0,0.1011,46.0,600.09,3,9,MID,covered_mid,retest_after_breakout_long
BTC-USDT-SWAP-SHORT-1773655581000-25,2026-03-16,SHORT,2026-03-16T10:27:56+00:00,73421.5,74449.7,72213.7,0.1425,swing_high,0.1425,5,,blocked,0.1425,0,0.1045,36.0,223.11,10,10,GOOD,covered_watch_early,absorption_reversal_short
BTC-USDT-SWAP-LONG-1773665169000-32,2026-03-16,LONG,2026-03-16T12:50:05+00:00,73748.4,74449.7,72213.7,0.07,hvn,0.07,3,,blocked,0.07,0,0.0982,49.0,407.47,2,8,BAD,covered_late,absorption_reversal_long
BTC-USDT-SWAP-LONG-1773664875000-31,2026-03-16,LONG,2026-03-16T12:44:36+00:00,73788.0,74449.7,72213.7,0.2359,swing_low,0.2359,4,,blocked,0.2359,0,0.0982,50.0,517.92,8,8,BAD,covered_late,absorption_reversal_long
BTC-USDT-SWAP-LONG-1773666805000-33,2026-03-16,LONG,2026-03-16T13:16:25+00:00,73905.4,74449.7,72213.7,0.7365,session_high,0.7365,1,,blocked,0.7365,0,0.0912,76.0,2226.03,4,7,BAD,covered_late,absorption_reversal_long
BTC-USDT-SWAP-LONG-1773650790000-23,2026-03-16,LONG,2026-03-16T09:02:04+00:00,73132.9,74449.7,72213.7,0.4336,hvn,0.4336,16,,blocked,0.4336,0,0.0997,49.0,601.62,8,10,MID,covered_mid,absorption_reversal_long
BTC-USDT-SWAP-LONG-1773670854000-35,2026-03-16,LONG,2026-03-16T14:24:58+00:00,74126.8,74499.9,72213.7,0.1662,hvn,0.1662,3,,blocked,0.1662,0,0.1036,41.0,277.17,3,8,BAD,wrong_direction,absorption_reversal_long
BTC-USDT-SWAP-SHORT-1773672598000-37,2026-03-16,SHORT,2026-03-16T15:13:23+00:00,73485.0,74499.9,72213.7,0.0554,swing_low,0.0554,9,,blocked,0.0554,0,0.1035,34.0,598.5,5,8,BAD,missed_no_move_in_4h,absorption_reversal_short
BTC-USDT-SWAP-LONG-1773684454000-38,2026-03-16,LONG,2026-03-16T18:24:29+00:00,74217.7,74499.9,72213.7,0.3802,session_high,0.3802,1,,blocked,0.3802,0,0.1034,39.0,190.8,3,8,BAD,missed_no_move_in_4h,absorption_reversal_long
BTC-USDT-SWAP-LONG-1773685469000-39,2026-03-16,LONG,2026-03-16T19:02:12+00:00,73924.2,74499.9,72213.7,0.1025,hvn,0.1025,5,,blocked,0.1025,0,0.0988,51.0,476.52,7,8,BAD,missed_no_move_in_4h,absorption_reversal_long
BTC-USDT-SWAP-LONG-1773695990000-40,2026-03-16,LONG,2026-03-16T21:30:23+00:00,74221.4,74499.9,72213.7,0.1059,hvn,0.1059,2,,blocked,0.1059,0,0.1009,52.0,592.68,5,8,BAD,missed_no_move_in_4h,absorption_reversal_long
BTC-USDT-SWAP-SHORT-1773670410000-34,2026-03-16,SHORT,2026-03-16T14:49:58+00:00,73080.1,74499.9,72213.7,1.1855,session_low,1.1855,1,,blocked,1.1855,0,0.1016,47.0,570.1,6,8,BAD,missed_no_move_in_4h,absorption_reversal_short
BTC-USDT-SWAP-SHORT-1773700604000-44,2026-03-16,SHORT,2026-03-16T22:40:48+00:00,74663.8,74880.0,72213.7,0.1677,swing_low,0.1677,16,72213.7,session_low,3.2815,1,0.1,42.0,588.56,8,9,BAD,missed_no_move_in_4h,absorption_reversal_short
BTC-USDT-SWAP-LONG-1773671719000-36,2026-03-16,LONG,2026-03-16T15:07:06+00:00,73430.3,74499.9,72213.7,0.0949,hvn,0.0949,5,,blocked,0.0949,0,0.1021,44.0,599.52,3,8,BAD,missed_no_move_in_4h,absorption_reversal_long
BTC-USDT-SWAP-SHORT-1773697184000-41,2026-03-16,SHORT,2026-03-16T21:53:58+00:00,74480.0,74794.9,72213.7,0.2417,hvn,0.2417,13,72213.7,session_low,3.0428,1,0.0992,38.0,982.59,4,9,BAD,missed_no_move_in_4h,absorption_reversal_short
BTC-USDT-SWAP-LONG-1773698589000-42,2026-03-16,LONG,2026-03-16T22:13:52+00:00,74788.9,74880.0,72213.7,0.1218,session_high,0.1218,1,,blocked,0.1218,0,0.0986,39.0,1398.4,9,9,BAD,missed_no_move_in_4h,absorption_reversal_long
BTC-USDT-SWAP-LONG-1773699232000-43,2026-03-16,LONG,2026-03-16T22:28:29+00:00,74654.1,74880.0,72213.7,0.3026,session_high,0.3026,1,,blocked,0.3026,0,0.0988,52.0,367.12,6,9,BAD,missed_no_move_in_4h,absorption_reversal_long
BTC-USDT-SWAP-SHORT-1773701464000-45,2026-03-16,SHORT,2026-03-16T23:20:29+00:00,74455.7,74880.0,72213.7,0.0748,hvn,0.0748,16,72213.7,session_low,3.0112,1,0.0986,69.0,684.77,10,8,BAD,missed_no_move_in_4h,absorption_reversal_short
BTC-USDT-SWAP-SHORT-1773792030000-1,2026-03-18,SHORT,2026-03-18T00:13:01+00:00,73985.1,74029.7,73771.0,0.2502,hvn,0.2502,2,,blocked,0.2502,0,0.097,65.0,594.22,0,2,BAD,missed_no_move_in_4h,absorption_reversal_short
BTC-USDT-SWAP-LONG-1773793270000-3,2026-03-18,LONG,2026-03-18T00:29:14+00:00,73739.8,74029.7,73618.2,0.0816,hvn,0.0816,2,,blocked,0.0816,0,0.1008,48.0,281.03,0,3,MID,noisy_partial_1_5,absorption_reversal_long
BTC-USDT-SWAP-LONG-1773796201000-7,2026-03-18,LONG,2026-03-18T01:13:17+00:00,73863.2,74029.7,73485.7,0.2254,session_high,0.2254,1,,blocked,0.2254,0,0.0998,56.0,230.83,0,4,MID,noisy_partial_1_5,absorption_reversal_long
BTC-USDT-SWAP-LONG-1773794558000-5,2026-03-18,LONG,2026-03-18T00:59:29+00:00,73799.6,74029.7,73485.7,0.3118,session_high,0.3118,1,,blocked,0.3118,0,0.0973,75.0,249.73,0,4,MID,noisy_partial_1_5,absorption_reversal_long
BTC-USDT-SWAP-LONG-1773793754000-4,2026-03-18,LONG,2026-03-18T00:34:06+00:00,73670.0,74029.7,73618.2,0.1086,hvn,0.1086,2,,blocked,0.1086,0,0.0982,68.0,627.89,0,3,MID,noisy_partial_1_5,absorption_reversal_long
BTC-USDT-SWAP-SHORT-1773795295000-6,2026-03-18,SHORT,2026-03-18T00:57:55+00:00,73813.3,74029.7,73485.7,0.0858,hvn,0.0858,4,,blocked,0.0858,0,0.0972,63.0,595.69,0,4,BAD,missed_no_move_in_4h,absorption_reversal_short
BTC-USDT-SWAP-LONG-1773798977000-9,2026-03-18,LONG,2026-03-18T02:00:02+00:00,74012.6,74172.0,73485.7,0.1181,hvn,0.1181,4,,blocked,0.1181,0,0.097,69.0,311.81,1,4,MID,noisy_partial_1_5,absorption_reversal_long
BTC-USDT-SWAP-LONG-1773799629000-10,2026-03-18,LONG,2026-03-18T02:15:00+00:00,74240.1,74249.7,73485.7,6.0,none_within_scan,6.0,0,75724.9,open_void_2pct,2.0,1,0.099,49.0,510.21,1,4,MID,noisy_partial_1_5,absorption_reversal_long
BTC-USDT-SWAP-SHORT-1773792781000-2,2026-03-18,SHORT,2026-03-18T00:54:55+00:00,73742.8,74029.7,73485.7,0.058,hvn,0.058,4,,blocked,0.058,0,0.1006,43.0,595.72,0,4,BAD,missed_no_move_in_4h,absorption_reversal_short
BTC-USDT-SWAP-LONG-1773800100000-11,2026-03-18,LONG,2026-03-18T02:40:01+00:00,74276.0,74364.6,73485.7,0.1193,session_high,0.1193,1,,blocked,0.1193,0,0.0971,69.0,593.45,2,5,MID,noisy_partial_1_5,absorption_reversal_long
BTC-USDT-SWAP-SHORT-1773797761000-8,2026-03-18,SHORT,2026-03-18T01:43:03+00:00,74139.9,74165.9,73485.7,0.1887,hvn,0.1887,5,,blocked,0.1887,0,0.0969,66.0,319.13,0,4,BAD,missed_no_move_in_4h,absorption_reversal_short
BTC-USDT-SWAP-SHORT-1773800297000-12,2026-03-18,SHORT,2026-03-18T02:21:49+00:00,74230.6,74258.6,73485.7,0.0789,swing_high,0.0789,6,,blocked,0.0789,0,0.0968,70.0,599.73,2,4,BAD,missed_no_move_in_4h,absorption_reversal_short
BTC-USDT-SWAP-SHORT-1773806704000-17,2026-03-18,SHORT,2026-03-18T04:37:40+00:00,74146.1,74644.4,73485.7,0.0622,hvn,0.0622,3,,blocked,0.0622,0,0.1011,51.0,410.82,6,6,BAD,missed_no_move_in_4h,absorption_reversal_short
BTC-USDT-SWAP-LONG-1773804825000-15,2026-03-18,LONG,2026-03-18T03:44:33+00:00,74444.7,74644.4,73485.7,0.2683,session_high,0.2683,1,,blocked,0.2683,0,0.0963,82.0,1051.17,3,6,BAD,missed_no_move_in_4h,absorption_reversal_long
BTC-USDT-SWAP-LONG-1773805473000-16,2026-03-18,LONG,2026-03-18T03:47:47+00:00,74429.5,74644.4,73485.7,0.2887,session_high,0.2887,1,,blocked,0.2887,0,0.0948,87.0,1051.43,3,6,BAD,missed_no_move_in_4h,absorption_reversal_long
BTC-USDT-SWAP-SHORT-1773808660000-19,2026-03-18,SHORT,2026-03-18T04:40:52+00:00,74173.0,74644.4,73485.7,0.2332,hvn,0.2332,2,,blocked,0.2332,0,0.0981,51.0,592.66,6,6,BAD,missed_no_move_in_4h,absorption_reversal_short
BTC-USDT-SWAP-LONG-1773807129000-18,2026-03-18,LONG,2026-03-18T04:15:34+00:00,74375.0,74644.4,73485.7,0.1008,hvn,0.1008,2,,blocked,0.1008,0,0.0962,80.0,683.62,4,6,BAD,missed_no_move_in_4h,absorption_reversal_long
BTC-USDT-SWAP-SHORT-1773802038000-13,2026-03-18,SHORT,2026-03-18T03:05:02+00:00,74295.5,74443.8,73485.7,0.1662,swing_high,0.1662,6,,blocked,0.1662,0,0.1014,47.0,239.48,2,5,BAD,missed_no_move_in_4h,absorption_reversal_short
BTC-USDT-SWAP-SHORT-1773814999000-20,2026-03-18,SHORT,2026-03-18T06:31:30+00:00,74170.2,74644.4,73485.7,0.0946,hvn,0.0946,6,,blocked,0.0946,0,0.0972,56.0,1592.26,8,6,BAD,missed_no_move_in_4h,absorption_reversal_short
BTC-USDT-SWAP-SHORT-1773819697000-21,2026-03-18,SHORT,2026-03-18T07:44:37+00:00,73697.0,74644.4,73485.7,0.2867,session_low,0.2867,1,,blocked,0.2867,0,0.0976,53.0,1274.67,10,6,BAD,missed_no_move_in_4h,absorption_reversal_short
BTC-USDT-SWAP-SHORT-1773819792000-22,2026-03-18,SHORT,2026-03-18T07:47:03+00:00,73700.1,74644.4,73485.7,0.2909,session_low,0.2909,1,,blocked,0.2909,0,0.0977,51.0,867.87,10,6,BAD,missed_no_move_in_4h,retest_after_breakout_short
BTC-USDT-SWAP-SHORT-1773804588000-14,2026-03-18,SHORT,2026-03-18T03:35:07+00:00,74505.3,74594.7,73485.7,0.186,swing_high,0.186,10,,blocked,0.186,0,0.0975,55.0,1793.15,3,6,BAD,missed_no_move_in_4h,retest_after_breakout_short
BTC-USDT-SWAP-SHORT-1773834431000-26,2026-03-18,SHORT,2026-03-18T11:52:33+00:00,72996.9,74644.4,72750.0,0.3382,session_low,0.3382,1,,blocked,0.3382,0,0.1019,40.0,1057.11,7,8,BAD,missed_no_move_in_4h,retest_after_breakout_short
BTC-USDT-SWAP-SHORT-1773835688000-27,2026-03-18,SHORT,2026-03-18T12:16:10+00:00,72741.8,74644.4,72626.0,0.1592,session_low,0.1592,1,,blocked,0.1592,0,0.0997,52.0,630.57,3,8,BAD,missed_no_move_in_4h,absorption_reversal_short
BTC-USDT-SWAP-SHORT-1773836170000-28,2026-03-18,SHORT,2026-03-18T12:27:28+00:00,72775.5,74644.4,72626.0,0.2054,session_low,0.2054,1,,blocked,0.2054,0,0.1006,51.0,351.69,4,8,BAD,missed_no_move_in_4h,absorption_reversal_short
BTC-USDT-SWAP-LONG-1773834114000-23,2026-03-18,LONG,2026-03-18T12:01:01+00:00,72941.3,74644.4,72750.0,1.2239,swing_low,1.2239,19,74644.4,session_high,2.3349,1,0.101,40.0,603.55,12,8,MID,noisy_partial_1_5,absorption_reversal_long
BTC-USDT-SWAP-LONG-1773834139000-24,2026-03-18,LONG,2026-03-18T12:01:01+00:00,72941.3,74644.4,72750.0,1.2239,swing_low,1.2239,19,74644.4,session_high,2.3349,1,0.101,40.0,603.55,12,8,MID,noisy_partial_1_5,absorption_reversal_long
BTC-USDT-SWAP-SHORT-1773834370000-25,2026-03-18,SHORT,2026-03-18T11:49:10+00:00,73028.3,74644.4,72750.0,0.3811,session_low,0.3811,1,,blocked,0.3811,0,0.1,60.0,259.01,8,8,BAD,missed_no_move_in_4h,retest_after_breakout_short
BTC-USDT-SWAP-SHORT-1773837926000-31,2026-03-18,SHORT,2026-03-18T12:48:26+00:00,72320.1,74644.4,72252.1,0.094,session_low,0.094,1,,blocked,0.094,0,0.0977,52.0,2483.03,8,9,BAD,missed_no_move_in_4h,retest_after_breakout_short
BTC-USDT-SWAP-SHORT-1773837656000-30,2026-03-18,SHORT,2026-03-18T12:45:26+00:00,72326.8,74644.4,72252.1,0.1033,session_low,0.1033,1,,blocked,0.1033,0,0.0996,46.0,1000.32,4,9,BAD,missed_no_move_in_4h,retest_after_breakout_short
BTC-USDT-SWAP-SHORT-1773842088000-33,2026-03-18,SHORT,2026-03-18T14:11:49+00:00,71965.1,74644.4,71833.4,0.183,session_low,0.183,1,,blocked,0.183,0,0.0977,58.0,1045.0,5,11,BAD,missed_no_move_in_4h,retest_after_breakout_short
BTC-USDT-SWAP-SHORT-1773842025000-32,2026-03-18,SHORT,2026-03-18T14:11:49+00:00,71965.1,74644.4,71833.4,0.183,session_low,0.183,1,,blocked,0.183,0,0.0977,58.0,1045.0,5,11,BAD,missed_no_move_in_4h,retest_after_breakout_short
BTC-USDT-SWAP-LONG-1773836450000-29,2026-03-18,LONG,2026-03-18T13:04:08+00:00,72333.5,74644.4,72079.1,0.0919,hvn,0.0919,6,73834.0,swing_low,2.0744,1,0.1017,40.0,610.35,9,10,MID,noisy_partial_1_5,absorption_reversal_long
BTC-USDT-SWAP-LONG-1773843528000-35,2026-03-18,LONG,2026-03-18T14:21:48+00:00,71870.5,74644.4,71806.5,0.5419,swing_low,0.5419,9,73834.0,swing_low,2.732,1,0.0948,94.0,611.71,5,11,MID,noisy_partial_1_5,retest_after_breakout_long
BTC-USDT-SWAP-LONG-1773842911000-34,2026-03-18,LONG,2026-03-18T14:18:48+00:00,71891.5,74644.4,71806.5,0.5682,hvn,0.5682,8,73834.0,swing_low,2.702,1,0.0998,59.0,241.69,5,11,MID,noisy_partial_1_5,absorption_reversal_long
BTC-USDT-SWAP-SHORT-1773844720000-37,2026-03-18,SHORT,2026-03-18T14:41:40+00:00,71623.3,74644.4,71528.1,0.1329,session_low,0.1329,1,,blocked,0.1329,0,0.0974,70.0,1262.23,4,12,BAD,missed_no_move_in_4h,absorption_reversal_short
BTC-USDT-SWAP-SHORT-1773844698000-36,2026-03-18,SHORT,2026-03-18T14:41:18+00:00,71616.4,74644.4,71528.1,0.1233,session_low,0.1233,1,,blocked,0.1233,0,0.098,74.0,510.74,4,12,BAD,missed_no_move_in_4h,absorption_reversal_short
BTC-USDT-SWAP-SHORT-1773844837000-39,2026-03-18,SHORT,2026-03-18T14:50:30+00:00,71536.4,74644.4,71430.0,0.1487,session_low,0.1487,1,,blocked,0.1487,0,0.0991,62.0,317.01,9,12,BAD,missed_no_move_in_4h,absorption_reversal_short
BTC-USDT-SWAP-SHORT-1773844787000-38,2026-03-18,SHORT,2026-03-18T14:50:30+00:00,71536.4,74644.4,71430.0,0.1487,session_low,0.1487,1,,blocked,0.1487,0,0.0991,62.0,317.01,9,12,BAD,missed_no_move_in_4h,absorption_reversal_short
BTC-USDT-SWAP-LONG-1773848497000-43,2026-03-18,LONG,2026-03-18T15:47:30+00:00,71269.7,74644.4,70812.1,0.1127,hvn,0.1127,8,72700.0,hvn,2.0069,1,0.1002,55.0,617.49,7,15,MID,noisy_partial_1_5,absorption_reversal_long
BTC-USDT-SWAP-SHORT-1773846823000-41,2026-03-18,SHORT,2026-03-18T15:16:43+00:00,71103.2,74644.4,70812.1,0.4094,session_low,0.4094,1,,blocked,0.4094,0,0.1021,56.0,328.21,4,15,BAD,missed_no_move_in_4h,retest_after_breakout_short
BTC-USDT-SWAP-SHORT-1773846814000-40,2026-03-18,SHORT,2026-03-18T15:16:34+00:00,71081.6,74644.4,70812.1,0.3791,session_low,0.3791,1,,blocked,0.3791,0,0.1018,58.0,761.05,4,15,BAD,missed_no_move_in_4h,retest_after_breakout_short
BTC-USDT-SWAP-SHORT-1773849364000-44,2026-03-18,SHORT,2026-03-18T16:00:04+00:00,71400.0,74644.4,70812.1,0.07,hvn,0.07,5,,blocked,0.07,0,0.0995,55.0,241.38,7,15,BAD,missed_no_move_in_4h,absorption_reversal_short
BTC-USDT-SWAP-LONG-1773854692000-45,2026-03-18,LONG,2026-03-18T17:35:34+00:00,71446.8,74644.4,70812.1,0.0745,hvn,0.0745,9,74169.4,swing_high,3.8107,1,0.0985,54.0,2364.33,3,15,MID,noisy_partial_1_5,absorption_reversal_long
BTC-USDT-SWAP-SHORT-1773847388000-42,2026-03-18,SHORT,2026-03-18T15:56:04+00:00,71386.1,74644.4,70812.1,0.0506,hvn,0.0506,7,,blocked,0.0506,0,0.0992,68.0,311.32,12,15,BAD,missed_no_move_in_4h,absorption_reversal_short
BTC-USDT-SWAP-LONG-1773856508000-46,2026-03-18,LONG,2026-03-18T18:14:53+00:00,71829.5,74644.4,70812.1,0.1678,hvn,0.1678,8,73850.0,swing_low,2.8129,1,0.1042,40.0,612.36,6,15,BAD,missed_no_move_in_4h,absorption_reversal_long
BTC-USDT-SWAP-LONG-1773857693000-48,2026-03-18,LONG,2026-03-18T18:24:47+00:00,71573.8,74644.4,70812.1,1.0146,hvn,1.0146,4,74644.4,session_high,4.2901,1,0.1014,58.0,614.69,0,14,BAD,missed_no_move_in_4h,absorption_reversal_long
BTC-USDT-SWAP-SHORT-1773857396000-47,2026-03-18,SHORT,2026-03-18T18:18:38+00:00,71689.9,74644.4,70812.1,0.1254,hvn,0.1254,13,,blocked,0.1254,0,0.1027,42.0,367.39,6,15,BAD,missed_no_move_in_4h,absorption_reversal_short
BTC-USDT-SWAP-SHORT-1773861038000-49,2026-03-18,SHORT,2026-03-18T19:14:27+00:00,71292.5,74644.4,70812.1,0.0596,hvn,0.0596,5,,blocked,0.0596,0,0.1003,41.0,542.72,4,14,BAD,missed_no_move_in_4h,retest_after_breakout_short
BTC-USDT-SWAP-SHORT-1773861090000-50,2026-03-18,SHORT,2026-03-18T19:14:30+00:00,71304.3,74644.4,70812.1,0.0762,hvn,0.0762,6,,blocked,0.0762,0,0.1002,42.0,385.82,4,14,BAD,missed_no_move_in_4h,retest_after_breakout_short
BTC-USDT-SWAP-SHORT-1773862102000-51,2026-03-18,SHORT,2026-03-18T19:31:31+00:00,71197.7,74644.4,70812.1,0.067,hvn,0.067,3,,blocked,0.067,0,0.0967,75.0,1076.19,4,11,BAD,missed_no_move_in_4h,absorption_reversal_short
BTC-USDT-SWAP-SHORT-1773863194000-52,2026-03-18,SHORT,2026-03-18T19:49:36+00:00,70976.3,74644.4,70812.1,0.2313,session_low,0.2313,1,,blocked,0.2313,0,0.0988,54.0,440.74,3,11,BAD,missed_no_move_in_4h,absorption_reversal_short
BTC-USDT-SWAP-SHORT-1773865224000-55,2026-03-18,SHORT,2026-03-18T20:23:30+00:00,70796.0,74644.4,70452.8,0.4848,session_low,0.4848,1,,blocked,0.4848,0,0.0974,77.0,366.46,2,11,BAD,missed_no_move_in_4h,retest_after_breakout_short
BTC-USDT-SWAP-SHORT-1773863225000-53,2026-03-18,SHORT,2026-03-18T20:20:24+00:00,70767.9,74644.4,70452.8,0.4453,session_low,0.4453,1,,blocked,0.4453,0,0.0968,77.0,621.49,6,11,BAD,missed_no_move_in_4h,absorption_reversal_short
BTC-USDT-SWAP-LONG-1773864839000-54,2026-03-18,LONG,2026-03-18T20:46:03+00:00,71146.8,74644.4,70452.8,0.0748,hvn,0.0748,8,74644.4,session_high,4.916,1,0.0992,51.0,618.22,1,10,BAD,missed_no_move_in_4h,absorption_reversal_long
BTC-USDT-SWAP-SHORT-1773866301000-56,2026-03-18,SHORT,2026-03-18T20:41:21+00:00,71141.8,74644.4,70452.8,0.0588,hvn,0.0588,3,,blocked,0.0588,0,0.099,65.0,235.68,2,10,BAD,missed_no_move_in_4h,retest_after_breakout_short
BTC-USDT-SWAP-LONG-1773866763000-57,2026-03-18,LONG,2026-03-18T20:49:21+00:00,71138.2,74644.4,70452.8,0.0869,hvn,0.0869,9,74644.4,session_high,4.9287,1,0.1013,53.0,618.47,2,10,BAD,missed_no_move_in_4h,absorption_reversal_long
BTC-USDT-SWAP-SHORT-1773879450000-2,2026-03-19,SHORT,2026-03-19T00:20:30+00:00,71090.0,71270.4,71052.8,0.0523,session_low,0.0523,3,,blocked,0.0523,0,0.0983,72.0,618.51,7,7,GOOD,covered_watch_early,absorption_reversal_short
BTC-USDT-SWAP-LONG-1773881185000-3,2026-03-19,LONG,2026-03-19T00:49:25+00:00,71049.0,71287.9,71007.9,0.0525,swing_high,0.0525,15,,blocked,0.0525,0,0.0964,74.0,1082.73,9,7,BAD,wrong_direction,retest_after_breakout_long
BTC-USDT-SWAP-LONG-1773883030000-6,2026-03-19,LONG,2026-03-19T01:21:44+00:00,71002.2,71287.9,70933.1,0.0673,hvn,0.0673,18,,blocked,0.0673,0,0.0986,64.0,633.05,12,7,BAD,wrong_direction,absorption_reversal_long
BTC-USDT-SWAP-SHORT-1773886593000-7,2026-03-19,SHORT,2026-03-19T02:22:49+00:00,71171.9,71287.9,70862.5,0.101,hvn,0.101,11,,blocked,0.101,0,0.0974,78.0,326.89,9,7,GOOD,covered_watch_early,retest_after_breakout_short
BTC-USDT-SWAP-LONG-1773878683000-1,2026-03-19,LONG,2026-03-19T00:15:09+00:00,71163.1,71270.4,71052.8,0.0519,hvn,0.0519,10,,blocked,0.0519,0,0.0986,60.0,759.78,8,7,BAD,wrong_direction,absorption_reversal_long
BTC-USDT-SWAP-SHORT-1773882002000-4,2026-03-19,SHORT,2026-03-19T01:04:24+00:00,70974.9,71287.9,70943.6,6.0,none_within_scan,6.0,0,69555.4,open_void_2pct,2.0,1,0.0956,56.0,5472.35,5,7,GOOD,covered_watch_early,absorption_reversal_short
BTC-USDT-SWAP-SHORT-1773882324000-5,2026-03-19,SHORT,2026-03-19T01:08:24+00:00,71050.0,71287.9,70933.1,0.0593,swing_low,0.0593,3,,blocked,0.0593,0,0.0975,75.0,988.02,6,7,GOOD,covered_watch_early,retest_after_breakout_short
BTC-USDT-SWAP-LONG-1773890712000-8,2026-03-19,LONG,2026-03-19T03:28:26+00:00,71506.2,71582.9,70862.5,0.1073,session_high,0.1073,1,,blocked,0.1073,0,0.1011,49.0,272.79,8,6,BAD,wrong_direction,absorption_reversal_long
BTC-USDT-SWAP-SHORT-1773891608000-11,2026-03-19,SHORT,2026-03-19T03:53:03+00:00,71219.4,71582.9,70862.5,0.0974,hvn,0.0974,10,,blocked,0.0974,0,0.0978,78.0,617.22,7,6,MID,covered_mid,absorption_reversal_short
BTC-USDT-SWAP-SHORT-1773891003000-9,2026-03-19,SHORT,2026-03-19T03:40:08+00:00,71279.3,71582.9,70862.5,0.0832,swing_high,0.0832,18,,blocked,0.0832,0,0.0955,76.0,1859.98,12,6,MID,covered_mid,absorption_reversal_short
BTC-USDT-SWAP-SHORT-1773891095000-10,2026-03-19,SHORT,2026-03-19T03:40:08+00:00,71279.3,71582.9,70862.5,0.0832,swing_high,0.0832,18,,blocked,0.0832,0,0.0955,76.0,1859.98,12,6,MID,covered_mid,absorption_reversal_short
BTC-USDT-SWAP-SHORT-1773893807000-13,2026-03-19,SHORT,2026-03-19T04:19:47+00:00,70817.5,71582.9,70689.0,0.1815,session_low,0.1815,1,,blocked,0.1815,0,0.0983,65.0,409.75,7,5,MID,covered_mid,retest_after_breakout_short
BTC-USDT-SWAP-SHORT-1773894114000-14,2026-03-19,SHORT,2026-03-19T04:38:03+00:00,70763.1,71582.9,70628.0,0.1909,session_low,0.1909,1,,blocked,0.1909,0,0.0972,82.0,634.28,11,5,MID,covered_mid,retest_after_breakout_short
BTC-USDT-SWAP-LONG-1773893554000-12,2026-03-19,LONG,2026-03-19T04:31:37+00:00,70667.3,71582.9,70628.0,0.4708,hvn,0.4708,11,,blocked,0.4708,0,0.0963,70.0,809.17,5,5,BAD,wrong_direction,absorption_reversal_long
BTC-USDT-SWAP-LONG-1773894697000-15,2026-03-19,LONG,2026-03-19T04:43:35+00:00,70772.7,71582.9,70628.0,0.1927,swing_high,0.1927,18,,blocked,0.1927,0,0.0984,49.0,981.49,12,5,BAD,wrong_direction,retest_after_breakout_long
BTC-USDT-SWAP-LONG-1773902340000-16,2026-03-19,LONG,2026-03-19T07:01:29+00:00,70532.4,71582.9,70448.2,0.2376,hvn,0.2376,16,,blocked,0.2376,0,0.0986,54.0,623.81,9,6,BAD,wrong_direction,retest_after_breakout_long
BTC-USDT-SWAP-LONG-1773903689000-17,2026-03-19,LONG,2026-03-19T07:05:55+00:00,70461.7,71582.9,70310.3,0.3178,swing_low,0.3178,18,,blocked,0.3178,0,0.1001,57.0,624.49,10,7,BAD,wrong_direction,retest_after_breakout_long
BTC-USDT-SWAP-LONG-1773910669000-22,2026-03-19,LONG,2026-03-19T09:00:49+00:00,70034.5,71582.9,69438.0,0.0915,swing_high,0.0915,12,71582.9,session_high,2.2109,1,0.0997,64.0,272.41,8,10,BAD,wrong_direction,absorption_reversal_long
BTC-USDT-SWAP-LONG-1773909084000-21,2026-03-19,LONG,2026-03-19T08:35:08+00:00,70028.3,71582.9,69438.0,0.1024,hvn,0.1024,14,71582.9,session_high,2.22,1,0.0985,60.0,736.81,7,10,BAD,wrong_direction,absorption_reversal_long
BTC-USDT-SWAP-LONG-1773910814000-23,2026-03-19,LONG,2026-03-19T09:18:04+00:00,69997.5,71582.9,69438.0,0.075,hvn,0.075,10,71582.9,session_high,2.2649,1,0.0983,63.0,629.07,3,10,BAD,wrong_direction,absorption_reversal_long
BTC-USDT-SWAP-LONG-1773907866000-20,2026-03-19,LONG,2026-03-19T08:17:41+00:00,70142.0,71582.9,69438.0,0.0827,hvn,0.0827,13,71582.9,session_high,2.0543,1,0.099,65.0,428.02,7,10,BAD,wrong_direction,absorption_reversal_long
BTC-USDT-SWAP-LONG-1773907331000-19,2026-03-19,LONG,2026-03-19T08:11:06+00:00,70112.6,71582.9,69438.0,0.1247,hvn,0.1247,16,71582.9,session_high,2.0971,1,0.1,56.0,250.9,9,10,BAD,wrong_direction,absorption_reversal_long
BTC-USDT-SWAP-LONG-1773913788000-26,2026-03-19,LONG,2026-03-19T10:06:12+00:00,70415.1,71582.9,69438.0,0.4046,hvn,0.4046,6,,blocked,0.4046,0,0.1003,62.0,598.16,5,10,BAD,wrong_direction,absorption_reversal_long
BTC-USDT-SWAP-SHORT-1773918340000-27,2026-03-19,SHORT,2026-03-19T11:09:52+00:00,70104.4,71582.9,69438.0,0.0776,hvn,0.0776,5,,blocked,0.0776,0,0.0978,70.0,399.67,10,10,BAD,covered_late,absorption_reversal_short
BTC-USDT-SWAP-SHORT-1773913555000-25,2026-03-19,SHORT,2026-03-19T09:53:33+00:00,70423.7,71582.9,69438.0,0.1757,hvn,0.1757,12,,blocked,0.1757,0,0.0977,61.0,1305.42,9,10,BAD,covered_late,retest_after_breakout_short
BTC-USDT-SWAP-SHORT-1773912406000-24,2026-03-19,SHORT,2026-03-19T09:30:11+00:00,70259.0,71582.9,69438.0,0.084,hvn,0.084,10,,blocked,0.084,0,0.0982,68.0,683.54,8,10,MID,covered_mid,absorption_reversal_short
BTC-USDT-SWAP-SHORT-1773922559000-28,2026-03-19,SHORT,2026-03-19T12:20:10+00:00,69678.6,71582.9,69438.0,0.3453,session_low,0.3453,1,,blocked,0.3453,0,0.0954,87.0,1524.72,6,7,BAD,covered_late,absorption_reversal_short
BTC-USDT-SWAP-LONG-1773926911000-30,2026-03-19,LONG,2026-03-19T13:40:10+00:00,69349.4,71582.9,69036.1,0.4335,hvn,0.4335,12,71582.9,session_high,3.2206,1,0.096,78.0,750.92,3,9,BAD,wrong_direction,absorption_reversal_long
BTC-USDT-SWAP-SHORT-1773925165000-29,2026-03-19,SHORT,2026-03-19T13:06:08+00:00,69300.1,71582.9,69056.8,0.3511,session_low,0.3511,1,,blocked,0.3511,0,0.1027,45.0,360.8,8,9,BAD,covered_late,absorption_reversal_short
BTC-USDT-SWAP-SHORT-1773931024000-32,2026-03-19,SHORT,2026-03-19T14:46:45+00:00,69275.0,71582.9,69036.1,0.3449,session_low,0.3449,1,,blocked,0.3449,0,0.0955,83.0,1222.72,1,8,BAD,covered_late,absorption_reversal_short
BTC-USDT-SWAP-SHORT-1773931043000-33,2026-03-19,SHORT,2026-03-19T14:46:45+00:00,69275.0,71582.9,69036.1,0.3449,session_low,0.3449,1,,blocked,0.3449,0,0.0955,83.0,1222.72,1,8,BAD,covered_late,absorption_reversal_short
BTC-USDT-SWAP-LONG-1773932261000-35,2026-03-19,LONG,2026-03-19T15:00:41+00:00,69464.0,71582.9,69036.1,0.2678,hvn,0.2678,10,71582.9,session_high,3.0504,1,0.1004,57.0,684.87,5,7,BAD,wrong_direction,retest_after_breakout_long
BTC-USDT-SWAP-LONG-1773933216000-36,2026-03-19,LONG,2026-03-19T15:16:36+00:00,69682.1,71582.9,69036.1,0.3127,hvn,0.3127,6,71582.9,session_high,2.7278,1,0.098,70.0,841.18,4,7,BAD,wrong_direction,absorption_reversal_long
BTC-USDT-SWAP-SHORT-1773929685000-31,2026-03-19,SHORT,2026-03-19T14:20:57+00:00,69431.9,71582.9,69036.1,0.5701,session_low,0.5701,1,,blocked,0.5701,0,0.1007,56.0,172.02,2,9,BAD,covered_late,retest_after_breakout_short
BTC-USDT-SWAP-LONG-1773932209000-34,2026-03-19,LONG,2026-03-19T14:59:49+00:00,69486.7,71582.9,69036.1,0.235,hvn,0.235,15,71582.9,session_high,3.0167,1,0.0984,68.0,632.6,10,7,BAD,wrong_direction,absorption_reversal_long
BTC-USDT-SWAP-LONG-1773933416000-37,2026-03-19,LONG,2026-03-19T15:39:45+00:00,69215.6,71582.9,69036.1,0.1219,hvn,0.1219,11,71582.9,session_high,3.4202,1,0.0958,99.0,743.97,6,7,BAD,wrong_direction,absorption_reversal_long
BTC-USDT-SWAP-SHORT-1773940442000-39,2026-03-19,SHORT,2026-03-19T17:17:16+00:00,69191.5,71582.9,68755.0,0.1322,hvn,0.1322,2,,blocked,0.1322,0,0.0948,80.0,635.73,6,8,BAD,missed_no_move_in_4h,absorption_reversal_short
BTC-USDT-SWAP-SHORT-1773938165000-38,2026-03-19,SHORT,2026-03-19T16:39:06+00:00,69365.2,71582.9,68755.0,0.094,hvn,0.094,5,,blocked,0.094,0,0.0958,83.0,634.16,2,8,BAD,missed_no_move_in_4h,absorption_reversal_short
BTC-USDT-SWAP-LONG-1773943584000-43,2026-03-19,LONG,2026-03-19T18:12:50+00:00,69822.0,71582.9,68755.0,0.4612,swing_low,0.4612,1,71582.9,session_high,2.522,1,0.0984,58.0,1138.56,2,8,BAD,missed_no_move_in_4h,absorption_reversal_long
BTC-USDT-SWAP-LONG-1773944006000-44,2026-03-19,LONG,2026-03-19T18:23:36+00:00,69759.9,71582.9,68755.0,2.6132,session_high,2.6132,0,71582.9,session_high,2.6132,1,0.0973,72.0,630.74,3,8,BAD,missed_no_move_in_4h,absorption_reversal_long
BTC-USDT-SWAP-LONG-1773941032000-40,2026-03-19,LONG,2026-03-19T17:40:08+00:00,69542.1,71582.9,68755.0,0.0833,hvn,0.0833,5,71582.9,session_high,2.9346,1,0.1011,57.0,301.19,5,8,BAD,missed_no_move_in_4h,absorption_reversal_long
BTC-USDT-SWAP-SHORT-1773943299000-42,2026-03-19,SHORT,2026-03-19T18:11:28+00:00,69775.0,71582.9,68755.0,0.1791,hvn,0.1791,12,,blocked,0.1791,0,0.0973,67.0,819.21,4,8,BAD,missed_no_move_in_4h,absorption_reversal_short
BTC-USDT-SWAP-SHORT-1773943061000-41,2026-03-19,SHORT,2026-03-19T18:01:39+00:00,69766.7,71582.9,68755.0,0.1673,hvn,0.1673,11,,blocked,0.1673,0,0.0996,70.0,287.86,4,8,BAD,missed_no_move_in_4h,retest_after_breakout_short
BTC-USDT-SWAP-LONG-1773950934000-47,2026-03-19,LONG,2026-03-19T20:28:02+00:00,70365.0,71582.9,68755.0,0.1312,swing_high,0.1312,2,,blocked,0.1312,0,0.0955,82.0,994.45,1,9,BAD,missed_no_move_in_4h,absorption_reversal_long
BTC-USDT-SWAP-LONG-1773954597000-48,2026-03-19,LONG,2026-03-19T21:25:12+00:00,70549.9,71582.9,68755.0,1.4642,session_high,1.4642,1,,blocked,1.4642,0,0.1015,46.0,847.91,7,9,BAD,missed_no_move_in_4h,absorption_reversal_long
BTC-USDT-SWAP-LONG-1773947883000-46,2026-03-19,LONG,2026-03-19T19:23:19+00:00,70499.9,71582.9,68755.0,1.5362,session_high,1.5362,1,,blocked,1.5362,0,0.0934,61.0,3638.16,3,9,BAD,missed_no_move_in_4h,absorption_reversal_long
BTC-USDT-SWAP-SHORT-1773960400000-49,2026-03-19,SHORT,2026-03-19T22:55:51+00:00,70086.5,71582.9,68755.0,0.2266,swing_high,0.2266,9,,blocked,0.2266,0,0.0996,63.0,641.4,4,9,BAD,missed_no_move_in_4h,absorption_reversal_short
BTC-USDT-SWAP-SHORT-1773947762000-45,2026-03-19,SHORT,2026-03-19T19:36:11+00:00,70169.7,71582.9,68755.0,0.5187,swing_high,0.5187,12,68755.0,session_low,2.0161,1,0.0952,88.0,626.94,3,9,BAD,missed_no_move_in_4h,absorption_reversal_short
BTC-USDT-SWAP-SHORT-1773964059000-50,2026-03-19,SHORT,2026-03-19T23:50:39+00:00,69801.4,71582.9,68755.0,0.4318,hvn,0.4318,5,,blocked,0.4318,0,0.0998,55.0,730.85,8,8,BAD,missed_no_move_in_4h,absorption_reversal_short
BTC-USDT-SWAP-LONG-1773965776000-2,2026-03-20,LONG,2026-03-20T00:35:09+00:00,70067.3,70140.0,69800.0,0.1038,session_high,0.1038,9,,blocked,0.1038,0,0.0983,61.0,315.89,4,8,BAD,missed_no_move_in_4h,retest_after_breakout_long
BTC-USDT-SWAP-LONG-1773967549000-4,2026-03-20,LONG,2026-03-20T00:51:20+00:00,70232.6,70262.7,69800.0,0.1333,swing_low,0.1333,7,,blocked,0.1333,0,0.1016,53.0,342.73,4,8,BAD,missed_no_move_in_4h,absorption_reversal_long
BTC-USDT-SWAP-LONG-1773967888000-5,2026-03-20,LONG,2026-03-20T00:57:41+00:00,70215.1,70277.0,69800.0,0.0882,session_high,0.0882,7,,blocked,0.0882,0,0.0988,68.0,992.45,3,8,BAD,missed_no_move_in_4h,absorption_reversal_long
BTC-USDT-SWAP-SHORT-1773964831000-1,2026-03-20,SHORT,2026-03-20T00:21:21+00:00,70044.7,70140.0,69800.0,0.3493,session_low,0.3493,6,,blocked,0.3493,0,0.0988,63.0,627.57,4,8,BAD,missed_no_move_in_4h,retest_after_breakout_short
BTC-USDT-SWAP-LONG-1773970205000-7,2026-03-20,LONG,2026-03-20T01:38:44+00:00,70477.9,70480.0,69800.0,0.2272,swing_high,0.2272,1,,blocked,0.2272,0,0.0965,43.0,2319.94,4,6,BAD,missed_no_move_in_4h,absorption_reversal_long
BTC-USDT-SWAP-LONG-1773970724000-8,2026-03-20,LONG,2026-03-20T01:47:00+00:00,70516.5,70554.9,69800.0,0.0545,session_high,0.0545,1,,blocked,0.0545,0,0.0982,68.0,499.45,8,6,BAD,missed_no_move_in_4h,absorption_reversal_long
BTC-USDT-SWAP-SHORT-1773968838000-6,2026-03-20,SHORT,2026-03-20T01:11:05+00:00,70340.9,70396.5,69800.0,0.085,swing_low,0.085,9,,blocked,0.085,0,0.0999,56.0,278.2,7,8,BAD,missed_no_move_in_4h,absorption_reversal_short
BTC-USDT-SWAP-SHORT-1773966081000-3,2026-03-20,SHORT,2026-03-20T00:44:27+00:00,70169.5,70228.1,69800.0,0.099,hvn,0.099,8,,blocked,0.099,0,0.0997,61.0,238.4,9,8,BAD,missed_no_move_in_4h,retest_after_breakout_short
BTC-USDT-SWAP-SHORT-1773973332000-9,2026-03-20,SHORT,2026-03-20T02:39:12+00:00,70090.1,70554.9,69800.0,0.0572,swing_high,0.0572,3,,blocked,0.0572,0,0.0977,69.0,630.21,5,6,BAD,missed_no_move_in_4h,absorption_reversal_short
BTC-USDT-SWAP-LONG-1773978036000-13,2026-03-20,LONG,2026-03-20T03:43:36+00:00,70595.4,70778.8,69800.0,0.0847,swing_high,0.0847,2,,blocked,0.0847,0,0.0966,79.0,623.53,8,6,BAD,missed_no_move_in_4h,absorption_reversal_long
BTC-USDT-SWAP-LONG-1773978485000-14,2026-03-20,LONG,2026-03-20T04:00:04+00:00,70694.2,70778.8,69800.0,0.1197,session_high,0.1197,1,,blocked,0.1197,0,0.0993,60.0,726.13,6,6,BAD,missed_no_move_in_4h,retest_after_breakout_long
BTC-USDT-SWAP-SHORT-1773976730000-10,2026-03-20,SHORT,2026-03-20T03:27:53+00:00,70479.6,70554.9,69800.0,0.0772,swing_high,0.0772,10,,blocked,0.0772,0,0.0968,74.0,521.87,6,5,BAD,missed_no_move_in_4h,absorption_reversal_short
BTC-USDT-SWAP-SHORT-1773980106000-16,2026-03-20,SHORT,2026-03-20T04:31:02+00:00,70819.0,70930.0,69800.0,0.168,hvn,0.168,12,,blocked,0.168,0,0.1018,52.0,317.79,5,6,GOOD,covered_watch_early,absorption_reversal_short
BTC-USDT-SWAP-LONG-1773980008000-15,2026-03-20,LONG,2026-03-20T04:20:12+00:00,70836.4,70930.0,69800.0,0.1321,session_high,0.1321,1,,blocked,0.1321,0,0.1008,58.0,399.38,8,6,GOOD,covered_watch_early,absorption_reversal_long
BTC-USDT-SWAP-SHORT-1773977273000-11,2026-03-20,SHORT,2026-03-20T03:35:03+00:00,70678.6,70778.8,69800.0,0.2527,hvn,0.2527,14,,blocked,0.2527,0,0.0993,58.0,464.28,8,6,BAD,missed_no_move_in_4h,retest_after_breakout_short
BTC-USDT-SWAP-LONG-1773988237000-17,2026-03-20,LONG,2026-03-20T06:37:54+00:00,70419.9,70930.0,69800.0,0.0899,swing_high,0.0899,9,,blocked,0.0899,0,0.0966,63.0,812.01,7,6,GOOD,covered_watch_early,absorption_reversal_long
BTC-USDT-SWAP-SHORT-1773990723000-18,2026-03-20,SHORT,2026-03-20T07:15:26+00:00,70293.3,70930.0,69800.0,0.2325,swing_high,0.2325,2,,blocked,0.2325,0,0.0966,73.0,470.53,6,6,GOOD,covered_watch_early,absorption_reversal_short
BTC-USDT-SWAP-LONG-1773993061000-19,2026-03-20,LONG,2026-03-20T07:54:01+00:00,70863.8,70930.0,69800.0,0.0934,session_high,0.0934,1,,blocked,0.0934,0,0.0975,58.0,1008.66,8,6,GOOD,covered_watch_early,absorption_reversal_long
BTC-USDT-SWAP-SHORT-1773977703000-12,2026-03-20,SHORT,2026-03-20T03:55:39+00:00,70688.1,70778.8,69800.0,0.2661,hvn,0.2661,12,,blocked,0.2661,0,0.098,69.0,292.08,5,6,BAD,missed_no_move_in_4h,absorption_reversal_short
BTC-USDT-SWAP-SHORT-1773995341000-21,2026-03-20,SHORT,2026-03-20T09:09:15+00:00,70890.0,71343.7,69800.0,0.127,hvn,0.127,17,,blocked,0.127,0,0.0974,77.0,493.98,9,7,MID,covered_mid,absorption_reversal_short
BTC-USDT-SWAP-LONG-1773994722000-20,2026-03-20,LONG,2026-03-20T08:35:01+00:00,71165.4,71343.7,69800.0,0.1436,swing_high,0.1436,2,,blocked,0.1436,0,0.0954,74.0,1614.2,8,7,BAD,wrong_direction,absorption_reversal_long
BTC-USDT-SWAP-SHORT-1774008086000-23,2026-03-20,SHORT,2026-03-20T12:12:14+00:00,70596.6,71343.7,69800.0,0.066,hvn,0.066,7,,blocked,0.066,0,0.0997,54.0,277.89,5,6,MID,covered_mid,absorption_reversal_short
BTC-USDT-SWAP-SHORT-1774010892000-24,2026-03-20,SHORT,2026-03-20T12:51:19+00:00,70269.0,71343.7,69800.0,0.6674,session_low,0.6674,1,,blocked,0.6674,0,0.0957,66.0,1501.06,6,6,MID,covered_mid,absorption_reversal_short
BTC-USDT-SWAP-LONG-1773997017000-22,2026-03-20,LONG,2026-03-20T09:30:53+00:00,70491.6,71343.7,69800.0,0.0828,hvn,0.0828,10,,blocked,0.0828,0,0.0982,69.0,670.34,8,7,BAD,wrong_direction,absorption_reversal_long
BTC-USDT-SWAP-SHORT-1774014989000-25,2026-03-20,SHORT,2026-03-20T14:10:15+00:00,69960.8,71343.7,69613.7,0.4961,session_low,0.4961,1,,blocked,0.4961,0,0.0943,82.0,743.52,5,8,BAD,covered_late,retest_after_breakout_short
BTC-USDT-SWAP-SHORT-1774019927000-27,2026-03-20,SHORT,2026-03-20T15:21:47+00:00,69586.2,71343.7,69453.8,0.1903,session_low,0.1903,1,,blocked,0.1903,0,0.0979,63.0,430.62,5,9,BAD,covered_late,absorption_reversal_short
BTC-USDT-SWAP-SHORT-1774019946000-28,2026-03-20,SHORT,2026-03-20T15:22:06+00:00,69583.4,71343.7,69453.8,0.1863,session_low,0.1863,1,,blocked,0.1863,0,0.0979,70.0,678.24,4,9,BAD,covered_late,retest_after_breakout_short
BTC-USDT-SWAP-SHORT-1774031763000-30,2026-03-20,SHORT,2026-03-20T18:39:03+00:00,69628.7,71343.7,69354.6,0.3937,session_low,0.3937,1,,blocked,0.3937,0,0.0959,81.0,640.9,5,7,BAD,missed_no_move_in_4h,absorption_reversal_short
BTC-USDT-SWAP-SHORT-1774031844000-31,2026-03-20,SHORT,2026-03-20T18:45:41+00:00,69695.1,71343.7,69354.6,0.4886,session_low,0.4886,1,,blocked,0.4886,0,0.0975,69.0,631.34,6,7,BAD,missed_no_move_in_4h,retest_after_breakout_short
BTC-USDT-SWAP-SHORT-1774040190000-34,2026-03-20,SHORT,2026-03-20T21:01:22+00:00,70012.5,71343.7,69354.6,0.0893,hvn,0.0893,11,,blocked,0.0893,0,0.0961,69.0,627.93,6,6,BAD,missed_no_move_in_4h,absorption_reversal_short
BTC-USDT-SWAP-SHORT-1774036783000-32,2026-03-20,SHORT,2026-03-20T20:02:43+00:00,70079.3,71343.7,69354.6,0.1132,hvn,0.1132,12,,blocked,0.1132,0,0.0952,75.0,627.69,6,7,BAD,missed_no_move_in_4h,retest_after_breakout_short
BTC-USDT-SWAP-SHORT-1774036822000-33,2026-03-20,SHORT,2026-03-20T20:04:34+00:00,70100.4,71343.7,69354.6,0.1432,hvn,0.1432,12,,blocked,0.1432,0,0.0967,67.0,618.69,5,7,BAD,missed_no_move_in_4h,absorption_reversal_short
BTC-USDT-SWAP-LONG-1774028344000-29,2026-03-20,LONG,2026-03-20T17:47:20+00:00,69615.1,71343.7,69354.6,0.122,hvn,0.122,13,71343.7,session_high,2.4831,1,0.098,59.0,924.33,6,7,BAD,missed_no_move_in_4h,absorption_reversal_long
BTC-USDT-SWAP-LONG-1774015493000-26,2026-03-20,LONG,2026-03-20T14:23:35+00:00,69713.5,71343.7,69555.1,0.3392,hvn,0.3392,11,71343.7,session_high,2.3384,1,0.0999,57.0,643.87,2,9,BAD,wrong_direction,retest_after_breakout_long
BTC-USDT-SWAP-LONG-1774051508000-1,2026-03-21,LONG,2026-03-21T00:08:08+00:00,70550.0,70559.9,70476.2,0.2675,swing_high,0.2675,2,,blocked,0.2675,0,0.1002,45.0,810.58,8,8,BAD,missed_no_move_in_4h,absorption_reversal_long
BTC-USDT-SWAP-LONG-1774053309000-3,2026-03-21,LONG,2026-03-21T00:49:49+00:00,70567.9,70797.0,70434.8,0.3247,session_high,0.3247,2,,blocked,0.3247,0,0.0997,50.0,623.33,9,8,BAD,missed_no_move_in_4h,absorption_reversal_long
BTC-USDT-SWAP-SHORT-1774053604000-4,2026-03-21,SHORT,2026-03-21T00:59:58+00:00,70653.8,70797.0,70434.8,0.1107,swing_high,0.1107,19,,blocked,0.1107,0,0.1015,56.0,262.07,12,8,BAD,missed_no_move_in_4h,absorption_reversal_short
BTC-USDT-SWAP-LONG-1774058261000-6,2026-03-21,LONG,2026-03-21T02:00:43+00:00,70460.1,70797.0,70420.5,0.0566,hvn,0.0566,10,,blocked,0.0566,0,0.0976,73.0,754.78,11,7,BAD,missed_no_move_in_4h,absorption_reversal_long
BTC-USDT-SWAP-LONG-1774061201000-7,2026-03-21,LONG,2026-03-21T02:56:50+00:00,70713.9,70797.0,70407.1,0.1175,session_high,0.1175,2,,blocked,0.1175,0,0.0965,62.0,780.09,7,6,BAD,missed_no_move_in_4h,absorption_reversal_long
BTC-USDT-SWAP-SHORT-1774071458000-8,2026-03-21,SHORT,2026-03-21T05:47:50+00:00,70703.0,70797.0,70407.1,0.0672,swing_low,0.0672,16,,blocked,0.0672,0,0.097,76.0,621.99,24,3,BAD,missed_no_move_in_4h,retest_after_breakout_short
BTC-USDT-SWAP-SHORT-1774078231000-9,2026-03-21,SHORT,2026-03-21T07:42:37+00:00,70749.9,70835.0,70407.1,0.0537,swing_low,0.0537,27,,blocked,0.0537,0,0.0974,76.0,710.47,35,3,BAD,missed_no_move_in_4h,absorption_reversal_short
BTC-USDT-SWAP-SHORT-1774052542000-2,2026-03-21,SHORT,2026-03-21T00:25:22+00:00,70679.1,70797.0,70434.8,0.1686,swing_high,0.1686,16,,blocked,0.1686,0,0.0995,58.0,834.89,8,8,BAD,missed_no_move_in_4h,absorption_reversal_short
BTC-USDT-SWAP-SHORT-1774057799000-5,2026-03-21,SHORT,2026-03-21T01:54:13+00:00,70469.7,70797.0,70434.8,0.7375,hvn,0.7375,4,,blocked,0.7375,0,0.1004,54.0,1015.71,5,7,BAD,missed_no_move_in_4h,retest_after_breakout_short
BTC-USDT-SWAP-LONG-1774102920000-12,2026-03-21,LONG,2026-03-21T14:30:05+00:00,70917.2,71087.7,70407.1,0.2404,session_high,0.2404,1,,blocked,0.2404,0,0.095,81.0,2128.95,37,4,BAD,missed_no_move_in_4h,absorption_reversal_long
BTC-USDT-SWAP-LONG-1774102049000-10,2026-03-21,LONG,2026-03-21T14:22:00+00:00,70923.3,71087.7,70407.1,0.2318,session_high,0.2318,1,,blocked,0.2318,0,0.0949,78.0,425.68,33,4,BAD,missed_no_move_in_4h,retest_after_breakout_long
BTC-USDT-SWAP-SHORT-1774110303000-13,2026-03-21,SHORT,2026-03-21T16:28:03+00:00,70494.1,71087.7,70407.1,0.1234,session_low,0.1234,1,,blocked,0.1234,0,0.0979,56.0,1282.17,31,4,BAD,missed_no_move_in_4h,absorption_reversal_short
BTC-USDT-SWAP-SHORT-1774110996000-14,2026-03-21,SHORT,2026-03-21T16:39:36+00:00,70435.0,71087.7,70289.0,0.2073,session_low,0.2073,1,,blocked,0.2073,0,0.0979,68.0,1034.06,29,4,BAD,missed_no_move_in_4h,absorption_reversal_short
BTC-USDT-SWAP-SHORT-1774111884000-15,2026-03-21,SHORT,2026-03-21T16:54:24+00:00,70336.4,71087.7,70283.4,0.0754,session_low,0.0754,1,,blocked,0.0754,0,0.0944,64.0,3240.03,30,4,BAD,missed_no_move_in_4h,absorption_reversal_short
BTC-USDT-SWAP-SHORT-1774112836000-17,2026-03-21,SHORT,2026-03-21T17:15:26+00:00,70219.9,71087.7,70164.5,0.0789,session_low,0.0789,1,,blocked,0.0789,0,0.0971,69.0,939.87,30,5,BAD,missed_no_move_in_4h,absorption_reversal_short
BTC-USDT-SWAP-SHORT-1774112945000-18,2026-03-21,SHORT,2026-03-21T17:15:26+00:00,70219.9,71087.7,70164.5,0.0789,session_low,0.0789,1,,blocked,0.0789,0,0.0971,69.0,939.87,30,5,BAD,missed_no_move_in_4h,absorption_reversal_short
BTC-USDT-SWAP-SHORT-1774135368000-21,2026-03-21,SHORT,2026-03-21T23:25:48+00:00,70117.0,71087.7,70095.2,6.0,none_within_scan,6.0,0,68714.66,open_void_2pct,2.0,1,0.0939,70.0,3958.42,23,4,BAD,missed_no_move_in_4h,absorption_reversal_short
BTC-USDT-SWAP-LONG-1774117994000-19,2026-03-21,LONG,2026-03-21T18:56:25+00:00,70381.6,71087.7,70164.5,0.2278,swing_low,0.2278,23,,blocked,0.2278,0,0.0981,66.0,624.94,21,5,BAD,missed_no_move_in_4h,absorption_reversal_long
BTC-USDT-SWAP-LONG-1774112479000-16,2026-03-21,LONG,2026-03-21T17:13:51+00:00,70249.9,71087.7,70164.5,0.396,swing_low,0.396,32,,blocked,0.396,0,0.1015,48.0,626.24,26,5,BAD,missed_no_move_in_4h,absorption_reversal_long
BTC-USDT-SWAP-LONG-1774135026000-20,2026-03-21,LONG,2026-03-21T23:20:07+00:00,70134.9,71087.7,70095.2,0.0709,swing_low,0.0709,25,,blocked,0.0709,0,0.0931,102.0,1552.81,20,4,BAD,missed_no_move_in_4h,absorption_reversal_long
BTC-USDT-SWAP-SHORT-1774102622000-11,2026-03-21,SHORT,2026-03-21T14:32:57+00:00,70899.2,71087.7,70407.1,0.0906,swing_high,0.0906,41,,blocked,0.0906,0,0.0943,84.0,2614.41,37,4,BAD,missed_no_move_in_4h,absorption_reversal_short
BTC-USDT-SWAP-SHORT-1774139842000-3,2026-03-22,SHORT,2026-03-22T00:49:42+00:00,69037.2,69122.5,68188.0,0.0539,hvn,0.0539,7,,blocked,0.0539,0,0.0955,64.0,1943.71,28,11,BAD,wrong_direction,absorption_reversal_short
BTC-USDT-SWAP-SHORT-1774139822000-2,2026-03-22,SHORT,2026-03-22T00:49:42+00:00,69037.2,69122.5,68188.0,0.0539,hvn,0.0539,7,,blocked,0.0539,0,0.0955,64.0,1943.71,28,11,BAD,wrong_direction,absorption_reversal_short
BTC-USDT-SWAP-SHORT-1774142237000-5,2026-03-22,SHORT,2026-03-22T01:32:41+00:00,68990.3,69122.5,68188.0,0.0584,hvn,0.0584,7,,blocked,0.0584,0,0.0993,51.0,1012.58,20,11,BAD,wrong_direction,absorption_reversal_short
BTC-USDT-SWAP-SHORT-1774140972000-4,2026-03-22,SHORT,2026-03-22T01:17:17+00:00,68865.0,69122.5,68188.0,0.0944,hvn,0.0944,5,,blocked,0.0944,0,0.1005,53.0,638.59,25,11,BAD,wrong_direction,absorption_reversal_short
BTC-USDT-SWAP-LONG-1774139310000-1,2026-03-22,LONG,2026-03-22T00:41:19+00:00,69063.2,69122.5,68188.0,0.0859,session_high,0.0859,27,70450.0,swing_high,2.008,1,0.0978,50.0,2207.65,23,11,GOOD,covered_watch_early,absorption_reversal_long
BTC-USDT-SWAP-LONG-1774147456000-7,2026-03-22,LONG,2026-03-22T02:47:17+00:00,69180.1,69376.4,68188.0,0.2838,session_high,0.2838,25,,blocked,0.2838,0,0.095,87.0,1004.73,26,10,GOOD,covered_watch_early,absorption_reversal_long
BTC-USDT-SWAP-SHORT-1774149904000-8,2026-03-22,SHORT,2026-03-22T03:39:26+00:00,69334.3,69576.8,68188.0,0.2658,hvn,0.2658,12,,blocked,0.2658,0,0.0894,55.0,18614.01,18,10,BAD,missed_no_move_in_4h,absorption_reversal_short
BTC-USDT-SWAP-SHORT-1774158125000-11,2026-03-22,SHORT,2026-03-22T05:45:53+00:00,69174.1,69576.8,68188.0,0.2517,hvn,0.2517,10,,blocked,0.2517,0,0.0984,68.0,975.0,14,10,BAD,missed_no_move_in_4h,retest_after_breakout_short
BTC-USDT-SWAP-SHORT-1774146977000-6,2026-03-22,SHORT,2026-03-22T02:41:48+00:00,69200.0,69376.4,68188.0,0.0723,hvn,0.0723,14,,blocked,0.0723,0,0.0978,58.0,782.04,19,11,BAD,wrong_direction,absorption_reversal_short
BTC-USDT-SWAP-LONG-1774151423000-9,2026-03-22,LONG,2026-03-22T04:27:57+00:00,69214.6,69576.8,68188.0,0.0511,hvn,0.0511,15,,blocked,0.0511,0,0.0989,61.0,635.64,14,10,BAD,missed_no_move_in_4h,absorption_reversal_long
BTC-USDT-SWAP-LONG-1774157350000-10,2026-03-22,LONG,2026-03-22T05:34:05+00:00,69157.8,69576.8,68188.0,0.061,hvn,0.061,13,,blocked,0.061,0,0.0876,60.0,16645.75,14,10,BAD,missed_no_move_in_4h,absorption_reversal_long
BTC-USDT-SWAP-SHORT-1774169697000-17,2026-03-22,SHORT,2026-03-22T09:07:26+00:00,68783.9,69576.8,68188.0,0.09,swing_low,0.09,2,,blocked,0.09,0,0.0959,80.0,639.48,10,6,BAD,missed_no_move_in_4h,absorption_reversal_short
BTC-USDT-SWAP-SHORT-1774168475000-14,2026-03-22,SHORT,2026-03-22T08:37:35+00:00,68654.5,69576.8,68188.0,0.6795,session_low,0.6795,1,,blocked,0.6795,0,0.0952,85.0,898.12,8,6,BAD,missed_no_move_in_4h,retest_after_breakout_short
BTC-USDT-SWAP-SHORT-1774168425000-13,2026-03-22,SHORT,2026-03-22T08:36:46+00:00,68629.1,69576.8,68188.0,0.6427,session_low,0.6427,1,,blocked,0.6427,0,0.0958,81.0,640.9,7,6,BAD,missed_no_move_in_4h,absorption_reversal_short
BTC-USDT-SWAP-SHORT-1774168517000-15,2026-03-22,SHORT,2026-03-22T08:38:24+00:00,68656.3,69576.8,68188.0,0.6821,session_low,0.6821,1,,blocked,0.6821,0,0.0973,70.0,818.97,13,6,BAD,missed_no_move_in_4h,retest_after_breakout_short
BTC-USDT-SWAP-LONG-1774169205000-16,2026-03-22,LONG,2026-03-22T09:21:30+00:00,68751.9,69576.8,68188.0,0.3609,hvn,0.3609,11,,blocked,0.3609,0,0.099,53.0,640.48,6,6,BAD,missed_no_move_in_4h,absorption_reversal_long
BTC-USDT-SWAP-LONG-1774168383000-12,2026-03-22,LONG,2026-03-22T08:46:45+00:00,68748.1,69576.8,68188.0,0.0755,hvn,0.0755,15,,blocked,0.0755,0,0.0943,86.0,639.98,9,6,BAD,missed_no_move_in_4h,retest_after_breakout_long
BTC-USDT-SWAP-SHORT-1774179056000-18,2026-03-22,SHORT,2026-03-22T11:38:21+00:00,68440.1,69576.8,68188.0,0.3684,session_low,0.3684,1,,blocked,0.3684,0,0.0999,64.0,289.53,12,6,BAD,missed_no_move_in_4h,absorption_reversal_short
BTC-USDT-SWAP-SHORT-1774180644000-22,2026-03-22,SHORT,2026-03-22T12:00:24+00:00,68217.2,69576.8,68001.0,0.3169,session_low,0.3169,1,,blocked,0.3169,0,0.0955,62.0,458.25,9,7,BAD,missed_no_move_in_4h,absorption_reversal_short
BTC-USDT-SWAP-SHORT-1774180005000-20,2026-03-22,SHORT,2026-03-22T11:57:24+00:00,68200.0,69576.8,68001.0,0.2918,session_low,0.2918,1,,blocked,0.2918,0,0.0974,49.0,604.09,8,7,BAD,missed_no_move_in_4h,absorption_reversal_short
BTC-USDT-SWAP-LONG-1774183232000-23,2026-03-22,LONG,2026-03-22T12:47:53+00:00,68582.9,69576.8,68001.0,0.0978,hvn,0.0978,14,,blocked,0.0978,0,0.0935,99.0,641.43,9,7,BAD,missed_no_move_in_4h,retest_after_breakout_long
BTC-USDT-SWAP-LONG-1774179961000-19,2026-03-22,LONG,2026-03-22T11:54:28+00:00,68281.7,69576.8,68001.0,0.3929,hvn,0.3929,23,,blocked,0.3929,0,0.0978,53.0,644.67,15,7,BAD,missed_no_move_in_4h,absorption_reversal_long
BTC-USDT-SWAP-LONG-1774185495000-24,2026-03-22,LONG,2026-03-22T13:39:10+00:00,68639.1,69576.8,68001.0,0.0887,hvn,0.0887,14,,blocked,0.0887,0,0.0947,77.0,642.72,12,6,BAD,missed_no_move_in_4h,absorption_reversal_long
BTC-USDT-SWAP-LONG-1774186750000-25,2026-03-22,LONG,2026-03-22T13:42:10+00:00,68592.7,69576.8,68001.0,0.0835,hvn,0.0835,14,,blocked,0.0835,0,0.0905,102.0,1137.36,10,6,BAD,missed_no_move_in_4h,absorption_reversal_long
BTC-USDT-SWAP-SHORT-1774207344000-27,2026-03-22,SHORT,2026-03-22T19:25:24+00:00,68337.3,69576.8,68001.0,0.4921,session_low,0.4921,1,,blocked,0.4921,0,0.0954,63.0,638.47,6,5,BAD,missed_no_move_in_4h,absorption_reversal_short
BTC-USDT-SWAP-SHORT-1774209401000-29,2026-03-22,SHORT,2026-03-22T19:59:41+00:00,68157.7,69576.8,68001.0,0.0827,swing_low,0.0827,2,,blocked,0.0827,0,0.0982,51.0,834.94,10,5,BAD,missed_no_move_in_4h,absorption_reversal_short
BTC-USDT-SWAP-LONG-1774204867000-26,2026-03-22,LONG,2026-03-22T18:58:47+00:00,68535.3,69576.8,68001.0,0.0944,hvn,0.0944,12,,blocked,0.0944,0,0.0958,78.0,656.09,6,5,BAD,missed_no_move_in_4h,retest_after_breakout_long
BTC-USDT-SWAP-SHORT-1774208087000-28,2026-03-22,SHORT,2026-03-22T19:40:05+00:00,68330.0,69576.8,68001.0,0.0593,swing_low,0.0593,2,,blocked,0.0593,0,0.0935,90.0,754.5,9,5,BAD,missed_no_move_in_4h,absorption_reversal_short
BTC-USDT-SWAP-LONG-1774180468000-21,2026-03-22,LONG,2026-03-22T12:08:57+00:00,68218.6,69576.8,68001.0,0.4858,hvn,0.4858,15,,blocked,0.4858,0,0.0919,103.0,647.47,8,7,BAD,missed_no_move_in_4h,retest_after_breakout_long
BTC-USDT-SWAP-SHORT-1774213405000-30,2026-03-22,SHORT,2026-03-22T21:19:03+00:00,67584.8,69576.8,67507.6,0.1142,session_low,0.1142,1,,blocked,0.1142,0,0.1013,36.0,496.4,9,7,BAD,missed_no_move_in_4h,absorption_reversal_short
BTC-USDT-SWAP-SHORT-1774213492000-31,2026-03-22,SHORT,2026-03-22T21:19:03+00:00,67584.8,69576.8,67507.6,0.1142,session_low,0.1142,1,,blocked,0.1142,0,0.1013,36.0,496.4,9,7,BAD,missed_no_move_in_4h,absorption_reversal_short
BTC-USDT-SWAP-LONG-1774214168000-32,2026-03-22,LONG,2026-03-22T22:04:01+00:00,67809.5,69576.8,67307.6,0.1335,hvn,0.1335,12,69576.8,session_high,2.6063,1,0.0985,48.0,1009.57,8,8,BAD,missed_no_move_in_4h,absorption_reversal_long
BTC-USDT-SWAP-SHORT-1774224201000-1,2026-03-23,SHORT,2026-03-23T00:14:57+00:00,67929.0,68086.0,67738.2,0.1163,hvn,0.1163,3,,blocked,0.1163,0,0.0986,53.0,540.09,8,7,BAD,missed_no_move_in_4h,retest_after_breakout_short
BTC-USDT-SWAP-SHORT-1774224316000-2,2026-03-23,SHORT,2026-03-23T00:14:57+00:00,67929.0,68086.0,67738.2,0.1163,hvn,0.1163,3,,blocked,0.1163,0,0.0986,53.0,540.09,8,7,BAD,missed_no_move_in_4h,retest_after_breakout_short
BTC-USDT-SWAP-LONG-1774224466000-3,2026-03-23,LONG,2026-03-23T00:10:46+00:00,67904.2,68014.5,67738.2,0.1624,session_high,0.1624,12,,blocked,0.1624,0,0.0953,72.0,647.59,8,7,BAD,missed_no_move_in_4h,absorption_reversal_long
BTC-USDT-SWAP-LONG-1774224518000-4,2026-03-23,LONG,2026-03-23T00:22:01+00:00,67917.0,68086.0,67738.2,0.2488,session_high,0.2488,13,,blocked,0.2488,0,0.0971,57.0,670.86,8,7,BAD,missed_no_move_in_4h,absorption_reversal_long
BTC-USDT-SWAP-LONG-1774228686000-7,2026-03-23,LONG,2026-03-23T01:21:06+00:00,67942.2,68139.3,67417.0,0.2117,swing_high,0.2117,9,,blocked,0.2117,0,0.0949,96.0,408.29,7,7,GOOD,covered_watch_early,absorption_reversal_long
BTC-USDT-SWAP-LONG-1774230340000-9,2026-03-23,LONG,2026-03-23T01:53:23+00:00,67969.2,68139.3,67417.0,0.1189,hvn,0.1189,9,,blocked,0.1189,0,0.097,72.0,647.06,6,7,GOOD,covered_watch_early,absorption_reversal_long
BTC-USDT-SWAP-LONG-1774228797000-8,2026-03-23,LONG,2026-03-23T01:22:57+00:00,68000.0,68139.3,67417.0,0.1831,swing_high,0.1831,7,,blocked,0.1831,0,0.0994,49.0,656.45,5,7,GOOD,covered_watch_early,absorption_reversal_long
BTC-USDT-SWAP-LONG-1774233261000-11,2026-03-23,LONG,2026-03-23T02:40:31+00:00,68227.7,68272.9,67417.0,0.0662,session_high,0.0662,2,,blocked,0.0662,0,0.0985,64.0,683.24,7,7,GOOD,covered_watch_early,retest_after_breakout_long
BTC-USDT-SWAP-SHORT-1774236610000-13,2026-03-23,SHORT,2026-03-23T03:35:45+00:00,68127.1,68562.0,67417.0,0.1132,hvn,0.1132,6,,blocked,0.1132,0,0.0989,48.0,646.41,6,6,GOOD,covered_watch_early,absorption_reversal_short
BTC-USDT-SWAP-LONG-1774237251000-14,2026-03-23,LONG,2026-03-23T03:44:14+00:00,68142.0,68562.0,67417.0,0.0831,swing_high,0.0831,4,,blocked,0.0831,0,0.0984,63.0,651.28,5,6,GOOD,covered_watch_early,retest_after_breakout_long
BTC-USDT-SWAP-SHORT-1774233098000-10,2026-03-23,SHORT,2026-03-23T02:35:15+00:00,68227.3,68272.9,67417.0,0.1933,swing_high,0.1933,11,,blocked,0.1933,0,0.0967,80.0,357.75,9,7,GOOD,covered_watch_early,retest_after_breakout_short
BTC-USDT-SWAP-LONG-1774226586000-5,2026-03-23,LONG,2026-03-23T00:57:42+00:00,67673.6,68139.3,67417.0,0.0754,swing_low,0.0754,15,,blocked,0.0754,0,0.1006,42.0,870.9,9,7,BAD,missed_no_move_in_4h,absorption_reversal_long
BTC-USDT-SWAP-LONG-1774226641000-6,2026-03-23,LONG,2026-03-23T00:57:42+00:00,67673.6,68139.3,67417.0,0.0754,swing_low,0.0754,15,,blocked,0.0754,0,0.1006,42.0,870.9,9,7,BAD,missed_no_move_in_4h,absorption_reversal_long
BTC-USDT-SWAP-LONG-1774240874000-15,2026-03-23,LONG,2026-03-23T05:14:05+00:00,68738.8,68779.0,67417.0,0.0585,session_high,0.0585,1,,blocked,0.0585,0,0.0988,50.0,1153.09,5,7,MID,covered_mid,absorption_reversal_long
BTC-USDT-SWAP-SHORT-1774235188000-12,2026-03-23,SHORT,2026-03-23T03:27:50+00:00,68155.0,68562.0,67417.0,0.1541,hvn,0.1541,8,,blocked,0.1541,0,0.0984,63.0,811.93,6,6,GOOD,covered_watch_early,retest_after_breakout_short
BTC-USDT-SWAP-SHORT-1774244879000-18,2026-03-23,SHORT,2026-03-23T06:11:37+00:00,68650.0,68874.0,67417.0,0.637,swing_high,0.637,15,,blocked,0.637,0,0.0983,60.0,790.5,10,7,MID,covered_mid,retest_after_breakout_short
BTC-USDT-SWAP-LONG-1774242845000-17,2026-03-23,LONG,2026-03-23T05:23:06+00:00,68729.3,68849.8,67417.0,0.1753,session_high,0.1753,1,,blocked,0.1753,0,0.0996,61.0,243.71,9,7,MID,covered_mid,absorption_reversal_long
BTC-USDT-SWAP-SHORT-1774242344000-16,2026-03-23,SHORT,2026-03-23T05:18:54+00:00,68703.1,68849.8,67417.0,0.5285,swing_high,0.5285,12,,blocked,0.5285,0,0.0972,72.0,428.17,3,8,GOOD,covered_watch_early,absorption_reversal_short
BTC-USDT-SWAP-SHORT-1774247388000-19,2026-03-23,SHORT,2026-03-23T06:53:16+00:00,67845.1,68874.0,67417.0,0.0665,hvn,0.0665,3,,blocked,0.0665,0,0.1017,58.0,194.82,4,7,BAD,covered_late,absorption_reversal_short
BTC-USDT-SWAP-SHORT-1774265760000-20,2026-03-23,SHORT,2026-03-23T11:44:42+00:00,70651.8,71487.0,67417.0,2.7626,hvn,2.7626,0,68700.0,hvn,2.7626,1,0.1075,31.0,170.34,4,16,BAD,covered_late,retest_after_breakout_short
BTC-USDT-SWAP-SHORT-1774267628000-21,2026-03-23,SHORT,2026-03-23T12:39:23+00:00,70320.1,71487.0,67417.0,0.313,hvn,0.313,1,68650.0,hvn,2.375,1,0.1013,43.0,625.26,5,17,BAD,wrong_direction,absorption_reversal_short
BTC-USDT-SWAP-LONG-1774270395000-24,2026-03-23,LONG,2026-03-23T13:08:27+00:00,70660.3,71487.0,67417.0,0.0562,hvn,0.0562,7,,blocked,0.0562,0,0.102,49.0,637.43,12,17,BAD,covered_late,retest_after_breakout_long
BTC-USDT-SWAP-LONG-1774270406000-25,2026-03-23,LONG,2026-03-23T13:08:27+00:00,70660.3,71487.0,67417.0,0.0562,hvn,0.0562,7,,blocked,0.0562,0,0.102,49.0,637.43,12,17,BAD,covered_late,retest_after_breakout_long
BTC-USDT-SWAP-LONG-1774270541000-26,2026-03-23,LONG,2026-03-23T13:08:27+00:00,70660.3,71487.0,67417.0,0.0562,hvn,0.0562,7,,blocked,0.0562,0,0.102,49.0,637.43,12,17,BAD,covered_late,retest_after_breakout_long
BTC-USDT-SWAP-LONG-1774268722000-22,2026-03-23,LONG,2026-03-23T12:31:28+00:00,70260.9,71487.0,67417.0,0.198,hvn,0.198,9,,blocked,0.198,0,0.0995,60.0,289.65,6,17,MID,covered_mid,absorption_reversal_long
BTC-USDT-SWAP-SHORT-1774269563000-23,2026-03-23,SHORT,2026-03-23T13:04:12+00:00,70670.0,71487.0,67417.0,0.0991,hvn,0.0991,6,68650.0,hvn,2.8584,1,0.1019,47.0,636.99,3,17,BAD,wrong_direction,absorption_reversal_short
BTC-USDT-SWAP-SHORT-1774273649000-27,2026-03-23,SHORT,2026-03-23T13:50:58+00:00,71262.1,71487.0,67417.0,0.0871,hvn,0.0871,17,68620.0,swing_low,3.7076,1,0.0988,60.0,813.49,10,17,BAD,wrong_direction,retest_after_breakout_short
BTC-USDT-SWAP-LONG-1774275378000-30,2026-03-23,LONG,2026-03-23T14:19:18+00:00,71586.1,71777.0,67417.0,0.2667,session_high,0.2667,1,,blocked,0.2667,0,0.0994,56.0,1105.98,4,18,BAD,missed_no_move_in_4h,retest_after_breakout_long
BTC-USDT-SWAP-LONG-1774276640000-31,2026-03-23,LONG,2026-03-23T14:40:59+00:00,71336.0,71777.0,67417.0,0.5075,swing_high,0.5075,2,,blocked,0.5075,0,0.096,75.0,391.25,10,18,BAD,missed_no_move_in_4h,retest_after_breakout_long
BTC-USDT-SWAP-SHORT-1774279570000-32,2026-03-23,SHORT,2026-03-23T15:32:09+00:00,70889.0,71777.0,67417.0,0.055,hvn,0.055,9,68500.0,hvn,3.3701,1,0.0978,78.0,623.03,3,16,BAD,missed_no_move_in_4h,absorption_reversal_short
BTC-USDT-SWAP-SHORT-1774275173000-28,2026-03-23,SHORT,2026-03-23T15:06:29+00:00,71483.0,71777.0,67417.0,0.1861,hvn,0.1861,18,68558.1,swing_high,4.0917,1,0.1039,33.0,310.47,6,18,BAD,missed_no_move_in_4h,absorption_reversal_short
BTC-USDT-SWAP-SHORT-1774275219000-29,2026-03-23,SHORT,2026-03-23T15:06:29+00:00,71483.0,71777.0,67417.0,0.1861,hvn,0.1861,18,68558.1,swing_high,4.0917,1,0.1039,33.0,310.47,6,18,BAD,missed_no_move_in_4h,absorption_reversal_short
BTC-USDT-SWAP-SHORT-1774281621000-33,2026-03-23,SHORT,2026-03-23T16:14:02+00:00,70390.6,71777.0,67417.0,0.0577,hvn,0.0577,6,68466.4,swing_high,2.7336,1,0.0986,59.0,624.52,9,16,BAD,missed_no_move_in_4h,absorption_reversal_short
BTC-USDT-SWAP-SHORT-1774281629000-34,2026-03-23,SHORT,2026-03-23T16:14:02+00:00,70390.6,71777.0,67417.0,0.0577,hvn,0.0577,6,68466.4,swing_high,2.7336,1,0.0986,59.0,624.52,9,16,BAD,missed_no_move_in_4h,absorption_reversal_short
BTC-USDT-SWAP-LONG-1774288091000-35,2026-03-23,LONG,2026-03-23T17:59:38+00:00,71031.1,71777.0,67417.0,0.0704,swing_low,0.0704,3,,blocked,0.0704,0,0.0978,71.0,292.78,4,15,BAD,missed_no_move_in_4h,absorption_reversal_long
BTC-USDT-SWAP-SHORT-1774288765000-36,2026-03-23,SHORT,2026-03-23T18:20:02+00:00,70950.9,71777.0,67417.0,0.0717,hvn,0.0717,14,68497.5,swing_high,3.4579,1,0.1006,52.0,302.61,7,14,BAD,missed_no_move_in_4h,retest_after_breakout_short
BTC-USDT-SWAP-LONG-1774289043000-37,2026-03-23,LONG,2026-03-23T18:11:48+00:00,71052.5,71777.0,67417.0,0.2076,hvn,0.2076,3,,blocked,0.2076,0,0.0976,65.0,673.37,2,15,BAD,missed_no_move_in_4h,absorption_reversal_long
BTC-USDT-SWAP-LONG-1774310440000-1,2026-03-24,LONG,2026-03-24T00:03:40+00:00,70929.0,71058.4,70841.6,0.1001,hvn,0.1001,4,,blocked,0.1001,0,0.0967,81.0,704.5,7,6,BAD,missed_no_move_in_4h,absorption_reversal_long
BTC-USDT-SWAP-SHORT-1774311890000-5,2026-03-24,SHORT,2026-03-24T00:27:50+00:00,70705.6,71058.4,70619.4,0.0786,hvn,0.0786,4,,blocked,0.0786,0,0.1008,47.0,553.16,10,6,BAD,missed_no_move_in_4h,absorption_reversal_short
BTC-USDT-SWAP-LONG-1774310514000-2,2026-03-24,LONG,2026-03-24T00:04:54+00:00,70881.3,71058.4,70841.6,0.0969,swing_high,0.0969,6,,blocked,0.0969,0,0.097,79.0,620.41,10,6,BAD,missed_no_move_in_4h,absorption_reversal_long
BTC-USDT-SWAP-SHORT-1774311662000-4,2026-03-24,SHORT,2026-03-24T00:24:50+00:00,70746.7,71058.4,70619.4,0.0769,swing_high,0.0769,5,,blocked,0.0769,0,0.0965,75.0,913.58,10,6,BAD,missed_no_move_in_4h,absorption_reversal_short
BTC-USDT-SWAP-LONG-1774310581000-3,2026-03-24,LONG,2026-03-24T00:08:03+00:00,70899.9,71058.4,70839.3,0.0707,swing_high,0.0707,6,,blocked,0.0707,0,0.0982,66.0,651.84,8,6,BAD,missed_no_move_in_4h,absorption_reversal_long
BTC-USDT-SWAP-SHORT-1774312736000-6,2026-03-24,SHORT,2026-03-24T00:45:56+00:00,70592.5,71058.4,70383.1,0.2966,session_low,0.2966,1,,blocked,0.2966,0,0.0992,61.0,407.75,11,5,BAD,missed_no_move_in_4h,absorption_reversal_short
BTC-USDT-SWAP-SHORT-1774327507000-10,2026-03-24,SHORT,2026-03-24T04:48:07+00:00,70291.7,71058.4,70235.1,0.0805,session_low,0.0805,1,,blocked,0.0805,0,0.0996,57.0,666.93,11,5,GOOD,covered_watch_early,absorption_reversal_short
BTC-USDT-SWAP-LONG-1774313004000-7,2026-03-24,LONG,2026-03-24T01:03:07+00:00,70642.5,71058.4,70383.1,0.0624,swing_low,0.0624,11,,blocked,0.0624,0,0.0959,72.0,970.19,8,5,BAD,missed_no_move_in_4h,absorption_reversal_long
BTC-USDT-SWAP-SHORT-1774329160000-12,2026-03-24,SHORT,2026-03-24T05:16:14+00:00,70180.6,71058.4,70123.8,0.0809,session_low,0.0809,1,,blocked,0.0809,0,0.0964,79.0,807.55,6,5,GOOD,covered_watch_early,absorption_reversal_short
BTC-USDT-SWAP-SHORT-1774329743000-13,2026-03-24,SHORT,2026-03-24T05:28:52+00:00,70141.5,71058.4,70093.0,0.0691,session_low,0.0691,1,,blocked,0.0691,0,0.0982,66.0,636.64,12,5,GOOD,covered_watch_early,absorption_reversal_short
BTC-USDT-SWAP-SHORT-1774331704000-14,2026-03-24,SHORT,2026-03-24T06:07:43+00:00,70330.6,71058.4,70093.0,0.1516,swing_low,0.1516,3,,blocked,0.1516,0,0.0994,63.0,246.96,5,5,GOOD,covered_watch_early,absorption_reversal_short
BTC-USDT-SWAP-LONG-1774328942000-11,2026-03-24,LONG,2026-03-24T05:46:15+00:00,70325.6,71058.4,70093.0,0.1058,hvn,0.1058,10,,blocked,0.1058,0,0.0976,70.0,648.53,5,5,BAD,wrong_direction,absorption_reversal_long
BTC-USDT-SWAP-LONG-1774316785000-9,2026-03-24,LONG,2026-03-24T01:49:25+00:00,70420.0,71058.4,70235.1,0.3091,swing_low,0.3091,13,,blocked,0.3091,0,0.0993,57.0,624.46,8,5,BAD,missed_no_move_in_4h,absorption_reversal_long
BTC-USDT-SWAP-LONG-1774315073000-8,2026-03-24,LONG,2026-03-24T01:46:25+00:00,70387.7,71058.4,70235.1,0.3727,hvn,0.3727,17,,blocked,0.3727,0,0.0995,48.0,1457.17,11,5,BAD,missed_no_move_in_4h,absorption_reversal_long
BTC-USDT-SWAP-LONG-1774337368000-16,2026-03-24,LONG,2026-03-24T07:33:05+00:00,70881.1,71058.4,70093.0,0.1466,swing_high,0.1466,2,,blocked,0.1466,0,0.0958,66.0,2433.33,14,5,BAD,wrong_direction,absorption_reversal_long
BTC-USDT-SWAP-SHORT-1774339003000-17,2026-03-24,SHORT,2026-03-24T08:12:33+00:00,71124.3,71375.0,70093.0,0.4498,swing_low,0.4498,13,,blocked,0.4498,0,0.097,88.0,318.53,6,6,MID,covered_mid,absorption_reversal_short
BTC-USDT-SWAP-LONG-1774340147000-19,2026-03-24,LONG,2026-03-24T08:31:30+00:00,70894.1,71375.0,70093.0,0.6783,session_high,0.6783,1,,blocked,0.6783,0,0.105,23.0,375.2,11,6,BAD,wrong_direction,retest_after_breakout_long
BTC-USDT-SWAP-LONG-1774346043000-20,2026-03-24,LONG,2026-03-24T09:59:06+00:00,71299.8,71375.0,70093.0,0.1055,session_high,0.1055,1,,blocked,0.1055,0,0.0947,59.0,4528.45,9,6,BAD,wrong_direction,retest_after_breakout_long
BTC-USDT-SWAP-LONG-1774346346000-21,2026-03-24,LONG,2026-03-24T10:06:07+00:00,71242.2,71375.0,70093.0,0.1864,session_high,0.1864,1,,blocked,0.1864,0,0.0965,75.0,704.73,13,6,BAD,wrong_direction,absorption_reversal_long
BTC-USDT-SWAP-LONG-1774339604000-18,2026-03-24,LONG,2026-03-24T08:15:47+00:00,71055.9,71375.0,70093.0,0.4491,session_high,0.4491,1,,blocked,0.4491,0,0.0989,71.0,659.05,11,6,BAD,wrong_direction,absorption_reversal_long
BTC-USDT-SWAP-SHORT-1774336685000-15,2026-03-24,SHORT,2026-03-24T07:56:43+00:00,71007.5,71058.4,70093.0,0.2218,hvn,0.2218,12,,blocked,0.2218,0,0.0954,90.0,1043.46,6,5,GOOD,covered_watch_early,absorption_reversal_short
BTC-USDT-SWAP-SHORT-1774362766000-24,2026-03-24,SHORT,2026-03-24T14:36:16+00:00,70047.1,71375.0,69713.5,0.0672,hvn,0.0672,2,,blocked,0.0672,0,0.0961,58.0,815.89,10,8,BAD,covered_late,retest_after_breakout_short
BTC-USDT-SWAP-SHORT-1774362129000-23,2026-03-24,SHORT,2026-03-24T14:32:46+00:00,69948.5,71375.0,69713.5,0.336,session_low,0.336,1,,blocked,0.336,0,0.1005,46.0,538.86,13,8,BAD,covered_late,absorption_reversal_short
BTC-USDT-SWAP-LONG-1774363528000-25,2026-03-24,LONG,2026-03-24T14:48:28+00:00,69750.1,71375.0,69558.6,0.3583,hvn,0.3583,11,71150.0,hvn,2.007,1,0.0938,70.0,3317.18,8,9,BAD,wrong_direction,absorption_reversal_long
BTC-USDT-SWAP-SHORT-1774369947000-26,2026-03-24,SHORT,2026-03-24T16:35:59+00:00,69645.4,71375.0,69460.0,0.2662,session_low,0.2662,1,,blocked,0.2662,0,0.1014,42.0,964.35,7,9,BAD,covered_late,absorption_reversal_short
BTC-USDT-SWAP-LONG-1774361880000-22,2026-03-24,LONG,2026-03-24T14:23:46+00:00,69885.5,71375.0,69713.5,0.4815,swing_low,0.4815,21,71300.0,swing_high,2.024,1,0.0968,61.0,1000.0,14,8,BAD,wrong_direction,absorption_reversal_long
BTC-USDT-SWAP-SHORT-1774371172000-29,2026-03-24,SHORT,2026-03-24T16:55:52+00:00,69426.3,71375.0,69230.9,0.2814,session_low,0.2814,1,,blocked,0.2814,0,0.0926,92.0,678.79,8,10,BAD,covered_late,absorption_reversal_short
BTC-USDT-SWAP-SHORT-1774370927000-28,2026-03-24,SHORT,2026-03-24T16:52:46+00:00,69565.9,71375.0,69230.9,0.4816,session_low,0.4816,1,,blocked,0.4816,0,0.09,114.0,678.9,7,10,BAD,covered_late,absorption_reversal_short
BTC-USDT-SWAP-SHORT-1774372444000-31,2026-03-24,SHORT,2026-03-24T17:31:30+00:00,69156.3,71375.0,69065.0,0.132,session_low,0.132,1,,blocked,0.132,0,0.0932,86.0,582.39,10,11,BAD,covered_late,retest_after_breakout_short
BTC-USDT-SWAP-SHORT-1774374739000-32,2026-03-24,SHORT,2026-03-24T17:55:19+00:00,69000.5,71375.0,68868.1,0.1919,session_low,0.1919,1,,blocked,0.1919,0,0.0908,98.0,1223.46,6,11,BAD,missed_no_move_in_4h,absorption_reversal_short
BTC-USDT-SWAP-SHORT-1774372202000-30,2026-03-24,SHORT,2026-03-24T17:14:04+00:00,69191.3,71375.0,69090.0,0.0597,hvn,0.0597,2,,blocked,0.0597,0,0.0938,76.0,665.88,5,10,BAD,covered_late,absorption_reversal_short
BTC-USDT-SWAP-SHORT-1774381867000-33,2026-03-24,SHORT,2026-03-24T19:54:07+00:00,69296.7,71375.0,68868.1,0.1395,hvn,0.1395,3,,blocked,0.1395,0,0.0954,82.0,799.05,6,10,BAD,missed_no_move_in_4h,absorption_reversal_short
BTC-USDT-SWAP-LONG-1774385370000-34,2026-03-24,LONG,2026-03-24T21:01:09+00:00,70061.7,71375.0,68868.1,0.0547,hvn,0.0547,4,,blocked,0.0547,0,0.0974,66.0,655.19,4,10,BAD,missed_no_move_in_4h,absorption_reversal_long
BTC-USDT-SWAP-SHORT-1774389025000-35,2026-03-24,SHORT,2026-03-24T21:53:25+00:00,70248.8,71375.0,68868.1,0.283,hvn,0.283,18,,blocked,0.283,0,0.0996,59.0,627.1,9,8,BAD,missed_no_move_in_4h,absorption_reversal_short
BTC-USDT-SWAP-LONG-1774370647000-27,2026-03-24,LONG,2026-03-24T17:15:14+00:00,69235.7,71375.0,69090.0,0.5203,swing_high,0.5203,10,70833.0,swing_low,2.307,1,0.0928,95.0,636.42,8,10,BAD,wrong_direction,absorption_reversal_long
BTC-USDT-SWAP-SHORT-1774389074000-36,2026-03-24,SHORT,2026-03-24T22:48:06+00:00,70260.8,71375.0,68868.1,0.1577,hvn,0.1577,10,,blocked,0.1577,0,0.096,74.0,626.52,1,8,BAD,missed_no_move_in_4h,absorption_reversal_short
BTC-USDT-SWAP-SHORT-1774396839000-1,2026-03-25,SHORT,2026-03-25T00:14:08+00:00,70639.7,70730.5,70485.5,0.1227,swing_high,0.1227,17,69200.0,hvn,2.0381,1,0.1023,44.0,221.01,9,9,BAD,missed_no_move_in_4h,absorption_reversal_short
BTC-USDT-SWAP-SHORT-1774397648000-4,2026-03-25,SHORT,2026-03-25T00:22:13+00:00,70548.0,70730.5,70485.5,0.068,hvn,0.068,15,,blocked,0.068,0,0.0988,62.0,671.72,5,9,BAD,missed_no_move_in_4h,retest_after_breakout_short
BTC-USDT-SWAP-LONG-1774397341000-2,2026-03-25,LONG,2026-03-25T00:12:01+00:00,70682.0,70730.5,70485.5,0.0686,session_high,0.0686,2,,blocked,0.0686,0,0.0993,64.0,801.45,1,9,BAD,missed_no_move_in_4h,absorption_reversal_long
BTC-USDT-SWAP-LONG-1774397404000-3,2026-03-25,LONG,2026-03-25T00:13:04+00:00,70695.1,70730.5,70485.5,0.0501,session_high,0.0501,1,,blocked,0.0501,0,0.0996,62.0,485.2,5,9,BAD,missed_no_move_in_4h,absorption_reversal_long
BTC-USDT-SWAP-LONG-1774400096000-6,2026-03-25,LONG,2026-03-25T00:58:13+00:00,70870.2,71022.6,70417.6,0.215,session_high,0.215,1,,blocked,0.215,0,0.0979,70.0,686.74,4,10,BAD,missed_no_move_in_4h,retest_after_breakout_long
BTC-USDT-SWAP-LONG-1774407695000-9,2026-03-25,LONG,2026-03-25T03:13:50+00:00,70451.8,71022.6,70387.4,0.0684,hvn,0.0684,9,,blocked,0.0684,0,0.0988,67.0,512.76,2,8,BAD,missed_no_move_in_4h,absorption_reversal_long
BTC-USDT-SWAP-LONG-1774405086000-8,2026-03-25,LONG,2026-03-25T02:21:20+00:00,70563.9,71022.6,70417.6,0.0512,hvn,0.0512,7,,blocked,0.0512,0,0.0988,61.0,623.5,7,8,BAD,missed_no_move_in_4h,absorption_reversal_long
BTC-USDT-SWAP-LONG-1774401634000-7,2026-03-25,LONG,2026-03-25T01:24:53+00:00,70700.0,71022.6,70417.6,0.1414,hvn,0.1414,3,,blocked,0.1414,0,0.0951,88.0,634.82,9,10,BAD,missed_no_move_in_4h,absorption_reversal_long
BTC-USDT-SWAP-SHORT-1774408213000-10,2026-03-25,SHORT,2026-03-25T03:44:58+00:00,70719.9,71022.6,70362.3,0.0988,hvn,0.0988,10,69260.9,swing_low,2.0631,1,0.0989,60.0,376.13,8,8,BAD,missed_no_move_in_4h,retest_after_breakout_short
BTC-USDT-SWAP-SHORT-1774416093000-12,2026-03-25,SHORT,2026-03-25T06:03:42+00:00,71080.0,71315.0,70362.3,0.362,swing_high,0.362,11,,blocked,0.362,0,0.0992,59.0,618.78,6,6,BAD,missed_no_move_in_4h,absorption_reversal_short
BTC-USDT-SWAP-LONG-1774419017000-14,2026-03-25,LONG,2026-03-25T06:15:12+00:00,71070.0,71315.0,70362.3,0.3447,swing_high,0.3447,2,,blocked,0.3447,0,0.1024,41.0,619.23,5,6,BAD,missed_no_move_in_4h,absorption_reversal_long
BTC-USDT-SWAP-LONG-1774425909000-16,2026-03-25,LONG,2026-03-25T08:27:37+00:00,71053.6,71315.0,70362.3,0.0653,hvn,0.0653,3,,blocked,0.0653,0,0.101,51.0,281.42,6,5,BAD,missed_no_move_in_4h,absorption_reversal_long
BTC-USDT-SWAP-LONG-1774416472000-13,2026-03-25,LONG,2026-03-25T05:32:19+00:00,71206.3,71315.0,70362.3,0.1527,session_high,0.1527,1,,blocked,0.1527,0,0.1012,47.0,638.89,12,7,BAD,missed_no_move_in_4h,absorption_reversal_long
BTC-USDT-SWAP-SHORT-1774399490000-5,2026-03-25,SHORT,2026-03-25T01:00:27+00:00,70813.3,71022.6,70417.6,0.0712,swing_high,0.0712,14,69300.0,hvn,2.137,1,0.0989,56.0,1099.06,8,10,BAD,missed_no_move_in_4h,absorption_reversal_short
BTC-USDT-SWAP-LONG-1774415629000-11,2026-03-25,LONG,2026-03-25T05:27:52+00:00,71158.5,71315.0,70362.3,0.2199,session_high,0.2199,1,,blocked,0.2199,0,0.0989,70.0,359.58,5,7,BAD,missed_no_move_in_4h,absorption_reversal_long
BTC-USDT-SWAP-LONG-1774432966000-18,2026-03-25,LONG,2026-03-25T10:06:45+00:00,71316.2,71494.0,70362.3,0.2493,session_high,0.2493,1,,blocked,0.2493,0,0.1013,50.0,665.83,6,6,BAD,missed_no_move_in_4h,retest_after_breakout_long
BTC-USDT-SWAP-LONG-1774433029000-19,2026-03-25,LONG,2026-03-25T10:07:48+00:00,71334.0,71494.0,70362.3,0.2243,session_high,0.2243,1,,blocked,0.2243,0,0.1002,63.0,275.68,6,6,BAD,missed_no_move_in_4h,absorption_reversal_long
BTC-USDT-SWAP-LONG-1774436211000-21,2026-03-25,LONG,2026-03-25T11:04:33+00:00,71453.8,71651.2,70362.3,0.0563,swing_high,0.0563,2,,blocked,0.0563,0,0.0924,75.0,615.58,12,6,BAD,missed_no_move_in_4h,absorption_reversal_long
BTC-USDT-SWAP-SHORT-1774427887000-17,2026-03-25,SHORT,2026-03-25T09:00:40+00:00,71204.5,71494.0,70362.3,0.0765,hvn,0.0765,14,,blocked,0.0765,0,0.1016,56.0,207.7,12,6,MID,noisy_partial_1_5,absorption_reversal_short
BTC-USDT-SWAP-LONG-1774437718000-22,2026-03-25,LONG,2026-03-25T11:25:01+00:00,71653.9,71747.1,70362.3,0.1301,session_high,0.1301,1,,blocked,0.1301,0,0.0929,99.0,1717.12,12,7,MID,noisy_partial_1_5,absorption_reversal_long
BTC-USDT-SWAP-SHORT-1774435972000-20,2026-03-25,SHORT,2026-03-25T10:55:58+00:00,71523.2,71651.2,70362.3,0.1023,swing_high,0.1023,19,,blocked,0.1023,0,0.0919,69.0,2500.05,12,6,MID,noisy_partial_1_5,absorption_reversal_short
BTC-USDT-SWAP-LONG-1774437958000-23,2026-03-25,LONG,2026-03-25T11:34:44+00:00,71910.8,71949.9,70362.3,0.0544,session_high,0.0544,1,,blocked,0.0544,0,0.0954,77.0,611.57,11,7,MID,noisy_partial_1_5,absorption_reversal_long
BTC-USDT-SWAP-SHORT-1774439218000-24,2026-03-25,SHORT,2026-03-25T11:52:41+00:00,71580.5,71989.0,70362.3,0.2121,swing_low,0.2121,12,,blocked,0.2121,0,0.0986,65.0,614.68,5,7,MID,noisy_partial_1_5,retest_after_breakout_short
BTC-USDT-SWAP-LONG-1774445278000-26,2026-03-25,LONG,2026-03-25T13:42:18+00:00,71900.0,71989.0,70362.3,0.1238,session_high,0.1238,1,,blocked,0.1238,0,0.0995,61.0,612.05,8,6,MID,noisy_partial_1_5,absorption_reversal_long
BTC-USDT-SWAP-SHORT-1774446087000-27,2026-03-25,SHORT,2026-03-25T14:07:46+00:00,71474.1,71989.0,70362.3,0.0635,swing_low,0.0635,11,,blocked,0.0635,0,0.095,94.0,626.16,6,6,MID,noisy_partial_1_5,absorption_reversal_short
BTC-USDT-SWAP-SHORT-1774439561000-25,2026-03-25,SHORT,2026-03-25T12:28:49+00:00,71207.9,71989.0,70362.3,0.0813,hvn,0.0813,3,,blocked,0.0813,0,0.0979,54.0,617.3,3,7,MID,noisy_partial_1_5,absorption_reversal_short
BTC-USDT-SWAP-LONG-1774448158000-28,2026-03-25,LONG,2026-03-25T14:42:55+00:00,71347.1,71989.0,70362.3,0.0706,swing_high,0.0706,7,,blocked,0.0706,0,0.1,56.0,378.88,8,6,MID,noisy_partial_1_5,absorption_reversal_long
BTC-USDT-SWAP-SHORT-1774452639000-29,2026-03-25,SHORT,2026-03-25T15:40:35+00:00,70865.7,71989.0,70362.3,0.7104,session_low,0.7104,1,,blocked,0.7104,0,0.0969,76.0,673.97,9,7,BAD,missed_no_move_in_4h,absorption_reversal_short
BTC-USDT-SWAP-SHORT-1774460558000-31,2026-03-25,SHORT,2026-03-25T17:45:38+00:00,70872.1,71989.0,70362.3,0.7193,session_low,0.7193,1,,blocked,0.7193,0,0.1018,49.0,406.0,2,7,BAD,missed_no_move_in_4h,retest_after_breakout_short
BTC-USDT-SWAP-SHORT-1774459290000-30,2026-03-25,SHORT,2026-03-25T17:24:36+00:00,71022.8,71989.0,70362.3,0.93,session_low,0.93,1,,blocked,0.93,0,0.1017,48.0,405.48,5,7,BAD,missed_no_move_in_4h,absorption_reversal_short
BTC-USDT-SWAP-SHORT-1774461630000-32,2026-03-25,SHORT,2026-03-25T18:03:31+00:00,70757.1,71989.0,70362.3,0.558,session_low,0.558,1,,blocked,0.558,0,0.0982,62.0,617.37,6,7,BAD,missed_no_move_in_4h,absorption_reversal_short
BTC-USDT-SWAP-LONG-1774480244000-33,2026-03-25,LONG,2026-03-25T23:21:31+00:00,71263.0,71989.0,70362.3,0.1922,hvn,0.1922,2,,blocked,0.1922,0,0.0964,58.0,617.79,7,6,BAD,missed_no_move_in_4h,absorption_reversal_long
BTC-USDT-SWAP-LONG-1774483234000-1,2026-03-26,LONG,2026-03-26T00:14:56+00:00,71218.4,71348.0,71160.0,0.1043,swing_low,0.1043,5,,blocked,0.1043,0,0.099,49.0,550.11,8,6,BAD,missed_no_move_in_4h,retest_after_breakout_long
BTC-USDT-SWAP-LONG-1774484096000-2,2026-03-26,LONG,2026-03-26T00:24:34+00:00,71267.9,71358.3,71160.0,0.1152,hvn,0.1152,4,,blocked,0.1152,0,0.0973,66.0,408.33,6,6,BAD,missed_no_move_in_4h,absorption_reversal_long
BTC-USDT-SWAP-SHORT-1774485627000-4,2026-03-26,SHORT,2026-03-26T00:50:33+00:00,71344.2,71416.7,71160.0,0.0722,swing_low,0.0722,11,,blocked,0.0722,0,0.0947,73.0,630.67,7,5,BAD,missed_no_move_in_4h,absorption_reversal_short
BTC-USDT-SWAP-SHORT-1774484401000-3,2026-03-26,SHORT,2026-03-26T00:40:27+00:00,71310.1,71378.1,71160.0,0.1642,swing_low,0.1642,8,,blocked,0.1642,0,0.0942,78.0,801.99,5,5,BAD,missed_no_move_in_4h,absorption_reversal_short
BTC-USDT-SWAP-SHORT-1774487843000-6,2026-03-26,SHORT,2026-03-26T01:20:23+00:00,71208.5,71416.7,71102.0,0.1496,session_low,0.1496,10,,blocked,0.1496,0,0.0928,90.0,729.87,10,5,BAD,missed_no_move_in_4h,absorption_reversal_short
BTC-USDT-SWAP-LONG-1774486088000-5,2026-03-26,LONG,2026-03-26T00:57:52+00:00,71232.5,71416.7,71102.0,0.165,hvn,0.165,4,,blocked,0.165,0,0.1,48.0,390.95,9,5,BAD,missed_no_move_in_4h,absorption_reversal_long
BTC-USDT-SWAP-SHORT-1774493504000-10,2026-03-26,SHORT,2026-03-26T02:54:51+00:00,70852.2,71416.7,70650.0,0.2854,session_low,0.2854,2,,blocked,0.2854,0,0.0934,73.0,2426.31,10,5,BAD,missed_no_move_in_4h,absorption_reversal_short
BTC-USDT-SWAP-SHORT-1774492655000-8,2026-03-26,SHORT,2026-03-26T02:51:44+00:00,70865.0,71416.7,70650.0,0.0507,swing_low,0.0507,2,,blocked,0.0507,0,0.096,73.0,647.1,6,5,BAD,missed_no_move_in_4h,retest_after_breakout_short
BTC-USDT-SWAP-SHORT-1774495702000-11,2026-03-26,SHORT,2026-03-26T03:31:22+00:00,70733.2,71416.7,70650.0,0.1176,session_low,0.1176,1,,blocked,0.1176,0,0.0938,89.0,986.99,5,5,BAD,missed_no_move_in_4h,absorption_reversal_short
BTC-USDT-SWAP-SHORT-1774502716000-13,2026-03-26,SHORT,2026-03-26T05:31:45+00:00,70508.2,71416.7,70443.1,0.0923,session_low,0.0923,1,,blocked,0.0923,0,0.0987,61.0,653.78,14,6,BAD,missed_no_move_in_4h,retest_after_breakout_short
BTC-USDT-SWAP-SHORT-1774503105000-14,2026-03-26,SHORT,2026-03-26T05:38:13+00:00,70543.0,71416.7,70443.1,0.1416,session_low,0.1416,1,,blocked,0.1416,0,0.0966,64.0,1748.08,10,6,BAD,missed_no_move_in_4h,absorption_reversal_short
BTC-USDT-SWAP-LONG-1774492706000-9,2026-03-26,LONG,2026-03-26T02:41:26+00:00,70800.0,71416.7,70650.0,0.1008,swing_low,0.1008,13,,blocked,0.1008,0,0.1007,47.0,300.24,7,5,BAD,missed_no_move_in_4h,absorption_reversal_long
BTC-USDT-SWAP-LONG-1774491706000-7,2026-03-26,LONG,2026-03-26T02:38:26+00:00,70724.0,71416.7,70650.0,0.0509,swing_low,0.0509,13,,blocked,0.0509,0,0.0961,68.0,349.12,7,5,BAD,missed_no_move_in_4h,absorption_reversal_long
BTC-USDT-SWAP-SHORT-1774504288000-15,2026-03-26,SHORT,2026-03-26T06:05:34+00:00,69900.1,71416.7,69833.7,0.095,session_low,0.095,1,,blocked,0.095,0,0.1016,46.0,366.22,8,8,BAD,missed_no_move_in_4h,retest_after_breakout_short
BTC-USDT-SWAP-SHORT-1774513471000-17,2026-03-26,SHORT,2026-03-26T08:29:30+00:00,69795.0,71416.7,69751.0,0.063,session_low,0.063,1,,blocked,0.063,0,0.0997,58.0,378.84,10,8,BAD,missed_no_move_in_4h,absorption_reversal_short
BTC-USDT-SWAP-SHORT-1774505134000-16,2026-03-26,SHORT,2026-03-26T06:12:33+00:00,70005.3,71416.7,69833.7,0.2451,session_low,0.2451,1,,blocked,0.2451,0,0.0996,62.0,339.32,8,8,BAD,missed_no_move_in_4h,absorption_reversal_short
BTC-USDT-SWAP-LONG-1774501901000-12,2026-03-26,LONG,2026-03-26T06:00:47+00:00,69972.3,71416.7,69840.0,1.02,swing_low,1.02,15,71400.0,hvn,2.0404,1,0.1003,41.0,1837.52,9,8,BAD,missed_no_move_in_4h,absorption_reversal_long
BTC-USDT-SWAP-SHORT-1774518380000-20,2026-03-26,SHORT,2026-03-26T10:09:02+00:00,69480.0,71416.7,69366.1,0.1639,session_low,0.1639,1,,blocked,0.1639,0,0.1011,52.0,479.37,12,8,BAD,missed_no_move_in_4h,retest_after_breakout_short
BTC-USDT-SWAP-LONG-1774520499000-23,2026-03-26,LONG,2026-03-26T10:27:43+00:00,69655.6,71416.7,69366.1,0.3385,swing_high,0.3385,19,71416.7,session_high,2.5283,1,0.0988,61.0,632.05,14,8,BAD,missed_no_move_in_4h,absorption_reversal_long
BTC-USDT-SWAP-SHORT-1774518188000-19,2026-03-26,SHORT,2026-03-26T09:46:08+00:00,69453.8,71416.7,69407.0,0.0674,session_low,0.0674,1,,blocked,0.0674,0,0.1026,49.0,244.13,8,9,BAD,missed_no_move_in_4h,absorption_reversal_short
BTC-USDT-SWAP-LONG-1774520436000-22,2026-03-26,LONG,2026-03-26T10:24:17+00:00,69651.1,71416.7,69366.1,0.345,swing_high,0.345,17,71416.7,session_high,2.5349,1,0.0985,61.0,631.53,12,8,BAD,missed_no_move_in_4h,retest_after_breakout_long
BTC-USDT-SWAP-SHORT-1774527206000-27,2026-03-26,SHORT,2026-03-26T12:16:26+00:00,69361.1,71416.7,69156.0,0.2957,session_low,0.2957,1,,blocked,0.2957,0,0.0968,66.0,939.6,9,8,BAD,missed_no_move_in_4h,absorption_reversal_short
BTC-USDT-SWAP-LONG-1774524970000-24,2026-03-26,LONG,2026-03-26T11:42:37+00:00,69379.9,71416.7,69156.0,0.101,hvn,0.101,18,71416.7,session_high,2.9357,1,0.0949,75.0,2000.02,11,8,BAD,missed_no_move_in_4h,absorption_reversal_long
BTC-USDT-SWAP-LONG-1774526555000-25,2026-03-26,LONG,2026-03-26T12:07:46+00:00,69315.7,71416.7,69156.0,0.1938,hvn,0.1938,17,70799.7,swing_low,2.1409,1,0.0958,62.0,2527.91,12,8,BAD,missed_no_move_in_4h,absorption_reversal_long
BTC-USDT-SWAP-LONG-1774518751000-21,2026-03-26,LONG,2026-03-26T10:00:21+00:00,69542.5,71416.7,69366.1,0.3421,swing_low,0.3421,18,71416.7,session_high,2.695,1,0.0974,67.0,864.34,11,9,BAD,missed_no_move_in_4h,retest_after_breakout_long
BTC-USDT-SWAP-SHORT-1774526799000-26,2026-03-26,SHORT,2026-03-26T12:13:26+00:00,69340.8,71416.7,69156.0,0.2665,session_low,0.2665,1,,blocked,0.2665,0,0.097,67.0,939.61,9,8,BAD,missed_no_move_in_4h,absorption_reversal_short
BTC-USDT-SWAP-LONG-1774517981000-18,2026-03-26,LONG,2026-03-26T09:50:31+00:00,69475.6,71416.7,69366.1,0.3964,swing_low,0.3964,14,70867.1,swing_high,2.0029,1,0.0977,40.0,1823.29,9,9,BAD,missed_no_move_in_4h,absorption_reversal_long
BTC-USDT-SWAP-LONG-1774533115000-28,2026-03-26,LONG,2026-03-26T14:05:55+00:00,69665.2,71416.7,69156.0,0.2983,swing_low,0.2983,5,71416.7,session_high,2.5142,1,0.0991,51.0,631.62,6,5,BAD,missed_no_move_in_4h,absorption_reversal_long
BTC-USDT-SWAP-SHORT-1774533389000-29,2026-03-26,SHORT,2026-03-26T14:02:09+00:00,69615.8,71416.7,69156.0,0.0945,hvn,0.0945,5,,blocked,0.0945,0,0.1006,44.0,485.87,8,5,BAD,missed_no_move_in_4h,absorption_reversal_short
BTC-USDT-SWAP-SHORT-1774539002000-33,2026-03-26,SHORT,2026-03-26T15:51:41+00:00,69056.1,71416.7,68495.1,0.226,hvn,0.226,3,,blocked,0.226,0,0.0957,80.0,539.81,8,8,BAD,missed_no_move_in_4h,retest_after_breakout_short
BTC-USDT-SWAP-SHORT-1774538608000-32,2026-03-26,SHORT,2026-03-26T15:30:02+00:00,68965.5,71416.7,68495.1,0.6821,session_low,0.6821,1,,blocked,0.6821,0,0.0981,66.0,435.99,12,8,BAD,missed_no_move_in_4h,absorption_reversal_short
BTC-USDT-SWAP-LONG-1774540527000-34,2026-03-26,LONG,2026-03-26T16:06:10+00:00,68999.9,71416.7,68495.1,0.08,swing_high,0.08,17,71416.7,session_high,3.5026,1,0.0961,69.0,609.19,10,7,BAD,missed_no_move_in_4h,absorption_reversal_long
BTC-USDT-SWAP-LONG-1774538419000-30,2026-03-26,LONG,2026-03-26T15:46:36+00:00,69030.5,71416.7,68495.1,0.4628,hvn,0.4628,14,71416.7,session_high,3.4567,1,0.0948,80.0,1020.22,9,8,BAD,missed_no_move_in_4h,absorption_reversal_long
BTC-USDT-SWAP-LONG-1774538541000-31,2026-03-26,LONG,2026-03-26T15:46:36+00:00,69030.5,71416.7,68495.1,0.4628,hvn,0.4628,14,71416.7,session_high,3.4567,1,0.0948,80.0,1020.22,9,8,BAD,missed_no_move_in_4h,absorption_reversal_long
BTC-USDT-SWAP-SHORT-1774548203000-37,2026-03-26,SHORT,2026-03-26T18:10:48+00:00,68388.1,71416.7,68275.0,0.1654,session_low,0.1654,1,,blocked,0.1654,0,0.0954,51.0,2171.9,3,8,BAD,missed_no_move_in_4h,retest_after_breakout_short
BTC-USDT-SWAP-SHORT-1774549562000-40,2026-03-26,SHORT,2026-03-26T18:52:19+00:00,68371.9,71416.7,68115.8,0.1353,swing_high,0.1353,3,,blocked,0.1353,0,0.0947,67.0,843.69,10,8,BAD,missed_no_move_in_4h,absorption_reversal_short
BTC-USDT-SWAP-SHORT-1774548280000-38,2026-03-26,SHORT,2026-03-26T18:10:48+00:00,68388.1,71416.7,68275.0,0.1654,session_low,0.1654,1,,blocked,0.1654,0,0.0954,51.0,2171.9,3,8,BAD,missed_no_move_in_4h,retest_after_breakout_short
BTC-USDT-SWAP-SHORT-1774548303000-39,2026-03-26,SHORT,2026-03-26T18:10:48+00:00,68388.1,71416.7,68275.0,0.1654,session_low,0.1654,1,,blocked,0.1654,0,0.0954,51.0,2171.9,3,8,BAD,missed_no_move_in_4h,retest_after_breakout_short
BTC-USDT-SWAP-LONG-1774550123000-41,2026-03-26,LONG,2026-03-26T19:07:22+00:00,68407.0,71416.7,68115.8,0.136,hvn,0.136,11,71416.7,session_high,4.3997,1,0.0942,80.0,751.85,3,8,BAD,missed_no_move_in_4h,absorption_reversal_long
BTC-USDT-SWAP-LONG-1774547784000-35,2026-03-26,LONG,2026-03-26T18:02:03+00:00,68520.6,71416.7,68300.0,0.4807,hvn,0.4807,12,71416.7,session_high,4.2266,1,0.0924,77.0,917.25,6,7,BAD,missed_no_move_in_4h,retest_after_breakout_long
BTC-USDT-SWAP-SHORT-1774554260000-42,2026-03-26,SHORT,2026-03-26T19:47:20+00:00,68618.5,71416.7,68115.8,0.1727,hvn,0.1727,4,,blocked,0.1727,0,0.0931,80.0,565.1,5,8,BAD,missed_no_move_in_4h,absorption_reversal_short
BTC-USDT-SWAP-LONG-1774548123000-36,2026-03-26,LONG,2026-03-26T18:15:56+00:00,68362.6,71416.7,68275.0,0.627,swing_low,0.627,16,71416.7,session_high,4.4675,1,0.0932,85.0,563.06,8,8,BAD,missed_no_move_in_4h,absorption_reversal_long
BTC-USDT-SWAP-LONG-1774557042000-45,2026-03-26,LONG,2026-03-26T20:47:17+00:00,69129.9,71416.7,68115.8,0.1014,hvn,0.1014,1,71416.7,session_high,3.308,1,0.1002,43.0,528.54,3,8,BAD,missed_no_move_in_4h,retest_after_breakout_long
BTC-USDT-SWAP-SHORT-1774564730000-48,2026-03-26,SHORT,2026-03-26T22:41:55+00:00,68755.1,71416.7,68115.8,0.371,hvn,0.371,3,,blocked,0.371,0,0.0999,46.0,449.29,3,7,BAD,missed_no_move_in_4h,retest_after_breakout_short
BTC-USDT-SWAP-SHORT-1774556212000-43,2026-03-26,SHORT,2026-03-26T20:19:52+00:00,69134.8,71416.7,68115.8,0.0503,hvn,0.0503,12,,blocked,0.0503,0,0.1039,37.0,416.49,7,8,BAD,missed_no_move_in_4h,absorption_reversal_short
BTC-USDT-SWAP-SHORT-1774556314000-44,2026-03-26,SHORT,2026-03-26T20:21:34+00:00,69060.8,71416.7,68115.8,0.0582,swing_high,0.0582,11,,blocked,0.0582,0,0.1043,34.0,180.0,6,8,BAD,missed_no_move_in_4h,absorption_reversal_short
BTC-USDT-SWAP-LONG-1774558729000-46,2026-03-26,LONG,2026-03-26T21:37:34+00:00,68989.6,71416.7,68115.8,0.0513,swing_high,0.0513,6,71416.7,session_high,3.5181,1,0.1012,52.0,829.02,8,8,BAD,missed_no_move_in_4h,absorption_reversal_long
BTC-USDT-SWAP-LONG-1774564434000-47,2026-03-26,LONG,2026-03-26T22:36:54+00:00,68758.1,71416.7,68115.8,0.1337,hvn,0.1337,10,71416.7,session_high,3.8666,1,0.0985,48.0,661.66,6,8,BAD,missed_no_move_in_4h,retest_after_breakout_long
BTC-USDT-SWAP-LONG-1774565554000-49,2026-03-26,LONG,2026-03-26T23:15:08+00:00,68800.2,71416.7,68115.8,0.0724,hvn,0.0724,7,71416.7,session_high,3.803,1,0.1001,43.0,831.58,10,7,BAD,missed_no_move_in_4h,absorption_reversal_long
BTC-USDT-SWAP-SHORT-1774570637000-2,2026-03-27,SHORT,2026-03-27T00:20:17+00:00,68856.8,68944.0,68684.9,0.1406,swing_low,0.1406,7,,blocked,0.1406,0,0.1004,47.0,324.04,6,7,BAD,missed_no_move_in_4h,absorption_reversal_short
BTC-USDT-SWAP-LONG-1774571281000-3,2026-03-27,LONG,2026-03-27T00:34:33+00:00,68725.7,68944.0,68680.0,0.101,swing_high,0.101,8,,blocked,0.101,0,0.102,37.0,640.49,5,7,BAD,missed_no_move_in_4h,absorption_reversal_long
BTC-USDT-SWAP-LONG-1774570334000-1,2026-03-27,LONG,2026-03-27T00:28:01+00:00,68745.1,68944.0,68684.9,0.2253,hvn,0.2253,8,,blocked,0.2253,0,0.0989,50.0,692.09,6,7,BAD,missed_no_move_in_4h,absorption_reversal_long
BTC-USDT-SWAP-SHORT-1774578177000-9,2026-03-27,SHORT,2026-03-27T02:34:45+00:00,68980.1,69164.0,68501.3,0.0599,swing_high,0.0599,7,,blocked,0.0599,0,0.0994,57.0,224.42,5,6,BAD,missed_no_move_in_4h,absorption_reversal_short
BTC-USDT-SWAP-SHORT-1774577539000-8,2026-03-27,SHORT,2026-03-27T02:15:19+00:00,69029.3,69164.0,68501.3,0.0516,swing_high,0.0516,10,,blocked,0.0516,0,0.0983,58.0,960.34,8,7,BAD,missed_no_move_in_4h,absorption_reversal_short
BTC-USDT-SWAP-LONG-1774576895000-6,2026-03-27,LONG,2026-03-27T02:04:50+00:00,69086.4,69104.9,68501.3,0.0921,hvn,0.0921,2,,blocked,0.0921,0,0.0981,50.0,806.89,8,7,BAD,missed_no_move_in_4h,absorption_reversal_long
BTC-USDT-SWAP-SHORT-1774573301000-5,2026-03-27,SHORT,2026-03-27T01:15:37+00:00,68829.0,68944.0,68501.3,0.1002,swing_low,0.1002,9,,blocked,0.1002,0,0.0985,58.0,364.99,8,7,BAD,missed_no_move_in_4h,absorption_reversal_short
BTC-USDT-SWAP-LONG-1774576961000-7,2026-03-27,LONG,2026-03-27T02:25:24+00:00,68979.4,69164.0,68501.3,0.1023,swing_high,0.1023,7,,blocked,0.1023,0,0.1,52.0,218.6,9,7,BAD,missed_no_move_in_4h,absorption_reversal_long
BTC-USDT-SWAP-SHORT-1774572338000-4,2026-03-27,SHORT,2026-03-27T01:01:41+00:00,68744.1,68944.0,68501.3,0.0642,hvn,0.0642,6,,blocked,0.0642,0,0.0988,53.0,487.01,7,7,BAD,missed_no_move_in_4h,absorption_reversal_short
BTC-USDT-SWAP-LONG-1774587127000-12,2026-03-27,LONG,2026-03-27T04:55:16+00:00,68561.1,69164.0,68258.0,0.2026,hvn,0.2026,9,,blocked,0.2026,0,0.0986,50.0,641.74,6,5,BAD,missed_no_move_in_4h,absorption_reversal_long
BTC-USDT-SWAP-LONG-1774585514000-10,2026-03-27,LONG,2026-03-27T04:28:22+00:00,68512.0,69164.0,68258.0,0.0863,swing_low,0.0863,17,,blocked,0.0863,0,0.0988,47.0,920.29,11,5,BAD,missed_no_move_in_4h,retest_after_breakout_long
BTC-USDT-SWAP-LONG-1774594419000-13,2026-03-27,LONG,2026-03-27T06:56:39+00:00,68677.0,69164.0,68258.0,0.1063,hvn,0.1063,8,,blocked,0.1063,0,0.0971,56.0,1495.83,10,5,BAD,missed_no_move_in_4h,absorption_reversal_long
BTC-USDT-SWAP-SHORT-1774585870000-11,2026-03-27,SHORT,2026-03-27T04:39:20+00:00,68562.7,69164.0,68258.0,0.4444,session_low,0.4444,1,,blocked,0.4444,0,0.0972,53.0,1775.46,11,5,BAD,missed_no_move_in_4h,absorption_reversal_short
BTC-USDT-SWAP-SHORT-1774598331000-14,2026-03-27,SHORT,2026-03-27T08:12:52+00:00,68465.8,69164.0,68258.0,0.3035,swing_low,0.3035,2,,blocked,0.3035,0,0.0955,76.0,977.75,9,5,BAD,missed_no_move_in_4h,absorption_reversal_short
BTC-USDT-SWAP-SHORT-1774600484000-17,2026-03-27,SHORT,2026-03-27T08:42:54+00:00,67736.8,69164.0,67576.3,0.2369,session_low,0.2369,1,,blocked,0.2369,0,0.0973,63.0,311.87,10,7,BAD,missed_no_move_in_4h,absorption_reversal_short
BTC-USDT-SWAP-SHORT-1774600392000-16,2026-03-27,SHORT,2026-03-27T08:42:54+00:00,67736.8,69164.0,67576.3,0.2369,session_low,0.2369,1,,blocked,0.2369,0,0.0973,63.0,311.87,10,7,BAD,missed_no_move_in_4h,absorption_reversal_short
BTC-USDT-SWAP-LONG-1774599878000-15,2026-03-27,LONG,2026-03-27T08:50:03+00:00,67817.6,69164.0,67576.3,0.9325,hvn,0.9325,15,,blocked,0.9325,0,0.0966,78.0,649.18,7,7,BAD,missed_no_move_in_4h,absorption_reversal_long
BTC-USDT-SWAP-LONG-1774610486000-20,2026-03-27,LONG,2026-03-27T11:25:34+00:00,66638.2,69164.0,66170.5,0.3178,hvn,0.3178,8,68450.0,hvn,2.7189,1,0.0925,83.0,1006.21,5,12,BAD,missed_no_move_in_4h,retest_after_breakout_long
BTC-USDT-SWAP-LONG-1774612561000-21,2026-03-27,LONG,2026-03-27T12:06:26+00:00,66639.9,69164.0,66170.5,0.2402,hvn,0.2402,12,68501.0,swing_high,2.7928,1,0.0915,85.0,963.74,13,12,BAD,missed_no_move_in_4h,absorption_reversal_long
BTC-USDT-SWAP-LONG-1774609222000-19,2026-03-27,LONG,2026-03-27T11:21:26+00:00,66658.6,69164.0,66170.5,0.2871,hvn,0.2871,7,68450.0,hvn,2.6874,1,0.0915,110.0,788.16,5,12,BAD,missed_no_move_in_4h,retest_after_breakout_long
BTC-USDT-SWAP-LONG-1774620007000-22,2026-03-27,LONG,2026-03-27T14:18:43+00:00,66193.5,69164.0,65943.8,0.1609,hvn,0.1609,9,67616.3,swing_low,2.1495,1,0.092,100.0,664.71,3,12,BAD,missed_no_move_in_4h,absorption_reversal_long
BTC-USDT-SWAP-LONG-1774623813000-24,2026-03-27,LONG,2026-03-27T15:08:42+00:00,66207.9,69164.0,65682.4,0.0636,hvn,0.0636,11,67576.3,swing_low,2.0668,1,0.0946,77.0,931.29,4,14,BAD,missed_no_move_in_4h,absorption_reversal_long
BTC-USDT-SWAP-LONG-1774626472000-26,2026-03-27,LONG,2026-03-27T15:51:18+00:00,66317.6,69164.0,65682.4,0.1243,hvn,0.1243,11,67700.0,hvn,2.0845,1,0.0931,92.0,725.66,5,12,BAD,missed_no_move_in_4h,absorption_reversal_long
BTC-USDT-SWAP-LONG-1774626322000-25,2026-03-27,LONG,2026-03-27T15:51:18+00:00,66317.6,69164.0,65682.4,0.1243,hvn,0.1243,11,67700.0,hvn,2.0845,1,0.0931,92.0,725.66,5,12,BAD,missed_no_move_in_4h,absorption_reversal_long
BTC-USDT-SWAP-LONG-1774628406000-28,2026-03-27,LONG,2026-03-27T16:28:03+00:00,65930.5,69164.0,65682.4,0.2571,hvn,0.2571,12,67576.3,swing_low,2.4963,1,0.0962,67.0,667.54,3,11,BAD,missed_no_move_in_4h,absorption_reversal_long
BTC-USDT-SWAP-LONG-1774628331000-27,2026-03-27,LONG,2026-03-27T16:28:03+00:00,65930.5,69164.0,65682.4,0.2571,hvn,0.2571,12,67576.3,swing_low,2.4963,1,0.0962,67.0,667.54,3,11,BAD,missed_no_move_in_4h,absorption_reversal_long
BTC-USDT-SWAP-SHORT-1774620613000-23,2026-03-27,SHORT,2026-03-27T14:38:37+00:00,65785.6,69164.0,65682.4,0.1569,session_low,0.1569,1,,blocked,0.1569,0,0.096,91.0,535.34,5,14,BAD,missed_no_move_in_4h,retest_after_breakout_short
BTC-USDT-SWAP-SHORT-1774634948000-30,2026-03-27,SHORT,2026-03-27T18:12:08+00:00,65700.0,69164.0,65531.1,0.2571,session_low,0.2571,1,,blocked,0.2571,0,0.0949,96.0,670.0,9,10,BAD,missed_no_move_in_4h,absorption_reversal_short
BTC-USDT-SWAP-LONG-1774635434000-32,2026-03-27,LONG,2026-03-27T18:33:55+00:00,65707.2,69164.0,65511.6,0.1412,hvn,0.1412,11,69164.0,session_high,5.2609,1,0.0922,107.0,2009.47,3,10,BAD,missed_no_move_in_4h,absorption_reversal_long
BTC-USDT-SWAP-SHORT-1774635234000-31,2026-03-27,SHORT,2026-03-27T18:45:11+00:00,65798.5,69164.0,65511.6,0.1764,swing_low,0.1764,3,,blocked,0.1764,0,0.0946,86.0,553.83,4,7,BAD,missed_no_move_in_4h,absorption_reversal_short
BTC-USDT-SWAP-SHORT-1774608293000-18,2026-03-27,SHORT,2026-03-27T11:00:39+00:00,66360.4,69164.0,66214.0,0.2206,session_low,0.2206,1,,blocked,0.2206,0,0.0926,66.0,1200.28,5,11,BAD,missed_no_move_in_4h,absorption_reversal_short
BTC-USDT-SWAP-LONG-1774633774000-29,2026-03-27,LONG,2026-03-27T17:52:49+00:00,65647.5,69164.0,65531.1,0.1264,swing_low,0.1264,15,67654.0,swing_low,3.0565,1,0.0973,63.0,670.77,7,10,BAD,missed_no_move_in_4h,retest_after_breakout_long
BTC-USDT-SWAP-LONG-1774655103000-33,2026-03-27,LONG,2026-03-27T23:50:09+00:00,66280.7,69164.0,65511.6,4.3501,session_high,4.3501,0,69164.0,session_high,4.3501,1,0.091,104.0,1666.66,15,5,BAD,missed_no_move_in_4h,absorption_reversal_long
BTC-USDT-SWAP-LONG-1774657037000-3,2026-03-28,LONG,2026-03-28T00:20:17+00:00,66300.9,66450.0,66255.9,0.2249,session_high,0.2249,1,,blocked,0.2249,0,0.0954,69.0,663.53,12,5,BAD,missed_no_move_in_4h,absorption_reversal_long
BTC-USDT-SWAP-SHORT-1774656577000-2,2026-03-28,SHORT,2026-03-28T00:40:41+00:00,66425.5,66487.8,66255.9,0.124,swing_high,0.124,22,,blocked,0.124,0,0.0964,64.0,860.81,16,5,BAD,missed_no_move_in_4h,retest_after_breakout_short
BTC-USDT-SWAP-SHORT-1774656525000-1,2026-03-28,SHORT,2026-03-28T00:40:41+00:00,66425.5,66487.8,66255.9,0.124,swing_high,0.124,22,,blocked,0.124,0,0.0964,64.0,860.81,16,5,BAD,missed_no_move_in_4h,retest_after_breakout_short
BTC-USDT-SWAP-SHORT-1774662687000-8,2026-03-28,SHORT,2026-03-28T01:54:27+00:00,66130.9,66487.8,66023.2,0.1223,hvn,0.1223,11,,blocked,0.1223,0,0.0958,79.0,756.59,11,5,BAD,missed_no_move_in_4h,retest_after_breakout_short
BTC-USDT-SWAP-LONG-1774659275000-4,2026-03-28,LONG,2026-03-28T01:06:01+00:00,66352.6,66487.8,66255.9,0.2038,session_high,0.2038,1,,blocked,0.2038,0,0.099,57.0,663.36,12,5,BAD,missed_no_move_in_4h,absorption_reversal_long
BTC-USDT-SWAP-LONG-1774664758000-10,2026-03-28,LONG,2026-03-28T02:35:31+00:00,65998.5,66487.8,65901.0,0.078,swing_high,0.078,10,,blocked,0.078,0,0.0965,54.0,1186.86,10,5,BAD,missed_no_move_in_4h,absorption_reversal_long
BTC-USDT-SWAP-LONG-1774662071000-7,2026-03-28,LONG,2026-03-28T01:47:32+00:00,66140.0,66487.8,66023.2,0.0508,swing_low,0.0508,7,,blocked,0.0508,0,0.0956,71.0,1643.99,21,5,BAD,missed_no_move_in_4h,absorption_reversal_long
BTC-USDT-SWAP-SHORT-1774665979000-11,2026-03-28,SHORT,2026-03-28T03:14:37+00:00,66097.7,66487.8,65901.0,0.0722,swing_high,0.0722,13,,blocked,0.0722,0,0.0981,67.0,665.6,17,5,BAD,missed_no_move_in_4h,retest_after_breakout_short
BTC-USDT-SWAP-LONG-1774679676000-13,2026-03-28,LONG,2026-03-28T06:39:05+00:00,66412.4,66487.8,65901.0,0.0504,swing_high,0.0504,3,,blocked,0.0504,0,0.0956,76.0,662.62,20,4,BAD,missed_no_move_in_4h,absorption_reversal_long
BTC-USDT-SWAP-LONG-1774660665000-6,2026-03-28,LONG,2026-03-28T01:24:23+00:00,66236.3,66487.8,66063.6,0.1028,swing_low,0.1028,4,,blocked,0.1028,0,0.0973,64.0,490.62,14,5,BAD,missed_no_move_in_4h,retest_after_breakout_long
BTC-USDT-SWAP-SHORT-1774686604000-15,2026-03-28,SHORT,2026-03-28T08:33:04+00:00,66513.1,66542.0,65901.0,0.0949,hvn,0.0949,21,,blocked,0.0949,0,0.0966,55.0,1188.16,19,4,BAD,missed_no_move_in_4h,absorption_reversal_short
BTC-USDT-SWAP-LONG-1774690718000-16,2026-03-28,LONG,2026-03-28T09:42:47+00:00,66262.8,66542.0,65901.0,0.0561,hvn,0.0561,13,,blocked,0.0561,0,0.0982,61.0,724.4,14,4,BAD,missed_no_move_in_4h,absorption_reversal_long
BTC-USDT-SWAP-SHORT-1774672561000-12,2026-03-28,SHORT,2026-03-28T04:49:49+00:00,66241.1,66487.8,65901.0,0.062,hvn,0.062,18,,blocked,0.062,0,0.0967,75.0,664.13,18,4,BAD,missed_no_move_in_4h,absorption_reversal_short
BTC-USDT-SWAP-LONG-1774685109000-14,2026-03-28,LONG,2026-03-28T08:14:46+00:00,66457.5,66542.0,65901.0,0.1271,swing_high,0.1271,2,,blocked,0.1271,0,0.096,73.0,742.86,20,4,BAD,missed_no_move_in_4h,absorption_reversal_long
BTC-USDT-SWAP-LONG-1774660589000-5,2026-03-28,LONG,2026-03-28T01:24:23+00:00,66236.3,66487.8,66063.6,0.1028,swing_low,0.1028,4,,blocked,0.1028,0,0.0973,64.0,490.62,14,5,BAD,missed_no_move_in_4h,retest_after_breakout_long
BTC-USDT-SWAP-SHORT-1774663765000-9,2026-03-28,SHORT,2026-03-28T02:46:19+00:00,65973.3,66487.8,65901.0,0.0582,swing_low,0.0582,5,,blocked,0.0582,0,0.0974,76.0,666.83,13,5,BAD,missed_no_move_in_4h,retest_after_breakout_short
BTC-USDT-SWAP-LONG-1774706385000-19,2026-03-28,LONG,2026-03-28T14:04:09+00:00,66778.4,67147.3,65901.0,0.3318,hvn,0.3318,2,,blocked,0.3318,0,0.099,54.0,824.3,14,6,BAD,missed_no_move_in_4h,retest_after_breakout_long
BTC-USDT-SWAP-LONG-1774706252000-18,2026-03-28,LONG,2026-03-28T14:00:32+00:00,66777.6,67147.3,65901.0,0.333,hvn,0.333,2,,blocked,0.333,0,0.097,65.0,533.65,14,6,BAD,missed_no_move_in_4h,retest_after_breakout_long
BTC-USDT-SWAP-LONG-1774712731000-20,2026-03-28,LONG,2026-03-28T15:55:20+00:00,66985.7,67294.4,65901.0,0.4608,swing_high,0.4608,2,,blocked,0.4608,0,0.1,47.0,365.52,9,6,BAD,missed_no_move_in_4h,absorption_reversal_long
BTC-USDT-SWAP-LONG-1774716427000-21,2026-03-28,LONG,2026-03-28T16:50:54+00:00,66859.9,67294.4,65901.0,0.06,hvn,0.06,5,,blocked,0.06,0,0.0986,57.0,456.92,5,6,BAD,missed_no_move_in_4h,absorption_reversal_long
BTC-USDT-SWAP-SHORT-1774705080000-17,2026-03-28,SHORT,2026-03-28T14:09:51+00:00,66771.2,67147.3,65901.0,0.3433,swing_high,0.3433,24,,blocked,0.3433,0,0.097,65.0,1085.58,18,6,BAD,missed_no_move_in_4h,absorption_reversal_short
BTC-USDT-SWAP-LONG-1774735104000-22,2026-03-28,LONG,2026-03-28T22:14:47+00:00,66593.4,67294.4,65901.0,0.2602,swing_low,0.2602,23,,blocked,0.2602,0,0.0946,79.0,828.97,18,4,BAD,missed_no_move_in_4h,retest_after_breakout_long
BTC-USDT-SWAP-LONG-1774736087000-23,2026-03-28,LONG,2026-03-28T22:34:43+00:00,66735.9,67294.4,65901.0,0.0743,swing_low,0.0743,23,,blocked,0.0743,0,0.0964,75.0,393.65,19,4,BAD,missed_no_move_in_4h,absorption_reversal_long
BTC-USDT-SWAP-SHORT-1774742430000-1,2026-03-29,SHORT,2026-03-29T00:06:41+00:00,66404.7,66443.8,66326.4,0.0824,hvn,0.0824,2,,blocked,0.0824,0,0.0961,83.0,861.02,18,5,GOOD,covered_watch_early,absorption_reversal_short
BTC-USDT-SWAP-LONG-1774742870000-3,2026-03-29,LONG,2026-03-29T00:26:39+00:00,66316.9,66443.8,66249.0,0.1253,hvn,0.1253,24,,blocked,0.1253,0,0.0975,72.0,336.44,19,5,BAD,wrong_direction,absorption_reversal_long
BTC-USDT-SWAP-LONG-1774743999000-4,2026-03-29,LONG,2026-03-29T00:46:44+00:00,66375.4,66443.8,66249.0,0.1031,swing_high,0.1031,23,,blocked,0.1031,0,0.096,77.0,1000.07,20,4,BAD,wrong_direction,absorption_reversal_long
BTC-USDT-SWAP-SHORT-1774742801000-2,2026-03-29,SHORT,2026-03-29T00:11:14+00:00,66424.9,66443.8,66326.4,0.1128,hvn,0.1128,2,,blocked,0.1128,0,0.0928,112.0,861.8,17,5,GOOD,covered_watch_early,absorption_reversal_short
BTC-USDT-SWAP-LONG-1774753216000-9,2026-03-29,LONG,2026-03-29T03:04:26+00:00,66761.5,66825.7,66249.0,0.0833,swing_high,0.0833,12,,blocked,0.0833,0,0.1009,40.0,484.89,16,4,BAD,wrong_direction,absorption_reversal_long
BTC-USDT-SWAP-SHORT-1774746731000-5,2026-03-29,SHORT,2026-03-29T01:18:42+00:00,66508.3,66569.0,66249.0,0.0851,swing_high,0.0851,5,,blocked,0.0851,0,0.0985,57.0,875.3,21,4,GOOD,covered_watch_early,retest_after_breakout_short
BTC-USDT-SWAP-SHORT-1774750254000-6,2026-03-29,SHORT,2026-03-29T02:28:15+00:00,66642.0,66681.1,66249.0,0.1381,hvn,0.1381,11,,blocked,0.1381,0,0.0999,47.0,487.0,20,4,GOOD,covered_watch_early,absorption_reversal_short
BTC-USDT-SWAP-SHORT-1774751295000-7,2026-03-29,SHORT,2026-03-29T02:36:58+00:00,66550.8,66681.1,66249.0,0.1489,swing_high,0.1489,7,,blocked,0.1489,0,0.099,43.0,859.26,13,4,GOOD,covered_watch_early,absorption_reversal_short
BTC-USDT-SWAP-SHORT-1774757504000-12,2026-03-29,SHORT,2026-03-29T04:39:23+00:00,66763.3,67114.2,66249.0,0.0628,swing_low,0.0628,17,,blocked,0.0628,0,0.0981,45.0,856.63,19,5,MID,covered_mid,retest_after_breakout_short
BTC-USDT-SWAP-SHORT-1774760707000-14,2026-03-29,SHORT,2026-03-29T05:14:24+00:00,66657.1,67114.2,66249.0,0.0558,swing_high,0.0558,10,,blocked,0.0558,0,0.0992,52.0,945.23,16,5,MID,covered_mid,retest_after_breakout_short
BTC-USDT-SWAP-LONG-1774754966000-10,2026-03-29,LONG,2026-03-29T03:32:26+00:00,66952.2,67114.2,66249.0,0.242,session_high,0.242,1,,blocked,0.242,0,0.098,66.0,595.1,15,5,BAD,wrong_direction,absorption_reversal_long
BTC-USDT-SWAP-LONG-1774762457000-15,2026-03-29,LONG,2026-03-29T05:37:38+00:00,66609.1,67114.2,66249.0,0.0614,hvn,0.0614,11,,blocked,0.0614,0,0.0996,50.0,680.8,17,5,BAD,wrong_direction,retest_after_breakout_long
BTC-USDT-SWAP-LONG-1774760584000-13,2026-03-29,LONG,2026-03-29T05:10:08+00:00,66685.4,67114.2,66249.0,0.0819,swing_low,0.0819,7,,blocked,0.0819,0,0.0981,61.0,476.68,10,5,BAD,wrong_direction,absorption_reversal_long
BTC-USDT-SWAP-SHORT-1774763331000-16,2026-03-29,SHORT,2026-03-29T05:58:13+00:00,66759.5,67114.2,66249.0,0.0559,swing_low,0.0559,9,,blocked,0.0559,0,0.0962,61.0,1510.23,7,5,MID,covered_mid,absorption_reversal_short
BTC-USDT-SWAP-LONG-1774755666000-11,2026-03-29,LONG,2026-03-29T03:56:25+00:00,66877.0,67114.2,66249.0,0.1503,swing_high,0.1503,2,,blocked,0.1503,0,0.0985,54.0,615.91,13,5,BAD,wrong_direction,absorption_reversal_long
BTC-USDT-SWAP-SHORT-1774768706000-17,2026-03-29,SHORT,2026-03-29T07:34:57+00:00,66608.5,67114.2,66249.0,0.0878,hvn,0.0878,4,,blocked,0.0878,0,0.0976,57.0,858.16,10,5,MID,covered_mid,absorption_reversal_short
BTC-USDT-SWAP-SHORT-1774779062000-19,2026-03-29,SHORT,2026-03-29T10:14:02+00:00,66474.9,67114.2,66249.0,0.3398,session_low,0.3398,1,,blocked,0.3398,0,0.099,51.0,737.85,17,4,MID,covered_mid,retest_after_breakout_short
BTC-USDT-SWAP-LONG-1774777150000-18,2026-03-29,LONG,2026-03-29T09:43:58+00:00,66556.6,67114.2,66249.0,0.0652,hvn,0.0652,20,,blocked,0.0652,0,0.1006,53.0,888.54,18,4,BAD,wrong_direction,absorption_reversal_long
BTC-USDT-SWAP-LONG-1774780706000-20,2026-03-29,LONG,2026-03-29T10:52:43+00:00,66522.6,67114.2,66249.0,0.0726,swing_low,0.0726,15,,blocked,0.0726,0,0.0979,53.0,334.4,10,4,BAD,wrong_direction,absorption_reversal_long
BTC-USDT-SWAP-LONG-1774783251000-21,2026-03-29,LONG,2026-03-29T11:23:51+00:00,66743.9,67114.2,66249.0,0.0787,swing_high,0.0787,3,,blocked,0.0787,0,0.0971,55.0,1001.43,11,4,BAD,wrong_direction,absorption_reversal_long
BTC-USDT-SWAP-SHORT-1774752923000-8,2026-03-29,SHORT,2026-03-29T02:58:23+00:00,66735.0,66825.7,66249.0,0.0595,swing_low,0.0595,16,,blocked,0.0595,0,0.1007,41.0,691.64,21,4,GOOD,covered_watch_early,absorption_reversal_short
BTC-USDT-SWAP-LONG-1774784312000-22,2026-03-29,LONG,2026-03-29T11:54:31+00:00,66809.5,67114.2,66249.0,0.4561,session_high,0.4561,1,,blocked,0.4561,0,0.0959,62.0,1228.54,12,4,BAD,wrong_direction,absorption_reversal_long
BTC-USDT-SWAP-SHORT-1774805237000-23,2026-03-29,SHORT,2026-03-29T17:31:28+00:00,66213.2,67114.2,66123.0,0.1362,session_low,0.1362,1,,blocked,0.1362,0,0.0954,74.0,996.67,6,5,BAD,covered_late,absorption_reversal_short
BTC-USDT-SWAP-SHORT-1774826131000-24,2026-03-29,SHORT,2026-03-29T23:32:21+00:00,65929.3,67114.2,64930.8,0.1961,hvn,0.1961,3,,blocked,0.1961,0,0.1017,44.0,359.62,7,9,BAD,missed_no_move_in_4h,retest_after_breakout_short
BTC-USDT-SWAP-LONG-1774829268000-2,2026-03-30,LONG,2026-03-30T00:10:48+00:00,65860.5,66049.6,65762.0,0.1359,hvn,0.1359,13,,blocked,0.1359,0,0.1002,45.0,450.85,5,9,GOOD,covered_watch_early,absorption_reversal_long
BTC-USDT-SWAP-LONG-1774829318000-3,2026-03-30,LONG,2026-03-30T00:11:52+00:00,65848.4,66049.6,65762.0,0.1543,hvn,0.1543,13,,blocked,0.1543,0,0.1014,35.0,326.14,6,9,GOOD,covered_watch_early,retest_after_breakout_long
BTC-USDT-SWAP-LONG-1774829392000-4,2026-03-30,LONG,2026-03-30T00:13:57+00:00,65850.0,66049.6,65762.0,0.1519,hvn,0.1519,12,,blocked,0.1519,0,0.1014,39.0,351.46,5,9,GOOD,covered_watch_early,retest_after_breakout_long
BTC-USDT-SWAP-LONG-1774836861000-8,2026-03-30,LONG,2026-03-30T02:25:03+00:00,66706.8,67036.9,65762.0,0.4949,session_high,0.4949,1,,blocked,0.4949,0,0.1013,50.0,222.92,5,10,MID,covered_mid,absorption_reversal_long
BTC-USDT-SWAP-LONG-1774836898000-9,2026-03-30,LONG,2026-03-30T02:25:03+00:00,66706.8,67036.9,65762.0,0.4949,session_high,0.4949,1,,blocked,0.4949,0,0.1013,50.0,222.92,5,10,MID,covered_mid,absorption_reversal_long
BTC-USDT-SWAP-LONG-1774834220000-6,2026-03-30,LONG,2026-03-30T01:33:20+00:00,66561.6,67036.9,65762.0,0.0577,hvn,0.0577,5,,blocked,0.0577,0,0.0872,69.0,19063.11,10,10,MID,covered_mid,absorption_reversal_long
BTC-USDT-SWAP-LONG-1774834280000-7,2026-03-30,LONG,2026-03-30T01:34:20+00:00,66575.0,67036.9,65762.0,0.0676,swing_low,0.0676,4,,blocked,0.0676,0,0.0881,46.0,19063.12,10,10,MID,covered_mid,absorption_reversal_long
BTC-USDT-SWAP-SHORT-1774830283000-5,2026-03-30,SHORT,2026-03-30T00:43:45+00:00,66266.0,67036.9,65762.0,0.0996,hvn,0.0996,5,,blocked,0.0996,0,0.0949,66.0,1438.42,7,10,BAD,wrong_direction,absorption_reversal_short
BTC-USDT-SWAP-SHORT-1774828839000-1,2026-03-30,SHORT,2026-03-30T00:24:43+00:00,66569.8,67036.9,65762.0,0.184,swing_high,0.184,13,,blocked,0.184,0,0.1033,23.0,1001.92,7,10,BAD,wrong_direction,absorption_reversal_short
BTC-USDT-SWAP-LONG-1774840912000-11,2026-03-30,LONG,2026-03-30T03:31:42+00:00,67200.0,67496.2,65762.0,0.4408,session_high,0.4408,1,,blocked,0.4408,0,0.0998,51.0,237.22,9,11,MID,covered_mid,absorption_reversal_long
BTC-USDT-SWAP-LONG-1774841502000-12,2026-03-30,LONG,2026-03-30T03:35:04+00:00,67217.4,67496.2,65762.0,0.4148,session_high,0.4148,1,,blocked,0.4148,0,0.1003,48.0,847.32,3,11,MID,covered_mid,absorption_reversal_long
BTC-USDT-SWAP-SHORT-1774842906000-13,2026-03-30,SHORT,2026-03-30T03:58:06+00:00,67116.0,67496.2,65762.0,0.5751,swing_high,0.5751,15,65762.0,session_low,2.0174,1,0.0938,61.0,2308.37,7,11,BAD,wrong_direction,absorption_reversal_short
BTC-USDT-SWAP-LONG-1774843669000-14,2026-03-30,LONG,2026-03-30T04:12:27+00:00,67380.1,67496.2,65762.0,0.1723,session_high,0.1723,1,,blocked,0.1723,0,0.0994,58.0,298.82,2,11,MID,covered_mid,absorption_reversal_long
BTC-USDT-SWAP-SHORT-1774840595000-10,2026-03-30,SHORT,2026-03-30T03:55:06+00:00,67163.4,67496.2,65762.0,0.0944,swing_low,0.0944,19,65800.0,hvn,2.03,1,0.0984,43.0,1305.65,11,11,BAD,wrong_direction,absorption_reversal_short
BTC-USDT-SWAP-LONG-1774846274000-16,2026-03-30,LONG,2026-03-30T05:08:43+00:00,67622.0,67725.0,65762.0,0.1523,session_high,0.1523,1,,blocked,0.1523,0,0.0986,53.0,2034.06,3,12,MID,covered_mid,absorption_reversal_long
BTC-USDT-SWAP-SHORT-1774846621000-17,2026-03-30,SHORT,2026-03-30T05:00:06+00:00,67588.1,67643.3,65762.0,0.2783,hvn,0.2783,14,66000.0,hvn,2.3497,1,0.0945,81.0,1328.73,5,12,BAD,wrong_direction,retest_after_breakout_short
BTC-USDT-SWAP-SHORT-1774846778000-18,2026-03-30,SHORT,2026-03-30T05:03:54+00:00,67581.9,67725.0,65762.0,0.14,swing_high,0.14,15,66000.0,hvn,2.3407,1,0.0964,67.0,1269.14,6,12,BAD,wrong_direction,absorption_reversal_short
BTC-USDT-SWAP-SHORT-1774844011000-15,2026-03-30,SHORT,2026-03-30T04:24:44+00:00,67349.2,67499.9,65762.0,0.2215,hvn,0.2215,13,66000.0,hvn,2.0033,1,0.096,70.0,1294.62,6,12,BAD,wrong_direction,absorption_reversal_short
BTC-USDT-SWAP-LONG-1774847323000-19,2026-03-30,LONG,2026-03-30T05:24:11+00:00,67646.0,67788.0,65762.0,0.2099,session_high,0.2099,1,,blocked,0.2099,0,0.102,45.0,563.45,10,13,MID,covered_mid,absorption_reversal_long
BTC-USDT-SWAP-SHORT-1774852538000-20,2026-03-30,SHORT,2026-03-30T06:39:57+00:00,67278.7,67788.0,65762.0,0.117,hvn,0.117,10,65800.0,hvn,2.1979,1,0.0966,66.0,981.21,7,13,BAD,wrong_direction,absorption_reversal_short
BTC-USDT-SWAP-LONG-1774858984000-22,2026-03-30,LONG,2026-03-30T08:31:13+00:00,67733.4,67891.5,65762.0,0.2334,session_high,0.2334,1,,blocked,0.2334,0,0.0968,60.0,1671.96,7,9,BAD,covered_late,absorption_reversal_long
BTC-USDT-SWAP-LONG-1774872672000-23,2026-03-30,LONG,2026-03-30T12:14:12+00:00,67824.0,67985.0,65762.0,0.2374,session_high,0.2374,1,,blocked,0.2374,0,0.0968,67.0,468.09,7,4,BAD,covered_late,absorption_reversal_long
BTC-USDT-SWAP-LONG-1774873140000-24,2026-03-30,LONG,2026-03-30T12:22:00+00:00,67888.0,67985.0,65762.0,0.1429,session_high,0.1429,1,,blocked,0.1429,0,0.0971,63.0,1546.96,9,4,BAD,covered_late,retest_after_breakout_long
BTC-USDT-SWAP-SHORT-1774874303000-25,2026-03-30,SHORT,2026-03-30T12:41:23+00:00,67824.8,67985.0,65762.0,0.0543,swing_high,0.0543,11,65762.0,session_low,3.0414,1,0.0954,68.0,1506.86,8,4,BAD,wrong_direction,retest_after_breakout_short
BTC-USDT-SWAP-SHORT-1774858134000-21,2026-03-30,SHORT,2026-03-30T08:28:08+00:00,67733.9,67891.5,65762.0,0.0678,swing_high,0.0678,20,65762.0,session_low,2.9112,1,0.0986,60.0,1020.83,11,9,BAD,wrong_direction,retest_after_breakout_short
BTC-USDT-SWAP-LONG-1774878475000-26,2026-03-30,LONG,2026-03-30T13:53:10+00:00,67728.4,68198.9,65762.0,0.1057,swing_low,0.1057,8,,blocked,0.1057,0,0.0983,54.0,1516.89,15,5,BAD,missed_no_move_in_4h,retest_after_breakout_long
BTC-USDT-SWAP-LONG-1774882904000-27,2026-03-30,LONG,2026-03-30T15:05:00+00:00,67791.9,68198.9,65762.0,0.0857,hvn,0.0857,4,,blocked,0.0857,0,0.0979,59.0,638.71,10,6,BAD,missed_no_move_in_4h,absorption_reversal_long
BTC-USDT-SWAP-SHORT-1774891237000-28,2026-03-30,SHORT,2026-03-30T17:35:27+00:00,66772.8,68198.9,65762.0,1.5138,session_low,1.5138,1,,blocked,1.5138,0,0.0963,86.0,987.99,5,7,BAD,missed_no_move_in_4h,absorption_reversal_short
BTC-USDT-SWAP-SHORT-1774897033000-31,2026-03-30,SHORT,2026-03-30T19:03:38+00:00,66536.2,68198.9,65762.0,1.1636,session_low,1.1636,1,,blocked,1.1636,0,0.0987,52.0,992.55,8,8,BAD,missed_no_move_in_4h,absorption_reversal_short
BTC-USDT-SWAP-SHORT-1774896600000-30,2026-03-30,SHORT,2026-03-30T18:57:13+00:00,66561.0,68198.9,65762.0,1.2004,session_low,1.2004,1,,blocked,1.2004,0,0.0977,63.0,1288.29,7,8,BAD,missed_no_move_in_4h,absorption_reversal_short
BTC-USDT-SWAP-LONG-1774891865000-29,2026-03-30,LONG,2026-03-30T17:53:21+00:00,66824.9,68198.9,65762.0,0.549,swing_low,0.549,20,68198.9,session_high,2.0561,1,0.0947,81.0,987.13,13,7,BAD,missed_no_move_in_4h,absorption_reversal_long
BTC-USDT-SWAP-SHORT-1774898653000-35,2026-03-30,SHORT,2026-03-30T19:27:13+00:00,66315.9,68198.9,65762.0,0.8352,session_low,0.8352,1,,blocked,0.8352,0,0.0986,49.0,1033.62,6,9,BAD,missed_no_move_in_4h,retest_after_breakout_short
BTC-USDT-SWAP-LONG-1774900481000-36,2026-03-30,LONG,2026-03-30T20:04:18+00:00,66510.2,68198.9,65762.0,0.2854,hvn,0.2854,12,67850.0,hvn,2.0144,1,0.0968,66.0,1173.85,6,9,BAD,missed_no_move_in_4h,absorption_reversal_long
BTC-USDT-SWAP-SHORT-1774898345000-34,2026-03-30,SHORT,2026-03-30T19:24:13+00:00,66290.1,68198.9,65762.0,0.7966,session_low,0.7966,1,,blocked,0.7966,0,0.1017,38.0,302.45,7,9,BAD,missed_no_move_in_4h,retest_after_breakout_short
BTC-USDT-SWAP-LONG-1774906773000-38,2026-03-30,LONG,2026-03-30T21:50:48+00:00,66880.0,68198.9,65762.0,0.628,swing_low,0.628,8,,blocked,0.628,0,0.0991,39.0,1283.18,7,8,BAD,missed_no_move_in_4h,absorption_reversal_long
BTC-USDT-SWAP-LONG-1774898021000-32,2026-03-30,LONG,2026-03-30T19:40:06+00:00,66331.1,68198.9,65762.0,0.5561,hvn,0.5561,6,67669.2,swing_low,2.0173,1,0.1001,41.0,995.52,6,9,BAD,missed_no_move_in_4h,absorption_reversal_long
BTC-USDT-SWAP-LONG-1774898078000-33,2026-03-30,LONG,2026-03-30T19:40:06+00:00,66331.1,68198.9,65762.0,0.5561,hvn,0.5561,6,67669.2,swing_low,2.0173,1,0.1001,41.0,995.52,6,9,BAD,missed_no_move_in_4h,absorption_reversal_long
BTC-USDT-SWAP-SHORT-1774900746000-37,2026-03-30,SHORT,2026-03-30T20:25:38+00:00,66614.8,68198.9,65762.0,0.3397,swing_high,0.3397,2,,blocked,0.3397,0,0.0973,54.0,1001.79,8,9,BAD,missed_no_move_in_4h,absorption_reversal_short
BTC-USDT-SWAP-LONG-1774915354000-1,2026-03-31,LONG,2026-03-31T00:05:34+00:00,66728.1,66796.0,66673.2,0.0857,swing_low,0.0857,5,,blocked,0.0857,0,0.0947,81.0,823.84,10,6,GOOD,covered_watch_early,absorption_reversal_long
BTC-USDT-SWAP-LONG-1774916501000-3,2026-03-31,LONG,2026-03-31T00:44:02+00:00,66849.9,66927.7,66510.0,0.07,swing_high,0.07,4,,blocked,0.07,0,0.1002,47.0,406.88,10,6,GOOD,covered_watch_early,absorption_reversal_long
BTC-USDT-SWAP-SHORT-1774916222000-2,2026-03-31,SHORT,2026-03-31T00:32:10+00:00,66738.5,66826.7,66510.0,0.0577,hvn,0.0577,11,,blocked,0.0577,0,0.0957,68.0,1284.5,8,6,GOOD,covered_watch_early,absorption_reversal_short
BTC-USDT-SWAP-SHORT-1774917130000-4,2026-03-31,SHORT,2026-03-31T00:36:03+00:00,66817.8,66836.3,66510.0,0.1015,hvn,0.1015,11,,blocked,0.1015,0,0.0943,83.0,988.33,6,6,GOOD,covered_watch_early,retest_after_breakout_short
BTC-USDT-SWAP-LONG-1774917842000-5,2026-03-31,LONG,2026-03-31T01:31:44+00:00,67799.7,67888.0,66510.0,0.1302,session_high,0.1302,1,,blocked,0.1302,0,0.0977,65.0,527.64,9,8,BAD,covered_late,retest_after_breakout_long
BTC-USDT-SWAP-SHORT-1774918719000-6,2026-03-31,SHORT,2026-03-31T01:29:06+00:00,67717.9,67888.0,66510.0,1.2816,hvn,1.2816,18,,blocked,1.2816,0,0.0929,87.0,974.87,9,8,GOOD,covered_watch_early,absorption_reversal_short
BTC-USDT-SWAP-SHORT-1774922015000-9,2026-03-31,SHORT,2026-03-31T01:57:17+00:00,67962.6,68388.9,66510.0,1.6371,hvn,1.6371,8,66600.0,hvn,2.0049,1,0.0983,63.0,284.2,4,10,MID,covered_mid,absorption_reversal_short
BTC-USDT-SWAP-SHORT-1774928879000-10,2026-03-31,SHORT,2026-03-31T04:25:16+00:00,67735.9,68388.9,66510.0,0.053,hvn,0.053,9,,blocked,0.053,0,0.0992,50.0,974.5,7,9,MID,covered_mid,absorption_reversal_short
BTC-USDT-SWAP-LONG-1774920704000-8,2026-03-31,LONG,2026-03-31T01:48:24+00:00,67890.3,68388.9,66510.0,0.5298,hvn,0.5298,2,,blocked,0.5298,0,0.0992,56.0,1621.6,9,10,BAD,wrong_direction,retest_after_breakout_long
BTC-USDT-SWAP-SHORT-1774933202000-11,2026-03-31,SHORT,2026-03-31T05:08:36+00:00,67503.6,68388.9,66510.0,1.0423,hvn,1.0423,6,,blocked,1.0423,0,0.097,60.0,978.63,6,9,MID,covered_mid,absorption_reversal_short
BTC-USDT-SWAP-SHORT-1774933245000-12,2026-03-31,SHORT,2026-03-31T05:08:36+00:00,67503.6,68388.9,66510.0,1.0423,hvn,1.0423,6,,blocked,1.0423,0,0.097,60.0,978.63,6,9,MID,covered_mid,absorption_reversal_short
BTC-USDT-SWAP-SHORT-1774938806000-13,2026-03-31,SHORT,2026-03-31T06:38:54+00:00,67351.4,68388.9,66510.0,1.0747,swing_low,1.0747,2,,blocked,1.0747,0,0.0948,61.0,1275.11,7,9,BAD,covered_late,retest_after_breakout_short
BTC-USDT-SWAP-SHORT-1774943101000-15,2026-03-31,SHORT,2026-03-31T07:50:44+00:00,67324.9,68388.9,66510.0,1.2104,session_low,1.2104,1,,blocked,1.2104,0,0.0986,48.0,1000.1,3,9,BAD,covered_late,absorption_reversal_short
BTC-USDT-SWAP-SHORT-1774942358000-14,2026-03-31,SHORT,2026-03-31T07:45:01+00:00,67301.7,68388.9,66510.0,1.1763,session_low,1.1763,1,,blocked,1.1763,0,0.0975,52.0,1034.4,7,9,BAD,covered_late,absorption_reversal_short
BTC-USDT-SWAP-SHORT-1774920546000-7,2026-03-31,SHORT,2026-03-31T01:53:35+00:00,67920.5,68388.9,66510.0,1.404,swing_high,1.404,15,66550.0,hvn,2.0178,1,0.0986,55.0,971.76,9,10,MID,covered_mid,absorption_reversal_short
BTC-USDT-SWAP-SHORT-1774947138000-18,2026-03-31,SHORT,2026-03-31T09:08:09+00:00,66740.0,68388.9,66510.0,0.3446,session_low,0.3446,1,,blocked,0.3446,0,0.0959,64.0,990.52,3,8,BAD,covered_late,retest_after_breakout_short
BTC-USDT-SWAP-SHORT-1774946279000-16,2026-03-31,SHORT,2026-03-31T08:52:18+00:00,66793.5,68388.9,66510.0,0.4244,session_low,0.4244,1,,blocked,0.4244,0,0.0949,55.0,1002.29,9,8,BAD,covered_late,retest_after_breakout_short
BTC-USDT-SWAP-SHORT-1774946349000-17,2026-03-31,SHORT,2026-03-31T08:52:18+00:00,66793.5,68388.9,66510.0,0.4244,session_low,0.4244,1,,blocked,0.4244,0,0.0949,55.0,1002.29,9,8,BAD,covered_late,retest_after_breakout_short
BTC-USDT-SWAP-SHORT-1774948614000-19,2026-03-31,SHORT,2026-03-31T09:31:32+00:00,66404.9,68388.9,66300.0,0.158,session_low,0.158,1,,blocked,0.158,0,0.0952,84.0,993.64,6,10,BAD,covered_late,retest_after_breakout_short
BTC-USDT-SWAP-SHORT-1774948669000-20,2026-03-31,SHORT,2026-03-31T09:31:32+00:00,66404.9,68388.9,66300.0,0.158,session_low,0.158,1,,blocked,0.158,0,0.0952,84.0,993.64,6,10,BAD,covered_late,retest_after_breakout_short
BTC-USDT-SWAP-LONG-1774948954000-21,2026-03-31,LONG,2026-03-31T09:52:43+00:00,66355.8,68388.9,66300.0,0.0666,hvn,0.0666,11,67700.0,hvn,2.0257,1,0.0952,83.0,805.87,4,9,GOOD,covered_watch_early,absorption_reversal_long
BTC-USDT-SWAP-SHORT-1774951968000-23,2026-03-31,SHORT,2026-03-31T10:19:46+00:00,66344.6,68388.9,65946.0,0.6008,session_low,0.6008,1,,blocked,0.6008,0,0.0984,56.0,434.95,7,10,GOOD,covered_watch_early,absorption_reversal_short
BTC-USDT-SWAP-LONG-1774950763000-22,2026-03-31,LONG,2026-03-31T10:22:55+00:00,66370.0,68388.9,65946.0,0.4219,hvn,0.4219,14,67700.0,hvn,2.0039,1,0.0959,60.0,639.79,8,10,MID,covered_mid,retest_after_breakout_long
BTC-USDT-SWAP-LONG-1774977794000-24,2026-03-31,LONG,2026-03-31T17:32:23+00:00,68084.4,68575.1,65946.0,0.7207,session_high,0.7207,1,,blocked,0.7207,0,0.0984,55.0,980.36,2,12,BAD,missed_no_move_in_4h,absorption_reversal_long
BTC-USDT-SWAP-LONG-1774983035000-25,2026-03-31,LONG,2026-03-31T18:54:19+00:00,67810.6,68575.1,65946.0,1.1274,session_high,1.1274,1,,blocked,1.1274,0,0.0997,49.0,974.56,3,11,BAD,missed_no_move_in_4h,absorption_reversal_long
BTC-USDT-SWAP-LONG-1774984071000-26,2026-03-31,LONG,2026-03-31T19:13:13+00:00,67921.5,68575.1,65946.0,0.9623,session_high,0.9623,1,,blocked,0.9623,0,0.0975,76.0,824.42,6,10,BAD,missed_no_move_in_4h,absorption_reversal_long
BTC-USDT-SWAP-LONG-1774988188000-27,2026-03-31,LONG,2026-03-31T20:26:57+00:00,67950.8,68575.1,65946.0,0.9188,session_high,0.9188,1,,blocked,0.9188,0,0.0978,71.0,1142.74,2,10,BAD,missed_no_move_in_4h,absorption_reversal_long
BTC-USDT-SWAP-LONG-1774990827000-28,2026-03-31,LONG,2026-03-31T21:06:45+00:00,68087.9,68575.1,65946.0,0.2175,swing_high,0.2175,3,,blocked,0.2175,0,0.1003,55.0,352.68,7,10,BAD,missed_no_move_in_4h,absorption_reversal_long
