date,zone_id,direction,stage_max,confidence,evidence_count,confirmed_iso,trigger_iso,zone_low,zone_high,engine_class,filter_kept,summary
2026-03-16,BTC-USDT-SWAP-LONG-1773619553000-1,LONG,confirmed,MID,4,2026-03-16T00:09:04+00:00,,72849.107225,72937.45,invalidated_or_expired,,LONG because absorb score 0.612 (bid absorbed sells); range compression observed; 79 defense cycles seen; zone defended for 191 s
2026-03-16,BTC-USDT-SWAP-SHORT-1773620946000-4,SHORT,trigger,HIGH,7,2026-03-16T00:47:37+00:00,2026-03-16T01:05:02+00:00,72415.05,72654.05,failed_triggered,True,SHORT because absorb score 0.605 (ask absorbed buys); range compression observed; 21 defense cycles seen; zone defended for 1111 s; OFI score -0.208 (sell-side); trigger flow multiplier 2.32x; break 0.066% below zone
2026-03-16,BTC-USDT-SWAP-SHORT-1773623053000-5,SHORT,confirmed,HIGH,5,2026-03-16T01:11:28+00:00,,72331.65,72449.95,invalidated_or_expired,,SHORT because absorb score 0.630 (ask absorbed buys); range compression observed; 15 defense cycles seen; zone defended for 435 s; OFI score -0.085 (sell-side)
2026-03-16,BTC-USDT-SWAP-SHORT-1773626785000-7,SHORT,trigger,HIGH,8,2026-03-16T02:09:25+00:00,2026-03-16T02:27:51+00:00,72679.492075,72780.75,failed_triggered,True,SHORT because aggressive buying pressure 0.653 (absorbed); absorb score 0.718 (ask absorbed buys); range compression observed; 76 defense cycles seen; zone defended for 180 s; OFI score -0.218 (sell-side); trigger flow multiplier 1.40x; break 0.452% below zone
2026-03-16,BTC-USDT-SWAP-SHORT-1773628369000-8,SHORT,confirmed,HIGH,5,2026-03-16T02:35:49+00:00,,72310.676575,72383.023425,invalidated_or_expired,,SHORT because absorb score 0.610 (ask absorbed buys); range compression observed; 131 defense cycles seen; zone defended for 180 s; OFI score -0.168 (sell-side)
2026-03-16,BTC-USDT-SWAP-LONG-1773620182000-2,LONG,trigger,HIGH,8,2026-03-16T00:37:27+00:00,2026-03-16T03:30:42+00:00,72463.15,72829.95,primary_unique_reached_move,False,LONG because aggressive selling pressure 0.636 (absorbed); absorb score 0.700 (bid absorbed sells); range compression observed; 28 defense cycles seen; zone defended for 1265 s; OFI score 0.209 (buy-side); trigger flow multiplier 1.95x; break 0.206% above zone
2026-03-16,BTC-USDT-SWAP-LONG-1773620204000-3,LONG,trigger,HIGH,8,2026-03-16T00:37:27+00:00,2026-03-16T03:30:42+00:00,72463.15,72836.34997499999,duplicate_reached_move,False,LONG because aggressive selling pressure 0.604 (absorbed); absorb score 0.665 (bid absorbed sells); range compression observed; 6 defense cycles seen; zone defended for 1243 s; OFI score 0.196 (buy-side); trigger flow multiplier 2.04x; break 0.197% above zone
2026-03-16,BTC-USDT-SWAP-LONG-1773623888000-6,LONG,trigger,HIGH,7,2026-03-16T01:57:01+00:00,2026-03-16T03:30:42+00:00,72290.686575,72824.95,duplicate_reached_move,False,LONG because absorb score 0.635 (bid absorbed sells); range compression observed; 6 defense cycles seen; zone defended for 2333 s; OFI score -0.125 (WARNING: sell-side); trigger flow multiplier 1.53x; break 0.213% above zone
2026-03-16,BTC-USDT-SWAP-SHORT-1773633161000-9,SHORT,confirmed,HIGH,5,2026-03-16T04:01:50+00:00,,73539.15,73738.75,invalidated_or_expired,,SHORT because absorb score 0.626 (ask absorbed buys); range compression observed; 12 defense cycles seen; zone defended for 549 s; OFI score 0.085 (WARNING: buy-side)
2026-03-16,BTC-USDT-SWAP-SHORT-1773634922000-11,SHORT,confirmed,HIGH,5,2026-03-16T04:30:03+00:00,,73562.65,74035.05,invalidated_or_expired,,SHORT because absorb score 0.615 (ask absorbed buys); range compression observed; 10 defense cycles seen; zone defended for 481 s; OFI score 0.153 (WARNING: buy-side)
2026-03-16,BTC-USDT-SWAP-SHORT-1773638712000-12,SHORT,trigger,HIGH,6,2026-03-16T05:29:00+00:00,2026-03-16T06:07:20+00:00,73848.90707500001,73942.95,failed_triggered,True,SHORT because absorb score 0.635 (ask absorbed buys); range compression observed; 29 defense cycles seen; zone defended for 228 s; trigger flow multiplier 1.55x; break 0.051% below zone
2026-03-16,BTC-USDT-SWAP-SHORT-1773639024000-13,SHORT,trigger,HIGH,7,2026-03-16T05:33:32+00:00,2026-03-16T06:12:23+00:00,73688.05,73866.965025,failed_triggered,False,SHORT because absorb score 0.607 (ask absorbed buys); range compression observed; 97 defense cycles seen; zone defended for 188 s; OFI score -0.286 (sell-side); trigger flow multiplier 3.72x; break 0.052% below zone
2026-03-16,BTC-USDT-SWAP-SHORT-1773640454000-15,SHORT,trigger,HIGH,7,2026-03-16T06:01:26+00:00,2026-03-16T06:12:32+00:00,73962.15,74221.35,failed_triggered,False,SHORT because absorb score 0.613 (ask absorbed buys); range compression observed; 14 defense cycles seen; zone defended for 432 s; OFI score -0.158 (sell-side); trigger flow multiplier 1.61x; break 0.496% below zone
2026-03-16,BTC-USDT-SWAP-SHORT-1773640886000-16,SHORT,trigger,HIGH,7,2026-03-16T06:20:42+00:00,2026-03-16T07:41:10+00:00,73572.45,74158.810875,failed_triggered,False,SHORT because aggressive buying pressure 0.622 (absorbed); absorb score 0.684 (ask absorbed buys); range compression observed; 68 defense cycles seen; zone defended for 1156 s; trigger flow multiplier 1.41x; break 0.077% below zone
2026-03-16,BTC-USDT-SWAP-LONG-1773641764000-17,LONG,confirmed,HIGH,5,2026-03-16T06:45:49+00:00,,73660.05,73827.95,invalidated_or_expired,,LONG because absorb score 0.629 (bid absorbed sells); range compression observed; 69 defense cycles seen; zone defended for 1785 s; OFI score 0.061 (buy-side)
2026-03-16,BTC-USDT-SWAP-SHORT-1773647103000-18,SHORT,trigger,HIGH,8,2026-03-16T07:59:28+00:00,2026-03-16T08:31:28+00:00,73352.05,73499.95,failed_triggered,False,SHORT because aggressive buying pressure 0.612 (absorbed); absorb score 0.673 (ask absorbed buys); range compression observed; 46 defense cycles seen; zone defended for 865 s; OFI score 0.385 (WARNING: buy-side); trigger flow multiplier 1.40x; break 0.109% below zone
2026-03-16,BTC-USDT-SWAP-LONG-1773640084000-14,LONG,confirmed,MID,4,2026-03-16T06:16:04+00:00,,73572.45,74221.35,invalidated_or_expired,,LONG because absorb score 0.614 (bid absorbed sells); range compression observed; 17 defense cycles seen; zone defended for 1680 s
2026-03-16,BTC-USDT-SWAP-LONG-1773647666000-19,LONG,confirmed,HIGH,6,2026-03-16T08:20:09+00:00,,73350.05,73737.95,invalidated_or_expired,,LONG because aggressive selling pressure 0.691 (absorbed); absorb score 0.760 (bid absorbed sells); range compression observed; 144 defense cycles seen; zone defended for 1543 s; OFI score 0.098 (buy-side)
2026-03-16,BTC-USDT-SWAP-LONG-1773647793000-20,LONG,confirmed,HIGH,6,2026-03-16T08:20:09+00:00,,73350.05,73737.95,invalidated_or_expired,,LONG because aggressive selling pressure 0.666 (absorbed); absorb score 0.733 (bid absorbed sells); range compression observed; 23 defense cycles seen; zone defended for 1416 s; OFI score 0.054 (buy-side)
2026-03-16,BTC-USDT-SWAP-LONG-1773655882000-26,LONG,trigger,HIGH,8,2026-03-16T10:16:13+00:00,2026-03-16T10:50:18+00:00,73288.85,73369.616475,failed_triggered,True,LONG because aggressive selling pressure 0.622 (absorbed); absorb score 0.685 (bid absorbed sells); range compression observed; 156 defense cycles seen; zone defended for 291 s; OFI score 0.141 (buy-side); trigger flow multiplier 1.79x; break 0.149% above zone
2026-03-16,BTC-USDT-SWAP-LONG-1773656977000-27,LONG,trigger,HIGH,6,2026-03-16T10:40:06+00:00,2026-03-16T10:50:18+00:00,73170.95,73438.650975,failed_triggered,True,LONG because absorb score 0.607 (bid absorbed sells); range compression observed; 10 defense cycles seen; zone defended for 629 s; trigger flow multiplier 3.12x; break 0.054% above zone
2026-03-16,BTC-USDT-SWAP-SHORT-1773651038000-24,SHORT,confirmed,HIGH,6,2026-03-16T08:58:31+00:00,,72883.25,73171.05,invalidated_or_expired,,SHORT because aggressive buying pressure 0.634 (absorbed); absorb score 0.697 (ask absorbed buys); range compression observed; 43 defense cycles seen; zone defended for 473 s; OFI score -0.180 (sell-side)
2026-03-16,BTC-USDT-SWAP-SHORT-1773650318000-21,SHORT,confirmed,HIGH,5,2026-03-16T08:50:38+00:00,,72857.85,73296.179775,invalidated_or_expired,,SHORT because absorb score 0.607 (ask absorbed buys); range compression observed; 19 defense cycles seen; zone defended for 720 s; OFI score 0.065 (WARNING: buy-side)
2026-03-16,BTC-USDT-SWAP-LONG-1773650421000-22,LONG,trigger,HIGH,7,2026-03-16T08:46:30+00:00,2026-03-16T10:56:14+00:00,72857.85,73267.065225,failed_triggered,False,LONG because absorb score 0.641 (bid absorbed sells); range compression observed; 4 defense cycles seen; zone defended for 369 s; OFI score 0.108 (buy-side); trigger flow multiplier 1.40x; break 0.526% above zone
2026-03-16,BTC-USDT-SWAP-LONG-1773660808000-30,LONG,trigger,HIGH,8,2026-03-16T11:45:00+00:00,2026-03-16T12:04:25+00:00,73491.086075,73627.95,failed_triggered,True,LONG because aggressive selling pressure 0.664 (absorbed); absorb score 0.731 (bid absorbed sells); range compression observed; 114 defense cycles seen; zone defended for 692 s; OFI score 0.104 (buy-side); trigger flow multiplier 1.44x; break 0.081% above zone
2026-03-16,BTC-USDT-SWAP-SHORT-1773660536000-29,SHORT,trigger,HIGH,7,2026-03-16T11:38:29+00:00,2026-03-16T12:11:18+00:00,73482.55,73573.718475,failed_triggered,True,SHORT because absorb score 0.606 (ask absorbed buys); range compression observed; 56 defense cycles seen; zone defended for 573 s; OFI score 0.208 (WARNING: buy-side); trigger flow multiplier 2.31x; break 0.052% below zone
2026-03-16,BTC-USDT-SWAP-LONG-1773659225000-28,LONG,trigger,HIGH,6,2026-03-16T11:10:43+00:00,2026-03-16T12:27:19+00:00,73617.25,73703.783475,failed_triggered,False,LONG because absorb score 0.619 (bid absorbed sells); range compression observed; 8 defense cycles seen; zone defended for 218 s; trigger flow multiplier 1.67x; break 0.164% above zone
2026-03-16,BTC-USDT-SWAP-SHORT-1773655581000-25,SHORT,confirmed,MID,4,2026-03-16T10:27:56+00:00,,73258.05,73465.05,invalidated_or_expired,,SHORT because absorb score 0.609 (ask absorbed buys); range compression observed; 93 defense cycles seen; zone defended for 1295 s
2026-03-16,BTC-USDT-SWAP-LONG-1773665169000-32,LONG,trigger,HIGH,7,2026-03-16T12:50:05+00:00,2026-03-16T13:31:39+00:00,73676.75,73873.06807499999,failed_triggered,True,LONG because absorb score 0.635 (bid absorbed sells); range compression observed; 36 defense cycles seen; zone defended for 236 s; OFI score 0.455 (buy-side); trigger flow multiplier 1.53x; break 0.102% above zone
2026-03-16,BTC-USDT-SWAP-LONG-1773664875000-31,LONG,trigger,HIGH,7,2026-03-16T12:44:36+00:00,2026-03-16T13:32:09+00:00,73715.074025,73815.05,failed_triggered,False,LONG because absorb score 0.606 (bid absorbed sells); range compression observed; 28 defense cycles seen; zone defended for 201 s; OFI score -0.110 (WARNING: sell-side); trigger flow multiplier 1.41x; break 0.218% above zone
2026-03-16,BTC-USDT-SWAP-LONG-1773666805000-33,LONG,trigger,HIGH,8,2026-03-16T13:16:25+00:00,2026-03-16T13:32:12+00:00,73863.000025,73958.05,failed_triggered,False,LONG because aggressive selling pressure 0.658 (absorbed); absorb score 0.723 (bid absorbed sells); range compression observed; 167 defense cycles seen; zone defended for 180 s; OFI score 0.229 (buy-side); trigger flow multiplier 2.14x; break 0.057% above zone
2026-03-16,BTC-USDT-SWAP-LONG-1773650790000-23,LONG,trigger,HIGH,6,2026-03-16T09:02:04+00:00,2026-03-16T13:35:27+00:00,72883.25,73171.05,failed_triggered,False,LONG because absorb score 0.613 (bid absorbed sells); range compression observed; 4 defense cycles seen; zone defended for 934 s; trigger flow multiplier 1.40x; break 1.648% above zone
2026-03-16,BTC-USDT-SWAP-LONG-1773670854000-35,LONG,confirmed,MID,4,2026-03-16T14:24:58+00:00,,74060.05,74254.95,invalidated_or_expired,,LONG because absorb score 0.606 (bid absorbed sells); range compression observed; 4 defense cycles seen; zone defended for 244 s
2026-03-16,BTC-USDT-SWAP-SHORT-1773672598000-37,SHORT,confirmed,HIGH,6,2026-03-16T15:13:23+00:00,,72964.35,73566.95,invalidated_or_expired,,SHORT because aggressive buying pressure 0.670 (absorbed); absorb score 0.737 (ask absorbed buys); range compression observed; 68 defense cycles seen; zone defended for 1405 s; OFI score -0.259 (sell-side)
2026-03-16,BTC-USDT-SWAP-LONG-1773684454000-38,LONG,trigger,HIGH,7,2026-03-16T18:24:29+00:00,2026-03-16T19:10:10+00:00,73977.142925,74298.95,failed_triggered,True,LONG because absorb score 0.611 (bid absorbed sells); range compression observed; 9 defense cycles seen; zone defended for 1015 s; OFI score 0.164 (buy-side); trigger flow multiplier 2.23x; break 0.072% above zone
2026-03-16,BTC-USDT-SWAP-LONG-1773685469000-39,LONG,trigger,HIGH,7,2026-03-16T19:02:12+00:00,2026-03-16T19:10:12+00:00,73812.35,74325.65,failed_triggered,False,LONG because absorb score 0.637 (bid absorbed sells); range compression observed; 79 defense cycles seen; zone defended for 2263 s; OFI score 0.191 (buy-side); trigger flow multiplier 1.52x; break 0.069% above zone
2026-03-16,BTC-USDT-SWAP-LONG-1773695990000-40,LONG,trigger,HIGH,7,2026-03-16T21:30:23+00:00,2026-03-16T21:36:14+00:00,74165.65,74448.75,failed_triggered,True,LONG because absorb score 0.617 (bid absorbed sells); range compression observed; 37 defense cycles seen; zone defended for 633 s; OFI score 0.050 (buy-side); trigger flow multiplier 1.99x; break 0.123% above zone
2026-03-16,BTC-USDT-SWAP-SHORT-1773670410000-34,SHORT,confirmed,HIGH,5,2026-03-16T14:49:58+00:00,,72957.75,74339.95,invalidated_or_expired,,SHORT because absorb score 0.636 (ask absorbed buys); range compression observed; 30 defense cycles seen; zone defended for 2188 s; OFI score 0.078 (WARNING: buy-side)
2026-03-16,BTC-USDT-SWAP-SHORT-1773700604000-44,SHORT,trigger,HIGH,6,2026-03-16T22:40:48+00:00,2026-03-16T23:02:18+00:00,74645.608525,74736.85,failed_triggered,True,SHORT because absorb score 0.610 (ask absorbed buys); range compression observed; 13 defense cycles seen; zone defended for 244 s; trigger flow multiplier 4.12x; break 0.089% below zone
2026-03-16,BTC-USDT-SWAP-LONG-1773671719000-36,LONG,confirmed,MID,4,2026-03-16T15:07:06+00:00,,72957.75,74877.75,no_trigger,,LONG because absorb score 0.622 (bid absorbed sells); range compression observed; 14 defense cycles seen; zone defended for 1907 s
2026-03-16,BTC-USDT-SWAP-SHORT-1773697184000-41,SHORT,confirmed,HIGH,6,2026-03-16T21:53:58+00:00,,74207.25,74877.75,no_trigger,,SHORT because aggressive buying pressure 0.692 (absorbed); absorb score 0.743 (ask absorbed buys); range compression observed; 30 defense cycles seen; zone defended for 854 s; OFI score 0.115 (WARNING: buy-side)
2026-03-16,BTC-USDT-SWAP-LONG-1773698589000-42,LONG,confirmed,HIGH,5,2026-03-16T22:13:52+00:00,,74207.25,74877.75,no_trigger,,LONG because absorb score 0.649 (bid absorbed sells); range compression observed; 65 defense cycles seen; zone defended for 643 s; OFI score 0.167 (buy-side)
2026-03-16,BTC-USDT-SWAP-LONG-1773699232000-43,LONG,confirmed,HIGH,5,2026-03-16T22:28:29+00:00,,74207.25,74877.75,no_trigger,,LONG because absorb score 0.610 (bid absorbed sells); range compression observed; 108 defense cycles seen; zone defended for 877 s; OFI score 0.172 (buy-side)
2026-03-16,BTC-USDT-SWAP-SHORT-1773701464000-45,SHORT,confirmed,HIGH,5,2026-03-16T23:20:29+00:00,,74207.25,74877.75,no_trigger,,SHORT because absorb score 0.636 (ask absorbed buys); range compression observed; 16 defense cycles seen; zone defended for 1765 s; OFI score -0.055 (sell-side)
2026-03-18,BTC-USDT-SWAP-SHORT-1773792030000-1,SHORT,trigger,HIGH,7,2026-03-18T00:13:01+00:00,2026-03-18T00:23:51+00:00,73779.05,74029.65,primary_unique_reached_move,True,SHORT because aggressive buying pressure 0.789 (absorbed); absorb score 0.634 (ask absorbed buys); range compression observed; 38 defense cycles seen; zone defended for 751 s; trigger flow multiplier 8.67x; break 0.080% below zone
2026-03-18,BTC-USDT-SWAP-LONG-1773793270000-3,LONG,trigger,HIGH,6,2026-03-18T00:29:14+00:00,2026-03-18T01:29:00+00:00,73633.75,73908.785925,failed_triggered,True,LONG because absorb score 0.642 (bid absorbed sells); range compression observed; 20 defense cycles seen; zone defended for 484 s; trigger flow multiplier 1.54x; break 0.097% above zone
2026-03-18,BTC-USDT-SWAP-LONG-1773796201000-7,LONG,trigger,HIGH,7,2026-03-18T01:13:17+00:00,2026-03-18T01:30:30+00:00,73788.05,73966.91497499999,failed_triggered,False,LONG because absorb score 0.641 (bid absorbed sells); range compression observed; 10 defense cycles seen; zone defended for 196 s; OFI score 0.289 (buy-side); trigger flow multiplier 2.70x; break 0.075% above zone
2026-03-18,BTC-USDT-SWAP-LONG-1773794558000-5,LONG,trigger,HIGH,6,2026-03-18T00:59:29+00:00,2026-03-18T01:31:23+00:00,73523.669775,73839.05,failed_triggered,False,LONG because absorb score 0.629 (bid absorbed sells); range compression observed; 61 defense cycles seen; zone defended for 1011 s; trigger flow multiplier 1.40x; break 0.380% above zone
2026-03-18,BTC-USDT-SWAP-LONG-1773793754000-4,LONG,trigger,HIGH,7,2026-03-18T00:34:06+00:00,2026-03-18T01:33:57+00:00,73627.35,73768.25,failed_triggered,False,LONG because absorb score 0.619 (bid absorbed sells); range compression observed; 33 defense cycles seen; zone defended for 292 s; OFI score 0.266 (buy-side); trigger flow multiplier 1.44x; break 0.414% above zone
2026-03-18,BTC-USDT-SWAP-SHORT-1773795295000-6,SHORT,confirmed,HIGH,6,2026-03-18T00:57:55+00:00,,73723.669725,73839.05,invalidated_or_expired,,SHORT because aggressive buying pressure 0.634 (absorbed); absorb score 0.697 (ask absorbed buys); range compression observed; 68 defense cycles seen; zone defended for 180 s; OFI score -0.321 (sell-side)
2026-03-18,BTC-USDT-SWAP-LONG-1773798977000-9,LONG,trigger,HIGH,8,2026-03-18T02:00:02+00:00,2026-03-18T02:16:28+00:00,73995.033975,74069.06602500001,failed_triggered,False,LONG because aggressive selling pressure 0.631 (absorbed); absorb score 0.660 (bid absorbed sells); range compression observed; 90 defense cycles seen; zone defended for 225 s; OFI score 0.271 (buy-side); trigger flow multiplier 1.68x; break 0.221% above zone
2026-03-18,BTC-USDT-SWAP-LONG-1773799629000-10,LONG,trigger,HIGH,7,2026-03-18T02:15:00+00:00,2026-03-18T02:34:15+00:00,74059.201875,74249.65,failed_triggered,False,LONG because absorb score 0.630 (bid absorbed sells); range compression observed; 64 defense cycles seen; zone defended for 471 s; OFI score 0.361 (buy-side); trigger flow multiplier 2.16x; break 0.078% above zone
2026-03-18,BTC-USDT-SWAP-SHORT-1773792781000-2,SHORT,confirmed,HIGH,6,2026-03-18T00:54:55+00:00,,73502.2,74022.14257499999,invalidated_or_expired,,SHORT because aggressive buying pressure 0.616 (absorbed); absorb score 0.678 (ask absorbed buys); range compression observed; 96 defense cycles seen; zone defended for 2514 s; OFI score -0.129 (sell-side)
2026-03-18,BTC-USDT-SWAP-LONG-1773800100000-11,LONG,trigger,HIGH,7,2026-03-18T02:40:01+00:00,2026-03-18T03:25:28+00:00,74134.95,74364.55,failed_triggered,False,LONG because absorb score 0.614 (bid absorbed sells); range compression observed; 57 defense cycles seen; zone defended for 1501 s; OFI score 0.229 (buy-side); trigger flow multiplier 1.47x; break 0.217% above zone
2026-03-18,BTC-USDT-SWAP-SHORT-1773797761000-8,SHORT,confirmed,MID,4,2026-03-18T01:43:03+00:00,,74026.75,74165.55,invalidated_or_expired,,SHORT because absorb score 0.634 (ask absorbed buys); range compression observed; 20 defense cycles seen; zone defended for 422 s
2026-03-18,BTC-USDT-SWAP-SHORT-1773800297000-12,SHORT,confirmed,HIGH,5,2026-03-18T02:21:49+00:00,,74182.939975,74257.160025,invalidated_or_expired,,SHORT because absorb score 0.615 (ask absorbed buys); range compression observed; 86 defense cycles seen; zone defended for 212 s; OFI score -0.056 (sell-side)
2026-03-18,BTC-USDT-SWAP-SHORT-1773806704000-17,SHORT,trigger,HIGH,8,2026-03-18T04:37:40+00:00,2026-03-18T05:27:07+00:00,74140.35,74456.459625,duplicate_reached_move,True,SHORT because aggressive buying pressure 0.626 (absorbed); absorb score 0.688 (ask absorbed buys); range compression observed; 89 defense cycles seen; zone defended for 1956 s; OFI score -0.220 (sell-side); trigger flow multiplier 1.40x; break 0.065% below zone
2026-03-18,BTC-USDT-SWAP-LONG-1773804825000-15,LONG,confirmed,HIGH,5,2026-03-18T03:44:33+00:00,,74410.05,74644.35,invalidated_or_expired,,LONG because absorb score 0.630 (bid absorbed sells); range compression observed; 14 defense cycles seen; zone defended for 648 s; OFI score 0.483 (buy-side)
2026-03-18,BTC-USDT-SWAP-LONG-1773805473000-16,LONG,confirmed,HIGH,6,2026-03-18T03:47:47+00:00,,74407.427675,74481.87232499999,invalidated_or_expired,,LONG because aggressive selling pressure 0.682 (absorbed); absorb score 0.609 (bid absorbed sells); range compression observed; 119 defense cycles seen; zone defended for 194 s; OFI score 0.140 (buy-side)
2026-03-18,BTC-USDT-SWAP-SHORT-1773808660000-19,SHORT,trigger,HIGH,7,2026-03-18T04:40:52+00:00,2026-03-18T05:29:15+00:00,74108.976975,74200.45,duplicate_reached_move,False,SHORT because absorb score 0.605 (ask absorbed buys); range compression observed; 28 defense cycles seen; zone defended for 192 s; OFI score -0.247 (sell-side); trigger flow multiplier 1.41x; break 0.128% below zone
2026-03-18,BTC-USDT-SWAP-LONG-1773807129000-18,LONG,confirmed,HIGH,6,2026-03-18T04:15:34+00:00,,74351.355725,74425.744275,invalidated_or_expired,,LONG because aggressive selling pressure 0.708 (absorbed); absorb score 0.778 (bid absorbed sells); range compression observed; 146 defense cycles seen; zone defended for 205 s; OFI score -0.142 (WARNING: sell-side)
2026-03-18,BTC-USDT-SWAP-SHORT-1773802038000-13,SHORT,trigger,HIGH,7,2026-03-18T03:05:02+00:00,2026-03-18T05:55:44+00:00,74274.45,74399.95,duplicate_reached_move,False,SHORT because absorb score 0.610 (ask absorbed buys); range compression observed; 70 defense cycles seen; zone defended for 1064 s; OFI score -0.203 (sell-side); trigger flow multiplier 1.43x; break 0.570% below zone
2026-03-18,BTC-USDT-SWAP-SHORT-1773814999000-20,SHORT,trigger,HIGH,8,2026-03-18T06:31:30+00:00,2026-03-18T07:31:27+00:00,74029.51672500001,74192.55,duplicate_reached_move,True,SHORT because aggressive buying pressure 0.802 (absorbed); absorb score 0.609 (ask absorbed buys); range compression observed; 4 defense cycles seen; zone defended for 491 s; OFI score 0.127 (WARNING: buy-side); trigger flow multiplier 1.48x; break 0.362% below zone
2026-03-18,BTC-USDT-SWAP-SHORT-1773819697000-21,SHORT,confirmed,HIGH,5,2026-03-18T07:44:37+00:00,,73661.600775,73779.55,invalidated_or_expired,,SHORT because aggressive buying pressure 0.601 (absorbed); absorb score 0.661 (ask absorbed buys); range compression observed; 92 defense cycles seen; zone defended for 180 s
2026-03-18,BTC-USDT-SWAP-SHORT-1773819792000-22,SHORT,confirmed,HIGH,5,2026-03-18T07:47:03+00:00,,73660.25,73794.628875,invalidated_or_expired,,SHORT because absorb score 0.637 (ask absorbed buys); range compression observed; 116 defense cycles seen; zone defended for 231 s; OFI score 0.126 (WARNING: buy-side)
2026-03-18,BTC-USDT-SWAP-SHORT-1773804588000-14,SHORT,trigger,HIGH,6,2026-03-18T03:35:07+00:00,2026-03-18T11:29:40+00:00,74453.504625,74563.45,duplicate_reached_move,False,SHORT because absorb score 0.627 (ask absorbed buys); range compression observed; 6 defense cycles seen; zone defended for 319 s; trigger flow multiplier 1.43x; break 1.210% below zone
2026-03-18,BTC-USDT-SWAP-SHORT-1773834431000-26,SHORT,trigger,HIGH,7,2026-03-18T11:52:33+00:00,2026-03-18T12:11:29+00:00,72927.368075,73102.05,duplicate_reached_move,True,SHORT because absorb score 0.621 (ask absorbed buys); range compression observed; 122 defense cycles seen; zone defended for 322 s; OFI score -0.468 (sell-side); trigger flow multiplier 1.40x; break 0.298% below zone
2026-03-18,BTC-USDT-SWAP-SHORT-1773835688000-27,SHORT,trigger,HIGH,7,2026-03-18T12:16:10+00:00,2026-03-18T12:30:43+00:00,72640.85,72853.358475,duplicate_reached_move,False,SHORT because absorb score 0.643 (ask absorbed buys); range compression observed; 24 defense cycles seen; zone defended for 482 s; OFI score -0.340 (sell-side); trigger flow multiplier 1.42x; break 0.104% below zone
2026-03-18,BTC-USDT-SWAP-SHORT-1773836170000-28,SHORT,trigger,HIGH,7,2026-03-18T12:27:28+00:00,2026-03-18T12:30:51+00:00,72654.35,72846.45,duplicate_reached_move,False,SHORT because absorb score 0.652 (ask absorbed buys); range compression observed; 20 defense cycles seen; zone defended for 678 s; OFI score 0.056 (WARNING: buy-side); trigger flow multiplier 1.42x; break 0.157% below zone
2026-03-18,BTC-USDT-SWAP-LONG-1773834114000-23,LONG,confirmed,HIGH,5,2026-03-18T12:01:01+00:00,,72822.35,73102.05,invalidated_or_expired,,LONG because absorb score 0.630 (bid absorbed sells); range compression observed; 56 defense cycles seen; zone defended for 1147 s; OFI score 0.095 (buy-side)
2026-03-18,BTC-USDT-SWAP-LONG-1773834139000-24,LONG,confirmed,HIGH,5,2026-03-18T12:01:01+00:00,,72822.35,73102.05,invalidated_or_expired,,LONG because absorb score 0.635 (bid absorbed sells); range compression observed; 31 defense cycles seen; zone defended for 1122 s; OFI score -0.319 (WARNING: sell-side)
2026-03-18,BTC-USDT-SWAP-SHORT-1773834370000-25,SHORT,trigger,HIGH,6,2026-03-18T11:49:10+00:00,2026-03-18T12:32:15+00:00,72960.95,73057.460475,duplicate_reached_move,False,SHORT because absorb score 0.616 (ask absorbed buys); range compression observed; 126 defense cycles seen; zone defended for 180 s; trigger flow multiplier 1.44x; break 0.734% below zone
2026-03-18,BTC-USDT-SWAP-SHORT-1773837926000-31,SHORT,trigger,HIGH,7,2026-03-18T12:48:26+00:00,2026-03-18T13:01:23+00:00,72269.05,72381.05,duplicate_reached_move,False,SHORT because absorb score 0.619 (ask absorbed buys); range compression observed; 135 defense cycles seen; zone defended for 180 s; OFI score -0.111 (sell-side); trigger flow multiplier 1.43x; break 0.144% below zone
2026-03-18,BTC-USDT-SWAP-SHORT-1773837656000-30,SHORT,trigger,HIGH,7,2026-03-18T12:45:26+00:00,2026-03-18T13:02:07+00:00,72316.65,72497.35,duplicate_reached_move,False,SHORT because absorb score 0.635 (ask absorbed buys); range compression observed; 8 defense cycles seen; zone defended for 270 s; OFI score -0.124 (sell-side); trigger flow multiplier 1.40x; break 0.310% below zone
2026-03-18,BTC-USDT-SWAP-SHORT-1773842088000-33,SHORT,trigger,HIGH,7,2026-03-18T14:11:49+00:00,2026-03-18T14:28:18+00:00,71841.95,72184.15,failed_triggered,True,SHORT because absorb score 0.607 (ask absorbed buys); range compression observed; 35 defense cycles seen; zone defended for 1021 s; OFI score -0.382 (sell-side); trigger flow multiplier 1.50x; break 0.075% below zone
2026-03-18,BTC-USDT-SWAP-SHORT-1773842025000-32,SHORT,trigger,HIGH,7,2026-03-18T14:11:49+00:00,2026-03-18T14:28:20+00:00,71841.95,72207.635775,failed_triggered,False,SHORT because absorb score 0.608 (ask absorbed buys); range compression observed; 79 defense cycles seen; zone defended for 1084 s; OFI score 0.168 (WARNING: buy-side); trigger flow multiplier 1.57x; break 0.128% below zone
2026-03-18,BTC-USDT-SWAP-LONG-1773836450000-29,LONG,confirmed,HIGH,5,2026-03-18T13:04:08+00:00,,72080.05,72846.45,invalidated_or_expired,,LONG because absorb score 0.606 (bid absorbed sells); range compression observed; 61 defense cycles seen; zone defended for 2598 s; OFI score 0.316 (buy-side)
2026-03-18,BTC-USDT-SWAP-LONG-1773843528000-35,LONG,confirmed,HIGH,5,2026-03-18T14:21:48+00:00,,71848.85,71929.95,invalidated_or_expired,,LONG because absorb score 0.616 (bid absorbed sells); range compression observed; 76 defense cycles seen; zone defended for 180 s; OFI score 0.055 (buy-side)
2026-03-18,BTC-USDT-SWAP-LONG-1773842911000-34,LONG,confirmed,HIGH,5,2026-03-18T14:18:48+00:00,,71820.05,72124.95,invalidated_or_expired,,LONG because absorb score 0.631 (bid absorbed sells); range compression observed; 14 defense cycles seen; zone defended for 617 s; OFI score -0.157 (WARNING: sell-side)
2026-03-18,BTC-USDT-SWAP-SHORT-1773844720000-37,SHORT,trigger,HIGH,7,2026-03-18T14:41:40+00:00,2026-03-18T14:43:32+00:00,71547.45,71707.986075,failed_triggered,False,SHORT because absorb score 0.658 (ask absorbed buys); range compression observed; 175 defense cycles seen; zone defended for 180 s; OFI score -0.304 (sell-side); trigger flow multiplier 1.42x; break 0.105% below zone
2026-03-18,BTC-USDT-SWAP-SHORT-1773844698000-36,SHORT,trigger,HIGH,8,2026-03-18T14:41:18+00:00,2026-03-18T14:43:52+00:00,71547.45,71772.018075,failed_triggered,False,SHORT because aggressive buying pressure 0.619 (absorbed); absorb score 0.681 (ask absorbed buys); range compression observed; 171 defense cycles seen; zone defended for 180 s; OFI score -0.395 (sell-side); trigger flow multiplier 1.40x; break 0.075% below zone
2026-03-18,BTC-USDT-SWAP-SHORT-1773844837000-39,SHORT,trigger,HIGH,7,2026-03-18T14:50:30+00:00,2026-03-18T14:53:14+00:00,71446.75,71629.55,failed_triggered,False,SHORT because absorb score 0.646 (ask absorbed buys); range compression observed; 82 defense cycles seen; zone defended for 593 s; OFI score 0.205 (WARNING: buy-side); trigger flow multiplier 1.40x; break 0.135% below zone
2026-03-18,BTC-USDT-SWAP-SHORT-1773844787000-38,SHORT,trigger,HIGH,7,2026-03-18T14:50:30+00:00,2026-03-18T14:53:22+00:00,71446.75,71640.85252500001,failed_triggered,False,SHORT because absorb score 0.648 (ask absorbed buys); range compression observed; 132 defense cycles seen; zone defended for 643 s; OFI score -0.096 (sell-side); trigger flow multiplier 1.50x; break 0.175% below zone
2026-03-18,BTC-USDT-SWAP-LONG-1773848497000-43,LONG,trigger,HIGH,7,2026-03-18T15:47:30+00:00,2026-03-18T15:57:27+00:00,71178.45,71394.429375,failed_triggered,True,LONG because absorb score 0.605 (bid absorbed sells); range compression observed; 6 defense cycles seen; zone defended for 353 s; OFI score 0.126 (buy-side); trigger flow multiplier 1.40x; break 0.085% above zone
2026-03-18,BTC-USDT-SWAP-SHORT-1773846823000-41,SHORT,confirmed,HIGH,5,2026-03-18T15:16:43+00:00,,70947.45,71133.25,invalidated_or_expired,,SHORT because absorb score 0.627 (ask absorbed buys); range compression observed; 86 defense cycles seen; zone defended for 180 s; OFI score -0.051 (sell-side)
2026-03-18,BTC-USDT-SWAP-SHORT-1773846814000-40,SHORT,confirmed,HIGH,5,2026-03-18T15:16:34+00:00,,70947.45,71159.812125,invalidated_or_expired,,SHORT because absorb score 0.629 (ask absorbed buys); range compression observed; 86 defense cycles seen; zone defended for 180 s; OFI score 0.157 (WARNING: buy-side)
2026-03-18,BTC-USDT-SWAP-SHORT-1773849364000-44,SHORT,trigger,HIGH,7,2026-03-18T16:00:04+00:00,2026-03-18T16:06:02+00:00,71350.45692499999,71490.15,failed_triggered,True,SHORT because absorb score 0.620 (ask absorbed buys); range compression observed; 12 defense cycles seen; zone defended for 240 s; OFI score -0.119 (sell-side); trigger flow multiplier 1.60x; break 0.056% below zone
2026-03-18,BTC-USDT-SWAP-LONG-1773854692000-45,LONG,trigger,HIGH,7,2026-03-18T17:35:34+00:00,2026-03-18T17:38:47+00:00,71308.35,71476.15,failed_triggered,True,LONG because absorb score 0.658 (bid absorbed sells); range compression observed; 76 defense cycles seen; zone defended for 642 s; OFI score 0.121 (buy-side); trigger flow multiplier 1.55x; break 0.186% above zone
2026-03-18,BTC-USDT-SWAP-SHORT-1773847388000-42,SHORT,confirmed,HIGH,5,2026-03-18T15:56:04+00:00,,71148.457975,71441.95,invalidated_or_expired,,SHORT because absorb score 0.607 (ask absorbed buys); range compression observed; 11 defense cycles seen; zone defended for 1976 s; OFI score 0.194 (WARNING: buy-side)
2026-03-18,BTC-USDT-SWAP-LONG-1773856508000-46,LONG,confirmed,HIGH,6,2026-03-18T18:14:53+00:00,,71526.05,71932.35,invalidated_or_expired,,LONG because aggressive selling pressure 0.631 (absorbed); absorb score 0.695 (bid absorbed sells); range compression observed; 3 defense cycles seen; zone defended for 1185 s; OFI score 0.175 (buy-side)
2026-03-18,BTC-USDT-SWAP-LONG-1773857693000-48,LONG,confirmed,HIGH,5,2026-03-18T18:24:47+00:00,,71511.05,71873.168625,invalidated_or_expired,,LONG because absorb score 0.659 (bid absorbed sells); range compression observed; 15 defense cycles seen; zone defended for 594 s; OFI score 0.308 (buy-side)
2026-03-18,BTC-USDT-SWAP-SHORT-1773857396000-47,SHORT,trigger,HIGH,7,2026-03-18T18:18:38+00:00,2026-03-18T18:54:48+00:00,71615.85,71887.95,failed_triggered,True,SHORT because absorb score 0.630 (ask absorbed buys); range compression observed; 68 defense cycles seen; zone defended for 522 s; OFI score -0.070 (sell-side); trigger flow multiplier 1.41x; break 0.751% below zone
2026-03-18,BTC-USDT-SWAP-SHORT-1773861038000-49,SHORT,trigger,HIGH,7,2026-03-18T19:14:27+00:00,2026-03-18T19:33:09+00:00,71250.05,71354.409375,failed_triggered,False,SHORT because absorb score 0.639 (ask absorbed buys); range compression observed; 79 defense cycles seen; zone defended for 229 s; OFI score -0.198 (sell-side); trigger flow multiplier 1.40x; break 0.085% below zone
2026-03-18,BTC-USDT-SWAP-SHORT-1773861090000-50,SHORT,trigger,HIGH,7,2026-03-18T19:14:30+00:00,2026-03-18T19:33:32+00:00,71221.621375,71325.95,failed_triggered,False,SHORT because absorb score 0.607 (ask absorbed buys); range compression observed; 45 defense cycles seen; zone defended for 180 s; OFI score -0.061 (sell-side); trigger flow multiplier 1.54x; break 0.092% below zone
2026-03-18,BTC-USDT-SWAP-SHORT-1773862102000-51,SHORT,trigger,HIGH,7,2026-03-18T19:31:31+00:00,2026-03-18T19:34:27+00:00,71163.95,71315.85,failed_triggered,False,SHORT because absorb score 0.609 (ask absorbed buys); range compression observed; 114 defense cycles seen; zone defended for 189 s; OFI score -0.243 (sell-side); trigger flow multiplier 1.82x; break 0.088% below zone
2026-03-18,BTC-USDT-SWAP-SHORT-1773863194000-52,SHORT,trigger,HIGH,7,2026-03-18T19:49:36+00:00,2026-03-18T20:05:55+00:00,70977.05,71070.967725,failed_triggered,False,SHORT because absorb score 0.613 (ask absorbed buys); range compression observed; 95 defense cycles seen; zone defended for 182 s; OFI score -0.086 (sell-side); trigger flow multiplier 2.00x; break 0.341% below zone
2026-03-18,BTC-USDT-SWAP-SHORT-1773865224000-55,SHORT,confirmed,HIGH,6,2026-03-18T20:23:30+00:00,,70728.568025,70809.95,invalidated_or_expired,,SHORT because aggressive buying pressure 0.623 (absorbed); absorb score 0.686 (ask absorbed buys); range compression observed; 138 defense cycles seen; zone defended for 186 s; OFI score 0.176 (WARNING: buy-side)
2026-03-18,BTC-USDT-SWAP-SHORT-1773863225000-53,SHORT,confirmed,HIGH,5,2026-03-18T20:20:24+00:00,,70455.75,71375.15,no_trigger,,SHORT because absorb score 0.614 (ask absorbed buys); range compression observed; 87 defense cycles seen; zone defended for 1999 s; OFI score -0.090 (sell-side)
2026-03-18,BTC-USDT-SWAP-LONG-1773864839000-54,LONG,confirmed,HIGH,5,2026-03-18T20:46:03+00:00,,70564.749975,71375.15,no_trigger,,LONG because absorb score 0.630 (bid absorbed sells); range compression observed; 24 defense cycles seen; zone defended for 1924 s; OFI score 0.204 (buy-side)
2026-03-18,BTC-USDT-SWAP-SHORT-1773866301000-56,SHORT,confirmed,HIGH,5,2026-03-18T20:41:21+00:00,,70910.05,71375.15,no_trigger,,SHORT because absorb score 0.637 (ask absorbed buys); range compression observed; 137 defense cycles seen; zone defended for 180 s; OFI score 0.268 (WARNING: buy-side)
2026-03-18,BTC-USDT-SWAP-LONG-1773866763000-57,LONG,confirmed,HIGH,6,2026-03-18T20:49:21+00:00,,70910.05,71375.15,no_trigger,,LONG because aggressive selling pressure 0.620 (absorbed); absorb score 0.682 (bid absorbed sells); range compression observed; 69 defense cycles seen; zone defended for 198 s; OFI score 0.118 (buy-side)
2026-03-19,BTC-USDT-SWAP-SHORT-1773879450000-2,SHORT,trigger,HIGH,7,2026-03-19T00:20:30+00:00,2026-03-19T00:35:05+00:00,71075.59442499999,71146.705575,primary_unique_reached_move,True,SHORT because absorb score 0.626 (ask absorbed buys); range compression observed; 145 defense cycles seen; zone defended for 180 s; OFI score -0.171 (sell-side); trigger flow multiplier 3.54x; break 0.065% below zone
2026-03-19,BTC-USDT-SWAP-LONG-1773881185000-3,LONG,trigger,HIGH,7,2026-03-19T00:49:25+00:00,2026-03-19T01:42:46+00:00,70995.134675,71083.25,failed_triggered,True,LONG because absorb score 0.617 (bid absorbed sells); range compression observed; 62 defense cycles seen; zone defended for 180 s; OFI score 0.053 (buy-side); trigger flow multiplier 1.60x; break 0.052% above zone
2026-03-19,BTC-USDT-SWAP-LONG-1773883030000-6,LONG,trigger,HIGH,6,2026-03-19T01:21:44+00:00,2026-03-19T01:43:58+00:00,70930.56697500001,71049.95,failed_triggered,False,LONG because absorb score 0.607 (bid absorbed sells); range compression observed; 15 defense cycles seen; zone defended for 274 s; trigger flow multiplier 1.49x; break 0.108% above zone
2026-03-19,BTC-USDT-SWAP-SHORT-1773886593000-7,SHORT,trigger,HIGH,7,2026-03-19T02:22:49+00:00,2026-03-19T02:51:08+00:00,71101.15,71212.85,duplicate_reached_move,True,SHORT because absorb score 0.607 (ask absorbed buys); range compression observed; 24 defense cycles seen; zone defended for 376 s; OFI score 0.101 (WARNING: buy-side); trigger flow multiplier 1.94x; break 0.087% below zone
2026-03-19,BTC-USDT-SWAP-LONG-1773878683000-1,LONG,trigger,HIGH,7,2026-03-19T00:15:09+00:00,2026-03-19T03:17:57+00:00,71052.85,71270.35,failed_triggered,False,LONG because absorb score 0.618 (bid absorbed sells); range compression observed; 20 defense cycles seen; zone defended for 626 s; OFI score 0.213 (buy-side); trigger flow multiplier 1.50x; break 0.112% above zone
2026-03-19,BTC-USDT-SWAP-SHORT-1773882002000-4,SHORT,confirmed,HIGH,5,2026-03-19T01:04:24+00:00,,70964.050225,71075.45,invalidated_or_expired,,SHORT because absorb score 0.619 (ask absorbed buys); range compression observed; 42 defense cycles seen; zone defended for 262 s; OFI score -0.098 (sell-side)
2026-03-19,BTC-USDT-SWAP-SHORT-1773882324000-5,SHORT,confirmed,HIGH,6,2026-03-19T01:08:24+00:00,,70908.178175,71049.95,invalidated_or_expired,,SHORT because aggressive buying pressure 0.740 (absorbed); absorb score 0.814 (ask absorbed buys); range compression observed; 177 defense cycles seen; zone defended for 180 s; OFI score 0.140 (WARNING: buy-side)
2026-03-19,BTC-USDT-SWAP-LONG-1773890712000-8,LONG,confirmed,HIGH,5,2026-03-19T03:28:26+00:00,,71398.95,71530.197225,invalidated_or_expired,,LONG because absorb score 0.614 (bid absorbed sells); range compression observed; 18 defense cycles seen; zone defended for 194 s; OFI score 0.241 (buy-side)
2026-03-19,BTC-USDT-SWAP-SHORT-1773891608000-11,SHORT,trigger,HIGH,7,2026-03-19T03:53:03+00:00,2026-03-19T04:07:16+00:00,71169.05,71304.484425,duplicate_reached_move,True,SHORT because absorb score 0.609 (ask absorbed buys); range compression observed; 60 defense cycles seen; zone defended for 775 s; OFI score 0.051 (WARNING: buy-side); trigger flow multiplier 1.66x; break 0.376% below zone
2026-03-19,BTC-USDT-SWAP-SHORT-1773891003000-9,SHORT,trigger,HIGH,8,2026-03-19T03:40:08+00:00,2026-03-19T04:07:35+00:00,71251.75,71499.95,duplicate_reached_move,False,SHORT because aggressive buying pressure 0.600 (absorbed); absorb score 0.660 (ask absorbed buys); range compression observed; 142 defense cycles seen; zone defended for 605 s; OFI score -0.065 (sell-side); trigger flow multiplier 1.47x; break 0.623% below zone
2026-03-19,BTC-USDT-SWAP-SHORT-1773891095000-10,SHORT,trigger,HIGH,6,2026-03-19T03:40:08+00:00,2026-03-19T04:07:38+00:00,71251.75,71427.245775,duplicate_reached_move,False,SHORT because absorb score 0.624 (ask absorbed buys); range compression observed; 68 defense cycles seen; zone defended for 513 s; trigger flow multiplier 1.46x; break 0.639% below zone
2026-03-19,BTC-USDT-SWAP-SHORT-1773893807000-13,SHORT,trigger,HIGH,7,2026-03-19T04:19:47+00:00,2026-03-19T04:27:07+00:00,70789.637475,70909.05,duplicate_reached_move,False,SHORT because aggressive buying pressure 0.671 (absorbed); absorb score 0.738 (ask absorbed buys); range compression observed; 23 defense cycles seen; zone defended for 180 s; trigger flow multiplier 1.41x; break 0.142% below zone
2026-03-19,BTC-USDT-SWAP-SHORT-1773894114000-14,SHORT,trigger,HIGH,7,2026-03-19T04:38:03+00:00,2026-03-19T06:37:36+00:00,70628.05,70812.95,duplicate_reached_move,False,SHORT because absorb score 0.607 (ask absorbed buys); range compression observed; 6 defense cycles seen; zone defended for 969 s; OFI score -0.094 (sell-side); trigger flow multiplier 1.40x; break 0.090% below zone
2026-03-19,BTC-USDT-SWAP-LONG-1773893554000-12,LONG,confirmed,HIGH,5,2026-03-19T04:31:37+00:00,,70628.05,70909.05,invalidated_or_expired,,LONG because absorb score 0.609 (bid absorbed sells); range compression observed; 3 defense cycles seen; zone defended for 1143 s; OFI score -0.103 (WARNING: sell-side)
2026-03-19,BTC-USDT-SWAP-LONG-1773894697000-15,LONG,confirmed,MID,4,2026-03-19T04:43:35+00:00,,70631.916375,70804.85,invalidated_or_expired,,LONG because absorb score 0.639 (bid absorbed sells); range compression observed; 68 defense cycles seen; zone defended for 718 s
2026-03-19,BTC-USDT-SWAP-LONG-1773902340000-16,LONG,confirmed,HIGH,5,2026-03-19T07:01:29+00:00,,70462.79999999999,70704.45,invalidated_or_expired,,LONG because aggressive selling pressure 0.689 (absorbed); absorb score 0.758 (bid absorbed sells); range compression observed; 38 defense cycles seen; zone defended for 1349 s
2026-03-19,BTC-USDT-SWAP-LONG-1773903689000-17,LONG,confirmed,HIGH,6,2026-03-19T07:05:55+00:00,,70310.45,70567.716225,invalidated_or_expired,,LONG because aggressive selling pressure 0.755 (absorbed); absorb score 0.794 (bid absorbed sells); range compression observed; 12 defense cycles seen; zone defended for 266 s; OFI score 0.215 (buy-side)
2026-03-19,BTC-USDT-SWAP-LONG-1773910669000-22,LONG,trigger,HIGH,6,2026-03-19T09:00:49+00:00,2026-03-19T09:02:57+00:00,69895.45,70053.05,failed_triggered,True,LONG because absorb score 0.606 (bid absorbed sells); range compression observed; 54 defense cycles seen; zone defended for 180 s; trigger flow multiplier 1.52x; break 0.087% above zone
2026-03-19,BTC-USDT-SWAP-LONG-1773909084000-21,LONG,trigger,HIGH,8,2026-03-19T08:35:08+00:00,2026-03-19T09:02:58+00:00,70009.827575,70079.95,failed_triggered,False,LONG because aggressive selling pressure 0.642 (absorbed); absorb score 0.707 (bid absorbed sells); range compression observed; 105 defense cycles seen; zone defended for 224 s; OFI score 0.356 (buy-side); trigger flow multiplier 1.60x; break 0.055% above zone
2026-03-19,BTC-USDT-SWAP-LONG-1773910814000-23,LONG,trigger,HIGH,8,2026-03-19T09:18:04+00:00,2026-03-19T09:21:42+00:00,69936.45,70123.95,failed_triggered,False,LONG because aggressive selling pressure 0.606 (absorbed); absorb score 0.667 (bid absorbed sells); range compression observed; 56 defense cycles seen; zone defended for 1070 s; OFI score 0.119 (buy-side); trigger flow multiplier 1.55x; break 0.131% above zone
2026-03-19,BTC-USDT-SWAP-LONG-1773907866000-20,LONG,trigger,HIGH,7,2026-03-19T08:17:41+00:00,2026-03-19T09:21:45+00:00,70066.199375,70219.95,failed_triggered,False,LONG because absorb score 0.609 (bid absorbed sells); range compression observed; 40 defense cycles seen; zone defended for 395 s; OFI score 0.199 (buy-side); trigger flow multiplier 2.06x; break 0.060% above zone
2026-03-19,BTC-USDT-SWAP-LONG-1773907331000-19,LONG,trigger,HIGH,7,2026-03-19T08:11:06+00:00,2026-03-19T09:22:00+00:00,70068.05,70259.95,failed_triggered,False,LONG because absorb score 0.614 (bid absorbed sells); range compression observed; 43 defense cycles seen; zone defended for 535 s; OFI score 0.195 (buy-side); trigger flow multiplier 1.60x; break 0.066% above zone
2026-03-19,BTC-USDT-SWAP-LONG-1773913788000-26,LONG,confirmed,HIGH,5,2026-03-19T10:06:12+00:00,,70377.15,70518.15,invalidated_or_expired,,LONG because absorb score 0.605 (bid absorbed sells); range compression observed; 40 defense cycles seen; zone defended for 984 s; OFI score 0.248 (buy-side)
2026-03-19,BTC-USDT-SWAP-SHORT-1773918340000-27,SHORT,trigger,HIGH,8,2026-03-19T11:09:52+00:00,2026-03-19T11:37:23+00:00,70049.60767499999,70127.45,failed_triggered,True,SHORT because aggressive buying pressure 0.748 (absorbed); absorb score 0.823 (ask absorbed buys); range compression observed; 118 defense cycles seen; zone defended for 252 s; OFI score -0.294 (sell-side); trigger flow multiplier 1.63x; break 0.060% below zone
2026-03-19,BTC-USDT-SWAP-SHORT-1773913555000-25,SHORT,trigger,HIGH,8,2026-03-19T09:53:33+00:00,2026-03-19T12:05:21+00:00,70348.758025,70518.15,failed_triggered,False,SHORT because aggressive buying pressure 0.624 (absorbed); absorb score 0.687 (ask absorbed buys); range compression observed; 11 defense cycles seen; zone defended for 458 s; OFI score -0.171 (sell-side); trigger flow multiplier 1.51x; break 0.851% below zone
2026-03-19,BTC-USDT-SWAP-SHORT-1773912406000-24,SHORT,trigger,HIGH,6,2026-03-19T09:30:11+00:00,2026-03-19T12:08:45+00:00,70105.679625,70289.95,failed_triggered,False,SHORT because absorb score 0.633 (ask absorbed buys); range compression observed; 7 defense cycles seen; zone defended for 205 s; trigger flow multiplier 1.41x; break 0.669% below zone
2026-03-19,BTC-USDT-SWAP-SHORT-1773922559000-28,SHORT,trigger,HIGH,8,2026-03-19T12:20:10+00:00,2026-03-19T12:50:39+00:00,69567.35,69717.991575,failed_triggered,False,SHORT because aggressive buying pressure 0.610 (absorbed); absorb score 0.671 (ask absorbed buys); range compression observed; 29 defense cycles seen; zone defended for 251 s; OFI score -0.219 (sell-side); trigger flow multiplier 1.84x; break 0.272% below zone
2026-03-19,BTC-USDT-SWAP-LONG-1773926911000-30,LONG,trigger,HIGH,8,2026-03-19T13:40:10+00:00,2026-03-19T13:41:30+00:00,69210.55,69423.05,failed_triggered,True,LONG because aggressive selling pressure 0.601 (absorbed); absorb score 0.661 (bid absorbed sells); range compression observed; 66 defense cycles seen; zone defended for 699 s; OFI score 0.266 (buy-side); trigger flow multiplier 3.11x; break 0.055% above zone
2026-03-19,BTC-USDT-SWAP-SHORT-1773925165000-29,SHORT,confirmed,HIGH,5,2026-03-19T13:06:08+00:00,,69120.05,69412.75,invalidated_or_expired,,SHORT because absorb score 0.649 (ask absorbed buys); range compression observed; 9 defense cycles seen; zone defended for 403 s; OFI score -0.085 (sell-side)
2026-03-19,BTC-USDT-SWAP-SHORT-1773931024000-32,SHORT,confirmed,HIGH,5,2026-03-19T14:46:45+00:00,,69068.65,69341.45,invalidated_or_expired,,SHORT because aggressive buying pressure 0.618 (absorbed); absorb score 0.631 (ask absorbed buys); range compression observed; 24 defense cycles seen; zone defended for 581 s
2026-03-19,BTC-USDT-SWAP-SHORT-1773931043000-33,SHORT,confirmed,HIGH,5,2026-03-19T14:46:45+00:00,,69068.65,69341.45,invalidated_or_expired,,SHORT because absorb score 0.625 (ask absorbed buys); range compression observed; 6 defense cycles seen; zone defended for 562 s; OFI score -0.173 (sell-side)
2026-03-19,BTC-USDT-SWAP-LONG-1773932261000-35,LONG,trigger,HIGH,8,2026-03-19T15:00:41+00:00,2026-03-19T15:05:45+00:00,69415.55,69564.75,failed_triggered,True,LONG because aggressive selling pressure 0.605 (absorbed); absorb score 0.611 (bid absorbed sells); range compression observed; 97 defense cycles seen; zone defended for 180 s; OFI score 0.191 (buy-side); trigger flow multiplier 1.41x; break 0.338% above zone
2026-03-19,BTC-USDT-SWAP-LONG-1773933216000-36,LONG,confirmed,HIGH,5,2026-03-19T15:16:36+00:00,,69619.222975,69702.35,invalidated_or_expired,,LONG because absorb score 0.643 (bid absorbed sells); range compression observed; 40 defense cycles seen; zone defended for 180 s; OFI score 0.194 (buy-side)
2026-03-19,BTC-USDT-SWAP-SHORT-1773929685000-31,SHORT,trigger,HIGH,6,2026-03-19T14:20:57+00:00,2026-03-19T15:41:24+00:00,69310.55,69559.95,failed_triggered,False,SHORT because absorb score 0.614 (ask absorbed buys); range compression observed; 25 defense cycles seen; zone defended for 372 s; trigger flow multiplier 1.51x; break 0.304% below zone
2026-03-19,BTC-USDT-SWAP-LONG-1773932209000-34,LONG,confirmed,HIGH,5,2026-03-19T14:59:49+00:00,,69409.228025,69564.75,invalidated_or_expired,,LONG because absorb score 0.605 (bid absorbed sells); range compression observed; 63 defense cycles seen; zone defended for 180 s; OFI score 0.087 (buy-side)
2026-03-19,BTC-USDT-SWAP-LONG-1773933416000-37,LONG,confirmed,HIGH,5,2026-03-19T15:39:45+00:00,,69118.15,69783.25,invalidated_or_expired,,LONG because absorb score 0.640 (bid absorbed sells); range compression observed; 40 defense cycles seen; zone defended for 1369 s; OFI score 0.658 (buy-side)
2026-03-19,BTC-USDT-SWAP-SHORT-1773940442000-39,SHORT,confirmed,HIGH,5,2026-03-19T17:17:16+00:00,,69088.288575,69224.15,invalidated_or_expired,,SHORT because absorb score 0.626 (ask absorbed buys); range compression observed; 20 defense cycles seen; zone defended for 194 s; OFI score 0.136 (WARNING: buy-side)
2026-03-19,BTC-USDT-SWAP-SHORT-1773938165000-38,SHORT,confirmed,HIGH,6,2026-03-19T16:39:06+00:00,,69251.90672500001,69399.95,invalidated_or_expired,,SHORT because aggressive buying pressure 0.626 (absorbed); absorb score 0.688 (ask absorbed buys); range compression observed; 126 defense cycles seen; zone defended for 181 s; OFI score 0.064 (WARNING: buy-side)
2026-03-19,BTC-USDT-SWAP-LONG-1773943584000-43,LONG,trigger,HIGH,8,2026-03-19T18:12:50+00:00,2026-03-19T19:01:28+00:00,69702.85,69824.55,failed_triggered,True,LONG because aggressive selling pressure 0.693 (absorbed); absorb score 0.763 (bid absorbed sells); range compression observed; 35 defense cycles seen; zone defended for 386 s; OFI score 0.289 (buy-side); trigger flow multiplier 1.61x; break 0.091% above zone
2026-03-19,BTC-USDT-SWAP-LONG-1773944006000-44,LONG,trigger,HIGH,7,2026-03-19T18:23:36+00:00,2026-03-19T19:01:57+00:00,69705.95,69897.55,failed_triggered,False,LONG because absorb score 0.628 (bid absorbed sells); range compression observed; 17 defense cycles seen; zone defended for 610 s; OFI score 0.131 (buy-side); trigger flow multiplier 2.56x; break 0.073% above zone
2026-03-19,BTC-USDT-SWAP-LONG-1773941032000-40,LONG,trigger,HIGH,7,2026-03-19T17:40:08+00:00,2026-03-19T19:05:49+00:00,69459.25,69735.95,failed_triggered,False,LONG because absorb score 0.612 (bid absorbed sells); range compression observed; 59 defense cycles seen; zone defended for 976 s; OFI score 0.169 (buy-side); trigger flow multiplier 1.42x; break 0.441% above zone
2026-03-19,BTC-USDT-SWAP-SHORT-1773943299000-42,SHORT,confirmed,HIGH,5,2026-03-19T18:11:28+00:00,,69691.15,69799.95,invalidated_or_expired,,SHORT because absorb score 0.622 (ask absorbed buys); range compression observed; 20 defense cycles seen; zone defended for 589 s; OFI score -0.104 (sell-side)
2026-03-19,BTC-USDT-SWAP-SHORT-1773943061000-41,SHORT,confirmed,MID,4,2026-03-19T18:01:39+00:00,,69752.95,69854.459775,invalidated_or_expired,,SHORT because absorb score 0.622 (ask absorbed buys); range compression observed; 10 defense cycles seen; zone defended for 238 s
2026-03-19,BTC-USDT-SWAP-LONG-1773950934000-47,LONG,trigger,HIGH,8,2026-03-19T20:28:02+00:00,2026-03-19T20:39:47+00:00,70160.05,70439.85,failed_triggered,True,LONG because aggressive selling pressure 0.620 (absorbed); absorb score 0.682 (bid absorbed sells); range compression observed; 136 defense cycles seen; zone defended for 1148 s; OFI score 0.482 (buy-side); trigger flow multiplier 1.40x; break 0.106% above zone
2026-03-19,BTC-USDT-SWAP-LONG-1773954597000-48,LONG,confirmed,HIGH,5,2026-03-19T21:25:12+00:00,,70464.85,70657.260975,invalidated_or_expired,,LONG because absorb score 0.607 (bid absorbed sells); range compression observed; 6 defense cycles seen; zone defended for 915 s; OFI score 0.064 (buy-side)
2026-03-19,BTC-USDT-SWAP-LONG-1773947883000-46,LONG,confirmed,HIGH,5,2026-03-19T19:23:19+00:00,,70348.658075,70533.15,invalidated_or_expired,,LONG because absorb score 0.623 (bid absorbed sells); range compression observed; 18 defense cycles seen; zone defended for 316 s; OFI score 0.192 (buy-side)
2026-03-19,BTC-USDT-SWAP-SHORT-1773960400000-49,SHORT,trigger,HIGH,7,2026-03-19T22:55:51+00:00,2026-03-19T23:37:03+00:00,69941.361825,70139.95,failed_triggered,True,SHORT because absorb score 0.611 (ask absorbed buys); range compression observed; 76 defense cycles seen; zone defended for 551 s; OFI score -0.219 (sell-side); trigger flow multiplier 1.95x; break 0.089% below zone
2026-03-19,BTC-USDT-SWAP-SHORT-1773947762000-45,SHORT,confirmed,HIGH,6,2026-03-19T19:36:11+00:00,,69692.05,70649.95,no_trigger,,SHORT because aggressive buying pressure 0.610 (absorbed); absorb score 0.671 (ask absorbed buys); range compression observed; 46 defense cycles seen; zone defended for 1209 s; OFI score 0.255 (WARNING: buy-side)
2026-03-19,BTC-USDT-SWAP-SHORT-1773964059000-50,SHORT,confirmed,HIGH,6,2026-03-19T23:50:39+00:00,,69772.146475,69940.45,no_trigger,,SHORT because aggressive buying pressure 0.637 (absorbed); absorb score 0.701 (ask absorbed buys); range compression observed; 15 defense cycles seen; zone defended for 180 s; OFI score -0.187 (sell-side)
2026-03-20,BTC-USDT-SWAP-LONG-1773965776000-2,LONG,trigger,HIGH,6,2026-03-20T00:35:09+00:00,2026-03-20T00:39:27+00:00,69903.65,70139.95,failed_triggered,True,LONG because absorb score 0.624 (bid absorbed sells); range compression observed; 22 defense cycles seen; zone defended for 1133 s; trigger flow multiplier 1.44x; break 0.075% above zone
2026-03-20,BTC-USDT-SWAP-LONG-1773967549000-4,LONG,trigger,HIGH,6,2026-03-20T00:51:20+00:00,2026-03-20T01:02:16+00:00,70163.55067499999,70248.35,failed_triggered,False,LONG because absorb score 0.608 (bid absorbed sells); range compression observed; 8 defense cycles seen; zone defended for 331 s; trigger flow multiplier 2.26x; break 0.120% above zone
2026-03-20,BTC-USDT-SWAP-LONG-1773967888000-5,LONG,trigger,HIGH,8,2026-03-20T00:57:41+00:00,2026-03-20T01:02:18+00:00,70133.05,70307.58622499999,failed_triggered,False,LONG because aggressive selling pressure 0.607 (absorbed); absorb score 0.668 (bid absorbed sells); range compression observed; 41 defense cycles seen; zone defended for 373 s; OFI score 0.196 (buy-side); trigger flow multiplier 2.16x; break 0.067% above zone
2026-03-20,BTC-USDT-SWAP-SHORT-1773964831000-1,SHORT,confirmed,HIGH,6,2026-03-20T00:21:21+00:00,,69800.05,70139.95,invalidated_or_expired,,SHORT because aggressive buying pressure 0.788 (absorbed); absorb score 0.867 (ask absorbed buys); range compression observed; 53 defense cycles seen; zone defended for 1250 s; OFI score -0.106 (sell-side)
2026-03-20,BTC-USDT-SWAP-LONG-1773970205000-7,LONG,trigger,HIGH,6,2026-03-20T01:38:44+00:00,2026-03-20T01:39:42+00:00,70325.869475,70476.05,failed_triggered,False,LONG because absorb score 0.606 (bid absorbed sells); range compression observed; 18 defense cycles seen; zone defended for 519 s; trigger flow multiplier 1.99x; break 0.051% above zone
2026-03-20,BTC-USDT-SWAP-LONG-1773970724000-8,LONG,confirmed,MID,4,2026-03-20T01:47:00+00:00,,70434.41517499999,70553.95,invalidated_or_expired,,LONG because absorb score 0.607 (bid absorbed sells); range compression observed; 5 defense cycles seen; zone defended for 496 s
2026-03-20,BTC-USDT-SWAP-SHORT-1773968838000-6,SHORT,trigger,HIGH,8,2026-03-20T01:11:05+00:00,2026-03-20T02:34:32+00:00,70303.05,70392.45,failed_triggered,False,SHORT because aggressive buying pressure 0.619 (absorbed); absorb score 0.681 (ask absorbed buys); range compression observed; 7 defense cycles seen; zone defended for 227 s; OFI score 0.073 (WARNING: buy-side); trigger flow multiplier 1.40x; break 0.352% below zone
2026-03-20,BTC-USDT-SWAP-SHORT-1773966081000-3,SHORT,confirmed,HIGH,6,2026-03-20T00:44:27+00:00,,69903.65,70227.45,invalidated_or_expired,,SHORT because aggressive buying pressure 0.614 (absorbed); absorb score 0.675 (ask absorbed buys); range compression observed; 25 defense cycles seen; zone defended for 1386 s; OFI score -0.193 (sell-side)
2026-03-20,BTC-USDT-SWAP-SHORT-1773973332000-9,SHORT,confirmed,HIGH,5,2026-03-20T02:39:12+00:00,,70044.65,70285.175025,invalidated_or_expired,,SHORT because absorb score 0.616 (ask absorbed buys); range compression observed; 34 defense cycles seen; zone defended for 1020 s; OFI score -0.271 (sell-side)
2026-03-20,BTC-USDT-SWAP-LONG-1773978036000-13,LONG,trigger,HIGH,6,2026-03-20T03:43:36+00:00,2026-03-20T03:50:39+00:00,70538.45,70634.65,failed_triggered,True,LONG because absorb score 0.642 (bid absorbed sells); range compression observed; 45 defense cycles seen; zone defended for 180 s; trigger flow multiplier 1.42x; break 0.099% above zone
2026-03-20,BTC-USDT-SWAP-LONG-1773978485000-14,LONG,trigger,HIGH,7,2026-03-20T04:00:04+00:00,2026-03-20T04:07:15+00:00,70580.95,70747.45,failed_triggered,False,LONG because absorb score 0.606 (bid absorbed sells); range compression observed; 86 defense cycles seen; zone defended for 719 s; OFI score 0.275 (buy-side); trigger flow multiplier 1.79x; break 0.117% above zone
2026-03-20,BTC-USDT-SWAP-SHORT-1773976730000-10,SHORT,confirmed,HIGH,5,2026-03-20T03:27:53+00:00,,70389.83747500001,70532.45,invalidated_or_expired,,SHORT because absorb score 0.631 (ask absorbed buys); range compression observed; 15 defense cycles seen; zone defended for 543 s; OFI score -0.461 (sell-side)
2026-03-20,BTC-USDT-SWAP-SHORT-1773980106000-16,SHORT,trigger,HIGH,7,2026-03-20T04:31:02+00:00,2026-03-20T04:34:13+00:00,70780.05,70896.280425,failed_triggered,True,SHORT because absorb score 0.623 (ask absorbed buys); range compression observed; 30 defense cycles seen; zone defended for 956 s; OFI score -0.449 (sell-side); trigger flow multiplier 1.40x; break 0.286% below zone
2026-03-20,BTC-USDT-SWAP-LONG-1773980008000-15,LONG,confirmed,HIGH,5,2026-03-20T04:20:12+00:00,,70780.05,70920.95,invalidated_or_expired,,LONG because absorb score 0.605 (bid absorbed sells); range compression observed; 40 defense cycles seen; zone defended for 404 s; OFI score -0.444 (WARNING: sell-side)
2026-03-20,BTC-USDT-SWAP-SHORT-1773977273000-11,SHORT,trigger,HIGH,7,2026-03-20T03:35:03+00:00,2026-03-20T06:20:06+00:00,70444.31022500001,70772.65,failed_triggered,False,SHORT because absorb score 0.621 (ask absorbed buys); range compression observed; 42 defense cycles seen; zone defended for 430 s; OFI score -0.191 (sell-side); trigger flow multiplier 1.61x; break 0.060% below zone
2026-03-20,BTC-USDT-SWAP-LONG-1773988237000-17,LONG,trigger,HIGH,8,2026-03-20T06:37:54+00:00,2026-03-20T07:34:00+00:00,70380.15,70535.199975,failed_triggered,True,LONG because aggressive selling pressure 0.682 (absorbed); absorb score 0.750 (bid absorbed sells); range compression observed; 32 defense cycles seen; zone defended for 437 s; OFI score 0.228 (buy-side); trigger flow multiplier 1.54x; break 0.126% above zone
2026-03-20,BTC-USDT-SWAP-SHORT-1773990723000-18,SHORT,confirmed,HIGH,6,2026-03-20T07:15:26+00:00,,70210.05,70307.25,invalidated_or_expired,,SHORT because aggressive buying pressure 0.672 (absorbed); absorb score 0.661 (ask absorbed buys); range compression observed; 100 defense cycles seen; zone defended for 203 s; OFI score -0.100 (sell-side)
2026-03-20,BTC-USDT-SWAP-LONG-1773993061000-19,LONG,trigger,HIGH,7,2026-03-20T07:54:01+00:00,2026-03-20T08:09:24+00:00,70800.15,70882.373475,failed_triggered,False,LONG because absorb score 0.648 (bid absorbed sells); range compression observed; 89 defense cycles seen; zone defended for 180 s; OFI score 0.162 (buy-side); trigger flow multiplier 1.48x; break 0.268% above zone
2026-03-20,BTC-USDT-SWAP-SHORT-1773977703000-12,SHORT,confirmed,HIGH,6,2026-03-20T03:55:39+00:00,,70529.25,70731.95,invalidated_or_expired,,SHORT because aggressive buying pressure 0.650 (absorbed); absorb score 0.715 (ask absorbed buys); range compression observed; 20 defense cycles seen; zone defended for 1236 s; OFI score -0.184 (sell-side)
2026-03-20,BTC-USDT-SWAP-SHORT-1773995341000-21,SHORT,trigger,HIGH,6,2026-03-20T09:09:15+00:00,2026-03-20T09:16:35+00:00,70850.05,71275.46992500001,failed_triggered,True,SHORT because absorb score 0.631 (ask absorbed buys); range compression observed; 13 defense cycles seen; zone defended for 2414 s; trigger flow multiplier 1.42x; break 0.182% below zone
2026-03-20,BTC-USDT-SWAP-LONG-1773994722000-20,LONG,confirmed,HIGH,6,2026-03-20T08:35:01+00:00,,71064.45,71263.25,invalidated_or_expired,,LONG because aggressive selling pressure 0.636 (absorbed); absorb score 0.623 (bid absorbed sells); range compression observed; 39 defense cycles seen; zone defended for 979 s; OFI score 0.070 (buy-side)
2026-03-20,BTC-USDT-SWAP-SHORT-1774008086000-23,SHORT,trigger,HIGH,8,2026-03-20T12:12:14+00:00,2026-03-20T12:31:56+00:00,70378.15,70651.95,failed_triggered,True,SHORT because aggressive buying pressure 0.686 (absorbed); absorb score 0.693 (ask absorbed buys); range compression observed; 125 defense cycles seen; zone defended for 648 s; OFI score -0.199 (sell-side); trigger flow multiplier 1.50x; break 0.051% below zone
2026-03-20,BTC-USDT-SWAP-SHORT-1774010892000-24,SHORT,trigger,HIGH,7,2026-03-20T12:51:19+00:00,2026-03-20T13:31:36+00:00,70223.45,70316.75,failed_triggered,False,SHORT because absorb score 0.611 (ask absorbed buys); range compression observed; 6 defense cycles seen; zone defended for 187 s; OFI score -0.227 (sell-side); trigger flow multiplier 3.06x; break 0.084% below zone
2026-03-20,BTC-USDT-SWAP-LONG-1773997017000-22,LONG,confirmed,HIGH,5,2026-03-20T09:30:53+00:00,,70386.65,71077.470975,invalidated_or_expired,,LONG because absorb score 0.645 (bid absorbed sells); range compression observed; 19 defense cycles seen; zone defended for 2036 s; OFI score 0.059 (buy-side)
2026-03-20,BTC-USDT-SWAP-SHORT-1774014989000-25,SHORT,trigger,HIGH,7,2026-03-20T14:10:15+00:00,2026-03-20T14:19:15+00:00,69646.65,69992.45,failed_triggered,False,SHORT because absorb score 0.609 (ask absorbed buys); range compression observed; 20 defense cycles seen; zone defended for 826 s; OFI score -0.165 (sell-side); trigger flow multiplier 1.96x; break 0.058% below zone
2026-03-20,BTC-USDT-SWAP-SHORT-1774019927000-27,SHORT,confirmed,HIGH,5,2026-03-20T15:21:47+00:00,,69560.05,69661.363275,invalidated_or_expired,,SHORT because absorb score 0.638 (ask absorbed buys); range compression observed; 162 defense cycles seen; zone defended for 180 s; OFI score -0.202 (sell-side)
2026-03-20,BTC-USDT-SWAP-SHORT-1774019946000-28,SHORT,confirmed,HIGH,5,2026-03-20T15:22:06+00:00,,69535.264975,69652.15,invalidated_or_expired,,SHORT because absorb score 0.608 (ask absorbed buys); range compression observed; 162 defense cycles seen; zone defended for 180 s; OFI score -0.348 (sell-side)
2026-03-20,BTC-USDT-SWAP-SHORT-1774031763000-30,SHORT,confirmed,HIGH,5,2026-03-20T18:39:03+00:00,,69490.55,69638.35,invalidated_or_expired,,SHORT because absorb score 0.629 (ask absorbed buys); range compression observed; 168 defense cycles seen; zone defended for 180 s; OFI score -0.085 (sell-side)
2026-03-20,BTC-USDT-SWAP-SHORT-1774031844000-31,SHORT,confirmed,HIGH,6,2026-03-20T18:45:41+00:00,,69480.392425,69761.25,invalidated_or_expired,,SHORT because aggressive buying pressure 0.629 (absorbed); absorb score 0.692 (ask absorbed buys); range compression observed; 151 defense cycles seen; zone defended for 497 s; OFI score -0.146 (sell-side)
2026-03-20,BTC-USDT-SWAP-SHORT-1774040190000-34,SHORT,confirmed,HIGH,5,2026-03-20T21:01:22+00:00,,69977.343825,70049.95,invalidated_or_expired,,SHORT because aggressive buying pressure 0.668 (absorbed); absorb score 0.735 (ask absorbed buys); range compression observed; 3 defense cycles seen; zone defended for 292 s
2026-03-20,BTC-USDT-SWAP-SHORT-1774036783000-32,SHORT,confirmed,HIGH,6,2026-03-20T20:02:43+00:00,,70042.95,70172.318625,invalidated_or_expired,,SHORT because aggressive buying pressure 0.642 (absorbed); absorb score 0.706 (ask absorbed buys); range compression observed; 144 defense cycles seen; zone defended for 180 s; OFI score 0.215 (WARNING: buy-side)
2026-03-20,BTC-USDT-SWAP-SHORT-1774036822000-33,SHORT,confirmed,HIGH,5,2026-03-20T20:04:34+00:00,,70042.95,70164.55,invalidated_or_expired,,SHORT because absorb score 0.642 (ask absorbed buys); range compression observed; 163 defense cycles seen; zone defended for 252 s; OFI score -0.240 (sell-side)
2026-03-20,BTC-USDT-SWAP-LONG-1774028344000-29,LONG,trigger,HIGH,6,2026-03-20T17:47:20+00:00,2026-03-20T21:19:19+00:00,69494.285475,69634.95,failed_triggered,False,LONG because absorb score 0.651 (bid absorbed sells); range compression observed; 79 defense cycles seen; zone defended for 496 s; trigger flow multiplier 1.40x; break 1.259% above zone
2026-03-20,BTC-USDT-SWAP-LONG-1774015493000-26,LONG,confirmed,HIGH,6,2026-03-20T14:23:35+00:00,,69364.05,70887.95,no_trigger,,LONG because aggressive selling pressure 0.603 (absorbed); absorb score 0.664 (bid absorbed sells); range compression observed; 43 defense cycles seen; zone defended for 1122 s; OFI score -0.283 (WARNING: sell-side)
2026-03-21,BTC-USDT-SWAP-LONG-1774051508000-1,LONG,trigger,HIGH,7,2026-03-21T00:08:08+00:00,2026-03-21T00:16:21+00:00,70511.05,70583.023875,failed_triggered,True,LONG because absorb score 0.620 (bid absorbed sells); range compression observed; 73 defense cycles seen; zone defended for 180 s; OFI score 0.212 (buy-side); trigger flow multiplier 2.57x; break 0.057% above zone
2026-03-21,BTC-USDT-SWAP-LONG-1774053309000-3,LONG,trigger,HIGH,7,2026-03-21T00:49:49+00:00,2026-03-21T00:56:19+00:00,70532.75,70654.95,failed_triggered,False,LONG because absorb score 0.607 (bid absorbed sells); range compression observed; 49 defense cycles seen; zone defended for 880 s; OFI score -0.084 (WARNING: sell-side); trigger flow multiplier 1.53x; break 0.058% above zone
2026-03-21,BTC-USDT-SWAP-SHORT-1774053604000-4,SHORT,trigger,HIGH,7,2026-03-21T00:59:58+00:00,2026-03-21T01:44:59+00:00,70532.75,70696.15,primary_unique_reached_move,True,SHORT because absorb score 0.611 (ask absorbed buys); range compression observed; 16 defense cycles seen; zone defended for 1194 s; OFI score -0.121 (sell-side); trigger flow multiplier 3.02x; break 0.056% below zone
2026-03-21,BTC-USDT-SWAP-LONG-1774058261000-6,LONG,trigger,HIGH,7,2026-03-21T02:00:43+00:00,2026-03-21T02:52:05+00:00,70432.45,70514.689725,failed_triggered,True,LONG because absorb score 0.601 (bid absorbed sells); range compression observed; 67 defense cycles seen; zone defended for 182 s; OFI score -0.246 (WARNING: sell-side); trigger flow multiplier 1.41x; break 0.275% above zone
2026-03-21,BTC-USDT-SWAP-LONG-1774061201000-7,LONG,trigger,HIGH,7,2026-03-21T02:56:50+00:00,2026-03-21T05:32:08+00:00,70640.711975,70749.95,failed_triggered,False,LONG because aggressive selling pressure 0.610 (absorbed); absorb score 0.671 (bid absorbed sells); range compression observed; 8 defense cycles seen; zone defended for 609 s; trigger flow multiplier 1.89x; break 0.053% above zone
2026-03-21,BTC-USDT-SWAP-SHORT-1774071458000-8,SHORT,trigger,HIGH,8,2026-03-21T05:47:50+00:00,2026-03-21T08:19:41+00:00,70679.25,70784.324475,duplicate_reached_move,False,SHORT because aggressive buying pressure 0.662 (absorbed); absorb score 0.728 (ask absorbed buys); range compression observed; 8 defense cycles seen; zone defended for 612 s; OFI score 0.269 (WARNING: buy-side); trigger flow multiplier 1.40x; break 0.164% below zone
2026-03-21,BTC-USDT-SWAP-SHORT-1774078231000-9,SHORT,trigger,HIGH,8,2026-03-21T07:42:37+00:00,2026-03-21T08:21:16+00:00,70728.25,70862.463525,duplicate_reached_move,False,SHORT because aggressive buying pressure 0.703 (absorbed); absorb score 0.668 (ask absorbed buys); range compression observed; 41 defense cycles seen; zone defended for 726 s; OFI score -0.392 (sell-side); trigger flow multiplier 1.41x; break 0.249% below zone
2026-03-21,BTC-USDT-SWAP-SHORT-1774052542000-2,SHORT,trigger,HIGH,8,2026-03-21T00:25:22+00:00,2026-03-21T08:23:12+00:00,70650.05,70723.293975,duplicate_reached_move,False,SHORT because aggressive buying pressure 0.630 (absorbed); absorb score 0.693 (ask absorbed buys); range compression observed; 68 defense cycles seen; zone defended for 180 s; OFI score -0.252 (sell-side); trigger flow multiplier 1.59x; break 0.196% below zone
2026-03-21,BTC-USDT-SWAP-SHORT-1774057799000-5,SHORT,confirmed,HIGH,6,2026-03-21T01:54:13+00:00,,70445.60957500001,70516.090425,invalidated_or_expired,,SHORT because aggressive buying pressure 0.717 (absorbed); absorb score 0.788 (ask absorbed buys); range compression observed; 35 defense cycles seen; zone defended for 254 s; OFI score -0.217 (sell-side)
2026-03-21,BTC-USDT-SWAP-LONG-1774102920000-12,LONG,confirmed,HIGH,5,2026-03-21T14:30:05+00:00,,70887.888325,70958.811675,invalidated_or_expired,,LONG because absorb score 0.657 (bid absorbed sells); range compression observed; 126 defense cycles seen; zone defended for 485 s; OFI score -0.051 (WARNING: sell-side)
2026-03-21,BTC-USDT-SWAP-LONG-1774102049000-10,LONG,confirmed,HIGH,5,2026-03-21T14:22:00+00:00,,70734.565025,71066.75,invalidated_or_expired,,LONG because absorb score 0.613 (bid absorbed sells); range compression observed; 7 defense cycles seen; zone defended for 871 s; OFI score 0.101 (buy-side)
2026-03-21,BTC-USDT-SWAP-SHORT-1774110303000-13,SHORT,trigger,HIGH,7,2026-03-21T16:28:03+00:00,2026-03-21T16:28:51+00:00,70450.507125,70520.992875,duplicate_reached_move,True,SHORT because absorb score 0.643 (ask absorbed buys); range compression observed; 58 defense cycles seen; zone defended for 180 s; OFI score -0.138 (sell-side); trigger flow multiplier 6.67x; break 0.178% below zone
2026-03-21,BTC-USDT-SWAP-SHORT-1774110996000-14,SHORT,trigger,HIGH,6,2026-03-21T16:39:36+00:00,2026-03-21T16:41:32+00:00,70391.836475,70462.263525,duplicate_reached_move,False,SHORT because absorb score 0.651 (ask absorbed buys); range compression observed; 17 defense cycles seen; zone defended for 180 s; trigger flow multiplier 1.40x; break 0.103% below zone
2026-03-21,BTC-USDT-SWAP-SHORT-1774111884000-15,SHORT,trigger,HIGH,8,2026-03-21T16:54:24+00:00,2026-03-21T16:56:14+00:00,70333.35,70409.23702500001,duplicate_reached_move,False,SHORT because aggressive buying pressure 0.672 (absorbed); absorb score 0.739 (ask absorbed buys); range compression observed; 145 defense cycles seen; zone defended for 180 s; OFI score 0.186 (WARNING: buy-side); trigger flow multiplier 2.73x; break 0.062% below zone
2026-03-21,BTC-USDT-SWAP-SHORT-1774112836000-17,SHORT,trigger,HIGH,8,2026-03-21T17:15:26+00:00,2026-03-21T23:12:02+00:00,70170.45,70319.29207499999,duplicate_reached_move,False,SHORT because aggressive buying pressure 0.702 (absorbed); absorb score 0.764 (ask absorbed buys); range compression observed; 113 defense cycles seen; zone defended for 490 s; OFI score -0.267 (sell-side); trigger flow multiplier 2.51x; break 0.064% below zone
2026-03-21,BTC-USDT-SWAP-SHORT-1774112945000-18,SHORT,trigger,HIGH,7,2026-03-21T17:15:26+00:00,2026-03-21T23:12:02+00:00,70170.45,70263.364125,duplicate_reached_move,False,SHORT because absorb score 0.609 (ask absorbed buys); range compression observed; 7 defense cycles seen; zone defended for 381 s; OFI score -0.144 (sell-side); trigger flow multiplier 2.03x; break 0.064% below zone
2026-03-21,BTC-USDT-SWAP-SHORT-1774135368000-21,SHORT,trigger,HIGH,8,2026-03-21T23:25:48+00:00,2026-03-21T23:45:24+00:00,70101.25,70176.220575,duplicate_reached_move,False,SHORT because aggressive buying pressure 0.643 (absorbed); absorb score 0.708 (ask absorbed buys); range compression observed; 182 defense cycles seen; zone defended for 180 s; OFI score -0.271 (sell-side); trigger flow multiplier 1.45x; break 0.052% below zone
2026-03-21,BTC-USDT-SWAP-LONG-1774117994000-19,LONG,confirmed,HIGH,5,2026-03-21T18:56:25+00:00,,70341.05,70492.95,invalidated_or_expired,,LONG because aggressive selling pressure 0.676 (absorbed); absorb score 0.744 (bid absorbed sells); range compression observed; 18 defense cycles seen; zone defended for 1391 s
2026-03-21,BTC-USDT-SWAP-LONG-1774112479000-16,LONG,confirmed,HIGH,6,2026-03-21T17:13:51+00:00,,70170.45,70343.95,invalidated_or_expired,,LONG because aggressive selling pressure 0.656 (absorbed); absorb score 0.722 (bid absorbed sells); range compression observed; 8 defense cycles seen; zone defended for 752 s; OFI score -0.072 (WARNING: sell-side)
2026-03-21,BTC-USDT-SWAP-LONG-1774135026000-20,LONG,confirmed,HIGH,6,2026-03-21T23:20:07+00:00,,70079.892525,70185.45,invalidated_or_expired,,LONG because aggressive selling pressure 0.639 (absorbed); absorb score 0.625 (bid absorbed sells); range compression observed; 96 defense cycles seen; zone defended for 181 s; OFI score 0.155 (buy-side)
2026-03-21,BTC-USDT-SWAP-SHORT-1774102622000-11,SHORT,trigger,HIGH,7,2026-03-21T14:32:57+00:00,2026-03-21T23:47:58+00:00,70876.693925,70979.95,failed_triggered,False,SHORT because absorb score 0.647 (ask absorbed buys); range compression observed; 40 defense cycles seen; zone defended for 955 s; OFI score -0.309 (sell-side); trigger flow multiplier 1.40x; break 1.546% below zone
2026-03-22,BTC-USDT-SWAP-SHORT-1774139842000-3,SHORT,trigger,HIGH,7,2026-03-22T00:49:42+00:00,2026-03-22T00:53:06+00:00,68912.55,69099.95,primary_unique_reached_move,True,SHORT because absorb score 0.649 (ask absorbed buys); range compression observed; 9 defense cycles seen; zone defended for 740 s; OFI score 0.056 (WARNING: buy-side); trigger flow multiplier 1.41x; break 0.240% below zone
2026-03-22,BTC-USDT-SWAP-SHORT-1774139822000-2,SHORT,trigger,HIGH,7,2026-03-22T00:49:42+00:00,2026-03-22T00:53:40+00:00,68912.55,69099.95,duplicate_reached_move,False,SHORT because absorb score 0.646 (ask absorbed buys); range compression observed; 19 defense cycles seen; zone defended for 760 s; OFI score -0.165 (sell-side); trigger flow multiplier 1.40x; break 0.184% below zone
2026-03-22,BTC-USDT-SWAP-SHORT-1774142237000-5,SHORT,trigger,HIGH,8,2026-03-22T01:32:41+00:00,2026-03-22T01:37:40+00:00,68830.617475,69049.95,duplicate_reached_move,False,SHORT because aggressive buying pressure 0.627 (absorbed); absorb score 0.690 (ask absorbed buys); range compression observed; 24 defense cycles seen; zone defended for 924 s; OFI score -0.312 (sell-side); trigger flow multiplier 4.02x; break 0.092% below zone
2026-03-22,BTC-USDT-SWAP-SHORT-1774140972000-4,SHORT,trigger,HIGH,6,2026-03-22T01:17:17+00:00,2026-03-22T01:37:54+00:00,68765.550025,69054.95,duplicate_reached_move,False,SHORT because absorb score 0.605 (ask absorbed buys); range compression observed; 15 defense cycles seen; zone defended for 1265 s; trigger flow multiplier 1.62x; break 0.058% below zone
2026-03-22,BTC-USDT-SWAP-LONG-1774139310000-1,LONG,trigger,HIGH,7,2026-03-22T00:41:19+00:00,2026-03-22T02:29:03+00:00,68765.550025,69103.15,failed_triggered,False,LONG because absorb score 0.606 (bid absorbed sells); range compression observed; 7 defense cycles seen; zone defended for 769 s; OFI score 0.205 (buy-side); trigger flow multiplier 1.40x; break 0.366% above zone
2026-03-22,BTC-USDT-SWAP-LONG-1774147456000-7,LONG,trigger,HIGH,7,2026-03-22T02:47:17+00:00,2026-03-22T03:27:57+00:00,69163.95,69248.857125,failed_triggered,False,LONG because absorb score 0.618 (bid absorbed sells); range compression observed; 112 defense cycles seen; zone defended for 181 s; OFI score 0.095 (buy-side); trigger flow multiplier 1.49x; break 0.240% above zone
2026-03-22,BTC-USDT-SWAP-SHORT-1774149904000-8,SHORT,trigger,HIGH,8,2026-03-22T03:39:26+00:00,2026-03-22T04:22:04+00:00,69251.75,69547.65,duplicate_reached_move,True,SHORT because aggressive buying pressure 0.660 (absorbed); absorb score 0.726 (ask absorbed buys); range compression observed; 53 defense cycles seen; zone defended for 862 s; OFI score -0.067 (sell-side); trigger flow multiplier 2.47x; break 0.052% below zone
2026-03-22,BTC-USDT-SWAP-SHORT-1774158125000-11,SHORT,trigger,HIGH,7,2026-03-22T05:45:53+00:00,2026-03-22T06:01:31+00:00,69107.778825,69179.45,duplicate_reached_move,True,SHORT because absorb score 0.605 (ask absorbed buys); range compression observed; 6 defense cycles seen; zone defended for 228 s; OFI score -0.608 (sell-side); trigger flow multiplier 4.50x; break 0.056% below zone
2026-03-22,BTC-USDT-SWAP-SHORT-1774146977000-6,SHORT,trigger,HIGH,7,2026-03-22T02:41:48+00:00,2026-03-22T06:04:00+00:00,69160.05,69263.56447499999,duplicate_reached_move,False,SHORT because absorb score 0.606 (ask absorbed buys); range compression observed; 3 defense cycles seen; zone defended for 331 s; OFI score 0.154 (WARNING: buy-side); trigger flow multiplier 1.40x; break 0.051% below zone
2026-03-22,BTC-USDT-SWAP-LONG-1774151423000-9,LONG,confirmed,HIGH,5,2026-03-22T04:27:57+00:00,,69180.25,69484.95,invalidated_or_expired,,LONG because absorb score 0.620 (bid absorbed sells); range compression observed; 5 defense cycles seen; zone defended for 2254 s; OFI score -0.128 (WARNING: sell-side)
2026-03-22,BTC-USDT-SWAP-LONG-1774157350000-10,LONG,confirmed,HIGH,6,2026-03-22T05:34:05+00:00,,69110.97722500001,69194.65,invalidated_or_expired,,LONG because aggressive selling pressure 0.646 (absorbed); absorb score 0.711 (bid absorbed sells); range compression observed; 21 defense cycles seen; zone defended for 295 s; OFI score -0.084 (WARNING: sell-side)
2026-03-22,BTC-USDT-SWAP-SHORT-1774169697000-17,SHORT,trigger,HIGH,7,2026-03-22T09:07:26+00:00,2026-03-22T09:18:21+00:00,68675.395125,68815.15,failed_triggered,True,SHORT because absorb score 0.612 (ask absorbed buys); range compression observed; 110 defense cycles seen; zone defended for 749 s; OFI score 0.077 (WARNING: buy-side); trigger flow multiplier 1.87x; break 0.051% below zone
2026-03-22,BTC-USDT-SWAP-SHORT-1774168475000-14,SHORT,trigger,HIGH,8,2026-03-22T08:37:35+00:00,2026-03-22T11:26:01+00:00,68529.55,68659.95,failed_triggered,False,SHORT because aggressive buying pressure 0.646 (absorbed); absorb score 0.711 (ask absorbed buys); range compression observed; 115 defense cycles seen; zone defended for 180 s; OFI score -0.475 (sell-side); trigger flow multiplier 1.41x; break 0.188% below zone
2026-03-22,BTC-USDT-SWAP-SHORT-1774168425000-13,SHORT,trigger,HIGH,8,2026-03-22T08:36:46+00:00,2026-03-22T11:26:17+00:00,68529.55,68684.375025,failed_triggered,False,SHORT because aggressive buying pressure 0.614 (absorbed); absorb score 0.673 (ask absorbed buys); range compression observed; 116 defense cycles seen; zone defended for 181 s; OFI score -0.390 (sell-side); trigger flow multiplier 1.40x; break 0.124% below zone
2026-03-22,BTC-USDT-SWAP-SHORT-1774168517000-15,SHORT,trigger,HIGH,7,2026-03-22T08:38:24+00:00,2026-03-22T11:26:17+00:00,68508.478625,68675.05,failed_triggered,False,SHORT because absorb score 0.650 (ask absorbed buys); range compression observed; 97 defense cycles seen; zone defended for 187 s; OFI score -0.199 (sell-side); trigger flow multiplier 1.47x; break 0.093% below zone
2026-03-22,BTC-USDT-SWAP-LONG-1774169205000-16,LONG,confirmed,HIGH,5,2026-03-22T09:21:30+00:00,,68615.85,68853.65,invalidated_or_expired,,LONG because absorb score 0.615 (bid absorbed sells); range compression observed; 6 defense cycles seen; zone defended for 2085 s; OFI score -0.115 (WARNING: sell-side)
2026-03-22,BTC-USDT-SWAP-LONG-1774168383000-12,LONG,confirmed,HIGH,6,2026-03-22T08:46:45+00:00,,68529.55,68765.65,invalidated_or_expired,,LONG because aggressive selling pressure 0.710 (absorbed); absorb score 0.781 (bid absorbed sells); range compression observed; 9 defense cycles seen; zone defended for 822 s; OFI score -0.428 (WARNING: sell-side)
2026-03-22,BTC-USDT-SWAP-SHORT-1774179056000-18,SHORT,trigger,HIGH,7,2026-03-22T11:38:21+00:00,2026-03-22T11:52:19+00:00,68355.455175,68479.95,failed_triggered,False,SHORT because absorb score 0.609 (ask absorbed buys); range compression observed; 7 defense cycles seen; zone defended for 445 s; OFI score 0.058 (WARNING: buy-side); trigger flow multiplier 1.70x; break 0.434% below zone
2026-03-22,BTC-USDT-SWAP-SHORT-1774180644000-22,SHORT,confirmed,HIGH,6,2026-03-22T12:00:24+00:00,,68160.05,68234.15002500001,invalidated_or_expired,,SHORT because aggressive buying pressure 0.625 (absorbed); absorb score 0.685 (ask absorbed buys); range compression observed; 123 defense cycles seen; zone defended for 180 s; OFI score -0.394 (sell-side)
2026-03-22,BTC-USDT-SWAP-SHORT-1774180005000-20,SHORT,confirmed,HIGH,5,2026-03-22T11:57:24+00:00,,68058.55,68334.200025,invalidated_or_expired,,SHORT because absorb score 0.617 (ask absorbed buys); range compression observed; 5 defense cycles seen; zone defended for 639 s; OFI score -0.337 (sell-side)
2026-03-22,BTC-USDT-SWAP-LONG-1774183232000-23,LONG,trigger,HIGH,6,2026-03-22T12:47:53+00:00,2026-03-22T13:01:39+00:00,68533.75,68608.837275,failed_triggered,True,LONG because absorb score 0.642 (bid absorbed sells); range compression observed; 60 defense cycles seen; zone defended for 441 s; trigger flow multiplier 1.43x; break 0.200% above zone
2026-03-22,BTC-USDT-SWAP-LONG-1774179961000-19,LONG,trigger,HIGH,7,2026-03-22T11:54:28+00:00,2026-03-22T13:04:06+00:00,68058.55,68409.437625,failed_triggered,False,LONG because absorb score 0.646 (bid absorbed sells); range compression observed; 5 defense cycles seen; zone defended for 507 s; OFI score -0.224 (WARNING: sell-side); trigger flow multiplier 1.44x; break 0.690% above zone
2026-03-22,BTC-USDT-SWAP-LONG-1774185495000-24,LONG,trigger,HIGH,7,2026-03-22T13:39:10+00:00,2026-03-22T14:23:16+00:00,68553.95,68815.95,failed_triggered,True,LONG because aggressive selling pressure 0.624 (absorbed); absorb score 0.674 (bid absorbed sells); range compression observed; 23 defense cycles seen; zone defended for 1255 s; trigger flow multiplier 1.88x; break 0.058% above zone
2026-03-22,BTC-USDT-SWAP-LONG-1774186750000-25,LONG,trigger,HIGH,8,2026-03-22T13:42:10+00:00,2026-03-22T15:08:07+00:00,68592.75,68673.469575,failed_triggered,False,LONG because aggressive selling pressure 0.624 (absorbed); absorb score 0.601 (bid absorbed sells); range compression observed; 53 defense cycles seen; zone defended for 180 s; OFI score 0.073 (buy-side); trigger flow multiplier 1.40x; break 0.247% above zone
2026-03-22,BTC-USDT-SWAP-SHORT-1774207344000-27,SHORT,trigger,HIGH,7,2026-03-22T19:25:24+00:00,2026-03-22T19:31:56+00:00,68286.98942499999,68355.310575,failed_triggered,True,SHORT because absorb score 0.633 (ask absorbed buys); range compression observed; 79 defense cycles seen; zone defended for 180 s; OFI score -0.296 (sell-side); trigger flow multiplier 1.40x; break 0.088% below zone
2026-03-22,BTC-USDT-SWAP-SHORT-1774209401000-29,SHORT,trigger,HIGH,8,2026-03-22T19:59:41+00:00,2026-03-22T20:53:29+00:00,68117.973975,68186.126025,failed_triggered,True,SHORT because aggressive buying pressure 0.644 (absorbed); absorb score 0.616 (ask absorbed buys); range compression observed; 136 defense cycles seen; zone defended for 180 s; OFI score -0.406 (sell-side); trigger flow multiplier 2.32x; break 0.052% below zone
2026-03-22,BTC-USDT-SWAP-LONG-1774204867000-26,LONG,confirmed,HIGH,5,2026-03-22T18:58:47+00:00,,68402.05,68544.45,invalidated_or_expired,,LONG because aggressive selling pressure 0.685 (absorbed); absorb score 0.643 (bid absorbed sells); range compression observed; 20 defense cycles seen; zone defended for 1060 s
2026-03-22,BTC-USDT-SWAP-SHORT-1774208087000-28,SHORT,trigger,HIGH,8,2026-03-22T19:40:05+00:00,2026-03-22T21:05:13+00:00,68211.327275,68347.75,failed_triggered,False,SHORT because aggressive buying pressure 0.630 (absorbed); absorb score 0.693 (ask absorbed buys); range compression observed; 12 defense cycles seen; zone defended for 318 s; OFI score 0.230 (WARNING: buy-side); trigger flow multiplier 2.13x; break 0.483% below zone
2026-03-22,BTC-USDT-SWAP-LONG-1774180468000-21,LONG,confirmed,HIGH,6,2026-03-22T12:08:57+00:00,,68160.05,68315.79082499999,invalidated_or_expired,,LONG because aggressive selling pressure 0.652 (absorbed); absorb score 0.710 (bid absorbed sells); range compression observed; 36 defense cycles seen; zone defended for 869 s; OFI score 0.300 (buy-side)
2026-03-22,BTC-USDT-SWAP-SHORT-1774213405000-30,SHORT,trigger,HIGH,8,2026-03-22T21:19:03+00:00,2026-03-22T21:20:27+00:00,67516.95,68134.100025,failed_triggered,False,SHORT because aggressive buying pressure 0.662 (absorbed); absorb score 0.729 (ask absorbed buys); range compression observed; 38 defense cycles seen; zone defended for 938 s; OFI score -0.336 (sell-side); trigger flow multiplier 16.64x; break 0.290% below zone
2026-03-22,BTC-USDT-SWAP-SHORT-1774213492000-31,SHORT,trigger,HIGH,7,2026-03-22T21:19:03+00:00,2026-03-22T21:20:27+00:00,67516.95,68080.87342500001,failed_triggered,False,SHORT because absorb score 0.618 (ask absorbed buys); range compression observed; 12 defense cycles seen; zone defended for 851 s; OFI score 0.495 (WARNING: buy-side); trigger flow multiplier 11.37x; break 0.290% below zone
2026-03-22,BTC-USDT-SWAP-LONG-1774214168000-32,LONG,trigger,HIGH,7,2026-03-22T22:04:01+00:00,2026-03-22T22:25:33+00:00,67309.75,67947.75,failed_triggered,True,LONG because absorb score 0.643 (bid absorbed sells); range compression observed; 16 defense cycles seen; zone defended for 2873 s; OFI score 0.165 (buy-side); trigger flow multiplier 1.40x; break 0.301% above zone
2026-03-23,BTC-USDT-SWAP-SHORT-1774224201000-1,SHORT,trigger,HIGH,8,2026-03-23T00:14:57+00:00,2026-03-23T00:36:11+00:00,67738.25,68085.95,failed_triggered,True,SHORT because aggressive buying pressure 0.769 (absorbed); absorb score 0.652 (ask absorbed buys); range compression observed; 37 defense cycles seen; zone defended for 696 s; OFI score 0.401 (WARNING: buy-side); trigger flow multiplier 3.63x; break 0.091% below zone
2026-03-23,BTC-USDT-SWAP-SHORT-1774224316000-2,SHORT,trigger,HIGH,7,2026-03-23T00:14:57+00:00,2026-03-23T00:36:11+00:00,67738.25,68085.95,failed_triggered,True,SHORT because aggressive buying pressure 0.768 (absorbed); absorb score 0.753 (ask absorbed buys); range compression observed; 34 defense cycles seen; zone defended for 581 s; trigger flow multiplier 3.16x; break 0.091% below zone
2026-03-23,BTC-USDT-SWAP-LONG-1774224466000-3,LONG,confirmed,HIGH,6,2026-03-23T00:10:46+00:00,,67892.68667499999,68014.45,invalidated_or_expired,,LONG because aggressive selling pressure 0.640 (absorbed); absorb score 0.704 (bid absorbed sells); range compression observed; 146 defense cycles seen; zone defended for 180 s; OFI score 0.079 (buy-side)
2026-03-23,BTC-USDT-SWAP-LONG-1774224518000-4,LONG,confirmed,HIGH,6,2026-03-23T00:22:01+00:00,,67762.85,68085.95,invalidated_or_expired,,LONG because aggressive selling pressure 0.638 (absorbed); absorb score 0.701 (bid absorbed sells); range compression observed; 96 defense cycles seen; zone defended for 803 s; OFI score 0.326 (buy-side)
2026-03-23,BTC-USDT-SWAP-LONG-1774228686000-7,LONG,trigger,HIGH,7,2026-03-23T01:21:06+00:00,2026-03-23T01:23:01+00:00,67840.45,68016.55,primary_unique_reached_move,True,LONG because absorb score 0.617 (bid absorbed sells); range compression observed; 182 defense cycles seen; zone defended for 180 s; OFI score 0.067 (buy-side); trigger flow multiplier 1.44x; break 0.063% above zone
2026-03-23,BTC-USDT-SWAP-LONG-1774230340000-9,LONG,trigger,HIGH,8,2026-03-23T01:53:23+00:00,2026-03-23T02:26:25+00:00,67870.75,68095.35,duplicate_reached_move,True,LONG because aggressive selling pressure 0.611 (absorbed); absorb score 0.672 (bid absorbed sells); range compression observed; 25 defense cycles seen; zone defended for 463 s; OFI score 0.224 (buy-side); trigger flow multiplier 4.19x; break 0.064% above zone
2026-03-23,BTC-USDT-SWAP-LONG-1774228797000-8,LONG,trigger,HIGH,7,2026-03-23T01:22:57+00:00,2026-03-23T02:31:01+00:00,67850.05,68016.55,duplicate_reached_move,False,LONG because absorb score 0.631 (bid absorbed sells); range compression observed; 95 defense cycles seen; zone defended for 180 s; OFI score 0.064 (buy-side); trigger flow multiplier 1.40x; break 0.267% above zone
2026-03-23,BTC-USDT-SWAP-LONG-1774233261000-11,LONG,trigger,HIGH,6,2026-03-23T02:40:31+00:00,2026-03-23T03:02:51+00:00,68162.65,68260.55,duplicate_reached_move,False,LONG because absorb score 0.606 (bid absorbed sells); range compression observed; 28 defense cycles seen; zone defended for 370 s; trigger flow multiplier 1.82x; break 0.423% above zone
2026-03-23,BTC-USDT-SWAP-SHORT-1774236610000-13,SHORT,trigger,HIGH,7,2026-03-23T03:35:45+00:00,2026-03-23T04:02:50+00:00,68076.994475,68198.55,failed_triggered,True,SHORT because absorb score 0.615 (ask absorbed buys); range compression observed; 32 defense cycles seen; zone defended for 335 s; OFI score -0.087 (sell-side); trigger flow multiplier 1.79x; break 0.070% below zone
2026-03-23,BTC-USDT-SWAP-LONG-1774237251000-14,LONG,trigger,HIGH,7,2026-03-23T03:44:14+00:00,2026-03-23T04:30:54+00:00,68064.55,68171.21857499999,duplicate_reached_move,True,LONG because absorb score 0.609 (bid absorbed sells); range compression observed; 38 defense cycles seen; zone defended for 203 s; OFI score -0.109 (WARNING: sell-side); trigger flow multiplier 1.41x; break 0.057% above zone
2026-03-23,BTC-USDT-SWAP-SHORT-1774233098000-10,SHORT,confirmed,HIGH,5,2026-03-23T02:35:15+00:00,,68153.75607500001,68249.95,invalidated_or_expired,,SHORT because absorb score 0.632 (ask absorbed buys); range compression observed; 18 defense cycles seen; zone defended for 217 s; OFI score -0.141 (sell-side)
2026-03-23,BTC-USDT-SWAP-LONG-1774226586000-5,LONG,trigger,HIGH,7,2026-03-23T00:57:42+00:00,2026-03-23T05:03:36+00:00,67577.444375,67857.35,duplicate_reached_move,False,LONG because absorb score 0.633 (bid absorbed sells); range compression observed; 105 defense cycles seen; zone defended for 876 s; OFI score 0.184 (buy-side); trigger flow multiplier 1.41x; break 1.229% above zone
2026-03-23,BTC-USDT-SWAP-LONG-1774226641000-6,LONG,trigger,HIGH,7,2026-03-23T00:57:42+00:00,2026-03-23T05:03:37+00:00,67583.45,67857.35,duplicate_reached_move,False,LONG because absorb score 0.614 (bid absorbed sells); range compression observed; 56 defense cycles seen; zone defended for 821 s; OFI score 0.171 (buy-side); trigger flow multiplier 1.56x; break 1.270% above zone
2026-03-23,BTC-USDT-SWAP-LONG-1774240874000-15,LONG,trigger,HIGH,7,2026-03-23T05:14:05+00:00,2026-03-23T05:16:29+00:00,68225.05,68753.65,duplicate_reached_move,False,LONG because absorb score 0.612 (bid absorbed sells); range compression observed; 8 defense cycles seen; zone defended for 1971 s; OFI score 0.100 (buy-side); trigger flow multiplier 2.48x; break 0.073% above zone
2026-03-23,BTC-USDT-SWAP-SHORT-1774235188000-12,SHORT,confirmed,HIGH,5,2026-03-23T03:27:50+00:00,,68136.45,68489.65,invalidated_or_expired,,SHORT because aggressive buying pressure 0.680 (absorbed); absorb score 0.748 (ask absorbed buys); range compression observed; 52 defense cycles seen; zone defended for 1282 s
2026-03-23,BTC-USDT-SWAP-SHORT-1774244879000-18,SHORT,trigger,HIGH,7,2026-03-23T06:11:37+00:00,2026-03-23T06:36:32+00:00,68533.25,68873.95,failed_triggered,True,SHORT because absorb score 0.616 (ask absorbed buys); range compression observed; 82 defense cycles seen; zone defended for 1418 s; OFI score -0.258 (sell-side); trigger flow multiplier 1.61x; break 0.262% below zone
2026-03-23,BTC-USDT-SWAP-LONG-1774242845000-17,LONG,confirmed,HIGH,5,2026-03-23T05:23:06+00:00,,68664.85,68846.65,invalidated_or_expired,,LONG because absorb score 0.608 (bid absorbed sells); range compression observed; 23 defense cycles seen; zone defended for 541 s; OFI score 0.236 (buy-side)
2026-03-23,BTC-USDT-SWAP-SHORT-1774242344000-16,SHORT,trigger,HIGH,8,2026-03-23T05:18:54+00:00,2026-03-23T06:42:57+00:00,68608.55,68846.65,failed_triggered,False,SHORT because aggressive buying pressure 0.614 (absorbed); absorb score 0.615 (ask absorbed buys); range compression observed; 23 defense cycles seen; zone defended for 790 s; OFI score -0.114 (sell-side); trigger flow multiplier 1.41x; break 1.231% below zone
2026-03-23,BTC-USDT-SWAP-SHORT-1774247388000-19,SHORT,trigger,HIGH,7,2026-03-23T06:53:16+00:00,2026-03-23T07:04:07+00:00,67666.15,68540.75,failed_triggered,False,SHORT because absorb score 0.613 (ask absorbed buys); range compression observed; 7 defense cycles seen; zone defended for 1408 s; OFI score -0.298 (sell-side); trigger flow multiplier 2.28x; break 0.051% below zone
2026-03-23,BTC-USDT-SWAP-SHORT-1774265760000-20,SHORT,trigger,HIGH,6,2026-03-23T11:44:42+00:00,2026-03-23T11:47:51+00:00,70363.95,70913.88922499999,failed_triggered,True,SHORT because absorb score 0.648 (ask absorbed buys); range compression observed; 75 defense cycles seen; zone defended for 522 s; trigger flow multiplier 1.43x; break 0.263% below zone
2026-03-23,BTC-USDT-SWAP-SHORT-1774267628000-21,SHORT,confirmed,HIGH,6,2026-03-23T12:39:23+00:00,,69763.85,70501.45,invalidated_or_expired,,SHORT because aggressive buying pressure 0.624 (absorbed); absorb score 0.686 (ask absorbed buys); range compression observed; 22 defense cycles seen; zone defended for 1935 s; OFI score 0.201 (WARNING: buy-side)
2026-03-23,BTC-USDT-SWAP-LONG-1774270395000-24,LONG,trigger,HIGH,6,2026-03-23T13:08:27+00:00,2026-03-23T13:37:33+00:00,70542.05,70864.85,failed_triggered,True,LONG because absorb score 0.625 (bid absorbed sells); range compression observed; 23 defense cycles seen; zone defended for 912 s; trigger flow multiplier 1.47x; break 0.284% above zone
2026-03-23,BTC-USDT-SWAP-LONG-1774270406000-25,LONG,trigger,HIGH,7,2026-03-23T13:08:27+00:00,2026-03-23T13:37:33+00:00,70542.05,70864.85,failed_triggered,True,LONG because absorb score 0.621 (bid absorbed sells); range compression observed; 19 defense cycles seen; zone defended for 901 s; OFI score -0.106 (WARNING: sell-side); trigger flow multiplier 1.46x; break 0.284% above zone
2026-03-23,BTC-USDT-SWAP-LONG-1774270541000-26,LONG,trigger,HIGH,7,2026-03-23T13:08:27+00:00,2026-03-23T13:38:14+00:00,70542.05,70864.85,failed_triggered,False,LONG because absorb score 0.650 (bid absorbed sells); range compression observed; 11 defense cycles seen; zone defended for 766 s; OFI score -0.174 (WARNING: sell-side); trigger flow multiplier 1.41x; break 0.147% above zone
2026-03-23,BTC-USDT-SWAP-LONG-1774268722000-22,LONG,trigger,HIGH,7,2026-03-23T12:31:28+00:00,2026-03-23T13:39:43+00:00,70180.05,70375.920375,failed_triggered,False,LONG because absorb score 0.606 (bid absorbed sells); range compression observed; 6 defense cycles seen; zone defended for 366 s; OFI score 0.144 (buy-side); trigger flow multiplier 1.40x; break 1.064% above zone
2026-03-23,BTC-USDT-SWAP-SHORT-1774269563000-23,SHORT,confirmed,HIGH,5,2026-03-23T13:04:12+00:00,,70243.95,70864.85,invalidated_or_expired,,SHORT because absorb score 0.653 (ask absorbed buys); range compression observed; 56 defense cycles seen; zone defended for 1489 s; OFI score -0.185 (sell-side)
2026-03-23,BTC-USDT-SWAP-SHORT-1774273649000-27,SHORT,confirmed,HIGH,5,2026-03-23T13:50:58+00:00,,70983.55,71309.25,invalidated_or_expired,,SHORT because absorb score 0.640 (ask absorbed buys); range compression observed; 19 defense cycles seen; zone defended for 209 s; OFI score -0.076 (sell-side)
2026-03-23,BTC-USDT-SWAP-LONG-1774275378000-30,LONG,confirmed,HIGH,5,2026-03-23T14:19:18+00:00,,71525.55,71696.65,invalidated_or_expired,,LONG because absorb score 0.633 (bid absorbed sells); range compression observed; 80 defense cycles seen; zone defended for 180 s; OFI score -0.074 (WARNING: sell-side)
2026-03-23,BTC-USDT-SWAP-LONG-1774276640000-31,LONG,confirmed,HIGH,6,2026-03-23T14:40:59+00:00,,71252.45,71499.85,invalidated_or_expired,,LONG because aggressive selling pressure 0.602 (absorbed); absorb score 0.662 (bid absorbed sells); range compression observed; 40 defense cycles seen; zone defended for 219 s; OFI score 0.189 (buy-side)
2026-03-23,BTC-USDT-SWAP-SHORT-1774279570000-32,SHORT,trigger,HIGH,7,2026-03-23T15:32:09+00:00,2026-03-23T15:46:22+00:00,70834.45,70976.920725,failed_triggered,True,SHORT because absorb score 0.606 (ask absorbed buys); range compression observed; 6 defense cycles seen; zone defended for 359 s; OFI score 0.078 (WARNING: buy-side); trigger flow multiplier 1.47x; break 0.481% below zone
2026-03-23,BTC-USDT-SWAP-SHORT-1774275173000-28,SHORT,trigger,HIGH,8,2026-03-23T15:06:29+00:00,2026-03-23T15:53:41+00:00,71089.05,71696.65,failed_triggered,False,SHORT because aggressive buying pressure 0.615 (absorbed); absorb score 0.676 (ask absorbed buys); range compression observed; 55 defense cycles seen; zone defended for 3216 s; OFI score -0.365 (sell-side); trigger flow multiplier 1.43x; break 0.896% below zone
2026-03-23,BTC-USDT-SWAP-SHORT-1774275219000-29,SHORT,trigger,HIGH,7,2026-03-23T15:06:29+00:00,2026-03-23T15:53:41+00:00,71089.05,71696.65,failed_triggered,False,SHORT because absorb score 0.638 (ask absorbed buys); range compression observed; 9 defense cycles seen; zone defended for 3170 s; OFI score -0.157 (sell-side); trigger flow multiplier 1.51x; break 0.896% below zone
2026-03-23,BTC-USDT-SWAP-SHORT-1774281621000-33,SHORT,confirmed,HIGH,5,2026-03-23T16:14:02+00:00,,70095.05,70500.75,invalidated_or_expired,,SHORT because absorb score 0.623 (ask absorbed buys); range compression observed; 107 defense cycles seen; zone defended for 821 s; OFI score 0.348 (WARNING: buy-side)
2026-03-23,BTC-USDT-SWAP-SHORT-1774281629000-34,SHORT,confirmed,HIGH,5,2026-03-23T16:14:02+00:00,,70080.39227499999,70500.75,invalidated_or_expired,,SHORT because absorb score 0.631 (ask absorbed buys); range compression observed; 99 defense cycles seen; zone defended for 813 s; OFI score -0.168 (sell-side)
2026-03-23,BTC-USDT-SWAP-LONG-1774288091000-35,LONG,trigger,HIGH,7,2026-03-23T17:59:38+00:00,2026-03-23T18:46:48+00:00,70861.301625,71090.75,failed_triggered,True,LONG because absorb score 0.619 (bid absorbed sells); range compression observed; 3 defense cycles seen; zone defended for 687 s; OFI score -0.160 (WARNING: sell-side); trigger flow multiplier 1.48x; break 0.056% above zone
2026-03-23,BTC-USDT-SWAP-SHORT-1774288765000-36,SHORT,trigger,HIGH,7,2026-03-23T18:20:02+00:00,2026-03-23T19:07:26+00:00,70877.75,71137.65,failed_triggered,True,SHORT because absorb score 0.621 (ask absorbed buys); range compression observed; 3 defense cycles seen; zone defended for 1237 s; OFI score -0.256 (sell-side); trigger flow multiplier 10.50x; break 0.057% below zone
2026-03-23,BTC-USDT-SWAP-LONG-1774289043000-37,LONG,confirmed,HIGH,5,2026-03-23T18:11:48+00:00,,70877.75,71151.70807499999,invalidated_or_expired,,LONG because absorb score 0.618 (bid absorbed sells); range compression observed; 26 defense cycles seen; zone defended for 465 s; OFI score 0.142 (buy-side)
2026-03-24,BTC-USDT-SWAP-LONG-1774310440000-1,LONG,confirmed,HIGH,5,2026-03-24T00:03:40+00:00,,70900.05,71056.15,invalidated_or_expired,,LONG because absorb score 0.611 (bid absorbed sells); range compression observed; 176 defense cycles seen; zone defended for 180 s; OFI score 0.074 (buy-side)
2026-03-24,BTC-USDT-SWAP-SHORT-1774311890000-5,SHORT,trigger,HIGH,7,2026-03-24T00:27:50+00:00,2026-03-24T00:32:28+00:00,70694.95,70787.95,primary_unique_reached_move,True,SHORT because absorb score 0.616 (ask absorbed buys); range compression observed; 35 defense cycles seen; zone defended for 180 s; OFI score 0.158 (WARNING: buy-side); trigger flow multiplier 1.41x; break 0.181% below zone
2026-03-24,BTC-USDT-SWAP-LONG-1774310514000-2,LONG,confirmed,HIGH,5,2026-03-24T00:04:54+00:00,,70872.35,70997.75,invalidated_or_expired,,LONG because absorb score 0.648 (bid absorbed sells); range compression observed; 182 defense cycles seen; zone defended for 180 s; OFI score -0.416 (WARNING: sell-side)
2026-03-24,BTC-USDT-SWAP-SHORT-1774311662000-4,SHORT,trigger,HIGH,7,2026-03-24T00:24:50+00:00,2026-03-24T00:38:59+00:00,70633.115775,70772.55,duplicate_reached_move,False,SHORT because absorb score 0.619 (ask absorbed buys); range compression observed; 5 defense cycles seen; zone defended for 228 s; OFI score -0.313 (sell-side); trigger flow multiplier 2.04x; break 0.205% below zone
2026-03-24,BTC-USDT-SWAP-LONG-1774310581000-3,LONG,confirmed,HIGH,5,2026-03-24T00:08:03+00:00,,70839.35,70952.75,invalidated_or_expired,,LONG because absorb score 0.644 (bid absorbed sells); range compression observed; 125 defense cycles seen; zone defended for 302 s; OFI score -0.540 (WARNING: sell-side)
2026-03-24,BTC-USDT-SWAP-SHORT-1774312736000-6,SHORT,trigger,HIGH,8,2026-03-24T00:45:56+00:00,2026-03-24T01:44:28+00:00,70383.15,70649.95,failed_triggered,True,SHORT because aggressive buying pressure 0.614 (absorbed); absorb score 0.605 (ask absorbed buys); range compression observed; 5 defense cycles seen; zone defended for 420 s; OFI score 0.195 (WARNING: buy-side); trigger flow multiplier 4.78x; break 0.210% below zone
2026-03-24,BTC-USDT-SWAP-SHORT-1774327507000-10,SHORT,trigger,HIGH,7,2026-03-24T04:48:07+00:00,2026-03-24T04:50:31+00:00,70281.891475,70359.45,failed_triggered,True,SHORT because absorb score 0.610 (ask absorbed buys); range compression observed; 63 defense cycles seen; zone defended for 180 s; OFI score 0.148 (WARNING: buy-side); trigger flow multiplier 1.84x; break 0.071% below zone
2026-03-24,BTC-USDT-SWAP-LONG-1774313004000-7,LONG,confirmed,HIGH,6,2026-03-24T01:03:07+00:00,,70543.45,70779.95,invalidated_or_expired,,LONG because aggressive selling pressure 0.652 (absorbed); absorb score 0.659 (bid absorbed sells); range compression observed; 37 defense cycles seen; zone defended for 1183 s; OFI score -0.091 (WARNING: sell-side)
2026-03-24,BTC-USDT-SWAP-SHORT-1774329160000-12,SHORT,confirmed,HIGH,5,2026-03-24T05:16:14+00:00,,70138.45,70219.55,invalidated_or_expired,,SHORT because absorb score 0.646 (ask absorbed buys); range compression observed; 40 defense cycles seen; zone defended for 214 s; OFI score -0.071 (sell-side)
2026-03-24,BTC-USDT-SWAP-SHORT-1774329743000-13,SHORT,confirmed,HIGH,5,2026-03-24T05:28:52+00:00,,70084.29032500001,70237.55,invalidated_or_expired,,SHORT because absorb score 0.652 (ask absorbed buys); range compression observed; 41 defense cycles seen; zone defended for 389 s; OFI score 0.067 (WARNING: buy-side)
2026-03-24,BTC-USDT-SWAP-SHORT-1774331704000-14,SHORT,confirmed,HIGH,6,2026-03-24T06:07:43+00:00,,70219.75,70377.65,invalidated_or_expired,,SHORT because aggressive buying pressure 0.687 (absorbed); absorb score 0.756 (ask absorbed buys); range compression observed; 112 defense cycles seen; zone defended for 759 s; OFI score -0.299 (sell-side)
2026-03-24,BTC-USDT-SWAP-LONG-1774328942000-11,LONG,trigger,HIGH,7,2026-03-24T05:46:15+00:00,2026-03-24T07:07:24+00:00,70093.05,70340.55,failed_triggered,False,LONG because absorb score 0.657 (bid absorbed sells); range compression observed; 43 defense cycles seen; zone defended for 2233 s; OFI score 0.186 (buy-side); trigger flow multiplier 1.41x; break 0.536% above zone
2026-03-24,BTC-USDT-SWAP-LONG-1774316785000-9,LONG,trigger,HIGH,8,2026-03-24T01:49:25+00:00,2026-03-24T07:08:26+00:00,70352.456175,70475.65,failed_triggered,False,LONG because aggressive selling pressure 0.678 (absorbed); absorb score 0.746 (bid absorbed sells); range compression observed; 157 defense cycles seen; zone defended for 180 s; OFI score -0.063 (WARNING: sell-side); trigger flow multiplier 1.52x; break 0.384% above zone
2026-03-24,BTC-USDT-SWAP-LONG-1774315073000-8,LONG,trigger,HIGH,6,2026-03-24T01:46:25+00:00,2026-03-24T07:13:07+00:00,70235.15,70845.45,failed_triggered,False,LONG because absorb score 0.635 (bid absorbed sells); range compression observed; 132 defense cycles seen; zone defended for 1712 s; trigger flow multiplier 6.29x; break 0.057% above zone
2026-03-24,BTC-USDT-SWAP-LONG-1774337368000-16,LONG,trigger,HIGH,7,2026-03-24T07:33:05+00:00,2026-03-24T07:51:43+00:00,70800.05,70950.50752500001,failed_triggered,False,LONG because aggressive selling pressure 0.640 (absorbed); absorb score 0.704 (bid absorbed sells); range compression observed; 56 defense cycles seen; zone defended for 217 s; trigger flow multiplier 2.11x; break 0.083% above zone
2026-03-24,BTC-USDT-SWAP-SHORT-1774339003000-17,SHORT,trigger,HIGH,6,2026-03-24T08:12:33+00:00,2026-03-24T08:22:01+00:00,70969.347575,71373.55,duplicate_reached_move,True,SHORT because absorb score 0.659 (ask absorbed buys); range compression observed; 15 defense cycles seen; zone defended for 950 s; trigger flow multiplier 1.57x; break 0.088% below zone
2026-03-24,BTC-USDT-SWAP-LONG-1774340147000-19,LONG,trigger,HIGH,7,2026-03-24T08:31:30+00:00,2026-03-24T09:44:19+00:00,70830.35,71088.276375,failed_triggered,False,LONG because absorb score 0.610 (bid absorbed sells); range compression observed; 15 defense cycles seen; zone defended for 943 s; OFI score 0.280 (buy-side); trigger flow multiplier 1.54x; break 0.172% above zone
2026-03-24,BTC-USDT-SWAP-LONG-1774346043000-20,LONG,confirmed,HIGH,5,2026-03-24T09:59:06+00:00,,71202.231075,71339.65,invalidated_or_expired,,LONG because absorb score 0.608 (bid absorbed sells); range compression observed; 5 defense cycles seen; zone defended for 303 s; OFI score 0.116 (buy-side)
2026-03-24,BTC-USDT-SWAP-LONG-1774346346000-21,LONG,confirmed,HIGH,5,2026-03-24T10:06:07+00:00,,71192.65,71335.49992500001,invalidated_or_expired,,LONG because absorb score 0.610 (bid absorbed sells); range compression observed; 25 defense cycles seen; zone defended for 421 s; OFI score -0.159 (WARNING: sell-side)
2026-03-24,BTC-USDT-SWAP-LONG-1774339604000-18,LONG,confirmed,HIGH,6,2026-03-24T08:15:47+00:00,,71018.25,71214.939675,invalidated_or_expired,,LONG because aggressive selling pressure 0.617 (absorbed); absorb score 0.678 (bid absorbed sells); range compression observed; 67 defense cycles seen; zone defended for 543 s; OFI score 0.061 (buy-side)
2026-03-24,BTC-USDT-SWAP-SHORT-1774336685000-15,SHORT,trigger,HIGH,8,2026-03-24T07:56:43+00:00,2026-03-24T13:41:17+00:00,70787.75,71029.85,duplicate_reached_move,False,SHORT because aggressive buying pressure 0.613 (absorbed); absorb score 0.674 (ask absorbed buys); range compression observed; 44 defense cycles seen; zone defended for 2318 s; OFI score -0.132 (sell-side); trigger flow multiplier 1.40x; break 0.641% below zone
2026-03-24,BTC-USDT-SWAP-SHORT-1774362766000-24,SHORT,trigger,HIGH,8,2026-03-24T14:36:16+00:00,2026-03-24T14:45:44+00:00,69915.374825,70111.25,failed_triggered,True,SHORT because aggressive buying pressure 0.615 (absorbed); absorb score 0.677 (ask absorbed buys); range compression observed; 26 defense cycles seen; zone defended for 210 s; OFI score -0.486 (sell-side); trigger flow multiplier 1.65x; break 0.426% below zone
2026-03-24,BTC-USDT-SWAP-SHORT-1774362129000-23,SHORT,trigger,HIGH,7,2026-03-24T14:32:46+00:00,2026-03-24T14:45:45+00:00,69805.15,70066.65,failed_triggered,False,SHORT because absorb score 0.641 (ask absorbed buys); range compression observed; 28 defense cycles seen; zone defended for 637 s; OFI score -0.224 (sell-side); trigger flow multiplier 1.46x; break 0.321% below zone
2026-03-24,BTC-USDT-SWAP-LONG-1774363528000-25,LONG,trigger,HIGH,7,2026-03-24T14:48:28+00:00,2026-03-24T14:55:34+00:00,69565.05,69802.633875,failed_triggered,True,LONG because aggressive selling pressure 0.611 (absorbed); absorb score 0.672 (bid absorbed sells); range compression observed; 16 defense cycles seen; zone defended for 180 s; trigger flow multiplier 3.06x; break 0.058% above zone
2026-03-24,BTC-USDT-SWAP-SHORT-1774369947000-26,SHORT,trigger,HIGH,7,2026-03-24T16:35:59+00:00,2026-03-24T16:38:23+00:00,69605.75,69754.910025,failed_triggered,True,SHORT because absorb score 0.614 (ask absorbed buys); range compression observed; 19 defense cycles seen; zone defended for 212 s; OFI score -0.458 (sell-side); trigger flow multiplier 2.42x; break 0.130% below zone
2026-03-24,BTC-USDT-SWAP-LONG-1774361880000-22,LONG,confirmed,HIGH,5,2026-03-24T14:23:46+00:00,,69808.35,69983.15,invalidated_or_expired,,LONG because absorb score 0.613 (bid absorbed sells); range compression observed; 10 defense cycles seen; zone defended for 346 s; OFI score -0.117 (WARNING: sell-side)
2026-03-24,BTC-USDT-SWAP-SHORT-1774371172000-29,SHORT,trigger,HIGH,7,2026-03-24T16:55:52+00:00,2026-03-24T17:04:38+00:00,69388.95,69614.739975,failed_triggered,False,SHORT because absorb score 0.608 (ask absorbed buys); range compression observed; 62 defense cycles seen; zone defended for 180 s; OFI score 0.365 (WARNING: buy-side); trigger flow multiplier 1.40x; break 0.116% below zone
2026-03-24,BTC-USDT-SWAP-SHORT-1774370927000-28,SHORT,trigger,HIGH,8,2026-03-24T16:52:46+00:00,2026-03-24T17:05:07+00:00,69467.35,69558.95,failed_triggered,False,SHORT because aggressive buying pressure 0.619 (absorbed); absorb score 0.681 (ask absorbed buys); range compression observed; 116 defense cycles seen; zone defended for 239 s; OFI score -0.265 (sell-side); trigger flow multiplier 1.40x; break 0.461% below zone
2026-03-24,BTC-USDT-SWAP-SHORT-1774372444000-31,SHORT,trigger,HIGH,7,2026-03-24T17:31:30+00:00,2026-03-24T17:44:26+00:00,69065.05,69268.45,failed_triggered,False,SHORT because absorb score 0.605 (ask absorbed buys); range compression observed; 4 defense cycles seen; zone defended for 1046 s; OFI score -0.182 (sell-side); trigger flow multiplier 1.40x; break 0.211% below zone
2026-03-24,BTC-USDT-SWAP-SHORT-1774374739000-32,SHORT,confirmed,HIGH,5,2026-03-24T17:55:19+00:00,,68958.653425,69133.15,invalidated_or_expired,,SHORT because absorb score 0.612 (ask absorbed buys); range compression observed; 55 defense cycles seen; zone defended for 180 s; OFI score -0.195 (sell-side)
2026-03-24,BTC-USDT-SWAP-SHORT-1774372202000-30,SHORT,confirmed,HIGH,5,2026-03-24T17:14:04+00:00,,69097.883775,69238.35,invalidated_or_expired,,SHORT because absorb score 0.628 (ask absorbed buys); range compression observed; 17 defense cycles seen; zone defended for 242 s; OFI score -0.134 (sell-side)
2026-03-24,BTC-USDT-SWAP-SHORT-1774381867000-33,SHORT,confirmed,MID,4,2026-03-24T19:54:07+00:00,,69250.85,69331.99867500001,invalidated_or_expired,,SHORT because absorb score 0.607 (ask absorbed buys); range compression observed; 116 defense cycles seen; zone defended for 180 s
2026-03-24,BTC-USDT-SWAP-LONG-1774385370000-34,LONG,trigger,HIGH,8,2026-03-24T21:01:09+00:00,2026-03-24T21:41:33+00:00,69984.040475,70203.05,failed_triggered,True,LONG because aggressive selling pressure 0.607 (absorbed); absorb score 0.668 (bid absorbed sells); range compression observed; 76 defense cycles seen; zone defended for 699 s; OFI score 0.222 (buy-side); trigger flow multiplier 1.48x; break 0.057% above zone
2026-03-24,BTC-USDT-SWAP-SHORT-1774389025000-35,SHORT,trigger,HIGH,8,2026-03-24T21:53:25+00:00,2026-03-24T22:30:14+00:00,70168.75,70294.179525,failed_triggered,True,SHORT because aggressive buying pressure 0.683 (absorbed); absorb score 0.751 (ask absorbed buys); range compression observed; 149 defense cycles seen; zone defended for 180 s; OFI score -0.313 (sell-side); trigger flow multiplier 2.16x; break 0.067% below zone
2026-03-24,BTC-USDT-SWAP-LONG-1774370647000-27,LONG,confirmed,HIGH,6,2026-03-24T17:15:14+00:00,,68905.45,70804.85,no_trigger,,LONG because aggressive selling pressure 0.601 (absorbed); absorb score 0.661 (bid absorbed sells); range compression observed; 10 defense cycles seen; zone defended for 1867 s; OFI score 0.152 (buy-side)
2026-03-24,BTC-USDT-SWAP-SHORT-1774389074000-36,SHORT,confirmed,HIGH,6,2026-03-24T22:48:06+00:00,,70105.25,70804.85,no_trigger,,SHORT because aggressive buying pressure 0.627 (absorbed); absorb score 0.689 (ask absorbed buys); range compression observed; 168 defense cycles seen; zone defended for 3412 s; OFI score -0.342 (sell-side)
2026-03-25,BTC-USDT-SWAP-SHORT-1774396839000-1,SHORT,trigger,HIGH,7,2026-03-25T00:14:08+00:00,2026-03-25T00:30:30+00:00,70488.588075,70728.55,failed_triggered,True,SHORT because absorb score 0.615 (ask absorbed buys); range compression observed; 10 defense cycles seen; zone defended for 809 s; OFI score 0.055 (WARNING: buy-side); trigger flow multiplier 5.75x; break 0.072% below zone
2026-03-25,BTC-USDT-SWAP-SHORT-1774397648000-4,SHORT,trigger,HIGH,7,2026-03-25T00:22:13+00:00,2026-03-25T00:30:31+00:00,70534.15,70697.95,failed_triggered,False,SHORT because absorb score 0.634 (ask absorbed buys); range compression observed; 14 defense cycles seen; zone defended for 485 s; OFI score -0.176 (sell-side); trigger flow multiplier 1.40x; break 0.108% below zone
2026-03-25,BTC-USDT-SWAP-LONG-1774397341000-2,LONG,trigger,HIGH,7,2026-03-25T00:12:01+00:00,2026-03-25T00:34:01+00:00,70595.03482500001,70728.55,failed_triggered,True,LONG because aggressive selling pressure 0.638 (absorbed); absorb score 0.702 (bid absorbed sells); range compression observed; 182 defense cycles seen; zone defended for 180 s; trigger flow multiplier 1.72x; break 0.075% above zone
2026-03-25,BTC-USDT-SWAP-LONG-1774397404000-3,LONG,trigger,HIGH,8,2026-03-25T00:13:04+00:00,2026-03-25T00:34:01+00:00,70648.408125,70728.55,failed_triggered,True,LONG because aggressive selling pressure 0.692 (absorbed); absorb score 0.761 (bid absorbed sells); range compression observed; 182 defense cycles seen; zone defended for 180 s; OFI score 0.220 (buy-side); trigger flow multiplier 1.98x; break 0.075% above zone
2026-03-25,BTC-USDT-SWAP-LONG-1774400096000-6,LONG,trigger,HIGH,8,2026-03-25T00:58:13+00:00,2026-03-25T01:11:53+00:00,70808.52802499999,70899.95,failed_triggered,False,LONG because aggressive selling pressure 0.638 (absorbed); absorb score 0.701 (bid absorbed sells); range compression observed; 130 defense cycles seen; zone defended for 197 s; OFI score 0.172 (buy-side); trigger flow multiplier 1.49x; break 0.070% above zone
2026-03-25,BTC-USDT-SWAP-LONG-1774407695000-9,LONG,trigger,HIGH,7,2026-03-25T03:13:50+00:00,2026-03-25T03:32:35+00:00,70392.55,70549.75,failed_triggered,True,LONG because absorb score 0.613 (bid absorbed sells); range compression observed; 5 defense cycles seen; zone defended for 735 s; OFI score -0.114 (WARNING: sell-side); trigger flow multiplier 1.40x; break 0.084% above zone
2026-03-25,BTC-USDT-SWAP-LONG-1774405086000-8,LONG,trigger,HIGH,8,2026-03-25T02:21:20+00:00,2026-03-25T03:37:33+00:00,70516.973875,70617.35,failed_triggered,False,LONG because aggressive selling pressure 0.720 (absorbed); absorb score 0.688 (bid absorbed sells); range compression observed; 109 defense cycles seen; zone defended for 194 s; OFI score 0.059 (buy-side); trigger flow multiplier 1.42x; break 0.247% above zone
2026-03-25,BTC-USDT-SWAP-LONG-1774401634000-7,LONG,trigger,HIGH,6,2026-03-25T01:24:53+00:00,2026-03-25T04:59:25+00:00,70701.15,70822.65,failed_triggered,False,LONG because absorb score 0.610 (bid absorbed sells); range compression observed; 72 defense cycles seen; zone defended for 259 s; trigger flow multiplier 1.42x; break 0.171% above zone
2026-03-25,BTC-USDT-SWAP-SHORT-1774408213000-10,SHORT,confirmed,HIGH,5,2026-03-25T03:44:58+00:00,,70377.45,70791.85,invalidated_or_expired,,SHORT because absorb score 0.608 (ask absorbed buys); range compression observed; 135 defense cycles seen; zone defended for 2085 s; OFI score -0.110 (sell-side)
2026-03-25,BTC-USDT-SWAP-SHORT-1774416093000-12,SHORT,trigger,HIGH,7,2026-03-25T06:03:42+00:00,2026-03-25T07:00:16+00:00,71039.15,71219.55,failed_triggered,True,SHORT because absorb score 0.606 (ask absorbed buys); range compression observed; 41 defense cycles seen; zone defended for 2529 s; OFI score 0.145 (WARNING: buy-side); trigger flow multiplier 1.41x; break 0.154% below zone
2026-03-25,BTC-USDT-SWAP-LONG-1774419017000-14,LONG,trigger,HIGH,8,2026-03-25T06:15:12+00:00,2026-03-25T08:30:40+00:00,70983.540475,71069.95,failed_triggered,False,LONG because aggressive selling pressure 0.632 (absorbed); absorb score 0.619 (bid absorbed sells); range compression observed; 112 defense cycles seen; zone defended for 295 s; OFI score 0.222 (buy-side); trigger flow multiplier 1.40x; break 0.182% above zone
2026-03-25,BTC-USDT-SWAP-LONG-1774425909000-16,LONG,trigger,HIGH,7,2026-03-25T08:27:37+00:00,2026-03-25T08:30:47+00:00,70752.65,71099.25,failed_triggered,False,LONG because absorb score 0.616 (bid absorbed sells); range compression observed; 19 defense cycles seen; zone defended for 1348 s; OFI score -0.142 (WARNING: sell-side); trigger flow multiplier 1.69x; break 0.200% above zone
2026-03-25,BTC-USDT-SWAP-LONG-1774416472000-13,LONG,trigger,HIGH,7,2026-03-25T05:32:19+00:00,2026-03-25T08:30:50+00:00,71107.678375,71209.35,failed_triggered,False,LONG because absorb score 0.600 (bid absorbed sells); range compression observed; 38 defense cycles seen; zone defended for 267 s; OFI score -0.062 (WARNING: sell-side); trigger flow multiplier 2.46x; break 0.056% above zone
2026-03-25,BTC-USDT-SWAP-SHORT-1774399490000-5,SHORT,confirmed,HIGH,6,2026-03-25T01:00:27+00:00,,70750.75,70965.75,invalidated_or_expired,,SHORT because aggressive buying pressure 0.732 (absorbed); absorb score 0.780 (ask absorbed buys); range compression observed; 106 defense cycles seen; zone defended for 937 s; OFI score -0.114 (sell-side)
2026-03-25,BTC-USDT-SWAP-LONG-1774415629000-11,LONG,trigger,HIGH,7,2026-03-25T05:27:52+00:00,2026-03-25T08:33:34+00:00,71052.35,71258.161275,failed_triggered,False,LONG because absorb score 0.619 (bid absorbed sells); range compression observed; 57 defense cycles seen; zone defended for 843 s; OFI score 0.159 (buy-side); trigger flow multiplier 1.42x; break 0.303% above zone
2026-03-25,BTC-USDT-SWAP-LONG-1774432966000-18,LONG,trigger,HIGH,7,2026-03-25T10:06:45+00:00,2026-03-25T10:47:53+00:00,71237.75,71375.720025,failed_triggered,True,LONG because absorb score 0.615 (bid absorbed sells); range compression observed; 66 defense cycles seen; zone defended for 239 s; OFI score -0.204 (WARNING: sell-side); trigger flow multiplier 1.61x; break 0.224% above zone
2026-03-25,BTC-USDT-SWAP-LONG-1774433029000-19,LONG,trigger,HIGH,8,2026-03-25T10:07:48+00:00,2026-03-25T10:47:55+00:00,71237.75,71359.15,failed_triggered,False,LONG because aggressive selling pressure 0.600 (absorbed); absorb score 0.660 (bid absorbed sells); range compression observed; 4 defense cycles seen; zone defended for 239 s; OFI score -0.316 (WARNING: sell-side); trigger flow multiplier 1.44x; break 0.220% above zone
2026-03-25,BTC-USDT-SWAP-LONG-1774436211000-21,LONG,trigger,HIGH,8,2026-03-25T11:04:33+00:00,2026-03-25T11:15:19+00:00,71428.75,71530.797525,failed_triggered,False,LONG because aggressive selling pressure 0.609 (absorbed); absorb score 0.612 (bid absorbed sells); range compression observed; 34 defense cycles seen; zone defended for 462 s; OFI score -0.275 (WARNING: sell-side); trigger flow multiplier 1.48x; break 0.055% above zone
2026-03-25,BTC-USDT-SWAP-SHORT-1774427887000-17,SHORT,confirmed,HIGH,6,2026-03-25T09:00:40+00:00,,71172.05,71449.95,invalidated_or_expired,,SHORT because aggressive buying pressure 0.628 (absorbed); absorb score 0.690 (ask absorbed buys); range compression observed; 14 defense cycles seen; zone defended for 1353 s; OFI score -0.222 (sell-side)
2026-03-25,BTC-USDT-SWAP-LONG-1774437718000-22,LONG,trigger,HIGH,7,2026-03-25T11:25:01+00:00,2026-03-25T11:29:43+00:00,71611.826175,71683.473825,failed_triggered,False,LONG because absorb score 0.605 (bid absorbed sells); range compression observed; 177 defense cycles seen; zone defended for 183 s; OFI score 0.077 (buy-side); trigger flow multiplier 1.73x; break 0.308% above zone
2026-03-25,BTC-USDT-SWAP-SHORT-1774435972000-20,SHORT,confirmed,HIGH,5,2026-03-25T10:55:58+00:00,,71459.702275,71548.25,invalidated_or_expired,,SHORT because absorb score 0.655 (ask absorbed buys); range compression observed; 38 defense cycles seen; zone defended for 186 s; OFI score -0.207 (sell-side)
2026-03-25,BTC-USDT-SWAP-LONG-1774437958000-23,LONG,trigger,HIGH,8,2026-03-25T11:34:44+00:00,2026-03-25T11:35:16+00:00,71675.494325,71944.95,failed_triggered,False,LONG because aggressive selling pressure 0.727 (absorbed); absorb score 0.800 (bid absorbed sells); range compression observed; 22 defense cycles seen; zone defended for 526 s; OFI score 0.149 (buy-side); trigger flow multiplier 2.88x; break 0.061% above zone
2026-03-25,BTC-USDT-SWAP-SHORT-1774439218000-24,SHORT,trigger,HIGH,7,2026-03-25T11:52:41+00:00,2026-03-25T12:18:53+00:00,71481.05,71790.42727500001,failed_triggered,True,SHORT because absorb score 0.607 (ask absorbed buys); range compression observed; 7 defense cycles seen; zone defended for 343 s; OFI score -0.532 (sell-side); trigger flow multiplier 1.42x; break 0.176% below zone
2026-03-25,BTC-USDT-SWAP-LONG-1774445278000-26,LONG,confirmed,HIGH,5,2026-03-25T13:42:18+00:00,,71549.157525,71925.95,invalidated_or_expired,,LONG because absorb score 0.646 (bid absorbed sells); range compression observed; 37 defense cycles seen; zone defended for 860 s; OFI score 0.086 (buy-side)
2026-03-25,BTC-USDT-SWAP-SHORT-1774446087000-27,SHORT,trigger,HIGH,7,2026-03-25T14:07:46+00:00,2026-03-25T15:07:55+00:00,71350.05,71915.35,failed_triggered,False,SHORT because aggressive buying pressure 0.636 (absorbed); absorb score 0.699 (ask absorbed buys); range compression observed; 19 defense cycles seen; zone defended for 1579 s; trigger flow multiplier 1.40x; break 0.463% below zone
2026-03-25,BTC-USDT-SWAP-SHORT-1774439561000-25,SHORT,trigger,HIGH,7,2026-03-25T12:28:49+00:00,2026-03-25T15:09:18+00:00,71078.35,71815.05,failed_triggered,False,SHORT because absorb score 0.629 (ask absorbed buys); range compression observed; 99 defense cycles seen; zone defended for 2168 s; OFI score -0.117 (sell-side); trigger flow multiplier 1.40x; break 0.244% below zone
2026-03-25,BTC-USDT-SWAP-LONG-1774448158000-28,LONG,confirmed,MID,4,2026-03-25T14:42:55+00:00,,71225.15,71520.75,invalidated_or_expired,,LONG because absorb score 0.627 (bid absorbed sells); range compression observed; 11 defense cycles seen; zone defended for 1617 s
2026-03-25,BTC-USDT-SWAP-SHORT-1774452639000-29,SHORT,confirmed,MID,4,2026-03-25T15:40:35+00:00,,70793.25,71055.55,invalidated_or_expired,,SHORT because absorb score 0.607 (ask absorbed buys); range compression observed; 4 defense cycles seen; zone defended for 596 s
2026-03-25,BTC-USDT-SWAP-SHORT-1774460558000-31,SHORT,trigger,HIGH,7,2026-03-25T17:45:38+00:00,2026-03-25T17:53:24+00:00,70824.61997500001,70971.45,failed_triggered,True,SHORT because absorb score 0.627 (ask absorbed buys); range compression observed; 42 defense cycles seen; zone defended for 180 s; OFI score -0.207 (sell-side); trigger flow multiplier 1.43x; break 0.095% below zone
2026-03-25,BTC-USDT-SWAP-SHORT-1774459290000-30,SHORT,trigger,HIGH,7,2026-03-25T17:24:36+00:00,2026-03-25T17:55:04+00:00,70963.950275,71108.35,failed_triggered,False,SHORT because absorb score 0.630 (ask absorbed buys); range compression observed; 3 defense cycles seen; zone defended for 186 s; OFI score 0.075 (WARNING: buy-side); trigger flow multiplier 1.54x; break 0.339% below zone
2026-03-25,BTC-USDT-SWAP-SHORT-1774461630000-32,SHORT,confirmed,HIGH,5,2026-03-25T18:03:31+00:00,,70718.273175,70789.026825,invalidated_or_expired,,SHORT because aggressive buying pressure 0.668 (absorbed); absorb score 0.733 (ask absorbed buys); range compression observed; 59 defense cycles seen; zone defended for 181 s
2026-03-25,BTC-USDT-SWAP-LONG-1774480244000-33,LONG,confirmed,HIGH,5,2026-03-25T23:21:31+00:00,,71156.05,71431.647975,no_trigger,,LONG because absorb score 0.615 (bid absorbed sells); range compression observed; 72 defense cycles seen; zone defended for 647 s; OFI score 0.307 (buy-side)
2026-03-26,BTC-USDT-SWAP-LONG-1774483234000-1,LONG,trigger,HIGH,8,2026-03-26T00:14:56+00:00,2026-03-26T00:49:02+00:00,71165.45,71352.608475,failed_triggered,True,LONG because aggressive selling pressure 0.671 (absorbed); absorb score 0.738 (bid absorbed sells); range compression observed; 80 defense cycles seen; zone defended for 862 s; OFI score -0.166 (WARNING: sell-side); trigger flow multiplier 2.87x; break 0.079% above zone
2026-03-26,BTC-USDT-SWAP-LONG-1774484096000-2,LONG,trigger,HIGH,8,2026-03-26T00:24:34+00:00,2026-03-26T00:49:02+00:00,71174.345025,71358.25,failed_triggered,True,LONG because aggressive selling pressure 0.663 (absorbed); absorb score 0.729 (bid absorbed sells); range compression observed; 42 defense cycles seen; zone defended for 578 s; OFI score 0.488 (buy-side); trigger flow multiplier 1.81x; break 0.071% above zone
2026-03-26,BTC-USDT-SWAP-SHORT-1774485627000-4,SHORT,trigger,HIGH,8,2026-03-26T00:50:33+00:00,2026-03-26T00:54:02+00:00,71274.394975,71409.05,primary_unique_reached_move,True,SHORT because aggressive buying pressure 0.633 (absorbed); absorb score 0.679 (ask absorbed buys); range compression observed; 116 defense cycles seen; zone defended for 606 s; OFI score 0.111 (WARNING: buy-side); trigger flow multiplier 2.47x; break 0.102% below zone
2026-03-26,BTC-USDT-SWAP-SHORT-1774484401000-3,SHORT,trigger,HIGH,6,2026-03-26T00:40:27+00:00,2026-03-26T00:55:07+00:00,71187.138625,71375.45,duplicate_reached_move,False,SHORT because absorb score 0.631 (ask absorbed buys); range compression observed; 111 defense cycles seen; zone defended for 1226 s; trigger flow multiplier 1.42x; break 0.067% below zone
2026-03-26,BTC-USDT-SWAP-SHORT-1774487843000-6,SHORT,trigger,HIGH,7,2026-03-26T01:20:23+00:00,2026-03-26T02:12:18+00:00,71117.473475,71208.55,duplicate_reached_move,True,SHORT because absorb score 0.607 (ask absorbed buys); range compression observed; 129 defense cycles seen; zone defended for 180 s; OFI score 0.135 (WARNING: buy-side); trigger flow multiplier 2.30x; break 0.065% below zone
2026-03-26,BTC-USDT-SWAP-LONG-1774486088000-5,LONG,confirmed,HIGH,6,2026-03-26T00:57:52+00:00,,71112.95,71415.639975,invalidated_or_expired,,LONG because aggressive selling pressure 0.617 (absorbed); absorb score 0.678 (bid absorbed sells); range compression observed; 15 defense cycles seen; zone defended for 584 s; OFI score 0.095 (buy-side)
2026-03-26,BTC-USDT-SWAP-SHORT-1774493504000-10,SHORT,trigger,HIGH,8,2026-03-26T02:54:51+00:00,2026-03-26T03:04:13+00:00,70829.45,70900.482525,duplicate_reached_move,False,SHORT because aggressive buying pressure 0.643 (absorbed); absorb score 0.708 (ask absorbed buys); range compression observed; 153 defense cycles seen; zone defended for 187 s; OFI score 0.125 (WARNING: buy-side); trigger flow multiplier 1.48x; break 0.061% below zone
2026-03-26,BTC-USDT-SWAP-SHORT-1774492655000-8,SHORT,trigger,HIGH,7,2026-03-26T02:51:44+00:00,2026-03-26T05:06:42+00:00,70684.689975,70879.95,duplicate_reached_move,False,SHORT because absorb score 0.606 (ask absorbed buys); range compression observed; 3 defense cycles seen; zone defended for 849 s; OFI score 0.365 (WARNING: buy-side); trigger flow multiplier 1.72x; break 0.341% below zone
2026-03-26,BTC-USDT-SWAP-SHORT-1774495702000-11,SHORT,trigger,HIGH,8,2026-03-26T03:31:22+00:00,2026-03-26T05:06:42+00:00,70629.717475,70727.95,duplicate_reached_move,False,SHORT because aggressive buying pressure 0.646 (absorbed); absorb score 0.711 (ask absorbed buys); range compression observed; 169 defense cycles seen; zone defended for 180 s; OFI score 0.226 (WARNING: buy-side); trigger flow multiplier 1.58x; break 0.263% below zone
2026-03-26,BTC-USDT-SWAP-SHORT-1774502716000-13,SHORT,trigger,HIGH,7,2026-03-26T05:31:45+00:00,2026-03-26T05:43:39+00:00,70481.35,70602.833775,duplicate_reached_move,False,SHORT because absorb score 0.607 (ask absorbed buys); range compression observed; 20 defense cycles seen; zone defended for 389 s; OFI score 0.168 (WARNING: buy-side); trigger flow multiplier 1.50x; break 0.105% below zone
2026-03-26,BTC-USDT-SWAP-SHORT-1774503105000-14,SHORT,trigger,HIGH,7,2026-03-26T05:38:13+00:00,2026-03-26T05:43:39+00:00,70472.995875,70594.25,duplicate_reached_move,False,SHORT because absorb score 0.627 (ask absorbed buys); range compression observed; 8 defense cycles seen; zone defended for 388 s; OFI score -0.101 (sell-side); trigger flow multiplier 2.27x; break 0.093% below zone
2026-03-26,BTC-USDT-SWAP-LONG-1774492706000-9,LONG,confirmed,HIGH,5,2026-03-26T02:41:26+00:00,,70688.68797500001,70808.85,invalidated_or_expired,,LONG because absorb score 0.631 (bid absorbed sells); range compression observed; 27 defense cycles seen; zone defended for 180 s; OFI score 0.319 (buy-side)
2026-03-26,BTC-USDT-SWAP-LONG-1774491706000-7,LONG,confirmed,HIGH,5,2026-03-26T02:38:26+00:00,,70654.75,71019.041775,invalidated_or_expired,,LONG because absorb score 0.653 (bid absorbed sells); range compression observed; 30 defense cycles seen; zone defended for 1000 s; OFI score 0.274 (buy-side)
2026-03-26,BTC-USDT-SWAP-SHORT-1774504288000-15,SHORT,trigger,HIGH,7,2026-03-26T06:05:34+00:00,2026-03-26T07:32:26+00:00,69833.75,70296.58072499999,duplicate_reached_move,False,SHORT because absorb score 0.647 (ask absorbed buys); range compression observed; 3 defense cycles seen; zone defended for 846 s; OFI score 0.069 (WARNING: buy-side); trigger flow multiplier 1.44x; break 0.066% below zone
2026-03-26,BTC-USDT-SWAP-SHORT-1774513471000-17,SHORT,trigger,HIGH,7,2026-03-26T08:29:30+00:00,2026-03-26T09:31:24+00:00,69780.24242499999,69859.85,duplicate_reached_move,False,SHORT because absorb score 0.633 (ask absorbed buys); range compression observed; 33 defense cycles seen; zone defended for 299 s; OFI score -0.133 (sell-side); trigger flow multiplier 1.86x; break 0.311% below zone
2026-03-26,BTC-USDT-SWAP-SHORT-1774505134000-16,SHORT,trigger,HIGH,8,2026-03-26T06:12:33+00:00,2026-03-26T09:31:27+00:00,69865.099975,70079.95,duplicate_reached_move,False,SHORT because aggressive buying pressure 0.630 (absorbed); absorb score 0.693 (ask absorbed buys); range compression observed; 58 defense cycles seen; zone defended for 419 s; OFI score -0.176 (sell-side); trigger flow multiplier 1.40x; break 0.417% below zone
2026-03-26,BTC-USDT-SWAP-LONG-1774501901000-12,LONG,confirmed,HIGH,6,2026-03-26T06:00:47+00:00,,69884.75,70611.75,invalidated_or_expired,,LONG because aggressive selling pressure 0.635 (absorbed); absorb score 0.698 (bid absorbed sells); range compression observed; 13 defense cycles seen; zone defended for 2946 s; OFI score 0.251 (buy-side)
2026-03-26,BTC-USDT-SWAP-SHORT-1774518380000-20,SHORT,trigger,HIGH,7,2026-03-26T10:09:02+00:00,2026-03-26T11:25:04+00:00,69375.95,69607.25,failed_triggered,False,SHORT because absorb score 0.613 (ask absorbed buys); range compression observed; 61 defense cycles seen; zone defended for 1362 s; OFI score -0.231 (sell-side); trigger flow multiplier 1.40x; break 0.133% below zone
2026-03-26,BTC-USDT-SWAP-LONG-1774520499000-23,LONG,confirmed,HIGH,5,2026-03-26T10:27:43+00:00,,69626.419375,69696.080625,invalidated_or_expired,,LONG because absorb score 0.608 (bid absorbed sells); range compression observed; 24 defense cycles seen; zone defended for 364 s; OFI score 0.338 (buy-side)
2026-03-26,BTC-USDT-SWAP-SHORT-1774518188000-19,SHORT,trigger,HIGH,7,2026-03-26T09:46:08+00:00,2026-03-26T11:25:45+00:00,69444.25,69513.789525,failed_triggered,False,SHORT because absorb score 0.606 (ask absorbed buys); range compression observed; 88 defense cycles seen; zone defended for 180 s; OFI score -0.170 (sell-side); trigger flow multiplier 1.42x; break 0.253% below zone
2026-03-26,BTC-USDT-SWAP-LONG-1774520436000-22,LONG,confirmed,HIGH,5,2026-03-26T10:24:17+00:00,,69573.345925,69678.05,invalidated_or_expired,,LONG because absorb score 0.606 (bid absorbed sells); range compression observed; 63 defense cycles seen; zone defended for 221 s; OFI score 0.230 (buy-side)
2026-03-26,BTC-USDT-SWAP-SHORT-1774527206000-27,SHORT,trigger,HIGH,8,2026-03-26T12:16:26+00:00,2026-03-26T12:35:20+00:00,69306.179575,69375.52042500001,failed_triggered,True,SHORT because aggressive buying pressure 0.750 (absorbed); absorb score 0.762 (ask absorbed buys); range compression observed; 96 defense cycles seen; zone defended for 180 s; OFI score -0.061 (sell-side); trigger flow multiplier 1.42x; break 0.070% below zone
2026-03-26,BTC-USDT-SWAP-LONG-1774524970000-24,LONG,trigger,HIGH,7,2026-03-26T11:42:37+00:00,2026-03-26T13:44:39+00:00,69296.384475,69422.75,failed_triggered,False,LONG because absorb score 0.654 (bid absorbed sells); range compression observed; 16 defense cycles seen; zone defended for 387 s; OFI score 0.061 (buy-side); trigger flow multiplier 1.47x; break 0.055% above zone
2026-03-26,BTC-USDT-SWAP-LONG-1774526555000-25,LONG,trigger,HIGH,7,2026-03-26T12:07:46+00:00,2026-03-26T13:45:10+00:00,69201.05,69323.95,failed_triggered,False,LONG because absorb score 0.628 (bid absorbed sells); range compression observed; 12 defense cycles seen; zone defended for 311 s; OFI score -0.128 (WARNING: sell-side); trigger flow multiplier 1.42x; break 0.366% above zone
2026-03-26,BTC-USDT-SWAP-LONG-1774518751000-21,LONG,trigger,HIGH,7,2026-03-26T10:00:21+00:00,2026-03-26T13:45:13+00:00,69482.79122500001,69587.95,failed_triggered,False,LONG because absorb score 0.644 (bid absorbed sells); range compression observed; 60 defense cycles seen; zone defended for 470 s; OFI score 0.118 (buy-side); trigger flow multiplier 1.66x; break 0.064% above zone
2026-03-26,BTC-USDT-SWAP-SHORT-1774526799000-26,SHORT,confirmed,MID,4,2026-03-26T12:13:26+00:00,,69205.330025,69375.55,invalidated_or_expired,,SHORT because absorb score 0.632 (ask absorbed buys); range compression observed; 5 defense cycles seen; zone defended for 407 s
2026-03-26,BTC-USDT-SWAP-LONG-1774517981000-18,LONG,trigger,HIGH,7,2026-03-26T09:50:31+00:00,2026-03-26T13:45:25+00:00,69375.95,69499.95,failed_triggered,False,LONG because absorb score 0.612 (bid absorbed sells); range compression observed; 5 defense cycles seen; zone defended for 650 s; OFI score 0.242 (buy-side); trigger flow multiplier 1.41x; break 0.388% above zone
2026-03-26,BTC-USDT-SWAP-LONG-1774533115000-28,LONG,confirmed,HIGH,5,2026-03-26T14:05:55+00:00,,69466.25,69839.05,invalidated_or_expired,,LONG because aggressive selling pressure 0.603 (absorbed); absorb score 0.663 (bid absorbed sells); range compression observed; 26 defense cycles seen; zone defended for 840 s
2026-03-26,BTC-USDT-SWAP-SHORT-1774533389000-29,SHORT,trigger,HIGH,7,2026-03-26T14:02:09+00:00,2026-03-26T15:14:54+00:00,69466.25,69679.95,failed_triggered,False,SHORT because absorb score 0.626 (ask absorbed buys); range compression observed; 37 defense cycles seen; zone defended for 340 s; OFI score -0.085 (sell-side); trigger flow multiplier 1.41x; break 0.808% below zone
2026-03-26,BTC-USDT-SWAP-SHORT-1774539002000-33,SHORT,trigger,HIGH,8,2026-03-26T15:51:41+00:00,2026-03-26T17:49:26+00:00,68873.65,69117.05,failed_triggered,False,SHORT because aggressive buying pressure 0.642 (absorbed); absorb score 0.706 (ask absorbed buys); range compression observed; 18 defense cycles seen; zone defended for 1299 s; OFI score -0.210 (sell-side); trigger flow multiplier 1.46x; break 0.259% below zone
2026-03-26,BTC-USDT-SWAP-SHORT-1774538608000-32,SHORT,trigger,HIGH,7,2026-03-26T15:30:02+00:00,2026-03-26T17:49:36+00:00,68814.125725,69055.05,failed_triggered,False,SHORT because absorb score 0.659 (ask absorbed buys); range compression observed; 3 defense cycles seen; zone defended for 394 s; OFI score -0.120 (sell-side); trigger flow multiplier 1.41x; break 0.149% below zone
2026-03-26,BTC-USDT-SWAP-LONG-1774540527000-34,LONG,confirmed,HIGH,5,2026-03-26T16:06:10+00:00,,68920.05,69142.904175,invalidated_or_expired,,LONG because absorb score 0.624 (bid absorbed sells); range compression observed; 145 defense cycles seen; zone defended for 643 s; OFI score -0.129 (WARNING: sell-side)
2026-03-26,BTC-USDT-SWAP-LONG-1774538419000-30,LONG,confirmed,HIGH,6,2026-03-26T15:46:36+00:00,,68829.41807500001,69055.05,invalidated_or_expired,,LONG because aggressive selling pressure 0.672 (absorbed); absorb score 0.739 (bid absorbed sells); range compression observed; 104 defense cycles seen; zone defended for 1577 s; OFI score -0.071 (WARNING: sell-side)
2026-03-26,BTC-USDT-SWAP-LONG-1774538541000-31,LONG,confirmed,HIGH,5,2026-03-26T15:46:36+00:00,,68848.55,69055.05,invalidated_or_expired,,LONG because aggressive selling pressure 0.643 (absorbed); absorb score 0.707 (bid absorbed sells); range compression observed; 28 defense cycles seen; zone defended for 1455 s
2026-03-26,BTC-USDT-SWAP-SHORT-1774548203000-37,SHORT,trigger,HIGH,6,2026-03-26T18:10:48+00:00,2026-03-26T18:21:20+00:00,68288.45,68534.800275,failed_triggered,False,SHORT because absorb score 0.613 (ask absorbed buys); range compression observed; 93 defense cycles seen; zone defended for 445 s; trigger flow multiplier 1.40x; break 0.062% below zone
2026-03-26,BTC-USDT-SWAP-SHORT-1774549562000-40,SHORT,confirmed,HIGH,5,2026-03-26T18:52:19+00:00,,68118.75,68399.95,invalidated_or_expired,,SHORT because absorb score 0.658 (ask absorbed buys); range compression observed; 47 defense cycles seen; zone defended for 1577 s; OFI score -0.327 (sell-side)
2026-03-26,BTC-USDT-SWAP-SHORT-1774548280000-38,SHORT,confirmed,HIGH,5,2026-03-26T18:10:48+00:00,,68288.45,68517.35,invalidated_or_expired,,SHORT because absorb score 0.610 (ask absorbed buys); range compression observed; 27 defense cycles seen; zone defended for 368 s; OFI score 0.075 (WARNING: buy-side)
2026-03-26,BTC-USDT-SWAP-SHORT-1774548303000-39,SHORT,confirmed,HIGH,5,2026-03-26T18:10:48+00:00,,68288.45,68517.35,invalidated_or_expired,,SHORT because absorb score 0.606 (ask absorbed buys); range compression observed; 4 defense cycles seen; zone defended for 345 s; OFI score -0.197 (sell-side)
2026-03-26,BTC-USDT-SWAP-LONG-1774550123000-41,LONG,trigger,HIGH,6,2026-03-26T19:07:22+00:00,2026-03-26T20:11:46+00:00,68190.837525,68473.55,failed_triggered,False,LONG because absorb score 0.612 (bid absorbed sells); range compression observed; 5 defense cycles seen; zone defended for 1919 s; trigger flow multiplier 1.64x; break 0.570% above zone
2026-03-26,BTC-USDT-SWAP-LONG-1774547784000-35,LONG,trigger,HIGH,7,2026-03-26T18:02:03+00:00,2026-03-26T20:11:47+00:00,68340.45,68709.787725,failed_triggered,False,LONG because absorb score 0.642 (bid absorbed sells); range compression observed; 38 defense cycles seen; zone defended for 339 s; OFI score -0.201 (WARNING: sell-side); trigger flow multiplier 2.12x; break 0.394% above zone
2026-03-26,BTC-USDT-SWAP-SHORT-1774554260000-42,SHORT,confirmed,HIGH,6,2026-03-26T19:47:20+00:00,,68551.756975,68623.05,invalidated_or_expired,,SHORT because aggressive buying pressure 0.641 (absorbed); absorb score 0.646 (ask absorbed buys); range compression observed; 99 defense cycles seen; zone defended for 180 s; OFI score -0.295 (sell-side)
2026-03-26,BTC-USDT-SWAP-LONG-1774548123000-36,LONG,trigger,HIGH,8,2026-03-26T18:15:56+00:00,2026-03-26T20:12:13+00:00,68288.45,68574.95,failed_triggered,False,LONG because aggressive selling pressure 0.608 (absorbed); absorb score 0.669 (bid absorbed sells); range compression observed; 3 defense cycles seen; zone defended for 833 s; OFI score -0.187 (WARNING: sell-side); trigger flow multiplier 1.41x; break 0.958% above zone
2026-03-26,BTC-USDT-SWAP-LONG-1774557042000-45,LONG,confirmed,HIGH,5,2026-03-26T20:47:17+00:00,,69050.05,69272.65,invalidated_or_expired,,LONG because absorb score 0.603 (bid absorbed sells); range compression observed; 114 defense cycles seen; zone defended for 995 s; OFI score 0.143 (buy-side)
2026-03-26,BTC-USDT-SWAP-SHORT-1774564730000-48,SHORT,trigger,HIGH,7,2026-03-26T22:41:55+00:00,2026-03-26T23:24:19+00:00,68718.973325,68787.72667500001,failed_triggered,True,SHORT because absorb score 0.623 (ask absorbed buys); range compression observed; 26 defense cycles seen; zone defended for 185 s; OFI score -0.252 (sell-side); trigger flow multiplier 1.41x; break 0.098% below zone
2026-03-26,BTC-USDT-SWAP-SHORT-1774556212000-43,SHORT,confirmed,HIGH,5,2026-03-26T20:19:52+00:00,,68590.05,69318.85,no_trigger,,SHORT because absorb score 0.622 (ask absorbed buys); range compression observed; 149 defense cycles seen; zone defended for 180 s; OFI score 0.251 (WARNING: buy-side)
2026-03-26,BTC-USDT-SWAP-SHORT-1774556314000-44,SHORT,confirmed,HIGH,5,2026-03-26T20:21:34+00:00,,68590.05,69318.85,no_trigger,,SHORT because absorb score 0.633 (ask absorbed buys); range compression observed; 165 defense cycles seen; zone defended for 180 s; OFI score 0.104 (WARNING: buy-side)
2026-03-26,BTC-USDT-SWAP-LONG-1774558729000-46,LONG,confirmed,HIGH,6,2026-03-26T21:37:34+00:00,,68590.05,69150.95,no_trigger,,LONG because aggressive selling pressure 0.614 (absorbed); absorb score 0.615 (bid absorbed sells); range compression observed; 30 defense cycles seen; zone defended for 2325 s; OFI score 0.100 (buy-side)
2026-03-26,BTC-USDT-SWAP-LONG-1774564434000-47,LONG,confirmed,HIGH,5,2026-03-26T22:36:54+00:00,,68610.55,68960.05,no_trigger,,LONG because absorb score 0.634 (bid absorbed sells); range compression observed; 61 defense cycles seen; zone defended for 180 s; OFI score 0.196 (buy-side)
2026-03-26,BTC-USDT-SWAP-LONG-1774565554000-49,LONG,confirmed,HIGH,6,2026-03-26T23:15:08+00:00,,68610.55,68960.05,no_trigger,,LONG because aggressive selling pressure 0.621 (absorbed); absorb score 0.683 (bid absorbed sells); range compression observed; 173 defense cycles seen; zone defended for 1354 s; OFI score 0.088 (buy-side)
2026-03-27,BTC-USDT-SWAP-SHORT-1774570637000-2,SHORT,trigger,HIGH,8,2026-03-27T00:20:17+00:00,2026-03-27T00:37:27+00:00,68833.61597500001,68938.75,primary_unique_reached_move,True,SHORT because aggressive buying pressure 0.633 (absorbed); absorb score 0.696 (ask absorbed buys); range compression observed; 128 defense cycles seen; zone defended for 180 s; OFI score 0.111 (WARNING: buy-side); trigger flow multiplier 1.53x; break 0.351% below zone
2026-03-27,BTC-USDT-SWAP-LONG-1774571281000-3,LONG,trigger,HIGH,8,2026-03-27T00:34:33+00:00,2026-03-27T01:25:44+00:00,68680.05,68779.422525,failed_triggered,True,LONG because aggressive selling pressure 0.653 (absorbed); absorb score 0.686 (bid absorbed sells); range compression observed; 75 defense cycles seen; zone defended for 392 s; OFI score -0.131 (WARNING: sell-side); trigger flow multiplier 1.43x; break 0.207% above zone
2026-03-27,BTC-USDT-SWAP-LONG-1774570334000-1,LONG,trigger,HIGH,6,2026-03-27T00:28:01+00:00,2026-03-27T01:58:30+00:00,68715.25,68938.75,failed_triggered,False,LONG because absorb score 0.625 (bid absorbed sells); range compression observed; 160 defense cycles seen; zone defended for 947 s; trigger flow multiplier 1.41x; break 0.082% above zone
2026-03-27,BTC-USDT-SWAP-SHORT-1774578177000-9,SHORT,trigger,HIGH,7,2026-03-27T02:34:45+00:00,2026-03-27T02:44:56+00:00,68923.15,69047.05,duplicate_reached_move,True,SHORT because absorb score 0.629 (ask absorbed buys); range compression observed; 22 defense cycles seen; zone defended for 708 s; OFI score 0.106 (WARNING: buy-side); trigger flow multiplier 2.06x; break 0.082% below zone
2026-03-27,BTC-USDT-SWAP-SHORT-1774577539000-8,SHORT,trigger,HIGH,8,2026-03-27T02:15:19+00:00,2026-03-27T03:07:28+00:00,69016.55,69097.281375,duplicate_reached_move,False,SHORT because aggressive buying pressure 0.664 (absorbed); absorb score 0.636 (ask absorbed buys); range compression observed; 61 defense cycles seen; zone defended for 180 s; OFI score -0.277 (sell-side); trigger flow multiplier 1.61x; break 0.444% below zone
2026-03-27,BTC-USDT-SWAP-LONG-1774576895000-6,LONG,confirmed,MID,4,2026-03-27T02:04:50+00:00,,68998.533475,69104.85,invalidated_or_expired,,LONG because absorb score 0.609 (bid absorbed sells); range compression observed; 160 defense cycles seen; zone defended for 195 s
2026-03-27,BTC-USDT-SWAP-SHORT-1774573301000-5,SHORT,trigger,HIGH,7,2026-03-27T01:15:37+00:00,2026-03-27T04:00:58+00:00,68674.05,68857.95,duplicate_reached_move,False,SHORT because absorb score 0.616 (ask absorbed buys); range compression observed; 7 defense cycles seen; zone defended for 836 s; OFI score -0.125 (sell-side); trigger flow multiplier 1.90x; break 0.051% below zone
2026-03-27,BTC-USDT-SWAP-LONG-1774576961000-7,LONG,confirmed,HIGH,6,2026-03-27T02:25:24+00:00,,68934.45,69154.85,invalidated_or_expired,,LONG because aggressive selling pressure 0.623 (absorbed); absorb score 0.685 (bid absorbed sells); range compression observed; 105 defense cycles seen; zone defended for 1363 s; OFI score 0.386 (buy-side)
2026-03-27,BTC-USDT-SWAP-SHORT-1774572338000-4,SHORT,trigger,HIGH,8,2026-03-27T01:01:41+00:00,2026-03-27T04:01:28+00:00,68571.15,68827.15,duplicate_reached_move,False,SHORT because aggressive buying pressure 0.610 (absorbed); absorb score 0.655 (ask absorbed buys); range compression observed; 3 defense cycles seen; zone defended for 963 s; OFI score -0.219 (sell-side); trigger flow multiplier 4.35x; break 0.172% below zone
2026-03-27,BTC-USDT-SWAP-LONG-1774587127000-12,LONG,trigger,HIGH,8,2026-03-27T04:55:16+00:00,2026-03-27T05:09:13+00:00,68549.55,68624.244975,failed_triggered,True,LONG because aggressive selling pressure 0.656 (absorbed); absorb score 0.722 (bid absorbed sells); range compression observed; 118 defense cycles seen; zone defended for 189 s; OFI score 0.246 (buy-side); trigger flow multiplier 3.28x; break 0.052% above zone
2026-03-27,BTC-USDT-SWAP-LONG-1774585514000-10,LONG,trigger,HIGH,7,2026-03-27T04:28:22+00:00,2026-03-27T05:12:19+00:00,68438.85,68512.989375,failed_triggered,False,LONG because absorb score 0.613 (bid absorbed sells); range compression observed; 3 defense cycles seen; zone defended for 188 s; OFI score -0.165 (WARNING: sell-side); trigger flow multiplier 1.41x; break 0.265% above zone
2026-03-27,BTC-USDT-SWAP-LONG-1774594419000-13,LONG,trigger,HIGH,7,2026-03-27T06:56:39+00:00,2026-03-27T07:11:59+00:00,68625.719975,68694.380025,failed_triggered,True,LONG because aggressive selling pressure 0.611 (absorbed); absorb score 0.672 (bid absorbed sells); range compression observed; 90 defense cycles seen; zone defended for 180 s; trigger flow multiplier 4.16x; break 0.102% above zone
2026-03-27,BTC-USDT-SWAP-SHORT-1774585870000-11,SHORT,trigger,HIGH,8,2026-03-27T04:39:20+00:00,2026-03-27T08:17:40+00:00,68455.804975,68589.95,duplicate_reached_move,False,SHORT because aggressive buying pressure 0.632 (absorbed); absorb score 0.621 (ask absorbed buys); range compression observed; 75 defense cycles seen; zone defended for 490 s; OFI score -0.077 (sell-side); trigger flow multiplier 1.80x; break 0.077% below zone
2026-03-27,BTC-USDT-SWAP-SHORT-1774598331000-14,SHORT,trigger,HIGH,6,2026-03-27T08:12:52+00:00,2026-03-27T08:35:48+00:00,68401.73202499999,68599.05,duplicate_reached_move,False,SHORT because absorb score 0.607 (ask absorbed buys); range compression observed; 27 defense cycles seen; zone defended for 841 s; trigger flow multiplier 2.51x; break 0.778% below zone
2026-03-27,BTC-USDT-SWAP-SHORT-1774600484000-17,SHORT,trigger,HIGH,7,2026-03-27T08:42:54+00:00,2026-03-27T10:37:24+00:00,67585.35,68223.944925,duplicate_reached_move,False,SHORT because aggressive buying pressure 0.673 (absorbed); absorb score 0.740 (ask absorbed buys); range compression observed; 51 defense cycles seen; zone defended for 490 s; trigger flow multiplier 1.76x; break 0.263% below zone
2026-03-27,BTC-USDT-SWAP-SHORT-1774600392000-16,SHORT,trigger,HIGH,7,2026-03-27T08:42:54+00:00,2026-03-27T10:37:26+00:00,67585.35,68281.173525,duplicate_reached_move,False,SHORT because absorb score 0.608 (ask absorbed buys); range compression observed; 122 defense cycles seen; zone defended for 582 s; OFI score 0.412 (WARNING: buy-side); trigger flow multiplier 1.48x; break 0.274% below zone
2026-03-27,BTC-USDT-SWAP-LONG-1774599878000-15,LONG,confirmed,HIGH,5,2026-03-27T08:50:03+00:00,,67585.35,68377.62172499999,invalidated_or_expired,,LONG because absorb score 0.611 (bid absorbed sells); range compression observed; 97 defense cycles seen; zone defended for 1525 s; OFI score 0.174 (buy-side)
2026-03-27,BTC-USDT-SWAP-LONG-1774610486000-20,LONG,confirmed,MID,4,2026-03-27T11:25:34+00:00,,66574.35,66691.879275,invalidated_or_expired,,LONG because absorb score 0.655 (bid absorbed sells); range compression observed; 123 defense cycles seen; zone defended for 248 s
2026-03-27,BTC-USDT-SWAP-LONG-1774612561000-21,LONG,confirmed,HIGH,6,2026-03-27T12:06:26+00:00,,66580.05,66753.810225,invalidated_or_expired,,LONG because aggressive selling pressure 0.609 (absorbed); absorb score 0.644 (bid absorbed sells); range compression observed; 5 defense cycles seen; zone defended for 625 s; OFI score -0.107 (WARNING: sell-side)
2026-03-27,BTC-USDT-SWAP-LONG-1774609222000-19,LONG,confirmed,HIGH,6,2026-03-27T11:21:26+00:00,,66204.65,66693.05,invalidated_or_expired,,LONG because aggressive selling pressure 0.619 (absorbed); absorb score 0.681 (bid absorbed sells); range compression observed; 8 defense cycles seen; zone defended for 1264 s; OFI score -0.230 (WARNING: sell-side)
2026-03-27,BTC-USDT-SWAP-LONG-1774620007000-22,LONG,confirmed,HIGH,5,2026-03-27T14:18:43+00:00,,66052.35,66362.45,invalidated_or_expired,,LONG because absorb score 0.637 (bid absorbed sells); range compression observed; 67 defense cycles seen; zone defended for 1116 s; OFI score 0.126 (buy-side)
2026-03-27,BTC-USDT-SWAP-LONG-1774623813000-24,LONG,trigger,HIGH,7,2026-03-27T15:08:42+00:00,2026-03-27T15:23:52+00:00,66051.55,66245.85,failed_triggered,True,LONG because absorb score 0.611 (bid absorbed sells); range compression observed; 41 defense cycles seen; zone defended for 309 s; OFI score 0.276 (buy-side); trigger flow multiplier 2.24x; break 0.244% above zone
2026-03-27,BTC-USDT-SWAP-LONG-1774626472000-26,LONG,confirmed,HIGH,5,2026-03-27T15:51:18+00:00,,66291.35,66362.014425,invalidated_or_expired,,LONG because absorb score 0.607 (bid absorbed sells); range compression observed; 24 defense cycles seen; zone defended for 206 s; OFI score 0.111 (buy-side)
2026-03-27,BTC-USDT-SWAP-LONG-1774626322000-25,LONG,confirmed,HIGH,5,2026-03-27T15:51:18+00:00,,66263.15,66436.05142500001,invalidated_or_expired,,LONG because absorb score 0.631 (bid absorbed sells); range compression observed; 38 defense cycles seen; zone defended for 356 s; OFI score 0.271 (buy-side)
2026-03-27,BTC-USDT-SWAP-LONG-1774628406000-28,LONG,trigger,HIGH,7,2026-03-27T16:28:03+00:00,2026-03-27T17:07:09+00:00,65779.15,66069.95,failed_triggered,True,LONG because absorb score 0.640 (bid absorbed sells); range compression observed; 42 defense cycles seen; zone defended for 477 s; OFI score 0.292 (buy-side); trigger flow multiplier 1.41x; break 0.253% above zone
2026-03-27,BTC-USDT-SWAP-LONG-1774628331000-27,LONG,trigger,HIGH,7,2026-03-27T16:28:03+00:00,2026-03-27T17:07:13+00:00,65779.15,66069.95,failed_triggered,False,LONG because absorb score 0.642 (bid absorbed sells); range compression observed; 88 defense cycles seen; zone defended for 552 s; OFI score 0.204 (buy-side); trigger flow multiplier 1.50x; break 0.268% above zone
2026-03-27,BTC-USDT-SWAP-SHORT-1774620613000-23,SHORT,trigger,HIGH,8,2026-03-27T14:38:37+00:00,2026-03-27T17:44:56+00:00,65686.55,66362.45,failed_triggered,False,SHORT because aggressive buying pressure 0.622 (absorbed); absorb score 0.684 (ask absorbed buys); range compression observed; 35 defense cycles seen; zone defended for 1704 s; OFI score -0.120 (sell-side); trigger flow multiplier 1.92x; break 0.146% below zone
2026-03-27,BTC-USDT-SWAP-SHORT-1774634948000-30,SHORT,trigger,HIGH,7,2026-03-27T18:12:08+00:00,2026-03-27T18:14:24+00:00,65637.21497500001,65729.95,failed_triggered,False,SHORT because absorb score 0.656 (ask absorbed buys); range compression observed; 128 defense cycles seen; zone defended for 180 s; OFI score -0.393 (sell-side); trigger flow multiplier 1.40x; break 0.104% below zone
2026-03-27,BTC-USDT-SWAP-LONG-1774635434000-32,LONG,trigger,HIGH,8,2026-03-27T18:33:55+00:00,2026-03-27T19:58:25+00:00,65540.05,65835.95,failed_triggered,False,LONG because aggressive selling pressure 0.622 (absorbed); absorb score 0.684 (bid absorbed sells); range compression observed; 76 defense cycles seen; zone defended for 1001 s; OFI score 0.204 (buy-side); trigger flow multiplier 1.83x; break 0.242% above zone
2026-03-27,BTC-USDT-SWAP-SHORT-1774635234000-31,SHORT,confirmed,HIGH,5,2026-03-27T18:45:11+00:00,,65540.05,65838.05,invalidated_or_expired,,SHORT because absorb score 0.622 (ask absorbed buys); range compression observed; 20 defense cycles seen; zone defended for 1877 s; OFI score -0.101 (sell-side)
2026-03-27,BTC-USDT-SWAP-SHORT-1774608293000-18,SHORT,confirmed,HIGH,5,2026-03-27T11:00:39+00:00,,65540.05,66936.80167500001,no_trigger,,SHORT because absorb score 0.604 (ask absorbed buys); range compression observed; 35 defense cycles seen; zone defended for 946 s; OFI score -0.440 (sell-side)
2026-03-27,BTC-USDT-SWAP-LONG-1774633774000-29,LONG,confirmed,HIGH,6,2026-03-27T17:52:49+00:00,,65540.05,66381.65,no_trigger,,LONG because aggressive selling pressure 0.668 (absorbed); absorb score 0.603 (bid absorbed sells); range compression observed; 52 defense cycles seen; zone defended for 195 s; OFI score 0.097 (buy-side)
2026-03-27,BTC-USDT-SWAP-LONG-1774655103000-33,LONG,confirmed,HIGH,6,2026-03-27T23:50:09+00:00,,66229.518675,66381.65,no_trigger,,LONG because aggressive selling pressure 0.662 (absorbed); absorb score 0.728 (bid absorbed sells); range compression observed; 4 defense cycles seen; zone defended for 306 s; OFI score 0.215 (buy-side)
2026-03-28,BTC-USDT-SWAP-LONG-1774657037000-3,LONG,trigger,HIGH,7,2026-03-28T00:20:17+00:00,2026-03-28T00:31:12+00:00,66291.187825,66362.25,failed_triggered,True,LONG because absorb score 0.618 (bid absorbed sells); range compression observed; 73 defense cycles seen; zone defended for 180 s; OFI score 0.136 (buy-side); trigger flow multiplier 1.56x; break 0.055% above zone
2026-03-28,BTC-USDT-SWAP-SHORT-1774656577000-2,SHORT,trigger,HIGH,7,2026-03-28T00:40:41+00:00,2026-03-28T01:11:48+00:00,66255.95,66487.75,failed_triggered,True,SHORT because absorb score 0.634 (ask absorbed buys); range compression observed; 16 defense cycles seen; zone defended for 1864 s; OFI score -0.240 (sell-side); trigger flow multiplier 1.43x; break 0.145% below zone
2026-03-28,BTC-USDT-SWAP-SHORT-1774656525000-1,SHORT,trigger,HIGH,7,2026-03-28T00:40:41+00:00,2026-03-28T01:13:31+00:00,66255.95,66487.75,failed_triggered,False,SHORT because aggressive buying pressure 0.653 (absorbed); absorb score 0.705 (ask absorbed buys); range compression observed; 47 defense cycles seen; zone defended for 1916 s; trigger flow multiplier 1.58x; break 0.263% below zone
2026-03-28,BTC-USDT-SWAP-SHORT-1774662687000-8,SHORT,trigger,HIGH,7,2026-03-28T01:54:27+00:00,2026-03-28T02:19:06+00:00,66087.789575,66153.91042500001,failed_triggered,True,SHORT because absorb score 0.609 (ask absorbed buys); range compression observed; 163 defense cycles seen; zone defended for 180 s; OFI score -0.107 (sell-side); trigger flow multiplier 1.40x; break 0.105% below zone
2026-03-28,BTC-USDT-SWAP-LONG-1774659275000-4,LONG,confirmed,HIGH,6,2026-03-28T01:06:01+00:00,,66304.45,66463.95,invalidated_or_expired,,LONG because aggressive selling pressure 0.672 (absorbed); absorb score 0.685 (bid absorbed sells); range compression observed; 70 defense cycles seen; zone defended for 686 s; OFI score 0.168 (buy-side)
2026-03-28,BTC-USDT-SWAP-LONG-1774664758000-10,LONG,trigger,HIGH,6,2026-03-28T02:35:31+00:00,2026-03-28T03:40:02+00:00,65901.05,66065.966475,failed_triggered,False,LONG because absorb score 0.618 (bid absorbed sells); range compression observed; 66 defense cycles seen; zone defended for 573 s; trigger flow multiplier 1.40x; break 0.114% above zone
2026-03-28,BTC-USDT-SWAP-LONG-1774662071000-7,LONG,trigger,HIGH,7,2026-03-28T01:47:32+00:00,2026-03-28T05:24:26+00:00,66051.907525,66151.85,failed_triggered,False,LONG because absorb score 0.628 (bid absorbed sells); range compression observed; 39 defense cycles seen; zone defended for 381 s; OFI score 0.170 (buy-side); trigger flow multiplier 1.49x; break 0.304% above zone
2026-03-28,BTC-USDT-SWAP-SHORT-1774665979000-11,SHORT,confirmed,HIGH,5,2026-03-28T03:14:37+00:00,,65940.263375,66119.55,invalidated_or_expired,,SHORT because absorb score 0.612 (ask absorbed buys); range compression observed; 3 defense cycles seen; zone defended for 1698 s; OFI score -0.166 (sell-side)
2026-03-28,BTC-USDT-SWAP-LONG-1774679676000-13,LONG,trigger,HIGH,8,2026-03-28T06:39:05+00:00,2026-03-28T07:55:23+00:00,66381.34272500001,66447.757275,failed_triggered,False,LONG because aggressive selling pressure 0.628 (absorbed); absorb score 0.607 (bid absorbed sells); range compression observed; 7 defense cycles seen; zone defended for 269 s; OFI score -0.085 (WARNING: sell-side); trigger flow multiplier 2.48x; break 0.052% above zone
2026-03-28,BTC-USDT-SWAP-LONG-1774660665000-6,LONG,trigger,HIGH,7,2026-03-28T01:24:23+00:00,2026-03-28T08:00:04+00:00,66166.85002499999,66249.95,failed_triggered,False,LONG because absorb score 0.656 (bid absorbed sells); range compression observed; 48 defense cycles seen; zone defended for 398 s; OFI score 0.311 (buy-side); trigger flow multiplier 1.42x; break 0.429% above zone
2026-03-28,BTC-USDT-SWAP-SHORT-1774686604000-15,SHORT,trigger,HIGH,7,2026-03-28T08:33:04+00:00,2026-03-28T09:03:54+00:00,66477.794475,66544.305525,failed_triggered,True,SHORT because aggressive buying pressure 0.678 (absorbed); absorb score 0.691 (ask absorbed buys); range compression observed; 179 defense cycles seen; zone defended for 180 s; trigger flow multiplier 1.40x; break 0.242% below zone
2026-03-28,BTC-USDT-SWAP-LONG-1774690718000-16,LONG,trigger,HIGH,8,2026-03-28T09:42:47+00:00,2026-03-28T10:06:30+00:00,66233.25,66304.28557499999,failed_triggered,True,LONG because aggressive selling pressure 0.640 (absorbed); absorb score 0.704 (bid absorbed sells); range compression observed; 64 defense cycles seen; zone defended for 249 s; OFI score -0.156 (WARNING: sell-side); trigger flow multiplier 1.40x; break 0.089% above zone
2026-03-28,BTC-USDT-SWAP-SHORT-1774672561000-12,SHORT,trigger,HIGH,7,2026-03-28T04:49:49+00:00,2026-03-28T10:27:10+00:00,66201.632625,66271.95,failed_triggered,False,SHORT because aggressive buying pressure 0.642 (absorbed); absorb score 0.706 (ask absorbed buys); range compression observed; 99 defense cycles seen; zone defended for 828 s; trigger flow multiplier 6.55x; break 0.085% below zone
2026-03-28,BTC-USDT-SWAP-LONG-1774685109000-14,LONG,confirmed,MID,4,2026-03-28T08:14:46+00:00,,66440.05,66551.208975,invalidated_or_expired,,LONG because absorb score 0.628 (bid absorbed sells); range compression observed; 28 defense cycles seen; zone defended for 577 s
2026-03-28,BTC-USDT-SWAP-LONG-1774660589000-5,LONG,trigger,HIGH,8,2026-03-28T01:24:23+00:00,2026-03-28T13:32:16+00:00,66106.680125,66249.95,failed_triggered,False,LONG because aggressive selling pressure 0.685 (absorbed); absorb score 0.657 (bid absorbed sells); range compression observed; 65 defense cycles seen; zone defended for 474 s; OFI score 0.178 (buy-side); trigger flow multiplier 1.56x; break 0.536% above zone
2026-03-28,BTC-USDT-SWAP-SHORT-1774663765000-9,SHORT,confirmed,HIGH,6,2026-03-28T02:46:19+00:00,,65901.05,66216.74182499999,invalidated_or_expired,,SHORT because aggressive buying pressure 0.604 (absorbed); absorb score 0.664 (ask absorbed buys); range compression observed; 4 defense cycles seen; zone defended for 2214 s; OFI score 0.151 (WARNING: buy-side)
2026-03-28,BTC-USDT-SWAP-LONG-1774706385000-19,LONG,trigger,HIGH,8,2026-03-28T14:04:09+00:00,2026-03-28T15:17:05+00:00,66695.15,66858.06232499999,failed_triggered,False,LONG because aggressive selling pressure 0.663 (absorbed); absorb score 0.710 (bid absorbed sells); range compression observed; 38 defense cycles seen; zone defended for 264 s; OFI score 0.392 (buy-side); trigger flow multiplier 1.41x; break 0.217% above zone
2026-03-28,BTC-USDT-SWAP-LONG-1774706252000-18,LONG,trigger,HIGH,7,2026-03-28T14:00:32+00:00,2026-03-28T15:19:03+00:00,66736.465075,66824.65,failed_triggered,False,LONG because absorb score 0.636 (bid absorbed sells); range compression observed; 45 defense cycles seen; zone defended for 180 s; OFI score 0.106 (buy-side); trigger flow multiplier 1.40x; break 0.288% above zone
2026-03-28,BTC-USDT-SWAP-LONG-1774712731000-20,LONG,confirmed,HIGH,5,2026-03-28T15:55:20+00:00,,66929.95,67048.957725,invalidated_or_expired,,LONG because absorb score 0.642 (bid absorbed sells); range compression observed; 11 defense cycles seen; zone defended for 589 s; OFI score 0.231 (buy-side)
2026-03-28,BTC-USDT-SWAP-LONG-1774716427000-21,LONG,confirmed,MID,4,2026-03-28T16:50:54+00:00,,66828.05,66933.399975,invalidated_or_expired,,LONG because absorb score 0.613 (bid absorbed sells); range compression observed; 28 defense cycles seen; zone defended for 227 s
2026-03-28,BTC-USDT-SWAP-SHORT-1774705080000-17,SHORT,trigger,HIGH,7,2026-03-28T14:09:51+00:00,2026-03-28T23:11:16+00:00,66579.443625,67124.35,failed_triggered,False,SHORT because absorb score 0.629 (ask absorbed buys); range compression observed; 3 defense cycles seen; zone defended for 1911 s; OFI score -0.124 (sell-side); trigger flow multiplier 1.42x; break 0.302% below zone
2026-03-28,BTC-USDT-SWAP-LONG-1774735104000-22,LONG,confirmed,HIGH,6,2026-03-28T22:14:47+00:00,,66244.95,66751.45,no_trigger,,LONG because aggressive selling pressure 0.608 (absorbed); absorb score 0.669 (bid absorbed sells); range compression observed; 34 defense cycles seen; zone defended for 983 s; OFI score -0.139 (WARNING: sell-side)
2026-03-28,BTC-USDT-SWAP-LONG-1774736087000-23,LONG,confirmed,MID,4,2026-03-28T22:34:43+00:00,,66244.95,66751.45,no_trigger,,LONG because absorb score 0.623 (bid absorbed sells); range compression observed; 3 defense cycles seen; zone defended for 1196 s
2026-03-29,BTC-USDT-SWAP-SHORT-1774742430000-1,SHORT,trigger,HIGH,7,2026-03-29T00:06:41+00:00,2026-03-29T00:22:47+00:00,66296.88497500001,66443.75,failed_triggered,True,SHORT because absorb score 0.646 (ask absorbed buys); range compression observed; 26 defense cycles seen; zone defended for 371 s; OFI score -0.115 (sell-side); trigger flow multiplier 6.52x; break 0.072% below zone
2026-03-29,BTC-USDT-SWAP-LONG-1774742870000-3,LONG,trigger,HIGH,7,2026-03-29T00:26:39+00:00,2026-03-29T01:04:04+00:00,66249.05,66445.35607499999,failed_triggered,True,LONG because aggressive selling pressure 0.667 (absorbed); absorb score 0.733 (bid absorbed sells); range compression observed; 3 defense cycles seen; zone defended for 1129 s; trigger flow multiplier 1.52x; break 0.058% above zone
2026-03-29,BTC-USDT-SWAP-LONG-1774743999000-4,LONG,trigger,HIGH,8,2026-03-29T00:46:44+00:00,2026-03-29T01:12:10+00:00,66276.795025,66438.85,failed_triggered,False,LONG because aggressive selling pressure 0.674 (absorbed); absorb score 0.651 (bid absorbed sells); range compression observed; 114 defense cycles seen; zone defended for 1205 s; OFI score 0.059 (buy-side); trigger flow multiplier 1.69x; break 0.129% above zone
2026-03-29,BTC-USDT-SWAP-SHORT-1774742801000-2,SHORT,confirmed,HIGH,5,2026-03-29T00:11:14+00:00,,66352.55,66437.952375,invalidated_or_expired,,SHORT because absorb score 0.624 (ask absorbed buys); range compression observed; 11 defense cycles seen; zone defended for 273 s; OFI score -0.115 (sell-side)
2026-03-29,BTC-USDT-SWAP-LONG-1774753216000-9,LONG,trigger,HIGH,6,2026-03-29T03:04:26+00:00,2026-03-29T03:15:25+00:00,66722.25,66797.231925,failed_triggered,True,LONG because absorb score 0.607 (bid absorbed sells); range compression observed; 41 defense cycles seen; zone defended for 250 s; trigger flow multiplier 1.47x; break 0.094% above zone
2026-03-29,BTC-USDT-SWAP-SHORT-1774746731000-5,SHORT,confirmed,HIGH,5,2026-03-29T01:18:42+00:00,,66472.497125,66557.35,invalidated_or_expired,,SHORT because absorb score 0.634 (ask absorbed buys); range compression observed; 37 defense cycles seen; zone defended for 391 s; OFI score -0.126 (sell-side)
2026-03-29,BTC-USDT-SWAP-SHORT-1774750254000-6,SHORT,confirmed,MID,4,2026-03-29T02:28:15+00:00,,66544.26122500001,66673.75,invalidated_or_expired,,SHORT because absorb score 0.616 (ask absorbed buys); range compression observed; 10 defense cycles seen; zone defended for 1041 s
2026-03-29,BTC-USDT-SWAP-SHORT-1774751295000-7,SHORT,confirmed,MID,4,2026-03-29T02:36:58+00:00,,66547.35,66675.27097499999,invalidated_or_expired,,SHORT because absorb score 0.603 (ask absorbed buys); range compression observed; 48 defense cycles seen; zone defended for 523 s
2026-03-29,BTC-USDT-SWAP-SHORT-1774757504000-12,SHORT,trigger,HIGH,7,2026-03-29T04:39:23+00:00,2026-03-29T04:57:02+00:00,66736.85,66896.381475,primary_unique_reached_move,True,SHORT because absorb score 0.642 (ask absorbed buys); range compression observed; 17 defense cycles seen; zone defended for 1659 s; OFI score -0.317 (sell-side); trigger flow multiplier 1.56x; break 0.055% below zone
2026-03-29,BTC-USDT-SWAP-SHORT-1774760707000-14,SHORT,trigger,HIGH,7,2026-03-29T05:14:24+00:00,2026-03-29T05:16:17+00:00,66635.75,66724.495575,duplicate_reached_move,False,SHORT because aggressive buying pressure 0.642 (absorbed); absorb score 0.642 (ask absorbed buys); range compression observed; 51 defense cycles seen; zone defended for 557 s; trigger flow multiplier 2.12x; break 0.052% below zone
2026-03-29,BTC-USDT-SWAP-LONG-1774754966000-10,LONG,confirmed,MID,4,2026-03-29T03:32:26+00:00,,66917.67442499999,66984.625575,invalidated_or_expired,,LONG because absorb score 0.628 (bid absorbed sells); range compression observed; 48 defense cycles seen; zone defended for 180 s
2026-03-29,BTC-USDT-SWAP-LONG-1774762457000-15,LONG,trigger,HIGH,7,2026-03-29T05:37:38+00:00,2026-03-29T05:50:01+00:00,66560.15,66642.65467500001,failed_triggered,True,LONG because absorb score 0.616 (bid absorbed sells); range compression observed; 27 defense cycles seen; zone defended for 201 s; OFI score 0.094 (buy-side); trigger flow multiplier 1.42x; break 0.075% above zone
2026-03-29,BTC-USDT-SWAP-LONG-1774760584000-13,LONG,trigger,HIGH,7,2026-03-29T05:10:08+00:00,2026-03-29T05:53:13+00:00,66635.75,66737.301975,failed_triggered,False,LONG because absorb score 0.619 (bid absorbed sells); range compression observed; 17 defense cycles seen; zone defended for 424 s; OFI score 0.187 (buy-side); trigger flow multiplier 1.77x; break 0.086% above zone
2026-03-29,BTC-USDT-SWAP-SHORT-1774763331000-16,SHORT,trigger,HIGH,8,2026-03-29T05:58:13+00:00,2026-03-29T07:03:12+00:00,66572.34717499999,66794.75,duplicate_reached_move,False,SHORT because aggressive buying pressure 0.704 (absorbed); absorb score 0.774 (ask absorbed buys); range compression observed; 55 defense cycles seen; zone defended for 562 s; OFI score 0.088 (WARNING: buy-side); trigger flow multiplier 3.84x; break 0.055% below zone
2026-03-29,BTC-USDT-SWAP-LONG-1774755666000-11,LONG,confirmed,HIGH,5,2026-03-29T03:56:25+00:00,,66825.25,66930.198375,invalidated_or_expired,,LONG because absorb score 0.618 (bid absorbed sells); range compression observed; 3 defense cycles seen; zone defended for 919 s; OFI score -0.140 (WARNING: sell-side)
2026-03-29,BTC-USDT-SWAP-SHORT-1774768706000-17,SHORT,trigger,HIGH,7,2026-03-29T07:34:57+00:00,2026-03-29T10:07:42+00:00,66514.775975,66683.05,duplicate_reached_move,False,SHORT because aggressive buying pressure 0.689 (absorbed); absorb score 0.758 (ask absorbed buys); range compression observed; 38 defense cycles seen; zone defended for 991 s; trigger flow multiplier 3.32x; break 0.052% below zone
2026-03-29,BTC-USDT-SWAP-SHORT-1774779062000-19,SHORT,trigger,HIGH,7,2026-03-29T10:14:02+00:00,2026-03-29T10:21:37+00:00,66459.903425,66526.39657499999,duplicate_reached_move,False,SHORT because absorb score 0.623 (ask absorbed buys); range compression observed; 145 defense cycles seen; zone defended for 180 s; OFI score -0.096 (sell-side); trigger flow multiplier 1.40x; break 0.075% below zone
2026-03-29,BTC-USDT-SWAP-LONG-1774777150000-18,LONG,trigger,HIGH,7,2026-03-29T09:43:58+00:00,2026-03-29T11:04:47+00:00,66508.479125,66575.020875,failed_triggered,False,LONG because absorb score 0.652 (bid absorbed sells); range compression observed; 9 defense cycles seen; zone defended for 288 s; OFI score 0.258 (buy-side); trigger flow multiplier 1.49x; break 0.075% above zone
2026-03-29,BTC-USDT-SWAP-LONG-1774780706000-20,LONG,trigger,HIGH,8,2026-03-29T10:52:43+00:00,2026-03-29T11:04:47+00:00,66430.018375,66548.65,failed_triggered,True,LONG because aggressive selling pressure 0.623 (absorbed); absorb score 0.685 (bid absorbed sells); range compression observed; 44 defense cycles seen; zone defended for 857 s; OFI score 0.445 (buy-side); trigger flow multiplier 2.13x; break 0.114% above zone
2026-03-29,BTC-USDT-SWAP-LONG-1774783251000-21,LONG,trigger,HIGH,8,2026-03-29T11:23:51+00:00,2026-03-29T11:46:22+00:00,66734.65,66848.357475,failed_triggered,False,LONG because aggressive selling pressure 0.653 (absorbed); absorb score 0.718 (bid absorbed sells); range compression observed; 143 defense cycles seen; zone defended for 180 s; OFI score 0.435 (buy-side); trigger flow multiplier 2.51x; break 0.062% above zone
2026-03-29,BTC-USDT-SWAP-SHORT-1774752923000-8,SHORT,trigger,HIGH,8,2026-03-29T02:58:23+00:00,2026-03-29T13:08:35+00:00,66720.073275,66786.82672499999,duplicate_reached_move,False,SHORT because aggressive buying pressure 0.676 (absorbed); absorb score 0.744 (ask absorbed buys); range compression observed; 87 defense cycles seen; zone defended for 180 s; OFI score -0.149 (sell-side); trigger flow multiplier 3.11x; break 0.263% below zone
2026-03-29,BTC-USDT-SWAP-LONG-1774784312000-22,LONG,confirmed,HIGH,6,2026-03-29T11:54:31+00:00,,66772.25,66949.95,invalidated_or_expired,,LONG because aggressive selling pressure 0.676 (absorbed); absorb score 0.744 (bid absorbed sells); range compression observed; 22 defense cycles seen; zone defended for 959 s; OFI score -0.127 (WARNING: sell-side)
2026-03-29,BTC-USDT-SWAP-SHORT-1774805237000-23,SHORT,confirmed,HIGH,5,2026-03-29T17:31:28+00:00,,66178.144375,66257.45,invalidated_or_expired,,SHORT because absorb score 0.616 (ask absorbed buys); range compression observed; 80 defense cycles seen; zone defended for 251 s; OFI score 0.122 (WARNING: buy-side)
2026-03-29,BTC-USDT-SWAP-SHORT-1774826131000-24,SHORT,trigger,HIGH,7,2026-03-29T23:32:21+00:00,2026-03-29T23:38:58+00:00,65918.45,66261.05,failed_triggered,True,SHORT because absorb score 0.615 (ask absorbed buys); range compression observed; 5 defense cycles seen; zone defended for 1010 s; OFI score -0.104 (sell-side); trigger flow multiplier 1.43x; break 0.051% below zone
2026-03-30,BTC-USDT-SWAP-LONG-1774829268000-2,LONG,trigger,HIGH,8,2026-03-30T00:10:48+00:00,2026-03-30T00:19:15+00:00,65813.35,65979.05,duplicate_reached_move,True,LONG because aggressive selling pressure 0.649 (absorbed); absorb score 0.713 (bid absorbed sells); range compression observed; 153 defense cycles seen; zone defended for 180 s; OFI score 0.450 (buy-side); trigger flow multiplier 1.73x; break 0.680% above zone
2026-03-30,BTC-USDT-SWAP-LONG-1774829318000-3,LONG,trigger,HIGH,8,2026-03-30T00:11:52+00:00,2026-03-30T00:19:15+00:00,65813.35,65986.12657499999,primary_unique_reached_move,True,LONG because aggressive selling pressure 0.604 (absorbed); absorb score 0.665 (bid absorbed sells); range compression observed; 153 defense cycles seen; zone defended for 194 s; OFI score -0.053 (WARNING: sell-side); trigger flow multiplier 1.72x; break 0.669% above zone
2026-03-30,BTC-USDT-SWAP-LONG-1774829392000-4,LONG,trigger,HIGH,8,2026-03-30T00:13:57+00:00,2026-03-30T00:19:15+00:00,65801.95,65882.975025,duplicate_reached_move,True,LONG because aggressive selling pressure 0.617 (absorbed); absorb score 0.679 (bid absorbed sells); range compression observed; 115 defense cycles seen; zone defended for 245 s; OFI score -0.056 (WARNING: sell-side); trigger flow multiplier 1.65x; break 0.827% above zone
2026-03-30,BTC-USDT-SWAP-LONG-1774836861000-8,LONG,trigger,HIGH,8,2026-03-30T02:25:03+00:00,2026-03-30T02:44:05+00:00,66648.55,66843.95,failed_triggered,True,LONG because aggressive selling pressure 0.636 (absorbed); absorb score 0.699 (bid absorbed sells); range compression observed; 32 defense cycles seen; zone defended for 642 s; OFI score 0.208 (buy-side); trigger flow multiplier 3.37x; break 0.066% above zone
2026-03-30,BTC-USDT-SWAP-LONG-1774836898000-9,LONG,trigger,HIGH,7,2026-03-30T02:25:03+00:00,2026-03-30T02:44:05+00:00,66648.55,66843.95,failed_triggered,True,LONG because absorb score 0.614 (bid absorbed sells); range compression observed; 3 defense cycles seen; zone defended for 605 s; OFI score 0.141 (buy-side); trigger flow multiplier 3.00x; break 0.066% above zone
2026-03-30,BTC-USDT-SWAP-LONG-1774834220000-6,LONG,trigger,HIGH,7,2026-03-30T01:33:20+00:00,2026-03-30T02:45:21+00:00,66494.08632500001,66663.95,failed_triggered,False,LONG because absorb score 0.616 (bid absorbed sells); range compression observed; 126 defense cycles seen; zone defended for 180 s; OFI score 0.215 (buy-side); trigger flow multiplier 1.41x; break 0.462% above zone
2026-03-30,BTC-USDT-SWAP-LONG-1774834280000-7,LONG,trigger,HIGH,7,2026-03-30T01:34:20+00:00,2026-03-30T02:45:21+00:00,66544.361175,66663.95,failed_triggered,False,LONG because absorb score 0.610 (bid absorbed sells); range compression observed; 93 defense cycles seen; zone defended for 180 s; OFI score 0.236 (buy-side); trigger flow multiplier 1.40x; break 0.462% above zone
2026-03-30,BTC-USDT-SWAP-SHORT-1774830283000-5,SHORT,confirmed,HIGH,6,2026-03-30T00:43:45+00:00,,66150.95,66821.75,invalidated_or_expired,,SHORT because aggressive buying pressure 0.611 (absorbed); absorb score 0.672 (ask absorbed buys); range compression observed; 16 defense cycles seen; zone defended for 1142 s; OFI score -0.083 (sell-side)
2026-03-30,BTC-USDT-SWAP-SHORT-1774828839000-1,SHORT,confirmed,HIGH,6,2026-03-30T00:24:43+00:00,,65762.05,67026.65,invalidated_or_expired,,SHORT because aggressive buying pressure 0.604 (absorbed); absorb score 0.664 (ask absorbed buys); range compression observed; 6 defense cycles seen; zone defended for 1444 s; OFI score -0.193 (sell-side)
2026-03-30,BTC-USDT-SWAP-LONG-1774840912000-11,LONG,trigger,HIGH,7,2026-03-30T03:31:42+00:00,2026-03-30T04:07:27+00:00,67025.02072500001,67266.95,failed_triggered,True,LONG because absorb score 0.624 (bid absorbed sells); range compression observed; 54 defense cycles seen; zone defended for 590 s; OFI score 0.066 (buy-side); trigger flow multiplier 1.46x; break 0.166% above zone
2026-03-30,BTC-USDT-SWAP-LONG-1774841502000-12,LONG,trigger,HIGH,7,2026-03-30T03:35:04+00:00,2026-03-30T04:12:49+00:00,67147.55,67233.65002500001,failed_triggered,False,LONG because absorb score 0.653 (bid absorbed sells); range compression observed; 95 defense cycles seen; zone defended for 202 s; OFI score 0.181 (buy-side); trigger flow multiplier 1.87x; break 0.208% above zone
2026-03-30,BTC-USDT-SWAP-SHORT-1774842906000-13,SHORT,confirmed,HIGH,6,2026-03-30T03:58:06+00:00,,67101.05,67200.333375,invalidated_or_expired,,SHORT because aggressive buying pressure 0.613 (absorbed); absorb score 0.621 (ask absorbed buys); range compression observed; 93 defense cycles seen; zone defended for 180 s; OFI score -0.065 (sell-side)
2026-03-30,BTC-USDT-SWAP-LONG-1774843669000-14,LONG,trigger,HIGH,6,2026-03-30T04:12:27+00:00,2026-03-30T04:31:29+00:00,67295.05,67465.95,failed_triggered,False,LONG because absorb score 0.611 (bid absorbed sells); range compression observed; 44 defense cycles seen; zone defended for 278 s; trigger flow multiplier 1.48x; break 0.050% above zone
2026-03-30,BTC-USDT-SWAP-SHORT-1774840595000-10,SHORT,confirmed,HIGH,5,2026-03-30T03:55:06+00:00,,66966.450025,67291.95,invalidated_or_expired,,SHORT because absorb score 0.605 (ask absorbed buys); range compression observed; 7 defense cycles seen; zone defended for 2311 s; OFI score 0.596 (WARNING: buy-side)
2026-03-30,BTC-USDT-SWAP-LONG-1774846274000-16,LONG,trigger,HIGH,7,2026-03-30T05:08:43+00:00,2026-03-30T05:09:59+00:00,67475.25,67694.15,failed_triggered,False,LONG because absorb score 0.607 (bid absorbed sells); range compression observed; 17 defense cycles seen; zone defended for 1049 s; OFI score 0.075 (buy-side); trigger flow multiplier 2.35x; break 0.076% above zone
2026-03-30,BTC-USDT-SWAP-SHORT-1774846621000-17,SHORT,trigger,HIGH,8,2026-03-30T05:00:06+00:00,2026-03-30T05:42:23+00:00,67485.690275,67615.55,failed_triggered,True,SHORT because aggressive buying pressure 0.683 (absorbed); absorb score 0.751 (ask absorbed buys); range compression observed; 69 defense cycles seen; zone defended for 185 s; OFI score 0.247 (WARNING: buy-side); trigger flow multiplier 1.76x; break 0.072% below zone
2026-03-30,BTC-USDT-SWAP-SHORT-1774846778000-18,SHORT,trigger,HIGH,8,2026-03-30T05:03:54+00:00,2026-03-30T05:42:23+00:00,67558.85367499999,67694.15,failed_triggered,True,SHORT because aggressive buying pressure 0.616 (absorbed); absorb score 0.677 (ask absorbed buys); range compression observed; 5 defense cycles seen; zone defended for 256 s; OFI score 0.239 (WARNING: buy-side); trigger flow multiplier 1.45x; break 0.180% below zone
2026-03-30,BTC-USDT-SWAP-SHORT-1774844011000-15,SHORT,trigger,HIGH,7,2026-03-30T04:24:44+00:00,2026-03-30T06:19:05+00:00,67320.372975,67475.15,failed_triggered,False,SHORT because absorb score 0.643 (ask absorbed buys); range compression observed; 5 defense cycles seen; zone defended for 673 s; OFI score 0.103 (WARNING: buy-side); trigger flow multiplier 1.41x; break 0.112% below zone
2026-03-30,BTC-USDT-SWAP-LONG-1774847323000-19,LONG,confirmed,HIGH,6,2026-03-30T05:24:11+00:00,,67567.85,67774.95,invalidated_or_expired,,LONG because aggressive selling pressure 0.633 (absorbed); absorb score 0.697 (bid absorbed sells); range compression observed; 30 defense cycles seen; zone defended for 928 s; OFI score 0.453 (buy-side)
2026-03-30,BTC-USDT-SWAP-SHORT-1774852538000-20,SHORT,trigger,HIGH,7,2026-03-30T06:39:57+00:00,2026-03-30T07:03:48+00:00,67241.412475,67318.95,failed_triggered,False,SHORT because absorb score 0.605 (ask absorbed buys); range compression observed; 61 defense cycles seen; zone defended for 259 s; OFI score -0.110 (sell-side); trigger flow multiplier 1.85x; break 0.059% below zone
2026-03-30,BTC-USDT-SWAP-LONG-1774858984000-22,LONG,confirmed,HIGH,5,2026-03-30T08:31:13+00:00,,67691.55,67784.925525,invalidated_or_expired,,LONG because absorb score 0.607 (bid absorbed sells); range compression observed; 10 defense cycles seen; zone defended for 489 s; OFI score -0.166 (WARNING: sell-side)
2026-03-30,BTC-USDT-SWAP-LONG-1774872672000-23,LONG,trigger,HIGH,7,2026-03-30T12:14:12+00:00,2026-03-30T12:23:27+00:00,67772.74667499999,67846.35,failed_triggered,True,LONG because absorb score 0.612 (bid absorbed sells); range compression observed; 117 defense cycles seen; zone defended for 180 s; OFI score 0.153 (buy-side); trigger flow multiplier 1.42x; break 0.142% above zone
2026-03-30,BTC-USDT-SWAP-LONG-1774873140000-24,LONG,trigger,HIGH,8,2026-03-30T12:22:00+00:00,2026-03-30T13:21:52+00:00,67833.016525,67900.883475,failed_triggered,False,LONG because aggressive selling pressure 0.839 (absorbed); absorb score 0.923 (bid absorbed sells); range compression observed; 182 defense cycles seen; zone defended for 180 s; OFI score 0.552 (buy-side); trigger flow multiplier 1.71x; break 0.239% above zone
2026-03-30,BTC-USDT-SWAP-SHORT-1774874303000-25,SHORT,trigger,HIGH,8,2026-03-30T12:41:23+00:00,2026-03-30T13:30:15+00:00,67802.75,67943.904975,primary_unique_reached_move,True,SHORT because aggressive buying pressure 0.784 (absorbed); absorb score 0.622 (ask absorbed buys); range compression observed; 180 defense cycles seen; zone defended for 180 s; OFI score -0.235 (sell-side); trigger flow multiplier 2.25x; break 0.070% below zone
2026-03-30,BTC-USDT-SWAP-SHORT-1774858134000-21,SHORT,trigger,HIGH,8,2026-03-30T08:28:08+00:00,2026-03-30T14:00:35+00:00,67691.55,67879.95,duplicate_reached_move,False,SHORT because aggressive buying pressure 0.613 (absorbed); absorb score 0.675 (ask absorbed buys); range compression observed; 60 defense cycles seen; zone defended for 1154 s; OFI score 0.112 (WARNING: buy-side); trigger flow multiplier 1.40x; break 0.168% below zone
2026-03-30,BTC-USDT-SWAP-LONG-1774878475000-26,LONG,confirmed,HIGH,6,2026-03-30T13:53:10+00:00,,67585.05,67787.126625,invalidated_or_expired,,LONG because aggressive selling pressure 0.603 (absorbed); absorb score 0.663 (bid absorbed sells); range compression observed; 24 defense cycles seen; zone defended for 315 s; OFI score -0.086 (WARNING: sell-side)
2026-03-30,BTC-USDT-SWAP-LONG-1774882904000-27,LONG,confirmed,HIGH,5,2026-03-30T15:05:00+00:00,,67713.35,67794.95,invalidated_or_expired,,LONG because absorb score 0.609 (bid absorbed sells); range compression observed; 93 defense cycles seen; zone defended for 196 s; OFI score -0.166 (WARNING: sell-side)
2026-03-30,BTC-USDT-SWAP-SHORT-1774891237000-28,SHORT,trigger,HIGH,6,2026-03-30T17:35:27+00:00,2026-03-30T18:23:49+00:00,66634.25,67137.201825,failed_triggered,True,SHORT because absorb score 0.619 (ask absorbed buys); range compression observed; 50 defense cycles seen; zone defended for 890 s; trigger flow multiplier 2.23x; break 0.051% below zone
2026-03-30,BTC-USDT-SWAP-SHORT-1774897033000-31,SHORT,trigger,HIGH,8,2026-03-30T19:03:38+00:00,2026-03-30T19:06:34+00:00,66524.45,66648.15,failed_triggered,False,SHORT because aggressive buying pressure 0.627 (absorbed); absorb score 0.689 (ask absorbed buys); range compression observed; 6 defense cycles seen; zone defended for 385 s; OFI score -0.058 (sell-side); trigger flow multiplier 1.40x; break 0.067% below zone
2026-03-30,BTC-USDT-SWAP-SHORT-1774896600000-30,SHORT,trigger,HIGH,7,2026-03-30T18:57:13+00:00,2026-03-30T19:06:42+00:00,66483.05,66647.557125,failed_triggered,False,SHORT because absorb score 0.615 (ask absorbed buys); range compression observed; 7 defense cycles seen; zone defended for 433 s; OFI score -0.089 (sell-side); trigger flow multiplier 2.81x; break 0.054% below zone
2026-03-30,BTC-USDT-SWAP-LONG-1774891865000-29,LONG,confirmed,HIGH,6,2026-03-30T17:53:21+00:00,,66740.95,66956.45,invalidated_or_expired,,LONG because aggressive selling pressure 0.613 (absorbed); absorb score 0.675 (bid absorbed sells); range compression observed; 79 defense cycles seen; zone defended for 1336 s; OFI score 0.401 (buy-side)
2026-03-30,BTC-USDT-SWAP-SHORT-1774898653000-35,SHORT,confirmed,HIGH,5,2026-03-30T19:27:13+00:00,,66211.45,66346.55,invalidated_or_expired,,SHORT because absorb score 0.644 (ask absorbed buys); range compression observed; 70 defense cycles seen; zone defended for 180 s; OFI score -0.269 (sell-side)
2026-03-30,BTC-USDT-SWAP-LONG-1774900481000-36,LONG,trigger,HIGH,7,2026-03-30T20:04:18+00:00,2026-03-30T21:11:06+00:00,66434.915925,66576.95,failed_triggered,False,LONG because absorb score 0.613 (bid absorbed sells); range compression observed; 12 defense cycles seen; zone defended for 577 s; OFI score -0.267 (WARNING: sell-side); trigger flow multiplier 1.44x; break 0.179% above zone
2026-03-30,BTC-USDT-SWAP-SHORT-1774898345000-34,SHORT,confirmed,MID,4,2026-03-30T19:24:13+00:00,,66290.05,66418.24252500001,invalidated_or_expired,,SHORT because absorb score 0.608 (ask absorbed buys); range compression observed; 84 defense cycles seen; zone defended for 308 s
2026-03-30,BTC-USDT-SWAP-LONG-1774906773000-38,LONG,confirmed,HIGH,5,2026-03-30T21:50:48+00:00,,66822.35,66949.85,invalidated_or_expired,,LONG because absorb score 0.608 (bid absorbed sells); range compression observed; 79 defense cycles seen; zone defended for 675 s; OFI score 0.113 (buy-side)
2026-03-30,BTC-USDT-SWAP-LONG-1774898021000-32,LONG,confirmed,HIGH,5,2026-03-30T19:40:06+00:00,,66211.45,66963.25,no_trigger,,LONG because absorb score 0.617 (bid absorbed sells); range compression observed; 87 defense cycles seen; zone defended for 1585 s; OFI score 0.274 (buy-side)
2026-03-30,BTC-USDT-SWAP-LONG-1774898078000-33,LONG,confirmed,HIGH,5,2026-03-30T19:40:06+00:00,,66211.45,66963.25,no_trigger,,LONG because absorb score 0.619 (bid absorbed sells); range compression observed; 47 defense cycles seen; zone defended for 1528 s; OFI score 0.114 (buy-side)
2026-03-30,BTC-USDT-SWAP-SHORT-1774900746000-37,SHORT,confirmed,HIGH,6,2026-03-30T20:25:38+00:00,,66380.15,66963.25,no_trigger,,SHORT because aggressive buying pressure 0.721 (absorbed); absorb score 0.778 (ask absorbed buys); range compression observed; 15 defense cycles seen; zone defended for 1592 s; OFI score -0.216 (sell-side)
2026-03-31,BTC-USDT-SWAP-LONG-1774915354000-1,LONG,trigger,HIGH,8,2026-03-31T00:05:34+00:00,2026-03-31T00:38:04+00:00,66691.85,66795.95,primary_unique_reached_move,True,LONG because aggressive selling pressure 0.673 (absorbed); absorb score 0.618 (bid absorbed sells); range compression observed; 24 defense cycles seen; zone defended for 180 s; OFI score 0.270 (buy-side); trigger flow multiplier 1.51x; break 0.072% above zone
2026-03-31,BTC-USDT-SWAP-LONG-1774916501000-3,LONG,trigger,HIGH,8,2026-03-31T00:44:02+00:00,2026-03-31T00:45:08+00:00,66557.85,66922.05,duplicate_reached_move,False,LONG because aggressive selling pressure 0.630 (absorbed); absorb score 0.692 (bid absorbed sells); range compression observed; 44 defense cycles seen; zone defended for 1341 s; OFI score 0.088 (buy-side); trigger flow multiplier 1.43x; break 0.180% above zone
2026-03-31,BTC-USDT-SWAP-SHORT-1774916222000-2,SHORT,confirmed,HIGH,5,2026-03-31T00:32:10+00:00,,66510.05,66818.35,invalidated_or_expired,,SHORT because absorb score 0.626 (ask absorbed buys); range compression observed; 13 defense cycles seen; zone defended for 908 s; OFI score -0.062 (sell-side)
2026-03-31,BTC-USDT-SWAP-SHORT-1774917130000-4,SHORT,confirmed,HIGH,6,2026-03-31T00:36:03+00:00,,66706.679975,66836.25,invalidated_or_expired,,SHORT because aggressive buying pressure 0.724 (absorbed); absorb score 0.796 (ask absorbed buys); range compression observed; 88 defense cycles seen; zone defended for 233 s; OFI score -0.081 (sell-side)
2026-03-31,BTC-USDT-SWAP-LONG-1774917842000-5,LONG,trigger,HIGH,7,2026-03-31T01:31:44+00:00,2026-03-31T01:32:45+00:00,66814.526025,67845.95,failed_triggered,False,LONG because absorb score 0.647 (bid absorbed sells); range compression observed; 48 defense cycles seen; zone defended for 2862 s; OFI score 0.437 (buy-side); trigger flow multiplier 4.08x; break 0.093% above zone
2026-03-31,BTC-USDT-SWAP-SHORT-1774918719000-6,SHORT,confirmed,HIGH,5,2026-03-31T01:29:06+00:00,,67020.05,67845.95,invalidated_or_expired,,SHORT because absorb score 0.618 (ask absorbed buys); range compression observed; 6 defense cycles seen; zone defended for 1827 s; OFI score 0.113 (WARNING: buy-side)
2026-03-31,BTC-USDT-SWAP-SHORT-1774922015000-9,SHORT,trigger,HIGH,6,2026-03-31T01:57:17+00:00,2026-03-31T03:39:52+00:00,67874.95,68039.55,primary_unique_reached_move,False,SHORT because absorb score 0.616 (ask absorbed buys); range compression observed; 46 defense cycles seen; zone defended for 222 s; trigger flow multiplier 1.41x; break 0.321% below zone
2026-03-31,BTC-USDT-SWAP-SHORT-1774928879000-10,SHORT,trigger,HIGH,6,2026-03-31T04:25:16+00:00,2026-03-31T04:28:28+00:00,67560.45,67840.85,duplicate_reached_move,False,SHORT because absorb score 0.635 (ask absorbed buys); range compression observed; 37 defense cycles seen; zone defended for 2237 s; trigger flow multiplier 3.05x; break 0.065% below zone
2026-03-31,BTC-USDT-SWAP-LONG-1774920704000-8,LONG,confirmed,HIGH,5,2026-03-31T01:48:24+00:00,,67752.85,68387.95,invalidated_or_expired,,LONG because absorb score 0.640 (bid absorbed sells); range compression observed; 32 defense cycles seen; zone defended for 1000 s; OFI score 0.224 (buy-side)
2026-03-31,BTC-USDT-SWAP-SHORT-1774933202000-11,SHORT,trigger,HIGH,7,2026-03-31T05:08:36+00:00,2026-03-31T05:14:36+00:00,67423.95,67598.95,duplicate_reached_move,False,SHORT because absorb score 0.620 (ask absorbed buys); range compression observed; 127 defense cycles seen; zone defended for 514 s; OFI score 0.129 (WARNING: buy-side); trigger flow multiplier 1.40x; break 0.054% below zone
2026-03-31,BTC-USDT-SWAP-SHORT-1774933245000-12,SHORT,trigger,HIGH,7,2026-03-31T05:08:36+00:00,2026-03-31T05:16:07+00:00,67423.95,67598.95,duplicate_reached_move,False,SHORT because absorb score 0.622 (ask absorbed buys); range compression observed; 84 defense cycles seen; zone defended for 471 s; OFI score -0.151 (sell-side); trigger flow multiplier 1.43x; break 0.050% below zone
2026-03-31,BTC-USDT-SWAP-SHORT-1774938806000-13,SHORT,trigger,HIGH,7,2026-03-31T06:38:54+00:00,2026-03-31T07:11:56+00:00,67330.15,67434.55042500001,failed_triggered,True,SHORT because absorb score 0.625 (ask absorbed buys); range compression observed; 73 defense cycles seen; zone defended for 328 s; OFI score 0.060 (WARNING: buy-side); trigger flow multiplier 1.62x; break 0.082% below zone
2026-03-31,BTC-USDT-SWAP-SHORT-1774943101000-15,SHORT,trigger,HIGH,8,2026-03-31T07:50:44+00:00,2026-03-31T08:02:17+00:00,67268.099125,67414.95,failed_triggered,False,SHORT because aggressive buying pressure 0.697 (absorbed); absorb score 0.674 (ask absorbed buys); range compression observed; 21 defense cycles seen; zone defended for 343 s; OFI score 0.094 (WARNING: buy-side); trigger flow multiplier 1.85x; break 0.079% below zone
2026-03-31,BTC-USDT-SWAP-SHORT-1774942358000-14,SHORT,trigger,HIGH,7,2026-03-31T07:45:01+00:00,2026-03-31T08:34:45+00:00,67188.75,67349.95,failed_triggered,False,SHORT because aggressive buying pressure 0.606 (absorbed); absorb score 0.666 (ask absorbed buys); range compression observed; 56 defense cycles seen; zone defended for 743 s; trigger flow multiplier 1.47x; break 0.108% below zone
2026-03-31,BTC-USDT-SWAP-SHORT-1774920546000-7,SHORT,trigger,HIGH,7,2026-03-31T01:53:35+00:00,2026-03-31T08:42:10+00:00,67686.989575,68387.95,failed_triggered,False,SHORT because absorb score 0.625 (ask absorbed buys); range compression observed; 72 defense cycles seen; zone defended for 1469 s; OFI score 0.203 (WARNING: buy-side); trigger flow multiplier 1.44x; break 1.261% below zone
2026-03-31,BTC-USDT-SWAP-SHORT-1774947138000-18,SHORT,trigger,HIGH,8,2026-03-31T09:08:09+00:00,2026-03-31T09:15:07+00:00,66672.95,66902.35,failed_triggered,False,SHORT because aggressive buying pressure 0.657 (absorbed); absorb score 0.723 (ask absorbed buys); range compression observed; 54 defense cycles seen; zone defended for 951 s; OFI score -0.295 (sell-side); trigger flow multiplier 1.40x; break 0.051% below zone
2026-03-31,BTC-USDT-SWAP-SHORT-1774946279000-16,SHORT,trigger,HIGH,7,2026-03-31T08:52:18+00:00,2026-03-31T09:15:09+00:00,66660.05,67183.524975,failed_triggered,False,SHORT because absorb score 0.605 (ask absorbed buys); range compression observed; 64 defense cycles seen; zone defended for 859 s; OFI score 0.289 (WARNING: buy-side); trigger flow multiplier 1.66x; break 0.053% below zone
2026-03-31,BTC-USDT-SWAP-SHORT-1774946349000-17,SHORT,trigger,HIGH,7,2026-03-31T08:52:18+00:00,2026-03-31T09:15:09+00:00,66660.05,67121.594025,failed_triggered,False,SHORT because absorb score 0.617 (ask absorbed buys); range compression observed; 4 defense cycles seen; zone defended for 789 s; OFI score -0.107 (sell-side); trigger flow multiplier 1.60x; break 0.053% below zone
2026-03-31,BTC-USDT-SWAP-SHORT-1774948614000-19,SHORT,trigger,HIGH,7,2026-03-31T09:31:32+00:00,2026-03-31T09:55:38+00:00,66318.35,66647.156925,failed_triggered,False,SHORT because absorb score 0.621 (ask absorbed buys); range compression observed; 34 defense cycles seen; zone defended for 878 s; OFI score -0.106 (sell-side); trigger flow multiplier 2.17x; break 0.263% below zone
2026-03-31,BTC-USDT-SWAP-SHORT-1774948669000-20,SHORT,trigger,HIGH,7,2026-03-31T09:31:32+00:00,2026-03-31T09:55:38+00:00,66318.35,66589.42807499999,failed_triggered,False,SHORT because absorb score 0.608 (ask absorbed buys); range compression observed; 13 defense cycles seen; zone defended for 823 s; OFI score -0.109 (sell-side); trigger flow multiplier 2.08x; break 0.263% below zone
2026-03-31,BTC-USDT-SWAP-LONG-1774948954000-21,LONG,confirmed,HIGH,6,2026-03-31T09:52:43+00:00,,66317.55,66587.15,invalidated_or_expired,,LONG because aggressive selling pressure 0.615 (absorbed); absorb score 0.606 (bid absorbed sells); range compression observed; 8 defense cycles seen; zone defended for 1809 s; OFI score -0.097 (WARNING: sell-side)
2026-03-31,BTC-USDT-SWAP-SHORT-1774951968000-23,SHORT,trigger,HIGH,7,2026-03-31T10:19:46+00:00,2026-03-31T10:42:25+00:00,66249.70857500001,66432.85,failed_triggered,False,SHORT because aggressive buying pressure 0.616 (absorbed); absorb score 0.615 (ask absorbed buys); range compression observed; 5 defense cycles seen; zone defended for 418 s; trigger flow multiplier 1.90x; break 0.061% below zone
2026-03-31,BTC-USDT-SWAP-LONG-1774950763000-22,LONG,trigger,HIGH,7,2026-03-31T10:22:55+00:00,2026-03-31T11:14:53+00:00,65949.65,66432.85,primary_unique_reached_move,True,LONG because aggressive selling pressure 0.634 (absorbed); absorb score 0.694 (bid absorbed sells); range compression observed; 44 defense cycles seen; zone defended for 1812 s; trigger flow multiplier 3.29x; break 0.127% above zone
2026-03-31,BTC-USDT-SWAP-LONG-1774977794000-24,LONG,confirmed,HIGH,5,2026-03-31T17:32:23+00:00,,67901.95,68378.45,invalidated_or_expired,,LONG because aggressive selling pressure 0.603 (absorbed); absorb score 0.663 (bid absorbed sells); range compression observed; 34 defense cycles seen; zone defended for 549 s
2026-03-31,BTC-USDT-SWAP-LONG-1774983035000-25,LONG,trigger,HIGH,7,2026-03-31T18:54:19+00:00,2026-03-31T20:07:38+00:00,67745.55,67898.282175,failed_triggered,False,LONG because absorb score 0.613 (bid absorbed sells); range compression observed; 41 defense cycles seen; zone defended for 224 s; OFI score 0.262 (buy-side); trigger flow multiplier 1.53x; break 0.131% above zone
2026-03-31,BTC-USDT-SWAP-LONG-1774984071000-26,LONG,trigger,HIGH,7,2026-03-31T19:13:13+00:00,2026-03-31T20:07:43+00:00,67812.15,67989.65,failed_triggered,False,LONG because absorb score 0.627 (bid absorbed sells); range compression observed; 36 defense cycles seen; zone defended for 322 s; OFI score 0.433 (buy-side); trigger flow multiplier 3.04x; break 0.059% above zone
2026-03-31,BTC-USDT-SWAP-LONG-1774988188000-27,LONG,trigger,HIGH,7,2026-03-31T20:26:57+00:00,2026-03-31T20:52:01+00:00,67904.75,68110.288125,failed_triggered,False,LONG because absorb score 0.633 (bid absorbed sells); range compression observed; 22 defense cycles seen; zone defended for 629 s; OFI score -0.220 (WARNING: sell-side); trigger flow multiplier 1.44x; break 0.054% above zone
2026-03-31,BTC-USDT-SWAP-LONG-1774990827000-28,LONG,trigger,HIGH,7,2026-03-31T21:06:45+00:00,2026-03-31T21:52:57+00:00,67980.15,68217.341625,failed_triggered,True,LONG because absorb score 0.605 (bid absorbed sells); range compression observed; 26 defense cycles seen; zone defended for 378 s; OFI score -0.280 (WARNING: sell-side); trigger flow multiplier 1.53x; break 0.155% above zone
